stream,case_id,domain,variant,label_dirty,policy,routed,router_probability,calls,latency_sec,initial_errors,final_errors,error_reduction,clean_fact_preservation,overrepair_rate,triple_precision,triple_recall,triple_f1,exact_match
natural_extraction,environment-08f31c70d080,environment,clean,0,Learned router,0,1.1341474602271842e-05,0.0,0.0,0.0,0.0,1.0,1.0,0.0,1.0,1.0,1.0,1.0
natural_extraction,environment-08f31c70d080,environment,clean,0,Heuristic violations,0,1.1341474602271842e-05,0.0,0.0,0.0,0.0,1.0,1.0,0.0,1.0,1.0,1.0,1.0
natural_extraction,environment-08f31c70d080,environment,clean,0,Quality threshold,0,1.1341474602271842e-05,0.0,0.0,0.0,0.0,1.0,1.0,0.0,1.0,1.0,1.0,1.0
natural_extraction,environment-08f31c70d080,environment,clean,0,Random 50%,0,1.1341474602271842e-05,0.0,0.0,0.0,0.0,1.0,1.0,0.0,1.0,1.0,1.0,1.0
natural_extraction,environment-08f31c70d080,environment,clean,0,Always repair,1,1.1341474602271842e-05,1.0,11.797219407744706,0.0,0.0,1.0,1.0,0.0,1.0,1.0,1.0,1.0
natural_extraction,environment-08f31c70d080,environment,clean,0,Never repair,0,1.1341474602271842e-05,0.0,0.0,0.0,0.0,1.0,1.0,0.0,1.0,1.0,1.0,1.0
natural_extraction,environment-08f31c70d080,environment,dirty,0,Learned router,0,1.1341474602271842e-05,0.0,0.0,0.0,0.0,1.0,1.0,0.0,1.0,1.0,1.0,1.0
natural_extraction,environment-08f31c70d080,environment,dirty,0,Heuristic violations,0,1.1341474602271842e-05,0.0,0.0,0.0,0.0,1.0,1.0,0.0,1.0,1.0,1.0,1.0
natural_extraction,environment-08f31c70d080,environment,dirty,0,Quality threshold,0,1.1341474602271842e-05,0.0,0.0,0.0,0.0,1.0,1.0,0.0,1.0,1.0,1.0,1.0
natural_extraction,environment-08f31c70d080,environment,dirty,0,Random 50%,1,1.1341474602271842e-05,1.0,11.664766384288669,0.0,0.0,1.0,1.0,0.0,1.0,1.0,1.0,1.0
natural_extraction,environment-08f31c70d080,environment,dirty,0,Always repair,1,1.1341474602271842e-05,1.0,11.664766384288669,0.0,0.0,1.0,1.0,0.0,1.0,1.0,1.0,1.0
natural_extraction,environment-08f31c70d080,environment,dirty,0,Never repair,0,1.1341474602271842e-05,0.0,0.0,0.0,0.0,1.0,1.0,0.0,1.0,1.0,1.0,1.0
natural_extraction,environment-0c6bdf88582b,environment,clean,0,Learned router,0,1.1341474602271842e-05,0.0,0.0,0.0,0.0,1.0,1.0,0.0,1.0,1.0,1.0,1.0
natural_extraction,environment-0c6bdf88582b,environment,clean,0,Heuristic violations,0,1.1341474602271842e-05,0.0,0.0,0.0,0.0,1.0,1.0,0.0,1.0,1.0,1.0,1.0
natural_extraction,environment-0c6bdf88582b,environment,clean,0,Quality threshold,0,1.1341474602271842e-05,0.0,0.0,0.0,0.0,1.0,1.0,0.0,1.0,1.0,1.0,1.0
natural_extraction,environment-0c6bdf88582b,environment,clean,0,Random 50%,1,1.1341474602271842e-05,1.0,11.872114495374262,0.0,0.0,1.0,1.0,0.0,1.0,1.0,1.0,1.0
natural_extraction,environment-0c6bdf88582b,environment,clean,0,Always repair,1,1.1341474602271842e-05,1.0,11.872114495374262,0.0,0.0,1.0,1.0,0.0,1.0,1.0,1.0,1.0
natural_extraction,environment-0c6bdf88582b,environment,clean,0,Never repair,0,1.1341474602271842e-05,0.0,0.0,0.0,0.0,1.0,1.0,0.0,1.0,1.0,1.0,1.0
natural_extraction,environment-0c6bdf88582b,environment,dirty,1,Learned router,1,0.7810530152127727,1.0,10.78370648715645,1.0,0.0,1.0,1.0,0.0,1.0,1.0,1.0,1.0
natural_extraction,environment-0c6bdf88582b,environment,dirty,1,Heuristic violations,1,0.7810530152127727,1.0,10.78370648715645,1.0,0.0,1.0,1.0,0.0,1.0,1.0,1.0,1.0
natural_extraction,environment-0c6bdf88582b,environment,dirty,1,Quality threshold,1,0.7810530152127727,1.0,10.78370648715645,1.0,0.0,1.0,1.0,0.0,1.0,1.0,1.0,1.0
natural_extraction,environment-0c6bdf88582b,environment,dirty,1,Random 50%,1,0.7810530152127727,1.0,10.78370648715645,1.0,0.0,1.0,1.0,0.0,1.0,1.0,1.0,1.0
natural_extraction,environment-0c6bdf88582b,environment,dirty,1,Always repair,1,0.7810530152127727,1.0,10.78370648715645,1.0,0.0,1.0,1.0,0.0,1.0,1.0,1.0,1.0
natural_extraction,environment-0c6bdf88582b,environment,dirty,1,Never repair,0,0.7810530152127727,0.0,0.0,1.0,1.0,0.0,1.0,0.0,1.0,0.8571428571428571,0.923076923076923,0.0
natural_extraction,environment-0cc2a07302ce,environment,clean,0,Learned router,0,1.1341474602271842e-05,0.0,0.0,0.0,0.0,1.0,1.0,0.0,1.0,1.0,1.0,1.0
natural_extraction,environment-0cc2a07302ce,environment,clean,0,Heuristic violations,0,1.1341474602271842e-05,0.0,0.0,0.0,0.0,1.0,1.0,0.0,1.0,1.0,1.0,1.0
natural_extraction,environment-0cc2a07302ce,environment,clean,0,Quality threshold,0,1.1341474602271842e-05,0.0,0.0,0.0,0.0,1.0,1.0,0.0,1.0,1.0,1.0,1.0
natural_extraction,environment-0cc2a07302ce,environment,clean,0,Random 50%,0,1.1341474602271842e-05,0.0,0.0,0.0,0.0,1.0,1.0,0.0,1.0,1.0,1.0,1.0
natural_extraction,environment-0cc2a07302ce,environment,clean,0,Always repair,1,1.1341474602271842e-05,1.0,18.61263367254287,0.0,0.0,1.0,1.0,0.0,1.0,1.0,1.0,1.0
natural_extraction,environment-0cc2a07302ce,environment,clean,0,Never repair,0,1.1341474602271842e-05,0.0,0.0,0.0,0.0,1.0,1.0,0.0,1.0,1.0,1.0,1.0
natural_extraction,environment-0cc2a07302ce,environment,dirty,0,Learned router,0,1.1341474602271842e-05,0.0,0.0,0.0,0.0,1.0,1.0,0.0,1.0,1.0,1.0,1.0
natural_extraction,environment-0cc2a07302ce,environment,dirty,0,Heuristic violations,0,1.1341474602271842e-05,0.0,0.0,0.0,0.0,1.0,1.0,0.0,1.0,1.0,1.0,1.0
natural_extraction,environment-0cc2a07302ce,environment,dirty,0,Quality threshold,0,1.1341474602271842e-05,0.0,0.0,0.0,0.0,1.0,1.0,0.0,1.0,1.0,1.0,1.0
natural_extraction,environment-0cc2a07302ce,environment,dirty,0,Random 50%,0,1.1341474602271842e-05,0.0,0.0,0.0,0.0,1.0,1.0,0.0,1.0,1.0,1.0,1.0
natural_extraction,environment-0cc2a07302ce,environment,dirty,0,Always repair,1,1.1341474602271842e-05,1.0,16.40023333579302,0.0,0.0,1.0,1.0,0.0,1.0,1.0,1.0,1.0
natural_extraction,environment-0cc2a07302ce,environment,dirty,0,Never repair,0,1.1341474602271842e-05,0.0,0.0,0.0,0.0,1.0,1.0,0.0,1.0,1.0,1.0,1.0
natural_extraction,environment-114d47ef5968,environment,clean,0,Learned router,0,1.1341474602271842e-05,0.0,0.0,0.0,0.0,1.0,1.0,0.0,1.0,1.0,1.0,1.0
natural_extraction,environment-114d47ef5968,environment,clean,0,Heuristic violations,0,1.1341474602271842e-05,0.0,0.0,0.0,0.0,1.0,1.0,0.0,1.0,1.0,1.0,1.0
natural_extraction,environment-114d47ef5968,environment,clean,0,Quality threshold,0,1.1341474602271842e-05,0.0,0.0,0.0,0.0,1.0,1.0,0.0,1.0,1.0,1.0,1.0
natural_extraction,environment-114d47ef5968,environment,clean,0,Random 50%,0,1.1341474602271842e-05,0.0,0.0,0.0,0.0,1.0,1.0,0.0,1.0,1.0,1.0,1.0
natural_extraction,environment-114d47ef5968,environment,clean,0,Always repair,1,1.1341474602271842e-05,1.0,5.301071765832603,0.0,0.0,1.0,1.0,0.0,1.0,1.0,1.0,1.0
natural_extraction,environment-114d47ef5968,environment,clean,0,Never repair,0,1.1341474602271842e-05,0.0,0.0,0.0,0.0,1.0,1.0,0.0,1.0,1.0,1.0,1.0
natural_extraction,environment-114d47ef5968,environment,dirty,0,Learned router,0,1.1341474602271842e-05,0.0,0.0,0.0,0.0,1.0,1.0,0.0,1.0,1.0,1.0,1.0
natural_extraction,environment-114d47ef5968,environment,dirty,0,Heuristic violations,0,1.1341474602271842e-05,0.0,0.0,0.0,0.0,1.0,1.0,0.0,1.0,1.0,1.0,1.0
natural_extraction,environment-114d47ef5968,environment,dirty,0,Quality threshold,0,1.1341474602271842e-05,0.0,0.0,0.0,0.0,1.0,1.0,0.0,1.0,1.0,1.0,1.0
natural_extraction,environment-114d47ef5968,environment,dirty,0,Random 50%,1,1.1341474602271842e-05,1.0,13.7276754938066,0.0,0.0,1.0,1.0,0.0,1.0,1.0,1.0,1.0
natural_extraction,environment-114d47ef5968,environment,dirty,0,Always repair,1,1.1341474602271842e-05,1.0,13.7276754938066,0.0,0.0,1.0,1.0,0.0,1.0,1.0,1.0,1.0
natural_extraction,environment-114d47ef5968,environment,dirty,0,Never repair,0,1.1341474602271842e-05,0.0,0.0,0.0,0.0,1.0,1.0,0.0,1.0,1.0,1.0,1.0
natural_extraction,environment-131aae4a913e,environment,clean,0,Learned router,0,1.1341474602271842e-05,0.0,0.0,0.0,0.0,1.0,1.0,0.0,1.0,1.0,1.0,1.0
natural_extraction,environment-131aae4a913e,environment,clean,0,Heuristic violations,0,1.1341474602271842e-05,0.0,0.0,0.0,0.0,1.0,1.0,0.0,1.0,1.0,1.0,1.0
natural_extraction,environment-131aae4a913e,environment,clean,0,Quality threshold,0,1.1341474602271842e-05,0.0,0.0,0.0,0.0,1.0,1.0,0.0,1.0,1.0,1.0,1.0
natural_extraction,environment-131aae4a913e,environment,clean,0,Random 50%,1,1.1341474602271842e-05,1.0,6.43468018528074,0.0,0.0,1.0,1.0,0.0,1.0,1.0,1.0,1.0
natural_extraction,environment-131aae4a913e,environment,clean,0,Always repair,1,1.1341474602271842e-05,1.0,6.43468018528074,0.0,0.0,1.0,1.0,0.0,1.0,1.0,1.0,1.0
natural_extraction,environment-131aae4a913e,environment,clean,0,Never repair,0,1.1341474602271842e-05,0.0,0.0,0.0,0.0,1.0,1.0,0.0,1.0,1.0,1.0,1.0
natural_extraction,environment-131aae4a913e,environment,dirty,0,Learned router,0,1.1341474602271842e-05,0.0,0.0,0.0,0.0,1.0,1.0,0.0,1.0,1.0,1.0,1.0
natural_extraction,environment-131aae4a913e,environment,dirty,0,Heuristic violations,0,1.1341474602271842e-05,0.0,0.0,0.0,0.0,1.0,1.0,0.0,1.0,1.0,1.0,1.0
natural_extraction,environment-131aae4a913e,environment,dirty,0,Quality threshold,0,1.1341474602271842e-05,0.0,0.0,0.0,0.0,1.0,1.0,0.0,1.0,1.0,1.0,1.0
natural_extraction,environment-131aae4a913e,environment,dirty,0,Random 50%,1,1.1341474602271842e-05,1.0,5.313496640883386,0.0,0.0,1.0,1.0,0.0,1.0,1.0,1.0,1.0
natural_extraction,environment-131aae4a913e,environment,dirty,0,Always repair,1,1.1341474602271842e-05,1.0,5.313496640883386,0.0,0.0,1.0,1.0,0.0,1.0,1.0,1.0,1.0
natural_extraction,environment-131aae4a913e,environment,dirty,0,Never repair,0,1.1341474602271842e-05,0.0,0.0,0.0,0.0,1.0,1.0,0.0,1.0,1.0,1.0,1.0
natural_extraction,environment-1c5352baae54,environment,clean,0,Learned router,0,1.1341474602271842e-05,0.0,0.0,0.0,0.0,1.0,1.0,0.0,1.0,1.0,1.0,1.0
natural_extraction,environment-1c5352baae54,environment,clean,0,Heuristic violations,0,1.1341474602271842e-05,0.0,0.0,0.0,0.0,1.0,1.0,0.0,1.0,1.0,1.0,1.0
natural_extraction,environment-1c5352baae54,environment,clean,0,Quality threshold,0,1.1341474602271842e-05,0.0,0.0,0.0,0.0,1.0,1.0,0.0,1.0,1.0,1.0,1.0
natural_extraction,environment-1c5352baae54,environment,clean,0,Random 50%,1,1.1341474602271842e-05,1.0,5.531617548316717,0.0,0.0,1.0,1.0,0.0,1.0,1.0,1.0,1.0
natural_extraction,environment-1c5352baae54,environment,clean,0,Always repair,1,1.1341474602271842e-05,1.0,5.531617548316717,0.0,0.0,1.0,1.0,0.0,1.0,1.0,1.0,1.0
natural_extraction,environment-1c5352baae54,environment,clean,0,Never repair,0,1.1341474602271842e-05,0.0,0.0,0.0,0.0,1.0,1.0,0.0,1.0,1.0,1.0,1.0
natural_extraction,environment-1c5352baae54,environment,dirty,0,Learned router,0,1.1341474602271842e-05,0.0,0.0,0.0,0.0,1.0,1.0,0.0,1.0,1.0,1.0,1.0
natural_extraction,environment-1c5352baae54,environment,dirty,0,Heuristic violations,0,1.1341474602271842e-05,0.0,0.0,0.0,0.0,1.0,1.0,0.0,1.0,1.0,1.0,1.0
natural_extraction,environment-1c5352baae54,environment,dirty,0,Quality threshold,0,1.1341474602271842e-05,0.0,0.0,0.0,0.0,1.0,1.0,0.0,1.0,1.0,1.0,1.0
natural_extraction,environment-1c5352baae54,environment,dirty,0,Random 50%,0,1.1341474602271842e-05,0.0,0.0,0.0,0.0,1.0,1.0,0.0,1.0,1.0,1.0,1.0
natural_extraction,environment-1c5352baae54,environment,dirty,0,Always repair,1,1.1341474602271842e-05,1.0,13.782285739667714,0.0,0.0,1.0,1.0,0.0,1.0,1.0,1.0,1.0
natural_extraction,environment-1c5352baae54,environment,dirty,0,Never repair,0,1.1341474602271842e-05,0.0,0.0,0.0,0.0,1.0,1.0,0.0,1.0,1.0,1.0,1.0
natural_extraction,environment-1c5e4f114bd3,environment,clean,0,Learned router,0,1.1341474602271842e-05,0.0,0.0,0.0,0.0,1.0,1.0,0.0,1.0,1.0,1.0,1.0
natural_extraction,environment-1c5e4f114bd3,environment,clean,0,Heuristic violations,0,1.1341474602271842e-05,0.0,0.0,0.0,0.0,1.0,1.0,0.0,1.0,1.0,1.0,1.0
natural_extraction,environment-1c5e4f114bd3,environment,clean,0,Quality threshold,0,1.1341474602271842e-05,0.0,0.0,0.0,0.0,1.0,1.0,0.0,1.0,1.0,1.0,1.0
natural_extraction,environment-1c5e4f114bd3,environment,clean,0,Random 50%,1,1.1341474602271842e-05,1.0,7.144708095118403,0.0,0.0,1.0,1.0,0.0,1.0,1.0,1.0,1.0
natural_extraction,environment-1c5e4f114bd3,environment,clean,0,Always repair,1,1.1341474602271842e-05,1.0,7.144708095118403,0.0,0.0,1.0,1.0,0.0,1.0,1.0,1.0,1.0
natural_extraction,environment-1c5e4f114bd3,environment,clean,0,Never repair,0,1.1341474602271842e-05,0.0,0.0,0.0,0.0,1.0,1.0,0.0,1.0,1.0,1.0,1.0
natural_extraction,environment-1c5e4f114bd3,environment,dirty,0,Learned router,0,1.1341474602271842e-05,0.0,0.0,0.0,0.0,1.0,1.0,0.0,1.0,1.0,1.0,1.0
natural_extraction,environment-1c5e4f114bd3,environment,dirty,0,Heuristic violations,0,1.1341474602271842e-05,0.0,0.0,0.0,0.0,1.0,1.0,0.0,1.0,1.0,1.0,1.0
natural_extraction,environment-1c5e4f114bd3,environment,dirty,0,Quality threshold,0,1.1341474602271842e-05,0.0,0.0,0.0,0.0,1.0,1.0,0.0,1.0,1.0,1.0,1.0
natural_extraction,environment-1c5e4f114bd3,environment,dirty,0,Random 50%,1,1.1341474602271842e-05,1.0,6.76057409401983,0.0,0.0,1.0,1.0,0.0,1.0,1.0,1.0,1.0
natural_extraction,environment-1c5e4f114bd3,environment,dirty,0,Always repair,1,1.1341474602271842e-05,1.0,6.76057409401983,0.0,0.0,1.0,1.0,0.0,1.0,1.0,1.0,1.0
natural_extraction,environment-1c5e4f114bd3,environment,dirty,0,Never repair,0,1.1341474602271842e-05,0.0,0.0,0.0,0.0,1.0,1.0,0.0,1.0,1.0,1.0,1.0
natural_extraction,environment-243394657c39,environment,clean,0,Learned router,0,1.1341474602271842e-05,0.0,0.0,0.0,0.0,1.0,1.0,0.0,1.0,1.0,1.0,1.0
natural_extraction,environment-243394657c39,environment,clean,0,Heuristic violations,0,1.1341474602271842e-05,0.0,0.0,0.0,0.0,1.0,1.0,0.0,1.0,1.0,1.0,1.0
natural_extraction,environment-243394657c39,environment,clean,0,Quality threshold,0,1.1341474602271842e-05,0.0,0.0,0.0,0.0,1.0,1.0,0.0,1.0,1.0,1.0,1.0
natural_extraction,environment-243394657c39,environment,clean,0,Random 50%,0,1.1341474602271842e-05,0.0,0.0,0.0,0.0,1.0,1.0,0.0,1.0,1.0,1.0,1.0
natural_extraction,environment-243394657c39,environment,clean,0,Always repair,1,1.1341474602271842e-05,1.0,6.680261680856347,0.0,0.0,1.0,1.0,0.0,1.0,1.0,1.0,1.0
natural_extraction,environment-243394657c39,environment,clean,0,Never repair,0,1.1341474602271842e-05,0.0,0.0,0.0,0.0,1.0,1.0,0.0,1.0,1.0,1.0,1.0
natural_extraction,environment-243394657c39,environment,dirty,0,Learned router,0,1.1341474602271842e-05,0.0,0.0,0.0,0.0,1.0,1.0,0.0,1.0,1.0,1.0,1.0
natural_extraction,environment-243394657c39,environment,dirty,0,Heuristic violations,0,1.1341474602271842e-05,0.0,0.0,0.0,0.0,1.0,1.0,0.0,1.0,1.0,1.0,1.0
natural_extraction,environment-243394657c39,environment,dirty,0,Quality threshold,0,1.1341474602271842e-05,0.0,0.0,0.0,0.0,1.0,1.0,0.0,1.0,1.0,1.0,1.0
natural_extraction,environment-243394657c39,environment,dirty,0,Random 50%,0,1.1341474602271842e-05,0.0,0.0,0.0,0.0,1.0,1.0,0.0,1.0,1.0,1.0,1.0
natural_extraction,environment-243394657c39,environment,dirty,0,Always repair,1,1.1341474602271842e-05,1.0,6.226158441975713,0.0,0.0,1.0,1.0,0.0,1.0,1.0,1.0,1.0
natural_extraction,environment-243394657c39,environment,dirty,0,Never repair,0,1.1341474602271842e-05,0.0,0.0,0.0,0.0,1.0,1.0,0.0,1.0,1.0,1.0,1.0
natural_extraction,environment-269d6428ec21,environment,clean,0,Learned router,0,1.1341474602271842e-05,0.0,0.0,0.0,0.0,1.0,1.0,0.0,1.0,1.0,1.0,1.0
natural_extraction,environment-269d6428ec21,environment,clean,0,Heuristic violations,0,1.1341474602271842e-05,0.0,0.0,0.0,0.0,1.0,1.0,0.0,1.0,1.0,1.0,1.0
natural_extraction,environment-269d6428ec21,environment,clean,0,Quality threshold,0,1.1341474602271842e-05,0.0,0.0,0.0,0.0,1.0,1.0,0.0,1.0,1.0,1.0,1.0
natural_extraction,environment-269d6428ec21,environment,clean,0,Random 50%,1,1.1341474602271842e-05,1.0,6.524459393694997,0.0,0.0,1.0,1.0,0.0,1.0,1.0,1.0,1.0
natural_extraction,environment-269d6428ec21,environment,clean,0,Always repair,1,1.1341474602271842e-05,1.0,6.524459393694997,0.0,0.0,1.0,1.0,0.0,1.0,1.0,1.0,1.0
natural_extraction,environment-269d6428ec21,environment,clean,0,Never repair,0,1.1341474602271842e-05,0.0,0.0,0.0,0.0,1.0,1.0,0.0,1.0,1.0,1.0,1.0
natural_extraction,environment-269d6428ec21,environment,dirty,0,Learned router,0,1.1341474602271842e-05,0.0,0.0,0.0,0.0,1.0,1.0,0.0,1.0,1.0,1.0,1.0
natural_extraction,environment-269d6428ec21,environment,dirty,0,Heuristic violations,0,1.1341474602271842e-05,0.0,0.0,0.0,0.0,1.0,1.0,0.0,1.0,1.0,1.0,1.0
natural_extraction,environment-269d6428ec21,environment,dirty,0,Quality threshold,0,1.1341474602271842e-05,0.0,0.0,0.0,0.0,1.0,1.0,0.0,1.0,1.0,1.0,1.0
natural_extraction,environment-269d6428ec21,environment,dirty,0,Random 50%,0,1.1341474602271842e-05,0.0,0.0,0.0,0.0,1.0,1.0,0.0,1.0,1.0,1.0,1.0
natural_extraction,environment-269d6428ec21,environment,dirty,0,Always repair,1,1.1341474602271842e-05,1.0,7.153289770707488,0.0,0.0,1.0,1.0,0.0,1.0,1.0,1.0,1.0
natural_extraction,environment-269d6428ec21,environment,dirty,0,Never repair,0,1.1341474602271842e-05,0.0,0.0,0.0,0.0,1.0,1.0,0.0,1.0,1.0,1.0,1.0
natural_extraction,environment-29ecdbb5e2da,environment,clean,0,Learned router,0,1.1341474602271842e-05,0.0,0.0,0.0,0.0,1.0,1.0,0.0,1.0,1.0,1.0,1.0
natural_extraction,environment-29ecdbb5e2da,environment,clean,0,Heuristic violations,0,1.1341474602271842e-05,0.0,0.0,0.0,0.0,1.0,1.0,0.0,1.0,1.0,1.0,1.0
natural_extraction,environment-29ecdbb5e2da,environment,clean,0,Quality threshold,0,1.1341474602271842e-05,0.0,0.0,0.0,0.0,1.0,1.0,0.0,1.0,1.0,1.0,1.0
natural_extraction,environment-29ecdbb5e2da,environment,clean,0,Random 50%,0,1.1341474602271842e-05,0.0,0.0,0.0,0.0,1.0,1.0,0.0,1.0,1.0,1.0,1.0
natural_extraction,environment-29ecdbb5e2da,environment,clean,0,Always repair,1,1.1341474602271842e-05,1.0,14.383852044120431,0.0,0.0,1.0,1.0,0.0,1.0,1.0,1.0,1.0
natural_extraction,environment-29ecdbb5e2da,environment,clean,0,Never repair,0,1.1341474602271842e-05,0.0,0.0,0.0,0.0,1.0,1.0,0.0,1.0,1.0,1.0,1.0
natural_extraction,environment-29ecdbb5e2da,environment,dirty,0,Learned router,0,1.1341474602271842e-05,0.0,0.0,0.0,0.0,1.0,1.0,0.0,1.0,1.0,1.0,1.0
natural_extraction,environment-29ecdbb5e2da,environment,dirty,0,Heuristic violations,0,1.1341474602271842e-05,0.0,0.0,0.0,0.0,1.0,1.0,0.0,1.0,1.0,1.0,1.0
natural_extraction,environment-29ecdbb5e2da,environment,dirty,0,Quality threshold,0,1.1341474602271842e-05,0.0,0.0,0.0,0.0,1.0,1.0,0.0,1.0,1.0,1.0,1.0
natural_extraction,environment-29ecdbb5e2da,environment,dirty,0,Random 50%,1,1.1341474602271842e-05,1.0,6.590676521882415,0.0,0.0,1.0,1.0,0.0,1.0,1.0,1.0,1.0
natural_extraction,environment-29ecdbb5e2da,environment,dirty,0,Always repair,1,1.1341474602271842e-05,1.0,6.590676521882415,0.0,0.0,1.0,1.0,0.0,1.0,1.0,1.0,1.0
natural_extraction,environment-29ecdbb5e2da,environment,dirty,0,Never repair,0,1.1341474602271842e-05,0.0,0.0,0.0,0.0,1.0,1.0,0.0,1.0,1.0,1.0,1.0
natural_extraction,environment-2fdd1fa18a3a,environment,clean,0,Learned router,0,1.1341474602271842e-05,0.0,0.0,0.0,0.0,1.0,1.0,0.0,1.0,1.0,1.0,1.0
natural_extraction,environment-2fdd1fa18a3a,environment,clean,0,Heuristic violations,0,1.1341474602271842e-05,0.0,0.0,0.0,0.0,1.0,1.0,0.0,1.0,1.0,1.0,1.0
natural_extraction,environment-2fdd1fa18a3a,environment,clean,0,Quality threshold,0,1.1341474602271842e-05,0.0,0.0,0.0,0.0,1.0,1.0,0.0,1.0,1.0,1.0,1.0
natural_extraction,environment-2fdd1fa18a3a,environment,clean,0,Random 50%,0,1.1341474602271842e-05,0.0,0.0,0.0,0.0,1.0,1.0,0.0,1.0,1.0,1.0,1.0
natural_extraction,environment-2fdd1fa18a3a,environment,clean,0,Always repair,1,1.1341474602271842e-05,1.0,6.551045500673354,0.0,0.0,1.0,1.0,0.0,1.0,1.0,1.0,1.0
natural_extraction,environment-2fdd1fa18a3a,environment,clean,0,Never repair,0,1.1341474602271842e-05,0.0,0.0,0.0,0.0,1.0,1.0,0.0,1.0,1.0,1.0,1.0
natural_extraction,environment-2fdd1fa18a3a,environment,dirty,0,Learned router,0,1.1341474602271842e-05,0.0,0.0,0.0,0.0,1.0,1.0,0.0,1.0,1.0,1.0,1.0
natural_extraction,environment-2fdd1fa18a3a,environment,dirty,0,Heuristic violations,0,1.1341474602271842e-05,0.0,0.0,0.0,0.0,1.0,1.0,0.0,1.0,1.0,1.0,1.0
natural_extraction,environment-2fdd1fa18a3a,environment,dirty,0,Quality threshold,0,1.1341474602271842e-05,0.0,0.0,0.0,0.0,1.0,1.0,0.0,1.0,1.0,1.0,1.0
natural_extraction,environment-2fdd1fa18a3a,environment,dirty,0,Random 50%,0,1.1341474602271842e-05,0.0,0.0,0.0,0.0,1.0,1.0,0.0,1.0,1.0,1.0,1.0
natural_extraction,environment-2fdd1fa18a3a,environment,dirty,0,Always repair,1,1.1341474602271842e-05,1.0,7.288402699865401,0.0,0.0,1.0,1.0,0.0,1.0,1.0,1.0,1.0
natural_extraction,environment-2fdd1fa18a3a,environment,dirty,0,Never repair,0,1.1341474602271842e-05,0.0,0.0,0.0,0.0,1.0,1.0,0.0,1.0,1.0,1.0,1.0
natural_extraction,environment-3167138e25d4,environment,clean,0,Learned router,0,1.1341474602271842e-05,0.0,0.0,0.0,0.0,1.0,1.0,0.0,1.0,1.0,1.0,1.0
natural_extraction,environment-3167138e25d4,environment,clean,0,Heuristic violations,0,1.1341474602271842e-05,0.0,0.0,0.0,0.0,1.0,1.0,0.0,1.0,1.0,1.0,1.0
natural_extraction,environment-3167138e25d4,environment,clean,0,Quality threshold,0,1.1341474602271842e-05,0.0,0.0,0.0,0.0,1.0,1.0,0.0,1.0,1.0,1.0,1.0
natural_extraction,environment-3167138e25d4,environment,clean,0,Random 50%,1,1.1341474602271842e-05,1.0,5.177362132817507,0.0,0.0,1.0,1.0,0.0,1.0,1.0,1.0,1.0
natural_extraction,environment-3167138e25d4,environment,clean,0,Always repair,1,1.1341474602271842e-05,1.0,5.177362132817507,0.0,0.0,1.0,1.0,0.0,1.0,1.0,1.0,1.0
natural_extraction,environment-3167138e25d4,environment,clean,0,Never repair,0,1.1341474602271842e-05,0.0,0.0,0.0,0.0,1.0,1.0,0.0,1.0,1.0,1.0,1.0
natural_extraction,environment-3167138e25d4,environment,dirty,0,Learned router,0,1.1341474602271842e-05,0.0,0.0,0.0,0.0,1.0,1.0,0.0,1.0,1.0,1.0,1.0
natural_extraction,environment-3167138e25d4,environment,dirty,0,Heuristic violations,0,1.1341474602271842e-05,0.0,0.0,0.0,0.0,1.0,1.0,0.0,1.0,1.0,1.0,1.0
natural_extraction,environment-3167138e25d4,environment,dirty,0,Quality threshold,0,1.1341474602271842e-05,0.0,0.0,0.0,0.0,1.0,1.0,0.0,1.0,1.0,1.0,1.0
natural_extraction,environment-3167138e25d4,environment,dirty,0,Random 50%,1,1.1341474602271842e-05,1.0,5.093806288205087,0.0,0.0,1.0,1.0,0.0,1.0,1.0,1.0,1.0
natural_extraction,environment-3167138e25d4,environment,dirty,0,Always repair,1,1.1341474602271842e-05,1.0,5.093806288205087,0.0,0.0,1.0,1.0,0.0,1.0,1.0,1.0,1.0
natural_extraction,environment-3167138e25d4,environment,dirty,0,Never repair,0,1.1341474602271842e-05,0.0,0.0,0.0,0.0,1.0,1.0,0.0,1.0,1.0,1.0,1.0
natural_extraction,environment-320f5d37ee44,environment,clean,0,Learned router,0,1.1341474602271842e-05,0.0,0.0,0.0,0.0,1.0,1.0,0.0,1.0,1.0,1.0,1.0
natural_extraction,environment-320f5d37ee44,environment,clean,0,Heuristic violations,0,1.1341474602271842e-05,0.0,0.0,0.0,0.0,1.0,1.0,0.0,1.0,1.0,1.0,1.0
natural_extraction,environment-320f5d37ee44,environment,clean,0,Quality threshold,0,1.1341474602271842e-05,0.0,0.0,0.0,0.0,1.0,1.0,0.0,1.0,1.0,1.0,1.0
natural_extraction,environment-320f5d37ee44,environment,clean,0,Random 50%,0,1.1341474602271842e-05,0.0,0.0,0.0,0.0,1.0,1.0,0.0,1.0,1.0,1.0,1.0
natural_extraction,environment-320f5d37ee44,environment,clean,0,Always repair,1,1.1341474602271842e-05,1.0,6.763878647238016,0.0,0.0,1.0,1.0,0.0,1.0,1.0,1.0,1.0
natural_extraction,environment-320f5d37ee44,environment,clean,0,Never repair,0,1.1341474602271842e-05,0.0,0.0,0.0,0.0,1.0,1.0,0.0,1.0,1.0,1.0,1.0
natural_extraction,environment-320f5d37ee44,environment,dirty,0,Learned router,0,1.1341474602271842e-05,0.0,0.0,0.0,0.0,1.0,1.0,0.0,1.0,1.0,1.0,1.0
natural_extraction,environment-320f5d37ee44,environment,dirty,0,Heuristic violations,0,1.1341474602271842e-05,0.0,0.0,0.0,0.0,1.0,1.0,0.0,1.0,1.0,1.0,1.0
natural_extraction,environment-320f5d37ee44,environment,dirty,0,Quality threshold,0,1.1341474602271842e-05,0.0,0.0,0.0,0.0,1.0,1.0,0.0,1.0,1.0,1.0,1.0
natural_extraction,environment-320f5d37ee44,environment,dirty,0,Random 50%,1,1.1341474602271842e-05,1.0,6.860354044474661,0.0,0.0,1.0,1.0,0.0,1.0,1.0,1.0,1.0
natural_extraction,environment-320f5d37ee44,environment,dirty,0,Always repair,1,1.1341474602271842e-05,1.0,6.860354044474661,0.0,0.0,1.0,1.0,0.0,1.0,1.0,1.0,1.0
natural_extraction,environment-320f5d37ee44,environment,dirty,0,Never repair,0,1.1341474602271842e-05,0.0,0.0,0.0,0.0,1.0,1.0,0.0,1.0,1.0,1.0,1.0
natural_extraction,environment-3881a05cffa1,environment,clean,0,Learned router,0,1.1341474602271842e-05,0.0,0.0,0.0,0.0,1.0,1.0,0.0,1.0,1.0,1.0,1.0
natural_extraction,environment-3881a05cffa1,environment,clean,0,Heuristic violations,0,1.1341474602271842e-05,0.0,0.0,0.0,0.0,1.0,1.0,0.0,1.0,1.0,1.0,1.0
natural_extraction,environment-3881a05cffa1,environment,clean,0,Quality threshold,0,1.1341474602271842e-05,0.0,0.0,0.0,0.0,1.0,1.0,0.0,1.0,1.0,1.0,1.0
natural_extraction,environment-3881a05cffa1,environment,clean,0,Random 50%,1,1.1341474602271842e-05,1.0,6.528674321249127,0.0,0.0,1.0,1.0,0.0,1.0,1.0,1.0,1.0
natural_extraction,environment-3881a05cffa1,environment,clean,0,Always repair,1,1.1341474602271842e-05,1.0,6.528674321249127,0.0,0.0,1.0,1.0,0.0,1.0,1.0,1.0,1.0
natural_extraction,environment-3881a05cffa1,environment,clean,0,Never repair,0,1.1341474602271842e-05,0.0,0.0,0.0,0.0,1.0,1.0,0.0,1.0,1.0,1.0,1.0
natural_extraction,environment-3881a05cffa1,environment,dirty,0,Learned router,0,1.1341474602271842e-05,0.0,0.0,0.0,0.0,1.0,1.0,0.0,1.0,1.0,1.0,1.0
natural_extraction,environment-3881a05cffa1,environment,dirty,0,Heuristic violations,0,1.1341474602271842e-05,0.0,0.0,0.0,0.0,1.0,1.0,0.0,1.0,1.0,1.0,1.0
natural_extraction,environment-3881a05cffa1,environment,dirty,0,Quality threshold,0,1.1341474602271842e-05,0.0,0.0,0.0,0.0,1.0,1.0,0.0,1.0,1.0,1.0,1.0
natural_extraction,environment-3881a05cffa1,environment,dirty,0,Random 50%,1,1.1341474602271842e-05,1.0,6.632388279773295,0.0,0.0,1.0,1.0,0.0,1.0,1.0,1.0,1.0
natural_extraction,environment-3881a05cffa1,environment,dirty,0,Always repair,1,1.1341474602271842e-05,1.0,6.632388279773295,0.0,0.0,1.0,1.0,0.0,1.0,1.0,1.0,1.0
natural_extraction,environment-3881a05cffa1,environment,dirty,0,Never repair,0,1.1341474602271842e-05,0.0,0.0,0.0,0.0,1.0,1.0,0.0,1.0,1.0,1.0,1.0
natural_extraction,environment-38fd486ef1b7,environment,clean,0,Learned router,0,1.1341474602271842e-05,0.0,0.0,0.0,0.0,1.0,1.0,0.0,1.0,1.0,1.0,1.0
natural_extraction,environment-38fd486ef1b7,environment,clean,0,Heuristic violations,0,1.1341474602271842e-05,0.0,0.0,0.0,0.0,1.0,1.0,0.0,1.0,1.0,1.0,1.0
natural_extraction,environment-38fd486ef1b7,environment,clean,0,Quality threshold,0,1.1341474602271842e-05,0.0,0.0,0.0,0.0,1.0,1.0,0.0,1.0,1.0,1.0,1.0
natural_extraction,environment-38fd486ef1b7,environment,clean,0,Random 50%,0,1.1341474602271842e-05,0.0,0.0,0.0,0.0,1.0,1.0,0.0,1.0,1.0,1.0,1.0
natural_extraction,environment-38fd486ef1b7,environment,clean,0,Always repair,1,1.1341474602271842e-05,1.0,6.0628234930336475,0.0,0.0,1.0,1.0,0.0,1.0,1.0,1.0,1.0
natural_extraction,environment-38fd486ef1b7,environment,clean,0,Never repair,0,1.1341474602271842e-05,0.0,0.0,0.0,0.0,1.0,1.0,0.0,1.0,1.0,1.0,1.0
natural_extraction,environment-38fd486ef1b7,environment,dirty,0,Learned router,0,1.1341474602271842e-05,0.0,0.0,0.0,0.0,1.0,1.0,0.0,1.0,1.0,1.0,1.0
natural_extraction,environment-38fd486ef1b7,environment,dirty,0,Heuristic violations,0,1.1341474602271842e-05,0.0,0.0,0.0,0.0,1.0,1.0,0.0,1.0,1.0,1.0,1.0
natural_extraction,environment-38fd486ef1b7,environment,dirty,0,Quality threshold,0,1.1341474602271842e-05,0.0,0.0,0.0,0.0,1.0,1.0,0.0,1.0,1.0,1.0,1.0
natural_extraction,environment-38fd486ef1b7,environment,dirty,0,Random 50%,0,1.1341474602271842e-05,0.0,0.0,0.0,0.0,1.0,1.0,0.0,1.0,1.0,1.0,1.0
natural_extraction,environment-38fd486ef1b7,environment,dirty,0,Always repair,1,1.1341474602271842e-05,1.0,5.4851061180233955,0.0,0.0,1.0,1.0,0.0,1.0,1.0,1.0,1.0
natural_extraction,environment-38fd486ef1b7,environment,dirty,0,Never repair,0,1.1341474602271842e-05,0.0,0.0,0.0,0.0,1.0,1.0,0.0,1.0,1.0,1.0,1.0
natural_extraction,environment-47f0150f2fe7,environment,clean,0,Learned router,0,1.1341474602271842e-05,0.0,0.0,0.0,0.0,1.0,1.0,0.0,1.0,1.0,1.0,1.0
natural_extraction,environment-47f0150f2fe7,environment,clean,0,Heuristic violations,0,1.1341474602271842e-05,0.0,0.0,0.0,0.0,1.0,1.0,0.0,1.0,1.0,1.0,1.0
natural_extraction,environment-47f0150f2fe7,environment,clean,0,Quality threshold,0,1.1341474602271842e-05,0.0,0.0,0.0,0.0,1.0,1.0,0.0,1.0,1.0,1.0,1.0
natural_extraction,environment-47f0150f2fe7,environment,clean,0,Random 50%,0,1.1341474602271842e-05,0.0,0.0,0.0,0.0,1.0,1.0,0.0,1.0,1.0,1.0,1.0
natural_extraction,environment-47f0150f2fe7,environment,clean,0,Always repair,1,1.1341474602271842e-05,1.0,5.938726804219186,0.0,0.0,1.0,1.0,0.0,1.0,1.0,1.0,1.0
natural_extraction,environment-47f0150f2fe7,environment,clean,0,Never repair,0,1.1341474602271842e-05,0.0,0.0,0.0,0.0,1.0,1.0,0.0,1.0,1.0,1.0,1.0
natural_extraction,environment-47f0150f2fe7,environment,dirty,0,Learned router,0,1.1341474602271842e-05,0.0,0.0,0.0,0.0,1.0,1.0,0.0,1.0,1.0,1.0,1.0
natural_extraction,environment-47f0150f2fe7,environment,dirty,0,Heuristic violations,0,1.1341474602271842e-05,0.0,0.0,0.0,0.0,1.0,1.0,0.0,1.0,1.0,1.0,1.0
natural_extraction,environment-47f0150f2fe7,environment,dirty,0,Quality threshold,0,1.1341474602271842e-05,0.0,0.0,0.0,0.0,1.0,1.0,0.0,1.0,1.0,1.0,1.0
natural_extraction,environment-47f0150f2fe7,environment,dirty,0,Random 50%,0,1.1341474602271842e-05,0.0,0.0,0.0,0.0,1.0,1.0,0.0,1.0,1.0,1.0,1.0
natural_extraction,environment-47f0150f2fe7,environment,dirty,0,Always repair,1,1.1341474602271842e-05,1.0,6.448760820552707,0.0,0.0,1.0,1.0,0.0,1.0,1.0,1.0,1.0
natural_extraction,environment-47f0150f2fe7,environment,dirty,0,Never repair,0,1.1341474602271842e-05,0.0,0.0,0.0,0.0,1.0,1.0,0.0,1.0,1.0,1.0,1.0
natural_extraction,environment-4c4fd0e3970b,environment,clean,0,Learned router,0,1.1341474602271842e-05,0.0,0.0,0.0,0.0,1.0,1.0,0.0,1.0,1.0,1.0,1.0
natural_extraction,environment-4c4fd0e3970b,environment,clean,0,Heuristic violations,0,1.1341474602271842e-05,0.0,0.0,0.0,0.0,1.0,1.0,0.0,1.0,1.0,1.0,1.0
natural_extraction,environment-4c4fd0e3970b,environment,clean,0,Quality threshold,0,1.1341474602271842e-05,0.0,0.0,0.0,0.0,1.0,1.0,0.0,1.0,1.0,1.0,1.0
natural_extraction,environment-4c4fd0e3970b,environment,clean,0,Random 50%,0,1.1341474602271842e-05,0.0,0.0,0.0,0.0,1.0,1.0,0.0,1.0,1.0,1.0,1.0
natural_extraction,environment-4c4fd0e3970b,environment,clean,0,Always repair,1,1.1341474602271842e-05,1.0,6.518341443501413,0.0,0.0,1.0,1.0,0.0,1.0,1.0,1.0,1.0
natural_extraction,environment-4c4fd0e3970b,environment,clean,0,Never repair,0,1.1341474602271842e-05,0.0,0.0,0.0,0.0,1.0,1.0,0.0,1.0,1.0,1.0,1.0
natural_extraction,environment-4c4fd0e3970b,environment,dirty,0,Learned router,0,1.1341474602271842e-05,0.0,0.0,0.0,0.0,1.0,1.0,0.0,1.0,1.0,1.0,1.0
natural_extraction,environment-4c4fd0e3970b,environment,dirty,0,Heuristic violations,0,1.1341474602271842e-05,0.0,0.0,0.0,0.0,1.0,1.0,0.0,1.0,1.0,1.0,1.0
natural_extraction,environment-4c4fd0e3970b,environment,dirty,0,Quality threshold,0,1.1341474602271842e-05,0.0,0.0,0.0,0.0,1.0,1.0,0.0,1.0,1.0,1.0,1.0
natural_extraction,environment-4c4fd0e3970b,environment,dirty,0,Random 50%,0,1.1341474602271842e-05,0.0,0.0,0.0,0.0,1.0,1.0,0.0,1.0,1.0,1.0,1.0
natural_extraction,environment-4c4fd0e3970b,environment,dirty,0,Always repair,1,1.1341474602271842e-05,1.0,6.119154033251107,0.0,0.0,1.0,1.0,0.0,1.0,1.0,1.0,1.0
natural_extraction,environment-4c4fd0e3970b,environment,dirty,0,Never repair,0,1.1341474602271842e-05,0.0,0.0,0.0,0.0,1.0,1.0,0.0,1.0,1.0,1.0,1.0
natural_extraction,environment-4d5c3e883e7b,environment,clean,0,Learned router,0,1.1341474602271842e-05,0.0,0.0,0.0,0.0,1.0,1.0,0.0,1.0,1.0,1.0,1.0
natural_extraction,environment-4d5c3e883e7b,environment,clean,0,Heuristic violations,0,1.1341474602271842e-05,0.0,0.0,0.0,0.0,1.0,1.0,0.0,1.0,1.0,1.0,1.0
natural_extraction,environment-4d5c3e883e7b,environment,clean,0,Quality threshold,0,1.1341474602271842e-05,0.0,0.0,0.0,0.0,1.0,1.0,0.0,1.0,1.0,1.0,1.0
natural_extraction,environment-4d5c3e883e7b,environment,clean,0,Random 50%,1,1.1341474602271842e-05,1.0,5.4384331395849586,0.0,0.0,1.0,1.0,0.0,1.0,1.0,1.0,1.0
natural_extraction,environment-4d5c3e883e7b,environment,clean,0,Always repair,1,1.1341474602271842e-05,1.0,5.4384331395849586,0.0,0.0,1.0,1.0,0.0,1.0,1.0,1.0,1.0
natural_extraction,environment-4d5c3e883e7b,environment,clean,0,Never repair,0,1.1341474602271842e-05,0.0,0.0,0.0,0.0,1.0,1.0,0.0,1.0,1.0,1.0,1.0
natural_extraction,environment-4d5c3e883e7b,environment,dirty,0,Learned router,0,1.1341474602271842e-05,0.0,0.0,0.0,0.0,1.0,1.0,0.0,1.0,1.0,1.0,1.0
natural_extraction,environment-4d5c3e883e7b,environment,dirty,0,Heuristic violations,0,1.1341474602271842e-05,0.0,0.0,0.0,0.0,1.0,1.0,0.0,1.0,1.0,1.0,1.0
natural_extraction,environment-4d5c3e883e7b,environment,dirty,0,Quality threshold,0,1.1341474602271842e-05,0.0,0.0,0.0,0.0,1.0,1.0,0.0,1.0,1.0,1.0,1.0
natural_extraction,environment-4d5c3e883e7b,environment,dirty,0,Random 50%,0,1.1341474602271842e-05,0.0,0.0,0.0,0.0,1.0,1.0,0.0,1.0,1.0,1.0,1.0
natural_extraction,environment-4d5c3e883e7b,environment,dirty,0,Always repair,1,1.1341474602271842e-05,1.0,10.589627071283758,0.0,0.0,1.0,1.0,0.0,1.0,1.0,1.0,1.0
natural_extraction,environment-4d5c3e883e7b,environment,dirty,0,Never repair,0,1.1341474602271842e-05,0.0,0.0,0.0,0.0,1.0,1.0,0.0,1.0,1.0,1.0,1.0
natural_extraction,environment-5201f128f055,environment,clean,0,Learned router,0,1.1341474602271842e-05,0.0,0.0,0.0,0.0,1.0,1.0,0.0,1.0,1.0,1.0,1.0
natural_extraction,environment-5201f128f055,environment,clean,0,Heuristic violations,0,1.1341474602271842e-05,0.0,0.0,0.0,0.0,1.0,1.0,0.0,1.0,1.0,1.0,1.0
natural_extraction,environment-5201f128f055,environment,clean,0,Quality threshold,0,1.1341474602271842e-05,0.0,0.0,0.0,0.0,1.0,1.0,0.0,1.0,1.0,1.0,1.0
natural_extraction,environment-5201f128f055,environment,clean,0,Random 50%,0,1.1341474602271842e-05,0.0,0.0,0.0,0.0,1.0,1.0,0.0,1.0,1.0,1.0,1.0
natural_extraction,environment-5201f128f055,environment,clean,0,Always repair,1,1.1341474602271842e-05,1.0,6.0975838247686625,0.0,0.0,1.0,1.0,0.0,1.0,1.0,1.0,1.0
natural_extraction,environment-5201f128f055,environment,clean,0,Never repair,0,1.1341474602271842e-05,0.0,0.0,0.0,0.0,1.0,1.0,0.0,1.0,1.0,1.0,1.0
natural_extraction,environment-5201f128f055,environment,dirty,0,Learned router,0,1.1341474602271842e-05,0.0,0.0,0.0,0.0,1.0,1.0,0.0,1.0,1.0,1.0,1.0
natural_extraction,environment-5201f128f055,environment,dirty,0,Heuristic violations,0,1.1341474602271842e-05,0.0,0.0,0.0,0.0,1.0,1.0,0.0,1.0,1.0,1.0,1.0
natural_extraction,environment-5201f128f055,environment,dirty,0,Quality threshold,0,1.1341474602271842e-05,0.0,0.0,0.0,0.0,1.0,1.0,0.0,1.0,1.0,1.0,1.0
natural_extraction,environment-5201f128f055,environment,dirty,0,Random 50%,0,1.1341474602271842e-05,0.0,0.0,0.0,0.0,1.0,1.0,0.0,1.0,1.0,1.0,1.0
natural_extraction,environment-5201f128f055,environment,dirty,0,Always repair,1,1.1341474602271842e-05,1.0,6.580646192654967,0.0,0.0,1.0,1.0,0.0,1.0,1.0,1.0,1.0
natural_extraction,environment-5201f128f055,environment,dirty,0,Never repair,0,1.1341474602271842e-05,0.0,0.0,0.0,0.0,1.0,1.0,0.0,1.0,1.0,1.0,1.0
natural_extraction,environment-53794df293b9,environment,clean,0,Learned router,0,1.1341474602271842e-05,0.0,0.0,0.0,0.0,1.0,1.0,0.0,1.0,1.0,1.0,1.0
natural_extraction,environment-53794df293b9,environment,clean,0,Heuristic violations,0,1.1341474602271842e-05,0.0,0.0,0.0,0.0,1.0,1.0,0.0,1.0,1.0,1.0,1.0
natural_extraction,environment-53794df293b9,environment,clean,0,Quality threshold,0,1.1341474602271842e-05,0.0,0.0,0.0,0.0,1.0,1.0,0.0,1.0,1.0,1.0,1.0
natural_extraction,environment-53794df293b9,environment,clean,0,Random 50%,0,1.1341474602271842e-05,0.0,0.0,0.0,0.0,1.0,1.0,0.0,1.0,1.0,1.0,1.0
natural_extraction,environment-53794df293b9,environment,clean,0,Always repair,1,1.1341474602271842e-05,1.0,3.535519614815712,0.0,0.0,1.0,1.0,0.0,1.0,1.0,1.0,1.0
natural_extraction,environment-53794df293b9,environment,clean,0,Never repair,0,1.1341474602271842e-05,0.0,0.0,0.0,0.0,1.0,1.0,0.0,1.0,1.0,1.0,1.0
natural_extraction,environment-53794df293b9,environment,dirty,0,Learned router,0,1.1341474602271842e-05,0.0,0.0,0.0,0.0,1.0,1.0,0.0,1.0,1.0,1.0,1.0
natural_extraction,environment-53794df293b9,environment,dirty,0,Heuristic violations,0,1.1341474602271842e-05,0.0,0.0,0.0,0.0,1.0,1.0,0.0,1.0,1.0,1.0,1.0
natural_extraction,environment-53794df293b9,environment,dirty,0,Quality threshold,0,1.1341474602271842e-05,0.0,0.0,0.0,0.0,1.0,1.0,0.0,1.0,1.0,1.0,1.0
natural_extraction,environment-53794df293b9,environment,dirty,0,Random 50%,0,1.1341474602271842e-05,0.0,0.0,0.0,0.0,1.0,1.0,0.0,1.0,1.0,1.0,1.0
natural_extraction,environment-53794df293b9,environment,dirty,0,Always repair,1,1.1341474602271842e-05,1.0,3.8215643893927336,0.0,0.0,1.0,1.0,0.0,1.0,1.0,1.0,1.0
natural_extraction,environment-53794df293b9,environment,dirty,0,Never repair,0,1.1341474602271842e-05,0.0,0.0,0.0,0.0,1.0,1.0,0.0,1.0,1.0,1.0,1.0
natural_extraction,environment-549b9cc8bea3,environment,clean,0,Learned router,0,1.1341474602271842e-05,0.0,0.0,0.0,0.0,1.0,1.0,0.0,1.0,1.0,1.0,1.0
natural_extraction,environment-549b9cc8bea3,environment,clean,0,Heuristic violations,0,1.1341474602271842e-05,0.0,0.0,0.0,0.0,1.0,1.0,0.0,1.0,1.0,1.0,1.0
natural_extraction,environment-549b9cc8bea3,environment,clean,0,Quality threshold,0,1.1341474602271842e-05,0.0,0.0,0.0,0.0,1.0,1.0,0.0,1.0,1.0,1.0,1.0
natural_extraction,environment-549b9cc8bea3,environment,clean,0,Random 50%,0,1.1341474602271842e-05,0.0,0.0,0.0,0.0,1.0,1.0,0.0,1.0,1.0,1.0,1.0
natural_extraction,environment-549b9cc8bea3,environment,clean,0,Always repair,1,1.1341474602271842e-05,1.0,8.031083374284208,0.0,0.0,1.0,1.0,0.0,1.0,1.0,1.0,1.0
natural_extraction,environment-549b9cc8bea3,environment,clean,0,Never repair,0,1.1341474602271842e-05,0.0,0.0,0.0,0.0,1.0,1.0,0.0,1.0,1.0,1.0,1.0
natural_extraction,environment-549b9cc8bea3,environment,dirty,0,Learned router,0,1.1341474602271842e-05,0.0,0.0,0.0,0.0,1.0,1.0,0.0,1.0,1.0,1.0,1.0
natural_extraction,environment-549b9cc8bea3,environment,dirty,0,Heuristic violations,0,1.1341474602271842e-05,0.0,0.0,0.0,0.0,1.0,1.0,0.0,1.0,1.0,1.0,1.0
natural_extraction,environment-549b9cc8bea3,environment,dirty,0,Quality threshold,0,1.1341474602271842e-05,0.0,0.0,0.0,0.0,1.0,1.0,0.0,1.0,1.0,1.0,1.0
natural_extraction,environment-549b9cc8bea3,environment,dirty,0,Random 50%,1,1.1341474602271842e-05,1.0,5.070809289813042,0.0,0.0,1.0,1.0,0.0,1.0,1.0,1.0,1.0
natural_extraction,environment-549b9cc8bea3,environment,dirty,0,Always repair,1,1.1341474602271842e-05,1.0,5.070809289813042,0.0,0.0,1.0,1.0,0.0,1.0,1.0,1.0,1.0
natural_extraction,environment-549b9cc8bea3,environment,dirty,0,Never repair,0,1.1341474602271842e-05,0.0,0.0,0.0,0.0,1.0,1.0,0.0,1.0,1.0,1.0,1.0
natural_extraction,environment-563aa7b5d8de,environment,clean,0,Learned router,0,1.1341474602271842e-05,0.0,0.0,0.0,0.0,1.0,1.0,0.0,1.0,1.0,1.0,1.0
natural_extraction,environment-563aa7b5d8de,environment,clean,0,Heuristic violations,0,1.1341474602271842e-05,0.0,0.0,0.0,0.0,1.0,1.0,0.0,1.0,1.0,1.0,1.0
natural_extraction,environment-563aa7b5d8de,environment,clean,0,Quality threshold,0,1.1341474602271842e-05,0.0,0.0,0.0,0.0,1.0,1.0,0.0,1.0,1.0,1.0,1.0
natural_extraction,environment-563aa7b5d8de,environment,clean,0,Random 50%,1,1.1341474602271842e-05,1.0,7.286573032848537,0.0,0.0,1.0,1.0,0.0,1.0,1.0,1.0,1.0
natural_extraction,environment-563aa7b5d8de,environment,clean,0,Always repair,1,1.1341474602271842e-05,1.0,7.286573032848537,0.0,0.0,1.0,1.0,0.0,1.0,1.0,1.0,1.0
natural_extraction,environment-563aa7b5d8de,environment,clean,0,Never repair,0,1.1341474602271842e-05,0.0,0.0,0.0,0.0,1.0,1.0,0.0,1.0,1.0,1.0,1.0
natural_extraction,environment-563aa7b5d8de,environment,dirty,0,Learned router,0,1.1341474602271842e-05,0.0,0.0,0.0,0.0,1.0,1.0,0.0,1.0,1.0,1.0,1.0
natural_extraction,environment-563aa7b5d8de,environment,dirty,0,Heuristic violations,0,1.1341474602271842e-05,0.0,0.0,0.0,0.0,1.0,1.0,0.0,1.0,1.0,1.0,1.0
natural_extraction,environment-563aa7b5d8de,environment,dirty,0,Quality threshold,0,1.1341474602271842e-05,0.0,0.0,0.0,0.0,1.0,1.0,0.0,1.0,1.0,1.0,1.0
natural_extraction,environment-563aa7b5d8de,environment,dirty,0,Random 50%,1,1.1341474602271842e-05,1.0,6.50986160710454,0.0,0.0,1.0,1.0,0.0,1.0,1.0,1.0,1.0
natural_extraction,environment-563aa7b5d8de,environment,dirty,0,Always repair,1,1.1341474602271842e-05,1.0,6.50986160710454,0.0,0.0,1.0,1.0,0.0,1.0,1.0,1.0,1.0
natural_extraction,environment-563aa7b5d8de,environment,dirty,0,Never repair,0,1.1341474602271842e-05,0.0,0.0,0.0,0.0,1.0,1.0,0.0,1.0,1.0,1.0,1.0
natural_extraction,environment-5a0639970911,environment,clean,0,Learned router,0,1.1341474602271842e-05,0.0,0.0,0.0,0.0,1.0,1.0,0.0,1.0,1.0,1.0,1.0
natural_extraction,environment-5a0639970911,environment,clean,0,Heuristic violations,0,1.1341474602271842e-05,0.0,0.0,0.0,0.0,1.0,1.0,0.0,1.0,1.0,1.0,1.0
natural_extraction,environment-5a0639970911,environment,clean,0,Quality threshold,0,1.1341474602271842e-05,0.0,0.0,0.0,0.0,1.0,1.0,0.0,1.0,1.0,1.0,1.0
natural_extraction,environment-5a0639970911,environment,clean,0,Random 50%,1,1.1341474602271842e-05,1.0,10.031309824436903,0.0,0.0,1.0,1.0,0.0,1.0,1.0,1.0,1.0
natural_extraction,environment-5a0639970911,environment,clean,0,Always repair,1,1.1341474602271842e-05,1.0,10.031309824436903,0.0,0.0,1.0,1.0,0.0,1.0,1.0,1.0,1.0
natural_extraction,environment-5a0639970911,environment,clean,0,Never repair,0,1.1341474602271842e-05,0.0,0.0,0.0,0.0,1.0,1.0,0.0,1.0,1.0,1.0,1.0
natural_extraction,environment-5a0639970911,environment,dirty,0,Learned router,0,1.1341474602271842e-05,0.0,0.0,0.0,0.0,1.0,1.0,0.0,1.0,1.0,1.0,1.0
natural_extraction,environment-5a0639970911,environment,dirty,0,Heuristic violations,0,1.1341474602271842e-05,0.0,0.0,0.0,0.0,1.0,1.0,0.0,1.0,1.0,1.0,1.0
natural_extraction,environment-5a0639970911,environment,dirty,0,Quality threshold,0,1.1341474602271842e-05,0.0,0.0,0.0,0.0,1.0,1.0,0.0,1.0,1.0,1.0,1.0
natural_extraction,environment-5a0639970911,environment,dirty,0,Random 50%,1,1.1341474602271842e-05,1.0,5.832496115937829,0.0,0.0,1.0,1.0,0.0,1.0,1.0,1.0,1.0
natural_extraction,environment-5a0639970911,environment,dirty,0,Always repair,1,1.1341474602271842e-05,1.0,5.832496115937829,0.0,0.0,1.0,1.0,0.0,1.0,1.0,1.0,1.0
natural_extraction,environment-5a0639970911,environment,dirty,0,Never repair,0,1.1341474602271842e-05,0.0,0.0,0.0,0.0,1.0,1.0,0.0,1.0,1.0,1.0,1.0
natural_extraction,environment-5a3e503d4347,environment,clean,0,Learned router,0,1.1341474602271842e-05,0.0,0.0,0.0,0.0,1.0,1.0,0.0,1.0,1.0,1.0,1.0
natural_extraction,environment-5a3e503d4347,environment,clean,0,Heuristic violations,0,1.1341474602271842e-05,0.0,0.0,0.0,0.0,1.0,1.0,0.0,1.0,1.0,1.0,1.0
natural_extraction,environment-5a3e503d4347,environment,clean,0,Quality threshold,0,1.1341474602271842e-05,0.0,0.0,0.0,0.0,1.0,1.0,0.0,1.0,1.0,1.0,1.0
natural_extraction,environment-5a3e503d4347,environment,clean,0,Random 50%,1,1.1341474602271842e-05,1.0,6.023695436306298,0.0,0.0,1.0,1.0,0.0,1.0,1.0,1.0,1.0
natural_extraction,environment-5a3e503d4347,environment,clean,0,Always repair,1,1.1341474602271842e-05,1.0,6.023695436306298,0.0,0.0,1.0,1.0,0.0,1.0,1.0,1.0,1.0
natural_extraction,environment-5a3e503d4347,environment,clean,0,Never repair,0,1.1341474602271842e-05,0.0,0.0,0.0,0.0,1.0,1.0,0.0,1.0,1.0,1.0,1.0
natural_extraction,environment-5a3e503d4347,environment,dirty,0,Learned router,0,1.1341474602271842e-05,0.0,0.0,0.0,0.0,1.0,1.0,0.0,1.0,1.0,1.0,1.0
natural_extraction,environment-5a3e503d4347,environment,dirty,0,Heuristic violations,0,1.1341474602271842e-05,0.0,0.0,0.0,0.0,1.0,1.0,0.0,1.0,1.0,1.0,1.0
natural_extraction,environment-5a3e503d4347,environment,dirty,0,Quality threshold,0,1.1341474602271842e-05,0.0,0.0,0.0,0.0,1.0,1.0,0.0,1.0,1.0,1.0,1.0
natural_extraction,environment-5a3e503d4347,environment,dirty,0,Random 50%,1,1.1341474602271842e-05,1.0,5.586662570014596,0.0,0.0,1.0,1.0,0.0,1.0,1.0,1.0,1.0
natural_extraction,environment-5a3e503d4347,environment,dirty,0,Always repair,1,1.1341474602271842e-05,1.0,5.586662570014596,0.0,0.0,1.0,1.0,0.0,1.0,1.0,1.0,1.0
natural_extraction,environment-5a3e503d4347,environment,dirty,0,Never repair,0,1.1341474602271842e-05,0.0,0.0,0.0,0.0,1.0,1.0,0.0,1.0,1.0,1.0,1.0
natural_extraction,environment-5bad10ac94ad,environment,clean,0,Learned router,0,1.1341474602271842e-05,0.0,0.0,0.0,0.0,1.0,1.0,0.0,1.0,1.0,1.0,1.0
natural_extraction,environment-5bad10ac94ad,environment,clean,0,Heuristic violations,0,1.1341474602271842e-05,0.0,0.0,0.0,0.0,1.0,1.0,0.0,1.0,1.0,1.0,1.0
natural_extraction,environment-5bad10ac94ad,environment,clean,0,Quality threshold,0,1.1341474602271842e-05,0.0,0.0,0.0,0.0,1.0,1.0,0.0,1.0,1.0,1.0,1.0
natural_extraction,environment-5bad10ac94ad,environment,clean,0,Random 50%,0,1.1341474602271842e-05,0.0,0.0,0.0,0.0,1.0,1.0,0.0,1.0,1.0,1.0,1.0
natural_extraction,environment-5bad10ac94ad,environment,clean,0,Always repair,1,1.1341474602271842e-05,1.0,6.515671758912504,0.0,0.0,1.0,1.0,0.0,1.0,1.0,1.0,1.0
natural_extraction,environment-5bad10ac94ad,environment,clean,0,Never repair,0,1.1341474602271842e-05,0.0,0.0,0.0,0.0,1.0,1.0,0.0,1.0,1.0,1.0,1.0
natural_extraction,environment-5bad10ac94ad,environment,dirty,0,Learned router,0,1.1341474602271842e-05,0.0,0.0,0.0,0.0,1.0,1.0,0.0,1.0,1.0,1.0,1.0
natural_extraction,environment-5bad10ac94ad,environment,dirty,0,Heuristic violations,0,1.1341474602271842e-05,0.0,0.0,0.0,0.0,1.0,1.0,0.0,1.0,1.0,1.0,1.0
natural_extraction,environment-5bad10ac94ad,environment,dirty,0,Quality threshold,0,1.1341474602271842e-05,0.0,0.0,0.0,0.0,1.0,1.0,0.0,1.0,1.0,1.0,1.0
natural_extraction,environment-5bad10ac94ad,environment,dirty,0,Random 50%,1,1.1341474602271842e-05,1.0,5.600913796573877,0.0,0.0,1.0,1.0,0.0,1.0,1.0,1.0,1.0
natural_extraction,environment-5bad10ac94ad,environment,dirty,0,Always repair,1,1.1341474602271842e-05,1.0,5.600913796573877,0.0,0.0,1.0,1.0,0.0,1.0,1.0,1.0,1.0
natural_extraction,environment-5bad10ac94ad,environment,dirty,0,Never repair,0,1.1341474602271842e-05,0.0,0.0,0.0,0.0,1.0,1.0,0.0,1.0,1.0,1.0,1.0
natural_extraction,environment-5ea9b2dfede9,environment,clean,0,Learned router,0,1.1341474602271842e-05,0.0,0.0,0.0,0.0,1.0,1.0,0.0,1.0,1.0,1.0,1.0
natural_extraction,environment-5ea9b2dfede9,environment,clean,0,Heuristic violations,0,1.1341474602271842e-05,0.0,0.0,0.0,0.0,1.0,1.0,0.0,1.0,1.0,1.0,1.0
natural_extraction,environment-5ea9b2dfede9,environment,clean,0,Quality threshold,0,1.1341474602271842e-05,0.0,0.0,0.0,0.0,1.0,1.0,0.0,1.0,1.0,1.0,1.0
natural_extraction,environment-5ea9b2dfede9,environment,clean,0,Random 50%,1,1.1341474602271842e-05,1.0,7.035792222246528,0.0,0.0,1.0,1.0,0.0,1.0,1.0,1.0,1.0
natural_extraction,environment-5ea9b2dfede9,environment,clean,0,Always repair,1,1.1341474602271842e-05,1.0,7.035792222246528,0.0,0.0,1.0,1.0,0.0,1.0,1.0,1.0,1.0
natural_extraction,environment-5ea9b2dfede9,environment,clean,0,Never repair,0,1.1341474602271842e-05,0.0,0.0,0.0,0.0,1.0,1.0,0.0,1.0,1.0,1.0,1.0
natural_extraction,environment-5ea9b2dfede9,environment,dirty,0,Learned router,0,1.1341474602271842e-05,0.0,0.0,0.0,0.0,1.0,1.0,0.0,1.0,1.0,1.0,1.0
natural_extraction,environment-5ea9b2dfede9,environment,dirty,0,Heuristic violations,0,1.1341474602271842e-05,0.0,0.0,0.0,0.0,1.0,1.0,0.0,1.0,1.0,1.0,1.0
natural_extraction,environment-5ea9b2dfede9,environment,dirty,0,Quality threshold,0,1.1341474602271842e-05,0.0,0.0,0.0,0.0,1.0,1.0,0.0,1.0,1.0,1.0,1.0
natural_extraction,environment-5ea9b2dfede9,environment,dirty,0,Random 50%,1,1.1341474602271842e-05,1.0,5.370877797715366,0.0,0.0,1.0,1.0,0.0,1.0,1.0,1.0,1.0
natural_extraction,environment-5ea9b2dfede9,environment,dirty,0,Always repair,1,1.1341474602271842e-05,1.0,5.370877797715366,0.0,0.0,1.0,1.0,0.0,1.0,1.0,1.0,1.0
natural_extraction,environment-5ea9b2dfede9,environment,dirty,0,Never repair,0,1.1341474602271842e-05,0.0,0.0,0.0,0.0,1.0,1.0,0.0,1.0,1.0,1.0,1.0
natural_extraction,environment-6aa1a102a25b,environment,clean,0,Learned router,0,1.1341474602271842e-05,0.0,0.0,0.0,0.0,1.0,1.0,0.0,1.0,1.0,1.0,1.0
natural_extraction,environment-6aa1a102a25b,environment,clean,0,Heuristic violations,0,1.1341474602271842e-05,0.0,0.0,0.0,0.0,1.0,1.0,0.0,1.0,1.0,1.0,1.0
natural_extraction,environment-6aa1a102a25b,environment,clean,0,Quality threshold,0,1.1341474602271842e-05,0.0,0.0,0.0,0.0,1.0,1.0,0.0,1.0,1.0,1.0,1.0
natural_extraction,environment-6aa1a102a25b,environment,clean,0,Random 50%,1,1.1341474602271842e-05,1.0,5.592755891382694,0.0,0.0,1.0,1.0,0.0,1.0,1.0,1.0,1.0
natural_extraction,environment-6aa1a102a25b,environment,clean,0,Always repair,1,1.1341474602271842e-05,1.0,5.592755891382694,0.0,0.0,1.0,1.0,0.0,1.0,1.0,1.0,1.0
natural_extraction,environment-6aa1a102a25b,environment,clean,0,Never repair,0,1.1341474602271842e-05,0.0,0.0,0.0,0.0,1.0,1.0,0.0,1.0,1.0,1.0,1.0
natural_extraction,environment-6aa1a102a25b,environment,dirty,0,Learned router,0,1.1341474602271842e-05,0.0,0.0,0.0,0.0,1.0,1.0,0.0,1.0,1.0,1.0,1.0
natural_extraction,environment-6aa1a102a25b,environment,dirty,0,Heuristic violations,0,1.1341474602271842e-05,0.0,0.0,0.0,0.0,1.0,1.0,0.0,1.0,1.0,1.0,1.0
natural_extraction,environment-6aa1a102a25b,environment,dirty,0,Quality threshold,0,1.1341474602271842e-05,0.0,0.0,0.0,0.0,1.0,1.0,0.0,1.0,1.0,1.0,1.0
natural_extraction,environment-6aa1a102a25b,environment,dirty,0,Random 50%,0,1.1341474602271842e-05,0.0,0.0,0.0,0.0,1.0,1.0,0.0,1.0,1.0,1.0,1.0
natural_extraction,environment-6aa1a102a25b,environment,dirty,0,Always repair,1,1.1341474602271842e-05,1.0,5.5206536538898945,0.0,0.0,1.0,1.0,0.0,1.0,1.0,1.0,1.0
natural_extraction,environment-6aa1a102a25b,environment,dirty,0,Never repair,0,1.1341474602271842e-05,0.0,0.0,0.0,0.0,1.0,1.0,0.0,1.0,1.0,1.0,1.0
natural_extraction,environment-6cce9316c04c,environment,clean,0,Learned router,0,1.1341474602271842e-05,0.0,0.0,0.0,0.0,1.0,1.0,0.0,1.0,1.0,1.0,1.0
natural_extraction,environment-6cce9316c04c,environment,clean,0,Heuristic violations,0,1.1341474602271842e-05,0.0,0.0,0.0,0.0,1.0,1.0,0.0,1.0,1.0,1.0,1.0
natural_extraction,environment-6cce9316c04c,environment,clean,0,Quality threshold,0,1.1341474602271842e-05,0.0,0.0,0.0,0.0,1.0,1.0,0.0,1.0,1.0,1.0,1.0
natural_extraction,environment-6cce9316c04c,environment,clean,0,Random 50%,0,1.1341474602271842e-05,0.0,0.0,0.0,0.0,1.0,1.0,0.0,1.0,1.0,1.0,1.0
natural_extraction,environment-6cce9316c04c,environment,clean,0,Always repair,1,1.1341474602271842e-05,1.0,5.823273750022054,0.0,0.0,1.0,1.0,0.0,1.0,1.0,1.0,1.0
natural_extraction,environment-6cce9316c04c,environment,clean,0,Never repair,0,1.1341474602271842e-05,0.0,0.0,0.0,0.0,1.0,1.0,0.0,1.0,1.0,1.0,1.0
natural_extraction,environment-6cce9316c04c,environment,dirty,0,Learned router,0,1.1341474602271842e-05,0.0,0.0,0.0,0.0,1.0,1.0,0.0,1.0,1.0,1.0,1.0
natural_extraction,environment-6cce9316c04c,environment,dirty,0,Heuristic violations,0,1.1341474602271842e-05,0.0,0.0,0.0,0.0,1.0,1.0,0.0,1.0,1.0,1.0,1.0
natural_extraction,environment-6cce9316c04c,environment,dirty,0,Quality threshold,0,1.1341474602271842e-05,0.0,0.0,0.0,0.0,1.0,1.0,0.0,1.0,1.0,1.0,1.0
natural_extraction,environment-6cce9316c04c,environment,dirty,0,Random 50%,0,1.1341474602271842e-05,0.0,0.0,0.0,0.0,1.0,1.0,0.0,1.0,1.0,1.0,1.0
natural_extraction,environment-6cce9316c04c,environment,dirty,0,Always repair,1,1.1341474602271842e-05,1.0,5.180229022167623,0.0,0.0,1.0,1.0,0.0,1.0,1.0,1.0,1.0
natural_extraction,environment-6cce9316c04c,environment,dirty,0,Never repair,0,1.1341474602271842e-05,0.0,0.0,0.0,0.0,1.0,1.0,0.0,1.0,1.0,1.0,1.0
natural_extraction,environment-6db751ebec56,environment,clean,0,Learned router,0,1.1341474602271842e-05,0.0,0.0,0.0,0.0,1.0,1.0,0.0,1.0,1.0,1.0,1.0
natural_extraction,environment-6db751ebec56,environment,clean,0,Heuristic violations,0,1.1341474602271842e-05,0.0,0.0,0.0,0.0,1.0,1.0,0.0,1.0,1.0,1.0,1.0
natural_extraction,environment-6db751ebec56,environment,clean,0,Quality threshold,0,1.1341474602271842e-05,0.0,0.0,0.0,0.0,1.0,1.0,0.0,1.0,1.0,1.0,1.0
natural_extraction,environment-6db751ebec56,environment,clean,0,Random 50%,1,1.1341474602271842e-05,1.0,7.319971784949303,0.0,0.0,1.0,1.0,0.0,1.0,1.0,1.0,1.0
natural_extraction,environment-6db751ebec56,environment,clean,0,Always repair,1,1.1341474602271842e-05,1.0,7.319971784949303,0.0,0.0,1.0,1.0,0.0,1.0,1.0,1.0,1.0
natural_extraction,environment-6db751ebec56,environment,clean,0,Never repair,0,1.1341474602271842e-05,0.0,0.0,0.0,0.0,1.0,1.0,0.0,1.0,1.0,1.0,1.0
natural_extraction,environment-6db751ebec56,environment,dirty,0,Learned router,0,1.1341474602271842e-05,0.0,0.0,0.0,0.0,1.0,1.0,0.0,1.0,1.0,1.0,1.0
natural_extraction,environment-6db751ebec56,environment,dirty,0,Heuristic violations,0,1.1341474602271842e-05,0.0,0.0,0.0,0.0,1.0,1.0,0.0,1.0,1.0,1.0,1.0
natural_extraction,environment-6db751ebec56,environment,dirty,0,Quality threshold,0,1.1341474602271842e-05,0.0,0.0,0.0,0.0,1.0,1.0,0.0,1.0,1.0,1.0,1.0
natural_extraction,environment-6db751ebec56,environment,dirty,0,Random 50%,0,1.1341474602271842e-05,0.0,0.0,0.0,0.0,1.0,1.0,0.0,1.0,1.0,1.0,1.0
natural_extraction,environment-6db751ebec56,environment,dirty,0,Always repair,1,1.1341474602271842e-05,1.0,7.284885928034782,0.0,0.0,1.0,1.0,0.0,1.0,1.0,1.0,1.0
natural_extraction,environment-6db751ebec56,environment,dirty,0,Never repair,0,1.1341474602271842e-05,0.0,0.0,0.0,0.0,1.0,1.0,0.0,1.0,1.0,1.0,1.0
natural_extraction,environment-6dced1da4463,environment,clean,0,Learned router,0,1.1341474602271842e-05,0.0,0.0,0.0,0.0,1.0,1.0,0.0,1.0,1.0,1.0,1.0
natural_extraction,environment-6dced1da4463,environment,clean,0,Heuristic violations,0,1.1341474602271842e-05,0.0,0.0,0.0,0.0,1.0,1.0,0.0,1.0,1.0,1.0,1.0
natural_extraction,environment-6dced1da4463,environment,clean,0,Quality threshold,0,1.1341474602271842e-05,0.0,0.0,0.0,0.0,1.0,1.0,0.0,1.0,1.0,1.0,1.0
natural_extraction,environment-6dced1da4463,environment,clean,0,Random 50%,1,1.1341474602271842e-05,1.0,5.453426506370306,0.0,0.0,1.0,1.0,0.0,1.0,1.0,1.0,1.0
natural_extraction,environment-6dced1da4463,environment,clean,0,Always repair,1,1.1341474602271842e-05,1.0,5.453426506370306,0.0,0.0,1.0,1.0,0.0,1.0,1.0,1.0,1.0
natural_extraction,environment-6dced1da4463,environment,clean,0,Never repair,0,1.1341474602271842e-05,0.0,0.0,0.0,0.0,1.0,1.0,0.0,1.0,1.0,1.0,1.0
natural_extraction,environment-6dced1da4463,environment,dirty,0,Learned router,0,1.1341474602271842e-05,0.0,0.0,0.0,0.0,1.0,1.0,0.0,1.0,1.0,1.0,1.0
natural_extraction,environment-6dced1da4463,environment,dirty,0,Heuristic violations,0,1.1341474602271842e-05,0.0,0.0,0.0,0.0,1.0,1.0,0.0,1.0,1.0,1.0,1.0
natural_extraction,environment-6dced1da4463,environment,dirty,0,Quality threshold,0,1.1341474602271842e-05,0.0,0.0,0.0,0.0,1.0,1.0,0.0,1.0,1.0,1.0,1.0
natural_extraction,environment-6dced1da4463,environment,dirty,0,Random 50%,1,1.1341474602271842e-05,1.0,5.337436221539974,0.0,0.0,1.0,1.0,0.0,1.0,1.0,1.0,1.0
natural_extraction,environment-6dced1da4463,environment,dirty,0,Always repair,1,1.1341474602271842e-05,1.0,5.337436221539974,0.0,0.0,1.0,1.0,0.0,1.0,1.0,1.0,1.0
natural_extraction,environment-6dced1da4463,environment,dirty,0,Never repair,0,1.1341474602271842e-05,0.0,0.0,0.0,0.0,1.0,1.0,0.0,1.0,1.0,1.0,1.0
natural_extraction,environment-6e7826456f25,environment,clean,0,Learned router,0,1.1341474602271842e-05,0.0,0.0,0.0,0.0,1.0,1.0,0.0,1.0,1.0,1.0,1.0
natural_extraction,environment-6e7826456f25,environment,clean,0,Heuristic violations,0,1.1341474602271842e-05,0.0,0.0,0.0,0.0,1.0,1.0,0.0,1.0,1.0,1.0,1.0
natural_extraction,environment-6e7826456f25,environment,clean,0,Quality threshold,0,1.1341474602271842e-05,0.0,0.0,0.0,0.0,1.0,1.0,0.0,1.0,1.0,1.0,1.0
natural_extraction,environment-6e7826456f25,environment,clean,0,Random 50%,0,1.1341474602271842e-05,0.0,0.0,0.0,0.0,1.0,1.0,0.0,1.0,1.0,1.0,1.0
natural_extraction,environment-6e7826456f25,environment,clean,0,Always repair,1,1.1341474602271842e-05,1.0,7.046784535981715,0.0,0.0,1.0,1.0,0.0,1.0,1.0,1.0,1.0
natural_extraction,environment-6e7826456f25,environment,clean,0,Never repair,0,1.1341474602271842e-05,0.0,0.0,0.0,0.0,1.0,1.0,0.0,1.0,1.0,1.0,1.0
natural_extraction,environment-6e7826456f25,environment,dirty,0,Learned router,0,1.1341474602271842e-05,0.0,0.0,0.0,0.0,1.0,1.0,0.0,1.0,1.0,1.0,1.0
natural_extraction,environment-6e7826456f25,environment,dirty,0,Heuristic violations,0,1.1341474602271842e-05,0.0,0.0,0.0,0.0,1.0,1.0,0.0,1.0,1.0,1.0,1.0
natural_extraction,environment-6e7826456f25,environment,dirty,0,Quality threshold,0,1.1341474602271842e-05,0.0,0.0,0.0,0.0,1.0,1.0,0.0,1.0,1.0,1.0,1.0
natural_extraction,environment-6e7826456f25,environment,dirty,0,Random 50%,0,1.1341474602271842e-05,0.0,0.0,0.0,0.0,1.0,1.0,0.0,1.0,1.0,1.0,1.0
natural_extraction,environment-6e7826456f25,environment,dirty,0,Always repair,1,1.1341474602271842e-05,1.0,4.276504316367209,0.0,0.0,1.0,1.0,0.0,1.0,1.0,1.0,1.0
natural_extraction,environment-6e7826456f25,environment,dirty,0,Never repair,0,1.1341474602271842e-05,0.0,0.0,0.0,0.0,1.0,1.0,0.0,1.0,1.0,1.0,1.0
natural_extraction,environment-79cb9f7c7242,environment,clean,0,Learned router,0,1.1341474602271842e-05,0.0,0.0,0.0,0.0,1.0,1.0,0.0,1.0,1.0,1.0,1.0
natural_extraction,environment-79cb9f7c7242,environment,clean,0,Heuristic violations,0,1.1341474602271842e-05,0.0,0.0,0.0,0.0,1.0,1.0,0.0,1.0,1.0,1.0,1.0
natural_extraction,environment-79cb9f7c7242,environment,clean,0,Quality threshold,0,1.1341474602271842e-05,0.0,0.0,0.0,0.0,1.0,1.0,0.0,1.0,1.0,1.0,1.0
natural_extraction,environment-79cb9f7c7242,environment,clean,0,Random 50%,0,1.1341474602271842e-05,0.0,0.0,0.0,0.0,1.0,1.0,0.0,1.0,1.0,1.0,1.0
natural_extraction,environment-79cb9f7c7242,environment,clean,0,Always repair,1,1.1341474602271842e-05,1.0,7.179492922499776,0.0,0.0,1.0,1.0,0.0,1.0,1.0,1.0,1.0
natural_extraction,environment-79cb9f7c7242,environment,clean,0,Never repair,0,1.1341474602271842e-05,0.0,0.0,0.0,0.0,1.0,1.0,0.0,1.0,1.0,1.0,1.0
natural_extraction,environment-79cb9f7c7242,environment,dirty,0,Learned router,0,1.1341474602271842e-05,0.0,0.0,0.0,0.0,1.0,1.0,0.0,1.0,1.0,1.0,1.0
natural_extraction,environment-79cb9f7c7242,environment,dirty,0,Heuristic violations,0,1.1341474602271842e-05,0.0,0.0,0.0,0.0,1.0,1.0,0.0,1.0,1.0,1.0,1.0
natural_extraction,environment-79cb9f7c7242,environment,dirty,0,Quality threshold,0,1.1341474602271842e-05,0.0,0.0,0.0,0.0,1.0,1.0,0.0,1.0,1.0,1.0,1.0
natural_extraction,environment-79cb9f7c7242,environment,dirty,0,Random 50%,0,1.1341474602271842e-05,0.0,0.0,0.0,0.0,1.0,1.0,0.0,1.0,1.0,1.0,1.0
natural_extraction,environment-79cb9f7c7242,environment,dirty,0,Always repair,1,1.1341474602271842e-05,1.0,4.831786334514618,0.0,0.0,1.0,1.0,0.0,1.0,1.0,1.0,1.0
natural_extraction,environment-79cb9f7c7242,environment,dirty,0,Never repair,0,1.1341474602271842e-05,0.0,0.0,0.0,0.0,1.0,1.0,0.0,1.0,1.0,1.0,1.0
natural_extraction,environment-7a53fc223f49,environment,clean,0,Learned router,0,1.1341474602271842e-05,0.0,0.0,0.0,0.0,1.0,1.0,0.0,1.0,1.0,1.0,1.0
natural_extraction,environment-7a53fc223f49,environment,clean,0,Heuristic violations,0,1.1341474602271842e-05,0.0,0.0,0.0,0.0,1.0,1.0,0.0,1.0,1.0,1.0,1.0
natural_extraction,environment-7a53fc223f49,environment,clean,0,Quality threshold,0,1.1341474602271842e-05,0.0,0.0,0.0,0.0,1.0,1.0,0.0,1.0,1.0,1.0,1.0
natural_extraction,environment-7a53fc223f49,environment,clean,0,Random 50%,0,1.1341474602271842e-05,0.0,0.0,0.0,0.0,1.0,1.0,0.0,1.0,1.0,1.0,1.0
natural_extraction,environment-7a53fc223f49,environment,clean,0,Always repair,1,1.1341474602271842e-05,1.0,5.333291832357645,0.0,0.0,1.0,1.0,0.0,1.0,1.0,1.0,1.0
natural_extraction,environment-7a53fc223f49,environment,clean,0,Never repair,0,1.1341474602271842e-05,0.0,0.0,0.0,0.0,1.0,1.0,0.0,1.0,1.0,1.0,1.0
natural_extraction,environment-7a53fc223f49,environment,dirty,0,Learned router,0,1.1341474602271842e-05,0.0,0.0,0.0,0.0,1.0,1.0,0.0,1.0,1.0,1.0,1.0
natural_extraction,environment-7a53fc223f49,environment,dirty,0,Heuristic violations,0,1.1341474602271842e-05,0.0,0.0,0.0,0.0,1.0,1.0,0.0,1.0,1.0,1.0,1.0
natural_extraction,environment-7a53fc223f49,environment,dirty,0,Quality threshold,0,1.1341474602271842e-05,0.0,0.0,0.0,0.0,1.0,1.0,0.0,1.0,1.0,1.0,1.0
natural_extraction,environment-7a53fc223f49,environment,dirty,0,Random 50%,0,1.1341474602271842e-05,0.0,0.0,0.0,0.0,1.0,1.0,0.0,1.0,1.0,1.0,1.0
natural_extraction,environment-7a53fc223f49,environment,dirty,0,Always repair,1,1.1341474602271842e-05,1.0,6.135354586876929,0.0,0.0,1.0,1.0,0.0,1.0,1.0,1.0,1.0
natural_extraction,environment-7a53fc223f49,environment,dirty,0,Never repair,0,1.1341474602271842e-05,0.0,0.0,0.0,0.0,1.0,1.0,0.0,1.0,1.0,1.0,1.0
natural_extraction,environment-7cc9ffda6577,environment,clean,0,Learned router,0,1.1341474602271842e-05,0.0,0.0,0.0,0.0,1.0,1.0,0.0,1.0,1.0,1.0,1.0
natural_extraction,environment-7cc9ffda6577,environment,clean,0,Heuristic violations,0,1.1341474602271842e-05,0.0,0.0,0.0,0.0,1.0,1.0,0.0,1.0,1.0,1.0,1.0
natural_extraction,environment-7cc9ffda6577,environment,clean,0,Quality threshold,0,1.1341474602271842e-05,0.0,0.0,0.0,0.0,1.0,1.0,0.0,1.0,1.0,1.0,1.0
natural_extraction,environment-7cc9ffda6577,environment,clean,0,Random 50%,1,1.1341474602271842e-05,1.0,35.09905604273081,0.0,0.0,1.0,1.0,0.0,1.0,1.0,1.0,1.0
natural_extraction,environment-7cc9ffda6577,environment,clean,0,Always repair,1,1.1341474602271842e-05,1.0,35.09905604273081,0.0,0.0,1.0,1.0,0.0,1.0,1.0,1.0,1.0
natural_extraction,environment-7cc9ffda6577,environment,clean,0,Never repair,0,1.1341474602271842e-05,0.0,0.0,0.0,0.0,1.0,1.0,0.0,1.0,1.0,1.0,1.0
natural_extraction,environment-7cc9ffda6577,environment,dirty,1,Learned router,1,0.7810530152127727,1.0,5.471010553650558,1.0,0.0,1.0,1.0,0.0,1.0,1.0,1.0,1.0
natural_extraction,environment-7cc9ffda6577,environment,dirty,1,Heuristic violations,1,0.7810530152127727,1.0,5.471010553650558,1.0,0.0,1.0,1.0,0.0,1.0,1.0,1.0,1.0
natural_extraction,environment-7cc9ffda6577,environment,dirty,1,Quality threshold,1,0.7810530152127727,1.0,5.471010553650558,1.0,0.0,1.0,1.0,0.0,1.0,1.0,1.0,1.0
natural_extraction,environment-7cc9ffda6577,environment,dirty,1,Random 50%,1,0.7810530152127727,1.0,5.471010553650558,1.0,0.0,1.0,1.0,0.0,1.0,1.0,1.0,1.0
natural_extraction,environment-7cc9ffda6577,environment,dirty,1,Always repair,1,0.7810530152127727,1.0,5.471010553650558,1.0,0.0,1.0,1.0,0.0,1.0,1.0,1.0,1.0
natural_extraction,environment-7cc9ffda6577,environment,dirty,1,Never repair,0,0.7810530152127727,0.0,0.0,1.0,1.0,0.0,1.0,0.0,1.0,0.8571428571428571,0.923076923076923,0.0
natural_extraction,environment-7fa21989e54b,environment,clean,0,Learned router,0,1.1341474602271842e-05,0.0,0.0,0.0,0.0,1.0,1.0,0.0,1.0,1.0,1.0,1.0
natural_extraction,environment-7fa21989e54b,environment,clean,0,Heuristic violations,0,1.1341474602271842e-05,0.0,0.0,0.0,0.0,1.0,1.0,0.0,1.0,1.0,1.0,1.0
natural_extraction,environment-7fa21989e54b,environment,clean,0,Quality threshold,0,1.1341474602271842e-05,0.0,0.0,0.0,0.0,1.0,1.0,0.0,1.0,1.0,1.0,1.0
natural_extraction,environment-7fa21989e54b,environment,clean,0,Random 50%,1,1.1341474602271842e-05,1.0,7.001062345691025,0.0,0.0,1.0,1.0,0.0,1.0,1.0,1.0,1.0
natural_extraction,environment-7fa21989e54b,environment,clean,0,Always repair,1,1.1341474602271842e-05,1.0,7.001062345691025,0.0,0.0,1.0,1.0,0.0,1.0,1.0,1.0,1.0
natural_extraction,environment-7fa21989e54b,environment,clean,0,Never repair,0,1.1341474602271842e-05,0.0,0.0,0.0,0.0,1.0,1.0,0.0,1.0,1.0,1.0,1.0
natural_extraction,environment-7fa21989e54b,environment,dirty,0,Learned router,0,1.1341474602271842e-05,0.0,0.0,0.0,0.0,1.0,1.0,0.0,1.0,1.0,1.0,1.0
natural_extraction,environment-7fa21989e54b,environment,dirty,0,Heuristic violations,0,1.1341474602271842e-05,0.0,0.0,0.0,0.0,1.0,1.0,0.0,1.0,1.0,1.0,1.0
natural_extraction,environment-7fa21989e54b,environment,dirty,0,Quality threshold,0,1.1341474602271842e-05,0.0,0.0,0.0,0.0,1.0,1.0,0.0,1.0,1.0,1.0,1.0
natural_extraction,environment-7fa21989e54b,environment,dirty,0,Random 50%,1,1.1341474602271842e-05,1.0,3.908776427619159,0.0,0.0,1.0,1.0,0.0,1.0,1.0,1.0,1.0
natural_extraction,environment-7fa21989e54b,environment,dirty,0,Always repair,1,1.1341474602271842e-05,1.0,3.908776427619159,0.0,0.0,1.0,1.0,0.0,1.0,1.0,1.0,1.0
natural_extraction,environment-7fa21989e54b,environment,dirty,0,Never repair,0,1.1341474602271842e-05,0.0,0.0,0.0,0.0,1.0,1.0,0.0,1.0,1.0,1.0,1.0
natural_extraction,environment-8133c6cc066f,environment,clean,0,Learned router,0,1.1341474602271842e-05,0.0,0.0,0.0,0.0,1.0,1.0,0.0,1.0,1.0,1.0,1.0
natural_extraction,environment-8133c6cc066f,environment,clean,0,Heuristic violations,0,1.1341474602271842e-05,0.0,0.0,0.0,0.0,1.0,1.0,0.0,1.0,1.0,1.0,1.0
natural_extraction,environment-8133c6cc066f,environment,clean,0,Quality threshold,0,1.1341474602271842e-05,0.0,0.0,0.0,0.0,1.0,1.0,0.0,1.0,1.0,1.0,1.0
natural_extraction,environment-8133c6cc066f,environment,clean,0,Random 50%,1,1.1341474602271842e-05,1.0,5.437932982109487,0.0,0.0,1.0,1.0,0.0,1.0,1.0,1.0,1.0
natural_extraction,environment-8133c6cc066f,environment,clean,0,Always repair,1,1.1341474602271842e-05,1.0,5.437932982109487,0.0,0.0,1.0,1.0,0.0,1.0,1.0,1.0,1.0
natural_extraction,environment-8133c6cc066f,environment,clean,0,Never repair,0,1.1341474602271842e-05,0.0,0.0,0.0,0.0,1.0,1.0,0.0,1.0,1.0,1.0,1.0
natural_extraction,environment-8133c6cc066f,environment,dirty,0,Learned router,0,1.1341474602271842e-05,0.0,0.0,0.0,0.0,1.0,1.0,0.0,1.0,1.0,1.0,1.0
natural_extraction,environment-8133c6cc066f,environment,dirty,0,Heuristic violations,0,1.1341474602271842e-05,0.0,0.0,0.0,0.0,1.0,1.0,0.0,1.0,1.0,1.0,1.0
natural_extraction,environment-8133c6cc066f,environment,dirty,0,Quality threshold,0,1.1341474602271842e-05,0.0,0.0,0.0,0.0,1.0,1.0,0.0,1.0,1.0,1.0,1.0
natural_extraction,environment-8133c6cc066f,environment,dirty,0,Random 50%,0,1.1341474602271842e-05,0.0,0.0,0.0,0.0,1.0,1.0,0.0,1.0,1.0,1.0,1.0
natural_extraction,environment-8133c6cc066f,environment,dirty,0,Always repair,1,1.1341474602271842e-05,1.0,3.618597039952874,0.0,0.0,1.0,1.0,0.0,1.0,1.0,1.0,1.0
natural_extraction,environment-8133c6cc066f,environment,dirty,0,Never repair,0,1.1341474602271842e-05,0.0,0.0,0.0,0.0,1.0,1.0,0.0,1.0,1.0,1.0,1.0
natural_extraction,environment-83515ec171d1,environment,clean,0,Learned router,0,1.1341474602271842e-05,0.0,0.0,0.0,0.0,1.0,1.0,0.0,1.0,1.0,1.0,1.0
natural_extraction,environment-83515ec171d1,environment,clean,0,Heuristic violations,0,1.1341474602271842e-05,0.0,0.0,0.0,0.0,1.0,1.0,0.0,1.0,1.0,1.0,1.0
natural_extraction,environment-83515ec171d1,environment,clean,0,Quality threshold,0,1.1341474602271842e-05,0.0,0.0,0.0,0.0,1.0,1.0,0.0,1.0,1.0,1.0,1.0
natural_extraction,environment-83515ec171d1,environment,clean,0,Random 50%,0,1.1341474602271842e-05,0.0,0.0,0.0,0.0,1.0,1.0,0.0,1.0,1.0,1.0,1.0
natural_extraction,environment-83515ec171d1,environment,clean,0,Always repair,1,1.1341474602271842e-05,1.0,6.5028531001880765,0.0,0.0,1.0,1.0,0.0,1.0,1.0,1.0,1.0
natural_extraction,environment-83515ec171d1,environment,clean,0,Never repair,0,1.1341474602271842e-05,0.0,0.0,0.0,0.0,1.0,1.0,0.0,1.0,1.0,1.0,1.0
natural_extraction,environment-83515ec171d1,environment,dirty,1,Learned router,1,0.7810530152127727,1.0,5.307136856019497,1.0,0.0,1.0,1.0,0.0,1.0,1.0,1.0,1.0
natural_extraction,environment-83515ec171d1,environment,dirty,1,Heuristic violations,1,0.7810530152127727,1.0,5.307136856019497,1.0,0.0,1.0,1.0,0.0,1.0,1.0,1.0,1.0
natural_extraction,environment-83515ec171d1,environment,dirty,1,Quality threshold,1,0.7810530152127727,1.0,5.307136856019497,1.0,0.0,1.0,1.0,0.0,1.0,1.0,1.0,1.0
natural_extraction,environment-83515ec171d1,environment,dirty,1,Random 50%,1,0.7810530152127727,1.0,5.307136856019497,1.0,0.0,1.0,1.0,0.0,1.0,1.0,1.0,1.0
natural_extraction,environment-83515ec171d1,environment,dirty,1,Always repair,1,0.7810530152127727,1.0,5.307136856019497,1.0,0.0,1.0,1.0,0.0,1.0,1.0,1.0,1.0
natural_extraction,environment-83515ec171d1,environment,dirty,1,Never repair,0,0.7810530152127727,0.0,0.0,1.0,1.0,0.0,1.0,0.0,1.0,0.8571428571428571,0.923076923076923,0.0
natural_extraction,environment-86fe686db66d,environment,clean,0,Learned router,0,1.1341474602271842e-05,0.0,0.0,0.0,0.0,1.0,1.0,0.0,1.0,1.0,1.0,1.0
natural_extraction,environment-86fe686db66d,environment,clean,0,Heuristic violations,0,1.1341474602271842e-05,0.0,0.0,0.0,0.0,1.0,1.0,0.0,1.0,1.0,1.0,1.0
natural_extraction,environment-86fe686db66d,environment,clean,0,Quality threshold,0,1.1341474602271842e-05,0.0,0.0,0.0,0.0,1.0,1.0,0.0,1.0,1.0,1.0,1.0
natural_extraction,environment-86fe686db66d,environment,clean,0,Random 50%,0,1.1341474602271842e-05,0.0,0.0,0.0,0.0,1.0,1.0,0.0,1.0,1.0,1.0,1.0
natural_extraction,environment-86fe686db66d,environment,clean,0,Always repair,1,1.1341474602271842e-05,1.0,6.166281493380666,0.0,0.0,1.0,1.0,0.0,1.0,1.0,1.0,1.0
natural_extraction,environment-86fe686db66d,environment,clean,0,Never repair,0,1.1341474602271842e-05,0.0,0.0,0.0,0.0,1.0,1.0,0.0,1.0,1.0,1.0,1.0
natural_extraction,environment-86fe686db66d,environment,dirty,0,Learned router,0,1.1341474602271842e-05,0.0,0.0,0.0,0.0,1.0,1.0,0.0,1.0,1.0,1.0,1.0
natural_extraction,environment-86fe686db66d,environment,dirty,0,Heuristic violations,0,1.1341474602271842e-05,0.0,0.0,0.0,0.0,1.0,1.0,0.0,1.0,1.0,1.0,1.0
natural_extraction,environment-86fe686db66d,environment,dirty,0,Quality threshold,0,1.1341474602271842e-05,0.0,0.0,0.0,0.0,1.0,1.0,0.0,1.0,1.0,1.0,1.0
natural_extraction,environment-86fe686db66d,environment,dirty,0,Random 50%,1,1.1341474602271842e-05,1.0,3.727054157294333,0.0,0.0,1.0,1.0,0.0,1.0,1.0,1.0,1.0
natural_extraction,environment-86fe686db66d,environment,dirty,0,Always repair,1,1.1341474602271842e-05,1.0,3.727054157294333,0.0,0.0,1.0,1.0,0.0,1.0,1.0,1.0,1.0
natural_extraction,environment-86fe686db66d,environment,dirty,0,Never repair,0,1.1341474602271842e-05,0.0,0.0,0.0,0.0,1.0,1.0,0.0,1.0,1.0,1.0,1.0
natural_extraction,environment-881c0e7d9761,environment,clean,0,Learned router,0,1.1341474602271842e-05,0.0,0.0,0.0,0.0,1.0,1.0,0.0,1.0,1.0,1.0,1.0
natural_extraction,environment-881c0e7d9761,environment,clean,0,Heuristic violations,0,1.1341474602271842e-05,0.0,0.0,0.0,0.0,1.0,1.0,0.0,1.0,1.0,1.0,1.0
natural_extraction,environment-881c0e7d9761,environment,clean,0,Quality threshold,0,1.1341474602271842e-05,0.0,0.0,0.0,0.0,1.0,1.0,0.0,1.0,1.0,1.0,1.0
natural_extraction,environment-881c0e7d9761,environment,clean,0,Random 50%,0,1.1341474602271842e-05,0.0,0.0,0.0,0.0,1.0,1.0,0.0,1.0,1.0,1.0,1.0
natural_extraction,environment-881c0e7d9761,environment,clean,0,Always repair,1,1.1341474602271842e-05,1.0,6.822562468238175,0.0,0.0,1.0,1.0,0.0,1.0,1.0,1.0,1.0
natural_extraction,environment-881c0e7d9761,environment,clean,0,Never repair,0,1.1341474602271842e-05,0.0,0.0,0.0,0.0,1.0,1.0,0.0,1.0,1.0,1.0,1.0
natural_extraction,environment-881c0e7d9761,environment,dirty,0,Learned router,0,1.1341474602271842e-05,0.0,0.0,0.0,0.0,1.0,1.0,0.0,1.0,1.0,1.0,1.0
natural_extraction,environment-881c0e7d9761,environment,dirty,0,Heuristic violations,0,1.1341474602271842e-05,0.0,0.0,0.0,0.0,1.0,1.0,0.0,1.0,1.0,1.0,1.0
natural_extraction,environment-881c0e7d9761,environment,dirty,0,Quality threshold,0,1.1341474602271842e-05,0.0,0.0,0.0,0.0,1.0,1.0,0.0,1.0,1.0,1.0,1.0
natural_extraction,environment-881c0e7d9761,environment,dirty,0,Random 50%,1,1.1341474602271842e-05,1.0,6.772779351100326,0.0,0.0,1.0,1.0,0.0,1.0,1.0,1.0,1.0
natural_extraction,environment-881c0e7d9761,environment,dirty,0,Always repair,1,1.1341474602271842e-05,1.0,6.772779351100326,0.0,0.0,1.0,1.0,0.0,1.0,1.0,1.0,1.0
natural_extraction,environment-881c0e7d9761,environment,dirty,0,Never repair,0,1.1341474602271842e-05,0.0,0.0,0.0,0.0,1.0,1.0,0.0,1.0,1.0,1.0,1.0
natural_extraction,environment-8f82d82a5158,environment,clean,0,Learned router,0,1.1341474602271842e-05,0.0,0.0,0.0,0.0,1.0,1.0,0.0,1.0,1.0,1.0,1.0
natural_extraction,environment-8f82d82a5158,environment,clean,0,Heuristic violations,0,1.1341474602271842e-05,0.0,0.0,0.0,0.0,1.0,1.0,0.0,1.0,1.0,1.0,1.0
natural_extraction,environment-8f82d82a5158,environment,clean,0,Quality threshold,0,1.1341474602271842e-05,0.0,0.0,0.0,0.0,1.0,1.0,0.0,1.0,1.0,1.0,1.0
natural_extraction,environment-8f82d82a5158,environment,clean,0,Random 50%,1,1.1341474602271842e-05,1.0,5.075054093264043,0.0,0.0,1.0,1.0,0.0,1.0,1.0,1.0,1.0
natural_extraction,environment-8f82d82a5158,environment,clean,0,Always repair,1,1.1341474602271842e-05,1.0,5.075054093264043,0.0,0.0,1.0,1.0,0.0,1.0,1.0,1.0,1.0
natural_extraction,environment-8f82d82a5158,environment,clean,0,Never repair,0,1.1341474602271842e-05,0.0,0.0,0.0,0.0,1.0,1.0,0.0,1.0,1.0,1.0,1.0
natural_extraction,environment-8f82d82a5158,environment,dirty,0,Learned router,0,1.1341474602271842e-05,0.0,0.0,0.0,0.0,1.0,1.0,0.0,1.0,1.0,1.0,1.0
natural_extraction,environment-8f82d82a5158,environment,dirty,0,Heuristic violations,0,1.1341474602271842e-05,0.0,0.0,0.0,0.0,1.0,1.0,0.0,1.0,1.0,1.0,1.0
natural_extraction,environment-8f82d82a5158,environment,dirty,0,Quality threshold,0,1.1341474602271842e-05,0.0,0.0,0.0,0.0,1.0,1.0,0.0,1.0,1.0,1.0,1.0
natural_extraction,environment-8f82d82a5158,environment,dirty,0,Random 50%,1,1.1341474602271842e-05,1.0,5.33440491463989,0.0,0.0,1.0,1.0,0.0,1.0,1.0,1.0,1.0
natural_extraction,environment-8f82d82a5158,environment,dirty,0,Always repair,1,1.1341474602271842e-05,1.0,5.33440491463989,0.0,0.0,1.0,1.0,0.0,1.0,1.0,1.0,1.0
natural_extraction,environment-8f82d82a5158,environment,dirty,0,Never repair,0,1.1341474602271842e-05,0.0,0.0,0.0,0.0,1.0,1.0,0.0,1.0,1.0,1.0,1.0
natural_extraction,environment-97367a3e7abe,environment,clean,0,Learned router,0,1.1341474602271842e-05,0.0,0.0,0.0,0.0,1.0,1.0,0.0,1.0,1.0,1.0,1.0
natural_extraction,environment-97367a3e7abe,environment,clean,0,Heuristic violations,0,1.1341474602271842e-05,0.0,0.0,0.0,0.0,1.0,1.0,0.0,1.0,1.0,1.0,1.0
natural_extraction,environment-97367a3e7abe,environment,clean,0,Quality threshold,0,1.1341474602271842e-05,0.0,0.0,0.0,0.0,1.0,1.0,0.0,1.0,1.0,1.0,1.0
natural_extraction,environment-97367a3e7abe,environment,clean,0,Random 50%,0,1.1341474602271842e-05,0.0,0.0,0.0,0.0,1.0,1.0,0.0,1.0,1.0,1.0,1.0
natural_extraction,environment-97367a3e7abe,environment,clean,0,Always repair,1,1.1341474602271842e-05,1.0,6.8955314652994275,0.0,0.0,1.0,1.0,0.0,1.0,1.0,1.0,1.0
natural_extraction,environment-97367a3e7abe,environment,clean,0,Never repair,0,1.1341474602271842e-05,0.0,0.0,0.0,0.0,1.0,1.0,0.0,1.0,1.0,1.0,1.0
natural_extraction,environment-97367a3e7abe,environment,dirty,0,Learned router,0,1.1341474602271842e-05,0.0,0.0,0.0,0.0,1.0,1.0,0.0,1.0,1.0,1.0,1.0
natural_extraction,environment-97367a3e7abe,environment,dirty,0,Heuristic violations,0,1.1341474602271842e-05,0.0,0.0,0.0,0.0,1.0,1.0,0.0,1.0,1.0,1.0,1.0
natural_extraction,environment-97367a3e7abe,environment,dirty,0,Quality threshold,0,1.1341474602271842e-05,0.0,0.0,0.0,0.0,1.0,1.0,0.0,1.0,1.0,1.0,1.0
natural_extraction,environment-97367a3e7abe,environment,dirty,0,Random 50%,1,1.1341474602271842e-05,1.0,4.074352229945362,0.0,0.0,1.0,1.0,0.0,1.0,1.0,1.0,1.0
natural_extraction,environment-97367a3e7abe,environment,dirty,0,Always repair,1,1.1341474602271842e-05,1.0,4.074352229945362,0.0,0.0,1.0,1.0,0.0,1.0,1.0,1.0,1.0
natural_extraction,environment-97367a3e7abe,environment,dirty,0,Never repair,0,1.1341474602271842e-05,0.0,0.0,0.0,0.0,1.0,1.0,0.0,1.0,1.0,1.0,1.0
natural_extraction,environment-97a02c0a8570,environment,clean,0,Learned router,0,1.1341474602271842e-05,0.0,0.0,0.0,0.0,1.0,1.0,0.0,1.0,1.0,1.0,1.0
natural_extraction,environment-97a02c0a8570,environment,clean,0,Heuristic violations,0,1.1341474602271842e-05,0.0,0.0,0.0,0.0,1.0,1.0,0.0,1.0,1.0,1.0,1.0
natural_extraction,environment-97a02c0a8570,environment,clean,0,Quality threshold,0,1.1341474602271842e-05,0.0,0.0,0.0,0.0,1.0,1.0,0.0,1.0,1.0,1.0,1.0
natural_extraction,environment-97a02c0a8570,environment,clean,0,Random 50%,0,1.1341474602271842e-05,0.0,0.0,0.0,0.0,1.0,1.0,0.0,1.0,1.0,1.0,1.0
natural_extraction,environment-97a02c0a8570,environment,clean,0,Always repair,1,1.1341474602271842e-05,1.0,5.105809106491506,0.0,0.0,1.0,1.0,0.0,1.0,1.0,1.0,1.0
natural_extraction,environment-97a02c0a8570,environment,clean,0,Never repair,0,1.1341474602271842e-05,0.0,0.0,0.0,0.0,1.0,1.0,0.0,1.0,1.0,1.0,1.0
natural_extraction,environment-97a02c0a8570,environment,dirty,0,Learned router,0,1.1341474602271842e-05,0.0,0.0,0.0,0.0,1.0,1.0,0.0,1.0,1.0,1.0,1.0
natural_extraction,environment-97a02c0a8570,environment,dirty,0,Heuristic violations,0,1.1341474602271842e-05,0.0,0.0,0.0,0.0,1.0,1.0,0.0,1.0,1.0,1.0,1.0
natural_extraction,environment-97a02c0a8570,environment,dirty,0,Quality threshold,0,1.1341474602271842e-05,0.0,0.0,0.0,0.0,1.0,1.0,0.0,1.0,1.0,1.0,1.0
natural_extraction,environment-97a02c0a8570,environment,dirty,0,Random 50%,0,1.1341474602271842e-05,0.0,0.0,0.0,0.0,1.0,1.0,0.0,1.0,1.0,1.0,1.0
natural_extraction,environment-97a02c0a8570,environment,dirty,0,Always repair,1,1.1341474602271842e-05,1.0,3.616839931346476,0.0,0.0,1.0,1.0,0.0,1.0,1.0,1.0,1.0
natural_extraction,environment-97a02c0a8570,environment,dirty,0,Never repair,0,1.1341474602271842e-05,0.0,0.0,0.0,0.0,1.0,1.0,0.0,1.0,1.0,1.0,1.0
natural_extraction,environment-9bc6c831d815,environment,clean,0,Learned router,0,1.1341474602271842e-05,0.0,0.0,0.0,0.0,1.0,1.0,0.0,1.0,1.0,1.0,1.0
natural_extraction,environment-9bc6c831d815,environment,clean,0,Heuristic violations,0,1.1341474602271842e-05,0.0,0.0,0.0,0.0,1.0,1.0,0.0,1.0,1.0,1.0,1.0
natural_extraction,environment-9bc6c831d815,environment,clean,0,Quality threshold,0,1.1341474602271842e-05,0.0,0.0,0.0,0.0,1.0,1.0,0.0,1.0,1.0,1.0,1.0
natural_extraction,environment-9bc6c831d815,environment,clean,0,Random 50%,1,1.1341474602271842e-05,1.0,7.410985199734569,0.0,0.0,1.0,1.0,0.0,1.0,1.0,1.0,1.0
natural_extraction,environment-9bc6c831d815,environment,clean,0,Always repair,1,1.1341474602271842e-05,1.0,7.410985199734569,0.0,0.0,1.0,1.0,0.0,1.0,1.0,1.0,1.0
natural_extraction,environment-9bc6c831d815,environment,clean,0,Never repair,0,1.1341474602271842e-05,0.0,0.0,0.0,0.0,1.0,1.0,0.0,1.0,1.0,1.0,1.0
natural_extraction,environment-9bc6c831d815,environment,dirty,0,Learned router,0,1.1341474602271842e-05,0.0,0.0,0.0,0.0,1.0,1.0,0.0,1.0,1.0,1.0,1.0
natural_extraction,environment-9bc6c831d815,environment,dirty,0,Heuristic violations,0,1.1341474602271842e-05,0.0,0.0,0.0,0.0,1.0,1.0,0.0,1.0,1.0,1.0,1.0
natural_extraction,environment-9bc6c831d815,environment,dirty,0,Quality threshold,0,1.1341474602271842e-05,0.0,0.0,0.0,0.0,1.0,1.0,0.0,1.0,1.0,1.0,1.0
natural_extraction,environment-9bc6c831d815,environment,dirty,0,Random 50%,1,1.1341474602271842e-05,1.0,8.164408438839018,0.0,0.0,1.0,1.0,0.0,1.0,1.0,1.0,1.0
natural_extraction,environment-9bc6c831d815,environment,dirty,0,Always repair,1,1.1341474602271842e-05,1.0,8.164408438839018,0.0,0.0,1.0,1.0,0.0,1.0,1.0,1.0,1.0
natural_extraction,environment-9bc6c831d815,environment,dirty,0,Never repair,0,1.1341474602271842e-05,0.0,0.0,0.0,0.0,1.0,1.0,0.0,1.0,1.0,1.0,1.0
natural_extraction,environment-9c3ab0518483,environment,clean,0,Learned router,0,1.1341474602271842e-05,0.0,0.0,0.0,0.0,1.0,1.0,0.0,1.0,1.0,1.0,1.0
natural_extraction,environment-9c3ab0518483,environment,clean,0,Heuristic violations,0,1.1341474602271842e-05,0.0,0.0,0.0,0.0,1.0,1.0,0.0,1.0,1.0,1.0,1.0
natural_extraction,environment-9c3ab0518483,environment,clean,0,Quality threshold,0,1.1341474602271842e-05,0.0,0.0,0.0,0.0,1.0,1.0,0.0,1.0,1.0,1.0,1.0
natural_extraction,environment-9c3ab0518483,environment,clean,0,Random 50%,0,1.1341474602271842e-05,0.0,0.0,0.0,0.0,1.0,1.0,0.0,1.0,1.0,1.0,1.0
natural_extraction,environment-9c3ab0518483,environment,clean,0,Always repair,1,1.1341474602271842e-05,1.0,7.241746875457466,0.0,0.0,1.0,1.0,0.0,1.0,1.0,1.0,1.0
natural_extraction,environment-9c3ab0518483,environment,clean,0,Never repair,0,1.1341474602271842e-05,0.0,0.0,0.0,0.0,1.0,1.0,0.0,1.0,1.0,1.0,1.0
natural_extraction,environment-9c3ab0518483,environment,dirty,1,Learned router,1,0.7810530152127727,1.0,7.166555385105312,1.0,0.0,1.0,1.0,0.0,1.0,1.0,1.0,1.0
natural_extraction,environment-9c3ab0518483,environment,dirty,1,Heuristic violations,1,0.7810530152127727,1.0,7.166555385105312,1.0,0.0,1.0,1.0,0.0,1.0,1.0,1.0,1.0
natural_extraction,environment-9c3ab0518483,environment,dirty,1,Quality threshold,1,0.7810530152127727,1.0,7.166555385105312,1.0,0.0,1.0,1.0,0.0,1.0,1.0,1.0,1.0
natural_extraction,environment-9c3ab0518483,environment,dirty,1,Random 50%,0,0.7810530152127727,0.0,0.0,1.0,1.0,0.0,1.0,0.0,1.0,0.8571428571428571,0.923076923076923,0.0
natural_extraction,environment-9c3ab0518483,environment,dirty,1,Always repair,1,0.7810530152127727,1.0,7.166555385105312,1.0,0.0,1.0,1.0,0.0,1.0,1.0,1.0,1.0
natural_extraction,environment-9c3ab0518483,environment,dirty,1,Never repair,0,0.7810530152127727,0.0,0.0,1.0,1.0,0.0,1.0,0.0,1.0,0.8571428571428571,0.923076923076923,0.0
natural_extraction,environment-9d45c9c3e169,environment,clean,0,Learned router,0,1.1341474602271842e-05,0.0,0.0,0.0,0.0,1.0,1.0,0.0,1.0,1.0,1.0,1.0
natural_extraction,environment-9d45c9c3e169,environment,clean,0,Heuristic violations,0,1.1341474602271842e-05,0.0,0.0,0.0,0.0,1.0,1.0,0.0,1.0,1.0,1.0,1.0
natural_extraction,environment-9d45c9c3e169,environment,clean,0,Quality threshold,0,1.1341474602271842e-05,0.0,0.0,0.0,0.0,1.0,1.0,0.0,1.0,1.0,1.0,1.0
natural_extraction,environment-9d45c9c3e169,environment,clean,0,Random 50%,1,1.1341474602271842e-05,1.0,6.638645799830556,0.0,0.0,1.0,1.0,0.0,1.0,1.0,1.0,1.0
natural_extraction,environment-9d45c9c3e169,environment,clean,0,Always repair,1,1.1341474602271842e-05,1.0,6.638645799830556,0.0,0.0,1.0,1.0,0.0,1.0,1.0,1.0,1.0
natural_extraction,environment-9d45c9c3e169,environment,clean,0,Never repair,0,1.1341474602271842e-05,0.0,0.0,0.0,0.0,1.0,1.0,0.0,1.0,1.0,1.0,1.0
natural_extraction,environment-9d45c9c3e169,environment,dirty,0,Learned router,0,1.1341474602271842e-05,0.0,0.0,0.0,0.0,1.0,1.0,0.0,1.0,1.0,1.0,1.0
natural_extraction,environment-9d45c9c3e169,environment,dirty,0,Heuristic violations,0,1.1341474602271842e-05,0.0,0.0,0.0,0.0,1.0,1.0,0.0,1.0,1.0,1.0,1.0
natural_extraction,environment-9d45c9c3e169,environment,dirty,0,Quality threshold,0,1.1341474602271842e-05,0.0,0.0,0.0,0.0,1.0,1.0,0.0,1.0,1.0,1.0,1.0
natural_extraction,environment-9d45c9c3e169,environment,dirty,0,Random 50%,1,1.1341474602271842e-05,1.0,6.619419202208519,0.0,0.0,1.0,1.0,0.0,1.0,1.0,1.0,1.0
natural_extraction,environment-9d45c9c3e169,environment,dirty,0,Always repair,1,1.1341474602271842e-05,1.0,6.619419202208519,0.0,0.0,1.0,1.0,0.0,1.0,1.0,1.0,1.0
natural_extraction,environment-9d45c9c3e169,environment,dirty,0,Never repair,0,1.1341474602271842e-05,0.0,0.0,0.0,0.0,1.0,1.0,0.0,1.0,1.0,1.0,1.0
natural_extraction,environment-9db536bb5481,environment,clean,0,Learned router,0,1.1341474602271842e-05,0.0,0.0,0.0,0.0,1.0,1.0,0.0,1.0,1.0,1.0,1.0
natural_extraction,environment-9db536bb5481,environment,clean,0,Heuristic violations,0,1.1341474602271842e-05,0.0,0.0,0.0,0.0,1.0,1.0,0.0,1.0,1.0,1.0,1.0
natural_extraction,environment-9db536bb5481,environment,clean,0,Quality threshold,0,1.1341474602271842e-05,0.0,0.0,0.0,0.0,1.0,1.0,0.0,1.0,1.0,1.0,1.0
natural_extraction,environment-9db536bb5481,environment,clean,0,Random 50%,1,1.1341474602271842e-05,1.0,6.381031525321305,0.0,0.0,1.0,1.0,0.0,1.0,1.0,1.0,1.0
natural_extraction,environment-9db536bb5481,environment,clean,0,Always repair,1,1.1341474602271842e-05,1.0,6.381031525321305,0.0,0.0,1.0,1.0,0.0,1.0,1.0,1.0,1.0
natural_extraction,environment-9db536bb5481,environment,clean,0,Never repair,0,1.1341474602271842e-05,0.0,0.0,0.0,0.0,1.0,1.0,0.0,1.0,1.0,1.0,1.0
natural_extraction,environment-9db536bb5481,environment,dirty,0,Learned router,0,1.1341474602271842e-05,0.0,0.0,0.0,0.0,1.0,1.0,0.0,1.0,1.0,1.0,1.0
natural_extraction,environment-9db536bb5481,environment,dirty,0,Heuristic violations,0,1.1341474602271842e-05,0.0,0.0,0.0,0.0,1.0,1.0,0.0,1.0,1.0,1.0,1.0
natural_extraction,environment-9db536bb5481,environment,dirty,0,Quality threshold,0,1.1341474602271842e-05,0.0,0.0,0.0,0.0,1.0,1.0,0.0,1.0,1.0,1.0,1.0
natural_extraction,environment-9db536bb5481,environment,dirty,0,Random 50%,0,1.1341474602271842e-05,0.0,0.0,0.0,0.0,1.0,1.0,0.0,1.0,1.0,1.0,1.0
natural_extraction,environment-9db536bb5481,environment,dirty,0,Always repair,1,1.1341474602271842e-05,1.0,5.7261909525841475,0.0,0.0,1.0,1.0,0.0,1.0,1.0,1.0,1.0
natural_extraction,environment-9db536bb5481,environment,dirty,0,Never repair,0,1.1341474602271842e-05,0.0,0.0,0.0,0.0,1.0,1.0,0.0,1.0,1.0,1.0,1.0
natural_extraction,environment-a27e6935c7d3,environment,clean,0,Learned router,0,1.1341474602271842e-05,0.0,0.0,0.0,0.0,1.0,1.0,0.0,1.0,1.0,1.0,1.0
natural_extraction,environment-a27e6935c7d3,environment,clean,0,Heuristic violations,0,1.1341474602271842e-05,0.0,0.0,0.0,0.0,1.0,1.0,0.0,1.0,1.0,1.0,1.0
natural_extraction,environment-a27e6935c7d3,environment,clean,0,Quality threshold,0,1.1341474602271842e-05,0.0,0.0,0.0,0.0,1.0,1.0,0.0,1.0,1.0,1.0,1.0
natural_extraction,environment-a27e6935c7d3,environment,clean,0,Random 50%,0,1.1341474602271842e-05,0.0,0.0,0.0,0.0,1.0,1.0,0.0,1.0,1.0,1.0,1.0
natural_extraction,environment-a27e6935c7d3,environment,clean,0,Always repair,1,1.1341474602271842e-05,1.0,5.691042478196323,0.0,0.0,1.0,1.0,0.0,1.0,1.0,1.0,1.0
natural_extraction,environment-a27e6935c7d3,environment,clean,0,Never repair,0,1.1341474602271842e-05,0.0,0.0,0.0,0.0,1.0,1.0,0.0,1.0,1.0,1.0,1.0
natural_extraction,environment-a27e6935c7d3,environment,dirty,0,Learned router,0,1.1341474602271842e-05,0.0,0.0,0.0,0.0,1.0,1.0,0.0,1.0,1.0,1.0,1.0
natural_extraction,environment-a27e6935c7d3,environment,dirty,0,Heuristic violations,0,1.1341474602271842e-05,0.0,0.0,0.0,0.0,1.0,1.0,0.0,1.0,1.0,1.0,1.0
natural_extraction,environment-a27e6935c7d3,environment,dirty,0,Quality threshold,0,1.1341474602271842e-05,0.0,0.0,0.0,0.0,1.0,1.0,0.0,1.0,1.0,1.0,1.0
natural_extraction,environment-a27e6935c7d3,environment,dirty,0,Random 50%,1,1.1341474602271842e-05,1.0,8.161741722375154,0.0,0.0,1.0,1.0,0.0,1.0,1.0,1.0,1.0
natural_extraction,environment-a27e6935c7d3,environment,dirty,0,Always repair,1,1.1341474602271842e-05,1.0,8.161741722375154,0.0,0.0,1.0,1.0,0.0,1.0,1.0,1.0,1.0
natural_extraction,environment-a27e6935c7d3,environment,dirty,0,Never repair,0,1.1341474602271842e-05,0.0,0.0,0.0,0.0,1.0,1.0,0.0,1.0,1.0,1.0,1.0
natural_extraction,environment-a34b1a59b069,environment,clean,0,Learned router,0,1.1341474602271842e-05,0.0,0.0,0.0,0.0,1.0,1.0,0.0,1.0,1.0,1.0,1.0
natural_extraction,environment-a34b1a59b069,environment,clean,0,Heuristic violations,0,1.1341474602271842e-05,0.0,0.0,0.0,0.0,1.0,1.0,0.0,1.0,1.0,1.0,1.0
natural_extraction,environment-a34b1a59b069,environment,clean,0,Quality threshold,0,1.1341474602271842e-05,0.0,0.0,0.0,0.0,1.0,1.0,0.0,1.0,1.0,1.0,1.0
natural_extraction,environment-a34b1a59b069,environment,clean,0,Random 50%,1,1.1341474602271842e-05,1.0,6.732141301035881,0.0,0.0,1.0,1.0,0.0,1.0,1.0,1.0,1.0
natural_extraction,environment-a34b1a59b069,environment,clean,0,Always repair,1,1.1341474602271842e-05,1.0,6.732141301035881,0.0,0.0,1.0,1.0,0.0,1.0,1.0,1.0,1.0
natural_extraction,environment-a34b1a59b069,environment,clean,0,Never repair,0,1.1341474602271842e-05,0.0,0.0,0.0,0.0,1.0,1.0,0.0,1.0,1.0,1.0,1.0
natural_extraction,environment-a34b1a59b069,environment,dirty,0,Learned router,0,1.1341474602271842e-05,0.0,0.0,0.0,0.0,1.0,1.0,0.0,1.0,1.0,1.0,1.0
natural_extraction,environment-a34b1a59b069,environment,dirty,0,Heuristic violations,0,1.1341474602271842e-05,0.0,0.0,0.0,0.0,1.0,1.0,0.0,1.0,1.0,1.0,1.0
natural_extraction,environment-a34b1a59b069,environment,dirty,0,Quality threshold,0,1.1341474602271842e-05,0.0,0.0,0.0,0.0,1.0,1.0,0.0,1.0,1.0,1.0,1.0
natural_extraction,environment-a34b1a59b069,environment,dirty,0,Random 50%,1,1.1341474602271842e-05,1.0,5.933432609774172,0.0,0.0,1.0,1.0,0.0,1.0,1.0,1.0,1.0
natural_extraction,environment-a34b1a59b069,environment,dirty,0,Always repair,1,1.1341474602271842e-05,1.0,5.933432609774172,0.0,0.0,1.0,1.0,0.0,1.0,1.0,1.0,1.0
natural_extraction,environment-a34b1a59b069,environment,dirty,0,Never repair,0,1.1341474602271842e-05,0.0,0.0,0.0,0.0,1.0,1.0,0.0,1.0,1.0,1.0,1.0
natural_extraction,environment-b10c2ad002c7,environment,clean,0,Learned router,0,1.1341474602271842e-05,0.0,0.0,0.0,0.0,1.0,1.0,0.0,1.0,1.0,1.0,1.0
natural_extraction,environment-b10c2ad002c7,environment,clean,0,Heuristic violations,0,1.1341474602271842e-05,0.0,0.0,0.0,0.0,1.0,1.0,0.0,1.0,1.0,1.0,1.0
natural_extraction,environment-b10c2ad002c7,environment,clean,0,Quality threshold,0,1.1341474602271842e-05,0.0,0.0,0.0,0.0,1.0,1.0,0.0,1.0,1.0,1.0,1.0
natural_extraction,environment-b10c2ad002c7,environment,clean,0,Random 50%,0,1.1341474602271842e-05,0.0,0.0,0.0,0.0,1.0,1.0,0.0,1.0,1.0,1.0,1.0
natural_extraction,environment-b10c2ad002c7,environment,clean,0,Always repair,1,1.1341474602271842e-05,1.0,6.950905350968242,0.0,0.0,1.0,1.0,0.0,1.0,1.0,1.0,1.0
natural_extraction,environment-b10c2ad002c7,environment,clean,0,Never repair,0,1.1341474602271842e-05,0.0,0.0,0.0,0.0,1.0,1.0,0.0,1.0,1.0,1.0,1.0
natural_extraction,environment-b10c2ad002c7,environment,dirty,0,Learned router,0,1.1341474602271842e-05,0.0,0.0,0.0,0.0,1.0,1.0,0.0,1.0,1.0,1.0,1.0
natural_extraction,environment-b10c2ad002c7,environment,dirty,0,Heuristic violations,0,1.1341474602271842e-05,0.0,0.0,0.0,0.0,1.0,1.0,0.0,1.0,1.0,1.0,1.0
natural_extraction,environment-b10c2ad002c7,environment,dirty,0,Quality threshold,0,1.1341474602271842e-05,0.0,0.0,0.0,0.0,1.0,1.0,0.0,1.0,1.0,1.0,1.0
natural_extraction,environment-b10c2ad002c7,environment,dirty,0,Random 50%,0,1.1341474602271842e-05,0.0,0.0,0.0,0.0,1.0,1.0,0.0,1.0,1.0,1.0,1.0
natural_extraction,environment-b10c2ad002c7,environment,dirty,0,Always repair,1,1.1341474602271842e-05,1.0,6.901549174450338,0.0,0.0,1.0,1.0,0.0,1.0,1.0,1.0,1.0
natural_extraction,environment-b10c2ad002c7,environment,dirty,0,Never repair,0,1.1341474602271842e-05,0.0,0.0,0.0,0.0,1.0,1.0,0.0,1.0,1.0,1.0,1.0
natural_extraction,environment-b46968fd65e3,environment,clean,0,Learned router,0,1.1341474602271842e-05,0.0,0.0,0.0,0.0,1.0,1.0,0.0,1.0,1.0,1.0,1.0
natural_extraction,environment-b46968fd65e3,environment,clean,0,Heuristic violations,0,1.1341474602271842e-05,0.0,0.0,0.0,0.0,1.0,1.0,0.0,1.0,1.0,1.0,1.0
natural_extraction,environment-b46968fd65e3,environment,clean,0,Quality threshold,0,1.1341474602271842e-05,0.0,0.0,0.0,0.0,1.0,1.0,0.0,1.0,1.0,1.0,1.0
natural_extraction,environment-b46968fd65e3,environment,clean,0,Random 50%,0,1.1341474602271842e-05,0.0,0.0,0.0,0.0,1.0,1.0,0.0,1.0,1.0,1.0,1.0
natural_extraction,environment-b46968fd65e3,environment,clean,0,Always repair,1,1.1341474602271842e-05,1.0,6.938856130465865,0.0,0.0,1.0,1.0,0.0,1.0,1.0,1.0,1.0
natural_extraction,environment-b46968fd65e3,environment,clean,0,Never repair,0,1.1341474602271842e-05,0.0,0.0,0.0,0.0,1.0,1.0,0.0,1.0,1.0,1.0,1.0
natural_extraction,environment-b46968fd65e3,environment,dirty,0,Learned router,0,1.1341474602271842e-05,0.0,0.0,0.0,0.0,1.0,1.0,0.0,1.0,1.0,1.0,1.0
natural_extraction,environment-b46968fd65e3,environment,dirty,0,Heuristic violations,0,1.1341474602271842e-05,0.0,0.0,0.0,0.0,1.0,1.0,0.0,1.0,1.0,1.0,1.0
natural_extraction,environment-b46968fd65e3,environment,dirty,0,Quality threshold,0,1.1341474602271842e-05,0.0,0.0,0.0,0.0,1.0,1.0,0.0,1.0,1.0,1.0,1.0
natural_extraction,environment-b46968fd65e3,environment,dirty,0,Random 50%,0,1.1341474602271842e-05,0.0,0.0,0.0,0.0,1.0,1.0,0.0,1.0,1.0,1.0,1.0
natural_extraction,environment-b46968fd65e3,environment,dirty,0,Always repair,1,1.1341474602271842e-05,1.0,6.480405704118311,0.0,0.0,1.0,1.0,0.0,1.0,1.0,1.0,1.0
natural_extraction,environment-b46968fd65e3,environment,dirty,0,Never repair,0,1.1341474602271842e-05,0.0,0.0,0.0,0.0,1.0,1.0,0.0,1.0,1.0,1.0,1.0
natural_extraction,environment-ba287414223a,environment,clean,0,Learned router,0,1.1341474602271842e-05,0.0,0.0,0.0,0.0,1.0,1.0,0.0,1.0,1.0,1.0,1.0
natural_extraction,environment-ba287414223a,environment,clean,0,Heuristic violations,0,1.1341474602271842e-05,0.0,0.0,0.0,0.0,1.0,1.0,0.0,1.0,1.0,1.0,1.0
natural_extraction,environment-ba287414223a,environment,clean,0,Quality threshold,0,1.1341474602271842e-05,0.0,0.0,0.0,0.0,1.0,1.0,0.0,1.0,1.0,1.0,1.0
natural_extraction,environment-ba287414223a,environment,clean,0,Random 50%,1,1.1341474602271842e-05,1.0,6.752198929898441,0.0,0.0,1.0,1.0,0.0,1.0,1.0,1.0,1.0
natural_extraction,environment-ba287414223a,environment,clean,0,Always repair,1,1.1341474602271842e-05,1.0,6.752198929898441,0.0,0.0,1.0,1.0,0.0,1.0,1.0,1.0,1.0
natural_extraction,environment-ba287414223a,environment,clean,0,Never repair,0,1.1341474602271842e-05,0.0,0.0,0.0,0.0,1.0,1.0,0.0,1.0,1.0,1.0,1.0
natural_extraction,environment-ba287414223a,environment,dirty,0,Learned router,0,1.1341474602271842e-05,0.0,0.0,0.0,0.0,1.0,1.0,0.0,1.0,1.0,1.0,1.0
natural_extraction,environment-ba287414223a,environment,dirty,0,Heuristic violations,0,1.1341474602271842e-05,0.0,0.0,0.0,0.0,1.0,1.0,0.0,1.0,1.0,1.0,1.0
natural_extraction,environment-ba287414223a,environment,dirty,0,Quality threshold,0,1.1341474602271842e-05,0.0,0.0,0.0,0.0,1.0,1.0,0.0,1.0,1.0,1.0,1.0
natural_extraction,environment-ba287414223a,environment,dirty,0,Random 50%,0,1.1341474602271842e-05,0.0,0.0,0.0,0.0,1.0,1.0,0.0,1.0,1.0,1.0,1.0
natural_extraction,environment-ba287414223a,environment,dirty,0,Always repair,1,1.1341474602271842e-05,1.0,6.031494716182351,0.0,0.0,1.0,1.0,0.0,1.0,1.0,1.0,1.0
natural_extraction,environment-ba287414223a,environment,dirty,0,Never repair,0,1.1341474602271842e-05,0.0,0.0,0.0,0.0,1.0,1.0,0.0,1.0,1.0,1.0,1.0
natural_extraction,environment-be1577847f91,environment,clean,0,Learned router,0,1.1341474602271842e-05,0.0,0.0,0.0,0.0,1.0,1.0,0.0,1.0,1.0,1.0,1.0
natural_extraction,environment-be1577847f91,environment,clean,0,Heuristic violations,0,1.1341474602271842e-05,0.0,0.0,0.0,0.0,1.0,1.0,0.0,1.0,1.0,1.0,1.0
natural_extraction,environment-be1577847f91,environment,clean,0,Quality threshold,0,1.1341474602271842e-05,0.0,0.0,0.0,0.0,1.0,1.0,0.0,1.0,1.0,1.0,1.0
natural_extraction,environment-be1577847f91,environment,clean,0,Random 50%,0,1.1341474602271842e-05,0.0,0.0,0.0,0.0,1.0,1.0,0.0,1.0,1.0,1.0,1.0
natural_extraction,environment-be1577847f91,environment,clean,0,Always repair,1,1.1341474602271842e-05,1.0,6.838687430135906,0.0,0.0,1.0,1.0,0.0,1.0,1.0,1.0,1.0
natural_extraction,environment-be1577847f91,environment,clean,0,Never repair,0,1.1341474602271842e-05,0.0,0.0,0.0,0.0,1.0,1.0,0.0,1.0,1.0,1.0,1.0
natural_extraction,environment-be1577847f91,environment,dirty,0,Learned router,0,1.1341474602271842e-05,0.0,0.0,0.0,0.0,1.0,1.0,0.0,1.0,1.0,1.0,1.0
natural_extraction,environment-be1577847f91,environment,dirty,0,Heuristic violations,0,1.1341474602271842e-05,0.0,0.0,0.0,0.0,1.0,1.0,0.0,1.0,1.0,1.0,1.0
natural_extraction,environment-be1577847f91,environment,dirty,0,Quality threshold,0,1.1341474602271842e-05,0.0,0.0,0.0,0.0,1.0,1.0,0.0,1.0,1.0,1.0,1.0
natural_extraction,environment-be1577847f91,environment,dirty,0,Random 50%,0,1.1341474602271842e-05,0.0,0.0,0.0,0.0,1.0,1.0,0.0,1.0,1.0,1.0,1.0
natural_extraction,environment-be1577847f91,environment,dirty,0,Always repair,1,1.1341474602271842e-05,1.0,5.92651782091707,0.0,0.0,1.0,1.0,0.0,1.0,1.0,1.0,1.0
natural_extraction,environment-be1577847f91,environment,dirty,0,Never repair,0,1.1341474602271842e-05,0.0,0.0,0.0,0.0,1.0,1.0,0.0,1.0,1.0,1.0,1.0
natural_extraction,environment-c319ffb1ccdb,environment,clean,0,Learned router,0,1.1341474602271842e-05,0.0,0.0,0.0,0.0,1.0,1.0,0.0,1.0,1.0,1.0,1.0
natural_extraction,environment-c319ffb1ccdb,environment,clean,0,Heuristic violations,0,1.1341474602271842e-05,0.0,0.0,0.0,0.0,1.0,1.0,0.0,1.0,1.0,1.0,1.0
natural_extraction,environment-c319ffb1ccdb,environment,clean,0,Quality threshold,0,1.1341474602271842e-05,0.0,0.0,0.0,0.0,1.0,1.0,0.0,1.0,1.0,1.0,1.0
natural_extraction,environment-c319ffb1ccdb,environment,clean,0,Random 50%,1,1.1341474602271842e-05,1.0,6.534745829179883,0.0,0.0,1.0,1.0,0.0,1.0,1.0,1.0,1.0
natural_extraction,environment-c319ffb1ccdb,environment,clean,0,Always repair,1,1.1341474602271842e-05,1.0,6.534745829179883,0.0,0.0,1.0,1.0,0.0,1.0,1.0,1.0,1.0
natural_extraction,environment-c319ffb1ccdb,environment,clean,0,Never repair,0,1.1341474602271842e-05,0.0,0.0,0.0,0.0,1.0,1.0,0.0,1.0,1.0,1.0,1.0
natural_extraction,environment-c319ffb1ccdb,environment,dirty,0,Learned router,0,1.1341474602271842e-05,0.0,0.0,0.0,0.0,1.0,1.0,0.0,1.0,1.0,1.0,1.0
natural_extraction,environment-c319ffb1ccdb,environment,dirty,0,Heuristic violations,0,1.1341474602271842e-05,0.0,0.0,0.0,0.0,1.0,1.0,0.0,1.0,1.0,1.0,1.0
natural_extraction,environment-c319ffb1ccdb,environment,dirty,0,Quality threshold,0,1.1341474602271842e-05,0.0,0.0,0.0,0.0,1.0,1.0,0.0,1.0,1.0,1.0,1.0
natural_extraction,environment-c319ffb1ccdb,environment,dirty,0,Random 50%,0,1.1341474602271842e-05,0.0,0.0,0.0,0.0,1.0,1.0,0.0,1.0,1.0,1.0,1.0
natural_extraction,environment-c319ffb1ccdb,environment,dirty,0,Always repair,1,1.1341474602271842e-05,1.0,6.332036747597158,0.0,0.0,1.0,1.0,0.0,1.0,1.0,1.0,1.0
natural_extraction,environment-c319ffb1ccdb,environment,dirty,0,Never repair,0,1.1341474602271842e-05,0.0,0.0,0.0,0.0,1.0,1.0,0.0,1.0,1.0,1.0,1.0
natural_extraction,environment-c5faa69a302d,environment,clean,0,Learned router,0,1.1341474602271842e-05,0.0,0.0,0.0,0.0,1.0,1.0,0.0,1.0,1.0,1.0,1.0
natural_extraction,environment-c5faa69a302d,environment,clean,0,Heuristic violations,0,1.1341474602271842e-05,0.0,0.0,0.0,0.0,1.0,1.0,0.0,1.0,1.0,1.0,1.0
natural_extraction,environment-c5faa69a302d,environment,clean,0,Quality threshold,0,1.1341474602271842e-05,0.0,0.0,0.0,0.0,1.0,1.0,0.0,1.0,1.0,1.0,1.0
natural_extraction,environment-c5faa69a302d,environment,clean,0,Random 50%,1,1.1341474602271842e-05,1.0,6.87988817691803,0.0,0.0,1.0,1.0,0.0,1.0,1.0,1.0,1.0
natural_extraction,environment-c5faa69a302d,environment,clean,0,Always repair,1,1.1341474602271842e-05,1.0,6.87988817691803,0.0,0.0,1.0,1.0,0.0,1.0,1.0,1.0,1.0
natural_extraction,environment-c5faa69a302d,environment,clean,0,Never repair,0,1.1341474602271842e-05,0.0,0.0,0.0,0.0,1.0,1.0,0.0,1.0,1.0,1.0,1.0
natural_extraction,environment-c5faa69a302d,environment,dirty,0,Learned router,0,1.1341474602271842e-05,0.0,0.0,0.0,0.0,1.0,1.0,0.0,1.0,1.0,1.0,1.0
natural_extraction,environment-c5faa69a302d,environment,dirty,0,Heuristic violations,0,1.1341474602271842e-05,0.0,0.0,0.0,0.0,1.0,1.0,0.0,1.0,1.0,1.0,1.0
natural_extraction,environment-c5faa69a302d,environment,dirty,0,Quality threshold,0,1.1341474602271842e-05,0.0,0.0,0.0,0.0,1.0,1.0,0.0,1.0,1.0,1.0,1.0
natural_extraction,environment-c5faa69a302d,environment,dirty,0,Random 50%,1,1.1341474602271842e-05,1.0,6.821088412776589,0.0,0.0,1.0,1.0,0.0,1.0,1.0,1.0,1.0
natural_extraction,environment-c5faa69a302d,environment,dirty,0,Always repair,1,1.1341474602271842e-05,1.0,6.821088412776589,0.0,0.0,1.0,1.0,0.0,1.0,1.0,1.0,1.0
natural_extraction,environment-c5faa69a302d,environment,dirty,0,Never repair,0,1.1341474602271842e-05,0.0,0.0,0.0,0.0,1.0,1.0,0.0,1.0,1.0,1.0,1.0
natural_extraction,environment-cd30ae6d9612,environment,clean,0,Learned router,0,1.1341474602271842e-05,0.0,0.0,0.0,0.0,1.0,1.0,0.0,1.0,1.0,1.0,1.0
natural_extraction,environment-cd30ae6d9612,environment,clean,0,Heuristic violations,0,1.1341474602271842e-05,0.0,0.0,0.0,0.0,1.0,1.0,0.0,1.0,1.0,1.0,1.0
natural_extraction,environment-cd30ae6d9612,environment,clean,0,Quality threshold,0,1.1341474602271842e-05,0.0,0.0,0.0,0.0,1.0,1.0,0.0,1.0,1.0,1.0,1.0
natural_extraction,environment-cd30ae6d9612,environment,clean,0,Random 50%,1,1.1341474602271842e-05,1.0,5.772263281047344,0.0,0.0,1.0,1.0,0.0,1.0,1.0,1.0,1.0
natural_extraction,environment-cd30ae6d9612,environment,clean,0,Always repair,1,1.1341474602271842e-05,1.0,5.772263281047344,0.0,0.0,1.0,1.0,0.0,1.0,1.0,1.0,1.0
natural_extraction,environment-cd30ae6d9612,environment,clean,0,Never repair,0,1.1341474602271842e-05,0.0,0.0,0.0,0.0,1.0,1.0,0.0,1.0,1.0,1.0,1.0
natural_extraction,environment-cd30ae6d9612,environment,dirty,0,Learned router,0,1.1341474602271842e-05,0.0,0.0,0.0,0.0,1.0,1.0,0.0,1.0,1.0,1.0,1.0
natural_extraction,environment-cd30ae6d9612,environment,dirty,0,Heuristic violations,0,1.1341474602271842e-05,0.0,0.0,0.0,0.0,1.0,1.0,0.0,1.0,1.0,1.0,1.0
natural_extraction,environment-cd30ae6d9612,environment,dirty,0,Quality threshold,0,1.1341474602271842e-05,0.0,0.0,0.0,0.0,1.0,1.0,0.0,1.0,1.0,1.0,1.0
natural_extraction,environment-cd30ae6d9612,environment,dirty,0,Random 50%,0,1.1341474602271842e-05,0.0,0.0,0.0,0.0,1.0,1.0,0.0,1.0,1.0,1.0,1.0
natural_extraction,environment-cd30ae6d9612,environment,dirty,0,Always repair,1,1.1341474602271842e-05,1.0,6.496241342276335,0.0,0.0,1.0,1.0,0.0,1.0,1.0,1.0,1.0
natural_extraction,environment-cd30ae6d9612,environment,dirty,0,Never repair,0,1.1341474602271842e-05,0.0,0.0,0.0,0.0,1.0,1.0,0.0,1.0,1.0,1.0,1.0
natural_extraction,environment-d07bfc701074,environment,clean,0,Learned router,0,1.1341474602271842e-05,0.0,0.0,0.0,0.0,1.0,1.0,0.0,1.0,1.0,1.0,1.0
natural_extraction,environment-d07bfc701074,environment,clean,0,Heuristic violations,0,1.1341474602271842e-05,0.0,0.0,0.0,0.0,1.0,1.0,0.0,1.0,1.0,1.0,1.0
natural_extraction,environment-d07bfc701074,environment,clean,0,Quality threshold,0,1.1341474602271842e-05,0.0,0.0,0.0,0.0,1.0,1.0,0.0,1.0,1.0,1.0,1.0
natural_extraction,environment-d07bfc701074,environment,clean,0,Random 50%,0,1.1341474602271842e-05,0.0,0.0,0.0,0.0,1.0,1.0,0.0,1.0,1.0,1.0,1.0
natural_extraction,environment-d07bfc701074,environment,clean,0,Always repair,1,1.1341474602271842e-05,1.0,6.625671887770295,0.0,0.0,1.0,1.0,0.0,1.0,1.0,1.0,1.0
natural_extraction,environment-d07bfc701074,environment,clean,0,Never repair,0,1.1341474602271842e-05,0.0,0.0,0.0,0.0,1.0,1.0,0.0,1.0,1.0,1.0,1.0
natural_extraction,environment-d07bfc701074,environment,dirty,0,Learned router,0,1.1341474602271842e-05,0.0,0.0,0.0,0.0,1.0,1.0,0.0,1.0,1.0,1.0,1.0
natural_extraction,environment-d07bfc701074,environment,dirty,0,Heuristic violations,0,1.1341474602271842e-05,0.0,0.0,0.0,0.0,1.0,1.0,0.0,1.0,1.0,1.0,1.0
natural_extraction,environment-d07bfc701074,environment,dirty,0,Quality threshold,0,1.1341474602271842e-05,0.0,0.0,0.0,0.0,1.0,1.0,0.0,1.0,1.0,1.0,1.0
natural_extraction,environment-d07bfc701074,environment,dirty,0,Random 50%,1,1.1341474602271842e-05,1.0,6.4906633691862226,0.0,0.0,1.0,1.0,0.0,1.0,1.0,1.0,1.0
natural_extraction,environment-d07bfc701074,environment,dirty,0,Always repair,1,1.1341474602271842e-05,1.0,6.4906633691862226,0.0,0.0,1.0,1.0,0.0,1.0,1.0,1.0,1.0
natural_extraction,environment-d07bfc701074,environment,dirty,0,Never repair,0,1.1341474602271842e-05,0.0,0.0,0.0,0.0,1.0,1.0,0.0,1.0,1.0,1.0,1.0
natural_extraction,environment-d0a4c0b22648,environment,clean,0,Learned router,0,1.1341474602271842e-05,0.0,0.0,0.0,0.0,1.0,1.0,0.0,1.0,1.0,1.0,1.0
natural_extraction,environment-d0a4c0b22648,environment,clean,0,Heuristic violations,0,1.1341474602271842e-05,0.0,0.0,0.0,0.0,1.0,1.0,0.0,1.0,1.0,1.0,1.0
natural_extraction,environment-d0a4c0b22648,environment,clean,0,Quality threshold,0,1.1341474602271842e-05,0.0,0.0,0.0,0.0,1.0,1.0,0.0,1.0,1.0,1.0,1.0
natural_extraction,environment-d0a4c0b22648,environment,clean,0,Random 50%,0,1.1341474602271842e-05,0.0,0.0,0.0,0.0,1.0,1.0,0.0,1.0,1.0,1.0,1.0
natural_extraction,environment-d0a4c0b22648,environment,clean,0,Always repair,1,1.1341474602271842e-05,1.0,6.85862335562706,0.0,0.0,1.0,1.0,0.0,1.0,1.0,1.0,1.0
natural_extraction,environment-d0a4c0b22648,environment,clean,0,Never repair,0,1.1341474602271842e-05,0.0,0.0,0.0,0.0,1.0,1.0,0.0,1.0,1.0,1.0,1.0
natural_extraction,environment-d0a4c0b22648,environment,dirty,0,Learned router,0,1.1341474602271842e-05,0.0,0.0,0.0,0.0,1.0,1.0,0.0,1.0,1.0,1.0,1.0
natural_extraction,environment-d0a4c0b22648,environment,dirty,0,Heuristic violations,0,1.1341474602271842e-05,0.0,0.0,0.0,0.0,1.0,1.0,0.0,1.0,1.0,1.0,1.0
natural_extraction,environment-d0a4c0b22648,environment,dirty,0,Quality threshold,0,1.1341474602271842e-05,0.0,0.0,0.0,0.0,1.0,1.0,0.0,1.0,1.0,1.0,1.0
natural_extraction,environment-d0a4c0b22648,environment,dirty,0,Random 50%,1,1.1341474602271842e-05,1.0,5.128766790963709,0.0,0.0,1.0,1.0,0.0,1.0,1.0,1.0,1.0
natural_extraction,environment-d0a4c0b22648,environment,dirty,0,Always repair,1,1.1341474602271842e-05,1.0,5.128766790963709,0.0,0.0,1.0,1.0,0.0,1.0,1.0,1.0,1.0
natural_extraction,environment-d0a4c0b22648,environment,dirty,0,Never repair,0,1.1341474602271842e-05,0.0,0.0,0.0,0.0,1.0,1.0,0.0,1.0,1.0,1.0,1.0
natural_extraction,environment-d1003fff57d3,environment,clean,0,Learned router,0,1.1341474602271842e-05,0.0,0.0,0.0,0.0,1.0,1.0,0.0,1.0,1.0,1.0,1.0
natural_extraction,environment-d1003fff57d3,environment,clean,0,Heuristic violations,0,1.1341474602271842e-05,0.0,0.0,0.0,0.0,1.0,1.0,0.0,1.0,1.0,1.0,1.0
natural_extraction,environment-d1003fff57d3,environment,clean,0,Quality threshold,0,1.1341474602271842e-05,0.0,0.0,0.0,0.0,1.0,1.0,0.0,1.0,1.0,1.0,1.0
natural_extraction,environment-d1003fff57d3,environment,clean,0,Random 50%,0,1.1341474602271842e-05,0.0,0.0,0.0,0.0,1.0,1.0,0.0,1.0,1.0,1.0,1.0
natural_extraction,environment-d1003fff57d3,environment,clean,0,Always repair,1,1.1341474602271842e-05,1.0,4.474396620877087,0.0,0.0,1.0,1.0,0.0,1.0,1.0,1.0,1.0
natural_extraction,environment-d1003fff57d3,environment,clean,0,Never repair,0,1.1341474602271842e-05,0.0,0.0,0.0,0.0,1.0,1.0,0.0,1.0,1.0,1.0,1.0
natural_extraction,environment-d1003fff57d3,environment,dirty,0,Learned router,0,1.1341474602271842e-05,0.0,0.0,0.0,0.0,1.0,1.0,0.0,1.0,1.0,1.0,1.0
natural_extraction,environment-d1003fff57d3,environment,dirty,0,Heuristic violations,0,1.1341474602271842e-05,0.0,0.0,0.0,0.0,1.0,1.0,0.0,1.0,1.0,1.0,1.0
natural_extraction,environment-d1003fff57d3,environment,dirty,0,Quality threshold,0,1.1341474602271842e-05,0.0,0.0,0.0,0.0,1.0,1.0,0.0,1.0,1.0,1.0,1.0
natural_extraction,environment-d1003fff57d3,environment,dirty,0,Random 50%,0,1.1341474602271842e-05,0.0,0.0,0.0,0.0,1.0,1.0,0.0,1.0,1.0,1.0,1.0
natural_extraction,environment-d1003fff57d3,environment,dirty,0,Always repair,1,1.1341474602271842e-05,1.0,6.112066605128348,0.0,0.0,1.0,1.0,0.0,1.0,1.0,1.0,1.0
natural_extraction,environment-d1003fff57d3,environment,dirty,0,Never repair,0,1.1341474602271842e-05,0.0,0.0,0.0,0.0,1.0,1.0,0.0,1.0,1.0,1.0,1.0
natural_extraction,environment-d85e94093ccf,environment,clean,0,Learned router,0,1.1341474602271842e-05,0.0,0.0,0.0,0.0,1.0,1.0,0.0,1.0,1.0,1.0,1.0
natural_extraction,environment-d85e94093ccf,environment,clean,0,Heuristic violations,0,1.1341474602271842e-05,0.0,0.0,0.0,0.0,1.0,1.0,0.0,1.0,1.0,1.0,1.0
natural_extraction,environment-d85e94093ccf,environment,clean,0,Quality threshold,0,1.1341474602271842e-05,0.0,0.0,0.0,0.0,1.0,1.0,0.0,1.0,1.0,1.0,1.0
natural_extraction,environment-d85e94093ccf,environment,clean,0,Random 50%,1,1.1341474602271842e-05,1.0,6.710608373396099,0.0,0.0,1.0,1.0,0.0,1.0,1.0,1.0,1.0
natural_extraction,environment-d85e94093ccf,environment,clean,0,Always repair,1,1.1341474602271842e-05,1.0,6.710608373396099,0.0,0.0,1.0,1.0,0.0,1.0,1.0,1.0,1.0
natural_extraction,environment-d85e94093ccf,environment,clean,0,Never repair,0,1.1341474602271842e-05,0.0,0.0,0.0,0.0,1.0,1.0,0.0,1.0,1.0,1.0,1.0
natural_extraction,environment-d85e94093ccf,environment,dirty,0,Learned router,0,1.1341474602271842e-05,0.0,0.0,0.0,0.0,1.0,1.0,0.0,1.0,1.0,1.0,1.0
natural_extraction,environment-d85e94093ccf,environment,dirty,0,Heuristic violations,0,1.1341474602271842e-05,0.0,0.0,0.0,0.0,1.0,1.0,0.0,1.0,1.0,1.0,1.0
natural_extraction,environment-d85e94093ccf,environment,dirty,0,Quality threshold,0,1.1341474602271842e-05,0.0,0.0,0.0,0.0,1.0,1.0,0.0,1.0,1.0,1.0,1.0
natural_extraction,environment-d85e94093ccf,environment,dirty,0,Random 50%,0,1.1341474602271842e-05,0.0,0.0,0.0,0.0,1.0,1.0,0.0,1.0,1.0,1.0,1.0
natural_extraction,environment-d85e94093ccf,environment,dirty,0,Always repair,1,1.1341474602271842e-05,1.0,6.632452331483364,0.0,0.0,1.0,1.0,0.0,1.0,1.0,1.0,1.0
natural_extraction,environment-d85e94093ccf,environment,dirty,0,Never repair,0,1.1341474602271842e-05,0.0,0.0,0.0,0.0,1.0,1.0,0.0,1.0,1.0,1.0,1.0
natural_extraction,environment-d9632e3ceaea,environment,clean,0,Learned router,0,1.1341474602271842e-05,0.0,0.0,0.0,0.0,1.0,1.0,0.0,1.0,1.0,1.0,1.0
natural_extraction,environment-d9632e3ceaea,environment,clean,0,Heuristic violations,0,1.1341474602271842e-05,0.0,0.0,0.0,0.0,1.0,1.0,0.0,1.0,1.0,1.0,1.0
natural_extraction,environment-d9632e3ceaea,environment,clean,0,Quality threshold,0,1.1341474602271842e-05,0.0,0.0,0.0,0.0,1.0,1.0,0.0,1.0,1.0,1.0,1.0
natural_extraction,environment-d9632e3ceaea,environment,clean,0,Random 50%,0,1.1341474602271842e-05,0.0,0.0,0.0,0.0,1.0,1.0,0.0,1.0,1.0,1.0,1.0
natural_extraction,environment-d9632e3ceaea,environment,clean,0,Always repair,1,1.1341474602271842e-05,1.0,6.182310442440212,0.0,0.0,1.0,1.0,0.0,1.0,1.0,1.0,1.0
natural_extraction,environment-d9632e3ceaea,environment,clean,0,Never repair,0,1.1341474602271842e-05,0.0,0.0,0.0,0.0,1.0,1.0,0.0,1.0,1.0,1.0,1.0
natural_extraction,environment-d9632e3ceaea,environment,dirty,0,Learned router,0,1.1341474602271842e-05,0.0,0.0,0.0,0.0,1.0,1.0,0.0,1.0,1.0,1.0,1.0
natural_extraction,environment-d9632e3ceaea,environment,dirty,0,Heuristic violations,0,1.1341474602271842e-05,0.0,0.0,0.0,0.0,1.0,1.0,0.0,1.0,1.0,1.0,1.0
natural_extraction,environment-d9632e3ceaea,environment,dirty,0,Quality threshold,0,1.1341474602271842e-05,0.0,0.0,0.0,0.0,1.0,1.0,0.0,1.0,1.0,1.0,1.0
natural_extraction,environment-d9632e3ceaea,environment,dirty,0,Random 50%,1,1.1341474602271842e-05,1.0,4.790985525585711,0.0,0.0,1.0,1.0,0.0,1.0,1.0,1.0,1.0
natural_extraction,environment-d9632e3ceaea,environment,dirty,0,Always repair,1,1.1341474602271842e-05,1.0,4.790985525585711,0.0,0.0,1.0,1.0,0.0,1.0,1.0,1.0,1.0
natural_extraction,environment-d9632e3ceaea,environment,dirty,0,Never repair,0,1.1341474602271842e-05,0.0,0.0,0.0,0.0,1.0,1.0,0.0,1.0,1.0,1.0,1.0
natural_extraction,environment-e6d105bc6108,environment,clean,0,Learned router,0,1.1341474602271842e-05,0.0,0.0,0.0,0.0,1.0,1.0,0.0,1.0,1.0,1.0,1.0
natural_extraction,environment-e6d105bc6108,environment,clean,0,Heuristic violations,0,1.1341474602271842e-05,0.0,0.0,0.0,0.0,1.0,1.0,0.0,1.0,1.0,1.0,1.0
natural_extraction,environment-e6d105bc6108,environment,clean,0,Quality threshold,0,1.1341474602271842e-05,0.0,0.0,0.0,0.0,1.0,1.0,0.0,1.0,1.0,1.0,1.0
natural_extraction,environment-e6d105bc6108,environment,clean,0,Random 50%,0,1.1341474602271842e-05,0.0,0.0,0.0,0.0,1.0,1.0,0.0,1.0,1.0,1.0,1.0
natural_extraction,environment-e6d105bc6108,environment,clean,0,Always repair,1,1.1341474602271842e-05,1.0,5.582388129085302,0.0,0.0,1.0,1.0,0.0,1.0,1.0,1.0,1.0
natural_extraction,environment-e6d105bc6108,environment,clean,0,Never repair,0,1.1341474602271842e-05,0.0,0.0,0.0,0.0,1.0,1.0,0.0,1.0,1.0,1.0,1.0
natural_extraction,environment-e6d105bc6108,environment,dirty,0,Learned router,0,1.1341474602271842e-05,0.0,0.0,0.0,0.0,1.0,1.0,0.0,1.0,1.0,1.0,1.0
natural_extraction,environment-e6d105bc6108,environment,dirty,0,Heuristic violations,0,1.1341474602271842e-05,0.0,0.0,0.0,0.0,1.0,1.0,0.0,1.0,1.0,1.0,1.0
natural_extraction,environment-e6d105bc6108,environment,dirty,0,Quality threshold,0,1.1341474602271842e-05,0.0,0.0,0.0,0.0,1.0,1.0,0.0,1.0,1.0,1.0,1.0
natural_extraction,environment-e6d105bc6108,environment,dirty,0,Random 50%,0,1.1341474602271842e-05,0.0,0.0,0.0,0.0,1.0,1.0,0.0,1.0,1.0,1.0,1.0
natural_extraction,environment-e6d105bc6108,environment,dirty,0,Always repair,1,1.1341474602271842e-05,1.0,22.37561961915344,0.0,0.0,1.0,1.0,0.0,1.0,1.0,1.0,1.0
natural_extraction,environment-e6d105bc6108,environment,dirty,0,Never repair,0,1.1341474602271842e-05,0.0,0.0,0.0,0.0,1.0,1.0,0.0,1.0,1.0,1.0,1.0
natural_extraction,environment-e8fa022eb8f4,environment,clean,0,Learned router,0,1.1341474602271842e-05,0.0,0.0,0.0,0.0,1.0,1.0,0.0,1.0,1.0,1.0,1.0
natural_extraction,environment-e8fa022eb8f4,environment,clean,0,Heuristic violations,0,1.1341474602271842e-05,0.0,0.0,0.0,0.0,1.0,1.0,0.0,1.0,1.0,1.0,1.0
natural_extraction,environment-e8fa022eb8f4,environment,clean,0,Quality threshold,0,1.1341474602271842e-05,0.0,0.0,0.0,0.0,1.0,1.0,0.0,1.0,1.0,1.0,1.0
natural_extraction,environment-e8fa022eb8f4,environment,clean,0,Random 50%,0,1.1341474602271842e-05,0.0,0.0,0.0,0.0,1.0,1.0,0.0,1.0,1.0,1.0,1.0
natural_extraction,environment-e8fa022eb8f4,environment,clean,0,Always repair,1,1.1341474602271842e-05,1.0,5.390469583682716,0.0,0.0,1.0,1.0,0.0,1.0,1.0,1.0,1.0
natural_extraction,environment-e8fa022eb8f4,environment,clean,0,Never repair,0,1.1341474602271842e-05,0.0,0.0,0.0,0.0,1.0,1.0,0.0,1.0,1.0,1.0,1.0
natural_extraction,environment-e8fa022eb8f4,environment,dirty,0,Learned router,0,1.1341474602271842e-05,0.0,0.0,0.0,0.0,1.0,1.0,0.0,1.0,1.0,1.0,1.0
natural_extraction,environment-e8fa022eb8f4,environment,dirty,0,Heuristic violations,0,1.1341474602271842e-05,0.0,0.0,0.0,0.0,1.0,1.0,0.0,1.0,1.0,1.0,1.0
natural_extraction,environment-e8fa022eb8f4,environment,dirty,0,Quality threshold,0,1.1341474602271842e-05,0.0,0.0,0.0,0.0,1.0,1.0,0.0,1.0,1.0,1.0,1.0
natural_extraction,environment-e8fa022eb8f4,environment,dirty,0,Random 50%,0,1.1341474602271842e-05,0.0,0.0,0.0,0.0,1.0,1.0,0.0,1.0,1.0,1.0,1.0
natural_extraction,environment-e8fa022eb8f4,environment,dirty,0,Always repair,1,1.1341474602271842e-05,1.0,5.925212264060974,0.0,0.0,1.0,1.0,0.0,1.0,1.0,1.0,1.0
natural_extraction,environment-e8fa022eb8f4,environment,dirty,0,Never repair,0,1.1341474602271842e-05,0.0,0.0,0.0,0.0,1.0,1.0,0.0,1.0,1.0,1.0,1.0
natural_extraction,environment-e93e62a9c5dc,environment,clean,0,Learned router,0,1.1341474602271842e-05,0.0,0.0,0.0,0.0,1.0,1.0,0.0,1.0,1.0,1.0,1.0
natural_extraction,environment-e93e62a9c5dc,environment,clean,0,Heuristic violations,0,1.1341474602271842e-05,0.0,0.0,0.0,0.0,1.0,1.0,0.0,1.0,1.0,1.0,1.0
natural_extraction,environment-e93e62a9c5dc,environment,clean,0,Quality threshold,0,1.1341474602271842e-05,0.0,0.0,0.0,0.0,1.0,1.0,0.0,1.0,1.0,1.0,1.0
natural_extraction,environment-e93e62a9c5dc,environment,clean,0,Random 50%,1,1.1341474602271842e-05,1.0,6.75702059827745,0.0,0.0,1.0,1.0,0.0,1.0,1.0,1.0,1.0
natural_extraction,environment-e93e62a9c5dc,environment,clean,0,Always repair,1,1.1341474602271842e-05,1.0,6.75702059827745,0.0,0.0,1.0,1.0,0.0,1.0,1.0,1.0,1.0
natural_extraction,environment-e93e62a9c5dc,environment,clean,0,Never repair,0,1.1341474602271842e-05,0.0,0.0,0.0,0.0,1.0,1.0,0.0,1.0,1.0,1.0,1.0
natural_extraction,environment-e93e62a9c5dc,environment,dirty,0,Learned router,0,1.1341474602271842e-05,0.0,0.0,0.0,0.0,1.0,1.0,0.0,1.0,1.0,1.0,1.0
natural_extraction,environment-e93e62a9c5dc,environment,dirty,0,Heuristic violations,0,1.1341474602271842e-05,0.0,0.0,0.0,0.0,1.0,1.0,0.0,1.0,1.0,1.0,1.0
natural_extraction,environment-e93e62a9c5dc,environment,dirty,0,Quality threshold,0,1.1341474602271842e-05,0.0,0.0,0.0,0.0,1.0,1.0,0.0,1.0,1.0,1.0,1.0
natural_extraction,environment-e93e62a9c5dc,environment,dirty,0,Random 50%,1,1.1341474602271842e-05,1.0,7.206513090990484,0.0,0.0,1.0,1.0,0.0,1.0,1.0,1.0,1.0
natural_extraction,environment-e93e62a9c5dc,environment,dirty,0,Always repair,1,1.1341474602271842e-05,1.0,7.206513090990484,0.0,0.0,1.0,1.0,0.0,1.0,1.0,1.0,1.0
natural_extraction,environment-e93e62a9c5dc,environment,dirty,0,Never repair,0,1.1341474602271842e-05,0.0,0.0,0.0,0.0,1.0,1.0,0.0,1.0,1.0,1.0,1.0
natural_extraction,environment-e9800521eb9e,environment,clean,0,Learned router,0,1.1341474602271842e-05,0.0,0.0,0.0,0.0,1.0,1.0,0.0,1.0,1.0,1.0,1.0
natural_extraction,environment-e9800521eb9e,environment,clean,0,Heuristic violations,0,1.1341474602271842e-05,0.0,0.0,0.0,0.0,1.0,1.0,0.0,1.0,1.0,1.0,1.0
natural_extraction,environment-e9800521eb9e,environment,clean,0,Quality threshold,0,1.1341474602271842e-05,0.0,0.0,0.0,0.0,1.0,1.0,0.0,1.0,1.0,1.0,1.0
natural_extraction,environment-e9800521eb9e,environment,clean,0,Random 50%,1,1.1341474602271842e-05,1.0,5.141915205866098,0.0,0.0,1.0,1.0,0.0,1.0,1.0,1.0,1.0
natural_extraction,environment-e9800521eb9e,environment,clean,0,Always repair,1,1.1341474602271842e-05,1.0,5.141915205866098,0.0,0.0,1.0,1.0,0.0,1.0,1.0,1.0,1.0
natural_extraction,environment-e9800521eb9e,environment,clean,0,Never repair,0,1.1341474602271842e-05,0.0,0.0,0.0,0.0,1.0,1.0,0.0,1.0,1.0,1.0,1.0
natural_extraction,environment-e9800521eb9e,environment,dirty,0,Learned router,0,1.1341474602271842e-05,0.0,0.0,0.0,0.0,1.0,1.0,0.0,1.0,1.0,1.0,1.0
natural_extraction,environment-e9800521eb9e,environment,dirty,0,Heuristic violations,0,1.1341474602271842e-05,0.0,0.0,0.0,0.0,1.0,1.0,0.0,1.0,1.0,1.0,1.0
natural_extraction,environment-e9800521eb9e,environment,dirty,0,Quality threshold,0,1.1341474602271842e-05,0.0,0.0,0.0,0.0,1.0,1.0,0.0,1.0,1.0,1.0,1.0
natural_extraction,environment-e9800521eb9e,environment,dirty,0,Random 50%,0,1.1341474602271842e-05,0.0,0.0,0.0,0.0,1.0,1.0,0.0,1.0,1.0,1.0,1.0
natural_extraction,environment-e9800521eb9e,environment,dirty,0,Always repair,1,1.1341474602271842e-05,1.0,5.250799576751888,0.0,0.0,1.0,1.0,0.0,1.0,1.0,1.0,1.0
natural_extraction,environment-e9800521eb9e,environment,dirty,0,Never repair,0,1.1341474602271842e-05,0.0,0.0,0.0,0.0,1.0,1.0,0.0,1.0,1.0,1.0,1.0
natural_extraction,environment-ea4bd75fc6b6,environment,clean,0,Learned router,0,1.1341474602271842e-05,0.0,0.0,0.0,0.0,1.0,1.0,0.0,1.0,1.0,1.0,1.0
natural_extraction,environment-ea4bd75fc6b6,environment,clean,0,Heuristic violations,0,1.1341474602271842e-05,0.0,0.0,0.0,0.0,1.0,1.0,0.0,1.0,1.0,1.0,1.0
natural_extraction,environment-ea4bd75fc6b6,environment,clean,0,Quality threshold,0,1.1341474602271842e-05,0.0,0.0,0.0,0.0,1.0,1.0,0.0,1.0,1.0,1.0,1.0
natural_extraction,environment-ea4bd75fc6b6,environment,clean,0,Random 50%,0,1.1341474602271842e-05,0.0,0.0,0.0,0.0,1.0,1.0,0.0,1.0,1.0,1.0,1.0
natural_extraction,environment-ea4bd75fc6b6,environment,clean,0,Always repair,1,1.1341474602271842e-05,1.0,5.417927514761686,0.0,0.0,1.0,1.0,0.0,1.0,1.0,1.0,1.0
natural_extraction,environment-ea4bd75fc6b6,environment,clean,0,Never repair,0,1.1341474602271842e-05,0.0,0.0,0.0,0.0,1.0,1.0,0.0,1.0,1.0,1.0,1.0
natural_extraction,environment-ea4bd75fc6b6,environment,dirty,0,Learned router,0,1.1341474602271842e-05,0.0,0.0,0.0,0.0,1.0,1.0,0.0,1.0,1.0,1.0,1.0
natural_extraction,environment-ea4bd75fc6b6,environment,dirty,0,Heuristic violations,0,1.1341474602271842e-05,0.0,0.0,0.0,0.0,1.0,1.0,0.0,1.0,1.0,1.0,1.0
natural_extraction,environment-ea4bd75fc6b6,environment,dirty,0,Quality threshold,0,1.1341474602271842e-05,0.0,0.0,0.0,0.0,1.0,1.0,0.0,1.0,1.0,1.0,1.0
natural_extraction,environment-ea4bd75fc6b6,environment,dirty,0,Random 50%,0,1.1341474602271842e-05,0.0,0.0,0.0,0.0,1.0,1.0,0.0,1.0,1.0,1.0,1.0
natural_extraction,environment-ea4bd75fc6b6,environment,dirty,0,Always repair,1,1.1341474602271842e-05,1.0,5.35103846155107,0.0,0.0,1.0,1.0,0.0,1.0,1.0,1.0,1.0
natural_extraction,environment-ea4bd75fc6b6,environment,dirty,0,Never repair,0,1.1341474602271842e-05,0.0,0.0,0.0,0.0,1.0,1.0,0.0,1.0,1.0,1.0,1.0
natural_extraction,environment-eaf5a5cb5f20,environment,clean,0,Learned router,0,1.1341474602271842e-05,0.0,0.0,0.0,0.0,1.0,1.0,0.0,1.0,1.0,1.0,1.0
natural_extraction,environment-eaf5a5cb5f20,environment,clean,0,Heuristic violations,0,1.1341474602271842e-05,0.0,0.0,0.0,0.0,1.0,1.0,0.0,1.0,1.0,1.0,1.0
natural_extraction,environment-eaf5a5cb5f20,environment,clean,0,Quality threshold,0,1.1341474602271842e-05,0.0,0.0,0.0,0.0,1.0,1.0,0.0,1.0,1.0,1.0,1.0
natural_extraction,environment-eaf5a5cb5f20,environment,clean,0,Random 50%,1,1.1341474602271842e-05,1.0,7.1608581421896815,0.0,0.0,1.0,1.0,0.0,1.0,1.0,1.0,1.0
natural_extraction,environment-eaf5a5cb5f20,environment,clean,0,Always repair,1,1.1341474602271842e-05,1.0,7.1608581421896815,0.0,0.0,1.0,1.0,0.0,1.0,1.0,1.0,1.0
natural_extraction,environment-eaf5a5cb5f20,environment,clean,0,Never repair,0,1.1341474602271842e-05,0.0,0.0,0.0,0.0,1.0,1.0,0.0,1.0,1.0,1.0,1.0
natural_extraction,environment-eaf5a5cb5f20,environment,dirty,0,Learned router,0,1.1341474602271842e-05,0.0,0.0,0.0,0.0,1.0,1.0,0.0,1.0,1.0,1.0,1.0
natural_extraction,environment-eaf5a5cb5f20,environment,dirty,0,Heuristic violations,0,1.1341474602271842e-05,0.0,0.0,0.0,0.0,1.0,1.0,0.0,1.0,1.0,1.0,1.0
natural_extraction,environment-eaf5a5cb5f20,environment,dirty,0,Quality threshold,0,1.1341474602271842e-05,0.0,0.0,0.0,0.0,1.0,1.0,0.0,1.0,1.0,1.0,1.0
natural_extraction,environment-eaf5a5cb5f20,environment,dirty,0,Random 50%,1,1.1341474602271842e-05,1.0,6.718528448604047,0.0,0.0,1.0,1.0,0.0,1.0,1.0,1.0,1.0
natural_extraction,environment-eaf5a5cb5f20,environment,dirty,0,Always repair,1,1.1341474602271842e-05,1.0,6.718528448604047,0.0,0.0,1.0,1.0,0.0,1.0,1.0,1.0,1.0
natural_extraction,environment-eaf5a5cb5f20,environment,dirty,0,Never repair,0,1.1341474602271842e-05,0.0,0.0,0.0,0.0,1.0,1.0,0.0,1.0,1.0,1.0,1.0
natural_extraction,environment-eb202076a891,environment,clean,0,Learned router,0,1.1341474602271842e-05,0.0,0.0,0.0,0.0,1.0,1.0,0.0,1.0,1.0,1.0,1.0
natural_extraction,environment-eb202076a891,environment,clean,0,Heuristic violations,0,1.1341474602271842e-05,0.0,0.0,0.0,0.0,1.0,1.0,0.0,1.0,1.0,1.0,1.0
natural_extraction,environment-eb202076a891,environment,clean,0,Quality threshold,0,1.1341474602271842e-05,0.0,0.0,0.0,0.0,1.0,1.0,0.0,1.0,1.0,1.0,1.0
natural_extraction,environment-eb202076a891,environment,clean,0,Random 50%,0,1.1341474602271842e-05,0.0,0.0,0.0,0.0,1.0,1.0,0.0,1.0,1.0,1.0,1.0
natural_extraction,environment-eb202076a891,environment,clean,0,Always repair,1,1.1341474602271842e-05,1.0,3.5210869861766696,0.0,0.0,1.0,1.0,0.0,1.0,1.0,1.0,1.0
natural_extraction,environment-eb202076a891,environment,clean,0,Never repair,0,1.1341474602271842e-05,0.0,0.0,0.0,0.0,1.0,1.0,0.0,1.0,1.0,1.0,1.0
natural_extraction,environment-eb202076a891,environment,dirty,0,Learned router,0,1.1341474602271842e-05,0.0,0.0,0.0,0.0,1.0,1.0,0.0,1.0,1.0,1.0,1.0
natural_extraction,environment-eb202076a891,environment,dirty,0,Heuristic violations,0,1.1341474602271842e-05,0.0,0.0,0.0,0.0,1.0,1.0,0.0,1.0,1.0,1.0,1.0
natural_extraction,environment-eb202076a891,environment,dirty,0,Quality threshold,0,1.1341474602271842e-05,0.0,0.0,0.0,0.0,1.0,1.0,0.0,1.0,1.0,1.0,1.0
natural_extraction,environment-eb202076a891,environment,dirty,0,Random 50%,0,1.1341474602271842e-05,0.0,0.0,0.0,0.0,1.0,1.0,0.0,1.0,1.0,1.0,1.0
natural_extraction,environment-eb202076a891,environment,dirty,0,Always repair,1,1.1341474602271842e-05,1.0,6.2251744493842125,0.0,0.0,1.0,1.0,0.0,1.0,1.0,1.0,1.0
natural_extraction,environment-eb202076a891,environment,dirty,0,Never repair,0,1.1341474602271842e-05,0.0,0.0,0.0,0.0,1.0,1.0,0.0,1.0,1.0,1.0,1.0
natural_extraction,environment-eba5ef1e95ca,environment,clean,0,Learned router,0,1.1341474602271842e-05,0.0,0.0,0.0,0.0,1.0,1.0,0.0,1.0,1.0,1.0,1.0
natural_extraction,environment-eba5ef1e95ca,environment,clean,0,Heuristic violations,0,1.1341474602271842e-05,0.0,0.0,0.0,0.0,1.0,1.0,0.0,1.0,1.0,1.0,1.0
natural_extraction,environment-eba5ef1e95ca,environment,clean,0,Quality threshold,0,1.1341474602271842e-05,0.0,0.0,0.0,0.0,1.0,1.0,0.0,1.0,1.0,1.0,1.0
natural_extraction,environment-eba5ef1e95ca,environment,clean,0,Random 50%,1,1.1341474602271842e-05,1.0,7.020694226957858,0.0,0.0,1.0,1.0,0.0,1.0,1.0,1.0,1.0
natural_extraction,environment-eba5ef1e95ca,environment,clean,0,Always repair,1,1.1341474602271842e-05,1.0,7.020694226957858,0.0,0.0,1.0,1.0,0.0,1.0,1.0,1.0,1.0
natural_extraction,environment-eba5ef1e95ca,environment,clean,0,Never repair,0,1.1341474602271842e-05,0.0,0.0,0.0,0.0,1.0,1.0,0.0,1.0,1.0,1.0,1.0
natural_extraction,environment-eba5ef1e95ca,environment,dirty,0,Learned router,0,1.1341474602271842e-05,0.0,0.0,0.0,0.0,1.0,1.0,0.0,1.0,1.0,1.0,1.0
natural_extraction,environment-eba5ef1e95ca,environment,dirty,0,Heuristic violations,0,1.1341474602271842e-05,0.0,0.0,0.0,0.0,1.0,1.0,0.0,1.0,1.0,1.0,1.0
natural_extraction,environment-eba5ef1e95ca,environment,dirty,0,Quality threshold,0,1.1341474602271842e-05,0.0,0.0,0.0,0.0,1.0,1.0,0.0,1.0,1.0,1.0,1.0
natural_extraction,environment-eba5ef1e95ca,environment,dirty,0,Random 50%,1,1.1341474602271842e-05,1.0,7.182629137299955,0.0,0.0,1.0,1.0,0.0,1.0,1.0,1.0,1.0
natural_extraction,environment-eba5ef1e95ca,environment,dirty,0,Always repair,1,1.1341474602271842e-05,1.0,7.182629137299955,0.0,0.0,1.0,1.0,0.0,1.0,1.0,1.0,1.0
natural_extraction,environment-eba5ef1e95ca,environment,dirty,0,Never repair,0,1.1341474602271842e-05,0.0,0.0,0.0,0.0,1.0,1.0,0.0,1.0,1.0,1.0,1.0
natural_extraction,environment-eeae7a82c6b7,environment,clean,0,Learned router,0,1.1341474602271842e-05,0.0,0.0,0.0,0.0,1.0,1.0,0.0,1.0,1.0,1.0,1.0
natural_extraction,environment-eeae7a82c6b7,environment,clean,0,Heuristic violations,0,1.1341474602271842e-05,0.0,0.0,0.0,0.0,1.0,1.0,0.0,1.0,1.0,1.0,1.0
natural_extraction,environment-eeae7a82c6b7,environment,clean,0,Quality threshold,0,1.1341474602271842e-05,0.0,0.0,0.0,0.0,1.0,1.0,0.0,1.0,1.0,1.0,1.0
natural_extraction,environment-eeae7a82c6b7,environment,clean,0,Random 50%,1,1.1341474602271842e-05,1.0,7.059687349013984,0.0,0.0,1.0,1.0,0.0,1.0,1.0,1.0,1.0
natural_extraction,environment-eeae7a82c6b7,environment,clean,0,Always repair,1,1.1341474602271842e-05,1.0,7.059687349013984,0.0,0.0,1.0,1.0,0.0,1.0,1.0,1.0,1.0
natural_extraction,environment-eeae7a82c6b7,environment,clean,0,Never repair,0,1.1341474602271842e-05,0.0,0.0,0.0,0.0,1.0,1.0,0.0,1.0,1.0,1.0,1.0
natural_extraction,environment-eeae7a82c6b7,environment,dirty,0,Learned router,0,1.1341474602271842e-05,0.0,0.0,0.0,0.0,1.0,1.0,0.0,1.0,1.0,1.0,1.0
natural_extraction,environment-eeae7a82c6b7,environment,dirty,0,Heuristic violations,0,1.1341474602271842e-05,0.0,0.0,0.0,0.0,1.0,1.0,0.0,1.0,1.0,1.0,1.0
natural_extraction,environment-eeae7a82c6b7,environment,dirty,0,Quality threshold,0,1.1341474602271842e-05,0.0,0.0,0.0,0.0,1.0,1.0,0.0,1.0,1.0,1.0,1.0
natural_extraction,environment-eeae7a82c6b7,environment,dirty,0,Random 50%,0,1.1341474602271842e-05,0.0,0.0,0.0,0.0,1.0,1.0,0.0,1.0,1.0,1.0,1.0
natural_extraction,environment-eeae7a82c6b7,environment,dirty,0,Always repair,1,1.1341474602271842e-05,1.0,6.361635545268655,0.0,0.0,1.0,1.0,0.0,1.0,1.0,1.0,1.0
natural_extraction,environment-eeae7a82c6b7,environment,dirty,0,Never repair,0,1.1341474602271842e-05,0.0,0.0,0.0,0.0,1.0,1.0,0.0,1.0,1.0,1.0,1.0
natural_extraction,environment-f3188f3e4ca9,environment,clean,0,Learned router,0,1.1341474602271842e-05,0.0,0.0,0.0,0.0,1.0,1.0,0.0,1.0,1.0,1.0,1.0
natural_extraction,environment-f3188f3e4ca9,environment,clean,0,Heuristic violations,0,1.1341474602271842e-05,0.0,0.0,0.0,0.0,1.0,1.0,0.0,1.0,1.0,1.0,1.0
natural_extraction,environment-f3188f3e4ca9,environment,clean,0,Quality threshold,0,1.1341474602271842e-05,0.0,0.0,0.0,0.0,1.0,1.0,0.0,1.0,1.0,1.0,1.0
natural_extraction,environment-f3188f3e4ca9,environment,clean,0,Random 50%,0,1.1341474602271842e-05,0.0,0.0,0.0,0.0,1.0,1.0,0.0,1.0,1.0,1.0,1.0
natural_extraction,environment-f3188f3e4ca9,environment,clean,0,Always repair,1,1.1341474602271842e-05,1.0,5.611767753958702,0.0,0.0,1.0,1.0,0.0,1.0,1.0,1.0,1.0
natural_extraction,environment-f3188f3e4ca9,environment,clean,0,Never repair,0,1.1341474602271842e-05,0.0,0.0,0.0,0.0,1.0,1.0,0.0,1.0,1.0,1.0,1.0
natural_extraction,environment-f3188f3e4ca9,environment,dirty,0,Learned router,0,1.1341474602271842e-05,0.0,0.0,0.0,0.0,1.0,1.0,0.0,1.0,1.0,1.0,1.0
natural_extraction,environment-f3188f3e4ca9,environment,dirty,0,Heuristic violations,0,1.1341474602271842e-05,0.0,0.0,0.0,0.0,1.0,1.0,0.0,1.0,1.0,1.0,1.0
natural_extraction,environment-f3188f3e4ca9,environment,dirty,0,Quality threshold,0,1.1341474602271842e-05,0.0,0.0,0.0,0.0,1.0,1.0,0.0,1.0,1.0,1.0,1.0
natural_extraction,environment-f3188f3e4ca9,environment,dirty,0,Random 50%,1,1.1341474602271842e-05,1.0,6.888866098597646,0.0,0.0,1.0,1.0,0.0,1.0,1.0,1.0,1.0
natural_extraction,environment-f3188f3e4ca9,environment,dirty,0,Always repair,1,1.1341474602271842e-05,1.0,6.888866098597646,0.0,0.0,1.0,1.0,0.0,1.0,1.0,1.0,1.0
natural_extraction,environment-f3188f3e4ca9,environment,dirty,0,Never repair,0,1.1341474602271842e-05,0.0,0.0,0.0,0.0,1.0,1.0,0.0,1.0,1.0,1.0,1.0
natural_extraction,environment-f3b91239aa3d,environment,clean,0,Learned router,0,1.1341474602271842e-05,0.0,0.0,0.0,0.0,1.0,1.0,0.0,1.0,1.0,1.0,1.0
natural_extraction,environment-f3b91239aa3d,environment,clean,0,Heuristic violations,0,1.1341474602271842e-05,0.0,0.0,0.0,0.0,1.0,1.0,0.0,1.0,1.0,1.0,1.0
natural_extraction,environment-f3b91239aa3d,environment,clean,0,Quality threshold,0,1.1341474602271842e-05,0.0,0.0,0.0,0.0,1.0,1.0,0.0,1.0,1.0,1.0,1.0
natural_extraction,environment-f3b91239aa3d,environment,clean,0,Random 50%,1,1.1341474602271842e-05,1.0,5.952278840355575,0.0,0.0,1.0,1.0,0.0,1.0,1.0,1.0,1.0
natural_extraction,environment-f3b91239aa3d,environment,clean,0,Always repair,1,1.1341474602271842e-05,1.0,5.952278840355575,0.0,0.0,1.0,1.0,0.0,1.0,1.0,1.0,1.0
natural_extraction,environment-f3b91239aa3d,environment,clean,0,Never repair,0,1.1341474602271842e-05,0.0,0.0,0.0,0.0,1.0,1.0,0.0,1.0,1.0,1.0,1.0
natural_extraction,environment-f3b91239aa3d,environment,dirty,0,Learned router,0,1.1341474602271842e-05,0.0,0.0,0.0,0.0,1.0,1.0,0.0,1.0,1.0,1.0,1.0
natural_extraction,environment-f3b91239aa3d,environment,dirty,0,Heuristic violations,0,1.1341474602271842e-05,0.0,0.0,0.0,0.0,1.0,1.0,0.0,1.0,1.0,1.0,1.0
natural_extraction,environment-f3b91239aa3d,environment,dirty,0,Quality threshold,0,1.1341474602271842e-05,0.0,0.0,0.0,0.0,1.0,1.0,0.0,1.0,1.0,1.0,1.0
natural_extraction,environment-f3b91239aa3d,environment,dirty,0,Random 50%,0,1.1341474602271842e-05,0.0,0.0,0.0,0.0,1.0,1.0,0.0,1.0,1.0,1.0,1.0
natural_extraction,environment-f3b91239aa3d,environment,dirty,0,Always repair,1,1.1341474602271842e-05,1.0,7.18470736220479,0.0,0.0,1.0,1.0,0.0,1.0,1.0,1.0,1.0
natural_extraction,environment-f3b91239aa3d,environment,dirty,0,Never repair,0,1.1341474602271842e-05,0.0,0.0,0.0,0.0,1.0,1.0,0.0,1.0,1.0,1.0,1.0
natural_extraction,environment-f5e29159a058,environment,clean,0,Learned router,0,1.1341474602271842e-05,0.0,0.0,0.0,0.0,1.0,1.0,0.0,1.0,1.0,1.0,1.0
natural_extraction,environment-f5e29159a058,environment,clean,0,Heuristic violations,0,1.1341474602271842e-05,0.0,0.0,0.0,0.0,1.0,1.0,0.0,1.0,1.0,1.0,1.0
natural_extraction,environment-f5e29159a058,environment,clean,0,Quality threshold,0,1.1341474602271842e-05,0.0,0.0,0.0,0.0,1.0,1.0,0.0,1.0,1.0,1.0,1.0
natural_extraction,environment-f5e29159a058,environment,clean,0,Random 50%,1,1.1341474602271842e-05,1.0,7.4156022276729345,0.0,0.0,1.0,1.0,0.0,1.0,1.0,1.0,1.0
natural_extraction,environment-f5e29159a058,environment,clean,0,Always repair,1,1.1341474602271842e-05,1.0,7.4156022276729345,0.0,0.0,1.0,1.0,0.0,1.0,1.0,1.0,1.0
natural_extraction,environment-f5e29159a058,environment,clean,0,Never repair,0,1.1341474602271842e-05,0.0,0.0,0.0,0.0,1.0,1.0,0.0,1.0,1.0,1.0,1.0
natural_extraction,environment-f5e29159a058,environment,dirty,0,Learned router,0,1.1341474602271842e-05,0.0,0.0,0.0,0.0,1.0,1.0,0.0,1.0,1.0,1.0,1.0
natural_extraction,environment-f5e29159a058,environment,dirty,0,Heuristic violations,0,1.1341474602271842e-05,0.0,0.0,0.0,0.0,1.0,1.0,0.0,1.0,1.0,1.0,1.0
natural_extraction,environment-f5e29159a058,environment,dirty,0,Quality threshold,0,1.1341474602271842e-05,0.0,0.0,0.0,0.0,1.0,1.0,0.0,1.0,1.0,1.0,1.0
natural_extraction,environment-f5e29159a058,environment,dirty,0,Random 50%,0,1.1341474602271842e-05,0.0,0.0,0.0,0.0,1.0,1.0,0.0,1.0,1.0,1.0,1.0
natural_extraction,environment-f5e29159a058,environment,dirty,0,Always repair,1,1.1341474602271842e-05,1.0,6.72589061409235,0.0,0.0,1.0,1.0,0.0,1.0,1.0,1.0,1.0
natural_extraction,environment-f5e29159a058,environment,dirty,0,Never repair,0,1.1341474602271842e-05,0.0,0.0,0.0,0.0,1.0,1.0,0.0,1.0,1.0,1.0,1.0
natural_extraction,environment-f73871bd51ba,environment,clean,0,Learned router,0,1.1341474602271842e-05,0.0,0.0,0.0,0.0,1.0,1.0,0.0,1.0,1.0,1.0,1.0
natural_extraction,environment-f73871bd51ba,environment,clean,0,Heuristic violations,0,1.1341474602271842e-05,0.0,0.0,0.0,0.0,1.0,1.0,0.0,1.0,1.0,1.0,1.0
natural_extraction,environment-f73871bd51ba,environment,clean,0,Quality threshold,0,1.1341474602271842e-05,0.0,0.0,0.0,0.0,1.0,1.0,0.0,1.0,1.0,1.0,1.0
natural_extraction,environment-f73871bd51ba,environment,clean,0,Random 50%,1,1.1341474602271842e-05,1.0,8.579464435577393,0.0,0.0,1.0,1.0,0.0,1.0,1.0,1.0,1.0
natural_extraction,environment-f73871bd51ba,environment,clean,0,Always repair,1,1.1341474602271842e-05,1.0,8.579464435577393,0.0,0.0,1.0,1.0,0.0,1.0,1.0,1.0,1.0
natural_extraction,environment-f73871bd51ba,environment,clean,0,Never repair,0,1.1341474602271842e-05,0.0,0.0,0.0,0.0,1.0,1.0,0.0,1.0,1.0,1.0,1.0
natural_extraction,environment-f73871bd51ba,environment,dirty,0,Learned router,0,1.1341474602271842e-05,0.0,0.0,0.0,0.0,1.0,1.0,0.0,1.0,1.0,1.0,1.0
natural_extraction,environment-f73871bd51ba,environment,dirty,0,Heuristic violations,0,1.1341474602271842e-05,0.0,0.0,0.0,0.0,1.0,1.0,0.0,1.0,1.0,1.0,1.0
natural_extraction,environment-f73871bd51ba,environment,dirty,0,Quality threshold,0,1.1341474602271842e-05,0.0,0.0,0.0,0.0,1.0,1.0,0.0,1.0,1.0,1.0,1.0
natural_extraction,environment-f73871bd51ba,environment,dirty,0,Random 50%,1,1.1341474602271842e-05,1.0,6.234989863820374,0.0,0.0,1.0,1.0,0.0,1.0,1.0,1.0,1.0
natural_extraction,environment-f73871bd51ba,environment,dirty,0,Always repair,1,1.1341474602271842e-05,1.0,6.234989863820374,0.0,0.0,1.0,1.0,0.0,1.0,1.0,1.0,1.0
natural_extraction,environment-f73871bd51ba,environment,dirty,0,Never repair,0,1.1341474602271842e-05,0.0,0.0,0.0,0.0,1.0,1.0,0.0,1.0,1.0,1.0,1.0
natural_extraction,environment-fab407a396a1,environment,clean,0,Learned router,0,1.1341474602271842e-05,0.0,0.0,0.0,0.0,1.0,1.0,0.0,1.0,1.0,1.0,1.0
natural_extraction,environment-fab407a396a1,environment,clean,0,Heuristic violations,0,1.1341474602271842e-05,0.0,0.0,0.0,0.0,1.0,1.0,0.0,1.0,1.0,1.0,1.0
natural_extraction,environment-fab407a396a1,environment,clean,0,Quality threshold,0,1.1341474602271842e-05,0.0,0.0,0.0,0.0,1.0,1.0,0.0,1.0,1.0,1.0,1.0
natural_extraction,environment-fab407a396a1,environment,clean,0,Random 50%,0,1.1341474602271842e-05,0.0,0.0,0.0,0.0,1.0,1.0,0.0,1.0,1.0,1.0,1.0
natural_extraction,environment-fab407a396a1,environment,clean,0,Always repair,1,1.1341474602271842e-05,1.0,7.330400229431689,0.0,0.0,1.0,1.0,0.0,1.0,1.0,1.0,1.0
natural_extraction,environment-fab407a396a1,environment,clean,0,Never repair,0,1.1341474602271842e-05,0.0,0.0,0.0,0.0,1.0,1.0,0.0,1.0,1.0,1.0,1.0
natural_extraction,environment-fab407a396a1,environment,dirty,0,Learned router,0,1.1341474602271842e-05,0.0,0.0,0.0,0.0,1.0,1.0,0.0,1.0,1.0,1.0,1.0
natural_extraction,environment-fab407a396a1,environment,dirty,0,Heuristic violations,0,1.1341474602271842e-05,0.0,0.0,0.0,0.0,1.0,1.0,0.0,1.0,1.0,1.0,1.0
natural_extraction,environment-fab407a396a1,environment,dirty,0,Quality threshold,0,1.1341474602271842e-05,0.0,0.0,0.0,0.0,1.0,1.0,0.0,1.0,1.0,1.0,1.0
natural_extraction,environment-fab407a396a1,environment,dirty,0,Random 50%,0,1.1341474602271842e-05,0.0,0.0,0.0,0.0,1.0,1.0,0.0,1.0,1.0,1.0,1.0
natural_extraction,environment-fab407a396a1,environment,dirty,0,Always repair,1,1.1341474602271842e-05,1.0,6.359124542213976,0.0,0.0,1.0,1.0,0.0,1.0,1.0,1.0,1.0
natural_extraction,environment-fab407a396a1,environment,dirty,0,Never repair,0,1.1341474602271842e-05,0.0,0.0,0.0,0.0,1.0,1.0,0.0,1.0,1.0,1.0,1.0
natural_extraction,environment-fe552181f4cc,environment,clean,0,Learned router,0,1.1341474602271842e-05,0.0,0.0,0.0,0.0,1.0,1.0,0.0,1.0,1.0,1.0,1.0
natural_extraction,environment-fe552181f4cc,environment,clean,0,Heuristic violations,0,1.1341474602271842e-05,0.0,0.0,0.0,0.0,1.0,1.0,0.0,1.0,1.0,1.0,1.0
natural_extraction,environment-fe552181f4cc,environment,clean,0,Quality threshold,0,1.1341474602271842e-05,0.0,0.0,0.0,0.0,1.0,1.0,0.0,1.0,1.0,1.0,1.0
natural_extraction,environment-fe552181f4cc,environment,clean,0,Random 50%,1,1.1341474602271842e-05,1.0,5.2179792216047645,0.0,0.0,1.0,1.0,0.0,1.0,1.0,1.0,1.0
natural_extraction,environment-fe552181f4cc,environment,clean,0,Always repair,1,1.1341474602271842e-05,1.0,5.2179792216047645,0.0,0.0,1.0,1.0,0.0,1.0,1.0,1.0,1.0
natural_extraction,environment-fe552181f4cc,environment,clean,0,Never repair,0,1.1341474602271842e-05,0.0,0.0,0.0,0.0,1.0,1.0,0.0,1.0,1.0,1.0,1.0
natural_extraction,environment-fe552181f4cc,environment,dirty,0,Learned router,0,1.1341474602271842e-05,0.0,0.0,0.0,0.0,1.0,1.0,0.0,1.0,1.0,1.0,1.0
natural_extraction,environment-fe552181f4cc,environment,dirty,0,Heuristic violations,0,1.1341474602271842e-05,0.0,0.0,0.0,0.0,1.0,1.0,0.0,1.0,1.0,1.0,1.0
natural_extraction,environment-fe552181f4cc,environment,dirty,0,Quality threshold,0,1.1341474602271842e-05,0.0,0.0,0.0,0.0,1.0,1.0,0.0,1.0,1.0,1.0,1.0
natural_extraction,environment-fe552181f4cc,environment,dirty,0,Random 50%,1,1.1341474602271842e-05,1.0,28.267304389737546,0.0,0.0,1.0,1.0,0.0,1.0,1.0,1.0,1.0
natural_extraction,environment-fe552181f4cc,environment,dirty,0,Always repair,1,1.1341474602271842e-05,1.0,28.267304389737546,0.0,0.0,1.0,1.0,0.0,1.0,1.0,1.0,1.0
natural_extraction,environment-fe552181f4cc,environment,dirty,0,Never repair,0,1.1341474602271842e-05,0.0,0.0,0.0,0.0,1.0,1.0,0.0,1.0,1.0,1.0,1.0
natural_extraction,finance-0258ae926423,finance,clean,0,Learned router,0,1.1341474602271842e-05,0.0,0.0,0.0,0.0,1.0,1.0,0.0,1.0,1.0,1.0,1.0
natural_extraction,finance-0258ae926423,finance,clean,0,Heuristic violations,0,1.1341474602271842e-05,0.0,0.0,0.0,0.0,1.0,1.0,0.0,1.0,1.0,1.0,1.0
natural_extraction,finance-0258ae926423,finance,clean,0,Quality threshold,0,1.1341474602271842e-05,0.0,0.0,0.0,0.0,1.0,1.0,0.0,1.0,1.0,1.0,1.0
natural_extraction,finance-0258ae926423,finance,clean,0,Random 50%,0,1.1341474602271842e-05,0.0,0.0,0.0,0.0,1.0,1.0,0.0,1.0,1.0,1.0,1.0
natural_extraction,finance-0258ae926423,finance,clean,0,Always repair,1,1.1341474602271842e-05,1.0,4.979799975641072,0.0,0.0,1.0,1.0,0.0,1.0,1.0,1.0,1.0
natural_extraction,finance-0258ae926423,finance,clean,0,Never repair,0,1.1341474602271842e-05,0.0,0.0,0.0,0.0,1.0,1.0,0.0,1.0,1.0,1.0,1.0
natural_extraction,finance-0258ae926423,finance,dirty,0,Learned router,0,1.1341474602271842e-05,0.0,0.0,0.0,0.0,1.0,1.0,0.0,1.0,1.0,1.0,1.0
natural_extraction,finance-0258ae926423,finance,dirty,0,Heuristic violations,0,1.1341474602271842e-05,0.0,0.0,0.0,0.0,1.0,1.0,0.0,1.0,1.0,1.0,1.0
natural_extraction,finance-0258ae926423,finance,dirty,0,Quality threshold,0,1.1341474602271842e-05,0.0,0.0,0.0,0.0,1.0,1.0,0.0,1.0,1.0,1.0,1.0
natural_extraction,finance-0258ae926423,finance,dirty,0,Random 50%,0,1.1341474602271842e-05,0.0,0.0,0.0,0.0,1.0,1.0,0.0,1.0,1.0,1.0,1.0
natural_extraction,finance-0258ae926423,finance,dirty,0,Always repair,1,1.1341474602271842e-05,1.0,17.068733441643417,0.0,0.0,1.0,1.0,0.0,1.0,1.0,1.0,1.0
natural_extraction,finance-0258ae926423,finance,dirty,0,Never repair,0,1.1341474602271842e-05,0.0,0.0,0.0,0.0,1.0,1.0,0.0,1.0,1.0,1.0,1.0
natural_extraction,finance-0578051bec55,finance,clean,0,Learned router,0,1.1341474602271842e-05,0.0,0.0,0.0,0.0,1.0,1.0,0.0,1.0,1.0,1.0,1.0
natural_extraction,finance-0578051bec55,finance,clean,0,Heuristic violations,0,1.1341474602271842e-05,0.0,0.0,0.0,0.0,1.0,1.0,0.0,1.0,1.0,1.0,1.0
natural_extraction,finance-0578051bec55,finance,clean,0,Quality threshold,0,1.1341474602271842e-05,0.0,0.0,0.0,0.0,1.0,1.0,0.0,1.0,1.0,1.0,1.0
natural_extraction,finance-0578051bec55,finance,clean,0,Random 50%,1,1.1341474602271842e-05,1.0,5.989365919493139,0.0,0.0,1.0,1.0,0.0,1.0,1.0,1.0,1.0
natural_extraction,finance-0578051bec55,finance,clean,0,Always repair,1,1.1341474602271842e-05,1.0,5.989365919493139,0.0,0.0,1.0,1.0,0.0,1.0,1.0,1.0,1.0
natural_extraction,finance-0578051bec55,finance,clean,0,Never repair,0,1.1341474602271842e-05,0.0,0.0,0.0,0.0,1.0,1.0,0.0,1.0,1.0,1.0,1.0
natural_extraction,finance-0578051bec55,finance,dirty,0,Learned router,0,1.1341474602271842e-05,0.0,0.0,0.0,0.0,1.0,1.0,0.0,1.0,1.0,1.0,1.0
natural_extraction,finance-0578051bec55,finance,dirty,0,Heuristic violations,0,1.1341474602271842e-05,0.0,0.0,0.0,0.0,1.0,1.0,0.0,1.0,1.0,1.0,1.0
natural_extraction,finance-0578051bec55,finance,dirty,0,Quality threshold,0,1.1341474602271842e-05,0.0,0.0,0.0,0.0,1.0,1.0,0.0,1.0,1.0,1.0,1.0
natural_extraction,finance-0578051bec55,finance,dirty,0,Random 50%,0,1.1341474602271842e-05,0.0,0.0,0.0,0.0,1.0,1.0,0.0,1.0,1.0,1.0,1.0
natural_extraction,finance-0578051bec55,finance,dirty,0,Always repair,1,1.1341474602271842e-05,1.0,4.744938822463155,0.0,0.0,1.0,1.0,0.0,1.0,1.0,1.0,1.0
natural_extraction,finance-0578051bec55,finance,dirty,0,Never repair,0,1.1341474602271842e-05,0.0,0.0,0.0,0.0,1.0,1.0,0.0,1.0,1.0,1.0,1.0
natural_extraction,finance-0599b493f8df,finance,clean,0,Learned router,0,1.1341474602271842e-05,0.0,0.0,0.0,0.0,1.0,1.0,0.0,1.0,1.0,1.0,1.0
natural_extraction,finance-0599b493f8df,finance,clean,0,Heuristic violations,0,1.1341474602271842e-05,0.0,0.0,0.0,0.0,1.0,1.0,0.0,1.0,1.0,1.0,1.0
natural_extraction,finance-0599b493f8df,finance,clean,0,Quality threshold,0,1.1341474602271842e-05,0.0,0.0,0.0,0.0,1.0,1.0,0.0,1.0,1.0,1.0,1.0
natural_extraction,finance-0599b493f8df,finance,clean,0,Random 50%,1,1.1341474602271842e-05,1.0,6.433663888834417,0.0,0.0,1.0,1.0,0.0,1.0,1.0,1.0,1.0
natural_extraction,finance-0599b493f8df,finance,clean,0,Always repair,1,1.1341474602271842e-05,1.0,6.433663888834417,0.0,0.0,1.0,1.0,0.0,1.0,1.0,1.0,1.0
natural_extraction,finance-0599b493f8df,finance,clean,0,Never repair,0,1.1341474602271842e-05,0.0,0.0,0.0,0.0,1.0,1.0,0.0,1.0,1.0,1.0,1.0
natural_extraction,finance-0599b493f8df,finance,dirty,0,Learned router,0,1.1341474602271842e-05,0.0,0.0,0.0,0.0,1.0,1.0,0.0,1.0,1.0,1.0,1.0
natural_extraction,finance-0599b493f8df,finance,dirty,0,Heuristic violations,0,1.1341474602271842e-05,0.0,0.0,0.0,0.0,1.0,1.0,0.0,1.0,1.0,1.0,1.0
natural_extraction,finance-0599b493f8df,finance,dirty,0,Quality threshold,0,1.1341474602271842e-05,0.0,0.0,0.0,0.0,1.0,1.0,0.0,1.0,1.0,1.0,1.0
natural_extraction,finance-0599b493f8df,finance,dirty,0,Random 50%,1,1.1341474602271842e-05,1.0,6.266715373843908,0.0,0.0,1.0,1.0,0.0,1.0,1.0,1.0,1.0
natural_extraction,finance-0599b493f8df,finance,dirty,0,Always repair,1,1.1341474602271842e-05,1.0,6.266715373843908,0.0,0.0,1.0,1.0,0.0,1.0,1.0,1.0,1.0
natural_extraction,finance-0599b493f8df,finance,dirty,0,Never repair,0,1.1341474602271842e-05,0.0,0.0,0.0,0.0,1.0,1.0,0.0,1.0,1.0,1.0,1.0
natural_extraction,finance-0940112f81b2,finance,clean,0,Learned router,0,1.1341474602271842e-05,0.0,0.0,0.0,0.0,1.0,1.0,0.0,1.0,1.0,1.0,1.0
natural_extraction,finance-0940112f81b2,finance,clean,0,Heuristic violations,0,1.1341474602271842e-05,0.0,0.0,0.0,0.0,1.0,1.0,0.0,1.0,1.0,1.0,1.0
natural_extraction,finance-0940112f81b2,finance,clean,0,Quality threshold,0,1.1341474602271842e-05,0.0,0.0,0.0,0.0,1.0,1.0,0.0,1.0,1.0,1.0,1.0
natural_extraction,finance-0940112f81b2,finance,clean,0,Random 50%,1,1.1341474602271842e-05,1.0,5.369689322076738,0.0,0.0,1.0,1.0,0.0,1.0,1.0,1.0,1.0
natural_extraction,finance-0940112f81b2,finance,clean,0,Always repair,1,1.1341474602271842e-05,1.0,5.369689322076738,0.0,0.0,1.0,1.0,0.0,1.0,1.0,1.0,1.0
natural_extraction,finance-0940112f81b2,finance,clean,0,Never repair,0,1.1341474602271842e-05,0.0,0.0,0.0,0.0,1.0,1.0,0.0,1.0,1.0,1.0,1.0
natural_extraction,finance-0940112f81b2,finance,dirty,0,Learned router,0,1.1341474602271842e-05,0.0,0.0,0.0,0.0,1.0,1.0,0.0,1.0,1.0,1.0,1.0
natural_extraction,finance-0940112f81b2,finance,dirty,0,Heuristic violations,0,1.1341474602271842e-05,0.0,0.0,0.0,0.0,1.0,1.0,0.0,1.0,1.0,1.0,1.0
natural_extraction,finance-0940112f81b2,finance,dirty,0,Quality threshold,0,1.1341474602271842e-05,0.0,0.0,0.0,0.0,1.0,1.0,0.0,1.0,1.0,1.0,1.0
natural_extraction,finance-0940112f81b2,finance,dirty,0,Random 50%,0,1.1341474602271842e-05,0.0,0.0,0.0,0.0,1.0,1.0,0.0,1.0,1.0,1.0,1.0
natural_extraction,finance-0940112f81b2,finance,dirty,0,Always repair,1,1.1341474602271842e-05,1.0,6.661041424609721,0.0,0.0,1.0,1.0,0.0,1.0,1.0,1.0,1.0
natural_extraction,finance-0940112f81b2,finance,dirty,0,Never repair,0,1.1341474602271842e-05,0.0,0.0,0.0,0.0,1.0,1.0,0.0,1.0,1.0,1.0,1.0
natural_extraction,finance-0ece511b91b7,finance,clean,0,Learned router,0,1.1341474602271842e-05,0.0,0.0,0.0,0.0,1.0,1.0,0.0,1.0,1.0,1.0,1.0
natural_extraction,finance-0ece511b91b7,finance,clean,0,Heuristic violations,0,1.1341474602271842e-05,0.0,0.0,0.0,0.0,1.0,1.0,0.0,1.0,1.0,1.0,1.0
natural_extraction,finance-0ece511b91b7,finance,clean,0,Quality threshold,0,1.1341474602271842e-05,0.0,0.0,0.0,0.0,1.0,1.0,0.0,1.0,1.0,1.0,1.0
natural_extraction,finance-0ece511b91b7,finance,clean,0,Random 50%,1,1.1341474602271842e-05,1.0,6.471711881458759,0.0,0.0,1.0,1.0,0.0,1.0,1.0,1.0,1.0
natural_extraction,finance-0ece511b91b7,finance,clean,0,Always repair,1,1.1341474602271842e-05,1.0,6.471711881458759,0.0,0.0,1.0,1.0,0.0,1.0,1.0,1.0,1.0
natural_extraction,finance-0ece511b91b7,finance,clean,0,Never repair,0,1.1341474602271842e-05,0.0,0.0,0.0,0.0,1.0,1.0,0.0,1.0,1.0,1.0,1.0
natural_extraction,finance-0ece511b91b7,finance,dirty,0,Learned router,0,1.1341474602271842e-05,0.0,0.0,0.0,0.0,1.0,1.0,0.0,1.0,1.0,1.0,1.0
natural_extraction,finance-0ece511b91b7,finance,dirty,0,Heuristic violations,0,1.1341474602271842e-05,0.0,0.0,0.0,0.0,1.0,1.0,0.0,1.0,1.0,1.0,1.0
natural_extraction,finance-0ece511b91b7,finance,dirty,0,Quality threshold,0,1.1341474602271842e-05,0.0,0.0,0.0,0.0,1.0,1.0,0.0,1.0,1.0,1.0,1.0
natural_extraction,finance-0ece511b91b7,finance,dirty,0,Random 50%,1,1.1341474602271842e-05,1.0,6.683011665008962,0.0,0.0,1.0,1.0,0.0,1.0,1.0,1.0,1.0
natural_extraction,finance-0ece511b91b7,finance,dirty,0,Always repair,1,1.1341474602271842e-05,1.0,6.683011665008962,0.0,0.0,1.0,1.0,0.0,1.0,1.0,1.0,1.0
natural_extraction,finance-0ece511b91b7,finance,dirty,0,Never repair,0,1.1341474602271842e-05,0.0,0.0,0.0,0.0,1.0,1.0,0.0,1.0,1.0,1.0,1.0
natural_extraction,finance-11d9ca639481,finance,clean,0,Learned router,0,1.1341474602271842e-05,0.0,0.0,0.0,0.0,1.0,1.0,0.0,1.0,1.0,1.0,1.0
natural_extraction,finance-11d9ca639481,finance,clean,0,Heuristic violations,0,1.1341474602271842e-05,0.0,0.0,0.0,0.0,1.0,1.0,0.0,1.0,1.0,1.0,1.0
natural_extraction,finance-11d9ca639481,finance,clean,0,Quality threshold,0,1.1341474602271842e-05,0.0,0.0,0.0,0.0,1.0,1.0,0.0,1.0,1.0,1.0,1.0
natural_extraction,finance-11d9ca639481,finance,clean,0,Random 50%,1,1.1341474602271842e-05,1.0,6.902318720705807,0.0,0.0,1.0,1.0,0.0,1.0,1.0,1.0,1.0
natural_extraction,finance-11d9ca639481,finance,clean,0,Always repair,1,1.1341474602271842e-05,1.0,6.902318720705807,0.0,0.0,1.0,1.0,0.0,1.0,1.0,1.0,1.0
natural_extraction,finance-11d9ca639481,finance,clean,0,Never repair,0,1.1341474602271842e-05,0.0,0.0,0.0,0.0,1.0,1.0,0.0,1.0,1.0,1.0,1.0
natural_extraction,finance-11d9ca639481,finance,dirty,0,Learned router,0,1.1341474602271842e-05,0.0,0.0,0.0,0.0,1.0,1.0,0.0,1.0,1.0,1.0,1.0
natural_extraction,finance-11d9ca639481,finance,dirty,0,Heuristic violations,0,1.1341474602271842e-05,0.0,0.0,0.0,0.0,1.0,1.0,0.0,1.0,1.0,1.0,1.0
natural_extraction,finance-11d9ca639481,finance,dirty,0,Quality threshold,0,1.1341474602271842e-05,0.0,0.0,0.0,0.0,1.0,1.0,0.0,1.0,1.0,1.0,1.0
natural_extraction,finance-11d9ca639481,finance,dirty,0,Random 50%,0,1.1341474602271842e-05,0.0,0.0,0.0,0.0,1.0,1.0,0.0,1.0,1.0,1.0,1.0
natural_extraction,finance-11d9ca639481,finance,dirty,0,Always repair,1,1.1341474602271842e-05,1.0,5.829347678460181,0.0,0.0,1.0,1.0,0.0,1.0,1.0,1.0,1.0
natural_extraction,finance-11d9ca639481,finance,dirty,0,Never repair,0,1.1341474602271842e-05,0.0,0.0,0.0,0.0,1.0,1.0,0.0,1.0,1.0,1.0,1.0
natural_extraction,finance-181bbc50a53b,finance,clean,0,Learned router,0,1.1341474602271842e-05,0.0,0.0,0.0,0.0,1.0,1.0,0.0,1.0,1.0,1.0,1.0
natural_extraction,finance-181bbc50a53b,finance,clean,0,Heuristic violations,0,1.1341474602271842e-05,0.0,0.0,0.0,0.0,1.0,1.0,0.0,1.0,1.0,1.0,1.0
natural_extraction,finance-181bbc50a53b,finance,clean,0,Quality threshold,0,1.1341474602271842e-05,0.0,0.0,0.0,0.0,1.0,1.0,0.0,1.0,1.0,1.0,1.0
natural_extraction,finance-181bbc50a53b,finance,clean,0,Random 50%,1,1.1341474602271842e-05,1.0,5.148569046519697,0.0,0.0,1.0,1.0,0.0,1.0,1.0,1.0,1.0
natural_extraction,finance-181bbc50a53b,finance,clean,0,Always repair,1,1.1341474602271842e-05,1.0,5.148569046519697,0.0,0.0,1.0,1.0,0.0,1.0,1.0,1.0,1.0
natural_extraction,finance-181bbc50a53b,finance,clean,0,Never repair,0,1.1341474602271842e-05,0.0,0.0,0.0,0.0,1.0,1.0,0.0,1.0,1.0,1.0,1.0
natural_extraction,finance-181bbc50a53b,finance,dirty,0,Learned router,0,1.1341474602271842e-05,0.0,0.0,0.0,0.0,1.0,1.0,0.0,1.0,1.0,1.0,1.0
natural_extraction,finance-181bbc50a53b,finance,dirty,0,Heuristic violations,0,1.1341474602271842e-05,0.0,0.0,0.0,0.0,1.0,1.0,0.0,1.0,1.0,1.0,1.0
natural_extraction,finance-181bbc50a53b,finance,dirty,0,Quality threshold,0,1.1341474602271842e-05,0.0,0.0,0.0,0.0,1.0,1.0,0.0,1.0,1.0,1.0,1.0
natural_extraction,finance-181bbc50a53b,finance,dirty,0,Random 50%,0,1.1341474602271842e-05,0.0,0.0,0.0,0.0,1.0,1.0,0.0,1.0,1.0,1.0,1.0
natural_extraction,finance-181bbc50a53b,finance,dirty,0,Always repair,1,1.1341474602271842e-05,1.0,5.593114733695984,0.0,0.0,1.0,1.0,0.0,1.0,1.0,1.0,1.0
natural_extraction,finance-181bbc50a53b,finance,dirty,0,Never repair,0,1.1341474602271842e-05,0.0,0.0,0.0,0.0,1.0,1.0,0.0,1.0,1.0,1.0,1.0
natural_extraction,finance-1d7bb07a73aa,finance,clean,0,Learned router,0,1.1341474602271842e-05,0.0,0.0,0.0,0.0,1.0,1.0,0.0,1.0,1.0,1.0,1.0
natural_extraction,finance-1d7bb07a73aa,finance,clean,0,Heuristic violations,0,1.1341474602271842e-05,0.0,0.0,0.0,0.0,1.0,1.0,0.0,1.0,1.0,1.0,1.0
natural_extraction,finance-1d7bb07a73aa,finance,clean,0,Quality threshold,0,1.1341474602271842e-05,0.0,0.0,0.0,0.0,1.0,1.0,0.0,1.0,1.0,1.0,1.0
natural_extraction,finance-1d7bb07a73aa,finance,clean,0,Random 50%,0,1.1341474602271842e-05,0.0,0.0,0.0,0.0,1.0,1.0,0.0,1.0,1.0,1.0,1.0
natural_extraction,finance-1d7bb07a73aa,finance,clean,0,Always repair,1,1.1341474602271842e-05,1.0,6.906511818990111,0.0,0.0,1.0,1.0,0.0,1.0,1.0,1.0,1.0
natural_extraction,finance-1d7bb07a73aa,finance,clean,0,Never repair,0,1.1341474602271842e-05,0.0,0.0,0.0,0.0,1.0,1.0,0.0,1.0,1.0,1.0,1.0
natural_extraction,finance-1d7bb07a73aa,finance,dirty,0,Learned router,0,1.1341474602271842e-05,0.0,0.0,0.0,0.0,1.0,1.0,0.0,1.0,1.0,1.0,1.0
natural_extraction,finance-1d7bb07a73aa,finance,dirty,0,Heuristic violations,0,1.1341474602271842e-05,0.0,0.0,0.0,0.0,1.0,1.0,0.0,1.0,1.0,1.0,1.0
natural_extraction,finance-1d7bb07a73aa,finance,dirty,0,Quality threshold,0,1.1341474602271842e-05,0.0,0.0,0.0,0.0,1.0,1.0,0.0,1.0,1.0,1.0,1.0
natural_extraction,finance-1d7bb07a73aa,finance,dirty,0,Random 50%,1,1.1341474602271842e-05,1.0,6.5683183735236526,0.0,0.0,1.0,1.0,0.0,1.0,1.0,1.0,1.0
natural_extraction,finance-1d7bb07a73aa,finance,dirty,0,Always repair,1,1.1341474602271842e-05,1.0,6.5683183735236526,0.0,0.0,1.0,1.0,0.0,1.0,1.0,1.0,1.0
natural_extraction,finance-1d7bb07a73aa,finance,dirty,0,Never repair,0,1.1341474602271842e-05,0.0,0.0,0.0,0.0,1.0,1.0,0.0,1.0,1.0,1.0,1.0
natural_extraction,finance-2c5481123672,finance,clean,0,Learned router,0,1.1341474602271842e-05,0.0,0.0,0.0,0.0,1.0,1.0,0.0,1.0,1.0,1.0,1.0
natural_extraction,finance-2c5481123672,finance,clean,0,Heuristic violations,0,1.1341474602271842e-05,0.0,0.0,0.0,0.0,1.0,1.0,0.0,1.0,1.0,1.0,1.0
natural_extraction,finance-2c5481123672,finance,clean,0,Quality threshold,0,1.1341474602271842e-05,0.0,0.0,0.0,0.0,1.0,1.0,0.0,1.0,1.0,1.0,1.0
natural_extraction,finance-2c5481123672,finance,clean,0,Random 50%,1,1.1341474602271842e-05,1.0,6.4451332576572895,0.0,0.0,1.0,1.0,0.0,1.0,1.0,1.0,1.0
natural_extraction,finance-2c5481123672,finance,clean,0,Always repair,1,1.1341474602271842e-05,1.0,6.4451332576572895,0.0,0.0,1.0,1.0,0.0,1.0,1.0,1.0,1.0
natural_extraction,finance-2c5481123672,finance,clean,0,Never repair,0,1.1341474602271842e-05,0.0,0.0,0.0,0.0,1.0,1.0,0.0,1.0,1.0,1.0,1.0
natural_extraction,finance-2c5481123672,finance,dirty,0,Learned router,0,1.1341474602271842e-05,0.0,0.0,0.0,0.0,1.0,1.0,0.0,1.0,1.0,1.0,1.0
natural_extraction,finance-2c5481123672,finance,dirty,0,Heuristic violations,0,1.1341474602271842e-05,0.0,0.0,0.0,0.0,1.0,1.0,0.0,1.0,1.0,1.0,1.0
natural_extraction,finance-2c5481123672,finance,dirty,0,Quality threshold,0,1.1341474602271842e-05,0.0,0.0,0.0,0.0,1.0,1.0,0.0,1.0,1.0,1.0,1.0
natural_extraction,finance-2c5481123672,finance,dirty,0,Random 50%,0,1.1341474602271842e-05,0.0,0.0,0.0,0.0,1.0,1.0,0.0,1.0,1.0,1.0,1.0
natural_extraction,finance-2c5481123672,finance,dirty,0,Always repair,1,1.1341474602271842e-05,1.0,5.8499411921948195,0.0,0.0,1.0,1.0,0.0,1.0,1.0,1.0,1.0
natural_extraction,finance-2c5481123672,finance,dirty,0,Never repair,0,1.1341474602271842e-05,0.0,0.0,0.0,0.0,1.0,1.0,0.0,1.0,1.0,1.0,1.0
natural_extraction,finance-2f5191a50246,finance,clean,0,Learned router,0,1.1341474602271842e-05,0.0,0.0,0.0,0.0,1.0,1.0,0.0,1.0,1.0,1.0,1.0
natural_extraction,finance-2f5191a50246,finance,clean,0,Heuristic violations,0,1.1341474602271842e-05,0.0,0.0,0.0,0.0,1.0,1.0,0.0,1.0,1.0,1.0,1.0
natural_extraction,finance-2f5191a50246,finance,clean,0,Quality threshold,0,1.1341474602271842e-05,0.0,0.0,0.0,0.0,1.0,1.0,0.0,1.0,1.0,1.0,1.0
natural_extraction,finance-2f5191a50246,finance,clean,0,Random 50%,1,1.1341474602271842e-05,1.0,5.8493992472067475,0.0,0.0,1.0,1.0,0.0,1.0,1.0,1.0,1.0
natural_extraction,finance-2f5191a50246,finance,clean,0,Always repair,1,1.1341474602271842e-05,1.0,5.8493992472067475,0.0,0.0,1.0,1.0,0.0,1.0,1.0,1.0,1.0
natural_extraction,finance-2f5191a50246,finance,clean,0,Never repair,0,1.1341474602271842e-05,0.0,0.0,0.0,0.0,1.0,1.0,0.0,1.0,1.0,1.0,1.0
natural_extraction,finance-2f5191a50246,finance,dirty,0,Learned router,0,1.1341474602271842e-05,0.0,0.0,0.0,0.0,1.0,1.0,0.0,1.0,1.0,1.0,1.0
natural_extraction,finance-2f5191a50246,finance,dirty,0,Heuristic violations,0,1.1341474602271842e-05,0.0,0.0,0.0,0.0,1.0,1.0,0.0,1.0,1.0,1.0,1.0
natural_extraction,finance-2f5191a50246,finance,dirty,0,Quality threshold,0,1.1341474602271842e-05,0.0,0.0,0.0,0.0,1.0,1.0,0.0,1.0,1.0,1.0,1.0
natural_extraction,finance-2f5191a50246,finance,dirty,0,Random 50%,1,1.1341474602271842e-05,1.0,5.745977461338043,0.0,0.0,1.0,1.0,0.0,1.0,1.0,1.0,1.0
natural_extraction,finance-2f5191a50246,finance,dirty,0,Always repair,1,1.1341474602271842e-05,1.0,5.745977461338043,0.0,0.0,1.0,1.0,0.0,1.0,1.0,1.0,1.0
natural_extraction,finance-2f5191a50246,finance,dirty,0,Never repair,0,1.1341474602271842e-05,0.0,0.0,0.0,0.0,1.0,1.0,0.0,1.0,1.0,1.0,1.0
natural_extraction,finance-31f9ee73acbf,finance,clean,0,Learned router,0,1.1341474602271842e-05,0.0,0.0,0.0,0.0,1.0,1.0,0.0,1.0,1.0,1.0,1.0
natural_extraction,finance-31f9ee73acbf,finance,clean,0,Heuristic violations,0,1.1341474602271842e-05,0.0,0.0,0.0,0.0,1.0,1.0,0.0,1.0,1.0,1.0,1.0
natural_extraction,finance-31f9ee73acbf,finance,clean,0,Quality threshold,0,1.1341474602271842e-05,0.0,0.0,0.0,0.0,1.0,1.0,0.0,1.0,1.0,1.0,1.0
natural_extraction,finance-31f9ee73acbf,finance,clean,0,Random 50%,0,1.1341474602271842e-05,0.0,0.0,0.0,0.0,1.0,1.0,0.0,1.0,1.0,1.0,1.0
natural_extraction,finance-31f9ee73acbf,finance,clean,0,Always repair,1,1.1341474602271842e-05,1.0,6.92824094556272,0.0,0.0,1.0,1.0,0.0,1.0,1.0,1.0,1.0
natural_extraction,finance-31f9ee73acbf,finance,clean,0,Never repair,0,1.1341474602271842e-05,0.0,0.0,0.0,0.0,1.0,1.0,0.0,1.0,1.0,1.0,1.0
natural_extraction,finance-31f9ee73acbf,finance,dirty,0,Learned router,0,1.1341474602271842e-05,0.0,0.0,0.0,0.0,1.0,1.0,0.0,1.0,1.0,1.0,1.0
natural_extraction,finance-31f9ee73acbf,finance,dirty,0,Heuristic violations,0,1.1341474602271842e-05,0.0,0.0,0.0,0.0,1.0,1.0,0.0,1.0,1.0,1.0,1.0
natural_extraction,finance-31f9ee73acbf,finance,dirty,0,Quality threshold,0,1.1341474602271842e-05,0.0,0.0,0.0,0.0,1.0,1.0,0.0,1.0,1.0,1.0,1.0
natural_extraction,finance-31f9ee73acbf,finance,dirty,0,Random 50%,0,1.1341474602271842e-05,0.0,0.0,0.0,0.0,1.0,1.0,0.0,1.0,1.0,1.0,1.0
natural_extraction,finance-31f9ee73acbf,finance,dirty,0,Always repair,1,1.1341474602271842e-05,1.0,4.991475923918188,0.0,0.0,1.0,1.0,0.0,1.0,1.0,1.0,1.0
natural_extraction,finance-31f9ee73acbf,finance,dirty,0,Never repair,0,1.1341474602271842e-05,0.0,0.0,0.0,0.0,1.0,1.0,0.0,1.0,1.0,1.0,1.0
natural_extraction,finance-323400020ae8,finance,clean,0,Learned router,0,1.1341474602271842e-05,0.0,0.0,0.0,0.0,1.0,1.0,0.0,1.0,1.0,1.0,1.0
natural_extraction,finance-323400020ae8,finance,clean,0,Heuristic violations,0,1.1341474602271842e-05,0.0,0.0,0.0,0.0,1.0,1.0,0.0,1.0,1.0,1.0,1.0
natural_extraction,finance-323400020ae8,finance,clean,0,Quality threshold,0,1.1341474602271842e-05,0.0,0.0,0.0,0.0,1.0,1.0,0.0,1.0,1.0,1.0,1.0
natural_extraction,finance-323400020ae8,finance,clean,0,Random 50%,1,1.1341474602271842e-05,1.0,6.804680387489498,0.0,0.0,1.0,1.0,0.0,1.0,1.0,1.0,1.0
natural_extraction,finance-323400020ae8,finance,clean,0,Always repair,1,1.1341474602271842e-05,1.0,6.804680387489498,0.0,0.0,1.0,1.0,0.0,1.0,1.0,1.0,1.0
natural_extraction,finance-323400020ae8,finance,clean,0,Never repair,0,1.1341474602271842e-05,0.0,0.0,0.0,0.0,1.0,1.0,0.0,1.0,1.0,1.0,1.0
natural_extraction,finance-323400020ae8,finance,dirty,0,Learned router,0,1.1341474602271842e-05,0.0,0.0,0.0,0.0,1.0,1.0,0.0,1.0,1.0,1.0,1.0
natural_extraction,finance-323400020ae8,finance,dirty,0,Heuristic violations,0,1.1341474602271842e-05,0.0,0.0,0.0,0.0,1.0,1.0,0.0,1.0,1.0,1.0,1.0
natural_extraction,finance-323400020ae8,finance,dirty,0,Quality threshold,0,1.1341474602271842e-05,0.0,0.0,0.0,0.0,1.0,1.0,0.0,1.0,1.0,1.0,1.0
natural_extraction,finance-323400020ae8,finance,dirty,0,Random 50%,0,1.1341474602271842e-05,0.0,0.0,0.0,0.0,1.0,1.0,0.0,1.0,1.0,1.0,1.0
natural_extraction,finance-323400020ae8,finance,dirty,0,Always repair,1,1.1341474602271842e-05,1.0,5.532634277828038,0.0,0.0,1.0,1.0,0.0,1.0,1.0,1.0,1.0
natural_extraction,finance-323400020ae8,finance,dirty,0,Never repair,0,1.1341474602271842e-05,0.0,0.0,0.0,0.0,1.0,1.0,0.0,1.0,1.0,1.0,1.0
natural_extraction,finance-37536b6f83b2,finance,clean,0,Learned router,0,1.1341474602271842e-05,0.0,0.0,0.0,0.0,1.0,1.0,0.0,1.0,1.0,1.0,1.0
natural_extraction,finance-37536b6f83b2,finance,clean,0,Heuristic violations,0,1.1341474602271842e-05,0.0,0.0,0.0,0.0,1.0,1.0,0.0,1.0,1.0,1.0,1.0
natural_extraction,finance-37536b6f83b2,finance,clean,0,Quality threshold,0,1.1341474602271842e-05,0.0,0.0,0.0,0.0,1.0,1.0,0.0,1.0,1.0,1.0,1.0
natural_extraction,finance-37536b6f83b2,finance,clean,0,Random 50%,0,1.1341474602271842e-05,0.0,0.0,0.0,0.0,1.0,1.0,0.0,1.0,1.0,1.0,1.0
natural_extraction,finance-37536b6f83b2,finance,clean,0,Always repair,1,1.1341474602271842e-05,1.0,5.284602508880198,0.0,0.0,1.0,1.0,0.0,1.0,1.0,1.0,1.0
natural_extraction,finance-37536b6f83b2,finance,clean,0,Never repair,0,1.1341474602271842e-05,0.0,0.0,0.0,0.0,1.0,1.0,0.0,1.0,1.0,1.0,1.0
natural_extraction,finance-37536b6f83b2,finance,dirty,0,Learned router,0,1.1341474602271842e-05,0.0,0.0,0.0,0.0,1.0,1.0,0.0,1.0,1.0,1.0,1.0
natural_extraction,finance-37536b6f83b2,finance,dirty,0,Heuristic violations,0,1.1341474602271842e-05,0.0,0.0,0.0,0.0,1.0,1.0,0.0,1.0,1.0,1.0,1.0
natural_extraction,finance-37536b6f83b2,finance,dirty,0,Quality threshold,0,1.1341474602271842e-05,0.0,0.0,0.0,0.0,1.0,1.0,0.0,1.0,1.0,1.0,1.0
natural_extraction,finance-37536b6f83b2,finance,dirty,0,Random 50%,1,1.1341474602271842e-05,1.0,5.898662382736802,0.0,0.0,1.0,1.0,0.0,1.0,1.0,1.0,1.0
natural_extraction,finance-37536b6f83b2,finance,dirty,0,Always repair,1,1.1341474602271842e-05,1.0,5.898662382736802,0.0,0.0,1.0,1.0,0.0,1.0,1.0,1.0,1.0
natural_extraction,finance-37536b6f83b2,finance,dirty,0,Never repair,0,1.1341474602271842e-05,0.0,0.0,0.0,0.0,1.0,1.0,0.0,1.0,1.0,1.0,1.0
natural_extraction,finance-396b0d02c4c1,finance,clean,0,Learned router,0,1.1341474602271842e-05,0.0,0.0,0.0,0.0,1.0,1.0,0.0,1.0,1.0,1.0,1.0
natural_extraction,finance-396b0d02c4c1,finance,clean,0,Heuristic violations,0,1.1341474602271842e-05,0.0,0.0,0.0,0.0,1.0,1.0,0.0,1.0,1.0,1.0,1.0
natural_extraction,finance-396b0d02c4c1,finance,clean,0,Quality threshold,0,1.1341474602271842e-05,0.0,0.0,0.0,0.0,1.0,1.0,0.0,1.0,1.0,1.0,1.0
natural_extraction,finance-396b0d02c4c1,finance,clean,0,Random 50%,1,1.1341474602271842e-05,1.0,5.110012902878225,0.0,0.0,1.0,1.0,0.0,1.0,1.0,1.0,1.0
natural_extraction,finance-396b0d02c4c1,finance,clean,0,Always repair,1,1.1341474602271842e-05,1.0,5.110012902878225,0.0,0.0,1.0,1.0,0.0,1.0,1.0,1.0,1.0
natural_extraction,finance-396b0d02c4c1,finance,clean,0,Never repair,0,1.1341474602271842e-05,0.0,0.0,0.0,0.0,1.0,1.0,0.0,1.0,1.0,1.0,1.0
natural_extraction,finance-396b0d02c4c1,finance,dirty,0,Learned router,0,1.1341474602271842e-05,0.0,0.0,0.0,0.0,1.0,1.0,0.0,1.0,1.0,1.0,1.0
natural_extraction,finance-396b0d02c4c1,finance,dirty,0,Heuristic violations,0,1.1341474602271842e-05,0.0,0.0,0.0,0.0,1.0,1.0,0.0,1.0,1.0,1.0,1.0
natural_extraction,finance-396b0d02c4c1,finance,dirty,0,Quality threshold,0,1.1341474602271842e-05,0.0,0.0,0.0,0.0,1.0,1.0,0.0,1.0,1.0,1.0,1.0
natural_extraction,finance-396b0d02c4c1,finance,dirty,0,Random 50%,1,1.1341474602271842e-05,1.0,4.912221458740532,0.0,0.0,1.0,1.0,0.0,1.0,1.0,1.0,1.0
natural_extraction,finance-396b0d02c4c1,finance,dirty,0,Always repair,1,1.1341474602271842e-05,1.0,4.912221458740532,0.0,0.0,1.0,1.0,0.0,1.0,1.0,1.0,1.0
natural_extraction,finance-396b0d02c4c1,finance,dirty,0,Never repair,0,1.1341474602271842e-05,0.0,0.0,0.0,0.0,1.0,1.0,0.0,1.0,1.0,1.0,1.0
natural_extraction,finance-39b9d6db8c9e,finance,clean,0,Learned router,0,1.1341474602271842e-05,0.0,0.0,0.0,0.0,1.0,1.0,0.0,1.0,1.0,1.0,1.0
natural_extraction,finance-39b9d6db8c9e,finance,clean,0,Heuristic violations,0,1.1341474602271842e-05,0.0,0.0,0.0,0.0,1.0,1.0,0.0,1.0,1.0,1.0,1.0
natural_extraction,finance-39b9d6db8c9e,finance,clean,0,Quality threshold,0,1.1341474602271842e-05,0.0,0.0,0.0,0.0,1.0,1.0,0.0,1.0,1.0,1.0,1.0
natural_extraction,finance-39b9d6db8c9e,finance,clean,0,Random 50%,1,1.1341474602271842e-05,1.0,6.797145527787507,0.0,0.0,1.0,1.0,0.0,1.0,1.0,1.0,1.0
natural_extraction,finance-39b9d6db8c9e,finance,clean,0,Always repair,1,1.1341474602271842e-05,1.0,6.797145527787507,0.0,0.0,1.0,1.0,0.0,1.0,1.0,1.0,1.0
natural_extraction,finance-39b9d6db8c9e,finance,clean,0,Never repair,0,1.1341474602271842e-05,0.0,0.0,0.0,0.0,1.0,1.0,0.0,1.0,1.0,1.0,1.0
natural_extraction,finance-39b9d6db8c9e,finance,dirty,0,Learned router,0,1.1341474602271842e-05,0.0,0.0,0.0,0.0,1.0,1.0,0.0,1.0,1.0,1.0,1.0
natural_extraction,finance-39b9d6db8c9e,finance,dirty,0,Heuristic violations,0,1.1341474602271842e-05,0.0,0.0,0.0,0.0,1.0,1.0,0.0,1.0,1.0,1.0,1.0
natural_extraction,finance-39b9d6db8c9e,finance,dirty,0,Quality threshold,0,1.1341474602271842e-05,0.0,0.0,0.0,0.0,1.0,1.0,0.0,1.0,1.0,1.0,1.0
natural_extraction,finance-39b9d6db8c9e,finance,dirty,0,Random 50%,1,1.1341474602271842e-05,1.0,6.158263871446252,0.0,0.0,1.0,1.0,0.0,1.0,1.0,1.0,1.0
natural_extraction,finance-39b9d6db8c9e,finance,dirty,0,Always repair,1,1.1341474602271842e-05,1.0,6.158263871446252,0.0,0.0,1.0,1.0,0.0,1.0,1.0,1.0,1.0
natural_extraction,finance-39b9d6db8c9e,finance,dirty,0,Never repair,0,1.1341474602271842e-05,0.0,0.0,0.0,0.0,1.0,1.0,0.0,1.0,1.0,1.0,1.0
natural_extraction,finance-3bcd31489d79,finance,clean,0,Learned router,0,1.1341474602271842e-05,0.0,0.0,0.0,0.0,1.0,1.0,0.0,1.0,1.0,1.0,1.0
natural_extraction,finance-3bcd31489d79,finance,clean,0,Heuristic violations,0,1.1341474602271842e-05,0.0,0.0,0.0,0.0,1.0,1.0,0.0,1.0,1.0,1.0,1.0
natural_extraction,finance-3bcd31489d79,finance,clean,0,Quality threshold,0,1.1341474602271842e-05,0.0,0.0,0.0,0.0,1.0,1.0,0.0,1.0,1.0,1.0,1.0
natural_extraction,finance-3bcd31489d79,finance,clean,0,Random 50%,0,1.1341474602271842e-05,0.0,0.0,0.0,0.0,1.0,1.0,0.0,1.0,1.0,1.0,1.0
natural_extraction,finance-3bcd31489d79,finance,clean,0,Always repair,1,1.1341474602271842e-05,1.0,6.756394647993147,0.0,0.0,1.0,1.0,0.0,1.0,1.0,1.0,1.0
natural_extraction,finance-3bcd31489d79,finance,clean,0,Never repair,0,1.1341474602271842e-05,0.0,0.0,0.0,0.0,1.0,1.0,0.0,1.0,1.0,1.0,1.0
natural_extraction,finance-3bcd31489d79,finance,dirty,0,Learned router,0,1.1341474602271842e-05,0.0,0.0,0.0,0.0,1.0,1.0,0.0,1.0,1.0,1.0,1.0
natural_extraction,finance-3bcd31489d79,finance,dirty,0,Heuristic violations,0,1.1341474602271842e-05,0.0,0.0,0.0,0.0,1.0,1.0,0.0,1.0,1.0,1.0,1.0
natural_extraction,finance-3bcd31489d79,finance,dirty,0,Quality threshold,0,1.1341474602271842e-05,0.0,0.0,0.0,0.0,1.0,1.0,0.0,1.0,1.0,1.0,1.0
natural_extraction,finance-3bcd31489d79,finance,dirty,0,Random 50%,0,1.1341474602271842e-05,0.0,0.0,0.0,0.0,1.0,1.0,0.0,1.0,1.0,1.0,1.0
natural_extraction,finance-3bcd31489d79,finance,dirty,0,Always repair,1,1.1341474602271842e-05,1.0,6.6389485923573375,0.0,0.0,1.0,1.0,0.0,1.0,1.0,1.0,1.0
natural_extraction,finance-3bcd31489d79,finance,dirty,0,Never repair,0,1.1341474602271842e-05,0.0,0.0,0.0,0.0,1.0,1.0,0.0,1.0,1.0,1.0,1.0
natural_extraction,finance-3e0d22d382e3,finance,clean,0,Learned router,0,1.1341474602271842e-05,0.0,0.0,0.0,0.0,1.0,1.0,0.0,1.0,1.0,1.0,1.0
natural_extraction,finance-3e0d22d382e3,finance,clean,0,Heuristic violations,0,1.1341474602271842e-05,0.0,0.0,0.0,0.0,1.0,1.0,0.0,1.0,1.0,1.0,1.0
natural_extraction,finance-3e0d22d382e3,finance,clean,0,Quality threshold,0,1.1341474602271842e-05,0.0,0.0,0.0,0.0,1.0,1.0,0.0,1.0,1.0,1.0,1.0
natural_extraction,finance-3e0d22d382e3,finance,clean,0,Random 50%,0,1.1341474602271842e-05,0.0,0.0,0.0,0.0,1.0,1.0,0.0,1.0,1.0,1.0,1.0
natural_extraction,finance-3e0d22d382e3,finance,clean,0,Always repair,1,1.1341474602271842e-05,1.0,4.945477690547705,0.0,0.0,1.0,1.0,0.0,1.0,1.0,1.0,1.0
natural_extraction,finance-3e0d22d382e3,finance,clean,0,Never repair,0,1.1341474602271842e-05,0.0,0.0,0.0,0.0,1.0,1.0,0.0,1.0,1.0,1.0,1.0
natural_extraction,finance-3e0d22d382e3,finance,dirty,0,Learned router,0,1.1341474602271842e-05,0.0,0.0,0.0,0.0,1.0,1.0,0.0,1.0,1.0,1.0,1.0
natural_extraction,finance-3e0d22d382e3,finance,dirty,0,Heuristic violations,0,1.1341474602271842e-05,0.0,0.0,0.0,0.0,1.0,1.0,0.0,1.0,1.0,1.0,1.0
natural_extraction,finance-3e0d22d382e3,finance,dirty,0,Quality threshold,0,1.1341474602271842e-05,0.0,0.0,0.0,0.0,1.0,1.0,0.0,1.0,1.0,1.0,1.0
natural_extraction,finance-3e0d22d382e3,finance,dirty,0,Random 50%,1,1.1341474602271842e-05,1.0,35.57278878800571,0.0,0.0,1.0,1.0,0.0,1.0,1.0,1.0,1.0
natural_extraction,finance-3e0d22d382e3,finance,dirty,0,Always repair,1,1.1341474602271842e-05,1.0,35.57278878800571,0.0,0.0,1.0,1.0,0.0,1.0,1.0,1.0,1.0
natural_extraction,finance-3e0d22d382e3,finance,dirty,0,Never repair,0,1.1341474602271842e-05,0.0,0.0,0.0,0.0,1.0,1.0,0.0,1.0,1.0,1.0,1.0
natural_extraction,finance-40192c28bd08,finance,clean,0,Learned router,0,1.1341474602271842e-05,0.0,0.0,0.0,0.0,1.0,1.0,0.0,1.0,1.0,1.0,1.0
natural_extraction,finance-40192c28bd08,finance,clean,0,Heuristic violations,0,1.1341474602271842e-05,0.0,0.0,0.0,0.0,1.0,1.0,0.0,1.0,1.0,1.0,1.0
natural_extraction,finance-40192c28bd08,finance,clean,0,Quality threshold,0,1.1341474602271842e-05,0.0,0.0,0.0,0.0,1.0,1.0,0.0,1.0,1.0,1.0,1.0
natural_extraction,finance-40192c28bd08,finance,clean,0,Random 50%,1,1.1341474602271842e-05,1.0,5.000107780098915,0.0,0.0,1.0,1.0,0.0,1.0,1.0,1.0,1.0
natural_extraction,finance-40192c28bd08,finance,clean,0,Always repair,1,1.1341474602271842e-05,1.0,5.000107780098915,0.0,0.0,1.0,1.0,0.0,1.0,1.0,1.0,1.0
natural_extraction,finance-40192c28bd08,finance,clean,0,Never repair,0,1.1341474602271842e-05,0.0,0.0,0.0,0.0,1.0,1.0,0.0,1.0,1.0,1.0,1.0
natural_extraction,finance-40192c28bd08,finance,dirty,0,Learned router,0,1.1341474602271842e-05,0.0,0.0,0.0,0.0,1.0,1.0,0.0,1.0,1.0,1.0,1.0
natural_extraction,finance-40192c28bd08,finance,dirty,0,Heuristic violations,0,1.1341474602271842e-05,0.0,0.0,0.0,0.0,1.0,1.0,0.0,1.0,1.0,1.0,1.0
natural_extraction,finance-40192c28bd08,finance,dirty,0,Quality threshold,0,1.1341474602271842e-05,0.0,0.0,0.0,0.0,1.0,1.0,0.0,1.0,1.0,1.0,1.0
natural_extraction,finance-40192c28bd08,finance,dirty,0,Random 50%,1,1.1341474602271842e-05,1.0,70.16679529193789,0.0,0.0,1.0,1.0,0.0,1.0,1.0,1.0,1.0
natural_extraction,finance-40192c28bd08,finance,dirty,0,Always repair,1,1.1341474602271842e-05,1.0,70.16679529193789,0.0,0.0,1.0,1.0,0.0,1.0,1.0,1.0,1.0
natural_extraction,finance-40192c28bd08,finance,dirty,0,Never repair,0,1.1341474602271842e-05,0.0,0.0,0.0,0.0,1.0,1.0,0.0,1.0,1.0,1.0,1.0
natural_extraction,finance-47fc6b850968,finance,clean,0,Learned router,0,1.1341474602271842e-05,0.0,0.0,0.0,0.0,1.0,1.0,0.0,1.0,1.0,1.0,1.0
natural_extraction,finance-47fc6b850968,finance,clean,0,Heuristic violations,0,1.1341474602271842e-05,0.0,0.0,0.0,0.0,1.0,1.0,0.0,1.0,1.0,1.0,1.0
natural_extraction,finance-47fc6b850968,finance,clean,0,Quality threshold,0,1.1341474602271842e-05,0.0,0.0,0.0,0.0,1.0,1.0,0.0,1.0,1.0,1.0,1.0
natural_extraction,finance-47fc6b850968,finance,clean,0,Random 50%,0,1.1341474602271842e-05,0.0,0.0,0.0,0.0,1.0,1.0,0.0,1.0,1.0,1.0,1.0
natural_extraction,finance-47fc6b850968,finance,clean,0,Always repair,1,1.1341474602271842e-05,1.0,6.13711663428694,0.0,0.0,1.0,1.0,0.0,1.0,1.0,1.0,1.0
natural_extraction,finance-47fc6b850968,finance,clean,0,Never repair,0,1.1341474602271842e-05,0.0,0.0,0.0,0.0,1.0,1.0,0.0,1.0,1.0,1.0,1.0
natural_extraction,finance-47fc6b850968,finance,dirty,0,Learned router,0,1.1341474602271842e-05,0.0,0.0,0.0,0.0,1.0,1.0,0.0,1.0,1.0,1.0,1.0
natural_extraction,finance-47fc6b850968,finance,dirty,0,Heuristic violations,0,1.1341474602271842e-05,0.0,0.0,0.0,0.0,1.0,1.0,0.0,1.0,1.0,1.0,1.0
natural_extraction,finance-47fc6b850968,finance,dirty,0,Quality threshold,0,1.1341474602271842e-05,0.0,0.0,0.0,0.0,1.0,1.0,0.0,1.0,1.0,1.0,1.0
natural_extraction,finance-47fc6b850968,finance,dirty,0,Random 50%,1,1.1341474602271842e-05,1.0,6.0397100411355495,0.0,0.0,1.0,1.0,0.0,1.0,1.0,1.0,1.0
natural_extraction,finance-47fc6b850968,finance,dirty,0,Always repair,1,1.1341474602271842e-05,1.0,6.0397100411355495,0.0,0.0,1.0,1.0,0.0,1.0,1.0,1.0,1.0
natural_extraction,finance-47fc6b850968,finance,dirty,0,Never repair,0,1.1341474602271842e-05,0.0,0.0,0.0,0.0,1.0,1.0,0.0,1.0,1.0,1.0,1.0
natural_extraction,finance-48ea238a01c0,finance,clean,0,Learned router,0,1.1341474602271842e-05,0.0,0.0,0.0,0.0,1.0,1.0,0.0,1.0,1.0,1.0,1.0
natural_extraction,finance-48ea238a01c0,finance,clean,0,Heuristic violations,0,1.1341474602271842e-05,0.0,0.0,0.0,0.0,1.0,1.0,0.0,1.0,1.0,1.0,1.0
natural_extraction,finance-48ea238a01c0,finance,clean,0,Quality threshold,0,1.1341474602271842e-05,0.0,0.0,0.0,0.0,1.0,1.0,0.0,1.0,1.0,1.0,1.0
natural_extraction,finance-48ea238a01c0,finance,clean,0,Random 50%,1,1.1341474602271842e-05,1.0,9.738883431069553,0.0,0.0,1.0,1.0,0.0,1.0,1.0,1.0,1.0
natural_extraction,finance-48ea238a01c0,finance,clean,0,Always repair,1,1.1341474602271842e-05,1.0,9.738883431069553,0.0,0.0,1.0,1.0,0.0,1.0,1.0,1.0,1.0
natural_extraction,finance-48ea238a01c0,finance,clean,0,Never repair,0,1.1341474602271842e-05,0.0,0.0,0.0,0.0,1.0,1.0,0.0,1.0,1.0,1.0,1.0
natural_extraction,finance-48ea238a01c0,finance,dirty,0,Learned router,0,1.1341474602271842e-05,0.0,0.0,0.0,0.0,1.0,1.0,0.0,1.0,1.0,1.0,1.0
natural_extraction,finance-48ea238a01c0,finance,dirty,0,Heuristic violations,0,1.1341474602271842e-05,0.0,0.0,0.0,0.0,1.0,1.0,0.0,1.0,1.0,1.0,1.0
natural_extraction,finance-48ea238a01c0,finance,dirty,0,Quality threshold,0,1.1341474602271842e-05,0.0,0.0,0.0,0.0,1.0,1.0,0.0,1.0,1.0,1.0,1.0
natural_extraction,finance-48ea238a01c0,finance,dirty,0,Random 50%,1,1.1341474602271842e-05,1.0,6.22998118866235,0.0,0.0,1.0,1.0,0.0,1.0,1.0,1.0,1.0
natural_extraction,finance-48ea238a01c0,finance,dirty,0,Always repair,1,1.1341474602271842e-05,1.0,6.22998118866235,0.0,0.0,1.0,1.0,0.0,1.0,1.0,1.0,1.0
natural_extraction,finance-48ea238a01c0,finance,dirty,0,Never repair,0,1.1341474602271842e-05,0.0,0.0,0.0,0.0,1.0,1.0,0.0,1.0,1.0,1.0,1.0
natural_extraction,finance-4a22308e43a6,finance,clean,0,Learned router,0,1.1341474602271842e-05,0.0,0.0,0.0,0.0,1.0,1.0,0.0,1.0,1.0,1.0,1.0
natural_extraction,finance-4a22308e43a6,finance,clean,0,Heuristic violations,0,1.1341474602271842e-05,0.0,0.0,0.0,0.0,1.0,1.0,0.0,1.0,1.0,1.0,1.0
natural_extraction,finance-4a22308e43a6,finance,clean,0,Quality threshold,0,1.1341474602271842e-05,0.0,0.0,0.0,0.0,1.0,1.0,0.0,1.0,1.0,1.0,1.0
natural_extraction,finance-4a22308e43a6,finance,clean,0,Random 50%,1,1.1341474602271842e-05,1.0,4.985523767769337,0.0,0.0,1.0,1.0,0.0,1.0,1.0,1.0,1.0
natural_extraction,finance-4a22308e43a6,finance,clean,0,Always repair,1,1.1341474602271842e-05,1.0,4.985523767769337,0.0,0.0,1.0,1.0,0.0,1.0,1.0,1.0,1.0
natural_extraction,finance-4a22308e43a6,finance,clean,0,Never repair,0,1.1341474602271842e-05,0.0,0.0,0.0,0.0,1.0,1.0,0.0,1.0,1.0,1.0,1.0
natural_extraction,finance-4a22308e43a6,finance,dirty,0,Learned router,0,1.1341474602271842e-05,0.0,0.0,0.0,0.0,1.0,1.0,0.0,1.0,1.0,1.0,1.0
natural_extraction,finance-4a22308e43a6,finance,dirty,0,Heuristic violations,0,1.1341474602271842e-05,0.0,0.0,0.0,0.0,1.0,1.0,0.0,1.0,1.0,1.0,1.0
natural_extraction,finance-4a22308e43a6,finance,dirty,0,Quality threshold,0,1.1341474602271842e-05,0.0,0.0,0.0,0.0,1.0,1.0,0.0,1.0,1.0,1.0,1.0
natural_extraction,finance-4a22308e43a6,finance,dirty,0,Random 50%,1,1.1341474602271842e-05,1.0,9.485980177298188,0.0,0.0,1.0,1.0,0.0,1.0,1.0,1.0,1.0
natural_extraction,finance-4a22308e43a6,finance,dirty,0,Always repair,1,1.1341474602271842e-05,1.0,9.485980177298188,0.0,0.0,1.0,1.0,0.0,1.0,1.0,1.0,1.0
natural_extraction,finance-4a22308e43a6,finance,dirty,0,Never repair,0,1.1341474602271842e-05,0.0,0.0,0.0,0.0,1.0,1.0,0.0,1.0,1.0,1.0,1.0
natural_extraction,finance-4ff4450cf2b3,finance,clean,0,Learned router,0,1.1341474602271842e-05,0.0,0.0,0.0,0.0,1.0,1.0,0.0,1.0,1.0,1.0,1.0
natural_extraction,finance-4ff4450cf2b3,finance,clean,0,Heuristic violations,0,1.1341474602271842e-05,0.0,0.0,0.0,0.0,1.0,1.0,0.0,1.0,1.0,1.0,1.0
natural_extraction,finance-4ff4450cf2b3,finance,clean,0,Quality threshold,0,1.1341474602271842e-05,0.0,0.0,0.0,0.0,1.0,1.0,0.0,1.0,1.0,1.0,1.0
natural_extraction,finance-4ff4450cf2b3,finance,clean,0,Random 50%,1,1.1341474602271842e-05,1.0,6.18410066049546,0.0,0.0,1.0,1.0,0.0,1.0,1.0,1.0,1.0
natural_extraction,finance-4ff4450cf2b3,finance,clean,0,Always repair,1,1.1341474602271842e-05,1.0,6.18410066049546,0.0,0.0,1.0,1.0,0.0,1.0,1.0,1.0,1.0
natural_extraction,finance-4ff4450cf2b3,finance,clean,0,Never repair,0,1.1341474602271842e-05,0.0,0.0,0.0,0.0,1.0,1.0,0.0,1.0,1.0,1.0,1.0
natural_extraction,finance-4ff4450cf2b3,finance,dirty,0,Learned router,0,1.1341474602271842e-05,0.0,0.0,0.0,0.0,1.0,1.0,0.0,1.0,1.0,1.0,1.0
natural_extraction,finance-4ff4450cf2b3,finance,dirty,0,Heuristic violations,0,1.1341474602271842e-05,0.0,0.0,0.0,0.0,1.0,1.0,0.0,1.0,1.0,1.0,1.0
natural_extraction,finance-4ff4450cf2b3,finance,dirty,0,Quality threshold,0,1.1341474602271842e-05,0.0,0.0,0.0,0.0,1.0,1.0,0.0,1.0,1.0,1.0,1.0
natural_extraction,finance-4ff4450cf2b3,finance,dirty,0,Random 50%,0,1.1341474602271842e-05,0.0,0.0,0.0,0.0,1.0,1.0,0.0,1.0,1.0,1.0,1.0
natural_extraction,finance-4ff4450cf2b3,finance,dirty,0,Always repair,1,1.1341474602271842e-05,1.0,6.688721393235028,0.0,0.0,1.0,1.0,0.0,1.0,1.0,1.0,1.0
natural_extraction,finance-4ff4450cf2b3,finance,dirty,0,Never repair,0,1.1341474602271842e-05,0.0,0.0,0.0,0.0,1.0,1.0,0.0,1.0,1.0,1.0,1.0
natural_extraction,finance-5179b466c23a,finance,clean,0,Learned router,0,1.1341474602271842e-05,0.0,0.0,0.0,0.0,1.0,1.0,0.0,1.0,1.0,1.0,1.0
natural_extraction,finance-5179b466c23a,finance,clean,0,Heuristic violations,0,1.1341474602271842e-05,0.0,0.0,0.0,0.0,1.0,1.0,0.0,1.0,1.0,1.0,1.0
natural_extraction,finance-5179b466c23a,finance,clean,0,Quality threshold,0,1.1341474602271842e-05,0.0,0.0,0.0,0.0,1.0,1.0,0.0,1.0,1.0,1.0,1.0
natural_extraction,finance-5179b466c23a,finance,clean,0,Random 50%,1,1.1341474602271842e-05,1.0,5.334517369046807,0.0,0.0,1.0,1.0,0.0,1.0,1.0,1.0,1.0
natural_extraction,finance-5179b466c23a,finance,clean,0,Always repair,1,1.1341474602271842e-05,1.0,5.334517369046807,0.0,0.0,1.0,1.0,0.0,1.0,1.0,1.0,1.0
natural_extraction,finance-5179b466c23a,finance,clean,0,Never repair,0,1.1341474602271842e-05,0.0,0.0,0.0,0.0,1.0,1.0,0.0,1.0,1.0,1.0,1.0
natural_extraction,finance-5179b466c23a,finance,dirty,0,Learned router,0,1.1341474602271842e-05,0.0,0.0,0.0,0.0,1.0,1.0,0.0,1.0,1.0,1.0,1.0
natural_extraction,finance-5179b466c23a,finance,dirty,0,Heuristic violations,0,1.1341474602271842e-05,0.0,0.0,0.0,0.0,1.0,1.0,0.0,1.0,1.0,1.0,1.0
natural_extraction,finance-5179b466c23a,finance,dirty,0,Quality threshold,0,1.1341474602271842e-05,0.0,0.0,0.0,0.0,1.0,1.0,0.0,1.0,1.0,1.0,1.0
natural_extraction,finance-5179b466c23a,finance,dirty,0,Random 50%,0,1.1341474602271842e-05,0.0,0.0,0.0,0.0,1.0,1.0,0.0,1.0,1.0,1.0,1.0
natural_extraction,finance-5179b466c23a,finance,dirty,0,Always repair,1,1.1341474602271842e-05,1.0,6.715904309414327,0.0,0.0,1.0,1.0,0.0,1.0,1.0,1.0,1.0
natural_extraction,finance-5179b466c23a,finance,dirty,0,Never repair,0,1.1341474602271842e-05,0.0,0.0,0.0,0.0,1.0,1.0,0.0,1.0,1.0,1.0,1.0
natural_extraction,finance-5199d42b0532,finance,clean,0,Learned router,0,1.1341474602271842e-05,0.0,0.0,0.0,0.0,1.0,1.0,0.0,1.0,1.0,1.0,1.0
natural_extraction,finance-5199d42b0532,finance,clean,0,Heuristic violations,0,1.1341474602271842e-05,0.0,0.0,0.0,0.0,1.0,1.0,0.0,1.0,1.0,1.0,1.0
natural_extraction,finance-5199d42b0532,finance,clean,0,Quality threshold,0,1.1341474602271842e-05,0.0,0.0,0.0,0.0,1.0,1.0,0.0,1.0,1.0,1.0,1.0
natural_extraction,finance-5199d42b0532,finance,clean,0,Random 50%,0,1.1341474602271842e-05,0.0,0.0,0.0,0.0,1.0,1.0,0.0,1.0,1.0,1.0,1.0
natural_extraction,finance-5199d42b0532,finance,clean,0,Always repair,1,1.1341474602271842e-05,1.0,5.052066035568714,0.0,0.0,1.0,1.0,0.0,1.0,1.0,1.0,1.0
natural_extraction,finance-5199d42b0532,finance,clean,0,Never repair,0,1.1341474602271842e-05,0.0,0.0,0.0,0.0,1.0,1.0,0.0,1.0,1.0,1.0,1.0
natural_extraction,finance-5199d42b0532,finance,dirty,0,Learned router,0,1.1341474602271842e-05,0.0,0.0,0.0,0.0,1.0,1.0,0.0,1.0,1.0,1.0,1.0
natural_extraction,finance-5199d42b0532,finance,dirty,0,Heuristic violations,0,1.1341474602271842e-05,0.0,0.0,0.0,0.0,1.0,1.0,0.0,1.0,1.0,1.0,1.0
natural_extraction,finance-5199d42b0532,finance,dirty,0,Quality threshold,0,1.1341474602271842e-05,0.0,0.0,0.0,0.0,1.0,1.0,0.0,1.0,1.0,1.0,1.0
natural_extraction,finance-5199d42b0532,finance,dirty,0,Random 50%,1,1.1341474602271842e-05,1.0,6.827939213253558,0.0,0.0,1.0,1.0,0.0,1.0,1.0,1.0,1.0
natural_extraction,finance-5199d42b0532,finance,dirty,0,Always repair,1,1.1341474602271842e-05,1.0,6.827939213253558,0.0,0.0,1.0,1.0,0.0,1.0,1.0,1.0,1.0
natural_extraction,finance-5199d42b0532,finance,dirty,0,Never repair,0,1.1341474602271842e-05,0.0,0.0,0.0,0.0,1.0,1.0,0.0,1.0,1.0,1.0,1.0
natural_extraction,finance-520d023d07ef,finance,clean,0,Learned router,0,1.1341474602271842e-05,0.0,0.0,0.0,0.0,1.0,1.0,0.0,1.0,1.0,1.0,1.0
natural_extraction,finance-520d023d07ef,finance,clean,0,Heuristic violations,0,1.1341474602271842e-05,0.0,0.0,0.0,0.0,1.0,1.0,0.0,1.0,1.0,1.0,1.0
natural_extraction,finance-520d023d07ef,finance,clean,0,Quality threshold,0,1.1341474602271842e-05,0.0,0.0,0.0,0.0,1.0,1.0,0.0,1.0,1.0,1.0,1.0
natural_extraction,finance-520d023d07ef,finance,clean,0,Random 50%,0,1.1341474602271842e-05,0.0,0.0,0.0,0.0,1.0,1.0,0.0,1.0,1.0,1.0,1.0
natural_extraction,finance-520d023d07ef,finance,clean,0,Always repair,1,1.1341474602271842e-05,1.0,6.323656149208546,0.0,0.0,1.0,1.0,0.0,1.0,1.0,1.0,1.0
natural_extraction,finance-520d023d07ef,finance,clean,0,Never repair,0,1.1341474602271842e-05,0.0,0.0,0.0,0.0,1.0,1.0,0.0,1.0,1.0,1.0,1.0
natural_extraction,finance-520d023d07ef,finance,dirty,0,Learned router,0,1.1341474602271842e-05,0.0,0.0,0.0,0.0,1.0,1.0,0.0,1.0,1.0,1.0,1.0
natural_extraction,finance-520d023d07ef,finance,dirty,0,Heuristic violations,0,1.1341474602271842e-05,0.0,0.0,0.0,0.0,1.0,1.0,0.0,1.0,1.0,1.0,1.0
natural_extraction,finance-520d023d07ef,finance,dirty,0,Quality threshold,0,1.1341474602271842e-05,0.0,0.0,0.0,0.0,1.0,1.0,0.0,1.0,1.0,1.0,1.0
natural_extraction,finance-520d023d07ef,finance,dirty,0,Random 50%,0,1.1341474602271842e-05,0.0,0.0,0.0,0.0,1.0,1.0,0.0,1.0,1.0,1.0,1.0
natural_extraction,finance-520d023d07ef,finance,dirty,0,Always repair,1,1.1341474602271842e-05,1.0,6.155860478058457,0.0,0.0,1.0,1.0,0.0,1.0,1.0,1.0,1.0
natural_extraction,finance-520d023d07ef,finance,dirty,0,Never repair,0,1.1341474602271842e-05,0.0,0.0,0.0,0.0,1.0,1.0,0.0,1.0,1.0,1.0,1.0
natural_extraction,finance-5545d33c1ef2,finance,clean,0,Learned router,0,1.1341474602271842e-05,0.0,0.0,0.0,0.0,1.0,1.0,0.0,1.0,1.0,1.0,1.0
natural_extraction,finance-5545d33c1ef2,finance,clean,0,Heuristic violations,0,1.1341474602271842e-05,0.0,0.0,0.0,0.0,1.0,1.0,0.0,1.0,1.0,1.0,1.0
natural_extraction,finance-5545d33c1ef2,finance,clean,0,Quality threshold,0,1.1341474602271842e-05,0.0,0.0,0.0,0.0,1.0,1.0,0.0,1.0,1.0,1.0,1.0
natural_extraction,finance-5545d33c1ef2,finance,clean,0,Random 50%,0,1.1341474602271842e-05,0.0,0.0,0.0,0.0,1.0,1.0,0.0,1.0,1.0,1.0,1.0
natural_extraction,finance-5545d33c1ef2,finance,clean,0,Always repair,1,1.1341474602271842e-05,1.0,5.0196756618097425,0.0,0.0,1.0,1.0,0.0,1.0,1.0,1.0,1.0
natural_extraction,finance-5545d33c1ef2,finance,clean,0,Never repair,0,1.1341474602271842e-05,0.0,0.0,0.0,0.0,1.0,1.0,0.0,1.0,1.0,1.0,1.0
natural_extraction,finance-5545d33c1ef2,finance,dirty,0,Learned router,0,1.1341474602271842e-05,0.0,0.0,0.0,0.0,1.0,1.0,0.0,1.0,1.0,1.0,1.0
natural_extraction,finance-5545d33c1ef2,finance,dirty,0,Heuristic violations,0,1.1341474602271842e-05,0.0,0.0,0.0,0.0,1.0,1.0,0.0,1.0,1.0,1.0,1.0
natural_extraction,finance-5545d33c1ef2,finance,dirty,0,Quality threshold,0,1.1341474602271842e-05,0.0,0.0,0.0,0.0,1.0,1.0,0.0,1.0,1.0,1.0,1.0
natural_extraction,finance-5545d33c1ef2,finance,dirty,0,Random 50%,0,1.1341474602271842e-05,0.0,0.0,0.0,0.0,1.0,1.0,0.0,1.0,1.0,1.0,1.0
natural_extraction,finance-5545d33c1ef2,finance,dirty,0,Always repair,1,1.1341474602271842e-05,1.0,20.406033710576594,0.0,0.0,1.0,1.0,0.0,1.0,1.0,1.0,1.0
natural_extraction,finance-5545d33c1ef2,finance,dirty,0,Never repair,0,1.1341474602271842e-05,0.0,0.0,0.0,0.0,1.0,1.0,0.0,1.0,1.0,1.0,1.0
natural_extraction,finance-581016adab6a,finance,clean,0,Learned router,0,1.1341474602271842e-05,0.0,0.0,0.0,0.0,1.0,1.0,0.0,1.0,1.0,1.0,1.0
natural_extraction,finance-581016adab6a,finance,clean,0,Heuristic violations,0,1.1341474602271842e-05,0.0,0.0,0.0,0.0,1.0,1.0,0.0,1.0,1.0,1.0,1.0
natural_extraction,finance-581016adab6a,finance,clean,0,Quality threshold,0,1.1341474602271842e-05,0.0,0.0,0.0,0.0,1.0,1.0,0.0,1.0,1.0,1.0,1.0
natural_extraction,finance-581016adab6a,finance,clean,0,Random 50%,0,1.1341474602271842e-05,0.0,0.0,0.0,0.0,1.0,1.0,0.0,1.0,1.0,1.0,1.0
natural_extraction,finance-581016adab6a,finance,clean,0,Always repair,1,1.1341474602271842e-05,1.0,6.154465042054653,0.0,0.0,1.0,1.0,0.0,1.0,1.0,1.0,1.0
natural_extraction,finance-581016adab6a,finance,clean,0,Never repair,0,1.1341474602271842e-05,0.0,0.0,0.0,0.0,1.0,1.0,0.0,1.0,1.0,1.0,1.0
natural_extraction,finance-581016adab6a,finance,dirty,0,Learned router,0,1.1341474602271842e-05,0.0,0.0,0.0,0.0,1.0,1.0,0.0,1.0,1.0,1.0,1.0
natural_extraction,finance-581016adab6a,finance,dirty,0,Heuristic violations,0,1.1341474602271842e-05,0.0,0.0,0.0,0.0,1.0,1.0,0.0,1.0,1.0,1.0,1.0
natural_extraction,finance-581016adab6a,finance,dirty,0,Quality threshold,0,1.1341474602271842e-05,0.0,0.0,0.0,0.0,1.0,1.0,0.0,1.0,1.0,1.0,1.0
natural_extraction,finance-581016adab6a,finance,dirty,0,Random 50%,1,1.1341474602271842e-05,1.0,5.413389142602682,0.0,0.0,1.0,1.0,0.0,1.0,1.0,1.0,1.0
natural_extraction,finance-581016adab6a,finance,dirty,0,Always repair,1,1.1341474602271842e-05,1.0,5.413389142602682,0.0,0.0,1.0,1.0,0.0,1.0,1.0,1.0,1.0
natural_extraction,finance-581016adab6a,finance,dirty,0,Never repair,0,1.1341474602271842e-05,0.0,0.0,0.0,0.0,1.0,1.0,0.0,1.0,1.0,1.0,1.0
natural_extraction,finance-592539c48ee2,finance,clean,0,Learned router,0,1.1341474602271842e-05,0.0,0.0,0.0,0.0,1.0,1.0,0.0,1.0,1.0,1.0,1.0
natural_extraction,finance-592539c48ee2,finance,clean,0,Heuristic violations,0,1.1341474602271842e-05,0.0,0.0,0.0,0.0,1.0,1.0,0.0,1.0,1.0,1.0,1.0
natural_extraction,finance-592539c48ee2,finance,clean,0,Quality threshold,0,1.1341474602271842e-05,0.0,0.0,0.0,0.0,1.0,1.0,0.0,1.0,1.0,1.0,1.0
natural_extraction,finance-592539c48ee2,finance,clean,0,Random 50%,1,1.1341474602271842e-05,1.0,6.3978369776159525,0.0,0.0,1.0,1.0,0.0,1.0,1.0,1.0,1.0
natural_extraction,finance-592539c48ee2,finance,clean,0,Always repair,1,1.1341474602271842e-05,1.0,6.3978369776159525,0.0,0.0,1.0,1.0,0.0,1.0,1.0,1.0,1.0
natural_extraction,finance-592539c48ee2,finance,clean,0,Never repair,0,1.1341474602271842e-05,0.0,0.0,0.0,0.0,1.0,1.0,0.0,1.0,1.0,1.0,1.0
natural_extraction,finance-592539c48ee2,finance,dirty,0,Learned router,0,1.1341474602271842e-05,0.0,0.0,0.0,0.0,1.0,1.0,0.0,1.0,1.0,1.0,1.0
natural_extraction,finance-592539c48ee2,finance,dirty,0,Heuristic violations,0,1.1341474602271842e-05,0.0,0.0,0.0,0.0,1.0,1.0,0.0,1.0,1.0,1.0,1.0
natural_extraction,finance-592539c48ee2,finance,dirty,0,Quality threshold,0,1.1341474602271842e-05,0.0,0.0,0.0,0.0,1.0,1.0,0.0,1.0,1.0,1.0,1.0
natural_extraction,finance-592539c48ee2,finance,dirty,0,Random 50%,1,1.1341474602271842e-05,1.0,6.589009281247854,0.0,0.0,1.0,1.0,0.0,1.0,1.0,1.0,1.0
natural_extraction,finance-592539c48ee2,finance,dirty,0,Always repair,1,1.1341474602271842e-05,1.0,6.589009281247854,0.0,0.0,1.0,1.0,0.0,1.0,1.0,1.0,1.0
natural_extraction,finance-592539c48ee2,finance,dirty,0,Never repair,0,1.1341474602271842e-05,0.0,0.0,0.0,0.0,1.0,1.0,0.0,1.0,1.0,1.0,1.0
natural_extraction,finance-59275155982c,finance,clean,0,Learned router,0,1.1341474602271842e-05,0.0,0.0,0.0,0.0,1.0,1.0,0.0,1.0,1.0,1.0,1.0
natural_extraction,finance-59275155982c,finance,clean,0,Heuristic violations,0,1.1341474602271842e-05,0.0,0.0,0.0,0.0,1.0,1.0,0.0,1.0,1.0,1.0,1.0
natural_extraction,finance-59275155982c,finance,clean,0,Quality threshold,0,1.1341474602271842e-05,0.0,0.0,0.0,0.0,1.0,1.0,0.0,1.0,1.0,1.0,1.0
natural_extraction,finance-59275155982c,finance,clean,0,Random 50%,1,1.1341474602271842e-05,1.0,5.235628252848983,0.0,0.0,1.0,1.0,0.0,1.0,1.0,1.0,1.0
natural_extraction,finance-59275155982c,finance,clean,0,Always repair,1,1.1341474602271842e-05,1.0,5.235628252848983,0.0,0.0,1.0,1.0,0.0,1.0,1.0,1.0,1.0
natural_extraction,finance-59275155982c,finance,clean,0,Never repair,0,1.1341474602271842e-05,0.0,0.0,0.0,0.0,1.0,1.0,0.0,1.0,1.0,1.0,1.0
natural_extraction,finance-59275155982c,finance,dirty,0,Learned router,0,1.1341474602271842e-05,0.0,0.0,0.0,0.0,1.0,1.0,0.0,1.0,1.0,1.0,1.0
natural_extraction,finance-59275155982c,finance,dirty,0,Heuristic violations,0,1.1341474602271842e-05,0.0,0.0,0.0,0.0,1.0,1.0,0.0,1.0,1.0,1.0,1.0
natural_extraction,finance-59275155982c,finance,dirty,0,Quality threshold,0,1.1341474602271842e-05,0.0,0.0,0.0,0.0,1.0,1.0,0.0,1.0,1.0,1.0,1.0
natural_extraction,finance-59275155982c,finance,dirty,0,Random 50%,1,1.1341474602271842e-05,1.0,19.35433770250529,0.0,0.0,1.0,1.0,0.0,1.0,1.0,1.0,1.0
natural_extraction,finance-59275155982c,finance,dirty,0,Always repair,1,1.1341474602271842e-05,1.0,19.35433770250529,0.0,0.0,1.0,1.0,0.0,1.0,1.0,1.0,1.0
natural_extraction,finance-59275155982c,finance,dirty,0,Never repair,0,1.1341474602271842e-05,0.0,0.0,0.0,0.0,1.0,1.0,0.0,1.0,1.0,1.0,1.0
natural_extraction,finance-5a5fd68db3d7,finance,clean,0,Learned router,0,1.1341474602271842e-05,0.0,0.0,0.0,0.0,1.0,1.0,0.0,1.0,1.0,1.0,1.0
natural_extraction,finance-5a5fd68db3d7,finance,clean,0,Heuristic violations,0,1.1341474602271842e-05,0.0,0.0,0.0,0.0,1.0,1.0,0.0,1.0,1.0,1.0,1.0
natural_extraction,finance-5a5fd68db3d7,finance,clean,0,Quality threshold,0,1.1341474602271842e-05,0.0,0.0,0.0,0.0,1.0,1.0,0.0,1.0,1.0,1.0,1.0
natural_extraction,finance-5a5fd68db3d7,finance,clean,0,Random 50%,1,1.1341474602271842e-05,1.0,5.227155368775129,0.0,0.0,1.0,1.0,0.0,1.0,1.0,1.0,1.0
natural_extraction,finance-5a5fd68db3d7,finance,clean,0,Always repair,1,1.1341474602271842e-05,1.0,5.227155368775129,0.0,0.0,1.0,1.0,0.0,1.0,1.0,1.0,1.0
natural_extraction,finance-5a5fd68db3d7,finance,clean,0,Never repair,0,1.1341474602271842e-05,0.0,0.0,0.0,0.0,1.0,1.0,0.0,1.0,1.0,1.0,1.0
natural_extraction,finance-5a5fd68db3d7,finance,dirty,0,Learned router,0,1.1341474602271842e-05,0.0,0.0,0.0,0.0,1.0,1.0,0.0,1.0,1.0,1.0,1.0
natural_extraction,finance-5a5fd68db3d7,finance,dirty,0,Heuristic violations,0,1.1341474602271842e-05,0.0,0.0,0.0,0.0,1.0,1.0,0.0,1.0,1.0,1.0,1.0
natural_extraction,finance-5a5fd68db3d7,finance,dirty,0,Quality threshold,0,1.1341474602271842e-05,0.0,0.0,0.0,0.0,1.0,1.0,0.0,1.0,1.0,1.0,1.0
natural_extraction,finance-5a5fd68db3d7,finance,dirty,0,Random 50%,0,1.1341474602271842e-05,0.0,0.0,0.0,0.0,1.0,1.0,0.0,1.0,1.0,1.0,1.0
natural_extraction,finance-5a5fd68db3d7,finance,dirty,0,Always repair,1,1.1341474602271842e-05,1.0,5.49093400593847,0.0,0.0,1.0,1.0,0.0,1.0,1.0,1.0,1.0
natural_extraction,finance-5a5fd68db3d7,finance,dirty,0,Never repair,0,1.1341474602271842e-05,0.0,0.0,0.0,0.0,1.0,1.0,0.0,1.0,1.0,1.0,1.0
natural_extraction,finance-64518520eadc,finance,clean,0,Learned router,0,1.1341474602271842e-05,0.0,0.0,0.0,0.0,1.0,1.0,0.0,1.0,1.0,1.0,1.0
natural_extraction,finance-64518520eadc,finance,clean,0,Heuristic violations,0,1.1341474602271842e-05,0.0,0.0,0.0,0.0,1.0,1.0,0.0,1.0,1.0,1.0,1.0
natural_extraction,finance-64518520eadc,finance,clean,0,Quality threshold,0,1.1341474602271842e-05,0.0,0.0,0.0,0.0,1.0,1.0,0.0,1.0,1.0,1.0,1.0
natural_extraction,finance-64518520eadc,finance,clean,0,Random 50%,1,1.1341474602271842e-05,1.0,4.801276036538184,0.0,0.0,1.0,1.0,0.0,1.0,1.0,1.0,1.0
natural_extraction,finance-64518520eadc,finance,clean,0,Always repair,1,1.1341474602271842e-05,1.0,4.801276036538184,0.0,0.0,1.0,1.0,0.0,1.0,1.0,1.0,1.0
natural_extraction,finance-64518520eadc,finance,clean,0,Never repair,0,1.1341474602271842e-05,0.0,0.0,0.0,0.0,1.0,1.0,0.0,1.0,1.0,1.0,1.0
natural_extraction,finance-64518520eadc,finance,dirty,0,Learned router,0,1.1341474602271842e-05,0.0,0.0,0.0,0.0,1.0,1.0,0.0,1.0,1.0,1.0,1.0
natural_extraction,finance-64518520eadc,finance,dirty,0,Heuristic violations,0,1.1341474602271842e-05,0.0,0.0,0.0,0.0,1.0,1.0,0.0,1.0,1.0,1.0,1.0
natural_extraction,finance-64518520eadc,finance,dirty,0,Quality threshold,0,1.1341474602271842e-05,0.0,0.0,0.0,0.0,1.0,1.0,0.0,1.0,1.0,1.0,1.0
natural_extraction,finance-64518520eadc,finance,dirty,0,Random 50%,0,1.1341474602271842e-05,0.0,0.0,0.0,0.0,1.0,1.0,0.0,1.0,1.0,1.0,1.0
natural_extraction,finance-64518520eadc,finance,dirty,0,Always repair,1,1.1341474602271842e-05,1.0,6.729263668879867,0.0,0.0,1.0,1.0,0.0,1.0,1.0,1.0,1.0
natural_extraction,finance-64518520eadc,finance,dirty,0,Never repair,0,1.1341474602271842e-05,0.0,0.0,0.0,0.0,1.0,1.0,0.0,1.0,1.0,1.0,1.0
natural_extraction,finance-66beaf013776,finance,clean,0,Learned router,0,1.1341474602271842e-05,0.0,0.0,0.0,0.0,1.0,1.0,0.0,1.0,1.0,1.0,1.0
natural_extraction,finance-66beaf013776,finance,clean,0,Heuristic violations,0,1.1341474602271842e-05,0.0,0.0,0.0,0.0,1.0,1.0,0.0,1.0,1.0,1.0,1.0
natural_extraction,finance-66beaf013776,finance,clean,0,Quality threshold,0,1.1341474602271842e-05,0.0,0.0,0.0,0.0,1.0,1.0,0.0,1.0,1.0,1.0,1.0
natural_extraction,finance-66beaf013776,finance,clean,0,Random 50%,1,1.1341474602271842e-05,1.0,7.700552413240075,0.0,0.0,1.0,1.0,0.0,1.0,1.0,1.0,1.0
natural_extraction,finance-66beaf013776,finance,clean,0,Always repair,1,1.1341474602271842e-05,1.0,7.700552413240075,0.0,0.0,1.0,1.0,0.0,1.0,1.0,1.0,1.0
natural_extraction,finance-66beaf013776,finance,clean,0,Never repair,0,1.1341474602271842e-05,0.0,0.0,0.0,0.0,1.0,1.0,0.0,1.0,1.0,1.0,1.0
natural_extraction,finance-66beaf013776,finance,dirty,0,Learned router,0,1.1341474602271842e-05,0.0,0.0,0.0,0.0,1.0,1.0,0.0,1.0,1.0,1.0,1.0
natural_extraction,finance-66beaf013776,finance,dirty,0,Heuristic violations,0,1.1341474602271842e-05,0.0,0.0,0.0,0.0,1.0,1.0,0.0,1.0,1.0,1.0,1.0
natural_extraction,finance-66beaf013776,finance,dirty,0,Quality threshold,0,1.1341474602271842e-05,0.0,0.0,0.0,0.0,1.0,1.0,0.0,1.0,1.0,1.0,1.0
natural_extraction,finance-66beaf013776,finance,dirty,0,Random 50%,1,1.1341474602271842e-05,1.0,7.036732481792569,0.0,0.0,1.0,1.0,0.0,1.0,1.0,1.0,1.0
natural_extraction,finance-66beaf013776,finance,dirty,0,Always repair,1,1.1341474602271842e-05,1.0,7.036732481792569,0.0,0.0,1.0,1.0,0.0,1.0,1.0,1.0,1.0
natural_extraction,finance-66beaf013776,finance,dirty,0,Never repair,0,1.1341474602271842e-05,0.0,0.0,0.0,0.0,1.0,1.0,0.0,1.0,1.0,1.0,1.0
natural_extraction,finance-6a47f782244b,finance,clean,0,Learned router,0,1.1341474602271842e-05,0.0,0.0,0.0,0.0,1.0,1.0,0.0,1.0,1.0,1.0,1.0
natural_extraction,finance-6a47f782244b,finance,clean,0,Heuristic violations,0,1.1341474602271842e-05,0.0,0.0,0.0,0.0,1.0,1.0,0.0,1.0,1.0,1.0,1.0
natural_extraction,finance-6a47f782244b,finance,clean,0,Quality threshold,0,1.1341474602271842e-05,0.0,0.0,0.0,0.0,1.0,1.0,0.0,1.0,1.0,1.0,1.0
natural_extraction,finance-6a47f782244b,finance,clean,0,Random 50%,0,1.1341474602271842e-05,0.0,0.0,0.0,0.0,1.0,1.0,0.0,1.0,1.0,1.0,1.0
natural_extraction,finance-6a47f782244b,finance,clean,0,Always repair,1,1.1341474602271842e-05,1.0,6.493608623743057,0.0,0.0,1.0,1.0,0.0,1.0,1.0,1.0,1.0
natural_extraction,finance-6a47f782244b,finance,clean,0,Never repair,0,1.1341474602271842e-05,0.0,0.0,0.0,0.0,1.0,1.0,0.0,1.0,1.0,1.0,1.0
natural_extraction,finance-6a47f782244b,finance,dirty,0,Learned router,0,1.1341474602271842e-05,0.0,0.0,0.0,0.0,1.0,1.0,0.0,1.0,1.0,1.0,1.0
natural_extraction,finance-6a47f782244b,finance,dirty,0,Heuristic violations,0,1.1341474602271842e-05,0.0,0.0,0.0,0.0,1.0,1.0,0.0,1.0,1.0,1.0,1.0
natural_extraction,finance-6a47f782244b,finance,dirty,0,Quality threshold,0,1.1341474602271842e-05,0.0,0.0,0.0,0.0,1.0,1.0,0.0,1.0,1.0,1.0,1.0
natural_extraction,finance-6a47f782244b,finance,dirty,0,Random 50%,0,1.1341474602271842e-05,0.0,0.0,0.0,0.0,1.0,1.0,0.0,1.0,1.0,1.0,1.0
natural_extraction,finance-6a47f782244b,finance,dirty,0,Always repair,1,1.1341474602271842e-05,1.0,5.992202741093934,0.0,0.0,1.0,1.0,0.0,1.0,1.0,1.0,1.0
natural_extraction,finance-6a47f782244b,finance,dirty,0,Never repair,0,1.1341474602271842e-05,0.0,0.0,0.0,0.0,1.0,1.0,0.0,1.0,1.0,1.0,1.0
natural_extraction,finance-6b8de3f87f41,finance,clean,0,Learned router,0,1.1341474602271842e-05,0.0,0.0,0.0,0.0,1.0,1.0,0.0,1.0,1.0,1.0,1.0
natural_extraction,finance-6b8de3f87f41,finance,clean,0,Heuristic violations,0,1.1341474602271842e-05,0.0,0.0,0.0,0.0,1.0,1.0,0.0,1.0,1.0,1.0,1.0
natural_extraction,finance-6b8de3f87f41,finance,clean,0,Quality threshold,0,1.1341474602271842e-05,0.0,0.0,0.0,0.0,1.0,1.0,0.0,1.0,1.0,1.0,1.0
natural_extraction,finance-6b8de3f87f41,finance,clean,0,Random 50%,0,1.1341474602271842e-05,0.0,0.0,0.0,0.0,1.0,1.0,0.0,1.0,1.0,1.0,1.0
natural_extraction,finance-6b8de3f87f41,finance,clean,0,Always repair,1,1.1341474602271842e-05,1.0,5.361671815626323,0.0,0.0,1.0,1.0,0.0,1.0,1.0,1.0,1.0
natural_extraction,finance-6b8de3f87f41,finance,clean,0,Never repair,0,1.1341474602271842e-05,0.0,0.0,0.0,0.0,1.0,1.0,0.0,1.0,1.0,1.0,1.0
natural_extraction,finance-6b8de3f87f41,finance,dirty,0,Learned router,0,1.1341474602271842e-05,0.0,0.0,0.0,0.0,1.0,1.0,0.0,1.0,1.0,1.0,1.0
natural_extraction,finance-6b8de3f87f41,finance,dirty,0,Heuristic violations,0,1.1341474602271842e-05,0.0,0.0,0.0,0.0,1.0,1.0,0.0,1.0,1.0,1.0,1.0
natural_extraction,finance-6b8de3f87f41,finance,dirty,0,Quality threshold,0,1.1341474602271842e-05,0.0,0.0,0.0,0.0,1.0,1.0,0.0,1.0,1.0,1.0,1.0
natural_extraction,finance-6b8de3f87f41,finance,dirty,0,Random 50%,0,1.1341474602271842e-05,0.0,0.0,0.0,0.0,1.0,1.0,0.0,1.0,1.0,1.0,1.0
natural_extraction,finance-6b8de3f87f41,finance,dirty,0,Always repair,1,1.1341474602271842e-05,1.0,4.9376089898869395,0.0,0.0,1.0,1.0,0.0,1.0,1.0,1.0,1.0
natural_extraction,finance-6b8de3f87f41,finance,dirty,0,Never repair,0,1.1341474602271842e-05,0.0,0.0,0.0,0.0,1.0,1.0,0.0,1.0,1.0,1.0,1.0
natural_extraction,finance-6fa9c9e7a6f6,finance,clean,0,Learned router,0,1.1341474602271842e-05,0.0,0.0,0.0,0.0,1.0,1.0,0.0,1.0,1.0,1.0,1.0
natural_extraction,finance-6fa9c9e7a6f6,finance,clean,0,Heuristic violations,0,1.1341474602271842e-05,0.0,0.0,0.0,0.0,1.0,1.0,0.0,1.0,1.0,1.0,1.0
natural_extraction,finance-6fa9c9e7a6f6,finance,clean,0,Quality threshold,0,1.1341474602271842e-05,0.0,0.0,0.0,0.0,1.0,1.0,0.0,1.0,1.0,1.0,1.0
natural_extraction,finance-6fa9c9e7a6f6,finance,clean,0,Random 50%,1,1.1341474602271842e-05,1.0,4.027933673933148,0.0,0.0,1.0,1.0,0.0,1.0,1.0,1.0,1.0
natural_extraction,finance-6fa9c9e7a6f6,finance,clean,0,Always repair,1,1.1341474602271842e-05,1.0,4.027933673933148,0.0,0.0,1.0,1.0,0.0,1.0,1.0,1.0,1.0
natural_extraction,finance-6fa9c9e7a6f6,finance,clean,0,Never repair,0,1.1341474602271842e-05,0.0,0.0,0.0,0.0,1.0,1.0,0.0,1.0,1.0,1.0,1.0
natural_extraction,finance-6fa9c9e7a6f6,finance,dirty,0,Learned router,0,1.1341474602271842e-05,0.0,0.0,0.0,0.0,1.0,1.0,0.0,1.0,1.0,1.0,1.0
natural_extraction,finance-6fa9c9e7a6f6,finance,dirty,0,Heuristic violations,0,1.1341474602271842e-05,0.0,0.0,0.0,0.0,1.0,1.0,0.0,1.0,1.0,1.0,1.0
natural_extraction,finance-6fa9c9e7a6f6,finance,dirty,0,Quality threshold,0,1.1341474602271842e-05,0.0,0.0,0.0,0.0,1.0,1.0,0.0,1.0,1.0,1.0,1.0
natural_extraction,finance-6fa9c9e7a6f6,finance,dirty,0,Random 50%,1,1.1341474602271842e-05,1.0,7.139528259634972,0.0,0.0,1.0,1.0,0.0,1.0,1.0,1.0,1.0
natural_extraction,finance-6fa9c9e7a6f6,finance,dirty,0,Always repair,1,1.1341474602271842e-05,1.0,7.139528259634972,0.0,0.0,1.0,1.0,0.0,1.0,1.0,1.0,1.0
natural_extraction,finance-6fa9c9e7a6f6,finance,dirty,0,Never repair,0,1.1341474602271842e-05,0.0,0.0,0.0,0.0,1.0,1.0,0.0,1.0,1.0,1.0,1.0
natural_extraction,finance-73dd7d6d78cf,finance,clean,0,Learned router,0,1.1341474602271842e-05,0.0,0.0,0.0,0.0,1.0,1.0,0.0,1.0,1.0,1.0,1.0
natural_extraction,finance-73dd7d6d78cf,finance,clean,0,Heuristic violations,0,1.1341474602271842e-05,0.0,0.0,0.0,0.0,1.0,1.0,0.0,1.0,1.0,1.0,1.0
natural_extraction,finance-73dd7d6d78cf,finance,clean,0,Quality threshold,0,1.1341474602271842e-05,0.0,0.0,0.0,0.0,1.0,1.0,0.0,1.0,1.0,1.0,1.0
natural_extraction,finance-73dd7d6d78cf,finance,clean,0,Random 50%,0,1.1341474602271842e-05,0.0,0.0,0.0,0.0,1.0,1.0,0.0,1.0,1.0,1.0,1.0
natural_extraction,finance-73dd7d6d78cf,finance,clean,0,Always repair,1,1.1341474602271842e-05,1.0,6.668566456064582,0.0,0.0,1.0,1.0,0.0,1.0,1.0,1.0,1.0
natural_extraction,finance-73dd7d6d78cf,finance,clean,0,Never repair,0,1.1341474602271842e-05,0.0,0.0,0.0,0.0,1.0,1.0,0.0,1.0,1.0,1.0,1.0
natural_extraction,finance-73dd7d6d78cf,finance,dirty,0,Learned router,0,1.1341474602271842e-05,0.0,0.0,0.0,0.0,1.0,1.0,0.0,1.0,1.0,1.0,1.0
natural_extraction,finance-73dd7d6d78cf,finance,dirty,0,Heuristic violations,0,1.1341474602271842e-05,0.0,0.0,0.0,0.0,1.0,1.0,0.0,1.0,1.0,1.0,1.0
natural_extraction,finance-73dd7d6d78cf,finance,dirty,0,Quality threshold,0,1.1341474602271842e-05,0.0,0.0,0.0,0.0,1.0,1.0,0.0,1.0,1.0,1.0,1.0
natural_extraction,finance-73dd7d6d78cf,finance,dirty,0,Random 50%,0,1.1341474602271842e-05,0.0,0.0,0.0,0.0,1.0,1.0,0.0,1.0,1.0,1.0,1.0
natural_extraction,finance-73dd7d6d78cf,finance,dirty,0,Always repair,1,1.1341474602271842e-05,1.0,7.017022688873112,0.0,0.0,1.0,1.0,0.0,1.0,1.0,1.0,1.0
natural_extraction,finance-73dd7d6d78cf,finance,dirty,0,Never repair,0,1.1341474602271842e-05,0.0,0.0,0.0,0.0,1.0,1.0,0.0,1.0,1.0,1.0,1.0
natural_extraction,finance-75558a639292,finance,clean,0,Learned router,0,1.1341474602271842e-05,0.0,0.0,0.0,0.0,1.0,1.0,0.0,1.0,1.0,1.0,1.0
natural_extraction,finance-75558a639292,finance,clean,0,Heuristic violations,0,1.1341474602271842e-05,0.0,0.0,0.0,0.0,1.0,1.0,0.0,1.0,1.0,1.0,1.0
natural_extraction,finance-75558a639292,finance,clean,0,Quality threshold,0,1.1341474602271842e-05,0.0,0.0,0.0,0.0,1.0,1.0,0.0,1.0,1.0,1.0,1.0
natural_extraction,finance-75558a639292,finance,clean,0,Random 50%,0,1.1341474602271842e-05,0.0,0.0,0.0,0.0,1.0,1.0,0.0,1.0,1.0,1.0,1.0
natural_extraction,finance-75558a639292,finance,clean,0,Always repair,1,1.1341474602271842e-05,1.0,4.8208862552419305,0.0,0.0,1.0,1.0,0.0,1.0,1.0,1.0,1.0
natural_extraction,finance-75558a639292,finance,clean,0,Never repair,0,1.1341474602271842e-05,0.0,0.0,0.0,0.0,1.0,1.0,0.0,1.0,1.0,1.0,1.0
natural_extraction,finance-75558a639292,finance,dirty,0,Learned router,0,1.1341474602271842e-05,0.0,0.0,0.0,0.0,1.0,1.0,0.0,1.0,1.0,1.0,1.0
natural_extraction,finance-75558a639292,finance,dirty,0,Heuristic violations,0,1.1341474602271842e-05,0.0,0.0,0.0,0.0,1.0,1.0,0.0,1.0,1.0,1.0,1.0
natural_extraction,finance-75558a639292,finance,dirty,0,Quality threshold,0,1.1341474602271842e-05,0.0,0.0,0.0,0.0,1.0,1.0,0.0,1.0,1.0,1.0,1.0
natural_extraction,finance-75558a639292,finance,dirty,0,Random 50%,0,1.1341474602271842e-05,0.0,0.0,0.0,0.0,1.0,1.0,0.0,1.0,1.0,1.0,1.0
natural_extraction,finance-75558a639292,finance,dirty,0,Always repair,1,1.1341474602271842e-05,1.0,4.86176595184952,0.0,0.0,1.0,1.0,0.0,1.0,1.0,1.0,1.0
natural_extraction,finance-75558a639292,finance,dirty,0,Never repair,0,1.1341474602271842e-05,0.0,0.0,0.0,0.0,1.0,1.0,0.0,1.0,1.0,1.0,1.0
natural_extraction,finance-78f460e94d77,finance,clean,0,Learned router,0,1.1341474602271842e-05,0.0,0.0,0.0,0.0,1.0,1.0,0.0,1.0,1.0,1.0,1.0
natural_extraction,finance-78f460e94d77,finance,clean,0,Heuristic violations,0,1.1341474602271842e-05,0.0,0.0,0.0,0.0,1.0,1.0,0.0,1.0,1.0,1.0,1.0
natural_extraction,finance-78f460e94d77,finance,clean,0,Quality threshold,0,1.1341474602271842e-05,0.0,0.0,0.0,0.0,1.0,1.0,0.0,1.0,1.0,1.0,1.0
natural_extraction,finance-78f460e94d77,finance,clean,0,Random 50%,1,1.1341474602271842e-05,1.0,4.8203335190191865,0.0,0.0,1.0,1.0,0.0,1.0,1.0,1.0,1.0
natural_extraction,finance-78f460e94d77,finance,clean,0,Always repair,1,1.1341474602271842e-05,1.0,4.8203335190191865,0.0,0.0,1.0,1.0,0.0,1.0,1.0,1.0,1.0
natural_extraction,finance-78f460e94d77,finance,clean,0,Never repair,0,1.1341474602271842e-05,0.0,0.0,0.0,0.0,1.0,1.0,0.0,1.0,1.0,1.0,1.0
natural_extraction,finance-78f460e94d77,finance,dirty,0,Learned router,0,1.1341474602271842e-05,0.0,0.0,0.0,0.0,1.0,1.0,0.0,1.0,1.0,1.0,1.0
natural_extraction,finance-78f460e94d77,finance,dirty,0,Heuristic violations,0,1.1341474602271842e-05,0.0,0.0,0.0,0.0,1.0,1.0,0.0,1.0,1.0,1.0,1.0
natural_extraction,finance-78f460e94d77,finance,dirty,0,Quality threshold,0,1.1341474602271842e-05,0.0,0.0,0.0,0.0,1.0,1.0,0.0,1.0,1.0,1.0,1.0
natural_extraction,finance-78f460e94d77,finance,dirty,0,Random 50%,0,1.1341474602271842e-05,0.0,0.0,0.0,0.0,1.0,1.0,0.0,1.0,1.0,1.0,1.0
natural_extraction,finance-78f460e94d77,finance,dirty,0,Always repair,1,1.1341474602271842e-05,1.0,5.31274360883981,0.0,0.0,1.0,1.0,0.0,1.0,1.0,1.0,1.0
natural_extraction,finance-78f460e94d77,finance,dirty,0,Never repair,0,1.1341474602271842e-05,0.0,0.0,0.0,0.0,1.0,1.0,0.0,1.0,1.0,1.0,1.0
natural_extraction,finance-79b78aabe361,finance,clean,0,Learned router,0,1.1341474602271842e-05,0.0,0.0,0.0,0.0,1.0,1.0,0.0,1.0,1.0,1.0,1.0
natural_extraction,finance-79b78aabe361,finance,clean,0,Heuristic violations,0,1.1341474602271842e-05,0.0,0.0,0.0,0.0,1.0,1.0,0.0,1.0,1.0,1.0,1.0
natural_extraction,finance-79b78aabe361,finance,clean,0,Quality threshold,0,1.1341474602271842e-05,0.0,0.0,0.0,0.0,1.0,1.0,0.0,1.0,1.0,1.0,1.0
natural_extraction,finance-79b78aabe361,finance,clean,0,Random 50%,0,1.1341474602271842e-05,0.0,0.0,0.0,0.0,1.0,1.0,0.0,1.0,1.0,1.0,1.0
natural_extraction,finance-79b78aabe361,finance,clean,0,Always repair,1,1.1341474602271842e-05,1.0,5.059625783003867,0.0,0.0,1.0,1.0,0.0,1.0,1.0,1.0,1.0
natural_extraction,finance-79b78aabe361,finance,clean,0,Never repair,0,1.1341474602271842e-05,0.0,0.0,0.0,0.0,1.0,1.0,0.0,1.0,1.0,1.0,1.0
natural_extraction,finance-79b78aabe361,finance,dirty,0,Learned router,0,1.1341474602271842e-05,0.0,0.0,0.0,0.0,1.0,1.0,0.0,1.0,1.0,1.0,1.0
natural_extraction,finance-79b78aabe361,finance,dirty,0,Heuristic violations,0,1.1341474602271842e-05,0.0,0.0,0.0,0.0,1.0,1.0,0.0,1.0,1.0,1.0,1.0
natural_extraction,finance-79b78aabe361,finance,dirty,0,Quality threshold,0,1.1341474602271842e-05,0.0,0.0,0.0,0.0,1.0,1.0,0.0,1.0,1.0,1.0,1.0
natural_extraction,finance-79b78aabe361,finance,dirty,0,Random 50%,0,1.1341474602271842e-05,0.0,0.0,0.0,0.0,1.0,1.0,0.0,1.0,1.0,1.0,1.0
natural_extraction,finance-79b78aabe361,finance,dirty,0,Always repair,1,1.1341474602271842e-05,1.0,5.9634689800441265,0.0,0.0,1.0,1.0,0.0,1.0,1.0,1.0,1.0
natural_extraction,finance-79b78aabe361,finance,dirty,0,Never repair,0,1.1341474602271842e-05,0.0,0.0,0.0,0.0,1.0,1.0,0.0,1.0,1.0,1.0,1.0
natural_extraction,finance-79d05b4fd693,finance,clean,0,Learned router,0,1.1341474602271842e-05,0.0,0.0,0.0,0.0,1.0,1.0,0.0,1.0,1.0,1.0,1.0
natural_extraction,finance-79d05b4fd693,finance,clean,0,Heuristic violations,0,1.1341474602271842e-05,0.0,0.0,0.0,0.0,1.0,1.0,0.0,1.0,1.0,1.0,1.0
natural_extraction,finance-79d05b4fd693,finance,clean,0,Quality threshold,0,1.1341474602271842e-05,0.0,0.0,0.0,0.0,1.0,1.0,0.0,1.0,1.0,1.0,1.0
natural_extraction,finance-79d05b4fd693,finance,clean,0,Random 50%,1,1.1341474602271842e-05,1.0,4.864812978543341,0.0,0.0,1.0,1.0,0.0,1.0,1.0,1.0,1.0
natural_extraction,finance-79d05b4fd693,finance,clean,0,Always repair,1,1.1341474602271842e-05,1.0,4.864812978543341,0.0,0.0,1.0,1.0,0.0,1.0,1.0,1.0,1.0
natural_extraction,finance-79d05b4fd693,finance,clean,0,Never repair,0,1.1341474602271842e-05,0.0,0.0,0.0,0.0,1.0,1.0,0.0,1.0,1.0,1.0,1.0
natural_extraction,finance-79d05b4fd693,finance,dirty,0,Learned router,0,1.1341474602271842e-05,0.0,0.0,0.0,0.0,1.0,1.0,0.0,1.0,1.0,1.0,1.0
natural_extraction,finance-79d05b4fd693,finance,dirty,0,Heuristic violations,0,1.1341474602271842e-05,0.0,0.0,0.0,0.0,1.0,1.0,0.0,1.0,1.0,1.0,1.0
natural_extraction,finance-79d05b4fd693,finance,dirty,0,Quality threshold,0,1.1341474602271842e-05,0.0,0.0,0.0,0.0,1.0,1.0,0.0,1.0,1.0,1.0,1.0
natural_extraction,finance-79d05b4fd693,finance,dirty,0,Random 50%,0,1.1341474602271842e-05,0.0,0.0,0.0,0.0,1.0,1.0,0.0,1.0,1.0,1.0,1.0
natural_extraction,finance-79d05b4fd693,finance,dirty,0,Always repair,1,1.1341474602271842e-05,1.0,8.493925713934004,0.0,0.0,1.0,1.0,0.0,1.0,1.0,1.0,1.0
natural_extraction,finance-79d05b4fd693,finance,dirty,0,Never repair,0,1.1341474602271842e-05,0.0,0.0,0.0,0.0,1.0,1.0,0.0,1.0,1.0,1.0,1.0
natural_extraction,finance-7a3abe60b8c1,finance,clean,0,Learned router,0,1.1341474602271842e-05,0.0,0.0,0.0,0.0,1.0,1.0,0.0,1.0,1.0,1.0,1.0
natural_extraction,finance-7a3abe60b8c1,finance,clean,0,Heuristic violations,0,1.1341474602271842e-05,0.0,0.0,0.0,0.0,1.0,1.0,0.0,1.0,1.0,1.0,1.0
natural_extraction,finance-7a3abe60b8c1,finance,clean,0,Quality threshold,0,1.1341474602271842e-05,0.0,0.0,0.0,0.0,1.0,1.0,0.0,1.0,1.0,1.0,1.0
natural_extraction,finance-7a3abe60b8c1,finance,clean,0,Random 50%,1,1.1341474602271842e-05,1.0,5.143617724999785,0.0,0.0,1.0,1.0,0.0,1.0,1.0,1.0,1.0
natural_extraction,finance-7a3abe60b8c1,finance,clean,0,Always repair,1,1.1341474602271842e-05,1.0,5.143617724999785,0.0,0.0,1.0,1.0,0.0,1.0,1.0,1.0,1.0
natural_extraction,finance-7a3abe60b8c1,finance,clean,0,Never repair,0,1.1341474602271842e-05,0.0,0.0,0.0,0.0,1.0,1.0,0.0,1.0,1.0,1.0,1.0
natural_extraction,finance-7a3abe60b8c1,finance,dirty,0,Learned router,0,1.1341474602271842e-05,0.0,0.0,0.0,0.0,1.0,1.0,0.0,1.0,1.0,1.0,1.0
natural_extraction,finance-7a3abe60b8c1,finance,dirty,0,Heuristic violations,0,1.1341474602271842e-05,0.0,0.0,0.0,0.0,1.0,1.0,0.0,1.0,1.0,1.0,1.0
natural_extraction,finance-7a3abe60b8c1,finance,dirty,0,Quality threshold,0,1.1341474602271842e-05,0.0,0.0,0.0,0.0,1.0,1.0,0.0,1.0,1.0,1.0,1.0
natural_extraction,finance-7a3abe60b8c1,finance,dirty,0,Random 50%,1,1.1341474602271842e-05,1.0,9.802638216875494,0.0,0.0,1.0,1.0,0.0,1.0,1.0,1.0,1.0
natural_extraction,finance-7a3abe60b8c1,finance,dirty,0,Always repair,1,1.1341474602271842e-05,1.0,9.802638216875494,0.0,0.0,1.0,1.0,0.0,1.0,1.0,1.0,1.0
natural_extraction,finance-7a3abe60b8c1,finance,dirty,0,Never repair,0,1.1341474602271842e-05,0.0,0.0,0.0,0.0,1.0,1.0,0.0,1.0,1.0,1.0,1.0
natural_extraction,finance-7bafc5095d7a,finance,clean,0,Learned router,0,1.1341474602271842e-05,0.0,0.0,0.0,0.0,1.0,1.0,0.0,1.0,1.0,1.0,1.0
natural_extraction,finance-7bafc5095d7a,finance,clean,0,Heuristic violations,0,1.1341474602271842e-05,0.0,0.0,0.0,0.0,1.0,1.0,0.0,1.0,1.0,1.0,1.0
natural_extraction,finance-7bafc5095d7a,finance,clean,0,Quality threshold,0,1.1341474602271842e-05,0.0,0.0,0.0,0.0,1.0,1.0,0.0,1.0,1.0,1.0,1.0
natural_extraction,finance-7bafc5095d7a,finance,clean,0,Random 50%,0,1.1341474602271842e-05,0.0,0.0,0.0,0.0,1.0,1.0,0.0,1.0,1.0,1.0,1.0
natural_extraction,finance-7bafc5095d7a,finance,clean,0,Always repair,1,1.1341474602271842e-05,1.0,5.069585448130965,0.0,0.0,1.0,1.0,0.0,1.0,1.0,1.0,1.0
natural_extraction,finance-7bafc5095d7a,finance,clean,0,Never repair,0,1.1341474602271842e-05,0.0,0.0,0.0,0.0,1.0,1.0,0.0,1.0,1.0,1.0,1.0
natural_extraction,finance-7bafc5095d7a,finance,dirty,0,Learned router,0,1.1341474602271842e-05,0.0,0.0,0.0,0.0,1.0,1.0,0.0,1.0,1.0,1.0,1.0
natural_extraction,finance-7bafc5095d7a,finance,dirty,0,Heuristic violations,0,1.1341474602271842e-05,0.0,0.0,0.0,0.0,1.0,1.0,0.0,1.0,1.0,1.0,1.0
natural_extraction,finance-7bafc5095d7a,finance,dirty,0,Quality threshold,0,1.1341474602271842e-05,0.0,0.0,0.0,0.0,1.0,1.0,0.0,1.0,1.0,1.0,1.0
natural_extraction,finance-7bafc5095d7a,finance,dirty,0,Random 50%,0,1.1341474602271842e-05,0.0,0.0,0.0,0.0,1.0,1.0,0.0,1.0,1.0,1.0,1.0
natural_extraction,finance-7bafc5095d7a,finance,dirty,0,Always repair,1,1.1341474602271842e-05,1.0,4.97685425542295,0.0,0.0,1.0,1.0,0.0,1.0,1.0,1.0,1.0
natural_extraction,finance-7bafc5095d7a,finance,dirty,0,Never repair,0,1.1341474602271842e-05,0.0,0.0,0.0,0.0,1.0,1.0,0.0,1.0,1.0,1.0,1.0
natural_extraction,finance-80ef2586c066,finance,clean,0,Learned router,0,1.1341474602271842e-05,0.0,0.0,0.0,0.0,1.0,1.0,0.0,1.0,1.0,1.0,1.0
natural_extraction,finance-80ef2586c066,finance,clean,0,Heuristic violations,0,1.1341474602271842e-05,0.0,0.0,0.0,0.0,1.0,1.0,0.0,1.0,1.0,1.0,1.0
natural_extraction,finance-80ef2586c066,finance,clean,0,Quality threshold,0,1.1341474602271842e-05,0.0,0.0,0.0,0.0,1.0,1.0,0.0,1.0,1.0,1.0,1.0
natural_extraction,finance-80ef2586c066,finance,clean,0,Random 50%,1,1.1341474602271842e-05,1.0,7.699353753589094,0.0,0.0,1.0,1.0,0.0,1.0,1.0,1.0,1.0
natural_extraction,finance-80ef2586c066,finance,clean,0,Always repair,1,1.1341474602271842e-05,1.0,7.699353753589094,0.0,0.0,1.0,1.0,0.0,1.0,1.0,1.0,1.0
natural_extraction,finance-80ef2586c066,finance,clean,0,Never repair,0,1.1341474602271842e-05,0.0,0.0,0.0,0.0,1.0,1.0,0.0,1.0,1.0,1.0,1.0
natural_extraction,finance-80ef2586c066,finance,dirty,0,Learned router,0,1.1341474602271842e-05,0.0,0.0,0.0,0.0,1.0,1.0,0.0,1.0,1.0,1.0,1.0
natural_extraction,finance-80ef2586c066,finance,dirty,0,Heuristic violations,0,1.1341474602271842e-05,0.0,0.0,0.0,0.0,1.0,1.0,0.0,1.0,1.0,1.0,1.0
natural_extraction,finance-80ef2586c066,finance,dirty,0,Quality threshold,0,1.1341474602271842e-05,0.0,0.0,0.0,0.0,1.0,1.0,0.0,1.0,1.0,1.0,1.0
natural_extraction,finance-80ef2586c066,finance,dirty,0,Random 50%,1,1.1341474602271842e-05,1.0,10.249921822920442,0.0,0.0,1.0,1.0,0.0,1.0,1.0,1.0,1.0
natural_extraction,finance-80ef2586c066,finance,dirty,0,Always repair,1,1.1341474602271842e-05,1.0,10.249921822920442,0.0,0.0,1.0,1.0,0.0,1.0,1.0,1.0,1.0
natural_extraction,finance-80ef2586c066,finance,dirty,0,Never repair,0,1.1341474602271842e-05,0.0,0.0,0.0,0.0,1.0,1.0,0.0,1.0,1.0,1.0,1.0
natural_extraction,finance-81030330ed63,finance,clean,0,Learned router,0,1.1341474602271842e-05,0.0,0.0,0.0,0.0,1.0,1.0,0.0,1.0,1.0,1.0,1.0
natural_extraction,finance-81030330ed63,finance,clean,0,Heuristic violations,0,1.1341474602271842e-05,0.0,0.0,0.0,0.0,1.0,1.0,0.0,1.0,1.0,1.0,1.0
natural_extraction,finance-81030330ed63,finance,clean,0,Quality threshold,0,1.1341474602271842e-05,0.0,0.0,0.0,0.0,1.0,1.0,0.0,1.0,1.0,1.0,1.0
natural_extraction,finance-81030330ed63,finance,clean,0,Random 50%,0,1.1341474602271842e-05,0.0,0.0,0.0,0.0,1.0,1.0,0.0,1.0,1.0,1.0,1.0
natural_extraction,finance-81030330ed63,finance,clean,0,Always repair,1,1.1341474602271842e-05,1.0,6.537653408013284,0.0,0.0,1.0,1.0,0.0,1.0,1.0,1.0,1.0
natural_extraction,finance-81030330ed63,finance,clean,0,Never repair,0,1.1341474602271842e-05,0.0,0.0,0.0,0.0,1.0,1.0,0.0,1.0,1.0,1.0,1.0
natural_extraction,finance-81030330ed63,finance,dirty,0,Learned router,0,1.1341474602271842e-05,0.0,0.0,0.0,0.0,1.0,1.0,0.0,1.0,1.0,1.0,1.0
natural_extraction,finance-81030330ed63,finance,dirty,0,Heuristic violations,0,1.1341474602271842e-05,0.0,0.0,0.0,0.0,1.0,1.0,0.0,1.0,1.0,1.0,1.0
natural_extraction,finance-81030330ed63,finance,dirty,0,Quality threshold,0,1.1341474602271842e-05,0.0,0.0,0.0,0.0,1.0,1.0,0.0,1.0,1.0,1.0,1.0
natural_extraction,finance-81030330ed63,finance,dirty,0,Random 50%,1,1.1341474602271842e-05,1.0,8.429655464366078,0.0,0.0,1.0,1.0,0.0,1.0,1.0,1.0,1.0
natural_extraction,finance-81030330ed63,finance,dirty,0,Always repair,1,1.1341474602271842e-05,1.0,8.429655464366078,0.0,0.0,1.0,1.0,0.0,1.0,1.0,1.0,1.0
natural_extraction,finance-81030330ed63,finance,dirty,0,Never repair,0,1.1341474602271842e-05,0.0,0.0,0.0,0.0,1.0,1.0,0.0,1.0,1.0,1.0,1.0
natural_extraction,finance-84efec7f73d8,finance,clean,0,Learned router,0,1.1341474602271842e-05,0.0,0.0,0.0,0.0,1.0,1.0,0.0,1.0,1.0,1.0,1.0
natural_extraction,finance-84efec7f73d8,finance,clean,0,Heuristic violations,0,1.1341474602271842e-05,0.0,0.0,0.0,0.0,1.0,1.0,0.0,1.0,1.0,1.0,1.0
natural_extraction,finance-84efec7f73d8,finance,clean,0,Quality threshold,0,1.1341474602271842e-05,0.0,0.0,0.0,0.0,1.0,1.0,0.0,1.0,1.0,1.0,1.0
natural_extraction,finance-84efec7f73d8,finance,clean,0,Random 50%,0,1.1341474602271842e-05,0.0,0.0,0.0,0.0,1.0,1.0,0.0,1.0,1.0,1.0,1.0
natural_extraction,finance-84efec7f73d8,finance,clean,0,Always repair,1,1.1341474602271842e-05,1.0,4.951755987480283,0.0,0.0,1.0,1.0,0.0,1.0,1.0,1.0,1.0
natural_extraction,finance-84efec7f73d8,finance,clean,0,Never repair,0,1.1341474602271842e-05,0.0,0.0,0.0,0.0,1.0,1.0,0.0,1.0,1.0,1.0,1.0
natural_extraction,finance-84efec7f73d8,finance,dirty,0,Learned router,0,1.1341474602271842e-05,0.0,0.0,0.0,0.0,1.0,1.0,0.0,1.0,1.0,1.0,1.0
natural_extraction,finance-84efec7f73d8,finance,dirty,0,Heuristic violations,0,1.1341474602271842e-05,0.0,0.0,0.0,0.0,1.0,1.0,0.0,1.0,1.0,1.0,1.0
natural_extraction,finance-84efec7f73d8,finance,dirty,0,Quality threshold,0,1.1341474602271842e-05,0.0,0.0,0.0,0.0,1.0,1.0,0.0,1.0,1.0,1.0,1.0
natural_extraction,finance-84efec7f73d8,finance,dirty,0,Random 50%,0,1.1341474602271842e-05,0.0,0.0,0.0,0.0,1.0,1.0,0.0,1.0,1.0,1.0,1.0
natural_extraction,finance-84efec7f73d8,finance,dirty,0,Always repair,1,1.1341474602271842e-05,1.0,5.175225921906531,0.0,0.0,1.0,1.0,0.0,1.0,1.0,1.0,1.0
natural_extraction,finance-84efec7f73d8,finance,dirty,0,Never repair,0,1.1341474602271842e-05,0.0,0.0,0.0,0.0,1.0,1.0,0.0,1.0,1.0,1.0,1.0
natural_extraction,finance-931a8626ef8a,finance,clean,0,Learned router,0,1.1341474602271842e-05,0.0,0.0,0.0,0.0,1.0,1.0,0.0,1.0,1.0,1.0,1.0
natural_extraction,finance-931a8626ef8a,finance,clean,0,Heuristic violations,0,1.1341474602271842e-05,0.0,0.0,0.0,0.0,1.0,1.0,0.0,1.0,1.0,1.0,1.0
natural_extraction,finance-931a8626ef8a,finance,clean,0,Quality threshold,0,1.1341474602271842e-05,0.0,0.0,0.0,0.0,1.0,1.0,0.0,1.0,1.0,1.0,1.0
natural_extraction,finance-931a8626ef8a,finance,clean,0,Random 50%,1,1.1341474602271842e-05,1.0,5.170421945862472,0.0,0.0,1.0,1.0,0.0,1.0,1.0,1.0,1.0
natural_extraction,finance-931a8626ef8a,finance,clean,0,Always repair,1,1.1341474602271842e-05,1.0,5.170421945862472,0.0,0.0,1.0,1.0,0.0,1.0,1.0,1.0,1.0
natural_extraction,finance-931a8626ef8a,finance,clean,0,Never repair,0,1.1341474602271842e-05,0.0,0.0,0.0,0.0,1.0,1.0,0.0,1.0,1.0,1.0,1.0
natural_extraction,finance-931a8626ef8a,finance,dirty,0,Learned router,0,1.1341474602271842e-05,0.0,0.0,0.0,0.0,1.0,1.0,0.0,1.0,1.0,1.0,1.0
natural_extraction,finance-931a8626ef8a,finance,dirty,0,Heuristic violations,0,1.1341474602271842e-05,0.0,0.0,0.0,0.0,1.0,1.0,0.0,1.0,1.0,1.0,1.0
natural_extraction,finance-931a8626ef8a,finance,dirty,0,Quality threshold,0,1.1341474602271842e-05,0.0,0.0,0.0,0.0,1.0,1.0,0.0,1.0,1.0,1.0,1.0
natural_extraction,finance-931a8626ef8a,finance,dirty,0,Random 50%,0,1.1341474602271842e-05,0.0,0.0,0.0,0.0,1.0,1.0,0.0,1.0,1.0,1.0,1.0
natural_extraction,finance-931a8626ef8a,finance,dirty,0,Always repair,1,1.1341474602271842e-05,1.0,5.082516637630761,0.0,0.0,1.0,1.0,0.0,1.0,1.0,1.0,1.0
natural_extraction,finance-931a8626ef8a,finance,dirty,0,Never repair,0,1.1341474602271842e-05,0.0,0.0,0.0,0.0,1.0,1.0,0.0,1.0,1.0,1.0,1.0
natural_extraction,finance-97d47c18ea2b,finance,clean,0,Learned router,0,1.1341474602271842e-05,0.0,0.0,0.0,0.0,1.0,1.0,0.0,1.0,1.0,1.0,1.0
natural_extraction,finance-97d47c18ea2b,finance,clean,0,Heuristic violations,0,1.1341474602271842e-05,0.0,0.0,0.0,0.0,1.0,1.0,0.0,1.0,1.0,1.0,1.0
natural_extraction,finance-97d47c18ea2b,finance,clean,0,Quality threshold,0,1.1341474602271842e-05,0.0,0.0,0.0,0.0,1.0,1.0,0.0,1.0,1.0,1.0,1.0
natural_extraction,finance-97d47c18ea2b,finance,clean,0,Random 50%,0,1.1341474602271842e-05,0.0,0.0,0.0,0.0,1.0,1.0,0.0,1.0,1.0,1.0,1.0
natural_extraction,finance-97d47c18ea2b,finance,clean,0,Always repair,1,1.1341474602271842e-05,1.0,4.951079507358372,0.0,0.0,1.0,1.0,0.0,1.0,1.0,1.0,1.0
natural_extraction,finance-97d47c18ea2b,finance,clean,0,Never repair,0,1.1341474602271842e-05,0.0,0.0,0.0,0.0,1.0,1.0,0.0,1.0,1.0,1.0,1.0
natural_extraction,finance-97d47c18ea2b,finance,dirty,0,Learned router,0,1.1341474602271842e-05,0.0,0.0,0.0,0.0,1.0,1.0,0.0,1.0,1.0,1.0,1.0
natural_extraction,finance-97d47c18ea2b,finance,dirty,0,Heuristic violations,0,1.1341474602271842e-05,0.0,0.0,0.0,0.0,1.0,1.0,0.0,1.0,1.0,1.0,1.0
natural_extraction,finance-97d47c18ea2b,finance,dirty,0,Quality threshold,0,1.1341474602271842e-05,0.0,0.0,0.0,0.0,1.0,1.0,0.0,1.0,1.0,1.0,1.0
natural_extraction,finance-97d47c18ea2b,finance,dirty,0,Random 50%,0,1.1341474602271842e-05,0.0,0.0,0.0,0.0,1.0,1.0,0.0,1.0,1.0,1.0,1.0
natural_extraction,finance-97d47c18ea2b,finance,dirty,0,Always repair,1,1.1341474602271842e-05,1.0,20.497110595926642,0.0,0.0,1.0,1.0,0.0,1.0,1.0,1.0,1.0
natural_extraction,finance-97d47c18ea2b,finance,dirty,0,Never repair,0,1.1341474602271842e-05,0.0,0.0,0.0,0.0,1.0,1.0,0.0,1.0,1.0,1.0,1.0
natural_extraction,finance-97f957049a10,finance,clean,0,Learned router,0,1.1341474602271842e-05,0.0,0.0,0.0,0.0,1.0,1.0,0.0,1.0,1.0,1.0,1.0
natural_extraction,finance-97f957049a10,finance,clean,0,Heuristic violations,0,1.1341474602271842e-05,0.0,0.0,0.0,0.0,1.0,1.0,0.0,1.0,1.0,1.0,1.0
natural_extraction,finance-97f957049a10,finance,clean,0,Quality threshold,0,1.1341474602271842e-05,0.0,0.0,0.0,0.0,1.0,1.0,0.0,1.0,1.0,1.0,1.0
natural_extraction,finance-97f957049a10,finance,clean,0,Random 50%,1,1.1341474602271842e-05,1.0,8.231742657721043,0.0,0.0,1.0,1.0,0.0,1.0,1.0,1.0,1.0
natural_extraction,finance-97f957049a10,finance,clean,0,Always repair,1,1.1341474602271842e-05,1.0,8.231742657721043,0.0,0.0,1.0,1.0,0.0,1.0,1.0,1.0,1.0
natural_extraction,finance-97f957049a10,finance,clean,0,Never repair,0,1.1341474602271842e-05,0.0,0.0,0.0,0.0,1.0,1.0,0.0,1.0,1.0,1.0,1.0
natural_extraction,finance-97f957049a10,finance,dirty,0,Learned router,0,1.1341474602271842e-05,0.0,0.0,0.0,0.0,1.0,1.0,0.0,1.0,1.0,1.0,1.0
natural_extraction,finance-97f957049a10,finance,dirty,0,Heuristic violations,0,1.1341474602271842e-05,0.0,0.0,0.0,0.0,1.0,1.0,0.0,1.0,1.0,1.0,1.0
natural_extraction,finance-97f957049a10,finance,dirty,0,Quality threshold,0,1.1341474602271842e-05,0.0,0.0,0.0,0.0,1.0,1.0,0.0,1.0,1.0,1.0,1.0
natural_extraction,finance-97f957049a10,finance,dirty,0,Random 50%,0,1.1341474602271842e-05,0.0,0.0,0.0,0.0,1.0,1.0,0.0,1.0,1.0,1.0,1.0
natural_extraction,finance-97f957049a10,finance,dirty,0,Always repair,1,1.1341474602271842e-05,1.0,4.845192207023501,0.0,0.0,1.0,1.0,0.0,1.0,1.0,1.0,1.0
natural_extraction,finance-97f957049a10,finance,dirty,0,Never repair,0,1.1341474602271842e-05,0.0,0.0,0.0,0.0,1.0,1.0,0.0,1.0,1.0,1.0,1.0
natural_extraction,finance-9a945f147086,finance,clean,0,Learned router,0,1.1341474602271842e-05,0.0,0.0,0.0,0.0,1.0,1.0,0.0,1.0,1.0,1.0,1.0
natural_extraction,finance-9a945f147086,finance,clean,0,Heuristic violations,0,1.1341474602271842e-05,0.0,0.0,0.0,0.0,1.0,1.0,0.0,1.0,1.0,1.0,1.0
natural_extraction,finance-9a945f147086,finance,clean,0,Quality threshold,0,1.1341474602271842e-05,0.0,0.0,0.0,0.0,1.0,1.0,0.0,1.0,1.0,1.0,1.0
natural_extraction,finance-9a945f147086,finance,clean,0,Random 50%,1,1.1341474602271842e-05,1.0,4.809149512089789,0.0,0.0,1.0,1.0,0.0,1.0,1.0,1.0,1.0
natural_extraction,finance-9a945f147086,finance,clean,0,Always repair,1,1.1341474602271842e-05,1.0,4.809149512089789,0.0,0.0,1.0,1.0,0.0,1.0,1.0,1.0,1.0
natural_extraction,finance-9a945f147086,finance,clean,0,Never repair,0,1.1341474602271842e-05,0.0,0.0,0.0,0.0,1.0,1.0,0.0,1.0,1.0,1.0,1.0
natural_extraction,finance-9a945f147086,finance,dirty,0,Learned router,0,1.1341474602271842e-05,0.0,0.0,0.0,0.0,1.0,1.0,0.0,1.0,1.0,1.0,1.0
natural_extraction,finance-9a945f147086,finance,dirty,0,Heuristic violations,0,1.1341474602271842e-05,0.0,0.0,0.0,0.0,1.0,1.0,0.0,1.0,1.0,1.0,1.0
natural_extraction,finance-9a945f147086,finance,dirty,0,Quality threshold,0,1.1341474602271842e-05,0.0,0.0,0.0,0.0,1.0,1.0,0.0,1.0,1.0,1.0,1.0
natural_extraction,finance-9a945f147086,finance,dirty,0,Random 50%,1,1.1341474602271842e-05,1.0,5.616710274480283,0.0,0.0,1.0,1.0,0.0,1.0,1.0,1.0,1.0
natural_extraction,finance-9a945f147086,finance,dirty,0,Always repair,1,1.1341474602271842e-05,1.0,5.616710274480283,0.0,0.0,1.0,1.0,0.0,1.0,1.0,1.0,1.0
natural_extraction,finance-9a945f147086,finance,dirty,0,Never repair,0,1.1341474602271842e-05,0.0,0.0,0.0,0.0,1.0,1.0,0.0,1.0,1.0,1.0,1.0
natural_extraction,finance-9ceb7891c03a,finance,clean,0,Learned router,0,1.1341474602271842e-05,0.0,0.0,0.0,0.0,1.0,1.0,0.0,1.0,1.0,1.0,1.0
natural_extraction,finance-9ceb7891c03a,finance,clean,0,Heuristic violations,0,1.1341474602271842e-05,0.0,0.0,0.0,0.0,1.0,1.0,0.0,1.0,1.0,1.0,1.0
natural_extraction,finance-9ceb7891c03a,finance,clean,0,Quality threshold,0,1.1341474602271842e-05,0.0,0.0,0.0,0.0,1.0,1.0,0.0,1.0,1.0,1.0,1.0
natural_extraction,finance-9ceb7891c03a,finance,clean,0,Random 50%,0,1.1341474602271842e-05,0.0,0.0,0.0,0.0,1.0,1.0,0.0,1.0,1.0,1.0,1.0
natural_extraction,finance-9ceb7891c03a,finance,clean,0,Always repair,1,1.1341474602271842e-05,1.0,5.021326982416213,0.0,0.0,1.0,1.0,0.0,1.0,1.0,1.0,1.0
natural_extraction,finance-9ceb7891c03a,finance,clean,0,Never repair,0,1.1341474602271842e-05,0.0,0.0,0.0,0.0,1.0,1.0,0.0,1.0,1.0,1.0,1.0
natural_extraction,finance-9ceb7891c03a,finance,dirty,0,Learned router,0,1.1341474602271842e-05,0.0,0.0,0.0,0.0,1.0,1.0,0.0,1.0,1.0,1.0,1.0
natural_extraction,finance-9ceb7891c03a,finance,dirty,0,Heuristic violations,0,1.1341474602271842e-05,0.0,0.0,0.0,0.0,1.0,1.0,0.0,1.0,1.0,1.0,1.0
natural_extraction,finance-9ceb7891c03a,finance,dirty,0,Quality threshold,0,1.1341474602271842e-05,0.0,0.0,0.0,0.0,1.0,1.0,0.0,1.0,1.0,1.0,1.0
natural_extraction,finance-9ceb7891c03a,finance,dirty,0,Random 50%,1,1.1341474602271842e-05,1.0,4.931625678204,0.0,0.0,1.0,1.0,0.0,1.0,1.0,1.0,1.0
natural_extraction,finance-9ceb7891c03a,finance,dirty,0,Always repair,1,1.1341474602271842e-05,1.0,4.931625678204,0.0,0.0,1.0,1.0,0.0,1.0,1.0,1.0,1.0
natural_extraction,finance-9ceb7891c03a,finance,dirty,0,Never repair,0,1.1341474602271842e-05,0.0,0.0,0.0,0.0,1.0,1.0,0.0,1.0,1.0,1.0,1.0
natural_extraction,finance-9f847b0db31e,finance,clean,0,Learned router,0,1.1341474602271842e-05,0.0,0.0,0.0,0.0,1.0,1.0,0.0,1.0,1.0,1.0,1.0
natural_extraction,finance-9f847b0db31e,finance,clean,0,Heuristic violations,0,1.1341474602271842e-05,0.0,0.0,0.0,0.0,1.0,1.0,0.0,1.0,1.0,1.0,1.0
natural_extraction,finance-9f847b0db31e,finance,clean,0,Quality threshold,0,1.1341474602271842e-05,0.0,0.0,0.0,0.0,1.0,1.0,0.0,1.0,1.0,1.0,1.0
natural_extraction,finance-9f847b0db31e,finance,clean,0,Random 50%,1,1.1341474602271842e-05,1.0,6.4529163194820285,0.0,0.0,1.0,1.0,0.0,1.0,1.0,1.0,1.0
natural_extraction,finance-9f847b0db31e,finance,clean,0,Always repair,1,1.1341474602271842e-05,1.0,6.4529163194820285,0.0,0.0,1.0,1.0,0.0,1.0,1.0,1.0,1.0
natural_extraction,finance-9f847b0db31e,finance,clean,0,Never repair,0,1.1341474602271842e-05,0.0,0.0,0.0,0.0,1.0,1.0,0.0,1.0,1.0,1.0,1.0
natural_extraction,finance-9f847b0db31e,finance,dirty,0,Learned router,0,1.1341474602271842e-05,0.0,0.0,0.0,0.0,1.0,1.0,0.0,1.0,1.0,1.0,1.0
natural_extraction,finance-9f847b0db31e,finance,dirty,0,Heuristic violations,0,1.1341474602271842e-05,0.0,0.0,0.0,0.0,1.0,1.0,0.0,1.0,1.0,1.0,1.0
natural_extraction,finance-9f847b0db31e,finance,dirty,0,Quality threshold,0,1.1341474602271842e-05,0.0,0.0,0.0,0.0,1.0,1.0,0.0,1.0,1.0,1.0,1.0
natural_extraction,finance-9f847b0db31e,finance,dirty,0,Random 50%,0,1.1341474602271842e-05,0.0,0.0,0.0,0.0,1.0,1.0,0.0,1.0,1.0,1.0,1.0
natural_extraction,finance-9f847b0db31e,finance,dirty,0,Always repair,1,1.1341474602271842e-05,1.0,6.519408190622926,0.0,0.0,1.0,1.0,0.0,1.0,1.0,1.0,1.0
natural_extraction,finance-9f847b0db31e,finance,dirty,0,Never repair,0,1.1341474602271842e-05,0.0,0.0,0.0,0.0,1.0,1.0,0.0,1.0,1.0,1.0,1.0
natural_extraction,finance-a5483f04f340,finance,clean,0,Learned router,0,1.1341474602271842e-05,0.0,0.0,0.0,0.0,1.0,1.0,0.0,1.0,1.0,1.0,1.0
natural_extraction,finance-a5483f04f340,finance,clean,0,Heuristic violations,0,1.1341474602271842e-05,0.0,0.0,0.0,0.0,1.0,1.0,0.0,1.0,1.0,1.0,1.0
natural_extraction,finance-a5483f04f340,finance,clean,0,Quality threshold,0,1.1341474602271842e-05,0.0,0.0,0.0,0.0,1.0,1.0,0.0,1.0,1.0,1.0,1.0
natural_extraction,finance-a5483f04f340,finance,clean,0,Random 50%,1,1.1341474602271842e-05,1.0,5.129683952778578,0.0,0.0,1.0,1.0,0.0,1.0,1.0,1.0,1.0
natural_extraction,finance-a5483f04f340,finance,clean,0,Always repair,1,1.1341474602271842e-05,1.0,5.129683952778578,0.0,0.0,1.0,1.0,0.0,1.0,1.0,1.0,1.0
natural_extraction,finance-a5483f04f340,finance,clean,0,Never repair,0,1.1341474602271842e-05,0.0,0.0,0.0,0.0,1.0,1.0,0.0,1.0,1.0,1.0,1.0
natural_extraction,finance-a5483f04f340,finance,dirty,0,Learned router,0,1.1341474602271842e-05,0.0,0.0,0.0,0.0,1.0,1.0,0.0,1.0,1.0,1.0,1.0
natural_extraction,finance-a5483f04f340,finance,dirty,0,Heuristic violations,0,1.1341474602271842e-05,0.0,0.0,0.0,0.0,1.0,1.0,0.0,1.0,1.0,1.0,1.0
natural_extraction,finance-a5483f04f340,finance,dirty,0,Quality threshold,0,1.1341474602271842e-05,0.0,0.0,0.0,0.0,1.0,1.0,0.0,1.0,1.0,1.0,1.0
natural_extraction,finance-a5483f04f340,finance,dirty,0,Random 50%,1,1.1341474602271842e-05,1.0,5.433494595810771,0.0,0.0,1.0,1.0,0.0,1.0,1.0,1.0,1.0
natural_extraction,finance-a5483f04f340,finance,dirty,0,Always repair,1,1.1341474602271842e-05,1.0,5.433494595810771,0.0,0.0,1.0,1.0,0.0,1.0,1.0,1.0,1.0
natural_extraction,finance-a5483f04f340,finance,dirty,0,Never repair,0,1.1341474602271842e-05,0.0,0.0,0.0,0.0,1.0,1.0,0.0,1.0,1.0,1.0,1.0
natural_extraction,finance-a6cc2cb52688,finance,clean,0,Learned router,0,1.1341474602271842e-05,0.0,0.0,0.0,0.0,1.0,1.0,0.0,1.0,1.0,1.0,1.0
natural_extraction,finance-a6cc2cb52688,finance,clean,0,Heuristic violations,0,1.1341474602271842e-05,0.0,0.0,0.0,0.0,1.0,1.0,0.0,1.0,1.0,1.0,1.0
natural_extraction,finance-a6cc2cb52688,finance,clean,0,Quality threshold,0,1.1341474602271842e-05,0.0,0.0,0.0,0.0,1.0,1.0,0.0,1.0,1.0,1.0,1.0
natural_extraction,finance-a6cc2cb52688,finance,clean,0,Random 50%,0,1.1341474602271842e-05,0.0,0.0,0.0,0.0,1.0,1.0,0.0,1.0,1.0,1.0,1.0
natural_extraction,finance-a6cc2cb52688,finance,clean,0,Always repair,1,1.1341474602271842e-05,1.0,6.321272467263043,0.0,0.0,1.0,1.0,0.0,1.0,1.0,1.0,1.0
natural_extraction,finance-a6cc2cb52688,finance,clean,0,Never repair,0,1.1341474602271842e-05,0.0,0.0,0.0,0.0,1.0,1.0,0.0,1.0,1.0,1.0,1.0
natural_extraction,finance-a6cc2cb52688,finance,dirty,0,Learned router,0,1.1341474602271842e-05,0.0,0.0,0.0,0.0,1.0,1.0,0.0,1.0,1.0,1.0,1.0
natural_extraction,finance-a6cc2cb52688,finance,dirty,0,Heuristic violations,0,1.1341474602271842e-05,0.0,0.0,0.0,0.0,1.0,1.0,0.0,1.0,1.0,1.0,1.0
natural_extraction,finance-a6cc2cb52688,finance,dirty,0,Quality threshold,0,1.1341474602271842e-05,0.0,0.0,0.0,0.0,1.0,1.0,0.0,1.0,1.0,1.0,1.0
natural_extraction,finance-a6cc2cb52688,finance,dirty,0,Random 50%,0,1.1341474602271842e-05,0.0,0.0,0.0,0.0,1.0,1.0,0.0,1.0,1.0,1.0,1.0
natural_extraction,finance-a6cc2cb52688,finance,dirty,0,Always repair,1,1.1341474602271842e-05,1.0,6.498796857893467,0.0,0.0,1.0,1.0,0.0,1.0,1.0,1.0,1.0
natural_extraction,finance-a6cc2cb52688,finance,dirty,0,Never repair,0,1.1341474602271842e-05,0.0,0.0,0.0,0.0,1.0,1.0,0.0,1.0,1.0,1.0,1.0
natural_extraction,finance-a745080223bf,finance,clean,0,Learned router,0,1.1341474602271842e-05,0.0,0.0,0.0,0.0,1.0,1.0,0.0,1.0,1.0,1.0,1.0
natural_extraction,finance-a745080223bf,finance,clean,0,Heuristic violations,0,1.1341474602271842e-05,0.0,0.0,0.0,0.0,1.0,1.0,0.0,1.0,1.0,1.0,1.0
natural_extraction,finance-a745080223bf,finance,clean,0,Quality threshold,0,1.1341474602271842e-05,0.0,0.0,0.0,0.0,1.0,1.0,0.0,1.0,1.0,1.0,1.0
natural_extraction,finance-a745080223bf,finance,clean,0,Random 50%,1,1.1341474602271842e-05,1.0,6.621414786204696,0.0,0.0,1.0,1.0,0.0,1.0,1.0,1.0,1.0
natural_extraction,finance-a745080223bf,finance,clean,0,Always repair,1,1.1341474602271842e-05,1.0,6.621414786204696,0.0,0.0,1.0,1.0,0.0,1.0,1.0,1.0,1.0
natural_extraction,finance-a745080223bf,finance,clean,0,Never repair,0,1.1341474602271842e-05,0.0,0.0,0.0,0.0,1.0,1.0,0.0,1.0,1.0,1.0,1.0
natural_extraction,finance-a745080223bf,finance,dirty,0,Learned router,0,1.1341474602271842e-05,0.0,0.0,0.0,0.0,1.0,1.0,0.0,1.0,1.0,1.0,1.0
natural_extraction,finance-a745080223bf,finance,dirty,0,Heuristic violations,0,1.1341474602271842e-05,0.0,0.0,0.0,0.0,1.0,1.0,0.0,1.0,1.0,1.0,1.0
natural_extraction,finance-a745080223bf,finance,dirty,0,Quality threshold,0,1.1341474602271842e-05,0.0,0.0,0.0,0.0,1.0,1.0,0.0,1.0,1.0,1.0,1.0
natural_extraction,finance-a745080223bf,finance,dirty,0,Random 50%,1,1.1341474602271842e-05,1.0,6.613427433185279,0.0,0.0,1.0,1.0,0.0,1.0,1.0,1.0,1.0
natural_extraction,finance-a745080223bf,finance,dirty,0,Always repair,1,1.1341474602271842e-05,1.0,6.613427433185279,0.0,0.0,1.0,1.0,0.0,1.0,1.0,1.0,1.0
natural_extraction,finance-a745080223bf,finance,dirty,0,Never repair,0,1.1341474602271842e-05,0.0,0.0,0.0,0.0,1.0,1.0,0.0,1.0,1.0,1.0,1.0
natural_extraction,finance-a900d528b3fa,finance,clean,0,Learned router,0,1.1341474602271842e-05,0.0,0.0,0.0,0.0,1.0,1.0,0.0,1.0,1.0,1.0,1.0
natural_extraction,finance-a900d528b3fa,finance,clean,0,Heuristic violations,0,1.1341474602271842e-05,0.0,0.0,0.0,0.0,1.0,1.0,0.0,1.0,1.0,1.0,1.0
natural_extraction,finance-a900d528b3fa,finance,clean,0,Quality threshold,0,1.1341474602271842e-05,0.0,0.0,0.0,0.0,1.0,1.0,0.0,1.0,1.0,1.0,1.0
natural_extraction,finance-a900d528b3fa,finance,clean,0,Random 50%,1,1.1341474602271842e-05,1.0,6.753996251150966,0.0,0.0,1.0,1.0,0.0,1.0,1.0,1.0,1.0
natural_extraction,finance-a900d528b3fa,finance,clean,0,Always repair,1,1.1341474602271842e-05,1.0,6.753996251150966,0.0,0.0,1.0,1.0,0.0,1.0,1.0,1.0,1.0
natural_extraction,finance-a900d528b3fa,finance,clean,0,Never repair,0,1.1341474602271842e-05,0.0,0.0,0.0,0.0,1.0,1.0,0.0,1.0,1.0,1.0,1.0
natural_extraction,finance-a900d528b3fa,finance,dirty,0,Learned router,0,1.1341474602271842e-05,0.0,0.0,0.0,0.0,1.0,1.0,0.0,1.0,1.0,1.0,1.0
natural_extraction,finance-a900d528b3fa,finance,dirty,0,Heuristic violations,0,1.1341474602271842e-05,0.0,0.0,0.0,0.0,1.0,1.0,0.0,1.0,1.0,1.0,1.0
natural_extraction,finance-a900d528b3fa,finance,dirty,0,Quality threshold,0,1.1341474602271842e-05,0.0,0.0,0.0,0.0,1.0,1.0,0.0,1.0,1.0,1.0,1.0
natural_extraction,finance-a900d528b3fa,finance,dirty,0,Random 50%,0,1.1341474602271842e-05,0.0,0.0,0.0,0.0,1.0,1.0,0.0,1.0,1.0,1.0,1.0
natural_extraction,finance-a900d528b3fa,finance,dirty,0,Always repair,1,1.1341474602271842e-05,1.0,6.503008439205587,0.0,0.0,1.0,1.0,0.0,1.0,1.0,1.0,1.0
natural_extraction,finance-a900d528b3fa,finance,dirty,0,Never repair,0,1.1341474602271842e-05,0.0,0.0,0.0,0.0,1.0,1.0,0.0,1.0,1.0,1.0,1.0
natural_extraction,finance-b1a8a06efabf,finance,clean,0,Learned router,0,1.1341474602271842e-05,0.0,0.0,0.0,0.0,1.0,1.0,0.0,1.0,1.0,1.0,1.0
natural_extraction,finance-b1a8a06efabf,finance,clean,0,Heuristic violations,0,1.1341474602271842e-05,0.0,0.0,0.0,0.0,1.0,1.0,0.0,1.0,1.0,1.0,1.0
natural_extraction,finance-b1a8a06efabf,finance,clean,0,Quality threshold,0,1.1341474602271842e-05,0.0,0.0,0.0,0.0,1.0,1.0,0.0,1.0,1.0,1.0,1.0
natural_extraction,finance-b1a8a06efabf,finance,clean,0,Random 50%,0,1.1341474602271842e-05,0.0,0.0,0.0,0.0,1.0,1.0,0.0,1.0,1.0,1.0,1.0
natural_extraction,finance-b1a8a06efabf,finance,clean,0,Always repair,1,1.1341474602271842e-05,1.0,5.140259958803654,0.0,0.0,1.0,1.0,0.0,1.0,1.0,1.0,1.0
natural_extraction,finance-b1a8a06efabf,finance,clean,0,Never repair,0,1.1341474602271842e-05,0.0,0.0,0.0,0.0,1.0,1.0,0.0,1.0,1.0,1.0,1.0
natural_extraction,finance-b1a8a06efabf,finance,dirty,0,Learned router,0,1.1341474602271842e-05,0.0,0.0,0.0,0.0,1.0,1.0,0.0,1.0,1.0,1.0,1.0
natural_extraction,finance-b1a8a06efabf,finance,dirty,0,Heuristic violations,0,1.1341474602271842e-05,0.0,0.0,0.0,0.0,1.0,1.0,0.0,1.0,1.0,1.0,1.0
natural_extraction,finance-b1a8a06efabf,finance,dirty,0,Quality threshold,0,1.1341474602271842e-05,0.0,0.0,0.0,0.0,1.0,1.0,0.0,1.0,1.0,1.0,1.0
natural_extraction,finance-b1a8a06efabf,finance,dirty,0,Random 50%,0,1.1341474602271842e-05,0.0,0.0,0.0,0.0,1.0,1.0,0.0,1.0,1.0,1.0,1.0
natural_extraction,finance-b1a8a06efabf,finance,dirty,0,Always repair,1,1.1341474602271842e-05,1.0,5.160485999658704,0.0,0.0,1.0,1.0,0.0,1.0,1.0,1.0,1.0
natural_extraction,finance-b1a8a06efabf,finance,dirty,0,Never repair,0,1.1341474602271842e-05,0.0,0.0,0.0,0.0,1.0,1.0,0.0,1.0,1.0,1.0,1.0
natural_extraction,finance-bad6e73569ee,finance,clean,0,Learned router,0,1.1341474602271842e-05,0.0,0.0,0.0,0.0,1.0,1.0,0.0,1.0,1.0,1.0,1.0
natural_extraction,finance-bad6e73569ee,finance,clean,0,Heuristic violations,0,1.1341474602271842e-05,0.0,0.0,0.0,0.0,1.0,1.0,0.0,1.0,1.0,1.0,1.0
natural_extraction,finance-bad6e73569ee,finance,clean,0,Quality threshold,0,1.1341474602271842e-05,0.0,0.0,0.0,0.0,1.0,1.0,0.0,1.0,1.0,1.0,1.0
natural_extraction,finance-bad6e73569ee,finance,clean,0,Random 50%,1,1.1341474602271842e-05,1.0,5.173463648185134,0.0,0.0,1.0,1.0,0.0,1.0,1.0,1.0,1.0
natural_extraction,finance-bad6e73569ee,finance,clean,0,Always repair,1,1.1341474602271842e-05,1.0,5.173463648185134,0.0,0.0,1.0,1.0,0.0,1.0,1.0,1.0,1.0
natural_extraction,finance-bad6e73569ee,finance,clean,0,Never repair,0,1.1341474602271842e-05,0.0,0.0,0.0,0.0,1.0,1.0,0.0,1.0,1.0,1.0,1.0
natural_extraction,finance-bad6e73569ee,finance,dirty,0,Learned router,0,1.1341474602271842e-05,0.0,0.0,0.0,0.0,1.0,1.0,0.0,1.0,1.0,1.0,1.0
natural_extraction,finance-bad6e73569ee,finance,dirty,0,Heuristic violations,0,1.1341474602271842e-05,0.0,0.0,0.0,0.0,1.0,1.0,0.0,1.0,1.0,1.0,1.0
natural_extraction,finance-bad6e73569ee,finance,dirty,0,Quality threshold,0,1.1341474602271842e-05,0.0,0.0,0.0,0.0,1.0,1.0,0.0,1.0,1.0,1.0,1.0
natural_extraction,finance-bad6e73569ee,finance,dirty,0,Random 50%,1,1.1341474602271842e-05,1.0,7.639930857345462,0.0,0.0,1.0,1.0,0.0,1.0,1.0,1.0,1.0
natural_extraction,finance-bad6e73569ee,finance,dirty,0,Always repair,1,1.1341474602271842e-05,1.0,7.639930857345462,0.0,0.0,1.0,1.0,0.0,1.0,1.0,1.0,1.0
natural_extraction,finance-bad6e73569ee,finance,dirty,0,Never repair,0,1.1341474602271842e-05,0.0,0.0,0.0,0.0,1.0,1.0,0.0,1.0,1.0,1.0,1.0
natural_extraction,finance-bb5fb7b7d03f,finance,clean,0,Learned router,0,1.1341474602271842e-05,0.0,0.0,0.0,0.0,1.0,1.0,0.0,1.0,1.0,1.0,1.0
natural_extraction,finance-bb5fb7b7d03f,finance,clean,0,Heuristic violations,0,1.1341474602271842e-05,0.0,0.0,0.0,0.0,1.0,1.0,0.0,1.0,1.0,1.0,1.0
natural_extraction,finance-bb5fb7b7d03f,finance,clean,0,Quality threshold,0,1.1341474602271842e-05,0.0,0.0,0.0,0.0,1.0,1.0,0.0,1.0,1.0,1.0,1.0
natural_extraction,finance-bb5fb7b7d03f,finance,clean,0,Random 50%,0,1.1341474602271842e-05,0.0,0.0,0.0,0.0,1.0,1.0,0.0,1.0,1.0,1.0,1.0
natural_extraction,finance-bb5fb7b7d03f,finance,clean,0,Always repair,1,1.1341474602271842e-05,1.0,6.770803064107895,0.0,0.0,1.0,1.0,0.0,1.0,1.0,1.0,1.0
natural_extraction,finance-bb5fb7b7d03f,finance,clean,0,Never repair,0,1.1341474602271842e-05,0.0,0.0,0.0,0.0,1.0,1.0,0.0,1.0,1.0,1.0,1.0
natural_extraction,finance-bb5fb7b7d03f,finance,dirty,0,Learned router,0,1.1341474602271842e-05,0.0,0.0,0.0,0.0,1.0,1.0,0.0,1.0,1.0,1.0,1.0
natural_extraction,finance-bb5fb7b7d03f,finance,dirty,0,Heuristic violations,0,1.1341474602271842e-05,0.0,0.0,0.0,0.0,1.0,1.0,0.0,1.0,1.0,1.0,1.0
natural_extraction,finance-bb5fb7b7d03f,finance,dirty,0,Quality threshold,0,1.1341474602271842e-05,0.0,0.0,0.0,0.0,1.0,1.0,0.0,1.0,1.0,1.0,1.0
natural_extraction,finance-bb5fb7b7d03f,finance,dirty,0,Random 50%,0,1.1341474602271842e-05,0.0,0.0,0.0,0.0,1.0,1.0,0.0,1.0,1.0,1.0,1.0
natural_extraction,finance-bb5fb7b7d03f,finance,dirty,0,Always repair,1,1.1341474602271842e-05,1.0,6.373367005027831,0.0,0.0,1.0,1.0,0.0,1.0,1.0,1.0,1.0
natural_extraction,finance-bb5fb7b7d03f,finance,dirty,0,Never repair,0,1.1341474602271842e-05,0.0,0.0,0.0,0.0,1.0,1.0,0.0,1.0,1.0,1.0,1.0
natural_extraction,finance-c895a4eeedf3,finance,clean,0,Learned router,0,1.1341474602271842e-05,0.0,0.0,0.0,0.0,1.0,1.0,0.0,1.0,1.0,1.0,1.0
natural_extraction,finance-c895a4eeedf3,finance,clean,0,Heuristic violations,0,1.1341474602271842e-05,0.0,0.0,0.0,0.0,1.0,1.0,0.0,1.0,1.0,1.0,1.0
natural_extraction,finance-c895a4eeedf3,finance,clean,0,Quality threshold,0,1.1341474602271842e-05,0.0,0.0,0.0,0.0,1.0,1.0,0.0,1.0,1.0,1.0,1.0
natural_extraction,finance-c895a4eeedf3,finance,clean,0,Random 50%,0,1.1341474602271842e-05,0.0,0.0,0.0,0.0,1.0,1.0,0.0,1.0,1.0,1.0,1.0
natural_extraction,finance-c895a4eeedf3,finance,clean,0,Always repair,1,1.1341474602271842e-05,1.0,6.759563666768372,0.0,0.0,1.0,1.0,0.0,1.0,1.0,1.0,1.0
natural_extraction,finance-c895a4eeedf3,finance,clean,0,Never repair,0,1.1341474602271842e-05,0.0,0.0,0.0,0.0,1.0,1.0,0.0,1.0,1.0,1.0,1.0
natural_extraction,finance-c895a4eeedf3,finance,dirty,0,Learned router,0,1.1341474602271842e-05,0.0,0.0,0.0,0.0,1.0,1.0,0.0,1.0,1.0,1.0,1.0
natural_extraction,finance-c895a4eeedf3,finance,dirty,0,Heuristic violations,0,1.1341474602271842e-05,0.0,0.0,0.0,0.0,1.0,1.0,0.0,1.0,1.0,1.0,1.0
natural_extraction,finance-c895a4eeedf3,finance,dirty,0,Quality threshold,0,1.1341474602271842e-05,0.0,0.0,0.0,0.0,1.0,1.0,0.0,1.0,1.0,1.0,1.0
natural_extraction,finance-c895a4eeedf3,finance,dirty,0,Random 50%,0,1.1341474602271842e-05,0.0,0.0,0.0,0.0,1.0,1.0,0.0,1.0,1.0,1.0,1.0
natural_extraction,finance-c895a4eeedf3,finance,dirty,0,Always repair,1,1.1341474602271842e-05,1.0,7.69533811789006,0.0,0.0,1.0,1.0,0.0,1.0,1.0,1.0,1.0
natural_extraction,finance-c895a4eeedf3,finance,dirty,0,Never repair,0,1.1341474602271842e-05,0.0,0.0,0.0,0.0,1.0,1.0,0.0,1.0,1.0,1.0,1.0
natural_extraction,finance-d1f7e7797294,finance,clean,0,Learned router,0,1.1341474602271842e-05,0.0,0.0,0.0,0.0,1.0,1.0,0.0,1.0,1.0,1.0,1.0
natural_extraction,finance-d1f7e7797294,finance,clean,0,Heuristic violations,0,1.1341474602271842e-05,0.0,0.0,0.0,0.0,1.0,1.0,0.0,1.0,1.0,1.0,1.0
natural_extraction,finance-d1f7e7797294,finance,clean,0,Quality threshold,0,1.1341474602271842e-05,0.0,0.0,0.0,0.0,1.0,1.0,0.0,1.0,1.0,1.0,1.0
natural_extraction,finance-d1f7e7797294,finance,clean,0,Random 50%,0,1.1341474602271842e-05,0.0,0.0,0.0,0.0,1.0,1.0,0.0,1.0,1.0,1.0,1.0
natural_extraction,finance-d1f7e7797294,finance,clean,0,Always repair,1,1.1341474602271842e-05,1.0,5.166074750944972,0.0,0.0,1.0,1.0,0.0,1.0,1.0,1.0,1.0
natural_extraction,finance-d1f7e7797294,finance,clean,0,Never repair,0,1.1341474602271842e-05,0.0,0.0,0.0,0.0,1.0,1.0,0.0,1.0,1.0,1.0,1.0
natural_extraction,finance-d1f7e7797294,finance,dirty,0,Learned router,0,1.1341474602271842e-05,0.0,0.0,0.0,0.0,1.0,1.0,0.0,1.0,1.0,1.0,1.0
natural_extraction,finance-d1f7e7797294,finance,dirty,0,Heuristic violations,0,1.1341474602271842e-05,0.0,0.0,0.0,0.0,1.0,1.0,0.0,1.0,1.0,1.0,1.0
natural_extraction,finance-d1f7e7797294,finance,dirty,0,Quality threshold,0,1.1341474602271842e-05,0.0,0.0,0.0,0.0,1.0,1.0,0.0,1.0,1.0,1.0,1.0
natural_extraction,finance-d1f7e7797294,finance,dirty,0,Random 50%,1,1.1341474602271842e-05,1.0,5.18839047383517,0.0,0.0,1.0,1.0,0.0,1.0,1.0,1.0,1.0
natural_extraction,finance-d1f7e7797294,finance,dirty,0,Always repair,1,1.1341474602271842e-05,1.0,5.18839047383517,0.0,0.0,1.0,1.0,0.0,1.0,1.0,1.0,1.0
natural_extraction,finance-d1f7e7797294,finance,dirty,0,Never repair,0,1.1341474602271842e-05,0.0,0.0,0.0,0.0,1.0,1.0,0.0,1.0,1.0,1.0,1.0
natural_extraction,finance-d3a217f9eddd,finance,clean,0,Learned router,0,1.1341474602271842e-05,0.0,0.0,0.0,0.0,1.0,1.0,0.0,1.0,1.0,1.0,1.0
natural_extraction,finance-d3a217f9eddd,finance,clean,0,Heuristic violations,0,1.1341474602271842e-05,0.0,0.0,0.0,0.0,1.0,1.0,0.0,1.0,1.0,1.0,1.0
natural_extraction,finance-d3a217f9eddd,finance,clean,0,Quality threshold,0,1.1341474602271842e-05,0.0,0.0,0.0,0.0,1.0,1.0,0.0,1.0,1.0,1.0,1.0
natural_extraction,finance-d3a217f9eddd,finance,clean,0,Random 50%,0,1.1341474602271842e-05,0.0,0.0,0.0,0.0,1.0,1.0,0.0,1.0,1.0,1.0,1.0
natural_extraction,finance-d3a217f9eddd,finance,clean,0,Always repair,1,1.1341474602271842e-05,1.0,29.04436175059527,0.0,0.0,1.0,1.0,0.0,1.0,1.0,1.0,1.0
natural_extraction,finance-d3a217f9eddd,finance,clean,0,Never repair,0,1.1341474602271842e-05,0.0,0.0,0.0,0.0,1.0,1.0,0.0,1.0,1.0,1.0,1.0
natural_extraction,finance-d3a217f9eddd,finance,dirty,0,Learned router,0,1.1341474602271842e-05,0.0,0.0,0.0,0.0,1.0,1.0,0.0,1.0,1.0,1.0,1.0
natural_extraction,finance-d3a217f9eddd,finance,dirty,0,Heuristic violations,0,1.1341474602271842e-05,0.0,0.0,0.0,0.0,1.0,1.0,0.0,1.0,1.0,1.0,1.0
natural_extraction,finance-d3a217f9eddd,finance,dirty,0,Quality threshold,0,1.1341474602271842e-05,0.0,0.0,0.0,0.0,1.0,1.0,0.0,1.0,1.0,1.0,1.0
natural_extraction,finance-d3a217f9eddd,finance,dirty,0,Random 50%,1,1.1341474602271842e-05,1.0,6.616830860264599,0.0,0.0,1.0,1.0,0.0,1.0,1.0,1.0,1.0
natural_extraction,finance-d3a217f9eddd,finance,dirty,0,Always repair,1,1.1341474602271842e-05,1.0,6.616830860264599,0.0,0.0,1.0,1.0,0.0,1.0,1.0,1.0,1.0
natural_extraction,finance-d3a217f9eddd,finance,dirty,0,Never repair,0,1.1341474602271842e-05,0.0,0.0,0.0,0.0,1.0,1.0,0.0,1.0,1.0,1.0,1.0
natural_extraction,finance-d514846505b0,finance,clean,0,Learned router,0,1.1341474602271842e-05,0.0,0.0,0.0,0.0,1.0,1.0,0.0,1.0,1.0,1.0,1.0
natural_extraction,finance-d514846505b0,finance,clean,0,Heuristic violations,0,1.1341474602271842e-05,0.0,0.0,0.0,0.0,1.0,1.0,0.0,1.0,1.0,1.0,1.0
natural_extraction,finance-d514846505b0,finance,clean,0,Quality threshold,0,1.1341474602271842e-05,0.0,0.0,0.0,0.0,1.0,1.0,0.0,1.0,1.0,1.0,1.0
natural_extraction,finance-d514846505b0,finance,clean,0,Random 50%,0,1.1341474602271842e-05,0.0,0.0,0.0,0.0,1.0,1.0,0.0,1.0,1.0,1.0,1.0
natural_extraction,finance-d514846505b0,finance,clean,0,Always repair,1,1.1341474602271842e-05,1.0,5.158159140497446,0.0,0.0,1.0,1.0,0.0,1.0,1.0,1.0,1.0
natural_extraction,finance-d514846505b0,finance,clean,0,Never repair,0,1.1341474602271842e-05,0.0,0.0,0.0,0.0,1.0,1.0,0.0,1.0,1.0,1.0,1.0
natural_extraction,finance-d514846505b0,finance,dirty,0,Learned router,0,1.1341474602271842e-05,0.0,0.0,0.0,0.0,1.0,1.0,0.0,1.0,1.0,1.0,1.0
natural_extraction,finance-d514846505b0,finance,dirty,0,Heuristic violations,0,1.1341474602271842e-05,0.0,0.0,0.0,0.0,1.0,1.0,0.0,1.0,1.0,1.0,1.0
natural_extraction,finance-d514846505b0,finance,dirty,0,Quality threshold,0,1.1341474602271842e-05,0.0,0.0,0.0,0.0,1.0,1.0,0.0,1.0,1.0,1.0,1.0
natural_extraction,finance-d514846505b0,finance,dirty,0,Random 50%,0,1.1341474602271842e-05,0.0,0.0,0.0,0.0,1.0,1.0,0.0,1.0,1.0,1.0,1.0
natural_extraction,finance-d514846505b0,finance,dirty,0,Always repair,1,1.1341474602271842e-05,1.0,4.907831286080182,0.0,0.0,1.0,1.0,0.0,1.0,1.0,1.0,1.0
natural_extraction,finance-d514846505b0,finance,dirty,0,Never repair,0,1.1341474602271842e-05,0.0,0.0,0.0,0.0,1.0,1.0,0.0,1.0,1.0,1.0,1.0
natural_extraction,finance-d89ee01fffea,finance,clean,0,Learned router,0,1.1341474602271842e-05,0.0,0.0,0.0,0.0,1.0,1.0,0.0,1.0,1.0,1.0,1.0
natural_extraction,finance-d89ee01fffea,finance,clean,0,Heuristic violations,0,1.1341474602271842e-05,0.0,0.0,0.0,0.0,1.0,1.0,0.0,1.0,1.0,1.0,1.0
natural_extraction,finance-d89ee01fffea,finance,clean,0,Quality threshold,0,1.1341474602271842e-05,0.0,0.0,0.0,0.0,1.0,1.0,0.0,1.0,1.0,1.0,1.0
natural_extraction,finance-d89ee01fffea,finance,clean,0,Random 50%,1,1.1341474602271842e-05,1.0,6.556568158790469,0.0,0.0,1.0,1.0,0.0,1.0,1.0,1.0,1.0
natural_extraction,finance-d89ee01fffea,finance,clean,0,Always repair,1,1.1341474602271842e-05,1.0,6.556568158790469,0.0,0.0,1.0,1.0,0.0,1.0,1.0,1.0,1.0
natural_extraction,finance-d89ee01fffea,finance,clean,0,Never repair,0,1.1341474602271842e-05,0.0,0.0,0.0,0.0,1.0,1.0,0.0,1.0,1.0,1.0,1.0
natural_extraction,finance-d89ee01fffea,finance,dirty,0,Learned router,0,1.1341474602271842e-05,0.0,0.0,0.0,0.0,1.0,1.0,0.0,1.0,1.0,1.0,1.0
natural_extraction,finance-d89ee01fffea,finance,dirty,0,Heuristic violations,0,1.1341474602271842e-05,0.0,0.0,0.0,0.0,1.0,1.0,0.0,1.0,1.0,1.0,1.0
natural_extraction,finance-d89ee01fffea,finance,dirty,0,Quality threshold,0,1.1341474602271842e-05,0.0,0.0,0.0,0.0,1.0,1.0,0.0,1.0,1.0,1.0,1.0
natural_extraction,finance-d89ee01fffea,finance,dirty,0,Random 50%,1,1.1341474602271842e-05,1.0,6.121592378243804,0.0,0.0,1.0,1.0,0.0,1.0,1.0,1.0,1.0
natural_extraction,finance-d89ee01fffea,finance,dirty,0,Always repair,1,1.1341474602271842e-05,1.0,6.121592378243804,0.0,0.0,1.0,1.0,0.0,1.0,1.0,1.0,1.0
natural_extraction,finance-d89ee01fffea,finance,dirty,0,Never repair,0,1.1341474602271842e-05,0.0,0.0,0.0,0.0,1.0,1.0,0.0,1.0,1.0,1.0,1.0
natural_extraction,finance-d96d6b7bc0af,finance,clean,0,Learned router,0,1.1341474602271842e-05,0.0,0.0,0.0,0.0,1.0,1.0,0.0,1.0,1.0,1.0,1.0
natural_extraction,finance-d96d6b7bc0af,finance,clean,0,Heuristic violations,0,1.1341474602271842e-05,0.0,0.0,0.0,0.0,1.0,1.0,0.0,1.0,1.0,1.0,1.0
natural_extraction,finance-d96d6b7bc0af,finance,clean,0,Quality threshold,0,1.1341474602271842e-05,0.0,0.0,0.0,0.0,1.0,1.0,0.0,1.0,1.0,1.0,1.0
natural_extraction,finance-d96d6b7bc0af,finance,clean,0,Random 50%,1,1.1341474602271842e-05,1.0,4.897289536893368,0.0,0.0,1.0,1.0,0.0,1.0,1.0,1.0,1.0
natural_extraction,finance-d96d6b7bc0af,finance,clean,0,Always repair,1,1.1341474602271842e-05,1.0,4.897289536893368,0.0,0.0,1.0,1.0,0.0,1.0,1.0,1.0,1.0
natural_extraction,finance-d96d6b7bc0af,finance,clean,0,Never repair,0,1.1341474602271842e-05,0.0,0.0,0.0,0.0,1.0,1.0,0.0,1.0,1.0,1.0,1.0
natural_extraction,finance-d96d6b7bc0af,finance,dirty,0,Learned router,0,1.1341474602271842e-05,0.0,0.0,0.0,0.0,1.0,1.0,0.0,1.0,1.0,1.0,1.0
natural_extraction,finance-d96d6b7bc0af,finance,dirty,0,Heuristic violations,0,1.1341474602271842e-05,0.0,0.0,0.0,0.0,1.0,1.0,0.0,1.0,1.0,1.0,1.0
natural_extraction,finance-d96d6b7bc0af,finance,dirty,0,Quality threshold,0,1.1341474602271842e-05,0.0,0.0,0.0,0.0,1.0,1.0,0.0,1.0,1.0,1.0,1.0
natural_extraction,finance-d96d6b7bc0af,finance,dirty,0,Random 50%,0,1.1341474602271842e-05,0.0,0.0,0.0,0.0,1.0,1.0,0.0,1.0,1.0,1.0,1.0
natural_extraction,finance-d96d6b7bc0af,finance,dirty,0,Always repair,1,1.1341474602271842e-05,1.0,6.475270837545395,0.0,0.0,1.0,1.0,0.0,1.0,1.0,1.0,1.0
natural_extraction,finance-d96d6b7bc0af,finance,dirty,0,Never repair,0,1.1341474602271842e-05,0.0,0.0,0.0,0.0,1.0,1.0,0.0,1.0,1.0,1.0,1.0
natural_extraction,finance-dab29f031fec,finance,clean,0,Learned router,0,1.1341474602271842e-05,0.0,0.0,0.0,0.0,1.0,1.0,0.0,1.0,1.0,1.0,1.0
natural_extraction,finance-dab29f031fec,finance,clean,0,Heuristic violations,0,1.1341474602271842e-05,0.0,0.0,0.0,0.0,1.0,1.0,0.0,1.0,1.0,1.0,1.0
natural_extraction,finance-dab29f031fec,finance,clean,0,Quality threshold,0,1.1341474602271842e-05,0.0,0.0,0.0,0.0,1.0,1.0,0.0,1.0,1.0,1.0,1.0
natural_extraction,finance-dab29f031fec,finance,clean,0,Random 50%,1,1.1341474602271842e-05,1.0,6.582629479467869,0.0,0.0,1.0,1.0,0.0,1.0,1.0,1.0,1.0
natural_extraction,finance-dab29f031fec,finance,clean,0,Always repair,1,1.1341474602271842e-05,1.0,6.582629479467869,0.0,0.0,1.0,1.0,0.0,1.0,1.0,1.0,1.0
natural_extraction,finance-dab29f031fec,finance,clean,0,Never repair,0,1.1341474602271842e-05,0.0,0.0,0.0,0.0,1.0,1.0,0.0,1.0,1.0,1.0,1.0
natural_extraction,finance-dab29f031fec,finance,dirty,0,Learned router,0,1.1341474602271842e-05,0.0,0.0,0.0,0.0,1.0,1.0,0.0,1.0,1.0,1.0,1.0
natural_extraction,finance-dab29f031fec,finance,dirty,0,Heuristic violations,0,1.1341474602271842e-05,0.0,0.0,0.0,0.0,1.0,1.0,0.0,1.0,1.0,1.0,1.0
natural_extraction,finance-dab29f031fec,finance,dirty,0,Quality threshold,0,1.1341474602271842e-05,0.0,0.0,0.0,0.0,1.0,1.0,0.0,1.0,1.0,1.0,1.0
natural_extraction,finance-dab29f031fec,finance,dirty,0,Random 50%,0,1.1341474602271842e-05,0.0,0.0,0.0,0.0,1.0,1.0,0.0,1.0,1.0,1.0,1.0
natural_extraction,finance-dab29f031fec,finance,dirty,0,Always repair,1,1.1341474602271842e-05,1.0,6.681633060798049,0.0,0.0,1.0,1.0,0.0,1.0,1.0,1.0,1.0
natural_extraction,finance-dab29f031fec,finance,dirty,0,Never repair,0,1.1341474602271842e-05,0.0,0.0,0.0,0.0,1.0,1.0,0.0,1.0,1.0,1.0,1.0
natural_extraction,finance-db344b3c5597,finance,clean,0,Learned router,0,1.1341474602271842e-05,0.0,0.0,0.0,0.0,1.0,1.0,0.0,1.0,1.0,1.0,1.0
natural_extraction,finance-db344b3c5597,finance,clean,0,Heuristic violations,0,1.1341474602271842e-05,0.0,0.0,0.0,0.0,1.0,1.0,0.0,1.0,1.0,1.0,1.0
natural_extraction,finance-db344b3c5597,finance,clean,0,Quality threshold,0,1.1341474602271842e-05,0.0,0.0,0.0,0.0,1.0,1.0,0.0,1.0,1.0,1.0,1.0
natural_extraction,finance-db344b3c5597,finance,clean,0,Random 50%,0,1.1341474602271842e-05,0.0,0.0,0.0,0.0,1.0,1.0,0.0,1.0,1.0,1.0,1.0
natural_extraction,finance-db344b3c5597,finance,clean,0,Always repair,1,1.1341474602271842e-05,1.0,5.0464973747730255,0.0,0.0,1.0,1.0,0.0,1.0,1.0,1.0,1.0
natural_extraction,finance-db344b3c5597,finance,clean,0,Never repair,0,1.1341474602271842e-05,0.0,0.0,0.0,0.0,1.0,1.0,0.0,1.0,1.0,1.0,1.0
natural_extraction,finance-db344b3c5597,finance,dirty,0,Learned router,0,1.1341474602271842e-05,0.0,0.0,0.0,0.0,1.0,1.0,0.0,1.0,1.0,1.0,1.0
natural_extraction,finance-db344b3c5597,finance,dirty,0,Heuristic violations,0,1.1341474602271842e-05,0.0,0.0,0.0,0.0,1.0,1.0,0.0,1.0,1.0,1.0,1.0
natural_extraction,finance-db344b3c5597,finance,dirty,0,Quality threshold,0,1.1341474602271842e-05,0.0,0.0,0.0,0.0,1.0,1.0,0.0,1.0,1.0,1.0,1.0
natural_extraction,finance-db344b3c5597,finance,dirty,0,Random 50%,1,1.1341474602271842e-05,1.0,4.8608009004965425,0.0,0.0,1.0,1.0,0.0,1.0,1.0,1.0,1.0
natural_extraction,finance-db344b3c5597,finance,dirty,0,Always repair,1,1.1341474602271842e-05,1.0,4.8608009004965425,0.0,0.0,1.0,1.0,0.0,1.0,1.0,1.0,1.0
natural_extraction,finance-db344b3c5597,finance,dirty,0,Never repair,0,1.1341474602271842e-05,0.0,0.0,0.0,0.0,1.0,1.0,0.0,1.0,1.0,1.0,1.0
natural_extraction,finance-dd577eca5376,finance,clean,0,Learned router,0,1.1341474602271842e-05,0.0,0.0,0.0,0.0,1.0,1.0,0.0,1.0,1.0,1.0,1.0
natural_extraction,finance-dd577eca5376,finance,clean,0,Heuristic violations,0,1.1341474602271842e-05,0.0,0.0,0.0,0.0,1.0,1.0,0.0,1.0,1.0,1.0,1.0
natural_extraction,finance-dd577eca5376,finance,clean,0,Quality threshold,0,1.1341474602271842e-05,0.0,0.0,0.0,0.0,1.0,1.0,0.0,1.0,1.0,1.0,1.0
natural_extraction,finance-dd577eca5376,finance,clean,0,Random 50%,0,1.1341474602271842e-05,0.0,0.0,0.0,0.0,1.0,1.0,0.0,1.0,1.0,1.0,1.0
natural_extraction,finance-dd577eca5376,finance,clean,0,Always repair,1,1.1341474602271842e-05,1.0,4.905703514814377,0.0,0.0,1.0,1.0,0.0,1.0,1.0,1.0,1.0
natural_extraction,finance-dd577eca5376,finance,clean,0,Never repair,0,1.1341474602271842e-05,0.0,0.0,0.0,0.0,1.0,1.0,0.0,1.0,1.0,1.0,1.0
natural_extraction,finance-dd577eca5376,finance,dirty,0,Learned router,0,1.1341474602271842e-05,0.0,0.0,0.0,0.0,1.0,1.0,0.0,1.0,1.0,1.0,1.0
natural_extraction,finance-dd577eca5376,finance,dirty,0,Heuristic violations,0,1.1341474602271842e-05,0.0,0.0,0.0,0.0,1.0,1.0,0.0,1.0,1.0,1.0,1.0
natural_extraction,finance-dd577eca5376,finance,dirty,0,Quality threshold,0,1.1341474602271842e-05,0.0,0.0,0.0,0.0,1.0,1.0,0.0,1.0,1.0,1.0,1.0
natural_extraction,finance-dd577eca5376,finance,dirty,0,Random 50%,1,1.1341474602271842e-05,1.0,7.157478326931596,0.0,0.0,1.0,1.0,0.0,1.0,1.0,1.0,1.0
natural_extraction,finance-dd577eca5376,finance,dirty,0,Always repair,1,1.1341474602271842e-05,1.0,7.157478326931596,0.0,0.0,1.0,1.0,0.0,1.0,1.0,1.0,1.0
natural_extraction,finance-dd577eca5376,finance,dirty,0,Never repair,0,1.1341474602271842e-05,0.0,0.0,0.0,0.0,1.0,1.0,0.0,1.0,1.0,1.0,1.0
natural_extraction,finance-e4f32f55fcaa,finance,clean,0,Learned router,0,1.1341474602271842e-05,0.0,0.0,0.0,0.0,1.0,1.0,0.0,1.0,1.0,1.0,1.0
natural_extraction,finance-e4f32f55fcaa,finance,clean,0,Heuristic violations,0,1.1341474602271842e-05,0.0,0.0,0.0,0.0,1.0,1.0,0.0,1.0,1.0,1.0,1.0
natural_extraction,finance-e4f32f55fcaa,finance,clean,0,Quality threshold,0,1.1341474602271842e-05,0.0,0.0,0.0,0.0,1.0,1.0,0.0,1.0,1.0,1.0,1.0
natural_extraction,finance-e4f32f55fcaa,finance,clean,0,Random 50%,1,1.1341474602271842e-05,1.0,4.96281997486949,0.0,0.0,1.0,1.0,0.0,1.0,1.0,1.0,1.0
natural_extraction,finance-e4f32f55fcaa,finance,clean,0,Always repair,1,1.1341474602271842e-05,1.0,4.96281997486949,0.0,0.0,1.0,1.0,0.0,1.0,1.0,1.0,1.0
natural_extraction,finance-e4f32f55fcaa,finance,clean,0,Never repair,0,1.1341474602271842e-05,0.0,0.0,0.0,0.0,1.0,1.0,0.0,1.0,1.0,1.0,1.0
natural_extraction,finance-e4f32f55fcaa,finance,dirty,0,Learned router,0,1.1341474602271842e-05,0.0,0.0,0.0,0.0,1.0,1.0,0.0,1.0,1.0,1.0,1.0
natural_extraction,finance-e4f32f55fcaa,finance,dirty,0,Heuristic violations,0,1.1341474602271842e-05,0.0,0.0,0.0,0.0,1.0,1.0,0.0,1.0,1.0,1.0,1.0
natural_extraction,finance-e4f32f55fcaa,finance,dirty,0,Quality threshold,0,1.1341474602271842e-05,0.0,0.0,0.0,0.0,1.0,1.0,0.0,1.0,1.0,1.0,1.0
natural_extraction,finance-e4f32f55fcaa,finance,dirty,0,Random 50%,0,1.1341474602271842e-05,0.0,0.0,0.0,0.0,1.0,1.0,0.0,1.0,1.0,1.0,1.0
natural_extraction,finance-e4f32f55fcaa,finance,dirty,0,Always repair,1,1.1341474602271842e-05,1.0,4.935652583837509,0.0,0.0,1.0,1.0,0.0,1.0,1.0,1.0,1.0
natural_extraction,finance-e4f32f55fcaa,finance,dirty,0,Never repair,0,1.1341474602271842e-05,0.0,0.0,0.0,0.0,1.0,1.0,0.0,1.0,1.0,1.0,1.0
natural_extraction,finance-e5cefe6486f6,finance,clean,0,Learned router,0,1.1341474602271842e-05,0.0,0.0,0.0,0.0,1.0,1.0,0.0,1.0,1.0,1.0,1.0
natural_extraction,finance-e5cefe6486f6,finance,clean,0,Heuristic violations,0,1.1341474602271842e-05,0.0,0.0,0.0,0.0,1.0,1.0,0.0,1.0,1.0,1.0,1.0
natural_extraction,finance-e5cefe6486f6,finance,clean,0,Quality threshold,0,1.1341474602271842e-05,0.0,0.0,0.0,0.0,1.0,1.0,0.0,1.0,1.0,1.0,1.0
natural_extraction,finance-e5cefe6486f6,finance,clean,0,Random 50%,0,1.1341474602271842e-05,0.0,0.0,0.0,0.0,1.0,1.0,0.0,1.0,1.0,1.0,1.0
natural_extraction,finance-e5cefe6486f6,finance,clean,0,Always repair,1,1.1341474602271842e-05,1.0,10.79519204236567,0.0,0.0,1.0,1.0,0.0,1.0,1.0,1.0,1.0
natural_extraction,finance-e5cefe6486f6,finance,clean,0,Never repair,0,1.1341474602271842e-05,0.0,0.0,0.0,0.0,1.0,1.0,0.0,1.0,1.0,1.0,1.0
natural_extraction,finance-e5cefe6486f6,finance,dirty,0,Learned router,0,1.1341474602271842e-05,0.0,0.0,0.0,0.0,1.0,1.0,0.0,1.0,1.0,1.0,1.0
natural_extraction,finance-e5cefe6486f6,finance,dirty,0,Heuristic violations,0,1.1341474602271842e-05,0.0,0.0,0.0,0.0,1.0,1.0,0.0,1.0,1.0,1.0,1.0
natural_extraction,finance-e5cefe6486f6,finance,dirty,0,Quality threshold,0,1.1341474602271842e-05,0.0,0.0,0.0,0.0,1.0,1.0,0.0,1.0,1.0,1.0,1.0
natural_extraction,finance-e5cefe6486f6,finance,dirty,0,Random 50%,1,1.1341474602271842e-05,1.0,7.900993815623224,0.0,0.0,1.0,1.0,0.0,1.0,1.0,1.0,1.0
natural_extraction,finance-e5cefe6486f6,finance,dirty,0,Always repair,1,1.1341474602271842e-05,1.0,7.900993815623224,0.0,0.0,1.0,1.0,0.0,1.0,1.0,1.0,1.0
natural_extraction,finance-e5cefe6486f6,finance,dirty,0,Never repair,0,1.1341474602271842e-05,0.0,0.0,0.0,0.0,1.0,1.0,0.0,1.0,1.0,1.0,1.0
natural_extraction,finance-eb8e8950a296,finance,clean,0,Learned router,0,1.1341474602271842e-05,0.0,0.0,0.0,0.0,1.0,1.0,0.0,1.0,1.0,1.0,1.0
natural_extraction,finance-eb8e8950a296,finance,clean,0,Heuristic violations,0,1.1341474602271842e-05,0.0,0.0,0.0,0.0,1.0,1.0,0.0,1.0,1.0,1.0,1.0
natural_extraction,finance-eb8e8950a296,finance,clean,0,Quality threshold,0,1.1341474602271842e-05,0.0,0.0,0.0,0.0,1.0,1.0,0.0,1.0,1.0,1.0,1.0
natural_extraction,finance-eb8e8950a296,finance,clean,0,Random 50%,1,1.1341474602271842e-05,1.0,4.868442203849554,0.0,0.0,1.0,1.0,0.0,1.0,1.0,1.0,1.0
natural_extraction,finance-eb8e8950a296,finance,clean,0,Always repair,1,1.1341474602271842e-05,1.0,4.868442203849554,0.0,0.0,1.0,1.0,0.0,1.0,1.0,1.0,1.0
natural_extraction,finance-eb8e8950a296,finance,clean,0,Never repair,0,1.1341474602271842e-05,0.0,0.0,0.0,0.0,1.0,1.0,0.0,1.0,1.0,1.0,1.0
natural_extraction,finance-eb8e8950a296,finance,dirty,0,Learned router,0,1.1341474602271842e-05,0.0,0.0,0.0,0.0,1.0,1.0,0.0,1.0,1.0,1.0,1.0
natural_extraction,finance-eb8e8950a296,finance,dirty,0,Heuristic violations,0,1.1341474602271842e-05,0.0,0.0,0.0,0.0,1.0,1.0,0.0,1.0,1.0,1.0,1.0
natural_extraction,finance-eb8e8950a296,finance,dirty,0,Quality threshold,0,1.1341474602271842e-05,0.0,0.0,0.0,0.0,1.0,1.0,0.0,1.0,1.0,1.0,1.0
natural_extraction,finance-eb8e8950a296,finance,dirty,0,Random 50%,1,1.1341474602271842e-05,1.0,4.763511534780264,0.0,0.0,1.0,1.0,0.0,1.0,1.0,1.0,1.0
natural_extraction,finance-eb8e8950a296,finance,dirty,0,Always repair,1,1.1341474602271842e-05,1.0,4.763511534780264,0.0,0.0,1.0,1.0,0.0,1.0,1.0,1.0,1.0
natural_extraction,finance-eb8e8950a296,finance,dirty,0,Never repair,0,1.1341474602271842e-05,0.0,0.0,0.0,0.0,1.0,1.0,0.0,1.0,1.0,1.0,1.0
natural_extraction,finance-ebe4be7a1419,finance,clean,0,Learned router,0,1.1341474602271842e-05,0.0,0.0,0.0,0.0,1.0,1.0,0.0,1.0,1.0,1.0,1.0
natural_extraction,finance-ebe4be7a1419,finance,clean,0,Heuristic violations,0,1.1341474602271842e-05,0.0,0.0,0.0,0.0,1.0,1.0,0.0,1.0,1.0,1.0,1.0
natural_extraction,finance-ebe4be7a1419,finance,clean,0,Quality threshold,0,1.1341474602271842e-05,0.0,0.0,0.0,0.0,1.0,1.0,0.0,1.0,1.0,1.0,1.0
natural_extraction,finance-ebe4be7a1419,finance,clean,0,Random 50%,1,1.1341474602271842e-05,1.0,4.10834199283272,0.0,0.0,1.0,1.0,0.0,1.0,1.0,1.0,1.0
natural_extraction,finance-ebe4be7a1419,finance,clean,0,Always repair,1,1.1341474602271842e-05,1.0,4.10834199283272,0.0,0.0,1.0,1.0,0.0,1.0,1.0,1.0,1.0
natural_extraction,finance-ebe4be7a1419,finance,clean,0,Never repair,0,1.1341474602271842e-05,0.0,0.0,0.0,0.0,1.0,1.0,0.0,1.0,1.0,1.0,1.0
natural_extraction,finance-ebe4be7a1419,finance,dirty,0,Learned router,0,1.1341474602271842e-05,0.0,0.0,0.0,0.0,1.0,1.0,0.0,1.0,1.0,1.0,1.0
natural_extraction,finance-ebe4be7a1419,finance,dirty,0,Heuristic violations,0,1.1341474602271842e-05,0.0,0.0,0.0,0.0,1.0,1.0,0.0,1.0,1.0,1.0,1.0
natural_extraction,finance-ebe4be7a1419,finance,dirty,0,Quality threshold,0,1.1341474602271842e-05,0.0,0.0,0.0,0.0,1.0,1.0,0.0,1.0,1.0,1.0,1.0
natural_extraction,finance-ebe4be7a1419,finance,dirty,0,Random 50%,0,1.1341474602271842e-05,0.0,0.0,0.0,0.0,1.0,1.0,0.0,1.0,1.0,1.0,1.0
natural_extraction,finance-ebe4be7a1419,finance,dirty,0,Always repair,1,1.1341474602271842e-05,1.0,4.791660414077342,0.0,0.0,1.0,1.0,0.0,1.0,1.0,1.0,1.0
natural_extraction,finance-ebe4be7a1419,finance,dirty,0,Never repair,0,1.1341474602271842e-05,0.0,0.0,0.0,0.0,1.0,1.0,0.0,1.0,1.0,1.0,1.0
natural_extraction,finance-ec0f916cd849,finance,clean,0,Learned router,0,1.1341474602271842e-05,0.0,0.0,0.0,0.0,1.0,1.0,0.0,1.0,1.0,1.0,1.0
natural_extraction,finance-ec0f916cd849,finance,clean,0,Heuristic violations,0,1.1341474602271842e-05,0.0,0.0,0.0,0.0,1.0,1.0,0.0,1.0,1.0,1.0,1.0
natural_extraction,finance-ec0f916cd849,finance,clean,0,Quality threshold,0,1.1341474602271842e-05,0.0,0.0,0.0,0.0,1.0,1.0,0.0,1.0,1.0,1.0,1.0
natural_extraction,finance-ec0f916cd849,finance,clean,0,Random 50%,0,1.1341474602271842e-05,0.0,0.0,0.0,0.0,1.0,1.0,0.0,1.0,1.0,1.0,1.0
natural_extraction,finance-ec0f916cd849,finance,clean,0,Always repair,1,1.1341474602271842e-05,1.0,4.792636747471988,0.0,0.0,1.0,1.0,0.0,1.0,1.0,1.0,1.0
natural_extraction,finance-ec0f916cd849,finance,clean,0,Never repair,0,1.1341474602271842e-05,0.0,0.0,0.0,0.0,1.0,1.0,0.0,1.0,1.0,1.0,1.0
natural_extraction,finance-ec0f916cd849,finance,dirty,0,Learned router,0,1.1341474602271842e-05,0.0,0.0,0.0,0.0,1.0,1.0,0.0,1.0,1.0,1.0,1.0
natural_extraction,finance-ec0f916cd849,finance,dirty,0,Heuristic violations,0,1.1341474602271842e-05,0.0,0.0,0.0,0.0,1.0,1.0,0.0,1.0,1.0,1.0,1.0
natural_extraction,finance-ec0f916cd849,finance,dirty,0,Quality threshold,0,1.1341474602271842e-05,0.0,0.0,0.0,0.0,1.0,1.0,0.0,1.0,1.0,1.0,1.0
natural_extraction,finance-ec0f916cd849,finance,dirty,0,Random 50%,1,1.1341474602271842e-05,1.0,12.34478508029133,0.0,0.0,1.0,1.0,0.0,1.0,1.0,1.0,1.0
natural_extraction,finance-ec0f916cd849,finance,dirty,0,Always repair,1,1.1341474602271842e-05,1.0,12.34478508029133,0.0,0.0,1.0,1.0,0.0,1.0,1.0,1.0,1.0
natural_extraction,finance-ec0f916cd849,finance,dirty,0,Never repair,0,1.1341474602271842e-05,0.0,0.0,0.0,0.0,1.0,1.0,0.0,1.0,1.0,1.0,1.0
natural_extraction,finance-ee6a443c2562,finance,clean,0,Learned router,0,1.1341474602271842e-05,0.0,0.0,0.0,0.0,1.0,1.0,0.0,1.0,1.0,1.0,1.0
natural_extraction,finance-ee6a443c2562,finance,clean,0,Heuristic violations,0,1.1341474602271842e-05,0.0,0.0,0.0,0.0,1.0,1.0,0.0,1.0,1.0,1.0,1.0
natural_extraction,finance-ee6a443c2562,finance,clean,0,Quality threshold,0,1.1341474602271842e-05,0.0,0.0,0.0,0.0,1.0,1.0,0.0,1.0,1.0,1.0,1.0
natural_extraction,finance-ee6a443c2562,finance,clean,0,Random 50%,0,1.1341474602271842e-05,0.0,0.0,0.0,0.0,1.0,1.0,0.0,1.0,1.0,1.0,1.0
natural_extraction,finance-ee6a443c2562,finance,clean,0,Always repair,1,1.1341474602271842e-05,1.0,6.472080209292471,0.0,0.0,1.0,1.0,0.0,1.0,1.0,1.0,1.0
natural_extraction,finance-ee6a443c2562,finance,clean,0,Never repair,0,1.1341474602271842e-05,0.0,0.0,0.0,0.0,1.0,1.0,0.0,1.0,1.0,1.0,1.0
natural_extraction,finance-ee6a443c2562,finance,dirty,0,Learned router,0,1.1341474602271842e-05,0.0,0.0,0.0,0.0,1.0,1.0,0.0,1.0,1.0,1.0,1.0
natural_extraction,finance-ee6a443c2562,finance,dirty,0,Heuristic violations,0,1.1341474602271842e-05,0.0,0.0,0.0,0.0,1.0,1.0,0.0,1.0,1.0,1.0,1.0
natural_extraction,finance-ee6a443c2562,finance,dirty,0,Quality threshold,0,1.1341474602271842e-05,0.0,0.0,0.0,0.0,1.0,1.0,0.0,1.0,1.0,1.0,1.0
natural_extraction,finance-ee6a443c2562,finance,dirty,0,Random 50%,0,1.1341474602271842e-05,0.0,0.0,0.0,0.0,1.0,1.0,0.0,1.0,1.0,1.0,1.0
natural_extraction,finance-ee6a443c2562,finance,dirty,0,Always repair,1,1.1341474602271842e-05,1.0,6.248578766360879,0.0,0.0,1.0,1.0,0.0,1.0,1.0,1.0,1.0
natural_extraction,finance-ee6a443c2562,finance,dirty,0,Never repair,0,1.1341474602271842e-05,0.0,0.0,0.0,0.0,1.0,1.0,0.0,1.0,1.0,1.0,1.0
natural_extraction,finance-fb959eef6800,finance,clean,0,Learned router,0,1.1341474602271842e-05,0.0,0.0,0.0,0.0,1.0,1.0,0.0,1.0,1.0,1.0,1.0
natural_extraction,finance-fb959eef6800,finance,clean,0,Heuristic violations,0,1.1341474602271842e-05,0.0,0.0,0.0,0.0,1.0,1.0,0.0,1.0,1.0,1.0,1.0
natural_extraction,finance-fb959eef6800,finance,clean,0,Quality threshold,0,1.1341474602271842e-05,0.0,0.0,0.0,0.0,1.0,1.0,0.0,1.0,1.0,1.0,1.0
natural_extraction,finance-fb959eef6800,finance,clean,0,Random 50%,1,1.1341474602271842e-05,1.0,5.060428289696574,0.0,0.0,1.0,1.0,0.0,1.0,1.0,1.0,1.0
natural_extraction,finance-fb959eef6800,finance,clean,0,Always repair,1,1.1341474602271842e-05,1.0,5.060428289696574,0.0,0.0,1.0,1.0,0.0,1.0,1.0,1.0,1.0
natural_extraction,finance-fb959eef6800,finance,clean,0,Never repair,0,1.1341474602271842e-05,0.0,0.0,0.0,0.0,1.0,1.0,0.0,1.0,1.0,1.0,1.0
natural_extraction,finance-fb959eef6800,finance,dirty,0,Learned router,0,1.1341474602271842e-05,0.0,0.0,0.0,0.0,1.0,1.0,0.0,1.0,1.0,1.0,1.0
natural_extraction,finance-fb959eef6800,finance,dirty,0,Heuristic violations,0,1.1341474602271842e-05,0.0,0.0,0.0,0.0,1.0,1.0,0.0,1.0,1.0,1.0,1.0
natural_extraction,finance-fb959eef6800,finance,dirty,0,Quality threshold,0,1.1341474602271842e-05,0.0,0.0,0.0,0.0,1.0,1.0,0.0,1.0,1.0,1.0,1.0
natural_extraction,finance-fb959eef6800,finance,dirty,0,Random 50%,1,1.1341474602271842e-05,1.0,4.851305043324828,0.0,0.0,1.0,1.0,0.0,1.0,1.0,1.0,1.0
natural_extraction,finance-fb959eef6800,finance,dirty,0,Always repair,1,1.1341474602271842e-05,1.0,4.851305043324828,0.0,0.0,1.0,1.0,0.0,1.0,1.0,1.0,1.0
natural_extraction,finance-fb959eef6800,finance,dirty,0,Never repair,0,1.1341474602271842e-05,0.0,0.0,0.0,0.0,1.0,1.0,0.0,1.0,1.0,1.0,1.0
natural_extraction,finance-ffe5d4112c11,finance,clean,0,Learned router,0,1.1341474602271842e-05,0.0,0.0,0.0,0.0,1.0,1.0,0.0,1.0,1.0,1.0,1.0
natural_extraction,finance-ffe5d4112c11,finance,clean,0,Heuristic violations,0,1.1341474602271842e-05,0.0,0.0,0.0,0.0,1.0,1.0,0.0,1.0,1.0,1.0,1.0
natural_extraction,finance-ffe5d4112c11,finance,clean,0,Quality threshold,0,1.1341474602271842e-05,0.0,0.0,0.0,0.0,1.0,1.0,0.0,1.0,1.0,1.0,1.0
natural_extraction,finance-ffe5d4112c11,finance,clean,0,Random 50%,1,1.1341474602271842e-05,1.0,7.2225551307201385,0.0,0.0,1.0,1.0,0.0,1.0,1.0,1.0,1.0
natural_extraction,finance-ffe5d4112c11,finance,clean,0,Always repair,1,1.1341474602271842e-05,1.0,7.2225551307201385,0.0,0.0,1.0,1.0,0.0,1.0,1.0,1.0,1.0
natural_extraction,finance-ffe5d4112c11,finance,clean,0,Never repair,0,1.1341474602271842e-05,0.0,0.0,0.0,0.0,1.0,1.0,0.0,1.0,1.0,1.0,1.0
natural_extraction,finance-ffe5d4112c11,finance,dirty,0,Learned router,0,1.1341474602271842e-05,0.0,0.0,0.0,0.0,1.0,1.0,0.0,1.0,1.0,1.0,1.0
natural_extraction,finance-ffe5d4112c11,finance,dirty,0,Heuristic violations,0,1.1341474602271842e-05,0.0,0.0,0.0,0.0,1.0,1.0,0.0,1.0,1.0,1.0,1.0
natural_extraction,finance-ffe5d4112c11,finance,dirty,0,Quality threshold,0,1.1341474602271842e-05,0.0,0.0,0.0,0.0,1.0,1.0,0.0,1.0,1.0,1.0,1.0
natural_extraction,finance-ffe5d4112c11,finance,dirty,0,Random 50%,0,1.1341474602271842e-05,0.0,0.0,0.0,0.0,1.0,1.0,0.0,1.0,1.0,1.0,1.0
natural_extraction,finance-ffe5d4112c11,finance,dirty,0,Always repair,1,1.1341474602271842e-05,1.0,5.144583652727306,0.0,0.0,1.0,1.0,0.0,1.0,1.0,1.0,1.0
natural_extraction,finance-ffe5d4112c11,finance,dirty,0,Never repair,0,1.1341474602271842e-05,0.0,0.0,0.0,0.0,1.0,1.0,0.0,1.0,1.0,1.0,1.0
natural_extraction,government-0133725f2f34,government,clean,0,Learned router,0,1.1372327251321928e-05,0.0,0.0,0.0,0.0,1.0,1.0,0.0,1.0,1.0,1.0,1.0
natural_extraction,government-0133725f2f34,government,clean,0,Heuristic violations,0,1.1372327251321928e-05,0.0,0.0,0.0,0.0,1.0,1.0,0.0,1.0,1.0,1.0,1.0
natural_extraction,government-0133725f2f34,government,clean,0,Quality threshold,0,1.1372327251321928e-05,0.0,0.0,0.0,0.0,1.0,1.0,0.0,1.0,1.0,1.0,1.0
natural_extraction,government-0133725f2f34,government,clean,0,Random 50%,0,1.1372327251321928e-05,0.0,0.0,0.0,0.0,1.0,1.0,0.0,1.0,1.0,1.0,1.0
natural_extraction,government-0133725f2f34,government,clean,0,Always repair,1,1.1372327251321928e-05,1.0,9.74267497844994,0.0,0.0,1.0,1.0,0.0,1.0,1.0,1.0,1.0
natural_extraction,government-0133725f2f34,government,clean,0,Never repair,0,1.1372327251321928e-05,0.0,0.0,0.0,0.0,1.0,1.0,0.0,1.0,1.0,1.0,1.0
natural_extraction,government-0133725f2f34,government,dirty,1,Learned router,1,0.5529437342195285,1.0,8.824740057811141,3.0,3.0,0.0,1.0,0.0,0.8333333333333334,0.7142857142857143,0.7692307692307692,0.0
natural_extraction,government-0133725f2f34,government,dirty,1,Heuristic violations,1,0.5529437342195285,1.0,8.824740057811141,3.0,3.0,0.0,1.0,0.0,0.8333333333333334,0.7142857142857143,0.7692307692307692,0.0
natural_extraction,government-0133725f2f34,government,dirty,1,Quality threshold,1,0.5529437342195285,1.0,8.824740057811141,3.0,3.0,0.0,1.0,0.0,0.8333333333333334,0.7142857142857143,0.7692307692307692,0.0
natural_extraction,government-0133725f2f34,government,dirty,1,Random 50%,0,0.5529437342195285,0.0,0.0,3.0,3.0,0.0,1.0,0.0,0.8333333333333334,0.7142857142857143,0.7692307692307692,0.0
natural_extraction,government-0133725f2f34,government,dirty,1,Always repair,1,0.5529437342195285,1.0,8.824740057811141,3.0,3.0,0.0,1.0,0.0,0.8333333333333334,0.7142857142857143,0.7692307692307692,0.0
natural_extraction,government-0133725f2f34,government,dirty,1,Never repair,0,0.5529437342195285,0.0,0.0,3.0,3.0,0.0,1.0,0.0,0.8333333333333334,0.7142857142857143,0.7692307692307692,0.0
natural_extraction,government-08f42137d50f,government,clean,0,Learned router,0,1.1372327251321928e-05,0.0,0.0,0.0,0.0,1.0,1.0,0.0,1.0,1.0,1.0,1.0
natural_extraction,government-08f42137d50f,government,clean,0,Heuristic violations,0,1.1372327251321928e-05,0.0,0.0,0.0,0.0,1.0,1.0,0.0,1.0,1.0,1.0,1.0
natural_extraction,government-08f42137d50f,government,clean,0,Quality threshold,0,1.1372327251321928e-05,0.0,0.0,0.0,0.0,1.0,1.0,0.0,1.0,1.0,1.0,1.0
natural_extraction,government-08f42137d50f,government,clean,0,Random 50%,0,1.1372327251321928e-05,0.0,0.0,0.0,0.0,1.0,1.0,0.0,1.0,1.0,1.0,1.0
natural_extraction,government-08f42137d50f,government,clean,0,Always repair,1,1.1372327251321928e-05,1.0,5.929120061919093,0.0,0.0,1.0,1.0,0.0,1.0,1.0,1.0,1.0
natural_extraction,government-08f42137d50f,government,clean,0,Never repair,0,1.1372327251321928e-05,0.0,0.0,0.0,0.0,1.0,1.0,0.0,1.0,1.0,1.0,1.0
natural_extraction,government-08f42137d50f,government,dirty,1,Learned router,0,1.1372327251321928e-05,0.0,0.0,4.0,4.0,0.0,1.0,0.0,0.7142857142857143,0.7142857142857143,0.7142857142857143,0.0
natural_extraction,government-08f42137d50f,government,dirty,1,Heuristic violations,0,1.1372327251321928e-05,0.0,0.0,4.0,4.0,0.0,1.0,0.0,0.7142857142857143,0.7142857142857143,0.7142857142857143,0.0
natural_extraction,government-08f42137d50f,government,dirty,1,Quality threshold,0,1.1372327251321928e-05,0.0,0.0,4.0,4.0,0.0,1.0,0.0,0.7142857142857143,0.7142857142857143,0.7142857142857143,0.0
natural_extraction,government-08f42137d50f,government,dirty,1,Random 50%,0,1.1372327251321928e-05,0.0,0.0,4.0,4.0,0.0,1.0,0.0,0.7142857142857143,0.7142857142857143,0.7142857142857143,0.0
natural_extraction,government-08f42137d50f,government,dirty,1,Always repair,1,1.1372327251321928e-05,1.0,7.564083916135132,4.0,3.0,0.25,1.0,0.0,0.8333333333333334,0.7142857142857143,0.7692307692307692,0.0
natural_extraction,government-08f42137d50f,government,dirty,1,Never repair,0,1.1372327251321928e-05,0.0,0.0,4.0,4.0,0.0,1.0,0.0,0.7142857142857143,0.7142857142857143,0.7142857142857143,0.0
natural_extraction,government-0aada7eebec8,government,clean,0,Learned router,0,1.1372327251321928e-05,0.0,0.0,0.0,0.0,1.0,1.0,0.0,1.0,1.0,1.0,1.0
natural_extraction,government-0aada7eebec8,government,clean,0,Heuristic violations,0,1.1372327251321928e-05,0.0,0.0,0.0,0.0,1.0,1.0,0.0,1.0,1.0,1.0,1.0
natural_extraction,government-0aada7eebec8,government,clean,0,Quality threshold,0,1.1372327251321928e-05,0.0,0.0,0.0,0.0,1.0,1.0,0.0,1.0,1.0,1.0,1.0
natural_extraction,government-0aada7eebec8,government,clean,0,Random 50%,1,1.1372327251321928e-05,1.0,14.695134131237864,0.0,1.0,0.0,0.8571428571428571,1.0,1.0,0.8571428571428571,0.923076923076923,0.0
natural_extraction,government-0aada7eebec8,government,clean,0,Always repair,1,1.1372327251321928e-05,1.0,14.695134131237864,0.0,1.0,0.0,0.8571428571428571,1.0,1.0,0.8571428571428571,0.923076923076923,0.0
natural_extraction,government-0aada7eebec8,government,clean,0,Never repair,0,1.1372327251321928e-05,0.0,0.0,0.0,0.0,1.0,1.0,0.0,1.0,1.0,1.0,1.0
natural_extraction,government-0aada7eebec8,government,dirty,1,Learned router,1,0.9999969213564152,1.0,13.146717079915106,3.0,3.0,0.0,1.0,0.5,0.8333333333333334,0.7142857142857143,0.7692307692307692,0.0
natural_extraction,government-0aada7eebec8,government,dirty,1,Heuristic violations,1,0.9999969213564152,1.0,13.146717079915106,3.0,3.0,0.0,1.0,0.5,0.8333333333333334,0.7142857142857143,0.7692307692307692,0.0
natural_extraction,government-0aada7eebec8,government,dirty,1,Quality threshold,1,0.9999969213564152,1.0,13.146717079915106,3.0,3.0,0.0,1.0,0.5,0.8333333333333334,0.7142857142857143,0.7692307692307692,0.0
natural_extraction,government-0aada7eebec8,government,dirty,1,Random 50%,1,0.9999969213564152,1.0,13.146717079915106,3.0,3.0,0.0,1.0,0.5,0.8333333333333334,0.7142857142857143,0.7692307692307692,0.0
natural_extraction,government-0aada7eebec8,government,dirty,1,Always repair,1,0.9999969213564152,1.0,13.146717079915106,3.0,3.0,0.0,1.0,0.5,0.8333333333333334,0.7142857142857143,0.7692307692307692,0.0
natural_extraction,government-0aada7eebec8,government,dirty,1,Never repair,0,0.9999969213564152,0.0,0.0,3.0,3.0,0.0,1.0,0.0,0.8333333333333334,0.7142857142857143,0.7692307692307692,0.0
natural_extraction,government-10a48db0d2e7,government,clean,0,Learned router,0,1.1372327251321928e-05,0.0,0.0,0.0,0.0,1.0,1.0,0.0,1.0,1.0,1.0,1.0
natural_extraction,government-10a48db0d2e7,government,clean,0,Heuristic violations,0,1.1372327251321928e-05,0.0,0.0,0.0,0.0,1.0,1.0,0.0,1.0,1.0,1.0,1.0
natural_extraction,government-10a48db0d2e7,government,clean,0,Quality threshold,0,1.1372327251321928e-05,0.0,0.0,0.0,0.0,1.0,1.0,0.0,1.0,1.0,1.0,1.0
natural_extraction,government-10a48db0d2e7,government,clean,0,Random 50%,1,1.1372327251321928e-05,1.0,7.741367289796472,0.0,0.0,1.0,1.0,0.0,1.0,1.0,1.0,1.0
natural_extraction,government-10a48db0d2e7,government,clean,0,Always repair,1,1.1372327251321928e-05,1.0,7.741367289796472,0.0,0.0,1.0,1.0,0.0,1.0,1.0,1.0,1.0
natural_extraction,government-10a48db0d2e7,government,clean,0,Never repair,0,1.1372327251321928e-05,0.0,0.0,0.0,0.0,1.0,1.0,0.0,1.0,1.0,1.0,1.0
natural_extraction,government-10a48db0d2e7,government,dirty,1,Learned router,1,0.9834720546830449,1.0,9.666339818388224,4.0,1.0,0.75,1.0,0.0,1.0,0.8571428571428571,0.923076923076923,0.0
natural_extraction,government-10a48db0d2e7,government,dirty,1,Heuristic violations,1,0.9834720546830449,1.0,9.666339818388224,4.0,1.0,0.75,1.0,0.0,1.0,0.8571428571428571,0.923076923076923,0.0
natural_extraction,government-10a48db0d2e7,government,dirty,1,Quality threshold,1,0.9834720546830449,1.0,9.666339818388224,4.0,1.0,0.75,1.0,0.0,1.0,0.8571428571428571,0.923076923076923,0.0
natural_extraction,government-10a48db0d2e7,government,dirty,1,Random 50%,0,0.9834720546830449,0.0,0.0,4.0,4.0,0.0,1.0,0.0,0.7142857142857143,0.7142857142857143,0.7142857142857143,0.0
natural_extraction,government-10a48db0d2e7,government,dirty,1,Always repair,1,0.9834720546830449,1.0,9.666339818388224,4.0,1.0,0.75,1.0,0.0,1.0,0.8571428571428571,0.923076923076923,0.0
natural_extraction,government-10a48db0d2e7,government,dirty,1,Never repair,0,0.9834720546830449,0.0,0.0,4.0,4.0,0.0,1.0,0.0,0.7142857142857143,0.7142857142857143,0.7142857142857143,0.0
natural_extraction,government-123148e99b2a,government,clean,0,Learned router,0,1.1372327251321928e-05,0.0,0.0,0.0,0.0,1.0,1.0,0.0,1.0,1.0,1.0,1.0
natural_extraction,government-123148e99b2a,government,clean,0,Heuristic violations,0,1.1372327251321928e-05,0.0,0.0,0.0,0.0,1.0,1.0,0.0,1.0,1.0,1.0,1.0
natural_extraction,government-123148e99b2a,government,clean,0,Quality threshold,0,1.1372327251321928e-05,0.0,0.0,0.0,0.0,1.0,1.0,0.0,1.0,1.0,1.0,1.0
natural_extraction,government-123148e99b2a,government,clean,0,Random 50%,0,1.1372327251321928e-05,0.0,0.0,0.0,0.0,1.0,1.0,0.0,1.0,1.0,1.0,1.0
natural_extraction,government-123148e99b2a,government,clean,0,Always repair,1,1.1372327251321928e-05,1.0,10.328393096104264,0.0,0.0,1.0,1.0,0.0,1.0,1.0,1.0,1.0
natural_extraction,government-123148e99b2a,government,clean,0,Never repair,0,1.1372327251321928e-05,0.0,0.0,0.0,0.0,1.0,1.0,0.0,1.0,1.0,1.0,1.0
natural_extraction,government-123148e99b2a,government,dirty,1,Learned router,1,1.0,1.0,9.932373984716833,7.0,4.0,0.42857142857142855,1.0,0.2,0.8,0.5714285714285714,0.6666666666666666,0.0
natural_extraction,government-123148e99b2a,government,dirty,1,Heuristic violations,1,1.0,1.0,9.932373984716833,7.0,4.0,0.42857142857142855,1.0,0.2,0.8,0.5714285714285714,0.6666666666666666,0.0
natural_extraction,government-123148e99b2a,government,dirty,1,Quality threshold,1,1.0,1.0,9.932373984716833,7.0,4.0,0.42857142857142855,1.0,0.2,0.8,0.5714285714285714,0.6666666666666666,0.0
natural_extraction,government-123148e99b2a,government,dirty,1,Random 50%,0,1.0,0.0,0.0,7.0,7.0,0.0,1.0,0.0,0.0,0.0,0.0,0.0
natural_extraction,government-123148e99b2a,government,dirty,1,Always repair,1,1.0,1.0,9.932373984716833,7.0,4.0,0.42857142857142855,1.0,0.2,0.8,0.5714285714285714,0.6666666666666666,0.0
natural_extraction,government-123148e99b2a,government,dirty,1,Never repair,0,1.0,0.0,0.0,7.0,7.0,0.0,1.0,0.0,0.0,0.0,0.0,0.0
natural_extraction,government-1872a3147127,government,clean,0,Learned router,0,1.1372327251321928e-05,0.0,0.0,0.0,0.0,1.0,1.0,0.0,1.0,1.0,1.0,1.0
natural_extraction,government-1872a3147127,government,clean,0,Heuristic violations,0,1.1372327251321928e-05,0.0,0.0,0.0,0.0,1.0,1.0,0.0,1.0,1.0,1.0,1.0
natural_extraction,government-1872a3147127,government,clean,0,Quality threshold,0,1.1372327251321928e-05,0.0,0.0,0.0,0.0,1.0,1.0,0.0,1.0,1.0,1.0,1.0
natural_extraction,government-1872a3147127,government,clean,0,Random 50%,0,1.1372327251321928e-05,0.0,0.0,0.0,0.0,1.0,1.0,0.0,1.0,1.0,1.0,1.0
natural_extraction,government-1872a3147127,government,clean,0,Always repair,1,1.1372327251321928e-05,1.0,11.081415847875178,0.0,0.0,1.0,1.0,0.0,1.0,1.0,1.0,1.0
natural_extraction,government-1872a3147127,government,clean,0,Never repair,0,1.1372327251321928e-05,0.0,0.0,0.0,0.0,1.0,1.0,0.0,1.0,1.0,1.0,1.0
natural_extraction,government-1872a3147127,government,dirty,1,Learned router,0,1.1372327251321928e-05,0.0,0.0,4.0,4.0,0.0,1.0,0.0,0.7142857142857143,0.7142857142857143,0.7142857142857143,0.0
natural_extraction,government-1872a3147127,government,dirty,1,Heuristic violations,0,1.1372327251321928e-05,0.0,0.0,4.0,4.0,0.0,1.0,0.0,0.7142857142857143,0.7142857142857143,0.7142857142857143,0.0
natural_extraction,government-1872a3147127,government,dirty,1,Quality threshold,0,1.1372327251321928e-05,0.0,0.0,4.0,4.0,0.0,1.0,0.0,0.7142857142857143,0.7142857142857143,0.7142857142857143,0.0
natural_extraction,government-1872a3147127,government,dirty,1,Random 50%,1,1.1372327251321928e-05,1.0,10.516748798079789,4.0,4.0,0.0,1.0,0.0,0.7142857142857143,0.7142857142857143,0.7142857142857143,0.0
natural_extraction,government-1872a3147127,government,dirty,1,Always repair,1,1.1372327251321928e-05,1.0,10.516748798079789,4.0,4.0,0.0,1.0,0.0,0.7142857142857143,0.7142857142857143,0.7142857142857143,0.0
natural_extraction,government-1872a3147127,government,dirty,1,Never repair,0,1.1372327251321928e-05,0.0,0.0,4.0,4.0,0.0,1.0,0.0,0.7142857142857143,0.7142857142857143,0.7142857142857143,0.0
natural_extraction,government-1b02073ace3b,government,clean,0,Learned router,0,1.1372327251321928e-05,0.0,0.0,0.0,0.0,1.0,1.0,0.0,1.0,1.0,1.0,1.0
natural_extraction,government-1b02073ace3b,government,clean,0,Heuristic violations,0,1.1372327251321928e-05,0.0,0.0,0.0,0.0,1.0,1.0,0.0,1.0,1.0,1.0,1.0
natural_extraction,government-1b02073ace3b,government,clean,0,Quality threshold,0,1.1372327251321928e-05,0.0,0.0,0.0,0.0,1.0,1.0,0.0,1.0,1.0,1.0,1.0
natural_extraction,government-1b02073ace3b,government,clean,0,Random 50%,1,1.1372327251321928e-05,1.0,11.508104171603918,0.0,2.0,0.0,0.8571428571428571,1.0,0.8571428571428571,0.8571428571428571,0.8571428571428571,0.0
natural_extraction,government-1b02073ace3b,government,clean,0,Always repair,1,1.1372327251321928e-05,1.0,11.508104171603918,0.0,2.0,0.0,0.8571428571428571,1.0,0.8571428571428571,0.8571428571428571,0.8571428571428571,0.0
natural_extraction,government-1b02073ace3b,government,clean,0,Never repair,0,1.1372327251321928e-05,0.0,0.0,0.0,0.0,1.0,1.0,0.0,1.0,1.0,1.0,1.0
natural_extraction,government-1b02073ace3b,government,dirty,1,Learned router,1,0.999999988461321,1.0,14.494345304556191,4.0,2.0,0.5,1.0,0.0,1.0,0.7142857142857143,0.8333333333333333,0.0
natural_extraction,government-1b02073ace3b,government,dirty,1,Heuristic violations,1,0.999999988461321,1.0,14.494345304556191,4.0,2.0,0.5,1.0,0.0,1.0,0.7142857142857143,0.8333333333333333,0.0
natural_extraction,government-1b02073ace3b,government,dirty,1,Quality threshold,1,0.999999988461321,1.0,14.494345304556191,4.0,2.0,0.5,1.0,0.0,1.0,0.7142857142857143,0.8333333333333333,0.0
natural_extraction,government-1b02073ace3b,government,dirty,1,Random 50%,1,0.999999988461321,1.0,14.494345304556191,4.0,2.0,0.5,1.0,0.0,1.0,0.7142857142857143,0.8333333333333333,0.0
natural_extraction,government-1b02073ace3b,government,dirty,1,Always repair,1,0.999999988461321,1.0,14.494345304556191,4.0,2.0,0.5,1.0,0.0,1.0,0.7142857142857143,0.8333333333333333,0.0
natural_extraction,government-1b02073ace3b,government,dirty,1,Never repair,0,0.999999988461321,0.0,0.0,4.0,4.0,0.0,1.0,0.0,0.7142857142857143,0.7142857142857143,0.7142857142857143,0.0
natural_extraction,government-1d0146f05f63,government,clean,0,Learned router,0,1.1372327251321928e-05,0.0,0.0,0.0,0.0,1.0,1.0,0.0,1.0,1.0,1.0,1.0
natural_extraction,government-1d0146f05f63,government,clean,0,Heuristic violations,0,1.1372327251321928e-05,0.0,0.0,0.0,0.0,1.0,1.0,0.0,1.0,1.0,1.0,1.0
natural_extraction,government-1d0146f05f63,government,clean,0,Quality threshold,0,1.1372327251321928e-05,0.0,0.0,0.0,0.0,1.0,1.0,0.0,1.0,1.0,1.0,1.0
natural_extraction,government-1d0146f05f63,government,clean,0,Random 50%,0,1.1372327251321928e-05,0.0,0.0,0.0,0.0,1.0,1.0,0.0,1.0,1.0,1.0,1.0
natural_extraction,government-1d0146f05f63,government,clean,0,Always repair,1,1.1372327251321928e-05,1.0,6.457137986086309,0.0,7.0,0.0,0.0,1.0,0.0,0.0,0.0,0.0
natural_extraction,government-1d0146f05f63,government,clean,0,Never repair,0,1.1372327251321928e-05,0.0,0.0,0.0,0.0,1.0,1.0,0.0,1.0,1.0,1.0,1.0
natural_extraction,government-1d0146f05f63,government,dirty,1,Learned router,1,0.9999997647358153,1.0,8.423063862137496,4.0,4.0,0.0,1.0,0.5,0.7142857142857143,0.7142857142857143,0.7142857142857143,0.0
natural_extraction,government-1d0146f05f63,government,dirty,1,Heuristic violations,1,0.9999997647358153,1.0,8.423063862137496,4.0,4.0,0.0,1.0,0.5,0.7142857142857143,0.7142857142857143,0.7142857142857143,0.0
natural_extraction,government-1d0146f05f63,government,dirty,1,Quality threshold,1,0.9999997647358153,1.0,8.423063862137496,4.0,4.0,0.0,1.0,0.5,0.7142857142857143,0.7142857142857143,0.7142857142857143,0.0
natural_extraction,government-1d0146f05f63,government,dirty,1,Random 50%,0,0.9999997647358153,0.0,0.0,4.0,4.0,0.0,1.0,0.0,0.7142857142857143,0.7142857142857143,0.7142857142857143,0.0
natural_extraction,government-1d0146f05f63,government,dirty,1,Always repair,1,0.9999997647358153,1.0,8.423063862137496,4.0,4.0,0.0,1.0,0.5,0.7142857142857143,0.7142857142857143,0.7142857142857143,0.0
natural_extraction,government-1d0146f05f63,government,dirty,1,Never repair,0,0.9999997647358153,0.0,0.0,4.0,4.0,0.0,1.0,0.0,0.7142857142857143,0.7142857142857143,0.7142857142857143,0.0
natural_extraction,government-1e0b7611abe9,government,clean,0,Learned router,0,1.1372327251321928e-05,0.0,0.0,0.0,0.0,1.0,1.0,0.0,1.0,1.0,1.0,1.0
natural_extraction,government-1e0b7611abe9,government,clean,0,Heuristic violations,0,1.1372327251321928e-05,0.0,0.0,0.0,0.0,1.0,1.0,0.0,1.0,1.0,1.0,1.0
natural_extraction,government-1e0b7611abe9,government,clean,0,Quality threshold,0,1.1372327251321928e-05,0.0,0.0,0.0,0.0,1.0,1.0,0.0,1.0,1.0,1.0,1.0
natural_extraction,government-1e0b7611abe9,government,clean,0,Random 50%,1,1.1372327251321928e-05,1.0,5.586001272313297,0.0,0.0,1.0,1.0,0.0,1.0,1.0,1.0,1.0
natural_extraction,government-1e0b7611abe9,government,clean,0,Always repair,1,1.1372327251321928e-05,1.0,5.586001272313297,0.0,0.0,1.0,1.0,0.0,1.0,1.0,1.0,1.0
natural_extraction,government-1e0b7611abe9,government,clean,0,Never repair,0,1.1372327251321928e-05,0.0,0.0,0.0,0.0,1.0,1.0,0.0,1.0,1.0,1.0,1.0
natural_extraction,government-1e0b7611abe9,government,dirty,1,Learned router,0,1.1372327251321928e-05,0.0,0.0,4.0,4.0,0.0,1.0,0.0,0.7142857142857143,0.7142857142857143,0.7142857142857143,0.0
natural_extraction,government-1e0b7611abe9,government,dirty,1,Heuristic violations,0,1.1372327251321928e-05,0.0,0.0,4.0,4.0,0.0,1.0,0.0,0.7142857142857143,0.7142857142857143,0.7142857142857143,0.0
natural_extraction,government-1e0b7611abe9,government,dirty,1,Quality threshold,0,1.1372327251321928e-05,0.0,0.0,4.0,4.0,0.0,1.0,0.0,0.7142857142857143,0.7142857142857143,0.7142857142857143,0.0
natural_extraction,government-1e0b7611abe9,government,dirty,1,Random 50%,0,1.1372327251321928e-05,0.0,0.0,4.0,4.0,0.0,1.0,0.0,0.7142857142857143,0.7142857142857143,0.7142857142857143,0.0
natural_extraction,government-1e0b7611abe9,government,dirty,1,Always repair,1,1.1372327251321928e-05,1.0,4.242291795089841,4.0,4.0,0.0,1.0,0.0,0.7142857142857143,0.7142857142857143,0.7142857142857143,0.0
natural_extraction,government-1e0b7611abe9,government,dirty,1,Never repair,0,1.1372327251321928e-05,0.0,0.0,4.0,4.0,0.0,1.0,0.0,0.7142857142857143,0.7142857142857143,0.7142857142857143,0.0
natural_extraction,government-2259afc0e111,government,clean,0,Learned router,0,1.1372327251321928e-05,0.0,0.0,0.0,0.0,1.0,1.0,0.0,1.0,1.0,1.0,1.0
natural_extraction,government-2259afc0e111,government,clean,0,Heuristic violations,0,1.1372327251321928e-05,0.0,0.0,0.0,0.0,1.0,1.0,0.0,1.0,1.0,1.0,1.0
natural_extraction,government-2259afc0e111,government,clean,0,Quality threshold,0,1.1372327251321928e-05,0.0,0.0,0.0,0.0,1.0,1.0,0.0,1.0,1.0,1.0,1.0
natural_extraction,government-2259afc0e111,government,clean,0,Random 50%,1,1.1372327251321928e-05,1.0,9.189127649180591,0.0,0.0,1.0,1.0,0.0,1.0,1.0,1.0,1.0
natural_extraction,government-2259afc0e111,government,clean,0,Always repair,1,1.1372327251321928e-05,1.0,9.189127649180591,0.0,0.0,1.0,1.0,0.0,1.0,1.0,1.0,1.0
natural_extraction,government-2259afc0e111,government,clean,0,Never repair,0,1.1372327251321928e-05,0.0,0.0,0.0,0.0,1.0,1.0,0.0,1.0,1.0,1.0,1.0
natural_extraction,government-2259afc0e111,government,dirty,1,Learned router,1,0.9999997647358153,1.0,4.230523292906582,4.0,3.0,0.25,1.0,0.3333333333333333,0.8333333333333334,0.7142857142857143,0.7692307692307692,0.0
natural_extraction,government-2259afc0e111,government,dirty,1,Heuristic violations,1,0.9999997647358153,1.0,4.230523292906582,4.0,3.0,0.25,1.0,0.3333333333333333,0.8333333333333334,0.7142857142857143,0.7692307692307692,0.0
natural_extraction,government-2259afc0e111,government,dirty,1,Quality threshold,1,0.9999997647358153,1.0,4.230523292906582,4.0,3.0,0.25,1.0,0.3333333333333333,0.8333333333333334,0.7142857142857143,0.7692307692307692,0.0
natural_extraction,government-2259afc0e111,government,dirty,1,Random 50%,0,0.9999997647358153,0.0,0.0,4.0,4.0,0.0,1.0,0.0,0.7142857142857143,0.7142857142857143,0.7142857142857143,0.0
natural_extraction,government-2259afc0e111,government,dirty,1,Always repair,1,0.9999997647358153,1.0,4.230523292906582,4.0,3.0,0.25,1.0,0.3333333333333333,0.8333333333333334,0.7142857142857143,0.7692307692307692,0.0
natural_extraction,government-2259afc0e111,government,dirty,1,Never repair,0,0.9999997647358153,0.0,0.0,4.0,4.0,0.0,1.0,0.0,0.7142857142857143,0.7142857142857143,0.7142857142857143,0.0
natural_extraction,government-267561303433,government,clean,0,Learned router,0,1.1372327251321928e-05,0.0,0.0,0.0,0.0,1.0,1.0,0.0,1.0,1.0,1.0,1.0
natural_extraction,government-267561303433,government,clean,0,Heuristic violations,0,1.1372327251321928e-05,0.0,0.0,0.0,0.0,1.0,1.0,0.0,1.0,1.0,1.0,1.0
natural_extraction,government-267561303433,government,clean,0,Quality threshold,0,1.1372327251321928e-05,0.0,0.0,0.0,0.0,1.0,1.0,0.0,1.0,1.0,1.0,1.0
natural_extraction,government-267561303433,government,clean,0,Random 50%,0,1.1372327251321928e-05,0.0,0.0,0.0,0.0,1.0,1.0,0.0,1.0,1.0,1.0,1.0
natural_extraction,government-267561303433,government,clean,0,Always repair,1,1.1372327251321928e-05,1.0,12.676360570825636,0.0,0.0,1.0,1.0,0.0,1.0,1.0,1.0,1.0
natural_extraction,government-267561303433,government,clean,0,Never repair,0,1.1372327251321928e-05,0.0,0.0,0.0,0.0,1.0,1.0,0.0,1.0,1.0,1.0,1.0
natural_extraction,government-267561303433,government,dirty,1,Learned router,1,0.9999999661831251,1.0,9.824887386523187,2.0,2.0,0.0,1.0,0.0,1.0,0.7142857142857143,0.8333333333333333,0.0
natural_extraction,government-267561303433,government,dirty,1,Heuristic violations,1,0.9999999661831251,1.0,9.824887386523187,2.0,2.0,0.0,1.0,0.0,1.0,0.7142857142857143,0.8333333333333333,0.0
natural_extraction,government-267561303433,government,dirty,1,Quality threshold,1,0.9999999661831251,1.0,9.824887386523187,2.0,2.0,0.0,1.0,0.0,1.0,0.7142857142857143,0.8333333333333333,0.0
natural_extraction,government-267561303433,government,dirty,1,Random 50%,0,0.9999999661831251,0.0,0.0,2.0,2.0,0.0,1.0,0.0,1.0,0.7142857142857143,0.8333333333333333,0.0
natural_extraction,government-267561303433,government,dirty,1,Always repair,1,0.9999999661831251,1.0,9.824887386523187,2.0,2.0,0.0,1.0,0.0,1.0,0.7142857142857143,0.8333333333333333,0.0
natural_extraction,government-267561303433,government,dirty,1,Never repair,0,0.9999999661831251,0.0,0.0,2.0,2.0,0.0,1.0,0.0,1.0,0.7142857142857143,0.8333333333333333,0.0
natural_extraction,government-27ceaef34223,government,clean,0,Learned router,0,1.1372327251321928e-05,0.0,0.0,0.0,0.0,1.0,1.0,0.0,1.0,1.0,1.0,1.0
natural_extraction,government-27ceaef34223,government,clean,0,Heuristic violations,0,1.1372327251321928e-05,0.0,0.0,0.0,0.0,1.0,1.0,0.0,1.0,1.0,1.0,1.0
natural_extraction,government-27ceaef34223,government,clean,0,Quality threshold,0,1.1372327251321928e-05,0.0,0.0,0.0,0.0,1.0,1.0,0.0,1.0,1.0,1.0,1.0
natural_extraction,government-27ceaef34223,government,clean,0,Random 50%,0,1.1372327251321928e-05,0.0,0.0,0.0,0.0,1.0,1.0,0.0,1.0,1.0,1.0,1.0
natural_extraction,government-27ceaef34223,government,clean,0,Always repair,1,1.1372327251321928e-05,1.0,14.289570102468133,0.0,0.0,1.0,1.0,0.0,1.0,1.0,1.0,1.0
natural_extraction,government-27ceaef34223,government,clean,0,Never repair,0,1.1372327251321928e-05,0.0,0.0,0.0,0.0,1.0,1.0,0.0,1.0,1.0,1.0,1.0
natural_extraction,government-27ceaef34223,government,dirty,1,Learned router,1,1.0,1.0,11.708385847508907,7.0,2.0,0.7142857142857143,1.0,0.14285714285714285,0.8571428571428571,0.8571428571428571,0.8571428571428571,0.0
natural_extraction,government-27ceaef34223,government,dirty,1,Heuristic violations,1,1.0,1.0,11.708385847508907,7.0,2.0,0.7142857142857143,1.0,0.14285714285714285,0.8571428571428571,0.8571428571428571,0.8571428571428571,0.0
natural_extraction,government-27ceaef34223,government,dirty,1,Quality threshold,1,1.0,1.0,11.708385847508907,7.0,2.0,0.7142857142857143,1.0,0.14285714285714285,0.8571428571428571,0.8571428571428571,0.8571428571428571,0.0
natural_extraction,government-27ceaef34223,government,dirty,1,Random 50%,0,1.0,0.0,0.0,7.0,7.0,0.0,1.0,0.0,0.0,0.0,0.0,0.0
natural_extraction,government-27ceaef34223,government,dirty,1,Always repair,1,1.0,1.0,11.708385847508907,7.0,2.0,0.7142857142857143,1.0,0.14285714285714285,0.8571428571428571,0.8571428571428571,0.8571428571428571,0.0
natural_extraction,government-27ceaef34223,government,dirty,1,Never repair,0,1.0,0.0,0.0,7.0,7.0,0.0,1.0,0.0,0.0,0.0,0.0,0.0
natural_extraction,government-28de1bc53024,government,clean,0,Learned router,0,1.1372327251321928e-05,0.0,0.0,0.0,0.0,1.0,1.0,0.0,1.0,1.0,1.0,1.0
natural_extraction,government-28de1bc53024,government,clean,0,Heuristic violations,0,1.1372327251321928e-05,0.0,0.0,0.0,0.0,1.0,1.0,0.0,1.0,1.0,1.0,1.0
natural_extraction,government-28de1bc53024,government,clean,0,Quality threshold,0,1.1372327251321928e-05,0.0,0.0,0.0,0.0,1.0,1.0,0.0,1.0,1.0,1.0,1.0
natural_extraction,government-28de1bc53024,government,clean,0,Random 50%,1,1.1372327251321928e-05,1.0,10.608501491136849,0.0,2.0,0.0,0.8571428571428571,1.0,0.8571428571428571,0.8571428571428571,0.8571428571428571,0.0
natural_extraction,government-28de1bc53024,government,clean,0,Always repair,1,1.1372327251321928e-05,1.0,10.608501491136849,0.0,2.0,0.0,0.8571428571428571,1.0,0.8571428571428571,0.8571428571428571,0.8571428571428571,0.0
natural_extraction,government-28de1bc53024,government,clean,0,Never repair,0,1.1372327251321928e-05,0.0,0.0,0.0,0.0,1.0,1.0,0.0,1.0,1.0,1.0,1.0
natural_extraction,government-28de1bc53024,government,dirty,1,Learned router,1,0.9834720546830449,1.0,5.932977318763733,4.0,2.0,0.5,1.0,0.0,1.0,0.7142857142857143,0.8333333333333333,0.0
natural_extraction,government-28de1bc53024,government,dirty,1,Heuristic violations,1,0.9834720546830449,1.0,5.932977318763733,4.0,2.0,0.5,1.0,0.0,1.0,0.7142857142857143,0.8333333333333333,0.0
natural_extraction,government-28de1bc53024,government,dirty,1,Quality threshold,1,0.9834720546830449,1.0,5.932977318763733,4.0,2.0,0.5,1.0,0.0,1.0,0.7142857142857143,0.8333333333333333,0.0
natural_extraction,government-28de1bc53024,government,dirty,1,Random 50%,0,0.9834720546830449,0.0,0.0,4.0,4.0,0.0,1.0,0.0,0.7142857142857143,0.7142857142857143,0.7142857142857143,0.0
natural_extraction,government-28de1bc53024,government,dirty,1,Always repair,1,0.9834720546830449,1.0,5.932977318763733,4.0,2.0,0.5,1.0,0.0,1.0,0.7142857142857143,0.8333333333333333,0.0
natural_extraction,government-28de1bc53024,government,dirty,1,Never repair,0,0.9834720546830449,0.0,0.0,4.0,4.0,0.0,1.0,0.0,0.7142857142857143,0.7142857142857143,0.7142857142857143,0.0
natural_extraction,government-2ae5e35394e4,government,clean,0,Learned router,0,1.1372327251321928e-05,0.0,0.0,0.0,0.0,1.0,1.0,0.0,1.0,1.0,1.0,1.0
natural_extraction,government-2ae5e35394e4,government,clean,0,Heuristic violations,0,1.1372327251321928e-05,0.0,0.0,0.0,0.0,1.0,1.0,0.0,1.0,1.0,1.0,1.0
natural_extraction,government-2ae5e35394e4,government,clean,0,Quality threshold,0,1.1372327251321928e-05,0.0,0.0,0.0,0.0,1.0,1.0,0.0,1.0,1.0,1.0,1.0
natural_extraction,government-2ae5e35394e4,government,clean,0,Random 50%,1,1.1372327251321928e-05,1.0,7.218461379408836,0.0,0.0,1.0,1.0,0.0,1.0,1.0,1.0,1.0
natural_extraction,government-2ae5e35394e4,government,clean,0,Always repair,1,1.1372327251321928e-05,1.0,7.218461379408836,0.0,0.0,1.0,1.0,0.0,1.0,1.0,1.0,1.0
natural_extraction,government-2ae5e35394e4,government,clean,0,Never repair,0,1.1372327251321928e-05,0.0,0.0,0.0,0.0,1.0,1.0,0.0,1.0,1.0,1.0,1.0
natural_extraction,government-2ae5e35394e4,government,dirty,1,Learned router,0,1.1372327251321928e-05,0.0,0.0,4.0,4.0,0.0,1.0,0.0,0.7142857142857143,0.7142857142857143,0.7142857142857143,0.0
natural_extraction,government-2ae5e35394e4,government,dirty,1,Heuristic violations,0,1.1372327251321928e-05,0.0,0.0,4.0,4.0,0.0,1.0,0.0,0.7142857142857143,0.7142857142857143,0.7142857142857143,0.0
natural_extraction,government-2ae5e35394e4,government,dirty,1,Quality threshold,0,1.1372327251321928e-05,0.0,0.0,4.0,4.0,0.0,1.0,0.0,0.7142857142857143,0.7142857142857143,0.7142857142857143,0.0
natural_extraction,government-2ae5e35394e4,government,dirty,1,Random 50%,0,1.1372327251321928e-05,0.0,0.0,4.0,4.0,0.0,1.0,0.0,0.7142857142857143,0.7142857142857143,0.7142857142857143,0.0
natural_extraction,government-2ae5e35394e4,government,dirty,1,Always repair,1,1.1372327251321928e-05,1.0,6.25109213963151,4.0,4.0,0.0,1.0,0.0,0.7142857142857143,0.7142857142857143,0.7142857142857143,0.0
natural_extraction,government-2ae5e35394e4,government,dirty,1,Never repair,0,1.1372327251321928e-05,0.0,0.0,4.0,4.0,0.0,1.0,0.0,0.7142857142857143,0.7142857142857143,0.7142857142857143,0.0
natural_extraction,government-2b05bdf976f6,government,clean,0,Learned router,0,1.1372327251321928e-05,0.0,0.0,0.0,0.0,1.0,1.0,0.0,1.0,1.0,1.0,1.0
natural_extraction,government-2b05bdf976f6,government,clean,0,Heuristic violations,0,1.1372327251321928e-05,0.0,0.0,0.0,0.0,1.0,1.0,0.0,1.0,1.0,1.0,1.0
natural_extraction,government-2b05bdf976f6,government,clean,0,Quality threshold,0,1.1372327251321928e-05,0.0,0.0,0.0,0.0,1.0,1.0,0.0,1.0,1.0,1.0,1.0
natural_extraction,government-2b05bdf976f6,government,clean,0,Random 50%,0,1.1372327251321928e-05,0.0,0.0,0.0,0.0,1.0,1.0,0.0,1.0,1.0,1.0,1.0
natural_extraction,government-2b05bdf976f6,government,clean,0,Always repair,1,1.1372327251321928e-05,1.0,15.62420534901321,0.0,0.0,1.0,1.0,0.0,1.0,1.0,1.0,1.0
natural_extraction,government-2b05bdf976f6,government,clean,0,Never repair,0,1.1372327251321928e-05,0.0,0.0,0.0,0.0,1.0,1.0,0.0,1.0,1.0,1.0,1.0
natural_extraction,government-2b05bdf976f6,government,dirty,1,Learned router,1,1.0,1.0,11.984289894811809,7.0,2.0,0.7142857142857143,1.0,0.0,1.0,0.7142857142857143,0.8333333333333333,0.0
natural_extraction,government-2b05bdf976f6,government,dirty,1,Heuristic violations,1,1.0,1.0,11.984289894811809,7.0,2.0,0.7142857142857143,1.0,0.0,1.0,0.7142857142857143,0.8333333333333333,0.0
natural_extraction,government-2b05bdf976f6,government,dirty,1,Quality threshold,1,1.0,1.0,11.984289894811809,7.0,2.0,0.7142857142857143,1.0,0.0,1.0,0.7142857142857143,0.8333333333333333,0.0
natural_extraction,government-2b05bdf976f6,government,dirty,1,Random 50%,0,1.0,0.0,0.0,7.0,7.0,0.0,1.0,0.0,0.0,0.0,0.0,0.0
natural_extraction,government-2b05bdf976f6,government,dirty,1,Always repair,1,1.0,1.0,11.984289894811809,7.0,2.0,0.7142857142857143,1.0,0.0,1.0,0.7142857142857143,0.8333333333333333,0.0
natural_extraction,government-2b05bdf976f6,government,dirty,1,Never repair,0,1.0,0.0,0.0,7.0,7.0,0.0,1.0,0.0,0.0,0.0,0.0,0.0
natural_extraction,government-2fc4dd65e576,government,clean,0,Learned router,0,1.1372327251321928e-05,0.0,0.0,0.0,0.0,1.0,1.0,0.0,1.0,1.0,1.0,1.0
natural_extraction,government-2fc4dd65e576,government,clean,0,Heuristic violations,0,1.1372327251321928e-05,0.0,0.0,0.0,0.0,1.0,1.0,0.0,1.0,1.0,1.0,1.0
natural_extraction,government-2fc4dd65e576,government,clean,0,Quality threshold,0,1.1372327251321928e-05,0.0,0.0,0.0,0.0,1.0,1.0,0.0,1.0,1.0,1.0,1.0
natural_extraction,government-2fc4dd65e576,government,clean,0,Random 50%,0,1.1372327251321928e-05,0.0,0.0,0.0,0.0,1.0,1.0,0.0,1.0,1.0,1.0,1.0
natural_extraction,government-2fc4dd65e576,government,clean,0,Always repair,1,1.1372327251321928e-05,1.0,18.60147648025304,0.0,0.0,1.0,1.0,0.0,1.0,1.0,1.0,1.0
natural_extraction,government-2fc4dd65e576,government,clean,0,Never repair,0,1.1372327251321928e-05,0.0,0.0,0.0,0.0,1.0,1.0,0.0,1.0,1.0,1.0,1.0
natural_extraction,government-2fc4dd65e576,government,dirty,1,Learned router,1,0.9999997647358153,1.0,8.11017113737762,4.0,3.0,0.25,1.0,0.3333333333333333,0.8333333333333334,0.7142857142857143,0.7692307692307692,0.0
natural_extraction,government-2fc4dd65e576,government,dirty,1,Heuristic violations,1,0.9999997647358153,1.0,8.11017113737762,4.0,3.0,0.25,1.0,0.3333333333333333,0.8333333333333334,0.7142857142857143,0.7692307692307692,0.0
natural_extraction,government-2fc4dd65e576,government,dirty,1,Quality threshold,1,0.9999997647358153,1.0,8.11017113737762,4.0,3.0,0.25,1.0,0.3333333333333333,0.8333333333333334,0.7142857142857143,0.7692307692307692,0.0
natural_extraction,government-2fc4dd65e576,government,dirty,1,Random 50%,1,0.9999997647358153,1.0,8.11017113737762,4.0,3.0,0.25,1.0,0.3333333333333333,0.8333333333333334,0.7142857142857143,0.7692307692307692,0.0
natural_extraction,government-2fc4dd65e576,government,dirty,1,Always repair,1,0.9999997647358153,1.0,8.11017113737762,4.0,3.0,0.25,1.0,0.3333333333333333,0.8333333333333334,0.7142857142857143,0.7692307692307692,0.0
natural_extraction,government-2fc4dd65e576,government,dirty,1,Never repair,0,0.9999997647358153,0.0,0.0,4.0,4.0,0.0,1.0,0.0,0.7142857142857143,0.7142857142857143,0.7142857142857143,0.0
natural_extraction,government-2ff87373f537,government,clean,0,Learned router,0,1.1372327251321928e-05,0.0,0.0,0.0,0.0,1.0,1.0,0.0,1.0,1.0,1.0,1.0
natural_extraction,government-2ff87373f537,government,clean,0,Heuristic violations,0,1.1372327251321928e-05,0.0,0.0,0.0,0.0,1.0,1.0,0.0,1.0,1.0,1.0,1.0
natural_extraction,government-2ff87373f537,government,clean,0,Quality threshold,0,1.1372327251321928e-05,0.0,0.0,0.0,0.0,1.0,1.0,0.0,1.0,1.0,1.0,1.0
natural_extraction,government-2ff87373f537,government,clean,0,Random 50%,0,1.1372327251321928e-05,0.0,0.0,0.0,0.0,1.0,1.0,0.0,1.0,1.0,1.0,1.0
natural_extraction,government-2ff87373f537,government,clean,0,Always repair,1,1.1372327251321928e-05,1.0,17.33804631885141,0.0,0.0,1.0,1.0,0.0,1.0,1.0,1.0,1.0
natural_extraction,government-2ff87373f537,government,clean,0,Never repair,0,1.1372327251321928e-05,0.0,0.0,0.0,0.0,1.0,1.0,0.0,1.0,1.0,1.0,1.0
natural_extraction,government-2ff87373f537,government,dirty,1,Learned router,1,0.9999999999999747,1.0,14.512763590551913,3.0,2.0,0.3333333333333333,1.0,0.0,1.0,0.7142857142857143,0.8333333333333333,0.0
natural_extraction,government-2ff87373f537,government,dirty,1,Heuristic violations,1,0.9999999999999747,1.0,14.512763590551913,3.0,2.0,0.3333333333333333,1.0,0.0,1.0,0.7142857142857143,0.8333333333333333,0.0
natural_extraction,government-2ff87373f537,government,dirty,1,Quality threshold,1,0.9999999999999747,1.0,14.512763590551913,3.0,2.0,0.3333333333333333,1.0,0.0,1.0,0.7142857142857143,0.8333333333333333,0.0
natural_extraction,government-2ff87373f537,government,dirty,1,Random 50%,1,0.9999999999999747,1.0,14.512763590551913,3.0,2.0,0.3333333333333333,1.0,0.0,1.0,0.7142857142857143,0.8333333333333333,0.0
natural_extraction,government-2ff87373f537,government,dirty,1,Always repair,1,0.9999999999999747,1.0,14.512763590551913,3.0,2.0,0.3333333333333333,1.0,0.0,1.0,0.7142857142857143,0.8333333333333333,0.0
natural_extraction,government-2ff87373f537,government,dirty,1,Never repair,0,0.9999999999999747,0.0,0.0,3.0,3.0,0.0,1.0,0.0,1.0,0.5714285714285714,0.7272727272727273,0.0
natural_extraction,government-3235e3648e32,government,clean,0,Learned router,0,1.1372327251321928e-05,0.0,0.0,0.0,0.0,1.0,1.0,0.0,1.0,1.0,1.0,1.0
natural_extraction,government-3235e3648e32,government,clean,0,Heuristic violations,0,1.1372327251321928e-05,0.0,0.0,0.0,0.0,1.0,1.0,0.0,1.0,1.0,1.0,1.0
natural_extraction,government-3235e3648e32,government,clean,0,Quality threshold,0,1.1372327251321928e-05,0.0,0.0,0.0,0.0,1.0,1.0,0.0,1.0,1.0,1.0,1.0
natural_extraction,government-3235e3648e32,government,clean,0,Random 50%,0,1.1372327251321928e-05,0.0,0.0,0.0,0.0,1.0,1.0,0.0,1.0,1.0,1.0,1.0
natural_extraction,government-3235e3648e32,government,clean,0,Always repair,1,1.1372327251321928e-05,1.0,9.750948052853346,0.0,0.0,1.0,1.0,0.0,1.0,1.0,1.0,1.0
natural_extraction,government-3235e3648e32,government,clean,0,Never repair,0,1.1372327251321928e-05,0.0,0.0,0.0,0.0,1.0,1.0,0.0,1.0,1.0,1.0,1.0
natural_extraction,government-3235e3648e32,government,dirty,1,Learned router,1,1.0,1.0,12.934864944778383,7.0,2.0,0.7142857142857143,1.0,0.0,1.0,0.7142857142857143,0.8333333333333333,0.0
natural_extraction,government-3235e3648e32,government,dirty,1,Heuristic violations,1,1.0,1.0,12.934864944778383,7.0,2.0,0.7142857142857143,1.0,0.0,1.0,0.7142857142857143,0.8333333333333333,0.0
natural_extraction,government-3235e3648e32,government,dirty,1,Quality threshold,1,1.0,1.0,12.934864944778383,7.0,2.0,0.7142857142857143,1.0,0.0,1.0,0.7142857142857143,0.8333333333333333,0.0
natural_extraction,government-3235e3648e32,government,dirty,1,Random 50%,0,1.0,0.0,0.0,7.0,7.0,0.0,1.0,0.0,0.0,0.0,0.0,0.0
natural_extraction,government-3235e3648e32,government,dirty,1,Always repair,1,1.0,1.0,12.934864944778383,7.0,2.0,0.7142857142857143,1.0,0.0,1.0,0.7142857142857143,0.8333333333333333,0.0
natural_extraction,government-3235e3648e32,government,dirty,1,Never repair,0,1.0,0.0,0.0,7.0,7.0,0.0,1.0,0.0,0.0,0.0,0.0,0.0
natural_extraction,government-38d8e7495369,government,clean,0,Learned router,0,1.1372327251321928e-05,0.0,0.0,0.0,0.0,1.0,1.0,0.0,1.0,1.0,1.0,1.0
natural_extraction,government-38d8e7495369,government,clean,0,Heuristic violations,0,1.1372327251321928e-05,0.0,0.0,0.0,0.0,1.0,1.0,0.0,1.0,1.0,1.0,1.0
natural_extraction,government-38d8e7495369,government,clean,0,Quality threshold,0,1.1372327251321928e-05,0.0,0.0,0.0,0.0,1.0,1.0,0.0,1.0,1.0,1.0,1.0
natural_extraction,government-38d8e7495369,government,clean,0,Random 50%,1,1.1372327251321928e-05,1.0,8.145363762974739,0.0,0.0,1.0,1.0,0.0,1.0,1.0,1.0,1.0
natural_extraction,government-38d8e7495369,government,clean,0,Always repair,1,1.1372327251321928e-05,1.0,8.145363762974739,0.0,0.0,1.0,1.0,0.0,1.0,1.0,1.0,1.0
natural_extraction,government-38d8e7495369,government,clean,0,Never repair,0,1.1372327251321928e-05,0.0,0.0,0.0,0.0,1.0,1.0,0.0,1.0,1.0,1.0,1.0
natural_extraction,government-38d8e7495369,government,dirty,1,Learned router,0,1.1372327251321928e-05,0.0,0.0,4.0,4.0,0.0,1.0,0.0,0.7142857142857143,0.7142857142857143,0.7142857142857143,0.0
natural_extraction,government-38d8e7495369,government,dirty,1,Heuristic violations,0,1.1372327251321928e-05,0.0,0.0,4.0,4.0,0.0,1.0,0.0,0.7142857142857143,0.7142857142857143,0.7142857142857143,0.0
natural_extraction,government-38d8e7495369,government,dirty,1,Quality threshold,0,1.1372327251321928e-05,0.0,0.0,4.0,4.0,0.0,1.0,0.0,0.7142857142857143,0.7142857142857143,0.7142857142857143,0.0
natural_extraction,government-38d8e7495369,government,dirty,1,Random 50%,0,1.1372327251321928e-05,0.0,0.0,4.0,4.0,0.0,1.0,0.0,0.7142857142857143,0.7142857142857143,0.7142857142857143,0.0
natural_extraction,government-38d8e7495369,government,dirty,1,Always repair,1,1.1372327251321928e-05,1.0,5.8042869148775935,4.0,3.0,0.25,1.0,0.0,0.8333333333333334,0.7142857142857143,0.7692307692307692,0.0
natural_extraction,government-38d8e7495369,government,dirty,1,Never repair,0,1.1372327251321928e-05,0.0,0.0,4.0,4.0,0.0,1.0,0.0,0.7142857142857143,0.7142857142857143,0.7142857142857143,0.0
natural_extraction,government-3973dc6cd196,government,clean,0,Learned router,0,1.1372327251321928e-05,0.0,0.0,0.0,0.0,1.0,1.0,0.0,1.0,1.0,1.0,1.0
natural_extraction,government-3973dc6cd196,government,clean,0,Heuristic violations,0,1.1372327251321928e-05,0.0,0.0,0.0,0.0,1.0,1.0,0.0,1.0,1.0,1.0,1.0
natural_extraction,government-3973dc6cd196,government,clean,0,Quality threshold,0,1.1372327251321928e-05,0.0,0.0,0.0,0.0,1.0,1.0,0.0,1.0,1.0,1.0,1.0
natural_extraction,government-3973dc6cd196,government,clean,0,Random 50%,1,1.1372327251321928e-05,1.0,9.724149798043072,0.0,0.0,1.0,1.0,0.0,1.0,1.0,1.0,1.0
natural_extraction,government-3973dc6cd196,government,clean,0,Always repair,1,1.1372327251321928e-05,1.0,9.724149798043072,0.0,0.0,1.0,1.0,0.0,1.0,1.0,1.0,1.0
natural_extraction,government-3973dc6cd196,government,clean,0,Never repair,0,1.1372327251321928e-05,0.0,0.0,0.0,0.0,1.0,1.0,0.0,1.0,1.0,1.0,1.0
natural_extraction,government-3973dc6cd196,government,dirty,1,Learned router,0,1.1372327251321928e-05,0.0,0.0,4.0,4.0,0.0,1.0,0.0,0.7142857142857143,0.7142857142857143,0.7142857142857143,0.0
natural_extraction,government-3973dc6cd196,government,dirty,1,Heuristic violations,0,1.1372327251321928e-05,0.0,0.0,4.0,4.0,0.0,1.0,0.0,0.7142857142857143,0.7142857142857143,0.7142857142857143,0.0
natural_extraction,government-3973dc6cd196,government,dirty,1,Quality threshold,0,1.1372327251321928e-05,0.0,0.0,4.0,4.0,0.0,1.0,0.0,0.7142857142857143,0.7142857142857143,0.7142857142857143,0.0
natural_extraction,government-3973dc6cd196,government,dirty,1,Random 50%,1,1.1372327251321928e-05,1.0,10.77265076059848,4.0,4.0,0.0,1.0,0.0,0.7142857142857143,0.7142857142857143,0.7142857142857143,0.0
natural_extraction,government-3973dc6cd196,government,dirty,1,Always repair,1,1.1372327251321928e-05,1.0,10.77265076059848,4.0,4.0,0.0,1.0,0.0,0.7142857142857143,0.7142857142857143,0.7142857142857143,0.0
natural_extraction,government-3973dc6cd196,government,dirty,1,Never repair,0,1.1372327251321928e-05,0.0,0.0,4.0,4.0,0.0,1.0,0.0,0.7142857142857143,0.7142857142857143,0.7142857142857143,0.0
natural_extraction,government-3a5514dd8f33,government,clean,0,Learned router,0,1.1372327251321928e-05,0.0,0.0,0.0,0.0,1.0,1.0,0.0,1.0,1.0,1.0,1.0
natural_extraction,government-3a5514dd8f33,government,clean,0,Heuristic violations,0,1.1372327251321928e-05,0.0,0.0,0.0,0.0,1.0,1.0,0.0,1.0,1.0,1.0,1.0
natural_extraction,government-3a5514dd8f33,government,clean,0,Quality threshold,0,1.1372327251321928e-05,0.0,0.0,0.0,0.0,1.0,1.0,0.0,1.0,1.0,1.0,1.0
natural_extraction,government-3a5514dd8f33,government,clean,0,Random 50%,0,1.1372327251321928e-05,0.0,0.0,0.0,0.0,1.0,1.0,0.0,1.0,1.0,1.0,1.0
natural_extraction,government-3a5514dd8f33,government,clean,0,Always repair,1,1.1372327251321928e-05,1.0,14.683571370318532,0.0,0.0,1.0,1.0,0.0,1.0,1.0,1.0,1.0
natural_extraction,government-3a5514dd8f33,government,clean,0,Never repair,0,1.1372327251321928e-05,0.0,0.0,0.0,0.0,1.0,1.0,0.0,1.0,1.0,1.0,1.0
natural_extraction,government-3a5514dd8f33,government,dirty,1,Learned router,1,0.5529437342195285,1.0,9.870788094587624,3.0,3.0,0.0,1.0,0.0,0.8333333333333334,0.7142857142857143,0.7692307692307692,0.0
natural_extraction,government-3a5514dd8f33,government,dirty,1,Heuristic violations,1,0.5529437342195285,1.0,9.870788094587624,3.0,3.0,0.0,1.0,0.0,0.8333333333333334,0.7142857142857143,0.7692307692307692,0.0
natural_extraction,government-3a5514dd8f33,government,dirty,1,Quality threshold,1,0.5529437342195285,1.0,9.870788094587624,3.0,3.0,0.0,1.0,0.0,0.8333333333333334,0.7142857142857143,0.7692307692307692,0.0
natural_extraction,government-3a5514dd8f33,government,dirty,1,Random 50%,1,0.5529437342195285,1.0,9.870788094587624,3.0,3.0,0.0,1.0,0.0,0.8333333333333334,0.7142857142857143,0.7692307692307692,0.0
natural_extraction,government-3a5514dd8f33,government,dirty,1,Always repair,1,0.5529437342195285,1.0,9.870788094587624,3.0,3.0,0.0,1.0,0.0,0.8333333333333334,0.7142857142857143,0.7692307692307692,0.0
natural_extraction,government-3a5514dd8f33,government,dirty,1,Never repair,0,0.5529437342195285,0.0,0.0,3.0,3.0,0.0,1.0,0.0,0.8333333333333334,0.7142857142857143,0.7692307692307692,0.0
natural_extraction,government-3a91e39dc5b5,government,clean,0,Learned router,0,1.1372327251321928e-05,0.0,0.0,0.0,0.0,1.0,1.0,0.0,1.0,1.0,1.0,1.0
natural_extraction,government-3a91e39dc5b5,government,clean,0,Heuristic violations,0,1.1372327251321928e-05,0.0,0.0,0.0,0.0,1.0,1.0,0.0,1.0,1.0,1.0,1.0
natural_extraction,government-3a91e39dc5b5,government,clean,0,Quality threshold,0,1.1372327251321928e-05,0.0,0.0,0.0,0.0,1.0,1.0,0.0,1.0,1.0,1.0,1.0
natural_extraction,government-3a91e39dc5b5,government,clean,0,Random 50%,1,1.1372327251321928e-05,1.0,8.55517353489995,0.0,0.0,1.0,1.0,0.0,1.0,1.0,1.0,1.0
natural_extraction,government-3a91e39dc5b5,government,clean,0,Always repair,1,1.1372327251321928e-05,1.0,8.55517353489995,0.0,0.0,1.0,1.0,0.0,1.0,1.0,1.0,1.0
natural_extraction,government-3a91e39dc5b5,government,clean,0,Never repair,0,1.1372327251321928e-05,0.0,0.0,0.0,0.0,1.0,1.0,0.0,1.0,1.0,1.0,1.0
natural_extraction,government-3a91e39dc5b5,government,dirty,1,Learned router,0,1.1372327251321928e-05,0.0,0.0,4.0,4.0,0.0,1.0,0.0,0.7142857142857143,0.7142857142857143,0.7142857142857143,0.0
natural_extraction,government-3a91e39dc5b5,government,dirty,1,Heuristic violations,0,1.1372327251321928e-05,0.0,0.0,4.0,4.0,0.0,1.0,0.0,0.7142857142857143,0.7142857142857143,0.7142857142857143,0.0
natural_extraction,government-3a91e39dc5b5,government,dirty,1,Quality threshold,0,1.1372327251321928e-05,0.0,0.0,4.0,4.0,0.0,1.0,0.0,0.7142857142857143,0.7142857142857143,0.7142857142857143,0.0
natural_extraction,government-3a91e39dc5b5,government,dirty,1,Random 50%,1,1.1372327251321928e-05,1.0,5.912277542054653,4.0,4.0,0.0,1.0,0.0,0.7142857142857143,0.7142857142857143,0.7142857142857143,0.0
natural_extraction,government-3a91e39dc5b5,government,dirty,1,Always repair,1,1.1372327251321928e-05,1.0,5.912277542054653,4.0,4.0,0.0,1.0,0.0,0.7142857142857143,0.7142857142857143,0.7142857142857143,0.0
natural_extraction,government-3a91e39dc5b5,government,dirty,1,Never repair,0,1.1372327251321928e-05,0.0,0.0,4.0,4.0,0.0,1.0,0.0,0.7142857142857143,0.7142857142857143,0.7142857142857143,0.0
natural_extraction,government-3e9dd9632fa8,government,clean,0,Learned router,0,1.1372327251321928e-05,0.0,0.0,0.0,0.0,1.0,1.0,0.0,1.0,1.0,1.0,1.0
natural_extraction,government-3e9dd9632fa8,government,clean,0,Heuristic violations,0,1.1372327251321928e-05,0.0,0.0,0.0,0.0,1.0,1.0,0.0,1.0,1.0,1.0,1.0
natural_extraction,government-3e9dd9632fa8,government,clean,0,Quality threshold,0,1.1372327251321928e-05,0.0,0.0,0.0,0.0,1.0,1.0,0.0,1.0,1.0,1.0,1.0
natural_extraction,government-3e9dd9632fa8,government,clean,0,Random 50%,1,1.1372327251321928e-05,1.0,9.580406033433974,0.0,0.0,1.0,1.0,0.0,1.0,1.0,1.0,1.0
natural_extraction,government-3e9dd9632fa8,government,clean,0,Always repair,1,1.1372327251321928e-05,1.0,9.580406033433974,0.0,0.0,1.0,1.0,0.0,1.0,1.0,1.0,1.0
natural_extraction,government-3e9dd9632fa8,government,clean,0,Never repair,0,1.1372327251321928e-05,0.0,0.0,0.0,0.0,1.0,1.0,0.0,1.0,1.0,1.0,1.0
natural_extraction,government-3e9dd9632fa8,government,dirty,1,Learned router,1,0.9999997647358153,1.0,10.06541916448623,4.0,3.0,0.25,1.0,0.3333333333333333,0.8333333333333334,0.7142857142857143,0.7692307692307692,0.0
natural_extraction,government-3e9dd9632fa8,government,dirty,1,Heuristic violations,1,0.9999997647358153,1.0,10.06541916448623,4.0,3.0,0.25,1.0,0.3333333333333333,0.8333333333333334,0.7142857142857143,0.7692307692307692,0.0
natural_extraction,government-3e9dd9632fa8,government,dirty,1,Quality threshold,1,0.9999997647358153,1.0,10.06541916448623,4.0,3.0,0.25,1.0,0.3333333333333333,0.8333333333333334,0.7142857142857143,0.7692307692307692,0.0
natural_extraction,government-3e9dd9632fa8,government,dirty,1,Random 50%,0,0.9999997647358153,0.0,0.0,4.0,4.0,0.0,1.0,0.0,0.7142857142857143,0.7142857142857143,0.7142857142857143,0.0
natural_extraction,government-3e9dd9632fa8,government,dirty,1,Always repair,1,0.9999997647358153,1.0,10.06541916448623,4.0,3.0,0.25,1.0,0.3333333333333333,0.8333333333333334,0.7142857142857143,0.7692307692307692,0.0
natural_extraction,government-3e9dd9632fa8,government,dirty,1,Never repair,0,0.9999997647358153,0.0,0.0,4.0,4.0,0.0,1.0,0.0,0.7142857142857143,0.7142857142857143,0.7142857142857143,0.0
natural_extraction,government-3fce95ee7545,government,clean,0,Learned router,0,1.1372327251321928e-05,0.0,0.0,0.0,0.0,1.0,1.0,0.0,1.0,1.0,1.0,1.0
natural_extraction,government-3fce95ee7545,government,clean,0,Heuristic violations,0,1.1372327251321928e-05,0.0,0.0,0.0,0.0,1.0,1.0,0.0,1.0,1.0,1.0,1.0
natural_extraction,government-3fce95ee7545,government,clean,0,Quality threshold,0,1.1372327251321928e-05,0.0,0.0,0.0,0.0,1.0,1.0,0.0,1.0,1.0,1.0,1.0
natural_extraction,government-3fce95ee7545,government,clean,0,Random 50%,0,1.1372327251321928e-05,0.0,0.0,0.0,0.0,1.0,1.0,0.0,1.0,1.0,1.0,1.0
natural_extraction,government-3fce95ee7545,government,clean,0,Always repair,1,1.1372327251321928e-05,1.0,4.510719520971179,0.0,0.0,1.0,1.0,0.0,1.0,1.0,1.0,1.0
natural_extraction,government-3fce95ee7545,government,clean,0,Never repair,0,1.1372327251321928e-05,0.0,0.0,0.0,0.0,1.0,1.0,0.0,1.0,1.0,1.0,1.0
natural_extraction,government-3fce95ee7545,government,dirty,1,Learned router,1,0.9834720546830449,1.0,8.478768275119364,4.0,3.0,0.25,1.0,0.0,0.8333333333333334,0.7142857142857143,0.7692307692307692,0.0
natural_extraction,government-3fce95ee7545,government,dirty,1,Heuristic violations,1,0.9834720546830449,1.0,8.478768275119364,4.0,3.0,0.25,1.0,0.0,0.8333333333333334,0.7142857142857143,0.7692307692307692,0.0
natural_extraction,government-3fce95ee7545,government,dirty,1,Quality threshold,1,0.9834720546830449,1.0,8.478768275119364,4.0,3.0,0.25,1.0,0.0,0.8333333333333334,0.7142857142857143,0.7692307692307692,0.0
natural_extraction,government-3fce95ee7545,government,dirty,1,Random 50%,1,0.9834720546830449,1.0,8.478768275119364,4.0,3.0,0.25,1.0,0.0,0.8333333333333334,0.7142857142857143,0.7692307692307692,0.0
natural_extraction,government-3fce95ee7545,government,dirty,1,Always repair,1,0.9834720546830449,1.0,8.478768275119364,4.0,3.0,0.25,1.0,0.0,0.8333333333333334,0.7142857142857143,0.7692307692307692,0.0
natural_extraction,government-3fce95ee7545,government,dirty,1,Never repair,0,0.9834720546830449,0.0,0.0,4.0,4.0,0.0,1.0,0.0,0.7142857142857143,0.7142857142857143,0.7142857142857143,0.0
natural_extraction,government-44de83980361,government,clean,0,Learned router,0,1.1372327251321928e-05,0.0,0.0,0.0,0.0,1.0,1.0,0.0,1.0,1.0,1.0,1.0
natural_extraction,government-44de83980361,government,clean,0,Heuristic violations,0,1.1372327251321928e-05,0.0,0.0,0.0,0.0,1.0,1.0,0.0,1.0,1.0,1.0,1.0
natural_extraction,government-44de83980361,government,clean,0,Quality threshold,0,1.1372327251321928e-05,0.0,0.0,0.0,0.0,1.0,1.0,0.0,1.0,1.0,1.0,1.0
natural_extraction,government-44de83980361,government,clean,0,Random 50%,0,1.1372327251321928e-05,0.0,0.0,0.0,0.0,1.0,1.0,0.0,1.0,1.0,1.0,1.0
natural_extraction,government-44de83980361,government,clean,0,Always repair,1,1.1372327251321928e-05,1.0,17.823392923921347,0.0,0.0,1.0,1.0,0.0,1.0,1.0,1.0,1.0
natural_extraction,government-44de83980361,government,clean,0,Never repair,0,1.1372327251321928e-05,0.0,0.0,0.0,0.0,1.0,1.0,0.0,1.0,1.0,1.0,1.0
natural_extraction,government-44de83980361,government,dirty,1,Learned router,1,1.0,1.0,7.625355600379407,7.0,7.0,0.0,1.0,0.0,0.0,0.0,0.0,0.0
natural_extraction,government-44de83980361,government,dirty,1,Heuristic violations,1,1.0,1.0,7.625355600379407,7.0,7.0,0.0,1.0,0.0,0.0,0.0,0.0,0.0
natural_extraction,government-44de83980361,government,dirty,1,Quality threshold,1,1.0,1.0,7.625355600379407,7.0,7.0,0.0,1.0,0.0,0.0,0.0,0.0,0.0
natural_extraction,government-44de83980361,government,dirty,1,Random 50%,1,1.0,1.0,7.625355600379407,7.0,7.0,0.0,1.0,0.0,0.0,0.0,0.0,0.0
natural_extraction,government-44de83980361,government,dirty,1,Always repair,1,1.0,1.0,7.625355600379407,7.0,7.0,0.0,1.0,0.0,0.0,0.0,0.0,0.0
natural_extraction,government-44de83980361,government,dirty,1,Never repair,0,1.0,0.0,0.0,7.0,7.0,0.0,1.0,0.0,0.0,0.0,0.0,0.0
natural_extraction,government-488d64df832f,government,clean,0,Learned router,0,1.1372327251321928e-05,0.0,0.0,0.0,0.0,1.0,1.0,0.0,1.0,1.0,1.0,1.0
natural_extraction,government-488d64df832f,government,clean,0,Heuristic violations,0,1.1372327251321928e-05,0.0,0.0,0.0,0.0,1.0,1.0,0.0,1.0,1.0,1.0,1.0
natural_extraction,government-488d64df832f,government,clean,0,Quality threshold,0,1.1372327251321928e-05,0.0,0.0,0.0,0.0,1.0,1.0,0.0,1.0,1.0,1.0,1.0
natural_extraction,government-488d64df832f,government,clean,0,Random 50%,0,1.1372327251321928e-05,0.0,0.0,0.0,0.0,1.0,1.0,0.0,1.0,1.0,1.0,1.0
natural_extraction,government-488d64df832f,government,clean,0,Always repair,1,1.1372327251321928e-05,1.0,5.863621505908668,0.0,0.0,1.0,1.0,0.0,1.0,1.0,1.0,1.0
natural_extraction,government-488d64df832f,government,clean,0,Never repair,0,1.1372327251321928e-05,0.0,0.0,0.0,0.0,1.0,1.0,0.0,1.0,1.0,1.0,1.0
natural_extraction,government-488d64df832f,government,dirty,1,Learned router,1,0.9999997647358153,1.0,8.772183684632182,4.0,2.0,0.5,1.0,0.0,1.0,0.7142857142857143,0.8333333333333333,0.0
natural_extraction,government-488d64df832f,government,dirty,1,Heuristic violations,1,0.9999997647358153,1.0,8.772183684632182,4.0,2.0,0.5,1.0,0.0,1.0,0.7142857142857143,0.8333333333333333,0.0
natural_extraction,government-488d64df832f,government,dirty,1,Quality threshold,1,0.9999997647358153,1.0,8.772183684632182,4.0,2.0,0.5,1.0,0.0,1.0,0.7142857142857143,0.8333333333333333,0.0
natural_extraction,government-488d64df832f,government,dirty,1,Random 50%,0,0.9999997647358153,0.0,0.0,4.0,4.0,0.0,1.0,0.0,0.7142857142857143,0.7142857142857143,0.7142857142857143,0.0
natural_extraction,government-488d64df832f,government,dirty,1,Always repair,1,0.9999997647358153,1.0,8.772183684632182,4.0,2.0,0.5,1.0,0.0,1.0,0.7142857142857143,0.8333333333333333,0.0
natural_extraction,government-488d64df832f,government,dirty,1,Never repair,0,0.9999997647358153,0.0,0.0,4.0,4.0,0.0,1.0,0.0,0.7142857142857143,0.7142857142857143,0.7142857142857143,0.0
natural_extraction,government-4b806a9d69cf,government,clean,0,Learned router,0,1.1372327251321928e-05,0.0,0.0,0.0,0.0,1.0,1.0,0.0,1.0,1.0,1.0,1.0
natural_extraction,government-4b806a9d69cf,government,clean,0,Heuristic violations,0,1.1372327251321928e-05,0.0,0.0,0.0,0.0,1.0,1.0,0.0,1.0,1.0,1.0,1.0
natural_extraction,government-4b806a9d69cf,government,clean,0,Quality threshold,0,1.1372327251321928e-05,0.0,0.0,0.0,0.0,1.0,1.0,0.0,1.0,1.0,1.0,1.0
natural_extraction,government-4b806a9d69cf,government,clean,0,Random 50%,0,1.1372327251321928e-05,0.0,0.0,0.0,0.0,1.0,1.0,0.0,1.0,1.0,1.0,1.0
natural_extraction,government-4b806a9d69cf,government,clean,0,Always repair,1,1.1372327251321928e-05,1.0,10.142554517835379,0.0,0.0,1.0,1.0,0.0,1.0,1.0,1.0,1.0
natural_extraction,government-4b806a9d69cf,government,clean,0,Never repair,0,1.1372327251321928e-05,0.0,0.0,0.0,0.0,1.0,1.0,0.0,1.0,1.0,1.0,1.0
natural_extraction,government-4b806a9d69cf,government,dirty,1,Learned router,0,1.1372327251321928e-05,0.0,0.0,4.0,4.0,0.0,1.0,0.0,0.7142857142857143,0.7142857142857143,0.7142857142857143,0.0
natural_extraction,government-4b806a9d69cf,government,dirty,1,Heuristic violations,0,1.1372327251321928e-05,0.0,0.0,4.0,4.0,0.0,1.0,0.0,0.7142857142857143,0.7142857142857143,0.7142857142857143,0.0
natural_extraction,government-4b806a9d69cf,government,dirty,1,Quality threshold,0,1.1372327251321928e-05,0.0,0.0,4.0,4.0,0.0,1.0,0.0,0.7142857142857143,0.7142857142857143,0.7142857142857143,0.0
natural_extraction,government-4b806a9d69cf,government,dirty,1,Random 50%,1,1.1372327251321928e-05,1.0,9.6833360735327,4.0,3.0,0.25,1.0,0.0,0.8333333333333334,0.7142857142857143,0.7692307692307692,0.0
natural_extraction,government-4b806a9d69cf,government,dirty,1,Always repair,1,1.1372327251321928e-05,1.0,9.6833360735327,4.0,3.0,0.25,1.0,0.0,0.8333333333333334,0.7142857142857143,0.7692307692307692,0.0
natural_extraction,government-4b806a9d69cf,government,dirty,1,Never repair,0,1.1372327251321928e-05,0.0,0.0,4.0,4.0,0.0,1.0,0.0,0.7142857142857143,0.7142857142857143,0.7142857142857143,0.0
natural_extraction,government-4e8efca9eb4c,government,clean,0,Learned router,0,1.1372327251321928e-05,0.0,0.0,0.0,0.0,1.0,1.0,0.0,1.0,1.0,1.0,1.0
natural_extraction,government-4e8efca9eb4c,government,clean,0,Heuristic violations,0,1.1372327251321928e-05,0.0,0.0,0.0,0.0,1.0,1.0,0.0,1.0,1.0,1.0,1.0
natural_extraction,government-4e8efca9eb4c,government,clean,0,Quality threshold,0,1.1372327251321928e-05,0.0,0.0,0.0,0.0,1.0,1.0,0.0,1.0,1.0,1.0,1.0
natural_extraction,government-4e8efca9eb4c,government,clean,0,Random 50%,0,1.1372327251321928e-05,0.0,0.0,0.0,0.0,1.0,1.0,0.0,1.0,1.0,1.0,1.0
natural_extraction,government-4e8efca9eb4c,government,clean,0,Always repair,1,1.1372327251321928e-05,1.0,7.866318162530661,0.0,0.0,1.0,1.0,0.0,1.0,1.0,1.0,1.0
natural_extraction,government-4e8efca9eb4c,government,clean,0,Never repair,0,1.1372327251321928e-05,0.0,0.0,0.0,0.0,1.0,1.0,0.0,1.0,1.0,1.0,1.0
natural_extraction,government-4e8efca9eb4c,government,dirty,1,Learned router,1,0.9999999661831251,1.0,13.894216001965106,2.0,2.0,0.0,1.0,0.0,1.0,0.7142857142857143,0.8333333333333333,0.0
natural_extraction,government-4e8efca9eb4c,government,dirty,1,Heuristic violations,1,0.9999999661831251,1.0,13.894216001965106,2.0,2.0,0.0,1.0,0.0,1.0,0.7142857142857143,0.8333333333333333,0.0
natural_extraction,government-4e8efca9eb4c,government,dirty,1,Quality threshold,1,0.9999999661831251,1.0,13.894216001965106,2.0,2.0,0.0,1.0,0.0,1.0,0.7142857142857143,0.8333333333333333,0.0
natural_extraction,government-4e8efca9eb4c,government,dirty,1,Random 50%,1,0.9999999661831251,1.0,13.894216001965106,2.0,2.0,0.0,1.0,0.0,1.0,0.7142857142857143,0.8333333333333333,0.0
natural_extraction,government-4e8efca9eb4c,government,dirty,1,Always repair,1,0.9999999661831251,1.0,13.894216001965106,2.0,2.0,0.0,1.0,0.0,1.0,0.7142857142857143,0.8333333333333333,0.0
natural_extraction,government-4e8efca9eb4c,government,dirty,1,Never repair,0,0.9999999661831251,0.0,0.0,2.0,2.0,0.0,1.0,0.0,1.0,0.7142857142857143,0.8333333333333333,0.0
natural_extraction,government-546aaf79e226,government,clean,0,Learned router,0,1.1372327251321928e-05,0.0,0.0,0.0,0.0,1.0,1.0,0.0,1.0,1.0,1.0,1.0
natural_extraction,government-546aaf79e226,government,clean,0,Heuristic violations,0,1.1372327251321928e-05,0.0,0.0,0.0,0.0,1.0,1.0,0.0,1.0,1.0,1.0,1.0
natural_extraction,government-546aaf79e226,government,clean,0,Quality threshold,0,1.1372327251321928e-05,0.0,0.0,0.0,0.0,1.0,1.0,0.0,1.0,1.0,1.0,1.0
natural_extraction,government-546aaf79e226,government,clean,0,Random 50%,0,1.1372327251321928e-05,0.0,0.0,0.0,0.0,1.0,1.0,0.0,1.0,1.0,1.0,1.0
natural_extraction,government-546aaf79e226,government,clean,0,Always repair,1,1.1372327251321928e-05,1.0,9.65106247831136,0.0,0.0,1.0,1.0,0.0,1.0,1.0,1.0,1.0
natural_extraction,government-546aaf79e226,government,clean,0,Never repair,0,1.1372327251321928e-05,0.0,0.0,0.0,0.0,1.0,1.0,0.0,1.0,1.0,1.0,1.0
natural_extraction,government-546aaf79e226,government,dirty,1,Learned router,1,0.9834720546830449,1.0,7.563558306545019,4.0,3.0,0.25,1.0,0.0,0.8333333333333334,0.7142857142857143,0.7692307692307692,0.0
natural_extraction,government-546aaf79e226,government,dirty,1,Heuristic violations,1,0.9834720546830449,1.0,7.563558306545019,4.0,3.0,0.25,1.0,0.0,0.8333333333333334,0.7142857142857143,0.7692307692307692,0.0
natural_extraction,government-546aaf79e226,government,dirty,1,Quality threshold,1,0.9834720546830449,1.0,7.563558306545019,4.0,3.0,0.25,1.0,0.0,0.8333333333333334,0.7142857142857143,0.7692307692307692,0.0
natural_extraction,government-546aaf79e226,government,dirty,1,Random 50%,1,0.9834720546830449,1.0,7.563558306545019,4.0,3.0,0.25,1.0,0.0,0.8333333333333334,0.7142857142857143,0.7692307692307692,0.0
natural_extraction,government-546aaf79e226,government,dirty,1,Always repair,1,0.9834720546830449,1.0,7.563558306545019,4.0,3.0,0.25,1.0,0.0,0.8333333333333334,0.7142857142857143,0.7692307692307692,0.0
natural_extraction,government-546aaf79e226,government,dirty,1,Never repair,0,0.9834720546830449,0.0,0.0,4.0,4.0,0.0,1.0,0.0,0.7142857142857143,0.7142857142857143,0.7142857142857143,0.0
natural_extraction,government-584133fdecce,government,clean,0,Learned router,0,1.1372327251321928e-05,0.0,0.0,0.0,0.0,1.0,1.0,0.0,1.0,1.0,1.0,1.0
natural_extraction,government-584133fdecce,government,clean,0,Heuristic violations,0,1.1372327251321928e-05,0.0,0.0,0.0,0.0,1.0,1.0,0.0,1.0,1.0,1.0,1.0
natural_extraction,government-584133fdecce,government,clean,0,Quality threshold,0,1.1372327251321928e-05,0.0,0.0,0.0,0.0,1.0,1.0,0.0,1.0,1.0,1.0,1.0
natural_extraction,government-584133fdecce,government,clean,0,Random 50%,1,1.1372327251321928e-05,1.0,10.523036983795464,0.0,0.0,1.0,1.0,0.0,1.0,1.0,1.0,1.0
natural_extraction,government-584133fdecce,government,clean,0,Always repair,1,1.1372327251321928e-05,1.0,10.523036983795464,0.0,0.0,1.0,1.0,0.0,1.0,1.0,1.0,1.0
natural_extraction,government-584133fdecce,government,clean,0,Never repair,0,1.1372327251321928e-05,0.0,0.0,0.0,0.0,1.0,1.0,0.0,1.0,1.0,1.0,1.0
natural_extraction,government-584133fdecce,government,dirty,1,Learned router,0,1.1372327251321928e-05,0.0,0.0,4.0,4.0,0.0,1.0,0.0,0.7142857142857143,0.7142857142857143,0.7142857142857143,0.0
natural_extraction,government-584133fdecce,government,dirty,1,Heuristic violations,0,1.1372327251321928e-05,0.0,0.0,4.0,4.0,0.0,1.0,0.0,0.7142857142857143,0.7142857142857143,0.7142857142857143,0.0
natural_extraction,government-584133fdecce,government,dirty,1,Quality threshold,0,1.1372327251321928e-05,0.0,0.0,4.0,4.0,0.0,1.0,0.0,0.7142857142857143,0.7142857142857143,0.7142857142857143,0.0
natural_extraction,government-584133fdecce,government,dirty,1,Random 50%,1,1.1372327251321928e-05,1.0,5.989051920361817,4.0,4.0,0.0,1.0,0.5,0.7142857142857143,0.7142857142857143,0.7142857142857143,0.0
natural_extraction,government-584133fdecce,government,dirty,1,Always repair,1,1.1372327251321928e-05,1.0,5.989051920361817,4.0,4.0,0.0,1.0,0.5,0.7142857142857143,0.7142857142857143,0.7142857142857143,0.0
natural_extraction,government-584133fdecce,government,dirty,1,Never repair,0,1.1372327251321928e-05,0.0,0.0,4.0,4.0,0.0,1.0,0.0,0.7142857142857143,0.7142857142857143,0.7142857142857143,0.0
natural_extraction,government-5b9e64ef2b07,government,clean,0,Learned router,0,1.1372327251321928e-05,0.0,0.0,0.0,0.0,1.0,1.0,0.0,1.0,1.0,1.0,1.0
natural_extraction,government-5b9e64ef2b07,government,clean,0,Heuristic violations,0,1.1372327251321928e-05,0.0,0.0,0.0,0.0,1.0,1.0,0.0,1.0,1.0,1.0,1.0
natural_extraction,government-5b9e64ef2b07,government,clean,0,Quality threshold,0,1.1372327251321928e-05,0.0,0.0,0.0,0.0,1.0,1.0,0.0,1.0,1.0,1.0,1.0
natural_extraction,government-5b9e64ef2b07,government,clean,0,Random 50%,0,1.1372327251321928e-05,0.0,0.0,0.0,0.0,1.0,1.0,0.0,1.0,1.0,1.0,1.0
natural_extraction,government-5b9e64ef2b07,government,clean,0,Always repair,1,1.1372327251321928e-05,1.0,9.851498614996672,0.0,0.0,1.0,1.0,0.0,1.0,1.0,1.0,1.0
natural_extraction,government-5b9e64ef2b07,government,clean,0,Never repair,0,1.1372327251321928e-05,0.0,0.0,0.0,0.0,1.0,1.0,0.0,1.0,1.0,1.0,1.0
natural_extraction,government-5b9e64ef2b07,government,dirty,0,Learned router,0,1.1372327251321928e-05,0.0,0.0,0.0,0.0,1.0,1.0,0.0,1.0,1.0,1.0,1.0
natural_extraction,government-5b9e64ef2b07,government,dirty,0,Heuristic violations,0,1.1372327251321928e-05,0.0,0.0,0.0,0.0,1.0,1.0,0.0,1.0,1.0,1.0,1.0
natural_extraction,government-5b9e64ef2b07,government,dirty,0,Quality threshold,0,1.1372327251321928e-05,0.0,0.0,0.0,0.0,1.0,1.0,0.0,1.0,1.0,1.0,1.0
natural_extraction,government-5b9e64ef2b07,government,dirty,0,Random 50%,1,1.1372327251321928e-05,1.0,5.904038715176284,0.0,0.0,1.0,1.0,0.0,1.0,1.0,1.0,1.0
natural_extraction,government-5b9e64ef2b07,government,dirty,0,Always repair,1,1.1372327251321928e-05,1.0,5.904038715176284,0.0,0.0,1.0,1.0,0.0,1.0,1.0,1.0,1.0
natural_extraction,government-5b9e64ef2b07,government,dirty,0,Never repair,0,1.1372327251321928e-05,0.0,0.0,0.0,0.0,1.0,1.0,0.0,1.0,1.0,1.0,1.0
natural_extraction,government-5ceb8fb7d460,government,clean,0,Learned router,0,1.1372327251321928e-05,0.0,0.0,0.0,0.0,1.0,1.0,0.0,1.0,1.0,1.0,1.0
natural_extraction,government-5ceb8fb7d460,government,clean,0,Heuristic violations,0,1.1372327251321928e-05,0.0,0.0,0.0,0.0,1.0,1.0,0.0,1.0,1.0,1.0,1.0
natural_extraction,government-5ceb8fb7d460,government,clean,0,Quality threshold,0,1.1372327251321928e-05,0.0,0.0,0.0,0.0,1.0,1.0,0.0,1.0,1.0,1.0,1.0
natural_extraction,government-5ceb8fb7d460,government,clean,0,Random 50%,0,1.1372327251321928e-05,0.0,0.0,0.0,0.0,1.0,1.0,0.0,1.0,1.0,1.0,1.0
natural_extraction,government-5ceb8fb7d460,government,clean,0,Always repair,1,1.1372327251321928e-05,1.0,8.673106284812093,0.0,0.0,1.0,1.0,0.0,1.0,1.0,1.0,1.0
natural_extraction,government-5ceb8fb7d460,government,clean,0,Never repair,0,1.1372327251321928e-05,0.0,0.0,0.0,0.0,1.0,1.0,0.0,1.0,1.0,1.0,1.0
natural_extraction,government-5ceb8fb7d460,government,dirty,1,Learned router,1,0.9834720546830449,1.0,5.975105645135045,4.0,2.0,0.5,1.0,0.0,1.0,0.7142857142857143,0.8333333333333333,0.0
natural_extraction,government-5ceb8fb7d460,government,dirty,1,Heuristic violations,1,0.9834720546830449,1.0,5.975105645135045,4.0,2.0,0.5,1.0,0.0,1.0,0.7142857142857143,0.8333333333333333,0.0
natural_extraction,government-5ceb8fb7d460,government,dirty,1,Quality threshold,1,0.9834720546830449,1.0,5.975105645135045,4.0,2.0,0.5,1.0,0.0,1.0,0.7142857142857143,0.8333333333333333,0.0
natural_extraction,government-5ceb8fb7d460,government,dirty,1,Random 50%,0,0.9834720546830449,0.0,0.0,4.0,4.0,0.0,1.0,0.0,0.7142857142857143,0.7142857142857143,0.7142857142857143,0.0
natural_extraction,government-5ceb8fb7d460,government,dirty,1,Always repair,1,0.9834720546830449,1.0,5.975105645135045,4.0,2.0,0.5,1.0,0.0,1.0,0.7142857142857143,0.8333333333333333,0.0
natural_extraction,government-5ceb8fb7d460,government,dirty,1,Never repair,0,0.9834720546830449,0.0,0.0,4.0,4.0,0.0,1.0,0.0,0.7142857142857143,0.7142857142857143,0.7142857142857143,0.0
natural_extraction,government-6b8726993c79,government,clean,0,Learned router,0,1.1372327251321928e-05,0.0,0.0,0.0,0.0,1.0,1.0,0.0,1.0,1.0,1.0,1.0
natural_extraction,government-6b8726993c79,government,clean,0,Heuristic violations,0,1.1372327251321928e-05,0.0,0.0,0.0,0.0,1.0,1.0,0.0,1.0,1.0,1.0,1.0
natural_extraction,government-6b8726993c79,government,clean,0,Quality threshold,0,1.1372327251321928e-05,0.0,0.0,0.0,0.0,1.0,1.0,0.0,1.0,1.0,1.0,1.0
natural_extraction,government-6b8726993c79,government,clean,0,Random 50%,1,1.1372327251321928e-05,1.0,7.904477803967893,0.0,0.0,1.0,1.0,0.0,1.0,1.0,1.0,1.0
natural_extraction,government-6b8726993c79,government,clean,0,Always repair,1,1.1372327251321928e-05,1.0,7.904477803967893,0.0,0.0,1.0,1.0,0.0,1.0,1.0,1.0,1.0
natural_extraction,government-6b8726993c79,government,clean,0,Never repair,0,1.1372327251321928e-05,0.0,0.0,0.0,0.0,1.0,1.0,0.0,1.0,1.0,1.0,1.0
natural_extraction,government-6b8726993c79,government,dirty,1,Learned router,1,0.9999999661831251,1.0,8.7115250620991,2.0,2.0,0.0,1.0,0.0,1.0,0.7142857142857143,0.8333333333333333,0.0
natural_extraction,government-6b8726993c79,government,dirty,1,Heuristic violations,1,0.9999999661831251,1.0,8.7115250620991,2.0,2.0,0.0,1.0,0.0,1.0,0.7142857142857143,0.8333333333333333,0.0
natural_extraction,government-6b8726993c79,government,dirty,1,Quality threshold,1,0.9999999661831251,1.0,8.7115250620991,2.0,2.0,0.0,1.0,0.0,1.0,0.7142857142857143,0.8333333333333333,0.0
natural_extraction,government-6b8726993c79,government,dirty,1,Random 50%,0,0.9999999661831251,0.0,0.0,2.0,2.0,0.0,1.0,0.0,1.0,0.7142857142857143,0.8333333333333333,0.0
natural_extraction,government-6b8726993c79,government,dirty,1,Always repair,1,0.9999999661831251,1.0,8.7115250620991,2.0,2.0,0.0,1.0,0.0,1.0,0.7142857142857143,0.8333333333333333,0.0
natural_extraction,government-6b8726993c79,government,dirty,1,Never repair,0,0.9999999661831251,0.0,0.0,2.0,2.0,0.0,1.0,0.0,1.0,0.7142857142857143,0.8333333333333333,0.0
natural_extraction,government-6d75a9f8f58a,government,clean,0,Learned router,0,1.1372327251321928e-05,0.0,0.0,0.0,0.0,1.0,1.0,0.0,1.0,1.0,1.0,1.0
natural_extraction,government-6d75a9f8f58a,government,clean,0,Heuristic violations,0,1.1372327251321928e-05,0.0,0.0,0.0,0.0,1.0,1.0,0.0,1.0,1.0,1.0,1.0
natural_extraction,government-6d75a9f8f58a,government,clean,0,Quality threshold,0,1.1372327251321928e-05,0.0,0.0,0.0,0.0,1.0,1.0,0.0,1.0,1.0,1.0,1.0
natural_extraction,government-6d75a9f8f58a,government,clean,0,Random 50%,1,1.1372327251321928e-05,1.0,15.139169931411743,0.0,0.0,1.0,1.0,0.0,1.0,1.0,1.0,1.0
natural_extraction,government-6d75a9f8f58a,government,clean,0,Always repair,1,1.1372327251321928e-05,1.0,15.139169931411743,0.0,0.0,1.0,1.0,0.0,1.0,1.0,1.0,1.0
natural_extraction,government-6d75a9f8f58a,government,clean,0,Never repair,0,1.1372327251321928e-05,0.0,0.0,0.0,0.0,1.0,1.0,0.0,1.0,1.0,1.0,1.0
natural_extraction,government-6d75a9f8f58a,government,dirty,1,Learned router,1,1.0,1.0,10.725360178388655,7.0,3.0,0.5714285714285714,1.0,0.16666666666666666,0.8333333333333334,0.7142857142857143,0.7692307692307692,0.0
natural_extraction,government-6d75a9f8f58a,government,dirty,1,Heuristic violations,1,1.0,1.0,10.725360178388655,7.0,3.0,0.5714285714285714,1.0,0.16666666666666666,0.8333333333333334,0.7142857142857143,0.7692307692307692,0.0
natural_extraction,government-6d75a9f8f58a,government,dirty,1,Quality threshold,1,1.0,1.0,10.725360178388655,7.0,3.0,0.5714285714285714,1.0,0.16666666666666666,0.8333333333333334,0.7142857142857143,0.7692307692307692,0.0
natural_extraction,government-6d75a9f8f58a,government,dirty,1,Random 50%,0,1.0,0.0,0.0,7.0,7.0,0.0,1.0,0.0,0.0,0.0,0.0,0.0
natural_extraction,government-6d75a9f8f58a,government,dirty,1,Always repair,1,1.0,1.0,10.725360178388655,7.0,3.0,0.5714285714285714,1.0,0.16666666666666666,0.8333333333333334,0.7142857142857143,0.7692307692307692,0.0
natural_extraction,government-6d75a9f8f58a,government,dirty,1,Never repair,0,1.0,0.0,0.0,7.0,7.0,0.0,1.0,0.0,0.0,0.0,0.0,0.0
natural_extraction,government-6e3b3a7375ca,government,clean,0,Learned router,0,1.1372327251321928e-05,0.0,0.0,0.0,0.0,1.0,1.0,0.0,1.0,1.0,1.0,1.0
natural_extraction,government-6e3b3a7375ca,government,clean,0,Heuristic violations,0,1.1372327251321928e-05,0.0,0.0,0.0,0.0,1.0,1.0,0.0,1.0,1.0,1.0,1.0
natural_extraction,government-6e3b3a7375ca,government,clean,0,Quality threshold,0,1.1372327251321928e-05,0.0,0.0,0.0,0.0,1.0,1.0,0.0,1.0,1.0,1.0,1.0
natural_extraction,government-6e3b3a7375ca,government,clean,0,Random 50%,1,1.1372327251321928e-05,1.0,5.5040372824296355,0.0,0.0,1.0,1.0,0.0,1.0,1.0,1.0,1.0
natural_extraction,government-6e3b3a7375ca,government,clean,0,Always repair,1,1.1372327251321928e-05,1.0,5.5040372824296355,0.0,0.0,1.0,1.0,0.0,1.0,1.0,1.0,1.0
natural_extraction,government-6e3b3a7375ca,government,clean,0,Never repair,0,1.1372327251321928e-05,0.0,0.0,0.0,0.0,1.0,1.0,0.0,1.0,1.0,1.0,1.0
natural_extraction,government-6e3b3a7375ca,government,dirty,1,Learned router,1,0.9834720546830449,1.0,9.886166721582413,4.0,3.0,0.25,1.0,0.0,0.8333333333333334,0.7142857142857143,0.7692307692307692,0.0
natural_extraction,government-6e3b3a7375ca,government,dirty,1,Heuristic violations,1,0.9834720546830449,1.0,9.886166721582413,4.0,3.0,0.25,1.0,0.0,0.8333333333333334,0.7142857142857143,0.7692307692307692,0.0
natural_extraction,government-6e3b3a7375ca,government,dirty,1,Quality threshold,1,0.9834720546830449,1.0,9.886166721582413,4.0,3.0,0.25,1.0,0.0,0.8333333333333334,0.7142857142857143,0.7692307692307692,0.0
natural_extraction,government-6e3b3a7375ca,government,dirty,1,Random 50%,0,0.9834720546830449,0.0,0.0,4.0,4.0,0.0,1.0,0.0,0.7142857142857143,0.7142857142857143,0.7142857142857143,0.0
natural_extraction,government-6e3b3a7375ca,government,dirty,1,Always repair,1,0.9834720546830449,1.0,9.886166721582413,4.0,3.0,0.25,1.0,0.0,0.8333333333333334,0.7142857142857143,0.7692307692307692,0.0
natural_extraction,government-6e3b3a7375ca,government,dirty,1,Never repair,0,0.9834720546830449,0.0,0.0,4.0,4.0,0.0,1.0,0.0,0.7142857142857143,0.7142857142857143,0.7142857142857143,0.0
natural_extraction,government-75bedf0d3f3c,government,clean,0,Learned router,0,1.1372327251321928e-05,0.0,0.0,0.0,0.0,1.0,1.0,0.0,1.0,1.0,1.0,1.0
natural_extraction,government-75bedf0d3f3c,government,clean,0,Heuristic violations,0,1.1372327251321928e-05,0.0,0.0,0.0,0.0,1.0,1.0,0.0,1.0,1.0,1.0,1.0
natural_extraction,government-75bedf0d3f3c,government,clean,0,Quality threshold,0,1.1372327251321928e-05,0.0,0.0,0.0,0.0,1.0,1.0,0.0,1.0,1.0,1.0,1.0
natural_extraction,government-75bedf0d3f3c,government,clean,0,Random 50%,0,1.1372327251321928e-05,0.0,0.0,0.0,0.0,1.0,1.0,0.0,1.0,1.0,1.0,1.0
natural_extraction,government-75bedf0d3f3c,government,clean,0,Always repair,1,1.1372327251321928e-05,1.0,10.909749804995954,0.0,0.0,1.0,1.0,0.0,1.0,1.0,1.0,1.0
natural_extraction,government-75bedf0d3f3c,government,clean,0,Never repair,0,1.1372327251321928e-05,0.0,0.0,0.0,0.0,1.0,1.0,0.0,1.0,1.0,1.0,1.0
natural_extraction,government-75bedf0d3f3c,government,dirty,1,Learned router,0,1.1372327251321928e-05,0.0,0.0,4.0,4.0,0.0,1.0,0.0,0.7142857142857143,0.7142857142857143,0.7142857142857143,0.0
natural_extraction,government-75bedf0d3f3c,government,dirty,1,Heuristic violations,0,1.1372327251321928e-05,0.0,0.0,4.0,4.0,0.0,1.0,0.0,0.7142857142857143,0.7142857142857143,0.7142857142857143,0.0
natural_extraction,government-75bedf0d3f3c,government,dirty,1,Quality threshold,0,1.1372327251321928e-05,0.0,0.0,4.0,4.0,0.0,1.0,0.0,0.7142857142857143,0.7142857142857143,0.7142857142857143,0.0
natural_extraction,government-75bedf0d3f3c,government,dirty,1,Random 50%,0,1.1372327251321928e-05,0.0,0.0,4.0,4.0,0.0,1.0,0.0,0.7142857142857143,0.7142857142857143,0.7142857142857143,0.0
natural_extraction,government-75bedf0d3f3c,government,dirty,1,Always repair,1,1.1372327251321928e-05,1.0,13.881117213517427,4.0,3.0,0.25,1.0,0.3333333333333333,0.8333333333333334,0.7142857142857143,0.7692307692307692,0.0
natural_extraction,government-75bedf0d3f3c,government,dirty,1,Never repair,0,1.1372327251321928e-05,0.0,0.0,4.0,4.0,0.0,1.0,0.0,0.7142857142857143,0.7142857142857143,0.7142857142857143,0.0
natural_extraction,government-7e30032da8be,government,clean,0,Learned router,0,1.1372327251321928e-05,0.0,0.0,0.0,0.0,1.0,1.0,0.0,1.0,1.0,1.0,1.0
natural_extraction,government-7e30032da8be,government,clean,0,Heuristic violations,0,1.1372327251321928e-05,0.0,0.0,0.0,0.0,1.0,1.0,0.0,1.0,1.0,1.0,1.0
natural_extraction,government-7e30032da8be,government,clean,0,Quality threshold,0,1.1372327251321928e-05,0.0,0.0,0.0,0.0,1.0,1.0,0.0,1.0,1.0,1.0,1.0
natural_extraction,government-7e30032da8be,government,clean,0,Random 50%,0,1.1372327251321928e-05,0.0,0.0,0.0,0.0,1.0,1.0,0.0,1.0,1.0,1.0,1.0
natural_extraction,government-7e30032da8be,government,clean,0,Always repair,1,1.1372327251321928e-05,1.0,6.591618170030415,0.0,0.0,1.0,1.0,0.0,1.0,1.0,1.0,1.0
natural_extraction,government-7e30032da8be,government,clean,0,Never repair,0,1.1372327251321928e-05,0.0,0.0,0.0,0.0,1.0,1.0,0.0,1.0,1.0,1.0,1.0
natural_extraction,government-7e30032da8be,government,dirty,1,Learned router,1,0.5529437342195285,1.0,13.461760759353638,1.0,0.0,1.0,1.0,0.0,1.0,1.0,1.0,1.0
natural_extraction,government-7e30032da8be,government,dirty,1,Heuristic violations,1,0.5529437342195285,1.0,13.461760759353638,1.0,0.0,1.0,1.0,0.0,1.0,1.0,1.0,1.0
natural_extraction,government-7e30032da8be,government,dirty,1,Quality threshold,1,0.5529437342195285,1.0,13.461760759353638,1.0,0.0,1.0,1.0,0.0,1.0,1.0,1.0,1.0
natural_extraction,government-7e30032da8be,government,dirty,1,Random 50%,0,0.5529437342195285,0.0,0.0,1.0,1.0,0.0,1.0,0.0,1.0,0.8571428571428571,0.923076923076923,0.0
natural_extraction,government-7e30032da8be,government,dirty,1,Always repair,1,0.5529437342195285,1.0,13.461760759353638,1.0,0.0,1.0,1.0,0.0,1.0,1.0,1.0,1.0
natural_extraction,government-7e30032da8be,government,dirty,1,Never repair,0,0.5529437342195285,0.0,0.0,1.0,1.0,0.0,1.0,0.0,1.0,0.8571428571428571,0.923076923076923,0.0
natural_extraction,government-7e9b1177c4f5,government,clean,0,Learned router,0,1.1372327251321928e-05,0.0,0.0,0.0,0.0,1.0,1.0,0.0,1.0,1.0,1.0,1.0
natural_extraction,government-7e9b1177c4f5,government,clean,0,Heuristic violations,0,1.1372327251321928e-05,0.0,0.0,0.0,0.0,1.0,1.0,0.0,1.0,1.0,1.0,1.0
natural_extraction,government-7e9b1177c4f5,government,clean,0,Quality threshold,0,1.1372327251321928e-05,0.0,0.0,0.0,0.0,1.0,1.0,0.0,1.0,1.0,1.0,1.0
natural_extraction,government-7e9b1177c4f5,government,clean,0,Random 50%,1,1.1372327251321928e-05,1.0,13.761284939013422,0.0,0.0,1.0,1.0,0.0,1.0,1.0,1.0,1.0
natural_extraction,government-7e9b1177c4f5,government,clean,0,Always repair,1,1.1372327251321928e-05,1.0,13.761284939013422,0.0,0.0,1.0,1.0,0.0,1.0,1.0,1.0,1.0
natural_extraction,government-7e9b1177c4f5,government,clean,0,Never repair,0,1.1372327251321928e-05,0.0,0.0,0.0,0.0,1.0,1.0,0.0,1.0,1.0,1.0,1.0
natural_extraction,government-7e9b1177c4f5,government,dirty,1,Learned router,1,0.9999997647358153,1.0,11.926270845346153,4.0,2.0,0.5,1.0,0.0,1.0,0.7142857142857143,0.8333333333333333,0.0
natural_extraction,government-7e9b1177c4f5,government,dirty,1,Heuristic violations,1,0.9999997647358153,1.0,11.926270845346153,4.0,2.0,0.5,1.0,0.0,1.0,0.7142857142857143,0.8333333333333333,0.0
natural_extraction,government-7e9b1177c4f5,government,dirty,1,Quality threshold,1,0.9999997647358153,1.0,11.926270845346153,4.0,2.0,0.5,1.0,0.0,1.0,0.7142857142857143,0.8333333333333333,0.0
natural_extraction,government-7e9b1177c4f5,government,dirty,1,Random 50%,1,0.9999997647358153,1.0,11.926270845346153,4.0,2.0,0.5,1.0,0.0,1.0,0.7142857142857143,0.8333333333333333,0.0
natural_extraction,government-7e9b1177c4f5,government,dirty,1,Always repair,1,0.9999997647358153,1.0,11.926270845346153,4.0,2.0,0.5,1.0,0.0,1.0,0.7142857142857143,0.8333333333333333,0.0
natural_extraction,government-7e9b1177c4f5,government,dirty,1,Never repair,0,0.9999997647358153,0.0,0.0,4.0,4.0,0.0,1.0,0.0,0.7142857142857143,0.7142857142857143,0.7142857142857143,0.0
natural_extraction,government-7fbd640dd08e,government,clean,0,Learned router,0,1.1372327251321928e-05,0.0,0.0,0.0,0.0,1.0,1.0,0.0,1.0,1.0,1.0,1.0
natural_extraction,government-7fbd640dd08e,government,clean,0,Heuristic violations,0,1.1372327251321928e-05,0.0,0.0,0.0,0.0,1.0,1.0,0.0,1.0,1.0,1.0,1.0
natural_extraction,government-7fbd640dd08e,government,clean,0,Quality threshold,0,1.1372327251321928e-05,0.0,0.0,0.0,0.0,1.0,1.0,0.0,1.0,1.0,1.0,1.0
natural_extraction,government-7fbd640dd08e,government,clean,0,Random 50%,0,1.1372327251321928e-05,0.0,0.0,0.0,0.0,1.0,1.0,0.0,1.0,1.0,1.0,1.0
natural_extraction,government-7fbd640dd08e,government,clean,0,Always repair,1,1.1372327251321928e-05,1.0,5.957956696860492,0.0,0.0,1.0,1.0,0.0,1.0,1.0,1.0,1.0
natural_extraction,government-7fbd640dd08e,government,clean,0,Never repair,0,1.1372327251321928e-05,0.0,0.0,0.0,0.0,1.0,1.0,0.0,1.0,1.0,1.0,1.0
natural_extraction,government-7fbd640dd08e,government,dirty,1,Learned router,1,0.9834720546830449,1.0,8.263619507662952,4.0,3.0,0.25,1.0,0.0,0.8333333333333334,0.7142857142857143,0.7692307692307692,0.0
natural_extraction,government-7fbd640dd08e,government,dirty,1,Heuristic violations,1,0.9834720546830449,1.0,8.263619507662952,4.0,3.0,0.25,1.0,0.0,0.8333333333333334,0.7142857142857143,0.7692307692307692,0.0
natural_extraction,government-7fbd640dd08e,government,dirty,1,Quality threshold,1,0.9834720546830449,1.0,8.263619507662952,4.0,3.0,0.25,1.0,0.0,0.8333333333333334,0.7142857142857143,0.7692307692307692,0.0
natural_extraction,government-7fbd640dd08e,government,dirty,1,Random 50%,1,0.9834720546830449,1.0,8.263619507662952,4.0,3.0,0.25,1.0,0.0,0.8333333333333334,0.7142857142857143,0.7692307692307692,0.0
natural_extraction,government-7fbd640dd08e,government,dirty,1,Always repair,1,0.9834720546830449,1.0,8.263619507662952,4.0,3.0,0.25,1.0,0.0,0.8333333333333334,0.7142857142857143,0.7692307692307692,0.0
natural_extraction,government-7fbd640dd08e,government,dirty,1,Never repair,0,0.9834720546830449,0.0,0.0,4.0,4.0,0.0,1.0,0.0,0.7142857142857143,0.7142857142857143,0.7142857142857143,0.0
natural_extraction,government-82073dac50b0,government,clean,0,Learned router,0,1.1372327251321928e-05,0.0,0.0,0.0,0.0,1.0,1.0,0.0,1.0,1.0,1.0,1.0
natural_extraction,government-82073dac50b0,government,clean,0,Heuristic violations,0,1.1372327251321928e-05,0.0,0.0,0.0,0.0,1.0,1.0,0.0,1.0,1.0,1.0,1.0
natural_extraction,government-82073dac50b0,government,clean,0,Quality threshold,0,1.1372327251321928e-05,0.0,0.0,0.0,0.0,1.0,1.0,0.0,1.0,1.0,1.0,1.0
natural_extraction,government-82073dac50b0,government,clean,0,Random 50%,1,1.1372327251321928e-05,1.0,8.965955972671509,0.0,0.0,1.0,1.0,0.0,1.0,1.0,1.0,1.0
natural_extraction,government-82073dac50b0,government,clean,0,Always repair,1,1.1372327251321928e-05,1.0,8.965955972671509,0.0,0.0,1.0,1.0,0.0,1.0,1.0,1.0,1.0
natural_extraction,government-82073dac50b0,government,clean,0,Never repair,0,1.1372327251321928e-05,0.0,0.0,0.0,0.0,1.0,1.0,0.0,1.0,1.0,1.0,1.0
natural_extraction,government-82073dac50b0,government,dirty,0,Learned router,0,1.1372327251321928e-05,0.0,0.0,0.0,0.0,1.0,1.0,0.0,1.0,1.0,1.0,1.0
natural_extraction,government-82073dac50b0,government,dirty,0,Heuristic violations,0,1.1372327251321928e-05,0.0,0.0,0.0,0.0,1.0,1.0,0.0,1.0,1.0,1.0,1.0
natural_extraction,government-82073dac50b0,government,dirty,0,Quality threshold,0,1.1372327251321928e-05,0.0,0.0,0.0,0.0,1.0,1.0,0.0,1.0,1.0,1.0,1.0
natural_extraction,government-82073dac50b0,government,dirty,0,Random 50%,0,1.1372327251321928e-05,0.0,0.0,0.0,0.0,1.0,1.0,0.0,1.0,1.0,1.0,1.0
natural_extraction,government-82073dac50b0,government,dirty,0,Always repair,1,1.1372327251321928e-05,1.0,9.783431517891586,0.0,0.0,1.0,1.0,0.0,1.0,1.0,1.0,1.0
natural_extraction,government-82073dac50b0,government,dirty,0,Never repair,0,1.1372327251321928e-05,0.0,0.0,0.0,0.0,1.0,1.0,0.0,1.0,1.0,1.0,1.0
natural_extraction,government-8b3b3df5b753,government,clean,0,Learned router,0,1.1372327251321928e-05,0.0,0.0,0.0,0.0,1.0,1.0,0.0,1.0,1.0,1.0,1.0
natural_extraction,government-8b3b3df5b753,government,clean,0,Heuristic violations,0,1.1372327251321928e-05,0.0,0.0,0.0,0.0,1.0,1.0,0.0,1.0,1.0,1.0,1.0
natural_extraction,government-8b3b3df5b753,government,clean,0,Quality threshold,0,1.1372327251321928e-05,0.0,0.0,0.0,0.0,1.0,1.0,0.0,1.0,1.0,1.0,1.0
natural_extraction,government-8b3b3df5b753,government,clean,0,Random 50%,0,1.1372327251321928e-05,0.0,0.0,0.0,0.0,1.0,1.0,0.0,1.0,1.0,1.0,1.0
natural_extraction,government-8b3b3df5b753,government,clean,0,Always repair,1,1.1372327251321928e-05,1.0,7.321028213948011,0.0,0.0,1.0,1.0,0.0,1.0,1.0,1.0,1.0
natural_extraction,government-8b3b3df5b753,government,clean,0,Never repair,0,1.1372327251321928e-05,0.0,0.0,0.0,0.0,1.0,1.0,0.0,1.0,1.0,1.0,1.0
natural_extraction,government-8b3b3df5b753,government,dirty,1,Learned router,0,1.1372327251321928e-05,0.0,0.0,4.0,4.0,0.0,1.0,0.0,0.7142857142857143,0.7142857142857143,0.7142857142857143,0.0
natural_extraction,government-8b3b3df5b753,government,dirty,1,Heuristic violations,0,1.1372327251321928e-05,0.0,0.0,4.0,4.0,0.0,1.0,0.0,0.7142857142857143,0.7142857142857143,0.7142857142857143,0.0
natural_extraction,government-8b3b3df5b753,government,dirty,1,Quality threshold,0,1.1372327251321928e-05,0.0,0.0,4.0,4.0,0.0,1.0,0.0,0.7142857142857143,0.7142857142857143,0.7142857142857143,0.0
natural_extraction,government-8b3b3df5b753,government,dirty,1,Random 50%,1,1.1372327251321928e-05,1.0,6.8502384796738625,4.0,3.0,0.25,1.0,0.0,0.8333333333333334,0.7142857142857143,0.7692307692307692,0.0
natural_extraction,government-8b3b3df5b753,government,dirty,1,Always repair,1,1.1372327251321928e-05,1.0,6.8502384796738625,4.0,3.0,0.25,1.0,0.0,0.8333333333333334,0.7142857142857143,0.7692307692307692,0.0
natural_extraction,government-8b3b3df5b753,government,dirty,1,Never repair,0,1.1372327251321928e-05,0.0,0.0,4.0,4.0,0.0,1.0,0.0,0.7142857142857143,0.7142857142857143,0.7142857142857143,0.0
natural_extraction,government-8db3107c9690,government,clean,0,Learned router,0,1.1372327251321928e-05,0.0,0.0,0.0,0.0,1.0,1.0,0.0,1.0,1.0,1.0,1.0
natural_extraction,government-8db3107c9690,government,clean,0,Heuristic violations,0,1.1372327251321928e-05,0.0,0.0,0.0,0.0,1.0,1.0,0.0,1.0,1.0,1.0,1.0
natural_extraction,government-8db3107c9690,government,clean,0,Quality threshold,0,1.1372327251321928e-05,0.0,0.0,0.0,0.0,1.0,1.0,0.0,1.0,1.0,1.0,1.0
natural_extraction,government-8db3107c9690,government,clean,0,Random 50%,1,1.1372327251321928e-05,1.0,8.730735121294856,0.0,0.0,1.0,1.0,0.0,1.0,1.0,1.0,1.0
natural_extraction,government-8db3107c9690,government,clean,0,Always repair,1,1.1372327251321928e-05,1.0,8.730735121294856,0.0,0.0,1.0,1.0,0.0,1.0,1.0,1.0,1.0
natural_extraction,government-8db3107c9690,government,clean,0,Never repair,0,1.1372327251321928e-05,0.0,0.0,0.0,0.0,1.0,1.0,0.0,1.0,1.0,1.0,1.0
natural_extraction,government-8db3107c9690,government,dirty,1,Learned router,0,1.1372327251321928e-05,0.0,0.0,4.0,4.0,0.0,1.0,0.0,0.7142857142857143,0.7142857142857143,0.7142857142857143,0.0
natural_extraction,government-8db3107c9690,government,dirty,1,Heuristic violations,0,1.1372327251321928e-05,0.0,0.0,4.0,4.0,0.0,1.0,0.0,0.7142857142857143,0.7142857142857143,0.7142857142857143,0.0
natural_extraction,government-8db3107c9690,government,dirty,1,Quality threshold,0,1.1372327251321928e-05,0.0,0.0,4.0,4.0,0.0,1.0,0.0,0.7142857142857143,0.7142857142857143,0.7142857142857143,0.0
natural_extraction,government-8db3107c9690,government,dirty,1,Random 50%,1,1.1372327251321928e-05,1.0,7.519162515178323,4.0,4.0,0.0,1.0,0.0,0.7142857142857143,0.7142857142857143,0.7142857142857143,0.0
natural_extraction,government-8db3107c9690,government,dirty,1,Always repair,1,1.1372327251321928e-05,1.0,7.519162515178323,4.0,4.0,0.0,1.0,0.0,0.7142857142857143,0.7142857142857143,0.7142857142857143,0.0
natural_extraction,government-8db3107c9690,government,dirty,1,Never repair,0,1.1372327251321928e-05,0.0,0.0,4.0,4.0,0.0,1.0,0.0,0.7142857142857143,0.7142857142857143,0.7142857142857143,0.0
natural_extraction,government-8ddba1d9acf7,government,clean,0,Learned router,0,1.1372327251321928e-05,0.0,0.0,0.0,0.0,1.0,1.0,0.0,1.0,1.0,1.0,1.0
natural_extraction,government-8ddba1d9acf7,government,clean,0,Heuristic violations,0,1.1372327251321928e-05,0.0,0.0,0.0,0.0,1.0,1.0,0.0,1.0,1.0,1.0,1.0
natural_extraction,government-8ddba1d9acf7,government,clean,0,Quality threshold,0,1.1372327251321928e-05,0.0,0.0,0.0,0.0,1.0,1.0,0.0,1.0,1.0,1.0,1.0
natural_extraction,government-8ddba1d9acf7,government,clean,0,Random 50%,1,1.1372327251321928e-05,1.0,10.000372170470655,0.0,0.0,1.0,1.0,0.0,1.0,1.0,1.0,1.0
natural_extraction,government-8ddba1d9acf7,government,clean,0,Always repair,1,1.1372327251321928e-05,1.0,10.000372170470655,0.0,0.0,1.0,1.0,0.0,1.0,1.0,1.0,1.0
natural_extraction,government-8ddba1d9acf7,government,clean,0,Never repair,0,1.1372327251321928e-05,0.0,0.0,0.0,0.0,1.0,1.0,0.0,1.0,1.0,1.0,1.0
natural_extraction,government-8ddba1d9acf7,government,dirty,1,Learned router,1,0.9834720546830449,1.0,9.882385771721601,4.0,2.0,0.5,1.0,0.0,1.0,0.7142857142857143,0.8333333333333333,0.0
natural_extraction,government-8ddba1d9acf7,government,dirty,1,Heuristic violations,1,0.9834720546830449,1.0,9.882385771721601,4.0,2.0,0.5,1.0,0.0,1.0,0.7142857142857143,0.8333333333333333,0.0
natural_extraction,government-8ddba1d9acf7,government,dirty,1,Quality threshold,1,0.9834720546830449,1.0,9.882385771721601,4.0,2.0,0.5,1.0,0.0,1.0,0.7142857142857143,0.8333333333333333,0.0
natural_extraction,government-8ddba1d9acf7,government,dirty,1,Random 50%,1,0.9834720546830449,1.0,9.882385771721601,4.0,2.0,0.5,1.0,0.0,1.0,0.7142857142857143,0.8333333333333333,0.0
natural_extraction,government-8ddba1d9acf7,government,dirty,1,Always repair,1,0.9834720546830449,1.0,9.882385771721601,4.0,2.0,0.5,1.0,0.0,1.0,0.7142857142857143,0.8333333333333333,0.0
natural_extraction,government-8ddba1d9acf7,government,dirty,1,Never repair,0,0.9834720546830449,0.0,0.0,4.0,4.0,0.0,1.0,0.0,0.7142857142857143,0.7142857142857143,0.7142857142857143,0.0
natural_extraction,government-91a0194e75d5,government,clean,0,Learned router,0,1.1372327251321928e-05,0.0,0.0,0.0,0.0,1.0,1.0,0.0,1.0,1.0,1.0,1.0
natural_extraction,government-91a0194e75d5,government,clean,0,Heuristic violations,0,1.1372327251321928e-05,0.0,0.0,0.0,0.0,1.0,1.0,0.0,1.0,1.0,1.0,1.0
natural_extraction,government-91a0194e75d5,government,clean,0,Quality threshold,0,1.1372327251321928e-05,0.0,0.0,0.0,0.0,1.0,1.0,0.0,1.0,1.0,1.0,1.0
natural_extraction,government-91a0194e75d5,government,clean,0,Random 50%,1,1.1372327251321928e-05,1.0,8.399528422392905,0.0,0.0,1.0,1.0,0.0,1.0,1.0,1.0,1.0
natural_extraction,government-91a0194e75d5,government,clean,0,Always repair,1,1.1372327251321928e-05,1.0,8.399528422392905,0.0,0.0,1.0,1.0,0.0,1.0,1.0,1.0,1.0
natural_extraction,government-91a0194e75d5,government,clean,0,Never repair,0,1.1372327251321928e-05,0.0,0.0,0.0,0.0,1.0,1.0,0.0,1.0,1.0,1.0,1.0
natural_extraction,government-91a0194e75d5,government,dirty,1,Learned router,0,1.1372327251321928e-05,0.0,0.0,4.0,4.0,0.0,1.0,0.0,0.7142857142857143,0.7142857142857143,0.7142857142857143,0.0
natural_extraction,government-91a0194e75d5,government,dirty,1,Heuristic violations,0,1.1372327251321928e-05,0.0,0.0,4.0,4.0,0.0,1.0,0.0,0.7142857142857143,0.7142857142857143,0.7142857142857143,0.0
natural_extraction,government-91a0194e75d5,government,dirty,1,Quality threshold,0,1.1372327251321928e-05,0.0,0.0,4.0,4.0,0.0,1.0,0.0,0.7142857142857143,0.7142857142857143,0.7142857142857143,0.0
natural_extraction,government-91a0194e75d5,government,dirty,1,Random 50%,1,1.1372327251321928e-05,1.0,7.597332053817809,4.0,4.0,0.0,1.0,0.0,0.7142857142857143,0.7142857142857143,0.7142857142857143,0.0
natural_extraction,government-91a0194e75d5,government,dirty,1,Always repair,1,1.1372327251321928e-05,1.0,7.597332053817809,4.0,4.0,0.0,1.0,0.0,0.7142857142857143,0.7142857142857143,0.7142857142857143,0.0
natural_extraction,government-91a0194e75d5,government,dirty,1,Never repair,0,1.1372327251321928e-05,0.0,0.0,4.0,4.0,0.0,1.0,0.0,0.7142857142857143,0.7142857142857143,0.7142857142857143,0.0
natural_extraction,government-9254d20b6e75,government,clean,0,Learned router,0,1.1372327251321928e-05,0.0,0.0,0.0,0.0,1.0,1.0,0.0,1.0,1.0,1.0,1.0
natural_extraction,government-9254d20b6e75,government,clean,0,Heuristic violations,0,1.1372327251321928e-05,0.0,0.0,0.0,0.0,1.0,1.0,0.0,1.0,1.0,1.0,1.0
natural_extraction,government-9254d20b6e75,government,clean,0,Quality threshold,0,1.1372327251321928e-05,0.0,0.0,0.0,0.0,1.0,1.0,0.0,1.0,1.0,1.0,1.0
natural_extraction,government-9254d20b6e75,government,clean,0,Random 50%,0,1.1372327251321928e-05,0.0,0.0,0.0,0.0,1.0,1.0,0.0,1.0,1.0,1.0,1.0
natural_extraction,government-9254d20b6e75,government,clean,0,Always repair,1,1.1372327251321928e-05,1.0,9.84613954462111,0.0,0.0,1.0,1.0,0.0,1.0,1.0,1.0,1.0
natural_extraction,government-9254d20b6e75,government,clean,0,Never repair,0,1.1372327251321928e-05,0.0,0.0,0.0,0.0,1.0,1.0,0.0,1.0,1.0,1.0,1.0
natural_extraction,government-9254d20b6e75,government,dirty,1,Learned router,1,0.9999997647358153,1.0,9.342914561741054,4.0,3.0,0.25,1.0,0.3333333333333333,0.8333333333333334,0.7142857142857143,0.7692307692307692,0.0
natural_extraction,government-9254d20b6e75,government,dirty,1,Heuristic violations,1,0.9999997647358153,1.0,9.342914561741054,4.0,3.0,0.25,1.0,0.3333333333333333,0.8333333333333334,0.7142857142857143,0.7692307692307692,0.0
natural_extraction,government-9254d20b6e75,government,dirty,1,Quality threshold,1,0.9999997647358153,1.0,9.342914561741054,4.0,3.0,0.25,1.0,0.3333333333333333,0.8333333333333334,0.7142857142857143,0.7692307692307692,0.0
natural_extraction,government-9254d20b6e75,government,dirty,1,Random 50%,0,0.9999997647358153,0.0,0.0,4.0,4.0,0.0,1.0,0.0,0.7142857142857143,0.7142857142857143,0.7142857142857143,0.0
natural_extraction,government-9254d20b6e75,government,dirty,1,Always repair,1,0.9999997647358153,1.0,9.342914561741054,4.0,3.0,0.25,1.0,0.3333333333333333,0.8333333333333334,0.7142857142857143,0.7692307692307692,0.0
natural_extraction,government-9254d20b6e75,government,dirty,1,Never repair,0,0.9999997647358153,0.0,0.0,4.0,4.0,0.0,1.0,0.0,0.7142857142857143,0.7142857142857143,0.7142857142857143,0.0
natural_extraction,government-980dec4afb3d,government,clean,0,Learned router,0,1.1372327251321928e-05,0.0,0.0,0.0,0.0,1.0,1.0,0.0,1.0,1.0,1.0,1.0
natural_extraction,government-980dec4afb3d,government,clean,0,Heuristic violations,0,1.1372327251321928e-05,0.0,0.0,0.0,0.0,1.0,1.0,0.0,1.0,1.0,1.0,1.0
natural_extraction,government-980dec4afb3d,government,clean,0,Quality threshold,0,1.1372327251321928e-05,0.0,0.0,0.0,0.0,1.0,1.0,0.0,1.0,1.0,1.0,1.0
natural_extraction,government-980dec4afb3d,government,clean,0,Random 50%,0,1.1372327251321928e-05,0.0,0.0,0.0,0.0,1.0,1.0,0.0,1.0,1.0,1.0,1.0
natural_extraction,government-980dec4afb3d,government,clean,0,Always repair,1,1.1372327251321928e-05,1.0,12.32276994176209,0.0,0.0,1.0,1.0,0.0,1.0,1.0,1.0,1.0
natural_extraction,government-980dec4afb3d,government,clean,0,Never repair,0,1.1372327251321928e-05,0.0,0.0,0.0,0.0,1.0,1.0,0.0,1.0,1.0,1.0,1.0
natural_extraction,government-980dec4afb3d,government,dirty,1,Learned router,1,1.0,1.0,10.585623962804675,7.0,2.0,0.7142857142857143,1.0,0.0,1.0,0.7142857142857143,0.8333333333333333,0.0
natural_extraction,government-980dec4afb3d,government,dirty,1,Heuristic violations,1,1.0,1.0,10.585623962804675,7.0,2.0,0.7142857142857143,1.0,0.0,1.0,0.7142857142857143,0.8333333333333333,0.0
natural_extraction,government-980dec4afb3d,government,dirty,1,Quality threshold,1,1.0,1.0,10.585623962804675,7.0,2.0,0.7142857142857143,1.0,0.0,1.0,0.7142857142857143,0.8333333333333333,0.0
natural_extraction,government-980dec4afb3d,government,dirty,1,Random 50%,0,1.0,0.0,0.0,7.0,7.0,0.0,1.0,0.0,0.0,0.0,0.0,0.0
natural_extraction,government-980dec4afb3d,government,dirty,1,Always repair,1,1.0,1.0,10.585623962804675,7.0,2.0,0.7142857142857143,1.0,0.0,1.0,0.7142857142857143,0.8333333333333333,0.0
natural_extraction,government-980dec4afb3d,government,dirty,1,Never repair,0,1.0,0.0,0.0,7.0,7.0,0.0,1.0,0.0,0.0,0.0,0.0,0.0
natural_extraction,government-9f6008ad8a0e,government,clean,0,Learned router,0,1.1372327251321928e-05,0.0,0.0,0.0,0.0,1.0,1.0,0.0,1.0,1.0,1.0,1.0
natural_extraction,government-9f6008ad8a0e,government,clean,0,Heuristic violations,0,1.1372327251321928e-05,0.0,0.0,0.0,0.0,1.0,1.0,0.0,1.0,1.0,1.0,1.0
natural_extraction,government-9f6008ad8a0e,government,clean,0,Quality threshold,0,1.1372327251321928e-05,0.0,0.0,0.0,0.0,1.0,1.0,0.0,1.0,1.0,1.0,1.0
natural_extraction,government-9f6008ad8a0e,government,clean,0,Random 50%,1,1.1372327251321928e-05,1.0,13.791758512146771,0.0,0.0,1.0,1.0,0.0,1.0,1.0,1.0,1.0
natural_extraction,government-9f6008ad8a0e,government,clean,0,Always repair,1,1.1372327251321928e-05,1.0,13.791758512146771,0.0,0.0,1.0,1.0,0.0,1.0,1.0,1.0,1.0
natural_extraction,government-9f6008ad8a0e,government,clean,0,Never repair,0,1.1372327251321928e-05,0.0,0.0,0.0,0.0,1.0,1.0,0.0,1.0,1.0,1.0,1.0
natural_extraction,government-9f6008ad8a0e,government,dirty,1,Learned router,1,0.3140657345768931,1.0,10.754854992963374,4.0,3.0,0.25,1.0,0.0,0.8333333333333334,0.7142857142857143,0.7692307692307692,0.0
natural_extraction,government-9f6008ad8a0e,government,dirty,1,Heuristic violations,1,0.3140657345768931,1.0,10.754854992963374,4.0,3.0,0.25,1.0,0.0,0.8333333333333334,0.7142857142857143,0.7692307692307692,0.0
natural_extraction,government-9f6008ad8a0e,government,dirty,1,Quality threshold,1,0.3140657345768931,1.0,10.754854992963374,4.0,3.0,0.25,1.0,0.0,0.8333333333333334,0.7142857142857143,0.7692307692307692,0.0
natural_extraction,government-9f6008ad8a0e,government,dirty,1,Random 50%,0,0.3140657345768931,0.0,0.0,4.0,4.0,0.0,1.0,0.0,0.7142857142857143,0.7142857142857143,0.7142857142857143,0.0
natural_extraction,government-9f6008ad8a0e,government,dirty,1,Always repair,1,0.3140657345768931,1.0,10.754854992963374,4.0,3.0,0.25,1.0,0.0,0.8333333333333334,0.7142857142857143,0.7692307692307692,0.0
natural_extraction,government-9f6008ad8a0e,government,dirty,1,Never repair,0,0.3140657345768931,0.0,0.0,4.0,4.0,0.0,1.0,0.0,0.7142857142857143,0.7142857142857143,0.7142857142857143,0.0
natural_extraction,government-9f6d5783ec85,government,clean,0,Learned router,0,1.1372327251321928e-05,0.0,0.0,0.0,0.0,1.0,1.0,0.0,1.0,1.0,1.0,1.0
natural_extraction,government-9f6d5783ec85,government,clean,0,Heuristic violations,0,1.1372327251321928e-05,0.0,0.0,0.0,0.0,1.0,1.0,0.0,1.0,1.0,1.0,1.0
natural_extraction,government-9f6d5783ec85,government,clean,0,Quality threshold,0,1.1372327251321928e-05,0.0,0.0,0.0,0.0,1.0,1.0,0.0,1.0,1.0,1.0,1.0
natural_extraction,government-9f6d5783ec85,government,clean,0,Random 50%,1,1.1372327251321928e-05,1.0,15.509572580456734,0.0,0.0,1.0,1.0,0.0,1.0,1.0,1.0,1.0
natural_extraction,government-9f6d5783ec85,government,clean,0,Always repair,1,1.1372327251321928e-05,1.0,15.509572580456734,0.0,0.0,1.0,1.0,0.0,1.0,1.0,1.0,1.0
natural_extraction,government-9f6d5783ec85,government,clean,0,Never repair,0,1.1372327251321928e-05,0.0,0.0,0.0,0.0,1.0,1.0,0.0,1.0,1.0,1.0,1.0
natural_extraction,government-9f6d5783ec85,government,dirty,1,Learned router,1,0.5529437342195285,1.0,12.927565596997738,3.0,3.0,0.0,1.0,0.0,0.8333333333333334,0.7142857142857143,0.7692307692307692,0.0
natural_extraction,government-9f6d5783ec85,government,dirty,1,Heuristic violations,1,0.5529437342195285,1.0,12.927565596997738,3.0,3.0,0.0,1.0,0.0,0.8333333333333334,0.7142857142857143,0.7692307692307692,0.0
natural_extraction,government-9f6d5783ec85,government,dirty,1,Quality threshold,1,0.5529437342195285,1.0,12.927565596997738,3.0,3.0,0.0,1.0,0.0,0.8333333333333334,0.7142857142857143,0.7692307692307692,0.0
natural_extraction,government-9f6d5783ec85,government,dirty,1,Random 50%,1,0.5529437342195285,1.0,12.927565596997738,3.0,3.0,0.0,1.0,0.0,0.8333333333333334,0.7142857142857143,0.7692307692307692,0.0
natural_extraction,government-9f6d5783ec85,government,dirty,1,Always repair,1,0.5529437342195285,1.0,12.927565596997738,3.0,3.0,0.0,1.0,0.0,0.8333333333333334,0.7142857142857143,0.7692307692307692,0.0
natural_extraction,government-9f6d5783ec85,government,dirty,1,Never repair,0,0.5529437342195285,0.0,0.0,3.0,3.0,0.0,1.0,0.0,0.8333333333333334,0.7142857142857143,0.7692307692307692,0.0
natural_extraction,government-a5edaa7050d2,government,clean,0,Learned router,0,1.1372327251321928e-05,0.0,0.0,0.0,0.0,1.0,1.0,0.0,1.0,1.0,1.0,1.0
natural_extraction,government-a5edaa7050d2,government,clean,0,Heuristic violations,0,1.1372327251321928e-05,0.0,0.0,0.0,0.0,1.0,1.0,0.0,1.0,1.0,1.0,1.0
natural_extraction,government-a5edaa7050d2,government,clean,0,Quality threshold,0,1.1372327251321928e-05,0.0,0.0,0.0,0.0,1.0,1.0,0.0,1.0,1.0,1.0,1.0
natural_extraction,government-a5edaa7050d2,government,clean,0,Random 50%,1,1.1372327251321928e-05,1.0,8.273118217475712,0.0,0.0,1.0,1.0,0.0,1.0,1.0,1.0,1.0
natural_extraction,government-a5edaa7050d2,government,clean,0,Always repair,1,1.1372327251321928e-05,1.0,8.273118217475712,0.0,0.0,1.0,1.0,0.0,1.0,1.0,1.0,1.0
natural_extraction,government-a5edaa7050d2,government,clean,0,Never repair,0,1.1372327251321928e-05,0.0,0.0,0.0,0.0,1.0,1.0,0.0,1.0,1.0,1.0,1.0
natural_extraction,government-a5edaa7050d2,government,dirty,1,Learned router,0,1.1372327251321928e-05,0.0,0.0,4.0,4.0,0.0,1.0,0.0,0.7142857142857143,0.7142857142857143,0.7142857142857143,0.0
natural_extraction,government-a5edaa7050d2,government,dirty,1,Heuristic violations,0,1.1372327251321928e-05,0.0,0.0,4.0,4.0,0.0,1.0,0.0,0.7142857142857143,0.7142857142857143,0.7142857142857143,0.0
natural_extraction,government-a5edaa7050d2,government,dirty,1,Quality threshold,0,1.1372327251321928e-05,0.0,0.0,4.0,4.0,0.0,1.0,0.0,0.7142857142857143,0.7142857142857143,0.7142857142857143,0.0
natural_extraction,government-a5edaa7050d2,government,dirty,1,Random 50%,0,1.1372327251321928e-05,0.0,0.0,4.0,4.0,0.0,1.0,0.0,0.7142857142857143,0.7142857142857143,0.7142857142857143,0.0
natural_extraction,government-a5edaa7050d2,government,dirty,1,Always repair,1,1.1372327251321928e-05,1.0,10.120546936057508,4.0,4.0,0.0,1.0,0.0,0.7142857142857143,0.7142857142857143,0.7142857142857143,0.0
natural_extraction,government-a5edaa7050d2,government,dirty,1,Never repair,0,1.1372327251321928e-05,0.0,0.0,4.0,4.0,0.0,1.0,0.0,0.7142857142857143,0.7142857142857143,0.7142857142857143,0.0
natural_extraction,government-ada4294cd92d,government,clean,0,Learned router,0,1.1372327251321928e-05,0.0,0.0,0.0,0.0,1.0,1.0,0.0,1.0,1.0,1.0,1.0
natural_extraction,government-ada4294cd92d,government,clean,0,Heuristic violations,0,1.1372327251321928e-05,0.0,0.0,0.0,0.0,1.0,1.0,0.0,1.0,1.0,1.0,1.0
natural_extraction,government-ada4294cd92d,government,clean,0,Quality threshold,0,1.1372327251321928e-05,0.0,0.0,0.0,0.0,1.0,1.0,0.0,1.0,1.0,1.0,1.0
natural_extraction,government-ada4294cd92d,government,clean,0,Random 50%,0,1.1372327251321928e-05,0.0,0.0,0.0,0.0,1.0,1.0,0.0,1.0,1.0,1.0,1.0
natural_extraction,government-ada4294cd92d,government,clean,0,Always repair,1,1.1372327251321928e-05,1.0,6.306815934367478,0.0,0.0,1.0,1.0,0.0,1.0,1.0,1.0,1.0
natural_extraction,government-ada4294cd92d,government,clean,0,Never repair,0,1.1372327251321928e-05,0.0,0.0,0.0,0.0,1.0,1.0,0.0,1.0,1.0,1.0,1.0
natural_extraction,government-ada4294cd92d,government,dirty,1,Learned router,1,0.9999997647358153,1.0,9.698926404118538,4.0,3.0,0.25,1.0,0.3333333333333333,0.8333333333333334,0.7142857142857143,0.7692307692307692,0.0
natural_extraction,government-ada4294cd92d,government,dirty,1,Heuristic violations,1,0.9999997647358153,1.0,9.698926404118538,4.0,3.0,0.25,1.0,0.3333333333333333,0.8333333333333334,0.7142857142857143,0.7692307692307692,0.0
natural_extraction,government-ada4294cd92d,government,dirty,1,Quality threshold,1,0.9999997647358153,1.0,9.698926404118538,4.0,3.0,0.25,1.0,0.3333333333333333,0.8333333333333334,0.7142857142857143,0.7692307692307692,0.0
natural_extraction,government-ada4294cd92d,government,dirty,1,Random 50%,1,0.9999997647358153,1.0,9.698926404118538,4.0,3.0,0.25,1.0,0.3333333333333333,0.8333333333333334,0.7142857142857143,0.7692307692307692,0.0
natural_extraction,government-ada4294cd92d,government,dirty,1,Always repair,1,0.9999997647358153,1.0,9.698926404118538,4.0,3.0,0.25,1.0,0.3333333333333333,0.8333333333333334,0.7142857142857143,0.7692307692307692,0.0
natural_extraction,government-ada4294cd92d,government,dirty,1,Never repair,0,0.9999997647358153,0.0,0.0,4.0,4.0,0.0,1.0,0.0,0.7142857142857143,0.7142857142857143,0.7142857142857143,0.0
natural_extraction,government-af42e795d1d9,government,clean,0,Learned router,0,1.1372327251321928e-05,0.0,0.0,0.0,0.0,1.0,1.0,0.0,1.0,1.0,1.0,1.0
natural_extraction,government-af42e795d1d9,government,clean,0,Heuristic violations,0,1.1372327251321928e-05,0.0,0.0,0.0,0.0,1.0,1.0,0.0,1.0,1.0,1.0,1.0
natural_extraction,government-af42e795d1d9,government,clean,0,Quality threshold,0,1.1372327251321928e-05,0.0,0.0,0.0,0.0,1.0,1.0,0.0,1.0,1.0,1.0,1.0
natural_extraction,government-af42e795d1d9,government,clean,0,Random 50%,1,1.1372327251321928e-05,1.0,7.359861825592816,0.0,0.0,1.0,1.0,0.0,1.0,1.0,1.0,1.0
natural_extraction,government-af42e795d1d9,government,clean,0,Always repair,1,1.1372327251321928e-05,1.0,7.359861825592816,0.0,0.0,1.0,1.0,0.0,1.0,1.0,1.0,1.0
natural_extraction,government-af42e795d1d9,government,clean,0,Never repair,0,1.1372327251321928e-05,0.0,0.0,0.0,0.0,1.0,1.0,0.0,1.0,1.0,1.0,1.0
natural_extraction,government-af42e795d1d9,government,dirty,1,Learned router,0,1.1372327251321928e-05,0.0,0.0,4.0,4.0,0.0,1.0,0.0,0.7142857142857143,0.7142857142857143,0.7142857142857143,0.0
natural_extraction,government-af42e795d1d9,government,dirty,1,Heuristic violations,0,1.1372327251321928e-05,0.0,0.0,4.0,4.0,0.0,1.0,0.0,0.7142857142857143,0.7142857142857143,0.7142857142857143,0.0
natural_extraction,government-af42e795d1d9,government,dirty,1,Quality threshold,0,1.1372327251321928e-05,0.0,0.0,4.0,4.0,0.0,1.0,0.0,0.7142857142857143,0.7142857142857143,0.7142857142857143,0.0
natural_extraction,government-af42e795d1d9,government,dirty,1,Random 50%,1,1.1372327251321928e-05,1.0,8.397805482149124,4.0,3.0,0.25,1.0,0.0,0.8333333333333334,0.7142857142857143,0.7692307692307692,0.0
natural_extraction,government-af42e795d1d9,government,dirty,1,Always repair,1,1.1372327251321928e-05,1.0,8.397805482149124,4.0,3.0,0.25,1.0,0.0,0.8333333333333334,0.7142857142857143,0.7692307692307692,0.0
natural_extraction,government-af42e795d1d9,government,dirty,1,Never repair,0,1.1372327251321928e-05,0.0,0.0,4.0,4.0,0.0,1.0,0.0,0.7142857142857143,0.7142857142857143,0.7142857142857143,0.0
natural_extraction,government-b02c90047f00,government,clean,0,Learned router,0,1.1372327251321928e-05,0.0,0.0,0.0,0.0,1.0,1.0,0.0,1.0,1.0,1.0,1.0
natural_extraction,government-b02c90047f00,government,clean,0,Heuristic violations,0,1.1372327251321928e-05,0.0,0.0,0.0,0.0,1.0,1.0,0.0,1.0,1.0,1.0,1.0
natural_extraction,government-b02c90047f00,government,clean,0,Quality threshold,0,1.1372327251321928e-05,0.0,0.0,0.0,0.0,1.0,1.0,0.0,1.0,1.0,1.0,1.0
natural_extraction,government-b02c90047f00,government,clean,0,Random 50%,1,1.1372327251321928e-05,1.0,11.30501387361437,0.0,0.0,1.0,1.0,0.0,1.0,1.0,1.0,1.0
natural_extraction,government-b02c90047f00,government,clean,0,Always repair,1,1.1372327251321928e-05,1.0,11.30501387361437,0.0,0.0,1.0,1.0,0.0,1.0,1.0,1.0,1.0
natural_extraction,government-b02c90047f00,government,clean,0,Never repair,0,1.1372327251321928e-05,0.0,0.0,0.0,0.0,1.0,1.0,0.0,1.0,1.0,1.0,1.0
natural_extraction,government-b02c90047f00,government,dirty,1,Learned router,0,1.1372327251321928e-05,0.0,0.0,4.0,4.0,0.0,1.0,0.0,0.7142857142857143,0.7142857142857143,0.7142857142857143,0.0
natural_extraction,government-b02c90047f00,government,dirty,1,Heuristic violations,0,1.1372327251321928e-05,0.0,0.0,4.0,4.0,0.0,1.0,0.0,0.7142857142857143,0.7142857142857143,0.7142857142857143,0.0
natural_extraction,government-b02c90047f00,government,dirty,1,Quality threshold,0,1.1372327251321928e-05,0.0,0.0,4.0,4.0,0.0,1.0,0.0,0.7142857142857143,0.7142857142857143,0.7142857142857143,0.0
natural_extraction,government-b02c90047f00,government,dirty,1,Random 50%,0,1.1372327251321928e-05,0.0,0.0,4.0,4.0,0.0,1.0,0.0,0.7142857142857143,0.7142857142857143,0.7142857142857143,0.0
natural_extraction,government-b02c90047f00,government,dirty,1,Always repair,1,1.1372327251321928e-05,1.0,4.473304251208901,4.0,4.0,0.0,1.0,0.0,0.7142857142857143,0.7142857142857143,0.7142857142857143,0.0
natural_extraction,government-b02c90047f00,government,dirty,1,Never repair,0,1.1372327251321928e-05,0.0,0.0,4.0,4.0,0.0,1.0,0.0,0.7142857142857143,0.7142857142857143,0.7142857142857143,0.0
natural_extraction,government-b396117a0806,government,clean,0,Learned router,0,1.1372327251321928e-05,0.0,0.0,0.0,0.0,1.0,1.0,0.0,1.0,1.0,1.0,1.0
natural_extraction,government-b396117a0806,government,clean,0,Heuristic violations,0,1.1372327251321928e-05,0.0,0.0,0.0,0.0,1.0,1.0,0.0,1.0,1.0,1.0,1.0
natural_extraction,government-b396117a0806,government,clean,0,Quality threshold,0,1.1372327251321928e-05,0.0,0.0,0.0,0.0,1.0,1.0,0.0,1.0,1.0,1.0,1.0
natural_extraction,government-b396117a0806,government,clean,0,Random 50%,0,1.1372327251321928e-05,0.0,0.0,0.0,0.0,1.0,1.0,0.0,1.0,1.0,1.0,1.0
natural_extraction,government-b396117a0806,government,clean,0,Always repair,1,1.1372327251321928e-05,1.0,11.940248481929302,0.0,0.0,1.0,1.0,0.0,1.0,1.0,1.0,1.0
natural_extraction,government-b396117a0806,government,clean,0,Never repair,0,1.1372327251321928e-05,0.0,0.0,0.0,0.0,1.0,1.0,0.0,1.0,1.0,1.0,1.0
natural_extraction,government-b396117a0806,government,dirty,1,Learned router,1,0.9834720546830449,1.0,9.203797115013003,4.0,3.0,0.25,1.0,0.0,0.8333333333333334,0.7142857142857143,0.7692307692307692,0.0
natural_extraction,government-b396117a0806,government,dirty,1,Heuristic violations,1,0.9834720546830449,1.0,9.203797115013003,4.0,3.0,0.25,1.0,0.0,0.8333333333333334,0.7142857142857143,0.7692307692307692,0.0
natural_extraction,government-b396117a0806,government,dirty,1,Quality threshold,1,0.9834720546830449,1.0,9.203797115013003,4.0,3.0,0.25,1.0,0.0,0.8333333333333334,0.7142857142857143,0.7692307692307692,0.0
natural_extraction,government-b396117a0806,government,dirty,1,Random 50%,1,0.9834720546830449,1.0,9.203797115013003,4.0,3.0,0.25,1.0,0.0,0.8333333333333334,0.7142857142857143,0.7692307692307692,0.0
natural_extraction,government-b396117a0806,government,dirty,1,Always repair,1,0.9834720546830449,1.0,9.203797115013003,4.0,3.0,0.25,1.0,0.0,0.8333333333333334,0.7142857142857143,0.7692307692307692,0.0
natural_extraction,government-b396117a0806,government,dirty,1,Never repair,0,0.9834720546830449,0.0,0.0,4.0,4.0,0.0,1.0,0.0,0.7142857142857143,0.7142857142857143,0.7142857142857143,0.0
natural_extraction,government-b7c8f18f7b98,government,clean,0,Learned router,0,1.1372327251321928e-05,0.0,0.0,0.0,0.0,1.0,1.0,0.0,1.0,1.0,1.0,1.0
natural_extraction,government-b7c8f18f7b98,government,clean,0,Heuristic violations,0,1.1372327251321928e-05,0.0,0.0,0.0,0.0,1.0,1.0,0.0,1.0,1.0,1.0,1.0
natural_extraction,government-b7c8f18f7b98,government,clean,0,Quality threshold,0,1.1372327251321928e-05,0.0,0.0,0.0,0.0,1.0,1.0,0.0,1.0,1.0,1.0,1.0
natural_extraction,government-b7c8f18f7b98,government,clean,0,Random 50%,1,1.1372327251321928e-05,1.0,15.529969597235322,0.0,1.0,0.0,0.8571428571428571,1.0,1.0,0.8571428571428571,0.923076923076923,0.0
natural_extraction,government-b7c8f18f7b98,government,clean,0,Always repair,1,1.1372327251321928e-05,1.0,15.529969597235322,0.0,1.0,0.0,0.8571428571428571,1.0,1.0,0.8571428571428571,0.923076923076923,0.0
natural_extraction,government-b7c8f18f7b98,government,clean,0,Never repair,0,1.1372327251321928e-05,0.0,0.0,0.0,0.0,1.0,1.0,0.0,1.0,1.0,1.0,1.0
natural_extraction,government-b7c8f18f7b98,government,dirty,1,Learned router,1,1.0,1.0,13.101921213790774,7.0,4.0,0.42857142857142855,1.0,0.2857142857142857,0.7142857142857143,0.7142857142857143,0.7142857142857143,0.0
natural_extraction,government-b7c8f18f7b98,government,dirty,1,Heuristic violations,1,1.0,1.0,13.101921213790774,7.0,4.0,0.42857142857142855,1.0,0.2857142857142857,0.7142857142857143,0.7142857142857143,0.7142857142857143,0.0
natural_extraction,government-b7c8f18f7b98,government,dirty,1,Quality threshold,1,1.0,1.0,13.101921213790774,7.0,4.0,0.42857142857142855,1.0,0.2857142857142857,0.7142857142857143,0.7142857142857143,0.7142857142857143,0.0
natural_extraction,government-b7c8f18f7b98,government,dirty,1,Random 50%,0,1.0,0.0,0.0,7.0,7.0,0.0,1.0,0.0,0.0,0.0,0.0,0.0
natural_extraction,government-b7c8f18f7b98,government,dirty,1,Always repair,1,1.0,1.0,13.101921213790774,7.0,4.0,0.42857142857142855,1.0,0.2857142857142857,0.7142857142857143,0.7142857142857143,0.7142857142857143,0.0
natural_extraction,government-b7c8f18f7b98,government,dirty,1,Never repair,0,1.0,0.0,0.0,7.0,7.0,0.0,1.0,0.0,0.0,0.0,0.0,0.0
natural_extraction,government-bc56e9dd7d05,government,clean,0,Learned router,0,1.1372327251321928e-05,0.0,0.0,0.0,0.0,1.0,1.0,0.0,1.0,1.0,1.0,1.0
natural_extraction,government-bc56e9dd7d05,government,clean,0,Heuristic violations,0,1.1372327251321928e-05,0.0,0.0,0.0,0.0,1.0,1.0,0.0,1.0,1.0,1.0,1.0
natural_extraction,government-bc56e9dd7d05,government,clean,0,Quality threshold,0,1.1372327251321928e-05,0.0,0.0,0.0,0.0,1.0,1.0,0.0,1.0,1.0,1.0,1.0
natural_extraction,government-bc56e9dd7d05,government,clean,0,Random 50%,0,1.1372327251321928e-05,0.0,0.0,0.0,0.0,1.0,1.0,0.0,1.0,1.0,1.0,1.0
natural_extraction,government-bc56e9dd7d05,government,clean,0,Always repair,1,1.1372327251321928e-05,1.0,12.782593024894595,0.0,0.0,1.0,1.0,0.0,1.0,1.0,1.0,1.0
natural_extraction,government-bc56e9dd7d05,government,clean,0,Never repair,0,1.1372327251321928e-05,0.0,0.0,0.0,0.0,1.0,1.0,0.0,1.0,1.0,1.0,1.0
natural_extraction,government-bc56e9dd7d05,government,dirty,1,Learned router,1,0.9999969213564152,1.0,13.873419782146811,3.0,2.0,0.3333333333333333,1.0,0.0,1.0,0.7142857142857143,0.8333333333333333,0.0
natural_extraction,government-bc56e9dd7d05,government,dirty,1,Heuristic violations,1,0.9999969213564152,1.0,13.873419782146811,3.0,2.0,0.3333333333333333,1.0,0.0,1.0,0.7142857142857143,0.8333333333333333,0.0
natural_extraction,government-bc56e9dd7d05,government,dirty,1,Quality threshold,1,0.9999969213564152,1.0,13.873419782146811,3.0,2.0,0.3333333333333333,1.0,0.0,1.0,0.7142857142857143,0.8333333333333333,0.0
natural_extraction,government-bc56e9dd7d05,government,dirty,1,Random 50%,1,0.9999969213564152,1.0,13.873419782146811,3.0,2.0,0.3333333333333333,1.0,0.0,1.0,0.7142857142857143,0.8333333333333333,0.0
natural_extraction,government-bc56e9dd7d05,government,dirty,1,Always repair,1,0.9999969213564152,1.0,13.873419782146811,3.0,2.0,0.3333333333333333,1.0,0.0,1.0,0.7142857142857143,0.8333333333333333,0.0
natural_extraction,government-bc56e9dd7d05,government,dirty,1,Never repair,0,0.9999969213564152,0.0,0.0,3.0,3.0,0.0,1.0,0.0,0.8333333333333334,0.7142857142857143,0.7692307692307692,0.0
natural_extraction,government-c0e6b8597822,government,clean,0,Learned router,0,1.1372327251321928e-05,0.0,0.0,0.0,0.0,1.0,1.0,0.0,1.0,1.0,1.0,1.0
natural_extraction,government-c0e6b8597822,government,clean,0,Heuristic violations,0,1.1372327251321928e-05,0.0,0.0,0.0,0.0,1.0,1.0,0.0,1.0,1.0,1.0,1.0
natural_extraction,government-c0e6b8597822,government,clean,0,Quality threshold,0,1.1372327251321928e-05,0.0,0.0,0.0,0.0,1.0,1.0,0.0,1.0,1.0,1.0,1.0
natural_extraction,government-c0e6b8597822,government,clean,0,Random 50%,0,1.1372327251321928e-05,0.0,0.0,0.0,0.0,1.0,1.0,0.0,1.0,1.0,1.0,1.0
natural_extraction,government-c0e6b8597822,government,clean,0,Always repair,1,1.1372327251321928e-05,1.0,11.543351402506232,0.0,0.0,1.0,1.0,0.0,1.0,1.0,1.0,1.0
natural_extraction,government-c0e6b8597822,government,clean,0,Never repair,0,1.1372327251321928e-05,0.0,0.0,0.0,0.0,1.0,1.0,0.0,1.0,1.0,1.0,1.0
natural_extraction,government-c0e6b8597822,government,dirty,1,Learned router,1,0.9999999661831251,1.0,8.624843710102141,2.0,2.0,0.0,1.0,0.0,1.0,0.7142857142857143,0.8333333333333333,0.0
natural_extraction,government-c0e6b8597822,government,dirty,1,Heuristic violations,1,0.9999999661831251,1.0,8.624843710102141,2.0,2.0,0.0,1.0,0.0,1.0,0.7142857142857143,0.8333333333333333,0.0
natural_extraction,government-c0e6b8597822,government,dirty,1,Quality threshold,1,0.9999999661831251,1.0,8.624843710102141,2.0,2.0,0.0,1.0,0.0,1.0,0.7142857142857143,0.8333333333333333,0.0
natural_extraction,government-c0e6b8597822,government,dirty,1,Random 50%,0,0.9999999661831251,0.0,0.0,2.0,2.0,0.0,1.0,0.0,1.0,0.7142857142857143,0.8333333333333333,0.0
natural_extraction,government-c0e6b8597822,government,dirty,1,Always repair,1,0.9999999661831251,1.0,8.624843710102141,2.0,2.0,0.0,1.0,0.0,1.0,0.7142857142857143,0.8333333333333333,0.0
natural_extraction,government-c0e6b8597822,government,dirty,1,Never repair,0,0.9999999661831251,0.0,0.0,2.0,2.0,0.0,1.0,0.0,1.0,0.7142857142857143,0.8333333333333333,0.0
natural_extraction,government-c436d37f700f,government,clean,0,Learned router,0,1.1372327251321928e-05,0.0,0.0,0.0,0.0,1.0,1.0,0.0,1.0,1.0,1.0,1.0
natural_extraction,government-c436d37f700f,government,clean,0,Heuristic violations,0,1.1372327251321928e-05,0.0,0.0,0.0,0.0,1.0,1.0,0.0,1.0,1.0,1.0,1.0
natural_extraction,government-c436d37f700f,government,clean,0,Quality threshold,0,1.1372327251321928e-05,0.0,0.0,0.0,0.0,1.0,1.0,0.0,1.0,1.0,1.0,1.0
natural_extraction,government-c436d37f700f,government,clean,0,Random 50%,0,1.1372327251321928e-05,0.0,0.0,0.0,0.0,1.0,1.0,0.0,1.0,1.0,1.0,1.0
natural_extraction,government-c436d37f700f,government,clean,0,Always repair,1,1.1372327251321928e-05,1.0,10.102331361733377,0.0,0.0,1.0,1.0,0.0,1.0,1.0,1.0,1.0
natural_extraction,government-c436d37f700f,government,clean,0,Never repair,0,1.1372327251321928e-05,0.0,0.0,0.0,0.0,1.0,1.0,0.0,1.0,1.0,1.0,1.0
natural_extraction,government-c436d37f700f,government,dirty,1,Learned router,0,1.1372327251321928e-05,0.0,0.0,4.0,4.0,0.0,1.0,0.0,0.7142857142857143,0.7142857142857143,0.7142857142857143,0.0
natural_extraction,government-c436d37f700f,government,dirty,1,Heuristic violations,0,1.1372327251321928e-05,0.0,0.0,4.0,4.0,0.0,1.0,0.0,0.7142857142857143,0.7142857142857143,0.7142857142857143,0.0
natural_extraction,government-c436d37f700f,government,dirty,1,Quality threshold,0,1.1372327251321928e-05,0.0,0.0,4.0,4.0,0.0,1.0,0.0,0.7142857142857143,0.7142857142857143,0.7142857142857143,0.0
natural_extraction,government-c436d37f700f,government,dirty,1,Random 50%,1,1.1372327251321928e-05,1.0,5.944751977920532,4.0,4.0,0.0,1.0,0.0,0.7142857142857143,0.7142857142857143,0.7142857142857143,0.0
natural_extraction,government-c436d37f700f,government,dirty,1,Always repair,1,1.1372327251321928e-05,1.0,5.944751977920532,4.0,4.0,0.0,1.0,0.0,0.7142857142857143,0.7142857142857143,0.7142857142857143,0.0
natural_extraction,government-c436d37f700f,government,dirty,1,Never repair,0,1.1372327251321928e-05,0.0,0.0,4.0,4.0,0.0,1.0,0.0,0.7142857142857143,0.7142857142857143,0.7142857142857143,0.0
natural_extraction,government-ca398e1837f1,government,clean,0,Learned router,0,1.1372327251321928e-05,0.0,0.0,0.0,0.0,1.0,1.0,0.0,1.0,1.0,1.0,1.0
natural_extraction,government-ca398e1837f1,government,clean,0,Heuristic violations,0,1.1372327251321928e-05,0.0,0.0,0.0,0.0,1.0,1.0,0.0,1.0,1.0,1.0,1.0
natural_extraction,government-ca398e1837f1,government,clean,0,Quality threshold,0,1.1372327251321928e-05,0.0,0.0,0.0,0.0,1.0,1.0,0.0,1.0,1.0,1.0,1.0
natural_extraction,government-ca398e1837f1,government,clean,0,Random 50%,1,1.1372327251321928e-05,1.0,11.656132117845118,0.0,0.0,1.0,1.0,0.0,1.0,1.0,1.0,1.0
natural_extraction,government-ca398e1837f1,government,clean,0,Always repair,1,1.1372327251321928e-05,1.0,11.656132117845118,0.0,0.0,1.0,1.0,0.0,1.0,1.0,1.0,1.0
natural_extraction,government-ca398e1837f1,government,clean,0,Never repair,0,1.1372327251321928e-05,0.0,0.0,0.0,0.0,1.0,1.0,0.0,1.0,1.0,1.0,1.0
natural_extraction,government-ca398e1837f1,government,dirty,1,Learned router,1,0.9999999661831251,1.0,11.215398408472538,2.0,2.0,0.0,1.0,0.0,1.0,0.7142857142857143,0.8333333333333333,0.0
natural_extraction,government-ca398e1837f1,government,dirty,1,Heuristic violations,1,0.9999999661831251,1.0,11.215398408472538,2.0,2.0,0.0,1.0,0.0,1.0,0.7142857142857143,0.8333333333333333,0.0
natural_extraction,government-ca398e1837f1,government,dirty,1,Quality threshold,1,0.9999999661831251,1.0,11.215398408472538,2.0,2.0,0.0,1.0,0.0,1.0,0.7142857142857143,0.8333333333333333,0.0
natural_extraction,government-ca398e1837f1,government,dirty,1,Random 50%,1,0.9999999661831251,1.0,11.215398408472538,2.0,2.0,0.0,1.0,0.0,1.0,0.7142857142857143,0.8333333333333333,0.0
natural_extraction,government-ca398e1837f1,government,dirty,1,Always repair,1,0.9999999661831251,1.0,11.215398408472538,2.0,2.0,0.0,1.0,0.0,1.0,0.7142857142857143,0.8333333333333333,0.0
natural_extraction,government-ca398e1837f1,government,dirty,1,Never repair,0,0.9999999661831251,0.0,0.0,2.0,2.0,0.0,1.0,0.0,1.0,0.7142857142857143,0.8333333333333333,0.0
natural_extraction,government-cdd48286f4f5,government,clean,0,Learned router,0,1.1372327251321928e-05,0.0,0.0,0.0,0.0,1.0,1.0,0.0,1.0,1.0,1.0,1.0
natural_extraction,government-cdd48286f4f5,government,clean,0,Heuristic violations,0,1.1372327251321928e-05,0.0,0.0,0.0,0.0,1.0,1.0,0.0,1.0,1.0,1.0,1.0
natural_extraction,government-cdd48286f4f5,government,clean,0,Quality threshold,0,1.1372327251321928e-05,0.0,0.0,0.0,0.0,1.0,1.0,0.0,1.0,1.0,1.0,1.0
natural_extraction,government-cdd48286f4f5,government,clean,0,Random 50%,1,1.1372327251321928e-05,1.0,10.173691389150918,0.0,0.0,1.0,1.0,0.0,1.0,1.0,1.0,1.0
natural_extraction,government-cdd48286f4f5,government,clean,0,Always repair,1,1.1372327251321928e-05,1.0,10.173691389150918,0.0,0.0,1.0,1.0,0.0,1.0,1.0,1.0,1.0
natural_extraction,government-cdd48286f4f5,government,clean,0,Never repair,0,1.1372327251321928e-05,0.0,0.0,0.0,0.0,1.0,1.0,0.0,1.0,1.0,1.0,1.0
natural_extraction,government-cdd48286f4f5,government,dirty,1,Learned router,0,1.1372327251321928e-05,0.0,0.0,4.0,4.0,0.0,1.0,0.0,0.7142857142857143,0.7142857142857143,0.7142857142857143,0.0
natural_extraction,government-cdd48286f4f5,government,dirty,1,Heuristic violations,0,1.1372327251321928e-05,0.0,0.0,4.0,4.0,0.0,1.0,0.0,0.7142857142857143,0.7142857142857143,0.7142857142857143,0.0
natural_extraction,government-cdd48286f4f5,government,dirty,1,Quality threshold,0,1.1372327251321928e-05,0.0,0.0,4.0,4.0,0.0,1.0,0.0,0.7142857142857143,0.7142857142857143,0.7142857142857143,0.0
natural_extraction,government-cdd48286f4f5,government,dirty,1,Random 50%,1,1.1372327251321928e-05,1.0,7.911993618123233,4.0,4.0,0.0,1.0,0.0,0.7142857142857143,0.7142857142857143,0.7142857142857143,0.0
natural_extraction,government-cdd48286f4f5,government,dirty,1,Always repair,1,1.1372327251321928e-05,1.0,7.911993618123233,4.0,4.0,0.0,1.0,0.0,0.7142857142857143,0.7142857142857143,0.7142857142857143,0.0
natural_extraction,government-cdd48286f4f5,government,dirty,1,Never repair,0,1.1372327251321928e-05,0.0,0.0,4.0,4.0,0.0,1.0,0.0,0.7142857142857143,0.7142857142857143,0.7142857142857143,0.0
natural_extraction,government-d40628573562,government,clean,0,Learned router,0,1.1372327251321928e-05,0.0,0.0,0.0,0.0,1.0,1.0,0.0,1.0,1.0,1.0,1.0
natural_extraction,government-d40628573562,government,clean,0,Heuristic violations,0,1.1372327251321928e-05,0.0,0.0,0.0,0.0,1.0,1.0,0.0,1.0,1.0,1.0,1.0
natural_extraction,government-d40628573562,government,clean,0,Quality threshold,0,1.1372327251321928e-05,0.0,0.0,0.0,0.0,1.0,1.0,0.0,1.0,1.0,1.0,1.0
natural_extraction,government-d40628573562,government,clean,0,Random 50%,0,1.1372327251321928e-05,0.0,0.0,0.0,0.0,1.0,1.0,0.0,1.0,1.0,1.0,1.0
natural_extraction,government-d40628573562,government,clean,0,Always repair,1,1.1372327251321928e-05,1.0,6.7503921100869775,0.0,0.0,1.0,1.0,0.0,1.0,1.0,1.0,1.0
natural_extraction,government-d40628573562,government,clean,0,Never repair,0,1.1372327251321928e-05,0.0,0.0,0.0,0.0,1.0,1.0,0.0,1.0,1.0,1.0,1.0
natural_extraction,government-d40628573562,government,dirty,1,Learned router,1,0.5529437342195285,1.0,8.450364752672613,3.0,3.0,0.0,1.0,0.0,0.8333333333333334,0.7142857142857143,0.7692307692307692,0.0
natural_extraction,government-d40628573562,government,dirty,1,Heuristic violations,1,0.5529437342195285,1.0,8.450364752672613,3.0,3.0,0.0,1.0,0.0,0.8333333333333334,0.7142857142857143,0.7692307692307692,0.0
natural_extraction,government-d40628573562,government,dirty,1,Quality threshold,1,0.5529437342195285,1.0,8.450364752672613,3.0,3.0,0.0,1.0,0.0,0.8333333333333334,0.7142857142857143,0.7692307692307692,0.0
natural_extraction,government-d40628573562,government,dirty,1,Random 50%,1,0.5529437342195285,1.0,8.450364752672613,3.0,3.0,0.0,1.0,0.0,0.8333333333333334,0.7142857142857143,0.7692307692307692,0.0
natural_extraction,government-d40628573562,government,dirty,1,Always repair,1,0.5529437342195285,1.0,8.450364752672613,3.0,3.0,0.0,1.0,0.0,0.8333333333333334,0.7142857142857143,0.7692307692307692,0.0
natural_extraction,government-d40628573562,government,dirty,1,Never repair,0,0.5529437342195285,0.0,0.0,3.0,3.0,0.0,1.0,0.0,0.8333333333333334,0.7142857142857143,0.7692307692307692,0.0
natural_extraction,government-da0766bfb46f,government,clean,0,Learned router,0,1.1372327251321928e-05,0.0,0.0,0.0,0.0,1.0,1.0,0.0,1.0,1.0,1.0,1.0
natural_extraction,government-da0766bfb46f,government,clean,0,Heuristic violations,0,1.1372327251321928e-05,0.0,0.0,0.0,0.0,1.0,1.0,0.0,1.0,1.0,1.0,1.0
natural_extraction,government-da0766bfb46f,government,clean,0,Quality threshold,0,1.1372327251321928e-05,0.0,0.0,0.0,0.0,1.0,1.0,0.0,1.0,1.0,1.0,1.0
natural_extraction,government-da0766bfb46f,government,clean,0,Random 50%,1,1.1372327251321928e-05,1.0,10.49935480300337,0.0,3.0,0.0,0.7142857142857143,1.0,0.8333333333333334,0.7142857142857143,0.7692307692307692,0.0
natural_extraction,government-da0766bfb46f,government,clean,0,Always repair,1,1.1372327251321928e-05,1.0,10.49935480300337,0.0,3.0,0.0,0.7142857142857143,1.0,0.8333333333333334,0.7142857142857143,0.7692307692307692,0.0
natural_extraction,government-da0766bfb46f,government,clean,0,Never repair,0,1.1372327251321928e-05,0.0,0.0,0.0,0.0,1.0,1.0,0.0,1.0,1.0,1.0,1.0
natural_extraction,government-da0766bfb46f,government,dirty,1,Learned router,1,0.9834720546830449,1.0,6.316222494468093,4.0,3.0,0.25,1.0,0.3333333333333333,0.8333333333333334,0.7142857142857143,0.7692307692307692,0.0
natural_extraction,government-da0766bfb46f,government,dirty,1,Heuristic violations,1,0.9834720546830449,1.0,6.316222494468093,4.0,3.0,0.25,1.0,0.3333333333333333,0.8333333333333334,0.7142857142857143,0.7692307692307692,0.0
natural_extraction,government-da0766bfb46f,government,dirty,1,Quality threshold,1,0.9834720546830449,1.0,6.316222494468093,4.0,3.0,0.25,1.0,0.3333333333333333,0.8333333333333334,0.7142857142857143,0.7692307692307692,0.0
natural_extraction,government-da0766bfb46f,government,dirty,1,Random 50%,0,0.9834720546830449,0.0,0.0,4.0,4.0,0.0,1.0,0.0,0.7142857142857143,0.7142857142857143,0.7142857142857143,0.0
natural_extraction,government-da0766bfb46f,government,dirty,1,Always repair,1,0.9834720546830449,1.0,6.316222494468093,4.0,3.0,0.25,1.0,0.3333333333333333,0.8333333333333334,0.7142857142857143,0.7692307692307692,0.0
natural_extraction,government-da0766bfb46f,government,dirty,1,Never repair,0,0.9834720546830449,0.0,0.0,4.0,4.0,0.0,1.0,0.0,0.7142857142857143,0.7142857142857143,0.7142857142857143,0.0
natural_extraction,government-db75dcfe1831,government,clean,0,Learned router,0,1.1372327251321928e-05,0.0,0.0,0.0,0.0,1.0,1.0,0.0,1.0,1.0,1.0,1.0
natural_extraction,government-db75dcfe1831,government,clean,0,Heuristic violations,0,1.1372327251321928e-05,0.0,0.0,0.0,0.0,1.0,1.0,0.0,1.0,1.0,1.0,1.0
natural_extraction,government-db75dcfe1831,government,clean,0,Quality threshold,0,1.1372327251321928e-05,0.0,0.0,0.0,0.0,1.0,1.0,0.0,1.0,1.0,1.0,1.0
natural_extraction,government-db75dcfe1831,government,clean,0,Random 50%,1,1.1372327251321928e-05,1.0,10.645333282649517,0.0,0.0,1.0,1.0,0.0,1.0,1.0,1.0,1.0
natural_extraction,government-db75dcfe1831,government,clean,0,Always repair,1,1.1372327251321928e-05,1.0,10.645333282649517,0.0,0.0,1.0,1.0,0.0,1.0,1.0,1.0,1.0
natural_extraction,government-db75dcfe1831,government,clean,0,Never repair,0,1.1372327251321928e-05,0.0,0.0,0.0,0.0,1.0,1.0,0.0,1.0,1.0,1.0,1.0
natural_extraction,government-db75dcfe1831,government,dirty,1,Learned router,0,1.1372327251321928e-05,0.0,0.0,4.0,4.0,0.0,1.0,0.0,0.7142857142857143,0.7142857142857143,0.7142857142857143,0.0
natural_extraction,government-db75dcfe1831,government,dirty,1,Heuristic violations,0,1.1372327251321928e-05,0.0,0.0,4.0,4.0,0.0,1.0,0.0,0.7142857142857143,0.7142857142857143,0.7142857142857143,0.0
natural_extraction,government-db75dcfe1831,government,dirty,1,Quality threshold,0,1.1372327251321928e-05,0.0,0.0,4.0,4.0,0.0,1.0,0.0,0.7142857142857143,0.7142857142857143,0.7142857142857143,0.0
natural_extraction,government-db75dcfe1831,government,dirty,1,Random 50%,0,1.1372327251321928e-05,0.0,0.0,4.0,4.0,0.0,1.0,0.0,0.7142857142857143,0.7142857142857143,0.7142857142857143,0.0
natural_extraction,government-db75dcfe1831,government,dirty,1,Always repair,1,1.1372327251321928e-05,1.0,7.786640226840973,4.0,4.0,0.0,1.0,0.0,0.7142857142857143,0.7142857142857143,0.7142857142857143,0.0
natural_extraction,government-db75dcfe1831,government,dirty,1,Never repair,0,1.1372327251321928e-05,0.0,0.0,4.0,4.0,0.0,1.0,0.0,0.7142857142857143,0.7142857142857143,0.7142857142857143,0.0
natural_extraction,government-e4c52ac70bcc,government,clean,0,Learned router,0,1.1372327251321928e-05,0.0,0.0,0.0,0.0,1.0,1.0,0.0,1.0,1.0,1.0,1.0
natural_extraction,government-e4c52ac70bcc,government,clean,0,Heuristic violations,0,1.1372327251321928e-05,0.0,0.0,0.0,0.0,1.0,1.0,0.0,1.0,1.0,1.0,1.0
natural_extraction,government-e4c52ac70bcc,government,clean,0,Quality threshold,0,1.1372327251321928e-05,0.0,0.0,0.0,0.0,1.0,1.0,0.0,1.0,1.0,1.0,1.0
natural_extraction,government-e4c52ac70bcc,government,clean,0,Random 50%,1,1.1372327251321928e-05,1.0,5.409835153259337,0.0,2.0,0.0,0.8571428571428571,1.0,0.8571428571428571,0.8571428571428571,0.8571428571428571,0.0
natural_extraction,government-e4c52ac70bcc,government,clean,0,Always repair,1,1.1372327251321928e-05,1.0,5.409835153259337,0.0,2.0,0.0,0.8571428571428571,1.0,0.8571428571428571,0.8571428571428571,0.8571428571428571,0.0
natural_extraction,government-e4c52ac70bcc,government,clean,0,Never repair,0,1.1372327251321928e-05,0.0,0.0,0.0,0.0,1.0,1.0,0.0,1.0,1.0,1.0,1.0
natural_extraction,government-e4c52ac70bcc,government,dirty,1,Learned router,1,0.9999969213564152,1.0,10.127567273564637,3.0,2.0,0.3333333333333333,1.0,0.0,1.0,0.7142857142857143,0.8333333333333333,0.0
natural_extraction,government-e4c52ac70bcc,government,dirty,1,Heuristic violations,1,0.9999969213564152,1.0,10.127567273564637,3.0,2.0,0.3333333333333333,1.0,0.0,1.0,0.7142857142857143,0.8333333333333333,0.0
natural_extraction,government-e4c52ac70bcc,government,dirty,1,Quality threshold,1,0.9999969213564152,1.0,10.127567273564637,3.0,2.0,0.3333333333333333,1.0,0.0,1.0,0.7142857142857143,0.8333333333333333,0.0
natural_extraction,government-e4c52ac70bcc,government,dirty,1,Random 50%,1,0.9999969213564152,1.0,10.127567273564637,3.0,2.0,0.3333333333333333,1.0,0.0,1.0,0.7142857142857143,0.8333333333333333,0.0
natural_extraction,government-e4c52ac70bcc,government,dirty,1,Always repair,1,0.9999969213564152,1.0,10.127567273564637,3.0,2.0,0.3333333333333333,1.0,0.0,1.0,0.7142857142857143,0.8333333333333333,0.0
natural_extraction,government-e4c52ac70bcc,government,dirty,1,Never repair,0,0.9999969213564152,0.0,0.0,3.0,3.0,0.0,1.0,0.0,0.8333333333333334,0.7142857142857143,0.7692307692307692,0.0
natural_extraction,government-e9f38f0ecbce,government,clean,0,Learned router,0,1.1372327251321928e-05,0.0,0.0,0.0,0.0,1.0,1.0,0.0,1.0,1.0,1.0,1.0
natural_extraction,government-e9f38f0ecbce,government,clean,0,Heuristic violations,0,1.1372327251321928e-05,0.0,0.0,0.0,0.0,1.0,1.0,0.0,1.0,1.0,1.0,1.0
natural_extraction,government-e9f38f0ecbce,government,clean,0,Quality threshold,0,1.1372327251321928e-05,0.0,0.0,0.0,0.0,1.0,1.0,0.0,1.0,1.0,1.0,1.0
natural_extraction,government-e9f38f0ecbce,government,clean,0,Random 50%,0,1.1372327251321928e-05,0.0,0.0,0.0,0.0,1.0,1.0,0.0,1.0,1.0,1.0,1.0
natural_extraction,government-e9f38f0ecbce,government,clean,0,Always repair,1,1.1372327251321928e-05,1.0,12.055887844413519,0.0,0.0,1.0,1.0,0.0,1.0,1.0,1.0,1.0
natural_extraction,government-e9f38f0ecbce,government,clean,0,Never repair,0,1.1372327251321928e-05,0.0,0.0,0.0,0.0,1.0,1.0,0.0,1.0,1.0,1.0,1.0
natural_extraction,government-e9f38f0ecbce,government,dirty,1,Learned router,1,1.0,1.0,6.378759613260627,7.0,3.0,0.5714285714285714,1.0,0.16666666666666666,0.8333333333333334,0.7142857142857143,0.7692307692307692,0.0
natural_extraction,government-e9f38f0ecbce,government,dirty,1,Heuristic violations,1,1.0,1.0,6.378759613260627,7.0,3.0,0.5714285714285714,1.0,0.16666666666666666,0.8333333333333334,0.7142857142857143,0.7692307692307692,0.0
natural_extraction,government-e9f38f0ecbce,government,dirty,1,Quality threshold,1,1.0,1.0,6.378759613260627,7.0,3.0,0.5714285714285714,1.0,0.16666666666666666,0.8333333333333334,0.7142857142857143,0.7692307692307692,0.0
natural_extraction,government-e9f38f0ecbce,government,dirty,1,Random 50%,1,1.0,1.0,6.378759613260627,7.0,3.0,0.5714285714285714,1.0,0.16666666666666666,0.8333333333333334,0.7142857142857143,0.7692307692307692,0.0
natural_extraction,government-e9f38f0ecbce,government,dirty,1,Always repair,1,1.0,1.0,6.378759613260627,7.0,3.0,0.5714285714285714,1.0,0.16666666666666666,0.8333333333333334,0.7142857142857143,0.7692307692307692,0.0
natural_extraction,government-e9f38f0ecbce,government,dirty,1,Never repair,0,1.0,0.0,0.0,7.0,7.0,0.0,1.0,0.0,0.0,0.0,0.0,0.0
natural_extraction,government-ed224b645343,government,clean,0,Learned router,0,1.1372327251321928e-05,0.0,0.0,0.0,0.0,1.0,1.0,0.0,1.0,1.0,1.0,1.0
natural_extraction,government-ed224b645343,government,clean,0,Heuristic violations,0,1.1372327251321928e-05,0.0,0.0,0.0,0.0,1.0,1.0,0.0,1.0,1.0,1.0,1.0
natural_extraction,government-ed224b645343,government,clean,0,Quality threshold,0,1.1372327251321928e-05,0.0,0.0,0.0,0.0,1.0,1.0,0.0,1.0,1.0,1.0,1.0
natural_extraction,government-ed224b645343,government,clean,0,Random 50%,0,1.1372327251321928e-05,0.0,0.0,0.0,0.0,1.0,1.0,0.0,1.0,1.0,1.0,1.0
natural_extraction,government-ed224b645343,government,clean,0,Always repair,1,1.1372327251321928e-05,1.0,12.330670677125454,0.0,0.0,1.0,1.0,0.0,1.0,1.0,1.0,1.0
natural_extraction,government-ed224b645343,government,clean,0,Never repair,0,1.1372327251321928e-05,0.0,0.0,0.0,0.0,1.0,1.0,0.0,1.0,1.0,1.0,1.0
natural_extraction,government-ed224b645343,government,dirty,1,Learned router,1,0.9999999661831251,1.0,14.896503091789782,2.0,4.0,-1.0,1.0,1.0,0.7142857142857143,0.7142857142857143,0.7142857142857143,0.0
natural_extraction,government-ed224b645343,government,dirty,1,Heuristic violations,1,0.9999999661831251,1.0,14.896503091789782,2.0,4.0,-1.0,1.0,1.0,0.7142857142857143,0.7142857142857143,0.7142857142857143,0.0
natural_extraction,government-ed224b645343,government,dirty,1,Quality threshold,1,0.9999999661831251,1.0,14.896503091789782,2.0,4.0,-1.0,1.0,1.0,0.7142857142857143,0.7142857142857143,0.7142857142857143,0.0
natural_extraction,government-ed224b645343,government,dirty,1,Random 50%,0,0.9999999661831251,0.0,0.0,2.0,2.0,0.0,1.0,0.0,1.0,0.7142857142857143,0.8333333333333333,0.0
natural_extraction,government-ed224b645343,government,dirty,1,Always repair,1,0.9999999661831251,1.0,14.896503091789782,2.0,4.0,-1.0,1.0,1.0,0.7142857142857143,0.7142857142857143,0.7142857142857143,0.0
natural_extraction,government-ed224b645343,government,dirty,1,Never repair,0,0.9999999661831251,0.0,0.0,2.0,2.0,0.0,1.0,0.0,1.0,0.7142857142857143,0.8333333333333333,0.0
natural_extraction,government-eff0fd772bef,government,clean,0,Learned router,0,1.1372327251321928e-05,0.0,0.0,0.0,0.0,1.0,1.0,0.0,1.0,1.0,1.0,1.0
natural_extraction,government-eff0fd772bef,government,clean,0,Heuristic violations,0,1.1372327251321928e-05,0.0,0.0,0.0,0.0,1.0,1.0,0.0,1.0,1.0,1.0,1.0
natural_extraction,government-eff0fd772bef,government,clean,0,Quality threshold,0,1.1372327251321928e-05,0.0,0.0,0.0,0.0,1.0,1.0,0.0,1.0,1.0,1.0,1.0
natural_extraction,government-eff0fd772bef,government,clean,0,Random 50%,1,1.1372327251321928e-05,1.0,18.734837914817035,0.0,0.0,1.0,1.0,0.0,1.0,1.0,1.0,1.0
natural_extraction,government-eff0fd772bef,government,clean,0,Always repair,1,1.1372327251321928e-05,1.0,18.734837914817035,0.0,0.0,1.0,1.0,0.0,1.0,1.0,1.0,1.0
natural_extraction,government-eff0fd772bef,government,clean,0,Never repair,0,1.1372327251321928e-05,0.0,0.0,0.0,0.0,1.0,1.0,0.0,1.0,1.0,1.0,1.0
natural_extraction,government-eff0fd772bef,government,dirty,1,Learned router,1,0.9999999999962856,1.0,13.396051899529994,4.0,4.0,0.0,1.0,0.5,0.8,0.5714285714285714,0.6666666666666666,0.0
natural_extraction,government-eff0fd772bef,government,dirty,1,Heuristic violations,1,0.9999999999962856,1.0,13.396051899529994,4.0,4.0,0.0,1.0,0.5,0.8,0.5714285714285714,0.6666666666666666,0.0
natural_extraction,government-eff0fd772bef,government,dirty,1,Quality threshold,1,0.9999999999962856,1.0,13.396051899529994,4.0,4.0,0.0,1.0,0.5,0.8,0.5714285714285714,0.6666666666666666,0.0
natural_extraction,government-eff0fd772bef,government,dirty,1,Random 50%,1,0.9999999999962856,1.0,13.396051899529994,4.0,4.0,0.0,1.0,0.5,0.8,0.5714285714285714,0.6666666666666666,0.0
natural_extraction,government-eff0fd772bef,government,dirty,1,Always repair,1,0.9999999999962856,1.0,13.396051899529994,4.0,4.0,0.0,1.0,0.5,0.8,0.5714285714285714,0.6666666666666666,0.0
natural_extraction,government-eff0fd772bef,government,dirty,1,Never repair,0,0.9999999999962856,0.0,0.0,4.0,4.0,0.0,1.0,0.0,0.8,0.5714285714285714,0.6666666666666666,0.0
natural_extraction,government-f6d9be90456b,government,clean,0,Learned router,0,1.1372327251321928e-05,0.0,0.0,0.0,0.0,1.0,1.0,0.0,1.0,1.0,1.0,1.0
natural_extraction,government-f6d9be90456b,government,clean,0,Heuristic violations,0,1.1372327251321928e-05,0.0,0.0,0.0,0.0,1.0,1.0,0.0,1.0,1.0,1.0,1.0
natural_extraction,government-f6d9be90456b,government,clean,0,Quality threshold,0,1.1372327251321928e-05,0.0,0.0,0.0,0.0,1.0,1.0,0.0,1.0,1.0,1.0,1.0
natural_extraction,government-f6d9be90456b,government,clean,0,Random 50%,1,1.1372327251321928e-05,1.0,12.646078488789499,0.0,0.0,1.0,1.0,0.0,1.0,1.0,1.0,1.0
natural_extraction,government-f6d9be90456b,government,clean,0,Always repair,1,1.1372327251321928e-05,1.0,12.646078488789499,0.0,0.0,1.0,1.0,0.0,1.0,1.0,1.0,1.0
natural_extraction,government-f6d9be90456b,government,clean,0,Never repair,0,1.1372327251321928e-05,0.0,0.0,0.0,0.0,1.0,1.0,0.0,1.0,1.0,1.0,1.0
natural_extraction,government-f6d9be90456b,government,dirty,1,Learned router,1,0.9999999999990998,1.0,17.32358766812831,6.0,3.0,0.5,1.0,0.0,1.0,0.5714285714285714,0.7272727272727273,0.0
natural_extraction,government-f6d9be90456b,government,dirty,1,Heuristic violations,1,0.9999999999990998,1.0,17.32358766812831,6.0,3.0,0.5,1.0,0.0,1.0,0.5714285714285714,0.7272727272727273,0.0
natural_extraction,government-f6d9be90456b,government,dirty,1,Quality threshold,1,0.9999999999990998,1.0,17.32358766812831,6.0,3.0,0.5,1.0,0.0,1.0,0.5714285714285714,0.7272727272727273,0.0
natural_extraction,government-f6d9be90456b,government,dirty,1,Random 50%,0,0.9999999999990998,0.0,0.0,6.0,6.0,0.0,1.0,0.0,0.5714285714285714,0.5714285714285714,0.5714285714285714,0.0
natural_extraction,government-f6d9be90456b,government,dirty,1,Always repair,1,0.9999999999990998,1.0,17.32358766812831,6.0,3.0,0.5,1.0,0.0,1.0,0.5714285714285714,0.7272727272727273,0.0
natural_extraction,government-f6d9be90456b,government,dirty,1,Never repair,0,0.9999999999990998,0.0,0.0,6.0,6.0,0.0,1.0,0.0,0.5714285714285714,0.5714285714285714,0.5714285714285714,0.0
natural_extraction,government-f6ff98e6b329,government,clean,0,Learned router,0,1.1372327251321928e-05,0.0,0.0,0.0,0.0,1.0,1.0,0.0,1.0,1.0,1.0,1.0
natural_extraction,government-f6ff98e6b329,government,clean,0,Heuristic violations,0,1.1372327251321928e-05,0.0,0.0,0.0,0.0,1.0,1.0,0.0,1.0,1.0,1.0,1.0
natural_extraction,government-f6ff98e6b329,government,clean,0,Quality threshold,0,1.1372327251321928e-05,0.0,0.0,0.0,0.0,1.0,1.0,0.0,1.0,1.0,1.0,1.0
natural_extraction,government-f6ff98e6b329,government,clean,0,Random 50%,0,1.1372327251321928e-05,0.0,0.0,0.0,0.0,1.0,1.0,0.0,1.0,1.0,1.0,1.0
natural_extraction,government-f6ff98e6b329,government,clean,0,Always repair,1,1.1372327251321928e-05,1.0,6.244540366344154,0.0,0.0,1.0,1.0,0.0,1.0,1.0,1.0,1.0
natural_extraction,government-f6ff98e6b329,government,clean,0,Never repair,0,1.1372327251321928e-05,0.0,0.0,0.0,0.0,1.0,1.0,0.0,1.0,1.0,1.0,1.0
natural_extraction,government-f6ff98e6b329,government,dirty,1,Learned router,0,1.1372327251321928e-05,0.0,0.0,4.0,4.0,0.0,1.0,0.0,0.7142857142857143,0.7142857142857143,0.7142857142857143,0.0
natural_extraction,government-f6ff98e6b329,government,dirty,1,Heuristic violations,0,1.1372327251321928e-05,0.0,0.0,4.0,4.0,0.0,1.0,0.0,0.7142857142857143,0.7142857142857143,0.7142857142857143,0.0
natural_extraction,government-f6ff98e6b329,government,dirty,1,Quality threshold,0,1.1372327251321928e-05,0.0,0.0,4.0,4.0,0.0,1.0,0.0,0.7142857142857143,0.7142857142857143,0.7142857142857143,0.0
natural_extraction,government-f6ff98e6b329,government,dirty,1,Random 50%,1,1.1372327251321928e-05,1.0,8.763320448808372,4.0,3.0,0.25,1.0,0.0,0.8333333333333334,0.7142857142857143,0.7692307692307692,0.0
natural_extraction,government-f6ff98e6b329,government,dirty,1,Always repair,1,1.1372327251321928e-05,1.0,8.763320448808372,4.0,3.0,0.25,1.0,0.0,0.8333333333333334,0.7142857142857143,0.7692307692307692,0.0
natural_extraction,government-f6ff98e6b329,government,dirty,1,Never repair,0,1.1372327251321928e-05,0.0,0.0,4.0,4.0,0.0,1.0,0.0,0.7142857142857143,0.7142857142857143,0.7142857142857143,0.0
natural_extraction,government-f75d2fddf269,government,clean,0,Learned router,0,1.1372327251321928e-05,0.0,0.0,0.0,0.0,1.0,1.0,0.0,1.0,1.0,1.0,1.0
natural_extraction,government-f75d2fddf269,government,clean,0,Heuristic violations,0,1.1372327251321928e-05,0.0,0.0,0.0,0.0,1.0,1.0,0.0,1.0,1.0,1.0,1.0
natural_extraction,government-f75d2fddf269,government,clean,0,Quality threshold,0,1.1372327251321928e-05,0.0,0.0,0.0,0.0,1.0,1.0,0.0,1.0,1.0,1.0,1.0
natural_extraction,government-f75d2fddf269,government,clean,0,Random 50%,1,1.1372327251321928e-05,1.0,5.979008698835969,0.0,0.0,1.0,1.0,0.0,1.0,1.0,1.0,1.0
natural_extraction,government-f75d2fddf269,government,clean,0,Always repair,1,1.1372327251321928e-05,1.0,5.979008698835969,0.0,0.0,1.0,1.0,0.0,1.0,1.0,1.0,1.0
natural_extraction,government-f75d2fddf269,government,clean,0,Never repair,0,1.1372327251321928e-05,0.0,0.0,0.0,0.0,1.0,1.0,0.0,1.0,1.0,1.0,1.0
natural_extraction,government-f75d2fddf269,government,dirty,1,Learned router,1,0.5529437342195285,1.0,7.20344412419945,3.0,3.0,0.0,1.0,0.0,0.8333333333333334,0.7142857142857143,0.7692307692307692,0.0
natural_extraction,government-f75d2fddf269,government,dirty,1,Heuristic violations,1,0.5529437342195285,1.0,7.20344412419945,3.0,3.0,0.0,1.0,0.0,0.8333333333333334,0.7142857142857143,0.7692307692307692,0.0
natural_extraction,government-f75d2fddf269,government,dirty,1,Quality threshold,1,0.5529437342195285,1.0,7.20344412419945,3.0,3.0,0.0,1.0,0.0,0.8333333333333334,0.7142857142857143,0.7692307692307692,0.0
natural_extraction,government-f75d2fddf269,government,dirty,1,Random 50%,0,0.5529437342195285,0.0,0.0,3.0,3.0,0.0,1.0,0.0,0.8333333333333334,0.7142857142857143,0.7692307692307692,0.0
natural_extraction,government-f75d2fddf269,government,dirty,1,Always repair,1,0.5529437342195285,1.0,7.20344412419945,3.0,3.0,0.0,1.0,0.0,0.8333333333333334,0.7142857142857143,0.7692307692307692,0.0
natural_extraction,government-f75d2fddf269,government,dirty,1,Never repair,0,0.5529437342195285,0.0,0.0,3.0,3.0,0.0,1.0,0.0,0.8333333333333334,0.7142857142857143,0.7692307692307692,0.0
natural_extraction,government-f8716e13e115,government,clean,0,Learned router,0,1.1372327251321928e-05,0.0,0.0,0.0,0.0,1.0,1.0,0.0,1.0,1.0,1.0,1.0
natural_extraction,government-f8716e13e115,government,clean,0,Heuristic violations,0,1.1372327251321928e-05,0.0,0.0,0.0,0.0,1.0,1.0,0.0,1.0,1.0,1.0,1.0
natural_extraction,government-f8716e13e115,government,clean,0,Quality threshold,0,1.1372327251321928e-05,0.0,0.0,0.0,0.0,1.0,1.0,0.0,1.0,1.0,1.0,1.0
natural_extraction,government-f8716e13e115,government,clean,0,Random 50%,1,1.1372327251321928e-05,1.0,8.875555799342692,0.0,0.0,1.0,1.0,0.0,1.0,1.0,1.0,1.0
natural_extraction,government-f8716e13e115,government,clean,0,Always repair,1,1.1372327251321928e-05,1.0,8.875555799342692,0.0,0.0,1.0,1.0,0.0,1.0,1.0,1.0,1.0
natural_extraction,government-f8716e13e115,government,clean,0,Never repair,0,1.1372327251321928e-05,0.0,0.0,0.0,0.0,1.0,1.0,0.0,1.0,1.0,1.0,1.0
natural_extraction,government-f8716e13e115,government,dirty,1,Learned router,0,1.1372327251321928e-05,0.0,0.0,4.0,4.0,0.0,1.0,0.0,0.7142857142857143,0.7142857142857143,0.7142857142857143,0.0
natural_extraction,government-f8716e13e115,government,dirty,1,Heuristic violations,0,1.1372327251321928e-05,0.0,0.0,4.0,4.0,0.0,1.0,0.0,0.7142857142857143,0.7142857142857143,0.7142857142857143,0.0
natural_extraction,government-f8716e13e115,government,dirty,1,Quality threshold,0,1.1372327251321928e-05,0.0,0.0,4.0,4.0,0.0,1.0,0.0,0.7142857142857143,0.7142857142857143,0.7142857142857143,0.0
natural_extraction,government-f8716e13e115,government,dirty,1,Random 50%,0,1.1372327251321928e-05,0.0,0.0,4.0,4.0,0.0,1.0,0.0,0.7142857142857143,0.7142857142857143,0.7142857142857143,0.0
natural_extraction,government-f8716e13e115,government,dirty,1,Always repair,1,1.1372327251321928e-05,1.0,5.437175045721233,4.0,4.0,0.0,1.0,0.0,0.7142857142857143,0.7142857142857143,0.7142857142857143,0.0
natural_extraction,government-f8716e13e115,government,dirty,1,Never repair,0,1.1372327251321928e-05,0.0,0.0,4.0,4.0,0.0,1.0,0.0,0.7142857142857143,0.7142857142857143,0.7142857142857143,0.0
natural_extraction,government-f8e7519208bb,government,clean,0,Learned router,0,1.1372327251321928e-05,0.0,0.0,0.0,0.0,1.0,1.0,0.0,1.0,1.0,1.0,1.0
natural_extraction,government-f8e7519208bb,government,clean,0,Heuristic violations,0,1.1372327251321928e-05,0.0,0.0,0.0,0.0,1.0,1.0,0.0,1.0,1.0,1.0,1.0
natural_extraction,government-f8e7519208bb,government,clean,0,Quality threshold,0,1.1372327251321928e-05,0.0,0.0,0.0,0.0,1.0,1.0,0.0,1.0,1.0,1.0,1.0
natural_extraction,government-f8e7519208bb,government,clean,0,Random 50%,0,1.1372327251321928e-05,0.0,0.0,0.0,0.0,1.0,1.0,0.0,1.0,1.0,1.0,1.0
natural_extraction,government-f8e7519208bb,government,clean,0,Always repair,1,1.1372327251321928e-05,1.0,15.113327109254897,0.0,0.0,1.0,1.0,0.0,1.0,1.0,1.0,1.0
natural_extraction,government-f8e7519208bb,government,clean,0,Never repair,0,1.1372327251321928e-05,0.0,0.0,0.0,0.0,1.0,1.0,0.0,1.0,1.0,1.0,1.0
natural_extraction,government-f8e7519208bb,government,dirty,1,Learned router,1,1.0,1.0,12.667648094706237,7.0,4.0,0.42857142857142855,1.0,0.2857142857142857,0.7142857142857143,0.7142857142857143,0.7142857142857143,0.0
natural_extraction,government-f8e7519208bb,government,dirty,1,Heuristic violations,1,1.0,1.0,12.667648094706237,7.0,4.0,0.42857142857142855,1.0,0.2857142857142857,0.7142857142857143,0.7142857142857143,0.7142857142857143,0.0
natural_extraction,government-f8e7519208bb,government,dirty,1,Quality threshold,1,1.0,1.0,12.667648094706237,7.0,4.0,0.42857142857142855,1.0,0.2857142857142857,0.7142857142857143,0.7142857142857143,0.7142857142857143,0.0
natural_extraction,government-f8e7519208bb,government,dirty,1,Random 50%,0,1.0,0.0,0.0,7.0,7.0,0.0,1.0,0.0,0.0,0.0,0.0,0.0
natural_extraction,government-f8e7519208bb,government,dirty,1,Always repair,1,1.0,1.0,12.667648094706237,7.0,4.0,0.42857142857142855,1.0,0.2857142857142857,0.7142857142857143,0.7142857142857143,0.7142857142857143,0.0
natural_extraction,government-f8e7519208bb,government,dirty,1,Never repair,0,1.0,0.0,0.0,7.0,7.0,0.0,1.0,0.0,0.0,0.0,0.0,0.0
natural_extraction,government-fc2c1b8758a5,government,clean,0,Learned router,0,1.1372327251321928e-05,0.0,0.0,0.0,0.0,1.0,1.0,0.0,1.0,1.0,1.0,1.0
natural_extraction,government-fc2c1b8758a5,government,clean,0,Heuristic violations,0,1.1372327251321928e-05,0.0,0.0,0.0,0.0,1.0,1.0,0.0,1.0,1.0,1.0,1.0
natural_extraction,government-fc2c1b8758a5,government,clean,0,Quality threshold,0,1.1372327251321928e-05,0.0,0.0,0.0,0.0,1.0,1.0,0.0,1.0,1.0,1.0,1.0
natural_extraction,government-fc2c1b8758a5,government,clean,0,Random 50%,0,1.1372327251321928e-05,0.0,0.0,0.0,0.0,1.0,1.0,0.0,1.0,1.0,1.0,1.0
natural_extraction,government-fc2c1b8758a5,government,clean,0,Always repair,1,1.1372327251321928e-05,1.0,11.788730196654797,0.0,0.0,1.0,1.0,0.0,1.0,1.0,1.0,1.0
natural_extraction,government-fc2c1b8758a5,government,clean,0,Never repair,0,1.1372327251321928e-05,0.0,0.0,0.0,0.0,1.0,1.0,0.0,1.0,1.0,1.0,1.0
natural_extraction,government-fc2c1b8758a5,government,dirty,1,Learned router,1,0.9834720546830449,1.0,14.426869840361178,4.0,2.0,0.5,1.0,0.0,1.0,0.7142857142857143,0.8333333333333333,0.0
natural_extraction,government-fc2c1b8758a5,government,dirty,1,Heuristic violations,1,0.9834720546830449,1.0,14.426869840361178,4.0,2.0,0.5,1.0,0.0,1.0,0.7142857142857143,0.8333333333333333,0.0
natural_extraction,government-fc2c1b8758a5,government,dirty,1,Quality threshold,1,0.9834720546830449,1.0,14.426869840361178,4.0,2.0,0.5,1.0,0.0,1.0,0.7142857142857143,0.8333333333333333,0.0
natural_extraction,government-fc2c1b8758a5,government,dirty,1,Random 50%,0,0.9834720546830449,0.0,0.0,4.0,4.0,0.0,1.0,0.0,0.7142857142857143,0.7142857142857143,0.7142857142857143,0.0
natural_extraction,government-fc2c1b8758a5,government,dirty,1,Always repair,1,0.9834720546830449,1.0,14.426869840361178,4.0,2.0,0.5,1.0,0.0,1.0,0.7142857142857143,0.8333333333333333,0.0
natural_extraction,government-fc2c1b8758a5,government,dirty,1,Never repair,0,0.9834720546830449,0.0,0.0,4.0,4.0,0.0,1.0,0.0,0.7142857142857143,0.7142857142857143,0.7142857142857143,0.0
natural_extraction,government-fc4bd6117122,government,clean,0,Learned router,0,1.1372327251321928e-05,0.0,0.0,0.0,0.0,1.0,1.0,0.0,1.0,1.0,1.0,1.0
natural_extraction,government-fc4bd6117122,government,clean,0,Heuristic violations,0,1.1372327251321928e-05,0.0,0.0,0.0,0.0,1.0,1.0,0.0,1.0,1.0,1.0,1.0
natural_extraction,government-fc4bd6117122,government,clean,0,Quality threshold,0,1.1372327251321928e-05,0.0,0.0,0.0,0.0,1.0,1.0,0.0,1.0,1.0,1.0,1.0
natural_extraction,government-fc4bd6117122,government,clean,0,Random 50%,0,1.1372327251321928e-05,0.0,0.0,0.0,0.0,1.0,1.0,0.0,1.0,1.0,1.0,1.0
natural_extraction,government-fc4bd6117122,government,clean,0,Always repair,1,1.1372327251321928e-05,1.0,7.486805127002299,0.0,0.0,1.0,1.0,0.0,1.0,1.0,1.0,1.0
natural_extraction,government-fc4bd6117122,government,clean,0,Never repair,0,1.1372327251321928e-05,0.0,0.0,0.0,0.0,1.0,1.0,0.0,1.0,1.0,1.0,1.0
natural_extraction,government-fc4bd6117122,government,dirty,1,Learned router,1,0.5529437342195285,1.0,9.264304249547422,3.0,0.0,1.0,1.0,0.0,1.0,1.0,1.0,1.0
natural_extraction,government-fc4bd6117122,government,dirty,1,Heuristic violations,1,0.5529437342195285,1.0,9.264304249547422,3.0,0.0,1.0,1.0,0.0,1.0,1.0,1.0,1.0
natural_extraction,government-fc4bd6117122,government,dirty,1,Quality threshold,1,0.5529437342195285,1.0,9.264304249547422,3.0,0.0,1.0,1.0,0.0,1.0,1.0,1.0,1.0
natural_extraction,government-fc4bd6117122,government,dirty,1,Random 50%,0,0.5529437342195285,0.0,0.0,3.0,3.0,0.0,1.0,0.0,0.8333333333333334,0.7142857142857143,0.7692307692307692,0.0
natural_extraction,government-fc4bd6117122,government,dirty,1,Always repair,1,0.5529437342195285,1.0,9.264304249547422,3.0,0.0,1.0,1.0,0.0,1.0,1.0,1.0,1.0
natural_extraction,government-fc4bd6117122,government,dirty,1,Never repair,0,0.5529437342195285,0.0,0.0,3.0,3.0,0.0,1.0,0.0,0.8333333333333334,0.7142857142857143,0.7692307692307692,0.0
natural_extraction,government-fcfdfe2a6dc5,government,clean,0,Learned router,0,1.1372327251321928e-05,0.0,0.0,0.0,0.0,1.0,1.0,0.0,1.0,1.0,1.0,1.0
natural_extraction,government-fcfdfe2a6dc5,government,clean,0,Heuristic violations,0,1.1372327251321928e-05,0.0,0.0,0.0,0.0,1.0,1.0,0.0,1.0,1.0,1.0,1.0
natural_extraction,government-fcfdfe2a6dc5,government,clean,0,Quality threshold,0,1.1372327251321928e-05,0.0,0.0,0.0,0.0,1.0,1.0,0.0,1.0,1.0,1.0,1.0
natural_extraction,government-fcfdfe2a6dc5,government,clean,0,Random 50%,0,1.1372327251321928e-05,0.0,0.0,0.0,0.0,1.0,1.0,0.0,1.0,1.0,1.0,1.0
natural_extraction,government-fcfdfe2a6dc5,government,clean,0,Always repair,1,1.1372327251321928e-05,1.0,12.81966230366379,0.0,0.0,1.0,1.0,0.0,1.0,1.0,1.0,1.0
natural_extraction,government-fcfdfe2a6dc5,government,clean,0,Never repair,0,1.1372327251321928e-05,0.0,0.0,0.0,0.0,1.0,1.0,0.0,1.0,1.0,1.0,1.0
natural_extraction,government-fcfdfe2a6dc5,government,dirty,1,Learned router,1,0.9999969213564152,1.0,11.764008082449436,3.0,2.0,0.3333333333333333,1.0,0.0,1.0,0.7142857142857143,0.8333333333333333,0.0
natural_extraction,government-fcfdfe2a6dc5,government,dirty,1,Heuristic violations,1,0.9999969213564152,1.0,11.764008082449436,3.0,2.0,0.3333333333333333,1.0,0.0,1.0,0.7142857142857143,0.8333333333333333,0.0
natural_extraction,government-fcfdfe2a6dc5,government,dirty,1,Quality threshold,1,0.9999969213564152,1.0,11.764008082449436,3.0,2.0,0.3333333333333333,1.0,0.0,1.0,0.7142857142857143,0.8333333333333333,0.0
natural_extraction,government-fcfdfe2a6dc5,government,dirty,1,Random 50%,0,0.9999969213564152,0.0,0.0,3.0,3.0,0.0,1.0,0.0,0.8333333333333334,0.7142857142857143,0.7692307692307692,0.0
natural_extraction,government-fcfdfe2a6dc5,government,dirty,1,Always repair,1,0.9999969213564152,1.0,11.764008082449436,3.0,2.0,0.3333333333333333,1.0,0.0,1.0,0.7142857142857143,0.8333333333333333,0.0
natural_extraction,government-fcfdfe2a6dc5,government,dirty,1,Never repair,0,0.9999969213564152,0.0,0.0,3.0,3.0,0.0,1.0,0.0,0.8333333333333334,0.7142857142857143,0.7692307692307692,0.0
natural_extraction,government-ff34311b9ccd,government,clean,0,Learned router,0,1.1372327251321928e-05,0.0,0.0,0.0,0.0,1.0,1.0,0.0,1.0,1.0,1.0,1.0
natural_extraction,government-ff34311b9ccd,government,clean,0,Heuristic violations,0,1.1372327251321928e-05,0.0,0.0,0.0,0.0,1.0,1.0,0.0,1.0,1.0,1.0,1.0
natural_extraction,government-ff34311b9ccd,government,clean,0,Quality threshold,0,1.1372327251321928e-05,0.0,0.0,0.0,0.0,1.0,1.0,0.0,1.0,1.0,1.0,1.0
natural_extraction,government-ff34311b9ccd,government,clean,0,Random 50%,0,1.1372327251321928e-05,0.0,0.0,0.0,0.0,1.0,1.0,0.0,1.0,1.0,1.0,1.0
natural_extraction,government-ff34311b9ccd,government,clean,0,Always repair,1,1.1372327251321928e-05,1.0,8.381885090842843,0.0,1.0,0.0,0.8571428571428571,1.0,1.0,0.8571428571428571,0.923076923076923,0.0
natural_extraction,government-ff34311b9ccd,government,clean,0,Never repair,0,1.1372327251321928e-05,0.0,0.0,0.0,0.0,1.0,1.0,0.0,1.0,1.0,1.0,1.0
natural_extraction,government-ff34311b9ccd,government,dirty,1,Learned router,1,0.9834720546830449,1.0,10.308877058327198,4.0,3.0,0.25,1.0,0.0,0.8333333333333334,0.7142857142857143,0.7692307692307692,0.0
natural_extraction,government-ff34311b9ccd,government,dirty,1,Heuristic violations,1,0.9834720546830449,1.0,10.308877058327198,4.0,3.0,0.25,1.0,0.0,0.8333333333333334,0.7142857142857143,0.7692307692307692,0.0
natural_extraction,government-ff34311b9ccd,government,dirty,1,Quality threshold,1,0.9834720546830449,1.0,10.308877058327198,4.0,3.0,0.25,1.0,0.0,0.8333333333333334,0.7142857142857143,0.7692307692307692,0.0
natural_extraction,government-ff34311b9ccd,government,dirty,1,Random 50%,0,0.9834720546830449,0.0,0.0,4.0,4.0,0.0,1.0,0.0,0.7142857142857143,0.7142857142857143,0.7142857142857143,0.0
natural_extraction,government-ff34311b9ccd,government,dirty,1,Always repair,1,0.9834720546830449,1.0,10.308877058327198,4.0,3.0,0.25,1.0,0.0,0.8333333333333334,0.7142857142857143,0.7692307692307692,0.0
natural_extraction,government-ff34311b9ccd,government,dirty,1,Never repair,0,0.9834720546830449,0.0,0.0,4.0,4.0,0.0,1.0,0.0,0.7142857142857143,0.7142857142857143,0.7142857142857143,0.0
