id,name,node_type,issue_type,start_id,end_id,relation_type,source,triple_hash
,,,冗余三元组,11.0,9.0,权力类型,extraction,2c1c88acab62420824c092d4fa6632ca9b0bfffd2d1ca0586870856ec5f1ae16
,,,冗余三元组,11.0,9.0,权力类型,extraction,2c1c88acab62420824c092d4fa6632ca9b0bfffd2d1ca0586870856ec5f1ae16
,,,冗余三元组,11.0,9.0,权力类型,extraction,2c1c88acab62420824c092d4fa6632ca9b0bfffd2d1ca0586870856ec5f1ae16
,,,冗余三元组,3.0,11.0,是,extraction,50e282008fdda86810f048e213c9dbd0e2f5df0a5efb5176f11c1f5844f7c83a
,,,冗余三元组,1.0,9.0,包括,extraction,faf0ce8191eacfaa2463c2b297349347b524dc6e45d27869dd8175629020d62c
,,,冗余三元组,3.0,11.0,是,extraction,50e282008fdda86810f048e213c9dbd0e2f5df0a5efb5176f11c1f5844f7c83a
,,,冗余三元组,11.0,9.0,权力类型,extraction,2c1c88acab62420824c092d4fa6632ca9b0bfffd2d1ca0586870856ec5f1ae16
,,,冗余三元组,1.0,9.0,包括,extraction,faf0ce8191eacfaa2463c2b297349347b524dc6e45d27869dd8175629020d62c
,,,冗余三元组,3.0,11.0,是,extraction,50e282008fdda86810f048e213c9dbd0e2f5df0a5efb5176f11c1f5844f7c83a
,,,冗余三元组,3.0,11.0,是,extraction,50e282008fdda86810f048e213c9dbd0e2f5df0a5efb5176f11c1f5844f7c83a
,,,冗余三元组,5.0,36.0,是,extraction,c71360788330970e9271c94692c552bea317a6f243c833496857e49d68ae2bdc
,,,冗余三元组,18.0,36.0,是,extraction,763917cc0d41b529306a915c2eca7b390f263ce8daa97f08f8d707a9c88ef22a
,,,冗余三元组,11.0,9.0,权力类型,extraction,2c1c88acab62420824c092d4fa6632ca9b0bfffd2d1ca0586870856ec5f1ae16
,,,冗余三元组,3.0,4.0,是,extraction,d08580506622eb3b009abbcab184c7d6527dc171bbca042f5d2132b53eb48841
,,,冗余三元组,1.0,9.0,包括,extraction,faf0ce8191eacfaa2463c2b297349347b524dc6e45d27869dd8175629020d62c
,,,冗余三元组,3.0,11.0,是,extraction,50e282008fdda86810f048e213c9dbd0e2f5df0a5efb5176f11c1f5844f7c83a
,,,冗余三元组,5.0,30.0,是,extraction,b8c42a73848d151fb19153682dd14995902d02478bbe012a2ed29acf2c22965a
,,,冗余三元组,18.0,30.0,是,extraction,390da1d934e648f99cce08ddf4d9970fc48fb9c0e84d7950994252ba39eda2b2
,,,冗余三元组,7.0,19.0,是,extraction,2a88a034ef5cece9cf9929570f46e66e84f0658e91d26787747fdf65ecaa61b4
,,,冗余三元组,3.0,11.0,是,extraction,50e282008fdda86810f048e213c9dbd0e2f5df0a5efb5176f11c1f5844f7c83a
,,,冗余三元组,1.0,9.0,包括,extraction,faf0ce8191eacfaa2463c2b297349347b524dc6e45d27869dd8175629020d62c
,,,冗余三元组,3.0,11.0,是,extraction,50e282008fdda86810f048e213c9dbd0e2f5df0a5efb5176f11c1f5844f7c83a
,,,冗余三元组,5.0,31.0,是,extraction,2c6f3bdafc98d932c7f7050f5f175af5a4b04100d90ab9f36f240058f058592e
,,,冗余三元组,1.0,9.0,包括,extraction,faf0ce8191eacfaa2463c2b297349347b524dc6e45d27869dd8175629020d62c
,,,冗余三元组,9.0,53.0,包含,extraction,c3df9c6008bf2baf1f7b6f9541d81fe04121870eeb2c55ed4cc1cca75da24144
,,,冗余三元组,3.0,11.0,是,extraction,50e282008fdda86810f048e213c9dbd0e2f5df0a5efb5176f11c1f5844f7c83a
,,,冗余三元组,7.0,54.0,是,extraction,c8ae73e9f17b71b5a3a1abb3e9657a041d2f51a99bca64780fc95ced120ebd74
,,,冗余三元组,11.0,9.0,权力类型,extraction,2c1c88acab62420824c092d4fa6632ca9b0bfffd2d1ca0586870856ec5f1ae16
,,,冗余三元组,21.0,9.0,行驶主体,extraction,8720bf216690e0067640ccda2bc1a90b8e1a2f66fe57e1cf90fca56b7f7638c4
,,,冗余三元组,21.0,9.0,承办机构,extraction,f6f3f5a2c0535b46220fb05fa7d9d286c6a7bf3d1296438d2b596460b67fc2fa
,,,冗余三元组,3.0,11.0,是,extraction,50e282008fdda86810f048e213c9dbd0e2f5df0a5efb5176f11c1f5844f7c83a
,,,冗余三元组,5.0,31.0,是,extraction,2c6f3bdafc98d932c7f7050f5f175af5a4b04100d90ab9f36f240058f058592e
,,,冗余三元组,18.0,31.0,是,extraction,c9d5ad180bb8d07255831d5e02503978682a333c3a7dc2a9385ddc4bd55c50b6
,,,冗余三元组,7.0,54.0,是,extraction,c8ae73e9f17b71b5a3a1abb3e9657a041d2f51a99bca64780fc95ced120ebd74
,,,冗余三元组,3.0,11.0,是,extraction,50e282008fdda86810f048e213c9dbd0e2f5df0a5efb5176f11c1f5844f7c83a
,,,冗余三元组,1.0,9.0,包括,extraction,faf0ce8191eacfaa2463c2b297349347b524dc6e45d27869dd8175629020d62c
,,,冗余三元组,9.0,25.0,涉及,extraction,78702f72f61bc98548eecb5eaa17caa7242237d3df09017c8cca03183453005f
,,,冗余三元组,3.0,11.0,是,extraction,50e282008fdda86810f048e213c9dbd0e2f5df0a5efb5176f11c1f5844f7c83a
,,,冗余三元组,7.0,37.0,是,extraction,b677acb9754aa12371f933788edb5497d7a3e714a706d1968813418a6dee73ed
,,,冗余三元组,1.0,9.0,包括,extraction,faf0ce8191eacfaa2463c2b297349347b524dc6e45d27869dd8175629020d62c
,,,冗余三元组,9.0,46.0,涉及,extraction,88296d87c8772de1f62481cd05298c2233cc8547e68abf531889d01e493a08cc
,,,冗余三元组,3.0,11.0,是,extraction,50e282008fdda86810f048e213c9dbd0e2f5df0a5efb5176f11c1f5844f7c83a
,,,冗余三元组,5.0,17.0,是,extraction,7f07a66f4ec01d1e3a8f39dcf819db630fa1fa37e1a5fd78944e7c734d978235
,,,冗余三元组,18.0,17.0,是,extraction,64e28edcbe2a10b8014b06111cbbcc792d80ddf83b6df5ce5549c03486107411
,,,冗余三元组,7.0,37.0,是,extraction,b677acb9754aa12371f933788edb5497d7a3e714a706d1968813418a6dee73ed
,,,冗余三元组,9.0,23.0,服务事项,extraction,0cdee6daee4fcb2baa7ee1a5fae03d91f55ebca8f0676971be254dd5cc11a6ae
,,,冗余三元组,11.0,9.0,权力类型,extraction,2c1c88acab62420824c092d4fa6632ca9b0bfffd2d1ca0586870856ec5f1ae16
,,,冗余三元组,24.0,9.0,行驶主体,extraction,90a9fdac5ebef5a610edf20f99b4733fd9a0d155492c0c192a46ef1bbaac0331
,,,冗余三元组,24.0,9.0,承办机构,extraction,c20f9f12bcd7f579d07afbab9de42fa29760431e0e85ee0a80cc210217206cee
,,,冗余三元组,56.0,9.0,实施依据,extraction,2aa701a6492253a05a68571e741a49b2328fc2a88ea859975c7311178bf3cae8
,,,冗余三元组,3.0,11.0,是,extraction,50e282008fdda86810f048e213c9dbd0e2f5df0a5efb5176f11c1f5844f7c83a
,,,冗余三元组,7.0,54.0,是,extraction,c8ae73e9f17b71b5a3a1abb3e9657a041d2f51a99bca64780fc95ced120ebd74
,,,冗余三元组,9.0,58.0,包含,extraction,179b29517f3de67c7be95a2cc37a3dea771d50f0d98ecc20d7fca6948efadfa4
,,,冗余三元组,3.0,11.0,是,extraction,50e282008fdda86810f048e213c9dbd0e2f5df0a5efb5176f11c1f5844f7c83a
,,,冗余三元组,5.0,34.0,是,extraction,b7ccd1f45a95923d796ee92ca6942743da3195e27df18f974cf96b23ad3bdee0
,,,冗余三元组,18.0,34.0,是,extraction,ff1e933d5261241bef0fea2b84067f048ac6f4995720d8766a2256c92ae8aeb3
,,,冗余三元组,7.0,32.0,是,extraction,073f036e35642723f2166a01b5dd7ed651e8e12d4b157faa68c7de45faec6092
,,,冗余三元组,1.0,9.0,包括,extraction,faf0ce8191eacfaa2463c2b297349347b524dc6e45d27869dd8175629020d62c
,,,冗余三元组,9.0,58.0,包含,extraction,179b29517f3de67c7be95a2cc37a3dea771d50f0d98ecc20d7fca6948efadfa4
,,,冗余三元组,3.0,11.0,是,extraction,50e282008fdda86810f048e213c9dbd0e2f5df0a5efb5176f11c1f5844f7c83a
,,,冗余三元组,5.0,55.0,是,extraction,4cfd7487d3952e8616c9ddf32e139510806c8c03960f2e41fc1f8a497ae98170
,,,冗余三元组,7.0,13.0,是,extraction,8492960f1bc3d93d88011d3dd04d0e5ea635c6431041eee20154964cb6e6123b
,,,冗余三元组,9.0,33.0,服务事项,extraction,f8ece3819bc42811ed0164398e7e7dafa6a7a0dc5480d525c06016c842cf8e20
,,,冗余三元组,3.0,11.0,是,extraction,50e282008fdda86810f048e213c9dbd0e2f5df0a5efb5176f11c1f5844f7c83a
,,,冗余三元组,5.0,26.0,是,extraction,4072f57383ef693458d3eef57ef37ae1bbae2b003ec7bc05d3d07a737a272b53
,,,冗余三元组,18.0,26.0,是,extraction,ba75a3427e43490516afd81128bf869a212354b1eee0fc588681807f9f92b400
,,,冗余三元组,7.0,13.0,是,extraction,8492960f1bc3d93d88011d3dd04d0e5ea635c6431041eee20154964cb6e6123b
,,,冗余三元组,1.0,9.0,包括,extraction,faf0ce8191eacfaa2463c2b297349347b524dc6e45d27869dd8175629020d62c
,,,冗余三元组,3.0,11.0,是,extraction,50e282008fdda86810f048e213c9dbd0e2f5df0a5efb5176f11c1f5844f7c83a
,,,冗余三元组,5.0,51.0,是,extraction,e2bf527310e351c009c5a9f48f941ad800bae5907f134cda086b77d5bcc332c8
,,,冗余三元组,18.0,51.0,是,extraction,a92cb4c88051854c8fca70a4fb2364d2b00da7188f1ea5f0ff12249d1cb98d17
,,,冗余三元组,7.0,32.0,是,extraction,073f036e35642723f2166a01b5dd7ed651e8e12d4b157faa68c7de45faec6092
,,,冗余三元组,1.0,9.0,包括,extraction,faf0ce8191eacfaa2463c2b297349347b524dc6e45d27869dd8175629020d62c
,,,冗余三元组,9.0,25.0,涉及,extraction,78702f72f61bc98548eecb5eaa17caa7242237d3df09017c8cca03183453005f
,,,冗余三元组,3.0,11.0,是,extraction,50e282008fdda86810f048e213c9dbd0e2f5df0a5efb5176f11c1f5844f7c83a
,,,冗余三元组,5.0,59.0,是,extraction,8117b4dc68ddf4093480012c3282a38fd093fcf169e9c5ee6a711a0ba692c666
,,,冗余三元组,9.0,16.0,包含事项,extraction,25f0d8b83661026b5b5a31ff652d24e03d40f972ae81ffd1f79c7d03833e4ab1
,,,冗余三元组,3.0,11.0,是,extraction,50e282008fdda86810f048e213c9dbd0e2f5df0a5efb5176f11c1f5844f7c83a
,,,冗余三元组,5.0,26.0,是,extraction,4072f57383ef693458d3eef57ef37ae1bbae2b003ec7bc05d3d07a737a272b53
,,,冗余三元组,18.0,26.0,是,extraction,ba75a3427e43490516afd81128bf869a212354b1eee0fc588681807f9f92b400
,,,冗余三元组,1.0,47.0,包括,extraction,3ff60d7272f0699378cf6abfa0aacb7a75af63581d52f987c6d8ff0d17106d55
,,,冗余三元组,3.0,4.0,是,extraction,d08580506622eb3b009abbcab184c7d6527dc171bbca042f5d2132b53eb48841
,,,冗余三元组,9.0,10.0,服务事项,extraction,094430bd0583679b540a313ff8562bed14c377b3114320d5074a7c7d4240bdf0
,,,冗余三元组,3.0,11.0,是,extraction,50e282008fdda86810f048e213c9dbd0e2f5df0a5efb5176f11c1f5844f7c83a
,,,冗余三元组,5.0,26.0,是,extraction,4072f57383ef693458d3eef57ef37ae1bbae2b003ec7bc05d3d07a737a272b53
,,,冗余三元组,18.0,26.0,是,extraction,ba75a3427e43490516afd81128bf869a212354b1eee0fc588681807f9f92b400
,,,冗余三元组,7.0,27.0,是,extraction,bbec78b3a1b60a712cedd4646e2dac85ab1c2c87f823dec552775d9b40fa2e92
,,,冗余三元组,9.0,33.0,服务事项,extraction,f8ece3819bc42811ed0164398e7e7dafa6a7a0dc5480d525c06016c842cf8e20
,,,冗余三元组,11.0,9.0,权力类型,extraction,2c1c88acab62420824c092d4fa6632ca9b0bfffd2d1ca0586870856ec5f1ae16
,,,冗余三元组,56.0,9.0,实施依据,extraction,2aa701a6492253a05a68571e741a49b2328fc2a88ea859975c7311178bf3cae8
,,,冗余三元组,3.0,11.0,是,extraction,50e282008fdda86810f048e213c9dbd0e2f5df0a5efb5176f11c1f5844f7c83a
,,,冗余三元组,5.0,36.0,是,extraction,c71360788330970e9271c94692c552bea317a6f243c833496857e49d68ae2bdc
,,,冗余三元组,18.0,36.0,是,extraction,763917cc0d41b529306a915c2eca7b390f263ce8daa97f08f8d707a9c88ef22a
,,,冗余三元组,7.0,22.0,是,extraction,197084ef0cc4cdfd4564ae30861c99b3397285c69dc9d2aed17542b14e877968
,,,冗余三元组,3.0,4.0,是,extraction,d08580506622eb3b009abbcab184c7d6527dc171bbca042f5d2132b53eb48841
,,,冗余三元组,7.0,8.0,是,extraction,a8df68e79207503855ab786dfffb0202c022620e87f94a1c6a91d4def411cf95
,,,冗余三元组,3.0,11.0,是,extraction,50e282008fdda86810f048e213c9dbd0e2f5df0a5efb5176f11c1f5844f7c83a
,,,冗余三元组,7.0,22.0,是,extraction,197084ef0cc4cdfd4564ae30861c99b3397285c69dc9d2aed17542b14e877968
,,,冗余三元组,11.0,9.0,权力类型,extraction,2c1c88acab62420824c092d4fa6632ca9b0bfffd2d1ca0586870856ec5f1ae16
,,,冗余三元组,24.0,9.0,行驶主体,extraction,90a9fdac5ebef5a610edf20f99b4733fd9a0d155492c0c192a46ef1bbaac0331
,,,冗余三元组,24.0,9.0,承办机构,extraction,c20f9f12bcd7f579d07afbab9de42fa29760431e0e85ee0a80cc210217206cee
,,,冗余三元组,9.0,35.0,服务事项,extraction,144c3f8daa59c283978fe847f0f3409435132f16c61fa617266d5d4ac94ef461
,,,冗余三元组,11.0,9.0,权力类型,extraction,2c1c88acab62420824c092d4fa6632ca9b0bfffd2d1ca0586870856ec5f1ae16
,,,冗余三元组,59.0,9.0,行驶主体,extraction,193c41f4cedaedda527bd313520f71683420dc645ca0b9a3dea0f6c76276ce29
,,,冗余三元组,59.0,9.0,承办机构,extraction,ec322c4bba17a606ccb11f92ee2aa4590994122286493f43f144e98ed357fd1d
,,,冗余三元组,3.0,11.0,是,extraction,50e282008fdda86810f048e213c9dbd0e2f5df0a5efb5176f11c1f5844f7c83a
,,,冗余三元组,5.0,40.0,是,extraction,8292870b1b4c3c8f94d162cf2bb4323709f6ba64b0a6be958c56bc833404b8db
,,,冗余三元组,18.0,40.0,是,extraction,a5de43bfc641f5fc0624d49940a88d734691a195da04e3f6a79945ebcd7d032a
,,,冗余三元组,1.0,47.0,包括,extraction,3ff60d7272f0699378cf6abfa0aacb7a75af63581d52f987c6d8ff0d17106d55
,,,冗余三元组,9.0,61.0,涉及问题,extraction,55597ffce7366b7ced1d8a433fd8cd8b48690d40fc8f79195726d9eadc8b9d2d
,,,冗余三元组,3.0,4.0,是,extraction,d08580506622eb3b009abbcab184c7d6527dc171bbca042f5d2132b53eb48841
,,,冗余三元组,7.0,65.0,是,extraction,e43cab330f6c93e0c7c8eeaf73c9a03802874041dfe902e8003325406de58d0e
,,,冗余三元组,3.0,11.0,是,extraction,50e282008fdda86810f048e213c9dbd0e2f5df0a5efb5176f11c1f5844f7c83a
,,,冗余三元组,5.0,30.0,是,extraction,b8c42a73848d151fb19153682dd14995902d02478bbe012a2ed29acf2c22965a
,,,冗余三元组,18.0,30.0,是,extraction,390da1d934e648f99cce08ddf4d9970fc48fb9c0e84d7950994252ba39eda2b2
,,,冗余三元组,7.0,22.0,是,extraction,197084ef0cc4cdfd4564ae30861c99b3397285c69dc9d2aed17542b14e877968
,,,冗余三元组,9.0,16.0,包含,extraction,b4bd027f5bb5c31009aab6062273c66b5d98cc36d6e28a0f62391bd0045dd2bd
,,,冗余三元组,3.0,11.0,是,extraction,50e282008fdda86810f048e213c9dbd0e2f5df0a5efb5176f11c1f5844f7c83a
,,,冗余三元组,5.0,31.0,是,extraction,2c6f3bdafc98d932c7f7050f5f175af5a4b04100d90ab9f36f240058f058592e
,,,冗余三元组,3.0,11.0,是,extraction,50e282008fdda86810f048e213c9dbd0e2f5df0a5efb5176f11c1f5844f7c83a
,,,冗余三元组,5.0,30.0,是,extraction,b8c42a73848d151fb19153682dd14995902d02478bbe012a2ed29acf2c22965a
,,,冗余三元组,18.0,30.0,是,extraction,390da1d934e648f99cce08ddf4d9970fc48fb9c0e84d7950994252ba39eda2b2
,,,冗余三元组,7.0,19.0,是,extraction,2a88a034ef5cece9cf9929570f46e66e84f0658e91d26787747fdf65ecaa61b4
,,,冗余三元组,11.0,9.0,权力类型,extraction,2c1c88acab62420824c092d4fa6632ca9b0bfffd2d1ca0586870856ec5f1ae16
,,,冗余三元组,1.0,66.0,包括,extraction,bc07a7697ec242683825466c36a4056a4907540738eeb3a6a45401b3b7158902
,,,冗余三元组,3.0,4.0,是,extraction,d08580506622eb3b009abbcab184c7d6527dc171bbca042f5d2132b53eb48841
,,,冗余三元组,7.0,8.0,是,extraction,a8df68e79207503855ab786dfffb0202c022620e87f94a1c6a91d4def411cf95
,,,冗余三元组,11.0,9.0,权力类型,extraction,2c1c88acab62420824c092d4fa6632ca9b0bfffd2d1ca0586870856ec5f1ae16
,,,冗余三元组,12.0,9.0,行驶主体,extraction,3ff53e6fd9c4c8777d8bcdb901c679075356d4898cf3e5c953cf8e27171f8769
,,,冗余三元组,12.0,9.0,承办机构,extraction,c8145c60506466db53528df95e91fa6ba3e67ced241d312631beec33e43c8e1b
,,,冗余三元组,1.0,9.0,包括,extraction,faf0ce8191eacfaa2463c2b297349347b524dc6e45d27869dd8175629020d62c
,,,冗余三元组,9.0,25.0,涉及,extraction,78702f72f61bc98548eecb5eaa17caa7242237d3df09017c8cca03183453005f
,,,冗余三元组,3.0,11.0,是,extraction,50e282008fdda86810f048e213c9dbd0e2f5df0a5efb5176f11c1f5844f7c83a
,,,冗余三元组,5.0,34.0,是,extraction,b7ccd1f45a95923d796ee92ca6942743da3195e27df18f974cf96b23ad3bdee0
,,,冗余三元组,7.0,22.0,是,extraction,197084ef0cc4cdfd4564ae30861c99b3397285c69dc9d2aed17542b14e877968
,,,冗余三元组,3.0,11.0,是,extraction,50e282008fdda86810f048e213c9dbd0e2f5df0a5efb5176f11c1f5844f7c83a
,,,冗余三元组,5.0,40.0,是,extraction,8292870b1b4c3c8f94d162cf2bb4323709f6ba64b0a6be958c56bc833404b8db
,,,冗余三元组,18.0,40.0,是,extraction,a5de43bfc641f5fc0624d49940a88d734691a195da04e3f6a79945ebcd7d032a
,,,冗余三元组,7.0,22.0,是,extraction,197084ef0cc4cdfd4564ae30861c99b3397285c69dc9d2aed17542b14e877968
,,,冗余三元组,1.0,66.0,包括,extraction,bc07a7697ec242683825466c36a4056a4907540738eeb3a6a45401b3b7158902
,,,冗余三元组,3.0,4.0,是,extraction,d08580506622eb3b009abbcab184c7d6527dc171bbca042f5d2132b53eb48841
,,,冗余三元组,5.0,67.0,是,extraction,b1c0cfae9dbb469a051d1a074272cf12461a87bb2bd4c9fbc1c9ed646b871062
,,,冗余三元组,3.0,11.0,是,extraction,50e282008fdda86810f048e213c9dbd0e2f5df0a5efb5176f11c1f5844f7c83a
,,,冗余三元组,7.0,13.0,是,extraction,8492960f1bc3d93d88011d3dd04d0e5ea635c6431041eee20154964cb6e6123b
,,,冗余三元组,1.0,66.0,包括,extraction,bc07a7697ec242683825466c36a4056a4907540738eeb3a6a45401b3b7158902
,,,冗余三元组,3.0,4.0,是,extraction,d08580506622eb3b009abbcab184c7d6527dc171bbca042f5d2132b53eb48841
,,,冗余三元组,1.0,9.0,包括,extraction,faf0ce8191eacfaa2463c2b297349347b524dc6e45d27869dd8175629020d62c
,,,冗余三元组,9.0,16.0,包含,extraction,b4bd027f5bb5c31009aab6062273c66b5d98cc36d6e28a0f62391bd0045dd2bd
,,,冗余三元组,3.0,11.0,是,extraction,50e282008fdda86810f048e213c9dbd0e2f5df0a5efb5176f11c1f5844f7c83a
,,,冗余三元组,18.0,55.0,是,extraction,0b564873a65e10aeb7fc84f33955aa7ea08cd3bdebad158d5c28f35d5e385bc4
,,,冗余三元组,7.0,13.0,是,extraction,8492960f1bc3d93d88011d3dd04d0e5ea635c6431041eee20154964cb6e6123b
,,,冗余三元组,11.0,9.0,权力类型,extraction,2c1c88acab62420824c092d4fa6632ca9b0bfffd2d1ca0586870856ec5f1ae16
,,,冗余三元组,7.0,54.0,是,extraction,c8ae73e9f17b71b5a3a1abb3e9657a041d2f51a99bca64780fc95ced120ebd74
,,,冗余三元组,9.0,76.0,包含,extraction,867d777112a32bf1025e1d7a3c2b8c463d79f71c7b4c4839546d443f2fa44665
,,,冗余三元组,3.0,11.0,是,extraction,50e282008fdda86810f048e213c9dbd0e2f5df0a5efb5176f11c1f5844f7c83a
,,,冗余三元组,5.0,51.0,是,extraction,e2bf527310e351c009c5a9f48f941ad800bae5907f134cda086b77d5bcc332c8
,,,冗余三元组,18.0,51.0,是,extraction,a92cb4c88051854c8fca70a4fb2364d2b00da7188f1ea5f0ff12249d1cb98d17
,,,冗余三元组,7.0,37.0,是,extraction,b677acb9754aa12371f933788edb5497d7a3e714a706d1968813418a6dee73ed
,,,冗余三元组,9.0,14.0,涉及事项,extraction,05bc27c605b95e9ee4103d99c2b3c969032828d2a522fdf4ccbb988e14e4b8f9
,,,冗余三元组,11.0,9.0,权力类型,extraction,2c1c88acab62420824c092d4fa6632ca9b0bfffd2d1ca0586870856ec5f1ae16
,,,冗余三元组,1.0,9.0,包括,extraction,faf0ce8191eacfaa2463c2b297349347b524dc6e45d27869dd8175629020d62c
,,,冗余三元组,3.0,11.0,是,extraction,50e282008fdda86810f048e213c9dbd0e2f5df0a5efb5176f11c1f5844f7c83a
,,,冗余三元组,5.0,31.0,是,extraction,2c6f3bdafc98d932c7f7050f5f175af5a4b04100d90ab9f36f240058f058592e
,,,冗余三元组,18.0,31.0,是,extraction,c9d5ad180bb8d07255831d5e02503978682a333c3a7dc2a9385ddc4bd55c50b6
,,,冗余三元组,7.0,32.0,是,extraction,073f036e35642723f2166a01b5dd7ed651e8e12d4b157faa68c7de45faec6092
,,,冗余三元组,9.0,87.0,服务事项,extraction,01fae2c6203d987572e6298e2ab5686f9831d11e43392585df349bf3a09fbe22
,,,冗余三元组,11.0,9.0,权力类型,extraction,2c1c88acab62420824c092d4fa6632ca9b0bfffd2d1ca0586870856ec5f1ae16
,,,冗余三元组,1.0,2.0,包括,extraction,8eed295a113f65a4a62a3fcc8ced1ab09cb3fa29433f0307efe4a0b555ab2fc8
,,,冗余三元组,3.0,4.0,是,extraction,d08580506622eb3b009abbcab184c7d6527dc171bbca042f5d2132b53eb48841
,,,冗余三元组,5.0,78.0,是,extraction,e46407c483d4eab28a43248dca5cf4f08c6c495d76c226e37a8b88537192a2b8
,,,冗余三元组,18.0,78.0,是,extraction,cc63f6e6429ee02156176c7eb0c688458041838a597335b19266372dfccae656
,,,冗余三元组,9.0,57.0,包含,extraction,82417ff3d5244fb2e202b941d2ba3c123453dc2619fa07085fe04b70f4d9208b
,,,冗余三元组,3.0,11.0,是,extraction,50e282008fdda86810f048e213c9dbd0e2f5df0a5efb5176f11c1f5844f7c83a
,,,冗余三元组,7.0,22.0,是,extraction,197084ef0cc4cdfd4564ae30861c99b3397285c69dc9d2aed17542b14e877968
,,,冗余三元组,9.0,16.0,包含,extraction,b4bd027f5bb5c31009aab6062273c66b5d98cc36d6e28a0f62391bd0045dd2bd
,,,冗余三元组,3.0,11.0,是,extraction,50e282008fdda86810f048e213c9dbd0e2f5df0a5efb5176f11c1f5844f7c83a
,,,冗余三元组,5.0,31.0,是,extraction,2c6f3bdafc98d932c7f7050f5f175af5a4b04100d90ab9f36f240058f058592e
,,,冗余三元组,18.0,31.0,是,extraction,c9d5ad180bb8d07255831d5e02503978682a333c3a7dc2a9385ddc4bd55c50b6
,,,冗余三元组,7.0,39.0,是,extraction,7af661cc823147f676b7839123ee9f6367bff42ed12db054d47907b23e6ea4d4
,,,冗余三元组,1.0,9.0,包括,extraction,faf0ce8191eacfaa2463c2b297349347b524dc6e45d27869dd8175629020d62c
,,,冗余三元组,9.0,60.0,包含,extraction,42f7b6bf2aa142920f49ca3fce4e6bf1b048e93d00c761a151867baf731e7bd2
,,,冗余三元组,3.0,11.0,是,extraction,50e282008fdda86810f048e213c9dbd0e2f5df0a5efb5176f11c1f5844f7c83a
,,,冗余三元组,5.0,34.0,是,extraction,b7ccd1f45a95923d796ee92ca6942743da3195e27df18f974cf96b23ad3bdee0
,,,冗余三元组,18.0,34.0,是,extraction,ff1e933d5261241bef0fea2b84067f048ac6f4995720d8766a2256c92ae8aeb3
,,,冗余三元组,7.0,39.0,是,extraction,7af661cc823147f676b7839123ee9f6367bff42ed12db054d47907b23e6ea4d4
,,,冗余三元组,1.0,47.0,包括,extraction,3ff60d7272f0699378cf6abfa0aacb7a75af63581d52f987c6d8ff0d17106d55
,,,冗余三元组,3.0,4.0,是,extraction,d08580506622eb3b009abbcab184c7d6527dc171bbca042f5d2132b53eb48841
,,,冗余三元组,5.0,78.0,是,extraction,e46407c483d4eab28a43248dca5cf4f08c6c495d76c226e37a8b88537192a2b8
,,,冗余三元组,18.0,78.0,是,extraction,cc63f6e6429ee02156176c7eb0c688458041838a597335b19266372dfccae656
,,,冗余三元组,79.0,80.0,是,extraction,6400554d7e554542c1a0ebd53cfdcf09a6368c3ce21b5c7b9764553220ce81b8
,,,冗余三元组,3.0,11.0,是,extraction,50e282008fdda86810f048e213c9dbd0e2f5df0a5efb5176f11c1f5844f7c83a
,,,冗余三元组,18.0,94.0,是,extraction,3142c19af9375761de87e22130c05235eef52f9a842b3d5e204357dfb8c6d1b0
,,,冗余三元组,7.0,13.0,是,extraction,8492960f1bc3d93d88011d3dd04d0e5ea635c6431041eee20154964cb6e6123b
,,,冗余三元组,3.0,4.0,是,extraction,d08580506622eb3b009abbcab184c7d6527dc171bbca042f5d2132b53eb48841
,,,冗余三元组,5.0,70.0,是,extraction,6a05bd888f8294104da3f590035ef36038f0c6fe6d3f0c31a4f2389bfcab577b
,,,冗余三元组,18.0,70.0,是,extraction,1dd021f9b845de39329b0cd208e346c5ea2052aec1f76e6cd910588cd2802587
,,,冗余三元组,3.0,11.0,是,extraction,50e282008fdda86810f048e213c9dbd0e2f5df0a5efb5176f11c1f5844f7c83a
,,,冗余三元组,5.0,55.0,是,extraction,4cfd7487d3952e8616c9ddf32e139510806c8c03960f2e41fc1f8a497ae98170
,,,冗余三元组,18.0,55.0,是,extraction,0b564873a65e10aeb7fc84f33955aa7ea08cd3bdebad158d5c28f35d5e385bc4
,,,冗余三元组,7.0,77.0,是,extraction,bb10b8e785712bb1f818c31459d6128acd9bf2a72b634bdd17e27b1886f98f66
,,,冗余三元组,9.0,16.0,包含,extraction,b4bd027f5bb5c31009aab6062273c66b5d98cc36d6e28a0f62391bd0045dd2bd
,,,冗余三元组,3.0,11.0,是,extraction,50e282008fdda86810f048e213c9dbd0e2f5df0a5efb5176f11c1f5844f7c83a
,,,冗余三元组,5.0,17.0,是,extraction,7f07a66f4ec01d1e3a8f39dcf819db630fa1fa37e1a5fd78944e7c734d978235
,,,冗余三元组,7.0,15.0,是,extraction,78a5d87757a5308ac26e4fe80879ba6042490f842d45a3c0ccd86cb8e54cc9ef
,,,冗余三元组,3.0,4.0,是,extraction,d08580506622eb3b009abbcab184c7d6527dc171bbca042f5d2132b53eb48841
,,,冗余三元组,5.0,78.0,是,extraction,e46407c483d4eab28a43248dca5cf4f08c6c495d76c226e37a8b88537192a2b8
,,,冗余三元组,18.0,78.0,是,extraction,cc63f6e6429ee02156176c7eb0c688458041838a597335b19266372dfccae656
,,,冗余三元组,1.0,23.0,包括,extraction,5407119728c98cec1668095a608f6fa08472d9464eb609fca4d1bce1943e93f2
,,,冗余三元组,3.0,11.0,是,extraction,50e282008fdda86810f048e213c9dbd0e2f5df0a5efb5176f11c1f5844f7c83a
,,,冗余三元组,5.0,94.0,是,extraction,ee4f01b8cd6860d9706fc3d8915740df5f4bcd9fb38433e999846d6e6b64a544
,,,冗余三元组,18.0,94.0,是,extraction,3142c19af9375761de87e22130c05235eef52f9a842b3d5e204357dfb8c6d1b0
,,,冗余三元组,7.0,52.0,是,extraction,837d09041764b0ea4c3ce5d960ec2ebb42393afe2e16ea5c0d2600f5c2eb5bf0
,,,冗余三元组,3.0,4.0,是,extraction,d08580506622eb3b009abbcab184c7d6527dc171bbca042f5d2132b53eb48841
,,,冗余三元组,5.0,78.0,是,extraction,e46407c483d4eab28a43248dca5cf4f08c6c495d76c226e37a8b88537192a2b8
,,,冗余三元组,18.0,78.0,是,extraction,cc63f6e6429ee02156176c7eb0c688458041838a597335b19266372dfccae656
,,,冗余三元组,7.0,101.0,是,extraction,ad8d8be96f4573b9b3b1ef94e788fff08f57033016f187c2d7d4fa95458d1926
,,,冗余三元组,9.0,28.0,服务事项,extraction,e01535c3b904454b0ff179c335d7c29cef5d4411d5722d344749cdfe035cb413
,,,冗余三元组,11.0,9.0,权力类型,extraction,2c1c88acab62420824c092d4fa6632ca9b0bfffd2d1ca0586870856ec5f1ae16
,,,冗余三元组,24.0,9.0,行驶主体,extraction,90a9fdac5ebef5a610edf20f99b4733fd9a0d155492c0c192a46ef1bbaac0331
,,,冗余三元组,24.0,9.0,承办机构,extraction,c20f9f12bcd7f579d07afbab9de42fa29760431e0e85ee0a80cc210217206cee
,,,冗余三元组,9.0,27.0,实施依据,extraction,bac2923c8d2f799ade2a56a22117446937fb4095be67912c7fe84b0b83cc7658
,,,冗余三元组,11.0,9.0,权力类型,extraction,2c1c88acab62420824c092d4fa6632ca9b0bfffd2d1ca0586870856ec5f1ae16
,,,冗余三元组,9.0,58.0,包含,extraction,179b29517f3de67c7be95a2cc37a3dea771d50f0d98ecc20d7fca6948efadfa4
,,,冗余三元组,3.0,11.0,是,extraction,50e282008fdda86810f048e213c9dbd0e2f5df0a5efb5176f11c1f5844f7c83a
,,,冗余三元组,5.0,59.0,是,extraction,8117b4dc68ddf4093480012c3282a38fd093fcf169e9c5ee6a711a0ba692c666
,,,冗余三元组,18.0,59.0,是,extraction,c5c9a9584680fe9f1466df4afb358f2b52741db286c7ee58cfac843bb582c597
,,,冗余三元组,7.0,22.0,是,extraction,197084ef0cc4cdfd4564ae30861c99b3397285c69dc9d2aed17542b14e877968
,,,冗余三元组,5.0,97.0,是,extraction,05ff48063737ef72f1c58903714c30ab85ae84bc5a8bca637e2e844e3e89e9ac
,,,冗余三元组,18.0,94.0,是,extraction,3142c19af9375761de87e22130c05235eef52f9a842b3d5e204357dfb8c6d1b0
,,,冗余三元组,3.0,11.0,是,extraction,50e282008fdda86810f048e213c9dbd0e2f5df0a5efb5176f11c1f5844f7c83a
,,,冗余三元组,5.0,59.0,是,extraction,8117b4dc68ddf4093480012c3282a38fd093fcf169e9c5ee6a711a0ba692c666
,,,冗余三元组,18.0,59.0,是,extraction,c5c9a9584680fe9f1466df4afb358f2b52741db286c7ee58cfac843bb582c597
,,,冗余三元组,7.0,77.0,是,extraction,bb10b8e785712bb1f818c31459d6128acd9bf2a72b634bdd17e27b1886f98f66
,,,冗余三元组,3.0,4.0,是,extraction,d08580506622eb3b009abbcab184c7d6527dc171bbca042f5d2132b53eb48841
,,,冗余三元组,7.0,68.0,是,extraction,e9cb5728a32b0882cf83f91662fae962c94a75cae280a9163e48c1b9c79de321
,,,冗余三元组,3.0,11.0,是,extraction,50e282008fdda86810f048e213c9dbd0e2f5df0a5efb5176f11c1f5844f7c83a
,,,冗余三元组,9.0,10.0,服务事项,extraction,094430bd0583679b540a313ff8562bed14c377b3114320d5074a7c7d4240bdf0
,,,冗余三元组,11.0,9.0,权力类型,extraction,2c1c88acab62420824c092d4fa6632ca9b0bfffd2d1ca0586870856ec5f1ae16
,,,冗余三元组,9.0,106.0,涉及,extraction,e953cda27fa5b7ce2472d37f26d62501fed6964e77c5a7106b1a3f52dbaa1db4
,,,冗余三元组,3.0,11.0,是,extraction,50e282008fdda86810f048e213c9dbd0e2f5df0a5efb5176f11c1f5844f7c83a
,,,冗余三元组,5.0,21.0,是,extraction,b4659add0420ad8ebb0d8905309fc53163dbd7bcd426cdffc5edf231290bd7c6
,,,冗余三元组,18.0,21.0,是,extraction,9506de3854e84c42132772e5f1f3663cbe3d36d9e2c76da9d1c9c5ec622fc992
,,,冗余三元组,7.0,39.0,是,extraction,7af661cc823147f676b7839123ee9f6367bff42ed12db054d47907b23e6ea4d4
,,,冗余三元组,9.0,16.0,包含,extraction,b4bd027f5bb5c31009aab6062273c66b5d98cc36d6e28a0f62391bd0045dd2bd
,,,冗余三元组,3.0,11.0,是,extraction,50e282008fdda86810f048e213c9dbd0e2f5df0a5efb5176f11c1f5844f7c83a
,,,冗余三元组,5.0,40.0,是,extraction,8292870b1b4c3c8f94d162cf2bb4323709f6ba64b0a6be958c56bc833404b8db
,,,冗余三元组,18.0,40.0,是,extraction,a5de43bfc641f5fc0624d49940a88d734691a195da04e3f6a79945ebcd7d032a
,,,冗余三元组,7.0,19.0,是,extraction,2a88a034ef5cece9cf9929570f46e66e84f0658e91d26787747fdf65ecaa61b4
,,,冗余三元组,11.0,9.0,权力类型,extraction,2c1c88acab62420824c092d4fa6632ca9b0bfffd2d1ca0586870856ec5f1ae16
,,,冗余三元组,11.0,9.0,权力类型,extraction,2c1c88acab62420824c092d4fa6632ca9b0bfffd2d1ca0586870856ec5f1ae16
,,,冗余三元组,52.0,9.0,实施依据,extraction,92ba4015d01f3e5455062ca8d752b75ec5bcf978169a33ceb412796ed3575c13
,,,冗余三元组,1.0,104.0,包括,extraction,a02bac9e3b4dbb26b9c308a0388ce65ee84b752d2eefd8a4310433cc0e1e5ef0
,,,冗余三元组,3.0,4.0,是,extraction,d08580506622eb3b009abbcab184c7d6527dc171bbca042f5d2132b53eb48841
,,,冗余三元组,5.0,49.0,是,extraction,5a422091bd436f6ff75c3dee0d0c1dc08cafd19299121ca73ce59f34f42a839e
,,,冗余三元组,7.0,8.0,是,extraction,a8df68e79207503855ab786dfffb0202c022620e87f94a1c6a91d4def411cf95
,,,冗余三元组,9.0,33.0,服务事项,extraction,f8ece3819bc42811ed0164398e7e7dafa6a7a0dc5480d525c06016c842cf8e20
,,,冗余三元组,11.0,9.0,权力类型,extraction,2c1c88acab62420824c092d4fa6632ca9b0bfffd2d1ca0586870856ec5f1ae16
,,,冗余三元组,75.0,9.0,实施依据,extraction,9ead762c4ca7d5fa2a3ab289f4157e069ea890cea99e3c529dbbc4b766780759
,,,冗余三元组,9.0,103.0,服务事项,extraction,c104deb112b1a273de7d43b0d75ad2c73c05e7a0b886dfb7075fda5ade974180
,,,冗余三元组,11.0,9.0,权力类型,extraction,2c1c88acab62420824c092d4fa6632ca9b0bfffd2d1ca0586870856ec5f1ae16
,,,冗余三元组,40.0,9.0,行驶主体,extraction,a3effed45629a84a565ceaff7dd6912892f2849e1d37742284d94d7d15cf880b
,,,冗余三元组,40.0,9.0,承办机构,extraction,bd97ee476c8d7cb569fd8bc61da23f82c4f0fc26105bf4f52b23162933300e98
,,,冗余三元组,1.0,104.0,包括,extraction,a02bac9e3b4dbb26b9c308a0388ce65ee84b752d2eefd8a4310433cc0e1e5ef0
,,,冗余三元组,3.0,4.0,是,extraction,d08580506622eb3b009abbcab184c7d6527dc171bbca042f5d2132b53eb48841
,,,冗余三元组,5.0,88.0,是,extraction,34b0b2b2f5ef9ca8627377a4578c1d8ac2883634e5281d6f2b795bc2970e3a54
,,,冗余三元组,5.0,12.0,是,extraction,35a18cae718128eedc48777ca1e2e9b3abc4bdbbe1d0e435067e3c5dbdca3f63
,,,冗余三元组,1.0,104.0,包括,extraction,a02bac9e3b4dbb26b9c308a0388ce65ee84b752d2eefd8a4310433cc0e1e5ef0
,,,冗余三元组,3.0,4.0,是,extraction,d08580506622eb3b009abbcab184c7d6527dc171bbca042f5d2132b53eb48841
,,,冗余三元组,5.0,105.0,是,extraction,5a9a23190acee263c25bc767cb804efc21b7518d0bb6b1725a8fb53c68455350
,,,冗余三元组,18.0,89.0,是,extraction,02794c837ace80e44289042bbb4c35923615d66250f7b645b5905da3ba8025dd
,,,冗余三元组,7.0,43.0,是,extraction,4c4490cf17df9d62dc2be26a210688e1ec07644d4fee160bc0991d1a1f3fd1d2
,,,冗余三元组,1.0,9.0,包括,extraction,faf0ce8191eacfaa2463c2b297349347b524dc6e45d27869dd8175629020d62c
,,,冗余三元组,3.0,11.0,是,extraction,50e282008fdda86810f048e213c9dbd0e2f5df0a5efb5176f11c1f5844f7c83a
,,,冗余三元组,5.0,31.0,是,extraction,2c6f3bdafc98d932c7f7050f5f175af5a4b04100d90ab9f36f240058f058592e
,,,冗余三元组,9.0,25.0,包含,extraction,3710856e6cb1f33981ac68f89c627d0b3d11e736c263602e31ca141c038f5bc1
,,,冗余三元组,3.0,11.0,是,extraction,50e282008fdda86810f048e213c9dbd0e2f5df0a5efb5176f11c1f5844f7c83a
,,,冗余三元组,5.0,59.0,是,extraction,8117b4dc68ddf4093480012c3282a38fd093fcf169e9c5ee6a711a0ba692c666
,,,冗余三元组,18.0,59.0,是,extraction,c5c9a9584680fe9f1466df4afb358f2b52741db286c7ee58cfac843bb582c597
,,,冗余三元组,7.0,39.0,是,extraction,7af661cc823147f676b7839123ee9f6367bff42ed12db054d47907b23e6ea4d4
,,,冗余三元组,3.0,11.0,是,extraction,50e282008fdda86810f048e213c9dbd0e2f5df0a5efb5176f11c1f5844f7c83a
,,,冗余三元组,18.0,72.0,是,extraction,c794a8e2cd19d975feb25749b2782d3cabac1ee76b6a00c05ac964d38c018d95
,,,冗余三元组,7.0,77.0,是,extraction,bb10b8e785712bb1f818c31459d6128acd9bf2a72b634bdd17e27b1886f98f66
,,,冗余三元组,9.0,58.0,包含,extraction,179b29517f3de67c7be95a2cc37a3dea771d50f0d98ecc20d7fca6948efadfa4
,,,冗余三元组,3.0,11.0,是,extraction,50e282008fdda86810f048e213c9dbd0e2f5df0a5efb5176f11c1f5844f7c83a
,,,冗余三元组,18.0,72.0,是,extraction,c794a8e2cd19d975feb25749b2782d3cabac1ee76b6a00c05ac964d38c018d95
,,,冗余三元组,7.0,39.0,是,extraction,7af661cc823147f676b7839123ee9f6367bff42ed12db054d47907b23e6ea4d4
,,,冗余三元组,3.0,11.0,是,extraction,50e282008fdda86810f048e213c9dbd0e2f5df0a5efb5176f11c1f5844f7c83a
,,,冗余三元组,5.0,59.0,是,extraction,8117b4dc68ddf4093480012c3282a38fd093fcf169e9c5ee6a711a0ba692c666
,,,冗余三元组,18.0,59.0,是,extraction,c5c9a9584680fe9f1466df4afb358f2b52741db286c7ee58cfac843bb582c597
,,,冗余三元组,7.0,15.0,是,extraction,78a5d87757a5308ac26e4fe80879ba6042490f842d45a3c0ccd86cb8e54cc9ef
,,,冗余三元组,9.0,25.0,包含,extraction,3710856e6cb1f33981ac68f89c627d0b3d11e736c263602e31ca141c038f5bc1
,,,冗余三元组,3.0,11.0,是,extraction,50e282008fdda86810f048e213c9dbd0e2f5df0a5efb5176f11c1f5844f7c83a
,,,冗余三元组,5.0,21.0,是,extraction,b4659add0420ad8ebb0d8905309fc53163dbd7bcd426cdffc5edf231290bd7c6
,,,冗余三元组,18.0,21.0,是,extraction,9506de3854e84c42132772e5f1f3663cbe3d36d9e2c76da9d1c9c5ec622fc992
,,,冗余三元组,7.0,54.0,是,extraction,c8ae73e9f17b71b5a3a1abb3e9657a041d2f51a99bca64780fc95ced120ebd74
,,,冗余三元组,1.0,9.0,包括,extraction,faf0ce8191eacfaa2463c2b297349347b524dc6e45d27869dd8175629020d62c
,,,冗余三元组,3.0,11.0,是,extraction,50e282008fdda86810f048e213c9dbd0e2f5df0a5efb5176f11c1f5844f7c83a
,,,冗余三元组,5.0,55.0,是,extraction,4cfd7487d3952e8616c9ddf32e139510806c8c03960f2e41fc1f8a497ae98170
,,,冗余三元组,18.0,55.0,是,extraction,0b564873a65e10aeb7fc84f33955aa7ea08cd3bdebad158d5c28f35d5e385bc4
,,,冗余三元组,7.0,52.0,是,extraction,837d09041764b0ea4c3ce5d960ec2ebb42393afe2e16ea5c0d2600f5c2eb5bf0
,,,冗余三元组,1.0,9.0,包括,extraction,faf0ce8191eacfaa2463c2b297349347b524dc6e45d27869dd8175629020d62c
,,,冗余三元组,9.0,85.0,涉及,extraction,19435288cbab1e719b87c8fc351357a9015c76eca30e530c6237095ed1b6dfbb
,,,冗余三元组,3.0,11.0,是,extraction,50e282008fdda86810f048e213c9dbd0e2f5df0a5efb5176f11c1f5844f7c83a
,,,冗余三元组,18.0,59.0,是,extraction,c5c9a9584680fe9f1466df4afb358f2b52741db286c7ee58cfac843bb582c597
,,,冗余三元组,7.0,32.0,是,extraction,073f036e35642723f2166a01b5dd7ed651e8e12d4b157faa68c7de45faec6092
,,,冗余三元组,3.0,4.0,是,extraction,d08580506622eb3b009abbcab184c7d6527dc171bbca042f5d2132b53eb48841
,,,冗余三元组,5.0,83.0,是,extraction,436e79ce77fdc4b5285d75697d39b019cedd7c07247e6434eb74a5be8c157093
,,,冗余三元组,7.0,43.0,是,extraction,4c4490cf17df9d62dc2be26a210688e1ec07644d4fee160bc0991d1a1f3fd1d2
,,,冗余三元组,1.0,9.0,包括,extraction,faf0ce8191eacfaa2463c2b297349347b524dc6e45d27869dd8175629020d62c
,,,冗余三元组,9.0,46.0,涉及,extraction,88296d87c8772de1f62481cd05298c2233cc8547e68abf531889d01e493a08cc
,,,冗余三元组,3.0,11.0,是,extraction,50e282008fdda86810f048e213c9dbd0e2f5df0a5efb5176f11c1f5844f7c83a
,,,冗余三元组,5.0,36.0,是,extraction,c71360788330970e9271c94692c552bea317a6f243c833496857e49d68ae2bdc
,,,冗余三元组,18.0,36.0,是,extraction,763917cc0d41b529306a915c2eca7b390f263ce8daa97f08f8d707a9c88ef22a
,,,冗余三元组,7.0,27.0,是,extraction,bbec78b3a1b60a712cedd4646e2dac85ab1c2c87f823dec552775d9b40fa2e92
,,,冗余三元组,9.0,16.0,包含,extraction,b4bd027f5bb5c31009aab6062273c66b5d98cc36d6e28a0f62391bd0045dd2bd
,,,冗余三元组,3.0,11.0,是,extraction,50e282008fdda86810f048e213c9dbd0e2f5df0a5efb5176f11c1f5844f7c83a
,,,冗余三元组,5.0,30.0,是,extraction,b8c42a73848d151fb19153682dd14995902d02478bbe012a2ed29acf2c22965a
,,,冗余三元组,18.0,30.0,是,extraction,390da1d934e648f99cce08ddf4d9970fc48fb9c0e84d7950994252ba39eda2b2
,,,冗余三元组,7.0,15.0,是,extraction,78a5d87757a5308ac26e4fe80879ba6042490f842d45a3c0ccd86cb8e54cc9ef
,,,冗余三元组,1.0,9.0,包括,extraction,faf0ce8191eacfaa2463c2b297349347b524dc6e45d27869dd8175629020d62c
,,,冗余三元组,5.0,36.0,是,extraction,c71360788330970e9271c94692c552bea317a6f243c833496857e49d68ae2bdc
,,,冗余三元组,7.0,77.0,是,extraction,bb10b8e785712bb1f818c31459d6128acd9bf2a72b634bdd17e27b1886f98f66
,,,冗余三元组,1.0,100.0,包括,extraction,9017bd17c06071fa8ae0e38ee317c91ace5c98d327abeecdab763b4d938f33eb
,,,冗余三元组,3.0,4.0,是,extraction,d08580506622eb3b009abbcab184c7d6527dc171bbca042f5d2132b53eb48841
,,,冗余三元组,7.0,90.0,是,extraction,ac268e58a8ec5dded08f4e1b1d6146256d809b0439fc155c0aec3554f8ce1595
,,,冗余三元组,9.0,16.0,包含,extraction,b4bd027f5bb5c31009aab6062273c66b5d98cc36d6e28a0f62391bd0045dd2bd
,,,冗余三元组,3.0,11.0,是,extraction,50e282008fdda86810f048e213c9dbd0e2f5df0a5efb5176f11c1f5844f7c83a
,,,冗余三元组,5.0,51.0,是,extraction,e2bf527310e351c009c5a9f48f941ad800bae5907f134cda086b77d5bcc332c8
,,,冗余三元组,18.0,51.0,是,extraction,a92cb4c88051854c8fca70a4fb2364d2b00da7188f1ea5f0ff12249d1cb98d17
,,,冗余三元组,7.0,22.0,是,extraction,197084ef0cc4cdfd4564ae30861c99b3397285c69dc9d2aed17542b14e877968
,,,冗余三元组,1.0,91.0,包括,extraction,b8665c83a7f421ed8eb70159baec4e471b26ed324103377bf1b2e8d7ba4afd5d
,,,冗余三元组,3.0,11.0,是,extraction,50e282008fdda86810f048e213c9dbd0e2f5df0a5efb5176f11c1f5844f7c83a
,,,冗余三元组,5.0,17.0,是,extraction,7f07a66f4ec01d1e3a8f39dcf819db630fa1fa37e1a5fd78944e7c734d978235
,,,冗余三元组,7.0,32.0,是,extraction,073f036e35642723f2166a01b5dd7ed651e8e12d4b157faa68c7de45faec6092
,,,冗余三元组,9.0,10.0,服务事项,extraction,094430bd0583679b540a313ff8562bed14c377b3114320d5074a7c7d4240bdf0
,,,冗余三元组,11.0,9.0,权力类型,extraction,2c1c88acab62420824c092d4fa6632ca9b0bfffd2d1ca0586870856ec5f1ae16
,,,冗余三元组,55.0,9.0,行驶主体,extraction,64f9c28edac9d5af28cd583fa8cc75fe5f0e75c516f7a79e147a05b087847c47
,,,冗余三元组,55.0,9.0,承办机构,extraction,ef74d9e96d2e179dc614fcc498139d1db5613404a8a960fd8a1ff51dd2f686da
,,,冗余三元组,19.0,9.0,实施依据,extraction,13be8d2b8063386989168eb1289ba9fd91ef75a9389fe6d42235d3a722dcf184
,,,冗余三元组,9.0,58.0,包含,extraction,179b29517f3de67c7be95a2cc37a3dea771d50f0d98ecc20d7fca6948efadfa4
,,,冗余三元组,3.0,11.0,是,extraction,50e282008fdda86810f048e213c9dbd0e2f5df0a5efb5176f11c1f5844f7c83a
,,,冗余三元组,5.0,59.0,是,extraction,8117b4dc68ddf4093480012c3282a38fd093fcf169e9c5ee6a711a0ba692c666
,,,冗余三元组,18.0,59.0,是,extraction,c5c9a9584680fe9f1466df4afb358f2b52741db286c7ee58cfac843bb582c597
,,,冗余三元组,7.0,32.0,是,extraction,073f036e35642723f2166a01b5dd7ed651e8e12d4b157faa68c7de45faec6092
,,,冗余三元组,1.0,9.0,包括,extraction,faf0ce8191eacfaa2463c2b297349347b524dc6e45d27869dd8175629020d62c
,,,冗余三元组,9.0,117.0,包含,extraction,f54a6f0f0f96c54f906f0afd1b400891a6738b11b5eeec854bae4706fe038488
,,,冗余三元组,3.0,11.0,是,extraction,50e282008fdda86810f048e213c9dbd0e2f5df0a5efb5176f11c1f5844f7c83a
,,,冗余三元组,5.0,55.0,是,extraction,4cfd7487d3952e8616c9ddf32e139510806c8c03960f2e41fc1f8a497ae98170
,,,冗余三元组,18.0,55.0,是,extraction,0b564873a65e10aeb7fc84f33955aa7ea08cd3bdebad158d5c28f35d5e385bc4
,,,冗余三元组,7.0,37.0,是,extraction,b677acb9754aa12371f933788edb5497d7a3e714a706d1968813418a6dee73ed
,,,冗余三元组,9.0,28.0,服务事项,extraction,e01535c3b904454b0ff179c335d7c29cef5d4411d5722d344749cdfe035cb413
,,,冗余三元组,3.0,11.0,是,extraction,50e282008fdda86810f048e213c9dbd0e2f5df0a5efb5176f11c1f5844f7c83a
,,,冗余三元组,18.0,26.0,是,extraction,ba75a3427e43490516afd81128bf869a212354b1eee0fc588681807f9f92b400
,,,冗余三元组,7.0,13.0,是,extraction,8492960f1bc3d93d88011d3dd04d0e5ea635c6431041eee20154964cb6e6123b
,,,冗余三元组,1.0,9.0,包括,extraction,faf0ce8191eacfaa2463c2b297349347b524dc6e45d27869dd8175629020d62c
,,,冗余三元组,3.0,11.0,是,extraction,50e282008fdda86810f048e213c9dbd0e2f5df0a5efb5176f11c1f5844f7c83a
,,,冗余三元组,5.0,51.0,是,extraction,e2bf527310e351c009c5a9f48f941ad800bae5907f134cda086b77d5bcc332c8
,,,冗余三元组,18.0,51.0,是,extraction,a92cb4c88051854c8fca70a4fb2364d2b00da7188f1ea5f0ff12249d1cb98d17
,,,冗余三元组,7.0,19.0,是,extraction,2a88a034ef5cece9cf9929570f46e66e84f0658e91d26787747fdf65ecaa61b4
,,,冗余三元组,9.0,16.0,包含,extraction,b4bd027f5bb5c31009aab6062273c66b5d98cc36d6e28a0f62391bd0045dd2bd
,,,冗余三元组,3.0,11.0,是,extraction,50e282008fdda86810f048e213c9dbd0e2f5df0a5efb5176f11c1f5844f7c83a
,,,冗余三元组,5.0,40.0,是,extraction,8292870b1b4c3c8f94d162cf2bb4323709f6ba64b0a6be958c56bc833404b8db
,,,冗余三元组,79.0,107.0,是,extraction,98daf5818126b6dcefbb8f5a4996e4ff22c2d4fe6b1d60c466d98c333eccc0af
,,,冗余三元组,9.0,10.0,服务事项,extraction,094430bd0583679b540a313ff8562bed14c377b3114320d5074a7c7d4240bdf0
,,,冗余三元组,11.0,9.0,权力类型,extraction,2c1c88acab62420824c092d4fa6632ca9b0bfffd2d1ca0586870856ec5f1ae16
,,,冗余三元组,55.0,9.0,行驶主体,extraction,64f9c28edac9d5af28cd583fa8cc75fe5f0e75c516f7a79e147a05b087847c47
,,,冗余三元组,55.0,9.0,承办机构,extraction,ef74d9e96d2e179dc614fcc498139d1db5613404a8a960fd8a1ff51dd2f686da
,,,冗余三元组,1.0,2.0,包括,extraction,8eed295a113f65a4a62a3fcc8ced1ab09cb3fa29433f0307efe4a0b555ab2fc8
,,,冗余三元组,3.0,4.0,是,extraction,d08580506622eb3b009abbcab184c7d6527dc171bbca042f5d2132b53eb48841
,,,冗余三元组,5.0,105.0,是,extraction,5a9a23190acee263c25bc767cb804efc21b7518d0bb6b1725a8fb53c68455350
,,,冗余三元组,7.0,95.0,是,extraction,1cd02fbe297e0d51ec3941cffe0149cd4c6453d3bebe7fc1dbad0f928614ed5b
,,,冗余三元组,1.0,100.0,包括,extraction,9017bd17c06071fa8ae0e38ee317c91ace5c98d327abeecdab763b4d938f33eb
,,,冗余三元组,18.0,105.0,是,extraction,ab650162d92a2eaee4961c4b2e88887b4730403e677007e6090c5ca7bd1b3a66
,,,冗余三元组,7.0,86.0,是,extraction,9080d476b35d51d910e412f7d99b1165046958a57f4eb9c8c5a9582ebc0afb87
,,,冗余三元组,1.0,9.0,是,extraction,624decab269d81f72460ba79cb9b58e5e6bce7f6f9d148cad81c37f422422924
,,,冗余三元组,3.0,11.0,是,extraction,50e282008fdda86810f048e213c9dbd0e2f5df0a5efb5176f11c1f5844f7c83a
,,,冗余三元组,5.0,31.0,是,extraction,2c6f3bdafc98d932c7f7050f5f175af5a4b04100d90ab9f36f240058f058592e
,,,冗余三元组,18.0,31.0,是,extraction,c9d5ad180bb8d07255831d5e02503978682a333c3a7dc2a9385ddc4bd55c50b6
,,,冗余三元组,7.0,32.0,是,extraction,073f036e35642723f2166a01b5dd7ed651e8e12d4b157faa68c7de45faec6092
,,,冗余三元组,1.0,47.0,包括,extraction,3ff60d7272f0699378cf6abfa0aacb7a75af63581d52f987c6d8ff0d17106d55
,,,冗余三元组,9.0,61.0,涉及问题,extraction,55597ffce7366b7ced1d8a433fd8cd8b48690d40fc8f79195726d9eadc8b9d2d
,,,冗余三元组,3.0,62.0,是,extraction,2edd114747321d4b07050fbb5cff6660939a85ebb7d77cfcf9a7ef540fac2b4a
,,,冗余三元组,1.0,9.0,包括,extraction,faf0ce8191eacfaa2463c2b297349347b524dc6e45d27869dd8175629020d62c
,,,冗余三元组,9.0,106.0,涉及,extraction,e953cda27fa5b7ce2472d37f26d62501fed6964e77c5a7106b1a3f52dbaa1db4
,,,冗余三元组,3.0,11.0,是,extraction,50e282008fdda86810f048e213c9dbd0e2f5df0a5efb5176f11c1f5844f7c83a
,,,冗余三元组,5.0,36.0,是,extraction,c71360788330970e9271c94692c552bea317a6f243c833496857e49d68ae2bdc
,,,冗余三元组,18.0,36.0,是,extraction,763917cc0d41b529306a915c2eca7b390f263ce8daa97f08f8d707a9c88ef22a
,,,冗余三元组,7.0,22.0,是,extraction,197084ef0cc4cdfd4564ae30861c99b3397285c69dc9d2aed17542b14e877968
,,,冗余三元组,1.0,9.0,包括,extraction,faf0ce8191eacfaa2463c2b297349347b524dc6e45d27869dd8175629020d62c
,,,冗余三元组,1.0,47.0,包括,extraction,3ff60d7272f0699378cf6abfa0aacb7a75af63581d52f987c6d8ff0d17106d55
,,,冗余三元组,5.0,49.0,是,extraction,5a422091bd436f6ff75c3dee0d0c1dc08cafd19299121ca73ce59f34f42a839e
,,,冗余三元组,7.0,90.0,是,extraction,ac268e58a8ec5dded08f4e1b1d6146256d809b0439fc155c0aec3554f8ce1595
,,,冗余三元组,1.0,9.0,包括,extraction,faf0ce8191eacfaa2463c2b297349347b524dc6e45d27869dd8175629020d62c
,,,冗余三元组,9.0,46.0,涉及,extraction,88296d87c8772de1f62481cd05298c2233cc8547e68abf531889d01e493a08cc
,,,冗余三元组,3.0,11.0,是,extraction,50e282008fdda86810f048e213c9dbd0e2f5df0a5efb5176f11c1f5844f7c83a
,,,冗余三元组,5.0,36.0,是,extraction,c71360788330970e9271c94692c552bea317a6f243c833496857e49d68ae2bdc
,,,冗余三元组,18.0,36.0,是,extraction,763917cc0d41b529306a915c2eca7b390f263ce8daa97f08f8d707a9c88ef22a
,,,冗余三元组,7.0,19.0,是,extraction,2a88a034ef5cece9cf9929570f46e66e84f0658e91d26787747fdf65ecaa61b4
,,,冗余三元组,9.0,74.0,服务事项,extraction,f0d4481859cdbd3734a9602a072a2bbd22e88f546375495f7a60f9780960d1a7
,,,冗余三元组,11.0,9.0,权力类型,extraction,2c1c88acab62420824c092d4fa6632ca9b0bfffd2d1ca0586870856ec5f1ae16
,,,冗余三元组,17.0,9.0,行驶主体,extraction,d54539feac3abff9bf6d808d8e1d44846783f513b7f8b8090b5f30e96d1f416b
,,,冗余三元组,17.0,9.0,承办机构,extraction,4dc0f425f921a8129b2c20728d78db66682a5e5c281a11d2bc3694a1c4fd86ba
,,,冗余三元组,1.0,9.0,是,extraction,624decab269d81f72460ba79cb9b58e5e6bce7f6f9d148cad81c37f422422924
,,,冗余三元组,9.0,123.0,涉及,extraction,5f2aa83d3084c8bfce1fcce61ed8d077cd51806b502cd8af13530086a708c8c1
,,,冗余三元组,3.0,11.0,是,extraction,50e282008fdda86810f048e213c9dbd0e2f5df0a5efb5176f11c1f5844f7c83a
,,,冗余三元组,5.0,55.0,是,extraction,4cfd7487d3952e8616c9ddf32e139510806c8c03960f2e41fc1f8a497ae98170
,,,冗余三元组,18.0,55.0,是,extraction,0b564873a65e10aeb7fc84f33955aa7ea08cd3bdebad158d5c28f35d5e385bc4
,,,冗余三元组,7.0,15.0,是,extraction,78a5d87757a5308ac26e4fe80879ba6042490f842d45a3c0ccd86cb8e54cc9ef
,,,冗余三元组,9.0,103.0,服务事项,extraction,c104deb112b1a273de7d43b0d75ad2c73c05e7a0b886dfb7075fda5ade974180
,,,冗余三元组,11.0,9.0,权力类型,extraction,2c1c88acab62420824c092d4fa6632ca9b0bfffd2d1ca0586870856ec5f1ae16
,,,冗余三元组,40.0,9.0,行驶主体,extraction,a3effed45629a84a565ceaff7dd6912892f2849e1d37742284d94d7d15cf880b
,,,冗余三元组,40.0,9.0,承办机构,extraction,bd97ee476c8d7cb569fd8bc61da23f82c4f0fc26105bf4f52b23162933300e98
,,,冗余三元组,9.0,23.0,服务事项,extraction,0cdee6daee4fcb2baa7ee1a5fae03d91f55ebca8f0676971be254dd5cc11a6ae
,,,冗余三元组,11.0,9.0,权力类型,extraction,2c1c88acab62420824c092d4fa6632ca9b0bfffd2d1ca0586870856ec5f1ae16
,,,冗余三元组,26.0,9.0,行驶主体,extraction,b7f508c96b7e31d53e42b89bda9c220a63394d3abc2bfb97ead76fe8f0ae7cde
,,,冗余三元组,26.0,9.0,承办机构,extraction,6ba4c93b6c8444c963cac8fb6a734dc4bf582da3e277b397d52ae7c9382ad5c4
,,,冗余三元组,13.0,9.0,实施依据,extraction,c5cdf1c9ff5118abcb30d97ed24d89e3e73612d7c4e196831252ce2f5c407eb5
,,,冗余三元组,9.0,10.0,服务事项,extraction,094430bd0583679b540a313ff8562bed14c377b3114320d5074a7c7d4240bdf0
,,,冗余三元组,3.0,11.0,是,extraction,50e282008fdda86810f048e213c9dbd0e2f5df0a5efb5176f11c1f5844f7c83a
,,,冗余三元组,5.0,72.0,是,extraction,3193458bfcf47922b1d51aadb67f0f6b05d7b6fb22371da712ccefd4020951ec
,,,冗余三元组,18.0,72.0,是,extraction,c794a8e2cd19d975feb25749b2782d3cabac1ee76b6a00c05ac964d38c018d95
,,,冗余三元组,7.0,27.0,是,extraction,bbec78b3a1b60a712cedd4646e2dac85ab1c2c87f823dec552775d9b40fa2e92
,,,冗余三元组,79.0,107.0,是,extraction,98daf5818126b6dcefbb8f5a4996e4ff22c2d4fe6b1d60c466d98c333eccc0af
,,,冗余三元组,3.0,11.0,是,extraction,50e282008fdda86810f048e213c9dbd0e2f5df0a5efb5176f11c1f5844f7c83a
,,,冗余三元组,18.0,21.0,是,extraction,9506de3854e84c42132772e5f1f3663cbe3d36d9e2c76da9d1c9c5ec622fc992
,,,冗余三元组,1.0,9.0,是,extraction,624decab269d81f72460ba79cb9b58e5e6bce7f6f9d148cad81c37f422422924
,,,冗余三元组,3.0,11.0,是,extraction,50e282008fdda86810f048e213c9dbd0e2f5df0a5efb5176f11c1f5844f7c83a
,,,冗余三元组,5.0,30.0,是,extraction,b8c42a73848d151fb19153682dd14995902d02478bbe012a2ed29acf2c22965a
,,,冗余三元组,18.0,30.0,是,extraction,390da1d934e648f99cce08ddf4d9970fc48fb9c0e84d7950994252ba39eda2b2
,,,冗余三元组,7.0,75.0,是,extraction,967bc50505fd1a44b23df820764b0ccbb4476ad6d7f62cfe2fb966ef7ddfec2f
,,,冗余三元组,1.0,9.0,是,extraction,624decab269d81f72460ba79cb9b58e5e6bce7f6f9d148cad81c37f422422924
,,,冗余三元组,9.0,123.0,涉及,extraction,5f2aa83d3084c8bfce1fcce61ed8d077cd51806b502cd8af13530086a708c8c1
,,,冗余三元组,3.0,11.0,是,extraction,50e282008fdda86810f048e213c9dbd0e2f5df0a5efb5176f11c1f5844f7c83a
,,,冗余三元组,5.0,51.0,是,extraction,e2bf527310e351c009c5a9f48f941ad800bae5907f134cda086b77d5bcc332c8
,,,冗余三元组,18.0,51.0,是,extraction,a92cb4c88051854c8fca70a4fb2364d2b00da7188f1ea5f0ff12249d1cb98d17
,,,冗余三元组,7.0,39.0,是,extraction,7af661cc823147f676b7839123ee9f6367bff42ed12db054d47907b23e6ea4d4
,,,冗余三元组,9.0,35.0,服务事项,extraction,144c3f8daa59c283978fe847f0f3409435132f16c61fa617266d5d4ac94ef461
,,,冗余三元组,3.0,11.0,是,extraction,50e282008fdda86810f048e213c9dbd0e2f5df0a5efb5176f11c1f5844f7c83a
,,,冗余三元组,5.0,72.0,是,extraction,3193458bfcf47922b1d51aadb67f0f6b05d7b6fb22371da712ccefd4020951ec
,,,冗余三元组,18.0,72.0,是,extraction,c794a8e2cd19d975feb25749b2782d3cabac1ee76b6a00c05ac964d38c018d95
,,,冗余三元组,7.0,75.0,是,extraction,967bc50505fd1a44b23df820764b0ccbb4476ad6d7f62cfe2fb966ef7ddfec2f
,,,冗余三元组,1.0,115.0,指导,extraction,09e464d141e4ec1387f649e1d74f71059a3fa37b91ff819d2f7fc5c71815a9ec
,,,冗余三元组,3.0,11.0,是,extraction,50e282008fdda86810f048e213c9dbd0e2f5df0a5efb5176f11c1f5844f7c83a
,,,冗余三元组,5.0,116.0,是,extraction,a180f43bb9376f0dadbff129dc98b4571e55ee9b17695dc94c639f2f06116156
,,,冗余三元组,18.0,72.0,是,extraction,c794a8e2cd19d975feb25749b2782d3cabac1ee76b6a00c05ac964d38c018d95
,,,冗余三元组,7.0,75.0,是,extraction,967bc50505fd1a44b23df820764b0ccbb4476ad6d7f62cfe2fb966ef7ddfec2f
,,,冗余三元组,1.0,96.0,是,extraction,4485056c7459cd2409438582b8596fd9cde2b21f128246348d3cb90af7541215
,,,冗余三元组,3.0,11.0,是,extraction,50e282008fdda86810f048e213c9dbd0e2f5df0a5efb5176f11c1f5844f7c83a
,,,冗余三元组,5.0,97.0,是,extraction,05ff48063737ef72f1c58903714c30ab85ae84bc5a8bca637e2e844e3e89e9ac
,,,冗余三元组,18.0,26.0,是,extraction,ba75a3427e43490516afd81128bf869a212354b1eee0fc588681807f9f92b400
,,,冗余三元组,7.0,77.0,是,extraction,bb10b8e785712bb1f818c31459d6128acd9bf2a72b634bdd17e27b1886f98f66
,,,冗余三元组,1.0,9.0,包括,extraction,faf0ce8191eacfaa2463c2b297349347b524dc6e45d27869dd8175629020d62c
,,,冗余三元组,9.0,87.0,涉及,extraction,adc426ba73110c0a3bfd3acce652388c9c7486f842d18c60d12f2c945ba3dc6f
,,,冗余三元组,3.0,92.0,是,extraction,845b1c6463b79e5610e683d79fe1d14932c4b4629c98f21531c9fd8d894f8170
,,,冗余三元组,7.0,22.0,是,extraction,197084ef0cc4cdfd4564ae30861c99b3397285c69dc9d2aed17542b14e877968
,,,冗余三元组,11.0,9.0,权力类型,extraction,2c1c88acab62420824c092d4fa6632ca9b0bfffd2d1ca0586870856ec5f1ae16
,,,冗余三元组,51.0,9.0,行驶主体,extraction,00b83440d21e998006abd5261ab1c2fbdd683965882314dbb88dd9f0ebebc9e1
,,,冗余三元组,51.0,9.0,承办机构,extraction,597fa2e6b3d1d334513240e2c76171edb4c4fbec18ffcbb49a19cbdc84ca334c
,,,冗余三元组,1.0,9.0,包括,extraction,faf0ce8191eacfaa2463c2b297349347b524dc6e45d27869dd8175629020d62c
,,,冗余三元组,9.0,58.0,包含,extraction,179b29517f3de67c7be95a2cc37a3dea771d50f0d98ecc20d7fca6948efadfa4
,,,冗余三元组,3.0,11.0,是,extraction,50e282008fdda86810f048e213c9dbd0e2f5df0a5efb5176f11c1f5844f7c83a
,,,冗余三元组,5.0,30.0,是,extraction,b8c42a73848d151fb19153682dd14995902d02478bbe012a2ed29acf2c22965a
,,,冗余三元组,7.0,39.0,是,extraction,7af661cc823147f676b7839123ee9f6367bff42ed12db054d47907b23e6ea4d4
,,,冗余三元组,79.0,107.0,是,extraction,98daf5818126b6dcefbb8f5a4996e4ff22c2d4fe6b1d60c466d98c333eccc0af
,,,冗余三元组,9.0,14.0,服务事项,extraction,8c67790894ee065607e7a9d28146d23d05637bc291ef650450fef1f13a130ac0
,,,冗余三元组,11.0,9.0,权力类型,extraction,2c1c88acab62420824c092d4fa6632ca9b0bfffd2d1ca0586870856ec5f1ae16
,,,冗余三元组,55.0,9.0,行驶主体,extraction,64f9c28edac9d5af28cd583fa8cc75fe5f0e75c516f7a79e147a05b087847c47
,,,冗余三元组,3.0,4.0,是,extraction,d08580506622eb3b009abbcab184c7d6527dc171bbca042f5d2132b53eb48841
,,,冗余三元组,5.0,42.0,是,extraction,ba4297f6786203517f5e1ba3187f6ea309656fe38a277fdb8d1f864fde46e417
,,,冗余三元组,18.0,42.0,是,extraction,87836f82917fc0d212659b0529a317f3fd51adc8ed1dddedd7d1e4119e648a1d
,,,冗余三元组,7.0,86.0,是,extraction,9080d476b35d51d910e412f7d99b1165046958a57f4eb9c8c5a9582ebc0afb87
,,,冗余三元组,1.0,9.0,包括,extraction,faf0ce8191eacfaa2463c2b297349347b524dc6e45d27869dd8175629020d62c
,,,冗余三元组,9.0,58.0,包含,extraction,179b29517f3de67c7be95a2cc37a3dea771d50f0d98ecc20d7fca6948efadfa4
,,,冗余三元组,3.0,11.0,是,extraction,50e282008fdda86810f048e213c9dbd0e2f5df0a5efb5176f11c1f5844f7c83a
,,,冗余三元组,5.0,34.0,是,extraction,b7ccd1f45a95923d796ee92ca6942743da3195e27df18f974cf96b23ad3bdee0
,,,冗余三元组,18.0,34.0,是,extraction,ff1e933d5261241bef0fea2b84067f048ac6f4995720d8766a2256c92ae8aeb3
,,,冗余三元组,7.0,37.0,是,extraction,b677acb9754aa12371f933788edb5497d7a3e714a706d1968813418a6dee73ed
,,,冗余三元组,3.0,11.0,是,extraction,50e282008fdda86810f048e213c9dbd0e2f5df0a5efb5176f11c1f5844f7c83a
,,,冗余三元组,5.0,21.0,是,extraction,b4659add0420ad8ebb0d8905309fc53163dbd7bcd426cdffc5edf231290bd7c6
,,,冗余三元组,18.0,21.0,是,extraction,9506de3854e84c42132772e5f1f3663cbe3d36d9e2c76da9d1c9c5ec622fc992
,,,冗余三元组,9.0,57.0,包含,extraction,82417ff3d5244fb2e202b941d2ba3c123453dc2619fa07085fe04b70f4d9208b
,,,冗余三元组,3.0,11.0,是,extraction,50e282008fdda86810f048e213c9dbd0e2f5df0a5efb5176f11c1f5844f7c83a
,,,冗余三元组,5.0,55.0,是,extraction,4cfd7487d3952e8616c9ddf32e139510806c8c03960f2e41fc1f8a497ae98170
,,,冗余三元组,18.0,55.0,是,extraction,0b564873a65e10aeb7fc84f33955aa7ea08cd3bdebad158d5c28f35d5e385bc4
,,,冗余三元组,7.0,32.0,是,extraction,073f036e35642723f2166a01b5dd7ed651e8e12d4b157faa68c7de45faec6092
,,,冗余三元组,1.0,9.0,包括,extraction,faf0ce8191eacfaa2463c2b297349347b524dc6e45d27869dd8175629020d62c
,,,冗余三元组,3.0,11.0,是,extraction,50e282008fdda86810f048e213c9dbd0e2f5df0a5efb5176f11c1f5844f7c83a
,,,冗余三元组,5.0,59.0,是,extraction,8117b4dc68ddf4093480012c3282a38fd093fcf169e9c5ee6a711a0ba692c666
,,,冗余三元组,18.0,59.0,是,extraction,c5c9a9584680fe9f1466df4afb358f2b52741db286c7ee58cfac843bb582c597
,,,冗余三元组,7.0,37.0,是,extraction,b677acb9754aa12371f933788edb5497d7a3e714a706d1968813418a6dee73ed
,,,冗余三元组,1.0,9.0,包括,extraction,faf0ce8191eacfaa2463c2b297349347b524dc6e45d27869dd8175629020d62c
,,,冗余三元组,9.0,60.0,涉及,extraction,09e90d4876f1a9da290a11f8d37af17fc8d4c1853c581d351134420ccfc6ed1c
,,,冗余三元组,3.0,11.0,是,extraction,50e282008fdda86810f048e213c9dbd0e2f5df0a5efb5176f11c1f5844f7c83a
,,,冗余三元组,5.0,55.0,是,extraction,4cfd7487d3952e8616c9ddf32e139510806c8c03960f2e41fc1f8a497ae98170
,,,冗余三元组,7.0,15.0,是,extraction,78a5d87757a5308ac26e4fe80879ba6042490f842d45a3c0ccd86cb8e54cc9ef
,,,冗余三元组,9.0,44.0,服务事项,extraction,72689a0c26d7718f59eddd586a47fc5dd456605bf4f02a84d78e06a23c12beef
,,,冗余三元组,11.0,9.0,权力类型,extraction,2c1c88acab62420824c092d4fa6632ca9b0bfffd2d1ca0586870856ec5f1ae16
,,,冗余三元组,40.0,9.0,行驶主体,extraction,a3effed45629a84a565ceaff7dd6912892f2849e1d37742284d94d7d15cf880b
,,,冗余三元组,9.0,103.0,服务事项,extraction,c104deb112b1a273de7d43b0d75ad2c73c05e7a0b886dfb7075fda5ade974180
,,,冗余三元组,11.0,9.0,权力类型,extraction,2c1c88acab62420824c092d4fa6632ca9b0bfffd2d1ca0586870856ec5f1ae16
,,,冗余三元组,34.0,9.0,行驶主体,extraction,81110abc59c52d73421af332681b1e8eba2c85d50ecfe4cfa498d487896674ba
,,,冗余三元组,34.0,9.0,承办机构,extraction,5706c6d8733954b74b89bdbb6dcc48bcd92602153eab56668feaf59e14e413c2
,,,冗余三元组,9.0,75.0,实施依据,extraction,b069e18244dc3de25475a38a5018615bd1bc65cf70668f0b4968039a40bbde1b
,,,冗余三元组,1.0,9.0,包括,extraction,faf0ce8191eacfaa2463c2b297349347b524dc6e45d27869dd8175629020d62c
,,,冗余三元组,3.0,11.0,是,extraction,50e282008fdda86810f048e213c9dbd0e2f5df0a5efb5176f11c1f5844f7c83a
,,,冗余三元组,5.0,94.0,是,extraction,ee4f01b8cd6860d9706fc3d8915740df5f4bcd9fb38433e999846d6e6b64a544
,,,冗余三元组,18.0,94.0,是,extraction,3142c19af9375761de87e22130c05235eef52f9a842b3d5e204357dfb8c6d1b0
,,,冗余三元组,7.0,22.0,是,extraction,197084ef0cc4cdfd4564ae30861c99b3397285c69dc9d2aed17542b14e877968
,,,冗余三元组,11.0,9.0,权力类型,extraction,2c1c88acab62420824c092d4fa6632ca9b0bfffd2d1ca0586870856ec5f1ae16
,,,冗余三元组,9.0,27.0,实施依据,extraction,bac2923c8d2f799ade2a56a22117446937fb4095be67912c7fe84b0b83cc7658
,,,冗余三元组,9.0,16.0,包含,extraction,b4bd027f5bb5c31009aab6062273c66b5d98cc36d6e28a0f62391bd0045dd2bd
,,,冗余三元组,3.0,11.0,是,extraction,50e282008fdda86810f048e213c9dbd0e2f5df0a5efb5176f11c1f5844f7c83a
,,,冗余三元组,5.0,59.0,是,extraction,8117b4dc68ddf4093480012c3282a38fd093fcf169e9c5ee6a711a0ba692c666
,,,冗余三元组,18.0,59.0,是,extraction,c5c9a9584680fe9f1466df4afb358f2b52741db286c7ee58cfac843bb582c597
,,,冗余三元组,7.0,27.0,是,extraction,bbec78b3a1b60a712cedd4646e2dac85ab1c2c87f823dec552775d9b40fa2e92
,,,冗余三元组,79.0,107.0,是,extraction,98daf5818126b6dcefbb8f5a4996e4ff22c2d4fe6b1d60c466d98c333eccc0af
,,,冗余三元组,1.0,91.0,包括,extraction,b8665c83a7f421ed8eb70159baec4e471b26ed324103377bf1b2e8d7ba4afd5d
,,,冗余三元组,3.0,11.0,是,extraction,50e282008fdda86810f048e213c9dbd0e2f5df0a5efb5176f11c1f5844f7c83a
,,,冗余三元组,5.0,59.0,是,extraction,8117b4dc68ddf4093480012c3282a38fd093fcf169e9c5ee6a711a0ba692c666
,,,冗余三元组,18.0,59.0,是,extraction,c5c9a9584680fe9f1466df4afb358f2b52741db286c7ee58cfac843bb582c597
,,,冗余三元组,7.0,77.0,是,extraction,bb10b8e785712bb1f818c31459d6128acd9bf2a72b634bdd17e27b1886f98f66
,,,冗余三元组,1.0,9.0,包括,extraction,faf0ce8191eacfaa2463c2b297349347b524dc6e45d27869dd8175629020d62c
,,,冗余三元组,9.0,25.0,涉及,extraction,78702f72f61bc98548eecb5eaa17caa7242237d3df09017c8cca03183453005f
,,,冗余三元组,3.0,11.0,是,extraction,50e282008fdda86810f048e213c9dbd0e2f5df0a5efb5176f11c1f5844f7c83a
,,,冗余三元组,5.0,94.0,是,extraction,ee4f01b8cd6860d9706fc3d8915740df5f4bcd9fb38433e999846d6e6b64a544
,,,冗余三元组,18.0,94.0,是,extraction,3142c19af9375761de87e22130c05235eef52f9a842b3d5e204357dfb8c6d1b0
,,,冗余三元组,7.0,37.0,是,extraction,b677acb9754aa12371f933788edb5497d7a3e714a706d1968813418a6dee73ed
,,,冗余三元组,11.0,9.0,权力类型,extraction,2c1c88acab62420824c092d4fa6632ca9b0bfffd2d1ca0586870856ec5f1ae16
,,,冗余三元组,24.0,9.0,行驶主体,extraction,90a9fdac5ebef5a610edf20f99b4733fd9a0d155492c0c192a46ef1bbaac0331
,,,冗余三元组,24.0,9.0,承办机构,extraction,c20f9f12bcd7f579d07afbab9de42fa29760431e0e85ee0a80cc210217206cee
,,,冗余三元组,3.0,4.0,是,extraction,d08580506622eb3b009abbcab184c7d6527dc171bbca042f5d2132b53eb48841
,,,冗余三元组,7.0,65.0,是,extraction,e43cab330f6c93e0c7c8eeaf73c9a03802874041dfe902e8003325406de58d0e
,,,冗余三元组,1.0,9.0,包括,extraction,faf0ce8191eacfaa2463c2b297349347b524dc6e45d27869dd8175629020d62c
,,,冗余三元组,3.0,11.0,是,extraction,50e282008fdda86810f048e213c9dbd0e2f5df0a5efb5176f11c1f5844f7c83a
,,,冗余三元组,5.0,30.0,是,extraction,b8c42a73848d151fb19153682dd14995902d02478bbe012a2ed29acf2c22965a
,,,冗余三元组,18.0,30.0,是,extraction,390da1d934e648f99cce08ddf4d9970fc48fb9c0e84d7950994252ba39eda2b2
,,,冗余三元组,7.0,13.0,是,extraction,8492960f1bc3d93d88011d3dd04d0e5ea635c6431041eee20154964cb6e6123b
,,,冗余三元组,9.0,14.0,服务事项,extraction,8c67790894ee065607e7a9d28146d23d05637bc291ef650450fef1f13a130ac0
,,,冗余三元组,11.0,9.0,权力类型,extraction,2c1c88acab62420824c092d4fa6632ca9b0bfffd2d1ca0586870856ec5f1ae16
,,,冗余三元组,26.0,9.0,行驶主体,extraction,b7f508c96b7e31d53e42b89bda9c220a63394d3abc2bfb97ead76fe8f0ae7cde
,,,冗余三元组,26.0,9.0,承办机构,extraction,6ba4c93b6c8444c963cac8fb6a734dc4bf582da3e277b397d52ae7c9382ad5c4
,,,冗余三元组,1.0,9.0,包括,extraction,faf0ce8191eacfaa2463c2b297349347b524dc6e45d27869dd8175629020d62c
,,,冗余三元组,9.0,25.0,涉及,extraction,78702f72f61bc98548eecb5eaa17caa7242237d3df09017c8cca03183453005f
,,,冗余三元组,3.0,11.0,是,extraction,50e282008fdda86810f048e213c9dbd0e2f5df0a5efb5176f11c1f5844f7c83a
,,,冗余三元组,5.0,59.0,是,extraction,8117b4dc68ddf4093480012c3282a38fd093fcf169e9c5ee6a711a0ba692c666
,,,冗余三元组,18.0,59.0,是,extraction,c5c9a9584680fe9f1466df4afb358f2b52741db286c7ee58cfac843bb582c597
,,,冗余三元组,7.0,32.0,是,extraction,073f036e35642723f2166a01b5dd7ed651e8e12d4b157faa68c7de45faec6092
,,,冗余三元组,11.0,9.0,权力类型,extraction,2c1c88acab62420824c092d4fa6632ca9b0bfffd2d1ca0586870856ec5f1ae16
,,,冗余三元组,12.0,9.0,行驶主体,extraction,3ff53e6fd9c4c8777d8bcdb901c679075356d4898cf3e5c953cf8e27171f8769
,,,冗余三元组,12.0,9.0,承办机构,extraction,c8145c60506466db53528df95e91fa6ba3e67ced241d312631beec33e43c8e1b
,,,冗余三元组,9.0,75.0,实施依据,extraction,b069e18244dc3de25475a38a5018615bd1bc65cf70668f0b4968039a40bbde1b
,,,冗余三元组,3.0,4.0,是,extraction,d08580506622eb3b009abbcab184c7d6527dc171bbca042f5d2132b53eb48841
,,,冗余三元组,5.0,42.0,是,extraction,ba4297f6786203517f5e1ba3187f6ea309656fe38a277fdb8d1f864fde46e417
,,,冗余三元组,18.0,42.0,是,extraction,87836f82917fc0d212659b0529a317f3fd51adc8ed1dddedd7d1e4119e648a1d
,,,冗余三元组,7.0,95.0,是,extraction,1cd02fbe297e0d51ec3941cffe0149cd4c6453d3bebe7fc1dbad0f928614ed5b
,,,冗余三元组,1.0,96.0,包含,extraction,4c755c23a3fa33ec3f32c0591361f53e0d1329f90832602426bdecf5c8effb70
,,,冗余三元组,3.0,11.0,包含,extraction,861dfa1708b764304f893c2f3d93e9fef4c92997964a70f0441cef68452621df
,,,冗余三元组,5.0,97.0,是,extraction,05ff48063737ef72f1c58903714c30ab85ae84bc5a8bca637e2e844e3e89e9ac
,,,冗余三元组,18.0,94.0,是,extraction,3142c19af9375761de87e22130c05235eef52f9a842b3d5e204357dfb8c6d1b0
,,,冗余三元组,7.0,32.0,是,extraction,073f036e35642723f2166a01b5dd7ed651e8e12d4b157faa68c7de45faec6092
,,,冗余三元组,9.0,60.0,服务事项,extraction,44a2d15ac7c3fcdfcabc65f302deb7cd406a02894f4ac3f303c362add067a749
,,,冗余三元组,11.0,9.0,权力类型,extraction,2c1c88acab62420824c092d4fa6632ca9b0bfffd2d1ca0586870856ec5f1ae16
,,,冗余三元组,24.0,9.0,行驶主体,extraction,90a9fdac5ebef5a610edf20f99b4733fd9a0d155492c0c192a46ef1bbaac0331
,,,冗余三元组,24.0,9.0,承办机构,extraction,c20f9f12bcd7f579d07afbab9de42fa29760431e0e85ee0a80cc210217206cee
,,,冗余三元组,9.0,15.0,依据,extraction,140c919e57bb273b80fc28b7cf8d3132ea64a05ca3a093e01d64b8ba8f3ac119
,,,冗余三元组,9.0,33.0,服务事项,extraction,f8ece3819bc42811ed0164398e7e7dafa6a7a0dc5480d525c06016c842cf8e20
,,,冗余三元组,11.0,9.0,权力类型,extraction,2c1c88acab62420824c092d4fa6632ca9b0bfffd2d1ca0586870856ec5f1ae16
,,,冗余三元组,55.0,9.0,行驶主体,extraction,64f9c28edac9d5af28cd583fa8cc75fe5f0e75c516f7a79e147a05b087847c47
,,,冗余三元组,55.0,9.0,承办机构,extraction,ef74d9e96d2e179dc614fcc498139d1db5613404a8a960fd8a1ff51dd2f686da
,,,冗余三元组,9.0,13.0,实施依据,extraction,c14343871ebc6c05298b2236c82c2e8337431d852c0efaefa36132dada8a4925
,,,冗余三元组,1.0,9.0,包括,extraction,faf0ce8191eacfaa2463c2b297349347b524dc6e45d27869dd8175629020d62c
,,,冗余三元组,9.0,117.0,包含,extraction,f54a6f0f0f96c54f906f0afd1b400891a6738b11b5eeec854bae4706fe038488
,,,冗余三元组,3.0,11.0,是,extraction,50e282008fdda86810f048e213c9dbd0e2f5df0a5efb5176f11c1f5844f7c83a
,,,冗余三元组,5.0,36.0,是,extraction,c71360788330970e9271c94692c552bea317a6f243c833496857e49d68ae2bdc
,,,冗余三元组,7.0,37.0,是,extraction,b677acb9754aa12371f933788edb5497d7a3e714a706d1968813418a6dee73ed
,,,冗余三元组,9.0,44.0,服务事项,extraction,72689a0c26d7718f59eddd586a47fc5dd456605bf4f02a84d78e06a23c12beef
,,,冗余三元组,11.0,9.0,权力类型,extraction,2c1c88acab62420824c092d4fa6632ca9b0bfffd2d1ca0586870856ec5f1ae16
,,,冗余三元组,21.0,9.0,行驶主体,extraction,8720bf216690e0067640ccda2bc1a90b8e1a2f66fe57e1cf90fca56b7f7638c4
,,,冗余三元组,21.0,9.0,承办机构,extraction,f6f3f5a2c0535b46220fb05fa7d9d286c6a7bf3d1296438d2b596460b67fc2fa
,,,冗余三元组,15.0,9.0,实施依据,extraction,30065e9335f48a6d2ea7d266e3745a8fee23677a17aec17c94145f996cf846b4
,,,冗余三元组,3.0,11.0,是,extraction,50e282008fdda86810f048e213c9dbd0e2f5df0a5efb5176f11c1f5844f7c83a
,,,冗余三元组,5.0,97.0,是,extraction,05ff48063737ef72f1c58903714c30ab85ae84bc5a8bca637e2e844e3e89e9ac
,,,冗余三元组,18.0,34.0,是,extraction,ff1e933d5261241bef0fea2b84067f048ac6f4995720d8766a2256c92ae8aeb3
,,,冗余三元组,7.0,52.0,是,extraction,837d09041764b0ea4c3ce5d960ec2ebb42393afe2e16ea5c0d2600f5c2eb5bf0
,,,冗余三元组,3.0,11.0,是,extraction,50e282008fdda86810f048e213c9dbd0e2f5df0a5efb5176f11c1f5844f7c83a
,,,冗余三元组,5.0,21.0,是,extraction,b4659add0420ad8ebb0d8905309fc53163dbd7bcd426cdffc5edf231290bd7c6
,,,冗余三元组,7.0,54.0,是,extraction,c8ae73e9f17b71b5a3a1abb3e9657a041d2f51a99bca64780fc95ced120ebd74
,,,冗余三元组,79.0,107.0,是,extraction,98daf5818126b6dcefbb8f5a4996e4ff22c2d4fe6b1d60c466d98c333eccc0af
,,,冗余三元组,1.0,100.0,包括,extraction,9017bd17c06071fa8ae0e38ee317c91ace5c98d327abeecdab763b4d938f33eb
,,,冗余三元组,3.0,4.0,是,extraction,d08580506622eb3b009abbcab184c7d6527dc171bbca042f5d2132b53eb48841
,,,冗余三元组,5.0,120.0,是,extraction,00eaf608b857f0f653dd94e1eb5fea35abe5dd9354b4dc0d1d73d28f9f887ac4
,,,冗余三元组,18.0,120.0,是,extraction,41e6cc6d113c18b782827f415d0233c8c5d15f95c4e2c7db6b9e2a8b339f2fbe
,,,冗余三元组,7.0,65.0,是,extraction,e43cab330f6c93e0c7c8eeaf73c9a03802874041dfe902e8003325406de58d0e
,,,冗余三元组,9.0,91.0,服务事项,extraction,a480ef8a1bc2c2a765033e73b41fff3498c2197a9e3fa9acd79110eb0089fc6c
,,,冗余三元组,11.0,9.0,权力类型,extraction,2c1c88acab62420824c092d4fa6632ca9b0bfffd2d1ca0586870856ec5f1ae16
,,,冗余三元组,26.0,9.0,行驶主体,extraction,b7f508c96b7e31d53e42b89bda9c220a63394d3abc2bfb97ead76fe8f0ae7cde
,,,冗余三元组,26.0,9.0,承办机构,extraction,6ba4c93b6c8444c963cac8fb6a734dc4bf582da3e277b397d52ae7c9382ad5c4
,,,冗余三元组,75.0,9.0,实施依据,extraction,9ead762c4ca7d5fa2a3ab289f4157e069ea890cea99e3c529dbbc4b766780759
,,,冗余三元组,9.0,112.0,服务事项,extraction,1c723f4c840d61029493870780afd52b6f79a87126f71ef2050b209d8ac25981
,,,冗余三元组,11.0,9.0,权力类型,extraction,2c1c88acab62420824c092d4fa6632ca9b0bfffd2d1ca0586870856ec5f1ae16
,,,冗余三元组,72.0,9.0,行驶主体,extraction,bfe0d1396d26f496af577568ce721d20768d448deeb29681f4fe9d70cc8549a8
,,,冗余三元组,1.0,55.0,监管,extraction,b4f73a08303d2b69a4c5f7ec3f22eb35581b785b2731c53253765eebcc5f7523
,,,冗余三元组,3.0,11.0,是,extraction,50e282008fdda86810f048e213c9dbd0e2f5df0a5efb5176f11c1f5844f7c83a
,,,冗余三元组,5.0,71.0,是,extraction,02f5326b2d7f426afb4abac47889062e5793572f7f72ebad750bce697776af71
,,,冗余三元组,18.0,34.0,是,extraction,ff1e933d5261241bef0fea2b84067f048ac6f4995720d8766a2256c92ae8aeb3
,,,冗余三元组,7.0,54.0,是,extraction,c8ae73e9f17b71b5a3a1abb3e9657a041d2f51a99bca64780fc95ced120ebd74
,,,冗余三元组,9.0,108.0,包含,extraction,c73447109ff8e4ef0f8a6e2a187466df8fba597f0f90c9bda9adce97e16181b0
,,,冗余三元组,9.0,87.0,服务事项,extraction,01fae2c6203d987572e6298e2ab5686f9831d11e43392585df349bf3a09fbe22
,,,冗余三元组,3.0,11.0,是,extraction,50e282008fdda86810f048e213c9dbd0e2f5df0a5efb5176f11c1f5844f7c83a
,,,冗余三元组,5.0,26.0,是,extraction,4072f57383ef693458d3eef57ef37ae1bbae2b003ec7bc05d3d07a737a272b53
,,,冗余三元组,18.0,26.0,是,extraction,ba75a3427e43490516afd81128bf869a212354b1eee0fc588681807f9f92b400
,,,冗余三元组,7.0,15.0,是,extraction,78a5d87757a5308ac26e4fe80879ba6042490f842d45a3c0ccd86cb8e54cc9ef
,,,冗余三元组,1.0,66.0,包括,extraction,bc07a7697ec242683825466c36a4056a4907540738eeb3a6a45401b3b7158902
,,,冗余三元组,3.0,4.0,是,extraction,d08580506622eb3b009abbcab184c7d6527dc171bbca042f5d2132b53eb48841
,,,冗余三元组,5.0,49.0,是,extraction,5a422091bd436f6ff75c3dee0d0c1dc08cafd19299121ca73ce59f34f42a839e
,,,冗余三元组,18.0,49.0,是,extraction,3275a807305e60ac35d36236775ad5af407bb5191652b68ba8009da6f003c465
,,,冗余三元组,7.0,65.0,是,extraction,e43cab330f6c93e0c7c8eeaf73c9a03802874041dfe902e8003325406de58d0e
,,,冗余三元组,1.0,9.0,包括,extraction,faf0ce8191eacfaa2463c2b297349347b524dc6e45d27869dd8175629020d62c
,,,冗余三元组,9.0,103.0,涉及,extraction,57d85089f335cf57dcaee1331efc652cc84a61342db67076d4e26001c38f97b3
,,,冗余三元组,3.0,11.0,是,extraction,50e282008fdda86810f048e213c9dbd0e2f5df0a5efb5176f11c1f5844f7c83a
,,,冗余三元组,5.0,31.0,是,extraction,2c6f3bdafc98d932c7f7050f5f175af5a4b04100d90ab9f36f240058f058592e
,,,冗余三元组,18.0,31.0,是,extraction,c9d5ad180bb8d07255831d5e02503978682a333c3a7dc2a9385ddc4bd55c50b6
,,,冗余三元组,7.0,54.0,是,extraction,c8ae73e9f17b71b5a3a1abb3e9657a041d2f51a99bca64780fc95ced120ebd74
,,,冗余三元组,1.0,9.0,是,extraction,624decab269d81f72460ba79cb9b58e5e6bce7f6f9d148cad81c37f422422924
,,,冗余三元组,3.0,11.0,是,extraction,50e282008fdda86810f048e213c9dbd0e2f5df0a5efb5176f11c1f5844f7c83a
,,,冗余三元组,5.0,55.0,是,extraction,4cfd7487d3952e8616c9ddf32e139510806c8c03960f2e41fc1f8a497ae98170
,,,冗余三元组,18.0,55.0,是,extraction,0b564873a65e10aeb7fc84f33955aa7ea08cd3bdebad158d5c28f35d5e385bc4
,,,冗余三元组,7.0,13.0,是,extraction,8492960f1bc3d93d88011d3dd04d0e5ea635c6431041eee20154964cb6e6123b
,,,冗余三元组,9.0,87.0,服务事项,extraction,01fae2c6203d987572e6298e2ab5686f9831d11e43392585df349bf3a09fbe22
,,,冗余三元组,11.0,9.0,权力类型,extraction,2c1c88acab62420824c092d4fa6632ca9b0bfffd2d1ca0586870856ec5f1ae16
,,,冗余三元组,31.0,9.0,行驶主体,extraction,ccb1bef15d2d252507dac02f21969ad9b0638fb1e4b825cdfaabe3eaa5a93455
,,,冗余三元组,31.0,9.0,承办机构,extraction,ad482f957e976c5118d65fefeaa6971951486ed5ea87c3c294470187c0b766c3
,,,冗余三元组,1.0,9.0,包括,extraction,faf0ce8191eacfaa2463c2b297349347b524dc6e45d27869dd8175629020d62c
,,,冗余三元组,3.0,11.0,是,extraction,50e282008fdda86810f048e213c9dbd0e2f5df0a5efb5176f11c1f5844f7c83a
,,,冗余三元组,5.0,26.0,是,extraction,4072f57383ef693458d3eef57ef37ae1bbae2b003ec7bc05d3d07a737a272b53
,,,冗余三元组,7.0,37.0,是,extraction,b677acb9754aa12371f933788edb5497d7a3e714a706d1968813418a6dee73ed
,,,冗余三元组,3.0,11.0,是,extraction,50e282008fdda86810f048e213c9dbd0e2f5df0a5efb5176f11c1f5844f7c83a
,,,冗余三元组,5.0,97.0,是,extraction,05ff48063737ef72f1c58903714c30ab85ae84bc5a8bca637e2e844e3e89e9ac
,,,冗余三元组,18.0,31.0,是,extraction,c9d5ad180bb8d07255831d5e02503978682a333c3a7dc2a9385ddc4bd55c50b6
,,,冗余三元组,7.0,37.0,是,extraction,b677acb9754aa12371f933788edb5497d7a3e714a706d1968813418a6dee73ed
,,,冗余三元组,11.0,9.0,权力类型,extraction,2c1c88acab62420824c092d4fa6632ca9b0bfffd2d1ca0586870856ec5f1ae16
,,,冗余三元组,31.0,9.0,行驶主体,extraction,ccb1bef15d2d252507dac02f21969ad9b0638fb1e4b825cdfaabe3eaa5a93455
,,,冗余三元组,31.0,9.0,承办机构,extraction,ad482f957e976c5118d65fefeaa6971951486ed5ea87c3c294470187c0b766c3
,,,冗余三元组,1.0,102.0,包括,extraction,9c0a799a2ff682a0619f8ae13c6a467efece3509e0e6dcc22de28386c9d1d161
,,,冗余三元组,3.0,128.0,是,extraction,e71bf7cc0529021ac85305e74e6f0e96111f14744a8b030d145f0e09d9ae6561
,,,冗余三元组,5.0,88.0,是,extraction,34b0b2b2f5ef9ca8627377a4578c1d8ac2883634e5281d6f2b795bc2970e3a54
,,,冗余三元组,7.0,95.0,是,extraction,1cd02fbe297e0d51ec3941cffe0149cd4c6453d3bebe7fc1dbad0f928614ed5b
,,,冗余三元组,9.0,87.0,服务事项,extraction,01fae2c6203d987572e6298e2ab5686f9831d11e43392585df349bf3a09fbe22
,,,冗余三元组,11.0,9.0,权力类型,extraction,2c1c88acab62420824c092d4fa6632ca9b0bfffd2d1ca0586870856ec5f1ae16
,,,冗余三元组,17.0,9.0,行驶主体,extraction,d54539feac3abff9bf6d808d8e1d44846783f513b7f8b8090b5f30e96d1f416b
,,,冗余三元组,17.0,9.0,承办机构,extraction,4dc0f425f921a8129b2c20728d78db66682a5e5c281a11d2bc3694a1c4fd86ba
,,,冗余三元组,113.0,9.0,实施依据,extraction,ce7250ee64fa07cd0888de5d0a7d297ae97df1ffb12a28a60887d0d7e04f624e
,,,冗余三元组,9.0,87.0,服务事项,extraction,01fae2c6203d987572e6298e2ab5686f9831d11e43392585df349bf3a09fbe22
,,,冗余三元组,11.0,9.0,权力类型,extraction,2c1c88acab62420824c092d4fa6632ca9b0bfffd2d1ca0586870856ec5f1ae16
,,,冗余三元组,36.0,9.0,行驶主体,extraction,2bb141e373fa3a9f858b722e3fce3c75c30c0951a31507e53eabe2956f0ca6c9
,,,冗余三元组,36.0,9.0,承办机构,extraction,03e8353bf4bdf2d1d8ca727cf1c3d89475ad02d01821c90d8c21326161a8b80a
,,,冗余三元组,9.0,52.0,实施依据,extraction,13608453f87bac7ca28701bcc889db3ddb65d3aac1d44db926324339622445f7
,,,冗余三元组,9.0,14.0,涉及事项,extraction,05bc27c605b95e9ee4103d99c2b3c969032828d2a522fdf4ccbb988e14e4b8f9
,,,冗余三元组,11.0,9.0,权力类型,extraction,2c1c88acab62420824c092d4fa6632ca9b0bfffd2d1ca0586870856ec5f1ae16
,,,冗余三元组,59.0,9.0,行驶主体,extraction,193c41f4cedaedda527bd313520f71683420dc645ca0b9a3dea0f6c76276ce29
,,,冗余三元组,59.0,9.0,承办机构,extraction,ec322c4bba17a606ccb11f92ee2aa4590994122286493f43f144e98ed357fd1d
,,,冗余三元组,9.0,20.0,服务事项,extraction,4db5743fbe8aaa439efa5c61c34d8c457ba837a24e6032d56fb7f1b632524031
,,,冗余三元组,11.0,9.0,权力类型,extraction,2c1c88acab62420824c092d4fa6632ca9b0bfffd2d1ca0586870856ec5f1ae16
,,,冗余三元组,17.0,9.0,行驶主体,extraction,d54539feac3abff9bf6d808d8e1d44846783f513b7f8b8090b5f30e96d1f416b
,,,冗余三元组,17.0,9.0,承办机构,extraction,4dc0f425f921a8129b2c20728d78db66682a5e5c281a11d2bc3694a1c4fd86ba
,,,冗余三元组,9.0,58.0,包含,extraction,179b29517f3de67c7be95a2cc37a3dea771d50f0d98ecc20d7fca6948efadfa4
,,,冗余三元组,3.0,11.0,是,extraction,50e282008fdda86810f048e213c9dbd0e2f5df0a5efb5176f11c1f5844f7c83a
,,,冗余三元组,5.0,36.0,是,extraction,c71360788330970e9271c94692c552bea317a6f243c833496857e49d68ae2bdc
,,,冗余三元组,18.0,36.0,是,extraction,763917cc0d41b529306a915c2eca7b390f263ce8daa97f08f8d707a9c88ef22a
,,,冗余三元组,7.0,52.0,是,extraction,837d09041764b0ea4c3ce5d960ec2ebb42393afe2e16ea5c0d2600f5c2eb5bf0
,,,冗余三元组,9.0,76.0,包含,extraction,867d777112a32bf1025e1d7a3c2b8c463d79f71c7b4c4839546d443f2fa44665
,,,冗余三元组,3.0,11.0,是,extraction,50e282008fdda86810f048e213c9dbd0e2f5df0a5efb5176f11c1f5844f7c83a
,,,冗余三元组,5.0,24.0,是,extraction,a45c285399e79f71b53d56a3e3f57b9730d4444107e0584b5a841b34e5f55b95
,,,冗余三元组,18.0,24.0,是,extraction,88cf080e4f34e6525ff5c6a4eb66b3306184d2efaab2e6b1834686bbd9c5678a
,,,冗余三元组,7.0,19.0,是,extraction,2a88a034ef5cece9cf9929570f46e66e84f0658e91d26787747fdf65ecaa61b4
,,,冗余三元组,9.0,35.0,服务事项,extraction,144c3f8daa59c283978fe847f0f3409435132f16c61fa617266d5d4ac94ef461
,,,冗余三元组,11.0,9.0,权力类型,extraction,2c1c88acab62420824c092d4fa6632ca9b0bfffd2d1ca0586870856ec5f1ae16
,,,冗余三元组,21.0,9.0,行驶主体,extraction,8720bf216690e0067640ccda2bc1a90b8e1a2f66fe57e1cf90fca56b7f7638c4
,,,冗余三元组,15.0,9.0,实施依据,extraction,30065e9335f48a6d2ea7d266e3745a8fee23677a17aec17c94145f996cf846b4
,,,冗余三元组,9.0,58.0,包含,extraction,179b29517f3de67c7be95a2cc37a3dea771d50f0d98ecc20d7fca6948efadfa4
,,,冗余三元组,3.0,11.0,是,extraction,50e282008fdda86810f048e213c9dbd0e2f5df0a5efb5176f11c1f5844f7c83a
,,,冗余三元组,5.0,21.0,是,extraction,b4659add0420ad8ebb0d8905309fc53163dbd7bcd426cdffc5edf231290bd7c6
,,,冗余三元组,18.0,21.0,是,extraction,9506de3854e84c42132772e5f1f3663cbe3d36d9e2c76da9d1c9c5ec622fc992
,,,冗余三元组,7.0,54.0,是,extraction,c8ae73e9f17b71b5a3a1abb3e9657a041d2f51a99bca64780fc95ced120ebd74
,,,冗余三元组,3.0,11.0,是,extraction,50e282008fdda86810f048e213c9dbd0e2f5df0a5efb5176f11c1f5844f7c83a
,,,冗余三元组,5.0,116.0,是,extraction,a180f43bb9376f0dadbff129dc98b4571e55ee9b17695dc94c639f2f06116156
,,,冗余三元组,18.0,55.0,是,extraction,0b564873a65e10aeb7fc84f33955aa7ea08cd3bdebad158d5c28f35d5e385bc4
,,,冗余三元组,7.0,19.0,是,extraction,2a88a034ef5cece9cf9929570f46e66e84f0658e91d26787747fdf65ecaa61b4
,,,冗余三元组,9.0,44.0,服务事项,extraction,72689a0c26d7718f59eddd586a47fc5dd456605bf4f02a84d78e06a23c12beef
,,,冗余三元组,3.0,11.0,是,extraction,50e282008fdda86810f048e213c9dbd0e2f5df0a5efb5176f11c1f5844f7c83a
,,,冗余三元组,5.0,30.0,是,extraction,b8c42a73848d151fb19153682dd14995902d02478bbe012a2ed29acf2c22965a
,,,冗余三元组,18.0,30.0,是,extraction,390da1d934e648f99cce08ddf4d9970fc48fb9c0e84d7950994252ba39eda2b2
,,,冗余三元组,7.0,52.0,是,extraction,837d09041764b0ea4c3ce5d960ec2ebb42393afe2e16ea5c0d2600f5c2eb5bf0
,,,冗余三元组,9.0,16.0,包含事项,extraction,25f0d8b83661026b5b5a31ff652d24e03d40f972ae81ffd1f79c7d03833e4ab1
,,,冗余三元组,3.0,11.0,是,extraction,50e282008fdda86810f048e213c9dbd0e2f5df0a5efb5176f11c1f5844f7c83a
,,,冗余三元组,5.0,94.0,是,extraction,ee4f01b8cd6860d9706fc3d8915740df5f4bcd9fb38433e999846d6e6b64a544
,,,冗余三元组,18.0,94.0,是,extraction,3142c19af9375761de87e22130c05235eef52f9a842b3d5e204357dfb8c6d1b0
,,,冗余三元组,7.0,19.0,是,extraction,2a88a034ef5cece9cf9929570f46e66e84f0658e91d26787747fdf65ecaa61b4
,,,冗余三元组,3.0,4.0,是,extraction,d08580506622eb3b009abbcab184c7d6527dc171bbca042f5d2132b53eb48841
,,,冗余三元组,5.0,120.0,是,extraction,00eaf608b857f0f653dd94e1eb5fea35abe5dd9354b4dc0d1d73d28f9f887ac4
,,,冗余三元组,18.0,120.0,是,extraction,41e6cc6d113c18b782827f415d0233c8c5d15f95c4e2c7db6b9e2a8b339f2fbe
,,,冗余三元组,7.0,95.0,是,extraction,1cd02fbe297e0d51ec3941cffe0149cd4c6453d3bebe7fc1dbad0f928614ed5b
,,,冗余三元组,3.0,4.0,是,extraction,d08580506622eb3b009abbcab184c7d6527dc171bbca042f5d2132b53eb48841
,,,冗余三元组,5.0,88.0,是,extraction,34b0b2b2f5ef9ca8627377a4578c1d8ac2883634e5281d6f2b795bc2970e3a54
,,,冗余三元组,18.0,88.0,是,extraction,9b8831fcca315f583eb898bbe87221bc757b5487b1b7060e7a0473335401dac8
,,,冗余三元组,7.0,68.0,是,extraction,e9cb5728a32b0882cf83f91662fae962c94a75cae280a9163e48c1b9c79de321
,,,冗余三元组,1.0,9.0,包括,extraction,faf0ce8191eacfaa2463c2b297349347b524dc6e45d27869dd8175629020d62c
,,,冗余三元组,9.0,123.0,涉及问题,extraction,edea0eb663b2051814bb87d182a7a5aea98761d8ce266dcc47871904a9a51418
,,,冗余三元组,3.0,11.0,是,extraction,50e282008fdda86810f048e213c9dbd0e2f5df0a5efb5176f11c1f5844f7c83a
,,,冗余三元组,5.0,36.0,是,extraction,c71360788330970e9271c94692c552bea317a6f243c833496857e49d68ae2bdc
,,,冗余三元组,79.0,107.0,是,extraction,98daf5818126b6dcefbb8f5a4996e4ff22c2d4fe6b1d60c466d98c333eccc0af
,,,冗余三元组,9.0,134.0,服务事项,extraction,799407b5d3c598ff8c09e2c0fea4d5612c59415116cc5bfc54200bc62526c096
,,,冗余三元组,11.0,9.0,权力类型,extraction,2c1c88acab62420824c092d4fa6632ca9b0bfffd2d1ca0586870856ec5f1ae16
,,,冗余三元组,51.0,9.0,行驶主体,extraction,00b83440d21e998006abd5261ab1c2fbdd683965882314dbb88dd9f0ebebc9e1
,,,冗余三元组,51.0,9.0,承办机构,extraction,597fa2e6b3d1d334513240e2c76171edb4c4fbec18ffcbb49a19cbdc84ca334c
,,,冗余三元组,9.0,45.0,实施依据,extraction,bc26784a1ba5d2aeccfadd350a15b54e1e9ebbcca9e46e344c45c157822b343d
,,,冗余三元组,9.0,20.0,服务事项,extraction,4db5743fbe8aaa439efa5c61c34d8c457ba837a24e6032d56fb7f1b632524031
,,,冗余三元组,11.0,9.0,权力类型,extraction,2c1c88acab62420824c092d4fa6632ca9b0bfffd2d1ca0586870856ec5f1ae16
,,,冗余三元组,24.0,9.0,行驶主体,extraction,90a9fdac5ebef5a610edf20f99b4733fd9a0d155492c0c192a46ef1bbaac0331
,,,冗余三元组,24.0,9.0,承办机构,extraction,c20f9f12bcd7f579d07afbab9de42fa29760431e0e85ee0a80cc210217206cee
,,,冗余三元组,32.0,9.0,实施依据,extraction,56a4d7a974b09a5a997810d4abd09c9272903966a555d6ada886f6dc66065e11
,,,冗余三元组,9.0,14.0,涉及事项,extraction,05bc27c605b95e9ee4103d99c2b3c969032828d2a522fdf4ccbb988e14e4b8f9
,,,冗余三元组,3.0,11.0,是,extraction,50e282008fdda86810f048e213c9dbd0e2f5df0a5efb5176f11c1f5844f7c83a
,,,冗余三元组,5.0,26.0,是,extraction,4072f57383ef693458d3eef57ef37ae1bbae2b003ec7bc05d3d07a737a272b53
,,,冗余三元组,18.0,26.0,是,extraction,ba75a3427e43490516afd81128bf869a212354b1eee0fc588681807f9f92b400
,,,冗余三元组,7.0,19.0,是,extraction,2a88a034ef5cece9cf9929570f46e66e84f0658e91d26787747fdf65ecaa61b4
,,,冗余三元组,9.0,16.0,包含事项,extraction,25f0d8b83661026b5b5a31ff652d24e03d40f972ae81ffd1f79c7d03833e4ab1
,,,冗余三元组,18.0,26.0,是,extraction,ba75a3427e43490516afd81128bf869a212354b1eee0fc588681807f9f92b400
,,,冗余三元组,7.0,27.0,是,extraction,bbec78b3a1b60a712cedd4646e2dac85ab1c2c87f823dec552775d9b40fa2e92
,,,冗余三元组,9.0,85.0,服务事项,extraction,1d28a5414ebb49b2149f491c9d25b43d99ea2cbfd450b07020d3fca062daa9a8
,,,冗余三元组,11.0,9.0,权力类型,extraction,2c1c88acab62420824c092d4fa6632ca9b0bfffd2d1ca0586870856ec5f1ae16
,,,冗余三元组,21.0,9.0,行驶主体,extraction,8720bf216690e0067640ccda2bc1a90b8e1a2f66fe57e1cf90fca56b7f7638c4
,,,冗余三元组,21.0,9.0,承办机构,extraction,f6f3f5a2c0535b46220fb05fa7d9d286c6a7bf3d1296438d2b596460b67fc2fa
,,,冗余三元组,9.0,106.0,涉及,extraction,e953cda27fa5b7ce2472d37f26d62501fed6964e77c5a7106b1a3f52dbaa1db4
,,,冗余三元组,3.0,11.0,是,extraction,50e282008fdda86810f048e213c9dbd0e2f5df0a5efb5176f11c1f5844f7c83a
,,,冗余三元组,5.0,59.0,是,extraction,8117b4dc68ddf4093480012c3282a38fd093fcf169e9c5ee6a711a0ba692c666
,,,冗余三元组,18.0,59.0,是,extraction,c5c9a9584680fe9f1466df4afb358f2b52741db286c7ee58cfac843bb582c597
,,,冗余三元组,9.0,74.0,服务事项,extraction,f0d4481859cdbd3734a9602a072a2bbd22e88f546375495f7a60f9780960d1a7
,,,冗余三元组,11.0,9.0,权力类型,extraction,2c1c88acab62420824c092d4fa6632ca9b0bfffd2d1ca0586870856ec5f1ae16
,,,冗余三元组,72.0,9.0,行驶主体,extraction,bfe0d1396d26f496af577568ce721d20768d448deeb29681f4fe9d70cc8549a8
,,,冗余三元组,72.0,9.0,承办机构,extraction,8827629fd91263d29b18b6df9b767f63d89e344f34a87ffd653b62e77346156c
,,,冗余三元组,9.0,13.0,实施依据,extraction,c14343871ebc6c05298b2236c82c2e8337431d852c0efaefa36132dada8a4925
,,,冗余三元组,1.0,9.0,包括,extraction,faf0ce8191eacfaa2463c2b297349347b524dc6e45d27869dd8175629020d62c
,,,冗余三元组,9.0,46.0,涉及,extraction,88296d87c8772de1f62481cd05298c2233cc8547e68abf531889d01e493a08cc
,,,冗余三元组,3.0,11.0,是,extraction,50e282008fdda86810f048e213c9dbd0e2f5df0a5efb5176f11c1f5844f7c83a
,,,冗余三元组,5.0,59.0,是,extraction,8117b4dc68ddf4093480012c3282a38fd093fcf169e9c5ee6a711a0ba692c666
,,,冗余三元组,18.0,59.0,是,extraction,c5c9a9584680fe9f1466df4afb358f2b52741db286c7ee58cfac843bb582c597
,,,冗余三元组,7.0,52.0,是,extraction,837d09041764b0ea4c3ce5d960ec2ebb42393afe2e16ea5c0d2600f5c2eb5bf0
,,,冗余三元组,9.0,16.0,包含,extraction,b4bd027f5bb5c31009aab6062273c66b5d98cc36d6e28a0f62391bd0045dd2bd
,,,冗余三元组,3.0,11.0,是,extraction,50e282008fdda86810f048e213c9dbd0e2f5df0a5efb5176f11c1f5844f7c83a
,,,冗余三元组,5.0,94.0,是,extraction,ee4f01b8cd6860d9706fc3d8915740df5f4bcd9fb38433e999846d6e6b64a544
,,,冗余三元组,18.0,94.0,是,extraction,3142c19af9375761de87e22130c05235eef52f9a842b3d5e204357dfb8c6d1b0
,,,冗余三元组,7.0,15.0,是,extraction,78a5d87757a5308ac26e4fe80879ba6042490f842d45a3c0ccd86cb8e54cc9ef
,,,冗余三元组,1.0,9.0,包括,extraction,faf0ce8191eacfaa2463c2b297349347b524dc6e45d27869dd8175629020d62c
,,,冗余三元组,3.0,11.0,是,extraction,50e282008fdda86810f048e213c9dbd0e2f5df0a5efb5176f11c1f5844f7c83a
,,,冗余三元组,5.0,40.0,是,extraction,8292870b1b4c3c8f94d162cf2bb4323709f6ba64b0a6be958c56bc833404b8db
,,,冗余三元组,18.0,40.0,是,extraction,a5de43bfc641f5fc0624d49940a88d734691a195da04e3f6a79945ebcd7d032a
,,,冗余三元组,7.0,27.0,是,extraction,bbec78b3a1b60a712cedd4646e2dac85ab1c2c87f823dec552775d9b40fa2e92
,,,冗余三元组,1.0,69.0,包括,extraction,63822bd0da36baa9841444087198ac28a8ed919bc75d63d42db85bb3684483b4
,,,冗余三元组,3.0,4.0,是,extraction,d08580506622eb3b009abbcab184c7d6527dc171bbca042f5d2132b53eb48841
,,,冗余三元组,7.0,93.0,是,extraction,260fc1907adb6d01fcbf120d000111b6d81b0a8104d6b76ab1b8ce110adffc75
,,,冗余三元组,9.0,35.0,服务事项,extraction,144c3f8daa59c283978fe847f0f3409435132f16c61fa617266d5d4ac94ef461
,,,冗余三元组,11.0,9.0,权力类型,extraction,2c1c88acab62420824c092d4fa6632ca9b0bfffd2d1ca0586870856ec5f1ae16
,,,冗余三元组,40.0,9.0,行驶主体,extraction,a3effed45629a84a565ceaff7dd6912892f2849e1d37742284d94d7d15cf880b
,,,冗余三元组,40.0,9.0,承办机构,extraction,bd97ee476c8d7cb569fd8bc61da23f82c4f0fc26105bf4f52b23162933300e98
,,,冗余三元组,9.0,22.0,实施依据,extraction,50cb666f2386eb540c17e3e2a65195f4f99203f560f5dc38b2422bf353a2742d
,,,冗余三元组,9.0,57.0,包含,extraction,82417ff3d5244fb2e202b941d2ba3c123453dc2619fa07085fe04b70f4d9208b
,,,冗余三元组,3.0,11.0,是,extraction,50e282008fdda86810f048e213c9dbd0e2f5df0a5efb5176f11c1f5844f7c83a
,,,冗余三元组,5.0,72.0,是,extraction,3193458bfcf47922b1d51aadb67f0f6b05d7b6fb22371da712ccefd4020951ec
,,,冗余三元组,18.0,72.0,是,extraction,c794a8e2cd19d975feb25749b2782d3cabac1ee76b6a00c05ac964d38c018d95
,,,冗余三元组,7.0,22.0,是,extraction,197084ef0cc4cdfd4564ae30861c99b3397285c69dc9d2aed17542b14e877968
,,,冗余三元组,1.0,119.0,包括,extraction,e71da8f3b4b82fe580d071349afdfe2e2d125fc3f9991471c04f66f8d7e63f9e
,,,冗余三元组,3.0,4.0,是,extraction,d08580506622eb3b009abbcab184c7d6527dc171bbca042f5d2132b53eb48841
,,,冗余三元组,7.0,50.0,是,extraction,a5ec0bedae55a68712cd4f15b137c7dceff9f667581ec88152348e1a1bfb85be
,,,冗余三元组,79.0,80.0,是,extraction,6400554d7e554542c1a0ebd53cfdcf09a6368c3ce21b5c7b9764553220ce81b8
,,,冗余三元组,1.0,9.0,包括,extraction,faf0ce8191eacfaa2463c2b297349347b524dc6e45d27869dd8175629020d62c
,,,冗余三元组,9.0,25.0,涉及,extraction,78702f72f61bc98548eecb5eaa17caa7242237d3df09017c8cca03183453005f
,,,冗余三元组,3.0,11.0,是,extraction,50e282008fdda86810f048e213c9dbd0e2f5df0a5efb5176f11c1f5844f7c83a
,,,冗余三元组,5.0,21.0,是,extraction,b4659add0420ad8ebb0d8905309fc53163dbd7bcd426cdffc5edf231290bd7c6
,,,冗余三元组,7.0,13.0,是,extraction,8492960f1bc3d93d88011d3dd04d0e5ea635c6431041eee20154964cb6e6123b
,,,冗余三元组,9.0,91.0,服务事项,extraction,a480ef8a1bc2c2a765033e73b41fff3498c2197a9e3fa9acd79110eb0089fc6c
,,,冗余三元组,11.0,9.0,权力类型,extraction,2c1c88acab62420824c092d4fa6632ca9b0bfffd2d1ca0586870856ec5f1ae16
,,,冗余三元组,55.0,9.0,行驶主体,extraction,64f9c28edac9d5af28cd583fa8cc75fe5f0e75c516f7a79e147a05b087847c47
,,,冗余三元组,55.0,9.0,承办机构,extraction,ef74d9e96d2e179dc614fcc498139d1db5613404a8a960fd8a1ff51dd2f686da
,,,冗余三元组,19.0,9.0,实施依据,extraction,13be8d2b8063386989168eb1289ba9fd91ef75a9389fe6d42235d3a722dcf184
,,,冗余三元组,1.0,9.0,包括,extraction,faf0ce8191eacfaa2463c2b297349347b524dc6e45d27869dd8175629020d62c
,,,冗余三元组,9.0,57.0,包含,extraction,82417ff3d5244fb2e202b941d2ba3c123453dc2619fa07085fe04b70f4d9208b
,,,冗余三元组,3.0,11.0,是,extraction,50e282008fdda86810f048e213c9dbd0e2f5df0a5efb5176f11c1f5844f7c83a
,,,冗余三元组,5.0,59.0,是,extraction,8117b4dc68ddf4093480012c3282a38fd093fcf169e9c5ee6a711a0ba692c666
,,,冗余三元组,18.0,59.0,是,extraction,c5c9a9584680fe9f1466df4afb358f2b52741db286c7ee58cfac843bb582c597
,,,冗余三元组,1.0,41.0,包括,extraction,ee1394a800f07d8331b9bf646933ccaacd401bffe877cf6d5822526a4348b5e3
,,,冗余三元组,3.0,4.0,是,extraction,d08580506622eb3b009abbcab184c7d6527dc171bbca042f5d2132b53eb48841
,,,冗余三元组,5.0,6.0,是,extraction,e3d784209b3132640a6d9914181823f121f4122b402c3846198b7ec3f020ba71
,,,冗余三元组,7.0,86.0,是,extraction,9080d476b35d51d910e412f7d99b1165046958a57f4eb9c8c5a9582ebc0afb87
,,,冗余三元组,3.0,11.0,是,extraction,50e282008fdda86810f048e213c9dbd0e2f5df0a5efb5176f11c1f5844f7c83a
,,,冗余三元组,5.0,72.0,是,extraction,3193458bfcf47922b1d51aadb67f0f6b05d7b6fb22371da712ccefd4020951ec
,,,冗余三元组,7.0,27.0,是,extraction,bbec78b3a1b60a712cedd4646e2dac85ab1c2c87f823dec552775d9b40fa2e92
,,,冗余三元组,9.0,134.0,服务事项,extraction,799407b5d3c598ff8c09e2c0fea4d5612c59415116cc5bfc54200bc62526c096
,,,冗余三元组,11.0,9.0,权力类型,extraction,2c1c88acab62420824c092d4fa6632ca9b0bfffd2d1ca0586870856ec5f1ae16
,,,冗余三元组,17.0,9.0,行驶主体,extraction,d54539feac3abff9bf6d808d8e1d44846783f513b7f8b8090b5f30e96d1f416b
,,,冗余三元组,17.0,9.0,承办机构,extraction,4dc0f425f921a8129b2c20728d78db66682a5e5c281a11d2bc3694a1c4fd86ba
,,,冗余三元组,45.0,9.0,实施依据,extraction,bb40587674ec76a22d4dad29acc78cc997bba5282cf53b2804d155ffe64c1985
,,,冗余三元组,9.0,14.0,服务事项,extraction,8c67790894ee065607e7a9d28146d23d05637bc291ef650450fef1f13a130ac0
,,,冗余三元组,3.0,11.0,是,extraction,50e282008fdda86810f048e213c9dbd0e2f5df0a5efb5176f11c1f5844f7c83a
,,,冗余三元组,5.0,24.0,是,extraction,a45c285399e79f71b53d56a3e3f57b9730d4444107e0584b5a841b34e5f55b95
,,,冗余三元组,18.0,24.0,是,extraction,88cf080e4f34e6525ff5c6a4eb66b3306184d2efaab2e6b1834686bbd9c5678a
,,,冗余三元组,7.0,32.0,是,extraction,073f036e35642723f2166a01b5dd7ed651e8e12d4b157faa68c7de45faec6092
,,,冗余三元组,3.0,11.0,是,extraction,50e282008fdda86810f048e213c9dbd0e2f5df0a5efb5176f11c1f5844f7c83a
,,,冗余三元组,5.0,26.0,是,extraction,4072f57383ef693458d3eef57ef37ae1bbae2b003ec7bc05d3d07a737a272b53
,,,冗余三元组,18.0,26.0,是,extraction,ba75a3427e43490516afd81128bf869a212354b1eee0fc588681807f9f92b400
,,,冗余三元组,7.0,52.0,是,extraction,837d09041764b0ea4c3ce5d960ec2ebb42393afe2e16ea5c0d2600f5c2eb5bf0
,,,冗余三元组,1.0,131.0,包括,extraction,2d73c3c7e3d09d54d964de835f267353def03e3575d139ae356d20a79383082d
,,,冗余三元组,3.0,4.0,是,extraction,d08580506622eb3b009abbcab184c7d6527dc171bbca042f5d2132b53eb48841
,,,冗余三元组,5.0,78.0,是,extraction,e46407c483d4eab28a43248dca5cf4f08c6c495d76c226e37a8b88537192a2b8
,,,冗余三元组,18.0,78.0,是,extraction,cc63f6e6429ee02156176c7eb0c688458041838a597335b19266372dfccae656
,,,冗余三元组,7.0,101.0,是,extraction,ad8d8be96f4573b9b3b1ef94e788fff08f57033016f187c2d7d4fa95458d1926
,,,冗余三元组,9.0,76.0,服务事项,extraction,9e9959074c1b6c3561046299adcae030140e6535c1c1ff5ff27c01e2eda024cf
,,,冗余三元组,11.0,9.0,权力类型,extraction,2c1c88acab62420824c092d4fa6632ca9b0bfffd2d1ca0586870856ec5f1ae16
,,,冗余三元组,40.0,9.0,行驶主体,extraction,a3effed45629a84a565ceaff7dd6912892f2849e1d37742284d94d7d15cf880b
,,,冗余三元组,40.0,9.0,承办机构,extraction,bd97ee476c8d7cb569fd8bc61da23f82c4f0fc26105bf4f52b23162933300e98
,,,冗余三元组,19.0,9.0,实施依据,extraction,13be8d2b8063386989168eb1289ba9fd91ef75a9389fe6d42235d3a722dcf184
,,,冗余三元组,1.0,100.0,包括,extraction,9017bd17c06071fa8ae0e38ee317c91ace5c98d327abeecdab763b4d938f33eb
,,,冗余三元组,3.0,62.0,是,extraction,2edd114747321d4b07050fbb5cff6660939a85ebb7d77cfcf9a7ef540fac2b4a
,,,冗余三元组,7.0,90.0,是,extraction,ac268e58a8ec5dded08f4e1b1d6146256d809b0439fc155c0aec3554f8ce1595
,,,冗余三元组,1.0,23.0,包括,extraction,5407119728c98cec1668095a608f6fa08472d9464eb609fca4d1bce1943e93f2
,,,冗余三元组,3.0,11.0,是,extraction,50e282008fdda86810f048e213c9dbd0e2f5df0a5efb5176f11c1f5844f7c83a
,,,冗余三元组,5.0,51.0,是,extraction,e2bf527310e351c009c5a9f48f941ad800bae5907f134cda086b77d5bcc332c8
,,,冗余三元组,18.0,51.0,是,extraction,a92cb4c88051854c8fca70a4fb2364d2b00da7188f1ea5f0ff12249d1cb98d17
,,,冗余三元组,7.0,39.0,是,extraction,7af661cc823147f676b7839123ee9f6367bff42ed12db054d47907b23e6ea4d4
,,,冗余三元组,3.0,11.0,是,extraction,50e282008fdda86810f048e213c9dbd0e2f5df0a5efb5176f11c1f5844f7c83a
,,,冗余三元组,5.0,59.0,是,extraction,8117b4dc68ddf4093480012c3282a38fd093fcf169e9c5ee6a711a0ba692c666
,,,冗余三元组,18.0,59.0,是,extraction,c5c9a9584680fe9f1466df4afb358f2b52741db286c7ee58cfac843bb582c597
,,,冗余三元组,7.0,22.0,是,extraction,197084ef0cc4cdfd4564ae30861c99b3397285c69dc9d2aed17542b14e877968
,,,冗余三元组,79.0,107.0,是,extraction,98daf5818126b6dcefbb8f5a4996e4ff22c2d4fe6b1d60c466d98c333eccc0af
,,,冗余三元组,1.0,9.0,包括,extraction,faf0ce8191eacfaa2463c2b297349347b524dc6e45d27869dd8175629020d62c
,,,冗余三元组,9.0,103.0,涉及,extraction,57d85089f335cf57dcaee1331efc652cc84a61342db67076d4e26001c38f97b3
,,,冗余三元组,5.0,121.0,是,extraction,20323703345f596061d82c773802f8fb616df2689c6d990f811815dfbfea4e11
,,,冗余三元组,18.0,36.0,是,extraction,763917cc0d41b529306a915c2eca7b390f263ce8daa97f08f8d707a9c88ef22a
,,,冗余三元组,7.0,54.0,是,extraction,c8ae73e9f17b71b5a3a1abb3e9657a041d2f51a99bca64780fc95ced120ebd74
,,,冗余三元组,3.0,11.0,包含,extraction,861dfa1708b764304f893c2f3d93e9fef4c92997964a70f0441cef68452621df
,,,冗余三元组,5.0,116.0,是,extraction,a180f43bb9376f0dadbff129dc98b4571e55ee9b17695dc94c639f2f06116156
,,,冗余三元组,18.0,72.0,是,extraction,c794a8e2cd19d975feb25749b2782d3cabac1ee76b6a00c05ac964d38c018d95
,,,冗余三元组,7.0,27.0,是,extraction,bbec78b3a1b60a712cedd4646e2dac85ab1c2c87f823dec552775d9b40fa2e92
,,,冗余三元组,1.0,9.0,包括,extraction,faf0ce8191eacfaa2463c2b297349347b524dc6e45d27869dd8175629020d62c
,,,冗余三元组,3.0,11.0,是,extraction,50e282008fdda86810f048e213c9dbd0e2f5df0a5efb5176f11c1f5844f7c83a
,,,冗余三元组,5.0,94.0,是,extraction,ee4f01b8cd6860d9706fc3d8915740df5f4bcd9fb38433e999846d6e6b64a544
,,,冗余三元组,18.0,94.0,是,extraction,3142c19af9375761de87e22130c05235eef52f9a842b3d5e204357dfb8c6d1b0
,,,冗余三元组,7.0,75.0,是,extraction,967bc50505fd1a44b23df820764b0ccbb4476ad6d7f62cfe2fb966ef7ddfec2f
,,,冗余三元组,3.0,4.0,是,extraction,d08580506622eb3b009abbcab184c7d6527dc171bbca042f5d2132b53eb48841
,,,冗余三元组,5.0,145.0,是,extraction,83084a30d64cbfb706df40847b1301cded67c74eab12e8e401e47ce97f732206
,,,冗余三元组,7.0,95.0,是,extraction,1cd02fbe297e0d51ec3941cffe0149cd4c6453d3bebe7fc1dbad0f928614ed5b
,,,冗余三元组,9.0,10.0,服务事项,extraction,094430bd0583679b540a313ff8562bed14c377b3114320d5074a7c7d4240bdf0
,,,冗余三元组,3.0,11.0,是,extraction,50e282008fdda86810f048e213c9dbd0e2f5df0a5efb5176f11c1f5844f7c83a
,,,冗余三元组,5.0,26.0,是,extraction,4072f57383ef693458d3eef57ef37ae1bbae2b003ec7bc05d3d07a737a272b53
,,,冗余三元组,18.0,26.0,是,extraction,ba75a3427e43490516afd81128bf869a212354b1eee0fc588681807f9f92b400
,,,冗余三元组,7.0,77.0,是,extraction,bb10b8e785712bb1f818c31459d6128acd9bf2a72b634bdd17e27b1886f98f66
,,,冗余三元组,1.0,9.0,包括,extraction,faf0ce8191eacfaa2463c2b297349347b524dc6e45d27869dd8175629020d62c
,,,冗余三元组,9.0,25.0,涉及,extraction,78702f72f61bc98548eecb5eaa17caa7242237d3df09017c8cca03183453005f
,,,冗余三元组,3.0,11.0,是,extraction,50e282008fdda86810f048e213c9dbd0e2f5df0a5efb5176f11c1f5844f7c83a
,,,冗余三元组,5.0,26.0,是,extraction,4072f57383ef693458d3eef57ef37ae1bbae2b003ec7bc05d3d07a737a272b53
,,,冗余三元组,18.0,26.0,是,extraction,ba75a3427e43490516afd81128bf869a212354b1eee0fc588681807f9f92b400
,,,冗余三元组,7.0,27.0,是,extraction,bbec78b3a1b60a712cedd4646e2dac85ab1c2c87f823dec552775d9b40fa2e92
,,,冗余三元组,1.0,2.0,包括,extraction,8eed295a113f65a4a62a3fcc8ced1ab09cb3fa29433f0307efe4a0b555ab2fc8
,,,冗余三元组,3.0,4.0,是,extraction,d08580506622eb3b009abbcab184c7d6527dc171bbca042f5d2132b53eb48841
,,,冗余三元组,5.0,146.0,是,extraction,10e9ef90db9a5fdd7d594367a67dafbfa1e2b112946d9775b47c132a66b0b8d0
,,,冗余三元组,11.0,9.0,权力类型,extraction,2c1c88acab62420824c092d4fa6632ca9b0bfffd2d1ca0586870856ec5f1ae16
,,,冗余三元组,12.0,9.0,行驶主体,extraction,3ff53e6fd9c4c8777d8bcdb901c679075356d4898cf3e5c953cf8e27171f8769
,,,冗余三元组,12.0,9.0,承办机构,extraction,c8145c60506466db53528df95e91fa6ba3e67ced241d312631beec33e43c8e1b
,,,冗余三元组,19.0,9.0,实施依据,extraction,13be8d2b8063386989168eb1289ba9fd91ef75a9389fe6d42235d3a722dcf184
,,,冗余三元组,1.0,47.0,包括,extraction,3ff60d7272f0699378cf6abfa0aacb7a75af63581d52f987c6d8ff0d17106d55
,,,冗余三元组,3.0,4.0,是,extraction,d08580506622eb3b009abbcab184c7d6527dc171bbca042f5d2132b53eb48841
,,,冗余三元组,7.0,124.0,是,extraction,d222c1f56f490a1e415684cbbc6e991c10fda381f1f717dfad297fdda7e8f88d
,,,冗余三元组,11.0,9.0,权力类型,extraction,2c1c88acab62420824c092d4fa6632ca9b0bfffd2d1ca0586870856ec5f1ae16
,,,冗余三元组,17.0,9.0,行驶主体,extraction,d54539feac3abff9bf6d808d8e1d44846783f513b7f8b8090b5f30e96d1f416b
,,,冗余三元组,17.0,9.0,承办机构,extraction,4dc0f425f921a8129b2c20728d78db66682a5e5c281a11d2bc3694a1c4fd86ba
,,,冗余三元组,75.0,9.0,实施依据,extraction,9ead762c4ca7d5fa2a3ab289f4157e069ea890cea99e3c529dbbc4b766780759
,,,冗余三元组,1.0,9.0,包括,extraction,faf0ce8191eacfaa2463c2b297349347b524dc6e45d27869dd8175629020d62c
,,,冗余三元组,3.0,11.0,包括,extraction,553945424ee9264926e877f79802fe355d88aae9d463bbba918b0236276f8cc0
,,,冗余三元组,5.0,51.0,是,extraction,e2bf527310e351c009c5a9f48f941ad800bae5907f134cda086b77d5bcc332c8
,,,冗余三元组,18.0,51.0,是,extraction,a92cb4c88051854c8fca70a4fb2364d2b00da7188f1ea5f0ff12249d1cb98d17
,,,冗余三元组,7.0,77.0,来自,extraction,9583238568172e6e0620113b86070d564c9447abbf54cdd6626cd14cf06073f0
,,,冗余三元组,79.0,107.0,是,extraction,98daf5818126b6dcefbb8f5a4996e4ff22c2d4fe6b1d60c466d98c333eccc0af
,,,冗余三元组,1.0,9.0,包括,extraction,faf0ce8191eacfaa2463c2b297349347b524dc6e45d27869dd8175629020d62c
,,,冗余三元组,9.0,46.0,涉及,extraction,88296d87c8772de1f62481cd05298c2233cc8547e68abf531889d01e493a08cc
,,,冗余三元组,3.0,11.0,是,extraction,50e282008fdda86810f048e213c9dbd0e2f5df0a5efb5176f11c1f5844f7c83a
,,,冗余三元组,5.0,36.0,是,extraction,c71360788330970e9271c94692c552bea317a6f243c833496857e49d68ae2bdc
,,,冗余三元组,18.0,36.0,是,extraction,763917cc0d41b529306a915c2eca7b390f263ce8daa97f08f8d707a9c88ef22a
,,,冗余三元组,7.0,27.0,是,extraction,bbec78b3a1b60a712cedd4646e2dac85ab1c2c87f823dec552775d9b40fa2e92
,,,冗余三元组,9.0,16.0,包含,extraction,b4bd027f5bb5c31009aab6062273c66b5d98cc36d6e28a0f62391bd0045dd2bd
,,,冗余三元组,3.0,11.0,是,extraction,50e282008fdda86810f048e213c9dbd0e2f5df0a5efb5176f11c1f5844f7c83a
,,,冗余三元组,5.0,59.0,是,extraction,8117b4dc68ddf4093480012c3282a38fd093fcf169e9c5ee6a711a0ba692c666
,,,冗余三元组,18.0,59.0,是,extraction,c5c9a9584680fe9f1466df4afb358f2b52741db286c7ee58cfac843bb582c597
,,,冗余三元组,7.0,22.0,是,extraction,197084ef0cc4cdfd4564ae30861c99b3397285c69dc9d2aed17542b14e877968
,,,冗余三元组,9.0,16.0,包含事项,extraction,25f0d8b83661026b5b5a31ff652d24e03d40f972ae81ffd1f79c7d03833e4ab1
,,,冗余三元组,3.0,11.0,是,extraction,50e282008fdda86810f048e213c9dbd0e2f5df0a5efb5176f11c1f5844f7c83a
,,,冗余三元组,5.0,26.0,是,extraction,4072f57383ef693458d3eef57ef37ae1bbae2b003ec7bc05d3d07a737a272b53
,,,冗余三元组,18.0,26.0,是,extraction,ba75a3427e43490516afd81128bf869a212354b1eee0fc588681807f9f92b400
,,,冗余三元组,7.0,37.0,是,extraction,b677acb9754aa12371f933788edb5497d7a3e714a706d1968813418a6dee73ed
,,,冗余三元组,9.0,87.0,服务事项,extraction,01fae2c6203d987572e6298e2ab5686f9831d11e43392585df349bf3a09fbe22
,,,冗余三元组,11.0,9.0,权力类型,extraction,2c1c88acab62420824c092d4fa6632ca9b0bfffd2d1ca0586870856ec5f1ae16
,,,冗余三元组,36.0,9.0,行驶主体,extraction,2bb141e373fa3a9f858b722e3fce3c75c30c0951a31507e53eabe2956f0ca6c9
,,,冗余三元组,36.0,9.0,承办机构,extraction,03e8353bf4bdf2d1d8ca727cf1c3d89475ad02d01821c90d8c21326161a8b80a
,,,冗余三元组,9.0,103.0,服务事项,extraction,c104deb112b1a273de7d43b0d75ad2c73c05e7a0b886dfb7075fda5ade974180
,,,冗余三元组,11.0,9.0,权力类型,extraction,2c1c88acab62420824c092d4fa6632ca9b0bfffd2d1ca0586870856ec5f1ae16
,,,冗余三元组,55.0,9.0,行驶主体,extraction,64f9c28edac9d5af28cd583fa8cc75fe5f0e75c516f7a79e147a05b087847c47
,,,冗余三元组,55.0,9.0,承办机构,extraction,ef74d9e96d2e179dc614fcc498139d1db5613404a8a960fd8a1ff51dd2f686da
,,,冗余三元组,9.0,52.0,实施依据,extraction,13608453f87bac7ca28701bcc889db3ddb65d3aac1d44db926324339622445f7
,,,冗余三元组,9.0,87.0,服务事项,extraction,01fae2c6203d987572e6298e2ab5686f9831d11e43392585df349bf3a09fbe22
,,,冗余三元组,11.0,9.0,权力类型,extraction,2c1c88acab62420824c092d4fa6632ca9b0bfffd2d1ca0586870856ec5f1ae16
,,,冗余三元组,12.0,9.0,行驶主体,extraction,3ff53e6fd9c4c8777d8bcdb901c679075356d4898cf3e5c953cf8e27171f8769
,,,冗余三元组,12.0,9.0,承办机构,extraction,c8145c60506466db53528df95e91fa6ba3e67ced241d312631beec33e43c8e1b
,,,冗余三元组,22.0,9.0,实施依据,extraction,9373ba201a4c801d670d95bae72e5682f347f4d7fcaac421ed63434545887485
,,,冗余三元组,9.0,28.0,服务事项,extraction,e01535c3b904454b0ff179c335d7c29cef5d4411d5722d344749cdfe035cb413
,,,冗余三元组,11.0,9.0,权力类型,extraction,2c1c88acab62420824c092d4fa6632ca9b0bfffd2d1ca0586870856ec5f1ae16
,,,冗余三元组,40.0,9.0,行驶主体,extraction,a3effed45629a84a565ceaff7dd6912892f2849e1d37742284d94d7d15cf880b
,,,冗余三元组,40.0,9.0,承办机构,extraction,bd97ee476c8d7cb569fd8bc61da23f82c4f0fc26105bf4f52b23162933300e98
,,,冗余三元组,113.0,9.0,实施依据,extraction,ce7250ee64fa07cd0888de5d0a7d297ae97df1ffb12a28a60887d0d7e04f624e
,,,冗余三元组,1.0,9.0,包括,extraction,faf0ce8191eacfaa2463c2b297349347b524dc6e45d27869dd8175629020d62c
,,,冗余三元组,9.0,46.0,涉及,extraction,88296d87c8772de1f62481cd05298c2233cc8547e68abf531889d01e493a08cc
,,,冗余三元组,3.0,11.0,是,extraction,50e282008fdda86810f048e213c9dbd0e2f5df0a5efb5176f11c1f5844f7c83a
,,,冗余三元组,5.0,36.0,是,extraction,c71360788330970e9271c94692c552bea317a6f243c833496857e49d68ae2bdc
,,,冗余三元组,18.0,36.0,是,extraction,763917cc0d41b529306a915c2eca7b390f263ce8daa97f08f8d707a9c88ef22a
,,,冗余三元组,7.0,19.0,是,extraction,2a88a034ef5cece9cf9929570f46e66e84f0658e91d26787747fdf65ecaa61b4
,,,冗余三元组,9.0,58.0,包含,extraction,179b29517f3de67c7be95a2cc37a3dea771d50f0d98ecc20d7fca6948efadfa4
,,,冗余三元组,3.0,11.0,是,extraction,50e282008fdda86810f048e213c9dbd0e2f5df0a5efb5176f11c1f5844f7c83a
,,,冗余三元组,5.0,17.0,是,extraction,7f07a66f4ec01d1e3a8f39dcf819db630fa1fa37e1a5fd78944e7c734d978235
,,,冗余三元组,7.0,32.0,是,extraction,073f036e35642723f2166a01b5dd7ed651e8e12d4b157faa68c7de45faec6092
,,,冗余三元组,9.0,28.0,服务事项,extraction,e01535c3b904454b0ff179c335d7c29cef5d4411d5722d344749cdfe035cb413
,,,冗余三元组,11.0,9.0,权力类型,extraction,2c1c88acab62420824c092d4fa6632ca9b0bfffd2d1ca0586870856ec5f1ae16
,,,冗余三元组,40.0,9.0,行驶主体,extraction,a3effed45629a84a565ceaff7dd6912892f2849e1d37742284d94d7d15cf880b
,,,冗余三元组,40.0,9.0,承办机构,extraction,bd97ee476c8d7cb569fd8bc61da23f82c4f0fc26105bf4f52b23162933300e98
,,,冗余三元组,9.0,39.0,实施依据,extraction,7a157a755bcab4cb88f69f5706d32debf05825b74166035ee5cf741d6628f3a5
,,,冗余三元组,1.0,9.0,包括,extraction,faf0ce8191eacfaa2463c2b297349347b524dc6e45d27869dd8175629020d62c
,,,冗余三元组,9.0,46.0,涉及,extraction,88296d87c8772de1f62481cd05298c2233cc8547e68abf531889d01e493a08cc
,,,冗余三元组,3.0,11.0,是,extraction,50e282008fdda86810f048e213c9dbd0e2f5df0a5efb5176f11c1f5844f7c83a
,,,冗余三元组,5.0,34.0,是,extraction,b7ccd1f45a95923d796ee92ca6942743da3195e27df18f974cf96b23ad3bdee0
,,,冗余三元组,18.0,34.0,是,extraction,ff1e933d5261241bef0fea2b84067f048ac6f4995720d8766a2256c92ae8aeb3
,,,冗余三元组,7.0,15.0,是,extraction,78a5d87757a5308ac26e4fe80879ba6042490f842d45a3c0ccd86cb8e54cc9ef
,,,冗余三元组,79.0,107.0,是,extraction,98daf5818126b6dcefbb8f5a4996e4ff22c2d4fe6b1d60c466d98c333eccc0af
,,,冗余三元组,1.0,9.0,包括,extraction,faf0ce8191eacfaa2463c2b297349347b524dc6e45d27869dd8175629020d62c
,,,冗余三元组,9.0,76.0,包含,extraction,867d777112a32bf1025e1d7a3c2b8c463d79f71c7b4c4839546d443f2fa44665
,,,冗余三元组,3.0,11.0,是,extraction,50e282008fdda86810f048e213c9dbd0e2f5df0a5efb5176f11c1f5844f7c83a
,,,冗余三元组,5.0,121.0,是,extraction,20323703345f596061d82c773802f8fb616df2689c6d990f811815dfbfea4e11
,,,冗余三元组,18.0,36.0,是,extraction,763917cc0d41b529306a915c2eca7b390f263ce8daa97f08f8d707a9c88ef22a
,,,冗余三元组,7.0,37.0,是,extraction,b677acb9754aa12371f933788edb5497d7a3e714a706d1968813418a6dee73ed
,,,冗余三元组,1.0,9.0,包括,extraction,faf0ce8191eacfaa2463c2b297349347b524dc6e45d27869dd8175629020d62c
,,,冗余三元组,9.0,25.0,涉及,extraction,78702f72f61bc98548eecb5eaa17caa7242237d3df09017c8cca03183453005f
,,,冗余三元组,3.0,11.0,是,extraction,50e282008fdda86810f048e213c9dbd0e2f5df0a5efb5176f11c1f5844f7c83a
,,,冗余三元组,5.0,34.0,是,extraction,b7ccd1f45a95923d796ee92ca6942743da3195e27df18f974cf96b23ad3bdee0
,,,冗余三元组,18.0,34.0,是,extraction,ff1e933d5261241bef0fea2b84067f048ac6f4995720d8766a2256c92ae8aeb3
,,,冗余三元组,7.0,75.0,是,extraction,967bc50505fd1a44b23df820764b0ccbb4476ad6d7f62cfe2fb966ef7ddfec2f
,,,冗余三元组,1.0,115.0,指导,extraction,09e464d141e4ec1387f649e1d74f71059a3fa37b91ff819d2f7fc5c71815a9ec
,,,冗余三元组,3.0,11.0,是,extraction,50e282008fdda86810f048e213c9dbd0e2f5df0a5efb5176f11c1f5844f7c83a
,,,冗余三元组,5.0,116.0,是,extraction,a180f43bb9376f0dadbff129dc98b4571e55ee9b17695dc94c639f2f06116156
,,,冗余三元组,18.0,30.0,是,extraction,390da1d934e648f99cce08ddf4d9970fc48fb9c0e84d7950994252ba39eda2b2
,,,冗余三元组,7.0,52.0,是,extraction,837d09041764b0ea4c3ce5d960ec2ebb42393afe2e16ea5c0d2600f5c2eb5bf0
,,,冗余三元组,9.0,76.0,服务事项,extraction,9e9959074c1b6c3561046299adcae030140e6535c1c1ff5ff27c01e2eda024cf
,,,冗余三元组,11.0,9.0,权力类型,extraction,2c1c88acab62420824c092d4fa6632ca9b0bfffd2d1ca0586870856ec5f1ae16
,,,冗余三元组,36.0,9.0,行驶主体,extraction,2bb141e373fa3a9f858b722e3fce3c75c30c0951a31507e53eabe2956f0ca6c9
,,,冗余三元组,1.0,9.0,包括,extraction,faf0ce8191eacfaa2463c2b297349347b524dc6e45d27869dd8175629020d62c
,,,冗余三元组,9.0,28.0,涉及,extraction,22c81295636a2c8d95e683725d86aa2e9d65841507a79cbab936668a96103c4a
,,,冗余三元组,3.0,11.0,是,extraction,50e282008fdda86810f048e213c9dbd0e2f5df0a5efb5176f11c1f5844f7c83a
,,,冗余三元组,5.0,59.0,是,extraction,8117b4dc68ddf4093480012c3282a38fd093fcf169e9c5ee6a711a0ba692c666
,,,冗余三元组,7.0,37.0,是,extraction,b677acb9754aa12371f933788edb5497d7a3e714a706d1968813418a6dee73ed
,,,冗余三元组,1.0,23.0,包括,extraction,5407119728c98cec1668095a608f6fa08472d9464eb609fca4d1bce1943e93f2
,,,冗余三元组,3.0,11.0,是,extraction,50e282008fdda86810f048e213c9dbd0e2f5df0a5efb5176f11c1f5844f7c83a
,,,冗余三元组,5.0,34.0,是,extraction,b7ccd1f45a95923d796ee92ca6942743da3195e27df18f974cf96b23ad3bdee0
,,,冗余三元组,18.0,34.0,是,extraction,ff1e933d5261241bef0fea2b84067f048ac6f4995720d8766a2256c92ae8aeb3
,,,冗余三元组,7.0,22.0,是,extraction,197084ef0cc4cdfd4564ae30861c99b3397285c69dc9d2aed17542b14e877968
,,,冗余三元组,9.0,16.0,包含事项,extraction,25f0d8b83661026b5b5a31ff652d24e03d40f972ae81ffd1f79c7d03833e4ab1
,,,冗余三元组,3.0,11.0,是,extraction,50e282008fdda86810f048e213c9dbd0e2f5df0a5efb5176f11c1f5844f7c83a
,,,冗余三元组,5.0,34.0,是,extraction,b7ccd1f45a95923d796ee92ca6942743da3195e27df18f974cf96b23ad3bdee0
,,,冗余三元组,18.0,34.0,是,extraction,ff1e933d5261241bef0fea2b84067f048ac6f4995720d8766a2256c92ae8aeb3
,,,冗余三元组,7.0,39.0,是,extraction,7af661cc823147f676b7839123ee9f6367bff42ed12db054d47907b23e6ea4d4
,,,冗余三元组,3.0,4.0,是,extraction,d08580506622eb3b009abbcab184c7d6527dc171bbca042f5d2132b53eb48841
,,,冗余三元组,5.0,70.0,是,extraction,6a05bd888f8294104da3f590035ef36038f0c6fe6d3f0c31a4f2389bfcab577b
,,,冗余三元组,7.0,101.0,是,extraction,ad8d8be96f4573b9b3b1ef94e788fff08f57033016f187c2d7d4fa95458d1926
,,,冗余三元组,9.0,16.0,包含,extraction,b4bd027f5bb5c31009aab6062273c66b5d98cc36d6e28a0f62391bd0045dd2bd
,,,冗余三元组,3.0,11.0,是,extraction,50e282008fdda86810f048e213c9dbd0e2f5df0a5efb5176f11c1f5844f7c83a
,,,冗余三元组,5.0,59.0,是,extraction,8117b4dc68ddf4093480012c3282a38fd093fcf169e9c5ee6a711a0ba692c666
,,,冗余三元组,18.0,59.0,是,extraction,c5c9a9584680fe9f1466df4afb358f2b52741db286c7ee58cfac843bb582c597
,,,冗余三元组,7.0,37.0,是,extraction,b677acb9754aa12371f933788edb5497d7a3e714a706d1968813418a6dee73ed
,,,冗余三元组,9.0,20.0,服务事项,extraction,4db5743fbe8aaa439efa5c61c34d8c457ba837a24e6032d56fb7f1b632524031
,,,冗余三元组,11.0,9.0,权力类型,extraction,2c1c88acab62420824c092d4fa6632ca9b0bfffd2d1ca0586870856ec5f1ae16
,,,冗余三元组,17.0,9.0,行驶主体,extraction,d54539feac3abff9bf6d808d8e1d44846783f513b7f8b8090b5f30e96d1f416b
,,,冗余三元组,17.0,9.0,承办机构,extraction,4dc0f425f921a8129b2c20728d78db66682a5e5c281a11d2bc3694a1c4fd86ba
,,,冗余三元组,22.0,9.0,实施依据,extraction,9373ba201a4c801d670d95bae72e5682f347f4d7fcaac421ed63434545887485
,,,冗余三元组,1.0,9.0,包含,extraction,651a82410787ca89f5e3eb203fb512f9ebe2934c326d3f3b935a02fdb29102c8
,,,冗余三元组,9.0,58.0,包含,extraction,179b29517f3de67c7be95a2cc37a3dea771d50f0d98ecc20d7fca6948efadfa4
,,,冗余三元组,3.0,11.0,是,extraction,50e282008fdda86810f048e213c9dbd0e2f5df0a5efb5176f11c1f5844f7c83a
,,,冗余三元组,5.0,17.0,是,extraction,7f07a66f4ec01d1e3a8f39dcf819db630fa1fa37e1a5fd78944e7c734d978235
,,,冗余三元组,18.0,17.0,是,extraction,64e28edcbe2a10b8014b06111cbbcc792d80ddf83b6df5ce5549c03486107411
,,,冗余三元组,7.0,37.0,是,extraction,b677acb9754aa12371f933788edb5497d7a3e714a706d1968813418a6dee73ed
,,,冗余三元组,9.0,20.0,包含,extraction,19d96fb5b6240374b24a218ff4bf91e7ee8acbf9da30fd4193b30ee231c7a8f0
,,,冗余三元组,3.0,11.0,是,extraction,50e282008fdda86810f048e213c9dbd0e2f5df0a5efb5176f11c1f5844f7c83a
,,,冗余三元组,5.0,55.0,是,extraction,4cfd7487d3952e8616c9ddf32e139510806c8c03960f2e41fc1f8a497ae98170
,,,冗余三元组,18.0,55.0,是,extraction,0b564873a65e10aeb7fc84f33955aa7ea08cd3bdebad158d5c28f35d5e385bc4
,,,冗余三元组,7.0,37.0,是,extraction,b677acb9754aa12371f933788edb5497d7a3e714a706d1968813418a6dee73ed
,,,冗余三元组,9.0,58.0,包含,extraction,179b29517f3de67c7be95a2cc37a3dea771d50f0d98ecc20d7fca6948efadfa4
,,,冗余三元组,3.0,11.0,是,extraction,50e282008fdda86810f048e213c9dbd0e2f5df0a5efb5176f11c1f5844f7c83a
,,,冗余三元组,5.0,59.0,是,extraction,8117b4dc68ddf4093480012c3282a38fd093fcf169e9c5ee6a711a0ba692c666
,,,冗余三元组,18.0,59.0,是,extraction,c5c9a9584680fe9f1466df4afb358f2b52741db286c7ee58cfac843bb582c597
,,,冗余三元组,7.0,32.0,是,extraction,073f036e35642723f2166a01b5dd7ed651e8e12d4b157faa68c7de45faec6092
,,,冗余三元组,1.0,9.0,是,extraction,624decab269d81f72460ba79cb9b58e5e6bce7f6f9d148cad81c37f422422924
,,,冗余三元组,3.0,11.0,是,extraction,50e282008fdda86810f048e213c9dbd0e2f5df0a5efb5176f11c1f5844f7c83a
,,,冗余三元组,5.0,55.0,是,extraction,4cfd7487d3952e8616c9ddf32e139510806c8c03960f2e41fc1f8a497ae98170
,,,冗余三元组,18.0,55.0,是,extraction,0b564873a65e10aeb7fc84f33955aa7ea08cd3bdebad158d5c28f35d5e385bc4
,,,冗余三元组,7.0,52.0,是,extraction,837d09041764b0ea4c3ce5d960ec2ebb42393afe2e16ea5c0d2600f5c2eb5bf0
,,,冗余三元组,1.0,9.0,包括,extraction,faf0ce8191eacfaa2463c2b297349347b524dc6e45d27869dd8175629020d62c
,,,冗余三元组,9.0,60.0,包含,extraction,42f7b6bf2aa142920f49ca3fce4e6bf1b048e93d00c761a151867baf731e7bd2
,,,冗余三元组,3.0,11.0,是,extraction,50e282008fdda86810f048e213c9dbd0e2f5df0a5efb5176f11c1f5844f7c83a
,,,冗余三元组,5.0,36.0,是,extraction,c71360788330970e9271c94692c552bea317a6f243c833496857e49d68ae2bdc
,,,冗余三元组,18.0,36.0,是,extraction,763917cc0d41b529306a915c2eca7b390f263ce8daa97f08f8d707a9c88ef22a
,,,冗余三元组,7.0,39.0,是,extraction,7af661cc823147f676b7839123ee9f6367bff42ed12db054d47907b23e6ea4d4
,,,冗余三元组,1.0,41.0,包括,extraction,ee1394a800f07d8331b9bf646933ccaacd401bffe877cf6d5822526a4348b5e3
,,,冗余三元组,3.0,4.0,是,extraction,d08580506622eb3b009abbcab184c7d6527dc171bbca042f5d2132b53eb48841
,,,冗余三元组,5.0,67.0,是,extraction,b1c0cfae9dbb469a051d1a074272cf12461a87bb2bd4c9fbc1c9ed646b871062
,,,冗余三元组,18.0,67.0,是,extraction,b1abd2a904cf4f612cf500593734a7934d92ea6069a419efe1632a2243cc8bf4
,,,冗余三元组,7.0,90.0,是,extraction,ac268e58a8ec5dded08f4e1b1d6146256d809b0439fc155c0aec3554f8ce1595
,,,冗余三元组,11.0,9.0,权力类型,extraction,2c1c88acab62420824c092d4fa6632ca9b0bfffd2d1ca0586870856ec5f1ae16
,,,冗余三元组,40.0,9.0,行驶主体,extraction,a3effed45629a84a565ceaff7dd6912892f2849e1d37742284d94d7d15cf880b
,,,冗余三元组,40.0,9.0,承办机构,extraction,bd97ee476c8d7cb569fd8bc61da23f82c4f0fc26105bf4f52b23162933300e98
,,,冗余三元组,19.0,9.0,实施依据,extraction,13be8d2b8063386989168eb1289ba9fd91ef75a9389fe6d42235d3a722dcf184
,,,冗余三元组,1.0,9.0,包括,extraction,faf0ce8191eacfaa2463c2b297349347b524dc6e45d27869dd8175629020d62c
,,,冗余三元组,9.0,85.0,涉及,extraction,19435288cbab1e719b87c8fc351357a9015c76eca30e530c6237095ed1b6dfbb
,,,冗余三元组,3.0,11.0,是,extraction,50e282008fdda86810f048e213c9dbd0e2f5df0a5efb5176f11c1f5844f7c83a
,,,冗余三元组,5.0,17.0,是,extraction,7f07a66f4ec01d1e3a8f39dcf819db630fa1fa37e1a5fd78944e7c734d978235
,,,冗余三元组,18.0,17.0,是,extraction,64e28edcbe2a10b8014b06111cbbcc792d80ddf83b6df5ce5549c03486107411
,,,冗余三元组,7.0,52.0,是,extraction,837d09041764b0ea4c3ce5d960ec2ebb42393afe2e16ea5c0d2600f5c2eb5bf0
,,,冗余三元组,9.0,85.0,服务事项,extraction,1d28a5414ebb49b2149f491c9d25b43d99ea2cbfd450b07020d3fca062daa9a8
,,,冗余三元组,11.0,9.0,权力类型,extraction,2c1c88acab62420824c092d4fa6632ca9b0bfffd2d1ca0586870856ec5f1ae16
,,,冗余三元组,24.0,9.0,行驶主体,extraction,90a9fdac5ebef5a610edf20f99b4733fd9a0d155492c0c192a46ef1bbaac0331
,,,冗余三元组,24.0,9.0,承办机构,extraction,c20f9f12bcd7f579d07afbab9de42fa29760431e0e85ee0a80cc210217206cee
,,,冗余三元组,9.0,37.0,实施依据,extraction,9a96d27ac4525aa81a0801fc94ddf37e9413b7eaf7433948ad0a9766541e3ef4
,,,冗余三元组,9.0,35.0,服务事项,extraction,144c3f8daa59c283978fe847f0f3409435132f16c61fa617266d5d4ac94ef461
,,,冗余三元组,11.0,9.0,权力类型,extraction,2c1c88acab62420824c092d4fa6632ca9b0bfffd2d1ca0586870856ec5f1ae16
,,,冗余三元组,94.0,9.0,行驶主体,extraction,6b95c87132e4ec346c975714cf2e96c15c17e4f1818fdc41d06b784e51989bd9
,,,冗余三元组,94.0,9.0,承办机构,extraction,223f2c3f19904745b14fb423eb2051d818c339c1821fdbed03cd3bc88286f568
,,,冗余三元组,19.0,9.0,实施依据,extraction,13be8d2b8063386989168eb1289ba9fd91ef75a9389fe6d42235d3a722dcf184
,,,冗余三元组,1.0,150.0,包括,extraction,fa618972db9286a1846e0fead363f130874827007d4b4718655635f17f2c3747
,,,冗余三元组,3.0,4.0,是,extraction,d08580506622eb3b009abbcab184c7d6527dc171bbca042f5d2132b53eb48841
,,,冗余三元组,5.0,105.0,是,extraction,5a9a23190acee263c25bc767cb804efc21b7518d0bb6b1725a8fb53c68455350
,,,冗余三元组,18.0,84.0,是,extraction,819d21228545a7a20ed791a17812f07922fd5447dd72e468d65208626e9585b5
,,,冗余三元组,7.0,68.0,是,extraction,e9cb5728a32b0882cf83f91662fae962c94a75cae280a9163e48c1b9c79de321
,,,冗余三元组,1.0,136.0,包括,extraction,7b7ad10a7751c43016bc9a855bdb5994c9e807f7b847e58599f59dbad0ad961c
,,,冗余三元组,3.0,4.0,是,extraction,d08580506622eb3b009abbcab184c7d6527dc171bbca042f5d2132b53eb48841
,,,冗余三元组,5.0,78.0,是,extraction,e46407c483d4eab28a43248dca5cf4f08c6c495d76c226e37a8b88537192a2b8
,,,冗余三元组,18.0,78.0,是,extraction,cc63f6e6429ee02156176c7eb0c688458041838a597335b19266372dfccae656
,,,冗余三元组,1.0,9.0,是,extraction,624decab269d81f72460ba79cb9b58e5e6bce7f6f9d148cad81c37f422422924
,,,冗余三元组,9.0,103.0,涉及,extraction,57d85089f335cf57dcaee1331efc652cc84a61342db67076d4e26001c38f97b3
,,,冗余三元组,3.0,11.0,是,extraction,50e282008fdda86810f048e213c9dbd0e2f5df0a5efb5176f11c1f5844f7c83a
,,,冗余三元组,5.0,34.0,是,extraction,b7ccd1f45a95923d796ee92ca6942743da3195e27df18f974cf96b23ad3bdee0
,,,冗余三元组,18.0,34.0,是,extraction,ff1e933d5261241bef0fea2b84067f048ac6f4995720d8766a2256c92ae8aeb3
,,,冗余三元组,7.0,15.0,是,extraction,78a5d87757a5308ac26e4fe80879ba6042490f842d45a3c0ccd86cb8e54cc9ef
,,,冗余三元组,1.0,9.0,包括,extraction,faf0ce8191eacfaa2463c2b297349347b524dc6e45d27869dd8175629020d62c
,,,冗余三元组,9.0,25.0,涉及,extraction,78702f72f61bc98548eecb5eaa17caa7242237d3df09017c8cca03183453005f
,,,冗余三元组,3.0,11.0,是,extraction,50e282008fdda86810f048e213c9dbd0e2f5df0a5efb5176f11c1f5844f7c83a
,,,冗余三元组,5.0,12.0,是,extraction,35a18cae718128eedc48777ca1e2e9b3abc4bdbbe1d0e435067e3c5dbdca3f63
,,,冗余三元组,18.0,12.0,是,extraction,5448f053cd45bad2812e4f9fc84f717ff959c7d0d40275906f59a45121b869e6
,,,冗余三元组,9.0,33.0,服务事项,extraction,f8ece3819bc42811ed0164398e7e7dafa6a7a0dc5480d525c06016c842cf8e20
,,,冗余三元组,11.0,9.0,权力类型,extraction,2c1c88acab62420824c092d4fa6632ca9b0bfffd2d1ca0586870856ec5f1ae16
,,,冗余三元组,36.0,9.0,行驶主体,extraction,2bb141e373fa3a9f858b722e3fce3c75c30c0951a31507e53eabe2956f0ca6c9
,,,冗余三元组,36.0,9.0,承办机构,extraction,03e8353bf4bdf2d1d8ca727cf1c3d89475ad02d01821c90d8c21326161a8b80a
,,,冗余三元组,15.0,9.0,实施依据,extraction,30065e9335f48a6d2ea7d266e3745a8fee23677a17aec17c94145f996cf846b4
,,,冗余三元组,9.0,20.0,服务事项,extraction,4db5743fbe8aaa439efa5c61c34d8c457ba837a24e6032d56fb7f1b632524031
,,,冗余三元组,11.0,9.0,权力类型,extraction,2c1c88acab62420824c092d4fa6632ca9b0bfffd2d1ca0586870856ec5f1ae16
,,,冗余三元组,17.0,9.0,行驶主体,extraction,d54539feac3abff9bf6d808d8e1d44846783f513b7f8b8090b5f30e96d1f416b
,,,冗余三元组,17.0,9.0,承办机构,extraction,4dc0f425f921a8129b2c20728d78db66682a5e5c281a11d2bc3694a1c4fd86ba
,,,冗余三元组,113.0,9.0,实施依据,extraction,ce7250ee64fa07cd0888de5d0a7d297ae97df1ffb12a28a60887d0d7e04f624e
,,,冗余三元组,9.0,46.0,涉及,extraction,88296d87c8772de1f62481cd05298c2233cc8547e68abf531889d01e493a08cc
,,,冗余三元组,3.0,11.0,是,extraction,50e282008fdda86810f048e213c9dbd0e2f5df0a5efb5176f11c1f5844f7c83a
,,,冗余三元组,5.0,72.0,是,extraction,3193458bfcf47922b1d51aadb67f0f6b05d7b6fb22371da712ccefd4020951ec
,,,冗余三元组,18.0,72.0,是,extraction,c794a8e2cd19d975feb25749b2782d3cabac1ee76b6a00c05ac964d38c018d95
,,,冗余三元组,7.0,15.0,是,extraction,78a5d87757a5308ac26e4fe80879ba6042490f842d45a3c0ccd86cb8e54cc9ef
,,,冗余三元组,9.0,53.0,服务事项,extraction,13a6e6d7bdec166b49d436588fa564e96d53aaab605b08d4cd9e79e03cf43177
,,,冗余三元组,3.0,11.0,是,extraction,50e282008fdda86810f048e213c9dbd0e2f5df0a5efb5176f11c1f5844f7c83a
,,,冗余三元组,5.0,72.0,是,extraction,3193458bfcf47922b1d51aadb67f0f6b05d7b6fb22371da712ccefd4020951ec
,,,冗余三元组,18.0,72.0,是,extraction,c794a8e2cd19d975feb25749b2782d3cabac1ee76b6a00c05ac964d38c018d95
,,,冗余三元组,7.0,39.0,是,extraction,7af661cc823147f676b7839123ee9f6367bff42ed12db054d47907b23e6ea4d4
,,,冗余三元组,1.0,9.0,包括,extraction,faf0ce8191eacfaa2463c2b297349347b524dc6e45d27869dd8175629020d62c
,,,冗余三元组,9.0,20.0,包含,extraction,19d96fb5b6240374b24a218ff4bf91e7ee8acbf9da30fd4193b30ee231c7a8f0
,,,冗余三元组,3.0,11.0,是,extraction,50e282008fdda86810f048e213c9dbd0e2f5df0a5efb5176f11c1f5844f7c83a
,,,冗余三元组,5.0,51.0,是,extraction,e2bf527310e351c009c5a9f48f941ad800bae5907f134cda086b77d5bcc332c8
,,,冗余三元组,18.0,51.0,是,extraction,a92cb4c88051854c8fca70a4fb2364d2b00da7188f1ea5f0ff12249d1cb98d17
,,,冗余三元组,7.0,37.0,是,extraction,b677acb9754aa12371f933788edb5497d7a3e714a706d1968813418a6dee73ed
,,,冗余三元组,147.0,148.0,是,extraction,108354cddb94ac7a5515b4fcb32d0d205cc943bb54bc7bd8cc3a8a766760eac8
,,,冗余三元组,9.0,16.0,包含事项,extraction,25f0d8b83661026b5b5a31ff652d24e03d40f972ae81ffd1f79c7d03833e4ab1
,,,冗余三元组,3.0,11.0,是,extraction,50e282008fdda86810f048e213c9dbd0e2f5df0a5efb5176f11c1f5844f7c83a
,,,冗余三元组,5.0,94.0,是,extraction,ee4f01b8cd6860d9706fc3d8915740df5f4bcd9fb38433e999846d6e6b64a544
,,,冗余三元组,18.0,94.0,是,extraction,3142c19af9375761de87e22130c05235eef52f9a842b3d5e204357dfb8c6d1b0
,,,冗余三元组,7.0,22.0,是,extraction,197084ef0cc4cdfd4564ae30861c99b3397285c69dc9d2aed17542b14e877968
,,,冗余三元组,9.0,87.0,服务事项,extraction,01fae2c6203d987572e6298e2ab5686f9831d11e43392585df349bf3a09fbe22
,,,冗余三元组,11.0,9.0,权力类型,extraction,2c1c88acab62420824c092d4fa6632ca9b0bfffd2d1ca0586870856ec5f1ae16
,,,冗余三元组,12.0,9.0,行驶主体,extraction,3ff53e6fd9c4c8777d8bcdb901c679075356d4898cf3e5c953cf8e27171f8769
,,,冗余三元组,12.0,9.0,承办机构,extraction,c8145c60506466db53528df95e91fa6ba3e67ced241d312631beec33e43c8e1b
,,,冗余三元组,54.0,9.0,实施依据,extraction,1a88ea9d7a13c9ee4f43336f5651bc40ee81855da6b3245def41c37fbb3dbb48
,,,冗余三元组,3.0,11.0,是,extraction,50e282008fdda86810f048e213c9dbd0e2f5df0a5efb5176f11c1f5844f7c83a
,,,冗余三元组,5.0,24.0,是,extraction,a45c285399e79f71b53d56a3e3f57b9730d4444107e0584b5a841b34e5f55b95
,,,冗余三元组,1.0,41.0,包括,extraction,ee1394a800f07d8331b9bf646933ccaacd401bffe877cf6d5822526a4348b5e3
,,,冗余三元组,11.0,9.0,权力类型,extraction,2c1c88acab62420824c092d4fa6632ca9b0bfffd2d1ca0586870856ec5f1ae16
,,,冗余三元组,40.0,9.0,行驶主体,extraction,a3effed45629a84a565ceaff7dd6912892f2849e1d37742284d94d7d15cf880b
,,,冗余三元组,40.0,9.0,承办机构,extraction,bd97ee476c8d7cb569fd8bc61da23f82c4f0fc26105bf4f52b23162933300e98
,,,冗余三元组,54.0,9.0,实施依据,extraction,1a88ea9d7a13c9ee4f43336f5651bc40ee81855da6b3245def41c37fbb3dbb48
,,,冗余三元组,9.0,58.0,包含,extraction,179b29517f3de67c7be95a2cc37a3dea771d50f0d98ecc20d7fca6948efadfa4
,,,冗余三元组,3.0,11.0,是,extraction,50e282008fdda86810f048e213c9dbd0e2f5df0a5efb5176f11c1f5844f7c83a
,,,冗余三元组,5.0,94.0,是,extraction,ee4f01b8cd6860d9706fc3d8915740df5f4bcd9fb38433e999846d6e6b64a544
,,,冗余三元组,18.0,94.0,是,extraction,3142c19af9375761de87e22130c05235eef52f9a842b3d5e204357dfb8c6d1b0
,,,冗余三元组,7.0,77.0,是,extraction,bb10b8e785712bb1f818c31459d6128acd9bf2a72b634bdd17e27b1886f98f66
,,,冗余三元组,9.0,58.0,包含,extraction,179b29517f3de67c7be95a2cc37a3dea771d50f0d98ecc20d7fca6948efadfa4
,,,冗余三元组,3.0,11.0,是,extraction,50e282008fdda86810f048e213c9dbd0e2f5df0a5efb5176f11c1f5844f7c83a
,,,冗余三元组,7.0,54.0,是,extraction,c8ae73e9f17b71b5a3a1abb3e9657a041d2f51a99bca64780fc95ced120ebd74
,,,冗余三元组,9.0,106.0,涉及,extraction,e953cda27fa5b7ce2472d37f26d62501fed6964e77c5a7106b1a3f52dbaa1db4
,,,冗余三元组,3.0,11.0,是,extraction,50e282008fdda86810f048e213c9dbd0e2f5df0a5efb5176f11c1f5844f7c83a
,,,冗余三元组,5.0,24.0,是,extraction,a45c285399e79f71b53d56a3e3f57b9730d4444107e0584b5a841b34e5f55b95
,,,冗余三元组,18.0,24.0,是,extraction,88cf080e4f34e6525ff5c6a4eb66b3306184d2efaab2e6b1834686bbd9c5678a
,,,冗余三元组,7.0,13.0,是,extraction,8492960f1bc3d93d88011d3dd04d0e5ea635c6431041eee20154964cb6e6123b
,,,冗余三元组,9.0,134.0,服务事项,extraction,799407b5d3c598ff8c09e2c0fea4d5612c59415116cc5bfc54200bc62526c096
,,,冗余三元组,3.0,11.0,是,extraction,50e282008fdda86810f048e213c9dbd0e2f5df0a5efb5176f11c1f5844f7c83a
,,,冗余三元组,5.0,26.0,是,extraction,4072f57383ef693458d3eef57ef37ae1bbae2b003ec7bc05d3d07a737a272b53
,,,冗余三元组,7.0,75.0,是,extraction,967bc50505fd1a44b23df820764b0ccbb4476ad6d7f62cfe2fb966ef7ddfec2f
,,,冗余三元组,1.0,55.0,监管,extraction,b4f73a08303d2b69a4c5f7ec3f22eb35581b785b2731c53253765eebcc5f7523
,,,冗余三元组,3.0,11.0,是,extraction,50e282008fdda86810f048e213c9dbd0e2f5df0a5efb5176f11c1f5844f7c83a
,,,冗余三元组,5.0,71.0,是,extraction,02f5326b2d7f426afb4abac47889062e5793572f7f72ebad750bce697776af71
,,,冗余三元组,18.0,94.0,是,extraction,3142c19af9375761de87e22130c05235eef52f9a842b3d5e204357dfb8c6d1b0
,,,冗余三元组,7.0,39.0,是,extraction,7af661cc823147f676b7839123ee9f6367bff42ed12db054d47907b23e6ea4d4
,,,冗余三元组,5.0,59.0,是,extraction,8117b4dc68ddf4093480012c3282a38fd093fcf169e9c5ee6a711a0ba692c666
,,,冗余三元组,18.0,59.0,是,extraction,c5c9a9584680fe9f1466df4afb358f2b52741db286c7ee58cfac843bb582c597
,,,冗余三元组,9.0,76.0,包含,extraction,867d777112a32bf1025e1d7a3c2b8c463d79f71c7b4c4839546d443f2fa44665
,,,冗余三元组,3.0,11.0,是,extraction,50e282008fdda86810f048e213c9dbd0e2f5df0a5efb5176f11c1f5844f7c83a
,,,冗余三元组,5.0,12.0,是,extraction,35a18cae718128eedc48777ca1e2e9b3abc4bdbbe1d0e435067e3c5dbdca3f63
,,,冗余三元组,18.0,12.0,是,extraction,5448f053cd45bad2812e4f9fc84f717ff959c7d0d40275906f59a45121b869e6
,,,冗余三元组,7.0,27.0,是,extraction,bbec78b3a1b60a712cedd4646e2dac85ab1c2c87f823dec552775d9b40fa2e92
,,,冗余三元组,1.0,41.0,包括,extraction,ee1394a800f07d8331b9bf646933ccaacd401bffe877cf6d5822526a4348b5e3
,,,冗余三元组,3.0,4.0,是,extraction,d08580506622eb3b009abbcab184c7d6527dc171bbca042f5d2132b53eb48841
,,,冗余三元组,5.0,49.0,是,extraction,5a422091bd436f6ff75c3dee0d0c1dc08cafd19299121ca73ce59f34f42a839e
,,,冗余三元组,18.0,49.0,是,extraction,3275a807305e60ac35d36236775ad5af407bb5191652b68ba8009da6f003c465
,,,冗余三元组,7.0,95.0,是,extraction,1cd02fbe297e0d51ec3941cffe0149cd4c6453d3bebe7fc1dbad0f928614ed5b
,,,冗余三元组,1.0,9.0,包括,extraction,faf0ce8191eacfaa2463c2b297349347b524dc6e45d27869dd8175629020d62c
,,,冗余三元组,9.0,85.0,涉及,extraction,19435288cbab1e719b87c8fc351357a9015c76eca30e530c6237095ed1b6dfbb
,,,冗余三元组,3.0,11.0,是,extraction,50e282008fdda86810f048e213c9dbd0e2f5df0a5efb5176f11c1f5844f7c83a
,,,冗余三元组,5.0,26.0,是,extraction,4072f57383ef693458d3eef57ef37ae1bbae2b003ec7bc05d3d07a737a272b53
,,,冗余三元组,7.0,37.0,是,extraction,b677acb9754aa12371f933788edb5497d7a3e714a706d1968813418a6dee73ed
,,,冗余三元组,1.0,69.0,包括,extraction,63822bd0da36baa9841444087198ac28a8ed919bc75d63d42db85bb3684483b4
,,,冗余三元组,3.0,4.0,是,extraction,d08580506622eb3b009abbcab184c7d6527dc171bbca042f5d2132b53eb48841
,,,冗余三元组,5.0,67.0,是,extraction,b1c0cfae9dbb469a051d1a074272cf12461a87bb2bd4c9fbc1c9ed646b871062
,,,冗余三元组,18.0,67.0,是,extraction,b1abd2a904cf4f612cf500593734a7934d92ea6069a419efe1632a2243cc8bf4
,,,冗余三元组,7.0,43.0,是,extraction,4c4490cf17df9d62dc2be26a210688e1ec07644d4fee160bc0991d1a1f3fd1d2
,,,冗余三元组,9.0,14.0,服务事项,extraction,8c67790894ee065607e7a9d28146d23d05637bc291ef650450fef1f13a130ac0
,,,冗余三元组,3.0,11.0,是,extraction,50e282008fdda86810f048e213c9dbd0e2f5df0a5efb5176f11c1f5844f7c83a
,,,冗余三元组,5.0,40.0,是,extraction,8292870b1b4c3c8f94d162cf2bb4323709f6ba64b0a6be958c56bc833404b8db
,,,冗余三元组,18.0,40.0,是,extraction,a5de43bfc641f5fc0624d49940a88d734691a195da04e3f6a79945ebcd7d032a
,,,冗余三元组,7.0,37.0,是,extraction,b677acb9754aa12371f933788edb5497d7a3e714a706d1968813418a6dee73ed
,,,冗余三元组,9.0,25.0,包含,extraction,3710856e6cb1f33981ac68f89c627d0b3d11e736c263602e31ca141c038f5bc1
,,,冗余三元组,3.0,11.0,是,extraction,50e282008fdda86810f048e213c9dbd0e2f5df0a5efb5176f11c1f5844f7c83a
,,,冗余三元组,5.0,59.0,是,extraction,8117b4dc68ddf4093480012c3282a38fd093fcf169e9c5ee6a711a0ba692c666
,,,冗余三元组,18.0,59.0,是,extraction,c5c9a9584680fe9f1466df4afb358f2b52741db286c7ee58cfac843bb582c597
,,,冗余三元组,7.0,32.0,是,extraction,073f036e35642723f2166a01b5dd7ed651e8e12d4b157faa68c7de45faec6092
,,,冗余三元组,1.0,9.0,包括,extraction,faf0ce8191eacfaa2463c2b297349347b524dc6e45d27869dd8175629020d62c
,,,冗余三元组,9.0,123.0,涉及问题,extraction,edea0eb663b2051814bb87d182a7a5aea98761d8ce266dcc47871904a9a51418
,,,冗余三元组,3.0,11.0,是,extraction,50e282008fdda86810f048e213c9dbd0e2f5df0a5efb5176f11c1f5844f7c83a
,,,冗余三元组,5.0,55.0,是,extraction,4cfd7487d3952e8616c9ddf32e139510806c8c03960f2e41fc1f8a497ae98170
,,,冗余三元组,18.0,55.0,是,extraction,0b564873a65e10aeb7fc84f33955aa7ea08cd3bdebad158d5c28f35d5e385bc4
,,,冗余三元组,7.0,13.0,是,extraction,8492960f1bc3d93d88011d3dd04d0e5ea635c6431041eee20154964cb6e6123b
,,,冗余三元组,9.0,10.0,服务事项,extraction,094430bd0583679b540a313ff8562bed14c377b3114320d5074a7c7d4240bdf0
,,,冗余三元组,11.0,9.0,权力类型,extraction,2c1c88acab62420824c092d4fa6632ca9b0bfffd2d1ca0586870856ec5f1ae16
,,,冗余三元组,94.0,9.0,行驶主体,extraction,6b95c87132e4ec346c975714cf2e96c15c17e4f1818fdc41d06b784e51989bd9
,,,冗余三元组,94.0,9.0,承办机构,extraction,223f2c3f19904745b14fb423eb2051d818c339c1821fdbed03cd3bc88286f568
,,,冗余三元组,113.0,9.0,实施依据,extraction,ce7250ee64fa07cd0888de5d0a7d297ae97df1ffb12a28a60887d0d7e04f624e
,,,冗余三元组,1.0,9.0,包括,extraction,faf0ce8191eacfaa2463c2b297349347b524dc6e45d27869dd8175629020d62c
,,,冗余三元组,9.0,53.0,涉及,extraction,64506e9449b231817f84573e75e681ec5593d3a1f17cad2a3a21741e04bd3cb5
,,,冗余三元组,3.0,11.0,是,extraction,50e282008fdda86810f048e213c9dbd0e2f5df0a5efb5176f11c1f5844f7c83a
,,,冗余三元组,5.0,51.0,是,extraction,e2bf527310e351c009c5a9f48f941ad800bae5907f134cda086b77d5bcc332c8
,,,冗余三元组,18.0,51.0,是,extraction,a92cb4c88051854c8fca70a4fb2364d2b00da7188f1ea5f0ff12249d1cb98d17
,,,冗余三元组,7.0,75.0,是,extraction,967bc50505fd1a44b23df820764b0ccbb4476ad6d7f62cfe2fb966ef7ddfec2f
,,,冗余三元组,1.0,9.0,包括,extraction,faf0ce8191eacfaa2463c2b297349347b524dc6e45d27869dd8175629020d62c
,,,冗余三元组,9.0,85.0,涉及,extraction,19435288cbab1e719b87c8fc351357a9015c76eca30e530c6237095ed1b6dfbb
,,,冗余三元组,3.0,11.0,是,extraction,50e282008fdda86810f048e213c9dbd0e2f5df0a5efb5176f11c1f5844f7c83a
,,,冗余三元组,5.0,26.0,是,extraction,4072f57383ef693458d3eef57ef37ae1bbae2b003ec7bc05d3d07a737a272b53
,,,冗余三元组,7.0,32.0,是,extraction,073f036e35642723f2166a01b5dd7ed651e8e12d4b157faa68c7de45faec6092
,,,冗余三元组,9.0,112.0,服务事项,extraction,1c723f4c840d61029493870780afd52b6f79a87126f71ef2050b209d8ac25981
,,,冗余三元组,11.0,9.0,权力类型,extraction,2c1c88acab62420824c092d4fa6632ca9b0bfffd2d1ca0586870856ec5f1ae16
,,,冗余三元组,40.0,9.0,行驶主体,extraction,a3effed45629a84a565ceaff7dd6912892f2849e1d37742284d94d7d15cf880b
,,,冗余三元组,40.0,9.0,承办机构,extraction,bd97ee476c8d7cb569fd8bc61da23f82c4f0fc26105bf4f52b23162933300e98
,,,冗余三元组,9.0,27.0,实施依据,extraction,bac2923c8d2f799ade2a56a22117446937fb4095be67912c7fe84b0b83cc7658
,,,冗余三元组,9.0,123.0,服务事项,extraction,4b7582e1086b6cdae9333c5a9e1ecf8b9713bedb88d994403be45ab9e5c44173
,,,冗余三元组,11.0,9.0,权力类型,extraction,2c1c88acab62420824c092d4fa6632ca9b0bfffd2d1ca0586870856ec5f1ae16
,,,冗余三元组,24.0,9.0,行驶主体,extraction,90a9fdac5ebef5a610edf20f99b4733fd9a0d155492c0c192a46ef1bbaac0331
,,,冗余三元组,24.0,9.0,承办机构,extraction,c20f9f12bcd7f579d07afbab9de42fa29760431e0e85ee0a80cc210217206cee
,,,冗余三元组,32.0,9.0,实施依据,extraction,56a4d7a974b09a5a997810d4abd09c9272903966a555d6ada886f6dc66065e11
,,,冗余三元组,1.0,9.0,包括,extraction,faf0ce8191eacfaa2463c2b297349347b524dc6e45d27869dd8175629020d62c
,,,冗余三元组,9.0,134.0,涉及问题,extraction,41fdc962e1493f611c11cd23aaf149ec91738c1a871e22ab831dad1bf67c87c7
,,,冗余三元组,3.0,11.0,是,extraction,50e282008fdda86810f048e213c9dbd0e2f5df0a5efb5176f11c1f5844f7c83a
,,,冗余三元组,5.0,51.0,是,extraction,e2bf527310e351c009c5a9f48f941ad800bae5907f134cda086b77d5bcc332c8
,,,冗余三元组,7.0,77.0,来自,extraction,9583238568172e6e0620113b86070d564c9447abbf54cdd6626cd14cf06073f0
,,,冗余三元组,79.0,107.0,是,extraction,98daf5818126b6dcefbb8f5a4996e4ff22c2d4fe6b1d60c466d98c333eccc0af
,,,冗余三元组,9.0,35.0,服务事项,extraction,144c3f8daa59c283978fe847f0f3409435132f16c61fa617266d5d4ac94ef461
,,,冗余三元组,11.0,9.0,权力类型,extraction,2c1c88acab62420824c092d4fa6632ca9b0bfffd2d1ca0586870856ec5f1ae16
,,,冗余三元组,40.0,9.0,行驶主体,extraction,a3effed45629a84a565ceaff7dd6912892f2849e1d37742284d94d7d15cf880b
,,,冗余三元组,40.0,9.0,承办机构,extraction,bd97ee476c8d7cb569fd8bc61da23f82c4f0fc26105bf4f52b23162933300e98
,,,冗余三元组,9.0,22.0,实施依据,extraction,50cb666f2386eb540c17e3e2a65195f4f99203f560f5dc38b2422bf353a2742d
,,,冗余三元组,9.0,91.0,服务事项,extraction,a480ef8a1bc2c2a765033e73b41fff3498c2197a9e3fa9acd79110eb0089fc6c
,,,冗余三元组,11.0,9.0,权力类型,extraction,2c1c88acab62420824c092d4fa6632ca9b0bfffd2d1ca0586870856ec5f1ae16
,,,冗余三元组,72.0,9.0,行驶主体,extraction,bfe0d1396d26f496af577568ce721d20768d448deeb29681f4fe9d70cc8549a8
,,,冗余三元组,72.0,9.0,承办机构,extraction,8827629fd91263d29b18b6df9b767f63d89e344f34a87ffd653b62e77346156c
,,,冗余三元组,75.0,9.0,实施依据,extraction,9ead762c4ca7d5fa2a3ab289f4157e069ea890cea99e3c529dbbc4b766780759
,,,冗余三元组,3.0,4.0,是,extraction,d08580506622eb3b009abbcab184c7d6527dc171bbca042f5d2132b53eb48841
,,,冗余三元组,7.0,101.0,是,extraction,ad8d8be96f4573b9b3b1ef94e788fff08f57033016f187c2d7d4fa95458d1926
,,,冗余三元组,1.0,115.0,指导,extraction,09e464d141e4ec1387f649e1d74f71059a3fa37b91ff819d2f7fc5c71815a9ec
,,,冗余三元组,3.0,11.0,是,extraction,50e282008fdda86810f048e213c9dbd0e2f5df0a5efb5176f11c1f5844f7c83a
,,,冗余三元组,5.0,116.0,是,extraction,a180f43bb9376f0dadbff129dc98b4571e55ee9b17695dc94c639f2f06116156
,,,冗余三元组,18.0,30.0,是,extraction,390da1d934e648f99cce08ddf4d9970fc48fb9c0e84d7950994252ba39eda2b2
,,,冗余三元组,7.0,15.0,是,extraction,78a5d87757a5308ac26e4fe80879ba6042490f842d45a3c0ccd86cb8e54cc9ef
,,,冗余三元组,9.0,28.0,服务事项,extraction,e01535c3b904454b0ff179c335d7c29cef5d4411d5722d344749cdfe035cb413
,,,冗余三元组,11.0,9.0,权力类型,extraction,2c1c88acab62420824c092d4fa6632ca9b0bfffd2d1ca0586870856ec5f1ae16
,,,冗余三元组,21.0,9.0,行驶主体,extraction,8720bf216690e0067640ccda2bc1a90b8e1a2f66fe57e1cf90fca56b7f7638c4
,,,冗余三元组,21.0,9.0,承办机构,extraction,f6f3f5a2c0535b46220fb05fa7d9d286c6a7bf3d1296438d2b596460b67fc2fa
,,,冗余三元组,22.0,9.0,实施依据,extraction,9373ba201a4c801d670d95bae72e5682f347f4d7fcaac421ed63434545887485
,,,冗余三元组,9.0,114.0,服务事项,extraction,8d0168df48f7c7d6dd8590d94b2a06ee30e00ea15bae7864c4319c26eff83adf
,,,冗余三元组,11.0,9.0,权力类型,extraction,2c1c88acab62420824c092d4fa6632ca9b0bfffd2d1ca0586870856ec5f1ae16
,,,冗余三元组,34.0,9.0,行驶主体,extraction,81110abc59c52d73421af332681b1e8eba2c85d50ecfe4cfa498d487896674ba
,,,冗余三元组,34.0,9.0,承办机构,extraction,5706c6d8733954b74b89bdbb6dcc48bcd92602153eab56668feaf59e14e413c2
,,,冗余三元组,9.0,13.0,实施依据,extraction,c14343871ebc6c05298b2236c82c2e8337431d852c0efaefa36132dada8a4925
,,,冗余三元组,1.0,9.0,包括,extraction,faf0ce8191eacfaa2463c2b297349347b524dc6e45d27869dd8175629020d62c
,,,冗余三元组,3.0,11.0,是,extraction,50e282008fdda86810f048e213c9dbd0e2f5df0a5efb5176f11c1f5844f7c83a
,,,冗余三元组,5.0,26.0,是,extraction,4072f57383ef693458d3eef57ef37ae1bbae2b003ec7bc05d3d07a737a272b53
,,,冗余三元组,18.0,126.0,是,extraction,2da1e36c099a0ee1796a43757c88e08bed65ed614ac72d1b9783a8e1815696f9
,,,冗余三元组,7.0,22.0,是,extraction,197084ef0cc4cdfd4564ae30861c99b3397285c69dc9d2aed17542b14e877968
,,,冗余三元组,9.0,76.0,包含,extraction,867d777112a32bf1025e1d7a3c2b8c463d79f71c7b4c4839546d443f2fa44665
,,,冗余三元组,3.0,11.0,是,extraction,50e282008fdda86810f048e213c9dbd0e2f5df0a5efb5176f11c1f5844f7c83a
,,,冗余三元组,5.0,36.0,是,extraction,c71360788330970e9271c94692c552bea317a6f243c833496857e49d68ae2bdc
,,,冗余三元组,7.0,77.0,是,extraction,bb10b8e785712bb1f818c31459d6128acd9bf2a72b634bdd17e27b1886f98f66
,,,冗余三元组,11.0,9.0,权力类型,extraction,2c1c88acab62420824c092d4fa6632ca9b0bfffd2d1ca0586870856ec5f1ae16
,,,冗余三元组,94.0,9.0,行驶主体,extraction,6b95c87132e4ec346c975714cf2e96c15c17e4f1818fdc41d06b784e51989bd9
,,,冗余三元组,94.0,9.0,承办机构,extraction,223f2c3f19904745b14fb423eb2051d818c339c1821fdbed03cd3bc88286f568
,,,冗余三元组,9.0,13.0,实施依据,extraction,c14343871ebc6c05298b2236c82c2e8337431d852c0efaefa36132dada8a4925
,,,冗余三元组,1.0,11.0,是,extraction,0fc29e4985451fece34a5a877f3c3212101dceac61aa46d928c0e9af881edf2f
,,,冗余三元组,5.0,31.0,是,extraction,2c6f3bdafc98d932c7f7050f5f175af5a4b04100d90ab9f36f240058f058592e
,,,冗余三元组,18.0,31.0,是,extraction,c9d5ad180bb8d07255831d5e02503978682a333c3a7dc2a9385ddc4bd55c50b6
,,,冗余三元组,1.0,9.0,包括,extraction,faf0ce8191eacfaa2463c2b297349347b524dc6e45d27869dd8175629020d62c
,,,冗余三元组,9.0,23.0,涉及,extraction,0f8720567667650b0fd27706a43d49ac88c1e0e009d6eba7e24cae683e3f894f
,,,冗余三元组,3.0,11.0,是,extraction,50e282008fdda86810f048e213c9dbd0e2f5df0a5efb5176f11c1f5844f7c83a
,,,冗余三元组,7.0,22.0,是,extraction,197084ef0cc4cdfd4564ae30861c99b3397285c69dc9d2aed17542b14e877968
,,,冗余三元组,9.0,10.0,涉及事项,extraction,f42434676d1c3e0b61e924a4a4e1ac76babc04725c08d9eb0a4f100df65b19ff
,,,冗余三元组,3.0,11.0,是,extraction,50e282008fdda86810f048e213c9dbd0e2f5df0a5efb5176f11c1f5844f7c83a
,,,冗余三元组,5.0,24.0,是,extraction,a45c285399e79f71b53d56a3e3f57b9730d4444107e0584b5a841b34e5f55b95
,,,冗余三元组,18.0,24.0,是,extraction,88cf080e4f34e6525ff5c6a4eb66b3306184d2efaab2e6b1834686bbd9c5678a
,,,冗余三元组,7.0,75.0,是,extraction,967bc50505fd1a44b23df820764b0ccbb4476ad6d7f62cfe2fb966ef7ddfec2f
,,,冗余三元组,9.0,74.0,服务事项,extraction,f0d4481859cdbd3734a9602a072a2bbd22e88f546375495f7a60f9780960d1a7
,,,冗余三元组,11.0,9.0,权力类型,extraction,2c1c88acab62420824c092d4fa6632ca9b0bfffd2d1ca0586870856ec5f1ae16
,,,冗余三元组,26.0,9.0,行驶主体,extraction,b7f508c96b7e31d53e42b89bda9c220a63394d3abc2bfb97ead76fe8f0ae7cde
,,,冗余三元组,26.0,9.0,承办机构,extraction,6ba4c93b6c8444c963cac8fb6a734dc4bf582da3e277b397d52ae7c9382ad5c4
,,,冗余三元组,9.0,54.0,实施依据,extraction,7f7f313659ea6e4ec630e479afef070e48983a34e83c370bec34d0e137b91326
,,,冗余三元组,1.0,41.0,包括,extraction,ee1394a800f07d8331b9bf646933ccaacd401bffe877cf6d5822526a4348b5e3
,,,冗余三元组,3.0,4.0,是,extraction,d08580506622eb3b009abbcab184c7d6527dc171bbca042f5d2132b53eb48841
,,,冗余三元组,5.0,67.0,是,extraction,b1c0cfae9dbb469a051d1a074272cf12461a87bb2bd4c9fbc1c9ed646b871062
,,,冗余三元组,18.0,67.0,是,extraction,b1abd2a904cf4f612cf500593734a7934d92ea6069a419efe1632a2243cc8bf4
,,,冗余三元组,7.0,90.0,是,extraction,ac268e58a8ec5dded08f4e1b1d6146256d809b0439fc155c0aec3554f8ce1595
,,,冗余三元组,1.0,141.0,包括,extraction,85cec8c7c0e43ea339bf8f532ea476ce84e1310c9ba8a112d582da166ec30c58
,,,冗余三元组,3.0,4.0,是,extraction,d08580506622eb3b009abbcab184c7d6527dc171bbca042f5d2132b53eb48841
,,,冗余三元组,5.0,146.0,是,extraction,10e9ef90db9a5fdd7d594367a67dafbfa1e2b112946d9775b47c132a66b0b8d0
,,,冗余三元组,18.0,146.0,是,extraction,c364eb10ee58191ef2d2b5dd7e2805c612436d430d111bb3b9d68bb410db292e
,,,冗余三元组,7.0,8.0,是,extraction,a8df68e79207503855ab786dfffb0202c022620e87f94a1c6a91d4def411cf95
,,,冗余三元组,1.0,96.0,包括,extraction,79245aafe9fec12d61095f1455e7b4e838a91a19fc9f08d09a27adc38222c9e5
,,,冗余三元组,3.0,11.0,是,extraction,50e282008fdda86810f048e213c9dbd0e2f5df0a5efb5176f11c1f5844f7c83a
,,,冗余三元组,5.0,97.0,是,extraction,05ff48063737ef72f1c58903714c30ab85ae84bc5a8bca637e2e844e3e89e9ac
,,,冗余三元组,18.0,59.0,是,extraction,c5c9a9584680fe9f1466df4afb358f2b52741db286c7ee58cfac843bb582c597
,,,冗余三元组,7.0,77.0,是,extraction,bb10b8e785712bb1f818c31459d6128acd9bf2a72b634bdd17e27b1886f98f66
,,,冗余三元组,9.0,23.0,服务事项,extraction,0cdee6daee4fcb2baa7ee1a5fae03d91f55ebca8f0676971be254dd5cc11a6ae
,,,冗余三元组,11.0,9.0,权力类型,extraction,2c1c88acab62420824c092d4fa6632ca9b0bfffd2d1ca0586870856ec5f1ae16
,,,冗余三元组,24.0,9.0,行驶主体,extraction,90a9fdac5ebef5a610edf20f99b4733fd9a0d155492c0c192a46ef1bbaac0331
,,,冗余三元组,24.0,9.0,承办机构,extraction,c20f9f12bcd7f579d07afbab9de42fa29760431e0e85ee0a80cc210217206cee
,,,冗余三元组,130.0,9.0,实施依据,extraction,38da9de9b54a846a766cfab905588e9deedcd107d9d7592424648fd2e00160e9
,,,冗余三元组,1.0,9.0,包括,extraction,faf0ce8191eacfaa2463c2b297349347b524dc6e45d27869dd8175629020d62c
,,,冗余三元组,9.0,28.0,涉及,extraction,22c81295636a2c8d95e683725d86aa2e9d65841507a79cbab936668a96103c4a
,,,冗余三元组,3.0,11.0,是,extraction,50e282008fdda86810f048e213c9dbd0e2f5df0a5efb5176f11c1f5844f7c83a
,,,冗余三元组,5.0,34.0,是,extraction,b7ccd1f45a95923d796ee92ca6942743da3195e27df18f974cf96b23ad3bdee0
,,,冗余三元组,18.0,34.0,是,extraction,ff1e933d5261241bef0fea2b84067f048ac6f4995720d8766a2256c92ae8aeb3
,,,冗余三元组,7.0,54.0,是,extraction,c8ae73e9f17b71b5a3a1abb3e9657a041d2f51a99bca64780fc95ced120ebd74
,,,冗余三元组,9.0,134.0,服务事项,extraction,799407b5d3c598ff8c09e2c0fea4d5612c59415116cc5bfc54200bc62526c096
,,,冗余三元组,11.0,9.0,权力类型,extraction,2c1c88acab62420824c092d4fa6632ca9b0bfffd2d1ca0586870856ec5f1ae16
,,,冗余三元组,59.0,9.0,行驶主体,extraction,193c41f4cedaedda527bd313520f71683420dc645ca0b9a3dea0f6c76276ce29
,,,冗余三元组,59.0,9.0,承办机构,extraction,ec322c4bba17a606ccb11f92ee2aa4590994122286493f43f144e98ed357fd1d
,,,冗余三元组,56.0,9.0,实施依据,extraction,2aa701a6492253a05a68571e741a49b2328fc2a88ea859975c7311178bf3cae8
,,,冗余三元组,1.0,140.0,是,extraction,7fe24ae3836510e20858c3a88f2c6c998a417023cb373297209e943641fbf919
,,,冗余三元组,3.0,11.0,是,extraction,50e282008fdda86810f048e213c9dbd0e2f5df0a5efb5176f11c1f5844f7c83a
,,,冗余三元组,5.0,116.0,是,extraction,a180f43bb9376f0dadbff129dc98b4571e55ee9b17695dc94c639f2f06116156
,,,冗余三元组,18.0,26.0,是,extraction,ba75a3427e43490516afd81128bf869a212354b1eee0fc588681807f9f92b400
,,,冗余三元组,7.0,75.0,是,extraction,967bc50505fd1a44b23df820764b0ccbb4476ad6d7f62cfe2fb966ef7ddfec2f
,,,冗余三元组,1.0,9.0,包括,extraction,faf0ce8191eacfaa2463c2b297349347b524dc6e45d27869dd8175629020d62c
,,,冗余三元组,9.0,106.0,涉及,extraction,e953cda27fa5b7ce2472d37f26d62501fed6964e77c5a7106b1a3f52dbaa1db4
,,,冗余三元组,3.0,11.0,是,extraction,50e282008fdda86810f048e213c9dbd0e2f5df0a5efb5176f11c1f5844f7c83a
,,,冗余三元组,5.0,34.0,是,extraction,b7ccd1f45a95923d796ee92ca6942743da3195e27df18f974cf96b23ad3bdee0
,,,冗余三元组,7.0,19.0,是,extraction,2a88a034ef5cece9cf9929570f46e66e84f0658e91d26787747fdf65ecaa61b4
,,,冗余三元组,79.0,107.0,是,extraction,98daf5818126b6dcefbb8f5a4996e4ff22c2d4fe6b1d60c466d98c333eccc0af
,,,冗余三元组,1.0,9.0,包括,extraction,faf0ce8191eacfaa2463c2b297349347b524dc6e45d27869dd8175629020d62c
,,,冗余三元组,3.0,11.0,是,extraction,50e282008fdda86810f048e213c9dbd0e2f5df0a5efb5176f11c1f5844f7c83a
,,,冗余三元组,5.0,26.0,是,extraction,4072f57383ef693458d3eef57ef37ae1bbae2b003ec7bc05d3d07a737a272b53
,,,冗余三元组,18.0,26.0,是,extraction,ba75a3427e43490516afd81128bf869a212354b1eee0fc588681807f9f92b400
,,,冗余三元组,7.0,77.0,是,extraction,bb10b8e785712bb1f818c31459d6128acd9bf2a72b634bdd17e27b1886f98f66
,,,冗余三元组,1.0,150.0,包括,extraction,fa618972db9286a1846e0fead363f130874827007d4b4718655635f17f2c3747
,,,冗余三元组,3.0,4.0,是,extraction,d08580506622eb3b009abbcab184c7d6527dc171bbca042f5d2132b53eb48841
,,,冗余三元组,5.0,105.0,是,extraction,5a9a23190acee263c25bc767cb804efc21b7518d0bb6b1725a8fb53c68455350
,,,冗余三元组,18.0,105.0,是,extraction,ab650162d92a2eaee4961c4b2e88887b4730403e677007e6090c5ca7bd1b3a66
,,,冗余三元组,7.0,86.0,是,extraction,9080d476b35d51d910e412f7d99b1165046958a57f4eb9c8c5a9582ebc0afb87
,,,冗余三元组,9.0,114.0,服务事项,extraction,8d0168df48f7c7d6dd8590d94b2a06ee30e00ea15bae7864c4319c26eff83adf
,,,冗余三元组,3.0,11.0,是,extraction,50e282008fdda86810f048e213c9dbd0e2f5df0a5efb5176f11c1f5844f7c83a
,,,冗余三元组,5.0,26.0,是,extraction,4072f57383ef693458d3eef57ef37ae1bbae2b003ec7bc05d3d07a737a272b53
,,,冗余三元组,18.0,26.0,是,extraction,ba75a3427e43490516afd81128bf869a212354b1eee0fc588681807f9f92b400
,,,冗余三元组,7.0,52.0,是,extraction,837d09041764b0ea4c3ce5d960ec2ebb42393afe2e16ea5c0d2600f5c2eb5bf0
,,,冗余三元组,1.0,9.0,包括,extraction,faf0ce8191eacfaa2463c2b297349347b524dc6e45d27869dd8175629020d62c
,,,冗余三元组,9.0,23.0,涉及,extraction,0f8720567667650b0fd27706a43d49ac88c1e0e009d6eba7e24cae683e3f894f
,,,冗余三元组,3.0,11.0,是,extraction,50e282008fdda86810f048e213c9dbd0e2f5df0a5efb5176f11c1f5844f7c83a
,,,冗余三元组,5.0,94.0,是,extraction,ee4f01b8cd6860d9706fc3d8915740df5f4bcd9fb38433e999846d6e6b64a544
,,,冗余三元组,18.0,94.0,是,extraction,3142c19af9375761de87e22130c05235eef52f9a842b3d5e204357dfb8c6d1b0
,,,冗余三元组,7.0,19.0,是,extraction,2a88a034ef5cece9cf9929570f46e66e84f0658e91d26787747fdf65ecaa61b4
,,,冗余三元组,9.0,123.0,服务事项,extraction,4b7582e1086b6cdae9333c5a9e1ecf8b9713bedb88d994403be45ab9e5c44173
,,,冗余三元组,11.0,9.0,权力类型,extraction,2c1c88acab62420824c092d4fa6632ca9b0bfffd2d1ca0586870856ec5f1ae16
,,,冗余三元组,36.0,9.0,行驶主体,extraction,2bb141e373fa3a9f858b722e3fce3c75c30c0951a31507e53eabe2956f0ca6c9
,,,冗余三元组,36.0,9.0,承办机构,extraction,03e8353bf4bdf2d1d8ca727cf1c3d89475ad02d01821c90d8c21326161a8b80a
,,,冗余三元组,75.0,9.0,实施依据,extraction,9ead762c4ca7d5fa2a3ab289f4157e069ea890cea99e3c529dbbc4b766780759
,,,冗余三元组,1.0,9.0,包括,extraction,faf0ce8191eacfaa2463c2b297349347b524dc6e45d27869dd8175629020d62c
,,,冗余三元组,3.0,11.0,是,extraction,50e282008fdda86810f048e213c9dbd0e2f5df0a5efb5176f11c1f5844f7c83a
,,,冗余三元组,5.0,24.0,是,extraction,a45c285399e79f71b53d56a3e3f57b9730d4444107e0584b5a841b34e5f55b95
,,,冗余三元组,7.0,22.0,是,extraction,197084ef0cc4cdfd4564ae30861c99b3397285c69dc9d2aed17542b14e877968
,,,冗余三元组,79.0,107.0,是,extraction,98daf5818126b6dcefbb8f5a4996e4ff22c2d4fe6b1d60c466d98c333eccc0af
,,,冗余三元组,1.0,9.0,包括,extraction,faf0ce8191eacfaa2463c2b297349347b524dc6e45d27869dd8175629020d62c
,,,冗余三元组,9.0,85.0,涉及,extraction,19435288cbab1e719b87c8fc351357a9015c76eca30e530c6237095ed1b6dfbb
,,,冗余三元组,3.0,11.0,是,extraction,50e282008fdda86810f048e213c9dbd0e2f5df0a5efb5176f11c1f5844f7c83a
,,,冗余三元组,5.0,12.0,是,extraction,35a18cae718128eedc48777ca1e2e9b3abc4bdbbe1d0e435067e3c5dbdca3f63
,,,冗余三元组,18.0,12.0,是,extraction,5448f053cd45bad2812e4f9fc84f717ff959c7d0d40275906f59a45121b869e6
,,,冗余三元组,7.0,75.0,是,extraction,967bc50505fd1a44b23df820764b0ccbb4476ad6d7f62cfe2fb966ef7ddfec2f
,,,冗余三元组,1.0,47.0,包括,extraction,3ff60d7272f0699378cf6abfa0aacb7a75af63581d52f987c6d8ff0d17106d55
,,,冗余三元组,9.0,87.0,涉及,extraction,adc426ba73110c0a3bfd3acce652388c9c7486f842d18c60d12f2c945ba3dc6f
,,,冗余三元组,3.0,11.0,是,extraction,50e282008fdda86810f048e213c9dbd0e2f5df0a5efb5176f11c1f5844f7c83a
,,,冗余三元组,5.0,40.0,是,extraction,8292870b1b4c3c8f94d162cf2bb4323709f6ba64b0a6be958c56bc833404b8db
,,,冗余三元组,18.0,40.0,是,extraction,a5de43bfc641f5fc0624d49940a88d734691a195da04e3f6a79945ebcd7d032a
,,,冗余三元组,7.0,52.0,是,extraction,837d09041764b0ea4c3ce5d960ec2ebb42393afe2e16ea5c0d2600f5c2eb5bf0
,,,冗余三元组,1.0,47.0,包括,extraction,3ff60d7272f0699378cf6abfa0aacb7a75af63581d52f987c6d8ff0d17106d55
,,,冗余三元组,3.0,4.0,是,extraction,d08580506622eb3b009abbcab184c7d6527dc171bbca042f5d2132b53eb48841
,,,冗余三元组,5.0,49.0,是,extraction,5a422091bd436f6ff75c3dee0d0c1dc08cafd19299121ca73ce59f34f42a839e
,,,冗余三元组,18.0,49.0,是,extraction,3275a807305e60ac35d36236775ad5af407bb5191652b68ba8009da6f003c465
,,,冗余三元组,7.0,43.0,是,extraction,4c4490cf17df9d62dc2be26a210688e1ec07644d4fee160bc0991d1a1f3fd1d2
,,,冗余三元组,1.0,9.0,是,extraction,624decab269d81f72460ba79cb9b58e5e6bce7f6f9d148cad81c37f422422924
,,,冗余三元组,9.0,87.0,涉及,extraction,adc426ba73110c0a3bfd3acce652388c9c7486f842d18c60d12f2c945ba3dc6f
,,,冗余三元组,3.0,11.0,是,extraction,50e282008fdda86810f048e213c9dbd0e2f5df0a5efb5176f11c1f5844f7c83a
,,,冗余三元组,5.0,94.0,是,extraction,ee4f01b8cd6860d9706fc3d8915740df5f4bcd9fb38433e999846d6e6b64a544
,,,冗余三元组,18.0,94.0,是,extraction,3142c19af9375761de87e22130c05235eef52f9a842b3d5e204357dfb8c6d1b0
,,,冗余三元组,7.0,27.0,是,extraction,bbec78b3a1b60a712cedd4646e2dac85ab1c2c87f823dec552775d9b40fa2e92
,,,冗余三元组,9.0,60.0,包含,extraction,42f7b6bf2aa142920f49ca3fce4e6bf1b048e93d00c761a151867baf731e7bd2
,,,冗余三元组,3.0,11.0,是,extraction,50e282008fdda86810f048e213c9dbd0e2f5df0a5efb5176f11c1f5844f7c83a
,,,冗余三元组,5.0,31.0,是,extraction,2c6f3bdafc98d932c7f7050f5f175af5a4b04100d90ab9f36f240058f058592e
,,,冗余三元组,18.0,31.0,是,extraction,c9d5ad180bb8d07255831d5e02503978682a333c3a7dc2a9385ddc4bd55c50b6
,,,冗余三元组,7.0,15.0,是,extraction,78a5d87757a5308ac26e4fe80879ba6042490f842d45a3c0ccd86cb8e54cc9ef
,,,冗余三元组,9.0,103.0,服务事项,extraction,c104deb112b1a273de7d43b0d75ad2c73c05e7a0b886dfb7075fda5ade974180
,,,冗余三元组,11.0,9.0,权力类型,extraction,2c1c88acab62420824c092d4fa6632ca9b0bfffd2d1ca0586870856ec5f1ae16
,,,冗余三元组,36.0,9.0,行驶主体,extraction,2bb141e373fa3a9f858b722e3fce3c75c30c0951a31507e53eabe2956f0ca6c9
,,,冗余三元组,36.0,9.0,承办机构,extraction,03e8353bf4bdf2d1d8ca727cf1c3d89475ad02d01821c90d8c21326161a8b80a
,,,冗余三元组,9.0,13.0,实施依据,extraction,c14343871ebc6c05298b2236c82c2e8337431d852c0efaefa36132dada8a4925
,,,冗余三元组,11.0,9.0,权力类型,extraction,2c1c88acab62420824c092d4fa6632ca9b0bfffd2d1ca0586870856ec5f1ae16
,,,冗余三元组,72.0,9.0,行驶主体,extraction,bfe0d1396d26f496af577568ce721d20768d448deeb29681f4fe9d70cc8549a8
,,,冗余三元组,72.0,9.0,承办机构,extraction,8827629fd91263d29b18b6df9b767f63d89e344f34a87ffd653b62e77346156c
,,,冗余三元组,9.0,13.0,实施依据,extraction,c14343871ebc6c05298b2236c82c2e8337431d852c0efaefa36132dada8a4925
,,,冗余三元组,1.0,47.0,包括,extraction,3ff60d7272f0699378cf6abfa0aacb7a75af63581d52f987c6d8ff0d17106d55
,,,冗余三元组,9.0,61.0,涉及问题,extraction,55597ffce7366b7ced1d8a433fd8cd8b48690d40fc8f79195726d9eadc8b9d2d
,,,冗余三元组,3.0,4.0,是,extraction,d08580506622eb3b009abbcab184c7d6527dc171bbca042f5d2132b53eb48841
,,,冗余三元组,5.0,67.0,是,extraction,b1c0cfae9dbb469a051d1a074272cf12461a87bb2bd4c9fbc1c9ed646b871062
,,,冗余三元组,18.0,67.0,是,extraction,b1abd2a904cf4f612cf500593734a7934d92ea6069a419efe1632a2243cc8bf4
,,,冗余三元组,7.0,90.0,是,extraction,ac268e58a8ec5dded08f4e1b1d6146256d809b0439fc155c0aec3554f8ce1595
,,,冗余三元组,1.0,9.0,是,extraction,624decab269d81f72460ba79cb9b58e5e6bce7f6f9d148cad81c37f422422924
,,,冗余三元组,9.0,123.0,涉及,extraction,5f2aa83d3084c8bfce1fcce61ed8d077cd51806b502cd8af13530086a708c8c1
,,,冗余三元组,3.0,11.0,是,extraction,50e282008fdda86810f048e213c9dbd0e2f5df0a5efb5176f11c1f5844f7c83a
,,,冗余三元组,5.0,94.0,是,extraction,ee4f01b8cd6860d9706fc3d8915740df5f4bcd9fb38433e999846d6e6b64a544
,,,冗余三元组,18.0,94.0,是,extraction,3142c19af9375761de87e22130c05235eef52f9a842b3d5e204357dfb8c6d1b0
,,,冗余三元组,7.0,54.0,是,extraction,c8ae73e9f17b71b5a3a1abb3e9657a041d2f51a99bca64780fc95ced120ebd74
,,,冗余三元组,1.0,47.0,包括,extraction,3ff60d7272f0699378cf6abfa0aacb7a75af63581d52f987c6d8ff0d17106d55
,,,冗余三元组,9.0,127.0,涉及问题,extraction,37b4b12e7f073838681491e0fdf0588104fe83f5e1aa108851c2808374d31c40
,,,冗余三元组,3.0,4.0,是,extraction,d08580506622eb3b009abbcab184c7d6527dc171bbca042f5d2132b53eb48841
,,,冗余三元组,5.0,149.0,是,extraction,02d580fe21a1017c7b432fa6128fe3aea79aabe688ccb4896a9e96e97aa229a1
,,,冗余三元组,7.0,50.0,是,extraction,a5ec0bedae55a68712cd4f15b137c7dceff9f667581ec88152348e1a1bfb85be
,,,冗余三元组,9.0,35.0,服务事项,extraction,144c3f8daa59c283978fe847f0f3409435132f16c61fa617266d5d4ac94ef461
,,,冗余三元组,11.0,9.0,权力类型,extraction,2c1c88acab62420824c092d4fa6632ca9b0bfffd2d1ca0586870856ec5f1ae16
,,,冗余三元组,40.0,9.0,行驶主体,extraction,a3effed45629a84a565ceaff7dd6912892f2849e1d37742284d94d7d15cf880b
,,,冗余三元组,40.0,9.0,承办机构,extraction,bd97ee476c8d7cb569fd8bc61da23f82c4f0fc26105bf4f52b23162933300e98
,,,冗余三元组,153.0,9.0,实施依据,extraction,ead3ff169dd37bccf82135f9fab8a0186686323b109cf25e9ecca0c6161e0568
,,,冗余三元组,9.0,44.0,涉及问题,extraction,8cf42e1edc49dd0ec350fe02fd88d3d765c0ba1efc295797b8e95f7eaa49f767
,,,冗余三元组,9.0,11.0,权力类型,extraction,b5270ff23b4693f9faeedb6b65516fdd5efc92b742070c5e73d78adc89eeb49b
,,,冗余三元组,9.0,54.0,实施依据,extraction,7f7f313659ea6e4ec630e479afef070e48983a34e83c370bec34d0e137b91326
,,,冗余三元组,1.0,9.0,是,extraction,624decab269d81f72460ba79cb9b58e5e6bce7f6f9d148cad81c37f422422924
,,,冗余三元组,3.0,11.0,是,extraction,50e282008fdda86810f048e213c9dbd0e2f5df0a5efb5176f11c1f5844f7c83a
,,,冗余三元组,5.0,55.0,是,extraction,4cfd7487d3952e8616c9ddf32e139510806c8c03960f2e41fc1f8a497ae98170
,,,冗余三元组,1.0,9.0,包括,extraction,faf0ce8191eacfaa2463c2b297349347b524dc6e45d27869dd8175629020d62c
,,,冗余三元组,9.0,20.0,包含,extraction,19d96fb5b6240374b24a218ff4bf91e7ee8acbf9da30fd4193b30ee231c7a8f0
,,,冗余三元组,3.0,11.0,是,extraction,50e282008fdda86810f048e213c9dbd0e2f5df0a5efb5176f11c1f5844f7c83a
,,,冗余三元组,5.0,94.0,是,extraction,ee4f01b8cd6860d9706fc3d8915740df5f4bcd9fb38433e999846d6e6b64a544
,,,冗余三元组,18.0,94.0,是,extraction,3142c19af9375761de87e22130c05235eef52f9a842b3d5e204357dfb8c6d1b0
,,,冗余三元组,7.0,19.0,是,extraction,2a88a034ef5cece9cf9929570f46e66e84f0658e91d26787747fdf65ecaa61b4
,,,冗余三元组,1.0,115.0,指导,extraction,09e464d141e4ec1387f649e1d74f71059a3fa37b91ff819d2f7fc5c71815a9ec
,,,冗余三元组,3.0,11.0,是,extraction,50e282008fdda86810f048e213c9dbd0e2f5df0a5efb5176f11c1f5844f7c83a
,,,冗余三元组,5.0,116.0,是,extraction,a180f43bb9376f0dadbff129dc98b4571e55ee9b17695dc94c639f2f06116156
,,,冗余三元组,18.0,17.0,是,extraction,64e28edcbe2a10b8014b06111cbbcc792d80ddf83b6df5ce5549c03486107411
,,,冗余三元组,7.0,27.0,是,extraction,bbec78b3a1b60a712cedd4646e2dac85ab1c2c87f823dec552775d9b40fa2e92
,,,冗余三元组,1.0,9.0,是,extraction,624decab269d81f72460ba79cb9b58e5e6bce7f6f9d148cad81c37f422422924
,,,冗余三元组,9.0,103.0,涉及,extraction,57d85089f335cf57dcaee1331efc652cc84a61342db67076d4e26001c38f97b3
,,,冗余三元组,3.0,11.0,是,extraction,50e282008fdda86810f048e213c9dbd0e2f5df0a5efb5176f11c1f5844f7c83a
,,,冗余三元组,5.0,12.0,是,extraction,35a18cae718128eedc48777ca1e2e9b3abc4bdbbe1d0e435067e3c5dbdca3f63
,,,冗余三元组,18.0,12.0,是,extraction,5448f053cd45bad2812e4f9fc84f717ff959c7d0d40275906f59a45121b869e6
,,,冗余三元组,7.0,32.0,是,extraction,073f036e35642723f2166a01b5dd7ed651e8e12d4b157faa68c7de45faec6092
,,,冗余三元组,11.0,9.0,权力类型,extraction,2c1c88acab62420824c092d4fa6632ca9b0bfffd2d1ca0586870856ec5f1ae16
,,,冗余三元组,40.0,9.0,行驶主体,extraction,a3effed45629a84a565ceaff7dd6912892f2849e1d37742284d94d7d15cf880b
,,,冗余三元组,130.0,9.0,实施依据,extraction,38da9de9b54a846a766cfab905588e9deedcd107d9d7592424648fd2e00160e9
,,,冗余三元组,1.0,131.0,包括,extraction,2d73c3c7e3d09d54d964de835f267353def03e3575d139ae356d20a79383082d
,,,冗余三元组,3.0,4.0,是,extraction,d08580506622eb3b009abbcab184c7d6527dc171bbca042f5d2132b53eb48841
,,,冗余三元组,5.0,157.0,是,extraction,264e61a15131d1c60a5b1c4e5eb94ce6cedd8a0af999aebef24bd4d8f34f6b2b
,,,冗余三元组,18.0,157.0,是,extraction,c25c33c9d549cc1cf044b501ca52f49191982f6e103d738d5801cb79d6f303c2
,,,冗余三元组,7.0,43.0,是,extraction,4c4490cf17df9d62dc2be26a210688e1ec07644d4fee160bc0991d1a1f3fd1d2
,,,冗余三元组,1.0,9.0,包括,extraction,faf0ce8191eacfaa2463c2b297349347b524dc6e45d27869dd8175629020d62c
,,,冗余三元组,9.0,33.0,包含,extraction,98caf4c7bdcbc25b6fa72e7625d9bb043e394c6ddcbd1775429ec95d492d9564
,,,冗余三元组,3.0,11.0,是,extraction,50e282008fdda86810f048e213c9dbd0e2f5df0a5efb5176f11c1f5844f7c83a
,,,冗余三元组,5.0,17.0,是,extraction,7f07a66f4ec01d1e3a8f39dcf819db630fa1fa37e1a5fd78944e7c734d978235
,,,冗余三元组,7.0,19.0,是,extraction,2a88a034ef5cece9cf9929570f46e66e84f0658e91d26787747fdf65ecaa61b4
,,,冗余三元组,9.0,10.0,服务事项,extraction,094430bd0583679b540a313ff8562bed14c377b3114320d5074a7c7d4240bdf0
,,,冗余三元组,11.0,9.0,权力类型,extraction,2c1c88acab62420824c092d4fa6632ca9b0bfffd2d1ca0586870856ec5f1ae16
,,,冗余三元组,59.0,9.0,行驶主体,extraction,193c41f4cedaedda527bd313520f71683420dc645ca0b9a3dea0f6c76276ce29
,,,冗余三元组,59.0,9.0,承办机构,extraction,ec322c4bba17a606ccb11f92ee2aa4590994122286493f43f144e98ed357fd1d
,,,冗余三元组,9.0,32.0,实施依据,extraction,398979265a4fd321855f2846927c940b9fbd773caf2167d3286aa4793595986c
,,,冗余三元组,1.0,142.0,包括,extraction,ccf5b80cecbea1006ec9a209f8db459fbf940525ec5a40e3ce41dfc5758d4771
,,,冗余三元组,3.0,4.0,是,extraction,d08580506622eb3b009abbcab184c7d6527dc171bbca042f5d2132b53eb48841
,,,冗余三元组,5.0,145.0,是,extraction,83084a30d64cbfb706df40847b1301cded67c74eab12e8e401e47ce97f732206
,,,冗余三元组,7.0,86.0,是,extraction,9080d476b35d51d910e412f7d99b1165046958a57f4eb9c8c5a9582ebc0afb87
,,,冗余三元组,9.0,74.0,服务事项,extraction,f0d4481859cdbd3734a9602a072a2bbd22e88f546375495f7a60f9780960d1a7
,,,冗余三元组,11.0,9.0,权力类型,extraction,2c1c88acab62420824c092d4fa6632ca9b0bfffd2d1ca0586870856ec5f1ae16
,,,冗余三元组,59.0,9.0,行驶主体,extraction,193c41f4cedaedda527bd313520f71683420dc645ca0b9a3dea0f6c76276ce29
,,,冗余三元组,59.0,9.0,承办机构,extraction,ec322c4bba17a606ccb11f92ee2aa4590994122286493f43f144e98ed357fd1d
,,,冗余三元组,9.0,54.0,实施依据,extraction,7f7f313659ea6e4ec630e479afef070e48983a34e83c370bec34d0e137b91326
,,,冗余三元组,3.0,11.0,是,extraction,50e282008fdda86810f048e213c9dbd0e2f5df0a5efb5176f11c1f5844f7c83a
,,,冗余三元组,5.0,26.0,是,extraction,4072f57383ef693458d3eef57ef37ae1bbae2b003ec7bc05d3d07a737a272b53
,,,冗余三元组,7.0,13.0,是,extraction,8492960f1bc3d93d88011d3dd04d0e5ea635c6431041eee20154964cb6e6123b
,,,冗余三元组,9.0,35.0,服务事项,extraction,144c3f8daa59c283978fe847f0f3409435132f16c61fa617266d5d4ac94ef461
,,,冗余三元组,11.0,9.0,权力类型,extraction,2c1c88acab62420824c092d4fa6632ca9b0bfffd2d1ca0586870856ec5f1ae16
,,,冗余三元组,94.0,9.0,行驶主体,extraction,6b95c87132e4ec346c975714cf2e96c15c17e4f1818fdc41d06b784e51989bd9
,,,冗余三元组,94.0,9.0,承办机构,extraction,223f2c3f19904745b14fb423eb2051d818c339c1821fdbed03cd3bc88286f568
,,,冗余三元组,9.0,22.0,实施依据,extraction,50cb666f2386eb540c17e3e2a65195f4f99203f560f5dc38b2422bf353a2742d
,,,冗余三元组,1.0,9.0,包括,extraction,faf0ce8191eacfaa2463c2b297349347b524dc6e45d27869dd8175629020d62c
,,,冗余三元组,9.0,33.0,包含,extraction,98caf4c7bdcbc25b6fa72e7625d9bb043e394c6ddcbd1775429ec95d492d9564
,,,冗余三元组,3.0,11.0,是,extraction,50e282008fdda86810f048e213c9dbd0e2f5df0a5efb5176f11c1f5844f7c83a
,,,冗余三元组,5.0,12.0,是,extraction,35a18cae718128eedc48777ca1e2e9b3abc4bdbbe1d0e435067e3c5dbdca3f63
,,,冗余三元组,18.0,12.0,是,extraction,5448f053cd45bad2812e4f9fc84f717ff959c7d0d40275906f59a45121b869e6
,,,冗余三元组,7.0,15.0,是,extraction,78a5d87757a5308ac26e4fe80879ba6042490f842d45a3c0ccd86cb8e54cc9ef
,,,冗余三元组,1.0,41.0,包括,extraction,ee1394a800f07d8331b9bf646933ccaacd401bffe877cf6d5822526a4348b5e3
,,,冗余三元组,3.0,4.0,是,extraction,d08580506622eb3b009abbcab184c7d6527dc171bbca042f5d2132b53eb48841
,,,冗余三元组,5.0,145.0,是,extraction,83084a30d64cbfb706df40847b1301cded67c74eab12e8e401e47ce97f732206
,,,冗余三元组,18.0,145.0,是,extraction,a97d81f813ccd9827571fc65a59047026992bbac4a42faf5e409ea3021b38a64
,,,冗余三元组,7.0,95.0,是,extraction,1cd02fbe297e0d51ec3941cffe0149cd4c6453d3bebe7fc1dbad0f928614ed5b
,,,冗余三元组,1.0,9.0,包括,extraction,faf0ce8191eacfaa2463c2b297349347b524dc6e45d27869dd8175629020d62c
,,,冗余三元组,9.0,25.0,涉及,extraction,78702f72f61bc98548eecb5eaa17caa7242237d3df09017c8cca03183453005f
,,,冗余三元组,3.0,11.0,是,extraction,50e282008fdda86810f048e213c9dbd0e2f5df0a5efb5176f11c1f5844f7c83a
,,,冗余三元组,5.0,24.0,是,extraction,a45c285399e79f71b53d56a3e3f57b9730d4444107e0584b5a841b34e5f55b95
,,,冗余三元组,18.0,137.0,是,extraction,c38e38e4d3f62f14c0e12f651d9ac3c2767e0f183f001e6f940be317207a85f7
,,,冗余三元组,7.0,27.0,是,extraction,bbec78b3a1b60a712cedd4646e2dac85ab1c2c87f823dec552775d9b40fa2e92
,,,冗余三元组,1.0,41.0,包括,extraction,ee1394a800f07d8331b9bf646933ccaacd401bffe877cf6d5822526a4348b5e3
,,,冗余三元组,3.0,4.0,是,extraction,d08580506622eb3b009abbcab184c7d6527dc171bbca042f5d2132b53eb48841
,,,冗余三元组,5.0,64.0,是,extraction,73c7e8e6d12325147e0ea8c41af080d6bb87647f0bfd5c91ef7c17ddda200bd1
,,,冗余三元组,18.0,64.0,是,extraction,8872d7b963381449fbcff789f92dda2a17f6a021d11976670fcafed7ee4ac70d
,,,冗余三元组,7.0,90.0,是,extraction,ac268e58a8ec5dded08f4e1b1d6146256d809b0439fc155c0aec3554f8ce1595
,,,冗余三元组,1.0,96.0,是,extraction,4485056c7459cd2409438582b8596fd9cde2b21f128246348d3cb90af7541215
,,,冗余三元组,3.0,11.0,是,extraction,50e282008fdda86810f048e213c9dbd0e2f5df0a5efb5176f11c1f5844f7c83a
,,,冗余三元组,5.0,97.0,是,extraction,05ff48063737ef72f1c58903714c30ab85ae84bc5a8bca637e2e844e3e89e9ac
,,,冗余三元组,18.0,30.0,是,extraction,390da1d934e648f99cce08ddf4d9970fc48fb9c0e84d7950994252ba39eda2b2
,,,冗余三元组,7.0,22.0,是,extraction,197084ef0cc4cdfd4564ae30861c99b3397285c69dc9d2aed17542b14e877968
,,,冗余三元组,1.0,55.0,监管,extraction,b4f73a08303d2b69a4c5f7ec3f22eb35581b785b2731c53253765eebcc5f7523
,,,冗余三元组,3.0,11.0,是,extraction,50e282008fdda86810f048e213c9dbd0e2f5df0a5efb5176f11c1f5844f7c83a
,,,冗余三元组,5.0,71.0,是,extraction,02f5326b2d7f426afb4abac47889062e5793572f7f72ebad750bce697776af71
,,,冗余三元组,18.0,17.0,是,extraction,64e28edcbe2a10b8014b06111cbbcc792d80ddf83b6df5ce5549c03486107411
,,,冗余三元组,7.0,54.0,是,extraction,c8ae73e9f17b71b5a3a1abb3e9657a041d2f51a99bca64780fc95ced120ebd74
,,,冗余三元组,1.0,9.0,包括,extraction,faf0ce8191eacfaa2463c2b297349347b524dc6e45d27869dd8175629020d62c
,,,冗余三元组,3.0,11.0,是,extraction,50e282008fdda86810f048e213c9dbd0e2f5df0a5efb5176f11c1f5844f7c83a
,,,冗余三元组,5.0,31.0,是,extraction,2c6f3bdafc98d932c7f7050f5f175af5a4b04100d90ab9f36f240058f058592e
,,,冗余三元组,18.0,31.0,是,extraction,c9d5ad180bb8d07255831d5e02503978682a333c3a7dc2a9385ddc4bd55c50b6
,,,冗余三元组,7.0,27.0,来自,extraction,6d9711a3e227a3847111ba3a976b8b16df779e89247b0058ded4709f54b8964a
,,,冗余三元组,160.0,161.0,依据,extraction,28e25f737c13ef94d43626e2e612744c669cced170526708943b07e60599cef7
,,,冗余三元组,9.0,35.0,服务事项,extraction,144c3f8daa59c283978fe847f0f3409435132f16c61fa617266d5d4ac94ef461
,,,冗余三元组,11.0,9.0,权力类型,extraction,2c1c88acab62420824c092d4fa6632ca9b0bfffd2d1ca0586870856ec5f1ae16
,,,冗余三元组,31.0,9.0,行驶主体,extraction,ccb1bef15d2d252507dac02f21969ad9b0638fb1e4b825cdfaabe3eaa5a93455
,,,冗余三元组,31.0,9.0,承办机构,extraction,ad482f957e976c5118d65fefeaa6971951486ed5ea87c3c294470187c0b766c3
,,,冗余三元组,9.0,27.0,实施依据,extraction,bac2923c8d2f799ade2a56a22117446937fb4095be67912c7fe84b0b83cc7658
,,,冗余三元组,9.0,114.0,涉及事项,extraction,0c0ae92af6ee15cb49ed8edbac4a8cc5be8fb160eac9dc0276f2ce8b4922d150
,,,冗余三元组,3.0,11.0,是,extraction,50e282008fdda86810f048e213c9dbd0e2f5df0a5efb5176f11c1f5844f7c83a
,,,冗余三元组,5.0,34.0,是,extraction,b7ccd1f45a95923d796ee92ca6942743da3195e27df18f974cf96b23ad3bdee0
,,,冗余三元组,18.0,34.0,是,extraction,ff1e933d5261241bef0fea2b84067f048ac6f4995720d8766a2256c92ae8aeb3
,,,冗余三元组,7.0,22.0,是,extraction,197084ef0cc4cdfd4564ae30861c99b3397285c69dc9d2aed17542b14e877968
,,,冗余三元组,9.0,117.0,包含内容,extraction,7322d2cb0148ba15737203ca5357238f90612ded84109659db0019054d48ab85
,,,冗余三元组,3.0,11.0,是,extraction,50e282008fdda86810f048e213c9dbd0e2f5df0a5efb5176f11c1f5844f7c83a
,,,冗余三元组,5.0,31.0,是,extraction,2c6f3bdafc98d932c7f7050f5f175af5a4b04100d90ab9f36f240058f058592e
,,,冗余三元组,18.0,31.0,是,extraction,c9d5ad180bb8d07255831d5e02503978682a333c3a7dc2a9385ddc4bd55c50b6
,,,冗余三元组,7.0,32.0,是,extraction,073f036e35642723f2166a01b5dd7ed651e8e12d4b157faa68c7de45faec6092
,,,冗余三元组,1.0,9.0,包括,extraction,faf0ce8191eacfaa2463c2b297349347b524dc6e45d27869dd8175629020d62c
,,,冗余三元组,9.0,33.0,包含,extraction,98caf4c7bdcbc25b6fa72e7625d9bb043e394c6ddcbd1775429ec95d492d9564
,,,冗余三元组,3.0,11.0,是,extraction,50e282008fdda86810f048e213c9dbd0e2f5df0a5efb5176f11c1f5844f7c83a
,,,冗余三元组,5.0,51.0,是,extraction,e2bf527310e351c009c5a9f48f941ad800bae5907f134cda086b77d5bcc332c8
,,,冗余三元组,18.0,51.0,是,extraction,a92cb4c88051854c8fca70a4fb2364d2b00da7188f1ea5f0ff12249d1cb98d17
,,,冗余三元组,7.0,22.0,是,extraction,197084ef0cc4cdfd4564ae30861c99b3397285c69dc9d2aed17542b14e877968
,,,冗余三元组,1.0,9.0,是,extraction,624decab269d81f72460ba79cb9b58e5e6bce7f6f9d148cad81c37f422422924
,,,冗余三元组,9.0,46.0,涉及,extraction,88296d87c8772de1f62481cd05298c2233cc8547e68abf531889d01e493a08cc
,,,冗余三元组,3.0,11.0,是,extraction,50e282008fdda86810f048e213c9dbd0e2f5df0a5efb5176f11c1f5844f7c83a
,,,冗余三元组,5.0,40.0,是,extraction,8292870b1b4c3c8f94d162cf2bb4323709f6ba64b0a6be958c56bc833404b8db
,,,冗余三元组,18.0,40.0,是,extraction,a5de43bfc641f5fc0624d49940a88d734691a195da04e3f6a79945ebcd7d032a
,,,冗余三元组,7.0,39.0,是,extraction,7af661cc823147f676b7839123ee9f6367bff42ed12db054d47907b23e6ea4d4
,,,冗余三元组,9.0,87.0,服务事项,extraction,01fae2c6203d987572e6298e2ab5686f9831d11e43392585df349bf3a09fbe22
,,,冗余三元组,11.0,9.0,权力类型,extraction,2c1c88acab62420824c092d4fa6632ca9b0bfffd2d1ca0586870856ec5f1ae16
,,,冗余三元组,9.0,16.0,包含,extraction,b4bd027f5bb5c31009aab6062273c66b5d98cc36d6e28a0f62391bd0045dd2bd
,,,冗余三元组,3.0,11.0,是,extraction,50e282008fdda86810f048e213c9dbd0e2f5df0a5efb5176f11c1f5844f7c83a
,,,冗余三元组,5.0,51.0,是,extraction,e2bf527310e351c009c5a9f48f941ad800bae5907f134cda086b77d5bcc332c8
,,,冗余三元组,7.0,52.0,是,extraction,837d09041764b0ea4c3ce5d960ec2ebb42393afe2e16ea5c0d2600f5c2eb5bf0
,,,冗余三元组,79.0,107.0,是,extraction,98daf5818126b6dcefbb8f5a4996e4ff22c2d4fe6b1d60c466d98c333eccc0af
,,,冗余三元组,3.0,11.0,是,extraction,50e282008fdda86810f048e213c9dbd0e2f5df0a5efb5176f11c1f5844f7c83a
,,,冗余三元组,5.0,31.0,是,extraction,2c6f3bdafc98d932c7f7050f5f175af5a4b04100d90ab9f36f240058f058592e
,,,冗余三元组,18.0,31.0,是,extraction,c9d5ad180bb8d07255831d5e02503978682a333c3a7dc2a9385ddc4bd55c50b6
,,,冗余三元组,7.0,15.0,是,extraction,78a5d87757a5308ac26e4fe80879ba6042490f842d45a3c0ccd86cb8e54cc9ef
,,,冗余三元组,1.0,9.0,包括,extraction,faf0ce8191eacfaa2463c2b297349347b524dc6e45d27869dd8175629020d62c
,,,冗余三元组,9.0,106.0,涉及,extraction,e953cda27fa5b7ce2472d37f26d62501fed6964e77c5a7106b1a3f52dbaa1db4
,,,冗余三元组,3.0,11.0,是,extraction,50e282008fdda86810f048e213c9dbd0e2f5df0a5efb5176f11c1f5844f7c83a
,,,冗余三元组,5.0,51.0,是,extraction,e2bf527310e351c009c5a9f48f941ad800bae5907f134cda086b77d5bcc332c8
,,,冗余三元组,18.0,51.0,是,extraction,a92cb4c88051854c8fca70a4fb2364d2b00da7188f1ea5f0ff12249d1cb98d17
,,,冗余三元组,7.0,39.0,是,extraction,7af661cc823147f676b7839123ee9f6367bff42ed12db054d47907b23e6ea4d4
,,,冗余三元组,79.0,107.0,是,extraction,98daf5818126b6dcefbb8f5a4996e4ff22c2d4fe6b1d60c466d98c333eccc0af
,,,冗余三元组,9.0,11.0,权力类型,extraction,b5270ff23b4693f9faeedb6b65516fdd5efc92b742070c5e73d78adc89eeb49b
,,,冗余三元组,9.0,39.0,实施依据,extraction,7a157a755bcab4cb88f69f5706d32debf05825b74166035ee5cf741d6628f3a5
,,,冗余三元组,1.0,98.0,包括,extraction,153aa50c74d9680698c188bc739f876803842bf242be24b3b848ba504d4863b9
,,,冗余三元组,3.0,4.0,是,extraction,d08580506622eb3b009abbcab184c7d6527dc171bbca042f5d2132b53eb48841
,,,冗余三元组,5.0,145.0,是,extraction,83084a30d64cbfb706df40847b1301cded67c74eab12e8e401e47ce97f732206
,,,冗余三元组,18.0,145.0,是,extraction,a97d81f813ccd9827571fc65a59047026992bbac4a42faf5e409ea3021b38a64
,,,冗余三元组,7.0,95.0,是,extraction,1cd02fbe297e0d51ec3941cffe0149cd4c6453d3bebe7fc1dbad0f928614ed5b
,,,冗余三元组,11.0,9.0,权力类型,extraction,2c1c88acab62420824c092d4fa6632ca9b0bfffd2d1ca0586870856ec5f1ae16
,,,冗余三元组,31.0,9.0,行驶主体,extraction,ccb1bef15d2d252507dac02f21969ad9b0638fb1e4b825cdfaabe3eaa5a93455
,,,冗余三元组,31.0,9.0,承办机构,extraction,ad482f957e976c5118d65fefeaa6971951486ed5ea87c3c294470187c0b766c3
,,,冗余三元组,139.0,9.0,实施依据,extraction,faa4d7c918132344515d55d3126bdfe2d999cb0e31388c8ba1b53dfa07d555f3
,,,冗余三元组,9.0,134.0,服务事项,extraction,799407b5d3c598ff8c09e2c0fea4d5612c59415116cc5bfc54200bc62526c096
,,,冗余三元组,11.0,9.0,权力类型,extraction,2c1c88acab62420824c092d4fa6632ca9b0bfffd2d1ca0586870856ec5f1ae16
,,,冗余三元组,31.0,9.0,行驶主体,extraction,ccb1bef15d2d252507dac02f21969ad9b0638fb1e4b825cdfaabe3eaa5a93455
,,,冗余三元组,31.0,9.0,承办机构,extraction,ad482f957e976c5118d65fefeaa6971951486ed5ea87c3c294470187c0b766c3
,,,冗余三元组,9.0,22.0,实施依据,extraction,50cb666f2386eb540c17e3e2a65195f4f99203f560f5dc38b2422bf353a2742d
,,,冗余三元组,9.0,25.0,包含,extraction,3710856e6cb1f33981ac68f89c627d0b3d11e736c263602e31ca141c038f5bc1
,,,冗余三元组,3.0,11.0,是,extraction,50e282008fdda86810f048e213c9dbd0e2f5df0a5efb5176f11c1f5844f7c83a
,,,冗余三元组,5.0,21.0,是,extraction,b4659add0420ad8ebb0d8905309fc53163dbd7bcd426cdffc5edf231290bd7c6
,,,冗余三元组,18.0,21.0,是,extraction,9506de3854e84c42132772e5f1f3663cbe3d36d9e2c76da9d1c9c5ec622fc992
,,,冗余三元组,7.0,39.0,是,extraction,7af661cc823147f676b7839123ee9f6367bff42ed12db054d47907b23e6ea4d4
,,,冗余三元组,9.0,85.0,服务事项,extraction,1d28a5414ebb49b2149f491c9d25b43d99ea2cbfd450b07020d3fca062daa9a8
,,,冗余三元组,11.0,9.0,权力类型,extraction,2c1c88acab62420824c092d4fa6632ca9b0bfffd2d1ca0586870856ec5f1ae16
,,,冗余三元组,24.0,9.0,行驶主体,extraction,90a9fdac5ebef5a610edf20f99b4733fd9a0d155492c0c192a46ef1bbaac0331
,,,冗余三元组,24.0,9.0,承办机构,extraction,c20f9f12bcd7f579d07afbab9de42fa29760431e0e85ee0a80cc210217206cee
,,,冗余三元组,56.0,9.0,实施依据,extraction,2aa701a6492253a05a68571e741a49b2328fc2a88ea859975c7311178bf3cae8
,,,冗余三元组,1.0,142.0,包括,extraction,ccf5b80cecbea1006ec9a209f8db459fbf940525ec5a40e3ce41dfc5758d4771
,,,冗余三元组,3.0,4.0,是,extraction,d08580506622eb3b009abbcab184c7d6527dc171bbca042f5d2132b53eb48841
,,,冗余三元组,5.0,67.0,是,extraction,b1c0cfae9dbb469a051d1a074272cf12461a87bb2bd4c9fbc1c9ed646b871062
,,,冗余三元组,7.0,8.0,是,extraction,a8df68e79207503855ab786dfffb0202c022620e87f94a1c6a91d4def411cf95
,,,冗余三元组,9.0,60.0,服务事项,extraction,44a2d15ac7c3fcdfcabc65f302deb7cd406a02894f4ac3f303c362add067a749
,,,冗余三元组,11.0,9.0,权力类型,extraction,2c1c88acab62420824c092d4fa6632ca9b0bfffd2d1ca0586870856ec5f1ae16
,,,冗余三元组,17.0,9.0,行驶主体,extraction,d54539feac3abff9bf6d808d8e1d44846783f513b7f8b8090b5f30e96d1f416b
,,,冗余三元组,17.0,9.0,承办机构,extraction,4dc0f425f921a8129b2c20728d78db66682a5e5c281a11d2bc3694a1c4fd86ba
,,,冗余三元组,9.0,75.0,实施依据,extraction,b069e18244dc3de25475a38a5018615bd1bc65cf70668f0b4968039a40bbde1b
,,,冗余三元组,1.0,9.0,包括,extraction,faf0ce8191eacfaa2463c2b297349347b524dc6e45d27869dd8175629020d62c
,,,冗余三元组,9.0,87.0,涉及,extraction,adc426ba73110c0a3bfd3acce652388c9c7486f842d18c60d12f2c945ba3dc6f
,,,冗余三元组,3.0,11.0,是,extraction,50e282008fdda86810f048e213c9dbd0e2f5df0a5efb5176f11c1f5844f7c83a
,,,冗余三元组,5.0,51.0,是,extraction,e2bf527310e351c009c5a9f48f941ad800bae5907f134cda086b77d5bcc332c8
,,,冗余三元组,18.0,51.0,是,extraction,a92cb4c88051854c8fca70a4fb2364d2b00da7188f1ea5f0ff12249d1cb98d17
,,,冗余三元组,7.0,22.0,是,extraction,197084ef0cc4cdfd4564ae30861c99b3397285c69dc9d2aed17542b14e877968
,,,冗余三元组,9.0,87.0,服务事项,extraction,01fae2c6203d987572e6298e2ab5686f9831d11e43392585df349bf3a09fbe22
,,,冗余三元组,11.0,9.0,权力类型,extraction,2c1c88acab62420824c092d4fa6632ca9b0bfffd2d1ca0586870856ec5f1ae16
,,,冗余三元组,21.0,9.0,行驶主体,extraction,8720bf216690e0067640ccda2bc1a90b8e1a2f66fe57e1cf90fca56b7f7638c4
,,,冗余三元组,153.0,9.0,实施依据,extraction,ead3ff169dd37bccf82135f9fab8a0186686323b109cf25e9ecca0c6161e0568
,,,冗余三元组,9.0,44.0,服务事项,extraction,72689a0c26d7718f59eddd586a47fc5dd456605bf4f02a84d78e06a23c12beef
,,,冗余三元组,11.0,9.0,权力类型,extraction,2c1c88acab62420824c092d4fa6632ca9b0bfffd2d1ca0586870856ec5f1ae16
,,,冗余三元组,24.0,9.0,行驶主体,extraction,90a9fdac5ebef5a610edf20f99b4733fd9a0d155492c0c192a46ef1bbaac0331
,,,冗余三元组,24.0,9.0,承办机构,extraction,c20f9f12bcd7f579d07afbab9de42fa29760431e0e85ee0a80cc210217206cee
,,,冗余三元组,9.0,37.0,实施依据,extraction,9a96d27ac4525aa81a0801fc94ddf37e9413b7eaf7433948ad0a9766541e3ef4
,,,冗余三元组,9.0,44.0,服务事项,extraction,72689a0c26d7718f59eddd586a47fc5dd456605bf4f02a84d78e06a23c12beef
,,,冗余三元组,3.0,11.0,是,extraction,50e282008fdda86810f048e213c9dbd0e2f5df0a5efb5176f11c1f5844f7c83a
,,,冗余三元组,5.0,26.0,是,extraction,4072f57383ef693458d3eef57ef37ae1bbae2b003ec7bc05d3d07a737a272b53
,,,冗余三元组,18.0,26.0,是,extraction,ba75a3427e43490516afd81128bf869a212354b1eee0fc588681807f9f92b400
,,,冗余三元组,7.0,75.0,是,extraction,967bc50505fd1a44b23df820764b0ccbb4476ad6d7f62cfe2fb966ef7ddfec2f
,,,冗余三元组,1.0,9.0,是,extraction,624decab269d81f72460ba79cb9b58e5e6bce7f6f9d148cad81c37f422422924
,,,冗余三元组,9.0,103.0,涉及,extraction,57d85089f335cf57dcaee1331efc652cc84a61342db67076d4e26001c38f97b3
,,,冗余三元组,3.0,11.0,是,extraction,50e282008fdda86810f048e213c9dbd0e2f5df0a5efb5176f11c1f5844f7c83a
,,,冗余三元组,5.0,26.0,是,extraction,4072f57383ef693458d3eef57ef37ae1bbae2b003ec7bc05d3d07a737a272b53
,,,冗余三元组,18.0,26.0,是,extraction,ba75a3427e43490516afd81128bf869a212354b1eee0fc588681807f9f92b400
,,,冗余三元组,7.0,22.0,是,extraction,197084ef0cc4cdfd4564ae30861c99b3397285c69dc9d2aed17542b14e877968
,,,冗余三元组,9.0,35.0,服务事项,extraction,144c3f8daa59c283978fe847f0f3409435132f16c61fa617266d5d4ac94ef461
,,,冗余三元组,11.0,9.0,权力类型,extraction,2c1c88acab62420824c092d4fa6632ca9b0bfffd2d1ca0586870856ec5f1ae16
,,,冗余三元组,17.0,9.0,行驶主体,extraction,d54539feac3abff9bf6d808d8e1d44846783f513b7f8b8090b5f30e96d1f416b
,,,冗余三元组,17.0,9.0,承办机构,extraction,4dc0f425f921a8129b2c20728d78db66682a5e5c281a11d2bc3694a1c4fd86ba
,,,冗余三元组,56.0,9.0,实施依据,extraction,2aa701a6492253a05a68571e741a49b2328fc2a88ea859975c7311178bf3cae8
,,,冗余三元组,1.0,104.0,包括,extraction,a02bac9e3b4dbb26b9c308a0388ce65ee84b752d2eefd8a4310433cc0e1e5ef0
,,,冗余三元组,3.0,4.0,是,extraction,d08580506622eb3b009abbcab184c7d6527dc171bbca042f5d2132b53eb48841
,,,冗余三元组,5.0,88.0,是,extraction,34b0b2b2f5ef9ca8627377a4578c1d8ac2883634e5281d6f2b795bc2970e3a54
,,,冗余三元组,18.0,88.0,是,extraction,9b8831fcca315f583eb898bbe87221bc757b5487b1b7060e7a0473335401dac8
,,,冗余三元组,7.0,101.0,是,extraction,ad8d8be96f4573b9b3b1ef94e788fff08f57033016f187c2d7d4fa95458d1926
,,,冗余三元组,1.0,9.0,包括,extraction,faf0ce8191eacfaa2463c2b297349347b524dc6e45d27869dd8175629020d62c
,,,冗余三元组,9.0,46.0,涉及,extraction,88296d87c8772de1f62481cd05298c2233cc8547e68abf531889d01e493a08cc
,,,冗余三元组,3.0,11.0,是,extraction,50e282008fdda86810f048e213c9dbd0e2f5df0a5efb5176f11c1f5844f7c83a
,,,冗余三元组,5.0,34.0,是,extraction,b7ccd1f45a95923d796ee92ca6942743da3195e27df18f974cf96b23ad3bdee0
,,,冗余三元组,18.0,34.0,是,extraction,ff1e933d5261241bef0fea2b84067f048ac6f4995720d8766a2256c92ae8aeb3
,,,冗余三元组,7.0,22.0,是,extraction,197084ef0cc4cdfd4564ae30861c99b3397285c69dc9d2aed17542b14e877968
,,,冗余三元组,9.0,35.0,服务事项,extraction,144c3f8daa59c283978fe847f0f3409435132f16c61fa617266d5d4ac94ef461
,,,冗余三元组,3.0,11.0,是,extraction,50e282008fdda86810f048e213c9dbd0e2f5df0a5efb5176f11c1f5844f7c83a
,,,冗余三元组,5.0,72.0,是,extraction,3193458bfcf47922b1d51aadb67f0f6b05d7b6fb22371da712ccefd4020951ec
,,,冗余三元组,18.0,72.0,是,extraction,c794a8e2cd19d975feb25749b2782d3cabac1ee76b6a00c05ac964d38c018d95
,,,冗余三元组,7.0,75.0,是,extraction,967bc50505fd1a44b23df820764b0ccbb4476ad6d7f62cfe2fb966ef7ddfec2f
,,,冗余三元组,9.0,16.0,包含,extraction,b4bd027f5bb5c31009aab6062273c66b5d98cc36d6e28a0f62391bd0045dd2bd
,,,冗余三元组,3.0,11.0,是,extraction,50e282008fdda86810f048e213c9dbd0e2f5df0a5efb5176f11c1f5844f7c83a
,,,冗余三元组,5.0,40.0,是,extraction,8292870b1b4c3c8f94d162cf2bb4323709f6ba64b0a6be958c56bc833404b8db
,,,冗余三元组,18.0,40.0,是,extraction,a5de43bfc641f5fc0624d49940a88d734691a195da04e3f6a79945ebcd7d032a
,,,冗余三元组,7.0,75.0,是,extraction,967bc50505fd1a44b23df820764b0ccbb4476ad6d7f62cfe2fb966ef7ddfec2f
,,,冗余三元组,79.0,107.0,是,extraction,98daf5818126b6dcefbb8f5a4996e4ff22c2d4fe6b1d60c466d98c333eccc0af
,,,冗余三元组,9.0,28.0,服务事项,extraction,e01535c3b904454b0ff179c335d7c29cef5d4411d5722d344749cdfe035cb413
,,,冗余三元组,11.0,9.0,权力类型,extraction,2c1c88acab62420824c092d4fa6632ca9b0bfffd2d1ca0586870856ec5f1ae16
,,,冗余三元组,94.0,9.0,行驶主体,extraction,6b95c87132e4ec346c975714cf2e96c15c17e4f1818fdc41d06b784e51989bd9
,,,冗余三元组,94.0,9.0,承办机构,extraction,223f2c3f19904745b14fb423eb2051d818c339c1821fdbed03cd3bc88286f568
,,,冗余三元组,9.0,39.0,实施依据,extraction,7a157a755bcab4cb88f69f5706d32debf05825b74166035ee5cf741d6628f3a5
,,,冗余三元组,9.0,58.0,包含,extraction,179b29517f3de67c7be95a2cc37a3dea771d50f0d98ecc20d7fca6948efadfa4
,,,冗余三元组,3.0,11.0,是,extraction,50e282008fdda86810f048e213c9dbd0e2f5df0a5efb5176f11c1f5844f7c83a
,,,冗余三元组,5.0,24.0,是,extraction,a45c285399e79f71b53d56a3e3f57b9730d4444107e0584b5a841b34e5f55b95
,,,冗余三元组,18.0,24.0,是,extraction,88cf080e4f34e6525ff5c6a4eb66b3306184d2efaab2e6b1834686bbd9c5678a
,,,冗余三元组,7.0,15.0,是,extraction,78a5d87757a5308ac26e4fe80879ba6042490f842d45a3c0ccd86cb8e54cc9ef
,,,冗余三元组,1.0,9.0,包括,extraction,faf0ce8191eacfaa2463c2b297349347b524dc6e45d27869dd8175629020d62c
,,,冗余三元组,9.0,25.0,涉及,extraction,78702f72f61bc98548eecb5eaa17caa7242237d3df09017c8cca03183453005f
,,,冗余三元组,3.0,11.0,是,extraction,50e282008fdda86810f048e213c9dbd0e2f5df0a5efb5176f11c1f5844f7c83a
,,,冗余三元组,5.0,31.0,是,extraction,2c6f3bdafc98d932c7f7050f5f175af5a4b04100d90ab9f36f240058f058592e
,,,冗余三元组,18.0,31.0,是,extraction,c9d5ad180bb8d07255831d5e02503978682a333c3a7dc2a9385ddc4bd55c50b6
,,,冗余三元组,7.0,77.0,是,extraction,bb10b8e785712bb1f818c31459d6128acd9bf2a72b634bdd17e27b1886f98f66
,,,冗余三元组,1.0,9.0,包括,extraction,faf0ce8191eacfaa2463c2b297349347b524dc6e45d27869dd8175629020d62c
,,,冗余三元组,9.0,33.0,包含,extraction,98caf4c7bdcbc25b6fa72e7625d9bb043e394c6ddcbd1775429ec95d492d9564
,,,冗余三元组,3.0,11.0,是,extraction,50e282008fdda86810f048e213c9dbd0e2f5df0a5efb5176f11c1f5844f7c83a
,,,冗余三元组,5.0,26.0,是,extraction,4072f57383ef693458d3eef57ef37ae1bbae2b003ec7bc05d3d07a737a272b53
,,,冗余三元组,18.0,26.0,是,extraction,ba75a3427e43490516afd81128bf869a212354b1eee0fc588681807f9f92b400
,,,冗余三元组,7.0,52.0,是,extraction,837d09041764b0ea4c3ce5d960ec2ebb42393afe2e16ea5c0d2600f5c2eb5bf0
,,,冗余三元组,147.0,148.0,是,extraction,108354cddb94ac7a5515b4fcb32d0d205cc943bb54bc7bd8cc3a8a766760eac8
,,,冗余三元组,1.0,47.0,包括,extraction,3ff60d7272f0699378cf6abfa0aacb7a75af63581d52f987c6d8ff0d17106d55
,,,冗余三元组,3.0,4.0,是,extraction,d08580506622eb3b009abbcab184c7d6527dc171bbca042f5d2132b53eb48841
,,,冗余三元组,5.0,67.0,是,extraction,b1c0cfae9dbb469a051d1a074272cf12461a87bb2bd4c9fbc1c9ed646b871062
,,,冗余三元组,18.0,67.0,是,extraction,b1abd2a904cf4f612cf500593734a7934d92ea6069a419efe1632a2243cc8bf4
,,,冗余三元组,7.0,43.0,是,extraction,4c4490cf17df9d62dc2be26a210688e1ec07644d4fee160bc0991d1a1f3fd1d2
,,,冗余三元组,3.0,11.0,是,extraction,50e282008fdda86810f048e213c9dbd0e2f5df0a5efb5176f11c1f5844f7c83a
,,,冗余三元组,5.0,21.0,是,extraction,b4659add0420ad8ebb0d8905309fc53163dbd7bcd426cdffc5edf231290bd7c6
,,,冗余三元组,18.0,21.0,是,extraction,9506de3854e84c42132772e5f1f3663cbe3d36d9e2c76da9d1c9c5ec622fc992
,,,冗余三元组,7.0,75.0,是,extraction,967bc50505fd1a44b23df820764b0ccbb4476ad6d7f62cfe2fb966ef7ddfec2f
,,,冗余三元组,9.0,58.0,包含,extraction,179b29517f3de67c7be95a2cc37a3dea771d50f0d98ecc20d7fca6948efadfa4
,,,冗余三元组,3.0,11.0,是,extraction,50e282008fdda86810f048e213c9dbd0e2f5df0a5efb5176f11c1f5844f7c83a
,,,冗余三元组,5.0,94.0,是,extraction,ee4f01b8cd6860d9706fc3d8915740df5f4bcd9fb38433e999846d6e6b64a544
,,,冗余三元组,18.0,94.0,是,extraction,3142c19af9375761de87e22130c05235eef52f9a842b3d5e204357dfb8c6d1b0
,,,冗余三元组,7.0,54.0,是,extraction,c8ae73e9f17b71b5a3a1abb3e9657a041d2f51a99bca64780fc95ced120ebd74
,,,冗余三元组,9.0,10.0,服务事项,extraction,094430bd0583679b540a313ff8562bed14c377b3114320d5074a7c7d4240bdf0
,,,冗余三元组,11.0,9.0,权力类型,extraction,2c1c88acab62420824c092d4fa6632ca9b0bfffd2d1ca0586870856ec5f1ae16
,,,冗余三元组,36.0,9.0,行驶主体,extraction,2bb141e373fa3a9f858b722e3fce3c75c30c0951a31507e53eabe2956f0ca6c9
,,,冗余三元组,36.0,9.0,承办机构,extraction,03e8353bf4bdf2d1d8ca727cf1c3d89475ad02d01821c90d8c21326161a8b80a
,,,冗余三元组,1.0,47.0,包括,extraction,3ff60d7272f0699378cf6abfa0aacb7a75af63581d52f987c6d8ff0d17106d55
,,,冗余三元组,3.0,4.0,是,extraction,d08580506622eb3b009abbcab184c7d6527dc171bbca042f5d2132b53eb48841
,,,冗余三元组,5.0,49.0,是,extraction,5a422091bd436f6ff75c3dee0d0c1dc08cafd19299121ca73ce59f34f42a839e
,,,冗余三元组,9.0,87.0,服务事项,extraction,01fae2c6203d987572e6298e2ab5686f9831d11e43392585df349bf3a09fbe22
,,,冗余三元组,11.0,9.0,权力类型,extraction,2c1c88acab62420824c092d4fa6632ca9b0bfffd2d1ca0586870856ec5f1ae16
,,,冗余三元组,12.0,9.0,行驶主体,extraction,3ff53e6fd9c4c8777d8bcdb901c679075356d4898cf3e5c953cf8e27171f8769
,,,冗余三元组,12.0,9.0,承办机构,extraction,c8145c60506466db53528df95e91fa6ba3e67ced241d312631beec33e43c8e1b
,,,冗余三元组,15.0,9.0,实施依据,extraction,30065e9335f48a6d2ea7d266e3745a8fee23677a17aec17c94145f996cf846b4
,,,冗余三元组,1.0,104.0,包括,extraction,a02bac9e3b4dbb26b9c308a0388ce65ee84b752d2eefd8a4310433cc0e1e5ef0
,,,冗余三元组,3.0,4.0,是,extraction,d08580506622eb3b009abbcab184c7d6527dc171bbca042f5d2132b53eb48841
,,,冗余三元组,5.0,146.0,是,extraction,10e9ef90db9a5fdd7d594367a67dafbfa1e2b112946d9775b47c132a66b0b8d0
,,,冗余三元组,18.0,146.0,是,extraction,c364eb10ee58191ef2d2b5dd7e2805c612436d430d111bb3b9d68bb410db292e
,,,冗余三元组,7.0,43.0,是,extraction,4c4490cf17df9d62dc2be26a210688e1ec07644d4fee160bc0991d1a1f3fd1d2
,,,冗余三元组,9.0,28.0,服务事项,extraction,e01535c3b904454b0ff179c335d7c29cef5d4411d5722d344749cdfe035cb413
,,,冗余三元组,11.0,9.0,权力类型,extraction,2c1c88acab62420824c092d4fa6632ca9b0bfffd2d1ca0586870856ec5f1ae16
,,,冗余三元组,21.0,9.0,行驶主体,extraction,8720bf216690e0067640ccda2bc1a90b8e1a2f66fe57e1cf90fca56b7f7638c4
,,,冗余三元组,21.0,9.0,承办机构,extraction,f6f3f5a2c0535b46220fb05fa7d9d286c6a7bf3d1296438d2b596460b67fc2fa
,,,冗余三元组,9.0,32.0,实施依据,extraction,398979265a4fd321855f2846927c940b9fbd773caf2167d3286aa4793595986c
,,,冗余三元组,9.0,38.0,服务事项,extraction,90b1c4ae8bb56834bae18d4a5292194781d1f0cfb8809f43f676df6b3ec1f848
,,,冗余三元组,3.0,11.0,是,extraction,50e282008fdda86810f048e213c9dbd0e2f5df0a5efb5176f11c1f5844f7c83a
,,,冗余三元组,5.0,26.0,是,extraction,4072f57383ef693458d3eef57ef37ae1bbae2b003ec7bc05d3d07a737a272b53
,,,冗余三元组,18.0,26.0,是,extraction,ba75a3427e43490516afd81128bf869a212354b1eee0fc588681807f9f92b400
,,,冗余三元组,7.0,52.0,是,extraction,837d09041764b0ea4c3ce5d960ec2ebb42393afe2e16ea5c0d2600f5c2eb5bf0
,,,冗余三元组,1.0,115.0,指导,extraction,09e464d141e4ec1387f649e1d74f71059a3fa37b91ff819d2f7fc5c71815a9ec
,,,冗余三元组,3.0,11.0,是,extraction,50e282008fdda86810f048e213c9dbd0e2f5df0a5efb5176f11c1f5844f7c83a
,,,冗余三元组,5.0,116.0,是,extraction,a180f43bb9376f0dadbff129dc98b4571e55ee9b17695dc94c639f2f06116156
,,,冗余三元组,9.0,162.0,服务事项,extraction,8d8781e538b9647880563459ce9bdb8924f41796d33ca720c5b4a7bcf70a3afb
,,,冗余三元组,3.0,11.0,是,extraction,50e282008fdda86810f048e213c9dbd0e2f5df0a5efb5176f11c1f5844f7c83a
,,,冗余三元组,5.0,24.0,是,extraction,a45c285399e79f71b53d56a3e3f57b9730d4444107e0584b5a841b34e5f55b95
,,,冗余三元组,18.0,24.0,是,extraction,88cf080e4f34e6525ff5c6a4eb66b3306184d2efaab2e6b1834686bbd9c5678a
,,,冗余三元组,7.0,32.0,是,extraction,073f036e35642723f2166a01b5dd7ed651e8e12d4b157faa68c7de45faec6092
,,,冗余三元组,9.0,44.0,服务事项,extraction,72689a0c26d7718f59eddd586a47fc5dd456605bf4f02a84d78e06a23c12beef
,,,冗余三元组,11.0,9.0,权力类型,extraction,2c1c88acab62420824c092d4fa6632ca9b0bfffd2d1ca0586870856ec5f1ae16
,,,冗余三元组,21.0,9.0,行驶主体,extraction,8720bf216690e0067640ccda2bc1a90b8e1a2f66fe57e1cf90fca56b7f7638c4
,,,冗余三元组,13.0,9.0,实施依据,extraction,c5cdf1c9ff5118abcb30d97ed24d89e3e73612d7c4e196831252ce2f5c407eb5
,,,冗余三元组,9.0,16.0,包含,extraction,b4bd027f5bb5c31009aab6062273c66b5d98cc36d6e28a0f62391bd0045dd2bd
,,,冗余三元组,3.0,11.0,是,extraction,50e282008fdda86810f048e213c9dbd0e2f5df0a5efb5176f11c1f5844f7c83a
,,,冗余三元组,5.0,51.0,是,extraction,e2bf527310e351c009c5a9f48f941ad800bae5907f134cda086b77d5bcc332c8
,,,冗余三元组,18.0,51.0,是,extraction,a92cb4c88051854c8fca70a4fb2364d2b00da7188f1ea5f0ff12249d1cb98d17
,,,冗余三元组,7.0,13.0,是,extraction,8492960f1bc3d93d88011d3dd04d0e5ea635c6431041eee20154964cb6e6123b
,,,冗余三元组,1.0,2.0,包括,extraction,8eed295a113f65a4a62a3fcc8ced1ab09cb3fa29433f0307efe4a0b555ab2fc8
,,,冗余三元组,3.0,4.0,是,extraction,d08580506622eb3b009abbcab184c7d6527dc171bbca042f5d2132b53eb48841
,,,冗余三元组,5.0,6.0,是,extraction,e3d784209b3132640a6d9914181823f121f4122b402c3846198b7ec3f020ba71
,,,冗余三元组,18.0,6.0,是,extraction,bba9ab5391378ec577467b66d6b8cecc34f97be1980160752e82b0a949e0a80f
,,,冗余三元组,7.0,124.0,是,extraction,d222c1f56f490a1e415684cbbc6e991c10fda381f1f717dfad297fdda7e8f88d
,,,冗余三元组,9.0,35.0,服务事项,extraction,144c3f8daa59c283978fe847f0f3409435132f16c61fa617266d5d4ac94ef461
,,,冗余三元组,3.0,11.0,是,extraction,50e282008fdda86810f048e213c9dbd0e2f5df0a5efb5176f11c1f5844f7c83a
,,,冗余三元组,5.0,26.0,是,extraction,4072f57383ef693458d3eef57ef37ae1bbae2b003ec7bc05d3d07a737a272b53
,,,冗余三元组,18.0,26.0,是,extraction,ba75a3427e43490516afd81128bf869a212354b1eee0fc588681807f9f92b400
,,,冗余三元组,7.0,27.0,是,extraction,bbec78b3a1b60a712cedd4646e2dac85ab1c2c87f823dec552775d9b40fa2e92
,,,冗余三元组,9.0,58.0,包含,extraction,179b29517f3de67c7be95a2cc37a3dea771d50f0d98ecc20d7fca6948efadfa4
,,,冗余三元组,3.0,11.0,是,extraction,50e282008fdda86810f048e213c9dbd0e2f5df0a5efb5176f11c1f5844f7c83a
,,,冗余三元组,5.0,121.0,是,extraction,20323703345f596061d82c773802f8fb616df2689c6d990f811815dfbfea4e11
,,,冗余三元组,18.0,30.0,是,extraction,390da1d934e648f99cce08ddf4d9970fc48fb9c0e84d7950994252ba39eda2b2
,,,冗余三元组,7.0,32.0,是,extraction,073f036e35642723f2166a01b5dd7ed651e8e12d4b157faa68c7de45faec6092
,,,冗余三元组,1.0,104.0,包括,extraction,a02bac9e3b4dbb26b9c308a0388ce65ee84b752d2eefd8a4310433cc0e1e5ef0
,,,冗余三元组,3.0,4.0,是,extraction,d08580506622eb3b009abbcab184c7d6527dc171bbca042f5d2132b53eb48841
,,,冗余三元组,5.0,49.0,是,extraction,5a422091bd436f6ff75c3dee0d0c1dc08cafd19299121ca73ce59f34f42a839e
,,,冗余三元组,18.0,49.0,是,extraction,3275a807305e60ac35d36236775ad5af407bb5191652b68ba8009da6f003c465
,,,冗余三元组,7.0,86.0,是,extraction,9080d476b35d51d910e412f7d99b1165046958a57f4eb9c8c5a9582ebc0afb87
,,,冗余三元组,1.0,100.0,包括,extraction,9017bd17c06071fa8ae0e38ee317c91ace5c98d327abeecdab763b4d938f33eb
,,,冗余三元组,3.0,4.0,是,extraction,d08580506622eb3b009abbcab184c7d6527dc171bbca042f5d2132b53eb48841
,,,冗余三元组,5.0,67.0,是,extraction,b1c0cfae9dbb469a051d1a074272cf12461a87bb2bd4c9fbc1c9ed646b871062
,,,冗余三元组,18.0,67.0,是,extraction,b1abd2a904cf4f612cf500593734a7934d92ea6069a419efe1632a2243cc8bf4
,,,冗余三元组,7.0,101.0,是,extraction,ad8d8be96f4573b9b3b1ef94e788fff08f57033016f187c2d7d4fa95458d1926
,,,冗余三元组,3.0,11.0,是,extraction,50e282008fdda86810f048e213c9dbd0e2f5df0a5efb5176f11c1f5844f7c83a
,,,冗余三元组,5.0,12.0,是,extraction,35a18cae718128eedc48777ca1e2e9b3abc4bdbbe1d0e435067e3c5dbdca3f63
,,,冗余三元组,7.0,52.0,是,extraction,837d09041764b0ea4c3ce5d960ec2ebb42393afe2e16ea5c0d2600f5c2eb5bf0
,,,冗余三元组,9.0,85.0,服务事项,extraction,1d28a5414ebb49b2149f491c9d25b43d99ea2cbfd450b07020d3fca062daa9a8
,,,冗余三元组,11.0,9.0,权力类型,extraction,2c1c88acab62420824c092d4fa6632ca9b0bfffd2d1ca0586870856ec5f1ae16
,,,冗余三元组,24.0,9.0,行驶主体,extraction,90a9fdac5ebef5a610edf20f99b4733fd9a0d155492c0c192a46ef1bbaac0331
,,,冗余三元组,24.0,9.0,承办机构,extraction,c20f9f12bcd7f579d07afbab9de42fa29760431e0e85ee0a80cc210217206cee
,,,冗余三元组,56.0,9.0,实施依据,extraction,2aa701a6492253a05a68571e741a49b2328fc2a88ea859975c7311178bf3cae8
,,,冗余三元组,1.0,23.0,包括,extraction,5407119728c98cec1668095a608f6fa08472d9464eb609fca4d1bce1943e93f2
,,,冗余三元组,3.0,11.0,是,extraction,50e282008fdda86810f048e213c9dbd0e2f5df0a5efb5176f11c1f5844f7c83a
,,,冗余三元组,5.0,30.0,是,extraction,b8c42a73848d151fb19153682dd14995902d02478bbe012a2ed29acf2c22965a
,,,冗余三元组,18.0,30.0,是,extraction,390da1d934e648f99cce08ddf4d9970fc48fb9c0e84d7950994252ba39eda2b2
,,,冗余三元组,7.0,32.0,是,extraction,073f036e35642723f2166a01b5dd7ed651e8e12d4b157faa68c7de45faec6092
,,,冗余三元组,1.0,100.0,包括,extraction,9017bd17c06071fa8ae0e38ee317c91ace5c98d327abeecdab763b4d938f33eb
,,,冗余三元组,3.0,4.0,是,extraction,d08580506622eb3b009abbcab184c7d6527dc171bbca042f5d2132b53eb48841
,,,冗余三元组,5.0,120.0,是,extraction,00eaf608b857f0f653dd94e1eb5fea35abe5dd9354b4dc0d1d73d28f9f887ac4
,,,冗余三元组,7.0,50.0,是,extraction,a5ec0bedae55a68712cd4f15b137c7dceff9f667581ec88152348e1a1bfb85be
,,,冗余三元组,9.0,44.0,服务事项,extraction,72689a0c26d7718f59eddd586a47fc5dd456605bf4f02a84d78e06a23c12beef
,,,冗余三元组,11.0,9.0,权力类型,extraction,2c1c88acab62420824c092d4fa6632ca9b0bfffd2d1ca0586870856ec5f1ae16
,,,冗余三元组,94.0,9.0,行驶主体,extraction,6b95c87132e4ec346c975714cf2e96c15c17e4f1818fdc41d06b784e51989bd9
,,,冗余三元组,9.0,75.0,实施依据,extraction,b069e18244dc3de25475a38a5018615bd1bc65cf70668f0b4968039a40bbde1b
,,,冗余三元组,9.0,44.0,服务事项,extraction,72689a0c26d7718f59eddd586a47fc5dd456605bf4f02a84d78e06a23c12beef
,,,冗余三元组,11.0,9.0,权力类型,extraction,2c1c88acab62420824c092d4fa6632ca9b0bfffd2d1ca0586870856ec5f1ae16
,,,冗余三元组,59.0,9.0,行驶主体,extraction,193c41f4cedaedda527bd313520f71683420dc645ca0b9a3dea0f6c76276ce29
,,,冗余三元组,59.0,9.0,承办机构,extraction,ec322c4bba17a606ccb11f92ee2aa4590994122286493f43f144e98ed357fd1d
,,,冗余三元组,15.0,9.0,实施依据,extraction,30065e9335f48a6d2ea7d266e3745a8fee23677a17aec17c94145f996cf846b4
,,,冗余三元组,9.0,123.0,服务事项,extraction,4b7582e1086b6cdae9333c5a9e1ecf8b9713bedb88d994403be45ab9e5c44173
,,,冗余三元组,11.0,9.0,权力类型,extraction,2c1c88acab62420824c092d4fa6632ca9b0bfffd2d1ca0586870856ec5f1ae16
,,,冗余三元组,26.0,9.0,行驶主体,extraction,b7f508c96b7e31d53e42b89bda9c220a63394d3abc2bfb97ead76fe8f0ae7cde
,,,冗余三元组,26.0,9.0,承办机构,extraction,6ba4c93b6c8444c963cac8fb6a734dc4bf582da3e277b397d52ae7c9382ad5c4
,,,冗余三元组,52.0,9.0,实施依据,extraction,92ba4015d01f3e5455062ca8d752b75ec5bcf978169a33ceb412796ed3575c13
,,,冗余三元组,1.0,23.0,包括,extraction,5407119728c98cec1668095a608f6fa08472d9464eb609fca4d1bce1943e93f2
,,,冗余三元组,3.0,11.0,是,extraction,50e282008fdda86810f048e213c9dbd0e2f5df0a5efb5176f11c1f5844f7c83a
,,,冗余三元组,5.0,51.0,是,extraction,e2bf527310e351c009c5a9f48f941ad800bae5907f134cda086b77d5bcc332c8
,,,冗余三元组,18.0,51.0,是,extraction,a92cb4c88051854c8fca70a4fb2364d2b00da7188f1ea5f0ff12249d1cb98d17
,,,冗余三元组,7.0,22.0,是,extraction,197084ef0cc4cdfd4564ae30861c99b3397285c69dc9d2aed17542b14e877968
,,,冗余三元组,1.0,23.0,包括,extraction,5407119728c98cec1668095a608f6fa08472d9464eb609fca4d1bce1943e93f2
,,,冗余三元组,3.0,11.0,是,extraction,50e282008fdda86810f048e213c9dbd0e2f5df0a5efb5176f11c1f5844f7c83a
,,,冗余三元组,5.0,24.0,是,extraction,a45c285399e79f71b53d56a3e3f57b9730d4444107e0584b5a841b34e5f55b95
,,,冗余三元组,18.0,24.0,是,extraction,88cf080e4f34e6525ff5c6a4eb66b3306184d2efaab2e6b1834686bbd9c5678a
,,,冗余三元组,7.0,27.0,是,extraction,bbec78b3a1b60a712cedd4646e2dac85ab1c2c87f823dec552775d9b40fa2e92
,,,冗余三元组,147.0,148.0,是,extraction,108354cddb94ac7a5515b4fcb32d0d205cc943bb54bc7bd8cc3a8a766760eac8
,,,冗余三元组,3.0,11.0,是,extraction,50e282008fdda86810f048e213c9dbd0e2f5df0a5efb5176f11c1f5844f7c83a
,,,冗余三元组,5.0,59.0,是,extraction,8117b4dc68ddf4093480012c3282a38fd093fcf169e9c5ee6a711a0ba692c666
,,,冗余三元组,18.0,59.0,是,extraction,c5c9a9584680fe9f1466df4afb358f2b52741db286c7ee58cfac843bb582c597
,,,冗余三元组,7.0,22.0,是,extraction,197084ef0cc4cdfd4564ae30861c99b3397285c69dc9d2aed17542b14e877968
,,,冗余三元组,147.0,148.0,是,extraction,108354cddb94ac7a5515b4fcb32d0d205cc943bb54bc7bd8cc3a8a766760eac8
,,,冗余三元组,9.0,16.0,包含事项,extraction,25f0d8b83661026b5b5a31ff652d24e03d40f972ae81ffd1f79c7d03833e4ab1
,,,冗余三元组,3.0,11.0,是,extraction,50e282008fdda86810f048e213c9dbd0e2f5df0a5efb5176f11c1f5844f7c83a
,,,冗余三元组,5.0,72.0,是,extraction,3193458bfcf47922b1d51aadb67f0f6b05d7b6fb22371da712ccefd4020951ec
,,,冗余三元组,18.0,72.0,是,extraction,c794a8e2cd19d975feb25749b2782d3cabac1ee76b6a00c05ac964d38c018d95
,,,冗余三元组,7.0,54.0,是,extraction,c8ae73e9f17b71b5a3a1abb3e9657a041d2f51a99bca64780fc95ced120ebd74
,,,冗余三元组,3.0,11.0,是,extraction,50e282008fdda86810f048e213c9dbd0e2f5df0a5efb5176f11c1f5844f7c83a
,,,冗余三元组,5.0,21.0,是,extraction,b4659add0420ad8ebb0d8905309fc53163dbd7bcd426cdffc5edf231290bd7c6
,,,冗余三元组,18.0,21.0,是,extraction,9506de3854e84c42132772e5f1f3663cbe3d36d9e2c76da9d1c9c5ec622fc992
,,,冗余三元组,7.0,37.0,是,extraction,b677acb9754aa12371f933788edb5497d7a3e714a706d1968813418a6dee73ed
,,,冗余三元组,1.0,9.0,包含,extraction,651a82410787ca89f5e3eb203fb512f9ebe2934c326d3f3b935a02fdb29102c8
,,,冗余三元组,9.0,46.0,涉及,extraction,88296d87c8772de1f62481cd05298c2233cc8547e68abf531889d01e493a08cc
,,,冗余三元组,3.0,11.0,是,extraction,50e282008fdda86810f048e213c9dbd0e2f5df0a5efb5176f11c1f5844f7c83a
,,,冗余三元组,5.0,40.0,是,extraction,8292870b1b4c3c8f94d162cf2bb4323709f6ba64b0a6be958c56bc833404b8db
,,,冗余三元组,18.0,40.0,是,extraction,a5de43bfc641f5fc0624d49940a88d734691a195da04e3f6a79945ebcd7d032a
,,,冗余三元组,7.0,27.0,是,extraction,bbec78b3a1b60a712cedd4646e2dac85ab1c2c87f823dec552775d9b40fa2e92
,,,冗余三元组,3.0,4.0,是,extraction,d08580506622eb3b009abbcab184c7d6527dc171bbca042f5d2132b53eb48841
,,,冗余三元组,5.0,157.0,是,extraction,264e61a15131d1c60a5b1c4e5eb94ce6cedd8a0af999aebef24bd4d8f34f6b2b
,,,冗余三元组,7.0,95.0,是,extraction,1cd02fbe297e0d51ec3941cffe0149cd4c6453d3bebe7fc1dbad0f928614ed5b
,,,冗余三元组,9.0,60.0,服务事项,extraction,44a2d15ac7c3fcdfcabc65f302deb7cd406a02894f4ac3f303c362add067a749
,,,冗余三元组,3.0,11.0,是,extraction,50e282008fdda86810f048e213c9dbd0e2f5df0a5efb5176f11c1f5844f7c83a
,,,冗余三元组,5.0,17.0,是,extraction,7f07a66f4ec01d1e3a8f39dcf819db630fa1fa37e1a5fd78944e7c734d978235
,,,冗余三元组,18.0,17.0,是,extraction,64e28edcbe2a10b8014b06111cbbcc792d80ddf83b6df5ce5549c03486107411
,,,冗余三元组,9.0,57.0,包含,extraction,82417ff3d5244fb2e202b941d2ba3c123453dc2619fa07085fe04b70f4d9208b
,,,冗余三元组,3.0,11.0,是,extraction,50e282008fdda86810f048e213c9dbd0e2f5df0a5efb5176f11c1f5844f7c83a
,,,冗余三元组,5.0,24.0,是,extraction,a45c285399e79f71b53d56a3e3f57b9730d4444107e0584b5a841b34e5f55b95
,,,冗余三元组,18.0,24.0,是,extraction,88cf080e4f34e6525ff5c6a4eb66b3306184d2efaab2e6b1834686bbd9c5678a
,,,冗余三元组,7.0,22.0,是,extraction,197084ef0cc4cdfd4564ae30861c99b3397285c69dc9d2aed17542b14e877968
,,,冗余三元组,1.0,9.0,是,extraction,624decab269d81f72460ba79cb9b58e5e6bce7f6f9d148cad81c37f422422924
,,,冗余三元组,5.0,40.0,为,extraction,c8b3084837be82ec5227c3752463c2d276d65bfb688cb58da765984d396f91da
,,,冗余三元组,7.0,27.0,来自,extraction,6d9711a3e227a3847111ba3a976b8b16df779e89247b0058ded4709f54b8964a
,,,冗余三元组,9.0,123.0,服务事项,extraction,4b7582e1086b6cdae9333c5a9e1ecf8b9713bedb88d994403be45ab9e5c44173
,,,冗余三元组,11.0,9.0,权力类型,extraction,2c1c88acab62420824c092d4fa6632ca9b0bfffd2d1ca0586870856ec5f1ae16
,,,冗余三元组,31.0,9.0,行驶主体,extraction,ccb1bef15d2d252507dac02f21969ad9b0638fb1e4b825cdfaabe3eaa5a93455
,,,冗余三元组,31.0,9.0,承办机构,extraction,ad482f957e976c5118d65fefeaa6971951486ed5ea87c3c294470187c0b766c3
,,,冗余三元组,19.0,9.0,实施依据,extraction,13be8d2b8063386989168eb1289ba9fd91ef75a9389fe6d42235d3a722dcf184
,,,冗余三元组,9.0,16.0,包含事项,extraction,25f0d8b83661026b5b5a31ff652d24e03d40f972ae81ffd1f79c7d03833e4ab1
,,,冗余三元组,3.0,11.0,是,extraction,50e282008fdda86810f048e213c9dbd0e2f5df0a5efb5176f11c1f5844f7c83a
,,,冗余三元组,5.0,17.0,是,extraction,7f07a66f4ec01d1e3a8f39dcf819db630fa1fa37e1a5fd78944e7c734d978235
,,,冗余三元组,18.0,17.0,是,extraction,64e28edcbe2a10b8014b06111cbbcc792d80ddf83b6df5ce5549c03486107411
,,,冗余三元组,7.0,54.0,是,extraction,c8ae73e9f17b71b5a3a1abb3e9657a041d2f51a99bca64780fc95ced120ebd74
,,,冗余三元组,1.0,9.0,包括,extraction,faf0ce8191eacfaa2463c2b297349347b524dc6e45d27869dd8175629020d62c
,,,冗余三元组,9.0,76.0,涉及,extraction,76a091454cb493c01a2945e70ad4bfd585d5e569ca6737022b21c44f56ee342d
,,,冗余三元组,3.0,11.0,是,extraction,50e282008fdda86810f048e213c9dbd0e2f5df0a5efb5176f11c1f5844f7c83a
,,,冗余三元组,5.0,94.0,是,extraction,ee4f01b8cd6860d9706fc3d8915740df5f4bcd9fb38433e999846d6e6b64a544
,,,冗余三元组,18.0,94.0,是,extraction,3142c19af9375761de87e22130c05235eef52f9a842b3d5e204357dfb8c6d1b0
,,,冗余三元组,7.0,77.0,是,extraction,bb10b8e785712bb1f818c31459d6128acd9bf2a72b634bdd17e27b1886f98f66
,,,冗余三元组,9.0,10.0,服务事项,extraction,094430bd0583679b540a313ff8562bed14c377b3114320d5074a7c7d4240bdf0
,,,冗余三元组,11.0,9.0,权力类型,extraction,2c1c88acab62420824c092d4fa6632ca9b0bfffd2d1ca0586870856ec5f1ae16
,,,冗余三元组,31.0,9.0,行驶主体,extraction,ccb1bef15d2d252507dac02f21969ad9b0638fb1e4b825cdfaabe3eaa5a93455
,,,冗余三元组,31.0,9.0,承办机构,extraction,ad482f957e976c5118d65fefeaa6971951486ed5ea87c3c294470187c0b766c3
,,,冗余三元组,1.0,41.0,包括,extraction,ee1394a800f07d8331b9bf646933ccaacd401bffe877cf6d5822526a4348b5e3
,,,冗余三元组,3.0,4.0,是,extraction,d08580506622eb3b009abbcab184c7d6527dc171bbca042f5d2132b53eb48841
,,,冗余三元组,5.0,49.0,是,extraction,5a422091bd436f6ff75c3dee0d0c1dc08cafd19299121ca73ce59f34f42a839e
,,,冗余三元组,18.0,49.0,是,extraction,3275a807305e60ac35d36236775ad5af407bb5191652b68ba8009da6f003c465
,,,冗余三元组,7.0,43.0,是,extraction,4c4490cf17df9d62dc2be26a210688e1ec07644d4fee160bc0991d1a1f3fd1d2
,,,冗余三元组,9.0,108.0,包含,extraction,c73447109ff8e4ef0f8a6e2a187466df8fba597f0f90c9bda9adce97e16181b0
,,,冗余三元组,3.0,109.0,是,extraction,cabd62a5534d4b83f813a092e279dd22891a9ceebbc162bea2078d49dfb6f401
,,,冗余三元组,7.0,111.0,是,extraction,42b3f8fdc41b1f6848605514457e9b67d993f80f644a0b8bc9e0dd78f418fcd9
,,,冗余三元组,1.0,9.0,是,extraction,624decab269d81f72460ba79cb9b58e5e6bce7f6f9d148cad81c37f422422924
,,,冗余三元组,9.0,28.0,涉及,extraction,22c81295636a2c8d95e683725d86aa2e9d65841507a79cbab936668a96103c4a
,,,冗余三元组,3.0,11.0,是,extraction,50e282008fdda86810f048e213c9dbd0e2f5df0a5efb5176f11c1f5844f7c83a
,,,冗余三元组,5.0,26.0,是,extraction,4072f57383ef693458d3eef57ef37ae1bbae2b003ec7bc05d3d07a737a272b53
,,,冗余三元组,1.0,9.0,包括,extraction,faf0ce8191eacfaa2463c2b297349347b524dc6e45d27869dd8175629020d62c
,,,冗余三元组,9.0,57.0,包含,extraction,82417ff3d5244fb2e202b941d2ba3c123453dc2619fa07085fe04b70f4d9208b
,,,冗余三元组,3.0,11.0,是,extraction,50e282008fdda86810f048e213c9dbd0e2f5df0a5efb5176f11c1f5844f7c83a
,,,冗余三元组,5.0,17.0,是,extraction,7f07a66f4ec01d1e3a8f39dcf819db630fa1fa37e1a5fd78944e7c734d978235
,,,冗余三元组,18.0,17.0,是,extraction,64e28edcbe2a10b8014b06111cbbcc792d80ddf83b6df5ce5549c03486107411
,,,冗余三元组,7.0,22.0,是,extraction,197084ef0cc4cdfd4564ae30861c99b3397285c69dc9d2aed17542b14e877968
,,,冗余三元组,9.0,16.0,包含事项,extraction,25f0d8b83661026b5b5a31ff652d24e03d40f972ae81ffd1f79c7d03833e4ab1
,,,冗余三元组,3.0,11.0,是,extraction,50e282008fdda86810f048e213c9dbd0e2f5df0a5efb5176f11c1f5844f7c83a
,,,冗余三元组,5.0,72.0,是,extraction,3193458bfcf47922b1d51aadb67f0f6b05d7b6fb22371da712ccefd4020951ec
,,,冗余三元组,18.0,72.0,是,extraction,c794a8e2cd19d975feb25749b2782d3cabac1ee76b6a00c05ac964d38c018d95
,,,冗余三元组,7.0,19.0,是,extraction,2a88a034ef5cece9cf9929570f46e66e84f0658e91d26787747fdf65ecaa61b4
,,,冗余三元组,9.0,33.0,服务事项,extraction,f8ece3819bc42811ed0164398e7e7dafa6a7a0dc5480d525c06016c842cf8e20
,,,冗余三元组,3.0,11.0,是,extraction,50e282008fdda86810f048e213c9dbd0e2f5df0a5efb5176f11c1f5844f7c83a
,,,冗余三元组,5.0,40.0,是,extraction,8292870b1b4c3c8f94d162cf2bb4323709f6ba64b0a6be958c56bc833404b8db
,,,冗余三元组,18.0,40.0,是,extraction,a5de43bfc641f5fc0624d49940a88d734691a195da04e3f6a79945ebcd7d032a
,,,冗余三元组,7.0,13.0,是,extraction,8492960f1bc3d93d88011d3dd04d0e5ea635c6431041eee20154964cb6e6123b
,,,冗余三元组,3.0,11.0,是,extraction,50e282008fdda86810f048e213c9dbd0e2f5df0a5efb5176f11c1f5844f7c83a
,,,冗余三元组,5.0,30.0,是,extraction,b8c42a73848d151fb19153682dd14995902d02478bbe012a2ed29acf2c22965a
,,,冗余三元组,18.0,30.0,是,extraction,390da1d934e648f99cce08ddf4d9970fc48fb9c0e84d7950994252ba39eda2b2
,,,冗余三元组,7.0,13.0,是,extraction,8492960f1bc3d93d88011d3dd04d0e5ea635c6431041eee20154964cb6e6123b
,,,冗余三元组,9.0,10.0,服务事项,extraction,094430bd0583679b540a313ff8562bed14c377b3114320d5074a7c7d4240bdf0
,,,冗余三元组,11.0,9.0,权力类型,extraction,2c1c88acab62420824c092d4fa6632ca9b0bfffd2d1ca0586870856ec5f1ae16
,,,冗余三元组,17.0,9.0,行驶主体,extraction,d54539feac3abff9bf6d808d8e1d44846783f513b7f8b8090b5f30e96d1f416b
,,,冗余三元组,17.0,9.0,承办机构,extraction,4dc0f425f921a8129b2c20728d78db66682a5e5c281a11d2bc3694a1c4fd86ba
,,,冗余三元组,22.0,9.0,实施依据,extraction,9373ba201a4c801d670d95bae72e5682f347f4d7fcaac421ed63434545887485
,,,冗余三元组,9.0,74.0,服务事项,extraction,f0d4481859cdbd3734a9602a072a2bbd22e88f546375495f7a60f9780960d1a7
,,,冗余三元组,11.0,9.0,权力类型,extraction,2c1c88acab62420824c092d4fa6632ca9b0bfffd2d1ca0586870856ec5f1ae16
,,,冗余三元组,12.0,9.0,行驶主体,extraction,3ff53e6fd9c4c8777d8bcdb901c679075356d4898cf3e5c953cf8e27171f8769
,,,冗余三元组,12.0,9.0,承办机构,extraction,c8145c60506466db53528df95e91fa6ba3e67ced241d312631beec33e43c8e1b
,,,冗余三元组,9.0,13.0,实施依据,extraction,c14343871ebc6c05298b2236c82c2e8337431d852c0efaefa36132dada8a4925
,,,冗余三元组,1.0,96.0,是,extraction,4485056c7459cd2409438582b8596fd9cde2b21f128246348d3cb90af7541215
,,,冗余三元组,3.0,11.0,是,extraction,50e282008fdda86810f048e213c9dbd0e2f5df0a5efb5176f11c1f5844f7c83a
,,,冗余三元组,5.0,97.0,是,extraction,05ff48063737ef72f1c58903714c30ab85ae84bc5a8bca637e2e844e3e89e9ac
,,,冗余三元组,18.0,55.0,是,extraction,0b564873a65e10aeb7fc84f33955aa7ea08cd3bdebad158d5c28f35d5e385bc4
,,,冗余三元组,7.0,39.0,是,extraction,7af661cc823147f676b7839123ee9f6367bff42ed12db054d47907b23e6ea4d4
,,,冗余三元组,1.0,9.0,包括,extraction,faf0ce8191eacfaa2463c2b297349347b524dc6e45d27869dd8175629020d62c
,,,冗余三元组,9.0,57.0,涉及,extraction,f74e2c92fc4c69f9f63dfdc63ef03af7e56c32168ca7ee96d045066ee8d447dc
,,,冗余三元组,3.0,11.0,是,extraction,50e282008fdda86810f048e213c9dbd0e2f5df0a5efb5176f11c1f5844f7c83a
,,,冗余三元组,5.0,26.0,是,extraction,4072f57383ef693458d3eef57ef37ae1bbae2b003ec7bc05d3d07a737a272b53
,,,冗余三元组,7.0,13.0,是,extraction,8492960f1bc3d93d88011d3dd04d0e5ea635c6431041eee20154964cb6e6123b
,,,冗余三元组,9.0,108.0,包含,extraction,c73447109ff8e4ef0f8a6e2a187466df8fba597f0f90c9bda9adce97e16181b0
,,,冗余三元组,3.0,109.0,是,extraction,cabd62a5534d4b83f813a092e279dd22891a9ceebbc162bea2078d49dfb6f401
,,,冗余三元组,5.0,169.0,是,extraction,3b761bf8400d21affa189b9917c0e8eb6828b4e4892685774f01ae1a2eb6f229
,,,冗余三元组,18.0,169.0,是,extraction,117361ee09507bd3fc25e4e847d8f1e231d7db91a13ee58eaa126f9e816dd82d
,,,冗余三元组,7.0,111.0,是,extraction,42b3f8fdc41b1f6848605514457e9b67d993f80f644a0b8bc9e0dd78f418fcd9
,,,冗余三元组,9.0,33.0,服务事项,extraction,f8ece3819bc42811ed0164398e7e7dafa6a7a0dc5480d525c06016c842cf8e20
,,,冗余三元组,11.0,9.0,权力类型,extraction,2c1c88acab62420824c092d4fa6632ca9b0bfffd2d1ca0586870856ec5f1ae16
,,,冗余三元组,21.0,9.0,行驶主体,extraction,8720bf216690e0067640ccda2bc1a90b8e1a2f66fe57e1cf90fca56b7f7638c4
,,,冗余三元组,1.0,9.0,包括,extraction,faf0ce8191eacfaa2463c2b297349347b524dc6e45d27869dd8175629020d62c
,,,冗余三元组,9.0,58.0,包含,extraction,179b29517f3de67c7be95a2cc37a3dea771d50f0d98ecc20d7fca6948efadfa4
,,,冗余三元组,3.0,11.0,是,extraction,50e282008fdda86810f048e213c9dbd0e2f5df0a5efb5176f11c1f5844f7c83a
,,,冗余三元组,5.0,34.0,是,extraction,b7ccd1f45a95923d796ee92ca6942743da3195e27df18f974cf96b23ad3bdee0
,,,冗余三元组,18.0,137.0,是,extraction,c38e38e4d3f62f14c0e12f651d9ac3c2767e0f183f001e6f940be317207a85f7
,,,冗余三元组,1.0,23.0,包括,extraction,5407119728c98cec1668095a608f6fa08472d9464eb609fca4d1bce1943e93f2
,,,冗余三元组,3.0,11.0,是,extraction,50e282008fdda86810f048e213c9dbd0e2f5df0a5efb5176f11c1f5844f7c83a
,,,冗余三元组,5.0,40.0,是,extraction,8292870b1b4c3c8f94d162cf2bb4323709f6ba64b0a6be958c56bc833404b8db
,,,冗余三元组,18.0,40.0,是,extraction,a5de43bfc641f5fc0624d49940a88d734691a195da04e3f6a79945ebcd7d032a
,,,冗余三元组,7.0,15.0,是,extraction,78a5d87757a5308ac26e4fe80879ba6042490f842d45a3c0ccd86cb8e54cc9ef
,,,冗余三元组,1.0,9.0,包括,extraction,faf0ce8191eacfaa2463c2b297349347b524dc6e45d27869dd8175629020d62c
,,,冗余三元组,9.0,25.0,涉及,extraction,78702f72f61bc98548eecb5eaa17caa7242237d3df09017c8cca03183453005f
,,,冗余三元组,3.0,11.0,是,extraction,50e282008fdda86810f048e213c9dbd0e2f5df0a5efb5176f11c1f5844f7c83a
,,,冗余三元组,5.0,72.0,是,extraction,3193458bfcf47922b1d51aadb67f0f6b05d7b6fb22371da712ccefd4020951ec
,,,冗余三元组,18.0,72.0,是,extraction,c794a8e2cd19d975feb25749b2782d3cabac1ee76b6a00c05ac964d38c018d95
,,,冗余三元组,7.0,15.0,是,extraction,78a5d87757a5308ac26e4fe80879ba6042490f842d45a3c0ccd86cb8e54cc9ef
,,,冗余三元组,1.0,9.0,包括,extraction,faf0ce8191eacfaa2463c2b297349347b524dc6e45d27869dd8175629020d62c
,,,冗余三元组,3.0,11.0,是,extraction,50e282008fdda86810f048e213c9dbd0e2f5df0a5efb5176f11c1f5844f7c83a
,,,冗余三元组,5.0,51.0,是,extraction,e2bf527310e351c009c5a9f48f941ad800bae5907f134cda086b77d5bcc332c8
,,,冗余三元组,18.0,51.0,是,extraction,a92cb4c88051854c8fca70a4fb2364d2b00da7188f1ea5f0ff12249d1cb98d17
,,,冗余三元组,7.0,54.0,是,extraction,c8ae73e9f17b71b5a3a1abb3e9657a041d2f51a99bca64780fc95ced120ebd74
,,,冗余三元组,1.0,9.0,包括,extraction,faf0ce8191eacfaa2463c2b297349347b524dc6e45d27869dd8175629020d62c
,,,冗余三元组,9.0,106.0,涉及,extraction,e953cda27fa5b7ce2472d37f26d62501fed6964e77c5a7106b1a3f52dbaa1db4
,,,冗余三元组,3.0,11.0,是,extraction,50e282008fdda86810f048e213c9dbd0e2f5df0a5efb5176f11c1f5844f7c83a
,,,冗余三元组,5.0,24.0,是,extraction,a45c285399e79f71b53d56a3e3f57b9730d4444107e0584b5a841b34e5f55b95
,,,冗余三元组,18.0,24.0,是,extraction,88cf080e4f34e6525ff5c6a4eb66b3306184d2efaab2e6b1834686bbd9c5678a
,,,冗余三元组,7.0,54.0,是,extraction,c8ae73e9f17b71b5a3a1abb3e9657a041d2f51a99bca64780fc95ced120ebd74
,,,冗余三元组,9.0,58.0,包含,extraction,179b29517f3de67c7be95a2cc37a3dea771d50f0d98ecc20d7fca6948efadfa4
,,,冗余三元组,3.0,11.0,是,extraction,50e282008fdda86810f048e213c9dbd0e2f5df0a5efb5176f11c1f5844f7c83a
,,,冗余三元组,5.0,121.0,是,extraction,20323703345f596061d82c773802f8fb616df2689c6d990f811815dfbfea4e11
,,,冗余三元组,18.0,34.0,是,extraction,ff1e933d5261241bef0fea2b84067f048ac6f4995720d8766a2256c92ae8aeb3
,,,冗余三元组,7.0,39.0,是,extraction,7af661cc823147f676b7839123ee9f6367bff42ed12db054d47907b23e6ea4d4
,,,冗余三元组,1.0,9.0,包括,extraction,faf0ce8191eacfaa2463c2b297349347b524dc6e45d27869dd8175629020d62c
,,,冗余三元组,9.0,46.0,涉及,extraction,88296d87c8772de1f62481cd05298c2233cc8547e68abf531889d01e493a08cc
,,,冗余三元组,3.0,92.0,是,extraction,845b1c6463b79e5610e683d79fe1d14932c4b4629c98f21531c9fd8d894f8170
,,,冗余三元组,5.0,31.0,是,extraction,2c6f3bdafc98d932c7f7050f5f175af5a4b04100d90ab9f36f240058f058592e
,,,冗余三元组,18.0,31.0,是,extraction,c9d5ad180bb8d07255831d5e02503978682a333c3a7dc2a9385ddc4bd55c50b6
,,,冗余三元组,7.0,54.0,是,extraction,c8ae73e9f17b71b5a3a1abb3e9657a041d2f51a99bca64780fc95ced120ebd74
,,,冗余三元组,1.0,9.0,包括,extraction,faf0ce8191eacfaa2463c2b297349347b524dc6e45d27869dd8175629020d62c
,,,冗余三元组,9.0,123.0,涉及问题,extraction,edea0eb663b2051814bb87d182a7a5aea98761d8ce266dcc47871904a9a51418
,,,冗余三元组,3.0,11.0,包括,extraction,553945424ee9264926e877f79802fe355d88aae9d463bbba918b0236276f8cc0
,,,冗余三元组,5.0,51.0,是,extraction,e2bf527310e351c009c5a9f48f941ad800bae5907f134cda086b77d5bcc332c8
,,,冗余三元组,18.0,51.0,是,extraction,a92cb4c88051854c8fca70a4fb2364d2b00da7188f1ea5f0ff12249d1cb98d17
,,,冗余三元组,7.0,77.0,来自,extraction,9583238568172e6e0620113b86070d564c9447abbf54cdd6626cd14cf06073f0
,,,冗余三元组,9.0,112.0,服务事项,extraction,1c723f4c840d61029493870780afd52b6f79a87126f71ef2050b209d8ac25981
,,,冗余三元组,11.0,9.0,权力类型,extraction,2c1c88acab62420824c092d4fa6632ca9b0bfffd2d1ca0586870856ec5f1ae16
,,,冗余三元组,94.0,9.0,行驶主体,extraction,6b95c87132e4ec346c975714cf2e96c15c17e4f1818fdc41d06b784e51989bd9
,,,冗余三元组,94.0,9.0,承办机构,extraction,223f2c3f19904745b14fb423eb2051d818c339c1821fdbed03cd3bc88286f568
,,,冗余三元组,9.0,22.0,依据,extraction,9efc455579b5bf890521f97f4df464d9b699e32934385e9c0d55fd219150e611
,,,冗余三元组,1.0,9.0,包括,extraction,faf0ce8191eacfaa2463c2b297349347b524dc6e45d27869dd8175629020d62c
,,,冗余三元组,9.0,57.0,包含,extraction,82417ff3d5244fb2e202b941d2ba3c123453dc2619fa07085fe04b70f4d9208b
,,,冗余三元组,3.0,11.0,是,extraction,50e282008fdda86810f048e213c9dbd0e2f5df0a5efb5176f11c1f5844f7c83a
,,,冗余三元组,5.0,30.0,是,extraction,b8c42a73848d151fb19153682dd14995902d02478bbe012a2ed29acf2c22965a
,,,冗余三元组,7.0,15.0,是,extraction,78a5d87757a5308ac26e4fe80879ba6042490f842d45a3c0ccd86cb8e54cc9ef
,,,冗余三元组,1.0,41.0,包括,extraction,ee1394a800f07d8331b9bf646933ccaacd401bffe877cf6d5822526a4348b5e3
,,,冗余三元组,3.0,4.0,是,extraction,d08580506622eb3b009abbcab184c7d6527dc171bbca042f5d2132b53eb48841
,,,冗余三元组,5.0,88.0,是,extraction,34b0b2b2f5ef9ca8627377a4578c1d8ac2883634e5281d6f2b795bc2970e3a54
,,,冗余三元组,18.0,89.0,是,extraction,02794c837ace80e44289042bbb4c35923615d66250f7b645b5905da3ba8025dd
,,,冗余三元组,7.0,93.0,是,extraction,260fc1907adb6d01fcbf120d000111b6d81b0a8104d6b76ab1b8ce110adffc75
,,,冗余三元组,1.0,9.0,是,extraction,624decab269d81f72460ba79cb9b58e5e6bce7f6f9d148cad81c37f422422924
,,,冗余三元组,3.0,11.0,是,extraction,50e282008fdda86810f048e213c9dbd0e2f5df0a5efb5176f11c1f5844f7c83a
,,,冗余三元组,5.0,36.0,是,extraction,c71360788330970e9271c94692c552bea317a6f243c833496857e49d68ae2bdc
,,,冗余三元组,7.0,37.0,是,extraction,b677acb9754aa12371f933788edb5497d7a3e714a706d1968813418a6dee73ed
,,,冗余三元组,1.0,142.0,包括,extraction,ccf5b80cecbea1006ec9a209f8db459fbf940525ec5a40e3ce41dfc5758d4771
,,,冗余三元组,3.0,4.0,是,extraction,d08580506622eb3b009abbcab184c7d6527dc171bbca042f5d2132b53eb48841
,,,冗余三元组,5.0,149.0,是,extraction,02d580fe21a1017c7b432fa6128fe3aea79aabe688ccb4896a9e96e97aa229a1
,,,冗余三元组,7.0,86.0,是,extraction,9080d476b35d51d910e412f7d99b1165046958a57f4eb9c8c5a9582ebc0afb87
,,,冗余三元组,9.0,35.0,服务事项,extraction,144c3f8daa59c283978fe847f0f3409435132f16c61fa617266d5d4ac94ef461
,,,冗余三元组,11.0,9.0,权力类型,extraction,2c1c88acab62420824c092d4fa6632ca9b0bfffd2d1ca0586870856ec5f1ae16
,,,冗余三元组,17.0,9.0,行驶主体,extraction,d54539feac3abff9bf6d808d8e1d44846783f513b7f8b8090b5f30e96d1f416b
,,,冗余三元组,17.0,9.0,承办机构,extraction,4dc0f425f921a8129b2c20728d78db66682a5e5c281a11d2bc3694a1c4fd86ba
,,,冗余三元组,9.0,39.0,实施依据,extraction,7a157a755bcab4cb88f69f5706d32debf05825b74166035ee5cf741d6628f3a5
,,,冗余三元组,9.0,16.0,包含,extraction,b4bd027f5bb5c31009aab6062273c66b5d98cc36d6e28a0f62391bd0045dd2bd
,,,冗余三元组,3.0,11.0,是,extraction,50e282008fdda86810f048e213c9dbd0e2f5df0a5efb5176f11c1f5844f7c83a
,,,冗余三元组,5.0,30.0,是,extraction,b8c42a73848d151fb19153682dd14995902d02478bbe012a2ed29acf2c22965a
,,,冗余三元组,18.0,30.0,是,extraction,390da1d934e648f99cce08ddf4d9970fc48fb9c0e84d7950994252ba39eda2b2
,,,冗余三元组,7.0,77.0,是,extraction,bb10b8e785712bb1f818c31459d6128acd9bf2a72b634bdd17e27b1886f98f66
,,,冗余三元组,9.0,28.0,服务事项,extraction,e01535c3b904454b0ff179c335d7c29cef5d4411d5722d344749cdfe035cb413
,,,冗余三元组,11.0,9.0,权力类型,extraction,2c1c88acab62420824c092d4fa6632ca9b0bfffd2d1ca0586870856ec5f1ae16
,,,冗余三元组,21.0,9.0,行驶主体,extraction,8720bf216690e0067640ccda2bc1a90b8e1a2f66fe57e1cf90fca56b7f7638c4
,,,冗余三元组,21.0,9.0,承办机构,extraction,f6f3f5a2c0535b46220fb05fa7d9d286c6a7bf3d1296438d2b596460b67fc2fa
,,,冗余三元组,130.0,9.0,实施依据,extraction,38da9de9b54a846a766cfab905588e9deedcd107d9d7592424648fd2e00160e9
,,,冗余三元组,9.0,60.0,服务事项,extraction,44a2d15ac7c3fcdfcabc65f302deb7cd406a02894f4ac3f303c362add067a749
,,,冗余三元组,3.0,11.0,是,extraction,50e282008fdda86810f048e213c9dbd0e2f5df0a5efb5176f11c1f5844f7c83a
,,,冗余三元组,5.0,121.0,是,extraction,20323703345f596061d82c773802f8fb616df2689c6d990f811815dfbfea4e11
,,,冗余三元组,7.0,77.0,是,extraction,bb10b8e785712bb1f818c31459d6128acd9bf2a72b634bdd17e27b1886f98f66
,,,冗余三元组,1.0,96.0,涉及,extraction,d5355b287d6101f61255e64568107cc1285182bef648af21324801dc39eb7934
,,,冗余三元组,3.0,11.0,是,extraction,50e282008fdda86810f048e213c9dbd0e2f5df0a5efb5176f11c1f5844f7c83a
,,,冗余三元组,5.0,97.0,是,extraction,05ff48063737ef72f1c58903714c30ab85ae84bc5a8bca637e2e844e3e89e9ac
,,,冗余三元组,18.0,17.0,是,extraction,64e28edcbe2a10b8014b06111cbbcc792d80ddf83b6df5ce5549c03486107411
,,,冗余三元组,7.0,39.0,是,extraction,7af661cc823147f676b7839123ee9f6367bff42ed12db054d47907b23e6ea4d4
