cohort,case_id,arm,g,initial_errors,final_errors,error_reduction,clean_fact_preservation,overrepair_rate,triple_precision,triple_recall,triple_f1,exact_match,normalized_f1,normalized_exact,repair
receipt,sroie-087,no_def_simple,1,0.0,0.0,1.0,1.0,0.0,1.0,1.0,1.0,1.0,1.0,1.0,
receipt,sroie-087,no_def_simple,0,0.0,0.0,1.0,1.0,0.0,1.0,1.0,1.0,1.0,1.0,1.0,
controlled,finance-396b0d02c4c1,p0d0,1,3.0,0.0,1.0,1.0,0.0,1.0,1.0,1.0,1.0,,,1.0
controlled,finance-396b0d02c4c1,p0d0,0,3.0,0.0,1.0,1.0,0.0,1.0,1.0,1.0,1.0,,,1.0
natural,environment-4c4fd0e3970b,p1d1,1,0.0,0.0,1.0,1.0,0.0,1.0,1.0,1.0,1.0,,,
natural,environment-4c4fd0e3970b,p1d1,0,0.0,0.0,1.0,1.0,0.0,1.0,1.0,1.0,1.0,,,
controlled,environment-38fd486ef1b7,p0d1,1,3.0,0.0,1.0,1.0,0.0,1.0,1.0,1.0,1.0,,,1.0
controlled,environment-38fd486ef1b7,p0d1,0,3.0,0.0,1.0,1.0,0.0,1.0,1.0,1.0,1.0,,,1.0
controlled,finance-0578051bec55,p1d1,1,3.0,0.0,1.0,1.0,0.0,1.0,1.0,1.0,1.0,,,1.0
controlled,finance-0578051bec55,p1d1,0,3.0,0.0,1.0,1.0,0.0,1.0,1.0,1.0,1.0,,,1.0
receipt,sroie-465,random,1,0.0,0.0,1.0,1.0,0.0,1.0,1.0,1.0,1.0,1.0,1.0,
receipt,sroie-465,random,0,0.0,0.0,1.0,1.0,0.0,1.0,1.0,1.0,1.0,1.0,1.0,
receipt,sroie-391,no_def_simple,1,4.0,6.0,-0.5,0.5,1.0,0.25,0.25,0.25,0.0,0.25,0.0,
receipt,sroie-391,no_def_simple,0,4.0,6.0,-0.5,0.5,1.0,0.25,0.25,0.25,0.0,0.25,0.0,
controlled,environment-1c5e4f114bd3,p0d0,1,4.0,0.0,1.0,1.0,0.0,1.0,1.0,1.0,1.0,,,1.0
controlled,environment-1c5e4f114bd3,p0d0,0,4.0,0.0,1.0,1.0,0.0,1.0,1.0,1.0,1.0,,,1.0
controlled,government-08f42137d50f,p1d1,1,4.0,0.0,1.0,1.0,0.0,1.0,1.0,1.0,1.0,,,1.0
controlled,government-08f42137d50f,p1d1,0,4.0,0.0,1.0,1.0,0.0,1.0,1.0,1.0,1.0,,,1.0
controlled,environment-0c6bdf88582b,p0d1,1,4.0,0.0,1.0,1.0,0.0,1.0,1.0,1.0,1.0,,,1.0
controlled,environment-0c6bdf88582b,p0d1,0,4.0,0.0,1.0,1.0,0.0,1.0,1.0,1.0,1.0,,,1.0
receipt,sroie-507,no_def_simple,1,2.0,2.0,0.0,1.0,0.0,0.75,0.75,0.75,0.0,0.75,0.0,
receipt,sroie-507,no_def_simple,0,2.0,2.0,0.0,1.0,0.0,0.75,0.75,0.75,0.0,0.75,0.0,
controlled,government-1b02073ace3b,p0d0,1,4.0,0.0,1.0,1.0,0.0,1.0,1.0,1.0,1.0,,,1.0
controlled,government-1b02073ace3b,p0d0,0,4.0,0.0,1.0,1.0,0.0,1.0,1.0,1.0,1.0,,,1.0
controlled,environment-29ecdbb5e2da,p0d0,1,3.0,0.0,1.0,1.0,0.0,1.0,1.0,1.0,1.0,,,1.0
controlled,environment-29ecdbb5e2da,p0d0,0,3.0,0.0,1.0,1.0,0.0,1.0,1.0,1.0,1.0,,,1.0
natural,government-3235e3648e32,p1d0,1,7.0,1.0,0.8571428571428571,1.0,0.0,1.0,0.8571428571428571,0.923076923076923,0.0,,,
natural,government-3235e3648e32,p1d0,0,7.0,2.0,0.7142857142857143,1.0,0.14285714285714285,0.8571428571428571,0.8571428571428571,0.8571428571428571,0.0,,,
controlled,government-123148e99b2a,p1d1,1,3.0,0.0,1.0,1.0,0.0,1.0,1.0,1.0,1.0,,,1.0
controlled,government-123148e99b2a,p1d1,0,3.0,0.0,1.0,1.0,0.0,1.0,1.0,1.0,1.0,,,1.0
controlled,government-2ff87373f537,p0d0,1,3.0,0.0,1.0,1.0,0.0,1.0,1.0,1.0,1.0,,,1.0
controlled,government-2ff87373f537,p0d0,0,3.0,0.0,1.0,1.0,0.0,1.0,1.0,1.0,1.0,,,1.0
receipt,sroie-471,random,1,0.0,2.0,0.0,0.75,1.0,0.75,0.75,0.75,0.0,0.75,0.0,
receipt,sroie-471,random,0,0.0,2.0,0.0,0.75,1.0,0.75,0.75,0.75,0.0,0.75,0.0,
receipt,sroie-290,no_def_simple,1,4.0,2.0,0.5,1.0,0.0,0.75,0.75,0.75,0.0,0.75,0.0,
receipt,sroie-290,no_def_simple,0,4.0,2.0,0.5,1.0,0.0,0.75,0.75,0.75,0.0,0.75,0.0,
natural,finance-2f5191a50246,p0d1,1,0.0,0.0,1.0,1.0,0.0,1.0,1.0,1.0,1.0,,,
natural,finance-2f5191a50246,p0d1,0,0.0,0.0,1.0,1.0,0.0,1.0,1.0,1.0,1.0,,,
receipt,sroie-287,no_def_simple,1,0.0,0.0,1.0,1.0,0.0,1.0,1.0,1.0,1.0,1.0,1.0,
receipt,sroie-287,no_def_simple,0,0.0,0.0,1.0,1.0,0.0,1.0,1.0,1.0,1.0,1.0,1.0,
controlled,government-2259afc0e111,p0d0,1,3.0,0.0,1.0,1.0,0.0,1.0,1.0,1.0,1.0,,,1.0
controlled,government-2259afc0e111,p0d0,0,3.0,0.0,1.0,1.0,0.0,1.0,1.0,1.0,1.0,,,1.0
controlled,government-27ceaef34223,p0d0,1,2.0,1.0,0.5,1.0,0.0,1.0,0.8571428571428571,0.923076923076923,0.0,,,0.5
controlled,government-27ceaef34223,p0d0,0,2.0,2.0,0.0,1.0,0.5,0.8571428571428571,0.8571428571428571,0.8571428571428571,0.0,,,0.5
natural,government-08f42137d50f,p1d0,1,4.0,4.0,0.0,1.0,0.0,0.7142857142857143,0.7142857142857143,0.7142857142857143,0.0,,,
natural,government-08f42137d50f,p1d0,0,4.0,4.0,0.0,1.0,0.0,0.7142857142857143,0.7142857142857143,0.7142857142857143,0.0,,,
controlled,finance-323400020ae8,p0d0,1,4.0,0.0,1.0,1.0,0.0,1.0,1.0,1.0,1.0,,,1.0
controlled,finance-323400020ae8,p0d0,0,4.0,0.0,1.0,1.0,0.0,1.0,1.0,1.0,1.0,,,1.0
receipt,sroie-586,anchors,1,2.0,2.0,0.0,1.0,0.5,0.75,0.75,0.75,0.0,1.0,1.0,
receipt,sroie-586,anchors,0,2.0,2.0,0.0,1.0,0.5,0.75,0.75,0.75,0.0,1.0,1.0,
receipt,sroie-140,anchors,1,0.0,0.0,1.0,1.0,0.0,1.0,1.0,1.0,1.0,1.0,1.0,
receipt,sroie-140,anchors,0,0.0,0.0,1.0,1.0,0.0,1.0,1.0,1.0,1.0,1.0,1.0,
natural,finance-0940112f81b2,p1d1,1,0.0,0.0,1.0,1.0,0.0,1.0,1.0,1.0,1.0,,,
natural,finance-0940112f81b2,p1d1,0,0.0,0.0,1.0,1.0,0.0,1.0,1.0,1.0,1.0,,,
natural,government-2b05bdf976f6,p1d0,1,7.0,4.0,0.42857142857142855,1.0,0.2857142857142857,0.7142857142857143,0.7142857142857143,0.7142857142857143,0.0,,,
natural,government-2b05bdf976f6,p1d0,0,7.0,4.0,0.42857142857142855,1.0,0.2857142857142857,0.7142857142857143,0.7142857142857143,0.7142857142857143,0.0,,,
receipt,sroie-536,no_def_full,1,0.0,2.0,0.0,0.75,1.0,0.75,0.75,0.75,0.0,0.75,0.0,
receipt,sroie-536,no_def_full,0,0.0,2.0,0.0,0.75,1.0,0.75,0.75,0.75,0.0,0.75,0.0,
controlled,finance-48ea238a01c0,p1d1,1,4.0,0.0,1.0,1.0,0.0,1.0,1.0,1.0,1.0,,,1.0
controlled,finance-48ea238a01c0,p1d1,0,4.0,0.0,1.0,1.0,0.0,1.0,1.0,1.0,1.0,,,1.0
controlled,environment-3881a05cffa1,p0d0,1,4.0,0.0,1.0,1.0,0.0,1.0,1.0,1.0,1.0,,,1.0
controlled,environment-3881a05cffa1,p0d0,0,4.0,0.0,1.0,1.0,0.0,1.0,1.0,1.0,1.0,,,1.0
receipt,sroie-487,full,1,2.0,2.0,0.0,1.0,0.0,0.75,0.75,0.75,0.0,0.75,0.0,
receipt,sroie-487,full,0,2.0,2.0,0.0,1.0,0.0,0.75,0.75,0.75,0.0,0.75,0.0,
controlled,finance-40192c28bd08,p0d0,1,3.0,0.0,1.0,1.0,0.0,1.0,1.0,1.0,1.0,,,1.0
controlled,finance-40192c28bd08,p0d0,0,3.0,0.0,1.0,1.0,0.0,1.0,1.0,1.0,1.0,,,1.0
natural,environment-320f5d37ee44,p1d1,1,0.0,0.0,1.0,1.0,0.0,1.0,1.0,1.0,1.0,,,
natural,environment-320f5d37ee44,p1d1,0,0.0,0.0,1.0,1.0,0.0,1.0,1.0,1.0,1.0,,,
receipt,sroie-593,random,1,0.0,2.0,0.0,0.75,1.0,0.75,0.75,0.75,0.0,0.75,0.0,
receipt,sroie-593,random,0,0.0,2.0,0.0,0.75,1.0,0.75,0.75,0.75,0.0,0.75,0.0,
receipt,sroie-176,no_def_simple,1,4.0,2.0,0.5,1.0,0.0,0.75,0.75,0.75,0.0,0.75,0.0,
receipt,sroie-176,no_def_simple,0,4.0,2.0,0.5,1.0,0.0,0.75,0.75,0.75,0.0,0.75,0.0,
receipt,sroie-617,random,1,2.0,2.0,0.0,1.0,0.5,0.75,0.75,0.75,0.0,1.0,1.0,
receipt,sroie-617,random,0,2.0,2.0,0.0,1.0,0.5,0.75,0.75,0.75,0.0,1.0,1.0,
receipt,sroie-471,full,1,0.0,2.0,0.0,0.75,1.0,0.75,0.75,0.75,0.0,0.75,0.0,
receipt,sroie-471,full,0,0.0,2.0,0.0,0.75,1.0,0.75,0.75,0.75,0.0,0.75,0.0,
controlled,finance-0258ae926423,p1d0,1,3.0,0.0,1.0,1.0,0.0,1.0,1.0,1.0,1.0,,,1.0
controlled,finance-0258ae926423,p1d0,0,3.0,0.0,1.0,1.0,0.0,1.0,1.0,1.0,1.0,,,1.0
controlled,government-0aada7eebec8,p0d0,1,4.0,0.0,1.0,1.0,0.0,1.0,1.0,1.0,1.0,,,1.0
controlled,government-0aada7eebec8,p0d0,0,4.0,0.0,1.0,1.0,0.0,1.0,1.0,1.0,1.0,,,1.0
receipt,sroie-522,no_def_full,1,0.0,2.0,0.0,0.75,1.0,0.75,0.75,0.75,0.0,0.75,0.0,
receipt,sroie-522,no_def_full,0,0.0,2.0,0.0,0.75,1.0,0.75,0.75,0.75,0.0,0.75,0.0,
controlled,government-2ff87373f537,p1d0,1,3.0,0.0,1.0,1.0,0.0,1.0,1.0,1.0,1.0,,,1.0
controlled,government-2ff87373f537,p1d0,0,3.0,0.0,1.0,1.0,0.0,1.0,1.0,1.0,1.0,,,1.0
controlled,environment-4d5c3e883e7b,p0d0,1,3.0,0.0,1.0,1.0,0.0,1.0,1.0,1.0,1.0,,,1.0
controlled,environment-4d5c3e883e7b,p0d0,0,3.0,0.0,1.0,1.0,0.0,1.0,1.0,1.0,1.0,,,1.0
receipt,sroie-278,random,1,2.0,0.0,1.0,1.0,0.0,1.0,1.0,1.0,1.0,1.0,1.0,
receipt,sroie-278,random,0,2.0,0.0,1.0,1.0,0.0,1.0,1.0,1.0,1.0,1.0,1.0,
receipt,sroie-278,anchors,1,2.0,0.0,1.0,1.0,0.0,1.0,1.0,1.0,1.0,1.0,1.0,
receipt,sroie-278,anchors,0,2.0,0.0,1.0,1.0,0.0,1.0,1.0,1.0,1.0,1.0,1.0,
natural,government-1b02073ace3b,p0d0,1,4.0,2.0,0.5,1.0,0.25,0.8571428571428571,0.8571428571428571,0.8571428571428571,0.0,,,
natural,government-1b02073ace3b,p0d0,0,4.0,2.0,0.5,1.0,0.25,0.8571428571428571,0.8571428571428571,0.8571428571428571,0.0,,,
receipt,sroie-068,no_def_full,1,2.0,2.0,0.0,1.0,0.0,0.75,0.75,0.75,0.0,0.75,0.0,
receipt,sroie-068,no_def_full,0,2.0,2.0,0.0,1.0,0.0,0.75,0.75,0.75,0.0,0.75,0.0,
natural,environment-1c5352baae54,p1d0,1,0.0,0.0,1.0,1.0,0.0,1.0,1.0,1.0,1.0,,,
natural,environment-1c5352baae54,p1d0,0,0.0,0.0,1.0,1.0,0.0,1.0,1.0,1.0,1.0,,,
natural,environment-4c4fd0e3970b,p0d1,1,0.0,0.0,1.0,1.0,0.0,1.0,1.0,1.0,1.0,,,
natural,environment-4c4fd0e3970b,p0d1,0,0.0,0.0,1.0,1.0,0.0,1.0,1.0,1.0,1.0,,,
controlled,environment-243394657c39,p0d0,1,3.0,0.0,1.0,1.0,0.0,1.0,1.0,1.0,1.0,,,1.0
controlled,environment-243394657c39,p0d0,0,3.0,0.0,1.0,1.0,0.0,1.0,1.0,1.0,1.0,,,1.0
controlled,government-38d8e7495369,p1d1,1,3.0,0.0,1.0,1.0,0.0,1.0,1.0,1.0,1.0,,,1.0
controlled,government-38d8e7495369,p1d1,0,3.0,0.0,1.0,1.0,0.0,1.0,1.0,1.0,1.0,,,1.0
natural,finance-40192c28bd08,p0d0,1,0.0,0.0,1.0,1.0,0.0,1.0,1.0,1.0,1.0,,,
natural,finance-40192c28bd08,p0d0,0,0.0,0.0,1.0,1.0,0.0,1.0,1.0,1.0,1.0,,,
natural,government-10a48db0d2e7,p1d1,1,4.0,2.0,0.5,1.0,0.0,0.8571428571428571,0.8571428571428571,0.8571428571428571,0.0,,,
natural,government-10a48db0d2e7,p1d1,0,4.0,2.0,0.5,1.0,0.0,0.8571428571428571,0.8571428571428571,0.8571428571428571,0.0,,,
natural,finance-39b9d6db8c9e,p1d1,1,0.0,0.0,1.0,1.0,0.0,1.0,1.0,1.0,1.0,,,
natural,finance-39b9d6db8c9e,p1d1,0,0.0,0.0,1.0,1.0,0.0,1.0,1.0,1.0,1.0,,,
receipt,sroie-278,full,1,2.0,0.0,1.0,1.0,0.0,1.0,1.0,1.0,1.0,1.0,1.0,
receipt,sroie-278,full,0,2.0,0.0,1.0,1.0,0.0,1.0,1.0,1.0,1.0,1.0,1.0,
receipt,sroie-006,no_def_full,1,4.0,2.0,0.5,1.0,0.0,0.75,0.75,0.75,0.0,1.0,1.0,
receipt,sroie-006,no_def_full,0,4.0,2.0,0.5,1.0,0.0,0.75,0.75,0.75,0.0,1.0,1.0,
natural,finance-37536b6f83b2,p1d1,1,0.0,0.0,1.0,1.0,0.0,1.0,1.0,1.0,1.0,,,
natural,finance-37536b6f83b2,p1d1,0,0.0,0.0,1.0,1.0,0.0,1.0,1.0,1.0,1.0,,,
natural,finance-0578051bec55,p0d0,1,0.0,0.0,1.0,1.0,0.0,1.0,1.0,1.0,1.0,,,
natural,finance-0578051bec55,p0d0,0,0.0,0.0,1.0,1.0,0.0,1.0,1.0,1.0,1.0,,,
natural,finance-48ea238a01c0,p0d1,1,0.0,0.0,1.0,1.0,0.0,1.0,1.0,1.0,1.0,,,
natural,finance-48ea238a01c0,p0d1,0,0.0,0.0,1.0,1.0,0.0,1.0,1.0,1.0,1.0,,,
controlled,government-2fc4dd65e576,p0d0,1,4.0,0.0,1.0,1.0,0.0,1.0,1.0,1.0,1.0,,,1.0
controlled,government-2fc4dd65e576,p0d0,0,4.0,0.0,1.0,1.0,0.0,1.0,1.0,1.0,1.0,,,1.0
receipt,sroie-313,full,1,2.0,0.0,1.0,1.0,0.0,1.0,1.0,1.0,1.0,1.0,1.0,
receipt,sroie-313,full,0,2.0,0.0,1.0,1.0,0.0,1.0,1.0,1.0,1.0,1.0,1.0,
controlled,finance-0599b493f8df,p1d1,1,3.0,0.0,1.0,1.0,0.0,1.0,1.0,1.0,1.0,,,1.0
controlled,finance-0599b493f8df,p1d1,0,3.0,0.0,1.0,1.0,0.0,1.0,1.0,1.0,1.0,,,1.0
receipt,sroie-410,anchors,1,4.0,4.0,0.0,0.5,0.5,0.5,0.5,0.5,0.0,0.5,0.0,
receipt,sroie-410,anchors,0,4.0,4.0,0.0,0.5,0.5,0.5,0.5,0.5,0.0,0.5,0.0,
controlled,government-10a48db0d2e7,p1d1,1,4.0,0.0,1.0,1.0,0.0,1.0,1.0,1.0,1.0,,,1.0
controlled,government-10a48db0d2e7,p1d1,0,4.0,0.0,1.0,1.0,0.0,1.0,1.0,1.0,1.0,,,1.0
receipt,sroie-348,no_def_simple,1,2.0,2.0,0.0,1.0,0.0,0.75,0.75,0.75,0.0,0.75,0.0,
receipt,sroie-348,no_def_simple,0,2.0,2.0,0.0,1.0,0.0,0.75,0.75,0.75,0.0,0.75,0.0,
receipt,sroie-465,full,1,0.0,0.0,1.0,1.0,0.0,1.0,1.0,1.0,1.0,1.0,1.0,
receipt,sroie-465,full,0,0.0,0.0,1.0,1.0,0.0,1.0,1.0,1.0,1.0,1.0,1.0,
receipt,sroie-290,simple,1,4.0,2.0,0.5,1.0,0.0,0.75,0.75,0.75,0.0,0.75,0.0,
receipt,sroie-290,simple,0,4.0,2.0,0.5,1.0,0.0,0.75,0.75,0.75,0.0,0.75,0.0,
controlled,environment-4d5c3e883e7b,p0d1,1,3.0,0.0,1.0,1.0,0.0,1.0,1.0,1.0,1.0,,,1.0
controlled,environment-4d5c3e883e7b,p0d1,0,3.0,0.0,1.0,1.0,0.0,1.0,1.0,1.0,1.0,,,1.0
controlled,environment-2fdd1fa18a3a,p0d0,1,4.0,0.0,1.0,1.0,0.0,1.0,1.0,1.0,1.0,,,1.0
controlled,environment-2fdd1fa18a3a,p0d0,0,4.0,0.0,1.0,1.0,0.0,1.0,1.0,1.0,1.0,,,1.0
receipt,sroie-289,anchors,1,2.0,1.0,0.5,1.0,0.0,1.0,0.75,0.8571428571428571,0.0,0.8571428571428571,0.0,
receipt,sroie-289,anchors,0,2.0,2.0,0.0,1.0,0.5,0.75,0.75,0.75,0.0,0.75,0.0,
receipt,sroie-576,anchors,1,4.0,2.0,0.5,1.0,0.25,0.75,0.75,0.75,0.0,0.75,0.0,
receipt,sroie-576,anchors,0,4.0,2.0,0.5,1.0,0.25,0.75,0.75,0.75,0.0,0.75,0.0,
controlled,government-2fc4dd65e576,p1d0,1,4.0,0.0,1.0,1.0,0.0,1.0,1.0,1.0,1.0,,,1.0
controlled,government-2fc4dd65e576,p1d0,0,4.0,0.0,1.0,1.0,0.0,1.0,1.0,1.0,1.0,,,1.0
receipt,sroie-287,simple,1,0.0,2.0,0.0,0.75,1.0,0.75,0.75,0.75,0.0,0.75,0.0,
receipt,sroie-287,simple,0,0.0,2.0,0.0,0.75,1.0,0.75,0.75,0.75,0.0,0.75,0.0,
controlled,government-2259afc0e111,p0d1,1,3.0,0.0,1.0,1.0,0.0,1.0,1.0,1.0,1.0,,,1.0
controlled,government-2259afc0e111,p0d1,0,3.0,0.0,1.0,1.0,0.0,1.0,1.0,1.0,1.0,,,1.0
natural,environment-114d47ef5968,p1d0,1,0.0,0.0,1.0,1.0,0.0,1.0,1.0,1.0,1.0,,,
natural,environment-114d47ef5968,p1d0,0,0.0,0.0,1.0,1.0,0.0,1.0,1.0,1.0,1.0,,,
receipt,sroie-536,no_def_simple,1,0.0,0.0,1.0,1.0,0.0,1.0,1.0,1.0,1.0,1.0,1.0,
receipt,sroie-536,no_def_simple,0,0.0,0.0,1.0,1.0,0.0,1.0,1.0,1.0,1.0,1.0,1.0,
receipt,sroie-578,no_def_full,1,4.0,4.0,0.0,0.5,0.5,0.5,0.5,0.5,0.0,0.5,0.0,
receipt,sroie-578,no_def_full,0,4.0,4.0,0.0,0.5,0.5,0.5,0.5,0.5,0.0,0.5,0.0,
receipt,sroie-172,no_def_simple,1,4.0,4.0,0.0,1.0,0.0,0.5,0.5,0.5,0.0,0.75,0.0,
receipt,sroie-172,no_def_simple,0,4.0,4.0,0.0,1.0,0.0,0.5,0.5,0.5,0.0,0.75,0.0,
receipt,sroie-185,simple,1,0.0,2.0,0.0,0.75,1.0,0.75,0.75,0.75,0.0,0.75,0.0,
receipt,sroie-185,simple,0,0.0,2.0,0.0,0.75,1.0,0.75,0.75,0.75,0.0,0.75,0.0,
receipt,sroie-176,simple,1,4.0,2.0,0.5,1.0,0.0,0.75,0.75,0.75,0.0,0.75,0.0,
receipt,sroie-176,simple,0,4.0,2.0,0.5,1.0,0.0,0.75,0.75,0.75,0.0,0.75,0.0,
receipt,sroie-465,no_def_simple,1,0.0,0.0,1.0,1.0,0.0,1.0,1.0,1.0,1.0,1.0,1.0,
receipt,sroie-465,no_def_simple,0,0.0,0.0,1.0,1.0,0.0,1.0,1.0,1.0,1.0,1.0,1.0,
natural,finance-323400020ae8,p1d1,1,0.0,0.0,1.0,1.0,0.0,1.0,1.0,1.0,1.0,,,
natural,finance-323400020ae8,p1d1,0,0.0,0.0,1.0,1.0,0.0,1.0,1.0,1.0,1.0,,,
controlled,environment-5201f128f055,p1d1,1,4.0,0.0,1.0,1.0,0.0,1.0,1.0,1.0,1.0,,,1.0
controlled,environment-5201f128f055,p1d1,0,4.0,0.0,1.0,1.0,0.0,1.0,1.0,1.0,1.0,,,1.0
receipt,sroie-578,no_def_simple,1,4.0,2.0,0.5,1.0,0.0,0.75,0.75,0.75,0.0,0.75,0.0,
receipt,sroie-578,no_def_simple,0,4.0,2.0,0.5,1.0,0.0,0.75,0.75,0.75,0.0,0.75,0.0,
controlled,environment-2fdd1fa18a3a,p1d0,1,4.0,0.0,1.0,1.0,0.0,1.0,1.0,1.0,1.0,,,1.0
controlled,environment-2fdd1fa18a3a,p1d0,0,4.0,0.0,1.0,1.0,0.0,1.0,1.0,1.0,1.0,,,1.0
receipt,sroie-033,no_def_simple,1,2.0,2.0,0.0,1.0,0.0,0.75,0.75,0.75,0.0,0.75,0.0,
receipt,sroie-033,no_def_simple,0,2.0,2.0,0.0,1.0,0.0,0.75,0.75,0.75,0.0,0.75,0.0,
natural,finance-323400020ae8,p1d0,1,0.0,0.0,1.0,1.0,0.0,1.0,1.0,1.0,1.0,,,
natural,finance-323400020ae8,p1d0,0,0.0,0.0,1.0,1.0,0.0,1.0,1.0,1.0,1.0,,,
controlled,environment-47f0150f2fe7,p1d1,1,4.0,0.0,1.0,1.0,0.0,1.0,1.0,1.0,1.0,,,1.0
controlled,environment-47f0150f2fe7,p1d1,0,4.0,0.0,1.0,1.0,0.0,1.0,1.0,1.0,1.0,,,1.0
natural,government-10a48db0d2e7,p0d1,1,4.0,2.0,0.5,1.0,0.0,0.8571428571428571,0.8571428571428571,0.8571428571428571,0.0,,,
natural,government-10a48db0d2e7,p0d1,0,4.0,2.0,0.5,1.0,0.0,0.8571428571428571,0.8571428571428571,0.8571428571428571,0.0,,,
natural,environment-3167138e25d4,p1d1,1,0.0,0.0,1.0,1.0,0.0,1.0,1.0,1.0,1.0,,,
natural,environment-3167138e25d4,p1d1,0,0.0,0.0,1.0,1.0,0.0,1.0,1.0,1.0,1.0,,,
receipt,sroie-330,no_def_simple,1,2.0,2.0,0.0,1.0,0.0,0.75,0.75,0.75,0.0,0.75,0.0,
receipt,sroie-330,no_def_simple,0,2.0,2.0,0.0,1.0,0.0,0.75,0.75,0.75,0.0,0.75,0.0,
controlled,finance-37536b6f83b2,p0d0,1,4.0,0.0,1.0,1.0,0.0,1.0,1.0,1.0,1.0,,,1.0
controlled,finance-37536b6f83b2,p0d0,0,4.0,0.0,1.0,1.0,0.0,1.0,1.0,1.0,1.0,,,1.0
controlled,environment-269d6428ec21,p1d1,1,3.0,0.0,1.0,1.0,0.0,1.0,1.0,1.0,1.0,,,1.0
controlled,environment-269d6428ec21,p1d1,0,3.0,0.0,1.0,1.0,0.0,1.0,1.0,1.0,1.0,,,1.0
natural,finance-47fc6b850968,p1d0,1,0.0,0.0,1.0,1.0,0.0,1.0,1.0,1.0,1.0,,,
natural,finance-47fc6b850968,p1d0,0,0.0,0.0,1.0,1.0,0.0,1.0,1.0,1.0,1.0,,,
receipt,sroie-496,no_def_simple,1,2.0,2.0,0.0,1.0,0.5,0.75,0.75,0.75,0.0,0.75,0.0,
receipt,sroie-496,no_def_simple,0,2.0,2.0,0.0,1.0,0.5,0.75,0.75,0.75,0.0,0.75,0.0,
natural,government-3235e3648e32,p1d1,1,7.0,0.0,1.0,1.0,0.0,1.0,1.0,1.0,1.0,,,
natural,government-3235e3648e32,p1d1,0,7.0,0.0,1.0,1.0,0.0,1.0,1.0,1.0,1.0,,,
natural,finance-11d9ca639481,p0d1,1,0.0,0.0,1.0,1.0,0.0,1.0,1.0,1.0,1.0,,,
natural,finance-11d9ca639481,p0d1,0,0.0,0.0,1.0,1.0,0.0,1.0,1.0,1.0,1.0,,,
controlled,finance-181bbc50a53b,p0d0,1,3.0,0.0,1.0,1.0,0.0,1.0,1.0,1.0,1.0,,,1.0
controlled,finance-181bbc50a53b,p0d0,0,3.0,0.0,1.0,1.0,0.0,1.0,1.0,1.0,1.0,,,1.0
receipt,sroie-479,no_def_simple,1,2.0,2.0,0.0,1.0,0.5,0.75,0.75,0.75,0.0,0.75,0.0,
receipt,sroie-479,no_def_simple,0,2.0,2.0,0.0,1.0,0.5,0.75,0.75,0.75,0.0,0.75,0.0,
receipt,sroie-327,anchors,1,2.0,2.0,0.0,1.0,0.0,0.75,0.75,0.75,0.0,0.75,0.0,
receipt,sroie-327,anchors,0,2.0,2.0,0.0,1.0,0.0,0.75,0.75,0.75,0.0,0.75,0.0,
natural,government-38d8e7495369,p0d0,1,4.0,4.0,0.0,1.0,0.0,0.7142857142857143,0.7142857142857143,0.7142857142857143,0.0,,,
natural,government-38d8e7495369,p0d0,0,4.0,4.0,0.0,1.0,0.0,0.7142857142857143,0.7142857142857143,0.7142857142857143,0.0,,,
receipt,sroie-033,no_def_full,1,2.0,4.0,-1.0,0.6666666666666666,1.0,0.5,0.5,0.5,0.0,0.5,0.0,
receipt,sroie-033,no_def_full,0,2.0,4.0,-1.0,0.6666666666666666,1.0,0.5,0.5,0.5,0.0,0.5,0.0,
natural,environment-38fd486ef1b7,p0d0,1,0.0,0.0,1.0,1.0,0.0,1.0,1.0,1.0,1.0,,,
natural,environment-38fd486ef1b7,p0d0,0,0.0,0.0,1.0,1.0,0.0,1.0,1.0,1.0,1.0,,,
receipt,sroie-327,simple,1,2.0,2.0,0.0,1.0,0.0,0.75,0.75,0.75,0.0,0.75,0.0,
receipt,sroie-327,simple,0,2.0,2.0,0.0,1.0,0.0,0.75,0.75,0.75,0.0,0.75,0.0,
controlled,environment-1c5e4f114bd3,p1d1,1,4.0,1.0,0.75,1.0,0.0,1.0,0.8571428571428571,0.923076923076923,0.0,,,0.5
controlled,environment-1c5e4f114bd3,p1d1,0,4.0,1.0,0.75,1.0,0.0,1.0,0.8571428571428571,0.923076923076923,0.0,,,0.5
receipt,sroie-496,no_def_full,1,2.0,2.0,0.0,1.0,0.5,0.75,0.75,0.75,0.0,0.75,0.0,
receipt,sroie-496,no_def_full,0,2.0,2.0,0.0,1.0,0.5,0.75,0.75,0.75,0.0,0.75,0.0,
receipt,sroie-290,full,1,4.0,0.0,1.0,1.0,0.0,1.0,1.0,1.0,1.0,1.0,1.0,
receipt,sroie-290,full,0,4.0,0.0,1.0,1.0,0.0,1.0,1.0,1.0,1.0,1.0,1.0,
controlled,government-267561303433,p0d1,1,3.0,0.0,1.0,1.0,0.0,1.0,1.0,1.0,1.0,,,1.0
controlled,government-267561303433,p0d1,0,3.0,0.0,1.0,1.0,0.0,1.0,1.0,1.0,1.0,,,1.0
controlled,finance-31f9ee73acbf,p0d1,1,3.0,0.0,1.0,1.0,0.0,1.0,1.0,1.0,1.0,,,1.0
controlled,finance-31f9ee73acbf,p0d1,0,3.0,0.0,1.0,1.0,0.0,1.0,1.0,1.0,1.0,,,1.0
controlled,government-3973dc6cd196,p0d0,1,3.0,0.0,1.0,1.0,0.0,1.0,1.0,1.0,1.0,,,1.0
controlled,government-3973dc6cd196,p0d0,0,3.0,0.0,1.0,1.0,0.0,1.0,1.0,1.0,1.0,,,1.0
receipt,sroie-033,full,1,2.0,2.0,0.0,1.0,0.5,0.75,0.75,0.75,0.0,0.75,0.0,
receipt,sroie-033,full,0,2.0,2.0,0.0,1.0,0.5,0.75,0.75,0.75,0.0,0.75,0.0,
natural,government-2ff87373f537,p0d1,1,3.0,4.0,-0.3333333333333333,1.0,0.6666666666666666,0.7142857142857143,0.7142857142857143,0.7142857142857143,0.0,,,
natural,government-2ff87373f537,p0d1,0,3.0,4.0,-0.3333333333333333,1.0,0.6666666666666666,0.7142857142857143,0.7142857142857143,0.7142857142857143,0.0,,,
natural,environment-5201f128f055,p1d1,1,0.0,0.0,1.0,1.0,0.0,1.0,1.0,1.0,1.0,,,
natural,environment-5201f128f055,p1d1,0,0.0,0.0,1.0,1.0,0.0,1.0,1.0,1.0,1.0,,,
controlled,government-08f42137d50f,p0d0,1,4.0,0.0,1.0,1.0,0.0,1.0,1.0,1.0,1.0,,,1.0
controlled,government-08f42137d50f,p0d0,0,4.0,0.0,1.0,1.0,0.0,1.0,1.0,1.0,1.0,,,1.0
receipt,sroie-312,simple,1,0.0,0.0,1.0,1.0,0.0,1.0,1.0,1.0,1.0,1.0,1.0,
receipt,sroie-312,simple,0,0.0,0.0,1.0,1.0,0.0,1.0,1.0,1.0,1.0,1.0,1.0,
natural,government-1872a3147127,p0d1,1,4.0,4.0,0.0,1.0,0.0,0.7142857142857143,0.7142857142857143,0.7142857142857143,0.0,,,
natural,government-1872a3147127,p0d1,0,4.0,4.0,0.0,1.0,0.0,0.7142857142857143,0.7142857142857143,0.7142857142857143,0.0,,,
controlled,environment-243394657c39,p1d1,1,3.0,0.0,1.0,1.0,0.0,1.0,1.0,1.0,1.0,,,1.0
controlled,environment-243394657c39,p1d1,0,3.0,0.0,1.0,1.0,0.0,1.0,1.0,1.0,1.0,,,1.0
natural,government-2b05bdf976f6,p1d1,1,7.0,6.0,0.14285714285714285,1.0,0.42857142857142855,0.5714285714285714,0.5714285714285714,0.5714285714285714,0.0,,,
natural,government-2b05bdf976f6,p1d1,0,7.0,6.0,0.14285714285714285,1.0,0.42857142857142855,0.5714285714285714,0.5714285714285714,0.5714285714285714,0.0,,,
receipt,sroie-087,full,1,0.0,0.0,1.0,1.0,0.0,1.0,1.0,1.0,1.0,1.0,1.0,
receipt,sroie-087,full,0,0.0,0.0,1.0,1.0,0.0,1.0,1.0,1.0,1.0,1.0,1.0,
natural,government-0133725f2f34,p0d0,1,3.0,2.0,0.3333333333333333,1.0,0.0,0.8571428571428571,0.8571428571428571,0.8571428571428571,0.0,,,
natural,government-0133725f2f34,p0d0,0,3.0,2.0,0.3333333333333333,1.0,0.0,0.8571428571428571,0.8571428571428571,0.8571428571428571,0.0,,,
receipt,sroie-203,simple,1,2.0,0.0,1.0,1.0,0.0,1.0,1.0,1.0,1.0,1.0,1.0,
receipt,sroie-203,simple,0,2.0,0.0,1.0,1.0,0.0,1.0,1.0,1.0,1.0,1.0,1.0,
controlled,environment-5201f128f055,p1d0,1,4.0,0.0,1.0,1.0,0.0,1.0,1.0,1.0,1.0,,,1.0
controlled,environment-5201f128f055,p1d0,0,4.0,0.0,1.0,1.0,0.0,1.0,1.0,1.0,1.0,,,1.0
controlled,environment-1c5e4f114bd3,p1d0,1,4.0,0.0,1.0,1.0,0.0,1.0,1.0,1.0,1.0,,,1.0
controlled,environment-1c5e4f114bd3,p1d0,0,4.0,0.0,1.0,1.0,0.0,1.0,1.0,1.0,1.0,,,1.0
natural,government-3973dc6cd196,p0d0,1,4.0,4.0,0.0,1.0,0.0,0.7142857142857143,0.7142857142857143,0.7142857142857143,0.0,,,
natural,government-3973dc6cd196,p0d0,0,4.0,4.0,0.0,1.0,0.0,0.7142857142857143,0.7142857142857143,0.7142857142857143,0.0,,,
natural,environment-0c6bdf88582b,p0d0,1,1.0,1.0,0.0,1.0,0.0,1.0,0.8571428571428571,0.923076923076923,0.0,,,
natural,environment-0c6bdf88582b,p0d0,0,1.0,1.0,0.0,1.0,0.0,1.0,0.8571428571428571,0.923076923076923,0.0,,,
receipt,sroie-047,no_def_simple,1,6.0,4.0,0.3333333333333333,1.0,0.25,0.5,0.5,0.5,0.0,0.75,0.0,
receipt,sroie-047,no_def_simple,0,6.0,4.0,0.3333333333333333,1.0,0.25,0.5,0.5,0.5,0.0,0.75,0.0,
receipt,sroie-617,anchors,1,2.0,2.0,0.0,1.0,0.5,0.75,0.75,0.75,0.0,1.0,1.0,
receipt,sroie-617,anchors,0,2.0,2.0,0.0,1.0,0.5,0.75,0.75,0.75,0.0,1.0,1.0,
natural,government-2ae5e35394e4,p1d0,1,4.0,4.0,0.0,1.0,0.0,0.7142857142857143,0.7142857142857143,0.7142857142857143,0.0,,,
natural,government-2ae5e35394e4,p1d0,0,4.0,4.0,0.0,1.0,0.0,0.7142857142857143,0.7142857142857143,0.7142857142857143,0.0,,,
controlled,finance-40192c28bd08,p0d1,1,3.0,0.0,1.0,1.0,0.0,1.0,1.0,1.0,1.0,,,1.0
controlled,finance-40192c28bd08,p0d1,0,3.0,0.0,1.0,1.0,0.0,1.0,1.0,1.0,1.0,,,1.0
natural,government-1872a3147127,p0d0,1,4.0,4.0,0.0,1.0,0.0,0.7142857142857143,0.7142857142857143,0.7142857142857143,0.0,,,
natural,government-1872a3147127,p0d0,0,4.0,4.0,0.0,1.0,0.0,0.7142857142857143,0.7142857142857143,0.7142857142857143,0.0,,,
controlled,government-08f42137d50f,p1d0,1,4.0,0.0,1.0,1.0,0.0,1.0,1.0,1.0,1.0,,,1.0
controlled,government-08f42137d50f,p1d0,0,4.0,0.0,1.0,1.0,0.0,1.0,1.0,1.0,1.0,,,1.0
natural,government-2259afc0e111,p0d0,1,4.0,2.0,0.5,1.0,0.25,0.8571428571428571,0.8571428571428571,0.8571428571428571,0.0,,,
natural,government-2259afc0e111,p0d0,0,4.0,2.0,0.5,1.0,0.25,0.8571428571428571,0.8571428571428571,0.8571428571428571,0.0,,,
receipt,sroie-370,no_def_full,1,2.0,2.0,0.0,0.6666666666666666,0.5,0.75,0.75,0.75,0.0,0.75,0.0,
receipt,sroie-370,no_def_full,0,2.0,2.0,0.0,0.6666666666666666,0.5,0.75,0.75,0.75,0.0,0.75,0.0,
receipt,sroie-128,anchors,1,2.0,2.0,0.0,1.0,0.5,0.75,0.75,0.75,0.0,0.75,0.0,
receipt,sroie-128,anchors,0,2.0,2.0,0.0,1.0,0.5,0.75,0.75,0.75,0.0,0.75,0.0,
receipt,sroie-112,full,1,4.0,4.0,0.0,0.5,0.5,0.5,0.5,0.5,0.0,0.5,0.0,
receipt,sroie-112,full,0,4.0,4.0,0.0,0.5,0.5,0.5,0.5,0.5,0.0,0.5,0.0,
controlled,finance-0578051bec55,p0d1,1,3.0,1.0,0.6666666666666666,1.0,0.0,1.0,0.8571428571428571,0.923076923076923,0.0,,,0.5
controlled,finance-0578051bec55,p0d1,0,3.0,1.0,0.6666666666666666,1.0,0.0,1.0,0.8571428571428571,0.923076923076923,0.0,,,0.5
controlled,finance-3bcd31489d79,p1d0,1,4.0,0.0,1.0,1.0,0.0,1.0,1.0,1.0,1.0,,,1.0
controlled,finance-3bcd31489d79,p1d0,0,4.0,0.0,1.0,1.0,0.0,1.0,1.0,1.0,1.0,,,1.0
controlled,government-3973dc6cd196,p0d1,1,3.0,0.0,1.0,1.0,0.0,1.0,1.0,1.0,1.0,,,1.0
controlled,government-3973dc6cd196,p0d1,0,3.0,0.0,1.0,1.0,0.0,1.0,1.0,1.0,1.0,,,1.0
receipt,sroie-185,full,1,0.0,2.0,0.0,0.75,1.0,0.75,0.75,0.75,0.0,0.75,0.0,
receipt,sroie-185,full,0,0.0,2.0,0.0,0.75,1.0,0.75,0.75,0.75,0.0,0.75,0.0,
controlled,finance-11d9ca639481,p0d1,1,3.0,0.0,1.0,1.0,0.0,1.0,1.0,1.0,1.0,,,1.0
controlled,finance-11d9ca639481,p0d1,0,3.0,0.0,1.0,1.0,0.0,1.0,1.0,1.0,1.0,,,1.0
controlled,environment-320f5d37ee44,p0d1,1,4.0,0.0,1.0,1.0,0.0,1.0,1.0,1.0,1.0,,,1.0
controlled,environment-320f5d37ee44,p0d1,0,4.0,0.0,1.0,1.0,0.0,1.0,1.0,1.0,1.0,,,1.0
controlled,government-123148e99b2a,p1d0,1,3.0,0.0,1.0,1.0,0.0,1.0,1.0,1.0,1.0,,,1.0
controlled,government-123148e99b2a,p1d0,0,3.0,0.0,1.0,1.0,0.0,1.0,1.0,1.0,1.0,,,1.0
natural,finance-396b0d02c4c1,p0d0,1,0.0,0.0,1.0,1.0,0.0,1.0,1.0,1.0,1.0,,,
natural,finance-396b0d02c4c1,p0d0,0,0.0,0.0,1.0,1.0,0.0,1.0,1.0,1.0,1.0,,,
receipt,sroie-600,simple,1,2.0,0.0,1.0,1.0,0.0,1.0,1.0,1.0,1.0,1.0,1.0,
receipt,sroie-600,simple,0,2.0,0.0,1.0,1.0,0.0,1.0,1.0,1.0,1.0,1.0,1.0,
receipt,sroie-016,no_def_full,1,0.0,0.0,1.0,1.0,0.0,1.0,1.0,1.0,1.0,1.0,1.0,
receipt,sroie-016,no_def_full,0,0.0,0.0,1.0,1.0,0.0,1.0,1.0,1.0,1.0,1.0,1.0,
natural,government-267561303433,p0d0,1,2.0,4.0,-1.0,1.0,1.0,0.7142857142857143,0.7142857142857143,0.7142857142857143,0.0,,,
natural,government-267561303433,p0d0,0,2.0,4.0,-1.0,1.0,1.0,0.7142857142857143,0.7142857142857143,0.7142857142857143,0.0,,,
receipt,sroie-339,full,1,2.0,0.0,1.0,1.0,0.0,1.0,1.0,1.0,1.0,1.0,1.0,
receipt,sroie-339,full,0,2.0,0.0,1.0,1.0,0.0,1.0,1.0,1.0,1.0,1.0,1.0,
natural,government-27ceaef34223,p0d0,1,7.0,1.0,0.8571428571428571,1.0,0.0,1.0,0.8571428571428571,0.923076923076923,0.0,,,
natural,government-27ceaef34223,p0d0,0,7.0,2.0,0.7142857142857143,1.0,0.14285714285714285,0.8571428571428571,0.8571428571428571,0.8571428571428571,0.0,,,
receipt,sroie-281,no_def_full,1,2.0,2.0,0.0,0.6666666666666666,0.5,0.75,0.75,0.75,0.0,0.75,0.0,
receipt,sroie-281,no_def_full,0,2.0,2.0,0.0,0.6666666666666666,0.5,0.75,0.75,0.75,0.0,0.75,0.0,
natural,environment-3881a05cffa1,p0d1,1,0.0,0.0,1.0,1.0,0.0,1.0,1.0,1.0,1.0,,,
natural,environment-3881a05cffa1,p0d1,0,0.0,0.0,1.0,1.0,0.0,1.0,1.0,1.0,1.0,,,
natural,finance-3e0d22d382e3,p1d1,1,0.0,0.0,1.0,1.0,0.0,1.0,1.0,1.0,1.0,,,
natural,finance-3e0d22d382e3,p1d1,0,0.0,0.0,1.0,1.0,0.0,1.0,1.0,1.0,1.0,,,
receipt,sroie-070,anchors,1,4.0,2.0,0.5,1.0,0.0,0.75,0.75,0.75,0.0,0.75,0.0,
receipt,sroie-070,anchors,0,4.0,2.0,0.5,1.0,0.0,0.75,0.75,0.75,0.0,0.75,0.0,
receipt,sroie-330,no_def_full,1,2.0,2.0,0.0,0.6666666666666666,0.5,0.75,0.75,0.75,0.0,0.75,0.0,
receipt,sroie-330,no_def_full,0,2.0,2.0,0.0,0.6666666666666666,0.5,0.75,0.75,0.75,0.0,0.75,0.0,
natural,environment-4d5c3e883e7b,p1d1,1,0.0,0.0,1.0,1.0,0.0,1.0,1.0,1.0,1.0,,,
natural,environment-4d5c3e883e7b,p1d1,0,0.0,0.0,1.0,1.0,0.0,1.0,1.0,1.0,1.0,,,
controlled,finance-0940112f81b2,p1d0,1,3.0,0.0,1.0,1.0,0.0,1.0,1.0,1.0,1.0,,,1.0
controlled,finance-0940112f81b2,p1d0,0,3.0,0.0,1.0,1.0,0.0,1.0,1.0,1.0,1.0,,,1.0
controlled,government-27ceaef34223,p0d1,1,2.0,2.0,0.0,1.0,0.5,0.8571428571428571,0.8571428571428571,0.8571428571428571,0.0,,,0.5
controlled,government-27ceaef34223,p0d1,0,2.0,2.0,0.0,1.0,0.5,0.8571428571428571,0.8571428571428571,0.8571428571428571,0.0,,,0.5
receipt,sroie-041,no_def_full,1,2.0,2.0,0.0,1.0,0.0,0.75,0.75,0.75,0.0,0.75,0.0,
receipt,sroie-041,no_def_full,0,2.0,2.0,0.0,1.0,0.0,0.75,0.75,0.75,0.0,0.75,0.0,
natural,environment-08f31c70d080,p1d0,1,0.0,0.0,1.0,1.0,0.0,1.0,1.0,1.0,1.0,,,
natural,environment-08f31c70d080,p1d0,0,0.0,0.0,1.0,1.0,0.0,1.0,1.0,1.0,1.0,,,
natural,finance-3bcd31489d79,p1d1,1,0.0,0.0,1.0,1.0,0.0,1.0,1.0,1.0,1.0,,,
natural,finance-3bcd31489d79,p1d1,0,0.0,0.0,1.0,1.0,0.0,1.0,1.0,1.0,1.0,,,
natural,finance-31f9ee73acbf,p1d0,1,0.0,0.0,1.0,1.0,0.0,1.0,1.0,1.0,1.0,,,
natural,finance-31f9ee73acbf,p1d0,0,0.0,0.0,1.0,1.0,0.0,1.0,1.0,1.0,1.0,,,
natural,finance-31f9ee73acbf,p0d1,1,0.0,0.0,1.0,1.0,0.0,1.0,1.0,1.0,1.0,,,
natural,finance-31f9ee73acbf,p0d1,0,0.0,0.0,1.0,1.0,0.0,1.0,1.0,1.0,1.0,,,
receipt,sroie-370,simple,1,2.0,4.0,-1.0,0.6666666666666666,0.75,0.5,0.5,0.5,0.0,0.5,0.0,
receipt,sroie-370,simple,0,2.0,4.0,-1.0,0.6666666666666666,0.75,0.5,0.5,0.5,0.0,0.5,0.0,
receipt,sroie-507,anchors,1,2.0,0.0,1.0,1.0,0.0,1.0,1.0,1.0,1.0,1.0,1.0,
receipt,sroie-507,anchors,0,2.0,0.0,1.0,1.0,0.0,1.0,1.0,1.0,1.0,1.0,1.0,
receipt,sroie-465,anchors,1,0.0,0.0,1.0,1.0,0.0,1.0,1.0,1.0,1.0,1.0,1.0,
receipt,sroie-465,anchors,0,0.0,0.0,1.0,1.0,0.0,1.0,1.0,1.0,1.0,1.0,1.0,
natural,government-0133725f2f34,p1d0,1,3.0,2.0,0.3333333333333333,1.0,0.0,0.8571428571428571,0.8571428571428571,0.8571428571428571,0.0,,,
natural,government-0133725f2f34,p1d0,0,3.0,2.0,0.3333333333333333,1.0,0.0,0.8571428571428571,0.8571428571428571,0.8571428571428571,0.0,,,
natural,government-123148e99b2a,p1d0,1,7.0,5.0,0.2857142857142857,1.0,0.3333333333333333,0.6666666666666666,0.5714285714285714,0.6153846153846153,0.0,,,
natural,government-123148e99b2a,p1d0,0,7.0,6.0,0.14285714285714285,1.0,0.42857142857142855,0.5714285714285714,0.5714285714285714,0.5714285714285714,0.0,,,
controlled,finance-0ece511b91b7,p0d1,1,3.0,0.0,1.0,1.0,0.0,1.0,1.0,1.0,1.0,,,1.0
controlled,finance-0ece511b91b7,p0d1,0,3.0,0.0,1.0,1.0,0.0,1.0,1.0,1.0,1.0,,,1.0
controlled,environment-114d47ef5968,p1d0,1,4.0,0.0,1.0,1.0,0.0,1.0,1.0,1.0,1.0,,,1.0
controlled,environment-114d47ef5968,p1d0,0,4.0,0.0,1.0,1.0,0.0,1.0,1.0,1.0,1.0,,,1.0
natural,finance-0940112f81b2,p0d1,1,0.0,0.0,1.0,1.0,0.0,1.0,1.0,1.0,1.0,,,
natural,finance-0940112f81b2,p0d1,0,0.0,0.0,1.0,1.0,0.0,1.0,1.0,1.0,1.0,,,
controlled,government-38d8e7495369,p0d1,1,3.0,0.0,1.0,1.0,0.0,1.0,1.0,1.0,1.0,,,1.0
controlled,government-38d8e7495369,p0d1,0,3.0,0.0,1.0,1.0,0.0,1.0,1.0,1.0,1.0,,,1.0
receipt,sroie-041,no_def_simple,1,2.0,2.0,0.0,1.0,0.0,0.75,0.75,0.75,0.0,0.75,0.0,
receipt,sroie-041,no_def_simple,0,2.0,2.0,0.0,1.0,0.0,0.75,0.75,0.75,0.0,0.75,0.0,
receipt,sroie-604,no_def_full,1,0.0,2.0,0.0,0.75,1.0,0.75,0.75,0.75,0.0,0.75,0.0,
receipt,sroie-604,no_def_full,0,0.0,2.0,0.0,0.75,1.0,0.75,0.75,0.75,0.0,0.75,0.0,
receipt,sroie-140,simple,1,0.0,0.0,1.0,1.0,0.0,1.0,1.0,1.0,1.0,1.0,1.0,
receipt,sroie-140,simple,0,0.0,0.0,1.0,1.0,0.0,1.0,1.0,1.0,1.0,1.0,1.0,
controlled,government-10a48db0d2e7,p0d0,1,4.0,0.0,1.0,1.0,0.0,1.0,1.0,1.0,1.0,,,1.0
controlled,government-10a48db0d2e7,p0d0,0,4.0,0.0,1.0,1.0,0.0,1.0,1.0,1.0,1.0,,,1.0
receipt,sroie-079,no_def_full,1,0.0,2.0,0.0,0.75,1.0,0.75,0.75,0.75,0.0,0.75,0.0,
receipt,sroie-079,no_def_full,0,0.0,2.0,0.0,0.75,1.0,0.75,0.75,0.75,0.0,0.75,0.0,
controlled,environment-4c4fd0e3970b,p1d0,1,4.0,0.0,1.0,1.0,0.0,1.0,1.0,1.0,1.0,,,1.0
controlled,environment-4c4fd0e3970b,p1d0,0,4.0,0.0,1.0,1.0,0.0,1.0,1.0,1.0,1.0,,,1.0
controlled,finance-396b0d02c4c1,p1d0,1,3.0,0.0,1.0,1.0,0.0,1.0,1.0,1.0,1.0,,,1.0
controlled,finance-396b0d02c4c1,p1d0,0,3.0,0.0,1.0,1.0,0.0,1.0,1.0,1.0,1.0,,,1.0
natural,finance-181bbc50a53b,p1d1,1,0.0,0.0,1.0,1.0,0.0,1.0,1.0,1.0,1.0,,,
natural,finance-181bbc50a53b,p1d1,0,0.0,0.0,1.0,1.0,0.0,1.0,1.0,1.0,1.0,,,
receipt,sroie-203,full,1,2.0,0.0,1.0,1.0,0.0,1.0,1.0,1.0,1.0,1.0,1.0,
receipt,sroie-203,full,0,2.0,0.0,1.0,1.0,0.0,1.0,1.0,1.0,1.0,1.0,1.0,
controlled,finance-0940112f81b2,p1d1,1,3.0,0.0,1.0,1.0,0.0,1.0,1.0,1.0,1.0,,,1.0
controlled,finance-0940112f81b2,p1d1,0,3.0,0.0,1.0,1.0,0.0,1.0,1.0,1.0,1.0,,,1.0
natural,finance-48ea238a01c0,p1d1,1,0.0,0.0,1.0,1.0,0.0,1.0,1.0,1.0,1.0,,,
natural,finance-48ea238a01c0,p1d1,0,0.0,0.0,1.0,1.0,0.0,1.0,1.0,1.0,1.0,,,
receipt,sroie-600,no_def_full,1,2.0,2.0,0.0,1.0,0.0,0.75,0.75,0.75,0.0,0.75,0.0,
receipt,sroie-600,no_def_full,0,2.0,2.0,0.0,1.0,0.0,0.75,0.75,0.75,0.0,0.75,0.0,
natural,finance-0ece511b91b7,p0d0,1,0.0,0.0,1.0,1.0,0.0,1.0,1.0,1.0,1.0,,,
natural,finance-0ece511b91b7,p0d0,0,0.0,0.0,1.0,1.0,0.0,1.0,1.0,1.0,1.0,,,
controlled,government-2b05bdf976f6,p1d0,1,4.0,0.0,1.0,1.0,0.0,1.0,1.0,1.0,1.0,,,1.0
controlled,government-2b05bdf976f6,p1d0,0,4.0,0.0,1.0,1.0,0.0,1.0,1.0,1.0,1.0,,,1.0
controlled,finance-3bcd31489d79,p0d1,1,4.0,0.0,1.0,1.0,0.0,1.0,1.0,1.0,1.0,,,1.0
controlled,finance-3bcd31489d79,p0d1,0,4.0,0.0,1.0,1.0,0.0,1.0,1.0,1.0,1.0,,,1.0
controlled,environment-1c5352baae54,p1d0,1,3.0,1.0,0.6666666666666666,1.0,0.0,1.0,0.8571428571428571,0.923076923076923,0.0,,,0.5
controlled,environment-1c5352baae54,p1d0,0,3.0,1.0,0.6666666666666666,1.0,0.0,1.0,0.8571428571428571,0.923076923076923,0.0,,,0.5
receipt,sroie-068,random,1,2.0,2.0,0.0,1.0,0.0,0.75,0.75,0.75,0.0,0.75,0.0,
receipt,sroie-068,random,0,2.0,2.0,0.0,1.0,0.0,0.75,0.75,0.75,0.0,0.75,0.0,
controlled,finance-323400020ae8,p0d1,1,4.0,0.0,1.0,1.0,0.0,1.0,1.0,1.0,1.0,,,1.0
controlled,finance-323400020ae8,p0d1,0,4.0,0.0,1.0,1.0,0.0,1.0,1.0,1.0,1.0,,,1.0
receipt,sroie-112,anchors,1,4.0,4.0,0.0,0.5,0.5,0.5,0.5,0.5,0.0,0.5,0.0,
receipt,sroie-112,anchors,0,4.0,4.0,0.0,0.5,0.5,0.5,0.5,0.5,0.0,0.5,0.0,
natural,environment-3167138e25d4,p0d1,1,0.0,0.0,1.0,1.0,0.0,1.0,1.0,1.0,1.0,,,
natural,environment-3167138e25d4,p0d1,0,0.0,0.0,1.0,1.0,0.0,1.0,1.0,1.0,1.0,,,
receipt,sroie-410,no_def_simple,1,4.0,2.0,0.5,1.0,0.0,0.75,0.75,0.75,0.0,0.75,0.0,
receipt,sroie-410,no_def_simple,0,4.0,2.0,0.5,1.0,0.0,0.75,0.75,0.75,0.0,0.75,0.0,
controlled,environment-5201f128f055,p0d1,1,4.0,0.0,1.0,1.0,0.0,1.0,1.0,1.0,1.0,,,1.0
controlled,environment-5201f128f055,p0d1,0,4.0,0.0,1.0,1.0,0.0,1.0,1.0,1.0,1.0,,,1.0
controlled,finance-2c5481123672,p0d1,1,3.0,1.0,0.6666666666666666,1.0,0.0,1.0,0.8571428571428571,0.923076923076923,0.0,,,0.5
controlled,finance-2c5481123672,p0d1,0,3.0,1.0,0.6666666666666666,1.0,0.0,1.0,0.8571428571428571,0.923076923076923,0.0,,,0.5
natural,government-0133725f2f34,p0d1,1,3.0,2.0,0.3333333333333333,1.0,0.0,0.8571428571428571,0.8571428571428571,0.8571428571428571,0.0,,,
natural,government-0133725f2f34,p0d1,0,3.0,2.0,0.3333333333333333,1.0,0.0,0.8571428571428571,0.8571428571428571,0.8571428571428571,0.0,,,
natural,environment-0c6bdf88582b,p0d1,1,1.0,0.0,1.0,1.0,0.0,1.0,1.0,1.0,1.0,,,
natural,environment-0c6bdf88582b,p0d1,0,1.0,0.0,1.0,1.0,0.0,1.0,1.0,1.0,1.0,,,
natural,finance-0940112f81b2,p0d0,1,0.0,0.0,1.0,1.0,0.0,1.0,1.0,1.0,1.0,,,
natural,finance-0940112f81b2,p0d0,0,0.0,0.0,1.0,1.0,0.0,1.0,1.0,1.0,1.0,,,
receipt,sroie-140,no_def_full,1,0.0,0.0,1.0,1.0,0.0,1.0,1.0,1.0,1.0,1.0,1.0,
receipt,sroie-140,no_def_full,0,0.0,0.0,1.0,1.0,0.0,1.0,1.0,1.0,1.0,1.0,1.0,
receipt,sroie-586,no_def_full,1,2.0,2.0,0.0,1.0,0.5,0.75,0.75,0.75,0.0,1.0,1.0,
receipt,sroie-586,no_def_full,0,2.0,2.0,0.0,1.0,0.5,0.75,0.75,0.75,0.0,1.0,1.0,
controlled,environment-269d6428ec21,p0d1,1,3.0,0.0,1.0,1.0,0.0,1.0,1.0,1.0,1.0,,,1.0
controlled,environment-269d6428ec21,p0d1,0,3.0,0.0,1.0,1.0,0.0,1.0,1.0,1.0,1.0,,,1.0
natural,government-2b05bdf976f6,p0d0,1,7.0,4.0,0.42857142857142855,1.0,0.2857142857142857,0.7142857142857143,0.7142857142857143,0.7142857142857143,0.0,,,
natural,government-2b05bdf976f6,p0d0,0,7.0,4.0,0.42857142857142855,1.0,0.2857142857142857,0.7142857142857143,0.7142857142857143,0.7142857142857143,0.0,,,
receipt,sroie-496,full,1,2.0,2.0,0.0,1.0,0.0,0.75,0.75,0.75,0.0,0.75,0.0,
receipt,sroie-496,full,0,2.0,2.0,0.0,1.0,0.0,0.75,0.75,0.75,0.0,0.75,0.0,
controlled,environment-3167138e25d4,p0d0,1,2.0,0.0,1.0,1.0,0.0,1.0,1.0,1.0,1.0,,,1.0
controlled,environment-3167138e25d4,p0d0,0,2.0,0.0,1.0,1.0,0.0,1.0,1.0,1.0,1.0,,,1.0
receipt,sroie-220,no_def_simple,1,0.0,0.0,1.0,1.0,0.0,1.0,1.0,1.0,1.0,1.0,1.0,
receipt,sroie-220,no_def_simple,0,0.0,0.0,1.0,1.0,0.0,1.0,1.0,1.0,1.0,1.0,1.0,
receipt,sroie-070,random,1,4.0,0.0,1.0,1.0,0.0,1.0,1.0,1.0,1.0,1.0,1.0,
receipt,sroie-070,random,0,4.0,0.0,1.0,1.0,0.0,1.0,1.0,1.0,1.0,1.0,1.0,
receipt,sroie-033,random,1,2.0,2.0,0.0,1.0,0.5,0.75,0.75,0.75,0.0,0.75,0.0,
receipt,sroie-033,random,0,2.0,2.0,0.0,1.0,0.5,0.75,0.75,0.75,0.0,0.75,0.0,
controlled,finance-3e0d22d382e3,p1d0,1,3.0,0.0,1.0,1.0,0.0,1.0,1.0,1.0,1.0,,,1.0
controlled,finance-3e0d22d382e3,p1d0,0,3.0,0.0,1.0,1.0,0.0,1.0,1.0,1.0,1.0,,,1.0
receipt,sroie-575,anchors,1,4.0,2.0,0.5,1.0,0.25,0.75,0.75,0.75,0.0,0.75,0.0,
receipt,sroie-575,anchors,0,4.0,2.0,0.5,1.0,0.25,0.75,0.75,0.75,0.0,0.75,0.0,
controlled,finance-181bbc50a53b,p0d1,1,3.0,0.0,1.0,1.0,0.0,1.0,1.0,1.0,1.0,,,1.0
controlled,finance-181bbc50a53b,p0d1,0,3.0,0.0,1.0,1.0,0.0,1.0,1.0,1.0,1.0,,,1.0
natural,finance-181bbc50a53b,p0d1,1,0.0,0.0,1.0,1.0,0.0,1.0,1.0,1.0,1.0,,,
natural,finance-181bbc50a53b,p0d1,0,0.0,0.0,1.0,1.0,0.0,1.0,1.0,1.0,1.0,,,
natural,government-28de1bc53024,p1d0,1,4.0,4.0,0.0,1.0,0.5,0.7142857142857143,0.7142857142857143,0.7142857142857143,0.0,,,
natural,government-28de1bc53024,p1d0,0,4.0,4.0,0.0,1.0,0.5,0.7142857142857143,0.7142857142857143,0.7142857142857143,0.0,,,
receipt,sroie-298,no_def_simple,1,0.0,0.0,1.0,1.0,0.0,1.0,1.0,1.0,1.0,1.0,1.0,
receipt,sroie-298,no_def_simple,0,0.0,0.0,1.0,1.0,0.0,1.0,1.0,1.0,1.0,1.0,1.0,
natural,government-1b02073ace3b,p1d0,1,4.0,2.0,0.5,1.0,0.25,0.8571428571428571,0.8571428571428571,0.8571428571428571,0.0,,,
natural,government-1b02073ace3b,p1d0,0,4.0,2.0,0.5,1.0,0.25,0.8571428571428571,0.8571428571428571,0.8571428571428571,0.0,,,
controlled,environment-0c6bdf88582b,p1d0,1,4.0,1.0,0.75,1.0,0.0,1.0,0.8571428571428571,0.923076923076923,0.0,,,0.5
controlled,environment-0c6bdf88582b,p1d0,0,4.0,1.0,0.75,1.0,0.0,1.0,0.8571428571428571,0.923076923076923,0.0,,,0.5
receipt,sroie-278,simple,1,2.0,0.0,1.0,1.0,0.0,1.0,1.0,1.0,1.0,1.0,1.0,
receipt,sroie-278,simple,0,2.0,0.0,1.0,1.0,0.0,1.0,1.0,1.0,1.0,1.0,1.0,
natural,finance-3e0d22d382e3,p0d1,1,0.0,0.0,1.0,1.0,0.0,1.0,1.0,1.0,1.0,,,
natural,finance-3e0d22d382e3,p0d1,0,0.0,0.0,1.0,1.0,0.0,1.0,1.0,1.0,1.0,,,
receipt,sroie-041,full,1,2.0,2.0,0.0,1.0,0.0,0.75,0.75,0.75,0.0,0.75,0.0,
receipt,sroie-041,full,0,2.0,2.0,0.0,1.0,0.0,0.75,0.75,0.75,0.0,0.75,0.0,
receipt,sroie-576,no_def_full,1,4.0,6.0,-0.5,0.5,0.6666666666666666,0.25,0.25,0.25,0.0,0.25,0.0,
receipt,sroie-576,no_def_full,0,4.0,6.0,-0.5,0.5,0.6666666666666666,0.25,0.25,0.25,0.0,0.25,0.0,
receipt,sroie-047,simple,1,6.0,2.0,0.6666666666666666,1.0,0.16666666666666666,0.75,0.75,0.75,0.0,1.0,1.0,
receipt,sroie-047,simple,0,6.0,2.0,0.6666666666666666,1.0,0.16666666666666666,0.75,0.75,0.75,0.0,1.0,1.0,
natural,environment-3881a05cffa1,p1d0,1,0.0,0.0,1.0,1.0,0.0,1.0,1.0,1.0,1.0,,,
natural,environment-3881a05cffa1,p1d0,0,0.0,0.0,1.0,1.0,0.0,1.0,1.0,1.0,1.0,,,
receipt,sroie-459,simple,1,0.0,2.0,0.0,0.75,1.0,0.75,0.75,0.75,0.0,0.75,0.0,
receipt,sroie-459,simple,0,0.0,2.0,0.0,0.75,1.0,0.75,0.75,0.75,0.0,0.75,0.0,
controlled,environment-53794df293b9,p0d0,1,3.0,1.0,0.6666666666666666,1.0,0.0,1.0,0.8571428571428571,0.923076923076923,0.0,,,0.5
controlled,environment-53794df293b9,p0d0,0,3.0,2.0,0.3333333333333333,1.0,0.0,0.8571428571428571,0.8571428571428571,0.8571428571428571,0.0,,,0.5
natural,finance-1d7bb07a73aa,p1d1,1,0.0,0.0,1.0,1.0,0.0,1.0,1.0,1.0,1.0,,,
natural,finance-1d7bb07a73aa,p1d1,0,0.0,0.0,1.0,1.0,0.0,1.0,1.0,1.0,1.0,,,
receipt,sroie-128,no_def_full,1,2.0,2.0,0.0,1.0,0.5,0.75,0.75,0.75,0.0,0.75,0.0,
receipt,sroie-128,no_def_full,0,2.0,2.0,0.0,1.0,0.5,0.75,0.75,0.75,0.0,0.75,0.0,
controlled,environment-243394657c39,p1d0,1,3.0,0.0,1.0,1.0,0.0,1.0,1.0,1.0,1.0,,,1.0
controlled,environment-243394657c39,p1d0,0,3.0,0.0,1.0,1.0,0.0,1.0,1.0,1.0,1.0,,,1.0
receipt,sroie-459,no_def_simple,1,0.0,0.0,1.0,1.0,0.0,1.0,1.0,1.0,1.0,1.0,1.0,
receipt,sroie-459,no_def_simple,0,0.0,0.0,1.0,1.0,0.0,1.0,1.0,1.0,1.0,1.0,1.0,
receipt,sroie-203,no_def_simple,1,2.0,2.0,0.0,1.0,0.0,0.75,0.75,0.75,0.0,0.75,0.0,
receipt,sroie-203,no_def_simple,0,2.0,2.0,0.0,1.0,0.0,0.75,0.75,0.75,0.0,0.75,0.0,
receipt,sroie-348,anchors,1,2.0,0.0,1.0,1.0,0.0,1.0,1.0,1.0,1.0,1.0,1.0,
receipt,sroie-348,anchors,0,2.0,0.0,1.0,1.0,0.0,1.0,1.0,1.0,1.0,1.0,1.0,
receipt,sroie-617,full,1,2.0,2.0,0.0,1.0,0.5,0.75,0.75,0.75,0.0,1.0,1.0,
receipt,sroie-617,full,0,2.0,2.0,0.0,1.0,0.5,0.75,0.75,0.75,0.0,1.0,1.0,
controlled,finance-0578051bec55,p1d0,1,3.0,0.0,1.0,1.0,0.0,1.0,1.0,1.0,1.0,,,1.0
controlled,finance-0578051bec55,p1d0,0,3.0,0.0,1.0,1.0,0.0,1.0,1.0,1.0,1.0,,,1.0
controlled,environment-114d47ef5968,p0d1,1,4.0,0.0,1.0,1.0,0.0,1.0,1.0,1.0,1.0,,,1.0
controlled,environment-114d47ef5968,p0d1,0,4.0,0.0,1.0,1.0,0.0,1.0,1.0,1.0,1.0,,,1.0
receipt,sroie-507,simple,1,2.0,2.0,0.0,1.0,0.0,0.75,0.75,0.75,0.0,0.75,0.0,
receipt,sroie-507,simple,0,2.0,2.0,0.0,1.0,0.0,0.75,0.75,0.75,0.0,0.75,0.0,
controlled,government-1e0b7611abe9,p1d1,1,3.0,0.0,1.0,1.0,0.0,1.0,1.0,1.0,1.0,,,1.0
controlled,government-1e0b7611abe9,p1d1,0,3.0,0.0,1.0,1.0,0.0,1.0,1.0,1.0,1.0,,,1.0
receipt,sroie-471,no_def_simple,1,0.0,0.0,1.0,1.0,0.0,1.0,1.0,1.0,1.0,1.0,1.0,
receipt,sroie-471,no_def_simple,0,0.0,0.0,1.0,1.0,0.0,1.0,1.0,1.0,1.0,1.0,1.0,
natural,environment-320f5d37ee44,p0d0,1,0.0,0.0,1.0,1.0,0.0,1.0,1.0,1.0,1.0,,,
natural,environment-320f5d37ee44,p0d0,0,0.0,0.0,1.0,1.0,0.0,1.0,1.0,1.0,1.0,,,
controlled,finance-396b0d02c4c1,p1d1,1,3.0,0.0,1.0,1.0,0.0,1.0,1.0,1.0,1.0,,,1.0
controlled,finance-396b0d02c4c1,p1d1,0,3.0,0.0,1.0,1.0,0.0,1.0,1.0,1.0,1.0,,,1.0
receipt,sroie-576,random,1,4.0,4.0,0.0,0.5,0.5,0.5,0.5,0.5,0.0,0.5,0.0,
receipt,sroie-576,random,0,4.0,4.0,0.0,0.5,0.5,0.5,0.5,0.5,0.0,0.5,0.0,
receipt,sroie-327,no_def_simple,1,2.0,2.0,0.0,1.0,0.0,0.75,0.75,0.75,0.0,0.75,0.0,
receipt,sroie-327,no_def_simple,0,2.0,2.0,0.0,1.0,0.0,0.75,0.75,0.75,0.0,0.75,0.0,
receipt,sroie-617,simple,1,2.0,2.0,0.0,1.0,0.5,0.75,0.75,0.75,0.0,1.0,1.0,
receipt,sroie-617,simple,0,2.0,2.0,0.0,1.0,0.5,0.75,0.75,0.75,0.0,1.0,1.0,
controlled,environment-29ecdbb5e2da,p0d1,1,3.0,0.0,1.0,1.0,0.0,1.0,1.0,1.0,1.0,,,1.0
controlled,environment-29ecdbb5e2da,p0d1,0,3.0,0.0,1.0,1.0,0.0,1.0,1.0,1.0,1.0,,,1.0
natural,finance-2c5481123672,p1d1,1,0.0,0.0,1.0,1.0,0.0,1.0,1.0,1.0,1.0,,,
natural,finance-2c5481123672,p1d1,0,0.0,0.0,1.0,1.0,0.0,1.0,1.0,1.0,1.0,,,
controlled,government-28de1bc53024,p1d1,1,3.0,0.0,1.0,1.0,0.0,1.0,1.0,1.0,1.0,,,1.0
controlled,government-28de1bc53024,p1d1,0,3.0,0.0,1.0,1.0,0.0,1.0,1.0,1.0,1.0,,,1.0
controlled,finance-2c5481123672,p1d1,1,3.0,0.0,1.0,1.0,0.0,1.0,1.0,1.0,1.0,,,1.0
controlled,finance-2c5481123672,p1d1,0,3.0,0.0,1.0,1.0,0.0,1.0,1.0,1.0,1.0,,,1.0
natural,finance-181bbc50a53b,p1d0,1,0.0,0.0,1.0,1.0,0.0,1.0,1.0,1.0,1.0,,,
natural,finance-181bbc50a53b,p1d0,0,0.0,0.0,1.0,1.0,0.0,1.0,1.0,1.0,1.0,,,
controlled,government-2ae5e35394e4,p1d0,1,3.0,0.0,1.0,1.0,0.0,1.0,1.0,1.0,1.0,,,1.0
controlled,government-2ae5e35394e4,p1d0,0,3.0,0.0,1.0,1.0,0.0,1.0,1.0,1.0,1.0,,,1.0
controlled,finance-40192c28bd08,p1d1,1,3.0,0.0,1.0,1.0,0.0,1.0,1.0,1.0,1.0,,,1.0
controlled,finance-40192c28bd08,p1d1,0,3.0,0.0,1.0,1.0,0.0,1.0,1.0,1.0,1.0,,,1.0
controlled,government-1b02073ace3b,p0d1,1,4.0,0.0,1.0,1.0,0.0,1.0,1.0,1.0,1.0,,,1.0
controlled,government-1b02073ace3b,p0d1,0,4.0,0.0,1.0,1.0,0.0,1.0,1.0,1.0,1.0,,,1.0
natural,government-1872a3147127,p1d0,1,4.0,4.0,0.0,1.0,0.0,0.7142857142857143,0.7142857142857143,0.7142857142857143,0.0,,,
natural,government-1872a3147127,p1d0,0,4.0,4.0,0.0,1.0,0.0,0.7142857142857143,0.7142857142857143,0.7142857142857143,0.0,,,
receipt,sroie-465,simple,1,0.0,0.0,1.0,1.0,0.0,1.0,1.0,1.0,1.0,1.0,1.0,
receipt,sroie-465,simple,0,0.0,0.0,1.0,1.0,0.0,1.0,1.0,1.0,1.0,1.0,1.0,
natural,government-2ae5e35394e4,p0d1,1,4.0,4.0,0.0,1.0,0.0,0.7142857142857143,0.7142857142857143,0.7142857142857143,0.0,,,
natural,government-2ae5e35394e4,p0d1,0,4.0,4.0,0.0,1.0,0.0,0.7142857142857143,0.7142857142857143,0.7142857142857143,0.0,,,
controlled,finance-0578051bec55,p0d0,1,3.0,0.0,1.0,1.0,0.0,1.0,1.0,1.0,1.0,,,1.0
controlled,finance-0578051bec55,p0d0,0,3.0,0.0,1.0,1.0,0.0,1.0,1.0,1.0,1.0,,,1.0
natural,finance-48ea238a01c0,p0d0,1,0.0,0.0,1.0,1.0,0.0,1.0,1.0,1.0,1.0,,,
natural,finance-48ea238a01c0,p0d0,0,0.0,0.0,1.0,1.0,0.0,1.0,1.0,1.0,1.0,,,
controlled,finance-0258ae926423,p0d1,1,3.0,0.0,1.0,1.0,0.0,1.0,1.0,1.0,1.0,,,1.0
controlled,finance-0258ae926423,p0d1,0,3.0,0.0,1.0,1.0,0.0,1.0,1.0,1.0,1.0,,,1.0
receipt,sroie-496,random,1,2.0,2.0,0.0,1.0,0.0,0.75,0.75,0.75,0.0,0.75,0.0,
receipt,sroie-496,random,0,2.0,2.0,0.0,1.0,0.0,0.75,0.75,0.75,0.0,0.75,0.0,
receipt,sroie-289,simple,1,2.0,2.0,0.0,1.0,0.0,0.75,0.75,0.75,0.0,0.75,0.0,
receipt,sroie-289,simple,0,2.0,2.0,0.0,1.0,0.0,0.75,0.75,0.75,0.0,0.75,0.0,
receipt,sroie-312,no_def_full,1,0.0,0.0,1.0,1.0,0.0,1.0,1.0,1.0,1.0,1.0,1.0,
receipt,sroie-312,no_def_full,0,0.0,0.0,1.0,1.0,0.0,1.0,1.0,1.0,1.0,1.0,1.0,
receipt,sroie-223,simple,1,0.0,0.0,1.0,1.0,0.0,1.0,1.0,1.0,1.0,1.0,1.0,
receipt,sroie-223,simple,0,0.0,0.0,1.0,1.0,0.0,1.0,1.0,1.0,1.0,1.0,1.0,
receipt,sroie-290,anchors,1,4.0,0.0,1.0,1.0,0.0,1.0,1.0,1.0,1.0,1.0,1.0,
receipt,sroie-290,anchors,0,4.0,0.0,1.0,1.0,0.0,1.0,1.0,1.0,1.0,1.0,1.0,
controlled,government-0aada7eebec8,p0d1,1,4.0,0.0,1.0,1.0,0.0,1.0,1.0,1.0,1.0,,,1.0
controlled,government-0aada7eebec8,p0d1,0,4.0,0.0,1.0,1.0,0.0,1.0,1.0,1.0,1.0,,,1.0
receipt,sroie-220,simple,1,0.0,0.0,1.0,1.0,0.0,1.0,1.0,1.0,1.0,1.0,1.0,
receipt,sroie-220,simple,0,0.0,0.0,1.0,1.0,0.0,1.0,1.0,1.0,1.0,1.0,1.0,
receipt,sroie-600,anchors,1,2.0,0.0,1.0,1.0,0.0,1.0,1.0,1.0,1.0,1.0,1.0,
receipt,sroie-600,anchors,0,2.0,0.0,1.0,1.0,0.0,1.0,1.0,1.0,1.0,1.0,1.0,
natural,finance-3e0d22d382e3,p1d0,1,0.0,0.0,1.0,1.0,0.0,1.0,1.0,1.0,1.0,,,
natural,finance-3e0d22d382e3,p1d0,0,0.0,0.0,1.0,1.0,0.0,1.0,1.0,1.0,1.0,,,
receipt,sroie-388,simple,1,2.0,2.0,0.0,0.6666666666666666,0.5,0.75,0.75,0.75,0.0,0.75,0.0,
receipt,sroie-388,simple,0,2.0,2.0,0.0,0.6666666666666666,0.5,0.75,0.75,0.75,0.0,0.75,0.0,
receipt,sroie-223,no_def_simple,1,0.0,0.0,1.0,1.0,0.0,1.0,1.0,1.0,1.0,1.0,1.0,
receipt,sroie-223,no_def_simple,0,0.0,0.0,1.0,1.0,0.0,1.0,1.0,1.0,1.0,1.0,1.0,
controlled,government-28de1bc53024,p1d0,1,3.0,0.0,1.0,1.0,0.0,1.0,1.0,1.0,1.0,,,1.0
controlled,government-28de1bc53024,p1d0,0,3.0,0.0,1.0,1.0,0.0,1.0,1.0,1.0,1.0,,,1.0
natural,finance-31f9ee73acbf,p1d1,1,0.0,0.0,1.0,1.0,0.0,1.0,1.0,1.0,1.0,,,
natural,finance-31f9ee73acbf,p1d1,0,0.0,0.0,1.0,1.0,0.0,1.0,1.0,1.0,1.0,,,
controlled,government-267561303433,p1d0,1,3.0,0.0,1.0,1.0,0.0,1.0,1.0,1.0,1.0,,,1.0
controlled,government-267561303433,p1d0,0,3.0,0.0,1.0,1.0,0.0,1.0,1.0,1.0,1.0,,,1.0
receipt,sroie-604,simple,1,0.0,2.0,0.0,0.75,1.0,0.75,0.75,0.75,0.0,0.75,0.0,
receipt,sroie-604,simple,0,0.0,2.0,0.0,0.75,1.0,0.75,0.75,0.75,0.0,0.75,0.0,
controlled,government-27ceaef34223,p1d1,1,2.0,2.0,0.0,1.0,0.5,0.8571428571428571,0.8571428571428571,0.8571428571428571,0.0,,,0.5
controlled,government-27ceaef34223,p1d1,0,2.0,2.0,0.0,1.0,0.5,0.8571428571428571,0.8571428571428571,0.8571428571428571,0.0,,,0.5
receipt,sroie-436,no_def_simple,1,0.0,0.0,1.0,1.0,0.0,1.0,1.0,1.0,1.0,1.0,1.0,
receipt,sroie-436,no_def_simple,0,0.0,0.0,1.0,1.0,0.0,1.0,1.0,1.0,1.0,1.0,1.0,
natural,government-08f42137d50f,p0d1,1,4.0,2.0,0.5,1.0,0.0,0.8571428571428571,0.8571428571428571,0.8571428571428571,0.0,,,
natural,government-08f42137d50f,p0d1,0,4.0,2.0,0.5,1.0,0.0,0.8571428571428571,0.8571428571428571,0.8571428571428571,0.0,,,
natural,environment-53794df293b9,p1d0,1,0.0,0.0,1.0,1.0,0.0,1.0,1.0,1.0,1.0,,,
natural,environment-53794df293b9,p1d0,0,0.0,0.0,1.0,1.0,0.0,1.0,1.0,1.0,1.0,,,
natural,government-0aada7eebec8,p0d0,1,3.0,5.0,-0.6666666666666666,0.8,0.75,0.6666666666666666,0.5714285714285714,0.6153846153846153,0.0,,,
natural,government-0aada7eebec8,p0d0,0,3.0,6.0,-1.0,0.8,0.8,0.5714285714285714,0.5714285714285714,0.5714285714285714,0.0,,,
receipt,sroie-185,no_def_full,1,0.0,0.0,1.0,1.0,0.0,1.0,1.0,1.0,1.0,1.0,1.0,
receipt,sroie-185,no_def_full,0,0.0,0.0,1.0,1.0,0.0,1.0,1.0,1.0,1.0,1.0,1.0,
controlled,government-267561303433,p1d1,1,3.0,0.0,1.0,1.0,0.0,1.0,1.0,1.0,1.0,,,1.0
controlled,government-267561303433,p1d1,0,3.0,0.0,1.0,1.0,0.0,1.0,1.0,1.0,1.0,,,1.0
receipt,sroie-611,random,1,2.0,2.0,0.0,1.0,0.0,0.75,0.75,0.75,0.0,1.0,1.0,
receipt,sroie-611,random,0,2.0,2.0,0.0,1.0,0.0,0.75,0.75,0.75,0.0,1.0,1.0,
controlled,government-3235e3648e32,p0d1,1,3.0,1.0,0.6666666666666666,1.0,0.0,1.0,0.8571428571428571,0.923076923076923,0.0,,,0.5
controlled,government-3235e3648e32,p0d1,0,3.0,1.0,0.6666666666666666,1.0,0.0,1.0,0.8571428571428571,0.923076923076923,0.0,,,0.5
natural,environment-114d47ef5968,p1d1,1,0.0,0.0,1.0,1.0,0.0,1.0,1.0,1.0,1.0,,,
natural,environment-114d47ef5968,p1d1,0,0.0,0.0,1.0,1.0,0.0,1.0,1.0,1.0,1.0,,,
controlled,finance-1d7bb07a73aa,p1d1,1,4.0,1.0,0.75,1.0,0.0,1.0,0.8571428571428571,0.923076923076923,0.0,,,0.5
controlled,finance-1d7bb07a73aa,p1d1,0,4.0,1.0,0.75,1.0,0.0,1.0,0.8571428571428571,0.923076923076923,0.0,,,0.5
receipt,sroie-536,anchors,1,0.0,2.0,0.0,0.75,1.0,0.75,0.75,0.75,0.0,0.75,0.0,
receipt,sroie-536,anchors,0,0.0,2.0,0.0,0.75,1.0,0.75,0.75,0.75,0.0,0.75,0.0,
receipt,sroie-290,random,1,4.0,0.0,1.0,1.0,0.0,1.0,1.0,1.0,1.0,1.0,1.0,
receipt,sroie-290,random,0,4.0,0.0,1.0,1.0,0.0,1.0,1.0,1.0,1.0,1.0,1.0,
controlled,government-2259afc0e111,p1d0,1,3.0,0.0,1.0,1.0,0.0,1.0,1.0,1.0,1.0,,,1.0
controlled,government-2259afc0e111,p1d0,0,3.0,0.0,1.0,1.0,0.0,1.0,1.0,1.0,1.0,,,1.0
natural,environment-243394657c39,p0d1,1,0.0,0.0,1.0,1.0,0.0,1.0,1.0,1.0,1.0,,,
natural,environment-243394657c39,p0d1,0,0.0,0.0,1.0,1.0,0.0,1.0,1.0,1.0,1.0,,,
natural,finance-323400020ae8,p0d1,1,0.0,0.0,1.0,1.0,0.0,1.0,1.0,1.0,1.0,,,
natural,finance-323400020ae8,p0d1,0,0.0,0.0,1.0,1.0,0.0,1.0,1.0,1.0,1.0,,,
receipt,sroie-079,random,1,0.0,0.0,1.0,1.0,0.0,1.0,1.0,1.0,1.0,1.0,1.0,
receipt,sroie-079,random,0,0.0,0.0,1.0,1.0,0.0,1.0,1.0,1.0,1.0,1.0,1.0,
receipt,sroie-611,full,1,2.0,2.0,0.0,1.0,0.0,0.75,0.75,0.75,0.0,1.0,1.0,
receipt,sroie-611,full,0,2.0,2.0,0.0,1.0,0.0,0.75,0.75,0.75,0.0,1.0,1.0,
natural,finance-0ece511b91b7,p1d1,1,0.0,0.0,1.0,1.0,0.0,1.0,1.0,1.0,1.0,,,
natural,finance-0ece511b91b7,p1d1,0,0.0,0.0,1.0,1.0,0.0,1.0,1.0,1.0,1.0,,,
receipt,sroie-575,simple,1,4.0,2.0,0.5,1.0,0.0,0.75,0.75,0.75,0.0,0.75,0.0,
receipt,sroie-575,simple,0,4.0,2.0,0.5,1.0,0.0,0.75,0.75,0.75,0.0,0.75,0.0,
receipt,sroie-410,simple,1,4.0,4.0,0.0,0.5,0.5,0.5,0.5,0.5,0.0,0.5,0.0,
receipt,sroie-410,simple,0,4.0,4.0,0.0,0.5,0.5,0.5,0.5,0.5,0.0,0.5,0.0,
receipt,sroie-339,anchors,1,2.0,0.0,1.0,1.0,0.0,1.0,1.0,1.0,1.0,1.0,1.0,
receipt,sroie-339,anchors,0,2.0,0.0,1.0,1.0,0.0,1.0,1.0,1.0,1.0,1.0,1.0,
receipt,sroie-094,full,1,0.0,0.0,1.0,1.0,0.0,1.0,1.0,1.0,1.0,1.0,1.0,
receipt,sroie-094,full,0,0.0,0.0,1.0,1.0,0.0,1.0,1.0,1.0,1.0,1.0,1.0,
receipt,sroie-016,full,1,0.0,0.0,1.0,1.0,0.0,1.0,1.0,1.0,1.0,1.0,1.0,
receipt,sroie-016,full,0,0.0,0.0,1.0,1.0,0.0,1.0,1.0,1.0,1.0,1.0,1.0,
receipt,sroie-578,random,1,4.0,2.0,0.5,1.0,0.0,0.75,0.75,0.75,0.0,0.75,0.0,
receipt,sroie-578,random,0,4.0,2.0,0.5,1.0,0.0,0.75,0.75,0.75,0.0,0.75,0.0,
receipt,sroie-575,random,1,4.0,4.0,0.0,0.5,0.5,0.5,0.5,0.5,0.0,0.5,0.0,
receipt,sroie-575,random,0,4.0,4.0,0.0,0.5,0.5,0.5,0.5,0.5,0.0,0.5,0.0,
natural,finance-0599b493f8df,p0d1,1,0.0,0.0,1.0,1.0,0.0,1.0,1.0,1.0,1.0,,,
natural,finance-0599b493f8df,p0d1,0,0.0,0.0,1.0,1.0,0.0,1.0,1.0,1.0,1.0,,,
receipt,sroie-087,random,1,0.0,0.0,1.0,1.0,0.0,1.0,1.0,1.0,1.0,1.0,1.0,
receipt,sroie-087,random,0,0.0,0.0,1.0,1.0,0.0,1.0,1.0,1.0,1.0,1.0,1.0,
controlled,environment-5201f128f055,p0d0,1,4.0,0.0,1.0,1.0,0.0,1.0,1.0,1.0,1.0,,,1.0
controlled,environment-5201f128f055,p0d0,0,4.0,0.0,1.0,1.0,0.0,1.0,1.0,1.0,1.0,,,1.0
receipt,sroie-312,full,1,0.0,0.0,1.0,1.0,0.0,1.0,1.0,1.0,1.0,1.0,1.0,
receipt,sroie-312,full,0,0.0,0.0,1.0,1.0,0.0,1.0,1.0,1.0,1.0,1.0,1.0,
receipt,sroie-388,full,1,2.0,2.0,0.0,0.6666666666666666,0.5,0.75,0.75,0.75,0.0,0.75,0.0,
receipt,sroie-388,full,0,2.0,2.0,0.0,0.6666666666666666,0.5,0.75,0.75,0.75,0.0,0.75,0.0,
natural,finance-2c5481123672,p0d0,1,0.0,0.0,1.0,1.0,0.0,1.0,1.0,1.0,1.0,,,
natural,finance-2c5481123672,p0d0,0,0.0,0.0,1.0,1.0,0.0,1.0,1.0,1.0,1.0,,,
controlled,environment-38fd486ef1b7,p0d0,1,3.0,0.0,1.0,1.0,0.0,1.0,1.0,1.0,1.0,,,1.0
controlled,environment-38fd486ef1b7,p0d0,0,3.0,0.0,1.0,1.0,0.0,1.0,1.0,1.0,1.0,,,1.0
controlled,finance-0599b493f8df,p0d0,1,3.0,0.0,1.0,1.0,0.0,1.0,1.0,1.0,1.0,,,1.0
controlled,finance-0599b493f8df,p0d0,0,3.0,0.0,1.0,1.0,0.0,1.0,1.0,1.0,1.0,,,1.0
receipt,sroie-313,simple,1,2.0,0.0,1.0,1.0,0.0,1.0,1.0,1.0,1.0,1.0,1.0,
receipt,sroie-313,simple,0,2.0,0.0,1.0,1.0,0.0,1.0,1.0,1.0,1.0,1.0,1.0,
receipt,sroie-128,random,1,2.0,2.0,0.0,1.0,0.5,0.75,0.75,0.75,0.0,0.75,0.0,
receipt,sroie-128,random,0,2.0,2.0,0.0,1.0,0.5,0.75,0.75,0.75,0.0,0.75,0.0,
natural,government-10a48db0d2e7,p1d0,1,4.0,3.0,0.25,1.0,0.0,0.8333333333333334,0.7142857142857143,0.7692307692307692,0.0,,,
natural,government-10a48db0d2e7,p1d0,0,4.0,4.0,0.0,1.0,0.0,0.7142857142857143,0.7142857142857143,0.7142857142857143,0.0,,,
receipt,sroie-522,no_def_simple,1,0.0,0.0,1.0,1.0,0.0,1.0,1.0,1.0,1.0,1.0,1.0,
receipt,sroie-522,no_def_simple,0,0.0,0.0,1.0,1.0,0.0,1.0,1.0,1.0,1.0,1.0,1.0,
controlled,government-123148e99b2a,p0d0,1,3.0,0.0,1.0,1.0,0.0,1.0,1.0,1.0,1.0,,,1.0
controlled,government-123148e99b2a,p0d0,0,3.0,0.0,1.0,1.0,0.0,1.0,1.0,1.0,1.0,,,1.0
natural,finance-0258ae926423,p1d0,1,0.0,0.0,1.0,1.0,0.0,1.0,1.0,1.0,1.0,,,
natural,finance-0258ae926423,p1d0,0,0.0,0.0,1.0,1.0,0.0,1.0,1.0,1.0,1.0,,,
natural,environment-29ecdbb5e2da,p1d1,1,0.0,0.0,1.0,1.0,0.0,1.0,1.0,1.0,1.0,,,
natural,environment-29ecdbb5e2da,p1d1,0,0.0,0.0,1.0,1.0,0.0,1.0,1.0,1.0,1.0,,,
controlled,finance-2c5481123672,p0d0,1,3.0,1.0,0.6666666666666666,1.0,0.0,1.0,0.8571428571428571,0.923076923076923,0.0,,,0.5
controlled,finance-2c5481123672,p0d0,0,3.0,1.0,0.6666666666666666,1.0,0.0,1.0,0.8571428571428571,0.923076923076923,0.0,,,0.5
controlled,environment-38fd486ef1b7,p1d0,1,3.0,0.0,1.0,1.0,0.0,1.0,1.0,1.0,1.0,,,1.0
controlled,environment-38fd486ef1b7,p1d0,0,3.0,0.0,1.0,1.0,0.0,1.0,1.0,1.0,1.0,,,1.0
receipt,sroie-041,simple,1,2.0,2.0,0.0,1.0,0.0,0.75,0.75,0.75,0.0,0.75,0.0,
receipt,sroie-041,simple,0,2.0,2.0,0.0,1.0,0.0,0.75,0.75,0.75,0.0,0.75,0.0,
controlled,government-1d0146f05f63,p1d1,1,3.0,0.0,1.0,1.0,0.0,1.0,1.0,1.0,1.0,,,1.0
controlled,government-1d0146f05f63,p1d1,0,3.0,0.0,1.0,1.0,0.0,1.0,1.0,1.0,1.0,,,1.0
receipt,sroie-006,anchors,1,4.0,2.0,0.5,1.0,0.0,0.75,0.75,0.75,0.0,1.0,1.0,
receipt,sroie-006,anchors,0,4.0,2.0,0.5,1.0,0.0,0.75,0.75,0.75,0.0,1.0,1.0,
receipt,sroie-593,simple,1,0.0,0.0,1.0,1.0,0.0,1.0,1.0,1.0,1.0,1.0,1.0,
receipt,sroie-593,simple,0,0.0,0.0,1.0,1.0,0.0,1.0,1.0,1.0,1.0,1.0,1.0,
controlled,finance-3e0d22d382e3,p1d1,1,3.0,0.0,1.0,1.0,0.0,1.0,1.0,1.0,1.0,,,1.0
controlled,finance-3e0d22d382e3,p1d1,0,3.0,0.0,1.0,1.0,0.0,1.0,1.0,1.0,1.0,,,1.0
controlled,finance-323400020ae8,p1d0,1,4.0,0.0,1.0,1.0,0.0,1.0,1.0,1.0,1.0,,,1.0
controlled,finance-323400020ae8,p1d0,0,4.0,0.0,1.0,1.0,0.0,1.0,1.0,1.0,1.0,,,1.0
controlled,finance-39b9d6db8c9e,p1d1,1,3.0,0.0,1.0,1.0,0.0,1.0,1.0,1.0,1.0,,,1.0
controlled,finance-39b9d6db8c9e,p1d1,0,3.0,0.0,1.0,1.0,0.0,1.0,1.0,1.0,1.0,,,1.0
natural,finance-39b9d6db8c9e,p0d0,1,0.0,0.0,1.0,1.0,0.0,1.0,1.0,1.0,1.0,,,
natural,finance-39b9d6db8c9e,p0d0,0,0.0,0.0,1.0,1.0,0.0,1.0,1.0,1.0,1.0,,,
controlled,environment-131aae4a913e,p0d1,1,3.0,0.0,1.0,1.0,0.0,1.0,1.0,1.0,1.0,,,1.0
controlled,environment-131aae4a913e,p0d1,0,3.0,0.0,1.0,1.0,0.0,1.0,1.0,1.0,1.0,,,1.0
natural,environment-269d6428ec21,p1d0,1,0.0,0.0,1.0,1.0,0.0,1.0,1.0,1.0,1.0,,,
natural,environment-269d6428ec21,p1d0,0,0.0,0.0,1.0,1.0,0.0,1.0,1.0,1.0,1.0,,,
controlled,finance-31f9ee73acbf,p1d1,1,3.0,0.0,1.0,1.0,0.0,1.0,1.0,1.0,1.0,,,1.0
controlled,finance-31f9ee73acbf,p1d1,0,3.0,0.0,1.0,1.0,0.0,1.0,1.0,1.0,1.0,,,1.0
receipt,sroie-388,no_def_full,1,2.0,0.0,1.0,1.0,0.0,1.0,1.0,1.0,1.0,1.0,1.0,
receipt,sroie-388,no_def_full,0,2.0,0.0,1.0,1.0,0.0,1.0,1.0,1.0,1.0,1.0,1.0,
controlled,environment-114d47ef5968,p1d1,1,4.0,0.0,1.0,1.0,0.0,1.0,1.0,1.0,1.0,,,1.0
controlled,environment-114d47ef5968,p1d1,0,4.0,0.0,1.0,1.0,0.0,1.0,1.0,1.0,1.0,,,1.0
natural,environment-114d47ef5968,p0d0,1,0.0,0.0,1.0,1.0,0.0,1.0,1.0,1.0,1.0,,,
natural,environment-114d47ef5968,p0d0,0,0.0,0.0,1.0,1.0,0.0,1.0,1.0,1.0,1.0,,,
receipt,sroie-006,no_def_simple,1,4.0,4.0,0.0,1.0,0.0,0.5,0.5,0.5,0.0,0.75,0.0,
receipt,sroie-006,no_def_simple,0,4.0,4.0,0.0,1.0,0.0,0.5,0.5,0.5,0.0,0.75,0.0,
receipt,sroie-504,no_def_simple,1,2.0,2.0,0.0,1.0,0.5,0.75,0.75,0.75,0.0,0.75,0.0,
receipt,sroie-504,no_def_simple,0,2.0,2.0,0.0,1.0,0.5,0.75,0.75,0.75,0.0,0.75,0.0,
receipt,sroie-313,no_def_simple,1,2.0,0.0,1.0,1.0,0.0,1.0,1.0,1.0,1.0,1.0,1.0,
receipt,sroie-313,no_def_simple,0,2.0,0.0,1.0,1.0,0.0,1.0,1.0,1.0,1.0,1.0,1.0,
natural,finance-3bcd31489d79,p1d0,1,0.0,0.0,1.0,1.0,0.0,1.0,1.0,1.0,1.0,,,
natural,finance-3bcd31489d79,p1d0,0,0.0,0.0,1.0,1.0,0.0,1.0,1.0,1.0,1.0,,,
natural,finance-2c5481123672,p1d0,1,0.0,0.0,1.0,1.0,0.0,1.0,1.0,1.0,1.0,,,
natural,finance-2c5481123672,p1d0,0,0.0,0.0,1.0,1.0,0.0,1.0,1.0,1.0,1.0,,,
controlled,government-2ae5e35394e4,p1d1,1,3.0,0.0,1.0,1.0,0.0,1.0,1.0,1.0,1.0,,,1.0
controlled,government-2ae5e35394e4,p1d1,0,3.0,0.0,1.0,1.0,0.0,1.0,1.0,1.0,1.0,,,1.0
controlled,environment-29ecdbb5e2da,p1d1,1,3.0,1.0,0.6666666666666666,1.0,0.0,1.0,0.8571428571428571,0.923076923076923,0.0,,,0.5
controlled,environment-29ecdbb5e2da,p1d1,0,3.0,1.0,0.6666666666666666,1.0,0.0,1.0,0.8571428571428571,0.923076923076923,0.0,,,0.5
natural,environment-1c5352baae54,p1d1,1,0.0,0.0,1.0,1.0,0.0,1.0,1.0,1.0,1.0,,,
natural,environment-1c5352baae54,p1d1,0,0.0,0.0,1.0,1.0,0.0,1.0,1.0,1.0,1.0,,,
controlled,environment-320f5d37ee44,p1d1,1,4.0,0.0,1.0,1.0,0.0,1.0,1.0,1.0,1.0,,,1.0
controlled,environment-320f5d37ee44,p1d1,0,4.0,0.0,1.0,1.0,0.0,1.0,1.0,1.0,1.0,,,1.0
controlled,finance-48ea238a01c0,p1d0,1,4.0,0.0,1.0,1.0,0.0,1.0,1.0,1.0,1.0,,,1.0
controlled,finance-48ea238a01c0,p1d0,0,4.0,0.0,1.0,1.0,0.0,1.0,1.0,1.0,1.0,,,1.0
natural,environment-1c5352baae54,p0d0,1,0.0,0.0,1.0,1.0,0.0,1.0,1.0,1.0,1.0,,,
natural,environment-1c5352baae54,p0d0,0,0.0,0.0,1.0,1.0,0.0,1.0,1.0,1.0,1.0,,,
controlled,environment-53794df293b9,p1d0,1,3.0,0.0,1.0,1.0,0.0,1.0,1.0,1.0,1.0,,,1.0
controlled,environment-53794df293b9,p1d0,0,3.0,0.0,1.0,1.0,0.0,1.0,1.0,1.0,1.0,,,1.0
natural,finance-0258ae926423,p0d1,1,0.0,0.0,1.0,1.0,0.0,1.0,1.0,1.0,1.0,,,
natural,finance-0258ae926423,p0d1,0,0.0,0.0,1.0,1.0,0.0,1.0,1.0,1.0,1.0,,,
controlled,government-1e0b7611abe9,p0d1,1,3.0,0.0,1.0,1.0,0.0,1.0,1.0,1.0,1.0,,,1.0
controlled,government-1e0b7611abe9,p0d1,0,3.0,0.0,1.0,1.0,0.0,1.0,1.0,1.0,1.0,,,1.0
natural,environment-4d5c3e883e7b,p0d1,1,0.0,0.0,1.0,1.0,0.0,1.0,1.0,1.0,1.0,,,
natural,environment-4d5c3e883e7b,p0d1,0,0.0,0.0,1.0,1.0,0.0,1.0,1.0,1.0,1.0,,,
receipt,sroie-504,no_def_full,1,2.0,2.0,0.0,1.0,0.5,0.75,0.75,0.75,0.0,0.75,0.0,
receipt,sroie-504,no_def_full,0,2.0,2.0,0.0,1.0,0.5,0.75,0.75,0.75,0.0,0.75,0.0,
receipt,sroie-248,full,1,0.0,4.0,0.0,0.5,1.0,0.5,0.5,0.5,0.0,0.5,0.0,
receipt,sroie-248,full,0,0.0,4.0,0.0,0.5,1.0,0.5,0.5,0.5,0.0,0.5,0.0,
receipt,sroie-287,no_def_full,1,0.0,2.0,0.0,0.75,1.0,0.75,0.75,0.75,0.0,0.75,0.0,
receipt,sroie-287,no_def_full,0,0.0,2.0,0.0,0.75,1.0,0.75,0.75,0.75,0.0,0.75,0.0,
receipt,sroie-172,simple,1,4.0,2.0,0.5,1.0,0.0,0.75,0.75,0.75,0.0,1.0,1.0,
receipt,sroie-172,simple,0,4.0,2.0,0.5,1.0,0.0,0.75,0.75,0.75,0.0,1.0,1.0,
natural,government-267561303433,p1d1,1,2.0,4.0,-1.0,1.0,1.0,0.7142857142857143,0.7142857142857143,0.7142857142857143,0.0,,,
natural,government-267561303433,p1d1,0,2.0,4.0,-1.0,1.0,1.0,0.7142857142857143,0.7142857142857143,0.7142857142857143,0.0,,,
controlled,government-10a48db0d2e7,p1d0,1,4.0,0.0,1.0,1.0,0.0,1.0,1.0,1.0,1.0,,,1.0
controlled,government-10a48db0d2e7,p1d0,0,4.0,0.0,1.0,1.0,0.0,1.0,1.0,1.0,1.0,,,1.0
natural,government-123148e99b2a,p0d0,1,7.0,5.0,0.2857142857142857,1.0,0.3333333333333333,0.6666666666666666,0.5714285714285714,0.6153846153846153,0.0,,,
natural,government-123148e99b2a,p0d0,0,7.0,6.0,0.14285714285714285,1.0,0.42857142857142855,0.5714285714285714,0.5714285714285714,0.5714285714285714,0.0,,,
natural,finance-0578051bec55,p0d1,1,0.0,0.0,1.0,1.0,0.0,1.0,1.0,1.0,1.0,,,
natural,finance-0578051bec55,p0d1,0,0.0,0.0,1.0,1.0,0.0,1.0,1.0,1.0,1.0,,,
controlled,environment-3167138e25d4,p1d0,1,2.0,0.0,1.0,1.0,0.0,1.0,1.0,1.0,1.0,,,1.0
controlled,environment-3167138e25d4,p1d0,0,2.0,0.0,1.0,1.0,0.0,1.0,1.0,1.0,1.0,,,1.0
receipt,sroie-507,no_def_full,1,2.0,0.0,1.0,1.0,0.0,1.0,1.0,1.0,1.0,1.0,1.0,
receipt,sroie-507,no_def_full,0,2.0,0.0,1.0,1.0,0.0,1.0,1.0,1.0,1.0,1.0,1.0,
natural,finance-181bbc50a53b,p0d0,1,0.0,0.0,1.0,1.0,0.0,1.0,1.0,1.0,1.0,,,
natural,finance-181bbc50a53b,p0d0,0,0.0,0.0,1.0,1.0,0.0,1.0,1.0,1.0,1.0,,,
receipt,sroie-327,no_def_full,1,2.0,2.0,0.0,1.0,0.0,0.75,0.75,0.75,0.0,0.75,0.0,
receipt,sroie-327,no_def_full,0,2.0,2.0,0.0,1.0,0.0,0.75,0.75,0.75,0.0,0.75,0.0,
receipt,sroie-575,no_def_full,1,4.0,4.0,0.0,0.5,0.5,0.5,0.5,0.5,0.0,0.5,0.0,
receipt,sroie-575,no_def_full,0,4.0,4.0,0.0,0.5,0.5,0.5,0.5,0.5,0.0,0.5,0.0,
receipt,sroie-070,no_def_full,1,4.0,4.0,0.0,0.5,0.5,0.5,0.5,0.5,0.0,0.5,0.0,
receipt,sroie-070,no_def_full,0,4.0,4.0,0.0,0.5,0.5,0.5,0.5,0.5,0.0,0.5,0.0,
receipt,sroie-128,simple,1,2.0,2.0,0.0,1.0,0.5,0.75,0.75,0.75,0.0,0.75,0.0,
receipt,sroie-128,simple,0,2.0,2.0,0.0,1.0,0.5,0.75,0.75,0.75,0.0,0.75,0.0,
natural,environment-1c5e4f114bd3,p1d1,1,0.0,0.0,1.0,1.0,0.0,1.0,1.0,1.0,1.0,,,
natural,environment-1c5e4f114bd3,p1d1,0,0.0,0.0,1.0,1.0,0.0,1.0,1.0,1.0,1.0,,,
receipt,sroie-313,random,1,2.0,0.0,1.0,1.0,0.0,1.0,1.0,1.0,1.0,1.0,1.0,
receipt,sroie-313,random,0,2.0,0.0,1.0,1.0,0.0,1.0,1.0,1.0,1.0,1.0,1.0,
natural,government-0133725f2f34,p1d1,1,3.0,2.0,0.3333333333333333,1.0,0.0,0.8571428571428571,0.8571428571428571,0.8571428571428571,0.0,,,
natural,government-0133725f2f34,p1d1,0,3.0,2.0,0.3333333333333333,1.0,0.0,0.8571428571428571,0.8571428571428571,0.8571428571428571,0.0,,,
controlled,environment-3881a05cffa1,p1d0,1,4.0,0.0,1.0,1.0,0.0,1.0,1.0,1.0,1.0,,,1.0
controlled,environment-3881a05cffa1,p1d0,0,4.0,0.0,1.0,1.0,0.0,1.0,1.0,1.0,1.0,,,1.0
controlled,finance-39b9d6db8c9e,p1d0,1,3.0,0.0,1.0,1.0,0.0,1.0,1.0,1.0,1.0,,,1.0
controlled,finance-39b9d6db8c9e,p1d0,0,3.0,0.0,1.0,1.0,0.0,1.0,1.0,1.0,1.0,,,1.0
natural,environment-47f0150f2fe7,p0d0,1,0.0,0.0,1.0,1.0,0.0,1.0,1.0,1.0,1.0,,,
natural,environment-47f0150f2fe7,p0d0,0,0.0,0.0,1.0,1.0,0.0,1.0,1.0,1.0,1.0,,,
natural,finance-37536b6f83b2,p0d1,1,0.0,0.0,1.0,1.0,0.0,1.0,1.0,1.0,1.0,,,
natural,finance-37536b6f83b2,p0d1,0,0.0,0.0,1.0,1.0,0.0,1.0,1.0,1.0,1.0,,,
natural,government-2ff87373f537,p0d0,1,3.0,2.0,0.3333333333333333,1.0,0.3333333333333333,0.8571428571428571,0.8571428571428571,0.8571428571428571,0.0,,,
natural,government-2ff87373f537,p0d0,0,3.0,2.0,0.3333333333333333,1.0,0.3333333333333333,0.8571428571428571,0.8571428571428571,0.8571428571428571,0.0,,,
natural,environment-53794df293b9,p1d1,1,0.0,0.0,1.0,1.0,0.0,1.0,1.0,1.0,1.0,,,
natural,environment-53794df293b9,p1d1,0,0.0,0.0,1.0,1.0,0.0,1.0,1.0,1.0,1.0,,,
controlled,government-1b02073ace3b,p1d1,1,4.0,1.0,0.75,1.0,0.0,1.0,0.8571428571428571,0.923076923076923,0.0,,,0.5
controlled,government-1b02073ace3b,p1d1,0,4.0,1.0,0.75,1.0,0.0,1.0,0.8571428571428571,0.923076923076923,0.0,,,0.5
receipt,sroie-079,full,1,0.0,0.0,1.0,1.0,0.0,1.0,1.0,1.0,1.0,1.0,1.0,
receipt,sroie-079,full,0,0.0,0.0,1.0,1.0,0.0,1.0,1.0,1.0,1.0,1.0,1.0,
natural,government-2b05bdf976f6,p0d1,1,7.0,7.0,0.0,1.0,0.0,0.0,0.0,0.0,0.0,,,
natural,government-2b05bdf976f6,p0d1,0,7.0,14.0,-1.0,1.0,1.0,0.0,0.0,0.0,0.0,,,
receipt,sroie-465,no_def_full,1,0.0,2.0,0.0,0.75,1.0,0.75,0.75,0.75,0.0,0.75,0.0,
receipt,sroie-465,no_def_full,0,0.0,2.0,0.0,0.75,1.0,0.75,0.75,0.75,0.0,0.75,0.0,
receipt,sroie-140,full,1,0.0,0.0,1.0,1.0,0.0,1.0,1.0,1.0,1.0,1.0,1.0,
receipt,sroie-140,full,0,0.0,0.0,1.0,1.0,0.0,1.0,1.0,1.0,1.0,1.0,1.0,
receipt,sroie-578,full,1,4.0,2.0,0.5,1.0,0.25,0.75,0.75,0.75,0.0,0.75,0.0,
receipt,sroie-578,full,0,4.0,2.0,0.5,1.0,0.25,0.75,0.75,0.75,0.0,0.75,0.0,
receipt,sroie-287,random,1,0.0,2.0,0.0,0.75,1.0,0.75,0.75,0.75,0.0,0.75,0.0,
receipt,sroie-287,random,0,0.0,2.0,0.0,0.75,1.0,0.75,0.75,0.75,0.0,0.75,0.0,
controlled,finance-2f5191a50246,p1d0,1,3.0,0.0,1.0,1.0,0.0,1.0,1.0,1.0,1.0,,,1.0
controlled,finance-2f5191a50246,p1d0,0,3.0,0.0,1.0,1.0,0.0,1.0,1.0,1.0,1.0,,,1.0
receipt,sroie-068,full,1,2.0,2.0,0.0,1.0,0.0,0.75,0.75,0.75,0.0,0.75,0.0,
receipt,sroie-068,full,0,2.0,2.0,0.0,1.0,0.0,0.75,0.75,0.75,0.0,0.75,0.0,
natural,government-1e0b7611abe9,p1d0,1,4.0,4.0,0.0,1.0,0.0,0.7142857142857143,0.7142857142857143,0.7142857142857143,0.0,,,
natural,government-1e0b7611abe9,p1d0,0,4.0,4.0,0.0,1.0,0.0,0.7142857142857143,0.7142857142857143,0.7142857142857143,0.0,,,
receipt,sroie-281,no_def_simple,1,2.0,0.0,1.0,1.0,0.0,1.0,1.0,1.0,1.0,1.0,1.0,
receipt,sroie-281,no_def_simple,0,2.0,0.0,1.0,1.0,0.0,1.0,1.0,1.0,1.0,1.0,1.0,
controlled,environment-4c4fd0e3970b,p0d1,1,4.0,0.0,1.0,1.0,0.0,1.0,1.0,1.0,1.0,,,1.0
controlled,environment-4c4fd0e3970b,p0d1,0,4.0,0.0,1.0,1.0,0.0,1.0,1.0,1.0,1.0,,,1.0
receipt,sroie-047,random,1,6.0,2.0,0.6666666666666666,1.0,0.16666666666666666,0.75,0.75,0.75,0.0,1.0,1.0,
receipt,sroie-047,random,0,6.0,2.0,0.6666666666666666,1.0,0.16666666666666666,0.75,0.75,0.75,0.0,1.0,1.0,
receipt,sroie-436,anchors,1,0.0,2.0,0.0,0.75,1.0,0.75,0.75,0.75,0.0,0.75,0.0,
receipt,sroie-436,anchors,0,0.0,2.0,0.0,0.75,1.0,0.75,0.75,0.75,0.0,0.75,0.0,
controlled,government-0133725f2f34,p0d0,1,3.0,0.0,1.0,1.0,0.0,1.0,1.0,1.0,1.0,,,1.0
controlled,government-0133725f2f34,p0d0,0,3.0,0.0,1.0,1.0,0.0,1.0,1.0,1.0,1.0,,,1.0
controlled,environment-3167138e25d4,p0d1,1,2.0,0.0,1.0,1.0,0.0,1.0,1.0,1.0,1.0,,,1.0
controlled,environment-3167138e25d4,p0d1,0,2.0,0.0,1.0,1.0,0.0,1.0,1.0,1.0,1.0,,,1.0
natural,environment-38fd486ef1b7,p0d1,1,0.0,0.0,1.0,1.0,0.0,1.0,1.0,1.0,1.0,,,
natural,environment-38fd486ef1b7,p0d1,0,0.0,0.0,1.0,1.0,0.0,1.0,1.0,1.0,1.0,,,
controlled,finance-181bbc50a53b,p1d0,1,3.0,0.0,1.0,1.0,0.0,1.0,1.0,1.0,1.0,,,1.0
controlled,finance-181bbc50a53b,p1d0,0,3.0,0.0,1.0,1.0,0.0,1.0,1.0,1.0,1.0,,,1.0
controlled,environment-3881a05cffa1,p0d1,1,4.0,0.0,1.0,1.0,0.0,1.0,1.0,1.0,1.0,,,1.0
controlled,environment-3881a05cffa1,p0d1,0,4.0,0.0,1.0,1.0,0.0,1.0,1.0,1.0,1.0,,,1.0
natural,government-2fc4dd65e576,p0d0,1,4.0,2.0,0.5,1.0,0.0,1.0,0.7142857142857143,0.8333333333333333,0.0,,,
natural,government-2fc4dd65e576,p0d0,0,4.0,4.0,0.0,1.0,0.0,0.7142857142857143,0.7142857142857143,0.7142857142857143,0.0,,,
receipt,sroie-487,random,1,2.0,2.0,0.0,1.0,0.0,0.75,0.75,0.75,0.0,0.75,0.0,
receipt,sroie-487,random,0,2.0,2.0,0.0,1.0,0.0,0.75,0.75,0.75,0.0,0.75,0.0,
receipt,sroie-593,no_def_simple,1,0.0,2.0,0.0,0.75,1.0,0.75,0.75,0.75,0.0,0.75,0.0,
receipt,sroie-593,no_def_simple,0,0.0,2.0,0.0,0.75,1.0,0.75,0.75,0.75,0.0,0.75,0.0,
natural,environment-47f0150f2fe7,p1d0,1,0.0,0.0,1.0,1.0,0.0,1.0,1.0,1.0,1.0,,,
natural,environment-47f0150f2fe7,p1d0,0,0.0,0.0,1.0,1.0,0.0,1.0,1.0,1.0,1.0,,,
natural,environment-269d6428ec21,p0d0,1,0.0,0.0,1.0,1.0,0.0,1.0,1.0,1.0,1.0,,,
natural,environment-269d6428ec21,p0d0,0,0.0,0.0,1.0,1.0,0.0,1.0,1.0,1.0,1.0,,,
natural,government-1d0146f05f63,p1d1,1,4.0,1.0,0.75,1.0,0.0,1.0,0.8571428571428571,0.923076923076923,0.0,,,
natural,government-1d0146f05f63,p1d1,0,4.0,2.0,0.5,1.0,0.0,0.8571428571428571,0.8571428571428571,0.8571428571428571,0.0,,,
natural,environment-08f31c70d080,p0d0,1,0.0,0.0,1.0,1.0,0.0,1.0,1.0,1.0,1.0,,,
natural,environment-08f31c70d080,p0d0,0,0.0,0.0,1.0,1.0,0.0,1.0,1.0,1.0,1.0,,,
receipt,sroie-112,no_def_simple,1,4.0,4.0,0.0,1.0,0.5,0.5,0.5,0.5,0.0,0.5,0.0,
receipt,sroie-112,no_def_simple,0,4.0,4.0,0.0,1.0,0.5,0.5,0.5,0.5,0.0,0.5,0.0,
natural,finance-47fc6b850968,p1d1,1,0.0,0.0,1.0,1.0,0.0,1.0,1.0,1.0,1.0,,,
natural,finance-47fc6b850968,p1d1,0,0.0,0.0,1.0,1.0,0.0,1.0,1.0,1.0,1.0,,,
controlled,finance-0599b493f8df,p0d1,1,3.0,0.0,1.0,1.0,0.0,1.0,1.0,1.0,1.0,,,1.0
controlled,finance-0599b493f8df,p0d1,0,3.0,0.0,1.0,1.0,0.0,1.0,1.0,1.0,1.0,,,1.0
controlled,environment-0c6bdf88582b,p0d0,1,4.0,0.0,1.0,1.0,0.0,1.0,1.0,1.0,1.0,,,1.0
controlled,environment-0c6bdf88582b,p0d0,0,4.0,0.0,1.0,1.0,0.0,1.0,1.0,1.0,1.0,,,1.0
receipt,sroie-006,random,1,4.0,4.0,0.0,0.5,0.5,0.5,0.5,0.5,0.0,0.75,0.0,
receipt,sroie-006,random,0,4.0,4.0,0.0,0.5,0.5,0.5,0.5,0.5,0.0,0.75,0.0,
receipt,sroie-419,no_def_simple,1,2.0,2.0,0.0,1.0,0.5,0.75,0.75,0.75,0.0,0.75,0.0,
receipt,sroie-419,no_def_simple,0,2.0,2.0,0.0,1.0,0.5,0.75,0.75,0.75,0.0,0.75,0.0,
natural,government-123148e99b2a,p1d1,1,7.0,5.0,0.2857142857142857,1.0,0.3333333333333333,0.6666666666666666,0.5714285714285714,0.6153846153846153,0.0,,,
natural,government-123148e99b2a,p1d1,0,7.0,6.0,0.14285714285714285,1.0,0.42857142857142855,0.5714285714285714,0.5714285714285714,0.5714285714285714,0.0,,,
controlled,finance-47fc6b850968,p0d1,1,2.0,0.0,1.0,1.0,0.0,1.0,1.0,1.0,1.0,,,1.0
controlled,finance-47fc6b850968,p0d1,0,2.0,0.0,1.0,1.0,0.0,1.0,1.0,1.0,1.0,,,1.0
natural,environment-269d6428ec21,p0d1,1,0.0,0.0,1.0,1.0,0.0,1.0,1.0,1.0,1.0,,,
natural,environment-269d6428ec21,p0d1,0,0.0,0.0,1.0,1.0,0.0,1.0,1.0,1.0,1.0,,,
receipt,sroie-248,simple,1,0.0,2.0,0.0,0.75,1.0,0.75,0.75,0.75,0.0,0.75,0.0,
receipt,sroie-248,simple,0,0.0,2.0,0.0,0.75,1.0,0.75,0.75,0.75,0.0,0.75,0.0,
controlled,finance-3e0d22d382e3,p0d0,1,3.0,0.0,1.0,1.0,0.0,1.0,1.0,1.0,1.0,,,1.0
controlled,finance-3e0d22d382e3,p0d0,0,3.0,0.0,1.0,1.0,0.0,1.0,1.0,1.0,1.0,,,1.0
receipt,sroie-600,random,1,2.0,0.0,1.0,1.0,0.0,1.0,1.0,1.0,1.0,1.0,1.0,
receipt,sroie-600,random,0,2.0,0.0,1.0,1.0,0.0,1.0,1.0,1.0,1.0,1.0,1.0,
receipt,sroie-436,full,1,0.0,2.0,0.0,0.75,1.0,0.75,0.75,0.75,0.0,0.75,0.0,
receipt,sroie-436,full,0,0.0,2.0,0.0,0.75,1.0,0.75,0.75,0.75,0.0,0.75,0.0,
controlled,environment-53794df293b9,p0d1,1,3.0,0.0,1.0,1.0,0.0,1.0,1.0,1.0,1.0,,,1.0
controlled,environment-53794df293b9,p0d1,0,3.0,0.0,1.0,1.0,0.0,1.0,1.0,1.0,1.0,,,1.0
natural,government-0aada7eebec8,p1d0,1,3.0,5.0,-0.6666666666666666,0.8,0.75,0.6666666666666666,0.5714285714285714,0.6153846153846153,0.0,,,
natural,government-0aada7eebec8,p1d0,0,3.0,6.0,-1.0,0.8,0.8,0.5714285714285714,0.5714285714285714,0.5714285714285714,0.0,,,
receipt,sroie-504,anchors,1,2.0,2.0,0.0,1.0,0.5,0.75,0.75,0.75,0.0,0.75,0.0,
receipt,sroie-504,anchors,0,2.0,2.0,0.0,1.0,0.5,0.75,0.75,0.75,0.0,0.75,0.0,
receipt,sroie-522,full,1,0.0,2.0,0.0,0.75,1.0,0.75,0.75,0.75,0.0,0.75,0.0,
receipt,sroie-522,full,0,0.0,2.0,0.0,0.75,1.0,0.75,0.75,0.75,0.0,0.75,0.0,
receipt,sroie-006,simple,1,4.0,4.0,0.0,1.0,0.0,0.5,0.5,0.5,0.0,0.75,0.0,
receipt,sroie-006,simple,0,4.0,4.0,0.0,1.0,0.0,0.5,0.5,0.5,0.0,0.75,0.0,
receipt,sroie-436,simple,1,0.0,2.0,0.0,0.75,1.0,0.75,0.75,0.75,0.0,0.75,0.0,
receipt,sroie-436,simple,0,0.0,2.0,0.0,0.75,1.0,0.75,0.75,0.75,0.0,0.75,0.0,
receipt,sroie-600,no_def_simple,1,2.0,2.0,0.0,1.0,0.0,0.75,0.75,0.75,0.0,0.75,0.0,
receipt,sroie-600,no_def_simple,0,2.0,2.0,0.0,1.0,0.0,0.75,0.75,0.75,0.0,0.75,0.0,
receipt,sroie-487,anchors,1,2.0,2.0,0.0,1.0,0.0,0.75,0.75,0.75,0.0,0.75,0.0,
receipt,sroie-487,anchors,0,2.0,2.0,0.0,1.0,0.0,0.75,0.75,0.75,0.0,0.75,0.0,
natural,government-2ae5e35394e4,p0d0,1,4.0,4.0,0.0,1.0,0.0,0.7142857142857143,0.7142857142857143,0.7142857142857143,0.0,,,
natural,government-2ae5e35394e4,p0d0,0,4.0,4.0,0.0,1.0,0.0,0.7142857142857143,0.7142857142857143,0.7142857142857143,0.0,,,
natural,environment-4d5c3e883e7b,p0d0,1,0.0,0.0,1.0,1.0,0.0,1.0,1.0,1.0,1.0,,,
natural,environment-4d5c3e883e7b,p0d0,0,0.0,0.0,1.0,1.0,0.0,1.0,1.0,1.0,1.0,,,
natural,environment-2fdd1fa18a3a,p1d0,1,0.0,0.0,1.0,1.0,0.0,1.0,1.0,1.0,1.0,,,
natural,environment-2fdd1fa18a3a,p1d0,0,0.0,0.0,1.0,1.0,0.0,1.0,1.0,1.0,1.0,,,
controlled,finance-47fc6b850968,p1d1,1,2.0,0.0,1.0,1.0,0.0,1.0,1.0,1.0,1.0,,,1.0
controlled,finance-47fc6b850968,p1d1,0,2.0,0.0,1.0,1.0,0.0,1.0,1.0,1.0,1.0,,,1.0
receipt,sroie-047,no_def_full,1,6.0,6.0,0.0,0.0,0.5,0.25,0.25,0.25,0.0,0.5,0.0,
receipt,sroie-047,no_def_full,0,6.0,6.0,0.0,0.0,0.5,0.25,0.25,0.25,0.0,0.5,0.0,
controlled,environment-1c5352baae54,p1d1,1,3.0,1.0,0.6666666666666666,1.0,0.0,1.0,0.8571428571428571,0.923076923076923,0.0,,,0.5
controlled,environment-1c5352baae54,p1d1,0,3.0,1.0,0.6666666666666666,1.0,0.0,1.0,0.8571428571428571,0.923076923076923,0.0,,,0.5
natural,finance-0599b493f8df,p0d0,1,0.0,0.0,1.0,1.0,0.0,1.0,1.0,1.0,1.0,,,
natural,finance-0599b493f8df,p0d0,0,0.0,0.0,1.0,1.0,0.0,1.0,1.0,1.0,1.0,,,
natural,government-1d0146f05f63,p0d1,1,4.0,1.0,0.75,1.0,0.0,1.0,0.8571428571428571,0.923076923076923,0.0,,,
natural,government-1d0146f05f63,p0d1,0,4.0,2.0,0.5,1.0,0.0,0.8571428571428571,0.8571428571428571,0.8571428571428571,0.0,,,
natural,environment-320f5d37ee44,p0d1,1,0.0,0.0,1.0,1.0,0.0,1.0,1.0,1.0,1.0,,,
natural,environment-320f5d37ee44,p0d1,0,0.0,0.0,1.0,1.0,0.0,1.0,1.0,1.0,1.0,,,
controlled,government-1d0146f05f63,p0d0,1,3.0,0.0,1.0,1.0,0.0,1.0,1.0,1.0,1.0,,,1.0
controlled,government-1d0146f05f63,p0d0,0,3.0,0.0,1.0,1.0,0.0,1.0,1.0,1.0,1.0,,,1.0
controlled,environment-114d47ef5968,p0d0,1,4.0,0.0,1.0,1.0,0.0,1.0,1.0,1.0,1.0,,,1.0
controlled,environment-114d47ef5968,p0d0,0,4.0,0.0,1.0,1.0,0.0,1.0,1.0,1.0,1.0,,,1.0
receipt,sroie-094,no_def_full,1,0.0,0.0,1.0,1.0,0.0,1.0,1.0,1.0,1.0,1.0,1.0,
receipt,sroie-094,no_def_full,0,0.0,0.0,1.0,1.0,0.0,1.0,1.0,1.0,1.0,1.0,1.0,
natural,government-2fc4dd65e576,p1d1,1,4.0,2.0,0.5,1.0,0.0,1.0,0.7142857142857143,0.8333333333333333,0.0,,,
natural,government-2fc4dd65e576,p1d1,0,4.0,4.0,0.0,1.0,0.0,0.7142857142857143,0.7142857142857143,0.7142857142857143,0.0,,,
natural,environment-5201f128f055,p1d0,1,0.0,0.0,1.0,1.0,0.0,1.0,1.0,1.0,1.0,,,
natural,environment-5201f128f055,p1d0,0,0.0,0.0,1.0,1.0,0.0,1.0,1.0,1.0,1.0,,,
controlled,environment-4c4fd0e3970b,p1d1,1,4.0,1.0,0.75,1.0,0.0,1.0,0.8571428571428571,0.923076923076923,0.0,,,0.5
controlled,environment-4c4fd0e3970b,p1d1,0,4.0,1.0,0.75,1.0,0.0,1.0,0.8571428571428571,0.923076923076923,0.0,,,0.5
receipt,sroie-223,anchors,1,0.0,0.0,1.0,1.0,0.0,1.0,1.0,1.0,1.0,1.0,1.0,
receipt,sroie-223,anchors,0,0.0,0.0,1.0,1.0,0.0,1.0,1.0,1.0,1.0,1.0,1.0,
natural,environment-29ecdbb5e2da,p1d0,1,0.0,0.0,1.0,1.0,0.0,1.0,1.0,1.0,1.0,,,
natural,environment-29ecdbb5e2da,p1d0,0,0.0,0.0,1.0,1.0,0.0,1.0,1.0,1.0,1.0,,,
receipt,sroie-312,anchors,1,0.0,0.0,1.0,1.0,0.0,1.0,1.0,1.0,1.0,1.0,1.0,
receipt,sroie-312,anchors,0,0.0,0.0,1.0,1.0,0.0,1.0,1.0,1.0,1.0,1.0,1.0,
natural,environment-320f5d37ee44,p1d0,1,0.0,0.0,1.0,1.0,0.0,1.0,1.0,1.0,1.0,,,
natural,environment-320f5d37ee44,p1d0,0,0.0,0.0,1.0,1.0,0.0,1.0,1.0,1.0,1.0,,,
controlled,government-08f42137d50f,p0d1,1,4.0,0.0,1.0,1.0,0.0,1.0,1.0,1.0,1.0,,,1.0
controlled,government-08f42137d50f,p0d1,0,4.0,0.0,1.0,1.0,0.0,1.0,1.0,1.0,1.0,,,1.0
receipt,sroie-287,anchors,1,0.0,2.0,0.0,0.75,1.0,0.75,0.75,0.75,0.0,0.75,0.0,
receipt,sroie-287,anchors,0,0.0,2.0,0.0,0.75,1.0,0.75,0.75,0.75,0.0,0.75,0.0,
controlled,government-1872a3147127,p1d0,1,4.0,0.0,1.0,1.0,0.0,1.0,1.0,1.0,1.0,,,1.0
controlled,government-1872a3147127,p1d0,0,4.0,0.0,1.0,1.0,0.0,1.0,1.0,1.0,1.0,,,1.0
natural,finance-47fc6b850968,p0d0,1,0.0,0.0,1.0,1.0,0.0,1.0,1.0,1.0,1.0,,,
natural,finance-47fc6b850968,p0d0,0,0.0,0.0,1.0,1.0,0.0,1.0,1.0,1.0,1.0,,,
natural,finance-0258ae926423,p1d1,1,0.0,0.0,1.0,1.0,0.0,1.0,1.0,1.0,1.0,,,
natural,finance-0258ae926423,p1d1,0,0.0,0.0,1.0,1.0,0.0,1.0,1.0,1.0,1.0,,,
receipt,sroie-459,no_def_full,1,0.0,2.0,0.0,0.75,1.0,0.75,0.75,0.75,0.0,0.75,0.0,
receipt,sroie-459,no_def_full,0,0.0,2.0,0.0,0.75,1.0,0.75,0.75,0.75,0.0,0.75,0.0,
receipt,sroie-203,random,1,2.0,0.0,1.0,1.0,0.0,1.0,1.0,1.0,1.0,1.0,1.0,
receipt,sroie-203,random,0,2.0,0.0,1.0,1.0,0.0,1.0,1.0,1.0,1.0,1.0,1.0,
controlled,finance-396b0d02c4c1,p0d1,1,3.0,0.0,1.0,1.0,0.0,1.0,1.0,1.0,1.0,,,1.0
controlled,finance-396b0d02c4c1,p0d1,0,3.0,0.0,1.0,1.0,0.0,1.0,1.0,1.0,1.0,,,1.0
controlled,government-2fc4dd65e576,p1d1,1,4.0,0.0,1.0,1.0,0.0,1.0,1.0,1.0,1.0,,,1.0
controlled,government-2fc4dd65e576,p1d1,0,4.0,0.0,1.0,1.0,0.0,1.0,1.0,1.0,1.0,,,1.0
receipt,sroie-016,anchors,1,0.0,0.0,1.0,1.0,0.0,1.0,1.0,1.0,1.0,1.0,1.0,
receipt,sroie-016,anchors,0,0.0,0.0,1.0,1.0,0.0,1.0,1.0,1.0,1.0,1.0,1.0,
receipt,sroie-047,full,1,6.0,2.0,0.6666666666666666,1.0,0.16666666666666666,0.75,0.75,0.75,0.0,1.0,1.0,
receipt,sroie-047,full,0,6.0,2.0,0.6666666666666666,1.0,0.16666666666666666,0.75,0.75,0.75,0.0,1.0,1.0,
natural,government-1b02073ace3b,p0d1,1,4.0,2.0,0.5,1.0,0.25,0.8571428571428571,0.8571428571428571,0.8571428571428571,0.0,,,
natural,government-1b02073ace3b,p0d1,0,4.0,2.0,0.5,1.0,0.25,0.8571428571428571,0.8571428571428571,0.8571428571428571,0.0,,,
natural,government-3235e3648e32,p0d1,1,7.0,1.0,0.8571428571428571,1.0,0.0,1.0,0.8571428571428571,0.923076923076923,0.0,,,
natural,government-3235e3648e32,p0d1,0,7.0,2.0,0.7142857142857143,1.0,0.14285714285714285,0.8571428571428571,0.8571428571428571,0.8571428571428571,0.0,,,
natural,environment-131aae4a913e,p0d0,1,0.0,0.0,1.0,1.0,0.0,1.0,1.0,1.0,1.0,,,
natural,environment-131aae4a913e,p0d0,0,0.0,0.0,1.0,1.0,0.0,1.0,1.0,1.0,1.0,,,
receipt,sroie-507,random,1,2.0,2.0,0.0,1.0,0.0,0.75,0.75,0.75,0.0,0.75,0.0,
receipt,sroie-507,random,0,2.0,2.0,0.0,1.0,0.0,0.75,0.75,0.75,0.0,0.75,0.0,
receipt,sroie-087,anchors,1,0.0,0.0,1.0,1.0,0.0,1.0,1.0,1.0,1.0,1.0,1.0,
receipt,sroie-087,anchors,0,0.0,0.0,1.0,1.0,0.0,1.0,1.0,1.0,1.0,1.0,1.0,
receipt,sroie-339,no_def_simple,1,2.0,2.0,0.0,1.0,0.0,0.75,0.75,0.75,0.0,0.75,0.0,
receipt,sroie-339,no_def_simple,0,2.0,2.0,0.0,1.0,0.0,0.75,0.75,0.75,0.0,0.75,0.0,
receipt,sroie-313,anchors,1,2.0,0.0,1.0,1.0,0.0,1.0,1.0,1.0,1.0,1.0,1.0,
receipt,sroie-313,anchors,0,2.0,0.0,1.0,1.0,0.0,1.0,1.0,1.0,1.0,1.0,1.0,
natural,environment-5201f128f055,p0d1,1,0.0,0.0,1.0,1.0,0.0,1.0,1.0,1.0,1.0,,,
natural,environment-5201f128f055,p0d1,0,0.0,0.0,1.0,1.0,0.0,1.0,1.0,1.0,1.0,,,
receipt,sroie-507,full,1,2.0,0.0,1.0,1.0,0.0,1.0,1.0,1.0,1.0,1.0,1.0,
receipt,sroie-507,full,0,2.0,0.0,1.0,1.0,0.0,1.0,1.0,1.0,1.0,1.0,1.0,
controlled,environment-2fdd1fa18a3a,p0d1,1,4.0,0.0,1.0,1.0,0.0,1.0,1.0,1.0,1.0,,,1.0
controlled,environment-2fdd1fa18a3a,p0d1,0,4.0,0.0,1.0,1.0,0.0,1.0,1.0,1.0,1.0,,,1.0
receipt,sroie-339,random,1,2.0,0.0,1.0,1.0,0.0,1.0,1.0,1.0,1.0,1.0,1.0,
receipt,sroie-339,random,0,2.0,0.0,1.0,1.0,0.0,1.0,1.0,1.0,1.0,1.0,1.0,
receipt,sroie-388,no_def_simple,1,2.0,0.0,1.0,1.0,0.0,1.0,1.0,1.0,1.0,1.0,1.0,
receipt,sroie-388,no_def_simple,0,2.0,0.0,1.0,1.0,0.0,1.0,1.0,1.0,1.0,1.0,1.0,
receipt,sroie-419,anchors,1,2.0,4.0,-1.0,0.6666666666666666,0.75,0.5,0.5,0.5,0.0,0.75,0.0,
receipt,sroie-419,anchors,0,2.0,4.0,-1.0,0.6666666666666666,0.75,0.5,0.5,0.5,0.0,0.75,0.0,
receipt,sroie-041,random,1,2.0,2.0,0.0,1.0,0.0,0.75,0.75,0.75,0.0,0.75,0.0,
receipt,sroie-041,random,0,2.0,2.0,0.0,1.0,0.0,0.75,0.75,0.75,0.0,0.75,0.0,
natural,environment-1c5e4f114bd3,p0d1,1,0.0,0.0,1.0,1.0,0.0,1.0,1.0,1.0,1.0,,,
natural,environment-1c5e4f114bd3,p0d1,0,0.0,0.0,1.0,1.0,0.0,1.0,1.0,1.0,1.0,,,
natural,finance-2f5191a50246,p1d0,1,0.0,0.0,1.0,1.0,0.0,1.0,1.0,1.0,1.0,,,
natural,finance-2f5191a50246,p1d0,0,0.0,0.0,1.0,1.0,0.0,1.0,1.0,1.0,1.0,,,
natural,government-3973dc6cd196,p1d0,1,4.0,4.0,0.0,1.0,0.0,0.7142857142857143,0.7142857142857143,0.7142857142857143,0.0,,,
natural,government-3973dc6cd196,p1d0,0,4.0,4.0,0.0,1.0,0.0,0.7142857142857143,0.7142857142857143,0.7142857142857143,0.0,,,
receipt,sroie-327,random,1,2.0,2.0,0.0,1.0,0.0,0.75,0.75,0.75,0.0,0.75,0.0,
receipt,sroie-327,random,0,2.0,2.0,0.0,1.0,0.0,0.75,0.75,0.75,0.0,0.75,0.0,
receipt,sroie-487,simple,1,2.0,2.0,0.0,1.0,0.0,0.75,0.75,0.75,0.0,0.75,0.0,
receipt,sroie-487,simple,0,2.0,2.0,0.0,1.0,0.0,0.75,0.75,0.75,0.0,0.75,0.0,
receipt,sroie-289,no_def_simple,1,2.0,2.0,0.0,1.0,0.0,0.75,0.75,0.75,0.0,0.75,0.0,
receipt,sroie-289,no_def_simple,0,2.0,2.0,0.0,1.0,0.0,0.75,0.75,0.75,0.0,0.75,0.0,
controlled,environment-1c5352baae54,p0d1,1,3.0,1.0,0.6666666666666666,1.0,0.0,1.0,0.8571428571428571,0.923076923076923,0.0,,,0.5
controlled,environment-1c5352baae54,p0d1,0,3.0,1.0,0.6666666666666666,1.0,0.0,1.0,0.8571428571428571,0.923076923076923,0.0,,,0.5
controlled,government-0aada7eebec8,p1d0,1,4.0,0.0,1.0,1.0,0.0,1.0,1.0,1.0,1.0,,,1.0
controlled,government-0aada7eebec8,p1d0,0,4.0,0.0,1.0,1.0,0.0,1.0,1.0,1.0,1.0,,,1.0
natural,environment-243394657c39,p1d1,1,0.0,0.0,1.0,1.0,0.0,1.0,1.0,1.0,1.0,,,
natural,environment-243394657c39,p1d1,0,0.0,0.0,1.0,1.0,0.0,1.0,1.0,1.0,1.0,,,
natural,finance-39b9d6db8c9e,p0d1,1,0.0,0.0,1.0,1.0,0.0,1.0,1.0,1.0,1.0,,,
natural,finance-39b9d6db8c9e,p0d1,0,0.0,0.0,1.0,1.0,0.0,1.0,1.0,1.0,1.0,,,
natural,finance-47fc6b850968,p0d1,1,0.0,0.0,1.0,1.0,0.0,1.0,1.0,1.0,1.0,,,
natural,finance-47fc6b850968,p0d1,0,0.0,0.0,1.0,1.0,0.0,1.0,1.0,1.0,1.0,,,
natural,government-28de1bc53024,p1d1,1,4.0,4.0,0.0,1.0,0.5,0.7142857142857143,0.7142857142857143,0.7142857142857143,0.0,,,
natural,government-28de1bc53024,p1d1,0,4.0,4.0,0.0,1.0,0.5,0.7142857142857143,0.7142857142857143,0.7142857142857143,0.0,,,
receipt,sroie-611,no_def_simple,1,2.0,2.0,0.0,1.0,0.0,0.75,0.75,0.75,0.0,1.0,1.0,
receipt,sroie-611,no_def_simple,0,2.0,2.0,0.0,1.0,0.0,0.75,0.75,0.75,0.0,1.0,1.0,
controlled,finance-3bcd31489d79,p1d1,1,4.0,0.0,1.0,1.0,0.0,1.0,1.0,1.0,1.0,,,1.0
controlled,finance-3bcd31489d79,p1d1,0,4.0,0.0,1.0,1.0,0.0,1.0,1.0,1.0,1.0,,,1.0
controlled,environment-269d6428ec21,p1d0,1,3.0,0.0,1.0,1.0,0.0,1.0,1.0,1.0,1.0,,,1.0
controlled,environment-269d6428ec21,p1d0,0,3.0,0.0,1.0,1.0,0.0,1.0,1.0,1.0,1.0,,,1.0
receipt,sroie-312,random,1,0.0,0.0,1.0,1.0,0.0,1.0,1.0,1.0,1.0,1.0,1.0,
receipt,sroie-312,random,0,0.0,0.0,1.0,1.0,0.0,1.0,1.0,1.0,1.0,1.0,1.0,
controlled,government-38d8e7495369,p1d0,1,3.0,0.0,1.0,1.0,0.0,1.0,1.0,1.0,1.0,,,1.0
controlled,government-38d8e7495369,p1d0,0,3.0,0.0,1.0,1.0,0.0,1.0,1.0,1.0,1.0,,,1.0
natural,environment-47f0150f2fe7,p0d1,1,0.0,0.0,1.0,1.0,0.0,1.0,1.0,1.0,1.0,,,
natural,environment-47f0150f2fe7,p0d1,0,0.0,0.0,1.0,1.0,0.0,1.0,1.0,1.0,1.0,,,
controlled,environment-08f31c70d080,p1d1,1,4.0,0.0,1.0,1.0,0.0,1.0,1.0,1.0,1.0,,,1.0
controlled,environment-08f31c70d080,p1d1,0,4.0,0.0,1.0,1.0,0.0,1.0,1.0,1.0,1.0,,,1.0
receipt,sroie-033,anchors,1,2.0,2.0,0.0,1.0,0.5,0.75,0.75,0.75,0.0,0.75,0.0,
receipt,sroie-033,anchors,0,2.0,2.0,0.0,1.0,0.5,0.75,0.75,0.75,0.0,0.75,0.0,
receipt,sroie-611,simple,1,2.0,2.0,0.0,1.0,0.0,0.75,0.75,0.75,0.0,1.0,1.0,
receipt,sroie-611,simple,0,2.0,2.0,0.0,1.0,0.0,0.75,0.75,0.75,0.0,1.0,1.0,
natural,environment-38fd486ef1b7,p1d1,1,0.0,0.0,1.0,1.0,0.0,1.0,1.0,1.0,1.0,,,
natural,environment-38fd486ef1b7,p1d1,0,0.0,0.0,1.0,1.0,0.0,1.0,1.0,1.0,1.0,,,
natural,government-28de1bc53024,p0d0,1,4.0,4.0,0.0,1.0,0.5,0.7142857142857143,0.7142857142857143,0.7142857142857143,0.0,,,
natural,government-28de1bc53024,p0d0,0,4.0,4.0,0.0,1.0,0.5,0.7142857142857143,0.7142857142857143,0.7142857142857143,0.0,,,
controlled,finance-2f5191a50246,p0d1,1,3.0,0.0,1.0,1.0,0.0,1.0,1.0,1.0,1.0,,,1.0
controlled,finance-2f5191a50246,p0d1,0,3.0,0.0,1.0,1.0,0.0,1.0,1.0,1.0,1.0,,,1.0
receipt,sroie-006,full,1,4.0,2.0,0.5,1.0,0.0,0.75,0.75,0.75,0.0,1.0,1.0,
receipt,sroie-006,full,0,4.0,2.0,0.5,1.0,0.0,0.75,0.75,0.75,0.0,1.0,1.0,
natural,environment-2fdd1fa18a3a,p0d0,1,0.0,0.0,1.0,1.0,0.0,1.0,1.0,1.0,1.0,,,
natural,environment-2fdd1fa18a3a,p0d0,0,0.0,0.0,1.0,1.0,0.0,1.0,1.0,1.0,1.0,,,
natural,finance-0940112f81b2,p1d0,1,0.0,0.0,1.0,1.0,0.0,1.0,1.0,1.0,1.0,,,
natural,finance-0940112f81b2,p1d0,0,0.0,0.0,1.0,1.0,0.0,1.0,1.0,1.0,1.0,,,
natural,government-3235e3648e32,p0d0,1,7.0,0.0,1.0,1.0,0.0,1.0,1.0,1.0,1.0,,,
natural,government-3235e3648e32,p0d0,0,7.0,0.0,1.0,1.0,0.0,1.0,1.0,1.0,1.0,,,
receipt,sroie-016,no_def_simple,1,0.0,0.0,1.0,1.0,0.0,1.0,1.0,1.0,1.0,1.0,1.0,
receipt,sroie-016,no_def_simple,0,0.0,0.0,1.0,1.0,0.0,1.0,1.0,1.0,1.0,1.0,1.0,
receipt,sroie-299,no_def_simple,1,0.0,0.0,1.0,1.0,0.0,1.0,1.0,1.0,1.0,1.0,1.0,
receipt,sroie-299,no_def_simple,0,0.0,0.0,1.0,1.0,0.0,1.0,1.0,1.0,1.0,1.0,1.0,
receipt,sroie-128,no_def_simple,1,2.0,2.0,0.0,1.0,0.5,0.75,0.75,0.75,0.0,0.75,0.0,
receipt,sroie-128,no_def_simple,0,2.0,2.0,0.0,1.0,0.5,0.75,0.75,0.75,0.0,0.75,0.0,
receipt,sroie-079,anchors,1,0.0,0.0,1.0,1.0,0.0,1.0,1.0,1.0,1.0,1.0,1.0,
receipt,sroie-079,anchors,0,0.0,0.0,1.0,1.0,0.0,1.0,1.0,1.0,1.0,1.0,1.0,
natural,environment-38fd486ef1b7,p1d0,1,0.0,0.0,1.0,1.0,0.0,1.0,1.0,1.0,1.0,,,
natural,environment-38fd486ef1b7,p1d0,0,0.0,0.0,1.0,1.0,0.0,1.0,1.0,1.0,1.0,,,
natural,environment-53794df293b9,p0d1,1,0.0,0.0,1.0,1.0,0.0,1.0,1.0,1.0,1.0,,,
natural,environment-53794df293b9,p0d1,0,0.0,0.0,1.0,1.0,0.0,1.0,1.0,1.0,1.0,,,
controlled,government-38d8e7495369,p0d0,1,3.0,0.0,1.0,1.0,0.0,1.0,1.0,1.0,1.0,,,1.0
controlled,government-38d8e7495369,p0d0,0,3.0,0.0,1.0,1.0,0.0,1.0,1.0,1.0,1.0,,,1.0
natural,government-27ceaef34223,p1d1,1,7.0,1.0,0.8571428571428571,1.0,0.0,1.0,0.8571428571428571,0.923076923076923,0.0,,,
natural,government-27ceaef34223,p1d1,0,7.0,2.0,0.7142857142857143,1.0,0.14285714285714285,0.8571428571428571,0.8571428571428571,0.8571428571428571,0.0,,,
natural,environment-131aae4a913e,p1d0,1,0.0,0.0,1.0,1.0,0.0,1.0,1.0,1.0,1.0,,,
natural,environment-131aae4a913e,p1d0,0,0.0,0.0,1.0,1.0,0.0,1.0,1.0,1.0,1.0,,,
natural,environment-0cc2a07302ce,p1d1,1,0.0,0.0,1.0,1.0,0.0,1.0,1.0,1.0,1.0,,,
natural,environment-0cc2a07302ce,p1d1,0,0.0,0.0,1.0,1.0,0.0,1.0,1.0,1.0,1.0,,,
natural,government-38d8e7495369,p1d1,1,4.0,4.0,0.0,1.0,0.0,0.7142857142857143,0.7142857142857143,0.7142857142857143,0.0,,,
natural,government-38d8e7495369,p1d1,0,4.0,4.0,0.0,1.0,0.0,0.7142857142857143,0.7142857142857143,0.7142857142857143,0.0,,,
natural,finance-2c5481123672,p0d1,1,0.0,0.0,1.0,1.0,0.0,1.0,1.0,1.0,1.0,,,
natural,finance-2c5481123672,p0d1,0,0.0,0.0,1.0,1.0,0.0,1.0,1.0,1.0,1.0,,,
natural,finance-40192c28bd08,p0d1,1,0.0,0.0,1.0,1.0,0.0,1.0,1.0,1.0,1.0,,,
natural,finance-40192c28bd08,p0d1,0,0.0,0.0,1.0,1.0,0.0,1.0,1.0,1.0,1.0,,,
natural,environment-114d47ef5968,p0d1,1,0.0,0.0,1.0,1.0,0.0,1.0,1.0,1.0,1.0,,,
natural,environment-114d47ef5968,p0d1,0,0.0,0.0,1.0,1.0,0.0,1.0,1.0,1.0,1.0,,,
receipt,sroie-281,simple,1,2.0,2.0,0.0,1.0,0.0,0.75,0.75,0.75,0.0,0.75,0.0,
receipt,sroie-281,simple,0,2.0,2.0,0.0,1.0,0.0,0.75,0.75,0.75,0.0,0.75,0.0,
receipt,sroie-536,random,1,0.0,2.0,0.0,0.75,1.0,0.75,0.75,0.75,0.0,0.75,0.0,
receipt,sroie-536,random,0,0.0,2.0,0.0,0.75,1.0,0.75,0.75,0.75,0.0,0.75,0.0,
natural,environment-0cc2a07302ce,p1d0,1,0.0,0.0,1.0,1.0,0.0,1.0,1.0,1.0,1.0,,,
natural,environment-0cc2a07302ce,p1d0,0,0.0,0.0,1.0,1.0,0.0,1.0,1.0,1.0,1.0,,,
receipt,sroie-380,simple,1,2.0,2.0,0.0,1.0,0.0,0.75,0.75,0.75,0.0,0.75,0.0,
receipt,sroie-380,simple,0,2.0,2.0,0.0,1.0,0.0,0.75,0.75,0.75,0.0,0.75,0.0,
natural,environment-2fdd1fa18a3a,p1d1,1,0.0,0.0,1.0,1.0,0.0,1.0,1.0,1.0,1.0,,,
natural,environment-2fdd1fa18a3a,p1d1,0,0.0,0.0,1.0,1.0,0.0,1.0,1.0,1.0,1.0,,,
receipt,sroie-298,no_def_full,1,0.0,2.0,0.0,0.75,1.0,0.75,0.75,0.75,0.0,0.75,0.0,
receipt,sroie-298,no_def_full,0,0.0,2.0,0.0,0.75,1.0,0.75,0.75,0.75,0.0,0.75,0.0,
receipt,sroie-033,simple,1,2.0,2.0,0.0,1.0,0.5,0.75,0.75,0.75,0.0,0.75,0.0,
receipt,sroie-033,simple,0,2.0,2.0,0.0,1.0,0.5,0.75,0.75,0.75,0.0,0.75,0.0,
receipt,sroie-410,full,1,4.0,4.0,0.0,0.5,0.5,0.5,0.5,0.5,0.0,0.5,0.0,
receipt,sroie-410,full,0,4.0,4.0,0.0,0.5,0.5,0.5,0.5,0.5,0.0,0.5,0.0,
controlled,government-1e0b7611abe9,p1d0,1,3.0,0.0,1.0,1.0,0.0,1.0,1.0,1.0,1.0,,,1.0
controlled,government-1e0b7611abe9,p1d0,0,3.0,0.0,1.0,1.0,0.0,1.0,1.0,1.0,1.0,,,1.0
controlled,government-2fc4dd65e576,p0d1,1,4.0,0.0,1.0,1.0,0.0,1.0,1.0,1.0,1.0,,,1.0
controlled,government-2fc4dd65e576,p0d1,0,4.0,0.0,1.0,1.0,0.0,1.0,1.0,1.0,1.0,,,1.0
natural,finance-0ece511b91b7,p1d0,1,0.0,0.0,1.0,1.0,0.0,1.0,1.0,1.0,1.0,,,
natural,finance-0ece511b91b7,p1d0,0,0.0,0.0,1.0,1.0,0.0,1.0,1.0,1.0,1.0,,,
receipt,sroie-015,full,1,2.0,0.0,1.0,1.0,0.0,1.0,1.0,1.0,1.0,1.0,1.0,
receipt,sroie-015,full,0,2.0,0.0,1.0,1.0,0.0,1.0,1.0,1.0,1.0,1.0,1.0,
controlled,government-3973dc6cd196,p1d1,1,3.0,0.0,1.0,1.0,0.0,1.0,1.0,1.0,1.0,,,1.0
controlled,government-3973dc6cd196,p1d1,0,3.0,0.0,1.0,1.0,0.0,1.0,1.0,1.0,1.0,,,1.0
controlled,finance-37536b6f83b2,p1d0,1,4.0,0.0,1.0,1.0,0.0,1.0,1.0,1.0,1.0,,,1.0
controlled,finance-37536b6f83b2,p1d0,0,4.0,0.0,1.0,1.0,0.0,1.0,1.0,1.0,1.0,,,1.0
controlled,environment-53794df293b9,p1d1,1,3.0,1.0,0.6666666666666666,0.8,0.25,1.0,0.8571428571428571,0.923076923076923,0.0,,,1.0
controlled,environment-53794df293b9,p1d1,0,3.0,1.0,0.6666666666666666,0.8,0.25,1.0,0.8571428571428571,0.923076923076923,0.0,,,1.0
natural,government-123148e99b2a,p0d1,1,7.0,5.0,0.2857142857142857,1.0,0.3333333333333333,0.6666666666666666,0.5714285714285714,0.6153846153846153,0.0,,,
natural,government-123148e99b2a,p0d1,0,7.0,6.0,0.14285714285714285,1.0,0.42857142857142855,0.5714285714285714,0.5714285714285714,0.5714285714285714,0.0,,,
natural,environment-0cc2a07302ce,p0d1,1,0.0,0.0,1.0,1.0,0.0,1.0,1.0,1.0,1.0,,,
natural,environment-0cc2a07302ce,p0d1,0,0.0,0.0,1.0,1.0,0.0,1.0,1.0,1.0,1.0,,,
natural,government-3973dc6cd196,p0d1,1,4.0,4.0,0.0,1.0,0.0,0.7142857142857143,0.7142857142857143,0.7142857142857143,0.0,,,
natural,government-3973dc6cd196,p0d1,0,4.0,4.0,0.0,1.0,0.0,0.7142857142857143,0.7142857142857143,0.7142857142857143,0.0,,,
natural,finance-11d9ca639481,p1d0,1,0.0,0.0,1.0,1.0,0.0,1.0,1.0,1.0,1.0,,,
natural,finance-11d9ca639481,p1d0,0,0.0,0.0,1.0,1.0,0.0,1.0,1.0,1.0,1.0,,,
receipt,sroie-330,full,1,2.0,0.0,1.0,1.0,0.0,1.0,1.0,1.0,1.0,1.0,1.0,
receipt,sroie-330,full,0,2.0,0.0,1.0,1.0,0.0,1.0,1.0,1.0,1.0,1.0,1.0,
receipt,sroie-388,anchors,1,2.0,2.0,0.0,0.6666666666666666,0.5,0.75,0.75,0.75,0.0,0.75,0.0,
receipt,sroie-388,anchors,0,2.0,2.0,0.0,0.6666666666666666,0.5,0.75,0.75,0.75,0.0,0.75,0.0,
controlled,government-2259afc0e111,p1d1,1,3.0,0.0,1.0,1.0,0.0,1.0,1.0,1.0,1.0,,,1.0
controlled,government-2259afc0e111,p1d1,0,3.0,0.0,1.0,1.0,0.0,1.0,1.0,1.0,1.0,,,1.0
receipt,sroie-248,random,1,0.0,4.0,0.0,0.5,1.0,0.5,0.5,0.5,0.0,0.5,0.0,
receipt,sroie-248,random,0,0.0,4.0,0.0,0.5,1.0,0.5,0.5,0.5,0.0,0.5,0.0,
natural,finance-396b0d02c4c1,p1d1,1,0.0,0.0,1.0,1.0,0.0,1.0,1.0,1.0,1.0,,,
natural,finance-396b0d02c4c1,p1d1,0,0.0,0.0,1.0,1.0,0.0,1.0,1.0,1.0,1.0,,,
receipt,sroie-339,simple,1,2.0,2.0,0.0,1.0,0.0,0.75,0.75,0.75,0.0,0.75,0.0,
receipt,sroie-339,simple,0,2.0,2.0,0.0,1.0,0.0,0.75,0.75,0.75,0.0,0.75,0.0,
natural,government-2ff87373f537,p1d1,1,3.0,4.0,-0.3333333333333333,1.0,0.6666666666666666,0.7142857142857143,0.7142857142857143,0.7142857142857143,0.0,,,
natural,government-2ff87373f537,p1d1,0,3.0,4.0,-0.3333333333333333,1.0,0.6666666666666666,0.7142857142857143,0.7142857142857143,0.7142857142857143,0.0,,,
receipt,sroie-419,simple,1,2.0,4.0,-1.0,0.6666666666666666,0.75,0.5,0.5,0.5,0.0,0.5,0.0,
receipt,sroie-419,simple,0,2.0,4.0,-1.0,0.6666666666666666,0.75,0.5,0.5,0.5,0.0,0.5,0.0,
receipt,sroie-593,anchors,1,0.0,0.0,1.0,1.0,0.0,1.0,1.0,1.0,1.0,1.0,1.0,
receipt,sroie-593,anchors,0,0.0,0.0,1.0,1.0,0.0,1.0,1.0,1.0,1.0,1.0,1.0,
receipt,sroie-611,anchors,1,2.0,2.0,0.0,1.0,0.0,0.75,0.75,0.75,0.0,1.0,1.0,
receipt,sroie-611,anchors,0,2.0,2.0,0.0,1.0,0.0,0.75,0.75,0.75,0.0,1.0,1.0,
receipt,sroie-327,full,1,2.0,2.0,0.0,1.0,0.0,0.75,0.75,0.75,0.0,0.75,0.0,
receipt,sroie-327,full,0,2.0,2.0,0.0,1.0,0.0,0.75,0.75,0.75,0.0,0.75,0.0,
receipt,sroie-015,no_def_full,1,2.0,2.0,0.0,0.6666666666666666,0.5,0.75,0.75,0.75,0.0,0.75,0.0,
receipt,sroie-015,no_def_full,0,2.0,2.0,0.0,0.6666666666666666,0.5,0.75,0.75,0.75,0.0,0.75,0.0,
controlled,government-28de1bc53024,p0d1,1,3.0,0.0,1.0,1.0,0.0,1.0,1.0,1.0,1.0,,,1.0
controlled,government-28de1bc53024,p0d1,0,3.0,0.0,1.0,1.0,0.0,1.0,1.0,1.0,1.0,,,1.0
controlled,environment-0cc2a07302ce,p1d0,1,3.0,0.0,1.0,1.0,0.0,1.0,1.0,1.0,1.0,,,1.0
controlled,environment-0cc2a07302ce,p1d0,0,3.0,0.0,1.0,1.0,0.0,1.0,1.0,1.0,1.0,,,1.0
receipt,sroie-203,anchors,1,2.0,0.0,1.0,1.0,0.0,1.0,1.0,1.0,1.0,1.0,1.0,
receipt,sroie-203,anchors,0,2.0,0.0,1.0,1.0,0.0,1.0,1.0,1.0,1.0,1.0,1.0,
natural,government-1d0146f05f63,p1d0,1,4.0,1.0,0.75,1.0,0.0,1.0,0.8571428571428571,0.923076923076923,0.0,,,
natural,government-1d0146f05f63,p1d0,0,4.0,2.0,0.5,1.0,0.0,0.8571428571428571,0.8571428571428571,0.8571428571428571,0.0,,,
receipt,sroie-223,random,1,0.0,0.0,1.0,1.0,0.0,1.0,1.0,1.0,1.0,1.0,1.0,
receipt,sroie-223,random,0,0.0,0.0,1.0,1.0,0.0,1.0,1.0,1.0,1.0,1.0,1.0,
natural,environment-08f31c70d080,p0d1,1,0.0,0.0,1.0,1.0,0.0,1.0,1.0,1.0,1.0,,,
natural,environment-08f31c70d080,p0d1,0,0.0,0.0,1.0,1.0,0.0,1.0,1.0,1.0,1.0,,,
natural,environment-29ecdbb5e2da,p0d1,1,0.0,0.0,1.0,1.0,0.0,1.0,1.0,1.0,1.0,,,
natural,environment-29ecdbb5e2da,p0d1,0,0.0,0.0,1.0,1.0,0.0,1.0,1.0,1.0,1.0,,,
controlled,environment-4d5c3e883e7b,p1d1,1,3.0,0.0,1.0,1.0,0.0,1.0,1.0,1.0,1.0,,,1.0
controlled,environment-4d5c3e883e7b,p1d1,0,3.0,0.0,1.0,1.0,0.0,1.0,1.0,1.0,1.0,,,1.0
controlled,finance-39b9d6db8c9e,p0d0,1,3.0,0.0,1.0,1.0,0.0,1.0,1.0,1.0,1.0,,,1.0
controlled,finance-39b9d6db8c9e,p0d0,0,3.0,0.0,1.0,1.0,0.0,1.0,1.0,1.0,1.0,,,1.0
controlled,environment-2fdd1fa18a3a,p1d1,1,4.0,0.0,1.0,1.0,0.0,1.0,1.0,1.0,1.0,,,1.0
controlled,environment-2fdd1fa18a3a,p1d1,0,4.0,0.0,1.0,1.0,0.0,1.0,1.0,1.0,1.0,,,1.0
receipt,sroie-068,no_def_simple,1,2.0,2.0,0.0,1.0,0.0,0.75,0.75,0.75,0.0,0.75,0.0,
receipt,sroie-068,no_def_simple,0,2.0,2.0,0.0,1.0,0.0,0.75,0.75,0.75,0.0,0.75,0.0,
receipt,sroie-087,simple,1,0.0,0.0,1.0,1.0,0.0,1.0,1.0,1.0,1.0,1.0,1.0,
receipt,sroie-087,simple,0,0.0,0.0,1.0,1.0,0.0,1.0,1.0,1.0,1.0,1.0,1.0,
receipt,sroie-313,no_def_full,1,2.0,2.0,0.0,0.6666666666666666,0.5,0.75,0.75,0.75,0.0,0.75,0.0,
receipt,sroie-313,no_def_full,0,2.0,2.0,0.0,0.6666666666666666,0.5,0.75,0.75,0.75,0.0,0.75,0.0,
receipt,sroie-380,anchors,1,2.0,0.0,1.0,1.0,0.0,1.0,1.0,1.0,1.0,1.0,1.0,
receipt,sroie-380,anchors,0,2.0,0.0,1.0,1.0,0.0,1.0,1.0,1.0,1.0,1.0,1.0,
natural,environment-243394657c39,p0d0,1,0.0,0.0,1.0,1.0,0.0,1.0,1.0,1.0,1.0,,,
natural,environment-243394657c39,p0d0,0,0.0,0.0,1.0,1.0,0.0,1.0,1.0,1.0,1.0,,,
natural,environment-131aae4a913e,p1d1,1,0.0,0.0,1.0,1.0,0.0,1.0,1.0,1.0,1.0,,,
natural,environment-131aae4a913e,p1d1,0,0.0,0.0,1.0,1.0,0.0,1.0,1.0,1.0,1.0,,,
natural,finance-3bcd31489d79,p0d1,1,0.0,0.0,1.0,1.0,0.0,1.0,1.0,1.0,1.0,,,
natural,finance-3bcd31489d79,p0d1,0,0.0,0.0,1.0,1.0,0.0,1.0,1.0,1.0,1.0,,,
controlled,environment-47f0150f2fe7,p1d0,1,4.0,0.0,1.0,1.0,0.0,1.0,1.0,1.0,1.0,,,1.0
controlled,environment-47f0150f2fe7,p1d0,0,4.0,0.0,1.0,1.0,0.0,1.0,1.0,1.0,1.0,,,1.0
controlled,finance-181bbc50a53b,p1d1,1,3.0,0.0,1.0,1.0,0.0,1.0,1.0,1.0,1.0,,,1.0
controlled,finance-181bbc50a53b,p1d1,0,3.0,0.0,1.0,1.0,0.0,1.0,1.0,1.0,1.0,,,1.0
receipt,sroie-391,simple,1,4.0,4.0,0.0,1.0,0.0,0.5,0.5,0.5,0.0,0.5,0.0,
receipt,sroie-391,simple,0,4.0,4.0,0.0,1.0,0.0,0.5,0.5,0.5,0.0,0.5,0.0,
receipt,sroie-348,simple,1,2.0,4.0,-1.0,0.6666666666666666,0.75,0.5,0.5,0.5,0.0,0.5,0.0,
receipt,sroie-348,simple,0,2.0,4.0,-1.0,0.6666666666666666,0.75,0.5,0.5,0.5,0.0,0.5,0.0,
receipt,sroie-348,random,1,2.0,2.0,0.0,1.0,0.5,0.75,0.75,0.75,0.0,0.75,0.0,
receipt,sroie-348,random,0,2.0,2.0,0.0,1.0,0.5,0.75,0.75,0.75,0.0,0.75,0.0,
controlled,environment-29ecdbb5e2da,p1d0,1,3.0,0.0,1.0,1.0,0.0,1.0,1.0,1.0,1.0,,,1.0
controlled,environment-29ecdbb5e2da,p1d0,0,3.0,0.0,1.0,1.0,0.0,1.0,1.0,1.0,1.0,,,1.0
receipt,sroie-370,anchors,1,2.0,0.0,1.0,1.0,0.0,1.0,1.0,1.0,1.0,1.0,1.0,
receipt,sroie-370,anchors,0,2.0,0.0,1.0,1.0,0.0,1.0,1.0,1.0,1.0,1.0,1.0,
receipt,sroie-479,no_def_full,1,2.0,2.0,0.0,1.0,0.5,0.75,0.75,0.75,0.0,0.75,0.0,
receipt,sroie-479,no_def_full,0,2.0,2.0,0.0,1.0,0.5,0.75,0.75,0.75,0.0,0.75,0.0,
controlled,finance-2f5191a50246,p0d0,1,3.0,0.0,1.0,1.0,0.0,1.0,1.0,1.0,1.0,,,1.0
controlled,finance-2f5191a50246,p0d0,0,3.0,0.0,1.0,1.0,0.0,1.0,1.0,1.0,1.0,,,1.0
receipt,sroie-289,random,1,2.0,2.0,0.0,1.0,0.0,0.75,0.75,0.75,0.0,0.75,0.0,
receipt,sroie-289,random,0,2.0,2.0,0.0,1.0,0.0,0.75,0.75,0.75,0.0,0.75,0.0,
receipt,sroie-289,no_def_full,1,2.0,3.0,-0.5,0.6666666666666666,0.6666666666666666,0.6666666666666666,0.5,0.5714285714285715,0.0,0.5714285714285715,0.0,
receipt,sroie-289,no_def_full,0,2.0,4.0,-1.0,0.6666666666666666,0.75,0.5,0.5,0.5,0.0,0.5,0.0,
receipt,sroie-299,no_def_full,1,0.0,0.0,1.0,1.0,0.0,1.0,1.0,1.0,1.0,1.0,1.0,
receipt,sroie-299,no_def_full,0,0.0,0.0,1.0,1.0,0.0,1.0,1.0,1.0,1.0,1.0,1.0,
natural,finance-11d9ca639481,p0d0,1,0.0,0.0,1.0,1.0,0.0,1.0,1.0,1.0,1.0,,,
natural,finance-11d9ca639481,p0d0,0,0.0,0.0,1.0,1.0,0.0,1.0,1.0,1.0,1.0,,,
receipt,sroie-536,simple,1,0.0,2.0,0.0,0.75,1.0,0.75,0.75,0.75,0.0,0.75,0.0,
receipt,sroie-536,simple,0,0.0,2.0,0.0,0.75,1.0,0.75,0.75,0.75,0.0,0.75,0.0,
receipt,sroie-079,no_def_simple,1,0.0,0.0,1.0,1.0,0.0,1.0,1.0,1.0,1.0,1.0,1.0,
receipt,sroie-079,no_def_simple,0,0.0,0.0,1.0,1.0,0.0,1.0,1.0,1.0,1.0,1.0,1.0,
receipt,sroie-094,anchors,1,0.0,0.0,1.0,1.0,0.0,1.0,1.0,1.0,1.0,1.0,1.0,
receipt,sroie-094,anchors,0,0.0,0.0,1.0,1.0,0.0,1.0,1.0,1.0,1.0,1.0,1.0,
natural,government-1872a3147127,p1d1,1,4.0,4.0,0.0,1.0,0.0,0.7142857142857143,0.7142857142857143,0.7142857142857143,0.0,,,
natural,government-1872a3147127,p1d1,0,4.0,4.0,0.0,1.0,0.0,0.7142857142857143,0.7142857142857143,0.7142857142857143,0.0,,,
receipt,sroie-576,no_def_simple,1,4.0,4.0,0.0,1.0,0.5,0.5,0.5,0.5,0.0,0.5,0.0,
receipt,sroie-576,no_def_simple,0,4.0,4.0,0.0,1.0,0.5,0.5,0.5,0.5,0.0,0.5,0.0,
receipt,sroie-459,full,1,0.0,2.0,0.0,0.75,1.0,0.75,0.75,0.75,0.0,0.75,0.0,
receipt,sroie-459,full,0,0.0,2.0,0.0,0.75,1.0,0.75,0.75,0.75,0.0,0.75,0.0,
receipt,sroie-299,random,1,0.0,0.0,1.0,1.0,0.0,1.0,1.0,1.0,1.0,1.0,1.0,
receipt,sroie-299,random,0,0.0,0.0,1.0,1.0,0.0,1.0,1.0,1.0,1.0,1.0,1.0,
receipt,sroie-094,random,1,0.0,0.0,1.0,1.0,0.0,1.0,1.0,1.0,1.0,1.0,1.0,
receipt,sroie-094,random,0,0.0,0.0,1.0,1.0,0.0,1.0,1.0,1.0,1.0,1.0,1.0,
controlled,government-3235e3648e32,p1d0,1,3.0,0.0,1.0,1.0,0.0,1.0,1.0,1.0,1.0,,,1.0
controlled,government-3235e3648e32,p1d0,0,3.0,0.0,1.0,1.0,0.0,1.0,1.0,1.0,1.0,,,1.0
receipt,sroie-290,no_def_full,1,4.0,0.0,1.0,1.0,0.0,1.0,1.0,1.0,1.0,1.0,1.0,
receipt,sroie-290,no_def_full,0,4.0,0.0,1.0,1.0,0.0,1.0,1.0,1.0,1.0,1.0,1.0,
natural,finance-0599b493f8df,p1d0,1,0.0,0.0,1.0,1.0,0.0,1.0,1.0,1.0,1.0,,,
natural,finance-0599b493f8df,p1d0,0,0.0,0.0,1.0,1.0,0.0,1.0,1.0,1.0,1.0,,,
receipt,sroie-087,no_def_full,1,0.0,0.0,1.0,1.0,0.0,1.0,1.0,1.0,1.0,1.0,1.0,
receipt,sroie-087,no_def_full,0,0.0,0.0,1.0,1.0,0.0,1.0,1.0,1.0,1.0,1.0,1.0,
controlled,finance-0ece511b91b7,p1d0,1,3.0,0.0,1.0,1.0,0.0,1.0,1.0,1.0,1.0,,,1.0
controlled,finance-0ece511b91b7,p1d0,0,3.0,0.0,1.0,1.0,0.0,1.0,1.0,1.0,1.0,,,1.0
receipt,sroie-578,simple,1,4.0,2.0,0.5,1.0,0.0,0.75,0.75,0.75,0.0,0.75,0.0,
receipt,sroie-578,simple,0,4.0,2.0,0.5,1.0,0.0,0.75,0.75,0.75,0.0,0.75,0.0,
receipt,sroie-370,no_def_simple,1,2.0,2.0,0.0,1.0,0.0,0.75,0.75,0.75,0.0,0.75,0.0,
receipt,sroie-370,no_def_simple,0,2.0,2.0,0.0,1.0,0.0,0.75,0.75,0.75,0.0,0.75,0.0,
receipt,sroie-479,random,1,2.0,2.0,0.0,1.0,0.0,0.75,0.75,0.75,0.0,0.75,0.0,
receipt,sroie-479,random,0,2.0,2.0,0.0,1.0,0.0,0.75,0.75,0.75,0.0,0.75,0.0,
controlled,environment-47f0150f2fe7,p0d1,1,4.0,0.0,1.0,1.0,0.0,1.0,1.0,1.0,1.0,,,1.0
controlled,environment-47f0150f2fe7,p0d1,0,4.0,0.0,1.0,1.0,0.0,1.0,1.0,1.0,1.0,,,1.0
natural,finance-1d7bb07a73aa,p0d1,1,0.0,0.0,1.0,1.0,0.0,1.0,1.0,1.0,1.0,,,
natural,finance-1d7bb07a73aa,p0d1,0,0.0,0.0,1.0,1.0,0.0,1.0,1.0,1.0,1.0,,,
controlled,environment-08f31c70d080,p1d0,1,4.0,0.0,1.0,1.0,0.0,1.0,1.0,1.0,1.0,,,1.0
controlled,environment-08f31c70d080,p1d0,0,4.0,0.0,1.0,1.0,0.0,1.0,1.0,1.0,1.0,,,1.0
receipt,sroie-281,random,1,2.0,0.0,1.0,1.0,0.0,1.0,1.0,1.0,1.0,1.0,1.0,
receipt,sroie-281,random,0,2.0,0.0,1.0,1.0,0.0,1.0,1.0,1.0,1.0,1.0,1.0,
natural,government-2259afc0e111,p1d0,1,4.0,2.0,0.5,1.0,0.25,0.8571428571428571,0.8571428571428571,0.8571428571428571,0.0,,,
natural,government-2259afc0e111,p1d0,0,4.0,2.0,0.5,1.0,0.25,0.8571428571428571,0.8571428571428571,0.8571428571428571,0.0,,,
controlled,environment-3881a05cffa1,p1d1,1,4.0,0.0,1.0,1.0,0.0,1.0,1.0,1.0,1.0,,,1.0
controlled,environment-3881a05cffa1,p1d1,0,4.0,0.0,1.0,1.0,0.0,1.0,1.0,1.0,1.0,,,1.0
receipt,sroie-496,simple,1,2.0,2.0,0.0,1.0,0.0,0.75,0.75,0.75,0.0,0.75,0.0,
receipt,sroie-496,simple,0,2.0,2.0,0.0,1.0,0.0,0.75,0.75,0.75,0.0,0.75,0.0,
receipt,sroie-172,no_def_full,1,4.0,4.0,0.0,1.0,0.0,0.5,0.5,0.5,0.0,0.75,0.0,
receipt,sroie-172,no_def_full,0,4.0,4.0,0.0,1.0,0.0,0.5,0.5,0.5,0.0,0.75,0.0,
controlled,environment-320f5d37ee44,p1d0,1,4.0,0.0,1.0,1.0,0.0,1.0,1.0,1.0,1.0,,,1.0
controlled,environment-320f5d37ee44,p1d0,0,4.0,0.0,1.0,1.0,0.0,1.0,1.0,1.0,1.0,,,1.0
controlled,finance-1d7bb07a73aa,p1d0,1,4.0,0.0,1.0,1.0,0.0,1.0,1.0,1.0,1.0,,,1.0
controlled,finance-1d7bb07a73aa,p1d0,0,4.0,0.0,1.0,1.0,0.0,1.0,1.0,1.0,1.0,,,1.0
natural,government-2259afc0e111,p0d1,1,4.0,2.0,0.5,1.0,0.25,0.8571428571428571,0.8571428571428571,0.8571428571428571,0.0,,,
natural,government-2259afc0e111,p0d1,0,4.0,2.0,0.5,1.0,0.25,0.8571428571428571,0.8571428571428571,0.8571428571428571,0.0,,,
natural,environment-269d6428ec21,p1d1,1,0.0,0.0,1.0,1.0,0.0,1.0,1.0,1.0,1.0,,,
natural,environment-269d6428ec21,p1d1,0,0.0,0.0,1.0,1.0,0.0,1.0,1.0,1.0,1.0,,,
natural,environment-4c4fd0e3970b,p1d0,1,0.0,0.0,1.0,1.0,0.0,1.0,1.0,1.0,1.0,,,
natural,environment-4c4fd0e3970b,p1d0,0,0.0,0.0,1.0,1.0,0.0,1.0,1.0,1.0,1.0,,,
receipt,sroie-487,no_def_simple,1,2.0,0.0,1.0,1.0,0.0,1.0,1.0,1.0,1.0,1.0,1.0,
receipt,sroie-487,no_def_simple,0,2.0,0.0,1.0,1.0,0.0,1.0,1.0,1.0,1.0,1.0,1.0,
controlled,government-1872a3147127,p0d0,1,4.0,1.0,0.75,0.8,0.2,1.0,0.8571428571428571,0.923076923076923,0.0,,,1.0
controlled,government-1872a3147127,p0d0,0,4.0,2.0,0.5,0.8,0.3333333333333333,0.8571428571428571,0.8571428571428571,0.8571428571428571,0.0,,,1.0
receipt,sroie-047,anchors,1,6.0,2.0,0.6666666666666666,1.0,0.16666666666666666,0.75,0.75,0.75,0.0,1.0,1.0,
receipt,sroie-047,anchors,0,6.0,2.0,0.6666666666666666,1.0,0.16666666666666666,0.75,0.75,0.75,0.0,1.0,1.0,
receipt,sroie-223,no_def_full,1,0.0,0.0,1.0,1.0,0.0,1.0,1.0,1.0,1.0,1.0,1.0,
receipt,sroie-223,no_def_full,0,0.0,0.0,1.0,1.0,0.0,1.0,1.0,1.0,1.0,1.0,1.0,
controlled,finance-2c5481123672,p1d0,1,3.0,0.0,1.0,1.0,0.0,1.0,1.0,1.0,1.0,,,1.0
controlled,finance-2c5481123672,p1d0,0,3.0,0.0,1.0,1.0,0.0,1.0,1.0,1.0,1.0,,,1.0
receipt,sroie-471,simple,1,0.0,2.0,0.0,0.75,1.0,0.75,0.75,0.75,0.0,0.75,0.0,
receipt,sroie-471,simple,0,0.0,2.0,0.0,0.75,1.0,0.75,0.75,0.75,0.0,0.75,0.0,
controlled,finance-0258ae926423,p0d0,1,3.0,0.0,1.0,1.0,0.0,1.0,1.0,1.0,1.0,,,1.0
controlled,finance-0258ae926423,p0d0,0,3.0,0.0,1.0,1.0,0.0,1.0,1.0,1.0,1.0,,,1.0
controlled,government-1d0146f05f63,p1d0,1,3.0,0.0,1.0,1.0,0.0,1.0,1.0,1.0,1.0,,,1.0
controlled,government-1d0146f05f63,p1d0,0,3.0,0.0,1.0,1.0,0.0,1.0,1.0,1.0,1.0,,,1.0
natural,finance-0578051bec55,p1d1,1,0.0,0.0,1.0,1.0,0.0,1.0,1.0,1.0,1.0,,,
natural,finance-0578051bec55,p1d1,0,0.0,0.0,1.0,1.0,0.0,1.0,1.0,1.0,1.0,,,
natural,environment-0c6bdf88582b,p1d1,1,1.0,0.0,1.0,1.0,0.0,1.0,1.0,1.0,1.0,,,
natural,environment-0c6bdf88582b,p1d1,0,1.0,0.0,1.0,1.0,0.0,1.0,1.0,1.0,1.0,,,
receipt,sroie-140,random,1,0.0,0.0,1.0,1.0,0.0,1.0,1.0,1.0,1.0,1.0,1.0,
receipt,sroie-140,random,0,0.0,0.0,1.0,1.0,0.0,1.0,1.0,1.0,1.0,1.0,1.0,
controlled,finance-48ea238a01c0,p0d0,1,4.0,0.0,1.0,1.0,0.0,1.0,1.0,1.0,1.0,,,1.0
controlled,finance-48ea238a01c0,p0d0,0,4.0,0.0,1.0,1.0,0.0,1.0,1.0,1.0,1.0,,,1.0
controlled,finance-37536b6f83b2,p0d1,1,4.0,0.0,1.0,1.0,0.0,1.0,1.0,1.0,1.0,,,1.0
controlled,finance-37536b6f83b2,p0d1,0,4.0,0.0,1.0,1.0,0.0,1.0,1.0,1.0,1.0,,,1.0
receipt,sroie-220,no_def_full,1,0.0,0.0,1.0,1.0,0.0,1.0,1.0,1.0,1.0,1.0,1.0,
receipt,sroie-220,no_def_full,0,0.0,0.0,1.0,1.0,0.0,1.0,1.0,1.0,1.0,1.0,1.0,
receipt,sroie-203,no_def_full,1,2.0,2.0,0.0,1.0,0.0,0.75,0.75,0.75,0.0,0.75,0.0,
receipt,sroie-203,no_def_full,0,2.0,2.0,0.0,1.0,0.0,0.75,0.75,0.75,0.0,0.75,0.0,
natural,finance-0258ae926423,p0d0,1,0.0,0.0,1.0,1.0,0.0,1.0,1.0,1.0,1.0,,,
natural,finance-0258ae926423,p0d0,0,0.0,0.0,1.0,1.0,0.0,1.0,1.0,1.0,1.0,,,
natural,finance-3e0d22d382e3,p0d0,1,0.0,0.0,1.0,1.0,0.0,1.0,1.0,1.0,1.0,,,
natural,finance-3e0d22d382e3,p0d0,0,0.0,0.0,1.0,1.0,0.0,1.0,1.0,1.0,1.0,,,
natural,government-27ceaef34223,p1d0,1,7.0,1.0,0.8571428571428571,1.0,0.0,1.0,0.8571428571428571,0.923076923076923,0.0,,,
natural,government-27ceaef34223,p1d0,0,7.0,2.0,0.7142857142857143,1.0,0.14285714285714285,0.8571428571428571,0.8571428571428571,0.8571428571428571,0.0,,,
receipt,sroie-128,full,1,2.0,2.0,0.0,1.0,0.5,0.75,0.75,0.75,0.0,0.75,0.0,
receipt,sroie-128,full,0,2.0,2.0,0.0,1.0,0.5,0.75,0.75,0.75,0.0,0.75,0.0,
receipt,sroie-112,no_def_full,1,4.0,2.0,0.5,1.0,0.25,0.75,0.75,0.75,0.0,0.75,0.0,
receipt,sroie-112,no_def_full,0,4.0,2.0,0.5,1.0,0.25,0.75,0.75,0.75,0.0,0.75,0.0,
receipt,sroie-459,anchors,1,0.0,2.0,0.0,0.75,1.0,0.75,0.75,0.75,0.0,0.75,0.0,
receipt,sroie-459,anchors,0,0.0,2.0,0.0,0.75,1.0,0.75,0.75,0.75,0.0,0.75,0.0,
receipt,sroie-015,anchors,1,2.0,0.0,1.0,1.0,0.0,1.0,1.0,1.0,1.0,1.0,1.0,
receipt,sroie-015,anchors,0,2.0,0.0,1.0,1.0,0.0,1.0,1.0,1.0,1.0,1.0,1.0,
receipt,sroie-391,no_def_full,1,4.0,6.0,-0.5,0.5,1.0,0.25,0.25,0.25,0.0,0.25,0.0,
receipt,sroie-391,no_def_full,0,4.0,6.0,-0.5,0.5,1.0,0.25,0.25,0.25,0.0,0.25,0.0,
receipt,sroie-410,random,1,4.0,4.0,0.0,0.5,0.5,0.5,0.5,0.5,0.0,0.5,0.0,
receipt,sroie-410,random,0,4.0,4.0,0.0,0.5,0.5,0.5,0.5,0.5,0.0,0.5,0.0,
controlled,finance-47fc6b850968,p0d0,1,2.0,0.0,1.0,1.0,0.0,1.0,1.0,1.0,1.0,,,1.0
controlled,finance-47fc6b850968,p0d0,0,2.0,0.0,1.0,1.0,0.0,1.0,1.0,1.0,1.0,,,1.0
receipt,sroie-586,no_def_simple,1,2.0,2.0,0.0,1.0,0.0,0.75,0.75,0.75,0.0,0.75,0.0,
receipt,sroie-586,no_def_simple,0,2.0,2.0,0.0,1.0,0.0,0.75,0.75,0.75,0.0,0.75,0.0,
natural,government-1e0b7611abe9,p0d1,1,4.0,4.0,0.0,1.0,0.0,0.7142857142857143,0.7142857142857143,0.7142857142857143,0.0,,,
natural,government-1e0b7611abe9,p0d1,0,4.0,4.0,0.0,1.0,0.0,0.7142857142857143,0.7142857142857143,0.7142857142857143,0.0,,,
receipt,sroie-016,random,1,0.0,0.0,1.0,1.0,0.0,1.0,1.0,1.0,1.0,1.0,1.0,
receipt,sroie-016,random,0,0.0,0.0,1.0,1.0,0.0,1.0,1.0,1.0,1.0,1.0,1.0,
natural,environment-3881a05cffa1,p0d0,1,0.0,0.0,1.0,1.0,0.0,1.0,1.0,1.0,1.0,,,
natural,environment-3881a05cffa1,p0d0,0,0.0,0.0,1.0,1.0,0.0,1.0,1.0,1.0,1.0,,,
receipt,sroie-289,full,1,2.0,1.0,0.5,1.0,0.0,1.0,0.75,0.8571428571428571,0.0,0.8571428571428571,0.0,
receipt,sroie-289,full,0,2.0,2.0,0.0,1.0,0.5,0.75,0.75,0.75,0.0,0.75,0.0,
controlled,environment-4d5c3e883e7b,p1d0,1,3.0,0.0,1.0,1.0,0.0,1.0,1.0,1.0,1.0,,,1.0
controlled,environment-4d5c3e883e7b,p1d0,0,3.0,0.0,1.0,1.0,0.0,1.0,1.0,1.0,1.0,,,1.0
receipt,sroie-576,simple,1,4.0,2.0,0.5,1.0,0.25,0.75,0.75,0.75,0.0,0.75,0.0,
receipt,sroie-576,simple,0,4.0,2.0,0.5,1.0,0.25,0.75,0.75,0.75,0.0,0.75,0.0,
natural,finance-0578051bec55,p1d0,1,0.0,0.0,1.0,1.0,0.0,1.0,1.0,1.0,1.0,,,
natural,finance-0578051bec55,p1d0,0,0.0,0.0,1.0,1.0,0.0,1.0,1.0,1.0,1.0,,,
controlled,finance-3bcd31489d79,p0d0,1,4.0,0.0,1.0,1.0,0.0,1.0,1.0,1.0,1.0,,,1.0
controlled,finance-3bcd31489d79,p0d0,0,4.0,0.0,1.0,1.0,0.0,1.0,1.0,1.0,1.0,,,1.0
receipt,sroie-220,anchors,1,0.0,0.0,1.0,1.0,0.0,1.0,1.0,1.0,1.0,1.0,1.0,
receipt,sroie-220,anchors,0,0.0,0.0,1.0,1.0,0.0,1.0,1.0,1.0,1.0,1.0,1.0,
receipt,sroie-015,simple,1,2.0,0.0,1.0,1.0,0.0,1.0,1.0,1.0,1.0,1.0,1.0,
receipt,sroie-015,simple,0,2.0,0.0,1.0,1.0,0.0,1.0,1.0,1.0,1.0,1.0,1.0,
natural,government-08f42137d50f,p0d0,1,4.0,4.0,0.0,1.0,0.0,0.7142857142857143,0.7142857142857143,0.7142857142857143,0.0,,,
natural,government-08f42137d50f,p0d0,0,4.0,4.0,0.0,1.0,0.0,0.7142857142857143,0.7142857142857143,0.7142857142857143,0.0,,,
controlled,finance-323400020ae8,p1d1,1,4.0,0.0,1.0,1.0,0.0,1.0,1.0,1.0,1.0,,,1.0
controlled,finance-323400020ae8,p1d1,0,4.0,0.0,1.0,1.0,0.0,1.0,1.0,1.0,1.0,,,1.0
natural,finance-40192c28bd08,p1d1,1,0.0,0.0,1.0,1.0,0.0,1.0,1.0,1.0,1.0,,,
natural,finance-40192c28bd08,p1d1,0,0.0,0.0,1.0,1.0,0.0,1.0,1.0,1.0,1.0,,,
receipt,sroie-604,no_def_simple,1,0.0,2.0,0.0,0.75,1.0,0.75,0.75,0.75,0.0,0.75,0.0,
receipt,sroie-604,no_def_simple,0,0.0,2.0,0.0,0.75,1.0,0.75,0.75,0.75,0.0,0.75,0.0,
controlled,finance-48ea238a01c0,p0d1,1,4.0,0.0,1.0,1.0,0.0,1.0,1.0,1.0,1.0,,,1.0
controlled,finance-48ea238a01c0,p0d1,0,4.0,0.0,1.0,1.0,0.0,1.0,1.0,1.0,1.0,,,1.0
receipt,sroie-281,anchors,1,2.0,0.0,1.0,1.0,0.0,1.0,1.0,1.0,1.0,1.0,1.0,
receipt,sroie-281,anchors,0,2.0,0.0,1.0,1.0,0.0,1.0,1.0,1.0,1.0,1.0,1.0,
controlled,finance-0599b493f8df,p1d0,1,3.0,0.0,1.0,1.0,0.0,1.0,1.0,1.0,1.0,,,1.0
controlled,finance-0599b493f8df,p1d0,0,3.0,0.0,1.0,1.0,0.0,1.0,1.0,1.0,1.0,,,1.0
receipt,sroie-604,full,1,0.0,2.0,0.0,0.75,1.0,0.75,0.75,0.75,0.0,0.75,0.0,
receipt,sroie-604,full,0,0.0,2.0,0.0,0.75,1.0,0.75,0.75,0.75,0.0,0.75,0.0,
natural,government-28de1bc53024,p0d1,1,4.0,4.0,0.0,1.0,0.5,0.7142857142857143,0.7142857142857143,0.7142857142857143,0.0,,,
natural,government-28de1bc53024,p0d1,0,4.0,4.0,0.0,1.0,0.5,0.7142857142857143,0.7142857142857143,0.7142857142857143,0.0,,,
controlled,finance-40192c28bd08,p1d0,1,3.0,0.0,1.0,1.0,0.0,1.0,1.0,1.0,1.0,,,1.0
controlled,finance-40192c28bd08,p1d0,0,3.0,0.0,1.0,1.0,0.0,1.0,1.0,1.0,1.0,,,1.0
controlled,finance-1d7bb07a73aa,p0d1,1,4.0,0.0,1.0,1.0,0.0,1.0,1.0,1.0,1.0,,,1.0
controlled,finance-1d7bb07a73aa,p0d1,0,4.0,0.0,1.0,1.0,0.0,1.0,1.0,1.0,1.0,,,1.0
natural,finance-0ece511b91b7,p0d1,1,0.0,0.0,1.0,1.0,0.0,1.0,1.0,1.0,1.0,,,
natural,finance-0ece511b91b7,p0d1,0,0.0,0.0,1.0,1.0,0.0,1.0,1.0,1.0,1.0,,,
natural,finance-1d7bb07a73aa,p1d0,1,0.0,0.0,1.0,1.0,0.0,1.0,1.0,1.0,1.0,,,
natural,finance-1d7bb07a73aa,p1d0,0,0.0,0.0,1.0,1.0,0.0,1.0,1.0,1.0,1.0,,,
receipt,sroie-278,no_def_full,1,2.0,0.0,1.0,1.0,0.0,1.0,1.0,1.0,1.0,1.0,1.0,
receipt,sroie-278,no_def_full,0,2.0,0.0,1.0,1.0,0.0,1.0,1.0,1.0,1.0,1.0,1.0,
natural,government-1b02073ace3b,p1d1,1,4.0,2.0,0.5,1.0,0.25,0.8571428571428571,0.8571428571428571,0.8571428571428571,0.0,,,
natural,government-1b02073ace3b,p1d1,0,4.0,2.0,0.5,1.0,0.25,0.8571428571428571,0.8571428571428571,0.8571428571428571,0.0,,,
controlled,government-2ff87373f537,p1d1,1,3.0,0.0,1.0,1.0,0.0,1.0,1.0,1.0,1.0,,,1.0
controlled,government-2ff87373f537,p1d1,0,3.0,0.0,1.0,1.0,0.0,1.0,1.0,1.0,1.0,,,1.0
receipt,sroie-419,full,1,2.0,4.0,-1.0,0.6666666666666666,0.75,0.5,0.5,0.5,0.0,0.75,0.0,
receipt,sroie-419,full,0,2.0,4.0,-1.0,0.6666666666666666,0.75,0.5,0.5,0.5,0.0,0.75,0.0,
natural,government-2fc4dd65e576,p1d0,1,4.0,2.0,0.5,1.0,0.0,1.0,0.7142857142857143,0.8333333333333333,0.0,,,
natural,government-2fc4dd65e576,p1d0,0,4.0,4.0,0.0,1.0,0.0,0.7142857142857143,0.7142857142857143,0.7142857142857143,0.0,,,
controlled,finance-0258ae926423,p1d1,1,3.0,0.0,1.0,1.0,0.0,1.0,1.0,1.0,1.0,,,1.0
controlled,finance-0258ae926423,p1d1,0,3.0,0.0,1.0,1.0,0.0,1.0,1.0,1.0,1.0,,,1.0
receipt,sroie-496,anchors,1,2.0,2.0,0.0,1.0,0.0,0.75,0.75,0.75,0.0,0.75,0.0,
receipt,sroie-496,anchors,0,2.0,2.0,0.0,1.0,0.0,0.75,0.75,0.75,0.0,0.75,0.0,
receipt,sroie-015,no_def_simple,1,2.0,2.0,0.0,1.0,0.0,0.75,0.75,0.75,0.0,0.75,0.0,
receipt,sroie-015,no_def_simple,0,2.0,2.0,0.0,1.0,0.0,0.75,0.75,0.75,0.0,0.75,0.0,
receipt,sroie-617,no_def_simple,1,2.0,2.0,0.0,1.0,0.5,0.75,0.75,0.75,0.0,1.0,1.0,
receipt,sroie-617,no_def_simple,0,2.0,2.0,0.0,1.0,0.5,0.75,0.75,0.75,0.0,1.0,1.0,
controlled,environment-131aae4a913e,p1d0,1,3.0,0.0,1.0,1.0,0.0,1.0,1.0,1.0,1.0,,,1.0
controlled,environment-131aae4a913e,p1d0,0,3.0,0.0,1.0,1.0,0.0,1.0,1.0,1.0,1.0,,,1.0
receipt,sroie-172,random,1,4.0,2.0,0.5,1.0,0.0,0.75,0.75,0.75,0.0,1.0,1.0,
receipt,sroie-172,random,0,4.0,2.0,0.5,1.0,0.0,0.75,0.75,0.75,0.0,1.0,1.0,
receipt,sroie-388,random,1,2.0,2.0,0.0,0.6666666666666666,0.5,0.75,0.75,0.75,0.0,0.75,0.0,
receipt,sroie-388,random,0,2.0,2.0,0.0,0.6666666666666666,0.5,0.75,0.75,0.75,0.0,0.75,0.0,
receipt,sroie-278,no_def_simple,1,2.0,2.0,0.0,1.0,0.0,0.75,0.75,0.75,0.0,0.75,0.0,
receipt,sroie-278,no_def_simple,0,2.0,2.0,0.0,1.0,0.0,0.75,0.75,0.75,0.0,0.75,0.0,
receipt,sroie-410,no_def_full,1,4.0,2.0,0.5,1.0,0.0,0.75,0.75,0.75,0.0,0.75,0.0,
receipt,sroie-410,no_def_full,0,4.0,2.0,0.5,1.0,0.0,0.75,0.75,0.75,0.0,0.75,0.0,
controlled,government-1b02073ace3b,p1d0,1,4.0,0.0,1.0,1.0,0.0,1.0,1.0,1.0,1.0,,,1.0
controlled,government-1b02073ace3b,p1d0,0,4.0,0.0,1.0,1.0,0.0,1.0,1.0,1.0,1.0,,,1.0
natural,finance-396b0d02c4c1,p0d1,1,0.0,0.0,1.0,1.0,0.0,1.0,1.0,1.0,1.0,,,
natural,finance-396b0d02c4c1,p0d1,0,0.0,0.0,1.0,1.0,0.0,1.0,1.0,1.0,1.0,,,
controlled,government-2b05bdf976f6,p0d0,1,4.0,2.0,0.5,1.0,0.25,0.8571428571428571,0.8571428571428571,0.8571428571428571,0.0,,,0.5
controlled,government-2b05bdf976f6,p0d0,0,4.0,2.0,0.5,1.0,0.25,0.8571428571428571,0.8571428571428571,0.8571428571428571,0.0,,,0.5
receipt,sroie-299,full,1,0.0,0.0,1.0,1.0,0.0,1.0,1.0,1.0,1.0,1.0,1.0,
receipt,sroie-299,full,0,0.0,0.0,1.0,1.0,0.0,1.0,1.0,1.0,1.0,1.0,1.0,
natural,finance-37536b6f83b2,p0d0,1,0.0,0.0,1.0,1.0,0.0,1.0,1.0,1.0,1.0,,,
natural,finance-37536b6f83b2,p0d0,0,0.0,0.0,1.0,1.0,0.0,1.0,1.0,1.0,1.0,,,
natural,government-2fc4dd65e576,p0d1,1,4.0,2.0,0.5,1.0,0.0,1.0,0.7142857142857143,0.8333333333333333,0.0,,,
natural,government-2fc4dd65e576,p0d1,0,4.0,4.0,0.0,1.0,0.0,0.7142857142857143,0.7142857142857143,0.7142857142857143,0.0,,,
receipt,sroie-298,random,1,0.0,0.0,1.0,1.0,0.0,1.0,1.0,1.0,1.0,1.0,1.0,
receipt,sroie-298,random,0,0.0,0.0,1.0,1.0,0.0,1.0,1.0,1.0,1.0,1.0,1.0,
natural,government-3973dc6cd196,p1d1,1,4.0,4.0,0.0,1.0,0.0,0.7142857142857143,0.7142857142857143,0.7142857142857143,0.0,,,
natural,government-3973dc6cd196,p1d1,0,4.0,4.0,0.0,1.0,0.0,0.7142857142857143,0.7142857142857143,0.7142857142857143,0.0,,,
controlled,finance-47fc6b850968,p1d0,1,2.0,0.0,1.0,1.0,0.0,1.0,1.0,1.0,1.0,,,1.0
controlled,finance-47fc6b850968,p1d0,0,2.0,0.0,1.0,1.0,0.0,1.0,1.0,1.0,1.0,,,1.0
receipt,sroie-617,no_def_full,1,2.0,2.0,0.0,1.0,0.5,0.75,0.75,0.75,0.0,1.0,1.0,
receipt,sroie-617,no_def_full,0,2.0,2.0,0.0,1.0,0.5,0.75,0.75,0.75,0.0,1.0,1.0,
controlled,environment-0c6bdf88582b,p1d1,1,4.0,1.0,0.75,1.0,0.0,1.0,0.8571428571428571,0.923076923076923,0.0,,,0.5
controlled,environment-0c6bdf88582b,p1d1,0,4.0,1.0,0.75,1.0,0.0,1.0,0.8571428571428571,0.923076923076923,0.0,,,0.5
natural,environment-4d5c3e883e7b,p1d0,1,0.0,0.0,1.0,1.0,0.0,1.0,1.0,1.0,1.0,,,
natural,environment-4d5c3e883e7b,p1d0,0,0.0,0.0,1.0,1.0,0.0,1.0,1.0,1.0,1.0,,,
receipt,sroie-459,random,1,0.0,2.0,0.0,0.75,1.0,0.75,0.75,0.75,0.0,0.75,0.0,
receipt,sroie-459,random,0,0.0,2.0,0.0,0.75,1.0,0.75,0.75,0.75,0.0,0.75,0.0,
receipt,sroie-070,simple,1,4.0,0.0,1.0,1.0,0.0,1.0,1.0,1.0,1.0,1.0,1.0,
receipt,sroie-070,simple,0,4.0,0.0,1.0,1.0,0.0,1.0,1.0,1.0,1.0,1.0,1.0,
natural,finance-396b0d02c4c1,p1d0,1,0.0,0.0,1.0,1.0,0.0,1.0,1.0,1.0,1.0,,,
natural,finance-396b0d02c4c1,p1d0,0,0.0,0.0,1.0,1.0,0.0,1.0,1.0,1.0,1.0,,,
controlled,finance-31f9ee73acbf,p0d0,1,3.0,0.0,1.0,1.0,0.0,1.0,1.0,1.0,1.0,,,1.0
controlled,finance-31f9ee73acbf,p0d0,0,3.0,0.0,1.0,1.0,0.0,1.0,1.0,1.0,1.0,,,1.0
controlled,environment-47f0150f2fe7,p0d0,1,4.0,0.0,1.0,1.0,0.0,1.0,1.0,1.0,1.0,,,1.0
controlled,environment-47f0150f2fe7,p0d0,0,4.0,0.0,1.0,1.0,0.0,1.0,1.0,1.0,1.0,,,1.0
natural,environment-4c4fd0e3970b,p0d0,1,0.0,0.0,1.0,1.0,0.0,1.0,1.0,1.0,1.0,,,
natural,environment-4c4fd0e3970b,p0d0,0,0.0,0.0,1.0,1.0,0.0,1.0,1.0,1.0,1.0,,,
receipt,sroie-576,full,1,4.0,2.0,0.5,1.0,0.25,0.75,0.75,0.75,0.0,0.75,0.0,
receipt,sroie-576,full,0,4.0,2.0,0.5,1.0,0.25,0.75,0.75,0.75,0.0,0.75,0.0,
natural,government-10a48db0d2e7,p0d0,1,4.0,3.0,0.25,1.0,0.0,0.8333333333333334,0.7142857142857143,0.7692307692307692,0.0,,,
natural,government-10a48db0d2e7,p0d0,0,4.0,4.0,0.0,1.0,0.0,0.7142857142857143,0.7142857142857143,0.7142857142857143,0.0,,,
receipt,sroie-536,full,1,0.0,2.0,0.0,0.75,1.0,0.75,0.75,0.75,0.0,0.75,0.0,
receipt,sroie-536,full,0,0.0,2.0,0.0,0.75,1.0,0.75,0.75,0.75,0.0,0.75,0.0,
natural,environment-2fdd1fa18a3a,p0d1,1,0.0,0.0,1.0,1.0,0.0,1.0,1.0,1.0,1.0,,,
natural,environment-2fdd1fa18a3a,p0d1,0,0.0,0.0,1.0,1.0,0.0,1.0,1.0,1.0,1.0,,,
receipt,sroie-380,no_def_simple,1,2.0,2.0,0.0,1.0,0.0,0.75,0.75,0.75,0.0,0.75,0.0,
receipt,sroie-380,no_def_simple,0,2.0,2.0,0.0,1.0,0.0,0.75,0.75,0.75,0.0,0.75,0.0,
natural,environment-5201f128f055,p0d0,1,0.0,0.0,1.0,1.0,0.0,1.0,1.0,1.0,1.0,,,
natural,environment-5201f128f055,p0d0,0,0.0,0.0,1.0,1.0,0.0,1.0,1.0,1.0,1.0,,,
natural,government-38d8e7495369,p1d0,1,4.0,4.0,0.0,1.0,0.0,0.7142857142857143,0.7142857142857143,0.7142857142857143,0.0,,,
natural,government-38d8e7495369,p1d0,0,4.0,4.0,0.0,1.0,0.0,0.7142857142857143,0.7142857142857143,0.7142857142857143,0.0,,,
receipt,sroie-339,no_def_full,1,2.0,2.0,0.0,0.6666666666666666,0.5,0.75,0.75,0.75,0.0,0.75,0.0,
receipt,sroie-339,no_def_full,0,2.0,2.0,0.0,0.6666666666666666,0.5,0.75,0.75,0.75,0.0,0.75,0.0,
controlled,government-1872a3147127,p0d1,1,4.0,0.0,1.0,1.0,0.0,1.0,1.0,1.0,1.0,,,1.0
controlled,government-1872a3147127,p0d1,0,4.0,0.0,1.0,1.0,0.0,1.0,1.0,1.0,1.0,,,1.0
controlled,environment-0cc2a07302ce,p0d0,1,3.0,0.0,1.0,1.0,0.0,1.0,1.0,1.0,1.0,,,1.0
controlled,environment-0cc2a07302ce,p0d0,0,3.0,0.0,1.0,1.0,0.0,1.0,1.0,1.0,1.0,,,1.0
natural,finance-40192c28bd08,p1d0,1,0.0,0.0,1.0,1.0,0.0,1.0,1.0,1.0,1.0,,,
natural,finance-40192c28bd08,p1d0,0,0.0,0.0,1.0,1.0,0.0,1.0,1.0,1.0,1.0,,,
controlled,finance-2f5191a50246,p1d1,1,3.0,0.0,1.0,1.0,0.0,1.0,1.0,1.0,1.0,,,1.0
controlled,finance-2f5191a50246,p1d1,0,3.0,0.0,1.0,1.0,0.0,1.0,1.0,1.0,1.0,,,1.0
natural,government-267561303433,p0d1,1,2.0,4.0,-1.0,1.0,1.0,0.7142857142857143,0.7142857142857143,0.7142857142857143,0.0,,,
natural,government-267561303433,p0d1,0,2.0,4.0,-1.0,1.0,1.0,0.7142857142857143,0.7142857142857143,0.7142857142857143,0.0,,,
natural,finance-48ea238a01c0,p1d0,1,0.0,0.0,1.0,1.0,0.0,1.0,1.0,1.0,1.0,,,
natural,finance-48ea238a01c0,p1d0,0,0.0,0.0,1.0,1.0,0.0,1.0,1.0,1.0,1.0,,,
receipt,sroie-185,anchors,1,0.0,2.0,0.0,0.75,1.0,0.75,0.75,0.75,0.0,0.75,0.0,
receipt,sroie-185,anchors,0,0.0,2.0,0.0,0.75,1.0,0.75,0.75,0.75,0.0,0.75,0.0,
receipt,sroie-079,simple,1,0.0,0.0,1.0,1.0,0.0,1.0,1.0,1.0,1.0,1.0,1.0,
receipt,sroie-079,simple,0,0.0,0.0,1.0,1.0,0.0,1.0,1.0,1.0,1.0,1.0,1.0,
natural,government-0aada7eebec8,p0d1,1,3.0,5.0,-0.6666666666666666,0.4,0.75,1.0,0.2857142857142857,0.4444444444444445,0.0,,,
natural,government-0aada7eebec8,p0d1,0,3.0,9.0,-2.0,0.4,0.875,0.3333333333333333,0.2857142857142857,0.30769230769230765,0.0,,,
receipt,sroie-299,simple,1,0.0,0.0,1.0,1.0,0.0,1.0,1.0,1.0,1.0,1.0,1.0,
receipt,sroie-299,simple,0,0.0,0.0,1.0,1.0,0.0,1.0,1.0,1.0,1.0,1.0,1.0,
receipt,sroie-593,no_def_full,1,0.0,2.0,0.0,0.75,1.0,0.75,0.75,0.75,0.0,0.75,0.0,
receipt,sroie-593,no_def_full,0,0.0,2.0,0.0,0.75,1.0,0.75,0.75,0.75,0.0,0.75,0.0,
receipt,sroie-604,random,1,0.0,2.0,0.0,0.75,1.0,0.75,0.75,0.75,0.0,0.75,0.0,
receipt,sroie-604,random,0,0.0,2.0,0.0,0.75,1.0,0.75,0.75,0.75,0.0,0.75,0.0,
natural,government-1d0146f05f63,p0d0,1,4.0,1.0,0.75,1.0,0.0,1.0,0.8571428571428571,0.923076923076923,0.0,,,
natural,government-1d0146f05f63,p0d0,0,4.0,2.0,0.5,1.0,0.0,0.8571428571428571,0.8571428571428571,0.8571428571428571,0.0,,,
controlled,finance-3e0d22d382e3,p0d1,1,3.0,0.0,1.0,1.0,0.0,1.0,1.0,1.0,1.0,,,1.0
controlled,finance-3e0d22d382e3,p0d1,0,3.0,0.0,1.0,1.0,0.0,1.0,1.0,1.0,1.0,,,1.0
receipt,sroie-586,simple,1,2.0,2.0,0.0,1.0,0.0,0.75,0.75,0.75,0.0,0.75,0.0,
receipt,sroie-586,simple,0,2.0,2.0,0.0,1.0,0.0,0.75,0.75,0.75,0.0,0.75,0.0,
receipt,sroie-176,full,1,4.0,2.0,0.5,1.0,0.0,0.75,0.75,0.75,0.0,0.75,0.0,
receipt,sroie-176,full,0,4.0,2.0,0.5,1.0,0.0,0.75,0.75,0.75,0.0,0.75,0.0,
controlled,environment-0cc2a07302ce,p1d1,1,3.0,0.0,1.0,1.0,0.0,1.0,1.0,1.0,1.0,,,1.0
controlled,environment-0cc2a07302ce,p1d1,0,3.0,0.0,1.0,1.0,0.0,1.0,1.0,1.0,1.0,,,1.0
natural,environment-53794df293b9,p0d0,1,0.0,0.0,1.0,1.0,0.0,1.0,1.0,1.0,1.0,,,
natural,environment-53794df293b9,p0d0,0,0.0,0.0,1.0,1.0,0.0,1.0,1.0,1.0,1.0,,,
natural,environment-47f0150f2fe7,p1d1,1,0.0,0.0,1.0,1.0,0.0,1.0,1.0,1.0,1.0,,,
natural,environment-47f0150f2fe7,p1d1,0,0.0,0.0,1.0,1.0,0.0,1.0,1.0,1.0,1.0,,,
receipt,sroie-419,random,1,2.0,4.0,-1.0,0.6666666666666666,0.75,0.5,0.5,0.5,0.0,0.75,0.0,
receipt,sroie-419,random,0,2.0,4.0,-1.0,0.6666666666666666,0.75,0.5,0.5,0.5,0.0,0.75,0.0,
receipt,sroie-487,no_def_full,1,2.0,2.0,0.0,1.0,0.5,0.75,0.75,0.75,0.0,0.75,0.0,
receipt,sroie-487,no_def_full,0,2.0,2.0,0.0,1.0,0.5,0.75,0.75,0.75,0.0,0.75,0.0,
receipt,sroie-041,anchors,1,2.0,2.0,0.0,1.0,0.0,0.75,0.75,0.75,0.0,0.75,0.0,
receipt,sroie-041,anchors,0,2.0,2.0,0.0,1.0,0.0,0.75,0.75,0.75,0.0,0.75,0.0,
natural,government-267561303433,p1d0,1,2.0,4.0,-1.0,1.0,1.0,0.7142857142857143,0.7142857142857143,0.7142857142857143,0.0,,,
natural,government-267561303433,p1d0,0,2.0,4.0,-1.0,1.0,1.0,0.7142857142857143,0.7142857142857143,0.7142857142857143,0.0,,,
receipt,sroie-281,full,1,2.0,2.0,0.0,1.0,0.0,0.75,0.75,0.75,0.0,0.75,0.0,
receipt,sroie-281,full,0,2.0,2.0,0.0,1.0,0.0,0.75,0.75,0.75,0.0,0.75,0.0,
controlled,finance-31f9ee73acbf,p1d0,1,3.0,0.0,1.0,1.0,0.0,1.0,1.0,1.0,1.0,,,1.0
controlled,finance-31f9ee73acbf,p1d0,0,3.0,0.0,1.0,1.0,0.0,1.0,1.0,1.0,1.0,,,1.0
receipt,sroie-419,no_def_full,1,2.0,4.0,-1.0,0.6666666666666666,0.75,0.5,0.5,0.5,0.0,0.75,0.0,
receipt,sroie-419,no_def_full,0,2.0,4.0,-1.0,0.6666666666666666,0.75,0.5,0.5,0.5,0.0,0.75,0.0,
controlled,government-28de1bc53024,p0d0,1,3.0,0.0,1.0,1.0,0.0,1.0,1.0,1.0,1.0,,,1.0
controlled,government-28de1bc53024,p0d0,0,3.0,0.0,1.0,1.0,0.0,1.0,1.0,1.0,1.0,,,1.0
controlled,environment-131aae4a913e,p1d1,1,3.0,1.0,0.6666666666666666,0.8333333333333334,0.25,1.0,0.8571428571428571,0.923076923076923,0.0,,,0.5
controlled,environment-131aae4a913e,p1d1,0,3.0,1.0,0.6666666666666666,0.8333333333333334,0.25,1.0,0.8571428571428571,0.923076923076923,0.0,,,0.5
controlled,government-3235e3648e32,p0d0,1,3.0,0.0,1.0,1.0,0.0,1.0,1.0,1.0,1.0,,,1.0
controlled,government-3235e3648e32,p0d0,0,3.0,0.0,1.0,1.0,0.0,1.0,1.0,1.0,1.0,,,1.0
controlled,environment-1c5352baae54,p0d0,1,3.0,1.0,0.6666666666666666,1.0,0.0,1.0,0.8571428571428571,0.923076923076923,0.0,,,0.5
controlled,environment-1c5352baae54,p0d0,0,3.0,1.0,0.6666666666666666,1.0,0.0,1.0,0.8571428571428571,0.923076923076923,0.0,,,0.5
natural,government-08f42137d50f,p1d1,1,4.0,2.0,0.5,1.0,0.0,0.8571428571428571,0.8571428571428571,0.8571428571428571,0.0,,,
natural,government-08f42137d50f,p1d1,0,4.0,2.0,0.5,1.0,0.0,0.8571428571428571,0.8571428571428571,0.8571428571428571,0.0,,,
natural,environment-1c5e4f114bd3,p0d0,1,0.0,0.0,1.0,1.0,0.0,1.0,1.0,1.0,1.0,,,
natural,environment-1c5e4f114bd3,p0d0,0,0.0,0.0,1.0,1.0,0.0,1.0,1.0,1.0,1.0,,,
natural,government-27ceaef34223,p0d1,1,7.0,1.0,0.8571428571428571,1.0,0.0,1.0,0.8571428571428571,0.923076923076923,0.0,,,
natural,government-27ceaef34223,p0d1,0,7.0,2.0,0.7142857142857143,1.0,0.14285714285714285,0.8571428571428571,0.8571428571428571,0.8571428571428571,0.0,,,
receipt,sroie-176,random,1,4.0,0.0,1.0,1.0,0.0,1.0,1.0,1.0,1.0,1.0,1.0,
receipt,sroie-176,random,0,4.0,0.0,1.0,1.0,0.0,1.0,1.0,1.0,1.0,1.0,1.0,
controlled,government-27ceaef34223,p1d0,1,2.0,2.0,0.0,1.0,0.5,0.8571428571428571,0.8571428571428571,0.8571428571428571,0.0,,,0.5
controlled,government-27ceaef34223,p1d0,0,2.0,2.0,0.0,1.0,0.5,0.8571428571428571,0.8571428571428571,0.8571428571428571,0.0,,,0.5
receipt,sroie-575,full,1,4.0,2.0,0.5,1.0,0.25,0.75,0.75,0.75,0.0,0.75,0.0,
receipt,sroie-575,full,0,4.0,2.0,0.5,1.0,0.25,0.75,0.75,0.75,0.0,0.75,0.0,
controlled,government-3235e3648e32,p1d1,1,3.0,2.0,0.3333333333333333,0.8,0.3333333333333333,1.0,0.7142857142857143,0.8333333333333333,0.0,,,0.5
controlled,government-3235e3648e32,p1d1,0,3.0,3.0,0.0,0.8,0.5,0.8333333333333334,0.7142857142857143,0.7692307692307692,0.0,,,0.5
natural,environment-1c5352baae54,p0d1,1,0.0,0.0,1.0,1.0,0.0,1.0,1.0,1.0,1.0,,,
natural,environment-1c5352baae54,p0d1,0,0.0,0.0,1.0,1.0,0.0,1.0,1.0,1.0,1.0,,,
controlled,government-2b05bdf976f6,p0d1,1,4.0,2.0,0.5,1.0,0.25,0.8571428571428571,0.8571428571428571,0.8571428571428571,0.0,,,0.5
controlled,government-2b05bdf976f6,p0d1,0,4.0,2.0,0.5,1.0,0.25,0.8571428571428571,0.8571428571428571,0.8571428571428571,0.0,,,0.5
natural,environment-243394657c39,p1d0,1,0.0,0.0,1.0,1.0,0.0,1.0,1.0,1.0,1.0,,,
natural,environment-243394657c39,p1d0,0,0.0,0.0,1.0,1.0,0.0,1.0,1.0,1.0,1.0,,,
receipt,sroie-504,full,1,2.0,2.0,0.0,1.0,0.0,0.75,0.75,0.75,0.0,0.75,0.0,
receipt,sroie-504,full,0,2.0,2.0,0.0,1.0,0.0,0.75,0.75,0.75,0.0,0.75,0.0,
natural,finance-3bcd31489d79,p0d0,1,0.0,0.0,1.0,1.0,0.0,1.0,1.0,1.0,1.0,,,
natural,finance-3bcd31489d79,p0d0,0,0.0,0.0,1.0,1.0,0.0,1.0,1.0,1.0,1.0,,,
natural,finance-2f5191a50246,p1d1,1,0.0,0.0,1.0,1.0,0.0,1.0,1.0,1.0,1.0,,,
natural,finance-2f5191a50246,p1d1,0,0.0,0.0,1.0,1.0,0.0,1.0,1.0,1.0,1.0,,,
receipt,sroie-600,full,1,2.0,0.0,1.0,1.0,0.0,1.0,1.0,1.0,1.0,1.0,1.0,
receipt,sroie-600,full,0,2.0,0.0,1.0,1.0,0.0,1.0,1.0,1.0,1.0,1.0,1.0,
controlled,government-1d0146f05f63,p0d1,1,3.0,1.0,0.6666666666666666,1.0,0.0,1.0,0.8571428571428571,0.923076923076923,0.0,,,0.5
controlled,government-1d0146f05f63,p0d1,0,3.0,1.0,0.6666666666666666,1.0,0.0,1.0,0.8571428571428571,0.923076923076923,0.0,,,0.5
receipt,sroie-578,anchors,1,4.0,2.0,0.5,1.0,0.0,0.75,0.75,0.75,0.0,0.75,0.0,
receipt,sroie-578,anchors,0,4.0,2.0,0.5,1.0,0.0,0.75,0.75,0.75,0.0,0.75,0.0,
receipt,sroie-479,anchors,1,2.0,2.0,0.0,1.0,0.0,0.75,0.75,0.75,0.0,0.75,0.0,
receipt,sroie-479,anchors,0,2.0,2.0,0.0,1.0,0.0,0.75,0.75,0.75,0.0,0.75,0.0,
receipt,sroie-220,random,1,0.0,0.0,1.0,1.0,0.0,1.0,1.0,1.0,1.0,1.0,1.0,
receipt,sroie-220,random,0,0.0,0.0,1.0,1.0,0.0,1.0,1.0,1.0,1.0,1.0,1.0,
controlled,government-0133725f2f34,p1d1,1,3.0,0.0,1.0,1.0,0.0,1.0,1.0,1.0,1.0,,,1.0
controlled,government-0133725f2f34,p1d1,0,3.0,0.0,1.0,1.0,0.0,1.0,1.0,1.0,1.0,,,1.0
controlled,finance-0ece511b91b7,p1d1,1,3.0,0.0,1.0,1.0,0.0,1.0,1.0,1.0,1.0,,,1.0
controlled,finance-0ece511b91b7,p1d1,0,3.0,0.0,1.0,1.0,0.0,1.0,1.0,1.0,1.0,,,1.0
receipt,sroie-522,random,1,0.0,2.0,0.0,0.75,1.0,0.75,0.75,0.75,0.0,0.75,0.0,
receipt,sroie-522,random,0,0.0,2.0,0.0,0.75,1.0,0.75,0.75,0.75,0.0,0.75,0.0,
receipt,sroie-172,full,1,4.0,2.0,0.5,1.0,0.0,0.75,0.75,0.75,0.0,1.0,1.0,
receipt,sroie-172,full,0,4.0,2.0,0.5,1.0,0.0,0.75,0.75,0.75,0.0,1.0,1.0,
controlled,government-0133725f2f34,p0d1,1,3.0,0.0,1.0,1.0,0.0,1.0,1.0,1.0,1.0,,,1.0
controlled,government-0133725f2f34,p0d1,0,3.0,0.0,1.0,1.0,0.0,1.0,1.0,1.0,1.0,,,1.0
controlled,finance-11d9ca639481,p1d0,1,3.0,0.0,1.0,1.0,0.0,1.0,1.0,1.0,1.0,,,1.0
controlled,finance-11d9ca639481,p1d0,0,3.0,0.0,1.0,1.0,0.0,1.0,1.0,1.0,1.0,,,1.0
receipt,sroie-248,no_def_simple,1,0.0,0.0,1.0,1.0,0.0,1.0,1.0,1.0,1.0,1.0,1.0,
receipt,sroie-248,no_def_simple,0,0.0,0.0,1.0,1.0,0.0,1.0,1.0,1.0,1.0,1.0,1.0,
natural,finance-1d7bb07a73aa,p0d0,1,0.0,0.0,1.0,1.0,0.0,1.0,1.0,1.0,1.0,,,
natural,finance-1d7bb07a73aa,p0d0,0,0.0,0.0,1.0,1.0,0.0,1.0,1.0,1.0,1.0,,,
controlled,government-0133725f2f34,p1d0,1,3.0,0.0,1.0,1.0,0.0,1.0,1.0,1.0,1.0,,,1.0
controlled,government-0133725f2f34,p1d0,0,3.0,0.0,1.0,1.0,0.0,1.0,1.0,1.0,1.0,,,1.0
controlled,environment-3167138e25d4,p1d1,1,2.0,0.0,1.0,1.0,0.0,1.0,1.0,1.0,1.0,,,1.0
controlled,environment-3167138e25d4,p1d1,0,2.0,0.0,1.0,1.0,0.0,1.0,1.0,1.0,1.0,,,1.0
receipt,sroie-176,no_def_full,1,4.0,0.0,1.0,1.0,0.0,1.0,1.0,1.0,1.0,1.0,1.0,
receipt,sroie-176,no_def_full,0,4.0,0.0,1.0,1.0,0.0,1.0,1.0,1.0,1.0,1.0,1.0,
receipt,sroie-094,no_def_simple,1,0.0,0.0,1.0,1.0,0.0,1.0,1.0,1.0,1.0,1.0,1.0,
receipt,sroie-094,no_def_simple,0,0.0,0.0,1.0,1.0,0.0,1.0,1.0,1.0,1.0,1.0,1.0,
natural,government-2ff87373f537,p1d0,1,3.0,2.0,0.3333333333333333,1.0,0.3333333333333333,0.8571428571428571,0.8571428571428571,0.8571428571428571,0.0,,,
natural,government-2ff87373f537,p1d0,0,3.0,2.0,0.3333333333333333,1.0,0.3333333333333333,0.8571428571428571,0.8571428571428571,0.8571428571428571,0.0,,,
receipt,sroie-593,full,1,0.0,0.0,1.0,1.0,0.0,1.0,1.0,1.0,1.0,1.0,1.0,
receipt,sroie-593,full,0,0.0,0.0,1.0,1.0,0.0,1.0,1.0,1.0,1.0,1.0,1.0,
receipt,sroie-223,full,1,0.0,0.0,1.0,1.0,0.0,1.0,1.0,1.0,1.0,1.0,1.0,
receipt,sroie-223,full,0,0.0,0.0,1.0,1.0,0.0,1.0,1.0,1.0,1.0,1.0,1.0,
receipt,sroie-330,random,1,2.0,0.0,1.0,1.0,0.0,1.0,1.0,1.0,1.0,1.0,1.0,
receipt,sroie-330,random,0,2.0,0.0,1.0,1.0,0.0,1.0,1.0,1.0,1.0,1.0,1.0,
controlled,finance-39b9d6db8c9e,p0d1,1,3.0,0.0,1.0,1.0,0.0,1.0,1.0,1.0,1.0,,,1.0
controlled,finance-39b9d6db8c9e,p0d1,0,3.0,0.0,1.0,1.0,0.0,1.0,1.0,1.0,1.0,,,1.0
receipt,sroie-504,random,1,2.0,2.0,0.0,1.0,0.0,0.75,0.75,0.75,0.0,0.75,0.0,
receipt,sroie-504,random,0,2.0,2.0,0.0,1.0,0.0,0.75,0.75,0.75,0.0,0.75,0.0,
natural,environment-3167138e25d4,p0d0,1,0.0,0.0,1.0,1.0,0.0,1.0,1.0,1.0,1.0,,,
natural,environment-3167138e25d4,p0d0,0,0.0,0.0,1.0,1.0,0.0,1.0,1.0,1.0,1.0,,,
receipt,sroie-112,random,1,4.0,6.0,-0.5,0.5,0.75,0.25,0.25,0.25,0.0,0.25,0.0,
receipt,sroie-112,random,0,4.0,6.0,-0.5,0.5,0.75,0.25,0.25,0.25,0.0,0.25,0.0,
controlled,government-2ae5e35394e4,p0d0,1,3.0,0.0,1.0,1.0,0.0,1.0,1.0,1.0,1.0,,,1.0
controlled,government-2ae5e35394e4,p0d0,0,3.0,0.0,1.0,1.0,0.0,1.0,1.0,1.0,1.0,,,1.0
receipt,sroie-112,simple,1,4.0,6.0,-0.5,0.5,0.75,0.25,0.25,0.25,0.0,0.25,0.0,
receipt,sroie-112,simple,0,4.0,6.0,-0.5,0.5,0.75,0.25,0.25,0.25,0.0,0.25,0.0,
receipt,sroie-068,simple,1,2.0,2.0,0.0,1.0,0.0,0.75,0.75,0.75,0.0,0.75,0.0,
receipt,sroie-068,simple,0,2.0,2.0,0.0,1.0,0.0,0.75,0.75,0.75,0.0,0.75,0.0,
controlled,finance-0940112f81b2,p0d1,1,3.0,0.0,1.0,1.0,0.0,1.0,1.0,1.0,1.0,,,1.0
controlled,finance-0940112f81b2,p0d1,0,3.0,0.0,1.0,1.0,0.0,1.0,1.0,1.0,1.0,,,1.0
controlled,finance-1d7bb07a73aa,p0d0,1,4.0,0.0,1.0,1.0,0.0,1.0,1.0,1.0,1.0,,,1.0
controlled,finance-1d7bb07a73aa,p0d0,0,4.0,0.0,1.0,1.0,0.0,1.0,1.0,1.0,1.0,,,1.0
receipt,sroie-370,random,1,2.0,0.0,1.0,1.0,0.0,1.0,1.0,1.0,1.0,1.0,1.0,
receipt,sroie-370,random,0,2.0,0.0,1.0,1.0,0.0,1.0,1.0,1.0,1.0,1.0,1.0,
receipt,sroie-380,random,1,2.0,0.0,1.0,1.0,0.0,1.0,1.0,1.0,1.0,1.0,1.0,
receipt,sroie-380,random,0,2.0,0.0,1.0,1.0,0.0,1.0,1.0,1.0,1.0,1.0,1.0,
receipt,sroie-575,no_def_simple,1,4.0,4.0,0.0,1.0,0.0,0.5,0.5,0.5,0.0,0.5,0.0,
receipt,sroie-575,no_def_simple,0,4.0,4.0,0.0,1.0,0.0,0.5,0.5,0.5,0.0,0.5,0.0,
natural,finance-39b9d6db8c9e,p1d0,1,0.0,0.0,1.0,1.0,0.0,1.0,1.0,1.0,1.0,,,
natural,finance-39b9d6db8c9e,p1d0,0,0.0,0.0,1.0,1.0,0.0,1.0,1.0,1.0,1.0,,,
receipt,sroie-070,no_def_simple,1,4.0,4.0,0.0,1.0,0.0,0.5,0.5,0.5,0.0,0.5,0.0,
receipt,sroie-070,no_def_simple,0,4.0,4.0,0.0,1.0,0.0,0.5,0.5,0.5,0.0,0.5,0.0,
receipt,sroie-176,anchors,1,4.0,2.0,0.5,1.0,0.0,0.75,0.75,0.75,0.0,0.75,0.0,
receipt,sroie-176,anchors,0,4.0,2.0,0.5,1.0,0.0,0.75,0.75,0.75,0.0,0.75,0.0,
receipt,sroie-330,anchors,1,2.0,0.0,1.0,1.0,0.0,1.0,1.0,1.0,1.0,1.0,1.0,
receipt,sroie-330,anchors,0,2.0,0.0,1.0,1.0,0.0,1.0,1.0,1.0,1.0,1.0,1.0,
controlled,environment-4c4fd0e3970b,p0d0,1,4.0,0.0,1.0,1.0,0.0,1.0,1.0,1.0,1.0,,,1.0
controlled,environment-4c4fd0e3970b,p0d0,0,4.0,0.0,1.0,1.0,0.0,1.0,1.0,1.0,1.0,,,1.0
receipt,sroie-504,simple,1,2.0,2.0,0.0,1.0,0.0,0.75,0.75,0.75,0.0,0.75,0.0,
receipt,sroie-504,simple,0,2.0,2.0,0.0,1.0,0.0,0.75,0.75,0.75,0.0,0.75,0.0,
controlled,finance-37536b6f83b2,p1d1,1,4.0,0.0,1.0,1.0,0.0,1.0,1.0,1.0,1.0,,,1.0
controlled,finance-37536b6f83b2,p1d1,0,4.0,0.0,1.0,1.0,0.0,1.0,1.0,1.0,1.0,,,1.0
receipt,sroie-298,simple,1,0.0,0.0,1.0,1.0,0.0,1.0,1.0,1.0,1.0,1.0,1.0,
receipt,sroie-298,simple,0,0.0,0.0,1.0,1.0,0.0,1.0,1.0,1.0,1.0,1.0,1.0,
controlled,government-10a48db0d2e7,p0d1,1,4.0,0.0,1.0,1.0,0.0,1.0,1.0,1.0,1.0,,,1.0
controlled,government-10a48db0d2e7,p0d1,0,4.0,0.0,1.0,1.0,0.0,1.0,1.0,1.0,1.0,,,1.0
natural,finance-37536b6f83b2,p1d0,1,0.0,0.0,1.0,1.0,0.0,1.0,1.0,1.0,1.0,,,
natural,finance-37536b6f83b2,p1d0,0,0.0,0.0,1.0,1.0,0.0,1.0,1.0,1.0,1.0,,,
natural,finance-0599b493f8df,p1d1,1,0.0,0.0,1.0,1.0,0.0,1.0,1.0,1.0,1.0,,,
natural,finance-0599b493f8df,p1d1,0,0.0,0.0,1.0,1.0,0.0,1.0,1.0,1.0,1.0,,,
controlled,finance-0940112f81b2,p0d0,1,3.0,0.0,1.0,1.0,0.0,1.0,1.0,1.0,1.0,,,1.0
controlled,finance-0940112f81b2,p0d0,0,3.0,0.0,1.0,1.0,0.0,1.0,1.0,1.0,1.0,,,1.0
receipt,sroie-312,no_def_simple,1,0.0,0.0,1.0,1.0,0.0,1.0,1.0,1.0,1.0,1.0,1.0,
receipt,sroie-312,no_def_simple,0,0.0,0.0,1.0,1.0,0.0,1.0,1.0,1.0,1.0,1.0,1.0,
controlled,environment-131aae4a913e,p0d0,1,3.0,0.0,1.0,1.0,0.0,1.0,1.0,1.0,1.0,,,1.0
controlled,environment-131aae4a913e,p0d0,0,3.0,0.0,1.0,1.0,0.0,1.0,1.0,1.0,1.0,,,1.0
receipt,sroie-471,anchors,1,0.0,2.0,0.0,0.75,1.0,0.75,0.75,0.75,0.0,0.75,0.0,
receipt,sroie-471,anchors,0,0.0,2.0,0.0,0.75,1.0,0.75,0.75,0.75,0.0,0.75,0.0,
natural,government-1e0b7611abe9,p0d0,1,4.0,4.0,0.0,1.0,0.0,0.7142857142857143,0.7142857142857143,0.7142857142857143,0.0,,,
natural,government-1e0b7611abe9,p0d0,0,4.0,4.0,0.0,1.0,0.0,0.7142857142857143,0.7142857142857143,0.7142857142857143,0.0,,,
natural,government-2259afc0e111,p1d1,1,4.0,2.0,0.5,1.0,0.25,0.8571428571428571,0.8571428571428571,0.8571428571428571,0.0,,,
natural,government-2259afc0e111,p1d1,0,4.0,2.0,0.5,1.0,0.25,0.8571428571428571,0.8571428571428571,0.8571428571428571,0.0,,,
receipt,sroie-185,no_def_simple,1,0.0,0.0,1.0,1.0,0.0,1.0,1.0,1.0,1.0,1.0,1.0,
receipt,sroie-185,no_def_simple,0,0.0,0.0,1.0,1.0,0.0,1.0,1.0,1.0,1.0,1.0,1.0,
receipt,sroie-471,no_def_full,1,0.0,2.0,0.0,0.75,1.0,0.75,0.75,0.75,0.0,0.75,0.0,
receipt,sroie-471,no_def_full,0,0.0,2.0,0.0,0.75,1.0,0.75,0.75,0.75,0.0,0.75,0.0,
receipt,sroie-479,simple,1,2.0,2.0,0.0,1.0,0.0,0.75,0.75,0.75,0.0,0.75,0.0,
receipt,sroie-479,simple,0,2.0,2.0,0.0,1.0,0.0,0.75,0.75,0.75,0.0,0.75,0.0,
receipt,sroie-436,random,1,0.0,2.0,0.0,0.75,1.0,0.75,0.75,0.75,0.0,0.75,0.0,
receipt,sroie-436,random,0,0.0,2.0,0.0,0.75,1.0,0.75,0.75,0.75,0.0,0.75,0.0,
receipt,sroie-015,random,1,2.0,0.0,1.0,1.0,0.0,1.0,1.0,1.0,1.0,1.0,1.0,
receipt,sroie-015,random,0,2.0,0.0,1.0,1.0,0.0,1.0,1.0,1.0,1.0,1.0,1.0,
receipt,sroie-287,full,1,0.0,2.0,0.0,0.75,1.0,0.75,0.75,0.75,0.0,0.75,0.0,
receipt,sroie-287,full,0,0.0,2.0,0.0,0.75,1.0,0.75,0.75,0.75,0.0,0.75,0.0,
natural,environment-0cc2a07302ce,p0d0,1,0.0,0.0,1.0,1.0,0.0,1.0,1.0,1.0,1.0,,,
natural,environment-0cc2a07302ce,p0d0,0,0.0,0.0,1.0,1.0,0.0,1.0,1.0,1.0,1.0,,,
controlled,environment-08f31c70d080,p0d0,1,4.0,0.0,1.0,1.0,0.0,1.0,1.0,1.0,1.0,,,1.0
controlled,environment-08f31c70d080,p0d0,0,4.0,0.0,1.0,1.0,0.0,1.0,1.0,1.0,1.0,,,1.0
receipt,sroie-185,random,1,0.0,2.0,0.0,0.75,1.0,0.75,0.75,0.75,0.0,0.75,0.0,
receipt,sroie-185,random,0,0.0,2.0,0.0,0.75,1.0,0.75,0.75,0.75,0.0,0.75,0.0,
receipt,sroie-522,anchors,1,0.0,2.0,0.0,0.75,1.0,0.75,0.75,0.75,0.0,0.75,0.0,
receipt,sroie-522,anchors,0,0.0,2.0,0.0,0.75,1.0,0.75,0.75,0.75,0.0,0.75,0.0,
controlled,government-3973dc6cd196,p1d0,1,3.0,0.0,1.0,1.0,0.0,1.0,1.0,1.0,1.0,,,1.0
controlled,government-3973dc6cd196,p1d0,0,3.0,0.0,1.0,1.0,0.0,1.0,1.0,1.0,1.0,,,1.0
controlled,environment-320f5d37ee44,p0d0,1,4.0,0.0,1.0,1.0,0.0,1.0,1.0,1.0,1.0,,,1.0
controlled,environment-320f5d37ee44,p0d0,0,4.0,0.0,1.0,1.0,0.0,1.0,1.0,1.0,1.0,,,1.0
receipt,sroie-248,no_def_full,1,0.0,4.0,0.0,0.5,1.0,0.5,0.5,0.5,0.0,0.5,0.0,
receipt,sroie-248,no_def_full,0,0.0,4.0,0.0,0.5,1.0,0.5,0.5,0.5,0.0,0.5,0.0,
receipt,sroie-380,full,1,2.0,0.0,1.0,1.0,0.0,1.0,1.0,1.0,1.0,1.0,1.0,
receipt,sroie-380,full,0,2.0,0.0,1.0,1.0,0.0,1.0,1.0,1.0,1.0,1.0,1.0,
natural,finance-2f5191a50246,p0d0,1,0.0,0.0,1.0,1.0,0.0,1.0,1.0,1.0,1.0,,,
natural,finance-2f5191a50246,p0d0,0,0.0,0.0,1.0,1.0,0.0,1.0,1.0,1.0,1.0,,,
receipt,sroie-068,anchors,1,2.0,2.0,0.0,1.0,0.0,0.75,0.75,0.75,0.0,0.75,0.0,
receipt,sroie-068,anchors,0,2.0,2.0,0.0,1.0,0.0,0.75,0.75,0.75,0.0,0.75,0.0,
receipt,sroie-348,no_def_full,1,2.0,2.0,0.0,0.6666666666666666,0.5,0.75,0.75,0.75,0.0,0.75,0.0,
receipt,sroie-348,no_def_full,0,2.0,2.0,0.0,0.6666666666666666,0.5,0.75,0.75,0.75,0.0,0.75,0.0,
receipt,sroie-348,full,1,2.0,0.0,1.0,1.0,0.0,1.0,1.0,1.0,1.0,1.0,1.0,
receipt,sroie-348,full,0,2.0,0.0,1.0,1.0,0.0,1.0,1.0,1.0,1.0,1.0,1.0,
controlled,environment-0cc2a07302ce,p0d1,1,3.0,0.0,1.0,1.0,0.0,1.0,1.0,1.0,1.0,,,1.0
controlled,environment-0cc2a07302ce,p0d1,0,3.0,0.0,1.0,1.0,0.0,1.0,1.0,1.0,1.0,,,1.0
controlled,environment-08f31c70d080,p0d1,1,4.0,0.0,1.0,1.0,0.0,1.0,1.0,1.0,1.0,,,1.0
controlled,environment-08f31c70d080,p0d1,0,4.0,0.0,1.0,1.0,0.0,1.0,1.0,1.0,1.0,,,1.0
natural,government-1e0b7611abe9,p1d1,1,4.0,4.0,0.0,1.0,0.0,0.7142857142857143,0.7142857142857143,0.7142857142857143,0.0,,,
natural,government-1e0b7611abe9,p1d1,0,4.0,4.0,0.0,1.0,0.0,0.7142857142857143,0.7142857142857143,0.7142857142857143,0.0,,,
natural,environment-131aae4a913e,p0d1,1,0.0,0.0,1.0,1.0,0.0,1.0,1.0,1.0,1.0,,,
natural,environment-131aae4a913e,p0d1,0,0.0,0.0,1.0,1.0,0.0,1.0,1.0,1.0,1.0,,,
receipt,sroie-479,full,1,2.0,2.0,0.0,1.0,0.0,0.75,0.75,0.75,0.0,0.75,0.0,
receipt,sroie-479,full,0,2.0,2.0,0.0,1.0,0.0,0.75,0.75,0.75,0.0,0.75,0.0,
natural,finance-323400020ae8,p0d0,1,0.0,0.0,1.0,1.0,0.0,1.0,1.0,1.0,1.0,,,
natural,finance-323400020ae8,p0d0,0,0.0,0.0,1.0,1.0,0.0,1.0,1.0,1.0,1.0,,,
natural,environment-0c6bdf88582b,p1d0,1,1.0,1.0,0.0,1.0,0.0,1.0,0.8571428571428571,0.923076923076923,0.0,,,
natural,environment-0c6bdf88582b,p1d0,0,1.0,1.0,0.0,1.0,0.0,1.0,0.8571428571428571,0.923076923076923,0.0,,,
controlled,government-0aada7eebec8,p1d1,1,4.0,1.0,0.75,0.8,0.2,1.0,0.8571428571428571,0.923076923076923,0.0,,,1.0
controlled,government-0aada7eebec8,p1d1,0,4.0,2.0,0.5,0.8,0.3333333333333333,0.8571428571428571,0.8571428571428571,0.8571428571428571,0.0,,,1.0
controlled,finance-11d9ca639481,p1d1,1,3.0,0.0,1.0,1.0,0.0,1.0,1.0,1.0,1.0,,,1.0
controlled,finance-11d9ca639481,p1d1,0,3.0,0.0,1.0,1.0,0.0,1.0,1.0,1.0,1.0,,,1.0
controlled,government-2ff87373f537,p0d1,1,3.0,0.0,1.0,1.0,0.0,1.0,1.0,1.0,1.0,,,1.0
controlled,government-2ff87373f537,p0d1,0,3.0,0.0,1.0,1.0,0.0,1.0,1.0,1.0,1.0,,,1.0
controlled,government-2ae5e35394e4,p0d1,1,3.0,0.0,1.0,1.0,0.0,1.0,1.0,1.0,1.0,,,1.0
controlled,government-2ae5e35394e4,p0d1,0,3.0,0.0,1.0,1.0,0.0,1.0,1.0,1.0,1.0,,,1.0
controlled,government-1872a3147127,p1d1,1,4.0,0.0,1.0,1.0,0.0,1.0,1.0,1.0,1.0,,,1.0
controlled,government-1872a3147127,p1d1,0,4.0,0.0,1.0,1.0,0.0,1.0,1.0,1.0,1.0,,,1.0
receipt,sroie-298,anchors,1,0.0,2.0,0.0,0.75,1.0,0.75,0.75,0.75,0.0,0.75,0.0,
receipt,sroie-298,anchors,0,0.0,2.0,0.0,0.75,1.0,0.75,0.75,0.75,0.0,0.75,0.0,
controlled,government-123148e99b2a,p0d1,1,3.0,0.0,1.0,1.0,0.0,1.0,1.0,1.0,1.0,,,1.0
controlled,government-123148e99b2a,p0d1,0,3.0,0.0,1.0,1.0,0.0,1.0,1.0,1.0,1.0,,,1.0
natural,environment-3881a05cffa1,p1d1,1,0.0,0.0,1.0,1.0,0.0,1.0,1.0,1.0,1.0,,,
natural,environment-3881a05cffa1,p1d1,0,0.0,0.0,1.0,1.0,0.0,1.0,1.0,1.0,1.0,,,
receipt,sroie-604,anchors,1,0.0,2.0,0.0,0.75,1.0,0.75,0.75,0.75,0.0,0.75,0.0,
receipt,sroie-604,anchors,0,0.0,2.0,0.0,0.75,1.0,0.75,0.75,0.75,0.0,0.75,0.0,
receipt,sroie-248,anchors,1,0.0,4.0,0.0,0.5,1.0,0.5,0.5,0.5,0.0,0.5,0.0,
receipt,sroie-248,anchors,0,0.0,4.0,0.0,0.5,1.0,0.5,0.5,0.5,0.0,0.5,0.0,
receipt,sroie-299,anchors,1,0.0,0.0,1.0,1.0,0.0,1.0,1.0,1.0,1.0,1.0,1.0,
receipt,sroie-299,anchors,0,0.0,0.0,1.0,1.0,0.0,1.0,1.0,1.0,1.0,1.0,1.0,
receipt,sroie-016,simple,1,0.0,0.0,1.0,1.0,0.0,1.0,1.0,1.0,1.0,1.0,1.0,
receipt,sroie-016,simple,0,0.0,0.0,1.0,1.0,0.0,1.0,1.0,1.0,1.0,1.0,1.0,
natural,environment-08f31c70d080,p1d1,1,0.0,0.0,1.0,1.0,0.0,1.0,1.0,1.0,1.0,,,
natural,environment-08f31c70d080,p1d1,0,0.0,0.0,1.0,1.0,0.0,1.0,1.0,1.0,1.0,,,
controlled,environment-1c5e4f114bd3,p0d1,1,4.0,0.0,1.0,1.0,0.0,1.0,1.0,1.0,1.0,,,1.0
controlled,environment-1c5e4f114bd3,p0d1,0,4.0,0.0,1.0,1.0,0.0,1.0,1.0,1.0,1.0,,,1.0
receipt,sroie-172,anchors,1,4.0,2.0,0.5,1.0,0.0,0.75,0.75,0.75,0.0,1.0,1.0,
receipt,sroie-172,anchors,0,4.0,2.0,0.5,1.0,0.0,0.75,0.75,0.75,0.0,1.0,1.0,
natural,environment-29ecdbb5e2da,p0d0,1,0.0,0.0,1.0,1.0,0.0,1.0,1.0,1.0,1.0,,,
natural,environment-29ecdbb5e2da,p0d0,0,0.0,0.0,1.0,1.0,0.0,1.0,1.0,1.0,1.0,,,
controlled,government-1e0b7611abe9,p0d0,1,3.0,0.0,1.0,1.0,0.0,1.0,1.0,1.0,1.0,,,1.0
controlled,government-1e0b7611abe9,p0d0,0,3.0,0.0,1.0,1.0,0.0,1.0,1.0,1.0,1.0,,,1.0
controlled,finance-11d9ca639481,p0d0,1,3.0,0.0,1.0,1.0,0.0,1.0,1.0,1.0,1.0,,,1.0
controlled,finance-11d9ca639481,p0d0,0,3.0,0.0,1.0,1.0,0.0,1.0,1.0,1.0,1.0,,,1.0
controlled,environment-38fd486ef1b7,p1d1,1,3.0,0.0,1.0,1.0,0.0,1.0,1.0,1.0,1.0,,,1.0
controlled,environment-38fd486ef1b7,p1d1,0,3.0,0.0,1.0,1.0,0.0,1.0,1.0,1.0,1.0,,,1.0
receipt,sroie-380,no_def_full,1,2.0,4.0,-1.0,0.6666666666666666,1.0,0.5,0.5,0.5,0.0,0.5,0.0,
receipt,sroie-380,no_def_full,0,2.0,4.0,-1.0,0.6666666666666666,1.0,0.5,0.5,0.5,0.0,0.5,0.0,
receipt,sroie-094,simple,1,0.0,0.0,1.0,1.0,0.0,1.0,1.0,1.0,1.0,1.0,1.0,
receipt,sroie-094,simple,0,0.0,0.0,1.0,1.0,0.0,1.0,1.0,1.0,1.0,1.0,1.0,
receipt,sroie-330,simple,1,2.0,2.0,0.0,1.0,0.0,0.75,0.75,0.75,0.0,0.75,0.0,
receipt,sroie-330,simple,0,2.0,2.0,0.0,1.0,0.0,0.75,0.75,0.75,0.0,0.75,0.0,
receipt,sroie-220,full,1,0.0,0.0,1.0,1.0,0.0,1.0,1.0,1.0,1.0,1.0,1.0,
receipt,sroie-220,full,0,0.0,0.0,1.0,1.0,0.0,1.0,1.0,1.0,1.0,1.0,1.0,
receipt,sroie-391,anchors,1,4.0,2.0,0.5,1.0,0.0,0.75,0.75,0.75,0.0,0.75,0.0,
receipt,sroie-391,anchors,0,4.0,2.0,0.5,1.0,0.0,0.75,0.75,0.75,0.0,0.75,0.0,
natural,government-0aada7eebec8,p1d1,1,3.0,4.0,-0.3333333333333333,0.8,0.6666666666666666,0.8,0.5714285714285714,0.6666666666666666,0.0,,,
natural,government-0aada7eebec8,p1d1,0,3.0,5.0,-0.6666666666666666,0.8,0.75,0.6666666666666666,0.5714285714285714,0.6153846153846153,0.0,,,
natural,environment-1c5e4f114bd3,p1d0,1,0.0,0.0,1.0,1.0,0.0,1.0,1.0,1.0,1.0,,,
natural,environment-1c5e4f114bd3,p1d0,0,0.0,0.0,1.0,1.0,0.0,1.0,1.0,1.0,1.0,,,
receipt,sroie-370,full,1,2.0,0.0,1.0,1.0,0.0,1.0,1.0,1.0,1.0,1.0,1.0,
receipt,sroie-370,full,0,2.0,0.0,1.0,1.0,0.0,1.0,1.0,1.0,1.0,1.0,1.0,
controlled,environment-243394657c39,p0d1,1,3.0,0.0,1.0,1.0,0.0,1.0,1.0,1.0,1.0,,,1.0
controlled,environment-243394657c39,p0d1,0,3.0,0.0,1.0,1.0,0.0,1.0,1.0,1.0,1.0,,,1.0
natural,government-38d8e7495369,p0d1,1,4.0,4.0,0.0,1.0,0.0,0.7142857142857143,0.7142857142857143,0.7142857142857143,0.0,,,
natural,government-38d8e7495369,p0d1,0,4.0,4.0,0.0,1.0,0.0,0.7142857142857143,0.7142857142857143,0.7142857142857143,0.0,,,
receipt,sroie-611,no_def_full,1,2.0,2.0,0.0,1.0,0.0,0.75,0.75,0.75,0.0,1.0,1.0,
receipt,sroie-611,no_def_full,0,2.0,2.0,0.0,1.0,0.0,0.75,0.75,0.75,0.0,1.0,1.0,
receipt,sroie-070,full,1,4.0,2.0,0.5,1.0,0.0,0.75,0.75,0.75,0.0,0.75,0.0,
receipt,sroie-070,full,0,4.0,2.0,0.5,1.0,0.0,0.75,0.75,0.75,0.0,0.75,0.0,
natural,finance-11d9ca639481,p1d1,1,0.0,0.0,1.0,1.0,0.0,1.0,1.0,1.0,1.0,,,
natural,finance-11d9ca639481,p1d1,0,0.0,0.0,1.0,1.0,0.0,1.0,1.0,1.0,1.0,,,
receipt,sroie-436,no_def_full,1,0.0,2.0,0.0,0.75,1.0,0.75,0.75,0.75,0.0,0.75,0.0,
receipt,sroie-436,no_def_full,0,0.0,2.0,0.0,0.75,1.0,0.75,0.75,0.75,0.0,0.75,0.0,
receipt,sroie-298,full,1,0.0,0.0,1.0,1.0,0.0,1.0,1.0,1.0,1.0,1.0,1.0,
receipt,sroie-298,full,0,0.0,0.0,1.0,1.0,0.0,1.0,1.0,1.0,1.0,1.0,1.0,
controlled,government-267561303433,p0d0,1,3.0,0.0,1.0,1.0,0.0,1.0,1.0,1.0,1.0,,,1.0
controlled,government-267561303433,p0d0,0,3.0,0.0,1.0,1.0,0.0,1.0,1.0,1.0,1.0,,,1.0
natural,government-2ae5e35394e4,p1d1,1,4.0,4.0,0.0,1.0,0.0,0.7142857142857143,0.7142857142857143,0.7142857142857143,0.0,,,
natural,government-2ae5e35394e4,p1d1,0,4.0,4.0,0.0,1.0,0.0,0.7142857142857143,0.7142857142857143,0.7142857142857143,0.0,,,
natural,finance-31f9ee73acbf,p0d0,1,0.0,0.0,1.0,1.0,0.0,1.0,1.0,1.0,1.0,,,
natural,finance-31f9ee73acbf,p0d0,0,0.0,0.0,1.0,1.0,0.0,1.0,1.0,1.0,1.0,,,
controlled,finance-0ece511b91b7,p0d0,1,3.0,1.0,0.6666666666666666,1.0,0.0,1.0,0.8571428571428571,0.923076923076923,0.0,,,0.5
controlled,finance-0ece511b91b7,p0d0,0,3.0,2.0,0.3333333333333333,1.0,0.0,0.8571428571428571,0.8571428571428571,0.8571428571428571,0.0,,,0.5
receipt,sroie-586,full,1,2.0,2.0,0.0,1.0,0.5,0.75,0.75,0.75,0.0,1.0,1.0,
receipt,sroie-586,full,0,2.0,2.0,0.0,1.0,0.5,0.75,0.75,0.75,0.0,1.0,1.0,
controlled,environment-269d6428ec21,p0d0,1,3.0,0.0,1.0,1.0,0.0,1.0,1.0,1.0,1.0,,,1.0
controlled,environment-269d6428ec21,p0d0,0,3.0,0.0,1.0,1.0,0.0,1.0,1.0,1.0,1.0,,,1.0
controlled,government-2b05bdf976f6,p1d1,1,4.0,0.0,1.0,1.0,0.0,1.0,1.0,1.0,1.0,,,1.0
controlled,government-2b05bdf976f6,p1d1,0,4.0,0.0,1.0,1.0,0.0,1.0,1.0,1.0,1.0,,,1.0
receipt,sroie-522,simple,1,0.0,2.0,0.0,0.75,1.0,0.75,0.75,0.75,0.0,0.75,0.0,
receipt,sroie-522,simple,0,0.0,2.0,0.0,0.75,1.0,0.75,0.75,0.75,0.0,0.75,0.0,
receipt,sroie-586,random,1,2.0,2.0,0.0,1.0,0.5,0.75,0.75,0.75,0.0,1.0,1.0,
receipt,sroie-586,random,0,2.0,2.0,0.0,1.0,0.5,0.75,0.75,0.75,0.0,1.0,1.0,
natural,environment-3167138e25d4,p1d0,1,0.0,0.0,1.0,1.0,0.0,1.0,1.0,1.0,1.0,,,
natural,environment-3167138e25d4,p1d0,0,0.0,0.0,1.0,1.0,0.0,1.0,1.0,1.0,1.0,,,
receipt,sroie-391,random,1,4.0,2.0,0.5,1.0,0.0,0.75,0.75,0.75,0.0,0.75,0.0,
receipt,sroie-391,random,0,4.0,2.0,0.5,1.0,0.0,0.75,0.75,0.75,0.0,0.75,0.0,
receipt,sroie-391,full,1,4.0,2.0,0.5,1.0,0.0,0.75,0.75,0.75,0.0,0.75,0.0,
receipt,sroie-391,full,0,4.0,2.0,0.5,1.0,0.0,0.75,0.75,0.75,0.0,0.75,0.0,
receipt,sroie-140,no_def_simple,1,0.0,0.0,1.0,1.0,0.0,1.0,1.0,1.0,1.0,1.0,1.0,
receipt,sroie-140,no_def_simple,0,0.0,0.0,1.0,1.0,0.0,1.0,1.0,1.0,1.0,1.0,1.0,
