id,name,node_type,issue_type,start_id,end_id,relation_type,source,triple_hash
,,,冗余三元组,8.0,6.0,类型,enhanced_extraction,6fac4687d6b2fff7cbc5128ea92cdd84df1cbb232d6c51fd3ff6ee13154cbb0e
,,,冗余三元组,7.0,6.0,是,enhanced_extraction,2200a0831921dffb7aeae867bab55a8fb338e08dad663234d036af19f36ad136
,,,冗余三元组,14.0,8.0,是,enhanced_extraction,fbdd7ca9f67db87a505edbcd12f85f779c5175f8161cb1fdf53bd3401c4d49fa
,,,冗余三元组,7.0,6.0,是,enhanced_extraction,2200a0831921dffb7aeae867bab55a8fb338e08dad663234d036af19f36ad136
,,,冗余三元组,8.0,6.0,类型,enhanced_extraction,6fac4687d6b2fff7cbc5128ea92cdd84df1cbb232d6c51fd3ff6ee13154cbb0e
,,,冗余三元组,6.0,7.0,类型,enhanced_extraction,58054740087239687c92a85aac286f57d4432b98f6e794aeff8ce887be05444a
,,,冗余三元组,7.0,6.0,是,enhanced_extraction,2200a0831921dffb7aeae867bab55a8fb338e08dad663234d036af19f36ad136
,,,冗余三元组,7.0,6.0,是,enhanced_extraction,2200a0831921dffb7aeae867bab55a8fb338e08dad663234d036af19f36ad136
,,,冗余三元组,7.0,38.0,是,enhanced_extraction,95165d2636832abcf24083e55309ed4af01b81c9997ea0cbc8f01c6d551c8451
,,,冗余三元组,28.0,29.0,类型,enhanced_extraction,0356e55972c271a9a205bc5cc983108b63d5eec1414ff6a712213ba8addadce4
,,,冗余三元组,11.0,21.0,类型,enhanced_extraction,844fee27053023ba415d29e41ccfb1a68ce4e8988aced51b131a67346f972f37
,,,冗余三元组,12.0,21.0,类型,enhanced_extraction,4a417538facf2eacf00d3cf873b614fdc8ee2e6fcd1dd91f3c97c38f645abdee
,,,冗余三元组,7.0,6.0,是,enhanced_extraction,2200a0831921dffb7aeae867bab55a8fb338e08dad663234d036af19f36ad136
,,,冗余三元组,3.0,4.0,是,enhanced_extraction,d08580506622eb3b009abbcab184c7d6527dc171bbca042f5d2132b53eb48841
,,,冗余三元组,7.0,6.0,是,enhanced_extraction,2200a0831921dffb7aeae867bab55a8fb338e08dad663234d036af19f36ad136
,,,冗余三元组,12.0,31.0,是,enhanced_extraction,d25081ca2ff71ee2a320706ed8671654e8c8ce137e4ecc1542b43564c82125b9
,,,冗余三元组,3.0,43.0,是,enhanced_extraction,3f52ba843d1eea5676245988d7c6e5345710090cc764e4771f0b92cf3ff0c680
,,,冗余三元组,8.0,6.0,类型,enhanced_extraction,6fac4687d6b2fff7cbc5128ea92cdd84df1cbb232d6c51fd3ff6ee13154cbb0e
,,,冗余三元组,54.0,46.0,类型,enhanced_extraction,27412ca142a1ebf44333dd7d33ffc0e9d320fd1ea818f467adac57048717acc6
,,,冗余三元组,6.0,7.0,类型,enhanced_extraction,58054740087239687c92a85aac286f57d4432b98f6e794aeff8ce887be05444a
,,,冗余三元组,7.0,6.0,属于,enhanced_extraction,4525edb57d9094267224d08f8d7fc14cfe6596facf6d77d60072aca6a4ee20e1
,,,冗余三元组,7.0,6.0,是,enhanced_extraction,2200a0831921dffb7aeae867bab55a8fb338e08dad663234d036af19f36ad136
,,,冗余三元组,11.0,10.0,是,enhanced_extraction,dedb686de59beddd23a4bc91a73f8f8de96cfa730f3498d4d83b0e68d45b375f
,,,冗余三元组,14.0,20.0,类型,enhanced_extraction,1743010fefbfa3cadde9118558a0e938848ebe24af9ac4461f3db206354e27cc
,,,冗余三元组,3.0,63.0,类型,enhanced_extraction,421144dd8c2ce8df35f4cf5b3a63050637053efcf5ad8f11e44388cee0ee9d77
,,,冗余三元组,12.0,10.0,是,enhanced_extraction,47933e709f6345e74d98bb9156bbf0e61f44ce9e333e1549525f5ce234aaa319
,,,冗余三元组,3.0,73.0,是,enhanced_extraction,40f2a35de569d5a8b6543a08fe02dff64e1b2c1955f4df1c476783878a9a523c
,,,冗余三元组,10.0,6.0,行使,enhanced_extraction,634a7b7b1ff0138694e9b68dc00ce1defb8a97b68a7494da586c897d86487bd3
,,,冗余三元组,7.0,6.0,是,enhanced_extraction,2200a0831921dffb7aeae867bab55a8fb338e08dad663234d036af19f36ad136
,,,冗余三元组,3.0,39.0,是,enhanced_extraction,7921b0a2fec22f89fe4620bf3f7d8ab0c018f2f0b3f6bde4a935979bd3efa9d7
,,,冗余三元组,8.0,6.0,类型,enhanced_extraction,6fac4687d6b2fff7cbc5128ea92cdd84df1cbb232d6c51fd3ff6ee13154cbb0e
,,,冗余三元组,8.0,34.0,涉及事项,enhanced_extraction,333f492a670bb80c106cdaac3ebdcdd39702e637f379a616c408421876e55e15
,,,冗余三元组,7.0,6.0,类型,enhanced_extraction,5272859ffeba39ea0c18209c4b1132626ac359559543a52f190519cf9e85bf91
,,,冗余三元组,31.0,8.0,承办机构,enhanced_extraction,7623b4c5a5dd720be5677480a0306859a8e53153dba6bb31ea852dbd6889baec
,,,冗余三元组,6.0,8.0,权力类型,enhanced_extraction,32e8a27f6efa3168f7b83cec98c6c3f135d9e7ed4abe4e365bb569a11b0b970c
,,,冗余三元组,27.0,8.0,行驶主体,enhanced_extraction,6bdc23dd0ce2ac7288c4bb62e712ce5558ef4047f87d2308cebfc9a72ca13715
,,,冗余三元组,27.0,8.0,承办机构,enhanced_extraction,6889f4ea2e4e0a8d0414afd0cc1413f9aa7f6f480f26122643ea762b8e083496
,,,冗余三元组,39.0,8.0,实施依据,enhanced_extraction,4c5b43915c13ecf69552e55e9d4114e4b8c26909883c9c38e16f4f6c63eb0682
,,,冗余三元组,8.0,6.0,类型,enhanced_extraction,6fac4687d6b2fff7cbc5128ea92cdd84df1cbb232d6c51fd3ff6ee13154cbb0e
,,,冗余三元组,6.0,8.0,权力类型,enhanced_extraction,32e8a27f6efa3168f7b83cec98c6c3f135d9e7ed4abe4e365bb569a11b0b970c
,,,冗余三元组,8.0,6.0,类型,enhanced_extraction,6fac4687d6b2fff7cbc5128ea92cdd84df1cbb232d6c51fd3ff6ee13154cbb0e
,,,冗余三元组,14.0,8.0,是,enhanced_extraction,fbdd7ca9f67db87a505edbcd12f85f779c5175f8161cb1fdf53bd3401c4d49fa
,,,冗余三元组,8.0,22.0,涉及领域,enhanced_extraction,7edebd84bb95532e0e5d09af25d57377b35a9d19597fa547e2b7a61af7f8addd
,,,冗余三元组,6.0,8.0,权力类型,enhanced_extraction,32e8a27f6efa3168f7b83cec98c6c3f135d9e7ed4abe4e365bb569a11b0b970c
,,,冗余三元组,31.0,8.0,行驶主体,enhanced_extraction,a8fd77eea50b1830e1af716e6044425361790eea3f2911f99d5effab83836a88
,,,冗余三元组,31.0,8.0,承办机构,enhanced_extraction,7623b4c5a5dd720be5677480a0306859a8e53153dba6bb31ea852dbd6889baec
,,,冗余三元组,8.0,6.0,类型,enhanced_extraction,6fac4687d6b2fff7cbc5128ea92cdd84df1cbb232d6c51fd3ff6ee13154cbb0e
,,,冗余三元组,7.0,6.0,是,enhanced_extraction,2200a0831921dffb7aeae867bab55a8fb338e08dad663234d036af19f36ad136
,,,冗余三元组,3.0,73.0,是,enhanced_extraction,40f2a35de569d5a8b6543a08fe02dff64e1b2c1955f4df1c476783878a9a523c
,,,冗余三元组,6.0,8.0,权力类型,enhanced_extraction,32e8a27f6efa3168f7b83cec98c6c3f135d9e7ed4abe4e365bb569a11b0b970c
,,,冗余三元组,6.0,8.0,权力类型,enhanced_extraction,32e8a27f6efa3168f7b83cec98c6c3f135d9e7ed4abe4e365bb569a11b0b970c
,,,冗余三元组,81.0,6.0,行驶主体,enhanced_extraction,531fc7b910cb48730b69c89113f8d33a9e1b22283966b0c3a5b6466e7111e3ce
,,,冗余三元组,8.0,6.0,类型,enhanced_extraction,6fac4687d6b2fff7cbc5128ea92cdd84df1cbb232d6c51fd3ff6ee13154cbb0e
,,,冗余三元组,6.0,7.0,类型,enhanced_extraction,58054740087239687c92a85aac286f57d4432b98f6e794aeff8ce887be05444a
,,,冗余三元组,43.0,47.0,类型,enhanced_extraction,ead5e9ceb2e84b4912153d30992a12098dd67af41eed32bf3fe93784d22ce3d3
,,,冗余三元组,72.0,6.0,承办,enhanced_extraction,46fd842549819476488839678afb40ea1510600695e4f756e5040b008148ab77
,,,冗余三元组,7.0,6.0,是,enhanced_extraction,2200a0831921dffb7aeae867bab55a8fb338e08dad663234d036af19f36ad136
,,,冗余三元组,11.0,54.0,是,enhanced_extraction,549e416005220dc970bb51881509d18b237d0485fb6036953b0831ef8086df49
,,,冗余三元组,14.0,36.0,是,enhanced_extraction,bf898308f26da089cd51cecaffcf42c74ddcf06b8c37a59dd2b4059127b5d11a
,,,冗余三元组,10.0,6.0,行使,enhanced_extraction,634a7b7b1ff0138694e9b68dc00ce1defb8a97b68a7494da586c897d86487bd3
,,,冗余三元组,6.0,8.0,权力类型,enhanced_extraction,32e8a27f6efa3168f7b83cec98c6c3f135d9e7ed4abe4e365bb569a11b0b970c
,,,冗余三元组,8.0,6.0,类型,enhanced_extraction,6fac4687d6b2fff7cbc5128ea92cdd84df1cbb232d6c51fd3ff6ee13154cbb0e
,,,冗余三元组,90.0,29.0,类型,enhanced_extraction,4126fb3bbad2c5be81f5e3daccc238cc63ba2bbb8ddcf745ba5ed2f6c112fd20
,,,冗余三元组,6.0,8.0,权力类型,enhanced_extraction,32e8a27f6efa3168f7b83cec98c6c3f135d9e7ed4abe4e365bb569a11b0b970c
,,,冗余三元组,5.0,8.0,承办机构,enhanced_extraction,e77e8d7f1a809ac4bbfbf59c7ba2de0414f5e62453d3a9fdc082572da262c08c
,,,冗余三元组,5.0,8.0,行使主体,enhanced_extraction,b8a2035db66968c36e3d85ea895601864f2c24dcbd61495d27fae20f25168578
,,,冗余三元组,6.0,8.0,权力类型,enhanced_extraction,32e8a27f6efa3168f7b83cec98c6c3f135d9e7ed4abe4e365bb569a11b0b970c
,,,冗余三元组,58.0,8.0,行驶主体,enhanced_extraction,583d29fb9a2c7fea7396e8bf2437620befc57df279bf2449dfee2b2944fc60e2
,,,冗余三元组,58.0,8.0,承办机构,enhanced_extraction,1655806368b90c72c71a83e3444e2bf2281e4f59bb0d578d6a868c65a32e275b
,,,冗余三元组,8.0,6.0,类型,enhanced_extraction,6fac4687d6b2fff7cbc5128ea92cdd84df1cbb232d6c51fd3ff6ee13154cbb0e
,,,冗余三元组,7.0,6.0,是,enhanced_extraction,2200a0831921dffb7aeae867bab55a8fb338e08dad663234d036af19f36ad136
,,,冗余三元组,8.0,6.0,类型,enhanced_extraction,6fac4687d6b2fff7cbc5128ea92cdd84df1cbb232d6c51fd3ff6ee13154cbb0e
,,,冗余三元组,6.0,7.0,类型,enhanced_extraction,58054740087239687c92a85aac286f57d4432b98f6e794aeff8ce887be05444a
,,,冗余三元组,6.0,8.0,权力类型,enhanced_extraction,32e8a27f6efa3168f7b83cec98c6c3f135d9e7ed4abe4e365bb569a11b0b970c
,,,冗余三元组,6.0,8.0,权力类型,enhanced_extraction,32e8a27f6efa3168f7b83cec98c6c3f135d9e7ed4abe4e365bb569a11b0b970c
,,,冗余三元组,5.0,8.0,行驶主体,enhanced_extraction,b2d56a00d432177d36b56fc7678770c0dd223102460c2b8b7b9b3bbc4885456c
,,,冗余三元组,5.0,8.0,承办机构,enhanced_extraction,e77e8d7f1a809ac4bbfbf59c7ba2de0414f5e62453d3a9fdc082572da262c08c
,,,冗余三元组,5.0,8.0,行使主体,enhanced_extraction,b8a2035db66968c36e3d85ea895601864f2c24dcbd61495d27fae20f25168578
,,,冗余三元组,7.0,6.0,是,enhanced_extraction,2200a0831921dffb7aeae867bab55a8fb338e08dad663234d036af19f36ad136
,,,冗余三元组,11.0,31.0,是,enhanced_extraction,dddcf513fdeeba0f49c0fa688846f14fac62a0d876e080bebd6e14d35475dfee
,,,冗余三元组,14.0,8.0,是,enhanced_extraction,fbdd7ca9f67db87a505edbcd12f85f779c5175f8161cb1fdf53bd3401c4d49fa
,,,冗余三元组,7.0,6.0,是,enhanced_extraction,2200a0831921dffb7aeae867bab55a8fb338e08dad663234d036af19f36ad136
,,,冗余三元组,3.0,39.0,是,enhanced_extraction,7921b0a2fec22f89fe4620bf3f7d8ab0c018f2f0b3f6bde4a935979bd3efa9d7
,,,冗余三元组,8.0,6.0,类型,enhanced_extraction,6fac4687d6b2fff7cbc5128ea92cdd84df1cbb232d6c51fd3ff6ee13154cbb0e
,,,冗余三元组,7.0,68.0,类型,enhanced_extraction,712da6e6e77188487ff06d390f211860cdca4118291ac4cb108823ebd146cf0a
,,,冗余三元组,7.0,6.0,类型,enhanced_extraction,5272859ffeba39ea0c18209c4b1132626ac359559543a52f190519cf9e85bf91
,,,冗余三元组,3.0,4.0,依据,enhanced_extraction,db9406c535d24a61e034b4778f42742cac0dedf5d40f80d5735ba5665ec64fee
,,,冗余三元组,8.0,6.0,类型,enhanced_extraction,6fac4687d6b2fff7cbc5128ea92cdd84df1cbb232d6c51fd3ff6ee13154cbb0e
,,,冗余三元组,6.0,7.0,类型,enhanced_extraction,58054740087239687c92a85aac286f57d4432b98f6e794aeff8ce887be05444a
,,,冗余三元组,107.0,8.0,行驶主体,enhanced_extraction,481e5b01de3af0447ae4a9e865ff74b3cd34b97d2ad7387946f33caab52213f9
,,,冗余三元组,107.0,8.0,承办机构,enhanced_extraction,0c5403f911140ecebc4f8e2ecc28dca1f99b8fcd49d1ac97f8a9da2729f54a0d
,,,冗余三元组,8.0,30.0,涉及问题,enhanced_extraction,f5912fbdcad4ff97103b0a24f78766a5f93dd6036686d146c7d69fe77d263786
,,,冗余三元组,11.0,70.0,是,enhanced_extraction,213ae95b0021e1d23f540481fe1bf5828df2f8c67efd6c4403473a83ac2c7177
,,,冗余三元组,12.0,10.0,是,enhanced_extraction,47933e709f6345e74d98bb9156bbf0e61f44ce9e333e1549525f5ce234aaa319
,,,冗余三元组,8.0,34.0,涉及事项,enhanced_extraction,333f492a670bb80c106cdaac3ebdcdd39702e637f379a616c408421876e55e15
,,,冗余三元组,6.0,8.0,权力类型,enhanced_extraction,32e8a27f6efa3168f7b83cec98c6c3f135d9e7ed4abe4e365bb569a11b0b970c
,,,冗余三元组,39.0,8.0,实施依据,enhanced_extraction,4c5b43915c13ecf69552e55e9d4114e4b8c26909883c9c38e16f4f6c63eb0682
,,,冗余三元组,8.0,6.0,类型,enhanced_extraction,6fac4687d6b2fff7cbc5128ea92cdd84df1cbb232d6c51fd3ff6ee13154cbb0e
,,,冗余三元组,31.0,8.0,行驶主体,enhanced_extraction,a8fd77eea50b1830e1af716e6044425361790eea3f2911f99d5effab83836a88
,,,冗余三元组,31.0,8.0,承办机构,enhanced_extraction,7623b4c5a5dd720be5677480a0306859a8e53153dba6bb31ea852dbd6889baec
,,,冗余三元组,8.0,6.0,类型,enhanced_extraction,6fac4687d6b2fff7cbc5128ea92cdd84df1cbb232d6c51fd3ff6ee13154cbb0e
,,,冗余三元组,6.0,8.0,权力类型,enhanced_extraction,32e8a27f6efa3168f7b83cec98c6c3f135d9e7ed4abe4e365bb569a11b0b970c
,,,冗余三元组,27.0,8.0,行驶主体,enhanced_extraction,6bdc23dd0ce2ac7288c4bb62e712ce5558ef4047f87d2308cebfc9a72ca13715
,,,冗余三元组,27.0,8.0,承办机构,enhanced_extraction,6889f4ea2e4e0a8d0414afd0cc1413f9aa7f6f480f26122643ea762b8e083496
,,,冗余三元组,8.0,6.0,类型,enhanced_extraction,6fac4687d6b2fff7cbc5128ea92cdd84df1cbb232d6c51fd3ff6ee13154cbb0e
,,,冗余三元组,32.0,29.0,类型,enhanced_extraction,20775febd44ce5e6f41375ea2ce9e248956e59aad8c13b904db11623051ff73e
,,,冗余三元组,7.0,6.0,是,enhanced_extraction,2200a0831921dffb7aeae867bab55a8fb338e08dad663234d036af19f36ad136
,,,冗余三元组,3.0,59.0,是,enhanced_extraction,c5c7e73becac3d27cd966f3398e4ff5410365a31826a51102cf44d9b55480003
,,,冗余三元组,8.0,105.0,涉及事项,enhanced_extraction,63547c037c6074f90e935f4c9ce221f41afc9180e5eb243fae1a398614f18300
,,,冗余三元组,45.0,8.0,行驶主体,enhanced_extraction,9e21e8794ecff17057a8cfc6619ef8d0b5bb3faba963dcb12c6a0a7b888f83fa
,,,冗余三元组,45.0,8.0,承办机构,enhanced_extraction,44b09becce10890a28af71b1b655d2964a80aa554a2a9cff154f3352aebfa9b9
,,,冗余三元组,8.0,6.0,类型,enhanced_extraction,6fac4687d6b2fff7cbc5128ea92cdd84df1cbb232d6c51fd3ff6ee13154cbb0e
,,,冗余三元组,8.0,115.0,涉及问题,enhanced_extraction,697a5b6ba1f6db911a729da772b69bc7092cfcc28091d451f411adf62d985843
,,,冗余三元组,6.0,8.0,权力类型,enhanced_extraction,32e8a27f6efa3168f7b83cec98c6c3f135d9e7ed4abe4e365bb569a11b0b970c
,,,冗余三元组,8.0,6.0,类型,enhanced_extraction,6fac4687d6b2fff7cbc5128ea92cdd84df1cbb232d6c51fd3ff6ee13154cbb0e
,,,冗余三元组,58.0,8.0,行驶主体,enhanced_extraction,583d29fb9a2c7fea7396e8bf2437620befc57df279bf2449dfee2b2944fc60e2
,,,冗余三元组,58.0,8.0,承办机构,enhanced_extraction,1655806368b90c72c71a83e3444e2bf2281e4f59bb0d578d6a868c65a32e275b
,,,冗余三元组,8.0,65.0,涉及,enhanced_extraction,d1b4b9f73707ba7097a5d349ebe49646edeeac6d0dc53e12a33d46aff2bde77e
,,,冗余三元组,7.0,6.0,是,enhanced_extraction,2200a0831921dffb7aeae867bab55a8fb338e08dad663234d036af19f36ad136
,,,冗余三元组,11.0,54.0,是,enhanced_extraction,549e416005220dc970bb51881509d18b237d0485fb6036953b0831ef8086df49
,,,冗余三元组,12.0,54.0,是,enhanced_extraction,d0e1c40ec9f02940c43a5e2c47c765d3a9681a78a0368912bf461d7f3268f4ed
,,,冗余三元组,8.0,114.0,涉及事项,enhanced_extraction,5e7ce4419ae3356f89772682116daf0b5b6978c8f582e73d25bc2fce32dac784
,,,冗余三元组,6.0,8.0,权力类型,enhanced_extraction,32e8a27f6efa3168f7b83cec98c6c3f135d9e7ed4abe4e365bb569a11b0b970c
,,,冗余三元组,8.0,6.0,类型,enhanced_extraction,6fac4687d6b2fff7cbc5128ea92cdd84df1cbb232d6c51fd3ff6ee13154cbb0e
,,,冗余三元组,14.0,8.0,是,enhanced_extraction,fbdd7ca9f67db87a505edbcd12f85f779c5175f8161cb1fdf53bd3401c4d49fa
,,,冗余三元组,7.0,6.0,是,enhanced_extraction,2200a0831921dffb7aeae867bab55a8fb338e08dad663234d036af19f36ad136
,,,冗余三元组,12.0,10.0,是,enhanced_extraction,47933e709f6345e74d98bb9156bbf0e61f44ce9e333e1549525f5ce234aaa319
,,,冗余三元组,10.0,6.0,执行,enhanced_extraction,34b8e14c27a88b936205f4cf5b3bb48643150b9da007a7e5eb82964c9f1a6ab5
,,,冗余三元组,8.0,89.0,涉及领域,enhanced_extraction,b5fcc93f4c8f3b900022adfc07f753feeff6d6c4dd5886db0b38253cb2af3f4e
,,,冗余三元组,6.0,8.0,权力类型,enhanced_extraction,32e8a27f6efa3168f7b83cec98c6c3f135d9e7ed4abe4e365bb569a11b0b970c
,,,冗余三元组,8.0,6.0,类型,enhanced_extraction,6fac4687d6b2fff7cbc5128ea92cdd84df1cbb232d6c51fd3ff6ee13154cbb0e
,,,冗余三元组,10.0,8.0,行驶主体,enhanced_extraction,dbdf9013e94e2f8a4f96b11b56813f11346693a948c2638f8bc0c6bbb39b80d9
,,,冗余三元组,8.0,6.0,类型,enhanced_extraction,6fac4687d6b2fff7cbc5128ea92cdd84df1cbb232d6c51fd3ff6ee13154cbb0e
,,,冗余三元组,5.0,6.0,行使主体,enhanced_extraction,373a4914a932c4ecca464baeb6317a3d9cc6cfa0c7265e5437823cae7c48841d
,,,冗余三元组,3.0,39.0,是,enhanced_extraction,7921b0a2fec22f89fe4620bf3f7d8ab0c018f2f0b3f6bde4a935979bd3efa9d7
,,,冗余三元组,7.0,6.0,是,enhanced_extraction,2200a0831921dffb7aeae867bab55a8fb338e08dad663234d036af19f36ad136
,,,冗余三元组,45.0,6.0,行驶主体,enhanced_extraction,d41d3162eab0dd1019e93e479dc0bf7881a152e6329b20034766ed3267e52518
,,,冗余三元组,45.0,6.0,承办机构,enhanced_extraction,112795a4651d68041634c61d9b3ce85afa401cb0cbf671dc6a96aa1ff31c0397
,,,冗余三元组,45.0,6.0,行使,enhanced_extraction,af813577dc100e2f41a30502a8be5b6859f01de7624dfba0238af67ed077f3e0
,,,冗余三元组,45.0,6.0,承办,enhanced_extraction,5045380c2be3a138799e281141521bb43d99e803450763bb405139e48b758ee2
,,,冗余三元组,7.0,6.0,是,enhanced_extraction,2200a0831921dffb7aeae867bab55a8fb338e08dad663234d036af19f36ad136
,,,冗余三元组,3.0,13.0,是,enhanced_extraction,a150f1d60aba46983435951f07eb83bff8e98c5cde9c1e2716f5873e0560979f
,,,冗余三元组,27.0,13.0,依据,enhanced_extraction,7ceadda1b10131c8f07f7f593d9b119f81574b6caef7323f146b7cdd64f83f8c
,,,冗余三元组,14.0,91.0,是,enhanced_extraction,0de9ba4e64acab89406a91fa0fcc19d58e0485e5af0750ce886b208856810a8a
,,,冗余三元组,7.0,6.0,是,enhanced_extraction,2200a0831921dffb7aeae867bab55a8fb338e08dad663234d036af19f36ad136
,,,冗余三元组,11.0,121.0,是,enhanced_extraction,fdb2f28c3758f02cf8d7ba6827b5df986e79dbfc7b61f911b609d5a347258781
,,,冗余三元组,12.0,31.0,是,enhanced_extraction,d25081ca2ff71ee2a320706ed8671654e8c8ce137e4ecc1542b43564c82125b9
,,,冗余三元组,6.0,8.0,权力类型,enhanced_extraction,32e8a27f6efa3168f7b83cec98c6c3f135d9e7ed4abe4e365bb569a11b0b970c
,,,冗余三元组,7.0,6.0,是,enhanced_extraction,2200a0831921dffb7aeae867bab55a8fb338e08dad663234d036af19f36ad136
,,,冗余三元组,23.0,6.0,行驶主体,enhanced_extraction,be93a6e0f1475dc79ce09e94cdeb53e7b7a121722ff6da155d4c83585a9a400c
,,,冗余三元组,23.0,6.0,承办机构,enhanced_extraction,c643dc625c96623c2d8f05a6d5876776eb5261c970b2c5783dcf04866fac927c
,,,冗余三元组,6.0,7.0,类型,enhanced_extraction,58054740087239687c92a85aac286f57d4432b98f6e794aeff8ce887be05444a
,,,冗余三元组,6.0,8.0,权力类型,enhanced_extraction,32e8a27f6efa3168f7b83cec98c6c3f135d9e7ed4abe4e365bb569a11b0b970c
,,,冗余三元组,6.0,8.0,类型,enhanced_extraction,21631237930754b8946c5260cded3e1fb3f82303bea8e073b32cdef549d87b05
,,,冗余三元组,14.0,8.0,是,enhanced_extraction,fbdd7ca9f67db87a505edbcd12f85f779c5175f8161cb1fdf53bd3401c4d49fa
,,,冗余三元组,7.0,6.0,是,enhanced_extraction,2200a0831921dffb7aeae867bab55a8fb338e08dad663234d036af19f36ad136
,,,冗余三元组,11.0,107.0,是,enhanced_extraction,901f76db8b62e4ffd527d4b57b3f0bff1032cab6873441370b256e3b09d0aeef
,,,冗余三元组,12.0,107.0,是,enhanced_extraction,a5057cb3a530a4a2e8cb05bd7199affa424ff8201b222cf9a4fc8e3aff71c017
,,,冗余三元组,8.0,6.0,类型,enhanced_extraction,6fac4687d6b2fff7cbc5128ea92cdd84df1cbb232d6c51fd3ff6ee13154cbb0e
,,,冗余三元组,3.0,39.0,依据,enhanced_extraction,b0c1c954b3153185643ee7a401361653e7bf6c45ba9b75392a47c726f8483289
,,,冗余三元组,54.0,6.0,行使,enhanced_extraction,5c2993b52c01e40c2ff794f27898a156706a1b07c4a107ba14f74e0f59bef5db
,,,冗余三元组,8.0,6.0,权力类型,enhanced_extraction,f8a083553843bc10eace9a3e8ba3284e19d54e269f2f6eb5aa3a3ccfbc65d72c
,,,冗余三元组,8.0,115.0,涉及问题,enhanced_extraction,697a5b6ba1f6db911a729da772b69bc7092cfcc28091d451f411adf62d985843
,,,冗余三元组,6.0,8.0,权力类型,enhanced_extraction,32e8a27f6efa3168f7b83cec98c6c3f135d9e7ed4abe4e365bb569a11b0b970c
,,,冗余三元组,45.0,6.0,行驶主体,enhanced_extraction,d41d3162eab0dd1019e93e479dc0bf7881a152e6329b20034766ed3267e52518
,,,冗余三元组,45.0,6.0,承办机构,enhanced_extraction,112795a4651d68041634c61d9b3ce85afa401cb0cbf671dc6a96aa1ff31c0397
,,,冗余三元组,59.0,6.0,实施依据,enhanced_extraction,a2d5d8c1e29f94cf877a45d19624969290b967474b02eac74893339348e6d901
,,,冗余三元组,8.0,6.0,类型,enhanced_extraction,6fac4687d6b2fff7cbc5128ea92cdd84df1cbb232d6c51fd3ff6ee13154cbb0e
,,,冗余三元组,7.0,6.0,是,enhanced_extraction,2200a0831921dffb7aeae867bab55a8fb338e08dad663234d036af19f36ad136
,,,冗余三元组,7.0,6.0,属于,enhanced_extraction,4525edb57d9094267224d08f8d7fc14cfe6596facf6d77d60072aca6a4ee20e1
,,,冗余三元组,3.0,39.0,依据,enhanced_extraction,b0c1c954b3153185643ee7a401361653e7bf6c45ba9b75392a47c726f8483289
,,,冗余三元组,6.0,8.0,权力类型,enhanced_extraction,32e8a27f6efa3168f7b83cec98c6c3f135d9e7ed4abe4e365bb569a11b0b970c
,,,冗余三元组,96.0,41.0,类型,enhanced_extraction,47cdc42e752e8ddb3f5a3a5d5945a3b217b797a87ee1942c02f533b7d54f0ff5
,,,冗余三元组,8.0,32.0,实施依据,enhanced_extraction,e9fcea516945b8a5f2a61bbbca953ef88829341d15ea9af25409f2ba9d0831f8
,,,冗余三元组,7.0,6.0,是,enhanced_extraction,2200a0831921dffb7aeae867bab55a8fb338e08dad663234d036af19f36ad136
,,,冗余三元组,8.0,6.0,类型,enhanced_extraction,6fac4687d6b2fff7cbc5128ea92cdd84df1cbb232d6c51fd3ff6ee13154cbb0e
,,,冗余三元组,6.0,7.0,类型,enhanced_extraction,58054740087239687c92a85aac286f57d4432b98f6e794aeff8ce887be05444a
,,,冗余三元组,8.0,105.0,涉及事项,enhanced_extraction,63547c037c6074f90e935f4c9ce221f41afc9180e5eb243fae1a398614f18300
,,,冗余三元组,6.0,8.0,权力类型,enhanced_extraction,32e8a27f6efa3168f7b83cec98c6c3f135d9e7ed4abe4e365bb569a11b0b970c
,,,冗余三元组,45.0,8.0,行驶主体,enhanced_extraction,9e21e8794ecff17057a8cfc6619ef8d0b5bb3faba963dcb12c6a0a7b888f83fa
,,,冗余三元组,45.0,8.0,承办机构,enhanced_extraction,44b09becce10890a28af71b1b655d2964a80aa554a2a9cff154f3352aebfa9b9
,,,冗余三元组,8.0,6.0,类型,enhanced_extraction,6fac4687d6b2fff7cbc5128ea92cdd84df1cbb232d6c51fd3ff6ee13154cbb0e
,,,冗余三元组,45.0,6.0,行使主体,enhanced_extraction,6c80ba67efbf4dd1fff3ec50248e48db3754f886fd1c4e890b05338ca7d6f4fb
,,,冗余三元组,45.0,8.0,行使主体,enhanced_extraction,deac9de589fb4ca7751bf8e42ae4b7f317a6ba8ff6856e70a967e0e07ea67fb1
,,,冗余三元组,6.0,7.0,类型,enhanced_extraction,58054740087239687c92a85aac286f57d4432b98f6e794aeff8ce887be05444a
,,,冗余三元组,58.0,6.0,行使,enhanced_extraction,cc74c220faea5a0a265dcd0ef4540ff2f021f087f77dc7900a99798cbbe69f85
,,,冗余三元组,12.0,5.0,是,enhanced_extraction,b8fbcb0fef22b7e21ba6fa0460618ec34e68c6f9bd7907b30b7b1440a17a82b4
,,,冗余三元组,5.0,6.0,执行,enhanced_extraction,1f89a28e29b72a92a98c035f821566b358c62e362464a8b863a1e1715da7ed05
,,,冗余三元组,8.0,134.0,包含,enhanced_extraction,8dcb3659e3d06ea8352747e21b8b59c0fbeb1bc8d44af4721e33bdf59154d77f
,,,冗余三元组,7.0,6.0,是,enhanced_extraction,2200a0831921dffb7aeae867bab55a8fb338e08dad663234d036af19f36ad136
,,,冗余三元组,3.0,13.0,是,enhanced_extraction,a150f1d60aba46983435951f07eb83bff8e98c5cde9c1e2716f5873e0560979f
,,,冗余三元组,6.0,8.0,权力类型,enhanced_extraction,32e8a27f6efa3168f7b83cec98c6c3f135d9e7ed4abe4e365bb569a11b0b970c
,,,冗余三元组,54.0,6.0,行驶主体,enhanced_extraction,49a222700253b6a9fb81f9f5ca7a64ad85c42ae28cf457d49028afcf67f073cc
,,,冗余三元组,54.0,6.0,承办机构,enhanced_extraction,b4daf495a214062eb0b21dc986c49ce659f0812c28ff9ea23a2f5618a48027cd
,,,冗余三元组,8.0,6.0,类型,enhanced_extraction,6fac4687d6b2fff7cbc5128ea92cdd84df1cbb232d6c51fd3ff6ee13154cbb0e
,,,冗余三元组,7.0,6.0,是,enhanced_extraction,2200a0831921dffb7aeae867bab55a8fb338e08dad663234d036af19f36ad136
,,,冗余三元组,3.0,43.0,是,enhanced_extraction,3f52ba843d1eea5676245988d7c6e5345710090cc764e4771f0b92cf3ff0c680
,,,冗余三元组,6.0,8.0,权力类型,enhanced_extraction,32e8a27f6efa3168f7b83cec98c6c3f135d9e7ed4abe4e365bb569a11b0b970c
,,,冗余三元组,31.0,6.0,行驶主体,enhanced_extraction,c863fab255b083144e7502cd8b242274faeae8689d30ee563450b7eb63220cf6
,,,冗余三元组,31.0,6.0,承办机构,enhanced_extraction,4e0b692b485a8f361ee03fd540bafbbdbc9d562372b29b464a10db6c95f16174
,,,冗余三元组,31.0,6.0,行使主体,enhanced_extraction,c8e0d9a8f3492723ac5cea1d94b199f003d39d9178edbdea918bb111f19134d5
,,,冗余三元组,8.0,6.0,类型,enhanced_extraction,6fac4687d6b2fff7cbc5128ea92cdd84df1cbb232d6c51fd3ff6ee13154cbb0e
,,,冗余三元组,58.0,8.0,承办机构,enhanced_extraction,1655806368b90c72c71a83e3444e2bf2281e4f59bb0d578d6a868c65a32e275b
,,,冗余三元组,58.0,6.0,行使,enhanced_extraction,cc74c220faea5a0a265dcd0ef4540ff2f021f087f77dc7900a99798cbbe69f85
,,,冗余三元组,8.0,57.0,涉及内容,enhanced_extraction,464fa5747b873fa044355a3fcfd127f91da662636442762707ae15e0d011707a
,,,冗余三元组,31.0,8.0,行驶主体,enhanced_extraction,a8fd77eea50b1830e1af716e6044425361790eea3f2911f99d5effab83836a88
,,,冗余三元组,8.0,6.0,类型,enhanced_extraction,6fac4687d6b2fff7cbc5128ea92cdd84df1cbb232d6c51fd3ff6ee13154cbb0e
,,,冗余三元组,57.0,41.0,类型,enhanced_extraction,4f5cb1bf05f25027fb1b0078d15fe8111f1d6908d4d354a23057eb8c8488dd2b
,,,冗余三元组,6.0,7.0,类型,enhanced_extraction,58054740087239687c92a85aac286f57d4432b98f6e794aeff8ce887be05444a
,,,冗余三元组,8.0,6.0,权力类型,enhanced_extraction,f8a083553843bc10eace9a3e8ba3284e19d54e269f2f6eb5aa3a3ccfbc65d72c
,,,冗余三元组,8.0,34.0,涉及事项,enhanced_extraction,333f492a670bb80c106cdaac3ebdcdd39702e637f379a616c408421876e55e15
,,,冗余三元组,6.0,8.0,权力类型,enhanced_extraction,32e8a27f6efa3168f7b83cec98c6c3f135d9e7ed4abe4e365bb569a11b0b970c
,,,冗余三元组,27.0,8.0,行驶主体,enhanced_extraction,6bdc23dd0ce2ac7288c4bb62e712ce5558ef4047f87d2308cebfc9a72ca13715
,,,冗余三元组,27.0,8.0,承办机构,enhanced_extraction,6889f4ea2e4e0a8d0414afd0cc1413f9aa7f6f480f26122643ea762b8e083496
,,,冗余三元组,8.0,6.0,类型,enhanced_extraction,6fac4687d6b2fff7cbc5128ea92cdd84df1cbb232d6c51fd3ff6ee13154cbb0e
,,,冗余三元组,133.0,29.0,类型,enhanced_extraction,bb912ab8850e4fed02035a9d8451d4eb96c9171d470dc8c76a5fe6a16475d907
,,,冗余三元组,8.0,6.0,属于,enhanced_extraction,c18b3f309f5e1e78e302a845b3d22a3666d412c346cbe019737653739c05dc2f
,,,冗余三元组,27.0,8.0,行驶主体,enhanced_extraction,6bdc23dd0ce2ac7288c4bb62e712ce5558ef4047f87d2308cebfc9a72ca13715
,,,冗余三元组,27.0,8.0,承办机构,enhanced_extraction,6889f4ea2e4e0a8d0414afd0cc1413f9aa7f6f480f26122643ea762b8e083496
,,,冗余三元组,8.0,144.0,依据,enhanced_extraction,a3a5309758f13ab02960a34f1182e16d788812f320c694c08c3ae95cbab9b338
,,,冗余三元组,8.0,6.0,类型,enhanced_extraction,6fac4687d6b2fff7cbc5128ea92cdd84df1cbb232d6c51fd3ff6ee13154cbb0e
,,,冗余三元组,8.0,6.0,权力类型,enhanced_extraction,f8a083553843bc10eace9a3e8ba3284e19d54e269f2f6eb5aa3a3ccfbc65d72c
,,,冗余三元组,54.0,8.0,行驶主体,enhanced_extraction,bd35d43a56f546114ecf0077accb627606cbac7639319aa54e60c39e17a8aa4b
,,,冗余三元组,54.0,8.0,承办机构,enhanced_extraction,e20a54813c4d2b25317ce7a2973804f02ae20053ef3ce2b3317466bdeff2e754
,,,冗余三元组,31.0,6.0,行使,enhanced_extraction,736d6c98997a3408044c824a260bb855508a1d3ef704371d2cef0d4521ae4e54
,,,冗余三元组,8.0,93.0,涉及内容,enhanced_extraction,f1cab0d58453ed1af4a89d860851f686a9131ea025e63842f1d1ce9c7bc9a403
,,,冗余三元组,6.0,8.0,权力类型,enhanced_extraction,32e8a27f6efa3168f7b83cec98c6c3f135d9e7ed4abe4e365bb569a11b0b970c
,,,冗余三元组,8.0,6.0,类型,enhanced_extraction,6fac4687d6b2fff7cbc5128ea92cdd84df1cbb232d6c51fd3ff6ee13154cbb0e
,,,冗余三元组,23.0,6.0,执行,enhanced_extraction,46edaa8acc7ec1edf05b13352475e348b2058f9130672dd5f6796f83b6ceecfe
,,,冗余三元组,14.0,8.0,是,enhanced_extraction,fbdd7ca9f67db87a505edbcd12f85f779c5175f8161cb1fdf53bd3401c4d49fa
,,,冗余三元组,7.0,6.0,是,enhanced_extraction,2200a0831921dffb7aeae867bab55a8fb338e08dad663234d036af19f36ad136
,,,冗余三元组,7.0,6.0,是,enhanced_extraction,2200a0831921dffb7aeae867bab55a8fb338e08dad663234d036af19f36ad136
,,,冗余三元组,11.0,58.0,是,enhanced_extraction,a804f79373098e5aff1ee23a077e7e6028bc0a3564536da60c3317908532d4d9
,,,冗余三元组,12.0,58.0,是,enhanced_extraction,dab5414b75f53cde5064f34fc17d90c18c4057d208f4c405cdde1c7494713085
,,,冗余三元组,3.0,55.0,是,enhanced_extraction,f52a222dde5a90e16fafde112a78ee9e3446327c13259827b96065b2063f5d30
,,,冗余三元组,58.0,6.0,行使,enhanced_extraction,cc74c220faea5a0a265dcd0ef4540ff2f021f087f77dc7900a99798cbbe69f85
,,,冗余三元组,8.0,6.0,类型,enhanced_extraction,6fac4687d6b2fff7cbc5128ea92cdd84df1cbb232d6c51fd3ff6ee13154cbb0e
,,,冗余三元组,6.0,7.0,类型,enhanced_extraction,58054740087239687c92a85aac286f57d4432b98f6e794aeff8ce887be05444a
,,,冗余三元组,31.0,8.0,实施,enhanced_extraction,26aee6392adacadda79a947afc044f96a05cb4937a78088a2700068f39e76559
,,,冗余三元组,7.0,6.0,类型,enhanced_extraction,5272859ffeba39ea0c18209c4b1132626ac359559543a52f190519cf9e85bf91
,,,冗余三元组,8.0,6.0,类型,enhanced_extraction,6fac4687d6b2fff7cbc5128ea92cdd84df1cbb232d6c51fd3ff6ee13154cbb0e
,,,冗余三元组,25.0,26.0,类型,enhanced_extraction,5c096979b0f3afd0ae1c91ce575bb5624e50dc0e58fce6cbe1405679f7a403df
,,,冗余三元组,6.0,7.0,类型,enhanced_extraction,58054740087239687c92a85aac286f57d4432b98f6e794aeff8ce887be05444a
,,,冗余三元组,31.0,19.0,类型,enhanced_extraction,99a62d4758264b0fb25e5efd890bee656108c02260d3b8d616b3a6a7d18dfc8c
,,,冗余三元组,65.0,33.0,类型,enhanced_extraction,430ae7f38adcf1db800fd398176b266e3e42c5af4ece8393fb88d4f8d9aeb326
,,,冗余三元组,31.0,8.0,行驶主体,enhanced_extraction,a8fd77eea50b1830e1af716e6044425361790eea3f2911f99d5effab83836a88
,,,冗余三元组,31.0,8.0,承办机构,enhanced_extraction,7623b4c5a5dd720be5677480a0306859a8e53153dba6bb31ea852dbd6889baec
,,,冗余三元组,6.0,7.0,属于,enhanced_extraction,13bae8f9b0d126f5709ea2da6ebb32767b1b48e7575f7601bfb316fda4c34774
,,,冗余三元组,5.0,39.0,实施依据,enhanced_extraction,bad348c2e2a4a59234c14b7ebf3e1efee5bf9cc1e7845d0e6e65e16987570628
,,,冗余三元组,7.0,6.0,是,enhanced_extraction,2200a0831921dffb7aeae867bab55a8fb338e08dad663234d036af19f36ad136
,,,冗余三元组,6.0,7.0,是,enhanced_extraction,02ba53c3c8f9aa3a94884c43bf0b1f75219cb2da2911aac8cb1a66068cbe4396
,,,冗余三元组,10.0,8.0,行驶主体,enhanced_extraction,dbdf9013e94e2f8a4f96b11b56813f11346693a948c2638f8bc0c6bbb39b80d9
,,,冗余三元组,10.0,8.0,承办机构,enhanced_extraction,9099513cb23185a724b8a4ac96c8da632244c7a5c49e3b156cd98811a5707847
,,,冗余三元组,8.0,39.0,依据,enhanced_extraction,0bf2707fe651b93d3c2f60149be13979c15008f25ea9cbfaf6ac5a68df913b8c
,,,冗余三元组,6.0,8.0,权力类型,enhanced_extraction,32e8a27f6efa3168f7b83cec98c6c3f135d9e7ed4abe4e365bb569a11b0b970c
,,,冗余三元组,31.0,6.0,行驶主体,enhanced_extraction,c863fab255b083144e7502cd8b242274faeae8689d30ee563450b7eb63220cf6
,,,冗余三元组,31.0,6.0,承办机构,enhanced_extraction,4e0b692b485a8f361ee03fd540bafbbdbc9d562372b29b464a10db6c95f16174
,,,冗余三元组,59.0,6.0,实施依据,enhanced_extraction,a2d5d8c1e29f94cf877a45d19624969290b967474b02eac74893339348e6d901
,,,冗余三元组,8.0,6.0,类型,enhanced_extraction,6fac4687d6b2fff7cbc5128ea92cdd84df1cbb232d6c51fd3ff6ee13154cbb0e
,,,冗余三元组,6.0,7.0,类型,enhanced_extraction,58054740087239687c92a85aac286f57d4432b98f6e794aeff8ce887be05444a
,,,冗余三元组,14.0,14.0,是,enhanced_extraction,af13363e0f7b9681b0f34bee29b55caffff7caaa6a9d83a46c78ac4113089c3f
,,,冗余三元组,7.0,6.0,是,enhanced_extraction,2200a0831921dffb7aeae867bab55a8fb338e08dad663234d036af19f36ad136
,,,冗余三元组,11.0,54.0,是,enhanced_extraction,549e416005220dc970bb51881509d18b237d0485fb6036953b0831ef8086df49
,,,冗余三元组,8.0,6.0,类型,enhanced_extraction,6fac4687d6b2fff7cbc5128ea92cdd84df1cbb232d6c51fd3ff6ee13154cbb0e
,,,冗余三元组,42.0,44.0,类型,enhanced_extraction,9c45dc971dcfced7ffa629586df5413654e7e0d4d70fe20a3b8d6ffae8828a31
,,,冗余三元组,6.0,7.0,类型,enhanced_extraction,58054740087239687c92a85aac286f57d4432b98f6e794aeff8ce887be05444a
,,,冗余三元组,8.0,22.0,涉及领域,enhanced_extraction,7edebd84bb95532e0e5d09af25d57377b35a9d19597fa547e2b7a61af7f8addd
,,,冗余三元组,6.0,8.0,权力类型,enhanced_extraction,32e8a27f6efa3168f7b83cec98c6c3f135d9e7ed4abe4e365bb569a11b0b970c
,,,冗余三元组,5.0,6.0,承办机构,enhanced_extraction,04c52c045b0856bab6bf5aa6c613f8bca18aa29ea351f668e4a92e5176be72c5
,,,冗余三元组,8.0,96.0,涉及事项,enhanced_extraction,e7a1853477cdcc4aeaaf0203c8a25437be42db498136fa38eb470e0b0e1bcaea
,,,冗余三元组,6.0,8.0,权力类型,enhanced_extraction,32e8a27f6efa3168f7b83cec98c6c3f135d9e7ed4abe4e365bb569a11b0b970c
,,,冗余三元组,45.0,6.0,行驶主体,enhanced_extraction,d41d3162eab0dd1019e93e479dc0bf7881a152e6329b20034766ed3267e52518
,,,冗余三元组,8.0,6.0,类型,enhanced_extraction,6fac4687d6b2fff7cbc5128ea92cdd84df1cbb232d6c51fd3ff6ee13154cbb0e
,,,冗余三元组,96.0,41.0,类型,enhanced_extraction,47cdc42e752e8ddb3f5a3a5d5945a3b217b797a87ee1942c02f533b7d54f0ff5
,,,冗余三元组,6.0,7.0,类型,enhanced_extraction,58054740087239687c92a85aac286f57d4432b98f6e794aeff8ce887be05444a
,,,冗余三元组,45.0,6.0,行使主体,enhanced_extraction,6c80ba67efbf4dd1fff3ec50248e48db3754f886fd1c4e890b05338ca7d6f4fb
,,,冗余三元组,8.0,115.0,涉及问题,enhanced_extraction,697a5b6ba1f6db911a729da772b69bc7092cfcc28091d451f411adf62d985843
,,,冗余三元组,6.0,8.0,权力类型,enhanced_extraction,32e8a27f6efa3168f7b83cec98c6c3f135d9e7ed4abe4e365bb569a11b0b970c
,,,冗余三元组,45.0,6.0,承办机构,enhanced_extraction,112795a4651d68041634c61d9b3ce85afa401cb0cbf671dc6a96aa1ff31c0397
,,,冗余三元组,45.0,6.0,行使主体,enhanced_extraction,6c80ba67efbf4dd1fff3ec50248e48db3754f886fd1c4e890b05338ca7d6f4fb
,,,冗余三元组,8.0,6.0,类型,enhanced_extraction,6fac4687d6b2fff7cbc5128ea92cdd84df1cbb232d6c51fd3ff6ee13154cbb0e
,,,冗余三元组,3.0,43.0,是,enhanced_extraction,3f52ba843d1eea5676245988d7c6e5345710090cc764e4771f0b92cf3ff0c680
,,,冗余三元组,11.0,12.0,等同于,enhanced_extraction,301a1b968db5f2952324c04c1858c72c0e1fa91c31c622a211d60f845a78cc38
,,,冗余三元组,14.0,8.0,包含,enhanced_extraction,c87e557256273506c6a62fe7863d14e4436187fc6a16940b0aaf857cc339444a
,,,冗余三元组,6.0,8.0,权力类型,enhanced_extraction,32e8a27f6efa3168f7b83cec98c6c3f135d9e7ed4abe4e365bb569a11b0b970c
,,,冗余三元组,45.0,6.0,行驶主体,enhanced_extraction,d41d3162eab0dd1019e93e479dc0bf7881a152e6329b20034766ed3267e52518
,,,冗余三元组,45.0,6.0,承办机构,enhanced_extraction,112795a4651d68041634c61d9b3ce85afa401cb0cbf671dc6a96aa1ff31c0397
,,,冗余三元组,8.0,6.0,类型,enhanced_extraction,6fac4687d6b2fff7cbc5128ea92cdd84df1cbb232d6c51fd3ff6ee13154cbb0e
,,,冗余三元组,45.0,6.0,行使主体,enhanced_extraction,6c80ba67efbf4dd1fff3ec50248e48db3754f886fd1c4e890b05338ca7d6f4fb
,,,冗余三元组,6.0,119.0,依据,enhanced_extraction,340afcf8629a60372123d85bae8b09deb40900d4d25aba0645e7a725deb501a6
,,,冗余三元组,6.0,7.0,类型,enhanced_extraction,58054740087239687c92a85aac286f57d4432b98f6e794aeff8ce887be05444a
,,,冗余三元组,11.0,54.0,是,enhanced_extraction,549e416005220dc970bb51881509d18b237d0485fb6036953b0831ef8086df49
,,,冗余三元组,12.0,54.0,是,enhanced_extraction,d0e1c40ec9f02940c43a5e2c47c765d3a9681a78a0368912bf461d7f3268f4ed
,,,冗余三元组,3.0,43.0,是,enhanced_extraction,3f52ba843d1eea5676245988d7c6e5345710090cc764e4771f0b92cf3ff0c680
,,,冗余三元组,54.0,6.0,行驶主体,enhanced_extraction,49a222700253b6a9fb81f9f5ca7a64ad85c42ae28cf457d49028afcf67f073cc
,,,冗余三元组,54.0,6.0,承办机构,enhanced_extraction,b4daf495a214062eb0b21dc986c49ce659f0812c28ff9ea23a2f5618a48027cd
,,,冗余三元组,54.0,43.0,依据,enhanced_extraction,c2d50912d8aa85ce3711c110428a1b076c8b76f378b3064e5ae784e922758906
,,,冗余三元组,11.0,31.0,是,enhanced_extraction,dddcf513fdeeba0f49c0fa688846f14fac62a0d876e080bebd6e14d35475dfee
,,,冗余三元组,12.0,31.0,是,enhanced_extraction,d25081ca2ff71ee2a320706ed8671654e8c8ce137e4ecc1542b43564c82125b9
,,,冗余三元组,31.0,6.0,执行,enhanced_extraction,fb56962707e90d41f8d0207b1cf442cf0e8651f33bb6a70d57dc98a6757b005f
,,,冗余三元组,11.0,31.0,是,enhanced_extraction,dddcf513fdeeba0f49c0fa688846f14fac62a0d876e080bebd6e14d35475dfee
,,,冗余三元组,31.0,6.0,行使,enhanced_extraction,736d6c98997a3408044c824a260bb855508a1d3ef704371d2cef0d4521ae4e54
,,,冗余三元组,6.0,7.0,属于,enhanced_extraction,13bae8f9b0d126f5709ea2da6ebb32767b1b48e7575f7601bfb316fda4c34774
,,,冗余三元组,11.0,10.0,是,enhanced_extraction,dedb686de59beddd23a4bc91a73f8f8de96cfa730f3498d4d83b0e68d45b375f
,,,冗余三元组,8.0,9.0,涉及,enhanced_extraction,6510d7525eb81d30d399e25ff64aadb32cf35228b4fca08b1eb53b7e32291b22
,,,冗余三元组,11.0,10.0,是,enhanced_extraction,dedb686de59beddd23a4bc91a73f8f8de96cfa730f3498d4d83b0e68d45b375f
,,,冗余三元组,8.0,6.0,类型,enhanced_extraction,6fac4687d6b2fff7cbc5128ea92cdd84df1cbb232d6c51fd3ff6ee13154cbb0e
,,,冗余三元组,10.0,60.0,类型,enhanced_extraction,78441a70a3fbce59179fe4a37dbaaeed34c3b432c1331381c3072b7f3c76ee5d
,,,冗余三元组,7.0,68.0,类型,enhanced_extraction,712da6e6e77188487ff06d390f211860cdca4118291ac4cb108823ebd146cf0a
,,,冗余三元组,10.0,6.0,行使,enhanced_extraction,634a7b7b1ff0138694e9b68dc00ce1defb8a97b68a7494da586c897d86487bd3
,,,冗余三元组,14.0,6.0,是,enhanced_extraction,f56c7baf8c1f83d52fa9693a0b0b7c24b9c4c19a891edcb7a52b4b222d41cced
,,,冗余三元组,7.0,6.0,是,enhanced_extraction,2200a0831921dffb7aeae867bab55a8fb338e08dad663234d036af19f36ad136
,,,冗余三元组,7.0,6.0,是,enhanced_extraction,2200a0831921dffb7aeae867bab55a8fb338e08dad663234d036af19f36ad136
,,,冗余三元组,11.0,31.0,是,enhanced_extraction,dddcf513fdeeba0f49c0fa688846f14fac62a0d876e080bebd6e14d35475dfee
,,,冗余三元组,12.0,31.0,是,enhanced_extraction,d25081ca2ff71ee2a320706ed8671654e8c8ce137e4ecc1542b43564c82125b9
,,,冗余三元组,3.0,43.0,是,enhanced_extraction,3f52ba843d1eea5676245988d7c6e5345710090cc764e4771f0b92cf3ff0c680
,,,冗余三元组,8.0,6.0,类型,enhanced_extraction,6fac4687d6b2fff7cbc5128ea92cdd84df1cbb232d6c51fd3ff6ee13154cbb0e
,,,冗余三元组,6.0,7.0,类型,enhanced_extraction,58054740087239687c92a85aac286f57d4432b98f6e794aeff8ce887be05444a
,,,冗余三元组,31.0,19.0,类型,enhanced_extraction,99a62d4758264b0fb25e5efd890bee656108c02260d3b8d616b3a6a7d18dfc8c
,,,冗余三元组,43.0,82.0,类型,enhanced_extraction,5047fb1aa1154487c23681fe90bf0ff01799fd8a7d1f06769440ba0b6f5e7d15
,,,冗余三元组,31.0,6.0,行使,enhanced_extraction,736d6c98997a3408044c824a260bb855508a1d3ef704371d2cef0d4521ae4e54
,,,冗余三元组,3.0,43.0,依据,enhanced_extraction,203615ded48abafa645940ac1d96cc78d22cffe4965e03318f458ed93ce8d72d
,,,冗余三元组,8.0,6.0,权力类型,enhanced_extraction,f8a083553843bc10eace9a3e8ba3284e19d54e269f2f6eb5aa3a3ccfbc65d72c
,,,冗余三元组,107.0,8.0,承办机构,enhanced_extraction,0c5403f911140ecebc4f8e2ecc28dca1f99b8fcd49d1ac97f8a9da2729f54a0d
,,,冗余三元组,10.0,11.0,是,enhanced_extraction,44a8fa7ea54ec2e41111a4f5dc6a9811dee8aa3aa19fb306f9177dfc86a9aea9
,,,冗余三元组,10.0,11.0,是,enhanced_extraction,44a8fa7ea54ec2e41111a4f5dc6a9811dee8aa3aa19fb306f9177dfc86a9aea9
,,,冗余三元组,10.0,6.0,执行,enhanced_extraction,34b8e14c27a88b936205f4cf5b3bb48643150b9da007a7e5eb82964c9f1a6ab5
,,,冗余三元组,8.0,71.0,涉及,enhanced_extraction,1c6dcc448ff535b50accf30da6961a114ecf146315d368aab339dcd8f0c8df70
,,,冗余三元组,7.0,6.0,是,enhanced_extraction,2200a0831921dffb7aeae867bab55a8fb338e08dad663234d036af19f36ad136
,,,冗余三元组,54.0,8.0,执行,enhanced_extraction,8b158f225c18632f8eca1fc708a69f61f4799eafa4e25b8e772274c0192c1736
,,,冗余三元组,23.0,6.0,行驶主体,enhanced_extraction,be93a6e0f1475dc79ce09e94cdeb53e7b7a121722ff6da155d4c83585a9a400c
,,,冗余三元组,23.0,6.0,承办机构,enhanced_extraction,c643dc625c96623c2d8f05a6d5876776eb5261c970b2c5783dcf04866fac927c
,,,冗余三元组,31.0,6.0,行使,enhanced_extraction,736d6c98997a3408044c824a260bb855508a1d3ef704371d2cef0d4521ae4e54
,,,冗余三元组,59.0,3.0,作为,enhanced_extraction,5bf0fec11f0f4ff63a6669860c964e970c23caba0d43dfba07b3b3d037d0a6bd
,,,冗余三元组,6.0,8.0,权力类型,enhanced_extraction,32e8a27f6efa3168f7b83cec98c6c3f135d9e7ed4abe4e365bb569a11b0b970c
,,,冗余三元组,81.0,8.0,承办机构,enhanced_extraction,5dc9781af493a852b27a61a4730e1398193a242de1c3139e8e42d0f0c9da25af
,,,冗余三元组,8.0,6.0,类型,enhanced_extraction,6fac4687d6b2fff7cbc5128ea92cdd84df1cbb232d6c51fd3ff6ee13154cbb0e
,,,冗余三元组,81.0,60.0,类型,enhanced_extraction,5b8018606576ca1555d64c1eba543f6fff12ade530587bcbc7bd0b5a1cc9fbc8
,,,冗余三元组,57.0,41.0,类型,enhanced_extraction,4f5cb1bf05f25027fb1b0078d15fe8111f1d6908d4d354a23057eb8c8488dd2b
,,,冗余三元组,6.0,7.0,类型,enhanced_extraction,58054740087239687c92a85aac286f57d4432b98f6e794aeff8ce887be05444a
,,,冗余三元组,59.0,29.0,类型,enhanced_extraction,94202ebd299409ae13186ed163033fa09131c6ccac6f7624cf21b374dd55026c
,,,冗余三元组,81.0,8.0,行使主体,enhanced_extraction,95b2314ef37ccb89bfb237b160bf88d38b5867aa438ea47ae3778d51c052cf7d
,,,冗余三元组,54.0,6.0,行使,enhanced_extraction,5c2993b52c01e40c2ff794f27898a156706a1b07c4a107ba14f74e0f59bef5db
,,,冗余三元组,7.0,6.0,是,enhanced_extraction,2200a0831921dffb7aeae867bab55a8fb338e08dad663234d036af19f36ad136
,,,冗余三元组,12.0,58.0,是,enhanced_extraction,dab5414b75f53cde5064f34fc17d90c18c4057d208f4c405cdde1c7494713085
,,,冗余三元组,3.0,59.0,是,enhanced_extraction,c5c7e73becac3d27cd966f3398e4ff5410365a31826a51102cf44d9b55480003
,,,冗余三元组,58.0,6.0,行驶主体,enhanced_extraction,8c40dfa07e2688c320ea6dffc5b8297f8be09c6561a6878fd9bfac742304ef9c
,,,冗余三元组,6.0,8.0,权力类型,enhanced_extraction,32e8a27f6efa3168f7b83cec98c6c3f135d9e7ed4abe4e365bb569a11b0b970c
,,,冗余三元组,58.0,6.0,行驶主体,enhanced_extraction,8c40dfa07e2688c320ea6dffc5b8297f8be09c6561a6878fd9bfac742304ef9c
,,,冗余三元组,58.0,6.0,承办机构,enhanced_extraction,436e335b7ec83d5fde556b6dedb6cdc1f78f6640cc8984bb5d39d4cc69d4ea8a
,,,冗余三元组,55.0,6.0,实施依据,enhanced_extraction,51582574b0a333c539e8e5d30c9a7c6b3bd323f4c7033733891f92d6edb839b6
,,,冗余三元组,6.0,7.0,类型,enhanced_extraction,58054740087239687c92a85aac286f57d4432b98f6e794aeff8ce887be05444a
,,,冗余三元组,58.0,19.0,类型,enhanced_extraction,431ad275d228bd1d5cbbab5aaf610b94aed5613d0e9b573fefe2f39dd49b077b
,,,冗余三元组,58.0,6.0,行使,enhanced_extraction,cc74c220faea5a0a265dcd0ef4540ff2f021f087f77dc7900a99798cbbe69f85
,,,冗余三元组,131.0,132.0,类型,enhanced_extraction,3f51bde0e9224d42970de76ea7047c4495d4186a02861f5f8233365c33892318
,,,冗余三元组,31.0,19.0,类型,enhanced_extraction,99a62d4758264b0fb25e5efd890bee656108c02260d3b8d616b3a6a7d18dfc8c
,,,冗余三元组,12.0,19.0,类型,enhanced_extraction,cff59af3ab539c6c0c8b44d30c6d8a017cb72fb5fdc54bfecab04f8eb47e72e4
,,,冗余三元组,11.0,21.0,类型,enhanced_extraction,844fee27053023ba415d29e41ccfb1a68ce4e8988aced51b131a67346f972f37
,,,冗余三元组,3.0,4.0,依据,enhanced_extraction,db9406c535d24a61e034b4778f42742cac0dedf5d40f80d5735ba5665ec64fee
,,,冗余三元组,6.0,7.0,是,enhanced_extraction,02ba53c3c8f9aa3a94884c43bf0b1f75219cb2da2911aac8cb1a66068cbe4396
,,,冗余三元组,58.0,8.0,行驶主体,enhanced_extraction,583d29fb9a2c7fea7396e8bf2437620befc57df279bf2449dfee2b2944fc60e2
,,,冗余三元组,58.0,8.0,承办机构,enhanced_extraction,1655806368b90c72c71a83e3444e2bf2281e4f59bb0d578d6a868c65a32e275b
,,,冗余三元组,8.0,6.0,类型,enhanced_extraction,6fac4687d6b2fff7cbc5128ea92cdd84df1cbb232d6c51fd3ff6ee13154cbb0e
,,,冗余三元组,6.0,10.0,由,enhanced_extraction,7682f116c7dad259a2fe2412870f1a122f114f591835901ae071909f8f04533d
,,,冗余三元组,10.0,6.0,行使权力,enhanced_extraction,93376dcb2cb53b0088ed1ae6b9a3242eb56e4a4cfd2ffdb274c4d14ac493e15b
,,,冗余三元组,10.0,73.0,依据,enhanced_extraction,83042127f027c7170b38acb8d7a291b3d87914388ef037313bc3bc40e1b9e29e
,,,冗余三元组,6.0,8.0,权力类型,enhanced_extraction,32e8a27f6efa3168f7b83cec98c6c3f135d9e7ed4abe4e365bb569a11b0b970c
,,,冗余三元组,54.0,8.0,行驶主体,enhanced_extraction,bd35d43a56f546114ecf0077accb627606cbac7639319aa54e60c39e17a8aa4b
,,,冗余三元组,54.0,8.0,承办机构,enhanced_extraction,e20a54813c4d2b25317ce7a2973804f02ae20053ef3ce2b3317466bdeff2e754
,,,冗余三元组,8.0,6.0,类型,enhanced_extraction,6fac4687d6b2fff7cbc5128ea92cdd84df1cbb232d6c51fd3ff6ee13154cbb0e
,,,冗余三元组,4.0,3.0,是,enhanced_extraction,350c240f357e3d3784b2bb84a4f56cc0c79c96d47a6cfda584d3aee692bddd35
,,,冗余三元组,8.0,76.0,涉及行为,enhanced_extraction,9cb51e8e66c4b7fb5060068e1bffacfdfff5ef4593e7b470f6ab858c28ed2fb9
,,,冗余三元组,8.0,6.0,类型,enhanced_extraction,6fac4687d6b2fff7cbc5128ea92cdd84df1cbb232d6c51fd3ff6ee13154cbb0e
,,,冗余三元组,85.0,8.0,原因,enhanced_extraction,16ea1dbc96fc290741de01b84ce7efa4c9e4bcb4304dba588afa4ca8ba2ba09a
,,,冗余三元组,59.0,8.0,实施依据,enhanced_extraction,132c667f145d181c91a5e9f1aced982f9110945fc0e9481e7d76f68884053c24
,,,冗余三元组,31.0,6.0,行驶主体,enhanced_extraction,c863fab255b083144e7502cd8b242274faeae8689d30ee563450b7eb63220cf6
,,,冗余三元组,31.0,6.0,承办机构,enhanced_extraction,4e0b692b485a8f361ee03fd540bafbbdbc9d562372b29b464a10db6c95f16174
,,,冗余三元组,43.0,3.0,是,enhanced_extraction,740779ff6158a49be10d805e2b4fc0a3d33081f464073a8fb98d3a2e7b91c910
,,,冗余三元组,64.0,6.0,类型,enhanced_extraction,027d988cb46d7b730a74051577834905df8857c8a1f499f8cbb72d70082a23c8
,,,冗余三元组,34.0,41.0,类型,enhanced_extraction,e1777f0d47e730c3c530c4d7a8dfb49f2fcdf7db104b98d0bf6af3d6c0e6e70a
,,,冗余三元组,6.0,7.0,类型,enhanced_extraction,58054740087239687c92a85aac286f57d4432b98f6e794aeff8ce887be05444a
,,,冗余三元组,54.0,43.0,依据,enhanced_extraction,c2d50912d8aa85ce3711c110428a1b076c8b76f378b3064e5ae784e922758906
,,,冗余三元组,8.0,42.0,包含,enhanced_extraction,7c7bfce33543f186dbb2ffc94fa2cb11f2cd59c8518ec0783ecc2af662878162
,,,冗余三元组,7.0,6.0,是,enhanced_extraction,2200a0831921dffb7aeae867bab55a8fb338e08dad663234d036af19f36ad136
,,,冗余三元组,8.0,6.0,类型,enhanced_extraction,6fac4687d6b2fff7cbc5128ea92cdd84df1cbb232d6c51fd3ff6ee13154cbb0e
,,,冗余三元组,42.0,44.0,类型,enhanced_extraction,9c45dc971dcfced7ffa629586df5413654e7e0d4d70fe20a3b8d6ffae8828a31
,,,冗余三元组,6.0,7.0,类型,enhanced_extraction,58054740087239687c92a85aac286f57d4432b98f6e794aeff8ce887be05444a
,,,冗余三元组,81.0,19.0,类型,enhanced_extraction,424a7ab5fc331b3088955f01f0222ffc52df15e796e3f583de3346256a02ebf4
,,,冗余三元组,144.0,82.0,类型,enhanced_extraction,829dc6b9de974628b1637952e9aa0d02656a4f0ed141cd8a13bf5351ea6cf025
,,,冗余三元组,8.0,34.0,涉及事项,enhanced_extraction,333f492a670bb80c106cdaac3ebdcdd39702e637f379a616c408421876e55e15
,,,冗余三元组,6.0,8.0,权力类型,enhanced_extraction,32e8a27f6efa3168f7b83cec98c6c3f135d9e7ed4abe4e365bb569a11b0b970c
,,,冗余三元组,27.0,6.0,行驶主体,enhanced_extraction,b7b13c50a011b219fe1f04460bb3b4656d83ec9f16b8159ba4a55c1f47cf0dbd
,,,冗余三元组,102.0,6.0,实施依据,enhanced_extraction,065a996717cc71b4aba3de2718321386ee278d39884b7e75177374e54866e0e7
,,,冗余三元组,8.0,6.0,类型,enhanced_extraction,6fac4687d6b2fff7cbc5128ea92cdd84df1cbb232d6c51fd3ff6ee13154cbb0e
,,,冗余三元组,34.0,41.0,类型,enhanced_extraction,e1777f0d47e730c3c530c4d7a8dfb49f2fcdf7db104b98d0bf6af3d6c0e6e70a
,,,冗余三元组,27.0,46.0,类型,enhanced_extraction,b7ba73caab195a6469717ff866a3368082e834205b5a2f3392b76d710c9b855b
,,,冗余三元组,7.0,6.0,是,enhanced_extraction,2200a0831921dffb7aeae867bab55a8fb338e08dad663234d036af19f36ad136
,,,冗余三元组,81.0,8.0,行驶主体,enhanced_extraction,37cc1a08a7dd6385afd5e01a28c8b2e4d2e25c909f0e66b8b6b4696bae5d01f0
,,,冗余三元组,8.0,6.0,属于,enhanced_extraction,c18b3f309f5e1e78e302a845b3d22a3666d412c346cbe019737653739c05dc2f
,,,冗余三元组,81.0,8.0,执行,enhanced_extraction,373ef98a2aac6d3f81ec002017a37e4677e7686b804ad17a3ebaf2b0f0dafdad
,,,冗余三元组,8.0,59.0,依据,enhanced_extraction,7054a679f2771e42bc2e29f2c1f36c11b76dc8471803e456eebeb80ffc88ae4f
,,,冗余三元组,54.0,8.0,行驶主体,enhanced_extraction,bd35d43a56f546114ecf0077accb627606cbac7639319aa54e60c39e17a8aa4b
,,,冗余三元组,54.0,8.0,承办机构,enhanced_extraction,e20a54813c4d2b25317ce7a2973804f02ae20053ef3ce2b3317466bdeff2e754
,,,冗余三元组,8.0,144.0,依据,enhanced_extraction,a3a5309758f13ab02960a34f1182e16d788812f320c694c08c3ae95cbab9b338
,,,冗余三元组,8.0,6.0,类型,enhanced_extraction,6fac4687d6b2fff7cbc5128ea92cdd84df1cbb232d6c51fd3ff6ee13154cbb0e
,,,冗余三元组,57.0,41.0,类型,enhanced_extraction,4f5cb1bf05f25027fb1b0078d15fe8111f1d6908d4d354a23057eb8c8488dd2b
,,,冗余三元组,6.0,7.0,类型,enhanced_extraction,58054740087239687c92a85aac286f57d4432b98f6e794aeff8ce887be05444a
,,,冗余三元组,6.0,4.0,依据,enhanced_extraction,be54278406f96f7ff14500e4499f1e8e75422ac06396d7f85f7b4586e5bfe7a0
,,,冗余三元组,8.0,114.0,涉及事项,enhanced_extraction,5e7ce4419ae3356f89772682116daf0b5b6978c8f582e73d25bc2fce32dac784
,,,冗余三元组,6.0,8.0,权力类型,enhanced_extraction,32e8a27f6efa3168f7b83cec98c6c3f135d9e7ed4abe4e365bb569a11b0b970c
,,,冗余三元组,107.0,6.0,行驶主体,enhanced_extraction,7cadad84ef2db0b05faf15f8f710eacdb5edcd0e4e64675973174b1b2e6b0e31
,,,冗余三元组,107.0,6.0,承办机构,enhanced_extraction,b432b11dff47bdfe46e2fb9b96780fe0ed35722a2475db7128c11ce3a5b78f88
,,,冗余三元组,8.0,6.0,类型,enhanced_extraction,6fac4687d6b2fff7cbc5128ea92cdd84df1cbb232d6c51fd3ff6ee13154cbb0e
,,,冗余三元组,90.0,29.0,类型,enhanced_extraction,4126fb3bbad2c5be81f5e3daccc238cc63ba2bbb8ddcf745ba5ed2f6c112fd20
,,,冗余三元组,6.0,8.0,权力类型,enhanced_extraction,32e8a27f6efa3168f7b83cec98c6c3f135d9e7ed4abe4e365bb569a11b0b970c
,,,冗余三元组,27.0,8.0,行驶主体,enhanced_extraction,6bdc23dd0ce2ac7288c4bb62e712ce5558ef4047f87d2308cebfc9a72ca13715
,,,冗余三元组,27.0,8.0,承办机构,enhanced_extraction,6889f4ea2e4e0a8d0414afd0cc1413f9aa7f6f480f26122643ea762b8e083496
,,,冗余三元组,7.0,6.0,是,enhanced_extraction,2200a0831921dffb7aeae867bab55a8fb338e08dad663234d036af19f36ad136
,,,冗余三元组,11.0,58.0,是,enhanced_extraction,a804f79373098e5aff1ee23a077e7e6028bc0a3564536da60c3317908532d4d9
,,,冗余三元组,12.0,58.0,是,enhanced_extraction,dab5414b75f53cde5064f34fc17d90c18c4057d208f4c405cdde1c7494713085
,,,冗余三元组,3.0,55.0,是,enhanced_extraction,f52a222dde5a90e16fafde112a78ee9e3446327c13259827b96065b2063f5d30
,,,冗余三元组,58.0,8.0,承办机构,enhanced_extraction,1655806368b90c72c71a83e3444e2bf2281e4f59bb0d578d6a868c65a32e275b
,,,冗余三元组,45.0,6.0,行驶主体,enhanced_extraction,d41d3162eab0dd1019e93e479dc0bf7881a152e6329b20034766ed3267e52518
,,,冗余三元组,45.0,6.0,执行,enhanced_extraction,96c2c89a207290c4ed13f5b8b1a61bafe38676d907185122623046c220d976d3
,,,冗余三元组,6.0,8.0,权力类型,enhanced_extraction,32e8a27f6efa3168f7b83cec98c6c3f135d9e7ed4abe4e365bb569a11b0b970c
,,,冗余三元组,105.0,8.0,被金融监管处罚,enhanced_extraction,8a7723678ce7de0c0983d26ea9fb505f00c5fff78b42f0c0b5ddc4c1a645cefd
,,,冗余三元组,54.0,6.0,执行,enhanced_extraction,e0bd93ac65ebeecca4c52a83585e96aeec543062aad6808aa7f722b99e1a3430
,,,冗余三元组,8.0,112.0,包含,enhanced_extraction,ab7349500db5d3613f58ed9638925cad5884a08620019969125eafdf2d8803f7
,,,冗余三元组,7.0,6.0,是,enhanced_extraction,2200a0831921dffb7aeae867bab55a8fb338e08dad663234d036af19f36ad136
,,,冗余三元组,11.0,107.0,是,enhanced_extraction,901f76db8b62e4ffd527d4b57b3f0bff1032cab6873441370b256e3b09d0aeef
,,,冗余三元组,8.0,6.0,类型,enhanced_extraction,6fac4687d6b2fff7cbc5128ea92cdd84df1cbb232d6c51fd3ff6ee13154cbb0e
,,,冗余三元组,107.0,46.0,类型,enhanced_extraction,51e707583c753ebf5f35d307df8e47a772b7fe70e40d6f9683eabb0f5ee7a069
,,,冗余三元组,6.0,7.0,类型,enhanced_extraction,58054740087239687c92a85aac286f57d4432b98f6e794aeff8ce887be05444a
,,,冗余三元组,107.0,8.0,负责,enhanced_extraction,44a40a62539cf07dba158ea8785e2ffe2562d8d83bd79466f397704a8c3d180d
,,,冗余三元组,8.0,105.0,涉及事项,enhanced_extraction,63547c037c6074f90e935f4c9ce221f41afc9180e5eb243fae1a398614f18300
,,,冗余三元组,27.0,8.0,行驶主体,enhanced_extraction,6bdc23dd0ce2ac7288c4bb62e712ce5558ef4047f87d2308cebfc9a72ca13715
,,,冗余三元组,27.0,8.0,承办机构,enhanced_extraction,6889f4ea2e4e0a8d0414afd0cc1413f9aa7f6f480f26122643ea762b8e083496
,,,冗余三元组,8.0,6.0,类型,enhanced_extraction,6fac4687d6b2fff7cbc5128ea92cdd84df1cbb232d6c51fd3ff6ee13154cbb0e
,,,冗余三元组,8.0,102.0,实施依据,enhanced_extraction,3e6c69c6d49b97aa693f156430bcab0afbd8ae914011e4fd2d3cfe314ba5588a
,,,冗余三元组,8.0,99.0,涉及领域,enhanced_extraction,6c09a720f869955a015ff611e1f850eee8fffe084fdf9eeed95b58e7051b6a96
,,,冗余三元组,6.0,8.0,权力类型,enhanced_extraction,32e8a27f6efa3168f7b83cec98c6c3f135d9e7ed4abe4e365bb569a11b0b970c
,,,冗余三元组,27.0,8.0,行驶主体,enhanced_extraction,6bdc23dd0ce2ac7288c4bb62e712ce5558ef4047f87d2308cebfc9a72ca13715
,,,冗余三元组,27.0,8.0,承办机构,enhanced_extraction,6889f4ea2e4e0a8d0414afd0cc1413f9aa7f6f480f26122643ea762b8e083496
,,,冗余三元组,27.0,8.0,既是行驶主体也是承办机构,enhanced_extraction,d2f1e6776b8ababfaffac7ee398216df49b393188973742d5f7926493565d1e8
,,,冗余三元组,6.0,8.0,权力类型,enhanced_extraction,32e8a27f6efa3168f7b83cec98c6c3f135d9e7ed4abe4e365bb569a11b0b970c
,,,冗余三元组,81.0,8.0,行驶主体,enhanced_extraction,37cc1a08a7dd6385afd5e01a28c8b2e4d2e25c909f0e66b8b6b4696bae5d01f0
,,,冗余三元组,81.0,8.0,承办机构,enhanced_extraction,5dc9781af493a852b27a61a4730e1398193a242de1c3139e8e42d0f0c9da25af
,,,冗余三元组,81.0,8.0,行使主体,enhanced_extraction,95b2314ef37ccb89bfb237b160bf88d38b5867aa438ea47ae3778d51c052cf7d
,,,冗余三元组,6.0,8.0,类型,enhanced_extraction,21631237930754b8946c5260cded3e1fb3f82303bea8e073b32cdef549d87b05
,,,冗余三元组,7.0,6.0,是,enhanced_extraction,2200a0831921dffb7aeae867bab55a8fb338e08dad663234d036af19f36ad136
,,,冗余三元组,11.0,54.0,是,enhanced_extraction,549e416005220dc970bb51881509d18b237d0485fb6036953b0831ef8086df49
,,,冗余三元组,12.0,54.0,是,enhanced_extraction,d0e1c40ec9f02940c43a5e2c47c765d3a9681a78a0368912bf461d7f3268f4ed
,,,冗余三元组,8.0,42.0,包含,enhanced_extraction,7c7bfce33543f186dbb2ffc94fa2cb11f2cd59c8518ec0783ecc2af662878162
,,,冗余三元组,54.0,8.0,负责,enhanced_extraction,0578b0f7a341f94bac9fab50b3a0f7b9578b41a55c52c541496808273afa9a09
,,,冗余三元组,7.0,6.0,属于,enhanced_extraction,4525edb57d9094267224d08f8d7fc14cfe6596facf6d77d60072aca6a4ee20e1
,,,冗余三元组,3.0,39.0,依据,enhanced_extraction,b0c1c954b3153185643ee7a401361653e7bf6c45ba9b75392a47c726f8483289
,,,冗余三元组,11.0,107.0,是,enhanced_extraction,901f76db8b62e4ffd527d4b57b3f0bff1032cab6873441370b256e3b09d0aeef
,,,冗余三元组,12.0,107.0,是,enhanced_extraction,a5057cb3a530a4a2e8cb05bd7199affa424ff8201b222cf9a4fc8e3aff71c017
,,,冗余三元组,3.0,13.0,是,enhanced_extraction,a150f1d60aba46983435951f07eb83bff8e98c5cde9c1e2716f5873e0560979f
,,,冗余三元组,7.0,6.0,包含,enhanced_extraction,46a806ea63448f2f08c8900fa9c3721ae11132c9ecbea57b05cc442b2b6b4231
,,,冗余三元组,6.0,8.0,权力类型,enhanced_extraction,32e8a27f6efa3168f7b83cec98c6c3f135d9e7ed4abe4e365bb569a11b0b970c
,,,冗余三元组,10.0,6.0,执行,enhanced_extraction,34b8e14c27a88b936205f4cf5b3bb48643150b9da007a7e5eb82964c9f1a6ab5
,,,冗余三元组,8.0,6.0,权力类型,enhanced_extraction,f8a083553843bc10eace9a3e8ba3284e19d54e269f2f6eb5aa3a3ccfbc65d72c
,,,冗余三元组,27.0,8.0,行驶主体,enhanced_extraction,6bdc23dd0ce2ac7288c4bb62e712ce5558ef4047f87d2308cebfc9a72ca13715
,,,冗余三元组,27.0,8.0,承办机构,enhanced_extraction,6889f4ea2e4e0a8d0414afd0cc1413f9aa7f6f480f26122643ea762b8e083496
,,,冗余三元组,8.0,79.0,依据,enhanced_extraction,905b7c850ba258742dcdf494c52cbd45cbeee4dadc6f9e0e37ff3d0abe683743
,,,冗余三元组,81.0,6.0,行使,enhanced_extraction,433b4fd3abc131de7379b97b9cb3f1d1e9f0b8696243f1ffaeb7b9308125649e
,,,冗余三元组,64.0,34.0,针对,enhanced_extraction,5a57791ed25b0eaa73246175c575980dc98dcbb663a6235c72457e99b50b02e4
,,,冗余三元组,4.0,3.0,是,enhanced_extraction,350c240f357e3d3784b2bb84a4f56cc0c79c96d47a6cfda584d3aee692bddd35
,,,冗余三元组,64.0,6.0,类型,enhanced_extraction,027d988cb46d7b730a74051577834905df8857c8a1f499f8cbb72d70082a23c8
,,,冗余三元组,34.0,41.0,类型,enhanced_extraction,e1777f0d47e730c3c530c4d7a8dfb49f2fcdf7db104b98d0bf6af3d6c0e6e70a
,,,冗余三元组,6.0,7.0,类型,enhanced_extraction,58054740087239687c92a85aac286f57d4432b98f6e794aeff8ce887be05444a
,,,冗余三元组,4.0,111.0,类型,enhanced_extraction,6f10bdfbae60671006a8a26e023fabb8f98898e3f27cac4c69f629291b6dcafe
,,,冗余三元组,11.0,45.0,是,enhanced_extraction,c664012e2327d817dd45119b34384b2e7e0c179840ef85d3860982c901ad668a
,,,冗余三元组,12.0,45.0,是,enhanced_extraction,11e2c83cbe122d99717fef39c61a51edf7c8881b5b3a8d4db4f50f4e21d90133
,,,冗余三元组,7.0,6.0,是,enhanced_extraction,2200a0831921dffb7aeae867bab55a8fb338e08dad663234d036af19f36ad136
,,,冗余三元组,45.0,6.0,执行,enhanced_extraction,96c2c89a207290c4ed13f5b8b1a61bafe38676d907185122623046c220d976d3
,,,冗余三元组,8.0,57.0,涉及内容,enhanced_extraction,464fa5747b873fa044355a3fcfd127f91da662636442762707ae15e0d011707a
,,,冗余三元组,6.0,8.0,权力类型,enhanced_extraction,32e8a27f6efa3168f7b83cec98c6c3f135d9e7ed4abe4e365bb569a11b0b970c
,,,冗余三元组,27.0,8.0,行驶主体,enhanced_extraction,6bdc23dd0ce2ac7288c4bb62e712ce5558ef4047f87d2308cebfc9a72ca13715
,,,冗余三元组,27.0,8.0,承办机构,enhanced_extraction,6889f4ea2e4e0a8d0414afd0cc1413f9aa7f6f480f26122643ea762b8e083496
,,,冗余三元组,27.0,8.0,执行,enhanced_extraction,0098f38cc2022e60576cc213d8c9f18cebe66c2e7a31304f7db924d26c20b93a
,,,冗余三元组,8.0,6.0,类型,enhanced_extraction,6fac4687d6b2fff7cbc5128ea92cdd84df1cbb232d6c51fd3ff6ee13154cbb0e
,,,冗余三元组,8.0,57.0,涉及内容,enhanced_extraction,464fa5747b873fa044355a3fcfd127f91da662636442762707ae15e0d011707a
,,,冗余三元组,6.0,8.0,权力类型,enhanced_extraction,32e8a27f6efa3168f7b83cec98c6c3f135d9e7ed4abe4e365bb569a11b0b970c
,,,冗余三元组,8.0,6.0,类型,enhanced_extraction,6fac4687d6b2fff7cbc5128ea92cdd84df1cbb232d6c51fd3ff6ee13154cbb0e
,,,冗余三元组,81.0,60.0,类型,enhanced_extraction,5b8018606576ca1555d64c1eba543f6fff12ade530587bcbc7bd0b5a1cc9fbc8
,,,冗余三元组,57.0,41.0,类型,enhanced_extraction,4f5cb1bf05f25027fb1b0078d15fe8111f1d6908d4d354a23057eb8c8488dd2b
,,,冗余三元组,6.0,7.0,类型,enhanced_extraction,58054740087239687c92a85aac286f57d4432b98f6e794aeff8ce887be05444a
,,,冗余三元组,8.0,78.0,包含,enhanced_extraction,c315c8332e0b47279583d44d38d8cc7c2a4220dec25bc2767f562e0fec9e2d9b
,,,冗余三元组,8.0,78.0,针对,enhanced_extraction,b3559f61156088932a7d55412526f0ec705517a799959e0d3d5b942bc3b43a50
,,,冗余三元组,8.0,134.0,涉及内容,enhanced_extraction,f5b1ba341ce025416b9853834277f8fc65b1bd8d6d9ecd7a761863c31a8d8a12
,,,冗余三元组,7.0,6.0,类型,enhanced_extraction,5272859ffeba39ea0c18209c4b1132626ac359559543a52f190519cf9e85bf91
,,,冗余三元组,54.0,6.0,行使,enhanced_extraction,5c2993b52c01e40c2ff794f27898a156706a1b07c4a107ba14f74e0f59bef5db
,,,冗余三元组,6.0,8.0,权力类型,enhanced_extraction,32e8a27f6efa3168f7b83cec98c6c3f135d9e7ed4abe4e365bb569a11b0b970c
,,,冗余三元组,45.0,6.0,行驶主体,enhanced_extraction,d41d3162eab0dd1019e93e479dc0bf7881a152e6329b20034766ed3267e52518
,,,冗余三元组,45.0,6.0,承办机构,enhanced_extraction,112795a4651d68041634c61d9b3ce85afa401cb0cbf671dc6a96aa1ff31c0397
,,,冗余三元组,45.0,6.0,执行,enhanced_extraction,96c2c89a207290c4ed13f5b8b1a61bafe38676d907185122623046c220d976d3
,,,冗余三元组,14.0,8.0,是,enhanced_extraction,fbdd7ca9f67db87a505edbcd12f85f779c5175f8161cb1fdf53bd3401c4d49fa
,,,冗余三元组,8.0,89.0,涉及领域,enhanced_extraction,b5fcc93f4c8f3b900022adfc07f753feeff6d6c4dd5886db0b38253cb2af3f4e
,,,冗余三元组,7.0,6.0,是,enhanced_extraction,2200a0831921dffb7aeae867bab55a8fb338e08dad663234d036af19f36ad136
,,,冗余三元组,11.0,27.0,是,enhanced_extraction,7f7f12ca6562a5627998feae8e2a6667bbe3d3291d34e498e65ad39656d41b4e
,,,冗余三元组,12.0,27.0,是,enhanced_extraction,994dc78307cf3b35952e70ed194a9a8a38fc234170c752005213122d229d093d
,,,冗余三元组,7.0,6.0,类型,enhanced_extraction,5272859ffeba39ea0c18209c4b1132626ac359559543a52f190519cf9e85bf91
,,,冗余三元组,14.0,8.0,描述,enhanced_extraction,b426dd3ae54e499c31b074ee6f7774daa63ad38980445a04e739680a09533e64
,,,冗余三元组,7.0,6.0,是,enhanced_extraction,2200a0831921dffb7aeae867bab55a8fb338e08dad663234d036af19f36ad136
,,,冗余三元组,3.0,32.0,是,enhanced_extraction,88aada700139e662000f7656c0a07210375d016480f7562f444bd208adb02d84
,,,冗余三元组,54.0,6.0,行使,enhanced_extraction,5c2993b52c01e40c2ff794f27898a156706a1b07c4a107ba14f74e0f59bef5db
,,,冗余三元组,8.0,78.0,包含,enhanced_extraction,c315c8332e0b47279583d44d38d8cc7c2a4220dec25bc2767f562e0fec9e2d9b
,,,冗余三元组,3.0,90.0,是,enhanced_extraction,995e1cd77eec5e05dc7af70a9ffb37baa21b313c8925cfbe1f7332d29eda476f
,,,冗余三元组,10.0,6.0,行使,enhanced_extraction,634a7b7b1ff0138694e9b68dc00ce1defb8a97b68a7494da586c897d86487bd3
,,,冗余三元组,6.0,7.0,属于,enhanced_extraction,13bae8f9b0d126f5709ea2da6ebb32767b1b48e7575f7601bfb316fda4c34774
,,,冗余三元组,10.0,90.0,依据,enhanced_extraction,eafada03dda0b31437c955822ac105e15f0970e7f81fd36a7159d54372c2b71b
,,,冗余三元组,8.0,30.0,涉及问题,enhanced_extraction,f5912fbdcad4ff97103b0a24f78766a5f93dd6036686d146c7d69fe77d263786
,,,冗余三元组,6.0,8.0,权力类型,enhanced_extraction,32e8a27f6efa3168f7b83cec98c6c3f135d9e7ed4abe4e365bb569a11b0b970c
,,,冗余三元组,5.0,6.0,行驶主体,enhanced_extraction,5b67ac23dfad0844b288da902acb39a310c3ae5acc9739557ad43aa464c365cf
,,,冗余三元组,5.0,6.0,承办机构,enhanced_extraction,04c52c045b0856bab6bf5aa6c613f8bca18aa29ea351f668e4a92e5176be72c5
,,,冗余三元组,8.0,6.0,类型,enhanced_extraction,6fac4687d6b2fff7cbc5128ea92cdd84df1cbb232d6c51fd3ff6ee13154cbb0e
,,,冗余三元组,30.0,33.0,类型,enhanced_extraction,4d019387f57702a250634c143ed5d69740020208b5eea528780834d54c2a95e4
,,,冗余三元组,8.0,15.0,涉及行为,enhanced_extraction,051f6a4b1b9c4f0384bfd7edd39a1204c73d5933bdbddfd3dad7bcffa78384a4
,,,冗余三元组,58.0,11.0,是,enhanced_extraction,42fbc8ccf40f9db36bb499be7dad15278c00b69e7366f905d06058b6332d5fca
,,,冗余三元组,58.0,8.0,执行,enhanced_extraction,77106a541d82236668af546dcad8b6ef4c5decff4e460e127906d32ac8927d1e
,,,冗余三元组,7.0,6.0,是,enhanced_extraction,2200a0831921dffb7aeae867bab55a8fb338e08dad663234d036af19f36ad136
,,,冗余三元组,11.0,31.0,是,enhanced_extraction,dddcf513fdeeba0f49c0fa688846f14fac62a0d876e080bebd6e14d35475dfee
,,,冗余三元组,12.0,31.0,是,enhanced_extraction,d25081ca2ff71ee2a320706ed8671654e8c8ce137e4ecc1542b43564c82125b9
,,,冗余三元组,3.0,144.0,是,enhanced_extraction,5b4bc0659bed135a6e08a03cccddae9de8a69910f26413bc6a75df5388eef21b
,,,冗余三元组,31.0,6.0,执行,enhanced_extraction,fb56962707e90d41f8d0207b1cf442cf0e8651f33bb6a70d57dc98a6757b005f
,,,冗余三元组,8.0,96.0,涉及事项,enhanced_extraction,e7a1853477cdcc4aeaaf0203c8a25437be42db498136fa38eb470e0b0e1bcaea
,,,冗余三元组,6.0,8.0,权力类型,enhanced_extraction,32e8a27f6efa3168f7b83cec98c6c3f135d9e7ed4abe4e365bb569a11b0b970c
,,,冗余三元组,107.0,6.0,行驶主体,enhanced_extraction,7cadad84ef2db0b05faf15f8f710eacdb5edcd0e4e64675973174b1b2e6b0e31
,,,冗余三元组,107.0,6.0,承办机构,enhanced_extraction,b432b11dff47bdfe46e2fb9b96780fe0ed35722a2475db7128c11ce3a5b78f88
,,,冗余三元组,32.0,6.0,实施依据,enhanced_extraction,0a88a443a8d25b91a9a66e8b750358d86b658d6ba9a95598dcdf1a3caa613949
,,,冗余三元组,96.0,41.0,类型,enhanced_extraction,47cdc42e752e8ddb3f5a3a5d5945a3b217b797a87ee1942c02f533b7d54f0ff5
,,,冗余三元组,6.0,7.0,类型,enhanced_extraction,58054740087239687c92a85aac286f57d4432b98f6e794aeff8ce887be05444a
,,,冗余三元组,107.0,19.0,类型,enhanced_extraction,312a70dbb6938da88ab8b05449c8d8c251743e010805594f285bdf8a78dc8fe4
,,,冗余三元组,122.0,29.0,类型,enhanced_extraction,9c913b8612928190b331cf9b340888f31d18de8eb3710a8ba12a97f4b98f8591
,,,冗余三元组,107.0,6.0,行使主体,enhanced_extraction,2e3d04323c4ed987c247e24145f0ca73aad1ce260ad5cf3a920b6d70f65335fd
,,,冗余三元组,11.0,31.0,是,enhanced_extraction,dddcf513fdeeba0f49c0fa688846f14fac62a0d876e080bebd6e14d35475dfee
,,,冗余三元组,12.0,31.0,是,enhanced_extraction,d25081ca2ff71ee2a320706ed8671654e8c8ce137e4ecc1542b43564c82125b9
,,,冗余三元组,9.0,8.0,导致,enhanced_extraction,a89bd0b55845d26ad2804886137eca24d2b5542277a6f6f66139a11175352dd9
,,,冗余三元组,31.0,6.0,执行,enhanced_extraction,fb56962707e90d41f8d0207b1cf442cf0e8651f33bb6a70d57dc98a6757b005f
,,,冗余三元组,6.0,7.0,属于,enhanced_extraction,13bae8f9b0d126f5709ea2da6ebb32767b1b48e7575f7601bfb316fda4c34774
,,,冗余三元组,119.0,3.0,作为,enhanced_extraction,f2f06f9f7041450fd87dec9dfbf7e7b4058155380c0eefe14edf335b959871ff
,,,冗余三元组,8.0,34.0,涉及事项,enhanced_extraction,333f492a670bb80c106cdaac3ebdcdd39702e637f379a616c408421876e55e15
,,,冗余三元组,6.0,8.0,权力类型,enhanced_extraction,32e8a27f6efa3168f7b83cec98c6c3f135d9e7ed4abe4e365bb569a11b0b970c
,,,冗余三元组,10.0,8.0,行驶主体,enhanced_extraction,dbdf9013e94e2f8a4f96b11b56813f11346693a948c2638f8bc0c6bbb39b80d9
,,,冗余三元组,8.0,6.0,是,enhanced_extraction,4997c66384ce343dd4cc11f2b6c307f2294e621e3adac462eaf26d44cb04bd49
,,,冗余三元组,10.0,6.0,执行,enhanced_extraction,34b8e14c27a88b936205f4cf5b3bb48643150b9da007a7e5eb82964c9f1a6ab5
,,,冗余三元组,7.0,6.0,是,enhanced_extraction,2200a0831921dffb7aeae867bab55a8fb338e08dad663234d036af19f36ad136
,,,冗余三元组,85.0,8.0,导致,enhanced_extraction,4accd5ce0dd84f6ef12ea386fae80bb22754cda53faff1d07fe387b7a4b4f795
,,,冗余三元组,11.0,45.0,是,enhanced_extraction,c664012e2327d817dd45119b34384b2e7e0c179840ef85d3860982c901ad668a
,,,冗余三元组,12.0,45.0,是,enhanced_extraction,11e2c83cbe122d99717fef39c61a51edf7c8881b5b3a8d4db4f50f4e21d90133
,,,冗余三元组,8.0,6.0,类型,enhanced_extraction,6fac4687d6b2fff7cbc5128ea92cdd84df1cbb232d6c51fd3ff6ee13154cbb0e
,,,冗余三元组,54.0,146.0,类型,enhanced_extraction,6e0e201219918b7450d6c9d1aa49620330299bfa00658ea3386203ddf074b47a
,,,冗余三元组,8.0,102.0,依据,enhanced_extraction,4cc399bd5a62235b2ce40add5e277827cadd026237a9b3e9e12b85f941631371
,,,冗余三元组,8.0,57.0,涉及事项,enhanced_extraction,3db0bc5694d1d9f849c60ab9453590455c4d6d6088148ae3853664fc35794eab
,,,冗余三元组,6.0,8.0,权力类型,enhanced_extraction,32e8a27f6efa3168f7b83cec98c6c3f135d9e7ed4abe4e365bb569a11b0b970c
,,,冗余三元组,27.0,8.0,行驶主体,enhanced_extraction,6bdc23dd0ce2ac7288c4bb62e712ce5558ef4047f87d2308cebfc9a72ca13715
,,,冗余三元组,27.0,8.0,承办机构,enhanced_extraction,6889f4ea2e4e0a8d0414afd0cc1413f9aa7f6f480f26122643ea762b8e083496
,,,冗余三元组,8.0,6.0,类型,enhanced_extraction,6fac4687d6b2fff7cbc5128ea92cdd84df1cbb232d6c51fd3ff6ee13154cbb0e
,,,冗余三元组,8.0,39.0,实施依据,enhanced_extraction,e2fa8084aac37fd757a0e098121ce40692534f462e3e5c51ecd21b0264ade5c5
,,,冗余三元组,58.0,11.0,是,enhanced_extraction,42fbc8ccf40f9db36bb499be7dad15278c00b69e7366f905d06058b6332d5fca
,,,冗余三元组,58.0,12.0,是,enhanced_extraction,8654c5970d52793d369288112ee7cee3a9d33ee34efa7e36fad9de7b5588bba4
,,,冗余三元组,8.0,6.0,类型,enhanced_extraction,6fac4687d6b2fff7cbc5128ea92cdd84df1cbb232d6c51fd3ff6ee13154cbb0e
,,,冗余三元组,6.0,7.0,类型,enhanced_extraction,58054740087239687c92a85aac286f57d4432b98f6e794aeff8ce887be05444a
,,,冗余三元组,81.0,60.0,类型,enhanced_extraction,5b8018606576ca1555d64c1eba543f6fff12ade530587bcbc7bd0b5a1cc9fbc8
,,,冗余三元组,81.0,8.0,行使主体,enhanced_extraction,95b2314ef37ccb89bfb237b160bf88d38b5867aa438ea47ae3778d51c052cf7d
,,,冗余三元组,8.0,39.0,实施依据,enhanced_extraction,e2fa8084aac37fd757a0e098121ce40692534f462e3e5c51ecd21b0264ade5c5
,,,冗余三元组,14.0,8.0,是,enhanced_extraction,fbdd7ca9f67db87a505edbcd12f85f779c5175f8161cb1fdf53bd3401c4d49fa
,,,冗余三元组,3.0,39.0,是,enhanced_extraction,7921b0a2fec22f89fe4620bf3f7d8ab0c018f2f0b3f6bde4a935979bd3efa9d7
,,,冗余三元组,23.0,128.0,既是行驶主体也是承办机构,enhanced_extraction,ac8b291f49e80a02ee791264733d02fde2b962517a2e0addad215ce430e73723
,,,冗余三元组,8.0,6.0,权力类型,enhanced_extraction,f8a083553843bc10eace9a3e8ba3284e19d54e269f2f6eb5aa3a3ccfbc65d72c
,,,冗余三元组,54.0,6.0,行驶主体,enhanced_extraction,49a222700253b6a9fb81f9f5ca7a64ad85c42ae28cf457d49028afcf67f073cc
,,,冗余三元组,54.0,6.0,承办机构,enhanced_extraction,b4daf495a214062eb0b21dc986c49ce659f0812c28ff9ea23a2f5618a48027cd
,,,冗余三元组,59.0,6.0,实施依据,enhanced_extraction,a2d5d8c1e29f94cf877a45d19624969290b967474b02eac74893339348e6d901
,,,冗余三元组,96.0,8.0,涉及事项,enhanced_extraction,03cd015902df5c33fbc3a5c275ea5e861b08e429e2e6d8ce2bea9ddceeb859ad
,,,冗余三元组,8.0,6.0,权力类型,enhanced_extraction,f8a083553843bc10eace9a3e8ba3284e19d54e269f2f6eb5aa3a3ccfbc65d72c
,,,冗余三元组,7.0,6.0,是,enhanced_extraction,2200a0831921dffb7aeae867bab55a8fb338e08dad663234d036af19f36ad136
,,,冗余三元组,11.0,54.0,是,enhanced_extraction,549e416005220dc970bb51881509d18b237d0485fb6036953b0831ef8086df49
,,,冗余三元组,12.0,54.0,是,enhanced_extraction,d0e1c40ec9f02940c43a5e2c47c765d3a9681a78a0368912bf461d7f3268f4ed
,,,冗余三元组,3.0,43.0,是,enhanced_extraction,3f52ba843d1eea5676245988d7c6e5345710090cc764e4771f0b92cf3ff0c680
,,,冗余三元组,54.0,19.0,类型,enhanced_extraction,a00bbd16924a2f74e853ebb9b5680d2e957ac364643937685fa24653e3758835
,,,冗余三元组,43.0,82.0,类型,enhanced_extraction,5047fb1aa1154487c23681fe90bf0ff01799fd8a7d1f06769440ba0b6f5e7d15
,,,冗余三元组,14.0,20.0,类型,enhanced_extraction,1743010fefbfa3cadde9118558a0e938848ebe24af9ac4461f3db206354e27cc
,,,冗余三元组,96.0,41.0,类型,enhanced_extraction,47cdc42e752e8ddb3f5a3a5d5945a3b217b797a87ee1942c02f533b7d54f0ff5
,,,冗余三元组,7.0,75.0,类型,enhanced_extraction,1c1d55a580615794605e532c034ad6f125769a2bcfb10a6d649d810b0f70cc1c
,,,冗余三元组,12.0,19.0,类型,enhanced_extraction,cff59af3ab539c6c0c8b44d30c6d8a017cb72fb5fdc54bfecab04f8eb47e72e4
,,,冗余三元组,3.0,63.0,类型,enhanced_extraction,421144dd8c2ce8df35f4cf5b3a63050637053efcf5ad8f11e44388cee0ee9d77
,,,冗余三元组,45.0,6.0,行使,enhanced_extraction,af813577dc100e2f41a30502a8be5b6859f01de7624dfba0238af67ed077f3e0
,,,冗余三元组,8.0,71.0,包含,enhanced_extraction,8fd01e89d39152067d75f5388ddba5cb4ed835216881d1f230267c80d2148308
,,,冗余三元组,8.0,166.0,涉及内容,enhanced_extraction,439d4f88c512f7ec0779b14e177917a17e778c51dcfdc048f2abb882856082a0
,,,冗余三元组,7.0,6.0,类型,enhanced_extraction,5272859ffeba39ea0c18209c4b1132626ac359559543a52f190519cf9e85bf91
,,,冗余三元组,8.0,6.0,类型,enhanced_extraction,6fac4687d6b2fff7cbc5128ea92cdd84df1cbb232d6c51fd3ff6ee13154cbb0e
,,,冗余三元组,6.0,7.0,类型,enhanced_extraction,58054740087239687c92a85aac286f57d4432b98f6e794aeff8ce887be05444a
,,,冗余三元组,144.0,82.0,类型,enhanced_extraction,829dc6b9de974628b1637952e9aa0d02656a4f0ed141cd8a13bf5351ea6cf025
,,,冗余三元组,45.0,8.0,行驶主体,enhanced_extraction,9e21e8794ecff17057a8cfc6619ef8d0b5bb3faba963dcb12c6a0a7b888f83fa
,,,冗余三元组,45.0,8.0,承办机构,enhanced_extraction,44b09becce10890a28af71b1b655d2964a80aa554a2a9cff154f3352aebfa9b9
,,,冗余三元组,8.0,144.0,依据,enhanced_extraction,a3a5309758f13ab02960a34f1182e16d788812f320c694c08c3ae95cbab9b338
,,,冗余三元组,8.0,112.0,包含,enhanced_extraction,ab7349500db5d3613f58ed9638925cad5884a08620019969125eafdf2d8803f7
,,,冗余三元组,7.0,6.0,是,enhanced_extraction,2200a0831921dffb7aeae867bab55a8fb338e08dad663234d036af19f36ad136
,,,冗余三元组,3.0,73.0,是,enhanced_extraction,40f2a35de569d5a8b6543a08fe02dff64e1b2c1955f4df1c476783878a9a523c
,,,冗余三元组,8.0,6.0,类型,enhanced_extraction,6fac4687d6b2fff7cbc5128ea92cdd84df1cbb232d6c51fd3ff6ee13154cbb0e
,,,冗余三元组,7.0,8.0,属于,enhanced_extraction,6e9fce76b8a3959fa683b18e85eaf952071bfa689c4a9f8fec41f97c8af8b594
,,,冗余三元组,8.0,45.0,由,enhanced_extraction,5f12e9445e54c96631a9d8c16e7664dcbbdd20808282623451554a5427387c49
,,,冗余三元组,45.0,11.0,是,enhanced_extraction,11f0d753a25f698cc98fdaa8a0e7b3d0bf2d74db0f0fc40b93e1883e78c41ecd
,,,冗余三元组,45.0,12.0,是,enhanced_extraction,5107da40146050df66cbc8b4419824364656c376c32fed52b61d92c2b5abcb85
,,,冗余三元组,64.0,6.0,类型,enhanced_extraction,027d988cb46d7b730a74051577834905df8857c8a1f499f8cbb72d70082a23c8
,,,冗余三元组,11.0,19.0,类型,enhanced_extraction,e43400f439abb0a0c41a3cd3c4ad219b85cb1b0fa17c97bd3c2590e4409af3f4
,,,冗余三元组,12.0,19.0,类型,enhanced_extraction,cff59af3ab539c6c0c8b44d30c6d8a017cb72fb5fdc54bfecab04f8eb47e72e4
,,,冗余三元组,45.0,128.0,既是行驶主体也是承办机构,enhanced_extraction,2b222273b7fe5b5d2fb71d9cdb37498076a80589d2e3b92d6b037124c81f3a89
,,,冗余三元组,7.0,6.0,是,enhanced_extraction,2200a0831921dffb7aeae867bab55a8fb338e08dad663234d036af19f36ad136
,,,冗余三元组,11.0,58.0,是,enhanced_extraction,a804f79373098e5aff1ee23a077e7e6028bc0a3564536da60c3317908532d4d9
,,,冗余三元组,12.0,58.0,是,enhanced_extraction,dab5414b75f53cde5064f34fc17d90c18c4057d208f4c405cdde1c7494713085
,,,冗余三元组,7.0,6.0,属于,enhanced_extraction,4525edb57d9094267224d08f8d7fc14cfe6596facf6d77d60072aca6a4ee20e1
,,,冗余三元组,14.0,8.0,是,enhanced_extraction,fbdd7ca9f67db87a505edbcd12f85f779c5175f8161cb1fdf53bd3401c4d49fa
,,,冗余三元组,8.0,85.0,涉及问题,enhanced_extraction,edd509344f5e42e9dc35d29af306881e40ebcc8ef81b421f0acccc300f156d02
,,,冗余三元组,7.0,6.0,是,enhanced_extraction,2200a0831921dffb7aeae867bab55a8fb338e08dad663234d036af19f36ad136
,,,冗余三元组,11.0,121.0,是,enhanced_extraction,fdb2f28c3758f02cf8d7ba6827b5df986e79dbfc7b61f911b609d5a347258781
,,,冗余三元组,85.0,8.0,导致,enhanced_extraction,4accd5ce0dd84f6ef12ea386fae80bb22754cda53faff1d07fe387b7a4b4f795
,,,冗余三元组,6.0,8.0,权力类型,enhanced_extraction,32e8a27f6efa3168f7b83cec98c6c3f135d9e7ed4abe4e365bb569a11b0b970c
,,,冗余三元组,27.0,8.0,行驶主体,enhanced_extraction,6bdc23dd0ce2ac7288c4bb62e712ce5558ef4047f87d2308cebfc9a72ca13715
,,,冗余三元组,27.0,8.0,承办机构,enhanced_extraction,6889f4ea2e4e0a8d0414afd0cc1413f9aa7f6f480f26122643ea762b8e083496
,,,冗余三元组,8.0,105.0,涉及事项,enhanced_extraction,63547c037c6074f90e935f4c9ce221f41afc9180e5eb243fae1a398614f18300
,,,冗余三元组,8.0,59.0,依据,enhanced_extraction,7054a679f2771e42bc2e29f2c1f36c11b76dc8471803e456eebeb80ffc88ae4f
,,,冗余三元组,8.0,6.0,类型,enhanced_extraction,6fac4687d6b2fff7cbc5128ea92cdd84df1cbb232d6c51fd3ff6ee13154cbb0e
,,,冗余三元组,28.0,29.0,类型,enhanced_extraction,0356e55972c271a9a205bc5cc983108b63d5eec1414ff6a712213ba8addadce4
,,,冗余三元组,6.0,8.0,权力类型,enhanced_extraction,32e8a27f6efa3168f7b83cec98c6c3f135d9e7ed4abe4e365bb569a11b0b970c
,,,冗余三元组,5.0,6.0,行使主体,enhanced_extraction,373a4914a932c4ecca464baeb6317a3d9cc6cfa0c7265e5437823cae7c48841d
,,,冗余三元组,6.0,5.0,执行者,enhanced_extraction,e0ff8ee12086dbebdde76bdf37d086600457781b9f73df00cc0e10d6e9baf017
,,,冗余三元组,107.0,8.0,行驶主体,enhanced_extraction,481e5b01de3af0447ae4a9e865ff74b3cd34b97d2ad7387946f33caab52213f9
,,,冗余三元组,107.0,8.0,承办机构,enhanced_extraction,0c5403f911140ecebc4f8e2ecc28dca1f99b8fcd49d1ac97f8a9da2729f54a0d
,,,冗余三元组,107.0,8.0,负责,enhanced_extraction,44a40a62539cf07dba158ea8785e2ffe2562d8d83bd79466f397704a8c3d180d
,,,冗余三元组,8.0,6.0,类型,enhanced_extraction,6fac4687d6b2fff7cbc5128ea92cdd84df1cbb232d6c51fd3ff6ee13154cbb0e
,,,冗余三元组,8.0,6.0,属于,enhanced_extraction,c18b3f309f5e1e78e302a845b3d22a3666d412c346cbe019737653739c05dc2f
,,,冗余三元组,11.0,58.0,是,enhanced_extraction,a804f79373098e5aff1ee23a077e7e6028bc0a3564536da60c3317908532d4d9
,,,冗余三元组,12.0,58.0,是,enhanced_extraction,dab5414b75f53cde5064f34fc17d90c18c4057d208f4c405cdde1c7494713085
,,,冗余三元组,7.0,6.0,是,enhanced_extraction,2200a0831921dffb7aeae867bab55a8fb338e08dad663234d036af19f36ad136
,,,冗余三元组,7.0,6.0,是,enhanced_extraction,2200a0831921dffb7aeae867bab55a8fb338e08dad663234d036af19f36ad136
,,,冗余三元组,8.0,6.0,类型,enhanced_extraction,6fac4687d6b2fff7cbc5128ea92cdd84df1cbb232d6c51fd3ff6ee13154cbb0e
,,,冗余三元组,85.0,44.0,类型,enhanced_extraction,845fb07fa856d659e4c932397a955de08a0127115dacd7529a0bee94f1dfce50
,,,冗余三元组,6.0,7.0,类型,enhanced_extraction,58054740087239687c92a85aac286f57d4432b98f6e794aeff8ce887be05444a
,,,冗余三元组,45.0,8.0,行驶主体,enhanced_extraction,9e21e8794ecff17057a8cfc6619ef8d0b5bb3faba963dcb12c6a0a7b888f83fa
,,,冗余三元组,45.0,8.0,承办机构,enhanced_extraction,44b09becce10890a28af71b1b655d2964a80aa554a2a9cff154f3352aebfa9b9
,,,冗余三元组,39.0,8.0,实施依据,enhanced_extraction,4c5b43915c13ecf69552e55e9d4114e4b8c26909883c9c38e16f4f6c63eb0682
,,,冗余三元组,7.0,38.0,是,enhanced_extraction,95165d2636832abcf24083e55309ed4af01b81c9997ea0cbc8f01c6d551c8451
,,,冗余三元组,12.0,107.0,是,enhanced_extraction,a5057cb3a530a4a2e8cb05bd7199affa424ff8201b222cf9a4fc8e3aff71c017
,,,冗余三元组,3.0,144.0,是,enhanced_extraction,5b4bc0659bed135a6e08a03cccddae9de8a69910f26413bc6a75df5388eef21b
,,,冗余三元组,7.0,6.0,是,enhanced_extraction,2200a0831921dffb7aeae867bab55a8fb338e08dad663234d036af19f36ad136
,,,冗余三元组,12.0,58.0,是,enhanced_extraction,dab5414b75f53cde5064f34fc17d90c18c4057d208f4c405cdde1c7494713085
,,,冗余三元组,3.0,55.0,是,enhanced_extraction,f52a222dde5a90e16fafde112a78ee9e3446327c13259827b96065b2063f5d30
,,,冗余三元组,56.0,6.0,类型,enhanced_extraction,b714992c965e122d9083c5a3d2eb1edf77574f01085144d00c032b7c52ce0e34
,,,冗余三元组,6.0,7.0,类型,enhanced_extraction,58054740087239687c92a85aac286f57d4432b98f6e794aeff8ce887be05444a
,,,冗余三元组,58.0,60.0,类型,enhanced_extraction,68467c6f115cf9567d4a71b92ca424fc387cea869024bf0e007eadb7b5eac62d
,,,冗余三元组,102.0,47.0,类型,enhanced_extraction,e7cf78b328fce0a77812cfff861d23cef90537b5223e0e4be388961841b30d41
,,,冗余三元组,14.0,8.0,是,enhanced_extraction,fbdd7ca9f67db87a505edbcd12f85f779c5175f8161cb1fdf53bd3401c4d49fa
,,,冗余三元组,8.0,85.0,涉及问题,enhanced_extraction,edd509344f5e42e9dc35d29af306881e40ebcc8ef81b421f0acccc300f156d02
,,,冗余三元组,7.0,6.0,是,enhanced_extraction,2200a0831921dffb7aeae867bab55a8fb338e08dad663234d036af19f36ad136
,,,冗余三元组,3.0,4.0,是,enhanced_extraction,d08580506622eb3b009abbcab184c7d6527dc171bbca042f5d2132b53eb48841
,,,冗余三元组,14.0,8.0,类型,enhanced_extraction,7273d19977cc2617ab06d2805641bc4e68275aeed1c4b30b14fa59f28bb64a9a
,,,冗余三元组,8.0,6.0,类型,enhanced_extraction,6fac4687d6b2fff7cbc5128ea92cdd84df1cbb232d6c51fd3ff6ee13154cbb0e
,,,冗余三元组,7.0,6.0,类型,enhanced_extraction,5272859ffeba39ea0c18209c4b1132626ac359559543a52f190519cf9e85bf91
,,,冗余三元组,27.0,8.0,行驶主体,enhanced_extraction,6bdc23dd0ce2ac7288c4bb62e712ce5558ef4047f87d2308cebfc9a72ca13715
,,,冗余三元组,27.0,8.0,承办机构,enhanced_extraction,6889f4ea2e4e0a8d0414afd0cc1413f9aa7f6f480f26122643ea762b8e083496
,,,冗余三元组,11.0,107.0,是,enhanced_extraction,901f76db8b62e4ffd527d4b57b3f0bff1032cab6873441370b256e3b09d0aeef
,,,冗余三元组,12.0,107.0,是,enhanced_extraction,a5057cb3a530a4a2e8cb05bd7199affa424ff8201b222cf9a4fc8e3aff71c017
,,,冗余三元组,3.0,13.0,是,enhanced_extraction,a150f1d60aba46983435951f07eb83bff8e98c5cde9c1e2716f5873e0560979f
,,,冗余三元组,107.0,8.0,负责,enhanced_extraction,44a40a62539cf07dba158ea8785e2ffe2562d8d83bd79466f397704a8c3d180d
,,,冗余三元组,7.0,6.0,类型,enhanced_extraction,5272859ffeba39ea0c18209c4b1132626ac359559543a52f190519cf9e85bf91
,,,冗余三元组,8.0,37.0,涉及事项,enhanced_extraction,a3568f2e329e6c677aa65af4a20f8c9617754513fef947c68c5dd13f814414d4
,,,冗余三元组,27.0,8.0,行驶主体,enhanced_extraction,6bdc23dd0ce2ac7288c4bb62e712ce5558ef4047f87d2308cebfc9a72ca13715
,,,冗余三元组,27.0,8.0,承办机构,enhanced_extraction,6889f4ea2e4e0a8d0414afd0cc1413f9aa7f6f480f26122643ea762b8e083496
,,,冗余三元组,27.0,8.0,执行,enhanced_extraction,0098f38cc2022e60576cc213d8c9f18cebe66c2e7a31304f7db924d26c20b93a
,,,冗余三元组,8.0,105.0,涉及事项,enhanced_extraction,63547c037c6074f90e935f4c9ce221f41afc9180e5eb243fae1a398614f18300
,,,冗余三元组,6.0,8.0,权力类型,enhanced_extraction,32e8a27f6efa3168f7b83cec98c6c3f135d9e7ed4abe4e365bb569a11b0b970c
,,,冗余三元组,45.0,8.0,行驶主体,enhanced_extraction,9e21e8794ecff17057a8cfc6619ef8d0b5bb3faba963dcb12c6a0a7b888f83fa
,,,冗余三元组,45.0,8.0,承办机构,enhanced_extraction,44b09becce10890a28af71b1b655d2964a80aa554a2a9cff154f3352aebfa9b9
,,,冗余三元组,8.0,6.0,类型,enhanced_extraction,6fac4687d6b2fff7cbc5128ea92cdd84df1cbb232d6c51fd3ff6ee13154cbb0e
,,,冗余三元组,8.0,6.0,类型,enhanced_extraction,6fac4687d6b2fff7cbc5128ea92cdd84df1cbb232d6c51fd3ff6ee13154cbb0e
,,,冗余三元组,54.0,19.0,类型,enhanced_extraction,a00bbd16924a2f74e853ebb9b5680d2e957ac364643937685fa24653e3758835
,,,冗余三元组,6.0,7.0,类型,enhanced_extraction,58054740087239687c92a85aac286f57d4432b98f6e794aeff8ce887be05444a
,,,冗余三元组,14.0,20.0,类型,enhanced_extraction,1743010fefbfa3cadde9118558a0e938848ebe24af9ac4461f3db206354e27cc
,,,冗余三元组,11.0,175.0,类型,enhanced_extraction,dda147a5d04d7d7cbfe7f403462130ab251cf9166c540f55a583c6989b3b743c
,,,冗余三元组,6.0,7.0,包含,enhanced_extraction,6cbf562d4e69c9927e48a33c857d2b9a135bcc505f083109c9a07ffdc6293668
,,,冗余三元组,8.0,99.0,涉及领域,enhanced_extraction,6c09a720f869955a015ff611e1f850eee8fffe084fdf9eeed95b58e7051b6a96
,,,冗余三元组,6.0,8.0,权力类型,enhanced_extraction,32e8a27f6efa3168f7b83cec98c6c3f135d9e7ed4abe4e365bb569a11b0b970c
,,,冗余三元组,8.0,6.0,类型,enhanced_extraction,6fac4687d6b2fff7cbc5128ea92cdd84df1cbb232d6c51fd3ff6ee13154cbb0e
,,,冗余三元组,31.0,8.0,执行,enhanced_extraction,15cdaef0625b5d7d6101551ddfa17e9e928271b9e3aae01e6ede323353af59ae
,,,冗余三元组,6.0,8.0,权力类型,enhanced_extraction,32e8a27f6efa3168f7b83cec98c6c3f135d9e7ed4abe4e365bb569a11b0b970c
,,,冗余三元组,58.0,8.0,行驶主体,enhanced_extraction,583d29fb9a2c7fea7396e8bf2437620befc57df279bf2449dfee2b2944fc60e2
,,,冗余三元组,6.0,8.0,类型,enhanced_extraction,21631237930754b8946c5260cded3e1fb3f82303bea8e073b32cdef549d87b05
,,,冗余三元组,58.0,8.0,行使主体,enhanced_extraction,dda62f952b6218ef7cdc73f368ddd74f16391dd7853b3e246491e9c7c30d73fb
,,,冗余三元组,6.0,8.0,权力类型,enhanced_extraction,32e8a27f6efa3168f7b83cec98c6c3f135d9e7ed4abe4e365bb569a11b0b970c
,,,冗余三元组,31.0,6.0,行驶主体,enhanced_extraction,c863fab255b083144e7502cd8b242274faeae8689d30ee563450b7eb63220cf6
,,,冗余三元组,31.0,6.0,承办机构,enhanced_extraction,4e0b692b485a8f361ee03fd540bafbbdbc9d562372b29b464a10db6c95f16174
,,,冗余三元组,32.0,6.0,实施依据,enhanced_extraction,0a88a443a8d25b91a9a66e8b750358d86b658d6ba9a95598dcdf1a3caa613949
,,,冗余三元组,11.0,31.0,是,enhanced_extraction,dddcf513fdeeba0f49c0fa688846f14fac62a0d876e080bebd6e14d35475dfee
,,,冗余三元组,12.0,31.0,是,enhanced_extraction,d25081ca2ff71ee2a320706ed8671654e8c8ce137e4ecc1542b43564c82125b9
,,,冗余三元组,3.0,90.0,是,enhanced_extraction,995e1cd77eec5e05dc7af70a9ffb37baa21b313c8925cfbe1f7332d29eda476f
,,,冗余三元组,8.0,65.0,涉及,enhanced_extraction,d1b4b9f73707ba7097a5d349ebe49646edeeac6d0dc53e12a33d46aff2bde77e
,,,冗余三元组,7.0,6.0,属于,enhanced_extraction,4525edb57d9094267224d08f8d7fc14cfe6596facf6d77d60072aca6a4ee20e1
,,,冗余三元组,31.0,8.0,执行,enhanced_extraction,15cdaef0625b5d7d6101551ddfa17e9e928271b9e3aae01e6ede323353af59ae
,,,冗余三元组,31.0,90.0,依据,enhanced_extraction,02381f71427e3a1d5b4e40417c28624e6da8802f5544bb4b211bf58e62ea4538
,,,冗余三元组,8.0,78.0,包含,enhanced_extraction,c315c8332e0b47279583d44d38d8cc7c2a4220dec25bc2767f562e0fec9e2d9b
,,,冗余三元组,7.0,6.0,是,enhanced_extraction,2200a0831921dffb7aeae867bab55a8fb338e08dad663234d036af19f36ad136
,,,冗余三元组,11.0,23.0,是,enhanced_extraction,2dd2c40157fd1af558a48083601bc018aed6d4f9e298f4c1091193e796fee7f3
,,,冗余三元组,12.0,23.0,是,enhanced_extraction,52bcd0c4f5ced21567f727c7b9cf51fc071119c7ec568c9516d144c5549472e0
,,,冗余三元组,3.0,32.0,是,enhanced_extraction,88aada700139e662000f7656c0a07210375d016480f7562f444bd208adb02d84
,,,冗余三元组,8.0,6.0,类型,enhanced_extraction,6fac4687d6b2fff7cbc5128ea92cdd84df1cbb232d6c51fd3ff6ee13154cbb0e
,,,冗余三元组,144.0,82.0,是,enhanced_extraction,f948cf52c38c118079fff5d929d941d6c06d25d49b22fa63b1ae444c03be0733
,,,冗余三元组,31.0,6.0,行使,enhanced_extraction,736d6c98997a3408044c824a260bb855508a1d3ef704371d2cef0d4521ae4e54
,,,冗余三元组,3.0,32.0,是,enhanced_extraction,88aada700139e662000f7656c0a07210375d016480f7562f444bd208adb02d84
,,,冗余三元组,54.0,8.0,执行,enhanced_extraction,8b158f225c18632f8eca1fc708a69f61f4799eafa4e25b8e772274c0192c1736
,,,冗余三元组,8.0,6.0,权力类型,enhanced_extraction,f8a083553843bc10eace9a3e8ba3284e19d54e269f2f6eb5aa3a3ccfbc65d72c
,,,冗余三元组,8.0,124.0,基于,enhanced_extraction,9b575ea5b39ff15da82e457bfd7571aa4a327559666d5b341a5fc81ccab3ecc4
,,,冗余三元组,8.0,6.0,类型,enhanced_extraction,6fac4687d6b2fff7cbc5128ea92cdd84df1cbb232d6c51fd3ff6ee13154cbb0e
,,,冗余三元组,107.0,19.0,类型,enhanced_extraction,312a70dbb6938da88ab8b05449c8d8c251743e010805594f285bdf8a78dc8fe4
,,,冗余三元组,39.0,82.0,类型,enhanced_extraction,6c03268e7e15cbe94ab86468874a789d0b64aa86d23565c417e9a73628f87fe4
,,,冗余三元组,124.0,41.0,类型,enhanced_extraction,cd825aed915fb14507978059d72e022811841283c9f4e8580667add0e06aa89f
,,,冗余三元组,39.0,3.0,作为,enhanced_extraction,dd39c105cb46a4d8b2efa6e230329b00486b35bc030f7c8856746d07ccba7f6c
,,,冗余三元组,8.0,166.0,涉及内容,enhanced_extraction,439d4f88c512f7ec0779b14e177917a17e778c51dcfdc048f2abb882856082a0
,,,冗余三元组,6.0,8.0,权力类型,enhanced_extraction,32e8a27f6efa3168f7b83cec98c6c3f135d9e7ed4abe4e365bb569a11b0b970c
,,,冗余三元组,10.0,8.0,行驶主体,enhanced_extraction,dbdf9013e94e2f8a4f96b11b56813f11346693a948c2638f8bc0c6bbb39b80d9
,,,冗余三元组,10.0,8.0,承办机构,enhanced_extraction,9099513cb23185a724b8a4ac96c8da632244c7a5c49e3b156cd98811a5707847
,,,冗余三元组,39.0,8.0,实施依据,enhanced_extraction,4c5b43915c13ecf69552e55e9d4114e4b8c26909883c9c38e16f4f6c63eb0682
,,,冗余三元组,8.0,37.0,涉及事项,enhanced_extraction,a3568f2e329e6c677aa65af4a20f8c9617754513fef947c68c5dd13f814414d4
,,,冗余三元组,6.0,8.0,权力类型,enhanced_extraction,32e8a27f6efa3168f7b83cec98c6c3f135d9e7ed4abe4e365bb569a11b0b970c
,,,冗余三元组,8.0,6.0,类型,enhanced_extraction,6fac4687d6b2fff7cbc5128ea92cdd84df1cbb232d6c51fd3ff6ee13154cbb0e
,,,冗余三元组,37.0,41.0,类型,enhanced_extraction,6a59ca00f652cc91531000d2e22cf7b60ea17feef4e1bbf66d48d6fb92da1233
,,,冗余三元组,6.0,7.0,类型,enhanced_extraction,58054740087239687c92a85aac286f57d4432b98f6e794aeff8ce887be05444a
,,,冗余三元组,81.0,83.0,既是,enhanced_extraction,7a1f1d335d3caccf390282d9eb0f2fa8bcd5954fb95a44193714ec2ace68d5d4
,,,冗余三元组,6.0,8.0,权力类型,enhanced_extraction,32e8a27f6efa3168f7b83cec98c6c3f135d9e7ed4abe4e365bb569a11b0b970c
,,,冗余三元组,81.0,8.0,行驶主体,enhanced_extraction,37cc1a08a7dd6385afd5e01a28c8b2e4d2e25c909f0e66b8b6b4696bae5d01f0
,,,冗余三元组,81.0,8.0,承办机构,enhanced_extraction,5dc9781af493a852b27a61a4730e1398193a242de1c3139e8e42d0f0c9da25af
,,,冗余三元组,8.0,6.0,类型,enhanced_extraction,6fac4687d6b2fff7cbc5128ea92cdd84df1cbb232d6c51fd3ff6ee13154cbb0e
,,,冗余三元组,14.0,8.0,是,enhanced_extraction,fbdd7ca9f67db87a505edbcd12f85f779c5175f8161cb1fdf53bd3401c4d49fa
,,,冗余三元组,11.0,163.0,是,enhanced_extraction,ebe06d448613df47ed7e9081be1ad6e89b0cca1f74ba3de9db02f98e9c5036d4
,,,冗余三元组,3.0,4.0,是,enhanced_extraction,d08580506622eb3b009abbcab184c7d6527dc171bbca042f5d2132b53eb48841
,,,冗余三元组,8.0,6.0,权力类型,enhanced_extraction,f8a083553843bc10eace9a3e8ba3284e19d54e269f2f6eb5aa3a3ccfbc65d72c
,,,冗余三元组,58.0,6.0,行驶主体,enhanced_extraction,8c40dfa07e2688c320ea6dffc5b8297f8be09c6561a6878fd9bfac742304ef9c
,,,冗余三元组,13.0,6.0,实施依据,enhanced_extraction,759c3454b6e17ae64b27530f16a251b039ceccf2714035c3ee5775addb7d2910
,,,冗余三元组,8.0,6.0,权力类型,enhanced_extraction,f8a083553843bc10eace9a3e8ba3284e19d54e269f2f6eb5aa3a3ccfbc65d72c
,,,冗余三元组,8.0,114.0,包含,enhanced_extraction,382a67015b365711c8883e0abc789cc8f2ec65c2452223919a0fee48131c7fca
,,,冗余三元组,3.0,13.0,是,enhanced_extraction,a150f1d60aba46983435951f07eb83bff8e98c5cde9c1e2716f5873e0560979f
,,,冗余三元组,54.0,6.0,行使,enhanced_extraction,5c2993b52c01e40c2ff794f27898a156706a1b07c4a107ba14f74e0f59bef5db
,,,冗余三元组,6.0,8.0,权力类型,enhanced_extraction,32e8a27f6efa3168f7b83cec98c6c3f135d9e7ed4abe4e365bb569a11b0b970c
,,,冗余三元组,43.0,8.0,实施依据,enhanced_extraction,37e6be52338f01547e3042e55f8af4b73b89c9dacfb5fd9ad95e3d4dc4760705
,,,冗余三元组,54.0,6.0,行驶主体,enhanced_extraction,49a222700253b6a9fb81f9f5ca7a64ad85c42ae28cf457d49028afcf67f073cc
,,,冗余三元组,54.0,6.0,承办机构,enhanced_extraction,b4daf495a214062eb0b21dc986c49ce659f0812c28ff9ea23a2f5618a48027cd
,,,冗余三元组,54.0,6.0,负责,enhanced_extraction,57d6ad873c4d82e5027e8cc997d00b74ad009d6e6d83c5b633cf437d78856c0d
,,,冗余三元组,54.0,4.0,依据,enhanced_extraction,2aaf4ac3381330213a93b5703e059214d68a16ad4199a862ac896c91fee35c8e
,,,冗余三元组,7.0,6.0,类型,enhanced_extraction,5272859ffeba39ea0c18209c4b1132626ac359559543a52f190519cf9e85bf91
,,,冗余三元组,8.0,48.0,涉及,enhanced_extraction,40e72ff42ad2140befef6f7c0dd88d3666cfb6b48fccf098d2cd6a1857cc7f3e
,,,冗余三元组,3.0,32.0,是,enhanced_extraction,88aada700139e662000f7656c0a07210375d016480f7562f444bd208adb02d84
,,,冗余三元组,112.0,18.0,类型,enhanced_extraction,e07e18dafd54928367b15fea2a5f025436cadda0ba61033c56798a59fe88ad85
,,,冗余三元组,6.0,7.0,类型,enhanced_extraction,58054740087239687c92a85aac286f57d4432b98f6e794aeff8ce887be05444a
,,,冗余三元组,5.0,19.0,类型,enhanced_extraction,a56e1655cb02926994a07927b302525be60390340a62289af93ccd13b4ece228
,,,冗余三元组,122.0,29.0,类型,enhanced_extraction,9c913b8612928190b331cf9b340888f31d18de8eb3710a8ba12a97f4b98f8591
,,,冗余三元组,14.0,131.0,是,enhanced_extraction,c1eb9037f2f2a5f51b182139bda3797047d1982052bddc81a8a8d865289debb2
,,,冗余三元组,8.0,6.0,类型,enhanced_extraction,6fac4687d6b2fff7cbc5128ea92cdd84df1cbb232d6c51fd3ff6ee13154cbb0e
,,,冗余三元组,107.0,46.0,类型,enhanced_extraction,51e707583c753ebf5f35d307df8e47a772b7fe70e40d6f9683eabb0f5ee7a069
,,,冗余三元组,144.0,47.0,类型,enhanced_extraction,9f8d156b0f38847ce4d1fefe4308c19628202fef323055ece38af518248149d9
,,,冗余三元组,5.0,6.0,行使主体,enhanced_extraction,373a4914a932c4ecca464baeb6317a3d9cc6cfa0c7265e5437823cae7c48841d
,,,冗余三元组,11.0,27.0,是,enhanced_extraction,7f7f12ca6562a5627998feae8e2a6667bbe3d3291d34e498e65ad39656d41b4e
,,,冗余三元组,12.0,27.0,是,enhanced_extraction,994dc78307cf3b35952e70ed194a9a8a38fc234170c752005213122d229d093d
,,,冗余三元组,52.0,99.0,涉及,enhanced_extraction,03fcb5bcc72c1e0606649b759346a828db1f58da7e4374524a84fa0c9a6df23f
,,,冗余三元组,7.0,6.0,是,enhanced_extraction,2200a0831921dffb7aeae867bab55a8fb338e08dad663234d036af19f36ad136
,,,冗余三元组,54.0,6.0,行使权力类型,enhanced_extraction,11dc08391017735227c54372fd3646612533f0ace76801d9de324e9dc04ee07d
,,,冗余三元组,3.0,144.0,是,enhanced_extraction,5b4bc0659bed135a6e08a03cccddae9de8a69910f26413bc6a75df5388eef21b
,,,冗余三元组,7.0,6.0,定义为,enhanced_extraction,e79db4611fa164018e2d2371b8625b109f54ec7c6760cae9804f0613c92e39ec
,,,冗余三元组,27.0,8.0,行驶主体,enhanced_extraction,6bdc23dd0ce2ac7288c4bb62e712ce5558ef4047f87d2308cebfc9a72ca13715
,,,冗余三元组,27.0,8.0,承办机构,enhanced_extraction,6889f4ea2e4e0a8d0414afd0cc1413f9aa7f6f480f26122643ea762b8e083496
,,,冗余三元组,8.0,79.0,依据,enhanced_extraction,905b7c850ba258742dcdf494c52cbd45cbeee4dadc6f9e0e37ff3d0abe683743
,,,冗余三元组,27.0,8.0,行使主体,enhanced_extraction,1e9ba86ce3668c3b4e43d319a9e34fe901f3c038ec652a85a9fc402db388b1ae
,,,冗余三元组,8.0,6.0,类型,enhanced_extraction,6fac4687d6b2fff7cbc5128ea92cdd84df1cbb232d6c51fd3ff6ee13154cbb0e
,,,冗余三元组,8.0,115.0,涉及问题,enhanced_extraction,697a5b6ba1f6db911a729da772b69bc7092cfcc28091d451f411adf62d985843
,,,冗余三元组,6.0,8.0,权力类型,enhanced_extraction,32e8a27f6efa3168f7b83cec98c6c3f135d9e7ed4abe4e365bb569a11b0b970c
,,,冗余三元组,27.0,8.0,行驶主体,enhanced_extraction,6bdc23dd0ce2ac7288c4bb62e712ce5558ef4047f87d2308cebfc9a72ca13715
,,,冗余三元组,27.0,8.0,承办机构,enhanced_extraction,6889f4ea2e4e0a8d0414afd0cc1413f9aa7f6f480f26122643ea762b8e083496
,,,冗余三元组,8.0,6.0,类型,enhanced_extraction,6fac4687d6b2fff7cbc5128ea92cdd84df1cbb232d6c51fd3ff6ee13154cbb0e
,,,冗余三元组,81.0,8.0,行驶主体,enhanced_extraction,37cc1a08a7dd6385afd5e01a28c8b2e4d2e25c909f0e66b8b6b4696bae5d01f0
,,,冗余三元组,81.0,8.0,承办机构,enhanced_extraction,5dc9781af493a852b27a61a4730e1398193a242de1c3139e8e42d0f0c9da25af
,,,冗余三元组,8.0,6.0,权力类型,enhanced_extraction,f8a083553843bc10eace9a3e8ba3284e19d54e269f2f6eb5aa3a3ccfbc65d72c
,,,冗余三元组,8.0,144.0,依据,enhanced_extraction,a3a5309758f13ab02960a34f1182e16d788812f320c694c08c3ae95cbab9b338
,,,冗余三元组,8.0,93.0,涉及事项,enhanced_extraction,f9f1cdbfb363face6d351175392e8d75dcdcb7dbf22b29c69acb02974464be66
,,,冗余三元组,6.0,8.0,权力类型,enhanced_extraction,32e8a27f6efa3168f7b83cec98c6c3f135d9e7ed4abe4e365bb569a11b0b970c
,,,冗余三元组,5.0,6.0,行驶主体,enhanced_extraction,5b67ac23dfad0844b288da902acb39a310c3ae5acc9739557ad43aa464c365cf
,,,冗余三元组,5.0,6.0,承办机构,enhanced_extraction,04c52c045b0856bab6bf5aa6c613f8bca18aa29ea351f668e4a92e5176be72c5
,,,冗余三元组,5.0,8.0,行驶主体,enhanced_extraction,b2d56a00d432177d36b56fc7678770c0dd223102460c2b8b7b9b3bbc4885456c
,,,冗余三元组,5.0,8.0,承办机构,enhanced_extraction,e77e8d7f1a809ac4bbfbf59c7ba2de0414f5e62453d3a9fdc082572da262c08c
,,,冗余三元组,14.0,8.0,是,enhanced_extraction,fbdd7ca9f67db87a505edbcd12f85f779c5175f8161cb1fdf53bd3401c4d49fa
,,,冗余三元组,7.0,6.0,是,enhanced_extraction,2200a0831921dffb7aeae867bab55a8fb338e08dad663234d036af19f36ad136
,,,冗余三元组,11.0,54.0,是,enhanced_extraction,549e416005220dc970bb51881509d18b237d0485fb6036953b0831ef8086df49
,,,冗余三元组,12.0,54.0,是,enhanced_extraction,d0e1c40ec9f02940c43a5e2c47c765d3a9681a78a0368912bf461d7f3268f4ed
,,,冗余三元组,8.0,6.0,类型,enhanced_extraction,6fac4687d6b2fff7cbc5128ea92cdd84df1cbb232d6c51fd3ff6ee13154cbb0e
,,,冗余三元组,54.0,46.0,类型,enhanced_extraction,27412ca142a1ebf44333dd7d33ffc0e9d320fd1ea818f467adac57048717acc6
,,,冗余三元组,81.0,6.0,行驶主体,enhanced_extraction,531fc7b910cb48730b69c89113f8d33a9e1b22283966b0c3a5b6466e7111e3ce
,,,冗余三元组,81.0,6.0,承办机构,enhanced_extraction,3b9e2515823e5034723d455c8e1cd96c33cc86c2d2c8466619e70386555d9ff6
,,,冗余三元组,8.0,6.0,是,enhanced_extraction,4997c66384ce343dd4cc11f2b6c307f2294e621e3adac462eaf26d44cb04bd49
,,,冗余三元组,81.0,6.0,行使主体,enhanced_extraction,dc9c07b5f6ed64101861143c33ab2d5779470103fcf9604d1cd68a2ac8ff006d
,,,冗余三元组,14.0,66.0,类型,enhanced_extraction,17b54e29cb7b746b462cdda814993477c043aff9cc8c87eef126590867353f78
,,,冗余三元组,6.0,7.0,类型,enhanced_extraction,58054740087239687c92a85aac286f57d4432b98f6e794aeff8ce887be05444a
,,,冗余三元组,8.0,76.0,涉及行为,enhanced_extraction,9cb51e8e66c4b7fb5060068e1bffacfdfff5ef4593e7b470f6ab858c28ed2fb9
,,,冗余三元组,8.0,6.0,类型,enhanced_extraction,6fac4687d6b2fff7cbc5128ea92cdd84df1cbb232d6c51fd3ff6ee13154cbb0e
,,,冗余三元组,76.0,44.0,类型,enhanced_extraction,3c1ba8d8dfb92ac73f538f891a30eb78e1f15084cfdce817f06f82c05bd8a32a
,,,冗余三元组,6.0,7.0,类型,enhanced_extraction,58054740087239687c92a85aac286f57d4432b98f6e794aeff8ce887be05444a
,,,冗余三元组,8.0,6.0,类型,enhanced_extraction,6fac4687d6b2fff7cbc5128ea92cdd84df1cbb232d6c51fd3ff6ee13154cbb0e
,,,冗余三元组,54.0,19.0,类型,enhanced_extraction,a00bbd16924a2f74e853ebb9b5680d2e957ac364643937685fa24653e3758835
,,,冗余三元组,14.0,8.0,类型,enhanced_extraction,7273d19977cc2617ab06d2805641bc4e68275aeed1c4b30b14fa59f28bb64a9a
,,,冗余三元组,2.0,33.0,类型,enhanced_extraction,533c2fee17920d12e566b53d09e5003502a5c6355142d6f92bb4df3ad82eba08
,,,冗余三元组,7.0,6.0,类型,enhanced_extraction,5272859ffeba39ea0c18209c4b1132626ac359559543a52f190519cf9e85bf91
,,,冗余三元组,14.0,8.0,属于,enhanced_extraction,d10f1597afa51269260953fd79cde77b522b89ae582a5144510b0eb306269ab8
,,,冗余三元组,8.0,2.0,涉及问题,enhanced_extraction,ecfe9d3be0728d34096c1784357bbf52bcc2432087c9662366c238ae3787d2b1
,,,冗余三元组,7.0,6.0,属于,enhanced_extraction,4525edb57d9094267224d08f8d7fc14cfe6596facf6d77d60072aca6a4ee20e1
,,,冗余三元组,8.0,105.0,涉及事项,enhanced_extraction,63547c037c6074f90e935f4c9ce221f41afc9180e5eb243fae1a398614f18300
,,,冗余三元组,7.0,6.0,类型,enhanced_extraction,5272859ffeba39ea0c18209c4b1132626ac359559543a52f190519cf9e85bf91
,,,冗余三元组,31.0,8.0,承办机构,enhanced_extraction,7623b4c5a5dd720be5677480a0306859a8e53153dba6bb31ea852dbd6889baec
,,,冗余三元组,31.0,6.0,承办机构,enhanced_extraction,4e0b692b485a8f361ee03fd540bafbbdbc9d562372b29b464a10db6c95f16174
,,,冗余三元组,8.0,78.0,包含,enhanced_extraction,c315c8332e0b47279583d44d38d8cc7c2a4220dec25bc2767f562e0fec9e2d9b
,,,冗余三元组,7.0,6.0,是,enhanced_extraction,2200a0831921dffb7aeae867bab55a8fb338e08dad663234d036af19f36ad136
,,,冗余三元组,11.0,116.0,是,enhanced_extraction,f54d9229151002142b9e05a7034fb85164048f0ff9d354a2c3c0a932cef9ad08
,,,冗余三元组,12.0,27.0,是,enhanced_extraction,994dc78307cf3b35952e70ed194a9a8a38fc234170c752005213122d229d093d
,,,冗余三元组,3.0,32.0,是,enhanced_extraction,88aada700139e662000f7656c0a07210375d016480f7562f444bd208adb02d84
,,,冗余三元组,5.0,8.0,行驶主体,enhanced_extraction,b2d56a00d432177d36b56fc7678770c0dd223102460c2b8b7b9b3bbc4885456c
,,,冗余三元组,8.0,32.0,实施依据,enhanced_extraction,e9fcea516945b8a5f2a61bbbca953ef88829341d15ea9af25409f2ba9d0831f8
,,,冗余三元组,14.0,8.0,包含,enhanced_extraction,c87e557256273506c6a62fe7863d14e4436187fc6a16940b0aaf857cc339444a
,,,冗余三元组,11.0,27.0,是,enhanced_extraction,7f7f12ca6562a5627998feae8e2a6667bbe3d3291d34e498e65ad39656d41b4e
,,,冗余三元组,12.0,27.0,是,enhanced_extraction,994dc78307cf3b35952e70ed194a9a8a38fc234170c752005213122d229d093d
,,,冗余三元组,3.0,43.0,是,enhanced_extraction,3f52ba843d1eea5676245988d7c6e5345710090cc764e4771f0b92cf3ff0c680
,,,冗余三元组,8.0,30.0,涉及,enhanced_extraction,a3e1e7ca751307eca0da113a61e263ba772b8db31d8cba0042a88e5d32d3d3c1
,,,冗余三元组,7.0,6.0,属于,enhanced_extraction,4525edb57d9094267224d08f8d7fc14cfe6596facf6d77d60072aca6a4ee20e1
,,,冗余三元组,5.0,6.0,行驶主体,enhanced_extraction,5b67ac23dfad0844b288da902acb39a310c3ae5acc9739557ad43aa464c365cf
,,,冗余三元组,5.0,6.0,承办机构,enhanced_extraction,04c52c045b0856bab6bf5aa6c613f8bca18aa29ea351f668e4a92e5176be72c5
,,,冗余三元组,8.0,115.0,涉及问题,enhanced_extraction,697a5b6ba1f6db911a729da772b69bc7092cfcc28091d451f411adf62d985843
,,,冗余三元组,6.0,8.0,权力类型,enhanced_extraction,32e8a27f6efa3168f7b83cec98c6c3f135d9e7ed4abe4e365bb569a11b0b970c
,,,冗余三元组,81.0,8.0,行驶主体,enhanced_extraction,37cc1a08a7dd6385afd5e01a28c8b2e4d2e25c909f0e66b8b6b4696bae5d01f0
,,,冗余三元组,81.0,8.0,承办机构,enhanced_extraction,5dc9781af493a852b27a61a4730e1398193a242de1c3139e8e42d0f0c9da25af
,,,冗余三元组,8.0,6.0,类型,enhanced_extraction,6fac4687d6b2fff7cbc5128ea92cdd84df1cbb232d6c51fd3ff6ee13154cbb0e
,,,冗余三元组,81.0,8.0,执行,enhanced_extraction,373ef98a2aac6d3f81ec002017a37e4677e7686b804ad17a3ebaf2b0f0dafdad
,,,冗余三元组,6.0,8.0,权力类型,enhanced_extraction,32e8a27f6efa3168f7b83cec98c6c3f135d9e7ed4abe4e365bb569a11b0b970c
,,,冗余三元组,45.0,8.0,行驶主体,enhanced_extraction,9e21e8794ecff17057a8cfc6619ef8d0b5bb3faba963dcb12c6a0a7b888f83fa
,,,冗余三元组,45.0,8.0,承办机构,enhanced_extraction,44b09becce10890a28af71b1b655d2964a80aa554a2a9cff154f3352aebfa9b9
,,,冗余三元组,8.0,6.0,类型,enhanced_extraction,6fac4687d6b2fff7cbc5128ea92cdd84df1cbb232d6c51fd3ff6ee13154cbb0e
,,,冗余三元组,8.0,115.0,涉及问题,enhanced_extraction,697a5b6ba1f6db911a729da772b69bc7092cfcc28091d451f411adf62d985843
,,,冗余三元组,6.0,8.0,权力类型,enhanced_extraction,32e8a27f6efa3168f7b83cec98c6c3f135d9e7ed4abe4e365bb569a11b0b970c
,,,冗余三元组,23.0,6.0,行驶主体,enhanced_extraction,be93a6e0f1475dc79ce09e94cdeb53e7b7a121722ff6da155d4c83585a9a400c
,,,冗余三元组,23.0,6.0,承办机构,enhanced_extraction,c643dc625c96623c2d8f05a6d5876776eb5261c970b2c5783dcf04866fac927c
,,,冗余三元组,8.0,6.0,类型,enhanced_extraction,6fac4687d6b2fff7cbc5128ea92cdd84df1cbb232d6c51fd3ff6ee13154cbb0e
,,,冗余三元组,6.0,7.0,类型,enhanced_extraction,58054740087239687c92a85aac286f57d4432b98f6e794aeff8ce887be05444a
,,,冗余三元组,23.0,8.0,行驶主体,enhanced_extraction,190bd2581e211642941e456430026d0e53f5cc20ea4fda9f0abb28429ff9a352
,,,冗余三元组,8.0,42.0,包含,enhanced_extraction,7c7bfce33543f186dbb2ffc94fa2cb11f2cd59c8518ec0783ecc2af662878162
,,,冗余三元组,7.0,6.0,是,enhanced_extraction,2200a0831921dffb7aeae867bab55a8fb338e08dad663234d036af19f36ad136
,,,冗余三元组,11.0,45.0,是,enhanced_extraction,c664012e2327d817dd45119b34384b2e7e0c179840ef85d3860982c901ad668a
,,,冗余三元组,3.0,39.0,是,enhanced_extraction,7921b0a2fec22f89fe4620bf3f7d8ab0c018f2f0b3f6bde4a935979bd3efa9d7
,,,冗余三元组,8.0,6.0,类型,enhanced_extraction,6fac4687d6b2fff7cbc5128ea92cdd84df1cbb232d6c51fd3ff6ee13154cbb0e
,,,冗余三元组,42.0,44.0,类型,enhanced_extraction,9c45dc971dcfced7ffa629586df5413654e7e0d4d70fe20a3b8d6ffae8828a31
,,,冗余三元组,6.0,7.0,类型,enhanced_extraction,58054740087239687c92a85aac286f57d4432b98f6e794aeff8ce887be05444a
,,,冗余三元组,39.0,82.0,类型,enhanced_extraction,6c03268e7e15cbe94ab86468874a789d0b64aa86d23565c417e9a73628f87fe4
,,,冗余三元组,7.0,6.0,是,enhanced_extraction,2200a0831921dffb7aeae867bab55a8fb338e08dad663234d036af19f36ad136
,,,冗余三元组,3.0,39.0,是,enhanced_extraction,7921b0a2fec22f89fe4620bf3f7d8ab0c018f2f0b3f6bde4a935979bd3efa9d7
,,,冗余三元组,8.0,6.0,类型,enhanced_extraction,6fac4687d6b2fff7cbc5128ea92cdd84df1cbb232d6c51fd3ff6ee13154cbb0e
,,,冗余三元组,106.0,44.0,类型,enhanced_extraction,4da65677140ab2ea9dcf90bcad1e9ec6c3da291f557d53662df10a98ac757c67
,,,冗余三元组,7.0,6.0,类型,enhanced_extraction,5272859ffeba39ea0c18209c4b1132626ac359559543a52f190519cf9e85bf91
,,,冗余三元组,39.0,82.0,类型,enhanced_extraction,6c03268e7e15cbe94ab86468874a789d0b64aa86d23565c417e9a73628f87fe4
,,,冗余三元组,14.0,8.0,是,enhanced_extraction,fbdd7ca9f67db87a505edbcd12f85f779c5175f8161cb1fdf53bd3401c4d49fa
,,,冗余三元组,7.0,6.0,是,enhanced_extraction,2200a0831921dffb7aeae867bab55a8fb338e08dad663234d036af19f36ad136
,,,冗余三元组,11.0,54.0,是,enhanced_extraction,549e416005220dc970bb51881509d18b237d0485fb6036953b0831ef8086df49
,,,冗余三元组,12.0,54.0,是,enhanced_extraction,d0e1c40ec9f02940c43a5e2c47c765d3a9681a78a0368912bf461d7f3268f4ed
,,,冗余三元组,8.0,6.0,类型,enhanced_extraction,6fac4687d6b2fff7cbc5128ea92cdd84df1cbb232d6c51fd3ff6ee13154cbb0e
,,,冗余三元组,14.0,14.0,是,enhanced_extraction,af13363e0f7b9681b0f34bee29b55caffff7caaa6a9d83a46c78ac4113089c3f
,,,冗余三元组,7.0,6.0,是,enhanced_extraction,2200a0831921dffb7aeae867bab55a8fb338e08dad663234d036af19f36ad136
,,,冗余三元组,11.0,23.0,是,enhanced_extraction,2dd2c40157fd1af558a48083601bc018aed6d4f9e298f4c1091193e796fee7f3
,,,冗余三元组,3.0,144.0,是,enhanced_extraction,5b4bc0659bed135a6e08a03cccddae9de8a69910f26413bc6a75df5388eef21b
,,,冗余三元组,23.0,201.0,类型,enhanced_extraction,deab9e4120bc5e9be95a1f5afd213e251ab1b11a9838101529acaff0d695d1c4
,,,冗余三元组,6.0,7.0,类型,enhanced_extraction,58054740087239687c92a85aac286f57d4432b98f6e794aeff8ce887be05444a
,,,冗余三元组,14.0,66.0,类型,enhanced_extraction,17b54e29cb7b746b462cdda814993477c043aff9cc8c87eef126590867353f78
,,,冗余三元组,3.0,110.0,类型,enhanced_extraction,be394f87b0d787ee190880c72897b3ce5a8aaaa6cdf812259e31f89b84f3a823
,,,冗余三元组,8.0,37.0,涉及事项,enhanced_extraction,a3568f2e329e6c677aa65af4a20f8c9617754513fef947c68c5dd13f814414d4
,,,冗余三元组,6.0,8.0,权力类型,enhanced_extraction,32e8a27f6efa3168f7b83cec98c6c3f135d9e7ed4abe4e365bb569a11b0b970c
,,,冗余三元组,31.0,6.0,行驶主体,enhanced_extraction,c863fab255b083144e7502cd8b242274faeae8689d30ee563450b7eb63220cf6
,,,冗余三元组,31.0,6.0,承办机构,enhanced_extraction,4e0b692b485a8f361ee03fd540bafbbdbc9d562372b29b464a10db6c95f16174
,,,冗余三元组,32.0,6.0,实施依据,enhanced_extraction,0a88a443a8d25b91a9a66e8b750358d86b658d6ba9a95598dcdf1a3caa613949
,,,冗余三元组,8.0,6.0,类型,enhanced_extraction,6fac4687d6b2fff7cbc5128ea92cdd84df1cbb232d6c51fd3ff6ee13154cbb0e
,,,冗余三元组,37.0,41.0,类型,enhanced_extraction,6a59ca00f652cc91531000d2e22cf7b60ea17feef4e1bbf66d48d6fb92da1233
,,,冗余三元组,6.0,7.0,类型,enhanced_extraction,58054740087239687c92a85aac286f57d4432b98f6e794aeff8ce887be05444a
,,,冗余三元组,31.0,46.0,类型,enhanced_extraction,b98ba6a6e895a6819f89dcda73974e9ed7326c0fcb1deb682e823260741c30e3
,,,冗余三元组,122.0,29.0,类型,enhanced_extraction,9c913b8612928190b331cf9b340888f31d18de8eb3710a8ba12a97f4b98f8591
,,,冗余三元组,8.0,134.0,涉及,enhanced_extraction,f871670d27fb4c2e6cf787e6c1e70b924a0e16bb8dcf2c941a21aca92a5254f0
,,,冗余三元组,7.0,6.0,是,enhanced_extraction,2200a0831921dffb7aeae867bab55a8fb338e08dad663234d036af19f36ad136
,,,冗余三元组,11.0,45.0,是,enhanced_extraction,c664012e2327d817dd45119b34384b2e7e0c179840ef85d3860982c901ad668a
,,,冗余三元组,3.0,13.0,是,enhanced_extraction,a150f1d60aba46983435951f07eb83bff8e98c5cde9c1e2716f5873e0560979f
,,,冗余三元组,8.0,6.0,类型,enhanced_extraction,6fac4687d6b2fff7cbc5128ea92cdd84df1cbb232d6c51fd3ff6ee13154cbb0e
,,,冗余三元组,45.0,6.0,行使,enhanced_extraction,af813577dc100e2f41a30502a8be5b6859f01de7624dfba0238af67ed077f3e0
,,,冗余三元组,14.0,8.0,是,enhanced_extraction,fbdd7ca9f67db87a505edbcd12f85f779c5175f8161cb1fdf53bd3401c4d49fa
,,,冗余三元组,7.0,6.0,是,enhanced_extraction,2200a0831921dffb7aeae867bab55a8fb338e08dad663234d036af19f36ad136
,,,冗余三元组,11.0,107.0,是,enhanced_extraction,901f76db8b62e4ffd527d4b57b3f0bff1032cab6873441370b256e3b09d0aeef
,,,冗余三元组,12.0,107.0,是,enhanced_extraction,a5057cb3a530a4a2e8cb05bd7199affa424ff8201b222cf9a4fc8e3aff71c017
,,,冗余三元组,3.0,4.0,是,enhanced_extraction,d08580506622eb3b009abbcab184c7d6527dc171bbca042f5d2132b53eb48841
,,,冗余三元组,8.0,99.0,涉及,enhanced_extraction,041e6d3c878de7cbd0ef294ed6d2796e45be977bb68e9c0f9f631c264702ac95
,,,冗余三元组,107.0,8.0,负责,enhanced_extraction,44a40a62539cf07dba158ea8785e2ffe2562d8d83bd79466f397704a8c3d180d
,,,冗余三元组,8.0,112.0,服务事项,enhanced_extraction,032c528305d7a91bc9654af5be83cc27dc05706298d16cf5efaa3f0e1a37d1e6
,,,冗余三元组,6.0,8.0,权力类型,enhanced_extraction,32e8a27f6efa3168f7b83cec98c6c3f135d9e7ed4abe4e365bb569a11b0b970c
,,,冗余三元组,23.0,8.0,行驶主体,enhanced_extraction,190bd2581e211642941e456430026d0e53f5cc20ea4fda9f0abb28429ff9a352
,,,冗余三元组,23.0,8.0,承办机构,enhanced_extraction,c4f931334bf1748408b2ea285bfb1341eacfc2c76a021a14d851a92e2174d324
,,,冗余三元组,144.0,8.0,实施依据,enhanced_extraction,19b1512a1dea28ad4e5b4f436dd2cae48241b08877f897c7a7f6804f115f20af
,,,冗余三元组,8.0,6.0,类型,enhanced_extraction,6fac4687d6b2fff7cbc5128ea92cdd84df1cbb232d6c51fd3ff6ee13154cbb0e
,,,冗余三元组,144.0,82.0,类型,enhanced_extraction,829dc6b9de974628b1637952e9aa0d02656a4f0ed141cd8a13bf5351ea6cf025
,,,冗余三元组,8.0,144.0,依据,enhanced_extraction,a3a5309758f13ab02960a34f1182e16d788812f320c694c08c3ae95cbab9b338
,,,冗余三元组,14.0,8.0,是,enhanced_extraction,fbdd7ca9f67db87a505edbcd12f85f779c5175f8161cb1fdf53bd3401c4d49fa
,,,冗余三元组,7.0,6.0,是,enhanced_extraction,2200a0831921dffb7aeae867bab55a8fb338e08dad663234d036af19f36ad136
,,,冗余三元组,11.0,54.0,是,enhanced_extraction,549e416005220dc970bb51881509d18b237d0485fb6036953b0831ef8086df49
,,,冗余三元组,12.0,54.0,是,enhanced_extraction,d0e1c40ec9f02940c43a5e2c47c765d3a9681a78a0368912bf461d7f3268f4ed
,,,冗余三元组,8.0,6.0,类型,enhanced_extraction,6fac4687d6b2fff7cbc5128ea92cdd84df1cbb232d6c51fd3ff6ee13154cbb0e
,,,冗余三元组,2.0,33.0,类型,enhanced_extraction,533c2fee17920d12e566b53d09e5003502a5c6355142d6f92bb4df3ad82eba08
,,,冗余三元组,6.0,7.0,类型,enhanced_extraction,58054740087239687c92a85aac286f57d4432b98f6e794aeff8ce887be05444a
,,,冗余三元组,54.0,19.0,类型,enhanced_extraction,a00bbd16924a2f74e853ebb9b5680d2e957ac364643937685fa24653e3758835
,,,冗余三元组,14.0,20.0,类型,enhanced_extraction,1743010fefbfa3cadde9118558a0e938848ebe24af9ac4461f3db206354e27cc
,,,冗余三元组,11.0,189.0,类型,enhanced_extraction,aadf2fa570919afec33008ad2e991d13f09a72820b244cce250ef9fef468be6a
,,,冗余三元组,12.0,19.0,类型,enhanced_extraction,cff59af3ab539c6c0c8b44d30c6d8a017cb72fb5fdc54bfecab04f8eb47e72e4
,,,冗余三元组,54.0,8.0,行驶主体,enhanced_extraction,bd35d43a56f546114ecf0077accb627606cbac7639319aa54e60c39e17a8aa4b
,,,冗余三元组,54.0,8.0,承办机构,enhanced_extraction,e20a54813c4d2b25317ce7a2973804f02ae20053ef3ce2b3317466bdeff2e754
,,,冗余三元组,14.0,8.0,是,enhanced_extraction,fbdd7ca9f67db87a505edbcd12f85f779c5175f8161cb1fdf53bd3401c4d49fa
,,,冗余三元组,8.0,71.0,包含,enhanced_extraction,8fd01e89d39152067d75f5388ddba5cb4ed835216881d1f230267c80d2148308
,,,冗余三元组,7.0,6.0,是,enhanced_extraction,2200a0831921dffb7aeae867bab55a8fb338e08dad663234d036af19f36ad136
,,,冗余三元组,11.0,54.0,是,enhanced_extraction,549e416005220dc970bb51881509d18b237d0485fb6036953b0831ef8086df49
,,,冗余三元组,12.0,54.0,是,enhanced_extraction,d0e1c40ec9f02940c43a5e2c47c765d3a9681a78a0368912bf461d7f3268f4ed
,,,冗余三元组,3.0,39.0,是,enhanced_extraction,7921b0a2fec22f89fe4620bf3f7d8ab0c018f2f0b3f6bde4a935979bd3efa9d7
,,,冗余三元组,8.0,6.0,类型,enhanced_extraction,6fac4687d6b2fff7cbc5128ea92cdd84df1cbb232d6c51fd3ff6ee13154cbb0e
,,,冗余三元组,14.0,8.0,包含,enhanced_extraction,c87e557256273506c6a62fe7863d14e4436187fc6a16940b0aaf857cc339444a
,,,冗余三元组,54.0,8.0,行驶主体,enhanced_extraction,bd35d43a56f546114ecf0077accb627606cbac7639319aa54e60c39e17a8aa4b
,,,冗余三元组,54.0,8.0,承办机构,enhanced_extraction,e20a54813c4d2b25317ce7a2973804f02ae20053ef3ce2b3317466bdeff2e754
,,,冗余三元组,39.0,3.0,作为,enhanced_extraction,dd39c105cb46a4d8b2efa6e230329b00486b35bc030f7c8856746d07ccba7f6c
,,,冗余三元组,7.0,6.0,定义为,enhanced_extraction,e79db4611fa164018e2d2371b8625b109f54ec7c6760cae9804f0613c92e39ec
,,,冗余三元组,3.0,55.0,依据,enhanced_extraction,b7fad93a8f1ebbdc8e3cf043e3b5831a9b366fd0f07e085e2fe21d03fcad07a3
,,,冗余三元组,14.0,8.0,是,enhanced_extraction,fbdd7ca9f67db87a505edbcd12f85f779c5175f8161cb1fdf53bd3401c4d49fa
,,,冗余三元组,8.0,65.0,涉及,enhanced_extraction,d1b4b9f73707ba7097a5d349ebe49646edeeac6d0dc53e12a33d46aff2bde77e
,,,冗余三元组,7.0,6.0,是,enhanced_extraction,2200a0831921dffb7aeae867bab55a8fb338e08dad663234d036af19f36ad136
,,,冗余三元组,8.0,50.0,类型,enhanced_extraction,d8ca48cac03b3dfb3c7e3cf86a2646a6c3f282254d9a69754feaf05c9f3ec7cd
,,,冗余三元组,6.0,7.0,类型,enhanced_extraction,58054740087239687c92a85aac286f57d4432b98f6e794aeff8ce887be05444a
,,,冗余三元组,10.0,8.0,行驶主体,enhanced_extraction,dbdf9013e94e2f8a4f96b11b56813f11346693a948c2638f8bc0c6bbb39b80d9
,,,冗余三元组,10.0,8.0,承办机构,enhanced_extraction,9099513cb23185a724b8a4ac96c8da632244c7a5c49e3b156cd98811a5707847
,,,冗余三元组,8.0,6.0,类型,enhanced_extraction,6fac4687d6b2fff7cbc5128ea92cdd84df1cbb232d6c51fd3ff6ee13154cbb0e
,,,冗余三元组,31.0,8.0,行驶主体,enhanced_extraction,a8fd77eea50b1830e1af716e6044425361790eea3f2911f99d5effab83836a88
,,,冗余三元组,31.0,8.0,承办机构,enhanced_extraction,7623b4c5a5dd720be5677480a0306859a8e53153dba6bb31ea852dbd6889baec
,,,冗余三元组,43.0,8.0,实施依据,enhanced_extraction,37e6be52338f01547e3042e55f8af4b73b89c9dacfb5fd9ad95e3d4dc4760705
,,,冗余三元组,14.0,8.0,是,enhanced_extraction,fbdd7ca9f67db87a505edbcd12f85f779c5175f8161cb1fdf53bd3401c4d49fa
,,,冗余三元组,8.0,86.0,涉及问题,enhanced_extraction,42563d6f1b9f05045f0a0a2a4a0a69f7909aafa6a820646feb81de9ed84e19d5
,,,冗余三元组,7.0,6.0,是,enhanced_extraction,2200a0831921dffb7aeae867bab55a8fb338e08dad663234d036af19f36ad136
,,,冗余三元组,11.0,54.0,是,enhanced_extraction,549e416005220dc970bb51881509d18b237d0485fb6036953b0831ef8086df49
,,,冗余三元组,3.0,90.0,是,enhanced_extraction,995e1cd77eec5e05dc7af70a9ffb37baa21b313c8925cfbe1f7332d29eda476f
,,,冗余三元组,8.0,6.0,类型,enhanced_extraction,6fac4687d6b2fff7cbc5128ea92cdd84df1cbb232d6c51fd3ff6ee13154cbb0e
,,,冗余三元组,14.0,8.0,类型,enhanced_extraction,7273d19977cc2617ab06d2805641bc4e68275aeed1c4b30b14fa59f28bb64a9a
,,,冗余三元组,54.0,6.0,行使权力类型,enhanced_extraction,11dc08391017735227c54372fd3646612533f0ace76801d9de324e9dc04ee07d
,,,冗余三元组,8.0,93.0,涉及内容,enhanced_extraction,f1cab0d58453ed1af4a89d860851f686a9131ea025e63842f1d1ce9c7bc9a403
,,,冗余三元组,7.0,6.0,类型,enhanced_extraction,5272859ffeba39ea0c18209c4b1132626ac359559543a52f190519cf9e85bf91
,,,冗余三元组,8.0,73.0,实施依据,enhanced_extraction,76a3f8c4caa86eaa1702d5d5ec9fbb18d7d1e42f97d92a292a455c4570d5e65f
,,,冗余三元组,8.0,86.0,涉及事项,enhanced_extraction,c1022a95335427f474636efaa0740987143571dd86d5660aa37dea6f231f7257
,,,冗余三元组,6.0,8.0,权力类型,enhanced_extraction,32e8a27f6efa3168f7b83cec98c6c3f135d9e7ed4abe4e365bb569a11b0b970c
,,,冗余三元组,31.0,6.0,行驶主体,enhanced_extraction,c863fab255b083144e7502cd8b242274faeae8689d30ee563450b7eb63220cf6
,,,冗余三元组,31.0,6.0,承办机构,enhanced_extraction,4e0b692b485a8f361ee03fd540bafbbdbc9d562372b29b464a10db6c95f16174
,,,冗余三元组,39.0,6.0,实施依据,enhanced_extraction,4bf8140cb3f012e083a6df655add0ee27ab09c1f2c6aed9a5db87b55c7428afe
,,,冗余三元组,8.0,6.0,类型,enhanced_extraction,6fac4687d6b2fff7cbc5128ea92cdd84df1cbb232d6c51fd3ff6ee13154cbb0e
,,,冗余三元组,6.0,7.0,类型,enhanced_extraction,58054740087239687c92a85aac286f57d4432b98f6e794aeff8ce887be05444a
,,,冗余三元组,31.0,19.0,类型,enhanced_extraction,99a62d4758264b0fb25e5efd890bee656108c02260d3b8d616b3a6a7d18dfc8c
,,,冗余三元组,39.0,82.0,类型,enhanced_extraction,6c03268e7e15cbe94ab86468874a789d0b64aa86d23565c417e9a73628f87fe4
,,,冗余三元组,31.0,39.0,实施依据,enhanced_extraction,e8038e07da0458270dc038aadbf024505ac08d8a0bbc927eb5e8b05132f0998b
,,,冗余三元组,8.0,78.0,包含,enhanced_extraction,c315c8332e0b47279583d44d38d8cc7c2a4220dec25bc2767f562e0fec9e2d9b
,,,冗余三元组,7.0,6.0,是,enhanced_extraction,2200a0831921dffb7aeae867bab55a8fb338e08dad663234d036af19f36ad136
,,,冗余三元组,11.0,5.0,是,enhanced_extraction,9241a626ee0cd96f0bac6cb4374e8596db0716f93a0ebd523f4e067f661950eb
,,,冗余三元组,12.0,5.0,是,enhanced_extraction,b8fbcb0fef22b7e21ba6fa0460618ec34e68c6f9bd7907b30b7b1440a17a82b4
,,,冗余三元组,3.0,39.0,是,enhanced_extraction,7921b0a2fec22f89fe4620bf3f7d8ab0c018f2f0b3f6bde4a935979bd3efa9d7
,,,冗余三元组,8.0,6.0,类型,enhanced_extraction,6fac4687d6b2fff7cbc5128ea92cdd84df1cbb232d6c51fd3ff6ee13154cbb0e
,,,冗余三元组,6.0,7.0,类型,enhanced_extraction,58054740087239687c92a85aac286f57d4432b98f6e794aeff8ce887be05444a
,,,冗余三元组,5.0,19.0,类型,enhanced_extraction,a56e1655cb02926994a07927b302525be60390340a62289af93ccd13b4ece228
,,,冗余三元组,39.0,82.0,类型,enhanced_extraction,6c03268e7e15cbe94ab86468874a789d0b64aa86d23565c417e9a73628f87fe4
,,,冗余三元组,8.0,2.0,涉及问题,enhanced_extraction,ecfe9d3be0728d34096c1784357bbf52bcc2432087c9662366c238ae3787d2b1
,,,冗余三元组,6.0,8.0,权力类型,enhanced_extraction,32e8a27f6efa3168f7b83cec98c6c3f135d9e7ed4abe4e365bb569a11b0b970c
,,,冗余三元组,54.0,6.0,行驶主体,enhanced_extraction,49a222700253b6a9fb81f9f5ca7a64ad85c42ae28cf457d49028afcf67f073cc
,,,冗余三元组,54.0,6.0,承办机构,enhanced_extraction,b4daf495a214062eb0b21dc986c49ce659f0812c28ff9ea23a2f5618a48027cd
,,,冗余三元组,8.0,6.0,类型,enhanced_extraction,6fac4687d6b2fff7cbc5128ea92cdd84df1cbb232d6c51fd3ff6ee13154cbb0e
,,,冗余三元组,144.0,82.0,类型,enhanced_extraction,829dc6b9de974628b1637952e9aa0d02656a4f0ed141cd8a13bf5351ea6cf025
,,,冗余三元组,54.0,6.0,执行,enhanced_extraction,e0bd93ac65ebeecca4c52a83585e96aeec543062aad6808aa7f722b99e1a3430
,,,冗余三元组,8.0,76.0,涉及行为,enhanced_extraction,9cb51e8e66c4b7fb5060068e1bffacfdfff5ef4593e7b470f6ab858c28ed2fb9
,,,冗余三元组,6.0,10.0,由行使主体,enhanced_extraction,12487c84795fcc3b525c4ce2d716043238c63343c12e4cba982cd89d3976b89b
,,,冗余三元组,10.0,11.0,是,enhanced_extraction,44a8fa7ea54ec2e41111a4f5dc6a9811dee8aa3aa19fb306f9177dfc86a9aea9
,,,冗余三元组,10.0,12.0,同时也是,enhanced_extraction,073a3c4dbbf9f2005f4dbfb0bdfeaff088f3cb3dd7d6a98af10a834422d6a10d
,,,冗余三元组,10.0,6.0,执行,enhanced_extraction,34b8e14c27a88b936205f4cf5b3bb48643150b9da007a7e5eb82964c9f1a6ab5
,,,冗余三元组,8.0,6.0,是,enhanced_extraction,4997c66384ce343dd4cc11f2b6c307f2294e621e3adac462eaf26d44cb04bd49
,,,冗余三元组,11.0,5.0,是,enhanced_extraction,9241a626ee0cd96f0bac6cb4374e8596db0716f93a0ebd523f4e067f661950eb
,,,冗余三元组,12.0,5.0,是,enhanced_extraction,b8fbcb0fef22b7e21ba6fa0460618ec34e68c6f9bd7907b30b7b1440a17a82b4
,,,冗余三元组,3.0,59.0,依据,enhanced_extraction,ea5d5b2f384ea5cea601cf3c684cd0785d82be8f0b62f166e10ed84e64cdb328
,,,冗余三元组,5.0,6.0,执行,enhanced_extraction,1f89a28e29b72a92a98c035f821566b358c62e362464a8b863a1e1715da7ed05
,,,冗余三元组,7.0,6.0,包含,enhanced_extraction,46a806ea63448f2f08c8900fa9c3721ae11132c9ecbea57b05cc442b2b6b4231
,,,冗余三元组,14.0,142.0,是,enhanced_extraction,700bb1ca744a2c9a1832fcb009286038bda288f3662869f728498655c418b65a
,,,冗余三元组,7.0,6.0,是,enhanced_extraction,2200a0831921dffb7aeae867bab55a8fb338e08dad663234d036af19f36ad136
,,,冗余三元组,6.0,8.0,权力类型,enhanced_extraction,32e8a27f6efa3168f7b83cec98c6c3f135d9e7ed4abe4e365bb569a11b0b970c
,,,冗余三元组,58.0,8.0,行驶主体,enhanced_extraction,583d29fb9a2c7fea7396e8bf2437620befc57df279bf2449dfee2b2944fc60e2
,,,冗余三元组,58.0,8.0,承办机构,enhanced_extraction,1655806368b90c72c71a83e3444e2bf2281e4f59bb0d578d6a868c65a32e275b
,,,冗余三元组,8.0,6.0,类型,enhanced_extraction,6fac4687d6b2fff7cbc5128ea92cdd84df1cbb232d6c51fd3ff6ee13154cbb0e
,,,冗余三元组,8.0,17.0,类型,enhanced_extraction,2136a2b9090d0f8144fa4646d14dbad02f13399667fcea392c4686a3650dc31d
,,,冗余三元组,54.0,46.0,类型,enhanced_extraction,27412ca142a1ebf44333dd7d33ffc0e9d320fd1ea818f467adac57048717acc6
,,,冗余三元组,28.0,29.0,类型,enhanced_extraction,0356e55972c271a9a205bc5cc983108b63d5eec1414ff6a712213ba8addadce4
,,,冗余三元组,8.0,34.0,涉及事项,enhanced_extraction,333f492a670bb80c106cdaac3ebdcdd39702e637f379a616c408421876e55e15
,,,冗余三元组,6.0,8.0,权力类型,enhanced_extraction,32e8a27f6efa3168f7b83cec98c6c3f135d9e7ed4abe4e365bb569a11b0b970c
,,,冗余三元组,81.0,8.0,行驶主体,enhanced_extraction,37cc1a08a7dd6385afd5e01a28c8b2e4d2e25c909f0e66b8b6b4696bae5d01f0
,,,冗余三元组,8.0,6.0,类型,enhanced_extraction,6fac4687d6b2fff7cbc5128ea92cdd84df1cbb232d6c51fd3ff6ee13154cbb0e
,,,冗余三元组,34.0,41.0,类型,enhanced_extraction,e1777f0d47e730c3c530c4d7a8dfb49f2fcdf7db104b98d0bf6af3d6c0e6e70a
,,,冗余三元组,6.0,7.0,类型,enhanced_extraction,58054740087239687c92a85aac286f57d4432b98f6e794aeff8ce887be05444a
,,,冗余三元组,81.0,60.0,类型,enhanced_extraction,5b8018606576ca1555d64c1eba543f6fff12ade530587bcbc7bd0b5a1cc9fbc8
,,,冗余三元组,81.0,8.0,行使主体,enhanced_extraction,95b2314ef37ccb89bfb237b160bf88d38b5867aa438ea47ae3778d51c052cf7d
,,,冗余三元组,14.0,8.0,是,enhanced_extraction,fbdd7ca9f67db87a505edbcd12f85f779c5175f8161cb1fdf53bd3401c4d49fa
,,,冗余三元组,8.0,85.0,涉及问题,enhanced_extraction,edd509344f5e42e9dc35d29af306881e40ebcc8ef81b421f0acccc300f156d02
,,,冗余三元组,7.0,6.0,是,enhanced_extraction,2200a0831921dffb7aeae867bab55a8fb338e08dad663234d036af19f36ad136
,,,冗余三元组,11.0,23.0,是,enhanced_extraction,2dd2c40157fd1af558a48083601bc018aed6d4f9e298f4c1091193e796fee7f3
,,,冗余三元组,23.0,6.0,执行,enhanced_extraction,46edaa8acc7ec1edf05b13352475e348b2058f9130672dd5f6796f83b6ceecfe
,,,冗余三元组,6.0,7.0,属于,enhanced_extraction,13bae8f9b0d126f5709ea2da6ebb32767b1b48e7575f7601bfb316fda4c34774
,,,冗余三元组,64.0,6.0,类型,enhanced_extraction,027d988cb46d7b730a74051577834905df8857c8a1f499f8cbb72d70082a23c8
,,,冗余三元组,8.0,6.0,类型,enhanced_extraction,6fac4687d6b2fff7cbc5128ea92cdd84df1cbb232d6c51fd3ff6ee13154cbb0e
,,,冗余三元组,107.0,8.0,执行,enhanced_extraction,e69ba5761d0210eed06f8597a405b1ea66ba88cac51a46cc2f45988b366e8f00
,,,冗余三元组,7.0,6.0,是,enhanced_extraction,2200a0831921dffb7aeae867bab55a8fb338e08dad663234d036af19f36ad136
,,,冗余三元组,54.0,11.0,是,enhanced_extraction,43e43d9e2ad831be9d131c845b4a1f37954fff46c2fd5e96ae69af86b9b276d6
,,,冗余三元组,3.0,90.0,是,enhanced_extraction,995e1cd77eec5e05dc7af70a9ffb37baa21b313c8925cfbe1f7332d29eda476f
,,,冗余三元组,54.0,6.0,执行,enhanced_extraction,e0bd93ac65ebeecca4c52a83585e96aeec543062aad6808aa7f722b99e1a3430
,,,冗余三元组,3.0,90.0,依据,enhanced_extraction,0f65238c5f35619b2afa05c7b6e178df625aee2a7acd1c44ea1fe59c29977b42
,,,冗余三元组,11.0,54.0,是,enhanced_extraction,549e416005220dc970bb51881509d18b237d0485fb6036953b0831ef8086df49
,,,冗余三元组,12.0,54.0,是,enhanced_extraction,d0e1c40ec9f02940c43a5e2c47c765d3a9681a78a0368912bf461d7f3268f4ed
,,,冗余三元组,6.0,7.0,是,enhanced_extraction,02ba53c3c8f9aa3a94884c43bf0b1f75219cb2da2911aac8cb1a66068cbe4396
,,,冗余三元组,54.0,6.0,负责,enhanced_extraction,57d6ad873c4d82e5027e8cc997d00b74ad009d6e6d83c5b633cf437d78856c0d
,,,冗余三元组,14.0,131.0,是,enhanced_extraction,c1eb9037f2f2a5f51b182139bda3797047d1982052bddc81a8a8d865289debb2
,,,冗余三元组,131.0,99.0,涉及,enhanced_extraction,0912aa829ce6ca635a6fa8829e0266059bdbf049a444605590029ca0a86bf4bb
,,,冗余三元组,11.0,10.0,是,enhanced_extraction,dedb686de59beddd23a4bc91a73f8f8de96cfa730f3498d4d83b0e68d45b375f
,,,冗余三元组,12.0,10.0,是,enhanced_extraction,47933e709f6345e74d98bb9156bbf0e61f44ce9e333e1549525f5ce234aaa319
,,,冗余三元组,7.0,6.0,类型,enhanced_extraction,5272859ffeba39ea0c18209c4b1132626ac359559543a52f190519cf9e85bf91
,,,冗余三元组,8.0,57.0,涉及事项,enhanced_extraction,3db0bc5694d1d9f849c60ab9453590455c4d6d6088148ae3853664fc35794eab
,,,冗余三元组,54.0,8.0,行驶主体,enhanced_extraction,bd35d43a56f546114ecf0077accb627606cbac7639319aa54e60c39e17a8aa4b
,,,冗余三元组,8.0,4.0,依据,enhanced_extraction,f6abc3406fdc8f621d1df34cf4be0c52588f44badb64806f3fb96af72fe4bf66
,,,冗余三元组,8.0,6.0,类型,enhanced_extraction,6fac4687d6b2fff7cbc5128ea92cdd84df1cbb232d6c51fd3ff6ee13154cbb0e
,,,冗余三元组,57.0,41.0,类型,enhanced_extraction,4f5cb1bf05f25027fb1b0078d15fe8111f1d6908d4d354a23057eb8c8488dd2b
,,,冗余三元组,6.0,7.0,类型,enhanced_extraction,58054740087239687c92a85aac286f57d4432b98f6e794aeff8ce887be05444a
,,,冗余三元组,54.0,19.0,类型,enhanced_extraction,a00bbd16924a2f74e853ebb9b5680d2e957ac364643937685fa24653e3758835
,,,冗余三元组,4.0,111.0,类型,enhanced_extraction,6f10bdfbae60671006a8a26e023fabb8f98898e3f27cac4c69f629291b6dcafe
,,,冗余三元组,54.0,6.0,执行,enhanced_extraction,e0bd93ac65ebeecca4c52a83585e96aeec543062aad6808aa7f722b99e1a3430
,,,冗余三元组,8.0,6.0,权力类型,enhanced_extraction,f8a083553843bc10eace9a3e8ba3284e19d54e269f2f6eb5aa3a3ccfbc65d72c
,,,冗余三元组,54.0,8.0,承办机构,enhanced_extraction,e20a54813c4d2b25317ce7a2973804f02ae20053ef3ce2b3317466bdeff2e754
,,,冗余三元组,14.0,8.0,是,enhanced_extraction,fbdd7ca9f67db87a505edbcd12f85f779c5175f8161cb1fdf53bd3401c4d49fa
,,,冗余三元组,8.0,85.0,涉及问题,enhanced_extraction,edd509344f5e42e9dc35d29af306881e40ebcc8ef81b421f0acccc300f156d02
,,,冗余三元组,7.0,6.0,是,enhanced_extraction,2200a0831921dffb7aeae867bab55a8fb338e08dad663234d036af19f36ad136
,,,冗余三元组,11.0,10.0,是,enhanced_extraction,dedb686de59beddd23a4bc91a73f8f8de96cfa730f3498d4d83b0e68d45b375f
,,,冗余三元组,12.0,72.0,是,enhanced_extraction,35efa553ffca80e7ebefbb5673b181e192f554f5865be5c42583eb31fddb8f2a
,,,冗余三元组,3.0,119.0,是,enhanced_extraction,f6db78e5c85215654fc62e6152ef5237d8d0394ab011c7c595fd0361357b7d4c
,,,冗余三元组,7.0,6.0,类型,enhanced_extraction,5272859ffeba39ea0c18209c4b1132626ac359559543a52f190519cf9e85bf91
,,,冗余三元组,14.0,8.0,包含,enhanced_extraction,c87e557256273506c6a62fe7863d14e4436187fc6a16940b0aaf857cc339444a
,,,冗余三元组,58.0,6.0,行使,enhanced_extraction,cc74c220faea5a0a265dcd0ef4540ff2f021f087f77dc7900a99798cbbe69f85
,,,冗余三元组,6.0,8.0,权力类型,enhanced_extraction,32e8a27f6efa3168f7b83cec98c6c3f135d9e7ed4abe4e365bb569a11b0b970c
,,,冗余三元组,58.0,8.0,行驶主体,enhanced_extraction,583d29fb9a2c7fea7396e8bf2437620befc57df279bf2449dfee2b2944fc60e2
,,,冗余三元组,58.0,8.0,承办机构,enhanced_extraction,1655806368b90c72c71a83e3444e2bf2281e4f59bb0d578d6a868c65a32e275b
,,,冗余三元组,8.0,6.0,类型,enhanced_extraction,6fac4687d6b2fff7cbc5128ea92cdd84df1cbb232d6c51fd3ff6ee13154cbb0e
,,,冗余三元组,8.0,30.0,涉及问题,enhanced_extraction,f5912fbdcad4ff97103b0a24f78766a5f93dd6036686d146c7d69fe77d263786
,,,冗余三元组,7.0,6.0,是,enhanced_extraction,2200a0831921dffb7aeae867bab55a8fb338e08dad663234d036af19f36ad136
,,,冗余三元组,14.0,8.0,包含,enhanced_extraction,c87e557256273506c6a62fe7863d14e4436187fc6a16940b0aaf857cc339444a
,,,冗余三元组,11.0,12.0,等同于,enhanced_extraction,301a1b968db5f2952324c04c1858c72c0e1fa91c31c622a211d60f845a78cc38
,,,冗余三元组,10.0,6.0,行使,enhanced_extraction,634a7b7b1ff0138694e9b68dc00ce1defb8a97b68a7494da586c897d86487bd3
,,,冗余三元组,3.0,144.0,依据,enhanced_extraction,0d0e020e58809691ff3ba90f915715f46ac891dc453f10cebcd4372a366bc784
,,,冗余三元组,8.0,85.0,涉及事项,enhanced_extraction,1e2f3872b5d0ecbfd62f9a34de450ebbb92b61f33cdb582d8a38aa712718c1b9
,,,冗余三元组,6.0,8.0,权力类型,enhanced_extraction,32e8a27f6efa3168f7b83cec98c6c3f135d9e7ed4abe4e365bb569a11b0b970c
,,,冗余三元组,23.0,6.0,行驶主体,enhanced_extraction,be93a6e0f1475dc79ce09e94cdeb53e7b7a121722ff6da155d4c83585a9a400c
,,,冗余三元组,23.0,6.0,承办机构,enhanced_extraction,c643dc625c96623c2d8f05a6d5876776eb5261c970b2c5783dcf04866fac927c
,,,冗余三元组,23.0,6.0,执行,enhanced_extraction,46edaa8acc7ec1edf05b13352475e348b2058f9130672dd5f6796f83b6ceecfe
,,,冗余三元组,8.0,76.0,包含行为,enhanced_extraction,5541e65675eaaeec5b95a1ea8eaa8b0ca43d00ea22d4666ef288050cdf027305
,,,冗余三元组,7.0,16.0,是,enhanced_extraction,fe5daf8d4e5d267c9b8fafedbb2434462bcac22c66bc7b9ad7999551398f2cf3
,,,冗余三元组,11.0,45.0,是,enhanced_extraction,c664012e2327d817dd45119b34384b2e7e0c179840ef85d3860982c901ad668a
,,,冗余三元组,12.0,45.0,是,enhanced_extraction,11e2c83cbe122d99717fef39c61a51edf7c8881b5b3a8d4db4f50f4e21d90133
,,,冗余三元组,3.0,13.0,是,enhanced_extraction,a150f1d60aba46983435951f07eb83bff8e98c5cde9c1e2716f5873e0560979f
,,,冗余三元组,8.0,166.0,涉及内容,enhanced_extraction,439d4f88c512f7ec0779b14e177917a17e778c51dcfdc048f2abb882856082a0
,,,冗余三元组,23.0,8.0,行驶主体,enhanced_extraction,190bd2581e211642941e456430026d0e53f5cc20ea4fda9f0abb28429ff9a352
,,,冗余三元组,23.0,8.0,承办机构,enhanced_extraction,c4f931334bf1748408b2ea285bfb1341eacfc2c76a021a14d851a92e2174d324
,,,冗余三元组,13.0,8.0,实施依据,enhanced_extraction,4b2f8e5116ea24c0a2e92f5bf6be5146a8ffa9c1fa5e2c0d4d00e57d72a050b7
,,,冗余三元组,8.0,115.0,涉及问题,enhanced_extraction,697a5b6ba1f6db911a729da772b69bc7092cfcc28091d451f411adf62d985843
,,,冗余三元组,5.0,6.0,执行,enhanced_extraction,1f89a28e29b72a92a98c035f821566b358c62e362464a8b863a1e1715da7ed05
,,,冗余三元组,6.0,8.0,权力类型,enhanced_extraction,32e8a27f6efa3168f7b83cec98c6c3f135d9e7ed4abe4e365bb569a11b0b970c
,,,冗余三元组,8.0,6.0,类型,enhanced_extraction,6fac4687d6b2fff7cbc5128ea92cdd84df1cbb232d6c51fd3ff6ee13154cbb0e
,,,冗余三元组,8.0,96.0,涉及事项,enhanced_extraction,e7a1853477cdcc4aeaaf0203c8a25437be42db498136fa38eb470e0b0e1bcaea
,,,冗余三元组,23.0,12.0,是,enhanced_extraction,0a3718f2270cd88bce87a2e064f1e7d8edb129a7eb22cc17cdcf4c2fe624f4de
,,,冗余三元组,11.0,10.0,是,enhanced_extraction,dedb686de59beddd23a4bc91a73f8f8de96cfa730f3498d4d83b0e68d45b375f
,,,冗余三元组,12.0,10.0,是,enhanced_extraction,47933e709f6345e74d98bb9156bbf0e61f44ce9e333e1549525f5ce234aaa319
,,,冗余三元组,14.0,8.0,属于,enhanced_extraction,d10f1597afa51269260953fd79cde77b522b89ae582a5144510b0eb306269ab8
,,,冗余三元组,7.0,6.0,是,enhanced_extraction,2200a0831921dffb7aeae867bab55a8fb338e08dad663234d036af19f36ad136
,,,冗余三元组,8.0,48.0,涉及行为,enhanced_extraction,91903180bb8e5ef72ac4533ba145e91e6a5da3662a5ecddeee05561aa59217f6
,,,冗余三元组,7.0,6.0,类型,enhanced_extraction,5272859ffeba39ea0c18209c4b1132626ac359559543a52f190519cf9e85bf91
,,,冗余三元组,3.0,43.0,依据,enhanced_extraction,203615ded48abafa645940ac1d96cc78d22cffe4965e03318f458ed93ce8d72d
,,,冗余三元组,23.0,8.0,行驶主体,enhanced_extraction,190bd2581e211642941e456430026d0e53f5cc20ea4fda9f0abb28429ff9a352
,,,冗余三元组,23.0,8.0,承办机构,enhanced_extraction,c4f931334bf1748408b2ea285bfb1341eacfc2c76a021a14d851a92e2174d324
,,,冗余三元组,8.0,180.0,类型,enhanced_extraction,8c5b807bbaade3bd07d0b4a27e5abe537545267a4a1ddf53791bca4f1358a857
,,,冗余三元组,6.0,7.0,类型,enhanced_extraction,58054740087239687c92a85aac286f57d4432b98f6e794aeff8ce887be05444a
,,,冗余三元组,23.0,19.0,类型,enhanced_extraction,be40e7d0766488504deba8012ef934cbadb33058b7641855bd00854b4cfa3d1b
,,,冗余三元组,43.0,47.0,类型,enhanced_extraction,ead5e9ceb2e84b4912153d30992a12098dd67af41eed32bf3fe93784d22ce3d3
,,,冗余三元组,23.0,8.0,执行,enhanced_extraction,b7e171083f741dc94c7f243061c7a1a8dadaaa67ef509ee697ee92fca2958df4
,,,冗余三元组,23.0,11.0,是,enhanced_extraction,8d57f53ce4c7283ec088fd9a43d5cf22126587e0d0c70cbc3d5e4698411f0954
,,,冗余三元组,23.0,12.0,是,enhanced_extraction,0a3718f2270cd88bce87a2e064f1e7d8edb129a7eb22cc17cdcf4c2fe624f4de
,,,冗余三元组,3.0,55.0,是,enhanced_extraction,f52a222dde5a90e16fafde112a78ee9e3446327c13259827b96065b2063f5d30
,,,冗余三元组,14.0,8.0,是,enhanced_extraction,fbdd7ca9f67db87a505edbcd12f85f779c5175f8161cb1fdf53bd3401c4d49fa
,,,冗余三元组,8.0,93.0,包括,enhanced_extraction,e80239eab871428b60803b9f8b5063c54bcc3be36a3d26315c648c77337520e0
,,,冗余三元组,7.0,6.0,是,enhanced_extraction,2200a0831921dffb7aeae867bab55a8fb338e08dad663234d036af19f36ad136
,,,冗余三元组,11.0,27.0,是,enhanced_extraction,7f7f12ca6562a5627998feae8e2a6667bbe3d3291d34e498e65ad39656d41b4e
,,,冗余三元组,8.0,6.0,类型,enhanced_extraction,6fac4687d6b2fff7cbc5128ea92cdd84df1cbb232d6c51fd3ff6ee13154cbb0e
,,,冗余三元组,93.0,41.0,类型,enhanced_extraction,08ec0213a5d7da86e1f67ac4566f477b18f8a11ae7372706b8613d0559b824bd
,,,冗余三元组,6.0,7.0,类型,enhanced_extraction,58054740087239687c92a85aac286f57d4432b98f6e794aeff8ce887be05444a
,,,冗余三元组,7.0,150.0,类型,enhanced_extraction,e957b07cd2e0be1b890c678ee611f5b25115470ba94c0bb5254781772bff4983
,,,冗余三元组,54.0,6.0,行驶主体,enhanced_extraction,49a222700253b6a9fb81f9f5ca7a64ad85c42ae28cf457d49028afcf67f073cc
,,,冗余三元组,54.0,6.0,承办机构,enhanced_extraction,b4daf495a214062eb0b21dc986c49ce659f0812c28ff9ea23a2f5618a48027cd
,,,冗余三元组,7.0,6.0,是,enhanced_extraction,2200a0831921dffb7aeae867bab55a8fb338e08dad663234d036af19f36ad136
,,,冗余三元组,8.0,76.0,针对,enhanced_extraction,db55aba044b9daaeb4155a5f9a3d1736527f300a6c55bc9580362a4552491a91
,,,冗余三元组,3.0,55.0,依据,enhanced_extraction,b7fad93a8f1ebbdc8e3cf043e3b5831a9b366fd0f07e085e2fe21d03fcad07a3
,,,冗余三元组,8.0,78.0,包含,enhanced_extraction,c315c8332e0b47279583d44d38d8cc7c2a4220dec25bc2767f562e0fec9e2d9b
,,,冗余三元组,3.0,73.0,是,enhanced_extraction,40f2a35de569d5a8b6543a08fe02dff64e1b2c1955f4df1c476783878a9a523c
,,,冗余三元组,58.0,11.0,是,enhanced_extraction,42fbc8ccf40f9db36bb499be7dad15278c00b69e7366f905d06058b6332d5fca
,,,冗余三元组,58.0,12.0,是,enhanced_extraction,8654c5970d52793d369288112ee7cee3a9d33ee34efa7e36fad9de7b5588bba4
,,,冗余三元组,144.0,3.0,是,enhanced_extraction,de5cd271f9590e766be5d2972e1115656ace35c775f059e159ee4ee41cf6ef54
,,,冗余三元组,23.0,6.0,承办机构,enhanced_extraction,c643dc625c96623c2d8f05a6d5876776eb5261c970b2c5783dcf04866fac927c
,,,冗余三元组,7.0,6.0,类型,enhanced_extraction,5272859ffeba39ea0c18209c4b1132626ac359559543a52f190519cf9e85bf91
,,,冗余三元组,107.0,8.0,行驶主体,enhanced_extraction,481e5b01de3af0447ae4a9e865ff74b3cd34b97d2ad7387946f33caab52213f9
,,,冗余三元组,107.0,8.0,承办机构,enhanced_extraction,0c5403f911140ecebc4f8e2ecc28dca1f99b8fcd49d1ac97f8a9da2729f54a0d
,,,冗余三元组,3.0,32.0,依据,enhanced_extraction,14342a9d1a85a8d4be6dd92de80b6df237a7bb294daafb48b4fe92880559ec69
,,,冗余三元组,8.0,76.0,涉及行为,enhanced_extraction,9cb51e8e66c4b7fb5060068e1bffacfdfff5ef4593e7b470f6ab858c28ed2fb9
,,,冗余三元组,6.0,10.0,由,enhanced_extraction,7682f116c7dad259a2fe2412870f1a122f114f591835901ae071909f8f04533d
,,,冗余三元组,10.0,11.0,是,enhanced_extraction,44a8fa7ea54ec2e41111a4f5dc6a9811dee8aa3aa19fb306f9177dfc86a9aea9
,,,冗余三元组,10.0,12.0,是,enhanced_extraction,5685048eee09443075c8267348da279f187feca2489e03d24547b5838f5b804a
,,,冗余三元组,10.0,8.0,实施,enhanced_extraction,473ff4eb785331b6cebfcbad3a6dc282656a6300bf80b2b3f39d83e39f9353b2
,,,冗余三元组,8.0,115.0,涉及问题,enhanced_extraction,697a5b6ba1f6db911a729da772b69bc7092cfcc28091d451f411adf62d985843
,,,冗余三元组,6.0,8.0,权力类型,enhanced_extraction,32e8a27f6efa3168f7b83cec98c6c3f135d9e7ed4abe4e365bb569a11b0b970c
,,,冗余三元组,27.0,8.0,行驶主体,enhanced_extraction,6bdc23dd0ce2ac7288c4bb62e712ce5558ef4047f87d2308cebfc9a72ca13715
,,,冗余三元组,27.0,8.0,承办机构,enhanced_extraction,6889f4ea2e4e0a8d0414afd0cc1413f9aa7f6f480f26122643ea762b8e083496
,,,冗余三元组,8.0,6.0,类型,enhanced_extraction,6fac4687d6b2fff7cbc5128ea92cdd84df1cbb232d6c51fd3ff6ee13154cbb0e
,,,冗余三元组,27.0,8.0,执行,enhanced_extraction,0098f38cc2022e60576cc213d8c9f18cebe66c2e7a31304f7db924d26c20b93a
,,,冗余三元组,8.0,6.0,类型,enhanced_extraction,6fac4687d6b2fff7cbc5128ea92cdd84df1cbb232d6c51fd3ff6ee13154cbb0e
,,,冗余三元组,107.0,8.0,行使,enhanced_extraction,4e61ec4e4b77f475a0875f395a0399a12fd0c351e129726b220988b6ccd155f7
,,,冗余三元组,8.0,85.0,涉及事项,enhanced_extraction,1e2f3872b5d0ecbfd62f9a34de450ebbb92b61f33cdb582d8a38aa712718c1b9
,,,冗余三元组,6.0,8.0,权力类型,enhanced_extraction,32e8a27f6efa3168f7b83cec98c6c3f135d9e7ed4abe4e365bb569a11b0b970c
,,,冗余三元组,27.0,8.0,行驶主体,enhanced_extraction,6bdc23dd0ce2ac7288c4bb62e712ce5558ef4047f87d2308cebfc9a72ca13715
,,,冗余三元组,27.0,8.0,承办机构,enhanced_extraction,6889f4ea2e4e0a8d0414afd0cc1413f9aa7f6f480f26122643ea762b8e083496
,,,冗余三元组,8.0,6.0,类型,enhanced_extraction,6fac4687d6b2fff7cbc5128ea92cdd84df1cbb232d6c51fd3ff6ee13154cbb0e
,,,冗余三元组,8.0,55.0,实施依据,enhanced_extraction,8a650968d0f6fade1f3318f86cf4fa3cdcb8f8b6a40f25748a6d391a740ec28e
,,,冗余三元组,27.0,8.0,执行,enhanced_extraction,0098f38cc2022e60576cc213d8c9f18cebe66c2e7a31304f7db924d26c20b93a
,,,冗余三元组,14.0,8.0,是,enhanced_extraction,fbdd7ca9f67db87a505edbcd12f85f779c5175f8161cb1fdf53bd3401c4d49fa
,,,冗余三元组,11.0,23.0,是,enhanced_extraction,2dd2c40157fd1af558a48083601bc018aed6d4f9e298f4c1091193e796fee7f3
,,,冗余三元组,3.0,144.0,是,enhanced_extraction,5b4bc0659bed135a6e08a03cccddae9de8a69910f26413bc6a75df5388eef21b
,,,冗余三元组,8.0,17.0,类型,enhanced_extraction,2136a2b9090d0f8144fa4646d14dbad02f13399667fcea392c4686a3650dc31d
,,,冗余三元组,23.0,19.0,类型,enhanced_extraction,be40e7d0766488504deba8012ef934cbadb33058b7641855bd00854b4cfa3d1b
,,,冗余三元组,144.0,82.0,类型,enhanced_extraction,829dc6b9de974628b1637952e9aa0d02656a4f0ed141cd8a13bf5351ea6cf025
,,,冗余三元组,14.0,20.0,类型,enhanced_extraction,1743010fefbfa3cadde9118558a0e938848ebe24af9ac4461f3db206354e27cc
,,,冗余三元组,2.0,33.0,类型,enhanced_extraction,533c2fee17920d12e566b53d09e5003502a5c6355142d6f92bb4df3ad82eba08
,,,冗余三元组,11.0,21.0,类型,enhanced_extraction,844fee27053023ba415d29e41ccfb1a68ce4e8988aced51b131a67346f972f37
,,,冗余三元组,3.0,63.0,类型,enhanced_extraction,421144dd8c2ce8df35f4cf5b3a63050637053efcf5ad8f11e44388cee0ee9d77
,,,冗余三元组,144.0,3.0,作为,enhanced_extraction,4b89b60f1789b63ddd8ceee0bb984a360994435c65502c5b91405830ea0b98e1
,,,冗余三元组,10.0,6.0,行驶主体,enhanced_extraction,ddcec29b414db72cdbf6516191795f2edfa867a5a0701b88f0375f44a4af1ec7
,,,冗余三元组,10.0,6.0,承办机构,enhanced_extraction,7679928ec4654fbb16244494a155fff909c2f5ed24ee70442c58f96bf1505d6c
,,,冗余三元组,10.0,6.0,执行,enhanced_extraction,34b8e14c27a88b936205f4cf5b3bb48643150b9da007a7e5eb82964c9f1a6ab5
,,,冗余三元组,122.0,29.0,类型,enhanced_extraction,9c913b8612928190b331cf9b340888f31d18de8eb3710a8ba12a97f4b98f8591
,,,冗余三元组,8.0,86.0,涉及事项,enhanced_extraction,c1022a95335427f474636efaa0740987143571dd86d5660aa37dea6f231f7257
,,,冗余三元组,6.0,8.0,权力类型,enhanced_extraction,32e8a27f6efa3168f7b83cec98c6c3f135d9e7ed4abe4e365bb569a11b0b970c
,,,冗余三元组,27.0,8.0,行驶主体,enhanced_extraction,6bdc23dd0ce2ac7288c4bb62e712ce5558ef4047f87d2308cebfc9a72ca13715
,,,冗余三元组,27.0,8.0,承办机构,enhanced_extraction,6889f4ea2e4e0a8d0414afd0cc1413f9aa7f6f480f26122643ea762b8e083496
,,,冗余三元组,8.0,6.0,类型,enhanced_extraction,6fac4687d6b2fff7cbc5128ea92cdd84df1cbb232d6c51fd3ff6ee13154cbb0e
,,,冗余三元组,27.0,8.0,实施,enhanced_extraction,db2ad7cb5744af3d5243656157ceb46d1f2f6c7969426f57ddcfa73608df4849
,,,冗余三元组,81.0,60.0,类型,enhanced_extraction,5b8018606576ca1555d64c1eba543f6fff12ade530587bcbc7bd0b5a1cc9fbc8
,,,冗余三元组,8.0,6.0,类型,enhanced_extraction,6fac4687d6b2fff7cbc5128ea92cdd84df1cbb232d6c51fd3ff6ee13154cbb0e
,,,冗余三元组,2.0,33.0,类型,enhanced_extraction,533c2fee17920d12e566b53d09e5003502a5c6355142d6f92bb4df3ad82eba08
,,,冗余三元组,6.0,7.0,类型,enhanced_extraction,58054740087239687c92a85aac286f57d4432b98f6e794aeff8ce887be05444a
,,,冗余三元组,11.0,175.0,类型,enhanced_extraction,dda147a5d04d7d7cbfe7f403462130ab251cf9166c540f55a583c6989b3b743c
,,,冗余三元组,12.0,175.0,类型,enhanced_extraction,9cc53a40f2638513066ae1d0635f565b5ad454ab02e32e0bfcf569fb83072f83
,,,冗余三元组,3.0,82.0,类型,enhanced_extraction,2a99fcfe06a21800c909d9ce8bd228fcf14cd25989854fb86aeb2ed3991d8197
,,,冗余三元组,8.0,2.0,针对,enhanced_extraction,4e0a90bb3ae42962abac7ef58c0ecf3ee8d24c3cbd24d14286c1b942846d7111
,,,冗余三元组,7.0,6.0,类型,enhanced_extraction,5272859ffeba39ea0c18209c4b1132626ac359559543a52f190519cf9e85bf91
,,,冗余三元组,3.0,144.0,依据,enhanced_extraction,0d0e020e58809691ff3ba90f915715f46ac891dc453f10cebcd4372a366bc784
,,,冗余三元组,7.0,6.0,是,enhanced_extraction,2200a0831921dffb7aeae867bab55a8fb338e08dad663234d036af19f36ad136
,,,冗余三元组,11.0,10.0,是,enhanced_extraction,dedb686de59beddd23a4bc91a73f8f8de96cfa730f3498d4d83b0e68d45b375f
,,,冗余三元组,8.0,6.0,类型,enhanced_extraction,6fac4687d6b2fff7cbc5128ea92cdd84df1cbb232d6c51fd3ff6ee13154cbb0e
,,,冗余三元组,42.0,44.0,类型,enhanced_extraction,9c45dc971dcfced7ffa629586df5413654e7e0d4d70fe20a3b8d6ffae8828a31
,,,冗余三元组,6.0,7.0,类型,enhanced_extraction,58054740087239687c92a85aac286f57d4432b98f6e794aeff8ce887be05444a
,,,冗余三元组,10.0,8.0,行使,enhanced_extraction,6efa45b0f70cd2c75926d5b411ceaf9e4ab6d2e14eaa15650767711fd49f8167
,,,冗余三元组,10.0,8.0,行驶主体,enhanced_extraction,dbdf9013e94e2f8a4f96b11b56813f11346693a948c2638f8bc0c6bbb39b80d9
,,,冗余三元组,10.0,8.0,承办机构,enhanced_extraction,9099513cb23185a724b8a4ac96c8da632244c7a5c49e3b156cd98811a5707847
,,,冗余三元组,8.0,6.0,属于,enhanced_extraction,c18b3f309f5e1e78e302a845b3d22a3666d412c346cbe019737653739c05dc2f
,,,冗余三元组,8.0,39.0,依据,enhanced_extraction,0bf2707fe651b93d3c2f60149be13979c15008f25ea9cbfaf6ac5a68df913b8c
,,,冗余三元组,14.0,8.0,是,enhanced_extraction,fbdd7ca9f67db87a505edbcd12f85f779c5175f8161cb1fdf53bd3401c4d49fa
,,,冗余三元组,7.0,6.0,是,enhanced_extraction,2200a0831921dffb7aeae867bab55a8fb338e08dad663234d036af19f36ad136
,,,冗余三元组,8.0,6.0,类型,enhanced_extraction,6fac4687d6b2fff7cbc5128ea92cdd84df1cbb232d6c51fd3ff6ee13154cbb0e
,,,冗余三元组,96.0,41.0,类型,enhanced_extraction,47cdc42e752e8ddb3f5a3a5d5945a3b217b797a87ee1942c02f533b7d54f0ff5
,,,冗余三元组,6.0,7.0,类型,enhanced_extraction,58054740087239687c92a85aac286f57d4432b98f6e794aeff8ce887be05444a
,,,冗余三元组,54.0,19.0,类型,enhanced_extraction,a00bbd16924a2f74e853ebb9b5680d2e957ac364643937685fa24653e3758835
,,,冗余三元组,14.0,20.0,类型,enhanced_extraction,1743010fefbfa3cadde9118558a0e938848ebe24af9ac4461f3db206354e27cc
,,,冗余三元组,11.0,189.0,类型,enhanced_extraction,aadf2fa570919afec33008ad2e991d13f09a72820b244cce250ef9fef468be6a
,,,冗余三元组,12.0,19.0,类型,enhanced_extraction,cff59af3ab539c6c0c8b44d30c6d8a017cb72fb5fdc54bfecab04f8eb47e72e4
,,,冗余三元组,8.0,34.0,涉及事项,enhanced_extraction,333f492a670bb80c106cdaac3ebdcdd39702e637f379a616c408421876e55e15
,,,冗余三元组,6.0,8.0,权力类型,enhanced_extraction,32e8a27f6efa3168f7b83cec98c6c3f135d9e7ed4abe4e365bb569a11b0b970c
,,,冗余三元组,23.0,8.0,行驶主体,enhanced_extraction,190bd2581e211642941e456430026d0e53f5cc20ea4fda9f0abb28429ff9a352
,,,冗余三元组,23.0,8.0,承办机构,enhanced_extraction,c4f931334bf1748408b2ea285bfb1341eacfc2c76a021a14d851a92e2174d324
,,,冗余三元组,8.0,6.0,类型,enhanced_extraction,6fac4687d6b2fff7cbc5128ea92cdd84df1cbb232d6c51fd3ff6ee13154cbb0e
,,,冗余三元组,8.0,43.0,实施依据,enhanced_extraction,d5f73bcc4fd76e5bb3f68a975be348fd1cf1ab12b3d00243912373d02aedbeeb
,,,冗余三元组,14.0,8.0,是,enhanced_extraction,fbdd7ca9f67db87a505edbcd12f85f779c5175f8161cb1fdf53bd3401c4d49fa
,,,冗余三元组,7.0,6.0,是,enhanced_extraction,2200a0831921dffb7aeae867bab55a8fb338e08dad663234d036af19f36ad136
,,,冗余三元组,11.0,27.0,是,enhanced_extraction,7f7f12ca6562a5627998feae8e2a6667bbe3d3291d34e498e65ad39656d41b4e
,,,冗余三元组,3.0,79.0,是,enhanced_extraction,2a4a29b9d15162e5663ff157dc826dd63aefc77e9b5b26af9ac2136ae9ffc5b5
,,,冗余三元组,7.0,6.0,是,enhanced_extraction,2200a0831921dffb7aeae867bab55a8fb338e08dad663234d036af19f36ad136
,,,冗余三元组,8.0,6.0,类型,enhanced_extraction,6fac4687d6b2fff7cbc5128ea92cdd84df1cbb232d6c51fd3ff6ee13154cbb0e
,,,冗余三元组,42.0,44.0,类型,enhanced_extraction,9c45dc971dcfced7ffa629586df5413654e7e0d4d70fe20a3b8d6ffae8828a31
,,,冗余三元组,6.0,7.0,类型,enhanced_extraction,58054740087239687c92a85aac286f57d4432b98f6e794aeff8ce887be05444a
,,,冗余三元组,58.0,6.0,行使,enhanced_extraction,cc74c220faea5a0a265dcd0ef4540ff2f021f087f77dc7900a99798cbbe69f85
,,,冗余三元组,8.0,86.0,涉及事项,enhanced_extraction,c1022a95335427f474636efaa0740987143571dd86d5660aa37dea6f231f7257
,,,冗余三元组,6.0,8.0,权力类型,enhanced_extraction,32e8a27f6efa3168f7b83cec98c6c3f135d9e7ed4abe4e365bb569a11b0b970c
,,,冗余三元组,5.0,6.0,行驶主体,enhanced_extraction,5b67ac23dfad0844b288da902acb39a310c3ae5acc9739557ad43aa464c365cf
,,,冗余三元组,5.0,6.0,承办机构,enhanced_extraction,04c52c045b0856bab6bf5aa6c613f8bca18aa29ea351f668e4a92e5176be72c5
,,,冗余三元组,8.0,6.0,类型,enhanced_extraction,6fac4687d6b2fff7cbc5128ea92cdd84df1cbb232d6c51fd3ff6ee13154cbb0e
,,,冗余三元组,5.0,6.0,执行,enhanced_extraction,1f89a28e29b72a92a98c035f821566b358c62e362464a8b863a1e1715da7ed05
,,,冗余三元组,45.0,6.0,行驶主体,enhanced_extraction,d41d3162eab0dd1019e93e479dc0bf7881a152e6329b20034766ed3267e52518
,,,冗余三元组,45.0,6.0,承办机构,enhanced_extraction,112795a4651d68041634c61d9b3ce85afa401cb0cbf671dc6a96aa1ff31c0397
,,,冗余三元组,27.0,6.0,执行,enhanced_extraction,8f5f573c32fe6b3d87f878ceaaedd8145737b7e6302c512e4b6b30b6a6e931b0
,,,冗余三元组,8.0,85.0,涉及事项,enhanced_extraction,1e2f3872b5d0ecbfd62f9a34de450ebbb92b61f33cdb582d8a38aa712718c1b9
,,,冗余三元组,6.0,8.0,权力类型,enhanced_extraction,32e8a27f6efa3168f7b83cec98c6c3f135d9e7ed4abe4e365bb569a11b0b970c
,,,冗余三元组,8.0,6.0,类型,enhanced_extraction,6fac4687d6b2fff7cbc5128ea92cdd84df1cbb232d6c51fd3ff6ee13154cbb0e
,,,冗余三元组,81.0,8.0,执行,enhanced_extraction,373ef98a2aac6d3f81ec002017a37e4677e7686b804ad17a3ebaf2b0f0dafdad
,,,冗余三元组,14.0,91.0,是,enhanced_extraction,0de9ba4e64acab89406a91fa0fcc19d58e0485e5af0750ce886b208856810a8a
,,,冗余三元组,7.0,6.0,是,enhanced_extraction,2200a0831921dffb7aeae867bab55a8fb338e08dad663234d036af19f36ad136
,,,冗余三元组,11.0,107.0,是,enhanced_extraction,901f76db8b62e4ffd527d4b57b3f0bff1032cab6873441370b256e3b09d0aeef
,,,冗余三元组,12.0,107.0,是,enhanced_extraction,a5057cb3a530a4a2e8cb05bd7199affa424ff8201b222cf9a4fc8e3aff71c017
,,,冗余三元组,8.0,105.0,涉及事项,enhanced_extraction,63547c037c6074f90e935f4c9ce221f41afc9180e5eb243fae1a398614f18300
,,,冗余三元组,11.0,10.0,是,enhanced_extraction,dedb686de59beddd23a4bc91a73f8f8de96cfa730f3498d4d83b0e68d45b375f
,,,冗余三元组,12.0,10.0,是,enhanced_extraction,47933e709f6345e74d98bb9156bbf0e61f44ce9e333e1549525f5ce234aaa319
,,,冗余三元组,3.0,144.0,是,enhanced_extraction,5b4bc0659bed135a6e08a03cccddae9de8a69910f26413bc6a75df5388eef21b
,,,冗余三元组,8.0,6.0,权力类型,enhanced_extraction,f8a083553843bc10eace9a3e8ba3284e19d54e269f2f6eb5aa3a3ccfbc65d72c
,,,冗余三元组,8.0,93.0,涉及事项,enhanced_extraction,f9f1cdbfb363face6d351175392e8d75dcdcb7dbf22b29c69acb02974464be66
,,,冗余三元组,6.0,8.0,权力类型,enhanced_extraction,32e8a27f6efa3168f7b83cec98c6c3f135d9e7ed4abe4e365bb569a11b0b970c
,,,冗余三元组,107.0,6.0,行驶主体,enhanced_extraction,7cadad84ef2db0b05faf15f8f710eacdb5edcd0e4e64675973174b1b2e6b0e31
,,,冗余三元组,107.0,6.0,承办机构,enhanced_extraction,b432b11dff47bdfe46e2fb9b96780fe0ed35722a2475db7128c11ce3a5b78f88
,,,冗余三元组,58.0,6.0,行驶主体,enhanced_extraction,8c40dfa07e2688c320ea6dffc5b8297f8be09c6561a6878fd9bfac742304ef9c
,,,冗余三元组,58.0,6.0,承办机构,enhanced_extraction,436e335b7ec83d5fde556b6dedb6cdc1f78f6640cc8984bb5d39d4cc69d4ea8a
,,,冗余三元组,8.0,34.0,涉及事项,enhanced_extraction,333f492a670bb80c106cdaac3ebdcdd39702e637f379a616c408421876e55e15
,,,冗余三元组,6.0,8.0,权力类型,enhanced_extraction,32e8a27f6efa3168f7b83cec98c6c3f135d9e7ed4abe4e365bb569a11b0b970c
,,,冗余三元组,90.0,6.0,实施依据,enhanced_extraction,610fa6f82bfe4d104265f126dd5db767af794905151ff8db334e745578df7de4
,,,冗余三元组,8.0,105.0,涉及事项,enhanced_extraction,63547c037c6074f90e935f4c9ce221f41afc9180e5eb243fae1a398614f18300
,,,冗余三元组,6.0,8.0,权力类型,enhanced_extraction,32e8a27f6efa3168f7b83cec98c6c3f135d9e7ed4abe4e365bb569a11b0b970c
,,,冗余三元组,8.0,6.0,类型,enhanced_extraction,6fac4687d6b2fff7cbc5128ea92cdd84df1cbb232d6c51fd3ff6ee13154cbb0e
,,,冗余三元组,8.0,32.0,依据,enhanced_extraction,30bab9cbb549843966728e2c3ceb50cc595c00296ed05ee4e9a0670ccc833cea
,,,冗余三元组,54.0,8.0,行驶主体,enhanced_extraction,bd35d43a56f546114ecf0077accb627606cbac7639319aa54e60c39e17a8aa4b
,,,冗余三元组,54.0,8.0,承办机构,enhanced_extraction,e20a54813c4d2b25317ce7a2973804f02ae20053ef3ce2b3317466bdeff2e754
,,,冗余三元组,8.0,48.0,服务事项,enhanced_extraction,61fd4563fea57b7da023295f13a1b3305b09f68a5dc83b1175a2b5f1933fa3c7
,,,冗余三元组,6.0,8.0,权力类型,enhanced_extraction,32e8a27f6efa3168f7b83cec98c6c3f135d9e7ed4abe4e365bb569a11b0b970c
,,,冗余三元组,45.0,8.0,行驶主体,enhanced_extraction,9e21e8794ecff17057a8cfc6619ef8d0b5bb3faba963dcb12c6a0a7b888f83fa
,,,冗余三元组,45.0,8.0,承办机构,enhanced_extraction,44b09becce10890a28af71b1b655d2964a80aa554a2a9cff154f3352aebfa9b9
,,,冗余三元组,8.0,6.0,类型,enhanced_extraction,6fac4687d6b2fff7cbc5128ea92cdd84df1cbb232d6c51fd3ff6ee13154cbb0e
,,,冗余三元组,45.0,6.0,执行,enhanced_extraction,96c2c89a207290c4ed13f5b8b1a61bafe38676d907185122623046c220d976d3
,,,冗余三元组,6.0,8.0,权力类型,enhanced_extraction,32e8a27f6efa3168f7b83cec98c6c3f135d9e7ed4abe4e365bb569a11b0b970c
,,,冗余三元组,10.0,6.0,行驶主体,enhanced_extraction,ddcec29b414db72cdbf6516191795f2edfa867a5a0701b88f0375f44a4af1ec7
,,,冗余三元组,10.0,6.0,承办机构,enhanced_extraction,7679928ec4654fbb16244494a155fff909c2f5ed24ee70442c58f96bf1505d6c
,,,冗余三元组,10.0,6.0,执行,enhanced_extraction,34b8e14c27a88b936205f4cf5b3bb48643150b9da007a7e5eb82964c9f1a6ab5
,,,冗余三元组,8.0,13.0,实施依据,enhanced_extraction,7d3fce78a6ec64d9fc8d8c194f407aad7c68881bc248d9c783fc95248dab2204
,,,冗余三元组,6.0,8.0,权力类型,enhanced_extraction,32e8a27f6efa3168f7b83cec98c6c3f135d9e7ed4abe4e365bb569a11b0b970c
,,,冗余三元组,31.0,6.0,行驶主体,enhanced_extraction,c863fab255b083144e7502cd8b242274faeae8689d30ee563450b7eb63220cf6
,,,冗余三元组,114.0,8.0,是,enhanced_extraction,c4ba6f2554e8aba4360b392e883adf7ea4215855807e897dde3b66697f99fe75
,,,冗余三元组,8.0,6.0,权力类型,enhanced_extraction,f8a083553843bc10eace9a3e8ba3284e19d54e269f2f6eb5aa3a3ccfbc65d72c
,,,冗余三元组,31.0,6.0,执行,enhanced_extraction,fb56962707e90d41f8d0207b1cf442cf0e8651f33bb6a70d57dc98a6757b005f
,,,冗余三元组,8.0,76.0,包含行为,enhanced_extraction,5541e65675eaaeec5b95a1ea8eaa8b0ca43d00ea22d4666ef288050cdf027305
,,,冗余三元组,7.0,6.0,是,enhanced_extraction,2200a0831921dffb7aeae867bab55a8fb338e08dad663234d036af19f36ad136
,,,冗余三元组,12.0,45.0,是,enhanced_extraction,11e2c83cbe122d99717fef39c61a51edf7c8881b5b3a8d4db4f50f4e21d90133
,,,冗余三元组,3.0,39.0,是,enhanced_extraction,7921b0a2fec22f89fe4620bf3f7d8ab0c018f2f0b3f6bde4a935979bd3efa9d7
,,,冗余三元组,8.0,6.0,类型,enhanced_extraction,6fac4687d6b2fff7cbc5128ea92cdd84df1cbb232d6c51fd3ff6ee13154cbb0e
,,,冗余三元组,76.0,44.0,类型,enhanced_extraction,3c1ba8d8dfb92ac73f538f891a30eb78e1f15084cfdce817f06f82c05bd8a32a
,,,冗余三元组,6.0,7.0,类型,enhanced_extraction,58054740087239687c92a85aac286f57d4432b98f6e794aeff8ce887be05444a
,,,冗余三元组,45.0,19.0,类型,enhanced_extraction,48851d3429ec2c9d1bf076c4d9f9483038e9f4d56322a5293fc3fd6402cb4383
,,,冗余三元组,39.0,82.0,类型,enhanced_extraction,6c03268e7e15cbe94ab86468874a789d0b64aa86d23565c417e9a73628f87fe4
,,,冗余三元组,8.0,39.0,依据,enhanced_extraction,0bf2707fe651b93d3c2f60149be13979c15008f25ea9cbfaf6ac5a68df913b8c
,,,冗余三元组,7.0,6.0,属于,enhanced_extraction,4525edb57d9094267224d08f8d7fc14cfe6596facf6d77d60072aca6a4ee20e1
,,,冗余三元组,11.0,23.0,是,enhanced_extraction,2dd2c40157fd1af558a48083601bc018aed6d4f9e298f4c1091193e796fee7f3
,,,冗余三元组,12.0,23.0,是,enhanced_extraction,52bcd0c4f5ced21567f727c7b9cf51fc071119c7ec568c9516d144c5549472e0
,,,冗余三元组,3.0,119.0,依据,enhanced_extraction,538a18bd7a3211cbb2592418e9412d67f55aa3508aaf8fea482b6a5a8de250df
,,,冗余三元组,8.0,85.0,涉及事项,enhanced_extraction,1e2f3872b5d0ecbfd62f9a34de450ebbb92b61f33cdb582d8a38aa712718c1b9
,,,冗余三元组,6.0,8.0,权力类型,enhanced_extraction,32e8a27f6efa3168f7b83cec98c6c3f135d9e7ed4abe4e365bb569a11b0b970c
,,,冗余三元组,13.0,8.0,实施依据,enhanced_extraction,4b2f8e5116ea24c0a2e92f5bf6be5146a8ffa9c1fa5e2c0d4d00e57d72a050b7
,,,冗余三元组,8.0,6.0,类型,enhanced_extraction,6fac4687d6b2fff7cbc5128ea92cdd84df1cbb232d6c51fd3ff6ee13154cbb0e
,,,冗余三元组,81.0,8.0,执行,enhanced_extraction,373ef98a2aac6d3f81ec002017a37e4677e7686b804ad17a3ebaf2b0f0dafdad
,,,冗余三元组,8.0,105.0,涉及事项,enhanced_extraction,63547c037c6074f90e935f4c9ce221f41afc9180e5eb243fae1a398614f18300
,,,冗余三元组,8.0,6.0,类型,enhanced_extraction,6fac4687d6b2fff7cbc5128ea92cdd84df1cbb232d6c51fd3ff6ee13154cbb0e
,,,冗余三元组,105.0,44.0,类型,enhanced_extraction,a4763f0b5e0743530e768c4c96ad342396e1177c1c9055f256c500611eb48254
,,,冗余三元组,31.0,46.0,类型,enhanced_extraction,b98ba6a6e895a6819f89dcda73974e9ed7326c0fcb1deb682e823260741c30e3
,,,冗余三元组,79.0,47.0,类型,enhanced_extraction,1b6da8fa7e057a3c8d490a7f62aa00a121f5c03654dd0e89e6660531de437dc6
,,,冗余三元组,31.0,8.0,执行,enhanced_extraction,15cdaef0625b5d7d6101551ddfa17e9e928271b9e3aae01e6ede323353af59ae
,,,冗余三元组,10.0,6.0,行使,enhanced_extraction,634a7b7b1ff0138694e9b68dc00ce1defb8a97b68a7494da586c897d86487bd3
,,,冗余三元组,23.0,8.0,行驶主体,enhanced_extraction,190bd2581e211642941e456430026d0e53f5cc20ea4fda9f0abb28429ff9a352
,,,冗余三元组,23.0,8.0,承办机构,enhanced_extraction,c4f931334bf1748408b2ea285bfb1341eacfc2c76a021a14d851a92e2174d324
,,,冗余三元组,8.0,6.0,属于,enhanced_extraction,c18b3f309f5e1e78e302a845b3d22a3666d412c346cbe019737653739c05dc2f
,,,冗余三元组,23.0,11.0,是,enhanced_extraction,8d57f53ce4c7283ec088fd9a43d5cf22126587e0d0c70cbc3d5e4698411f0954
,,,冗余三元组,23.0,12.0,是,enhanced_extraction,0a3718f2270cd88bce87a2e064f1e7d8edb129a7eb22cc17cdcf4c2fe624f4de
,,,冗余三元组,8.0,144.0,依据,enhanced_extraction,a3a5309758f13ab02960a34f1182e16d788812f320c694c08c3ae95cbab9b338
,,,冗余三元组,11.0,107.0,是,enhanced_extraction,901f76db8b62e4ffd527d4b57b3f0bff1032cab6873441370b256e3b09d0aeef
,,,冗余三元组,12.0,107.0,是,enhanced_extraction,a5057cb3a530a4a2e8cb05bd7199affa424ff8201b222cf9a4fc8e3aff71c017
,,,冗余三元组,14.0,131.0,涉及,enhanced_extraction,6e20735c205a35439dc670a2de74628dcd2cbeb4d7b0576a36f1cfdd6b6965ee
,,,冗余三元组,7.0,6.0,类型,enhanced_extraction,5272859ffeba39ea0c18209c4b1132626ac359559543a52f190519cf9e85bf91
,,,冗余三元组,8.0,6.0,类型,enhanced_extraction,6fac4687d6b2fff7cbc5128ea92cdd84df1cbb232d6c51fd3ff6ee13154cbb0e
,,,冗余三元组,107.0,19.0,类型,enhanced_extraction,312a70dbb6938da88ab8b05449c8d8c251743e010805594f285bdf8a78dc8fe4
,,,冗余三元组,102.0,29.0,类型,enhanced_extraction,589b829c92677f9ed2c6e96c11b855626ddf372380a8eaddc9a04f177e020492
,,,冗余三元组,14.0,8.0,类型,enhanced_extraction,7273d19977cc2617ab06d2805641bc4e68275aeed1c4b30b14fa59f28bb64a9a
,,,冗余三元组,7.0,6.0,类型,enhanced_extraction,5272859ffeba39ea0c18209c4b1132626ac359559543a52f190519cf9e85bf91
,,,冗余三元组,3.0,29.0,类型,enhanced_extraction,735e0cfdf6b6b38113b8865e731ab6637a7b0ec5b5d7d8682f84ae563f0a7fb3
,,,冗余三元组,8.0,93.0,涉及事项,enhanced_extraction,f9f1cdbfb363face6d351175392e8d75dcdcb7dbf22b29c69acb02974464be66
,,,冗余三元组,81.0,8.0,承办机构,enhanced_extraction,5dc9781af493a852b27a61a4730e1398193a242de1c3139e8e42d0f0c9da25af
,,,冗余三元组,8.0,40.0,类型,enhanced_extraction,227de17870439cdbabcec76fdeea22f0bf682f49a776a0a36d75fcf4456346bd
,,,冗余三元组,8.0,134.0,涉及内容,enhanced_extraction,f5b1ba341ce025416b9853834277f8fc65b1bd8d6d9ecd7a761863c31a8d8a12
,,,冗余三元组,7.0,6.0,类型,enhanced_extraction,5272859ffeba39ea0c18209c4b1132626ac359559543a52f190519cf9e85bf91
,,,冗余三元组,10.0,4.0,依据,enhanced_extraction,2baa3f739c6c447492b8e569da7b99ae8bfafb83c6dfa8d20ecb4ab47817d1f6
,,,冗余三元组,8.0,166.0,涉及内容,enhanced_extraction,439d4f88c512f7ec0779b14e177917a17e778c51dcfdc048f2abb882856082a0
,,,冗余三元组,7.0,6.0,类型,enhanced_extraction,5272859ffeba39ea0c18209c4b1132626ac359559543a52f190519cf9e85bf91
,,,冗余三元组,11.0,8.0,执行,enhanced_extraction,46faa73dc958b1ad4e0526b09d937ab646ce7a6a698baeffb4c9644b70f3c254
,,,冗余三元组,3.0,59.0,依据,enhanced_extraction,ea5d5b2f384ea5cea601cf3c684cd0785d82be8f0b62f166e10ed84e64cdb328
,,,冗余三元组,58.0,8.0,行驶主体,enhanced_extraction,583d29fb9a2c7fea7396e8bf2437620befc57df279bf2449dfee2b2944fc60e2
,,,冗余三元组,59.0,29.0,类型,enhanced_extraction,94202ebd299409ae13186ed163033fa09131c6ccac6f7624cf21b374dd55026c
,,,冗余三元组,8.0,71.0,涉及,enhanced_extraction,1c6dcc448ff535b50accf30da6961a114ecf146315d368aab339dcd8f0c8df70
,,,冗余三元组,7.0,6.0,是,enhanced_extraction,2200a0831921dffb7aeae867bab55a8fb338e08dad663234d036af19f36ad136
,,,冗余三元组,3.0,79.0,是,enhanced_extraction,2a4a29b9d15162e5663ff157dc826dd63aefc77e9b5b26af9ac2136ae9ffc5b5
,,,冗余三元组,10.0,8.0,行驶主体,enhanced_extraction,dbdf9013e94e2f8a4f96b11b56813f11346693a948c2638f8bc0c6bbb39b80d9
,,,冗余三元组,10.0,8.0,承办机构,enhanced_extraction,9099513cb23185a724b8a4ac96c8da632244c7a5c49e3b156cd98811a5707847
,,,冗余三元组,6.0,7.0,包含,enhanced_extraction,6cbf562d4e69c9927e48a33c857d2b9a135bcc505f083109c9a07ffdc6293668
,,,冗余三元组,79.0,3.0,是,enhanced_extraction,ad38acb9f4aa7b01882571d4c2ab20240ce59468567fbd86828e8b2e608801e0
,,,冗余三元组,54.0,54.0,行使主体,enhanced_extraction,12f1ab711b3a07fe6665a26c4eb1d1814436bfd89b9f1f0b9e224f325de1e6d7
,,,冗余三元组,54.0,54.0,承办机构,enhanced_extraction,46e5a21e029e53b4e268f9ead8f6d38758a52e29ba86bd2b15b7f96c1c328d15
,,,冗余三元组,8.0,99.0,涉及领域,enhanced_extraction,6c09a720f869955a015ff611e1f850eee8fffe084fdf9eeed95b58e7051b6a96
,,,冗余三元组,6.0,8.0,权力类型,enhanced_extraction,32e8a27f6efa3168f7b83cec98c6c3f135d9e7ed4abe4e365bb569a11b0b970c
,,,冗余三元组,27.0,8.0,行驶主体,enhanced_extraction,6bdc23dd0ce2ac7288c4bb62e712ce5558ef4047f87d2308cebfc9a72ca13715
,,,冗余三元组,27.0,8.0,承办机构,enhanced_extraction,6889f4ea2e4e0a8d0414afd0cc1413f9aa7f6f480f26122643ea762b8e083496
,,,冗余三元组,8.0,6.0,类型,enhanced_extraction,6fac4687d6b2fff7cbc5128ea92cdd84df1cbb232d6c51fd3ff6ee13154cbb0e
,,,冗余三元组,59.0,29.0,类型,enhanced_extraction,94202ebd299409ae13186ed163033fa09131c6ccac6f7624cf21b374dd55026c
,,,冗余三元组,27.0,8.0,实施,enhanced_extraction,db2ad7cb5744af3d5243656157ceb46d1f2f6c7969426f57ddcfa73608df4849
,,,冗余三元组,7.0,6.0,属于,enhanced_extraction,4525edb57d9094267224d08f8d7fc14cfe6596facf6d77d60072aca6a4ee20e1
,,,冗余三元组,3.0,59.0,依据,enhanced_extraction,ea5d5b2f384ea5cea601cf3c684cd0785d82be8f0b62f166e10ed84e64cdb328
,,,冗余三元组,31.0,6.0,行驶主体,enhanced_extraction,c863fab255b083144e7502cd8b242274faeae8689d30ee563450b7eb63220cf6
,,,冗余三元组,31.0,6.0,承办机构,enhanced_extraction,4e0b692b485a8f361ee03fd540bafbbdbc9d562372b29b464a10db6c95f16174
,,,冗余三元组,59.0,6.0,实施依据,enhanced_extraction,a2d5d8c1e29f94cf877a45d19624969290b967474b02eac74893339348e6d901
,,,冗余三元组,31.0,6.0,执行,enhanced_extraction,fb56962707e90d41f8d0207b1cf442cf0e8651f33bb6a70d57dc98a6757b005f
,,,冗余三元组,6.0,8.0,权力类型,enhanced_extraction,32e8a27f6efa3168f7b83cec98c6c3f135d9e7ed4abe4e365bb569a11b0b970c
,,,冗余三元组,5.0,8.0,行驶主体,enhanced_extraction,b2d56a00d432177d36b56fc7678770c0dd223102460c2b8b7b9b3bbc4885456c
,,,冗余三元组,5.0,8.0,承办机构,enhanced_extraction,e77e8d7f1a809ac4bbfbf59c7ba2de0414f5e62453d3a9fdc082572da262c08c
,,,冗余三元组,5.0,8.0,行使主体,enhanced_extraction,b8a2035db66968c36e3d85ea895601864f2c24dcbd61495d27fae20f25168578
,,,冗余三元组,6.0,8.0,权力类型,enhanced_extraction,32e8a27f6efa3168f7b83cec98c6c3f135d9e7ed4abe4e365bb569a11b0b970c
,,,冗余三元组,58.0,6.0,行使主体,enhanced_extraction,302d7fb147aa23fe497f001baab4b1728bc2fe4fb08282d72f6a86f569ce0a4a
,,,冗余三元组,58.0,6.0,承办机构,enhanced_extraction,436e335b7ec83d5fde556b6dedb6cdc1f78f6640cc8984bb5d39d4cc69d4ea8a
,,,冗余三元组,8.0,71.0,涉及,enhanced_extraction,1c6dcc448ff535b50accf30da6961a114ecf146315d368aab339dcd8f0c8df70
,,,冗余三元组,144.0,3.0,是,enhanced_extraction,de5cd271f9590e766be5d2972e1115656ace35c775f059e159ee4ee41cf6ef54
,,,冗余三元组,8.0,6.0,类型,enhanced_extraction,6fac4687d6b2fff7cbc5128ea92cdd84df1cbb232d6c51fd3ff6ee13154cbb0e
,,,冗余三元组,54.0,46.0,类型,enhanced_extraction,27412ca142a1ebf44333dd7d33ffc0e9d320fd1ea818f467adac57048717acc6
,,,冗余三元组,144.0,47.0,类型,enhanced_extraction,9f8d156b0f38847ce4d1fefe4308c19628202fef323055ece38af518248149d9
,,,冗余三元组,7.0,68.0,类型,enhanced_extraction,712da6e6e77188487ff06d390f211860cdca4118291ac4cb108823ebd146cf0a
,,,冗余三元组,8.0,6.0,权力类型,enhanced_extraction,f8a083553843bc10eace9a3e8ba3284e19d54e269f2f6eb5aa3a3ccfbc65d72c
,,,冗余三元组,8.0,6.0,类型,enhanced_extraction,6fac4687d6b2fff7cbc5128ea92cdd84df1cbb232d6c51fd3ff6ee13154cbb0e
,,,冗余三元组,107.0,8.0,行使,enhanced_extraction,4e61ec4e4b77f475a0875f395a0399a12fd0c351e129726b220988b6ccd155f7
,,,冗余三元组,8.0,6.0,类型,enhanced_extraction,6fac4687d6b2fff7cbc5128ea92cdd84df1cbb232d6c51fd3ff6ee13154cbb0e
,,,冗余三元组,27.0,46.0,类型,enhanced_extraction,b7ba73caab195a6469717ff866a3368082e834205b5a2f3392b76d710c9b855b
,,,冗余三元组,39.0,82.0,类型,enhanced_extraction,6c03268e7e15cbe94ab86468874a789d0b64aa86d23565c417e9a73628f87fe4
,,,冗余三元组,6.0,7.0,类型,enhanced_extraction,58054740087239687c92a85aac286f57d4432b98f6e794aeff8ce887be05444a
,,,冗余三元组,8.0,14.0,属于,enhanced_extraction,924f3ec4a085b9ebc6cf735864ffe54fdcbb95a77a4bab251500e3726290e009
,,,冗余三元组,27.0,8.0,执行,enhanced_extraction,0098f38cc2022e60576cc213d8c9f18cebe66c2e7a31304f7db924d26c20b93a
,,,冗余三元组,27.0,6.0,执行,enhanced_extraction,8f5f573c32fe6b3d87f878ceaaedd8145737b7e6302c512e4b6b30b6a6e931b0
,,,冗余三元组,39.0,3.0,作为,enhanced_extraction,dd39c105cb46a4d8b2efa6e230329b00486b35bc030f7c8856746d07ccba7f6c
,,,冗余三元组,8.0,115.0,涉及问题,enhanced_extraction,697a5b6ba1f6db911a729da772b69bc7092cfcc28091d451f411adf62d985843
,,,冗余三元组,7.0,6.0,是,enhanced_extraction,2200a0831921dffb7aeae867bab55a8fb338e08dad663234d036af19f36ad136
,,,冗余三元组,11.0,5.0,是,enhanced_extraction,9241a626ee0cd96f0bac6cb4374e8596db0716f93a0ebd523f4e067f661950eb
,,,冗余三元组,12.0,72.0,是,enhanced_extraction,35efa553ffca80e7ebefbb5673b181e192f554f5865be5c42583eb31fddb8f2a
,,,冗余三元组,3.0,43.0,是,enhanced_extraction,3f52ba843d1eea5676245988d7c6e5345710090cc764e4771f0b92cf3ff0c680
,,,冗余三元组,8.0,6.0,类型,enhanced_extraction,6fac4687d6b2fff7cbc5128ea92cdd84df1cbb232d6c51fd3ff6ee13154cbb0e
,,,冗余三元组,6.0,7.0,类型,enhanced_extraction,58054740087239687c92a85aac286f57d4432b98f6e794aeff8ce887be05444a
,,,冗余三元组,8.0,34.0,涉及,enhanced_extraction,af46c423e4d2e2fcdc187955d7b9c7d13334e6f3dc6345bf53c15482328a66bb
,,,冗余三元组,7.0,8.0,属于,enhanced_extraction,6e9fce76b8a3959fa683b18e85eaf952071bfa689c4a9f8fec41f97c8af8b594
,,,冗余三元组,31.0,11.0,是,enhanced_extraction,a288015380f53320ae62f543b9e878f5a3fbe52679fc7ebea0a60e2efb574280
,,,冗余三元组,31.0,12.0,是,enhanced_extraction,a71cddf0acb035b9c7f873b08c451b4daf7c84f5e7b94f15bbd0a7f78dfe2804
,,,冗余三元组,31.0,8.0,执行,enhanced_extraction,15cdaef0625b5d7d6101551ddfa17e9e928271b9e3aae01e6ede323353af59ae
,,,冗余三元组,8.0,37.0,涉及事项,enhanced_extraction,a3568f2e329e6c677aa65af4a20f8c9617754513fef947c68c5dd13f814414d4
,,,冗余三元组,6.0,8.0,权力类型,enhanced_extraction,32e8a27f6efa3168f7b83cec98c6c3f135d9e7ed4abe4e365bb569a11b0b970c
,,,冗余三元组,23.0,6.0,行驶主体,enhanced_extraction,be93a6e0f1475dc79ce09e94cdeb53e7b7a121722ff6da155d4c83585a9a400c
,,,冗余三元组,23.0,6.0,承办机构,enhanced_extraction,c643dc625c96623c2d8f05a6d5876776eb5261c970b2c5783dcf04866fac927c
,,,冗余三元组,39.0,6.0,实施依据,enhanced_extraction,4bf8140cb3f012e083a6df655add0ee27ab09c1f2c6aed9a5db87b55c7428afe
,,,冗余三元组,8.0,6.0,类型,enhanced_extraction,6fac4687d6b2fff7cbc5128ea92cdd84df1cbb232d6c51fd3ff6ee13154cbb0e
,,,冗余三元组,23.0,19.0,类型,enhanced_extraction,be40e7d0766488504deba8012ef934cbadb33058b7641855bd00854b4cfa3d1b
,,,冗余三元组,108.0,82.0,类型,enhanced_extraction,26d71f9ffb58376a5886de27f840765b03c42cb062962df1e3254cbdb32745ab
,,,冗余三元组,37.0,41.0,类型,enhanced_extraction,6a59ca00f652cc91531000d2e22cf7b60ea17feef4e1bbf66d48d6fb92da1233
,,,冗余三元组,6.0,7.0,类型,enhanced_extraction,58054740087239687c92a85aac286f57d4432b98f6e794aeff8ce887be05444a
,,,冗余三元组,23.0,8.0,行驶主体,enhanced_extraction,190bd2581e211642941e456430026d0e53f5cc20ea4fda9f0abb28429ff9a352
,,,冗余三元组,23.0,8.0,承办机构,enhanced_extraction,c4f931334bf1748408b2ea285bfb1341eacfc2c76a021a14d851a92e2174d324
,,,冗余三元组,8.0,37.0,涉及事项,enhanced_extraction,a3568f2e329e6c677aa65af4a20f8c9617754513fef947c68c5dd13f814414d4
,,,冗余三元组,6.0,8.0,权力类型,enhanced_extraction,32e8a27f6efa3168f7b83cec98c6c3f135d9e7ed4abe4e365bb569a11b0b970c
,,,冗余三元组,39.0,8.0,实施依据,enhanced_extraction,4c5b43915c13ecf69552e55e9d4114e4b8c26909883c9c38e16f4f6c63eb0682
,,,冗余三元组,8.0,6.0,类型,enhanced_extraction,6fac4687d6b2fff7cbc5128ea92cdd84df1cbb232d6c51fd3ff6ee13154cbb0e
,,,冗余三元组,81.0,6.0,行使主体,enhanced_extraction,dc9c07b5f6ed64101861143c33ab2d5779470103fcf9604d1cd68a2ac8ff006d
,,,冗余三元组,81.0,6.0,承办机构,enhanced_extraction,3b9e2515823e5034723d455c8e1cd96c33cc86c2d2c8466619e70386555d9ff6
,,,冗余三元组,31.0,6.0,行使,enhanced_extraction,736d6c98997a3408044c824a260bb855508a1d3ef704371d2cef0d4521ae4e54
,,,冗余三元组,6.0,7.0,类型,enhanced_extraction,58054740087239687c92a85aac286f57d4432b98f6e794aeff8ce887be05444a
,,,冗余三元组,54.0,6.0,行使,enhanced_extraction,5c2993b52c01e40c2ff794f27898a156706a1b07c4a107ba14f74e0f59bef5db
,,,冗余三元组,8.0,115.0,涉及问题,enhanced_extraction,697a5b6ba1f6db911a729da772b69bc7092cfcc28091d451f411adf62d985843
,,,冗余三元组,6.0,8.0,权力类型,enhanced_extraction,32e8a27f6efa3168f7b83cec98c6c3f135d9e7ed4abe4e365bb569a11b0b970c
,,,冗余三元组,81.0,8.0,行驶主体,enhanced_extraction,37cc1a08a7dd6385afd5e01a28c8b2e4d2e25c909f0e66b8b6b4696bae5d01f0
,,,冗余三元组,81.0,8.0,承办机构,enhanced_extraction,5dc9781af493a852b27a61a4730e1398193a242de1c3139e8e42d0f0c9da25af
,,,冗余三元组,8.0,6.0,类型,enhanced_extraction,6fac4687d6b2fff7cbc5128ea92cdd84df1cbb232d6c51fd3ff6ee13154cbb0e
,,,冗余三元组,81.0,8.0,执行,enhanced_extraction,373ef98a2aac6d3f81ec002017a37e4677e7686b804ad17a3ebaf2b0f0dafdad
,,,冗余三元组,8.0,32.0,依据,enhanced_extraction,30bab9cbb549843966728e2c3ceb50cc595c00296ed05ee4e9a0670ccc833cea
,,,冗余三元组,11.0,31.0,执行者,enhanced_extraction,4cb3f3163ae47bd2382dbbe72aa8d5fb6358841ba88b041bbf11c420478dd653
,,,冗余三元组,31.0,6.0,行使权力类型,enhanced_extraction,d44132720aba06bb1fca199ca6614cffcf1b9bdb2a084faa4c32bc5dd1cfd782
,,,冗余三元组,31.0,39.0,依据,enhanced_extraction,605cf2ed7cf924f2b1c7b27c8399266d207566630f11e8c84d46cca4b769a7e5
,,,冗余三元组,5.0,6.0,执行,enhanced_extraction,1f89a28e29b72a92a98c035f821566b358c62e362464a8b863a1e1715da7ed05
,,,冗余三元组,6.0,8.0,权力类型,enhanced_extraction,32e8a27f6efa3168f7b83cec98c6c3f135d9e7ed4abe4e365bb569a11b0b970c
,,,冗余三元组,8.0,59.0,依据,enhanced_extraction,7054a679f2771e42bc2e29f2c1f36c11b76dc8471803e456eebeb80ffc88ae4f
,,,冗余三元组,8.0,6.0,类型,enhanced_extraction,6fac4687d6b2fff7cbc5128ea92cdd84df1cbb232d6c51fd3ff6ee13154cbb0e
,,,冗余三元组,59.0,29.0,类型,enhanced_extraction,94202ebd299409ae13186ed163033fa09131c6ccac6f7624cf21b374dd55026c
,,,冗余三元组,8.0,166.0,涉及内容,enhanced_extraction,439d4f88c512f7ec0779b14e177917a17e778c51dcfdc048f2abb882856082a0
,,,冗余三元组,6.0,8.0,权力类型,enhanced_extraction,32e8a27f6efa3168f7b83cec98c6c3f135d9e7ed4abe4e365bb569a11b0b970c
,,,冗余三元组,23.0,8.0,行驶主体,enhanced_extraction,190bd2581e211642941e456430026d0e53f5cc20ea4fda9f0abb28429ff9a352
,,,冗余三元组,23.0,8.0,承办机构,enhanced_extraction,c4f931334bf1748408b2ea285bfb1341eacfc2c76a021a14d851a92e2174d324
,,,冗余三元组,8.0,6.0,类型,enhanced_extraction,6fac4687d6b2fff7cbc5128ea92cdd84df1cbb232d6c51fd3ff6ee13154cbb0e
,,,冗余三元组,8.0,65.0,涉及,enhanced_extraction,d1b4b9f73707ba7097a5d349ebe49646edeeac6d0dc53e12a33d46aff2bde77e
,,,冗余三元组,7.0,6.0,是,enhanced_extraction,2200a0831921dffb7aeae867bab55a8fb338e08dad663234d036af19f36ad136
,,,冗余三元组,11.0,10.0,是,enhanced_extraction,dedb686de59beddd23a4bc91a73f8f8de96cfa730f3498d4d83b0e68d45b375f
,,,冗余三元组,12.0,72.0,是,enhanced_extraction,35efa553ffca80e7ebefbb5673b181e192f554f5865be5c42583eb31fddb8f2a
,,,冗余三元组,3.0,79.0,是,enhanced_extraction,2a4a29b9d15162e5663ff157dc826dd63aefc77e9b5b26af9ac2136ae9ffc5b5
,,,冗余三元组,10.0,12.0,是,enhanced_extraction,5685048eee09443075c8267348da279f187feca2489e03d24547b5838f5b804a
,,,冗余三元组,10.0,7.0,行使,enhanced_extraction,954d9b99bc33d15997534ae0d2dd6046190ee268cb24e57e2d838f3fd7c7d810
,,,冗余三元组,64.0,6.0,类型,enhanced_extraction,027d988cb46d7b730a74051577834905df8857c8a1f499f8cbb72d70082a23c8
,,,冗余三元组,54.0,19.0,类型,enhanced_extraction,a00bbd16924a2f74e853ebb9b5680d2e957ac364643937685fa24653e3758835
,,,冗余三元组,54.0,64.0,行驶主体,enhanced_extraction,eab10d4f425d64f7d2d582202fc60ec7d77c20224f1192c640e4c7ecda8820d0
,,,冗余三元组,54.0,64.0,承办机构,enhanced_extraction,daeaac025535d573bf91e2d649bc77256db44067c0852dac19cc2a97bba08489
,,,冗余三元组,31.0,11.0,是,enhanced_extraction,a288015380f53320ae62f543b9e878f5a3fbe52679fc7ebea0a60e2efb574280
,,,冗余三元组,31.0,12.0,是,enhanced_extraction,a71cddf0acb035b9c7f873b08c451b4daf7c84f5e7b94f15bbd0a7f78dfe2804
,,,冗余三元组,8.0,115.0,涉及问题,enhanced_extraction,697a5b6ba1f6db911a729da772b69bc7092cfcc28091d451f411adf62d985843
,,,冗余三元组,6.0,8.0,权力类型,enhanced_extraction,32e8a27f6efa3168f7b83cec98c6c3f135d9e7ed4abe4e365bb569a11b0b970c
,,,冗余三元组,55.0,6.0,实施依据,enhanced_extraction,51582574b0a333c539e8e5d30c9a7c6b3bd323f4c7033733891f92d6edb839b6
,,,冗余三元组,8.0,6.0,类型,enhanced_extraction,6fac4687d6b2fff7cbc5128ea92cdd84df1cbb232d6c51fd3ff6ee13154cbb0e
,,,冗余三元组,8.0,78.0,包含,enhanced_extraction,c315c8332e0b47279583d44d38d8cc7c2a4220dec25bc2767f562e0fec9e2d9b
,,,冗余三元组,7.0,6.0,是,enhanced_extraction,2200a0831921dffb7aeae867bab55a8fb338e08dad663234d036af19f36ad136
,,,冗余三元组,3.0,79.0,是,enhanced_extraction,2a4a29b9d15162e5663ff157dc826dd63aefc77e9b5b26af9ac2136ae9ffc5b5
,,,冗余三元组,8.0,14.0,属于,enhanced_extraction,924f3ec4a085b9ebc6cf735864ffe54fdcbb95a77a4bab251500e3726290e009
,,,冗余三元组,11.0,12.0,等同于,enhanced_extraction,301a1b968db5f2952324c04c1858c72c0e1fa91c31c622a211d60f845a78cc38
,,,冗余三元组,11.0,27.0,是,enhanced_extraction,7f7f12ca6562a5627998feae8e2a6667bbe3d3291d34e498e65ad39656d41b4e
,,,冗余三元组,12.0,27.0,是,enhanced_extraction,994dc78307cf3b35952e70ed194a9a8a38fc234170c752005213122d229d093d
,,,冗余三元组,8.0,14.0,包含,enhanced_extraction,9361fa3b540ed1cadd837d94bfd56b33628914d565286a5e42820147288b346a
,,,冗余三元组,11.0,12.0,等同于,enhanced_extraction,301a1b968db5f2952324c04c1858c72c0e1fa91c31c622a211d60f845a78cc38
,,,冗余三元组,3.0,13.0,引用,enhanced_extraction,a84fb9c9f9a2e88b41fee8034d15db14d0cbbf36de38f0eb27e8f678406faa0e
,,,冗余三元组,11.0,23.0,是,enhanced_extraction,2dd2c40157fd1af558a48083601bc018aed6d4f9e298f4c1091193e796fee7f3
,,,冗余三元组,12.0,23.0,是,enhanced_extraction,52bcd0c4f5ced21567f727c7b9cf51fc071119c7ec568c9516d144c5549472e0
,,,冗余三元组,3.0,39.0,是,enhanced_extraction,7921b0a2fec22f89fe4620bf3f7d8ab0c018f2f0b3f6bde4a935979bd3efa9d7
,,,冗余三元组,8.0,15.0,涉及行为,enhanced_extraction,051f6a4b1b9c4f0384bfd7edd39a1204c73d5933bdbddfd3dad7bcffa78384a4
,,,冗余三元组,6.0,8.0,权力类型,enhanced_extraction,32e8a27f6efa3168f7b83cec98c6c3f135d9e7ed4abe4e365bb569a11b0b970c
,,,冗余三元组,81.0,8.0,行驶主体,enhanced_extraction,37cc1a08a7dd6385afd5e01a28c8b2e4d2e25c909f0e66b8b6b4696bae5d01f0
,,,冗余三元组,81.0,8.0,承办机构,enhanced_extraction,5dc9781af493a852b27a61a4730e1398193a242de1c3139e8e42d0f0c9da25af
,,,冗余三元组,8.0,6.0,类型,enhanced_extraction,6fac4687d6b2fff7cbc5128ea92cdd84df1cbb232d6c51fd3ff6ee13154cbb0e
,,,冗余三元组,81.0,6.0,行使主体,enhanced_extraction,dc9c07b5f6ed64101861143c33ab2d5779470103fcf9604d1cd68a2ac8ff006d
,,,冗余三元组,81.0,6.0,承办机构,enhanced_extraction,3b9e2515823e5034723d455c8e1cd96c33cc86c2d2c8466619e70386555d9ff6
,,,冗余三元组,8.0,55.0,实施依据,enhanced_extraction,8a650968d0f6fade1f3318f86cf4fa3cdcb8f8b6a40f25748a6d391a740ec28e
,,,冗余三元组,14.0,8.0,是,enhanced_extraction,fbdd7ca9f67db87a505edbcd12f85f779c5175f8161cb1fdf53bd3401c4d49fa
,,,冗余三元组,7.0,6.0,是,enhanced_extraction,2200a0831921dffb7aeae867bab55a8fb338e08dad663234d036af19f36ad136
,,,冗余三元组,11.0,54.0,是,enhanced_extraction,549e416005220dc970bb51881509d18b237d0485fb6036953b0831ef8086df49
,,,冗余三元组,12.0,54.0,是,enhanced_extraction,d0e1c40ec9f02940c43a5e2c47c765d3a9681a78a0368912bf461d7f3268f4ed
,,,冗余三元组,54.0,8.0,负责,enhanced_extraction,0578b0f7a341f94bac9fab50b3a0f7b9578b41a55c52c541496808273afa9a09
,,,冗余三元组,8.0,114.0,涉及事项,enhanced_extraction,5e7ce4419ae3356f89772682116daf0b5b6978c8f582e73d25bc2fce32dac784
,,,冗余三元组,7.0,6.0,是,enhanced_extraction,2200a0831921dffb7aeae867bab55a8fb338e08dad663234d036af19f36ad136
,,,冗余三元组,11.0,31.0,是,enhanced_extraction,dddcf513fdeeba0f49c0fa688846f14fac62a0d876e080bebd6e14d35475dfee
,,,冗余三元组,3.0,144.0,是,enhanced_extraction,5b4bc0659bed135a6e08a03cccddae9de8a69910f26413bc6a75df5388eef21b
,,,冗余三元组,8.0,6.0,类型,enhanced_extraction,6fac4687d6b2fff7cbc5128ea92cdd84df1cbb232d6c51fd3ff6ee13154cbb0e
,,,冗余三元组,114.0,44.0,类型,enhanced_extraction,8012605abf4d5294bfb1553daf5d49a675e1c434340d3aeeb0a671a97344d817
,,,冗余三元组,144.0,82.0,类型,enhanced_extraction,829dc6b9de974628b1637952e9aa0d02656a4f0ed141cd8a13bf5351ea6cf025
,,,冗余三元组,31.0,6.0,行使,enhanced_extraction,736d6c98997a3408044c824a260bb855508a1d3ef704371d2cef0d4521ae4e54
,,,冗余三元组,31.0,6.0,行使权力类型,enhanced_extraction,d44132720aba06bb1fca199ca6614cffcf1b9bdb2a084faa4c32bc5dd1cfd782
,,,冗余三元组,6.0,7.0,属于,enhanced_extraction,13bae8f9b0d126f5709ea2da6ebb32767b1b48e7575f7601bfb316fda4c34774
,,,冗余三元组,79.0,3.0,作为,enhanced_extraction,e80315e8a6b94ab1a2bdfaf726d3c4430390b8985faaba087dc7bbe0d270d7f2
,,,冗余三元组,5.0,8.0,行驶主体,enhanced_extraction,b2d56a00d432177d36b56fc7678770c0dd223102460c2b8b7b9b3bbc4885456c
,,,冗余三元组,5.0,8.0,承办机构,enhanced_extraction,e77e8d7f1a809ac4bbfbf59c7ba2de0414f5e62453d3a9fdc082572da262c08c
,,,冗余三元组,89.0,8.0,导致,enhanced_extraction,9e7f5fda7abb097dbf5e70262bf0fcefe9d86a980269b8b87221a6704e180bf4
,,,冗余三元组,8.0,6.0,属于,enhanced_extraction,c18b3f309f5e1e78e302a845b3d22a3666d412c346cbe019737653739c05dc2f
,,,冗余三元组,14.0,8.0,是,enhanced_extraction,fbdd7ca9f67db87a505edbcd12f85f779c5175f8161cb1fdf53bd3401c4d49fa
,,,冗余三元组,8.0,78.0,包含,enhanced_extraction,c315c8332e0b47279583d44d38d8cc7c2a4220dec25bc2767f562e0fec9e2d9b
,,,冗余三元组,7.0,6.0,是,enhanced_extraction,2200a0831921dffb7aeae867bab55a8fb338e08dad663234d036af19f36ad136
,,,冗余三元组,11.0,121.0,是,enhanced_extraction,fdb2f28c3758f02cf8d7ba6827b5df986e79dbfc7b61f911b609d5a347258781
,,,冗余三元组,12.0,5.0,是,enhanced_extraction,b8fbcb0fef22b7e21ba6fa0460618ec34e68c6f9bd7907b30b7b1440a17a82b4
,,,冗余三元组,3.0,39.0,是,enhanced_extraction,7921b0a2fec22f89fe4620bf3f7d8ab0c018f2f0b3f6bde4a935979bd3efa9d7
,,,冗余三元组,5.0,8.0,行驶主体,enhanced_extraction,b2d56a00d432177d36b56fc7678770c0dd223102460c2b8b7b9b3bbc4885456c
,,,冗余三元组,5.0,6.0,权力类型,enhanced_extraction,6fa28b8b08039e5e8cb06e91f2fa7229e05cdde9506c34954cde7fd996af1ac5
,,,冗余三元组,14.0,64.0,是,enhanced_extraction,7ed6d4b22e1f7fb0ee05b5377ff6ba9980eca6298934651e6eb338955e635065
,,,冗余三元组,7.0,6.0,是,enhanced_extraction,2200a0831921dffb7aeae867bab55a8fb338e08dad663234d036af19f36ad136
,,,冗余三元组,64.0,6.0,类型,enhanced_extraction,027d988cb46d7b730a74051577834905df8857c8a1f499f8cbb72d70082a23c8
,,,冗余三元组,34.0,41.0,类型,enhanced_extraction,e1777f0d47e730c3c530c4d7a8dfb49f2fcdf7db104b98d0bf6af3d6c0e6e70a
,,,冗余三元组,6.0,7.0,类型,enhanced_extraction,58054740087239687c92a85aac286f57d4432b98f6e794aeff8ce887be05444a
,,,冗余三元组,107.0,19.0,类型,enhanced_extraction,312a70dbb6938da88ab8b05449c8d8c251743e010805594f285bdf8a78dc8fe4
,,,冗余三元组,14.0,20.0,类型,enhanced_extraction,1743010fefbfa3cadde9118558a0e938848ebe24af9ac4461f3db206354e27cc
,,,冗余三元组,7.0,6.0,类型,enhanced_extraction,5272859ffeba39ea0c18209c4b1132626ac359559543a52f190519cf9e85bf91
,,,冗余三元组,11.0,19.0,类型,enhanced_extraction,e43400f439abb0a0c41a3cd3c4ad219b85cb1b0fa17c97bd3c2590e4409af3f4
,,,冗余三元组,12.0,19.0,类型,enhanced_extraction,cff59af3ab539c6c0c8b44d30c6d8a017cb72fb5fdc54bfecab04f8eb47e72e4
,,,冗余三元组,8.0,115.0,涉及事项,enhanced_extraction,63f0e01187f139c429541965c40f626c41564a99ace9404069ac791d8b5cf4ee
,,,冗余三元组,6.0,8.0,权力类型,enhanced_extraction,32e8a27f6efa3168f7b83cec98c6c3f135d9e7ed4abe4e365bb569a11b0b970c
,,,冗余三元组,107.0,6.0,行驶主体,enhanced_extraction,7cadad84ef2db0b05faf15f8f710eacdb5edcd0e4e64675973174b1b2e6b0e31
,,,冗余三元组,107.0,6.0,承办机构,enhanced_extraction,b432b11dff47bdfe46e2fb9b96780fe0ed35722a2475db7128c11ce3a5b78f88
,,,冗余三元组,8.0,6.0,类型,enhanced_extraction,6fac4687d6b2fff7cbc5128ea92cdd84df1cbb232d6c51fd3ff6ee13154cbb0e
,,,冗余三元组,31.0,8.0,行使主体,enhanced_extraction,29e14fe4b18bfb93c6131e83562f50f3f0b56a6c2be4e181e58a8a09a6398efe
,,,冗余三元组,31.0,8.0,承办机构,enhanced_extraction,7623b4c5a5dd720be5677480a0306859a8e53153dba6bb31ea852dbd6889baec
,,,冗余三元组,8.0,93.0,涉及事项,enhanced_extraction,f9f1cdbfb363face6d351175392e8d75dcdcb7dbf22b29c69acb02974464be66
,,,冗余三元组,8.0,6.0,类型,enhanced_extraction,6fac4687d6b2fff7cbc5128ea92cdd84df1cbb232d6c51fd3ff6ee13154cbb0e
,,,冗余三元组,93.0,41.0,类型,enhanced_extraction,08ec0213a5d7da86e1f67ac4566f477b18f8a11ae7372706b8613d0559b824bd
,,,冗余三元组,6.0,7.0,类型,enhanced_extraction,58054740087239687c92a85aac286f57d4432b98f6e794aeff8ce887be05444a
,,,冗余三元组,5.0,6.0,行驶主体,enhanced_extraction,5b67ac23dfad0844b288da902acb39a310c3ae5acc9739557ad43aa464c365cf
,,,冗余三元组,5.0,6.0,承办机构,enhanced_extraction,04c52c045b0856bab6bf5aa6c613f8bca18aa29ea351f668e4a92e5176be72c5
,,,冗余三元组,8.0,106.0,涉及内容,enhanced_extraction,8b4b3f585373ffc511aa09ea828054ffa8ae97726a9a163fa8a8b967d3e0fd76
,,,冗余三元组,7.0,6.0,类型,enhanced_extraction,5272859ffeba39ea0c18209c4b1132626ac359559543a52f190519cf9e85bf91
,,,冗余三元组,11.0,8.0,执行,enhanced_extraction,46faa73dc958b1ad4e0526b09d937ab646ce7a6a698baeffb4c9644b70f3c254
,,,冗余三元组,8.0,6.0,类型,enhanced_extraction,6fac4687d6b2fff7cbc5128ea92cdd84df1cbb232d6c51fd3ff6ee13154cbb0e
,,,冗余三元组,7.0,6.0,是,enhanced_extraction,2200a0831921dffb7aeae867bab55a8fb338e08dad663234d036af19f36ad136
,,,冗余三元组,3.0,73.0,是,enhanced_extraction,40f2a35de569d5a8b6543a08fe02dff64e1b2c1955f4df1c476783878a9a523c
,,,冗余三元组,14.0,8.0,是,enhanced_extraction,fbdd7ca9f67db87a505edbcd12f85f779c5175f8161cb1fdf53bd3401c4d49fa
,,,冗余三元组,8.0,30.0,涉及问题,enhanced_extraction,f5912fbdcad4ff97103b0a24f78766a5f93dd6036686d146c7d69fe77d263786
,,,冗余三元组,7.0,6.0,是,enhanced_extraction,2200a0831921dffb7aeae867bab55a8fb338e08dad663234d036af19f36ad136
,,,冗余三元组,6.0,7.0,类型,enhanced_extraction,58054740087239687c92a85aac286f57d4432b98f6e794aeff8ce887be05444a
,,,冗余三元组,45.0,8.0,行驶主体,enhanced_extraction,9e21e8794ecff17057a8cfc6619ef8d0b5bb3faba963dcb12c6a0a7b888f83fa
,,,冗余三元组,45.0,8.0,承办机构,enhanced_extraction,44b09becce10890a28af71b1b655d2964a80aa554a2a9cff154f3352aebfa9b9
,,,冗余三元组,11.0,107.0,是,enhanced_extraction,901f76db8b62e4ffd527d4b57b3f0bff1032cab6873441370b256e3b09d0aeef
,,,冗余三元组,12.0,107.0,是,enhanced_extraction,a5057cb3a530a4a2e8cb05bd7199affa424ff8201b222cf9a4fc8e3aff71c017
,,,冗余三元组,23.0,8.0,行驶主体,enhanced_extraction,190bd2581e211642941e456430026d0e53f5cc20ea4fda9f0abb28429ff9a352
,,,冗余三元组,23.0,8.0,承办机构,enhanced_extraction,c4f931334bf1748408b2ea285bfb1341eacfc2c76a021a14d851a92e2174d324
,,,冗余三元组,23.0,8.0,行驶主体,enhanced_extraction,190bd2581e211642941e456430026d0e53f5cc20ea4fda9f0abb28429ff9a352
,,,冗余三元组,23.0,8.0,承办机构,enhanced_extraction,c4f931334bf1748408b2ea285bfb1341eacfc2c76a021a14d851a92e2174d324
,,,冗余三元组,6.0,8.0,类型,enhanced_extraction,21631237930754b8946c5260cded3e1fb3f82303bea8e073b32cdef549d87b05
,,,冗余三元组,8.0,37.0,涉及事项,enhanced_extraction,a3568f2e329e6c677aa65af4a20f8c9617754513fef947c68c5dd13f814414d4
,,,冗余三元组,6.0,8.0,权力类型,enhanced_extraction,32e8a27f6efa3168f7b83cec98c6c3f135d9e7ed4abe4e365bb569a11b0b970c
,,,冗余三元组,8.0,6.0,类型,enhanced_extraction,6fac4687d6b2fff7cbc5128ea92cdd84df1cbb232d6c51fd3ff6ee13154cbb0e
,,,冗余三元组,90.0,8.0,实施依据,enhanced_extraction,edf6c1bcf6cd82fa4e92b31e2f412fca0b09b13b480b67992be26f72a90ebf47
,,,冗余三元组,8.0,6.0,类型,enhanced_extraction,6fac4687d6b2fff7cbc5128ea92cdd84df1cbb232d6c51fd3ff6ee13154cbb0e
,,,冗余三元组,27.0,146.0,类型,enhanced_extraction,67b0b1fe6ed39c17645bf568fe4206e6c9ce51765f9205932ce5e5d4db5e4ace
,,,冗余三元组,27.0,8.0,行驶主体,enhanced_extraction,6bdc23dd0ce2ac7288c4bb62e712ce5558ef4047f87d2308cebfc9a72ca13715
,,,冗余三元组,27.0,8.0,承办机构,enhanced_extraction,6889f4ea2e4e0a8d0414afd0cc1413f9aa7f6f480f26122643ea762b8e083496
,,,冗余三元组,7.0,6.0,是,enhanced_extraction,2200a0831921dffb7aeae867bab55a8fb338e08dad663234d036af19f36ad136
,,,冗余三元组,3.0,55.0,是,enhanced_extraction,f52a222dde5a90e16fafde112a78ee9e3446327c13259827b96065b2063f5d30
,,,冗余三元组,23.0,6.0,行使,enhanced_extraction,1f74de485baaa27a1330ef6f26bfd4d6a1025bd17128f1fb15035f2a9ff5967e
,,,冗余三元组,8.0,76.0,包含行为,enhanced_extraction,5541e65675eaaeec5b95a1ea8eaa8b0ca43d00ea22d4666ef288050cdf027305
,,,冗余三元组,7.0,6.0,是,enhanced_extraction,2200a0831921dffb7aeae867bab55a8fb338e08dad663234d036af19f36ad136
,,,冗余三元组,3.0,55.0,是,enhanced_extraction,f52a222dde5a90e16fafde112a78ee9e3446327c13259827b96065b2063f5d30
,,,冗余三元组,8.0,6.0,类型,enhanced_extraction,6fac4687d6b2fff7cbc5128ea92cdd84df1cbb232d6c51fd3ff6ee13154cbb0e
,,,冗余三元组,76.0,44.0,类型,enhanced_extraction,3c1ba8d8dfb92ac73f538f891a30eb78e1f15084cfdce817f06f82c05bd8a32a
,,,冗余三元组,6.0,7.0,类型,enhanced_extraction,58054740087239687c92a85aac286f57d4432b98f6e794aeff8ce887be05444a
,,,冗余三元组,31.0,46.0,类型,enhanced_extraction,b98ba6a6e895a6819f89dcda73974e9ed7326c0fcb1deb682e823260741c30e3
,,,冗余三元组,102.0,47.0,类型,enhanced_extraction,e7cf78b328fce0a77812cfff861d23cef90537b5223e0e4be388961841b30d41
,,,冗余三元组,11.0,81.0,是,enhanced_extraction,c67c82b4a7ec0df256a96ad4c9476316dd1327bf51045af6757796f6d86e5a45
,,,冗余三元组,12.0,81.0,是,enhanced_extraction,f84c4cb96ae890bab78e2fc83d76314d421b552c457b81db41075c9fe54c0be2
,,,冗余三元组,7.0,6.0,包含,enhanced_extraction,46a806ea63448f2f08c8900fa9c3721ae11132c9ecbea57b05cc442b2b6b4231
,,,冗余三元组,11.0,27.0,是,enhanced_extraction,7f7f12ca6562a5627998feae8e2a6667bbe3d3291d34e498e65ad39656d41b4e
,,,冗余三元组,12.0,27.0,是,enhanced_extraction,994dc78307cf3b35952e70ed194a9a8a38fc234170c752005213122d229d093d
,,,冗余三元组,3.0,55.0,是,enhanced_extraction,f52a222dde5a90e16fafde112a78ee9e3446327c13259827b96065b2063f5d30
,,,冗余三元组,27.0,6.0,执行,enhanced_extraction,8f5f573c32fe6b3d87f878ceaaedd8145737b7e6302c512e4b6b30b6a6e931b0
,,,冗余三元组,14.0,8.0,是,enhanced_extraction,fbdd7ca9f67db87a505edbcd12f85f779c5175f8161cb1fdf53bd3401c4d49fa
,,,冗余三元组,11.0,116.0,是,enhanced_extraction,f54d9229151002142b9e05a7034fb85164048f0ff9d354a2c3c0a932cef9ad08
,,,冗余三元组,12.0,31.0,是,enhanced_extraction,d25081ca2ff71ee2a320706ed8671654e8c8ce137e4ecc1542b43564c82125b9
,,,冗余三元组,9.0,8.0,导致,enhanced_extraction,a89bd0b55845d26ad2804886137eca24d2b5542277a6f6f66139a11175352dd9
,,,冗余三元组,54.0,11.0,是,enhanced_extraction,43e43d9e2ad831be9d131c845b4a1f37954fff46c2fd5e96ae69af86b9b276d6
,,,冗余三元组,54.0,12.0,是,enhanced_extraction,07faa80b24bb380d086c599b3320794aee5174a3eb46bcbb4f3b2a3a6328d876
,,,冗余三元组,8.0,134.0,涉及内容,enhanced_extraction,f5b1ba341ce025416b9853834277f8fc65b1bd8d6d9ecd7a761863c31a8d8a12
,,,冗余三元组,7.0,6.0,类型,enhanced_extraction,5272859ffeba39ea0c18209c4b1132626ac359559543a52f190519cf9e85bf91
,,,冗余三元组,3.0,90.0,依据,enhanced_extraction,0f65238c5f35619b2afa05c7b6e178df625aee2a7acd1c44ea1fe59c29977b42
,,,冗余三元组,8.0,6.0,类型,enhanced_extraction,6fac4687d6b2fff7cbc5128ea92cdd84df1cbb232d6c51fd3ff6ee13154cbb0e
,,,冗余三元组,54.0,46.0,类型,enhanced_extraction,27412ca142a1ebf44333dd7d33ffc0e9d320fd1ea818f467adac57048717acc6
,,,冗余三元组,7.0,68.0,类型,enhanced_extraction,712da6e6e77188487ff06d390f211860cdca4118291ac4cb108823ebd146cf0a
,,,冗余三元组,6.0,7.0,类型,enhanced_extraction,58054740087239687c92a85aac286f57d4432b98f6e794aeff8ce887be05444a
,,,冗余三元组,8.0,106.0,涉及内容,enhanced_extraction,8b4b3f585373ffc511aa09ea828054ffa8ae97726a9a163fa8a8b967d3e0fd76
,,,冗余三元组,7.0,6.0,类型,enhanced_extraction,5272859ffeba39ea0c18209c4b1132626ac359559543a52f190519cf9e85bf91
,,,冗余三元组,11.0,8.0,执行,enhanced_extraction,46faa73dc958b1ad4e0526b09d937ab646ce7a6a698baeffb4c9644b70f3c254
,,,冗余三元组,12.0,8.0,承办,enhanced_extraction,8be93b08757e1ea8f4ea18a1373bb41fed952e64de1185953672600882f88bd2
,,,冗余三元组,3.0,39.0,依据,enhanced_extraction,b0c1c954b3153185643ee7a401361653e7bf6c45ba9b75392a47c726f8483289
,,,冗余三元组,45.0,8.0,承办机构,enhanced_extraction,44b09becce10890a28af71b1b655d2964a80aa554a2a9cff154f3352aebfa9b9
,,,冗余三元组,45.0,8.0,行驶主体,enhanced_extraction,9e21e8794ecff17057a8cfc6619ef8d0b5bb3faba963dcb12c6a0a7b888f83fa
,,,冗余三元组,45.0,8.0,执行,enhanced_extraction,514977d4f86b6d8ea998ff9b037264920b57f0566b5bf7c825616632b587f4c4
,,,冗余三元组,14.0,8.0,是,enhanced_extraction,fbdd7ca9f67db87a505edbcd12f85f779c5175f8161cb1fdf53bd3401c4d49fa
,,,冗余三元组,11.0,107.0,是,enhanced_extraction,901f76db8b62e4ffd527d4b57b3f0bff1032cab6873441370b256e3b09d0aeef
,,,冗余三元组,12.0,107.0,是,enhanced_extraction,a5057cb3a530a4a2e8cb05bd7199affa424ff8201b222cf9a4fc8e3aff71c017
,,,冗余三元组,3.0,39.0,是,enhanced_extraction,7921b0a2fec22f89fe4620bf3f7d8ab0c018f2f0b3f6bde4a935979bd3efa9d7
,,,冗余三元组,107.0,8.0,负责,enhanced_extraction,44a40a62539cf07dba158ea8785e2ffe2562d8d83bd79466f397704a8c3d180d
,,,冗余三元组,7.0,180.0,是,enhanced_extraction,2a5c2923dbdf039975b5ad5b4f914c70c419714a6a00bd848b899f6657a229f4
,,,冗余三元组,12.0,31.0,是,enhanced_extraction,d25081ca2ff71ee2a320706ed8671654e8c8ce137e4ecc1542b43564c82125b9
,,,冗余三元组,3.0,39.0,是,enhanced_extraction,7921b0a2fec22f89fe4620bf3f7d8ab0c018f2f0b3f6bde4a935979bd3efa9d7
,,,冗余三元组,8.0,42.0,针对,enhanced_extraction,bf33f7131a30fc775f236b43fcfec22c88a48d77c576d924b5c5e5e3930e13e0
,,,冗余三元组,31.0,6.0,行使,enhanced_extraction,736d6c98997a3408044c824a260bb855508a1d3ef704371d2cef0d4521ae4e54
,,,冗余三元组,3.0,39.0,依据,enhanced_extraction,b0c1c954b3153185643ee7a401361653e7bf6c45ba9b75392a47c726f8483289
,,,冗余三元组,8.0,30.0,涉及问题,enhanced_extraction,f5912fbdcad4ff97103b0a24f78766a5f93dd6036686d146c7d69fe77d263786
,,,冗余三元组,7.0,6.0,类型,enhanced_extraction,5272859ffeba39ea0c18209c4b1132626ac359559543a52f190519cf9e85bf91
,,,冗余三元组,8.0,6.0,类型,enhanced_extraction,6fac4687d6b2fff7cbc5128ea92cdd84df1cbb232d6c51fd3ff6ee13154cbb0e
,,,冗余三元组,30.0,33.0,类型,enhanced_extraction,4d019387f57702a250634c143ed5d69740020208b5eea528780834d54c2a95e4
,,,冗余三元组,6.0,7.0,类型,enhanced_extraction,58054740087239687c92a85aac286f57d4432b98f6e794aeff8ce887be05444a
,,,冗余三元组,45.0,19.0,类型,enhanced_extraction,48851d3429ec2c9d1bf076c4d9f9483038e9f4d56322a5293fc3fd6402cb4383
,,,冗余三元组,8.0,85.0,涉及,enhanced_extraction,a7b5c9e206845b1ecacb198317e41b1963d13afd4dbee7856bb05c9a00321f2d
,,,冗余三元组,12.0,45.0,负责,enhanced_extraction,c5a27a29c95ab308aae408a20e9f6fede0610709fa05ea9d699297d7faeded4e
,,,冗余三元组,3.0,4.0,依据,enhanced_extraction,db9406c535d24a61e034b4778f42742cac0dedf5d40f80d5735ba5665ec64fee
,,,冗余三元组,81.0,8.0,行使主体,enhanced_extraction,95b2314ef37ccb89bfb237b160bf88d38b5867aa438ea47ae3778d51c052cf7d
,,,冗余三元组,81.0,8.0,执行,enhanced_extraction,373ef98a2aac6d3f81ec002017a37e4677e7686b804ad17a3ebaf2b0f0dafdad
,,,冗余三元组,8.0,76.0,涉及行为,enhanced_extraction,9cb51e8e66c4b7fb5060068e1bffacfdfff5ef4593e7b470f6ab858c28ed2fb9
,,,冗余三元组,79.0,3.0,是,enhanced_extraction,ad38acb9f4aa7b01882571d4c2ab20240ce59468567fbd86828e8b2e608801e0
,,,冗余三元组,8.0,6.0,类型,enhanced_extraction,6fac4687d6b2fff7cbc5128ea92cdd84df1cbb232d6c51fd3ff6ee13154cbb0e
,,,冗余三元组,76.0,44.0,类型,enhanced_extraction,3c1ba8d8dfb92ac73f538f891a30eb78e1f15084cfdce817f06f82c05bd8a32a
,,,冗余三元组,6.0,7.0,类型,enhanced_extraction,58054740087239687c92a85aac286f57d4432b98f6e794aeff8ce887be05444a
,,,冗余三元组,79.0,82.0,类型,enhanced_extraction,b8beaad00f095c569f4110b15b6a7ee2d43efe563deef7767f33c98ca80fe793
,,,冗余三元组,107.0,8.0,负责,enhanced_extraction,44a40a62539cf07dba158ea8785e2ffe2562d8d83bd79466f397704a8c3d180d
,,,冗余三元组,7.0,6.0,是,enhanced_extraction,2200a0831921dffb7aeae867bab55a8fb338e08dad663234d036af19f36ad136
,,,冗余三元组,11.0,54.0,是,enhanced_extraction,549e416005220dc970bb51881509d18b237d0485fb6036953b0831ef8086df49
,,,冗余三元组,54.0,55.0,依据,enhanced_extraction,14ed2716a8910cbfbeaa5d28801105413d69b4a6ae6754a4620929e6dc66b7f1
,,,冗余三元组,6.0,7.0,属于,enhanced_extraction,13bae8f9b0d126f5709ea2da6ebb32767b1b48e7575f7601bfb316fda4c34774
,,,冗余三元组,90.0,8.0,实施依据,enhanced_extraction,edf6c1bcf6cd82fa4e92b31e2f412fca0b09b13b480b67992be26f72a90ebf47
,,,冗余三元组,81.0,11.0,是,enhanced_extraction,110c0b5c3142d3ac04dddfeab819513e0786a80a6caa071fd3956285fd00df7b
,,,冗余三元组,81.0,12.0,是,enhanced_extraction,601d9ebb0761e3d0d02f005221ae10e78becb0c46d49d8a82704157423bf5ba6
,,,冗余三元组,8.0,114.0,涉及事项,enhanced_extraction,5e7ce4419ae3356f89772682116daf0b5b6978c8f582e73d25bc2fce32dac784
,,,冗余三元组,7.0,6.0,是,enhanced_extraction,2200a0831921dffb7aeae867bab55a8fb338e08dad663234d036af19f36ad136
,,,冗余三元组,107.0,11.0,是,enhanced_extraction,75b72889352555acb15ef190565e1dc73c0293795743f4134463de3542a86e36
,,,冗余三元组,107.0,12.0,是,enhanced_extraction,250ae9f9ac619467d09d63d67cdcf21708d60f57957a6e85f452b783acc7f054
,,,冗余三元组,8.0,6.0,类型,enhanced_extraction,6fac4687d6b2fff7cbc5128ea92cdd84df1cbb232d6c51fd3ff6ee13154cbb0e
,,,冗余三元组,107.0,46.0,类型,enhanced_extraction,51e707583c753ebf5f35d307df8e47a772b7fe70e40d6f9683eabb0f5ee7a069
,,,冗余三元组,243.0,29.0,类型,enhanced_extraction,a5ff7092cbef8d5d34a943c1a0528376b203a822e2debfc499ce1b7ab29e940d
,,,冗余三元组,114.0,44.0,类型,enhanced_extraction,8012605abf4d5294bfb1553daf5d49a675e1c434340d3aeeb0a671a97344d817
,,,冗余三元组,7.0,68.0,类型,enhanced_extraction,712da6e6e77188487ff06d390f211860cdca4118291ac4cb108823ebd146cf0a
,,,冗余三元组,6.0,7.0,类型,enhanced_extraction,58054740087239687c92a85aac286f57d4432b98f6e794aeff8ce887be05444a
,,,冗余三元组,11.0,68.0,类型,enhanced_extraction,5d21e2e0ae60efddb28a29c45c4888e94e52f7cca1d9f70e13673179da506b01
,,,冗余三元组,12.0,68.0,类型,enhanced_extraction,e28266a32d0426ffe22fcad304bb7076eebea29562d1135747f9883774f3827b
,,,冗余三元组,3.0,90.0,依据,enhanced_extraction,0f65238c5f35619b2afa05c7b6e178df625aee2a7acd1c44ea1fe59c29977b42
,,,冗余三元组,8.0,34.0,涉及,enhanced_extraction,af46c423e4d2e2fcdc187955d7b9c7d13334e6f3dc6345bf53c15482328a66bb
,,,冗余三元组,7.0,6.0,是,enhanced_extraction,2200a0831921dffb7aeae867bab55a8fb338e08dad663234d036af19f36ad136
,,,冗余三元组,11.0,23.0,是,enhanced_extraction,2dd2c40157fd1af558a48083601bc018aed6d4f9e298f4c1091193e796fee7f3
,,,冗余三元组,12.0,72.0,是,enhanced_extraction,35efa553ffca80e7ebefbb5673b181e192f554f5865be5c42583eb31fddb8f2a
,,,冗余三元组,3.0,43.0,是,enhanced_extraction,3f52ba843d1eea5676245988d7c6e5345710090cc764e4771f0b92cf3ff0c680
,,,冗余三元组,8.0,6.0,类型,enhanced_extraction,6fac4687d6b2fff7cbc5128ea92cdd84df1cbb232d6c51fd3ff6ee13154cbb0e
,,,冗余三元组,34.0,41.0,类型,enhanced_extraction,e1777f0d47e730c3c530c4d7a8dfb49f2fcdf7db104b98d0bf6af3d6c0e6e70a
,,,冗余三元组,72.0,19.0,类型,enhanced_extraction,2840c1184d69a224a2f62ad278d1a9f26f6b887ca8b9acbdca08f25e9e9c504f
,,,冗余三元组,43.0,82.0,类型,enhanced_extraction,5047fb1aa1154487c23681fe90bf0ff01799fd8a7d1f06769440ba0b6f5e7d15
,,,冗余三元组,14.0,217.0,类型,enhanced_extraction,afc8ea36efab4607864a63719d12c6f404c96c3a2fe8817aed667bddaac39b13
,,,冗余三元组,14.0,8.0,类型,enhanced_extraction,7273d19977cc2617ab06d2805641bc4e68275aeed1c4b30b14fa59f28bb64a9a
,,,冗余三元组,14.0,8.0,是,enhanced_extraction,fbdd7ca9f67db87a505edbcd12f85f779c5175f8161cb1fdf53bd3401c4d49fa
,,,冗余三元组,8.0,114.0,包含,enhanced_extraction,382a67015b365711c8883e0abc789cc8f2ec65c2452223919a0fee48131c7fca
,,,冗余三元组,7.0,6.0,是,enhanced_extraction,2200a0831921dffb7aeae867bab55a8fb338e08dad663234d036af19f36ad136
,,,冗余三元组,11.0,23.0,是,enhanced_extraction,2dd2c40157fd1af558a48083601bc018aed6d4f9e298f4c1091193e796fee7f3
,,,冗余三元组,12.0,23.0,是,enhanced_extraction,52bcd0c4f5ced21567f727c7b9cf51fc071119c7ec568c9516d144c5549472e0
,,,冗余三元组,3.0,32.0,是,enhanced_extraction,88aada700139e662000f7656c0a07210375d016480f7562f444bd208adb02d84
,,,冗余三元组,8.0,6.0,类型,enhanced_extraction,6fac4687d6b2fff7cbc5128ea92cdd84df1cbb232d6c51fd3ff6ee13154cbb0e
,,,冗余三元组,23.0,201.0,类型,enhanced_extraction,deab9e4120bc5e9be95a1f5afd213e251ab1b11a9838101529acaff0d695d1c4
,,,冗余三元组,14.0,91.0,类型,enhanced_extraction,6cfd768a968475172ce300d8a05c21446716a3685d9459bd4b102219e404aa58
,,,冗余三元组,114.0,44.0,类型,enhanced_extraction,8012605abf4d5294bfb1553daf5d49a675e1c434340d3aeeb0a671a97344d817
,,,冗余三元组,7.0,6.0,类型,enhanced_extraction,5272859ffeba39ea0c18209c4b1132626ac359559543a52f190519cf9e85bf91
,,,冗余三元组,8.0,93.0,涉及事项,enhanced_extraction,f9f1cdbfb363face6d351175392e8d75dcdcb7dbf22b29c69acb02974464be66
,,,冗余三元组,81.0,8.0,行驶主体,enhanced_extraction,37cc1a08a7dd6385afd5e01a28c8b2e4d2e25c909f0e66b8b6b4696bae5d01f0
,,,冗余三元组,81.0,8.0,承办机构,enhanced_extraction,5dc9781af493a852b27a61a4730e1398193a242de1c3139e8e42d0f0c9da25af
,,,冗余三元组,8.0,73.0,依据,enhanced_extraction,5e02fe62515b806bf316ac3e5323f739e58c55335ec853c353d3c718d1ae0924
,,,冗余三元组,8.0,6.0,类型,enhanced_extraction,6fac4687d6b2fff7cbc5128ea92cdd84df1cbb232d6c51fd3ff6ee13154cbb0e
,,,冗余三元组,93.0,41.0,类型,enhanced_extraction,08ec0213a5d7da86e1f67ac4566f477b18f8a11ae7372706b8613d0559b824bd
,,,冗余三元组,81.0,60.0,类型,enhanced_extraction,5b8018606576ca1555d64c1eba543f6fff12ade530587bcbc7bd0b5a1cc9fbc8
,,,冗余三元组,73.0,29.0,类型,enhanced_extraction,85ae5be241a8ddc359f4a32c9e2632f674c6a03c5938f9ce5c3e129c536f3a66
,,,冗余三元组,23.0,23.0,行驶主体,enhanced_extraction,00aadb101c55b7506de19d41ca9851fb9c3e2b561fd8140e9d84bf3eb3be6472
,,,冗余三元组,23.0,23.0,承办机构,enhanced_extraction,55a4f285180efba846fb8a6bceab43db28c74cbda81177e6642e918b9516d2a1
,,,冗余三元组,23.0,43.0,依据,enhanced_extraction,f6df473b366d7b5dce76eb39f3f032ad022e59e0e69ade9c9817eb14f65542f4
,,,冗余三元组,23.0,11.0,是,enhanced_extraction,8d57f53ce4c7283ec088fd9a43d5cf22126587e0d0c70cbc3d5e4698411f0954
,,,冗余三元组,23.0,12.0,是,enhanced_extraction,0a3718f2270cd88bce87a2e064f1e7d8edb129a7eb22cc17cdcf4c2fe624f4de
,,,冗余三元组,14.0,8.0,是,enhanced_extraction,fbdd7ca9f67db87a505edbcd12f85f779c5175f8161cb1fdf53bd3401c4d49fa
,,,冗余三元组,7.0,6.0,是,enhanced_extraction,2200a0831921dffb7aeae867bab55a8fb338e08dad663234d036af19f36ad136
,,,冗余三元组,11.0,10.0,是,enhanced_extraction,dedb686de59beddd23a4bc91a73f8f8de96cfa730f3498d4d83b0e68d45b375f
,,,冗余三元组,12.0,10.0,是,enhanced_extraction,47933e709f6345e74d98bb9156bbf0e61f44ce9e333e1549525f5ce234aaa319
,,,冗余三元组,3.0,55.0,是,enhanced_extraction,f52a222dde5a90e16fafde112a78ee9e3446327c13259827b96065b2063f5d30
,,,冗余三元组,10.0,60.0,类型,enhanced_extraction,78441a70a3fbce59179fe4a37dbaaeed34c3b432c1331381c3072b7f3c76ee5d
,,,冗余三元组,102.0,29.0,类型,enhanced_extraction,589b829c92677f9ed2c6e96c11b855626ddf372380a8eaddc9a04f177e020492
,,,冗余三元组,14.0,8.0,类型,enhanced_extraction,7273d19977cc2617ab06d2805641bc4e68275aeed1c4b30b14fa59f28bb64a9a
,,,冗余三元组,8.0,6.0,类型,enhanced_extraction,6fac4687d6b2fff7cbc5128ea92cdd84df1cbb232d6c51fd3ff6ee13154cbb0e
,,,冗余三元组,7.0,68.0,类型,enhanced_extraction,712da6e6e77188487ff06d390f211860cdca4118291ac4cb108823ebd146cf0a
,,,冗余三元组,6.0,7.0,类型,enhanced_extraction,58054740087239687c92a85aac286f57d4432b98f6e794aeff8ce887be05444a
,,,冗余三元组,11.0,68.0,类型,enhanced_extraction,5d21e2e0ae60efddb28a29c45c4888e94e52f7cca1d9f70e13673179da506b01
,,,冗余三元组,12.0,68.0,类型,enhanced_extraction,e28266a32d0426ffe22fcad304bb7076eebea29562d1135747f9883774f3827b
,,,冗余三元组,3.0,68.0,类型,enhanced_extraction,0d6e3c3381d88871fa785115ae86644d9512e3dc9077ce5c50cf96b5d1371b3e
,,,冗余三元组,8.0,93.0,涉及事项,enhanced_extraction,f9f1cdbfb363face6d351175392e8d75dcdcb7dbf22b29c69acb02974464be66
,,,冗余三元组,27.0,8.0,行驶主体,enhanced_extraction,6bdc23dd0ce2ac7288c4bb62e712ce5558ef4047f87d2308cebfc9a72ca13715
,,,冗余三元组,52.0,6.0,类型,enhanced_extraction,291766e44c638f92fa794d8fe234e1be802ab828948a524559a53cb0b7c40416
,,,冗余三元组,6.0,7.0,类型,enhanced_extraction,58054740087239687c92a85aac286f57d4432b98f6e794aeff8ce887be05444a
,,,冗余三元组,72.0,19.0,类型,enhanced_extraction,2840c1184d69a224a2f62ad278d1a9f26f6b887ca8b9acbdca08f25e9e9c504f
,,,冗余三元组,8.0,65.0,涉及方面,enhanced_extraction,988c5f0a16fccb1fc567c01b24afa0cab4225f0699671c0d542d0fbfd8a1871e
,,,冗余三元组,7.0,6.0,类型,enhanced_extraction,5272859ffeba39ea0c18209c4b1132626ac359559543a52f190519cf9e85bf91
,,,冗余三元组,23.0,23.0,行驶主体,enhanced_extraction,00aadb101c55b7506de19d41ca9851fb9c3e2b561fd8140e9d84bf3eb3be6472
,,,冗余三元组,3.0,32.0,依据,enhanced_extraction,14342a9d1a85a8d4be6dd92de80b6df237a7bb294daafb48b4fe92880559ec69
,,,冗余三元组,8.0,6.0,类型,enhanced_extraction,6fac4687d6b2fff7cbc5128ea92cdd84df1cbb232d6c51fd3ff6ee13154cbb0e
,,,冗余三元组,23.0,19.0,类型,enhanced_extraction,be40e7d0766488504deba8012ef934cbadb33058b7641855bd00854b4cfa3d1b
,,,冗余三元组,122.0,29.0,类型,enhanced_extraction,9c913b8612928190b331cf9b340888f31d18de8eb3710a8ba12a97f4b98f8591
,,,冗余三元组,65.0,33.0,类型,enhanced_extraction,430ae7f38adcf1db800fd398176b266e3e42c5af4ece8393fb88d4f8d9aeb326
,,,冗余三元组,7.0,61.0,类型,enhanced_extraction,418f5807bc9b713cd0725b86a13bc5532c8d77b6abddaf12fc47b70786eb781f
,,,冗余三元组,6.0,7.0,类型,enhanced_extraction,58054740087239687c92a85aac286f57d4432b98f6e794aeff8ce887be05444a
,,,冗余三元组,3.0,63.0,类型,enhanced_extraction,421144dd8c2ce8df35f4cf5b3a63050637053efcf5ad8f11e44388cee0ee9d77
,,,冗余三元组,8.0,48.0,涉及,enhanced_extraction,40e72ff42ad2140befef6f7c0dd88d3666cfb6b48fccf098d2cd6a1857cc7f3e
,,,冗余三元组,7.0,6.0,是,enhanced_extraction,2200a0831921dffb7aeae867bab55a8fb338e08dad663234d036af19f36ad136
,,,冗余三元组,11.0,58.0,是,enhanced_extraction,a804f79373098e5aff1ee23a077e7e6028bc0a3564536da60c3317908532d4d9
,,,冗余三元组,12.0,58.0,是,enhanced_extraction,dab5414b75f53cde5064f34fc17d90c18c4057d208f4c405cdde1c7494713085
,,,冗余三元组,3.0,59.0,是,enhanced_extraction,c5c7e73becac3d27cd966f3398e4ff5410365a31826a51102cf44d9b55480003
,,,冗余三元组,58.0,8.0,承办机构,enhanced_extraction,1655806368b90c72c71a83e3444e2bf2281e4f59bb0d578d6a868c65a32e275b
,,,冗余三元组,59.0,8.0,实施依据,enhanced_extraction,132c667f145d181c91a5e9f1aced982f9110945fc0e9481e7d76f68884053c24
,,,冗余三元组,8.0,166.0,涉及内容,enhanced_extraction,439d4f88c512f7ec0779b14e177917a17e778c51dcfdc048f2abb882856082a0
,,,冗余三元组,81.0,8.0,行驶主体,enhanced_extraction,37cc1a08a7dd6385afd5e01a28c8b2e4d2e25c909f0e66b8b6b4696bae5d01f0
,,,冗余三元组,81.0,8.0,承办机构,enhanced_extraction,5dc9781af493a852b27a61a4730e1398193a242de1c3139e8e42d0f0c9da25af
,,,冗余三元组,119.0,6.0,实施依据,enhanced_extraction,e0df13c23b4e3e442b3b431404d93867c2d95e0b9e7ab783a3842aa71e55fee4
,,,冗余三元组,8.0,6.0,属于,enhanced_extraction,c18b3f309f5e1e78e302a845b3d22a3666d412c346cbe019737653739c05dc2f
,,,冗余三元组,81.0,8.0,执行,enhanced_extraction,373ef98a2aac6d3f81ec002017a37e4677e7686b804ad17a3ebaf2b0f0dafdad
,,,冗余三元组,8.0,6.0,类型,enhanced_extraction,6fac4687d6b2fff7cbc5128ea92cdd84df1cbb232d6c51fd3ff6ee13154cbb0e
,,,冗余三元组,45.0,19.0,类型,enhanced_extraction,48851d3429ec2c9d1bf076c4d9f9483038e9f4d56322a5293fc3fd6402cb4383
,,,冗余三元组,207.0,82.0,类型,enhanced_extraction,6885eec78f89cacbe03182ae5e4e9be386467453df98706a21d96828fae4ab5a
,,,冗余三元组,45.0,8.0,执行,enhanced_extraction,514977d4f86b6d8ea998ff9b037264920b57f0566b5bf7c825616632b587f4c4
,,,冗余三元组,8.0,78.0,包含,enhanced_extraction,c315c8332e0b47279583d44d38d8cc7c2a4220dec25bc2767f562e0fec9e2d9b
,,,冗余三元组,7.0,6.0,是,enhanced_extraction,2200a0831921dffb7aeae867bab55a8fb338e08dad663234d036af19f36ad136
,,,冗余三元组,11.0,45.0,是,enhanced_extraction,c664012e2327d817dd45119b34384b2e7e0c179840ef85d3860982c901ad668a
,,,冗余三元组,12.0,45.0,是,enhanced_extraction,11e2c83cbe122d99717fef39c61a51edf7c8881b5b3a8d4db4f50f4e21d90133
,,,冗余三元组,3.0,90.0,是,enhanced_extraction,995e1cd77eec5e05dc7af70a9ffb37baa21b313c8925cfbe1f7332d29eda476f
,,,冗余三元组,45.0,8.0,行驶主体,enhanced_extraction,9e21e8794ecff17057a8cfc6619ef8d0b5bb3faba963dcb12c6a0a7b888f83fa
,,,冗余三元组,45.0,8.0,承办机构,enhanced_extraction,44b09becce10890a28af71b1b655d2964a80aa554a2a9cff154f3352aebfa9b9
,,,冗余三元组,8.0,90.0,实施依据,enhanced_extraction,2e2992c6f95b17206cd6ed5b2f858c0abeffd148e4458fbf0f23cd031a2cea10
,,,冗余三元组,8.0,85.0,涉及问题,enhanced_extraction,edd509344f5e42e9dc35d29af306881e40ebcc8ef81b421f0acccc300f156d02
,,,冗余三元组,6.0,8.0,权力类型,enhanced_extraction,32e8a27f6efa3168f7b83cec98c6c3f135d9e7ed4abe4e365bb569a11b0b970c
,,,冗余三元组,31.0,6.0,行驶主体,enhanced_extraction,c863fab255b083144e7502cd8b242274faeae8689d30ee563450b7eb63220cf6
,,,冗余三元组,31.0,6.0,承办机构,enhanced_extraction,4e0b692b485a8f361ee03fd540bafbbdbc9d562372b29b464a10db6c95f16174
,,,冗余三元组,8.0,6.0,类型,enhanced_extraction,6fac4687d6b2fff7cbc5128ea92cdd84df1cbb232d6c51fd3ff6ee13154cbb0e
,,,冗余三元组,85.0,8.0,问题,enhanced_extraction,c044de9318c382b53b48af4576d4d0ba77db62ec04b9264d465ef94907828960
,,,冗余三元组,31.0,6.0,行使主体,enhanced_extraction,c8e0d9a8f3492723ac5cea1d94b199f003d39d9178edbdea918bb111f19134d5
,,,冗余三元组,55.0,3.0,依据,enhanced_extraction,61e989039d10fcf0537408ad221dbbbe826b7e843156f1c2fedbd9a60993b5c2
,,,冗余三元组,6.0,8.0,权力类型,enhanced_extraction,32e8a27f6efa3168f7b83cec98c6c3f135d9e7ed4abe4e365bb569a11b0b970c
,,,冗余三元组,45.0,8.0,行驶主体,enhanced_extraction,9e21e8794ecff17057a8cfc6619ef8d0b5bb3faba963dcb12c6a0a7b888f83fa
,,,冗余三元组,45.0,8.0,承办机构,enhanced_extraction,44b09becce10890a28af71b1b655d2964a80aa554a2a9cff154f3352aebfa9b9
,,,冗余三元组,31.0,6.0,行使主体,enhanced_extraction,c8e0d9a8f3492723ac5cea1d94b199f003d39d9178edbdea918bb111f19134d5
,,,冗余三元组,31.0,31.0,承办机构,enhanced_extraction,a6622dd10cc68540114f6aa178a0af9a7b724dc3bef1626b4bb58dce64821b66
,,,冗余三元组,7.0,6.0,是,enhanced_extraction,2200a0831921dffb7aeae867bab55a8fb338e08dad663234d036af19f36ad136
,,,冗余三元组,9.0,8.0,导致,enhanced_extraction,a89bd0b55845d26ad2804886137eca24d2b5542277a6f6f66139a11175352dd9
,,,冗余三元组,5.0,6.0,行驶主体,enhanced_extraction,5b67ac23dfad0844b288da902acb39a310c3ae5acc9739557ad43aa464c365cf
,,,冗余三元组,8.0,6.0,权力类型,enhanced_extraction,f8a083553843bc10eace9a3e8ba3284e19d54e269f2f6eb5aa3a3ccfbc65d72c
,,,冗余三元组,5.0,6.0,行使主体,enhanced_extraction,373a4914a932c4ecca464baeb6317a3d9cc6cfa0c7265e5437823cae7c48841d
,,,冗余三元组,5.0,6.0,承办机构,enhanced_extraction,04c52c045b0856bab6bf5aa6c613f8bca18aa29ea351f668e4a92e5176be72c5
,,,冗余三元组,7.0,6.0,是,enhanced_extraction,2200a0831921dffb7aeae867bab55a8fb338e08dad663234d036af19f36ad136
,,,冗余三元组,10.0,8.0,执行,enhanced_extraction,5d6633cee758f6fc40abc7015b446bfd85d245b4f2d717dd2dfb1f7ab02f74ec
,,,冗余三元组,8.0,76.0,涉及行为,enhanced_extraction,9cb51e8e66c4b7fb5060068e1bffacfdfff5ef4593e7b470f6ab858c28ed2fb9
,,,冗余三元组,8.0,6.0,是,enhanced_extraction,4997c66384ce343dd4cc11f2b6c307f2294e621e3adac462eaf26d44cb04bd49
,,,冗余三元组,7.0,6.0,是,enhanced_extraction,2200a0831921dffb7aeae867bab55a8fb338e08dad663234d036af19f36ad136
,,,冗余三元组,3.0,144.0,是,enhanced_extraction,5b4bc0659bed135a6e08a03cccddae9de8a69910f26413bc6a75df5388eef21b
,,,冗余三元组,8.0,6.0,类型,enhanced_extraction,6fac4687d6b2fff7cbc5128ea92cdd84df1cbb232d6c51fd3ff6ee13154cbb0e
,,,冗余三元组,76.0,44.0,类型,enhanced_extraction,3c1ba8d8dfb92ac73f538f891a30eb78e1f15084cfdce817f06f82c05bd8a32a
,,,冗余三元组,6.0,7.0,类型,enhanced_extraction,58054740087239687c92a85aac286f57d4432b98f6e794aeff8ce887be05444a
,,,冗余三元组,31.0,19.0,类型,enhanced_extraction,99a62d4758264b0fb25e5efd890bee656108c02260d3b8d616b3a6a7d18dfc8c
,,,冗余三元组,144.0,82.0,类型,enhanced_extraction,829dc6b9de974628b1637952e9aa0d02656a4f0ed141cd8a13bf5351ea6cf025
,,,冗余三元组,31.0,8.0,行驶主体,enhanced_extraction,a8fd77eea50b1830e1af716e6044425361790eea3f2911f99d5effab83836a88
,,,冗余三元组,31.0,8.0,承办机构,enhanced_extraction,7623b4c5a5dd720be5677480a0306859a8e53153dba6bb31ea852dbd6889baec
,,,冗余三元组,8.0,99.0,涉及领域,enhanced_extraction,6c09a720f869955a015ff611e1f850eee8fffe084fdf9eeed95b58e7051b6a96
,,,冗余三元组,23.0,8.0,行驶主体,enhanced_extraction,190bd2581e211642941e456430026d0e53f5cc20ea4fda9f0abb28429ff9a352
,,,冗余三元组,23.0,8.0,承办机构,enhanced_extraction,c4f931334bf1748408b2ea285bfb1341eacfc2c76a021a14d851a92e2174d324
,,,冗余三元组,8.0,6.0,类型,enhanced_extraction,6fac4687d6b2fff7cbc5128ea92cdd84df1cbb232d6c51fd3ff6ee13154cbb0e
,,,冗余三元组,8.0,71.0,涉及,enhanced_extraction,1c6dcc448ff535b50accf30da6961a114ecf146315d368aab339dcd8f0c8df70
,,,冗余三元组,3.0,39.0,是,enhanced_extraction,7921b0a2fec22f89fe4620bf3f7d8ab0c018f2f0b3f6bde4a935979bd3efa9d7
,,,冗余三元组,7.0,6.0,属于,enhanced_extraction,4525edb57d9094267224d08f8d7fc14cfe6596facf6d77d60072aca6a4ee20e1
,,,冗余三元组,107.0,8.0,负责,enhanced_extraction,44a40a62539cf07dba158ea8785e2ffe2562d8d83bd79466f397704a8c3d180d
,,,冗余三元组,58.0,6.0,行驶主体,enhanced_extraction,8c40dfa07e2688c320ea6dffc5b8297f8be09c6561a6878fd9bfac742304ef9c
,,,冗余三元组,58.0,6.0,承办机构,enhanced_extraction,436e335b7ec83d5fde556b6dedb6cdc1f78f6640cc8984bb5d39d4cc69d4ea8a
,,,冗余三元组,39.0,6.0,实施依据,enhanced_extraction,4bf8140cb3f012e083a6df655add0ee27ab09c1f2c6aed9a5db87b55c7428afe
,,,冗余三元组,58.0,6.0,执行,enhanced_extraction,327953b5687060b255ca58f615fcb37be1b8a28128259d741c1f320a2cd079b3
,,,冗余三元组,7.0,6.0,是,enhanced_extraction,2200a0831921dffb7aeae867bab55a8fb338e08dad663234d036af19f36ad136
,,,冗余三元组,3.0,144.0,是,enhanced_extraction,5b4bc0659bed135a6e08a03cccddae9de8a69910f26413bc6a75df5388eef21b
,,,冗余三元组,14.0,8.0,包含,enhanced_extraction,c87e557256273506c6a62fe7863d14e4436187fc6a16940b0aaf857cc339444a
,,,冗余三元组,14.0,6.0,是,enhanced_extraction,f56c7baf8c1f83d52fa9693a0b0b7c24b9c4c19a891edcb7a52b4b222d41cced
,,,冗余三元组,79.0,3.0,是,enhanced_extraction,ad38acb9f4aa7b01882571d4c2ab20240ce59468567fbd86828e8b2e608801e0
,,,冗余三元组,8.0,42.0,包含,enhanced_extraction,7c7bfce33543f186dbb2ffc94fa2cb11f2cd59c8518ec0783ecc2af662878162
,,,冗余三元组,7.0,6.0,是,enhanced_extraction,2200a0831921dffb7aeae867bab55a8fb338e08dad663234d036af19f36ad136
,,,冗余三元组,8.0,6.0,类型,enhanced_extraction,6fac4687d6b2fff7cbc5128ea92cdd84df1cbb232d6c51fd3ff6ee13154cbb0e
,,,冗余三元组,42.0,44.0,类型,enhanced_extraction,9c45dc971dcfced7ffa629586df5413654e7e0d4d70fe20a3b8d6ffae8828a31
,,,冗余三元组,6.0,7.0,类型,enhanced_extraction,58054740087239687c92a85aac286f57d4432b98f6e794aeff8ce887be05444a
,,,冗余三元组,144.0,82.0,类型,enhanced_extraction,829dc6b9de974628b1637952e9aa0d02656a4f0ed141cd8a13bf5351ea6cf025
,,,冗余三元组,5.0,8.0,行驶主体,enhanced_extraction,b2d56a00d432177d36b56fc7678770c0dd223102460c2b8b7b9b3bbc4885456c
,,,冗余三元组,5.0,8.0,承办机构,enhanced_extraction,e77e8d7f1a809ac4bbfbf59c7ba2de0414f5e62453d3a9fdc082572da262c08c
,,,冗余三元组,14.0,8.0,是,enhanced_extraction,fbdd7ca9f67db87a505edbcd12f85f779c5175f8161cb1fdf53bd3401c4d49fa
,,,冗余三元组,7.0,6.0,是,enhanced_extraction,2200a0831921dffb7aeae867bab55a8fb338e08dad663234d036af19f36ad136
,,,冗余三元组,11.0,54.0,是,enhanced_extraction,549e416005220dc970bb51881509d18b237d0485fb6036953b0831ef8086df49
,,,冗余三元组,3.0,55.0,是,enhanced_extraction,f52a222dde5a90e16fafde112a78ee9e3446327c13259827b96065b2063f5d30
,,,冗余三元组,54.0,55.0,依据,enhanced_extraction,14ed2716a8910cbfbeaa5d28801105413d69b4a6ae6754a4620929e6dc66b7f1
,,,冗余三元组,54.0,7.0,是,enhanced_extraction,b7e33a358288e216ee60e24763b52ddea237ca898eba2f53debe8c4afd23f15a
,,,冗余三元组,8.0,15.0,涉及行为,enhanced_extraction,051f6a4b1b9c4f0384bfd7edd39a1204c73d5933bdbddfd3dad7bcffa78384a4
,,,冗余三元组,6.0,8.0,权力类型,enhanced_extraction,32e8a27f6efa3168f7b83cec98c6c3f135d9e7ed4abe4e365bb569a11b0b970c
,,,冗余三元组,5.0,6.0,行驶主体,enhanced_extraction,5b67ac23dfad0844b288da902acb39a310c3ae5acc9739557ad43aa464c365cf
,,,冗余三元组,5.0,6.0,承办机构,enhanced_extraction,04c52c045b0856bab6bf5aa6c613f8bca18aa29ea351f668e4a92e5176be72c5
,,,冗余三元组,8.0,40.0,类型,enhanced_extraction,227de17870439cdbabcec76fdeea22f0bf682f49a776a0a36d75fcf4456346bd
,,,冗余三元组,15.0,44.0,类型,enhanced_extraction,542c2b67b789b47a9ba7072f382a174eb1a838a40f58dbe7528de0bc0f010053
,,,冗余三元组,6.0,7.0,类型,enhanced_extraction,58054740087239687c92a85aac286f57d4432b98f6e794aeff8ce887be05444a
,,,冗余三元组,5.0,60.0,类型,enhanced_extraction,d5bb2c7c7d3a81fedf6449a3b3f98924107c0991a6e3363a9fd63c089c2db276
,,,冗余三元组,8.0,105.0,涉及事项,enhanced_extraction,63547c037c6074f90e935f4c9ce221f41afc9180e5eb243fae1a398614f18300
,,,冗余三元组,6.0,8.0,权力类型,enhanced_extraction,32e8a27f6efa3168f7b83cec98c6c3f135d9e7ed4abe4e365bb569a11b0b970c
,,,冗余三元组,54.0,8.0,行驶主体,enhanced_extraction,bd35d43a56f546114ecf0077accb627606cbac7639319aa54e60c39e17a8aa4b
,,,冗余三元组,54.0,8.0,承办机构,enhanced_extraction,e20a54813c4d2b25317ce7a2973804f02ae20053ef3ce2b3317466bdeff2e754
,,,冗余三元组,8.0,79.0,依据,enhanced_extraction,905b7c850ba258742dcdf494c52cbd45cbeee4dadc6f9e0e37ff3d0abe683743
,,,冗余三元组,8.0,6.0,类型,enhanced_extraction,6fac4687d6b2fff7cbc5128ea92cdd84df1cbb232d6c51fd3ff6ee13154cbb0e
,,,冗余三元组,8.0,6.0,类型,enhanced_extraction,6fac4687d6b2fff7cbc5128ea92cdd84df1cbb232d6c51fd3ff6ee13154cbb0e
,,,冗余三元组,166.0,41.0,类型,enhanced_extraction,a38c0095105e5241f6457c7d437fb40a9569ba516224f85b66c48031667cc71d
,,,冗余三元组,6.0,7.0,类型,enhanced_extraction,58054740087239687c92a85aac286f57d4432b98f6e794aeff8ce887be05444a
,,,冗余三元组,5.0,19.0,类型,enhanced_extraction,a56e1655cb02926994a07927b302525be60390340a62289af93ccd13b4ece228
,,,冗余三元组,147.0,29.0,类型,enhanced_extraction,50f5cb110ae484cdad0a4bee839a45a2a0804bfbf124557c352aee5b4ba7d5a0
,,,冗余三元组,14.0,8.0,是,enhanced_extraction,fbdd7ca9f67db87a505edbcd12f85f779c5175f8161cb1fdf53bd3401c4d49fa
,,,冗余三元组,8.0,89.0,包括,enhanced_extraction,3b5f3f0974575d3d3be4c809db671cdccfbd87837e8b621aa4586c28615bf784
,,,冗余三元组,7.0,6.0,是,enhanced_extraction,2200a0831921dffb7aeae867bab55a8fb338e08dad663234d036af19f36ad136
,,,冗余三元组,11.0,58.0,是,enhanced_extraction,a804f79373098e5aff1ee23a077e7e6028bc0a3564536da60c3317908532d4d9
,,,冗余三元组,3.0,32.0,是,enhanced_extraction,88aada700139e662000f7656c0a07210375d016480f7562f444bd208adb02d84
,,,冗余三元组,210.0,8.0,行驶主体,enhanced_extraction,4c19a8e315672e93c6517809b89c1e117e6735ac391692eff45b0e4f3d2dd7c3
,,,冗余三元组,8.0,6.0,类型,enhanced_extraction,6fac4687d6b2fff7cbc5128ea92cdd84df1cbb232d6c51fd3ff6ee13154cbb0e
,,,冗余三元组,14.0,8.0,类型,enhanced_extraction,7273d19977cc2617ab06d2805641bc4e68275aeed1c4b30b14fa59f28bb64a9a
,,,冗余三元组,7.0,6.0,类型,enhanced_extraction,5272859ffeba39ea0c18209c4b1132626ac359559543a52f190519cf9e85bf91
,,,冗余三元组,14.0,8.0,属于,enhanced_extraction,d10f1597afa51269260953fd79cde77b522b89ae582a5144510b0eb306269ab8
,,,冗余三元组,7.0,6.0,属于,enhanced_extraction,4525edb57d9094267224d08f8d7fc14cfe6596facf6d77d60072aca6a4ee20e1
,,,冗余三元组,8.0,71.0,包含,enhanced_extraction,8fd01e89d39152067d75f5388ddba5cb4ed835216881d1f230267c80d2148308
,,,冗余三元组,7.0,6.0,是,enhanced_extraction,2200a0831921dffb7aeae867bab55a8fb338e08dad663234d036af19f36ad136
,,,冗余三元组,3.0,59.0,是,enhanced_extraction,c5c7e73becac3d27cd966f3398e4ff5410365a31826a51102cf44d9b55480003
,,,冗余三元组,8.0,6.0,类型,enhanced_extraction,6fac4687d6b2fff7cbc5128ea92cdd84df1cbb232d6c51fd3ff6ee13154cbb0e
,,,冗余三元组,71.0,41.0,类型,enhanced_extraction,d27edf02b6351df367cf61d1d828e8e7dc173e8491650611a2d14dc0b43de3d3
,,,冗余三元组,6.0,7.0,类型,enhanced_extraction,58054740087239687c92a85aac286f57d4432b98f6e794aeff8ce887be05444a
,,,冗余三元组,58.0,60.0,类型,enhanced_extraction,68467c6f115cf9567d4a71b92ca424fc387cea869024bf0e007eadb7b5eac62d
,,,冗余三元组,58.0,8.0,行驶主体,enhanced_extraction,583d29fb9a2c7fea7396e8bf2437620befc57df279bf2449dfee2b2944fc60e2
,,,冗余三元组,58.0,8.0,承办机构,enhanced_extraction,1655806368b90c72c71a83e3444e2bf2281e4f59bb0d578d6a868c65a32e275b
,,,冗余三元组,8.0,48.0,包含,enhanced_extraction,b3658956ac571833e30f9cf6262c14ec5802292f2acce5c1c17b3362c769597c
,,,冗余三元组,11.0,54.0,是,enhanced_extraction,549e416005220dc970bb51881509d18b237d0485fb6036953b0831ef8086df49
,,,冗余三元组,12.0,54.0,是,enhanced_extraction,d0e1c40ec9f02940c43a5e2c47c765d3a9681a78a0368912bf461d7f3268f4ed
,,,冗余三元组,54.0,8.0,执行,enhanced_extraction,8b158f225c18632f8eca1fc708a69f61f4799eafa4e25b8e772274c0192c1736
,,,冗余三元组,7.0,6.0,包含,enhanced_extraction,46a806ea63448f2f08c8900fa9c3721ae11132c9ecbea57b05cc442b2b6b4231
,,,冗余三元组,3.0,4.0,依据,enhanced_extraction,db9406c535d24a61e034b4778f42742cac0dedf5d40f80d5735ba5665ec64fee
,,,冗余三元组,107.0,11.0,是,enhanced_extraction,75b72889352555acb15ef190565e1dc73c0293795743f4134463de3542a86e36
,,,冗余三元组,55.0,3.0,是,enhanced_extraction,58268d48b88bbd88daeb0fc1a8780fc4fd8a2760e38342d6023a7a477c770721
,,,冗余三元组,6.0,8.0,权力类型,enhanced_extraction,32e8a27f6efa3168f7b83cec98c6c3f135d9e7ed4abe4e365bb569a11b0b970c
,,,冗余三元组,27.0,6.0,承办机构,enhanced_extraction,cdb74dde885baaf5420771e89eb8fc127b97444db6eab4d9592ba56c219dd105
,,,冗余三元组,11.0,81.0,是,enhanced_extraction,c67c82b4a7ec0df256a96ad4c9476316dd1327bf51045af6757796f6d86e5a45
,,,冗余三元组,12.0,81.0,是,enhanced_extraction,f84c4cb96ae890bab78e2fc83d76314d421b552c457b81db41075c9fe54c0be2
,,,冗余三元组,3.0,13.0,是,enhanced_extraction,a150f1d60aba46983435951f07eb83bff8e98c5cde9c1e2716f5873e0560979f
,,,冗余三元组,11.0,107.0,是,enhanced_extraction,901f76db8b62e4ffd527d4b57b3f0bff1032cab6873441370b256e3b09d0aeef
,,,冗余三元组,12.0,107.0,是,enhanced_extraction,a5057cb3a530a4a2e8cb05bd7199affa424ff8201b222cf9a4fc8e3aff71c017
,,,冗余三元组,3.0,43.0,是,enhanced_extraction,3f52ba843d1eea5676245988d7c6e5345710090cc764e4771f0b92cf3ff0c680
,,,冗余三元组,3.0,73.0,是,enhanced_extraction,40f2a35de569d5a8b6543a08fe02dff64e1b2c1955f4df1c476783878a9a523c
,,,冗余三元组,23.0,8.0,行使,enhanced_extraction,8eeab80a588a2865ee554a92e28653a57ea7abcfedd0cc7a465dfd04a0b9dea4
,,,冗余三元组,8.0,73.0,依据,enhanced_extraction,5e02fe62515b806bf316ac3e5323f739e58c55335ec853c353d3c718d1ae0924
,,,冗余三元组,8.0,6.0,权力类型,enhanced_extraction,f8a083553843bc10eace9a3e8ba3284e19d54e269f2f6eb5aa3a3ccfbc65d72c
,,,冗余三元组,5.0,6.0,行驶主体,enhanced_extraction,5b67ac23dfad0844b288da902acb39a310c3ae5acc9739557ad43aa464c365cf
,,,冗余三元组,5.0,6.0,承办机构,enhanced_extraction,04c52c045b0856bab6bf5aa6c613f8bca18aa29ea351f668e4a92e5176be72c5
,,,冗余三元组,5.0,6.0,执行,enhanced_extraction,1f89a28e29b72a92a98c035f821566b358c62e362464a8b863a1e1715da7ed05
,,,冗余三元组,8.0,6.0,类型,enhanced_extraction,6fac4687d6b2fff7cbc5128ea92cdd84df1cbb232d6c51fd3ff6ee13154cbb0e
,,,冗余三元组,6.0,7.0,类型,enhanced_extraction,58054740087239687c92a85aac286f57d4432b98f6e794aeff8ce887be05444a
,,,冗余三元组,7.0,6.0,类型,enhanced_extraction,5272859ffeba39ea0c18209c4b1132626ac359559543a52f190519cf9e85bf91
,,,冗余三元组,11.0,27.0,是,enhanced_extraction,7f7f12ca6562a5627998feae8e2a6667bbe3d3291d34e498e65ad39656d41b4e
,,,冗余三元组,12.0,27.0,是,enhanced_extraction,994dc78307cf3b35952e70ed194a9a8a38fc234170c752005213122d229d093d
,,,冗余三元组,3.0,119.0,依据,enhanced_extraction,538a18bd7a3211cbb2592418e9412d67f55aa3508aaf8fea482b6a5a8de250df
,,,冗余三元组,52.0,6.0,类型,enhanced_extraction,291766e44c638f92fa794d8fe234e1be802ab828948a524559a53cb0b7c40416
,,,冗余三元组,89.0,41.0,类型,enhanced_extraction,7843d97ed36cc3e186849f606cdbaf5cb8391ce51624f05ec06f69b79c709c4f
,,,冗余三元组,14.0,8.0,是,enhanced_extraction,fbdd7ca9f67db87a505edbcd12f85f779c5175f8161cb1fdf53bd3401c4d49fa
,,,冗余三元组,11.0,121.0,是,enhanced_extraction,fdb2f28c3758f02cf8d7ba6827b5df986e79dbfc7b61f911b609d5a347258781
,,,冗余三元组,12.0,10.0,是,enhanced_extraction,47933e709f6345e74d98bb9156bbf0e61f44ce9e333e1549525f5ce234aaa319
,,,冗余三元组,10.0,8.0,行驶主体,enhanced_extraction,dbdf9013e94e2f8a4f96b11b56813f11346693a948c2638f8bc0c6bbb39b80d9
,,,冗余三元组,10.0,8.0,承办机构,enhanced_extraction,9099513cb23185a724b8a4ac96c8da632244c7a5c49e3b156cd98811a5707847
,,,冗余三元组,8.0,6.0,类型,enhanced_extraction,6fac4687d6b2fff7cbc5128ea92cdd84df1cbb232d6c51fd3ff6ee13154cbb0e
,,,冗余三元组,57.0,41.0,类型,enhanced_extraction,4f5cb1bf05f25027fb1b0078d15fe8111f1d6908d4d354a23057eb8c8488dd2b
,,,冗余三元组,6.0,7.0,类型,enhanced_extraction,58054740087239687c92a85aac286f57d4432b98f6e794aeff8ce887be05444a
,,,冗余三元组,243.0,29.0,类型,enhanced_extraction,a5ff7092cbef8d5d34a943c1a0528376b203a822e2debfc499ce1b7ab29e940d
,,,冗余三元组,31.0,8.0,行驶主体,enhanced_extraction,a8fd77eea50b1830e1af716e6044425361790eea3f2911f99d5effab83836a88
,,,冗余三元组,31.0,8.0,承办机构,enhanced_extraction,7623b4c5a5dd720be5677480a0306859a8e53153dba6bb31ea852dbd6889baec
,,,冗余三元组,14.0,91.0,是,enhanced_extraction,0de9ba4e64acab89406a91fa0fcc19d58e0485e5af0750ce886b208856810a8a
,,,冗余三元组,7.0,6.0,是,enhanced_extraction,2200a0831921dffb7aeae867bab55a8fb338e08dad663234d036af19f36ad136
,,,冗余三元组,11.0,45.0,是,enhanced_extraction,c664012e2327d817dd45119b34384b2e7e0c179840ef85d3860982c901ad668a
,,,冗余三元组,3.0,39.0,是,enhanced_extraction,7921b0a2fec22f89fe4620bf3f7d8ab0c018f2f0b3f6bde4a935979bd3efa9d7
,,,冗余三元组,7.0,16.0,是,enhanced_extraction,fe5daf8d4e5d267c9b8fafedbb2434462bcac22c66bc7b9ad7999551398f2cf3
,,,冗余三元组,11.0,121.0,是,enhanced_extraction,fdb2f28c3758f02cf8d7ba6827b5df986e79dbfc7b61f911b609d5a347258781
,,,冗余三元组,12.0,58.0,是,enhanced_extraction,dab5414b75f53cde5064f34fc17d90c18c4057d208f4c405cdde1c7494713085
,,,冗余三元组,3.0,32.0,是,enhanced_extraction,88aada700139e662000f7656c0a07210375d016480f7562f444bd208adb02d84
,,,冗余三元组,11.0,23.0,是,enhanced_extraction,2dd2c40157fd1af558a48083601bc018aed6d4f9e298f4c1091193e796fee7f3
,,,冗余三元组,12.0,23.0,是,enhanced_extraction,52bcd0c4f5ced21567f727c7b9cf51fc071119c7ec568c9516d144c5549472e0
,,,冗余三元组,39.0,8.0,实施依据,enhanced_extraction,4c5b43915c13ecf69552e55e9d4114e4b8c26909883c9c38e16f4f6c63eb0682
,,,冗余三元组,11.0,27.0,是,enhanced_extraction,7f7f12ca6562a5627998feae8e2a6667bbe3d3291d34e498e65ad39656d41b4e
,,,冗余三元组,12.0,27.0,是,enhanced_extraction,994dc78307cf3b35952e70ed194a9a8a38fc234170c752005213122d229d093d
,,,冗余三元组,11.0,12.0,等同于,enhanced_extraction,301a1b968db5f2952324c04c1858c72c0e1fa91c31c622a211d60f845a78cc38
,,,冗余三元组,8.0,57.0,涉及内容,enhanced_extraction,464fa5747b873fa044355a3fcfd127f91da662636442762707ae15e0d011707a
,,,冗余三元组,6.0,8.0,权力类型,enhanced_extraction,32e8a27f6efa3168f7b83cec98c6c3f135d9e7ed4abe4e365bb569a11b0b970c
,,,冗余三元组,107.0,8.0,行驶主体,enhanced_extraction,481e5b01de3af0447ae4a9e865ff74b3cd34b97d2ad7387946f33caab52213f9
,,,冗余三元组,107.0,8.0,承办机构,enhanced_extraction,0c5403f911140ecebc4f8e2ecc28dca1f99b8fcd49d1ac97f8a9da2729f54a0d
,,,冗余三元组,107.0,8.0,负责,enhanced_extraction,44a40a62539cf07dba158ea8785e2ffe2562d8d83bd79466f397704a8c3d180d
,,,冗余三元组,8.0,6.0,类型,enhanced_extraction,6fac4687d6b2fff7cbc5128ea92cdd84df1cbb232d6c51fd3ff6ee13154cbb0e
,,,冗余三元组,8.0,102.0,依据,enhanced_extraction,4cc399bd5a62235b2ce40add5e277827cadd026237a9b3e9e12b85f941631371
,,,冗余三元组,14.0,8.0,是,enhanced_extraction,fbdd7ca9f67db87a505edbcd12f85f779c5175f8161cb1fdf53bd3401c4d49fa
,,,冗余三元组,8.0,37.0,包括,enhanced_extraction,e6e282e746fdedc95665e29796b32ac782e7fb64d55db0c355033f662fac7d6c
,,,冗余三元组,7.0,6.0,是,enhanced_extraction,2200a0831921dffb7aeae867bab55a8fb338e08dad663234d036af19f36ad136
,,,冗余三元组,11.0,107.0,是,enhanced_extraction,901f76db8b62e4ffd527d4b57b3f0bff1032cab6873441370b256e3b09d0aeef
,,,冗余三元组,12.0,107.0,是,enhanced_extraction,a5057cb3a530a4a2e8cb05bd7199affa424ff8201b222cf9a4fc8e3aff71c017
,,,冗余三元组,3.0,39.0,是,enhanced_extraction,7921b0a2fec22f89fe4620bf3f7d8ab0c018f2f0b3f6bde4a935979bd3efa9d7
,,,冗余三元组,8.0,6.0,类型,enhanced_extraction,6fac4687d6b2fff7cbc5128ea92cdd84df1cbb232d6c51fd3ff6ee13154cbb0e
,,,冗余三元组,107.0,46.0,类型,enhanced_extraction,51e707583c753ebf5f35d307df8e47a772b7fe70e40d6f9683eabb0f5ee7a069
,,,冗余三元组,108.0,82.0,类型,enhanced_extraction,26d71f9ffb58376a5886de27f840765b03c42cb062962df1e3254cbdb32745ab
,,,冗余三元组,14.0,91.0,类型,enhanced_extraction,6cfd768a968475172ce300d8a05c21446716a3685d9459bd4b102219e404aa58
,,,冗余三元组,37.0,41.0,类型,enhanced_extraction,6a59ca00f652cc91531000d2e22cf7b60ea17feef4e1bbf66d48d6fb92da1233
,,,冗余三元组,7.0,6.0,类型,enhanced_extraction,5272859ffeba39ea0c18209c4b1132626ac359559543a52f190519cf9e85bf91
,,,冗余三元组,3.0,82.0,类型,enhanced_extraction,2a99fcfe06a21800c909d9ce8bd228fcf14cd25989854fb86aeb2ed3991d8197
,,,冗余三元组,107.0,107.0,既是行驶主体也是承办机构,enhanced_extraction,2378c0ac56a40eec1991e0283aa325a91dc38a7e70578ec27cec79b1b9751eea
,,,冗余三元组,27.0,11.0,负责,enhanced_extraction,2c6e7fb04d30cd56e060a3d637ae14443ce2cba148ca43778315c6e996d2476b
,,,冗余三元组,27.0,12.0,负责,enhanced_extraction,78d16ad61f88fd105787507b09557c6f34029a139a9ba6ef5c079e71cccf7039
,,,冗余三元组,27.0,6.0,执行,enhanced_extraction,8f5f573c32fe6b3d87f878ceaaedd8145737b7e6302c512e4b6b30b6a6e931b0
,,,冗余三元组,8.0,34.0,涉及事项,enhanced_extraction,333f492a670bb80c106cdaac3ebdcdd39702e637f379a616c408421876e55e15
,,,冗余三元组,27.0,8.0,行驶主体,enhanced_extraction,6bdc23dd0ce2ac7288c4bb62e712ce5558ef4047f87d2308cebfc9a72ca13715
,,,冗余三元组,27.0,8.0,承办机构,enhanced_extraction,6889f4ea2e4e0a8d0414afd0cc1413f9aa7f6f480f26122643ea762b8e083496
,,,冗余三元组,27.0,8.0,执行,enhanced_extraction,0098f38cc2022e60576cc213d8c9f18cebe66c2e7a31304f7db924d26c20b93a
,,,冗余三元组,11.0,5.0,是,enhanced_extraction,9241a626ee0cd96f0bac6cb4374e8596db0716f93a0ebd523f4e067f661950eb
,,,冗余三元组,12.0,5.0,是,enhanced_extraction,b8fbcb0fef22b7e21ba6fa0460618ec34e68c6f9bd7907b30b7b1440a17a82b4
,,,冗余三元组,5.0,6.0,负责,enhanced_extraction,b58d7a92cd5a0e453a5ce8f33f92808c3718e2deebfc66a68b6df9ef5610d569
,,,冗余三元组,6.0,43.0,依据,enhanced_extraction,816924822a6c2e7dafa758ecc5baf080fcbfa33812bbbfb4599742293eae8162
,,,冗余三元组,6.0,8.0,权力类型,enhanced_extraction,32e8a27f6efa3168f7b83cec98c6c3f135d9e7ed4abe4e365bb569a11b0b970c
,,,冗余三元组,27.0,8.0,行驶主体,enhanced_extraction,6bdc23dd0ce2ac7288c4bb62e712ce5558ef4047f87d2308cebfc9a72ca13715
,,,冗余三元组,27.0,8.0,承办机构,enhanced_extraction,6889f4ea2e4e0a8d0414afd0cc1413f9aa7f6f480f26122643ea762b8e083496
,,,冗余三元组,8.0,73.0,实施依据,enhanced_extraction,76a3f8c4caa86eaa1702d5d5ec9fbb18d7d1e42f97d92a292a455c4570d5e65f
,,,冗余三元组,27.0,8.0,执行,enhanced_extraction,0098f38cc2022e60576cc213d8c9f18cebe66c2e7a31304f7db924d26c20b93a
,,,冗余三元组,27.0,8.0,处理,enhanced_extraction,f9b1b382c0a0e391d7e5519551d8754071692063f2d4b30342bf8a11272f2fc0
,,,冗余三元组,6.0,8.0,权力类型,enhanced_extraction,32e8a27f6efa3168f7b83cec98c6c3f135d9e7ed4abe4e365bb569a11b0b970c
,,,冗余三元组,58.0,8.0,行驶主体,enhanced_extraction,583d29fb9a2c7fea7396e8bf2437620befc57df279bf2449dfee2b2944fc60e2
,,,冗余三元组,39.0,8.0,实施依据,enhanced_extraction,4c5b43915c13ecf69552e55e9d4114e4b8c26909883c9c38e16f4f6c63eb0682
,,,冗余三元组,58.0,8.0,行使主体,enhanced_extraction,dda62f952b6218ef7cdc73f368ddd74f16391dd7853b3e246491e9c7c30d73fb
,,,冗余三元组,58.0,8.0,承办机构,enhanced_extraction,1655806368b90c72c71a83e3444e2bf2281e4f59bb0d578d6a868c65a32e275b
,,,冗余三元组,8.0,39.0,依据,enhanced_extraction,0bf2707fe651b93d3c2f60149be13979c15008f25ea9cbfaf6ac5a68df913b8c
,,,冗余三元组,54.0,6.0,行使权力类型,enhanced_extraction,11dc08391017735227c54372fd3646612533f0ace76801d9de324e9dc04ee07d
,,,冗余三元组,54.0,39.0,依据,enhanced_extraction,84e6c343bf2e5f45310bb75821529a4bfe9f614bb199f6b8f0f6ccee59f72ffe
,,,冗余三元组,11.0,31.0,是,enhanced_extraction,dddcf513fdeeba0f49c0fa688846f14fac62a0d876e080bebd6e14d35475dfee
,,,冗余三元组,12.0,31.0,是,enhanced_extraction,d25081ca2ff71ee2a320706ed8671654e8c8ce137e4ecc1542b43564c82125b9
,,,冗余三元组,8.0,6.0,权力类型,enhanced_extraction,f8a083553843bc10eace9a3e8ba3284e19d54e269f2f6eb5aa3a3ccfbc65d72c
,,,冗余三元组,31.0,8.0,行驶主体,enhanced_extraction,a8fd77eea50b1830e1af716e6044425361790eea3f2911f99d5effab83836a88
,,,冗余三元组,31.0,8.0,承办机构,enhanced_extraction,7623b4c5a5dd720be5677480a0306859a8e53153dba6bb31ea852dbd6889baec
,,,冗余三元组,6.0,7.0,属于,enhanced_extraction,13bae8f9b0d126f5709ea2da6ebb32767b1b48e7575f7601bfb316fda4c34774
,,,冗余三元组,81.0,11.0,是,enhanced_extraction,110c0b5c3142d3ac04dddfeab819513e0786a80a6caa071fd3956285fd00df7b
,,,冗余三元组,81.0,6.0,行使,enhanced_extraction,433b4fd3abc131de7379b97b9cb3f1d1e9f0b8696243f1ffaeb7b9308125649e
,,,冗余三元组,81.0,12.0,是,enhanced_extraction,601d9ebb0761e3d0d02f005221ae10e78becb0c46d49d8a82704157423bf5ba6
,,,冗余三元组,6.0,7.0,属于,enhanced_extraction,13bae8f9b0d126f5709ea2da6ebb32767b1b48e7575f7601bfb316fda4c34774
,,,冗余三元组,5.0,11.0,是,enhanced_extraction,261a0fb10cdf63618aa43b71b96902b7b8352494f9112e48e6a8f8c4a205d40b
,,,冗余三元组,5.0,12.0,是,enhanced_extraction,35a18cae718128eedc48777ca1e2e9b3abc4bdbbe1d0e435067e3c5dbdca3f63
,,,冗余三元组,52.0,6.0,属于,enhanced_extraction,92c7f095dcb91a09b980dcfce85e857730a086d9606ca3b9aaddcd25f31179c7
,,,冗余三元组,5.0,6.0,行使,enhanced_extraction,714544b7ce62206aae1b39e4d5752724d76ce8ebc25e643116ff964e6b0af139
,,,冗余三元组,7.0,6.0,是,enhanced_extraction,2200a0831921dffb7aeae867bab55a8fb338e08dad663234d036af19f36ad136
,,,冗余三元组,11.0,5.0,是,enhanced_extraction,9241a626ee0cd96f0bac6cb4374e8596db0716f93a0ebd523f4e067f661950eb
,,,冗余三元组,12.0,5.0,是,enhanced_extraction,b8fbcb0fef22b7e21ba6fa0460618ec34e68c6f9bd7907b30b7b1440a17a82b4
,,,冗余三元组,3.0,73.0,是,enhanced_extraction,40f2a35de569d5a8b6543a08fe02dff64e1b2c1955f4df1c476783878a9a523c
,,,冗余三元组,8.0,6.0,类型,enhanced_extraction,6fac4687d6b2fff7cbc5128ea92cdd84df1cbb232d6c51fd3ff6ee13154cbb0e
,,,冗余三元组,105.0,44.0,类型,enhanced_extraction,a4763f0b5e0743530e768c4c96ad342396e1177c1c9055f256c500611eb48254
,,,冗余三元组,6.0,7.0,类型,enhanced_extraction,58054740087239687c92a85aac286f57d4432b98f6e794aeff8ce887be05444a
,,,冗余三元组,5.0,8.0,行使主体,enhanced_extraction,b8a2035db66968c36e3d85ea895601864f2c24dcbd61495d27fae20f25168578
,,,冗余三元组,5.0,8.0,承办机构,enhanced_extraction,e77e8d7f1a809ac4bbfbf59c7ba2de0414f5e62453d3a9fdc082572da262c08c
,,,冗余三元组,6.0,8.0,权力类型,enhanced_extraction,32e8a27f6efa3168f7b83cec98c6c3f135d9e7ed4abe4e365bb569a11b0b970c
,,,冗余三元组,54.0,6.0,行驶主体,enhanced_extraction,49a222700253b6a9fb81f9f5ca7a64ad85c42ae28cf457d49028afcf67f073cc
,,,冗余三元组,54.0,6.0,承办机构,enhanced_extraction,b4daf495a214062eb0b21dc986c49ce659f0812c28ff9ea23a2f5618a48027cd
,,,冗余三元组,8.0,6.0,类型,enhanced_extraction,6fac4687d6b2fff7cbc5128ea92cdd84df1cbb232d6c51fd3ff6ee13154cbb0e
,,,冗余三元组,54.0,6.0,执行,enhanced_extraction,e0bd93ac65ebeecca4c52a83585e96aeec543062aad6808aa7f722b99e1a3430
,,,冗余三元组,59.0,3.0,是,enhanced_extraction,733295aba030154bae5340b508339f010d8eb70e4f65dad3ff1ab05a372a9a18
,,,冗余三元组,14.0,14.0,是,enhanced_extraction,af13363e0f7b9681b0f34bee29b55caffff7caaa6a9d83a46c78ac4113089c3f
,,,冗余三元组,7.0,6.0,是,enhanced_extraction,2200a0831921dffb7aeae867bab55a8fb338e08dad663234d036af19f36ad136
,,,冗余三元组,8.0,115.0,涉及问题,enhanced_extraction,697a5b6ba1f6db911a729da772b69bc7092cfcc28091d451f411adf62d985843
,,,冗余三元组,6.0,8.0,权力类型,enhanced_extraction,32e8a27f6efa3168f7b83cec98c6c3f135d9e7ed4abe4e365bb569a11b0b970c
,,,冗余三元组,81.0,8.0,行驶主体,enhanced_extraction,37cc1a08a7dd6385afd5e01a28c8b2e4d2e25c909f0e66b8b6b4696bae5d01f0
,,,冗余三元组,81.0,8.0,承办机构,enhanced_extraction,5dc9781af493a852b27a61a4730e1398193a242de1c3139e8e42d0f0c9da25af
,,,冗余三元组,8.0,6.0,类型,enhanced_extraction,6fac4687d6b2fff7cbc5128ea92cdd84df1cbb232d6c51fd3ff6ee13154cbb0e
,,,冗余三元组,81.0,8.0,执行,enhanced_extraction,373ef98a2aac6d3f81ec002017a37e4677e7686b804ad17a3ebaf2b0f0dafdad
,,,冗余三元组,8.0,32.0,依据,enhanced_extraction,30bab9cbb549843966728e2c3ceb50cc595c00296ed05ee4e9a0670ccc833cea
,,,冗余三元组,6.0,8.0,权力类型,enhanced_extraction,32e8a27f6efa3168f7b83cec98c6c3f135d9e7ed4abe4e365bb569a11b0b970c
,,,冗余三元组,58.0,8.0,行驶主体,enhanced_extraction,583d29fb9a2c7fea7396e8bf2437620befc57df279bf2449dfee2b2944fc60e2
,,,冗余三元组,58.0,8.0,承办机构,enhanced_extraction,1655806368b90c72c71a83e3444e2bf2281e4f59bb0d578d6a868c65a32e275b
,,,冗余三元组,58.0,8.0,行使主体,enhanced_extraction,dda62f952b6218ef7cdc73f368ddd74f16391dd7853b3e246491e9c7c30d73fb
,,,冗余三元组,58.0,6.0,行使主体,enhanced_extraction,302d7fb147aa23fe497f001baab4b1728bc2fe4fb08282d72f6a86f569ce0a4a
,,,冗余三元组,58.0,6.0,承办机构,enhanced_extraction,436e335b7ec83d5fde556b6dedb6cdc1f78f6640cc8984bb5d39d4cc69d4ea8a
,,,冗余三元组,7.0,6.0,是,enhanced_extraction,2200a0831921dffb7aeae867bab55a8fb338e08dad663234d036af19f36ad136
,,,冗余三元组,11.0,5.0,是,enhanced_extraction,9241a626ee0cd96f0bac6cb4374e8596db0716f93a0ebd523f4e067f661950eb
,,,冗余三元组,12.0,5.0,是,enhanced_extraction,b8fbcb0fef22b7e21ba6fa0460618ec34e68c6f9bd7907b30b7b1440a17a82b4
,,,冗余三元组,5.0,6.0,行使,enhanced_extraction,714544b7ce62206aae1b39e4d5752724d76ce8ebc25e643116ff964e6b0af139
,,,冗余三元组,5.0,39.0,依据,enhanced_extraction,f4cf70e07e878d0b3c78b1309ebe1b543c879a40ff041407dbe211a3740b229b
,,,冗余三元组,8.0,2.0,涉及问题,enhanced_extraction,ecfe9d3be0728d34096c1784357bbf52bcc2432087c9662366c238ae3787d2b1
,,,冗余三元组,6.0,8.0,权力类型,enhanced_extraction,32e8a27f6efa3168f7b83cec98c6c3f135d9e7ed4abe4e365bb569a11b0b970c
,,,冗余三元组,54.0,6.0,行驶主体,enhanced_extraction,49a222700253b6a9fb81f9f5ca7a64ad85c42ae28cf457d49028afcf67f073cc
,,,冗余三元组,54.0,6.0,承办机构,enhanced_extraction,b4daf495a214062eb0b21dc986c49ce659f0812c28ff9ea23a2f5618a48027cd
,,,冗余三元组,8.0,6.0,类型,enhanced_extraction,6fac4687d6b2fff7cbc5128ea92cdd84df1cbb232d6c51fd3ff6ee13154cbb0e
,,,冗余三元组,206.0,82.0,类型,enhanced_extraction,c9e4181af29c4b94e72675acaac2997318eb2324bee54d1a295c501efbc7b691
,,,冗余三元组,2.0,33.0,类型,enhanced_extraction,533c2fee17920d12e566b53d09e5003502a5c6355142d6f92bb4df3ad82eba08
,,,冗余三元组,54.0,6.0,执行,enhanced_extraction,e0bd93ac65ebeecca4c52a83585e96aeec543062aad6808aa7f722b99e1a3430
,,,冗余三元组,3.0,55.0,是,enhanced_extraction,f52a222dde5a90e16fafde112a78ee9e3446327c13259827b96065b2063f5d30
,,,冗余三元组,10.0,8.0,行驶主体,enhanced_extraction,dbdf9013e94e2f8a4f96b11b56813f11346693a948c2638f8bc0c6bbb39b80d9
,,,冗余三元组,8.0,85.0,涉及问题,enhanced_extraction,edd509344f5e42e9dc35d29af306881e40ebcc8ef81b421f0acccc300f156d02
,,,冗余三元组,31.0,8.0,行驶主体,enhanced_extraction,a8fd77eea50b1830e1af716e6044425361790eea3f2911f99d5effab83836a88
,,,冗余三元组,8.0,73.0,依据,enhanced_extraction,5e02fe62515b806bf316ac3e5323f739e58c55335ec853c353d3c718d1ae0924
,,,冗余三元组,8.0,15.0,涉及内容,enhanced_extraction,ccfd68ed3367bab9250846d35a66811857c16b9a58ec40a295d19c85091cbde7
,,,冗余三元组,7.0,6.0,类型,enhanced_extraction,5272859ffeba39ea0c18209c4b1132626ac359559543a52f190519cf9e85bf91
,,,冗余三元组,3.0,144.0,来源,enhanced_extraction,7dd26850fe176b757266c9e5fd24f0bb77f5d1fe2da9042aa385671d9eb44c1d
,,,冗余三元组,8.0,6.0,类型,enhanced_extraction,6fac4687d6b2fff7cbc5128ea92cdd84df1cbb232d6c51fd3ff6ee13154cbb0e
,,,冗余三元组,27.0,19.0,类型,enhanced_extraction,acf65773a556b6df9c53a09e4d010e671e076b1ba1276c4a38f9a5dfafe56162
,,,冗余三元组,144.0,82.0,类型,enhanced_extraction,829dc6b9de974628b1637952e9aa0d02656a4f0ed141cd8a13bf5351ea6cf025
,,,冗余三元组,15.0,44.0,类型,enhanced_extraction,542c2b67b789b47a9ba7072f382a174eb1a838a40f58dbe7528de0bc0f010053
,,,冗余三元组,8.0,105.0,涉及事项,enhanced_extraction,63547c037c6074f90e935f4c9ce221f41afc9180e5eb243fae1a398614f18300
,,,冗余三元组,6.0,8.0,权力类型,enhanced_extraction,32e8a27f6efa3168f7b83cec98c6c3f135d9e7ed4abe4e365bb569a11b0b970c
,,,冗余三元组,45.0,8.0,行驶主体,enhanced_extraction,9e21e8794ecff17057a8cfc6619ef8d0b5bb3faba963dcb12c6a0a7b888f83fa
,,,冗余三元组,45.0,8.0,承办机构,enhanced_extraction,44b09becce10890a28af71b1b655d2964a80aa554a2a9cff154f3352aebfa9b9
,,,冗余三元组,8.0,39.0,依据,enhanced_extraction,0bf2707fe651b93d3c2f60149be13979c15008f25ea9cbfaf6ac5a68df913b8c
,,,冗余三元组,8.0,6.0,类型,enhanced_extraction,6fac4687d6b2fff7cbc5128ea92cdd84df1cbb232d6c51fd3ff6ee13154cbb0e
,,,冗余三元组,39.0,82.0,类型,enhanced_extraction,6c03268e7e15cbe94ab86468874a789d0b64aa86d23565c417e9a73628f87fe4
,,,冗余三元组,8.0,34.0,涉及事项,enhanced_extraction,333f492a670bb80c106cdaac3ebdcdd39702e637f379a616c408421876e55e15
,,,冗余三元组,31.0,31.0,行驶主体,enhanced_extraction,1d924b9d411e472726f2a8e7ad06d869c09d8f7fcce80e7240ed192b6898482a
,,,冗余三元组,31.0,31.0,承办机构,enhanced_extraction,a6622dd10cc68540114f6aa178a0af9a7b724dc3bef1626b4bb58dce64821b66
,,,冗余三元组,31.0,8.0,执行,enhanced_extraction,15cdaef0625b5d7d6101551ddfa17e9e928271b9e3aae01e6ede323353af59ae
,,,冗余三元组,8.0,15.0,针对,enhanced_extraction,33c607b35871dd30f808e04c3d553d0d37e5c09728398a6a9a1e37228a194e21
,,,冗余三元组,8.0,6.0,是,enhanced_extraction,4997c66384ce343dd4cc11f2b6c307f2294e621e3adac462eaf26d44cb04bd49
,,,冗余三元组,5.0,6.0,执行,enhanced_extraction,1f89a28e29b72a92a98c035f821566b358c62e362464a8b863a1e1715da7ed05
,,,冗余三元组,144.0,3.0,是,enhanced_extraction,de5cd271f9590e766be5d2972e1115656ace35c775f059e159ee4ee41cf6ef54
,,,冗余三元组,14.0,91.0,是,enhanced_extraction,0de9ba4e64acab89406a91fa0fcc19d58e0485e5af0750ce886b208856810a8a
,,,冗余三元组,11.0,107.0,是,enhanced_extraction,901f76db8b62e4ffd527d4b57b3f0bff1032cab6873441370b256e3b09d0aeef
,,,冗余三元组,12.0,107.0,是,enhanced_extraction,a5057cb3a530a4a2e8cb05bd7199affa424ff8201b222cf9a4fc8e3aff71c017
,,,冗余三元组,8.0,34.0,涉及事项,enhanced_extraction,333f492a670bb80c106cdaac3ebdcdd39702e637f379a616c408421876e55e15
,,,冗余三元组,6.0,8.0,权力类型,enhanced_extraction,32e8a27f6efa3168f7b83cec98c6c3f135d9e7ed4abe4e365bb569a11b0b970c
,,,冗余三元组,8.0,32.0,依据,enhanced_extraction,30bab9cbb549843966728e2c3ceb50cc595c00296ed05ee4e9a0670ccc833cea
,,,冗余三元组,8.0,6.0,类型,enhanced_extraction,6fac4687d6b2fff7cbc5128ea92cdd84df1cbb232d6c51fd3ff6ee13154cbb0e
,,,冗余三元组,23.0,8.0,执行,enhanced_extraction,b7e171083f741dc94c7f243061c7a1a8dadaaa67ef509ee697ee92fca2958df4
,,,冗余三元组,6.0,8.0,权力类型,enhanced_extraction,32e8a27f6efa3168f7b83cec98c6c3f135d9e7ed4abe4e365bb569a11b0b970c
,,,冗余三元组,23.0,8.0,行驶主体,enhanced_extraction,190bd2581e211642941e456430026d0e53f5cc20ea4fda9f0abb28429ff9a352
,,,冗余三元组,23.0,8.0,承办机构,enhanced_extraction,c4f931334bf1748408b2ea285bfb1341eacfc2c76a021a14d851a92e2174d324
,,,冗余三元组,8.0,42.0,针对,enhanced_extraction,bf33f7131a30fc775f236b43fcfec22c88a48d77c576d924b5c5e5e3930e13e0
,,,冗余三元组,119.0,8.0,实施依据,enhanced_extraction,72ede9dc6c898c3b685a908789c989194caae16249e1eebd84619bc6d33751cb
,,,冗余三元组,6.0,8.0,权力类型,enhanced_extraction,32e8a27f6efa3168f7b83cec98c6c3f135d9e7ed4abe4e365bb569a11b0b970c
,,,冗余三元组,58.0,6.0,行驶主体,enhanced_extraction,8c40dfa07e2688c320ea6dffc5b8297f8be09c6561a6878fd9bfac742304ef9c
,,,冗余三元组,93.0,94.0,是,enhanced_extraction,015e1a976ca7d3ea70c3eb2b4c371f727dac440bd4a144aaa33661a0f7de6735
,,,冗余三元组,58.0,6.0,执行,enhanced_extraction,327953b5687060b255ca58f615fcb37be1b8a28128259d741c1f320a2cd079b3
,,,冗余三元组,8.0,37.0,涉及事项,enhanced_extraction,a3568f2e329e6c677aa65af4a20f8c9617754513fef947c68c5dd13f814414d4
,,,冗余三元组,6.0,8.0,权力类型,enhanced_extraction,32e8a27f6efa3168f7b83cec98c6c3f135d9e7ed4abe4e365bb569a11b0b970c
,,,冗余三元组,54.0,6.0,行驶主体,enhanced_extraction,49a222700253b6a9fb81f9f5ca7a64ad85c42ae28cf457d49028afcf67f073cc
,,,冗余三元组,54.0,6.0,承办机构,enhanced_extraction,b4daf495a214062eb0b21dc986c49ce659f0812c28ff9ea23a2f5618a48027cd
,,,冗余三元组,8.0,6.0,类型,enhanced_extraction,6fac4687d6b2fff7cbc5128ea92cdd84df1cbb232d6c51fd3ff6ee13154cbb0e
,,,冗余三元组,54.0,6.0,执行,enhanced_extraction,e0bd93ac65ebeecca4c52a83585e96aeec543062aad6808aa7f722b99e1a3430
,,,冗余三元组,54.0,32.0,实施依据,enhanced_extraction,82be72f8349ad8090b27765cb805bb148f1bbaaa6f7b7dc02c558b938e6651c6
,,,冗余三元组,6.0,8.0,权力类型,enhanced_extraction,32e8a27f6efa3168f7b83cec98c6c3f135d9e7ed4abe4e365bb569a11b0b970c
,,,冗余三元组,58.0,8.0,行驶主体,enhanced_extraction,583d29fb9a2c7fea7396e8bf2437620befc57df279bf2449dfee2b2944fc60e2
,,,冗余三元组,58.0,6.0,执行,enhanced_extraction,327953b5687060b255ca58f615fcb37be1b8a28128259d741c1f320a2cd079b3
,,,冗余三元组,8.0,34.0,涉及事项,enhanced_extraction,333f492a670bb80c106cdaac3ebdcdd39702e637f379a616c408421876e55e15
,,,冗余三元组,6.0,8.0,权力类型,enhanced_extraction,32e8a27f6efa3168f7b83cec98c6c3f135d9e7ed4abe4e365bb569a11b0b970c
,,,冗余三元组,27.0,8.0,执行主体,enhanced_extraction,b80672fcad9ab253fa02675ea42b7438f4a4e7ebd85acf67a8a2ddc999610ec0
,,,冗余三元组,14.0,8.0,是,enhanced_extraction,fbdd7ca9f67db87a505edbcd12f85f779c5175f8161cb1fdf53bd3401c4d49fa
,,,冗余三元组,8.0,166.0,包含,enhanced_extraction,6b0bb02290e0d7ec5286277c4be369f8d1254bcc347d00067305967f91c6c508
,,,冗余三元组,7.0,6.0,是,enhanced_extraction,2200a0831921dffb7aeae867bab55a8fb338e08dad663234d036af19f36ad136
,,,冗余三元组,11.0,10.0,是,enhanced_extraction,dedb686de59beddd23a4bc91a73f8f8de96cfa730f3498d4d83b0e68d45b375f
,,,冗余三元组,12.0,72.0,是,enhanced_extraction,35efa553ffca80e7ebefbb5673b181e192f554f5865be5c42583eb31fddb8f2a
,,,冗余三元组,10.0,11.0,是,enhanced_extraction,44a8fa7ea54ec2e41111a4f5dc6a9811dee8aa3aa19fb306f9177dfc86a9aea9
,,,冗余三元组,5.0,6.0,行使主体,enhanced_extraction,373a4914a932c4ecca464baeb6317a3d9cc6cfa0c7265e5437823cae7c48841d
,,,冗余三元组,59.0,6.0,实施依据,enhanced_extraction,a2d5d8c1e29f94cf877a45d19624969290b967474b02eac74893339348e6d901
,,,冗余三元组,8.0,6.0,属于,enhanced_extraction,c18b3f309f5e1e78e302a845b3d22a3666d412c346cbe019737653739c05dc2f
,,,冗余三元组,6.0,59.0,实施依据,enhanced_extraction,035c149179eab6d4def4f900dd26ca011b3c76312eaf2f4a7211c8979633bb06
,,,冗余三元组,8.0,6.0,类型,enhanced_extraction,6fac4687d6b2fff7cbc5128ea92cdd84df1cbb232d6c51fd3ff6ee13154cbb0e
,,,冗余三元组,58.0,8.0,行驶主体,enhanced_extraction,583d29fb9a2c7fea7396e8bf2437620befc57df279bf2449dfee2b2944fc60e2
,,,冗余三元组,58.0,8.0,承办机构,enhanced_extraction,1655806368b90c72c71a83e3444e2bf2281e4f59bb0d578d6a868c65a32e275b
,,,冗余三元组,39.0,8.0,实施依据,enhanced_extraction,4c5b43915c13ecf69552e55e9d4114e4b8c26909883c9c38e16f4f6c63eb0682
,,,冗余三元组,8.0,115.0,涉及问题,enhanced_extraction,697a5b6ba1f6db911a729da772b69bc7092cfcc28091d451f411adf62d985843
,,,冗余三元组,5.0,6.0,行驶主体,enhanced_extraction,5b67ac23dfad0844b288da902acb39a310c3ae5acc9739557ad43aa464c365cf
,,,冗余三元组,5.0,6.0,承办机构,enhanced_extraction,04c52c045b0856bab6bf5aa6c613f8bca18aa29ea351f668e4a92e5176be72c5
,,,冗余三元组,6.0,43.0,实施依据,enhanced_extraction,3b16364b2d7dc9fb9b621ac2740755fb8241f226a735c73a589399a1c242df20
,,,冗余三元组,8.0,6.0,类型,enhanced_extraction,6fac4687d6b2fff7cbc5128ea92cdd84df1cbb232d6c51fd3ff6ee13154cbb0e
,,,冗余三元组,115.0,41.0,类型,enhanced_extraction,c2de89e48a18f0fa6552630a32d79ed0d86b46954332fb4f179882ab3c06b6b8
,,,冗余三元组,6.0,7.0,类型,enhanced_extraction,58054740087239687c92a85aac286f57d4432b98f6e794aeff8ce887be05444a
,,,冗余三元组,5.0,60.0,类型,enhanced_extraction,d5bb2c7c7d3a81fedf6449a3b3f98924107c0991a6e3363a9fd63c089c2db276
,,,冗余三元组,43.0,47.0,类型,enhanced_extraction,ead5e9ceb2e84b4912153d30992a12098dd67af41eed32bf3fe93784d22ce3d3
,,,冗余三元组,8.0,6.0,权力类型,enhanced_extraction,f8a083553843bc10eace9a3e8ba3284e19d54e269f2f6eb5aa3a3ccfbc65d72c
,,,冗余三元组,8.0,105.0,涉及事项,enhanced_extraction,63547c037c6074f90e935f4c9ce221f41afc9180e5eb243fae1a398614f18300
,,,冗余三元组,7.0,149.0,是,enhanced_extraction,a325bed5bff4fc7cae05f4ce5b3fdaf283bfe0f7e0c05962a3d4da598a6d24a0
,,,冗余三元组,8.0,6.0,类型,enhanced_extraction,6fac4687d6b2fff7cbc5128ea92cdd84df1cbb232d6c51fd3ff6ee13154cbb0e
,,,冗余三元组,7.0,148.0,类型,enhanced_extraction,fd43a11dccaad15fc24f1e8e0116ef6c568b396f36a3d04c89c97ed25269e49d
,,,冗余三元组,11.0,19.0,类型,enhanced_extraction,e43400f439abb0a0c41a3cd3c4ad219b85cb1b0fa17c97bd3c2590e4409af3f4
,,,冗余三元组,12.0,19.0,类型,enhanced_extraction,cff59af3ab539c6c0c8b44d30c6d8a017cb72fb5fdc54bfecab04f8eb47e72e4
,,,冗余三元组,8.0,112.0,包含,enhanced_extraction,ab7349500db5d3613f58ed9638925cad5884a08620019969125eafdf2d8803f7
,,,冗余三元组,7.0,6.0,是,enhanced_extraction,2200a0831921dffb7aeae867bab55a8fb338e08dad663234d036af19f36ad136
,,,冗余三元组,3.0,90.0,是,enhanced_extraction,995e1cd77eec5e05dc7af70a9ffb37baa21b313c8925cfbe1f7332d29eda476f
,,,冗余三元组,23.0,128.0,既是行驶主体也是承办机构,enhanced_extraction,ac8b291f49e80a02ee791264733d02fde2b962517a2e0addad215ce430e73723
,,,冗余三元组,11.0,54.0,是,enhanced_extraction,549e416005220dc970bb51881509d18b237d0485fb6036953b0831ef8086df49
,,,冗余三元组,12.0,54.0,是,enhanced_extraction,d0e1c40ec9f02940c43a5e2c47c765d3a9681a78a0368912bf461d7f3268f4ed
,,,冗余三元组,54.0,46.0,类型,enhanced_extraction,27412ca142a1ebf44333dd7d33ffc0e9d320fd1ea818f467adac57048717acc6
,,,冗余三元组,7.0,6.0,属于,enhanced_extraction,4525edb57d9094267224d08f8d7fc14cfe6596facf6d77d60072aca6a4ee20e1
,,,冗余三元组,54.0,119.0,依据,enhanced_extraction,d8c5e92a3b896b0be72f2b805c8dc46ad85a7cd193b4b985ae3e76ec3db0efe3
,,,冗余三元组,107.0,6.0,行使主体,enhanced_extraction,2e3d04323c4ed987c247e24145f0ca73aad1ce260ad5cf3a920b6d70f65335fd
,,,冗余三元组,13.0,6.0,实施依据,enhanced_extraction,759c3454b6e17ae64b27530f16a251b039ceccf2714035c3ee5775addb7d2910
,,,冗余三元组,64.0,6.0,类型,enhanced_extraction,027d988cb46d7b730a74051577834905df8857c8a1f499f8cbb72d70082a23c8
,,,冗余三元组,204.0,205.0,类型,enhanced_extraction,3f74fb7f61030ffcc9b4f610335c6ef48654408a36dcce1405c20e65803a0678
,,,冗余三元组,13.0,29.0,类型,enhanced_extraction,7101bd486950037fcb83b6ac6c71f6946cb1d584cc56aa1073a462ae922914b2
,,,冗余三元组,6.0,7.0,类型,enhanced_extraction,58054740087239687c92a85aac286f57d4432b98f6e794aeff8ce887be05444a
,,,冗余三元组,107.0,19.0,类型,enhanced_extraction,312a70dbb6938da88ab8b05449c8d8c251743e010805594f285bdf8a78dc8fe4
,,,冗余三元组,8.0,6.0,类型,enhanced_extraction,6fac4687d6b2fff7cbc5128ea92cdd84df1cbb232d6c51fd3ff6ee13154cbb0e
,,,冗余三元组,45.0,19.0,类型,enhanced_extraction,48851d3429ec2c9d1bf076c4d9f9483038e9f4d56322a5293fc3fd6402cb4383
,,,冗余三元组,108.0,82.0,类型,enhanced_extraction,26d71f9ffb58376a5886de27f840765b03c42cb062962df1e3254cbdb32745ab
,,,冗余三元组,45.0,8.0,执行,enhanced_extraction,514977d4f86b6d8ea998ff9b037264920b57f0566b5bf7c825616632b587f4c4
,,,冗余三元组,6.0,8.0,权力类型,enhanced_extraction,32e8a27f6efa3168f7b83cec98c6c3f135d9e7ed4abe4e365bb569a11b0b970c
,,,冗余三元组,8.0,6.0,类型,enhanced_extraction,6fac4687d6b2fff7cbc5128ea92cdd84df1cbb232d6c51fd3ff6ee13154cbb0e
,,,冗余三元组,90.0,8.0,实施依据,enhanced_extraction,edf6c1bcf6cd82fa4e92b31e2f412fca0b09b13b480b67992be26f72a90ebf47
,,,冗余三元组,7.0,6.0,类型,enhanced_extraction,5272859ffeba39ea0c18209c4b1132626ac359559543a52f190519cf9e85bf91
,,,冗余三元组,8.0,6.0,属于,enhanced_extraction,c18b3f309f5e1e78e302a845b3d22a3666d412c346cbe019737653739c05dc2f
,,,冗余三元组,8.0,42.0,涉及,enhanced_extraction,82f17a747cd4a4be262c7b3311013f7ce211f12722b6e5836618e67f65950359
,,,冗余三元组,7.0,6.0,是,enhanced_extraction,2200a0831921dffb7aeae867bab55a8fb338e08dad663234d036af19f36ad136
,,,冗余三元组,11.0,31.0,是,enhanced_extraction,dddcf513fdeeba0f49c0fa688846f14fac62a0d876e080bebd6e14d35475dfee
,,,冗余三元组,12.0,31.0,是,enhanced_extraction,d25081ca2ff71ee2a320706ed8671654e8c8ce137e4ecc1542b43564c82125b9
,,,冗余三元组,8.0,6.0,类型,enhanced_extraction,6fac4687d6b2fff7cbc5128ea92cdd84df1cbb232d6c51fd3ff6ee13154cbb0e
,,,冗余三元组,7.0,6.0,类型,enhanced_extraction,5272859ffeba39ea0c18209c4b1132626ac359559543a52f190519cf9e85bf91
,,,冗余三元组,6.0,7.0,类型,enhanced_extraction,58054740087239687c92a85aac286f57d4432b98f6e794aeff8ce887be05444a
,,,冗余三元组,31.0,8.0,行驶主体,enhanced_extraction,a8fd77eea50b1830e1af716e6044425361790eea3f2911f99d5effab83836a88
,,,冗余三元组,31.0,8.0,承办机构,enhanced_extraction,7623b4c5a5dd720be5677480a0306859a8e53153dba6bb31ea852dbd6889baec
,,,冗余三元组,14.0,8.0,是,enhanced_extraction,fbdd7ca9f67db87a505edbcd12f85f779c5175f8161cb1fdf53bd3401c4d49fa
,,,冗余三元组,8.0,86.0,涉及问题,enhanced_extraction,42563d6f1b9f05045f0a0a2a4a0a69f7909aafa6a820646feb81de9ed84e19d5
,,,冗余三元组,7.0,6.0,是,enhanced_extraction,2200a0831921dffb7aeae867bab55a8fb338e08dad663234d036af19f36ad136
,,,冗余三元组,11.0,116.0,是,enhanced_extraction,f54d9229151002142b9e05a7034fb85164048f0ff9d354a2c3c0a932cef9ad08
,,,冗余三元组,3.0,79.0,是,enhanced_extraction,2a4a29b9d15162e5663ff157dc826dd63aefc77e9b5b26af9ac2136ae9ffc5b5
,,,冗余三元组,8.0,6.0,类型,enhanced_extraction,6fac4687d6b2fff7cbc5128ea92cdd84df1cbb232d6c51fd3ff6ee13154cbb0e
,,,冗余三元组,206.0,82.0,类型,enhanced_extraction,c9e4181af29c4b94e72675acaac2997318eb2324bee54d1a295c501efbc7b691
,,,冗余三元组,14.0,91.0,类型,enhanced_extraction,6cfd768a968475172ce300d8a05c21446716a3685d9459bd4b102219e404aa58
,,,冗余三元组,8.0,106.0,基于,enhanced_extraction,c74a07b91bf9b23ed080feaa84725e72983c997ed04421725d3ea7bb3c052088
,,,冗余三元组,7.0,6.0,是,enhanced_extraction,2200a0831921dffb7aeae867bab55a8fb338e08dad663234d036af19f36ad136
,,,冗余三元组,11.0,10.0,是,enhanced_extraction,dedb686de59beddd23a4bc91a73f8f8de96cfa730f3498d4d83b0e68d45b375f
,,,冗余三元组,12.0,10.0,是,enhanced_extraction,47933e709f6345e74d98bb9156bbf0e61f44ce9e333e1549525f5ce234aaa319
,,,冗余三元组,11.0,12.0,等同于,enhanced_extraction,301a1b968db5f2952324c04c1858c72c0e1fa91c31c622a211d60f845a78cc38
,,,冗余三元组,3.0,55.0,是,enhanced_extraction,f52a222dde5a90e16fafde112a78ee9e3446327c13259827b96065b2063f5d30
,,,冗余三元组,81.0,6.0,行驶主体,enhanced_extraction,531fc7b910cb48730b69c89113f8d33a9e1b22283966b0c3a5b6466e7111e3ce
,,,冗余三元组,81.0,6.0,承办机构,enhanced_extraction,3b9e2515823e5034723d455c8e1cd96c33cc86c2d2c8466619e70386555d9ff6
,,,冗余三元组,6.0,119.0,依据,enhanced_extraction,340afcf8629a60372123d85bae8b09deb40900d4d25aba0645e7a725deb501a6
,,,冗余三元组,6.0,7.0,是,enhanced_extraction,02ba53c3c8f9aa3a94884c43bf0b1f75219cb2da2911aac8cb1a66068cbe4396
,,,冗余三元组,27.0,27.0,既是行驶主体也是承办机构,enhanced_extraction,b25314b1f3bee14abbf3a9f71b32672fd8885001a16b83e3acc5102cd6fbd858
,,,冗余三元组,6.0,8.0,权力类型,enhanced_extraction,32e8a27f6efa3168f7b83cec98c6c3f135d9e7ed4abe4e365bb569a11b0b970c
,,,冗余三元组,70.0,8.0,行驶主体,enhanced_extraction,55fae3dc9b61e8db118e3715bdaf9d4cd959147e21c168ebfae57cdb6747732c
,,,冗余三元组,5.0,8.0,承办机构,enhanced_extraction,e77e8d7f1a809ac4bbfbf59c7ba2de0414f5e62453d3a9fdc082572da262c08c
,,,冗余三元组,5.0,8.0,行使主体,enhanced_extraction,b8a2035db66968c36e3d85ea895601864f2c24dcbd61495d27fae20f25168578
,,,冗余三元组,8.0,6.0,类型,enhanced_extraction,6fac4687d6b2fff7cbc5128ea92cdd84df1cbb232d6c51fd3ff6ee13154cbb0e
,,,冗余三元组,8.0,43.0,实施依据,enhanced_extraction,d5f73bcc4fd76e5bb3f68a975be348fd1cf1ab12b3d00243912373d02aedbeeb
,,,冗余三元组,3.0,55.0,是,enhanced_extraction,f52a222dde5a90e16fafde112a78ee9e3446327c13259827b96065b2063f5d30
,,,冗余三元组,8.0,6.0,类型,enhanced_extraction,6fac4687d6b2fff7cbc5128ea92cdd84df1cbb232d6c51fd3ff6ee13154cbb0e
,,,冗余三元组,54.0,46.0,类型,enhanced_extraction,27412ca142a1ebf44333dd7d33ffc0e9d320fd1ea818f467adac57048717acc6
,,,冗余三元组,7.0,68.0,类型,enhanced_extraction,712da6e6e77188487ff06d390f211860cdca4118291ac4cb108823ebd146cf0a
,,,冗余三元组,6.0,236.0,类型,enhanced_extraction,85909b1834134fa5351a783cdf998b5fd8be3343f299adf7414eb0a767fb5ed8
,,,冗余三元组,11.0,68.0,类型,enhanced_extraction,5d21e2e0ae60efddb28a29c45c4888e94e52f7cca1d9f70e13673179da506b01
,,,冗余三元组,3.0,248.0,类型,enhanced_extraction,cf1f4a14cf7af36f897abc1c47424393840f65880fec82a9ecba272c518dddd2
,,,冗余三元组,55.0,47.0,类型,enhanced_extraction,33784c01d817c8d78f2f0cf458563291ac24b0a836ac4f53c384e05b9c0b191c
,,,冗余三元组,54.0,128.0,既是行驶主体也是承办机构,enhanced_extraction,52370904388d93e98d1c874dd8a6a102b542c6566f3d3bd3d3c0ad3eec9fc823
,,,冗余三元组,6.0,7.0,包含,enhanced_extraction,6cbf562d4e69c9927e48a33c857d2b9a135bcc505f083109c9a07ffdc6293668
,,,冗余三元组,14.0,8.0,是,enhanced_extraction,fbdd7ca9f67db87a505edbcd12f85f779c5175f8161cb1fdf53bd3401c4d49fa
,,,冗余三元组,8.0,114.0,包含,enhanced_extraction,382a67015b365711c8883e0abc789cc8f2ec65c2452223919a0fee48131c7fca
,,,冗余三元组,7.0,6.0,是,enhanced_extraction,2200a0831921dffb7aeae867bab55a8fb338e08dad663234d036af19f36ad136
,,,冗余三元组,11.0,107.0,是,enhanced_extraction,901f76db8b62e4ffd527d4b57b3f0bff1032cab6873441370b256e3b09d0aeef
,,,冗余三元组,12.0,107.0,是,enhanced_extraction,a5057cb3a530a4a2e8cb05bd7199affa424ff8201b222cf9a4fc8e3aff71c017
,,,冗余三元组,3.0,32.0,是,enhanced_extraction,88aada700139e662000f7656c0a07210375d016480f7562f444bd208adb02d84
,,,冗余三元组,8.0,6.0,类型,enhanced_extraction,6fac4687d6b2fff7cbc5128ea92cdd84df1cbb232d6c51fd3ff6ee13154cbb0e
,,,冗余三元组,107.0,46.0,类型,enhanced_extraction,51e707583c753ebf5f35d307df8e47a772b7fe70e40d6f9683eabb0f5ee7a069
,,,冗余三元组,32.0,29.0,类型,enhanced_extraction,20775febd44ce5e6f41375ea2ce9e248956e59aad8c13b904db11623051ff73e
,,,冗余三元组,14.0,91.0,类型,enhanced_extraction,6cfd768a968475172ce300d8a05c21446716a3685d9459bd4b102219e404aa58
,,,冗余三元组,114.0,44.0,类型,enhanced_extraction,8012605abf4d5294bfb1553daf5d49a675e1c434340d3aeeb0a671a97344d817
,,,冗余三元组,7.0,68.0,类型,enhanced_extraction,712da6e6e77188487ff06d390f211860cdca4118291ac4cb108823ebd146cf0a
,,,冗余三元组,3.0,248.0,类型,enhanced_extraction,cf1f4a14cf7af36f897abc1c47424393840f65880fec82a9ecba272c518dddd2
,,,冗余三元组,107.0,107.0,既是行驶主体也是承办机构,enhanced_extraction,2378c0ac56a40eec1991e0283aa325a91dc38a7e70578ec27cec79b1b9751eea
,,,冗余三元组,8.0,105.0,涉及事项,enhanced_extraction,63547c037c6074f90e935f4c9ce221f41afc9180e5eb243fae1a398614f18300
,,,冗余三元组,23.0,8.0,行驶主体,enhanced_extraction,190bd2581e211642941e456430026d0e53f5cc20ea4fda9f0abb28429ff9a352
,,,冗余三元组,23.0,8.0,承办机构,enhanced_extraction,c4f931334bf1748408b2ea285bfb1341eacfc2c76a021a14d851a92e2174d324
,,,冗余三元组,8.0,6.0,类型,enhanced_extraction,6fac4687d6b2fff7cbc5128ea92cdd84df1cbb232d6c51fd3ff6ee13154cbb0e
,,,冗余三元组,8.0,71.0,涉及,enhanced_extraction,1c6dcc448ff535b50accf30da6961a114ecf146315d368aab339dcd8f0c8df70
,,,冗余三元组,6.0,81.0,执行主体,enhanced_extraction,9d58883a71d47511ecc400f6053c8b05b9f7a388d96940318f913cd9b7ec7839
,,,冗余三元组,81.0,6.0,执行,enhanced_extraction,e9f0e8b74a0d4382f66862abe78279db7eb96ffb9c5df7a9791598f0a92ab474
,,,冗余三元组,8.0,6.0,类型,enhanced_extraction,6fac4687d6b2fff7cbc5128ea92cdd84df1cbb232d6c51fd3ff6ee13154cbb0e
,,,冗余三元组,8.0,106.0,涉及内容,enhanced_extraction,8b4b3f585373ffc511aa09ea828054ffa8ae97726a9a163fa8a8b967d3e0fd76
,,,冗余三元组,10.0,8.0,行驶主体,enhanced_extraction,dbdf9013e94e2f8a4f96b11b56813f11346693a948c2638f8bc0c6bbb39b80d9
,,,冗余三元组,10.0,8.0,承办机构,enhanced_extraction,9099513cb23185a724b8a4ac96c8da632244c7a5c49e3b156cd98811a5707847
,,,冗余三元组,8.0,55.0,实施依据,enhanced_extraction,8a650968d0f6fade1f3318f86cf4fa3cdcb8f8b6a40f25748a6d391a740ec28e
,,,冗余三元组,8.0,6.0,权力类型,enhanced_extraction,f8a083553843bc10eace9a3e8ba3284e19d54e269f2f6eb5aa3a3ccfbc65d72c
,,,冗余三元组,81.0,8.0,行使主体,enhanced_extraction,95b2314ef37ccb89bfb237b160bf88d38b5867aa438ea47ae3778d51c052cf7d
,,,冗余三元组,81.0,81.0,承办机构,enhanced_extraction,f391c13810323df7750791ed28a6cdb9013b6a4c8832dd34e7249815d0ecac2b
,,,冗余三元组,144.0,82.0,是,enhanced_extraction,f948cf52c38c118079fff5d929d941d6c06d25d49b22fa63b1ae444c03be0733
,,,冗余三元组,8.0,6.0,类型,enhanced_extraction,6fac4687d6b2fff7cbc5128ea92cdd84df1cbb232d6c51fd3ff6ee13154cbb0e
,,,冗余三元组,48.0,41.0,类型,enhanced_extraction,7e3a9c530d37a11b6b0737317eeccd317d6f09bcb4cee9192117b6a9370bc45d
,,,冗余三元组,6.0,7.0,类型,enhanced_extraction,58054740087239687c92a85aac286f57d4432b98f6e794aeff8ce887be05444a
,,,冗余三元组,58.0,60.0,类型,enhanced_extraction,68467c6f115cf9567d4a71b92ca424fc387cea869024bf0e007eadb7b5eac62d
,,,冗余三元组,133.0,29.0,类型,enhanced_extraction,bb912ab8850e4fed02035a9d8451d4eb96c9171d470dc8c76a5fe6a16475d907
,,,冗余三元组,58.0,8.0,行使主体,enhanced_extraction,dda62f952b6218ef7cdc73f368ddd74f16391dd7853b3e246491e9c7c30d73fb
,,,冗余三元组,58.0,8.0,承办机构,enhanced_extraction,1655806368b90c72c71a83e3444e2bf2281e4f59bb0d578d6a868c65a32e275b
,,,冗余三元组,8.0,93.0,涉及事项,enhanced_extraction,f9f1cdbfb363face6d351175392e8d75dcdcb7dbf22b29c69acb02974464be66
,,,冗余三元组,6.0,8.0,权力类型,enhanced_extraction,32e8a27f6efa3168f7b83cec98c6c3f135d9e7ed4abe4e365bb569a11b0b970c
,,,冗余三元组,23.0,8.0,行驶主体,enhanced_extraction,190bd2581e211642941e456430026d0e53f5cc20ea4fda9f0abb28429ff9a352
,,,冗余三元组,23.0,8.0,承办机构,enhanced_extraction,c4f931334bf1748408b2ea285bfb1341eacfc2c76a021a14d851a92e2174d324
,,,冗余三元组,23.0,8.0,执行,enhanced_extraction,b7e171083f741dc94c7f243061c7a1a8dadaaa67ef509ee697ee92fca2958df4
,,,冗余三元组,7.0,6.0,是,enhanced_extraction,2200a0831921dffb7aeae867bab55a8fb338e08dad663234d036af19f36ad136
,,,冗余三元组,11.0,121.0,是,enhanced_extraction,fdb2f28c3758f02cf8d7ba6827b5df986e79dbfc7b61f911b609d5a347258781
,,,冗余三元组,12.0,58.0,是,enhanced_extraction,dab5414b75f53cde5064f34fc17d90c18c4057d208f4c405cdde1c7494713085
,,,冗余三元组,3.0,90.0,是,enhanced_extraction,995e1cd77eec5e05dc7af70a9ffb37baa21b313c8925cfbe1f7332d29eda476f
,,,冗余三元组,6.0,8.0,权力类型,enhanced_extraction,32e8a27f6efa3168f7b83cec98c6c3f135d9e7ed4abe4e365bb569a11b0b970c
,,,冗余三元组,27.0,8.0,行驶主体,enhanced_extraction,6bdc23dd0ce2ac7288c4bb62e712ce5558ef4047f87d2308cebfc9a72ca13715
,,,冗余三元组,27.0,8.0,承办机构,enhanced_extraction,6889f4ea2e4e0a8d0414afd0cc1413f9aa7f6f480f26122643ea762b8e083496
,,,冗余三元组,8.0,119.0,依据,enhanced_extraction,dd914b06c02a4b3400cfeef64727c74d33e602b80eea06524697f282c1519ce2
,,,冗余三元组,8.0,6.0,类型,enhanced_extraction,6fac4687d6b2fff7cbc5128ea92cdd84df1cbb232d6c51fd3ff6ee13154cbb0e
,,,冗余三元组,27.0,8.0,执行,enhanced_extraction,0098f38cc2022e60576cc213d8c9f18cebe66c2e7a31304f7db924d26c20b93a
,,,冗余三元组,119.0,179.0,类型,enhanced_extraction,2f456792d177cfd644db68d9cc3fd608715929d321b67f28010242767f1c8421
,,,冗余三元组,11.0,45.0,是,enhanced_extraction,c664012e2327d817dd45119b34384b2e7e0c179840ef85d3860982c901ad668a
,,,冗余三元组,12.0,45.0,是,enhanced_extraction,11e2c83cbe122d99717fef39c61a51edf7c8881b5b3a8d4db4f50f4e21d90133
,,,冗余三元组,8.0,71.0,涉及,enhanced_extraction,1c6dcc448ff535b50accf30da6961a114ecf146315d368aab339dcd8f0c8df70
,,,冗余三元组,45.0,6.0,执行,enhanced_extraction,96c2c89a207290c4ed13f5b8b1a61bafe38676d907185122623046c220d976d3
,,,冗余三元组,7.0,6.0,是,enhanced_extraction,2200a0831921dffb7aeae867bab55a8fb338e08dad663234d036af19f36ad136
,,,冗余三元组,3.0,39.0,依据,enhanced_extraction,b0c1c954b3153185643ee7a401361653e7bf6c45ba9b75392a47c726f8483289
,,,冗余三元组,8.0,42.0,包含,enhanced_extraction,7c7bfce33543f186dbb2ffc94fa2cb11f2cd59c8518ec0783ecc2af662878162
,,,冗余三元组,3.0,90.0,是,enhanced_extraction,995e1cd77eec5e05dc7af70a9ffb37baa21b313c8925cfbe1f7332d29eda476f
,,,冗余三元组,10.0,6.0,行使,enhanced_extraction,634a7b7b1ff0138694e9b68dc00ce1defb8a97b68a7494da586c897d86487bd3
,,,冗余三元组,8.0,6.0,属于,enhanced_extraction,c18b3f309f5e1e78e302a845b3d22a3666d412c346cbe019737653739c05dc2f
,,,冗余三元组,10.0,90.0,依据,enhanced_extraction,eafada03dda0b31437c955822ac105e15f0970e7f81fd36a7159d54372c2b71b
,,,冗余三元组,8.0,76.0,包含行为,enhanced_extraction,5541e65675eaaeec5b95a1ea8eaa8b0ca43d00ea22d4666ef288050cdf027305
,,,冗余三元组,7.0,6.0,是,enhanced_extraction,2200a0831921dffb7aeae867bab55a8fb338e08dad663234d036af19f36ad136
,,,冗余三元组,3.0,73.0,是,enhanced_extraction,40f2a35de569d5a8b6543a08fe02dff64e1b2c1955f4df1c476783878a9a523c
,,,冗余三元组,8.0,73.0,实施依据,enhanced_extraction,76a3f8c4caa86eaa1702d5d5ec9fbb18d7d1e42f97d92a292a455c4570d5e65f
,,,冗余三元组,45.0,8.0,行使,enhanced_extraction,51d628540a3a50124a4f20c3366254a6b653c280a39acc6d6926ea309cbe796f
,,,冗余三元组,8.0,22.0,涉及领域,enhanced_extraction,7edebd84bb95532e0e5d09af25d57377b35a9d19597fa547e2b7a61af7f8addd
,,,冗余三元组,23.0,8.0,行驶主体,enhanced_extraction,190bd2581e211642941e456430026d0e53f5cc20ea4fda9f0abb28429ff9a352
,,,冗余三元组,23.0,8.0,承办机构,enhanced_extraction,c4f931334bf1748408b2ea285bfb1341eacfc2c76a021a14d851a92e2174d324
,,,冗余三元组,8.0,102.0,依据,enhanced_extraction,4cc399bd5a62235b2ce40add5e277827cadd026237a9b3e9e12b85f941631371
,,,冗余三元组,8.0,6.0,类型,enhanced_extraction,6fac4687d6b2fff7cbc5128ea92cdd84df1cbb232d6c51fd3ff6ee13154cbb0e
,,,冗余三元组,23.0,8.0,执行,enhanced_extraction,b7e171083f741dc94c7f243061c7a1a8dadaaa67ef509ee697ee92fca2958df4
,,,冗余三元组,102.0,29.0,类型,enhanced_extraction,589b829c92677f9ed2c6e96c11b855626ddf372380a8eaddc9a04f177e020492
,,,冗余三元组,8.0,115.0,涉及问题,enhanced_extraction,697a5b6ba1f6db911a729da772b69bc7092cfcc28091d451f411adf62d985843
,,,冗余三元组,7.0,6.0,类型,enhanced_extraction,5272859ffeba39ea0c18209c4b1132626ac359559543a52f190519cf9e85bf91
,,,冗余三元组,13.0,3.0,是,enhanced_extraction,69847b3637f9358f7d54fba7338ef5125c5c36cf82fdea6bc145da432437ce12
,,,冗余三元组,14.0,8.0,类型,enhanced_extraction,7273d19977cc2617ab06d2805641bc4e68275aeed1c4b30b14fa59f28bb64a9a
,,,冗余三元组,8.0,37.0,涉及事项,enhanced_extraction,a3568f2e329e6c677aa65af4a20f8c9617754513fef947c68c5dd13f814414d4
,,,冗余三元组,23.0,8.0,行驶主体,enhanced_extraction,190bd2581e211642941e456430026d0e53f5cc20ea4fda9f0abb28429ff9a352
,,,冗余三元组,23.0,8.0,承办机构,enhanced_extraction,c4f931334bf1748408b2ea285bfb1341eacfc2c76a021a14d851a92e2174d324
,,,冗余三元组,8.0,6.0,类型,enhanced_extraction,6fac4687d6b2fff7cbc5128ea92cdd84df1cbb232d6c51fd3ff6ee13154cbb0e
,,,冗余三元组,23.0,201.0,类型,enhanced_extraction,deab9e4120bc5e9be95a1f5afd213e251ab1b11a9838101529acaff0d695d1c4
,,,冗余三元组,23.0,8.0,实施,enhanced_extraction,157f2b6441d17004f74196dfd6d194ef4c94dc5a36ce622db9bf61c67ff39700
,,,冗余三元组,8.0,102.0,依据,enhanced_extraction,4cc399bd5a62235b2ce40add5e277827cadd026237a9b3e9e12b85f941631371
,,,冗余三元组,5.0,6.0,行驶主体,enhanced_extraction,5b67ac23dfad0844b288da902acb39a310c3ae5acc9739557ad43aa464c365cf
,,,冗余三元组,5.0,6.0,承办机构,enhanced_extraction,04c52c045b0856bab6bf5aa6c613f8bca18aa29ea351f668e4a92e5176be72c5
,,,冗余三元组,5.0,6.0,执行,enhanced_extraction,1f89a28e29b72a92a98c035f821566b358c62e362464a8b863a1e1715da7ed05
,,,冗余三元组,8.0,22.0,涉及领域,enhanced_extraction,7edebd84bb95532e0e5d09af25d57377b35a9d19597fa547e2b7a61af7f8addd
,,,冗余三元组,6.0,8.0,权力类型,enhanced_extraction,32e8a27f6efa3168f7b83cec98c6c3f135d9e7ed4abe4e365bb569a11b0b970c
,,,冗余三元组,10.0,8.0,行驶主体,enhanced_extraction,dbdf9013e94e2f8a4f96b11b56813f11346693a948c2638f8bc0c6bbb39b80d9
,,,冗余三元组,10.0,8.0,承办机构,enhanced_extraction,9099513cb23185a724b8a4ac96c8da632244c7a5c49e3b156cd98811a5707847
,,,冗余三元组,39.0,8.0,实施依据,enhanced_extraction,4c5b43915c13ecf69552e55e9d4114e4b8c26909883c9c38e16f4f6c63eb0682
,,,冗余三元组,10.0,60.0,类型,enhanced_extraction,78441a70a3fbce59179fe4a37dbaaeed34c3b432c1331381c3072b7f3c76ee5d
,,,冗余三元组,8.0,6.0,类型,enhanced_extraction,6fac4687d6b2fff7cbc5128ea92cdd84df1cbb232d6c51fd3ff6ee13154cbb0e
,,,冗余三元组,6.0,7.0,类型,enhanced_extraction,58054740087239687c92a85aac286f57d4432b98f6e794aeff8ce887be05444a
,,,冗余三元组,39.0,82.0,类型,enhanced_extraction,6c03268e7e15cbe94ab86468874a789d0b64aa86d23565c417e9a73628f87fe4
,,,冗余三元组,10.0,39.0,依据,enhanced_extraction,d63fb307f65352f42355b342e308178c988560925ae9abca9a3fa5ae56ee5845
,,,冗余三元组,8.0,106.0,基于,enhanced_extraction,c74a07b91bf9b23ed080feaa84725e72983c997ed04421725d3ea7bb3c052088
,,,冗余三元组,7.0,6.0,是,enhanced_extraction,2200a0831921dffb7aeae867bab55a8fb338e08dad663234d036af19f36ad136
,,,冗余三元组,11.0,58.0,是,enhanced_extraction,a804f79373098e5aff1ee23a077e7e6028bc0a3564536da60c3317908532d4d9
,,,冗余三元组,12.0,58.0,是,enhanced_extraction,dab5414b75f53cde5064f34fc17d90c18c4057d208f4c405cdde1c7494713085
,,,冗余三元组,3.0,79.0,是,enhanced_extraction,2a4a29b9d15162e5663ff157dc826dd63aefc77e9b5b26af9ac2136ae9ffc5b5
,,,冗余三元组,6.0,7.0,是,enhanced_extraction,02ba53c3c8f9aa3a94884c43bf0b1f75219cb2da2911aac8cb1a66068cbe4396
,,,冗余三元组,8.0,71.0,包含,enhanced_extraction,8fd01e89d39152067d75f5388ddba5cb4ed835216881d1f230267c80d2148308
,,,冗余三元组,7.0,6.0,是,enhanced_extraction,2200a0831921dffb7aeae867bab55a8fb338e08dad663234d036af19f36ad136
,,,冗余三元组,11.0,58.0,是,enhanced_extraction,a804f79373098e5aff1ee23a077e7e6028bc0a3564536da60c3317908532d4d9
,,,冗余三元组,12.0,58.0,是,enhanced_extraction,dab5414b75f53cde5064f34fc17d90c18c4057d208f4c405cdde1c7494713085
,,,冗余三元组,3.0,13.0,是,enhanced_extraction,a150f1d60aba46983435951f07eb83bff8e98c5cde9c1e2716f5873e0560979f
,,,冗余三元组,8.0,6.0,类型,enhanced_extraction,6fac4687d6b2fff7cbc5128ea92cdd84df1cbb232d6c51fd3ff6ee13154cbb0e
,,,冗余三元组,71.0,41.0,类型,enhanced_extraction,d27edf02b6351df367cf61d1d828e8e7dc173e8491650611a2d14dc0b43de3d3
,,,冗余三元组,7.0,6.0,类型,enhanced_extraction,5272859ffeba39ea0c18209c4b1132626ac359559543a52f190519cf9e85bf91
,,,冗余三元组,6.0,6.0,类型,enhanced_extraction,b19fe8c4c37291b5a842dac2c31f8cde443fb553b927f9f6c8e1029f215e8aa4
,,,冗余三元组,11.0,19.0,类型,enhanced_extraction,e43400f439abb0a0c41a3cd3c4ad219b85cb1b0fa17c97bd3c2590e4409af3f4
,,,冗余三元组,58.0,60.0,类型,enhanced_extraction,68467c6f115cf9567d4a71b92ca424fc387cea869024bf0e007eadb7b5eac62d
,,,冗余三元组,12.0,19.0,类型,enhanced_extraction,cff59af3ab539c6c0c8b44d30c6d8a017cb72fb5fdc54bfecab04f8eb47e72e4
,,,冗余三元组,3.0,29.0,类型,enhanced_extraction,735e0cfdf6b6b38113b8865e731ab6637a7b0ec5b5d7d8682f84ae563f0a7fb3
,,,冗余三元组,13.0,29.0,类型,enhanced_extraction,7101bd486950037fcb83b6ac6c71f6946cb1d584cc56aa1073a462ae922914b2
,,,冗余三元组,8.0,6.0,类型,enhanced_extraction,6fac4687d6b2fff7cbc5128ea92cdd84df1cbb232d6c51fd3ff6ee13154cbb0e
,,,冗余三元组,58.0,60.0,类型,enhanced_extraction,68467c6f115cf9567d4a71b92ca424fc387cea869024bf0e007eadb7b5eac62d
,,,冗余三元组,58.0,8.0,行使主体,enhanced_extraction,dda62f952b6218ef7cdc73f368ddd74f16391dd7853b3e246491e9c7c30d73fb
,,,冗余三元组,58.0,8.0,承办机构,enhanced_extraction,1655806368b90c72c71a83e3444e2bf2281e4f59bb0d578d6a868c65a32e275b
,,,冗余三元组,7.0,6.0,是,enhanced_extraction,2200a0831921dffb7aeae867bab55a8fb338e08dad663234d036af19f36ad136
,,,冗余三元组,3.0,13.0,是,enhanced_extraction,a150f1d60aba46983435951f07eb83bff8e98c5cde9c1e2716f5873e0560979f
,,,冗余三元组,3.0,13.0,依据,enhanced_extraction,76fbb44812b7a8b2c1a1ce36ce571b47a0933d9025753068371cde396647b6b0
,,,冗余三元组,81.0,6.0,行驶主体,enhanced_extraction,531fc7b910cb48730b69c89113f8d33a9e1b22283966b0c3a5b6466e7111e3ce
,,,冗余三元组,81.0,6.0,承办机构,enhanced_extraction,3b9e2515823e5034723d455c8e1cd96c33cc86c2d2c8466619e70386555d9ff6
,,,冗余三元组,6.0,144.0,实施依据,enhanced_extraction,e739939888e6bf3c6d1cbe6e840494253864b2271f07ecc0eddd95a0b27559bf
,,,冗余三元组,8.0,15.0,针对,enhanced_extraction,33c607b35871dd30f808e04c3d553d0d37e5c09728398a6a9a1e37228a194e21
,,,冗余三元组,11.0,5.0,是,enhanced_extraction,9241a626ee0cd96f0bac6cb4374e8596db0716f93a0ebd523f4e067f661950eb
,,,冗余三元组,12.0,5.0,是,enhanced_extraction,b8fbcb0fef22b7e21ba6fa0460618ec34e68c6f9bd7907b30b7b1440a17a82b4
,,,冗余三元组,3.0,90.0,是,enhanced_extraction,995e1cd77eec5e05dc7af70a9ffb37baa21b313c8925cfbe1f7332d29eda476f
,,,冗余三元组,7.0,6.0,是,enhanced_extraction,2200a0831921dffb7aeae867bab55a8fb338e08dad663234d036af19f36ad136
,,,冗余三元组,3.0,59.0,是,enhanced_extraction,c5c7e73becac3d27cd966f3398e4ff5410365a31826a51102cf44d9b55480003
,,,冗余三元组,8.0,9.0,涉及,enhanced_extraction,6510d7525eb81d30d399e25ff64aadb32cf35228b4fca08b1eb53b7e32291b22
,,,冗余三元组,8.0,114.0,包含,enhanced_extraction,382a67015b365711c8883e0abc789cc8f2ec65c2452223919a0fee48131c7fca
,,,冗余三元组,11.0,54.0,是,enhanced_extraction,549e416005220dc970bb51881509d18b237d0485fb6036953b0831ef8086df49
,,,冗余三元组,12.0,54.0,是,enhanced_extraction,d0e1c40ec9f02940c43a5e2c47c765d3a9681a78a0368912bf461d7f3268f4ed
,,,冗余三元组,54.0,6.0,行使,enhanced_extraction,5c2993b52c01e40c2ff794f27898a156706a1b07c4a107ba14f74e0f59bef5db
,,,冗余三元组,8.0,15.0,涉及行为,enhanced_extraction,051f6a4b1b9c4f0384bfd7edd39a1204c73d5933bdbddfd3dad7bcffa78384a4
,,,冗余三元组,7.0,6.0,类型,enhanced_extraction,5272859ffeba39ea0c18209c4b1132626ac359559543a52f190519cf9e85bf91
,,,冗余三元组,11.0,8.0,执行,enhanced_extraction,46faa73dc958b1ad4e0526b09d937ab646ce7a6a698baeffb4c9644b70f3c254
,,,冗余三元组,12.0,8.0,执行,enhanced_extraction,59ba2f8c35cb6dbfb63bf30c36b1191ebf92b67c8d41a982c30bea565f582f60
,,,冗余三元组,8.0,6.0,类型,enhanced_extraction,6fac4687d6b2fff7cbc5128ea92cdd84df1cbb232d6c51fd3ff6ee13154cbb0e
,,,冗余三元组,45.0,8.0,行驶主体,enhanced_extraction,9e21e8794ecff17057a8cfc6619ef8d0b5bb3faba963dcb12c6a0a7b888f83fa
,,,冗余三元组,45.0,8.0,承办机构,enhanced_extraction,44b09becce10890a28af71b1b655d2964a80aa554a2a9cff154f3352aebfa9b9
,,,冗余三元组,45.0,4.0,依据,enhanced_extraction,0696a256fd1cd567d782d1a7ef7229707e00f5a31649e4733d5b6e56f42903fd
,,,冗余三元组,6.0,107.0,执行主体,enhanced_extraction,7c32c8e4203ad3434c1ade2b0b38601d52c909803d51bd0ad2dbbd7134ed74df
,,,冗余三元组,107.0,11.0,是,enhanced_extraction,75b72889352555acb15ef190565e1dc73c0293795743f4134463de3542a86e36
,,,冗余三元组,107.0,12.0,是,enhanced_extraction,250ae9f9ac619467d09d63d67cdcf21708d60f57957a6e85f452b783acc7f054
,,,冗余三元组,107.0,46.0,类型,enhanced_extraction,51e707583c753ebf5f35d307df8e47a772b7fe70e40d6f9683eabb0f5ee7a069
,,,冗余三元组,102.0,47.0,类型,enhanced_extraction,e7cf78b328fce0a77812cfff861d23cef90537b5223e0e4be388961841b30d41
,,,冗余三元组,115.0,33.0,类型,enhanced_extraction,ef6d1c75c3f0d59f21dfb6806674be1758e9b5deadc1c49df6b276507787b327
,,,冗余三元组,11.0,21.0,类型,enhanced_extraction,844fee27053023ba415d29e41ccfb1a68ce4e8988aced51b131a67346f972f37
,,,冗余三元组,12.0,21.0,类型,enhanced_extraction,4a417538facf2eacf00d3cf873b614fdc8ee2e6fcd1dd91f3c97c38f645abdee
,,,冗余三元组,55.0,47.0,类型,enhanced_extraction,33784c01d817c8d78f2f0cf458563291ac24b0a836ac4f53c384e05b9c0b191c
,,,冗余三元组,3.0,63.0,类型,enhanced_extraction,421144dd8c2ce8df35f4cf5b3a63050637053efcf5ad8f11e44388cee0ee9d77
,,,冗余三元组,3.0,55.0,依据,enhanced_extraction,b7fad93a8f1ebbdc8e3cf043e3b5831a9b366fd0f07e085e2fe21d03fcad07a3
,,,冗余三元组,8.0,76.0,涉及行为,enhanced_extraction,9cb51e8e66c4b7fb5060068e1bffacfdfff5ef4593e7b470f6ab858c28ed2fb9
,,,冗余三元组,23.0,8.0,行驶主体,enhanced_extraction,190bd2581e211642941e456430026d0e53f5cc20ea4fda9f0abb28429ff9a352
,,,冗余三元组,23.0,8.0,承办机构,enhanced_extraction,c4f931334bf1748408b2ea285bfb1341eacfc2c76a021a14d851a92e2174d324
,,,冗余三元组,8.0,79.0,依据,enhanced_extraction,905b7c850ba258742dcdf494c52cbd45cbeee4dadc6f9e0e37ff3d0abe683743
,,,冗余三元组,23.0,8.0,行使,enhanced_extraction,8eeab80a588a2865ee554a92e28653a57ea7abcfedd0cc7a465dfd04a0b9dea4
,,,冗余三元组,8.0,6.0,类型,enhanced_extraction,6fac4687d6b2fff7cbc5128ea92cdd84df1cbb232d6c51fd3ff6ee13154cbb0e
,,,冗余三元组,48.0,41.0,类型,enhanced_extraction,7e3a9c530d37a11b6b0737317eeccd317d6f09bcb4cee9192117b6a9370bc45d
,,,冗余三元组,6.0,7.0,类型,enhanced_extraction,58054740087239687c92a85aac286f57d4432b98f6e794aeff8ce887be05444a
,,,冗余三元组,107.0,8.0,承办机构,enhanced_extraction,0c5403f911140ecebc4f8e2ecc28dca1f99b8fcd49d1ac97f8a9da2729f54a0d
,,,冗余三元组,8.0,105.0,涉及事项,enhanced_extraction,63547c037c6074f90e935f4c9ce221f41afc9180e5eb243fae1a398614f18300
,,,冗余三元组,7.0,6.0,类型,enhanced_extraction,5272859ffeba39ea0c18209c4b1132626ac359559543a52f190519cf9e85bf91
,,,冗余三元组,11.0,45.0,是,enhanced_extraction,c664012e2327d817dd45119b34384b2e7e0c179840ef85d3860982c901ad668a
,,,冗余三元组,12.0,45.0,是,enhanced_extraction,11e2c83cbe122d99717fef39c61a51edf7c8881b5b3a8d4db4f50f4e21d90133
,,,冗余三元组,3.0,90.0,依据,enhanced_extraction,0f65238c5f35619b2afa05c7b6e178df625aee2a7acd1c44ea1fe59c29977b42
,,,冗余三元组,8.0,6.0,类型,enhanced_extraction,6fac4687d6b2fff7cbc5128ea92cdd84df1cbb232d6c51fd3ff6ee13154cbb0e
,,,冗余三元组,45.0,46.0,类型,enhanced_extraction,84318335092c06efddc54f8e13fc6a8a1506db89c99669aeed2da4d39e5899bd
,,,冗余三元组,243.0,29.0,类型,enhanced_extraction,a5ff7092cbef8d5d34a943c1a0528376b203a822e2debfc499ce1b7ab29e940d
,,,冗余三元组,105.0,44.0,类型,enhanced_extraction,a4763f0b5e0743530e768c4c96ad342396e1177c1c9055f256c500611eb48254
,,,冗余三元组,6.0,7.0,类型,enhanced_extraction,58054740087239687c92a85aac286f57d4432b98f6e794aeff8ce887be05444a
,,,冗余三元组,12.0,46.0,类型,enhanced_extraction,0df15f2a22dcbc22f38e270103f80de6876f428f45df9b1015687cc28986ec5f
,,,冗余三元组,3.0,248.0,类型,enhanced_extraction,cf1f4a14cf7af36f897abc1c47424393840f65880fec82a9ecba272c518dddd2
,,,冗余三元组,45.0,8.0,执行,enhanced_extraction,514977d4f86b6d8ea998ff9b037264920b57f0566b5bf7c825616632b587f4c4
,,,冗余三元组,8.0,22.0,涉及事项,enhanced_extraction,2a990110134205ae2256c2aa93be306f0a97bd6119e72b7a2c89fa19ab64916b
,,,冗余三元组,8.0,6.0,类型,enhanced_extraction,6fac4687d6b2fff7cbc5128ea92cdd84df1cbb232d6c51fd3ff6ee13154cbb0e
,,,冗余三元组,42.0,44.0,类型,enhanced_extraction,9c45dc971dcfced7ffa629586df5413654e7e0d4d70fe20a3b8d6ffae8828a31
,,,冗余三元组,81.0,8.0,行使主体,enhanced_extraction,95b2314ef37ccb89bfb237b160bf88d38b5867aa438ea47ae3778d51c052cf7d
,,,冗余三元组,6.0,8.0,权力类型,enhanced_extraction,32e8a27f6efa3168f7b83cec98c6c3f135d9e7ed4abe4e365bb569a11b0b970c
,,,冗余三元组,31.0,6.0,行驶主体,enhanced_extraction,c863fab255b083144e7502cd8b242274faeae8689d30ee563450b7eb63220cf6
,,,冗余三元组,31.0,6.0,承办机构,enhanced_extraction,4e0b692b485a8f361ee03fd540bafbbdbc9d562372b29b464a10db6c95f16174
,,,冗余三元组,8.0,114.0,处罚事项,enhanced_extraction,e1daa7048585d5a63e6e1689f75fcb4e882160b570df1e307197076e038ff6a8
,,,冗余三元组,8.0,6.0,类型,enhanced_extraction,6fac4687d6b2fff7cbc5128ea92cdd84df1cbb232d6c51fd3ff6ee13154cbb0e
,,,冗余三元组,31.0,6.0,行使主体,enhanced_extraction,c8e0d9a8f3492723ac5cea1d94b199f003d39d9178edbdea918bb111f19134d5
,,,冗余三元组,8.0,43.0,实施依据,enhanced_extraction,d5f73bcc4fd76e5bb3f68a975be348fd1cf1ab12b3d00243912373d02aedbeeb
,,,冗余三元组,8.0,48.0,涉及违规行为,enhanced_extraction,d7c1adf1482c696d2fbe3a32fa597c20a802f90ce69ed8fb30b4984a6913ee27
,,,冗余三元组,7.0,6.0,是,enhanced_extraction,2200a0831921dffb7aeae867bab55a8fb338e08dad663234d036af19f36ad136
,,,冗余三元组,12.0,5.0,是,enhanced_extraction,b8fbcb0fef22b7e21ba6fa0460618ec34e68c6f9bd7907b30b7b1440a17a82b4
,,,冗余三元组,8.0,93.0,涉及事项,enhanced_extraction,f9f1cdbfb363face6d351175392e8d75dcdcb7dbf22b29c69acb02974464be66
,,,冗余三元组,6.0,8.0,权力类型,enhanced_extraction,32e8a27f6efa3168f7b83cec98c6c3f135d9e7ed4abe4e365bb569a11b0b970c
,,,冗余三元组,10.0,6.0,执行,enhanced_extraction,34b8e14c27a88b936205f4cf5b3bb48643150b9da007a7e5eb82964c9f1a6ab5
,,,冗余三元组,6.0,10.0,执行主体,enhanced_extraction,4f4602c4181da2fa3582a22aa325f5151ce89c3fef744e316b3cb7f43a352b41
,,,冗余三元组,30.0,8.0,导致,enhanced_extraction,017d5b915014ba252d3aacddf89d0d86df6503c17a4e35d594b947db0dbaac8b
,,,冗余三元组,7.0,6.0,类型,enhanced_extraction,5272859ffeba39ea0c18209c4b1132626ac359559543a52f190519cf9e85bf91
,,,冗余三元组,45.0,6.0,行使,enhanced_extraction,af813577dc100e2f41a30502a8be5b6859f01de7624dfba0238af67ed077f3e0
,,,冗余三元组,45.0,12.0,是,enhanced_extraction,5107da40146050df66cbc8b4419824364656c376c32fed52b61d92c2b5abcb85
,,,冗余三元组,14.0,8.0,是,enhanced_extraction,fbdd7ca9f67db87a505edbcd12f85f779c5175f8161cb1fdf53bd3401c4d49fa
,,,冗余三元组,8.0,78.0,包含,enhanced_extraction,c315c8332e0b47279583d44d38d8cc7c2a4220dec25bc2767f562e0fec9e2d9b
,,,冗余三元组,7.0,6.0,是,enhanced_extraction,2200a0831921dffb7aeae867bab55a8fb338e08dad663234d036af19f36ad136
,,,冗余三元组,8.0,6.0,类型,enhanced_extraction,6fac4687d6b2fff7cbc5128ea92cdd84df1cbb232d6c51fd3ff6ee13154cbb0e
,,,冗余三元组,107.0,46.0,类型,enhanced_extraction,51e707583c753ebf5f35d307df8e47a772b7fe70e40d6f9683eabb0f5ee7a069
,,,冗余三元组,6.0,7.0,类型,enhanced_extraction,58054740087239687c92a85aac286f57d4432b98f6e794aeff8ce887be05444a
,,,冗余三元组,14.0,8.0,类型,enhanced_extraction,7273d19977cc2617ab06d2805641bc4e68275aeed1c4b30b14fa59f28bb64a9a
,,,冗余三元组,78.0,44.0,类型,enhanced_extraction,c0dc6a638fb0b60bcf441bfe6eec18eb345ac71e89f3ef02eb2098aec5997339
,,,冗余三元组,7.0,6.0,类型,enhanced_extraction,5272859ffeba39ea0c18209c4b1132626ac359559543a52f190519cf9e85bf91
,,,冗余三元组,107.0,8.0,行驶主体,enhanced_extraction,481e5b01de3af0447ae4a9e865ff74b3cd34b97d2ad7387946f33caab52213f9
,,,冗余三元组,107.0,8.0,承办机构,enhanced_extraction,0c5403f911140ecebc4f8e2ecc28dca1f99b8fcd49d1ac97f8a9da2729f54a0d
,,,冗余三元组,8.0,65.0,涉及方面,enhanced_extraction,988c5f0a16fccb1fc567c01b24afa0cab4225f0699671c0d542d0fbfd8a1871e
,,,冗余三元组,6.0,8.0,权力类型,enhanced_extraction,32e8a27f6efa3168f7b83cec98c6c3f135d9e7ed4abe4e365bb569a11b0b970c
,,,冗余三元组,27.0,8.0,行驶主体,enhanced_extraction,6bdc23dd0ce2ac7288c4bb62e712ce5558ef4047f87d2308cebfc9a72ca13715
,,,冗余三元组,27.0,8.0,承办机构,enhanced_extraction,6889f4ea2e4e0a8d0414afd0cc1413f9aa7f6f480f26122643ea762b8e083496
,,,冗余三元组,8.0,6.0,类型,enhanced_extraction,6fac4687d6b2fff7cbc5128ea92cdd84df1cbb232d6c51fd3ff6ee13154cbb0e
,,,冗余三元组,8.0,6.0,类型,enhanced_extraction,6fac4687d6b2fff7cbc5128ea92cdd84df1cbb232d6c51fd3ff6ee13154cbb0e
,,,冗余三元组,42.0,44.0,类型,enhanced_extraction,9c45dc971dcfced7ffa629586df5413654e7e0d4d70fe20a3b8d6ffae8828a31
,,,冗余三元组,6.0,7.0,类型,enhanced_extraction,58054740087239687c92a85aac286f57d4432b98f6e794aeff8ce887be05444a
,,,冗余三元组,54.0,19.0,类型,enhanced_extraction,a00bbd16924a2f74e853ebb9b5680d2e957ac364643937685fa24653e3758835
,,,冗余三元组,79.0,82.0,类型,enhanced_extraction,b8beaad00f095c569f4110b15b6a7ee2d43efe563deef7767f33c98ca80fe793
,,,冗余三元组,8.0,42.0,针对,enhanced_extraction,bf33f7131a30fc775f236b43fcfec22c88a48d77c576d924b5c5e5e3930e13e0
,,,冗余三元组,54.0,8.0,承办机构,enhanced_extraction,e20a54813c4d2b25317ce7a2973804f02ae20053ef3ce2b3317466bdeff2e754
,,,冗余三元组,6.0,8.0,权力类型,enhanced_extraction,32e8a27f6efa3168f7b83cec98c6c3f135d9e7ed4abe4e365bb569a11b0b970c
,,,冗余三元组,45.0,8.0,行驶主体,enhanced_extraction,9e21e8794ecff17057a8cfc6619ef8d0b5bb3faba963dcb12c6a0a7b888f83fa
,,,冗余三元组,45.0,8.0,承办机构,enhanced_extraction,44b09becce10890a28af71b1b655d2964a80aa554a2a9cff154f3352aebfa9b9
,,,冗余三元组,8.0,6.0,类型,enhanced_extraction,6fac4687d6b2fff7cbc5128ea92cdd84df1cbb232d6c51fd3ff6ee13154cbb0e
,,,冗余三元组,45.0,8.0,执行,enhanced_extraction,514977d4f86b6d8ea998ff9b037264920b57f0566b5bf7c825616632b587f4c4
,,,冗余三元组,6.0,8.0,权力类型,enhanced_extraction,32e8a27f6efa3168f7b83cec98c6c3f135d9e7ed4abe4e365bb569a11b0b970c
,,,冗余三元组,31.0,6.0,行驶主体,enhanced_extraction,c863fab255b083144e7502cd8b242274faeae8689d30ee563450b7eb63220cf6
,,,冗余三元组,31.0,6.0,承办机构,enhanced_extraction,4e0b692b485a8f361ee03fd540bafbbdbc9d562372b29b464a10db6c95f16174
,,,冗余三元组,119.0,6.0,实施依据,enhanced_extraction,e0df13c23b4e3e442b3b431404d93867c2d95e0b9e7ab783a3842aa71e55fee4
,,,冗余三元组,31.0,119.0,实施依据,enhanced_extraction,80b06efd18b35371a7870017ae573a19b8801bdc5f4e24422fd80c48903abda3
,,,冗余三元组,31.0,6.0,行使主体,enhanced_extraction,c8e0d9a8f3492723ac5cea1d94b199f003d39d9178edbdea918bb111f19134d5
,,,冗余三元组,8.0,6.0,类型,enhanced_extraction,6fac4687d6b2fff7cbc5128ea92cdd84df1cbb232d6c51fd3ff6ee13154cbb0e
,,,冗余三元组,31.0,19.0,类型,enhanced_extraction,99a62d4758264b0fb25e5efd890bee656108c02260d3b8d616b3a6a7d18dfc8c
,,,冗余三元组,119.0,82.0,类型,enhanced_extraction,5a5650111d593198fee2555d3ee1c5914f87a7159b5f2c931eac207efd3e63b7
,,,冗余三元组,6.0,7.0,类型,enhanced_extraction,58054740087239687c92a85aac286f57d4432b98f6e794aeff8ce887be05444a
,,,冗余三元组,31.0,8.0,行驶主体,enhanced_extraction,a8fd77eea50b1830e1af716e6044425361790eea3f2911f99d5effab83836a88
,,,冗余三元组,31.0,8.0,承办机构,enhanced_extraction,7623b4c5a5dd720be5677480a0306859a8e53153dba6bb31ea852dbd6889baec
,,,冗余三元组,8.0,119.0,依据,enhanced_extraction,dd914b06c02a4b3400cfeef64727c74d33e602b80eea06524697f282c1519ce2
,,,冗余三元组,7.0,6.0,包含,enhanced_extraction,46a806ea63448f2f08c8900fa9c3721ae11132c9ecbea57b05cc442b2b6b4231
,,,冗余三元组,3.0,119.0,依据,enhanced_extraction,538a18bd7a3211cbb2592418e9412d67f55aa3508aaf8fea482b6a5a8de250df
,,,冗余三元组,7.0,6.0,是,enhanced_extraction,2200a0831921dffb7aeae867bab55a8fb338e08dad663234d036af19f36ad136
,,,冗余三元组,3.0,39.0,是,enhanced_extraction,7921b0a2fec22f89fe4620bf3f7d8ab0c018f2f0b3f6bde4a935979bd3efa9d7
,,,冗余三元组,10.0,6.0,行使,enhanced_extraction,634a7b7b1ff0138694e9b68dc00ce1defb8a97b68a7494da586c897d86487bd3
,,,冗余三元组,8.0,106.0,涉及内容,enhanced_extraction,8b4b3f585373ffc511aa09ea828054ffa8ae97726a9a163fa8a8b967d3e0fd76
,,,冗余三元组,7.0,6.0,类型,enhanced_extraction,5272859ffeba39ea0c18209c4b1132626ac359559543a52f190519cf9e85bf91
,,,冗余三元组,11.0,31.0,为,enhanced_extraction,3095e4e22a057156c8711ba6f0421c2a2b53a30504f07b8f3cda970777e1506a
,,,冗余三元组,12.0,31.0,为,enhanced_extraction,beffc1860de507d9995d6e772d573a41016b3aed9e752af96fdf46f8ef375a8e
,,,冗余三元组,3.0,90.0,来自,enhanced_extraction,93fca21de020877908742391f3d7a1e5fefb05f4fd0c67d435b9eba8c9ca2ef7
,,,冗余三元组,8.0,6.0,类型,enhanced_extraction,6fac4687d6b2fff7cbc5128ea92cdd84df1cbb232d6c51fd3ff6ee13154cbb0e
,,,冗余三元组,106.0,44.0,类型,enhanced_extraction,4da65677140ab2ea9dcf90bcad1e9ec6c3da291f557d53662df10a98ac757c67
,,,冗余三元组,6.0,7.0,类型,enhanced_extraction,58054740087239687c92a85aac286f57d4432b98f6e794aeff8ce887be05444a
,,,冗余三元组,31.0,19.0,类型,enhanced_extraction,99a62d4758264b0fb25e5efd890bee656108c02260d3b8d616b3a6a7d18dfc8c
,,,冗余三元组,243.0,29.0,类型,enhanced_extraction,a5ff7092cbef8d5d34a943c1a0528376b203a822e2debfc499ce1b7ab29e940d
,,,冗余三元组,31.0,31.0,既是行驶主体也是承办机构,enhanced_extraction,4aa30fa1c4873efe5c7f34c3f959cb3ca9b49e3148918ecc9a414780f1f996be
,,,冗余三元组,8.0,86.0,涉及事项,enhanced_extraction,c1022a95335427f474636efaa0740987143571dd86d5660aa37dea6f231f7257
,,,冗余三元组,6.0,8.0,权力类型,enhanced_extraction,32e8a27f6efa3168f7b83cec98c6c3f135d9e7ed4abe4e365bb569a11b0b970c
,,,冗余三元组,23.0,6.0,行驶主体,enhanced_extraction,be93a6e0f1475dc79ce09e94cdeb53e7b7a121722ff6da155d4c83585a9a400c
,,,冗余三元组,23.0,6.0,承办机构,enhanced_extraction,c643dc625c96623c2d8f05a6d5876776eb5261c970b2c5783dcf04866fac927c
,,,冗余三元组,8.0,6.0,类型,enhanced_extraction,6fac4687d6b2fff7cbc5128ea92cdd84df1cbb232d6c51fd3ff6ee13154cbb0e
,,,冗余三元组,23.0,8.0,承办机构,enhanced_extraction,c4f931334bf1748408b2ea285bfb1341eacfc2c76a021a14d851a92e2174d324
,,,冗余三元组,144.0,8.0,实施依据,enhanced_extraction,19b1512a1dea28ad4e5b4f436dd2cae48241b08877f897c7a7f6804f115f20af
,,,冗余三元组,8.0,106.0,涉及内容,enhanced_extraction,8b4b3f585373ffc511aa09ea828054ffa8ae97726a9a163fa8a8b967d3e0fd76
,,,冗余三元组,7.0,6.0,类型,enhanced_extraction,5272859ffeba39ea0c18209c4b1132626ac359559543a52f190519cf9e85bf91
,,,冗余三元组,11.0,107.0,为,enhanced_extraction,262c819cbcbc6172289adf32d627255a934236d6174aa5794402dd74674c6743
,,,冗余三元组,12.0,107.0,为,enhanced_extraction,ad75585c2fc3f1019a3586686bec462da58c6028719b60ae31eea5e17f63cfb9
,,,冗余三元组,8.0,6.0,类型,enhanced_extraction,6fac4687d6b2fff7cbc5128ea92cdd84df1cbb232d6c51fd3ff6ee13154cbb0e
,,,冗余三元组,107.0,8.0,执行,enhanced_extraction,e69ba5761d0210eed06f8597a405b1ea66ba88cac51a46cc2f45988b366e8f00
,,,冗余三元组,8.0,37.0,涉及事项,enhanced_extraction,a3568f2e329e6c677aa65af4a20f8c9617754513fef947c68c5dd13f814414d4
,,,冗余三元组,6.0,8.0,权力类型,enhanced_extraction,32e8a27f6efa3168f7b83cec98c6c3f135d9e7ed4abe4e365bb569a11b0b970c
,,,冗余三元组,45.0,6.0,行驶主体,enhanced_extraction,d41d3162eab0dd1019e93e479dc0bf7881a152e6329b20034766ed3267e52518
,,,冗余三元组,45.0,6.0,承办机构,enhanced_extraction,112795a4651d68041634c61d9b3ce85afa401cb0cbf671dc6a96aa1ff31c0397
,,,冗余三元组,6.0,144.0,依据,enhanced_extraction,2633282873794a4b30dc69c7aa1b7309f916ee6436031fe98f0e0fa5e69f07d0
,,,冗余三元组,8.0,6.0,类型,enhanced_extraction,6fac4687d6b2fff7cbc5128ea92cdd84df1cbb232d6c51fd3ff6ee13154cbb0e
,,,冗余三元组,144.0,179.0,类型,enhanced_extraction,3b8ac99cc99cba9ec3c8fbd696e838c365203c9a7f5e175e152f0e4a131e5d79
,,,冗余三元组,45.0,6.0,执行,enhanced_extraction,96c2c89a207290c4ed13f5b8b1a61bafe38676d907185122623046c220d976d3
,,,冗余三元组,81.0,81.0,行驶主体,enhanced_extraction,d57f8359320b40d10eeb15d861aff6095584c422a90db9da75c89d7e6a880fec
,,,冗余三元组,81.0,81.0,承办机构,enhanced_extraction,f391c13810323df7750791ed28a6cdb9013b6a4c8832dd34e7249815d0ecac2b
,,,冗余三元组,81.0,60.0,类型,enhanced_extraction,5b8018606576ca1555d64c1eba543f6fff12ade530587bcbc7bd0b5a1cc9fbc8
,,,冗余三元组,69.0,41.0,类型,enhanced_extraction,9d57171d13c8a0f7b56ce2cd30518cf026b6bbb0e955c58127b3ea6595adbcab
,,,冗余三元组,6.0,236.0,类型,enhanced_extraction,85909b1834134fa5351a783cdf998b5fd8be3343f299adf7414eb0a767fb5ed8
,,,冗余三元组,43.0,47.0,类型,enhanced_extraction,ead5e9ceb2e84b4912153d30992a12098dd67af41eed32bf3fe93784d22ce3d3
,,,冗余三元组,114.0,41.0,类型,enhanced_extraction,e487a9d3e83d873158edd5351f675da008ad67e98fa46cb6591adab2ac83c76a
,,,冗余三元组,11.0,45.0,是,enhanced_extraction,c664012e2327d817dd45119b34384b2e7e0c179840ef85d3860982c901ad668a
,,,冗余三元组,12.0,45.0,是,enhanced_extraction,11e2c83cbe122d99717fef39c61a51edf7c8881b5b3a8d4db4f50f4e21d90133
,,,冗余三元组,8.0,65.0,涉及,enhanced_extraction,d1b4b9f73707ba7097a5d349ebe49646edeeac6d0dc53e12a33d46aff2bde77e
,,,冗余三元组,7.0,6.0,是,enhanced_extraction,2200a0831921dffb7aeae867bab55a8fb338e08dad663234d036af19f36ad136
,,,冗余三元组,3.0,13.0,依据,enhanced_extraction,76fbb44812b7a8b2c1a1ce36ce571b47a0933d9025753068371cde396647b6b0
,,,冗余三元组,8.0,99.0,涉及领域,enhanced_extraction,6c09a720f869955a015ff611e1f850eee8fffe084fdf9eeed95b58e7051b6a96
,,,冗余三元组,6.0,8.0,权力类型,enhanced_extraction,32e8a27f6efa3168f7b83cec98c6c3f135d9e7ed4abe4e365bb569a11b0b970c
,,,冗余三元组,45.0,6.0,行驶主体,enhanced_extraction,d41d3162eab0dd1019e93e479dc0bf7881a152e6329b20034766ed3267e52518
,,,冗余三元组,45.0,6.0,承办机构,enhanced_extraction,112795a4651d68041634c61d9b3ce85afa401cb0cbf671dc6a96aa1ff31c0397
,,,冗余三元组,8.0,6.0,类型,enhanced_extraction,6fac4687d6b2fff7cbc5128ea92cdd84df1cbb232d6c51fd3ff6ee13154cbb0e
,,,冗余三元组,8.0,55.0,实施依据,enhanced_extraction,8a650968d0f6fade1f3318f86cf4fa3cdcb8f8b6a40f25748a6d391a740ec28e
,,,冗余三元组,45.0,6.0,执行,enhanced_extraction,96c2c89a207290c4ed13f5b8b1a61bafe38676d907185122623046c220d976d3
,,,冗余三元组,45.0,8.0,行驶主体,enhanced_extraction,9e21e8794ecff17057a8cfc6619ef8d0b5bb3faba963dcb12c6a0a7b888f83fa
,,,冗余三元组,45.0,8.0,承办机构,enhanced_extraction,44b09becce10890a28af71b1b655d2964a80aa554a2a9cff154f3352aebfa9b9
,,,冗余三元组,8.0,89.0,涉及,enhanced_extraction,ef1b221117c72d6014507dd6cd62afcff3f45a524df961d6a80ff0539d0744d1
,,,冗余三元组,8.0,6.0,权力类型,enhanced_extraction,f8a083553843bc10eace9a3e8ba3284e19d54e269f2f6eb5aa3a3ccfbc65d72c
,,,冗余三元组,8.0,57.0,涉及事项,enhanced_extraction,3db0bc5694d1d9f849c60ab9453590455c4d6d6088148ae3853664fc35794eab
,,,冗余三元组,81.0,8.0,行驶主体,enhanced_extraction,37cc1a08a7dd6385afd5e01a28c8b2e4d2e25c909f0e66b8b6b4696bae5d01f0
,,,冗余三元组,59.0,8.0,实施依据,enhanced_extraction,132c667f145d181c91a5e9f1aced982f9110945fc0e9481e7d76f68884053c24
,,,冗余三元组,8.0,6.0,类型,enhanced_extraction,6fac4687d6b2fff7cbc5128ea92cdd84df1cbb232d6c51fd3ff6ee13154cbb0e
,,,冗余三元组,81.0,60.0,类型,enhanced_extraction,5b8018606576ca1555d64c1eba543f6fff12ade530587bcbc7bd0b5a1cc9fbc8
,,,冗余三元组,57.0,41.0,类型,enhanced_extraction,4f5cb1bf05f25027fb1b0078d15fe8111f1d6908d4d354a23057eb8c8488dd2b
,,,冗余三元组,6.0,7.0,类型,enhanced_extraction,58054740087239687c92a85aac286f57d4432b98f6e794aeff8ce887be05444a
,,,冗余三元组,59.0,47.0,类型,enhanced_extraction,d09142156a63cefdaeecb75385883b7c9928d5e30ab15e74da0c26c73b7dc2c8
,,,冗余三元组,8.0,6.0,权力类型,enhanced_extraction,f8a083553843bc10eace9a3e8ba3284e19d54e269f2f6eb5aa3a3ccfbc65d72c
,,,冗余三元组,14.0,91.0,是,enhanced_extraction,0de9ba4e64acab89406a91fa0fcc19d58e0485e5af0750ce886b208856810a8a
,,,冗余三元组,7.0,6.0,类型,enhanced_extraction,5272859ffeba39ea0c18209c4b1132626ac359559543a52f190519cf9e85bf91
,,,冗余三元组,3.0,55.0,依据,enhanced_extraction,b7fad93a8f1ebbdc8e3cf043e3b5831a9b366fd0f07e085e2fe21d03fcad07a3
,,,冗余三元组,7.0,6.0,类型,enhanced_extraction,5272859ffeba39ea0c18209c4b1132626ac359559543a52f190519cf9e85bf91
,,,冗余三元组,56.0,6.0,类型,enhanced_extraction,b714992c965e122d9083c5a3d2eb1edf77574f01085144d00c032b7c52ce0e34
,,,冗余三元组,107.0,46.0,类型,enhanced_extraction,51e707583c753ebf5f35d307df8e47a772b7fe70e40d6f9683eabb0f5ee7a069
,,,冗余三元组,4.0,203.0,类型,enhanced_extraction,2ad5cb14c45126cc88a1f019a985ca18bb05b45526be300c08a08ae7cada3652
,,,冗余三元组,15.0,44.0,类型,enhanced_extraction,542c2b67b789b47a9ba7072f382a174eb1a838a40f58dbe7528de0bc0f010053
,,,冗余三元组,8.0,37.0,涉及事项,enhanced_extraction,a3568f2e329e6c677aa65af4a20f8c9617754513fef947c68c5dd13f814414d4
,,,冗余三元组,31.0,31.0,行驶主体,enhanced_extraction,1d924b9d411e472726f2a8e7ad06d869c09d8f7fcce80e7240ed192b6898482a
,,,冗余三元组,31.0,31.0,承办机构,enhanced_extraction,a6622dd10cc68540114f6aa178a0af9a7b724dc3bef1626b4bb58dce64821b66
,,,冗余三元组,31.0,8.0,行使主体,enhanced_extraction,29e14fe4b18bfb93c6131e83562f50f3f0b56a6c2be4e181e58a8a09a6398efe
,,,冗余三元组,7.0,6.0,是,enhanced_extraction,2200a0831921dffb7aeae867bab55a8fb338e08dad663234d036af19f36ad136
,,,冗余三元组,11.0,116.0,是,enhanced_extraction,f54d9229151002142b9e05a7034fb85164048f0ff9d354a2c3c0a932cef9ad08
,,,冗余三元组,12.0,31.0,是,enhanced_extraction,d25081ca2ff71ee2a320706ed8671654e8c8ce137e4ecc1542b43564c82125b9
,,,冗余三元组,3.0,43.0,是,enhanced_extraction,3f52ba843d1eea5676245988d7c6e5345710090cc764e4771f0b92cf3ff0c680
,,,冗余三元组,69.0,50.0,类型,enhanced_extraction,80beb602b3fce445f665382cbb051ae01e7662dcefcace6cb2453b4c29689085
,,,冗余三元组,48.0,18.0,类型,enhanced_extraction,d778a11d21326f1fbcca5b030d210ea4f26c4973f5bb0a238f3a5ba42a27d331
,,,冗余三元组,7.0,61.0,类型,enhanced_extraction,418f5807bc9b713cd0725b86a13bc5532c8d77b6abddaf12fc47b70786eb781f
,,,冗余三元组,11.0,19.0,类型,enhanced_extraction,e43400f439abb0a0c41a3cd3c4ad219b85cb1b0fa17c97bd3c2590e4409af3f4
,,,冗余三元组,12.0,19.0,类型,enhanced_extraction,cff59af3ab539c6c0c8b44d30c6d8a017cb72fb5fdc54bfecab04f8eb47e72e4
,,,冗余三元组,3.0,82.0,类型,enhanced_extraction,2a99fcfe06a21800c909d9ce8bd228fcf14cd25989854fb86aeb2ed3991d8197
,,,冗余三元组,7.0,6.0,是,enhanced_extraction,2200a0831921dffb7aeae867bab55a8fb338e08dad663234d036af19f36ad136
,,,冗余三元组,11.0,31.0,是,enhanced_extraction,dddcf513fdeeba0f49c0fa688846f14fac62a0d876e080bebd6e14d35475dfee
,,,冗余三元组,12.0,31.0,是,enhanced_extraction,d25081ca2ff71ee2a320706ed8671654e8c8ce137e4ecc1542b43564c82125b9
,,,冗余三元组,131.0,132.0,类型,enhanced_extraction,3f51bde0e9224d42970de76ea7047c4495d4186a02861f5f8233365c33892318
,,,冗余三元组,6.0,6.0,类型,enhanced_extraction,b19fe8c4c37291b5a842dac2c31f8cde443fb553b927f9f6c8e1029f215e8aa4
,,,冗余三元组,31.0,6.0,执行,enhanced_extraction,fb56962707e90d41f8d0207b1cf442cf0e8651f33bb6a70d57dc98a6757b005f
,,,冗余三元组,6.0,8.0,权力类型,enhanced_extraction,32e8a27f6efa3168f7b83cec98c6c3f135d9e7ed4abe4e365bb569a11b0b970c
,,,冗余三元组,5.0,8.0,行驶主体,enhanced_extraction,b2d56a00d432177d36b56fc7678770c0dd223102460c2b8b7b9b3bbc4885456c
,,,冗余三元组,5.0,8.0,承办机构,enhanced_extraction,e77e8d7f1a809ac4bbfbf59c7ba2de0414f5e62453d3a9fdc082572da262c08c
,,,冗余三元组,8.0,6.0,类型,enhanced_extraction,6fac4687d6b2fff7cbc5128ea92cdd84df1cbb232d6c51fd3ff6ee13154cbb0e
,,,冗余三元组,8.0,59.0,实施依据,enhanced_extraction,b07529b693be7cec737947702996984c6706e8a65f3e036e480af6d17e606f3e
,,,冗余三元组,14.0,8.0,是,enhanced_extraction,fbdd7ca9f67db87a505edbcd12f85f779c5175f8161cb1fdf53bd3401c4d49fa
,,,冗余三元组,8.0,65.0,涉及,enhanced_extraction,d1b4b9f73707ba7097a5d349ebe49646edeeac6d0dc53e12a33d46aff2bde77e
,,,冗余三元组,7.0,6.0,是,enhanced_extraction,2200a0831921dffb7aeae867bab55a8fb338e08dad663234d036af19f36ad136
,,,冗余三元组,11.0,58.0,是,enhanced_extraction,a804f79373098e5aff1ee23a077e7e6028bc0a3564536da60c3317908532d4d9
,,,冗余三元组,8.0,6.0,类型,enhanced_extraction,6fac4687d6b2fff7cbc5128ea92cdd84df1cbb232d6c51fd3ff6ee13154cbb0e
,,,冗余三元组,58.0,32.0,实施依据,enhanced_extraction,613b86a4cbd15ce2be64e009249b84306dc5a861e806f3734281f80f255f6a5e
,,,冗余三元组,11.0,54.0,是,enhanced_extraction,549e416005220dc970bb51881509d18b237d0485fb6036953b0831ef8086df49
,,,冗余三元组,12.0,54.0,是,enhanced_extraction,d0e1c40ec9f02940c43a5e2c47c765d3a9681a78a0368912bf461d7f3268f4ed
,,,冗余三元组,52.0,6.0,类型,enhanced_extraction,291766e44c638f92fa794d8fe234e1be802ab828948a524559a53cb0b7c40416
,,,冗余三元组,106.0,44.0,类型,enhanced_extraction,4da65677140ab2ea9dcf90bcad1e9ec6c3da291f557d53662df10a98ac757c67
,,,冗余三元组,149.0,7.0,类型,enhanced_extraction,203059b8cb6e39d31e92996986bb9ecd555606eff61f8406a46e1cc94e7b74b0
,,,冗余三元组,45.0,46.0,类型,enhanced_extraction,84318335092c06efddc54f8e13fc6a8a1506db89c99669aeed2da4d39e5899bd
,,,冗余三元组,122.0,47.0,类型,enhanced_extraction,9dd3bdfd548943e3710081f05ae9fbe97df648d23f58e8ddaa852e69d2485de3
,,,冗余三元组,8.0,48.0,涉及违规行为,enhanced_extraction,d7c1adf1482c696d2fbe3a32fa597c20a802f90ce69ed8fb30b4984a6913ee27
,,,冗余三元组,7.0,6.0,是,enhanced_extraction,2200a0831921dffb7aeae867bab55a8fb338e08dad663234d036af19f36ad136
,,,冗余三元组,11.0,58.0,是,enhanced_extraction,a804f79373098e5aff1ee23a077e7e6028bc0a3564536da60c3317908532d4d9
,,,冗余三元组,12.0,58.0,是,enhanced_extraction,dab5414b75f53cde5064f34fc17d90c18c4057d208f4c405cdde1c7494713085
,,,冗余三元组,6.0,7.0,属于,enhanced_extraction,13bae8f9b0d126f5709ea2da6ebb32767b1b48e7575f7601bfb316fda4c34774
,,,冗余三元组,8.0,99.0,涉及领域,enhanced_extraction,6c09a720f869955a015ff611e1f850eee8fffe084fdf9eeed95b58e7051b6a96
,,,冗余三元组,6.0,8.0,权力类型,enhanced_extraction,32e8a27f6efa3168f7b83cec98c6c3f135d9e7ed4abe4e365bb569a11b0b970c
,,,冗余三元组,23.0,8.0,行驶主体,enhanced_extraction,190bd2581e211642941e456430026d0e53f5cc20ea4fda9f0abb28429ff9a352
,,,冗余三元组,23.0,8.0,承办机构,enhanced_extraction,c4f931334bf1748408b2ea285bfb1341eacfc2c76a021a14d851a92e2174d324
,,,冗余三元组,8.0,6.0,类型,enhanced_extraction,6fac4687d6b2fff7cbc5128ea92cdd84df1cbb232d6c51fd3ff6ee13154cbb0e
,,,冗余三元组,90.0,29.0,类型,enhanced_extraction,4126fb3bbad2c5be81f5e3daccc238cc63ba2bbb8ddcf745ba5ed2f6c112fd20
,,,冗余三元组,8.0,90.0,实施依据,enhanced_extraction,2e2992c6f95b17206cd6ed5b2f858c0abeffd148e4458fbf0f23cd031a2cea10
,,,冗余三元组,8.0,6.0,类型,enhanced_extraction,6fac4687d6b2fff7cbc5128ea92cdd84df1cbb232d6c51fd3ff6ee13154cbb0e
,,,冗余三元组,48.0,41.0,类型,enhanced_extraction,7e3a9c530d37a11b6b0737317eeccd317d6f09bcb4cee9192117b6a9370bc45d
,,,冗余三元组,6.0,7.0,类型,enhanced_extraction,58054740087239687c92a85aac286f57d4432b98f6e794aeff8ce887be05444a
,,,冗余三元组,102.0,29.0,类型,enhanced_extraction,589b829c92677f9ed2c6e96c11b855626ddf372380a8eaddc9a04f177e020492
,,,冗余三元组,27.0,8.0,行驶主体,enhanced_extraction,6bdc23dd0ce2ac7288c4bb62e712ce5558ef4047f87d2308cebfc9a72ca13715
,,,冗余三元组,27.0,8.0,承办机构,enhanced_extraction,6889f4ea2e4e0a8d0414afd0cc1413f9aa7f6f480f26122643ea762b8e083496
,,,冗余三元组,8.0,102.0,实施依据,enhanced_extraction,3e6c69c6d49b97aa693f156430bcab0afbd8ae914011e4fd2d3cfe314ba5588a
,,,冗余三元组,8.0,76.0,涉及行为,enhanced_extraction,9cb51e8e66c4b7fb5060068e1bffacfdfff5ef4593e7b470f6ab858c28ed2fb9
,,,冗余三元组,7.0,6.0,是,enhanced_extraction,2200a0831921dffb7aeae867bab55a8fb338e08dad663234d036af19f36ad136
,,,冗余三元组,11.0,58.0,是,enhanced_extraction,a804f79373098e5aff1ee23a077e7e6028bc0a3564536da60c3317908532d4d9
,,,冗余三元组,12.0,58.0,是,enhanced_extraction,dab5414b75f53cde5064f34fc17d90c18c4057d208f4c405cdde1c7494713085
,,,冗余三元组,8.0,6.0,类型,enhanced_extraction,6fac4687d6b2fff7cbc5128ea92cdd84df1cbb232d6c51fd3ff6ee13154cbb0e
,,,冗余三元组,76.0,44.0,类型,enhanced_extraction,3c1ba8d8dfb92ac73f538f891a30eb78e1f15084cfdce817f06f82c05bd8a32a
,,,冗余三元组,6.0,7.0,类型,enhanced_extraction,58054740087239687c92a85aac286f57d4432b98f6e794aeff8ce887be05444a
,,,冗余三元组,58.0,60.0,类型,enhanced_extraction,68467c6f115cf9567d4a71b92ca424fc387cea869024bf0e007eadb7b5eac62d
,,,冗余三元组,8.0,14.0,属于,enhanced_extraction,924f3ec4a085b9ebc6cf735864ffe54fdcbb95a77a4bab251500e3726290e009
,,,冗余三元组,8.0,22.0,涉及事项,enhanced_extraction,2a990110134205ae2256c2aa93be306f0a97bd6119e72b7a2c89fa19ab64916b
,,,冗余三元组,6.0,8.0,权力类型,enhanced_extraction,32e8a27f6efa3168f7b83cec98c6c3f135d9e7ed4abe4e365bb569a11b0b970c
,,,冗余三元组,10.0,6.0,执行,enhanced_extraction,34b8e14c27a88b936205f4cf5b3bb48643150b9da007a7e5eb82964c9f1a6ab5
,,,冗余三元组,10.0,6.0,行使主体,enhanced_extraction,139da382138beab1f5d45de086507c3faf37e67ffe1fca7f1d8dfcf2920fe1de
,,,冗余三元组,6.0,8.0,类型,enhanced_extraction,21631237930754b8946c5260cded3e1fb3f82303bea8e073b32cdef549d87b05
,,,冗余三元组,8.0,65.0,涉及方面,enhanced_extraction,988c5f0a16fccb1fc567c01b24afa0cab4225f0699671c0d542d0fbfd8a1871e
,,,冗余三元组,7.0,6.0,类型,enhanced_extraction,5272859ffeba39ea0c18209c4b1132626ac359559543a52f190519cf9e85bf91
,,,冗余三元组,3.0,144.0,依据,enhanced_extraction,0d0e020e58809691ff3ba90f915715f46ac891dc453f10cebcd4372a366bc784
,,,冗余三元组,8.0,6.0,类型,enhanced_extraction,6fac4687d6b2fff7cbc5128ea92cdd84df1cbb232d6c51fd3ff6ee13154cbb0e
,,,冗余三元组,45.0,8.0,行驶主体,enhanced_extraction,9e21e8794ecff17057a8cfc6619ef8d0b5bb3faba963dcb12c6a0a7b888f83fa
,,,冗余三元组,45.0,8.0,承办机构,enhanced_extraction,44b09becce10890a28af71b1b655d2964a80aa554a2a9cff154f3352aebfa9b9
,,,冗余三元组,8.0,37.0,涉及事项,enhanced_extraction,a3568f2e329e6c677aa65af4a20f8c9617754513fef947c68c5dd13f814414d4
,,,冗余三元组,8.0,4.0,依据,enhanced_extraction,f6abc3406fdc8f621d1df34cf4be0c52588f44badb64806f3fb96af72fe4bf66
,,,冗余三元组,8.0,6.0,类型,enhanced_extraction,6fac4687d6b2fff7cbc5128ea92cdd84df1cbb232d6c51fd3ff6ee13154cbb0e
,,,冗余三元组,45.0,8.0,执行,enhanced_extraction,514977d4f86b6d8ea998ff9b037264920b57f0566b5bf7c825616632b587f4c4
,,,冗余三元组,7.0,38.0,是,enhanced_extraction,95165d2636832abcf24083e55309ed4af01b81c9997ea0cbc8f01c6d551c8451
,,,冗余三元组,12.0,10.0,为,enhanced_extraction,cd65a68e425556f39c34f9763e5c40a736c351247fa3474ab423e247b0c389db
,,,冗余三元组,3.0,13.0,是,enhanced_extraction,a150f1d60aba46983435951f07eb83bff8e98c5cde9c1e2716f5873e0560979f
,,,冗余三元组,10.0,10.0,既是行驶主体也是承办机构,enhanced_extraction,63c9c16c01833f8c245ae545d1eec25841b4e9adad878d62bf507ea6e3046e57
,,,冗余三元组,14.0,6.0,是,enhanced_extraction,f56c7baf8c1f83d52fa9693a0b0b7c24b9c4c19a891edcb7a52b4b222d41cced
,,,冗余三元组,14.0,66.0,类型,enhanced_extraction,17b54e29cb7b746b462cdda814993477c043aff9cc8c87eef126590867353f78
,,,冗余三元组,7.0,6.0,类型,enhanced_extraction,5272859ffeba39ea0c18209c4b1132626ac359559543a52f190519cf9e85bf91
,,,冗余三元组,81.0,60.0,类型,enhanced_extraction,5b8018606576ca1555d64c1eba543f6fff12ade530587bcbc7bd0b5a1cc9fbc8
,,,冗余三元组,81.0,6.0,行使,enhanced_extraction,433b4fd3abc131de7379b97b9cb3f1d1e9f0b8696243f1ffaeb7b9308125649e
,,,冗余三元组,8.0,48.0,涉及,enhanced_extraction,40e72ff42ad2140befef6f7c0dd88d3666cfb6b48fccf098d2cd6a1857cc7f3e
,,,冗余三元组,7.0,6.0,是,enhanced_extraction,2200a0831921dffb7aeae867bab55a8fb338e08dad663234d036af19f36ad136
,,,冗余三元组,11.0,31.0,是,enhanced_extraction,dddcf513fdeeba0f49c0fa688846f14fac62a0d876e080bebd6e14d35475dfee
,,,冗余三元组,12.0,31.0,是,enhanced_extraction,d25081ca2ff71ee2a320706ed8671654e8c8ce137e4ecc1542b43564c82125b9
,,,冗余三元组,3.0,43.0,是,enhanced_extraction,3f52ba843d1eea5676245988d7c6e5345710090cc764e4771f0b92cf3ff0c680
,,,冗余三元组,31.0,8.0,行驶主体,enhanced_extraction,a8fd77eea50b1830e1af716e6044425361790eea3f2911f99d5effab83836a88
,,,冗余三元组,31.0,8.0,承办机构,enhanced_extraction,7623b4c5a5dd720be5677480a0306859a8e53153dba6bb31ea852dbd6889baec
,,,冗余三元组,7.0,6.0,类型,enhanced_extraction,5272859ffeba39ea0c18209c4b1132626ac359559543a52f190519cf9e85bf91
,,,冗余三元组,6.0,8.0,权力类型,enhanced_extraction,32e8a27f6efa3168f7b83cec98c6c3f135d9e7ed4abe4e365bb569a11b0b970c
,,,冗余三元组,58.0,8.0,行驶主体,enhanced_extraction,583d29fb9a2c7fea7396e8bf2437620befc57df279bf2449dfee2b2944fc60e2
,,,冗余三元组,58.0,8.0,承办机构,enhanced_extraction,1655806368b90c72c71a83e3444e2bf2281e4f59bb0d578d6a868c65a32e275b
,,,冗余三元组,8.0,6.0,类型,enhanced_extraction,6fac4687d6b2fff7cbc5128ea92cdd84df1cbb232d6c51fd3ff6ee13154cbb0e
,,,冗余三元组,58.0,6.0,执行,enhanced_extraction,327953b5687060b255ca58f615fcb37be1b8a28128259d741c1f320a2cd079b3
,,,冗余三元组,6.0,8.0,权力类型,enhanced_extraction,32e8a27f6efa3168f7b83cec98c6c3f135d9e7ed4abe4e365bb569a11b0b970c
,,,冗余三元组,23.0,8.0,行驶主体,enhanced_extraction,190bd2581e211642941e456430026d0e53f5cc20ea4fda9f0abb28429ff9a352
,,,冗余三元组,23.0,8.0,承办机构,enhanced_extraction,c4f931334bf1748408b2ea285bfb1341eacfc2c76a021a14d851a92e2174d324
,,,冗余三元组,4.0,8.0,实施依据,enhanced_extraction,1b5395faf96e11df6c0972f0a0042b508e5374fd91f19663563f99d430ab24b2
,,,冗余三元组,6.0,8.0,权力类型,enhanced_extraction,32e8a27f6efa3168f7b83cec98c6c3f135d9e7ed4abe4e365bb569a11b0b970c
,,,冗余三元组,81.0,8.0,行驶主体,enhanced_extraction,37cc1a08a7dd6385afd5e01a28c8b2e4d2e25c909f0e66b8b6b4696bae5d01f0
,,,冗余三元组,81.0,8.0,承办机构,enhanced_extraction,5dc9781af493a852b27a61a4730e1398193a242de1c3139e8e42d0f0c9da25af
,,,冗余三元组,39.0,8.0,实施依据,enhanced_extraction,4c5b43915c13ecf69552e55e9d4114e4b8c26909883c9c38e16f4f6c63eb0682
,,,冗余三元组,8.0,6.0,权力类型,enhanced_extraction,f8a083553843bc10eace9a3e8ba3284e19d54e269f2f6eb5aa3a3ccfbc65d72c
,,,冗余三元组,8.0,15.0,涉及行为,enhanced_extraction,051f6a4b1b9c4f0384bfd7edd39a1204c73d5933bdbddfd3dad7bcffa78384a4
,,,冗余三元组,7.0,6.0,类型,enhanced_extraction,5272859ffeba39ea0c18209c4b1132626ac359559543a52f190519cf9e85bf91
,,,冗余三元组,45.0,11.0,是,enhanced_extraction,11f0d753a25f698cc98fdaa8a0e7b3d0bf2d74db0f0fc40b93e1883e78c41ecd
,,,冗余三元组,45.0,12.0,是,enhanced_extraction,5107da40146050df66cbc8b4419824364656c376c32fed52b61d92c2b5abcb85
,,,冗余三元组,45.0,8.0,执行,enhanced_extraction,514977d4f86b6d8ea998ff9b037264920b57f0566b5bf7c825616632b587f4c4
,,,冗余三元组,8.0,6.0,类型,enhanced_extraction,6fac4687d6b2fff7cbc5128ea92cdd84df1cbb232d6c51fd3ff6ee13154cbb0e
,,,冗余三元组,8.0,34.0,涉及事项,enhanced_extraction,333f492a670bb80c106cdaac3ebdcdd39702e637f379a616c408421876e55e15
,,,冗余三元组,6.0,8.0,权力类型,enhanced_extraction,32e8a27f6efa3168f7b83cec98c6c3f135d9e7ed4abe4e365bb569a11b0b970c
,,,冗余三元组,45.0,6.0,行驶主体,enhanced_extraction,d41d3162eab0dd1019e93e479dc0bf7881a152e6329b20034766ed3267e52518
,,,冗余三元组,45.0,6.0,承办机构,enhanced_extraction,112795a4651d68041634c61d9b3ce85afa401cb0cbf671dc6a96aa1ff31c0397
,,,冗余三元组,119.0,6.0,实施依据,enhanced_extraction,e0df13c23b4e3e442b3b431404d93867c2d95e0b9e7ab783a3842aa71e55fee4
,,,冗余三元组,34.0,41.0,类型,enhanced_extraction,e1777f0d47e730c3c530c4d7a8dfb49f2fcdf7db104b98d0bf6af3d6c0e6e70a
,,,冗余三元组,6.0,7.0,类型,enhanced_extraction,58054740087239687c92a85aac286f57d4432b98f6e794aeff8ce887be05444a
,,,冗余三元组,45.0,19.0,类型,enhanced_extraction,48851d3429ec2c9d1bf076c4d9f9483038e9f4d56322a5293fc3fd6402cb4383
,,,冗余三元组,119.0,82.0,类型,enhanced_extraction,5a5650111d593198fee2555d3ee1c5914f87a7159b5f2c931eac207efd3e63b7
,,,冗余三元组,8.0,6.0,类型,enhanced_extraction,6fac4687d6b2fff7cbc5128ea92cdd84df1cbb232d6c51fd3ff6ee13154cbb0e
,,,冗余三元组,2.0,33.0,类型,enhanced_extraction,533c2fee17920d12e566b53d09e5003502a5c6355142d6f92bb4df3ad82eba08
,,,冗余三元组,6.0,7.0,类型,enhanced_extraction,58054740087239687c92a85aac286f57d4432b98f6e794aeff8ce887be05444a
,,,冗余三元组,58.0,19.0,类型,enhanced_extraction,431ad275d228bd1d5cbbab5aaf610b94aed5613d0e9b573fefe2f39dd49b077b
,,,冗余三元组,28.0,29.0,类型,enhanced_extraction,0356e55972c271a9a205bc5cc983108b63d5eec1414ff6a712213ba8addadce4
,,,冗余三元组,58.0,7.0,行使,enhanced_extraction,32ab906e41690fc40c4092c342d7536cd6478c51e94e0f2264b37845aac5c160
,,,冗余三元组,59.0,3.0,作为,enhanced_extraction,5bf0fec11f0f4ff63a6669860c964e970c23caba0d43dfba07b3b3d037d0a6bd
,,,冗余三元组,79.0,82.0,类型,enhanced_extraction,b8beaad00f095c569f4110b15b6a7ee2d43efe563deef7767f33c98ca80fe793
,,,冗余三元组,58.0,128.0,既是行驶主体也是承办机构,enhanced_extraction,ac2a9777e3ff986372e62466e2d3b5c1ee22c7249c357cb4928505057fa1590b
,,,冗余三元组,8.0,6.0,类型,enhanced_extraction,6fac4687d6b2fff7cbc5128ea92cdd84df1cbb232d6c51fd3ff6ee13154cbb0e
,,,冗余三元组,96.0,41.0,类型,enhanced_extraction,47cdc42e752e8ddb3f5a3a5d5945a3b217b797a87ee1942c02f533b7d54f0ff5
,,,冗余三元组,6.0,7.0,类型,enhanced_extraction,58054740087239687c92a85aac286f57d4432b98f6e794aeff8ce887be05444a
,,,冗余三元组,31.0,19.0,类型,enhanced_extraction,99a62d4758264b0fb25e5efd890bee656108c02260d3b8d616b3a6a7d18dfc8c
,,,冗余三元组,39.0,82.0,类型,enhanced_extraction,6c03268e7e15cbe94ab86468874a789d0b64aa86d23565c417e9a73628f87fe4
,,,冗余三元组,31.0,8.0,行使主体,enhanced_extraction,29e14fe4b18bfb93c6131e83562f50f3f0b56a6c2be4e181e58a8a09a6398efe
,,,冗余三元组,31.0,8.0,承办机构,enhanced_extraction,7623b4c5a5dd720be5677480a0306859a8e53153dba6bb31ea852dbd6889baec
,,,冗余三元组,8.0,39.0,实施依据,enhanced_extraction,e2fa8084aac37fd757a0e098121ce40692534f462e3e5c51ecd21b0264ade5c5
,,,冗余三元组,11.0,27.0,为,enhanced_extraction,6de3a1f3b06d1c6412e77adad9604b98968e887bcbeb76707716ffc9c9da7c37
,,,冗余三元组,12.0,27.0,为,enhanced_extraction,42185ee4b49d6da080223fe90792ceac128c1e93287e7650c82e8dfc8a332f28
,,,冗余三元组,27.0,27.0,既是行驶主体也是承办机构,enhanced_extraction,b25314b1f3bee14abbf3a9f71b32672fd8885001a16b83e3acc5102cd6fbd858
,,,冗余三元组,8.0,6.0,权力类型,enhanced_extraction,f8a083553843bc10eace9a3e8ba3284e19d54e269f2f6eb5aa3a3ccfbc65d72c
,,,冗余三元组,7.0,6.0,是,enhanced_extraction,2200a0831921dffb7aeae867bab55a8fb338e08dad663234d036af19f36ad136
,,,冗余三元组,11.0,10.0,是,enhanced_extraction,dedb686de59beddd23a4bc91a73f8f8de96cfa730f3498d4d83b0e68d45b375f
,,,冗余三元组,12.0,10.0,是,enhanced_extraction,47933e709f6345e74d98bb9156bbf0e61f44ce9e333e1549525f5ce234aaa319
,,,冗余三元组,3.0,13.0,是,enhanced_extraction,a150f1d60aba46983435951f07eb83bff8e98c5cde9c1e2716f5873e0560979f
,,,冗余三元组,10.0,60.0,类型,enhanced_extraction,78441a70a3fbce59179fe4a37dbaaeed34c3b432c1331381c3072b7f3c76ee5d
,,,冗余三元组,133.0,29.0,类型,enhanced_extraction,bb912ab8850e4fed02035a9d8451d4eb96c9171d470dc8c76a5fe6a16475d907
,,,冗余三元组,85.0,41.0,类型,enhanced_extraction,ebc90f62bda77f01323679fdf520225362e89fb1106cdbc3878a24e044ca3d17
,,,冗余三元组,7.0,68.0,类型,enhanced_extraction,712da6e6e77188487ff06d390f211860cdca4118291ac4cb108823ebd146cf0a
,,,冗余三元组,6.0,236.0,类型,enhanced_extraction,85909b1834134fa5351a783cdf998b5fd8be3343f299adf7414eb0a767fb5ed8
,,,冗余三元组,11.0,68.0,类型,enhanced_extraction,5d21e2e0ae60efddb28a29c45c4888e94e52f7cca1d9f70e13673179da506b01
,,,冗余三元组,12.0,68.0,类型,enhanced_extraction,e28266a32d0426ffe22fcad304bb7076eebea29562d1135747f9883774f3827b
,,,冗余三元组,3.0,68.0,类型,enhanced_extraction,0d6e3c3381d88871fa785115ae86644d9512e3dc9077ce5c50cf96b5d1371b3e
,,,冗余三元组,10.0,6.0,行使,enhanced_extraction,634a7b7b1ff0138694e9b68dc00ce1defb8a97b68a7494da586c897d86487bd3
,,,冗余三元组,6.0,8.0,权力类型,enhanced_extraction,32e8a27f6efa3168f7b83cec98c6c3f135d9e7ed4abe4e365bb569a11b0b970c
,,,冗余三元组,10.0,8.0,行驶主体,enhanced_extraction,dbdf9013e94e2f8a4f96b11b56813f11346693a948c2638f8bc0c6bbb39b80d9
,,,冗余三元组,10.0,8.0,承办机构,enhanced_extraction,9099513cb23185a724b8a4ac96c8da632244c7a5c49e3b156cd98811a5707847
,,,冗余三元组,34.0,41.0,是,enhanced_extraction,a7b1e463f3b9d7f2702a62827edde408a2a68d265e07f32850cccbf63dc9c61b
,,,冗余三元组,8.0,6.0,权力类型,enhanced_extraction,f8a083553843bc10eace9a3e8ba3284e19d54e269f2f6eb5aa3a3ccfbc65d72c
,,,冗余三元组,8.0,79.0,实施依据,enhanced_extraction,ace8f30564424feb8f16d3895a6d2839f88e8be19be68bb86914fb916b470805
,,,冗余三元组,8.0,112.0,服务事项,enhanced_extraction,032c528305d7a91bc9654af5be83cc27dc05706298d16cf5efaa3f0e1a37d1e6
,,,冗余三元组,6.0,8.0,权力类型,enhanced_extraction,32e8a27f6efa3168f7b83cec98c6c3f135d9e7ed4abe4e365bb569a11b0b970c
,,,冗余三元组,58.0,8.0,行驶主体,enhanced_extraction,583d29fb9a2c7fea7396e8bf2437620befc57df279bf2449dfee2b2944fc60e2
,,,冗余三元组,8.0,112.0,包含,enhanced_extraction,ab7349500db5d3613f58ed9638925cad5884a08620019969125eafdf2d8803f7
,,,冗余三元组,14.0,8.0,是,enhanced_extraction,fbdd7ca9f67db87a505edbcd12f85f779c5175f8161cb1fdf53bd3401c4d49fa
,,,冗余三元组,7.0,6.0,是,enhanced_extraction,2200a0831921dffb7aeae867bab55a8fb338e08dad663234d036af19f36ad136
,,,冗余三元组,11.0,45.0,是,enhanced_extraction,c664012e2327d817dd45119b34384b2e7e0c179840ef85d3860982c901ad668a
,,,冗余三元组,3.0,32.0,是,enhanced_extraction,88aada700139e662000f7656c0a07210375d016480f7562f444bd208adb02d84
,,,冗余三元组,8.0,96.0,涉及,enhanced_extraction,84b314219acdcb35f3342134eddbdd6d3baff630e70ad1521a7ce8f089271bb5
,,,冗余三元组,14.0,8.0,是,enhanced_extraction,fbdd7ca9f67db87a505edbcd12f85f779c5175f8161cb1fdf53bd3401c4d49fa
,,,冗余三元组,8.0,96.0,包含,enhanced_extraction,b45d75e60f01742fd9794041f9d9c58d4751b36edfd93ce8c9925cce8b217970
,,,冗余三元组,7.0,6.0,是,enhanced_extraction,2200a0831921dffb7aeae867bab55a8fb338e08dad663234d036af19f36ad136
,,,冗余三元组,11.0,54.0,是,enhanced_extraction,549e416005220dc970bb51881509d18b237d0485fb6036953b0831ef8086df49
,,,冗余三元组,12.0,54.0,是,enhanced_extraction,d0e1c40ec9f02940c43a5e2c47c765d3a9681a78a0368912bf461d7f3268f4ed
,,,冗余三元组,3.0,55.0,是,enhanced_extraction,f52a222dde5a90e16fafde112a78ee9e3446327c13259827b96065b2063f5d30
,,,冗余三元组,8.0,6.0,类型,enhanced_extraction,6fac4687d6b2fff7cbc5128ea92cdd84df1cbb232d6c51fd3ff6ee13154cbb0e
,,,冗余三元组,96.0,41.0,类型,enhanced_extraction,47cdc42e752e8ddb3f5a3a5d5945a3b217b797a87ee1942c02f533b7d54f0ff5
,,,冗余三元组,6.0,7.0,类型,enhanced_extraction,58054740087239687c92a85aac286f57d4432b98f6e794aeff8ce887be05444a
,,,冗余三元组,54.0,128.0,既是行驶主体也是承办机构,enhanced_extraction,52370904388d93e98d1c874dd8a6a102b542c6566f3d3bd3d3c0ad3eec9fc823
,,,冗余三元组,54.0,55.0,依据,enhanced_extraction,14ed2716a8910cbfbeaa5d28801105413d69b4a6ae6754a4620929e6dc66b7f1
,,,冗余三元组,6.0,8.0,权力类型,enhanced_extraction,32e8a27f6efa3168f7b83cec98c6c3f135d9e7ed4abe4e365bb569a11b0b970c
,,,冗余三元组,45.0,6.0,行驶主体,enhanced_extraction,d41d3162eab0dd1019e93e479dc0bf7881a152e6329b20034766ed3267e52518
,,,冗余三元组,45.0,6.0,承办机构,enhanced_extraction,112795a4651d68041634c61d9b3ce85afa401cb0cbf671dc6a96aa1ff31c0397
,,,冗余三元组,144.0,6.0,实施依据,enhanced_extraction,0b7de6dedde42db841a750237e6413b18289e8cf664d84a614cb1ce068f5f6b9
,,,冗余三元组,8.0,6.0,权力类型,enhanced_extraction,f8a083553843bc10eace9a3e8ba3284e19d54e269f2f6eb5aa3a3ccfbc65d72c
,,,冗余三元组,45.0,8.0,执行,enhanced_extraction,514977d4f86b6d8ea998ff9b037264920b57f0566b5bf7c825616632b587f4c4
,,,冗余三元组,8.0,57.0,涉及事项,enhanced_extraction,3db0bc5694d1d9f849c60ab9453590455c4d6d6088148ae3853664fc35794eab
,,,冗余三元组,6.0,8.0,权力类型,enhanced_extraction,32e8a27f6efa3168f7b83cec98c6c3f135d9e7ed4abe4e365bb569a11b0b970c
,,,冗余三元组,107.0,8.0,行驶主体,enhanced_extraction,481e5b01de3af0447ae4a9e865ff74b3cd34b97d2ad7387946f33caab52213f9
,,,冗余三元组,107.0,8.0,承办机构,enhanced_extraction,0c5403f911140ecebc4f8e2ecc28dca1f99b8fcd49d1ac97f8a9da2729f54a0d
,,,冗余三元组,8.0,39.0,依据,enhanced_extraction,0bf2707fe651b93d3c2f60149be13979c15008f25ea9cbfaf6ac5a68df913b8c
,,,冗余三元组,8.0,6.0,类型,enhanced_extraction,6fac4687d6b2fff7cbc5128ea92cdd84df1cbb232d6c51fd3ff6ee13154cbb0e
,,,冗余三元组,57.0,41.0,类型,enhanced_extraction,4f5cb1bf05f25027fb1b0078d15fe8111f1d6908d4d354a23057eb8c8488dd2b
,,,冗余三元组,39.0,82.0,类型,enhanced_extraction,6c03268e7e15cbe94ab86468874a789d0b64aa86d23565c417e9a73628f87fe4
,,,冗余三元组,6.0,7.0,类型,enhanced_extraction,58054740087239687c92a85aac286f57d4432b98f6e794aeff8ce887be05444a
,,,冗余三元组,107.0,19.0,类型,enhanced_extraction,312a70dbb6938da88ab8b05449c8d8c251743e010805594f285bdf8a78dc8fe4
,,,冗余三元组,107.0,8.0,负责,enhanced_extraction,44a40a62539cf07dba158ea8785e2ffe2562d8d83bd79466f397704a8c3d180d
,,,冗余三元组,8.0,89.0,涉及领域,enhanced_extraction,b5fcc93f4c8f3b900022adfc07f753feeff6d6c4dd5886db0b38253cb2af3f4e
,,,冗余三元组,6.0,8.0,权力类型,enhanced_extraction,32e8a27f6efa3168f7b83cec98c6c3f135d9e7ed4abe4e365bb569a11b0b970c
,,,冗余三元组,54.0,8.0,行驶主体,enhanced_extraction,bd35d43a56f546114ecf0077accb627606cbac7639319aa54e60c39e17a8aa4b
,,,冗余三元组,54.0,8.0,承办机构,enhanced_extraction,e20a54813c4d2b25317ce7a2973804f02ae20053ef3ce2b3317466bdeff2e754
,,,冗余三元组,8.0,6.0,类型,enhanced_extraction,6fac4687d6b2fff7cbc5128ea92cdd84df1cbb232d6c51fd3ff6ee13154cbb0e
,,,冗余三元组,243.0,29.0,类型,enhanced_extraction,a5ff7092cbef8d5d34a943c1a0528376b203a822e2debfc499ce1b7ab29e940d
,,,冗余三元组,8.0,114.0,涉及事项,enhanced_extraction,5e7ce4419ae3356f89772682116daf0b5b6978c8f582e73d25bc2fce32dac784
,,,冗余三元组,8.0,6.0,类型,enhanced_extraction,6fac4687d6b2fff7cbc5128ea92cdd84df1cbb232d6c51fd3ff6ee13154cbb0e
,,,冗余三元组,114.0,44.0,类型,enhanced_extraction,8012605abf4d5294bfb1553daf5d49a675e1c434340d3aeeb0a671a97344d817
,,,冗余三元组,6.0,7.0,类型,enhanced_extraction,58054740087239687c92a85aac286f57d4432b98f6e794aeff8ce887be05444a
,,,冗余三元组,58.0,60.0,类型,enhanced_extraction,68467c6f115cf9567d4a71b92ca424fc387cea869024bf0e007eadb7b5eac62d
,,,冗余三元组,43.0,47.0,类型,enhanced_extraction,ead5e9ceb2e84b4912153d30992a12098dd67af41eed32bf3fe93784d22ce3d3
,,,冗余三元组,8.0,114.0,包含,enhanced_extraction,382a67015b365711c8883e0abc789cc8f2ec65c2452223919a0fee48131c7fca
,,,冗余三元组,58.0,8.0,行使主体,enhanced_extraction,dda62f952b6218ef7cdc73f368ddd74f16391dd7853b3e246491e9c7c30d73fb
,,,冗余三元组,58.0,8.0,承办机构,enhanced_extraction,1655806368b90c72c71a83e3444e2bf2281e4f59bb0d578d6a868c65a32e275b
,,,冗余三元组,8.0,6.0,类型,enhanced_extraction,6fac4687d6b2fff7cbc5128ea92cdd84df1cbb232d6c51fd3ff6ee13154cbb0e
,,,冗余三元组,27.0,8.0,行驶主体,enhanced_extraction,6bdc23dd0ce2ac7288c4bb62e712ce5558ef4047f87d2308cebfc9a72ca13715
,,,冗余三元组,27.0,8.0,承办机构,enhanced_extraction,6889f4ea2e4e0a8d0414afd0cc1413f9aa7f6f480f26122643ea762b8e083496
,,,冗余三元组,144.0,8.0,实施依据,enhanced_extraction,19b1512a1dea28ad4e5b4f436dd2cae48241b08877f897c7a7f6804f115f20af
,,,冗余三元组,5.0,8.0,行驶主体,enhanced_extraction,b2d56a00d432177d36b56fc7678770c0dd223102460c2b8b7b9b3bbc4885456c
,,,冗余三元组,5.0,8.0,承办机构,enhanced_extraction,e77e8d7f1a809ac4bbfbf59c7ba2de0414f5e62453d3a9fdc082572da262c08c
,,,冗余三元组,8.0,6.0,类型,enhanced_extraction,6fac4687d6b2fff7cbc5128ea92cdd84df1cbb232d6c51fd3ff6ee13154cbb0e
,,,冗余三元组,8.0,43.0,依据,enhanced_extraction,3d076ad86731f97479e7604a4755d6b2bf70625eed624cbdb192140d0f9aee2d
,,,冗余三元组,8.0,106.0,涉及内容,enhanced_extraction,8b4b3f585373ffc511aa09ea828054ffa8ae97726a9a163fa8a8b967d3e0fd76
,,,冗余三元组,7.0,6.0,类型,enhanced_extraction,5272859ffeba39ea0c18209c4b1132626ac359559543a52f190519cf9e85bf91
,,,冗余三元组,3.0,43.0,依据,enhanced_extraction,203615ded48abafa645940ac1d96cc78d22cffe4965e03318f458ed93ce8d72d
,,,冗余三元组,3.0,39.0,是,enhanced_extraction,7921b0a2fec22f89fe4620bf3f7d8ab0c018f2f0b3f6bde4a935979bd3efa9d7
,,,冗余三元组,54.0,6.0,执行,enhanced_extraction,e0bd93ac65ebeecca4c52a83585e96aeec543062aad6808aa7f722b99e1a3430
,,,冗余三元组,7.0,6.0,是,enhanced_extraction,2200a0831921dffb7aeae867bab55a8fb338e08dad663234d036af19f36ad136
,,,冗余三元组,54.0,6.0,行驶主体,enhanced_extraction,49a222700253b6a9fb81f9f5ca7a64ad85c42ae28cf457d49028afcf67f073cc
,,,冗余三元组,54.0,6.0,承办机构,enhanced_extraction,b4daf495a214062eb0b21dc986c49ce659f0812c28ff9ea23a2f5618a48027cd
,,,冗余三元组,5.0,6.0,行驶主体,enhanced_extraction,5b67ac23dfad0844b288da902acb39a310c3ae5acc9739557ad43aa464c365cf
,,,冗余三元组,5.0,6.0,承办机构,enhanced_extraction,04c52c045b0856bab6bf5aa6c613f8bca18aa29ea351f668e4a92e5176be72c5
,,,冗余三元组,8.0,6.0,是,enhanced_extraction,4997c66384ce343dd4cc11f2b6c307f2294e621e3adac462eaf26d44cb04bd49
,,,冗余三元组,5.0,6.0,执行,enhanced_extraction,1f89a28e29b72a92a98c035f821566b358c62e362464a8b863a1e1715da7ed05
,,,冗余三元组,14.0,36.0,是,enhanced_extraction,bf898308f26da089cd51cecaffcf42c74ddcf06b8c37a59dd2b4059127b5d11a
,,,冗余三元组,7.0,6.0,是,enhanced_extraction,2200a0831921dffb7aeae867bab55a8fb338e08dad663234d036af19f36ad136
,,,冗余三元组,3.0,90.0,是,enhanced_extraction,995e1cd77eec5e05dc7af70a9ffb37baa21b313c8925cfbe1f7332d29eda476f
,,,冗余三元组,3.0,29.0,类型,enhanced_extraction,735e0cfdf6b6b38113b8865e731ab6637a7b0ec5b5d7d8682f84ae563f0a7fb3
,,,冗余三元组,90.0,29.0,类型,enhanced_extraction,4126fb3bbad2c5be81f5e3daccc238cc63ba2bbb8ddcf745ba5ed2f6c112fd20
,,,冗余三元组,8.0,112.0,服务事项,enhanced_extraction,032c528305d7a91bc9654af5be83cc27dc05706298d16cf5efaa3f0e1a37d1e6
,,,冗余三元组,6.0,8.0,权力类型,enhanced_extraction,32e8a27f6efa3168f7b83cec98c6c3f135d9e7ed4abe4e365bb569a11b0b970c
,,,冗余三元组,81.0,8.0,行驶主体,enhanced_extraction,37cc1a08a7dd6385afd5e01a28c8b2e4d2e25c909f0e66b8b6b4696bae5d01f0
,,,冗余三元组,59.0,8.0,实施依据,enhanced_extraction,132c667f145d181c91a5e9f1aced982f9110945fc0e9481e7d76f68884053c24
,,,冗余三元组,8.0,86.0,涉及事项,enhanced_extraction,c1022a95335427f474636efaa0740987143571dd86d5660aa37dea6f231f7257
,,,冗余三元组,8.0,6.0,类型,enhanced_extraction,6fac4687d6b2fff7cbc5128ea92cdd84df1cbb232d6c51fd3ff6ee13154cbb0e
,,,冗余三元组,7.0,6.0,是,enhanced_extraction,2200a0831921dffb7aeae867bab55a8fb338e08dad663234d036af19f36ad136
,,,冗余三元组,11.0,31.0,是,enhanced_extraction,dddcf513fdeeba0f49c0fa688846f14fac62a0d876e080bebd6e14d35475dfee
,,,冗余三元组,12.0,31.0,是,enhanced_extraction,d25081ca2ff71ee2a320706ed8671654e8c8ce137e4ecc1542b43564c82125b9
,,,冗余三元组,3.0,144.0,是,enhanced_extraction,5b4bc0659bed135a6e08a03cccddae9de8a69910f26413bc6a75df5388eef21b
,,,冗余三元组,31.0,128.0,既是行驶主体也是承办机构,enhanced_extraction,c45539d1c2610f91ca79b92fa491f06968b6e7131ed336fe295850d51a60f1a2
,,,冗余三元组,8.0,6.0,属于,enhanced_extraction,c18b3f309f5e1e78e302a845b3d22a3666d412c346cbe019737653739c05dc2f
,,,冗余三元组,144.0,3.0,作为,enhanced_extraction,4b89b60f1789b63ddd8ceee0bb984a360994435c65502c5b91405830ea0b98e1
,,,冗余三元组,11.0,58.0,是,enhanced_extraction,a804f79373098e5aff1ee23a077e7e6028bc0a3564536da60c3317908532d4d9
,,,冗余三元组,12.0,58.0,是,enhanced_extraction,dab5414b75f53cde5064f34fc17d90c18c4057d208f4c405cdde1c7494713085
,,,冗余三元组,58.0,6.0,执行,enhanced_extraction,327953b5687060b255ca58f615fcb37be1b8a28128259d741c1f320a2cd079b3
,,,冗余三元组,8.0,257.0,是,enhanced_extraction,eff932cb5ba69a6144910fe9663f27f6d6cb849f9095e4f937fe4a16ac0f9f3d
,,,冗余三元组,5.0,6.0,执行,enhanced_extraction,1f89a28e29b72a92a98c035f821566b358c62e362464a8b863a1e1715da7ed05
,,,冗余三元组,8.0,22.0,涉及事项,enhanced_extraction,2a990110134205ae2256c2aa93be306f0a97bd6119e72b7a2c89fa19ab64916b
,,,冗余三元组,73.0,6.0,实施依据,enhanced_extraction,e4befbb84336b60ad65c2984c04e6c194e86ae382f2333b7968b6c4cca4e9de1
,,,冗余三元组,11.0,27.0,是,enhanced_extraction,7f7f12ca6562a5627998feae8e2a6667bbe3d3291d34e498e65ad39656d41b4e
,,,冗余三元组,12.0,27.0,是,enhanced_extraction,994dc78307cf3b35952e70ed194a9a8a38fc234170c752005213122d229d093d
,,,冗余三元组,3.0,59.0,依据,enhanced_extraction,ea5d5b2f384ea5cea601cf3c684cd0785d82be8f0b62f166e10ed84e64cdb328
,,,冗余三元组,27.0,128.0,既是行驶主体也是承办机构,enhanced_extraction,f5000a66cb4a9fa2fc324d33accf6f75e7949614e61832679d230f176e07626b
,,,冗余三元组,7.0,6.0,是,enhanced_extraction,2200a0831921dffb7aeae867bab55a8fb338e08dad663234d036af19f36ad136
,,,冗余三元组,8.0,6.0,类型,enhanced_extraction,6fac4687d6b2fff7cbc5128ea92cdd84df1cbb232d6c51fd3ff6ee13154cbb0e
,,,冗余三元组,2.0,33.0,类型,enhanced_extraction,533c2fee17920d12e566b53d09e5003502a5c6355142d6f92bb4df3ad82eba08
,,,冗余三元组,149.0,7.0,类型,enhanced_extraction,203059b8cb6e39d31e92996986bb9ecd555606eff61f8406a46e1cc94e7b74b0
,,,冗余三元组,45.0,19.0,类型,enhanced_extraction,48851d3429ec2c9d1bf076c4d9f9483038e9f4d56322a5293fc3fd6402cb4383
,,,冗余三元组,102.0,29.0,类型,enhanced_extraction,589b829c92677f9ed2c6e96c11b855626ddf372380a8eaddc9a04f177e020492
,,,冗余三元组,45.0,102.0,依据,enhanced_extraction,6f47d6e9cb275edc0aae82e5614bcb877fdc22a271e3939e0328848bff9a0c3b
,,,冗余三元组,14.0,14.0,是,enhanced_extraction,af13363e0f7b9681b0f34bee29b55caffff7caaa6a9d83a46c78ac4113089c3f
,,,冗余三元组,7.0,6.0,是,enhanced_extraction,2200a0831921dffb7aeae867bab55a8fb338e08dad663234d036af19f36ad136
,,,冗余三元组,11.0,27.0,是,enhanced_extraction,7f7f12ca6562a5627998feae8e2a6667bbe3d3291d34e498e65ad39656d41b4e
,,,冗余三元组,3.0,144.0,是,enhanced_extraction,5b4bc0659bed135a6e08a03cccddae9de8a69910f26413bc6a75df5388eef21b
,,,冗余三元组,27.0,146.0,类型,enhanced_extraction,67b0b1fe6ed39c17645bf568fe4206e6c9ce51765f9205932ce5e5d4db5e4ace
,,,冗余三元组,6.0,7.0,类型,enhanced_extraction,58054740087239687c92a85aac286f57d4432b98f6e794aeff8ce887be05444a
,,,冗余三元组,14.0,66.0,类型,enhanced_extraction,17b54e29cb7b746b462cdda814993477c043aff9cc8c87eef126590867353f78
,,,冗余三元组,7.0,150.0,类型,enhanced_extraction,e957b07cd2e0be1b890c678ee611f5b25115470ba94c0bb5254781772bff4983
,,,冗余三元组,11.0,146.0,类型,enhanced_extraction,c73726c3c4f1ffc5d52811564ab7f52d6f087f827de522c3c35dd5ef7c0f7270
,,,冗余三元组,27.0,6.0,行使,enhanced_extraction,976bfebb093786f942b1ef58720e2cedcabff0deeeeb89c961ed91e91b5c66cc
,,,冗余三元组,3.0,144.0,依据,enhanced_extraction,0d0e020e58809691ff3ba90f915715f46ac891dc453f10cebcd4372a366bc784
,,,冗余三元组,8.0,15.0,涉及行为,enhanced_extraction,051f6a4b1b9c4f0384bfd7edd39a1204c73d5933bdbddfd3dad7bcffa78384a4
,,,冗余三元组,7.0,6.0,是,enhanced_extraction,2200a0831921dffb7aeae867bab55a8fb338e08dad663234d036af19f36ad136
,,,冗余三元组,54.0,8.0,执行,enhanced_extraction,8b158f225c18632f8eca1fc708a69f61f4799eafa4e25b8e772274c0192c1736
,,,冗余三元组,14.0,8.0,描述,enhanced_extraction,b426dd3ae54e499c31b074ee6f7774daa63ad38980445a04e739680a09533e64
,,,冗余三元组,6.0,7.0,属于,enhanced_extraction,13bae8f9b0d126f5709ea2da6ebb32767b1b48e7575f7601bfb316fda4c34774
,,,冗余三元组,45.0,6.0,承办机构,enhanced_extraction,112795a4651d68041634c61d9b3ce85afa401cb0cbf671dc6a96aa1ff31c0397
,,,冗余三元组,6.0,79.0,实施依据,enhanced_extraction,3acf4a998671545d65869aaca23a8777322bd2b7e3ddd6c4ac1922572094210c
,,,冗余三元组,8.0,30.0,涉及问题,enhanced_extraction,f5912fbdcad4ff97103b0a24f78766a5f93dd6036686d146c7d69fe77d263786
,,,冗余三元组,6.0,8.0,类型,enhanced_extraction,21631237930754b8946c5260cded3e1fb3f82303bea8e073b32cdef549d87b05
,,,冗余三元组,8.0,30.0,涉及问题,enhanced_extraction,f5912fbdcad4ff97103b0a24f78766a5f93dd6036686d146c7d69fe77d263786
,,,冗余三元组,7.0,6.0,类型,enhanced_extraction,5272859ffeba39ea0c18209c4b1132626ac359559543a52f190519cf9e85bf91
,,,冗余三元组,8.0,6.0,类型,enhanced_extraction,6fac4687d6b2fff7cbc5128ea92cdd84df1cbb232d6c51fd3ff6ee13154cbb0e
,,,冗余三元组,31.0,144.0,依据,enhanced_extraction,ef48eea9fd3ea39095f3301efe847cd7d2990228470038fd5325decf734a241e
,,,冗余三元组,8.0,89.0,涉及领域,enhanced_extraction,b5fcc93f4c8f3b900022adfc07f753feeff6d6c4dd5886db0b38253cb2af3f4e
,,,冗余三元组,23.0,8.0,行使主体,enhanced_extraction,cd21b0d1872a10954e75d14991d3765eb2237dba81da80aa706c9218df5bb46f
,,,冗余三元组,23.0,8.0,承办机构,enhanced_extraction,c4f931334bf1748408b2ea285bfb1341eacfc2c76a021a14d851a92e2174d324
,,,冗余三元组,8.0,32.0,依据,enhanced_extraction,30bab9cbb549843966728e2c3ceb50cc595c00296ed05ee4e9a0670ccc833cea
,,,冗余三元组,23.0,8.0,执行,enhanced_extraction,b7e171083f741dc94c7f243061c7a1a8dadaaa67ef509ee697ee92fca2958df4
,,,冗余三元组,8.0,6.0,类型,enhanced_extraction,6fac4687d6b2fff7cbc5128ea92cdd84df1cbb232d6c51fd3ff6ee13154cbb0e
,,,冗余三元组,89.0,41.0,类型,enhanced_extraction,7843d97ed36cc3e186849f606cdbaf5cb8391ce51624f05ec06f69b79c709c4f
,,,冗余三元组,6.0,7.0,类型,enhanced_extraction,58054740087239687c92a85aac286f57d4432b98f6e794aeff8ce887be05444a
,,,冗余三元组,8.0,112.0,包含行为,enhanced_extraction,cbce2cfa8c706ac56c4808dd524ae0d397ad7b05720e5f62ea1d19cf9d4f9947
,,,冗余三元组,6.0,7.0,属于,enhanced_extraction,13bae8f9b0d126f5709ea2da6ebb32767b1b48e7575f7601bfb316fda4c34774
,,,冗余三元组,54.0,11.0,是,enhanced_extraction,43e43d9e2ad831be9d131c845b4a1f37954fff46c2fd5e96ae69af86b9b276d6
,,,冗余三元组,54.0,12.0,是,enhanced_extraction,07faa80b24bb380d086c599b3320794aee5174a3eb46bcbb4f3b2a3a6328d876
,,,冗余三元组,39.0,3.0,是,enhanced_extraction,8658157fbf2609da66ca50054f704395ec3d9e98df4b5a06fa802ded397589d5
,,,冗余三元组,8.0,6.0,类型,enhanced_extraction,6fac4687d6b2fff7cbc5128ea92cdd84df1cbb232d6c51fd3ff6ee13154cbb0e
,,,冗余三元组,54.0,46.0,类型,enhanced_extraction,27412ca142a1ebf44333dd7d33ffc0e9d320fd1ea818f467adac57048717acc6
,,,冗余三元组,108.0,82.0,类型,enhanced_extraction,26d71f9ffb58376a5886de27f840765b03c42cb062962df1e3254cbdb32745ab
,,,冗余三元组,112.0,18.0,类型,enhanced_extraction,e07e18dafd54928367b15fea2a5f025436cadda0ba61033c56798a59fe88ad85
,,,冗余三元组,6.0,7.0,类型,enhanced_extraction,58054740087239687c92a85aac286f57d4432b98f6e794aeff8ce887be05444a
,,,冗余三元组,11.0,21.0,类型,enhanced_extraction,844fee27053023ba415d29e41ccfb1a68ce4e8988aced51b131a67346f972f37
,,,冗余三元组,12.0,21.0,类型,enhanced_extraction,4a417538facf2eacf00d3cf873b614fdc8ee2e6fcd1dd91f3c97c38f645abdee
,,,冗余三元组,39.0,82.0,类型,enhanced_extraction,6c03268e7e15cbe94ab86468874a789d0b64aa86d23565c417e9a73628f87fe4
,,,冗余三元组,8.0,39.0,实施依据,enhanced_extraction,e2fa8084aac37fd757a0e098121ce40692534f462e3e5c51ecd21b0264ade5c5
