id,name,node_type,issue_type,start_id,end_id,relation_type,source,triple_hash
,,,冗余三元组,3.0,1.0,权力类型,extraction,63bb5d4e71e6267d4835ef9479c9ff86b0b3ef916f5e6075b1750ed13e17cad3
,,,冗余三元组,4.0,3.0,行驶主体,extraction,65bd830d3a69c947ab33e8bccf4d7c9239947243f009a12164fa2b3d4defa4e5
,,,冗余三元组,4.0,3.0,承办机构,extraction,552f0352c4383de1ccdd6574c3a3cf1febf987d93f20f8b4d8f312f665277ccd
,,,冗余三元组,3.0,1.0,权力类型,extraction,63bb5d4e71e6267d4835ef9479c9ff86b0b3ef916f5e6075b1750ed13e17cad3
,,,冗余三元组,4.0,3.0,行驶主体,extraction,65bd830d3a69c947ab33e8bccf4d7c9239947243f009a12164fa2b3d4defa4e5
,,,冗余三元组,4.0,3.0,承办机构,extraction,552f0352c4383de1ccdd6574c3a3cf1febf987d93f20f8b4d8f312f665277ccd
,,,冗余三元组,9.0,3.0,是,extraction,0ec99e7cb6f44635fcabc5bf332037bea07b228f7b51753076ef1e8382984bc4
,,,冗余三元组,9.0,3.0,是,extraction,0ec99e7cb6f44635fcabc5bf332037bea07b228f7b51753076ef1e8382984bc4
,,,冗余三元组,1.0,6.0,涉及事项,extraction,63ed056176a358e5141eeb94299bb1cc5c1ba655d4c97bdb0e998157b41cd7a5
,,,冗余三元组,9.0,3.0,是,extraction,0ec99e7cb6f44635fcabc5bf332037bea07b228f7b51753076ef1e8382984bc4
,,,冗余三元组,3.0,1.0,权力类型,extraction,63bb5d4e71e6267d4835ef9479c9ff86b0b3ef916f5e6075b1750ed13e17cad3
,,,冗余三元组,26.0,1.0,行驶主体,extraction,c02b72a8d8a1775ff7e7978594abd6b5422b51c7c4fffd7eac711ff69bf88a97
,,,冗余三元组,26.0,1.0,承办机构,extraction,69ebaebdf045cea8cb77aa5e448d960f3c2e8a6fbe335676bbabaa00d3c918e5
,,,冗余三元组,3.0,1.0,权力类型,extraction,63bb5d4e71e6267d4835ef9479c9ff86b0b3ef916f5e6075b1750ed13e17cad3
,,,冗余三元组,9.0,3.0,是,extraction,0ec99e7cb6f44635fcabc5bf332037bea07b228f7b51753076ef1e8382984bc4
,,,冗余三元组,10.0,22.0,是,extraction,5a0b03998ab865a9402789a91f83ce5e2c3e8b9dc624370864b73747e8ad330a
,,,冗余三元组,12.0,22.0,是,extraction,51b7578f6e3f4d6aa73a569f8dfc21fce38f169c0202a35f222c3aebbfe18ce9
,,,冗余三元组,3.0,1.0,权力类型,extraction,63bb5d4e71e6267d4835ef9479c9ff86b0b3ef916f5e6075b1750ed13e17cad3
,,,冗余三元组,1.0,36.0,涉及事项,extraction,8f5ef8181607d60e4eccd5ec612a1b947845c41af6a5aa6f33629298f46d39a8
,,,冗余三元组,3.0,1.0,权力类型,extraction,63bb5d4e71e6267d4835ef9479c9ff86b0b3ef916f5e6075b1750ed13e17cad3
,,,冗余三元组,9.0,3.0,是,extraction,0ec99e7cb6f44635fcabc5bf332037bea07b228f7b51753076ef1e8382984bc4
,,,冗余三元组,13.0,35.0,是,extraction,bdb6ae948fcb734a09a70e6199e73c6b4e1ee8988d36d946e8376162542ec754
,,,冗余三元组,3.0,1.0,权力类型,extraction,63bb5d4e71e6267d4835ef9479c9ff86b0b3ef916f5e6075b1750ed13e17cad3
,,,冗余三元组,1.0,17.0,涉及事项,extraction,26e5b368d0569ae2cd1db86e58c1825b9d075b33fb779749f2c6991aaf9b42eb
,,,冗余三元组,3.0,1.0,权力类型,extraction,63bb5d4e71e6267d4835ef9479c9ff86b0b3ef916f5e6075b1750ed13e17cad3
,,,冗余三元组,37.0,3.0,实施依据,extraction,980a426a4890aa6880028a39b27563b630569c34cd3744943c728122dcc81e34
,,,冗余三元组,1.0,6.0,涉及事项,extraction,63ed056176a358e5141eeb94299bb1cc5c1ba655d4c97bdb0e998157b41cd7a5
,,,冗余三元组,3.0,1.0,权力类型,extraction,63bb5d4e71e6267d4835ef9479c9ff86b0b3ef916f5e6075b1750ed13e17cad3
,,,冗余三元组,1.0,18.0,涉及事项,extraction,d1f95153d29e3bd086a2d6d173f9b426666e22d88ed57ce36c68eaf51b38b7e3
,,,冗余三元组,3.0,1.0,权力类型,extraction,63bb5d4e71e6267d4835ef9479c9ff86b0b3ef916f5e6075b1750ed13e17cad3
,,,冗余三元组,16.0,1.0,行驶主体,extraction,2388221cee7d1ae0ed5be74dbb33fa91b57a06cfae883cc5c2262bfb048b5c48
,,,冗余三元组,16.0,1.0,承办机构,extraction,7da0b9c5ea5b9311256b7bcb955ba7fe507e79fd9fe407e277e1c4de0e1d453e
,,,冗余三元组,1.0,34.0,包含,extraction,55e4afabf77afe2a5eab9a2e4e01194c0b9b6c241104b977092e714b9c92562f
,,,冗余三元组,9.0,3.0,是,extraction,0ec99e7cb6f44635fcabc5bf332037bea07b228f7b51753076ef1e8382984bc4
,,,冗余三元组,3.0,1.0,权力类型,extraction,63bb5d4e71e6267d4835ef9479c9ff86b0b3ef916f5e6075b1750ed13e17cad3
,,,冗余三元组,26.0,3.0,行驶主体,extraction,53a6aecb0cb919674eb601d3ca9bfb3e1cd8021d0c2b4edaea1103f12ff5d1fa
,,,冗余三元组,26.0,3.0,承办机构,extraction,09f29ebed328eaaeac44ee7d9b0d8d8b248964f2da25bc454213eb1f6ed1c65b
,,,冗余三元组,9.0,3.0,是,extraction,0ec99e7cb6f44635fcabc5bf332037bea07b228f7b51753076ef1e8382984bc4
,,,冗余三元组,13.0,43.0,是,extraction,ade982e693329bd738b2be4fef11a25c3536423672e3d1c585cae98131a035d0
,,,冗余三元组,1.0,45.0,涉及事项,extraction,dd7fe96509b2c5c33db03e133555278b4cecbf544b6fac7dea1158a8470efe3a
,,,冗余三元组,3.0,1.0,权力类型,extraction,63bb5d4e71e6267d4835ef9479c9ff86b0b3ef916f5e6075b1750ed13e17cad3
,,,冗余三元组,39.0,1.0,是,extraction,38e1d37380a7519608b7025690633256c2d7865eeeda60653fee8757d9e4afaf
,,,冗余三元组,9.0,3.0,是,extraction,0ec99e7cb6f44635fcabc5bf332037bea07b228f7b51753076ef1e8382984bc4
,,,冗余三元组,13.0,23.0,是,extraction,a809901cb1266f3034f5251cd5e201f3ce63e484f49bb7e202066cafcce8d4b1
,,,冗余三元组,3.0,1.0,权力类型,extraction,63bb5d4e71e6267d4835ef9479c9ff86b0b3ef916f5e6075b1750ed13e17cad3
,,,冗余三元组,1.0,29.0,依据,extraction,7c876ea0542c8c0bbe2bd1071fb11a2281ab201ea6a5d96c9f866fe3fc0a1ecb
,,,冗余三元组,1.0,45.0,涉及事项,extraction,dd7fe96509b2c5c33db03e133555278b4cecbf544b6fac7dea1158a8470efe3a
,,,冗余三元组,1.0,6.0,涉及事项,extraction,63ed056176a358e5141eeb94299bb1cc5c1ba655d4c97bdb0e998157b41cd7a5
,,,冗余三元组,16.0,16.0,行驶主体,extraction,de3d3e85ffec1b1c16f445f7a5e7e204c5d5fb0d31f317bb122227719e728676
,,,冗余三元组,16.0,16.0,承办机构,extraction,dd3beedaf67b0e9e05574852bf1b9e7df5fccb39eb43ab3bef7f7645d192767e
,,,冗余三元组,9.0,3.0,是,extraction,0ec99e7cb6f44635fcabc5bf332037bea07b228f7b51753076ef1e8382984bc4
,,,冗余三元组,10.0,22.0,是,extraction,5a0b03998ab865a9402789a91f83ce5e2c3e8b9dc624370864b73747e8ad330a
,,,冗余三元组,12.0,22.0,是,extraction,51b7578f6e3f4d6aa73a569f8dfc21fce38f169c0202a35f222c3aebbfe18ce9
,,,冗余三元组,13.0,14.0,是,extraction,bfbeedc7e6daf4f851060b875d14b5b7c1dab5b695356d4176fd018de0894ae2
,,,冗余三元组,9.0,3.0,类型,extraction,7b4fd279b61586115fa2987e2d0371238853c4f6f63e89d0b451e4237f492a37
,,,冗余三元组,39.0,1.0,是,extraction,38e1d37380a7519608b7025690633256c2d7865eeeda60653fee8757d9e4afaf
,,,冗余三元组,9.0,3.0,是,extraction,0ec99e7cb6f44635fcabc5bf332037bea07b228f7b51753076ef1e8382984bc4
,,,冗余三元组,10.0,41.0,是,extraction,6f83ced92a9691e5e14cc19bb1bc5463d86dfecb7bda23ec44eab17a27bf9ae5
,,,冗余三元组,12.0,41.0,是,extraction,a4b1a3ff2483dfe0fabc0a44c0aa6f73e99b87cf7ec502667cce0dc30a67f7b2
,,,冗余三元组,3.0,1.0,权力类型,extraction,63bb5d4e71e6267d4835ef9479c9ff86b0b3ef916f5e6075b1750ed13e17cad3
,,,冗余三元组,1.0,29.0,依据,extraction,7c876ea0542c8c0bbe2bd1071fb11a2281ab201ea6a5d96c9f866fe3fc0a1ecb
,,,冗余三元组,3.0,1.0,权力类型,extraction,63bb5d4e71e6267d4835ef9479c9ff86b0b3ef916f5e6075b1750ed13e17cad3
,,,冗余三元组,26.0,1.0,行驶主体,extraction,c02b72a8d8a1775ff7e7978594abd6b5422b51c7c4fffd7eac711ff69bf88a97
,,,冗余三元组,26.0,1.0,承办机构,extraction,69ebaebdf045cea8cb77aa5e448d960f3c2e8a6fbe335676bbabaa00d3c918e5
,,,冗余三元组,9.0,3.0,是,extraction,0ec99e7cb6f44635fcabc5bf332037bea07b228f7b51753076ef1e8382984bc4
,,,冗余三元组,13.0,35.0,是,extraction,bdb6ae948fcb734a09a70e6199e73c6b4e1ee8988d36d946e8376162542ec754
,,,冗余三元组,9.0,3.0,是,extraction,0ec99e7cb6f44635fcabc5bf332037bea07b228f7b51753076ef1e8382984bc4
,,,冗余三元组,10.0,22.0,是,extraction,5a0b03998ab865a9402789a91f83ce5e2c3e8b9dc624370864b73747e8ad330a
,,,冗余三元组,12.0,22.0,是,extraction,51b7578f6e3f4d6aa73a569f8dfc21fce38f169c0202a35f222c3aebbfe18ce9
,,,冗余三元组,3.0,1.0,权力类型,extraction,63bb5d4e71e6267d4835ef9479c9ff86b0b3ef916f5e6075b1750ed13e17cad3
,,,冗余三元组,22.0,3.0,行驶主体,extraction,63b889c6caaf61c3eefad202bc0e1a4344122b009d898e41612d2ce9411c9a90
,,,冗余三元组,22.0,3.0,承办机构,extraction,450ea2044227017296ffd8295e12ead624bac9ad5fb24c8dce7525315368e0fd
,,,冗余三元组,1.0,36.0,涉及事项,extraction,8f5ef8181607d60e4eccd5ec612a1b947845c41af6a5aa6f33629298f46d39a8
,,,冗余三元组,3.0,1.0,权力类型,extraction,63bb5d4e71e6267d4835ef9479c9ff86b0b3ef916f5e6075b1750ed13e17cad3
,,,冗余三元组,39.0,1.0,是,extraction,38e1d37380a7519608b7025690633256c2d7865eeeda60653fee8757d9e4afaf
,,,冗余三元组,9.0,3.0,是,extraction,0ec99e7cb6f44635fcabc5bf332037bea07b228f7b51753076ef1e8382984bc4
,,,冗余三元组,13.0,43.0,是,extraction,ade982e693329bd738b2be4fef11a25c3536423672e3d1c585cae98131a035d0
,,,冗余三元组,3.0,1.0,权力类型,extraction,63bb5d4e71e6267d4835ef9479c9ff86b0b3ef916f5e6075b1750ed13e17cad3
,,,冗余三元组,22.0,3.0,行驶主体,extraction,63b889c6caaf61c3eefad202bc0e1a4344122b009d898e41612d2ce9411c9a90
,,,冗余三元组,22.0,3.0,承办机构,extraction,450ea2044227017296ffd8295e12ead624bac9ad5fb24c8dce7525315368e0fd
,,,冗余三元组,1.0,51.0,涉及行为,extraction,4d50e735db0c7c921debcd5d22ac59a9a9275f523e4dfe60a64102e7ab70d731
,,,冗余三元组,1.0,48.0,涉及内容,extraction,c90c36bc34d7f04fedfc793b0376221c7073cfdcfd8648ced932e92d2e837f7a
,,,冗余三元组,3.0,1.0,权力类型,extraction,63bb5d4e71e6267d4835ef9479c9ff86b0b3ef916f5e6075b1750ed13e17cad3
,,,冗余三元组,1.0,42.0,涉及事项,extraction,6fa1fbc925e7b9f7909377c8fdb4e224f49dc4ac4ecc0317653a80654e14e7bc
,,,冗余三元组,3.0,1.0,权力类型,extraction,63bb5d4e71e6267d4835ef9479c9ff86b0b3ef916f5e6075b1750ed13e17cad3
,,,冗余三元组,22.0,3.0,行驶主体,extraction,63b889c6caaf61c3eefad202bc0e1a4344122b009d898e41612d2ce9411c9a90
,,,冗余三元组,22.0,3.0,承办机构,extraction,450ea2044227017296ffd8295e12ead624bac9ad5fb24c8dce7525315368e0fd
,,,冗余三元组,1.0,8.0,涉及内容,extraction,d02de960772b95844ead284f303c0cc0a431bb9e9d2e2a9acb00d12d4b09753a
,,,冗余三元组,9.0,3.0,类型,extraction,7b4fd279b61586115fa2987e2d0371238853c4f6f63e89d0b451e4237f492a37
,,,冗余三元组,39.0,1.0,是,extraction,38e1d37380a7519608b7025690633256c2d7865eeeda60653fee8757d9e4afaf
,,,冗余三元组,9.0,3.0,是,extraction,0ec99e7cb6f44635fcabc5bf332037bea07b228f7b51753076ef1e8382984bc4
,,,冗余三元组,10.0,25.0,是,extraction,ad542489db79b38432a47864e6f61070ea6042115797987a3bcdb2baca19bebf
,,,冗余三元组,12.0,25.0,是,extraction,dc4ae0749038f60cf9a543d11bdbb3655270d3f1168c53408b231865a3b78a64
,,,冗余三元组,39.0,1.0,是,extraction,38e1d37380a7519608b7025690633256c2d7865eeeda60653fee8757d9e4afaf
,,,冗余三元组,1.0,52.0,涉及问题,extraction,90af34399ad797a62bec9b3819dad9d64b8031065ff158d8a5f1015257e3e4dd
,,,冗余三元组,9.0,3.0,是,extraction,0ec99e7cb6f44635fcabc5bf332037bea07b228f7b51753076ef1e8382984bc4
,,,冗余三元组,10.0,41.0,是,extraction,6f83ced92a9691e5e14cc19bb1bc5463d86dfecb7bda23ec44eab17a27bf9ae5
,,,冗余三元组,12.0,41.0,是,extraction,a4b1a3ff2483dfe0fabc0a44c0aa6f73e99b87cf7ec502667cce0dc30a67f7b2
,,,冗余三元组,13.0,27.0,是,extraction,b6eab7714fb673bef9d283a76736709544e272990472859dc282d706a47931e5
,,,冗余三元组,39.0,1.0,是,extraction,38e1d37380a7519608b7025690633256c2d7865eeeda60653fee8757d9e4afaf
,,,冗余三元组,1.0,21.0,包含,extraction,635d1027165abbabe82fa63c66c6183ad9893b0e011f20d0b6ad30d71c05ec2a
,,,冗余三元组,9.0,3.0,是,extraction,0ec99e7cb6f44635fcabc5bf332037bea07b228f7b51753076ef1e8382984bc4
,,,冗余三元组,10.0,38.0,是,extraction,b756eb5995473eefcaf0d5b4fb891f9eb9190e7e7f446761eaff99790520dd98
,,,冗余三元组,12.0,38.0,是,extraction,76d05d01998cae971c559874b8df42b2445eeafc6d81c360c7aecdbaf38c3f00
,,,冗余三元组,13.0,35.0,是,extraction,bdb6ae948fcb734a09a70e6199e73c6b4e1ee8988d36d946e8376162542ec754
,,,冗余三元组,1.0,24.0,基于,extraction,a5276488a9604d9649d8bacd34b068a0005e4d755aa469a2a15794604500ae4d
,,,冗余三元组,9.0,3.0,是,extraction,0ec99e7cb6f44635fcabc5bf332037bea07b228f7b51753076ef1e8382984bc4
,,,冗余三元组,10.0,25.0,为,extraction,14eb8cd0d77ed5391b9d37dc27fe68abd7670df3ba47dcd28eb6861f63d38e07
,,,冗余三元组,12.0,25.0,为,extraction,95495f064660a3f109251dafe2c267d79bb3d759704576cd0f4930aedae02db4
,,,冗余三元组,13.0,23.0,是,extraction,a809901cb1266f3034f5251cd5e201f3ce63e484f49bb7e202066cafcce8d4b1
,,,冗余三元组,39.0,1.0,是,extraction,38e1d37380a7519608b7025690633256c2d7865eeeda60653fee8757d9e4afaf
,,,冗余三元组,9.0,3.0,是,extraction,0ec99e7cb6f44635fcabc5bf332037bea07b228f7b51753076ef1e8382984bc4
,,,冗余三元组,10.0,38.0,是,extraction,b756eb5995473eefcaf0d5b4fb891f9eb9190e7e7f446761eaff99790520dd98
,,,冗余三元组,12.0,38.0,是,extraction,76d05d01998cae971c559874b8df42b2445eeafc6d81c360c7aecdbaf38c3f00
,,,冗余三元组,13.0,35.0,是,extraction,bdb6ae948fcb734a09a70e6199e73c6b4e1ee8988d36d946e8376162542ec754
,,,冗余三元组,9.0,3.0,类型,extraction,7b4fd279b61586115fa2987e2d0371238853c4f6f63e89d0b451e4237f492a37
,,,冗余三元组,10.0,11.0,是,extraction,44a8fa7ea54ec2e41111a4f5dc6a9811dee8aa3aa19fb306f9177dfc86a9aea9
,,,冗余三元组,12.0,11.0,是,extraction,54710bbec3ca077fe79c80e1e95ea28a843633289f5bc6efe6abea14f6118623
,,,冗余三元组,1.0,48.0,涉及内容,extraction,c90c36bc34d7f04fedfc793b0376221c7073cfdcfd8648ced932e92d2e837f7a
,,,冗余三元组,3.0,1.0,权力类型,extraction,63bb5d4e71e6267d4835ef9479c9ff86b0b3ef916f5e6075b1750ed13e17cad3
,,,冗余三元组,32.0,1.0,行驶主体,extraction,f3ae7eebff4e3460421e23abeef0b3052dd9a3dcfbd1f44a03d027eeb1801b4f
,,,冗余三元组,32.0,1.0,承办机构,extraction,931cafd24efaf97775db66b22a04ccc10ef5b34c9f1550f1c6e447e2887940db
,,,冗余三元组,1.0,19.0,涉及行为,extraction,7f240590f2a7da25c488c633d39a09a722fedca13693b57fc75c819db158f3af
,,,冗余三元组,3.0,1.0,权力类型,extraction,63bb5d4e71e6267d4835ef9479c9ff86b0b3ef916f5e6075b1750ed13e17cad3
,,,冗余三元组,41.0,1.0,行驶主体,extraction,3e203c1cd5240efde0e6a6d05bb4f8d4f3f80b46e735202ba3011d3e2801f0a1
,,,冗余三元组,41.0,1.0,承办机构,extraction,379f2c27a6c0b2eecca7d7b46b22ef51fefdad08ac0ee7abd453d5173a893b67
,,,冗余三元组,1.0,29.0,依据,extraction,7c876ea0542c8c0bbe2bd1071fb11a2281ab201ea6a5d96c9f866fe3fc0a1ecb
,,,冗余三元组,1.0,30.0,涉及,extraction,f791f6ad50cca9a9432e1d95b6ef54bd1b64b5eb692d18dc2f430e81dd5537c2
,,,冗余三元组,9.0,3.0,是,extraction,0ec99e7cb6f44635fcabc5bf332037bea07b228f7b51753076ef1e8382984bc4
,,,冗余三元组,9.0,3.0,是,extraction,0ec99e7cb6f44635fcabc5bf332037bea07b228f7b51753076ef1e8382984bc4
,,,冗余三元组,10.0,38.0,是,extraction,b756eb5995473eefcaf0d5b4fb891f9eb9190e7e7f446761eaff99790520dd98
,,,冗余三元组,12.0,38.0,是,extraction,76d05d01998cae971c559874b8df42b2445eeafc6d81c360c7aecdbaf38c3f00
,,,冗余三元组,13.0,50.0,是,extraction,c041f04873201647e0b342a86dacb602d31a2f7036dbbbcb8019ba08c7818ff2
,,,冗余三元组,1.0,28.0,涉及内容,extraction,ac3ee725f8a339f9fbd2a7028b68d899a9b8e5be581c35045e4b8bfb3dc079c3
,,,冗余三元组,3.0,1.0,权力类型,extraction,63bb5d4e71e6267d4835ef9479c9ff86b0b3ef916f5e6075b1750ed13e17cad3
,,,冗余三元组,11.0,1.0,行驶主体,extraction,50e598b1826c6a6e16cbb761d7126c8286dd306ea8aefdffee154cbb615a866b
,,,冗余三元组,11.0,1.0,承办机构,extraction,ecacee85e506b895bb6ef636499570c58825c04c2655e0f358383dd8770dbffa
,,,冗余三元组,3.0,1.0,权力类型,extraction,63bb5d4e71e6267d4835ef9479c9ff86b0b3ef916f5e6075b1750ed13e17cad3
,,,冗余三元组,41.0,1.0,行驶主体,extraction,3e203c1cd5240efde0e6a6d05bb4f8d4f3f80b46e735202ba3011d3e2801f0a1
,,,冗余三元组,41.0,1.0,承办机构,extraction,379f2c27a6c0b2eecca7d7b46b22ef51fefdad08ac0ee7abd453d5173a893b67
,,,冗余三元组,1.0,2.0,涉及事项,extraction,45a6b5e9b7acaaf964d4ba55ee382735953a50be79b9c5a63cfd56f3bfaa98e9
,,,冗余三元组,41.0,1.0,行驶主体,extraction,3e203c1cd5240efde0e6a6d05bb4f8d4f3f80b46e735202ba3011d3e2801f0a1
,,,冗余三元组,41.0,1.0,承办机构,extraction,379f2c27a6c0b2eecca7d7b46b22ef51fefdad08ac0ee7abd453d5173a893b67
,,,冗余三元组,49.0,1.0,实施依据,extraction,ff26d12b358cafe4c2fb87a18323c05e83a57fff577f25152d237a0d2a1a6669
,,,冗余三元组,1.0,24.0,基于,extraction,a5276488a9604d9649d8bacd34b068a0005e4d755aa469a2a15794604500ae4d
,,,冗余三元组,9.0,3.0,是,extraction,0ec99e7cb6f44635fcabc5bf332037bea07b228f7b51753076ef1e8382984bc4
,,,冗余三元组,10.0,4.0,是,extraction,4253afef8f3fd90e1effb4068d33d5af9bf9795c98a41a591346af581d8c5b13
,,,冗余三元组,12.0,4.0,是,extraction,157789d187fc7ed7a6f770e4112d938e1669ffabeec33b64ab160620d61c286f
,,,冗余三元组,13.0,27.0,是,extraction,b6eab7714fb673bef9d283a76736709544e272990472859dc282d706a47931e5
,,,冗余三元组,9.0,3.0,是,extraction,0ec99e7cb6f44635fcabc5bf332037bea07b228f7b51753076ef1e8382984bc4
,,,冗余三元组,10.0,26.0,是,extraction,89fbb5ae30c6220e41f165591e4df027877c140a72033fe0680e44206164aa17
,,,冗余三元组,12.0,26.0,是,extraction,a3817cab3fccbfd1b94576c85b68cfb0ff0511791fe7ada5dd7c10500502e531
,,,冗余三元组,13.0,43.0,是,extraction,ade982e693329bd738b2be4fef11a25c3536423672e3d1c585cae98131a035d0
,,,冗余三元组,1.0,52.0,涉及问题,extraction,90af34399ad797a62bec9b3819dad9d64b8031065ff158d8a5f1015257e3e4dd
,,,冗余三元组,3.0,1.0,权力类型,extraction,63bb5d4e71e6267d4835ef9479c9ff86b0b3ef916f5e6075b1750ed13e17cad3
,,,冗余三元组,11.0,3.0,行驶主体,extraction,252ebc8fde2836f7eae5a791df687860076241cf808bc99e0fd167f0ea262cd9
,,,冗余三元组,11.0,3.0,承办机构,extraction,e3339b884b62824a3b8679c646ddcca5b0bd6ecf6ec75f8d8629aa2e9b31a33c
,,,冗余三元组,3.0,7.0,实施依据,extraction,8b8b874d6aacfaea02e3258e572855dec0ac6da7c5aa16557312356c39613641
,,,冗余三元组,9.0,3.0,是,extraction,0ec99e7cb6f44635fcabc5bf332037bea07b228f7b51753076ef1e8382984bc4
,,,冗余三元组,10.0,44.0,是,extraction,53854b14f84a4f7bcec4288babeeb93d9202a8f1247a14098e9a02982cc95640
,,,冗余三元组,12.0,44.0,是,extraction,de41cd62c11f82837c5925e3426f42630d0bc935f1a9e33489b933acda4b7831
,,,冗余三元组,13.0,29.0,是,extraction,ffa30b4f3216d3a8f56030cb4d33517361b4979ec19a58b4d3a546e9f0b38bdc
,,,冗余三元组,1.0,18.0,涉及事项,extraction,d1f95153d29e3bd086a2d6d173f9b426666e22d88ed57ce36c68eaf51b38b7e3
,,,冗余三元组,16.0,16.0,行驶主体,extraction,de3d3e85ffec1b1c16f445f7a5e7e204c5d5fb0d31f317bb122227719e728676
,,,冗余三元组,16.0,16.0,承办机构,extraction,dd3beedaf67b0e9e05574852bf1b9e7df5fccb39eb43ab3bef7f7645d192767e
,,,冗余三元组,1.0,46.0,涉及,extraction,b97b46d42fda49bf81ff3f4907773acec8566f08195d592b6e6bc1a7f3a94efc
,,,冗余三元组,9.0,3.0,是,extraction,0ec99e7cb6f44635fcabc5bf332037bea07b228f7b51753076ef1e8382984bc4
,,,冗余三元组,10.0,11.0,是,extraction,44a8fa7ea54ec2e41111a4f5dc6a9811dee8aa3aa19fb306f9177dfc86a9aea9
,,,冗余三元组,12.0,11.0,是,extraction,54710bbec3ca077fe79c80e1e95ea28a843633289f5bc6efe6abea14f6118623
,,,冗余三元组,13.0,23.0,是,extraction,a809901cb1266f3034f5251cd5e201f3ce63e484f49bb7e202066cafcce8d4b1
,,,冗余三元组,9.0,3.0,是,extraction,0ec99e7cb6f44635fcabc5bf332037bea07b228f7b51753076ef1e8382984bc4
,,,冗余三元组,38.0,10.0,是,extraction,353f87d2e9bef1aa7f353f594f5e93d101000fd95c7424d7dd6415c110489bf9
,,,冗余三元组,38.0,12.0,是,extraction,5c42b0031306e19d6f6592a1b111dcd011bb3991db3da0d26d8c22aac1b80b00
,,,冗余三元组,9.0,3.0,是,extraction,0ec99e7cb6f44635fcabc5bf332037bea07b228f7b51753076ef1e8382984bc4
,,,冗余三元组,10.0,4.0,是,extraction,4253afef8f3fd90e1effb4068d33d5af9bf9795c98a41a591346af581d8c5b13
,,,冗余三元组,12.0,4.0,是,extraction,157789d187fc7ed7a6f770e4112d938e1669ffabeec33b64ab160620d61c286f
,,,冗余三元组,13.0,29.0,是,extraction,ffa30b4f3216d3a8f56030cb4d33517361b4979ec19a58b4d3a546e9f0b38bdc
,,,冗余三元组,1.0,24.0,基于,extraction,a5276488a9604d9649d8bacd34b068a0005e4d755aa469a2a15794604500ae4d
,,,冗余三元组,9.0,3.0,是,extraction,0ec99e7cb6f44635fcabc5bf332037bea07b228f7b51753076ef1e8382984bc4
,,,冗余三元组,13.0,37.0,是,extraction,11ad231736d8e934254b836f208f0b302e4d9e38c23214e2036235899cb04fe6
,,,冗余三元组,1.0,19.0,涉及行为,extraction,7f240590f2a7da25c488c633d39a09a722fedca13693b57fc75c819db158f3af
,,,冗余三元组,3.0,1.0,权力类型,extraction,63bb5d4e71e6267d4835ef9479c9ff86b0b3ef916f5e6075b1750ed13e17cad3
,,,冗余三元组,4.0,3.0,行驶主体,extraction,65bd830d3a69c947ab33e8bccf4d7c9239947243f009a12164fa2b3d4defa4e5
,,,冗余三元组,4.0,3.0,承办机构,extraction,552f0352c4383de1ccdd6574c3a3cf1febf987d93f20f8b4d8f312f665277ccd
,,,冗余三元组,3.0,20.0,实施依据,extraction,904d9893c432b7f5610334c63d7c55767465e2c831a2b7963a6b4bed774952e6
,,,冗余三元组,1.0,18.0,涉及领域,extraction,bb9a6c5169497cb67071e7b38b89fd47ad0c56bc2fc613c8ae73303717a93cc9
,,,冗余三元组,32.0,1.0,行驶主体,extraction,f3ae7eebff4e3460421e23abeef0b3052dd9a3dcfbd1f44a03d027eeb1801b4f
,,,冗余三元组,32.0,1.0,承办机构,extraction,931cafd24efaf97775db66b22a04ccc10ef5b34c9f1550f1c6e447e2887940db
,,,冗余三元组,9.0,3.0,是,extraction,0ec99e7cb6f44635fcabc5bf332037bea07b228f7b51753076ef1e8382984bc4
,,,冗余三元组,10.0,22.0,是,extraction,5a0b03998ab865a9402789a91f83ce5e2c3e8b9dc624370864b73747e8ad330a
,,,冗余三元组,12.0,22.0,是,extraction,51b7578f6e3f4d6aa73a569f8dfc21fce38f169c0202a35f222c3aebbfe18ce9
,,,冗余三元组,13.0,27.0,是,extraction,b6eab7714fb673bef9d283a76736709544e272990472859dc282d706a47931e5
,,,冗余三元组,1.0,45.0,涉及事项,extraction,dd7fe96509b2c5c33db03e133555278b4cecbf544b6fac7dea1158a8470efe3a
,,,冗余三元组,3.0,1.0,权力类型,extraction,63bb5d4e71e6267d4835ef9479c9ff86b0b3ef916f5e6075b1750ed13e17cad3
,,,冗余三元组,9.0,3.0,是,extraction,0ec99e7cb6f44635fcabc5bf332037bea07b228f7b51753076ef1e8382984bc4
,,,冗余三元组,10.0,44.0,为,extraction,69112bdc2b4df8b11750d6f8d72b164b25e2c2af650527da381d1fef1854d09e
,,,冗余三元组,12.0,44.0,为,extraction,789557af73d2a9d31fa03e49ed15b2040e4d5acce57b1e0e7392f07dd6641f18
,,,冗余三元组,13.0,29.0,是,extraction,ffa30b4f3216d3a8f56030cb4d33517361b4979ec19a58b4d3a546e9f0b38bdc
,,,冗余三元组,1.0,6.0,涉及事项,extraction,63ed056176a358e5141eeb94299bb1cc5c1ba655d4c97bdb0e998157b41cd7a5
,,,冗余三元组,3.0,1.0,权力类型,extraction,63bb5d4e71e6267d4835ef9479c9ff86b0b3ef916f5e6075b1750ed13e17cad3
,,,冗余三元组,4.0,3.0,行驶主体,extraction,65bd830d3a69c947ab33e8bccf4d7c9239947243f009a12164fa2b3d4defa4e5
,,,冗余三元组,4.0,3.0,承办机构,extraction,552f0352c4383de1ccdd6574c3a3cf1febf987d93f20f8b4d8f312f665277ccd
,,,冗余三元组,35.0,3.0,实施依据,extraction,b624cc26441dfe817af4e1eb453814a9cb80441634853b422b6c75adb5478d0b
,,,冗余三元组,1.0,21.0,包含,extraction,635d1027165abbabe82fa63c66c6183ad9893b0e011f20d0b6ad30d71c05ec2a
,,,冗余三元组,9.0,3.0,是,extraction,0ec99e7cb6f44635fcabc5bf332037bea07b228f7b51753076ef1e8382984bc4
,,,冗余三元组,10.0,11.0,是,extraction,44a8fa7ea54ec2e41111a4f5dc6a9811dee8aa3aa19fb306f9177dfc86a9aea9
,,,冗余三元组,12.0,11.0,是,extraction,54710bbec3ca077fe79c80e1e95ea28a843633289f5bc6efe6abea14f6118623
,,,冗余三元组,13.0,7.0,是,extraction,5173b273e53a3712e9a749ca6cf7b8e8d3b7641db772c202823ccb26f6087587
,,,冗余三元组,9.0,3.0,是,extraction,0ec99e7cb6f44635fcabc5bf332037bea07b228f7b51753076ef1e8382984bc4
,,,冗余三元组,10.0,38.0,是,extraction,b756eb5995473eefcaf0d5b4fb891f9eb9190e7e7f446761eaff99790520dd98
,,,冗余三元组,12.0,38.0,是,extraction,76d05d01998cae971c559874b8df42b2445eeafc6d81c360c7aecdbaf38c3f00
,,,冗余三元组,13.0,35.0,是,extraction,bdb6ae948fcb734a09a70e6199e73c6b4e1ee8988d36d946e8376162542ec754
,,,冗余三元组,39.0,1.0,是,extraction,38e1d37380a7519608b7025690633256c2d7865eeeda60653fee8757d9e4afaf
,,,冗余三元组,9.0,3.0,是,extraction,0ec99e7cb6f44635fcabc5bf332037bea07b228f7b51753076ef1e8382984bc4
,,,冗余三元组,10.0,44.0,是,extraction,53854b14f84a4f7bcec4288babeeb93d9202a8f1247a14098e9a02982cc95640
,,,冗余三元组,12.0,44.0,是,extraction,de41cd62c11f82837c5925e3426f42630d0bc935f1a9e33489b933acda4b7831
,,,冗余三元组,13.0,50.0,是,extraction,c041f04873201647e0b342a86dacb602d31a2f7036dbbbcb8019ba08c7818ff2
,,,冗余三元组,3.0,1.0,权力类型,extraction,63bb5d4e71e6267d4835ef9479c9ff86b0b3ef916f5e6075b1750ed13e17cad3
,,,冗余三元组,26.0,1.0,行驶主体,extraction,c02b72a8d8a1775ff7e7978594abd6b5422b51c7c4fffd7eac711ff69bf88a97
,,,冗余三元组,26.0,1.0,承办机构,extraction,69ebaebdf045cea8cb77aa5e448d960f3c2e8a6fbe335676bbabaa00d3c918e5
,,,冗余三元组,1.0,55.0,涉及,extraction,d3dce47df0bc87d9fc69992a5dfb419dc64d4ec5f6b002937da586081885a914
,,,冗余三元组,9.0,3.0,是,extraction,0ec99e7cb6f44635fcabc5bf332037bea07b228f7b51753076ef1e8382984bc4
,,,冗余三元组,10.0,38.0,是,extraction,b756eb5995473eefcaf0d5b4fb891f9eb9190e7e7f446761eaff99790520dd98
,,,冗余三元组,12.0,38.0,是,extraction,76d05d01998cae971c559874b8df42b2445eeafc6d81c360c7aecdbaf38c3f00
,,,冗余三元组,13.0,29.0,是,extraction,ffa30b4f3216d3a8f56030cb4d33517361b4979ec19a58b4d3a546e9f0b38bdc
,,,冗余三元组,1.0,52.0,涉及问题,extraction,90af34399ad797a62bec9b3819dad9d64b8031065ff158d8a5f1015257e3e4dd
,,,冗余三元组,3.0,1.0,权力类型,extraction,63bb5d4e71e6267d4835ef9479c9ff86b0b3ef916f5e6075b1750ed13e17cad3
,,,冗余三元组,22.0,3.0,行驶主体,extraction,63b889c6caaf61c3eefad202bc0e1a4344122b009d898e41612d2ce9411c9a90
,,,冗余三元组,22.0,3.0,承办机构,extraction,450ea2044227017296ffd8295e12ead624bac9ad5fb24c8dce7525315368e0fd
,,,冗余三元组,3.0,7.0,依据,extraction,2c7744cfc99769a6fc0986cf138e3ed4d77c32f88512b230684854b6658447e8
,,,冗余三元组,1.0,30.0,涉及,extraction,f791f6ad50cca9a9432e1d95b6ef54bd1b64b5eb692d18dc2f430e81dd5537c2
,,,冗余三元组,9.0,3.0,是,extraction,0ec99e7cb6f44635fcabc5bf332037bea07b228f7b51753076ef1e8382984bc4
,,,冗余三元组,38.0,10.0,是,extraction,353f87d2e9bef1aa7f353f594f5e93d101000fd95c7424d7dd6415c110489bf9
,,,冗余三元组,38.0,12.0,是,extraction,5c42b0031306e19d6f6592a1b111dcd011bb3991db3da0d26d8c22aac1b80b00
,,,冗余三元组,13.0,50.0,是,extraction,c041f04873201647e0b342a86dacb602d31a2f7036dbbbcb8019ba08c7818ff2
,,,冗余三元组,9.0,3.0,是,extraction,0ec99e7cb6f44635fcabc5bf332037bea07b228f7b51753076ef1e8382984bc4
,,,冗余三元组,10.0,44.0,是,extraction,53854b14f84a4f7bcec4288babeeb93d9202a8f1247a14098e9a02982cc95640
,,,冗余三元组,12.0,44.0,是,extraction,de41cd62c11f82837c5925e3426f42630d0bc935f1a9e33489b933acda4b7831
,,,冗余三元组,39.0,1.0,是,extraction,38e1d37380a7519608b7025690633256c2d7865eeeda60653fee8757d9e4afaf
,,,冗余三元组,1.0,51.0,涉及行为,extraction,4d50e735db0c7c921debcd5d22ac59a9a9275f523e4dfe60a64102e7ab70d731
,,,冗余三元组,9.0,3.0,是,extraction,0ec99e7cb6f44635fcabc5bf332037bea07b228f7b51753076ef1e8382984bc4
,,,冗余三元组,10.0,44.0,是,extraction,53854b14f84a4f7bcec4288babeeb93d9202a8f1247a14098e9a02982cc95640
,,,冗余三元组,12.0,44.0,是,extraction,de41cd62c11f82837c5925e3426f42630d0bc935f1a9e33489b933acda4b7831
,,,冗余三元组,13.0,33.0,是,extraction,fc4553073462fe666aaa676d985116bc290a0c71f03fb633205f00b4fcf4ff71
,,,冗余三元组,1.0,48.0,涉及内容,extraction,c90c36bc34d7f04fedfc793b0376221c7073cfdcfd8648ced932e92d2e837f7a
,,,冗余三元组,3.0,1.0,权力类型,extraction,63bb5d4e71e6267d4835ef9479c9ff86b0b3ef916f5e6075b1750ed13e17cad3
,,,冗余三元组,11.0,1.0,行驶主体,extraction,50e598b1826c6a6e16cbb761d7126c8286dd306ea8aefdffee154cbb615a866b
,,,冗余三元组,11.0,1.0,承办机构,extraction,ecacee85e506b895bb6ef636499570c58825c04c2655e0f358383dd8770dbffa
,,,冗余三元组,1.0,34.0,包含,extraction,55e4afabf77afe2a5eab9a2e4e01194c0b9b6c241104b977092e714b9c92562f
,,,冗余三元组,9.0,3.0,是,extraction,0ec99e7cb6f44635fcabc5bf332037bea07b228f7b51753076ef1e8382984bc4
,,,冗余三元组,10.0,16.0,是,extraction,746a2100773446996a077ea20c54ba9035e03b7b31f93fb59a8ae3cd5a9d17da
,,,冗余三元组,12.0,16.0,是,extraction,02eb93de428eaa79f373e8be62591cfeadb588d7f8583ea3de7abacb8d43bb50
,,,冗余三元组,13.0,23.0,是,extraction,a809901cb1266f3034f5251cd5e201f3ce63e484f49bb7e202066cafcce8d4b1
,,,冗余三元组,1.0,45.0,涉及事项,extraction,dd7fe96509b2c5c33db03e133555278b4cecbf544b6fac7dea1158a8470efe3a
,,,冗余三元组,3.0,1.0,权力类型,extraction,63bb5d4e71e6267d4835ef9479c9ff86b0b3ef916f5e6075b1750ed13e17cad3
,,,冗余三元组,22.0,3.0,行驶主体,extraction,63b889c6caaf61c3eefad202bc0e1a4344122b009d898e41612d2ce9411c9a90
,,,冗余三元组,22.0,3.0,承办机构,extraction,450ea2044227017296ffd8295e12ead624bac9ad5fb24c8dce7525315368e0fd
,,,冗余三元组,29.0,3.0,实施依据,extraction,cd40df6a540917691517a57a5b1cf5b96661ca5fb5dc29fae67c4de0bc29abf0
,,,冗余三元组,1.0,36.0,涉及事项,extraction,8f5ef8181607d60e4eccd5ec612a1b947845c41af6a5aa6f33629298f46d39a8
,,,冗余三元组,3.0,1.0,权力类型,extraction,63bb5d4e71e6267d4835ef9479c9ff86b0b3ef916f5e6075b1750ed13e17cad3
,,,冗余三元组,41.0,1.0,行驶主体,extraction,3e203c1cd5240efde0e6a6d05bb4f8d4f3f80b46e735202ba3011d3e2801f0a1
,,,冗余三元组,41.0,1.0,承办机构,extraction,379f2c27a6c0b2eecca7d7b46b22ef51fefdad08ac0ee7abd453d5173a893b67
,,,冗余三元组,35.0,1.0,实施依据,extraction,c2160bc37901fdb446bacf457f42f5af556fdcd5b45c0e99b283102cca9bc468
,,,冗余三元组,39.0,1.0,是,extraction,38e1d37380a7519608b7025690633256c2d7865eeeda60653fee8757d9e4afaf
,,,冗余三元组,1.0,42.0,包含,extraction,7b9ef832aee05a7033973a1d4073ad0fff49c6f684c144c1b53de1c7765d56dd
,,,冗余三元组,9.0,3.0,是,extraction,0ec99e7cb6f44635fcabc5bf332037bea07b228f7b51753076ef1e8382984bc4
,,,冗余三元组,10.0,11.0,是,extraction,44a8fa7ea54ec2e41111a4f5dc6a9811dee8aa3aa19fb306f9177dfc86a9aea9
,,,冗余三元组,12.0,11.0,是,extraction,54710bbec3ca077fe79c80e1e95ea28a843633289f5bc6efe6abea14f6118623
,,,冗余三元组,13.0,35.0,是,extraction,bdb6ae948fcb734a09a70e6199e73c6b4e1ee8988d36d946e8376162542ec754
,,,冗余三元组,1.0,24.0,基于,extraction,a5276488a9604d9649d8bacd34b068a0005e4d755aa469a2a15794604500ae4d
,,,冗余三元组,1.0,18.0,涉及事项,extraction,d1f95153d29e3bd086a2d6d173f9b426666e22d88ed57ce36c68eaf51b38b7e3
,,,冗余三元组,3.0,1.0,权力类型,extraction,63bb5d4e71e6267d4835ef9479c9ff86b0b3ef916f5e6075b1750ed13e17cad3
,,,冗余三元组,1.0,29.0,依据,extraction,7c876ea0542c8c0bbe2bd1071fb11a2281ab201ea6a5d96c9f866fe3fc0a1ecb
,,,冗余三元组,1.0,54.0,涉及领域,extraction,bf464bcbcd83e979756fbd8eee9d0f695e979e7851f7354e079d63510152047a
,,,冗余三元组,3.0,1.0,权力类型,extraction,63bb5d4e71e6267d4835ef9479c9ff86b0b3ef916f5e6075b1750ed13e17cad3
,,,冗余三元组,1.0,51.0,涉及行为,extraction,4d50e735db0c7c921debcd5d22ac59a9a9275f523e4dfe60a64102e7ab70d731
,,,冗余三元组,38.0,10.0,是,extraction,353f87d2e9bef1aa7f353f594f5e93d101000fd95c7424d7dd6415c110489bf9
,,,冗余三元组,38.0,12.0,是,extraction,5c42b0031306e19d6f6592a1b111dcd011bb3991db3da0d26d8c22aac1b80b00
,,,冗余三元组,33.0,13.0,是,extraction,7c3d94538199dd220908c574a5adfa3d3a4a6e7ad7ca59b3e7f3e509820d0644
,,,冗余三元组,3.0,1.0,权力类型,extraction,63bb5d4e71e6267d4835ef9479c9ff86b0b3ef916f5e6075b1750ed13e17cad3
,,,冗余三元组,16.0,3.0,行驶主体,extraction,dcf915ca16fdd03067ac26bed4e74e74a9239bdbd1f71068aedeb4f177f92df1
,,,冗余三元组,16.0,3.0,承办机构,extraction,1845bf4af0283ae739a3edd822fa3a6e7302f5b26eae67bdd654099cddf35e9f
,,,冗余三元组,3.0,23.0,实施依据,extraction,50ab6d4e4a28dab63d889535df0083377ec5ea69c2cb93319237f8bffe946b3c
,,,冗余三元组,3.0,1.0,权力类型,extraction,63bb5d4e71e6267d4835ef9479c9ff86b0b3ef916f5e6075b1750ed13e17cad3
,,,冗余三元组,16.0,1.0,行驶主体,extraction,2388221cee7d1ae0ed5be74dbb33fa91b57a06cfae883cc5c2262bfb048b5c48
,,,冗余三元组,16.0,1.0,承办机构,extraction,7da0b9c5ea5b9311256b7bcb955ba7fe507e79fd9fe407e277e1c4de0e1d453e
,,,冗余三元组,3.0,1.0,权力类型,extraction,63bb5d4e71e6267d4835ef9479c9ff86b0b3ef916f5e6075b1750ed13e17cad3
,,,冗余三元组,38.0,3.0,行驶主体,extraction,09efeab994a6d0a0d2474408b9050a4299990ea94ef2b0fd3b3f3c42b80c1d00
,,,冗余三元组,38.0,3.0,承办机构,extraction,3ffeb2c635f8eac91bfd409e9ffa26f73bbf4f4bb174d1a1c0cfa1334e723247
,,,冗余三元组,1.0,24.0,基于,extraction,a5276488a9604d9649d8bacd34b068a0005e4d755aa469a2a15794604500ae4d
,,,冗余三元组,9.0,3.0,是,extraction,0ec99e7cb6f44635fcabc5bf332037bea07b228f7b51753076ef1e8382984bc4
,,,冗余三元组,10.0,44.0,为,extraction,69112bdc2b4df8b11750d6f8d72b164b25e2c2af650527da381d1fef1854d09e
,,,冗余三元组,12.0,44.0,为,extraction,789557af73d2a9d31fa03e49ed15b2040e4d5acce57b1e0e7392f07dd6641f18
,,,冗余三元组,13.0,50.0,是,extraction,c041f04873201647e0b342a86dacb602d31a2f7036dbbbcb8019ba08c7818ff2
,,,冗余三元组,39.0,1.0,是,extraction,38e1d37380a7519608b7025690633256c2d7865eeeda60653fee8757d9e4afaf
,,,冗余三元组,9.0,3.0,是,extraction,0ec99e7cb6f44635fcabc5bf332037bea07b228f7b51753076ef1e8382984bc4
,,,冗余三元组,10.0,38.0,是,extraction,b756eb5995473eefcaf0d5b4fb891f9eb9190e7e7f446761eaff99790520dd98
,,,冗余三元组,12.0,38.0,是,extraction,76d05d01998cae971c559874b8df42b2445eeafc6d81c360c7aecdbaf38c3f00
,,,冗余三元组,13.0,50.0,是,extraction,c041f04873201647e0b342a86dacb602d31a2f7036dbbbcb8019ba08c7818ff2
,,,冗余三元组,26.0,1.0,承办机构,extraction,69ebaebdf045cea8cb77aa5e448d960f3c2e8a6fbe335676bbabaa00d3c918e5
,,,冗余三元组,1.0,43.0,依据,extraction,985b929fb66077bb8f3a9c4c874b8547a2937c0087957a49d92521a1de199bec
,,,冗余三元组,3.0,1.0,权力类型,extraction,63bb5d4e71e6267d4835ef9479c9ff86b0b3ef916f5e6075b1750ed13e17cad3
,,,冗余三元组,1.0,45.0,涉及事项,extraction,dd7fe96509b2c5c33db03e133555278b4cecbf544b6fac7dea1158a8470efe3a
,,,冗余三元组,3.0,1.0,权力类型,extraction,63bb5d4e71e6267d4835ef9479c9ff86b0b3ef916f5e6075b1750ed13e17cad3
,,,冗余三元组,26.0,3.0,行驶主体,extraction,53a6aecb0cb919674eb601d3ca9bfb3e1cd8021d0c2b4edaea1103f12ff5d1fa
,,,冗余三元组,26.0,3.0,承办机构,extraction,09f29ebed328eaaeac44ee7d9b0d8d8b248964f2da25bc454213eb1f6ed1c65b
,,,冗余三元组,1.0,2.0,涉及事项,extraction,45a6b5e9b7acaaf964d4ba55ee382735953a50be79b9c5a63cfd56f3bfaa98e9
,,,冗余三元组,3.0,1.0,权力类型,extraction,63bb5d4e71e6267d4835ef9479c9ff86b0b3ef916f5e6075b1750ed13e17cad3
,,,冗余三元组,16.0,1.0,行驶主体,extraction,2388221cee7d1ae0ed5be74dbb33fa91b57a06cfae883cc5c2262bfb048b5c48
,,,冗余三元组,16.0,1.0,承办机构,extraction,7da0b9c5ea5b9311256b7bcb955ba7fe507e79fd9fe407e277e1c4de0e1d453e
,,,冗余三元组,35.0,1.0,实施依据,extraction,c2160bc37901fdb446bacf457f42f5af556fdcd5b45c0e99b283102cca9bc468
,,,冗余三元组,3.0,1.0,权力类型,extraction,63bb5d4e71e6267d4835ef9479c9ff86b0b3ef916f5e6075b1750ed13e17cad3
,,,冗余三元组,4.0,1.0,行驶主体,extraction,76853b7863ac80a3aad594a1104aa5b967a97525e8a2a9def28eeeebf43e4bab
,,,冗余三元组,4.0,1.0,承办机构,extraction,f7483722370a3db6cc6e9698d7f621113a7fe751bca6b181a1961b22639e7ed3
,,,冗余三元组,1.0,51.0,包含行为,extraction,f8a8dc8a03ea22f0c99fcbd7990d1f03fe9b84cf3f283d29a67c08ec33604bcb
,,,冗余三元组,9.0,3.0,是,extraction,0ec99e7cb6f44635fcabc5bf332037bea07b228f7b51753076ef1e8382984bc4
,,,冗余三元组,10.0,22.0,是,extraction,5a0b03998ab865a9402789a91f83ce5e2c3e8b9dc624370864b73747e8ad330a
,,,冗余三元组,12.0,22.0,是,extraction,51b7578f6e3f4d6aa73a569f8dfc21fce38f169c0202a35f222c3aebbfe18ce9
,,,冗余三元组,13.0,33.0,是,extraction,fc4553073462fe666aaa676d985116bc290a0c71f03fb633205f00b4fcf4ff71
,,,冗余三元组,3.0,1.0,权力类型,extraction,63bb5d4e71e6267d4835ef9479c9ff86b0b3ef916f5e6075b1750ed13e17cad3
,,,冗余三元组,35.0,3.0,实施依据,extraction,b624cc26441dfe817af4e1eb453814a9cb80441634853b422b6c75adb5478d0b
,,,冗余三元组,9.0,3.0,类型,extraction,7b4fd279b61586115fa2987e2d0371238853c4f6f63e89d0b451e4237f492a37
,,,冗余三元组,1.0,36.0,涉及事项,extraction,8f5ef8181607d60e4eccd5ec612a1b947845c41af6a5aa6f33629298f46d39a8
,,,冗余三元组,3.0,1.0,权力类型,extraction,63bb5d4e71e6267d4835ef9479c9ff86b0b3ef916f5e6075b1750ed13e17cad3
,,,冗余三元组,32.0,1.0,行驶主体,extraction,f3ae7eebff4e3460421e23abeef0b3052dd9a3dcfbd1f44a03d027eeb1801b4f
,,,冗余三元组,32.0,1.0,承办机构,extraction,931cafd24efaf97775db66b22a04ccc10ef5b34c9f1550f1c6e447e2887940db
,,,冗余三元组,35.0,1.0,实施依据,extraction,c2160bc37901fdb446bacf457f42f5af556fdcd5b45c0e99b283102cca9bc468
,,,冗余三元组,1.0,46.0,包含,extraction,43de48e1fd0d3973027e232e73e22a3174566b69b4fe0e1932b85469761532cb
,,,冗余三元组,9.0,3.0,是,extraction,0ec99e7cb6f44635fcabc5bf332037bea07b228f7b51753076ef1e8382984bc4
,,,冗余三元组,10.0,16.0,是,extraction,746a2100773446996a077ea20c54ba9035e03b7b31f93fb59a8ae3cd5a9d17da
,,,冗余三元组,12.0,16.0,是,extraction,02eb93de428eaa79f373e8be62591cfeadb588d7f8583ea3de7abacb8d43bb50
,,,冗余三元组,13.0,14.0,是,extraction,bfbeedc7e6daf4f851060b875d14b5b7c1dab5b695356d4176fd018de0894ae2
,,,冗余三元组,39.0,1.0,是,extraction,38e1d37380a7519608b7025690633256c2d7865eeeda60653fee8757d9e4afaf
,,,冗余三元组,9.0,3.0,是,extraction,0ec99e7cb6f44635fcabc5bf332037bea07b228f7b51753076ef1e8382984bc4
,,,冗余三元组,10.0,44.0,是,extraction,53854b14f84a4f7bcec4288babeeb93d9202a8f1247a14098e9a02982cc95640
,,,冗余三元组,12.0,44.0,是,extraction,de41cd62c11f82837c5925e3426f42630d0bc935f1a9e33489b933acda4b7831
,,,冗余三元组,13.0,20.0,是,extraction,f536065857d8cffb8690029d0de8e595064374e0e38deb823e625bf375f96c61
,,,冗余三元组,1.0,45.0,涉及事项,extraction,dd7fe96509b2c5c33db03e133555278b4cecbf544b6fac7dea1158a8470efe3a
,,,冗余三元组,3.0,1.0,权力类型,extraction,63bb5d4e71e6267d4835ef9479c9ff86b0b3ef916f5e6075b1750ed13e17cad3
,,,冗余三元组,32.0,3.0,行驶主体,extraction,25aa2c1e152670ddfb23d68a0ae7e021b4a2e63a8a68352208fab8aba8a37318
,,,冗余三元组,32.0,3.0,承办机构,extraction,7cfdba5de59642b67f9924e80b0324afb048e0e5fbe8a9a65ee9100edeae0749
,,,冗余三元组,35.0,3.0,实施依据,extraction,b624cc26441dfe817af4e1eb453814a9cb80441634853b422b6c75adb5478d0b
,,,冗余三元组,1.0,17.0,涉及事项,extraction,26e5b368d0569ae2cd1db86e58c1825b9d075b33fb779749f2c6991aaf9b42eb
,,,冗余三元组,9.0,3.0,是,extraction,0ec99e7cb6f44635fcabc5bf332037bea07b228f7b51753076ef1e8382984bc4
,,,冗余三元组,10.0,22.0,是,extraction,5a0b03998ab865a9402789a91f83ce5e2c3e8b9dc624370864b73747e8ad330a
,,,冗余三元组,12.0,22.0,是,extraction,51b7578f6e3f4d6aa73a569f8dfc21fce38f169c0202a35f222c3aebbfe18ce9
,,,冗余三元组,13.0,29.0,是,extraction,ffa30b4f3216d3a8f56030cb4d33517361b4979ec19a58b4d3a546e9f0b38bdc
,,,冗余三元组,1.0,28.0,涉及内容,extraction,ac3ee725f8a339f9fbd2a7028b68d899a9b8e5be581c35045e4b8bfb3dc079c3
,,,冗余三元组,3.0,1.0,权力类型,extraction,63bb5d4e71e6267d4835ef9479c9ff86b0b3ef916f5e6075b1750ed13e17cad3
,,,冗余三元组,41.0,1.0,行驶主体,extraction,3e203c1cd5240efde0e6a6d05bb4f8d4f3f80b46e735202ba3011d3e2801f0a1
,,,冗余三元组,41.0,1.0,承办机构,extraction,379f2c27a6c0b2eecca7d7b46b22ef51fefdad08ac0ee7abd453d5173a893b67
,,,冗余三元组,9.0,3.0,是,extraction,0ec99e7cb6f44635fcabc5bf332037bea07b228f7b51753076ef1e8382984bc4
,,,冗余三元组,10.0,41.0,是,extraction,6f83ced92a9691e5e14cc19bb1bc5463d86dfecb7bda23ec44eab17a27bf9ae5
,,,冗余三元组,12.0,41.0,是,extraction,a4b1a3ff2483dfe0fabc0a44c0aa6f73e99b87cf7ec502667cce0dc30a67f7b2
,,,冗余三元组,13.0,20.0,是,extraction,f536065857d8cffb8690029d0de8e595064374e0e38deb823e625bf375f96c61
,,,冗余三元组,1.0,2.0,涉及事项,extraction,45a6b5e9b7acaaf964d4ba55ee382735953a50be79b9c5a63cfd56f3bfaa98e9
,,,冗余三元组,9.0,3.0,类型,extraction,7b4fd279b61586115fa2987e2d0371238853c4f6f63e89d0b451e4237f492a37
,,,冗余三元组,13.0,29.0,依据,extraction,339ea22aba17a985debf38c1930430e3b55f008318624e7efcaa4b7d8ae18a54
,,,冗余三元组,39.0,1.0,是,extraction,38e1d37380a7519608b7025690633256c2d7865eeeda60653fee8757d9e4afaf
,,,冗余三元组,9.0,3.0,是,extraction,0ec99e7cb6f44635fcabc5bf332037bea07b228f7b51753076ef1e8382984bc4
,,,冗余三元组,10.0,41.0,是,extraction,6f83ced92a9691e5e14cc19bb1bc5463d86dfecb7bda23ec44eab17a27bf9ae5
,,,冗余三元组,12.0,41.0,是,extraction,a4b1a3ff2483dfe0fabc0a44c0aa6f73e99b87cf7ec502667cce0dc30a67f7b2
,,,冗余三元组,13.0,37.0,是,extraction,11ad231736d8e934254b836f208f0b302e4d9e38c23214e2036235899cb04fe6
,,,冗余三元组,1.0,31.0,涉及问题,extraction,ea08369126f7fbe0d95ca41a348902bab3f4d8e388232d1c4ed32a98fca9af59
,,,冗余三元组,3.0,1.0,权力类型,extraction,63bb5d4e71e6267d4835ef9479c9ff86b0b3ef916f5e6075b1750ed13e17cad3
,,,冗余三元组,26.0,3.0,行驶主体,extraction,53a6aecb0cb919674eb601d3ca9bfb3e1cd8021d0c2b4edaea1103f12ff5d1fa
,,,冗余三元组,26.0,3.0,承办机构,extraction,09f29ebed328eaaeac44ee7d9b0d8d8b248964f2da25bc454213eb1f6ed1c65b
,,,冗余三元组,39.0,1.0,是,extraction,38e1d37380a7519608b7025690633256c2d7865eeeda60653fee8757d9e4afaf
,,,冗余三元组,1.0,55.0,涉及,extraction,d3dce47df0bc87d9fc69992a5dfb419dc64d4ec5f6b002937da586081885a914
,,,冗余三元组,9.0,3.0,是,extraction,0ec99e7cb6f44635fcabc5bf332037bea07b228f7b51753076ef1e8382984bc4
,,,冗余三元组,10.0,38.0,是,extraction,b756eb5995473eefcaf0d5b4fb891f9eb9190e7e7f446761eaff99790520dd98
,,,冗余三元组,12.0,38.0,是,extraction,76d05d01998cae971c559874b8df42b2445eeafc6d81c360c7aecdbaf38c3f00
,,,冗余三元组,13.0,33.0,是,extraction,fc4553073462fe666aaa676d985116bc290a0c71f03fb633205f00b4fcf4ff71
,,,冗余三元组,1.0,17.0,涉及事项,extraction,26e5b368d0569ae2cd1db86e58c1825b9d075b33fb779749f2c6991aaf9b42eb
,,,冗余三元组,3.0,1.0,权力类型,extraction,63bb5d4e71e6267d4835ef9479c9ff86b0b3ef916f5e6075b1750ed13e17cad3
,,,冗余三元组,25.0,3.0,行驶主体,extraction,c7f405beeae1829a03dbec6b28d32c4d828da48de999734d24825266b3076f59
,,,冗余三元组,25.0,3.0,承办机构,extraction,eef2c4724eefbb6cbc8a1e38dd903f5952b15b4fa168168b9caed346c6551029
,,,冗余三元组,29.0,3.0,实施依据,extraction,cd40df6a540917691517a57a5b1cf5b96661ca5fb5dc29fae67c4de0bc29abf0
,,,冗余三元组,9.0,3.0,是,extraction,0ec99e7cb6f44635fcabc5bf332037bea07b228f7b51753076ef1e8382984bc4
,,,冗余三元组,10.0,44.0,是,extraction,53854b14f84a4f7bcec4288babeeb93d9202a8f1247a14098e9a02982cc95640
,,,冗余三元组,12.0,44.0,是,extraction,de41cd62c11f82837c5925e3426f42630d0bc935f1a9e33489b933acda4b7831
,,,冗余三元组,13.0,14.0,是,extraction,bfbeedc7e6daf4f851060b875d14b5b7c1dab5b695356d4176fd018de0894ae2
,,,冗余三元组,39.0,1.0,是,extraction,38e1d37380a7519608b7025690633256c2d7865eeeda60653fee8757d9e4afaf
,,,冗余三元组,1.0,54.0,涉及领域,extraction,bf464bcbcd83e979756fbd8eee9d0f695e979e7851f7354e079d63510152047a
,,,冗余三元组,9.0,3.0,是,extraction,0ec99e7cb6f44635fcabc5bf332037bea07b228f7b51753076ef1e8382984bc4
,,,冗余三元组,10.0,44.0,是,extraction,53854b14f84a4f7bcec4288babeeb93d9202a8f1247a14098e9a02982cc95640
,,,冗余三元组,12.0,44.0,是,extraction,de41cd62c11f82837c5925e3426f42630d0bc935f1a9e33489b933acda4b7831
,,,冗余三元组,13.0,27.0,是,extraction,b6eab7714fb673bef9d283a76736709544e272990472859dc282d706a47931e5
,,,冗余三元组,3.0,1.0,权力类型,extraction,63bb5d4e71e6267d4835ef9479c9ff86b0b3ef916f5e6075b1750ed13e17cad3
,,,冗余三元组,4.0,1.0,行驶主体,extraction,76853b7863ac80a3aad594a1104aa5b967a97525e8a2a9def28eeeebf43e4bab
,,,冗余三元组,4.0,1.0,承办机构,extraction,f7483722370a3db6cc6e9698d7f621113a7fe751bca6b181a1961b22639e7ed3
,,,冗余三元组,1.0,28.0,涉及事项,extraction,560be2f414c89761f44840d3f52e507d90c06d4f0586d63ae8dd7eb595eca49b
,,,冗余三元组,3.0,1.0,权力类型,extraction,63bb5d4e71e6267d4835ef9479c9ff86b0b3ef916f5e6075b1750ed13e17cad3
,,,冗余三元组,44.0,1.0,行驶主体,extraction,5aa5bd754001b528942d9ff1cf92c0dac3eea5408ae1a3ad1be7b48dd6ad7bc6
,,,冗余三元组,44.0,1.0,承办机构,extraction,fe869ebaf0ddd080462b050806e1c882e39322a3f98c8d4b29b1d043af63148d
,,,冗余三元组,3.0,1.0,权力类型,extraction,63bb5d4e71e6267d4835ef9479c9ff86b0b3ef916f5e6075b1750ed13e17cad3
,,,冗余三元组,11.0,3.0,行驶主体,extraction,252ebc8fde2836f7eae5a791df687860076241cf808bc99e0fd167f0ea262cd9
,,,冗余三元组,11.0,3.0,承办机构,extraction,e3339b884b62824a3b8679c646ddcca5b0bd6ecf6ec75f8d8629aa2e9b31a33c
,,,冗余三元组,35.0,3.0,实施依据,extraction,b624cc26441dfe817af4e1eb453814a9cb80441634853b422b6c75adb5478d0b
,,,冗余三元组,1.0,17.0,涉及事项,extraction,26e5b368d0569ae2cd1db86e58c1825b9d075b33fb779749f2c6991aaf9b42eb
,,,冗余三元组,9.0,3.0,是,extraction,0ec99e7cb6f44635fcabc5bf332037bea07b228f7b51753076ef1e8382984bc4
,,,冗余三元组,10.0,11.0,是,extraction,44a8fa7ea54ec2e41111a4f5dc6a9811dee8aa3aa19fb306f9177dfc86a9aea9
,,,冗余三元组,12.0,11.0,是,extraction,54710bbec3ca077fe79c80e1e95ea28a843633289f5bc6efe6abea14f6118623
,,,冗余三元组,13.0,43.0,是,extraction,ade982e693329bd738b2be4fef11a25c3536423672e3d1c585cae98131a035d0
,,,冗余三元组,1.0,34.0,包含,extraction,55e4afabf77afe2a5eab9a2e4e01194c0b9b6c241104b977092e714b9c92562f
,,,冗余三元组,9.0,3.0,是,extraction,0ec99e7cb6f44635fcabc5bf332037bea07b228f7b51753076ef1e8382984bc4
,,,冗余三元组,10.0,41.0,是,extraction,6f83ced92a9691e5e14cc19bb1bc5463d86dfecb7bda23ec44eab17a27bf9ae5
,,,冗余三元组,12.0,41.0,是,extraction,a4b1a3ff2483dfe0fabc0a44c0aa6f73e99b87cf7ec502667cce0dc30a67f7b2
,,,冗余三元组,13.0,37.0,是,extraction,11ad231736d8e934254b836f208f0b302e4d9e38c23214e2036235899cb04fe6
,,,冗余三元组,3.0,1.0,权力类型,extraction,63bb5d4e71e6267d4835ef9479c9ff86b0b3ef916f5e6075b1750ed13e17cad3
,,,冗余三元组,22.0,3.0,行驶主体,extraction,63b889c6caaf61c3eefad202bc0e1a4344122b009d898e41612d2ce9411c9a90
,,,冗余三元组,22.0,3.0,承办机构,extraction,450ea2044227017296ffd8295e12ead624bac9ad5fb24c8dce7525315368e0fd
,,,冗余三元组,3.0,1.0,权力类型,extraction,63bb5d4e71e6267d4835ef9479c9ff86b0b3ef916f5e6075b1750ed13e17cad3
,,,冗余三元组,22.0,3.0,行驶主体,extraction,63b889c6caaf61c3eefad202bc0e1a4344122b009d898e41612d2ce9411c9a90
,,,冗余三元组,22.0,3.0,承办机构,extraction,450ea2044227017296ffd8295e12ead624bac9ad5fb24c8dce7525315368e0fd
,,,冗余三元组,3.0,1.0,权力类型,extraction,63bb5d4e71e6267d4835ef9479c9ff86b0b3ef916f5e6075b1750ed13e17cad3
,,,冗余三元组,32.0,1.0,行驶主体,extraction,f3ae7eebff4e3460421e23abeef0b3052dd9a3dcfbd1f44a03d027eeb1801b4f
,,,冗余三元组,32.0,1.0,承办机构,extraction,931cafd24efaf97775db66b22a04ccc10ef5b34c9f1550f1c6e447e2887940db
,,,冗余三元组,1.0,62.0,涉及问题,extraction,2a934fc7a5fcf782dd1e2daadb598b9eafb710e91a5aa9232b2ceb713d26918f
,,,冗余三元组,3.0,1.0,权力类型,extraction,63bb5d4e71e6267d4835ef9479c9ff86b0b3ef916f5e6075b1750ed13e17cad3
,,,冗余三元组,32.0,3.0,行驶主体,extraction,25aa2c1e152670ddfb23d68a0ae7e021b4a2e63a8a68352208fab8aba8a37318
,,,冗余三元组,32.0,3.0,承办机构,extraction,7cfdba5de59642b67f9924e80b0324afb048e0e5fbe8a9a65ee9100edeae0749
,,,冗余三元组,3.0,61.0,实施依据,extraction,5ec84d3146f918e685de74e4cd04c587cdd895ec8853c6995ee47199be82e549
,,,冗余三元组,1.0,8.0,涉及内容,extraction,d02de960772b95844ead284f303c0cc0a431bb9e9d2e2a9acb00d12d4b09753a
,,,冗余三元组,9.0,3.0,类型,extraction,7b4fd279b61586115fa2987e2d0371238853c4f6f63e89d0b451e4237f492a37
,,,冗余三元组,10.0,22.0,为,extraction,1a97657648cf85daf9577b8f97db471a103398604acad7e49b5c9e5312315e6e
,,,冗余三元组,12.0,22.0,为,extraction,01d72a5fabeb49cad4036597626c1d026038537027330c5f333061113111547f
,,,冗余三元组,1.0,53.0,涉及事项,extraction,f0541f7d0c2d3d04c56da88a6bc6ad2f2baea1220b292ed6fa4bf4744fe4e698
,,,冗余三元组,3.0,1.0,权力类型,extraction,63bb5d4e71e6267d4835ef9479c9ff86b0b3ef916f5e6075b1750ed13e17cad3
,,,冗余三元组,4.0,3.0,行驶主体,extraction,65bd830d3a69c947ab33e8bccf4d7c9239947243f009a12164fa2b3d4defa4e5
,,,冗余三元组,4.0,3.0,承办机构,extraction,552f0352c4383de1ccdd6574c3a3cf1febf987d93f20f8b4d8f312f665277ccd
,,,冗余三元组,14.0,3.0,实施依据,extraction,b2a34d3077aee5e73c915f123942606ad10c818ac195f73a26fa6b2a85ed9d1b
,,,冗余三元组,1.0,46.0,涉及,extraction,b97b46d42fda49bf81ff3f4907773acec8566f08195d592b6e6bc1a7f3a94efc
,,,冗余三元组,9.0,3.0,是,extraction,0ec99e7cb6f44635fcabc5bf332037bea07b228f7b51753076ef1e8382984bc4
,,,冗余三元组,10.0,38.0,是,extraction,b756eb5995473eefcaf0d5b4fb891f9eb9190e7e7f446761eaff99790520dd98
,,,冗余三元组,12.0,38.0,是,extraction,76d05d01998cae971c559874b8df42b2445eeafc6d81c360c7aecdbaf38c3f00
,,,冗余三元组,13.0,7.0,是,extraction,5173b273e53a3712e9a749ca6cf7b8e8d3b7641db772c202823ccb26f6087587
,,,冗余三元组,1.0,36.0,涉及事项,extraction,8f5ef8181607d60e4eccd5ec612a1b947845c41af6a5aa6f33629298f46d39a8
,,,冗余三元组,3.0,1.0,权力类型,extraction,63bb5d4e71e6267d4835ef9479c9ff86b0b3ef916f5e6075b1750ed13e17cad3
,,,冗余三元组,26.0,3.0,行驶主体,extraction,53a6aecb0cb919674eb601d3ca9bfb3e1cd8021d0c2b4edaea1103f12ff5d1fa
,,,冗余三元组,26.0,3.0,承办机构,extraction,09f29ebed328eaaeac44ee7d9b0d8d8b248964f2da25bc454213eb1f6ed1c65b
,,,冗余三元组,1.0,31.0,涉及问题,extraction,ea08369126f7fbe0d95ca41a348902bab3f4d8e388232d1c4ed32a98fca9af59
,,,冗余三元组,3.0,1.0,权力类型,extraction,63bb5d4e71e6267d4835ef9479c9ff86b0b3ef916f5e6075b1750ed13e17cad3
,,,冗余三元组,11.0,3.0,行驶主体,extraction,252ebc8fde2836f7eae5a791df687860076241cf808bc99e0fd167f0ea262cd9
,,,冗余三元组,11.0,3.0,承办机构,extraction,e3339b884b62824a3b8679c646ddcca5b0bd6ecf6ec75f8d8629aa2e9b31a33c
,,,冗余三元组,1.0,51.0,涉及行为,extraction,4d50e735db0c7c921debcd5d22ac59a9a9275f523e4dfe60a64102e7ab70d731
,,,冗余三元组,59.0,1.0,实施依据,extraction,d826196ecb4d2fa4fd6a2f546f796a48689cad99a175ea1b1b4fc9a9b928217b
,,,冗余三元组,1.0,52.0,涉及问题,extraction,90af34399ad797a62bec9b3819dad9d64b8031065ff158d8a5f1015257e3e4dd
,,,冗余三元组,3.0,1.0,权力类型,extraction,63bb5d4e71e6267d4835ef9479c9ff86b0b3ef916f5e6075b1750ed13e17cad3
,,,冗余三元组,32.0,3.0,行驶主体,extraction,25aa2c1e152670ddfb23d68a0ae7e021b4a2e63a8a68352208fab8aba8a37318
,,,冗余三元组,32.0,3.0,承办机构,extraction,7cfdba5de59642b67f9924e80b0324afb048e0e5fbe8a9a65ee9100edeae0749
,,,冗余三元组,35.0,3.0,实施依据,extraction,b624cc26441dfe817af4e1eb453814a9cb80441634853b422b6c75adb5478d0b
,,,冗余三元组,39.0,1.0,是,extraction,38e1d37380a7519608b7025690633256c2d7865eeeda60653fee8757d9e4afaf
,,,冗余三元组,1.0,47.0,包含,extraction,8e0fec71df433909e1289464937921563bffc6070f6f628c6490c98efb005115
,,,冗余三元组,9.0,3.0,是,extraction,0ec99e7cb6f44635fcabc5bf332037bea07b228f7b51753076ef1e8382984bc4
,,,冗余三元组,10.0,38.0,是,extraction,b756eb5995473eefcaf0d5b4fb891f9eb9190e7e7f446761eaff99790520dd98
,,,冗余三元组,12.0,38.0,是,extraction,76d05d01998cae971c559874b8df42b2445eeafc6d81c360c7aecdbaf38c3f00
,,,冗余三元组,13.0,27.0,是,extraction,b6eab7714fb673bef9d283a76736709544e272990472859dc282d706a47931e5
,,,冗余三元组,1.0,15.0,包含行为,extraction,50889e3cad3a2af3fe5c788cdd352c4e79a5e965367902c33f7b1eab2a878616
,,,冗余三元组,9.0,3.0,是,extraction,0ec99e7cb6f44635fcabc5bf332037bea07b228f7b51753076ef1e8382984bc4
,,,冗余三元组,10.0,26.0,是,extraction,89fbb5ae30c6220e41f165591e4df027877c140a72033fe0680e44206164aa17
,,,冗余三元组,12.0,26.0,是,extraction,a3817cab3fccbfd1b94576c85b68cfb0ff0511791fe7ada5dd7c10500502e531
,,,冗余三元组,13.0,37.0,是,extraction,11ad231736d8e934254b836f208f0b302e4d9e38c23214e2036235899cb04fe6
,,,冗余三元组,3.0,1.0,权力类型,extraction,63bb5d4e71e6267d4835ef9479c9ff86b0b3ef916f5e6075b1750ed13e17cad3
,,,冗余三元组,11.0,1.0,行驶主体,extraction,50e598b1826c6a6e16cbb761d7126c8286dd306ea8aefdffee154cbb615a866b
,,,冗余三元组,11.0,1.0,承办机构,extraction,ecacee85e506b895bb6ef636499570c58825c04c2655e0f358383dd8770dbffa
,,,冗余三元组,3.0,1.0,权力类型,extraction,63bb5d4e71e6267d4835ef9479c9ff86b0b3ef916f5e6075b1750ed13e17cad3
,,,冗余三元组,16.0,1.0,行驶主体,extraction,2388221cee7d1ae0ed5be74dbb33fa91b57a06cfae883cc5c2262bfb048b5c48
,,,冗余三元组,16.0,1.0,承办机构,extraction,7da0b9c5ea5b9311256b7bcb955ba7fe507e79fd9fe407e277e1c4de0e1d453e
,,,冗余三元组,20.0,1.0,实施依据,extraction,fa879230d50cba26fe3e25fda133ad3500d518880a888364d68f6f0c8fcf6adf
,,,冗余三元组,1.0,42.0,涉及事项,extraction,6fa1fbc925e7b9f7909377c8fdb4e224f49dc4ac4ecc0317653a80654e14e7bc
,,,冗余三元组,3.0,1.0,权力类型,extraction,63bb5d4e71e6267d4835ef9479c9ff86b0b3ef916f5e6075b1750ed13e17cad3
,,,冗余三元组,26.0,3.0,行驶主体,extraction,53a6aecb0cb919674eb601d3ca9bfb3e1cd8021d0c2b4edaea1103f12ff5d1fa
,,,冗余三元组,26.0,3.0,承办机构,extraction,09f29ebed328eaaeac44ee7d9b0d8d8b248964f2da25bc454213eb1f6ed1c65b
,,,冗余三元组,1.0,29.0,依据,extraction,7c876ea0542c8c0bbe2bd1071fb11a2281ab201ea6a5d96c9f866fe3fc0a1ecb
,,,冗余三元组,1.0,62.0,基于,extraction,107e1bb0950b774ff9f05ec19639e02422cf10def6be35db13c2495e5a4effe2
,,,冗余三元组,9.0,3.0,是,extraction,0ec99e7cb6f44635fcabc5bf332037bea07b228f7b51753076ef1e8382984bc4
,,,冗余三元组,10.0,4.0,是,extraction,4253afef8f3fd90e1effb4068d33d5af9bf9795c98a41a591346af581d8c5b13
,,,冗余三元组,12.0,4.0,是,extraction,157789d187fc7ed7a6f770e4112d938e1669ffabeec33b64ab160620d61c286f
,,,冗余三元组,13.0,14.0,是,extraction,bfbeedc7e6daf4f851060b875d14b5b7c1dab5b695356d4176fd018de0894ae2
,,,冗余三元组,1.0,8.0,涉及内容,extraction,d02de960772b95844ead284f303c0cc0a431bb9e9d2e2a9acb00d12d4b09753a
,,,冗余三元组,9.0,3.0,是,extraction,0ec99e7cb6f44635fcabc5bf332037bea07b228f7b51753076ef1e8382984bc4
,,,冗余三元组,10.0,44.0,是,extraction,53854b14f84a4f7bcec4288babeeb93d9202a8f1247a14098e9a02982cc95640
,,,冗余三元组,12.0,44.0,是,extraction,de41cd62c11f82837c5925e3426f42630d0bc935f1a9e33489b933acda4b7831
,,,冗余三元组,13.0,37.0,是,extraction,11ad231736d8e934254b836f208f0b302e4d9e38c23214e2036235899cb04fe6
,,,冗余三元组,1.0,6.0,涉及事项,extraction,63ed056176a358e5141eeb94299bb1cc5c1ba655d4c97bdb0e998157b41cd7a5
,,,冗余三元组,3.0,1.0,权力类型,extraction,63bb5d4e71e6267d4835ef9479c9ff86b0b3ef916f5e6075b1750ed13e17cad3
,,,冗余三元组,38.0,3.0,行驶主体,extraction,09efeab994a6d0a0d2474408b9050a4299990ea94ef2b0fd3b3f3c42b80c1d00
,,,冗余三元组,38.0,3.0,承办机构,extraction,3ffeb2c635f8eac91bfd409e9ffa26f73bbf4f4bb174d1a1c0cfa1334e723247
,,,冗余三元组,1.0,46.0,涉及问题,extraction,3e940b19ef498016fad79857e57d4ee162cee2e05833d1b57fba62f1d9613be3
,,,冗余三元组,3.0,1.0,权力类型,extraction,63bb5d4e71e6267d4835ef9479c9ff86b0b3ef916f5e6075b1750ed13e17cad3
,,,冗余三元组,16.0,1.0,行驶主体,extraction,2388221cee7d1ae0ed5be74dbb33fa91b57a06cfae883cc5c2262bfb048b5c48
,,,冗余三元组,16.0,1.0,承办机构,extraction,7da0b9c5ea5b9311256b7bcb955ba7fe507e79fd9fe407e277e1c4de0e1d453e
,,,冗余三元组,1.0,33.0,实施依据,extraction,26cc092408f0a9aa6f263c39234f8f2765d112fd2a7cdf3cff6187a39e1d5c6b
,,,冗余三元组,1.0,54.0,服务事项,extraction,f1b6e795f7f4341a924257c51e053eb45298f6fc867b5d12c7547aa7ef61bce7
,,,冗余三元组,3.0,1.0,权力类型,extraction,63bb5d4e71e6267d4835ef9479c9ff86b0b3ef916f5e6075b1750ed13e17cad3
,,,冗余三元组,22.0,1.0,行驶主体,extraction,51b40b4c4f91240a5d323aaa57fa14fc575345cbc5dfbd5960fee3546a9d8c6c
,,,冗余三元组,22.0,1.0,承办机构,extraction,9c49a1220338386706f2952f161469c3bd5f784a5b99fbb95a8b8222c52b3a33
,,,冗余三元组,1.0,58.0,包含,extraction,a99749a34663c627f41bf723f6a81786f4ec688554b1b228877f58e936d4f065
,,,冗余三元组,9.0,3.0,是,extraction,0ec99e7cb6f44635fcabc5bf332037bea07b228f7b51753076ef1e8382984bc4
,,,冗余三元组,10.0,26.0,是,extraction,89fbb5ae30c6220e41f165591e4df027877c140a72033fe0680e44206164aa17
,,,冗余三元组,12.0,26.0,是,extraction,a3817cab3fccbfd1b94576c85b68cfb0ff0511791fe7ada5dd7c10500502e531
,,,冗余三元组,1.0,51.0,包含行为,extraction,f8a8dc8a03ea22f0c99fcbd7990d1f03fe9b84cf3f283d29a67c08ec33604bcb
,,,冗余三元组,9.0,3.0,是,extraction,0ec99e7cb6f44635fcabc5bf332037bea07b228f7b51753076ef1e8382984bc4
,,,冗余三元组,10.0,26.0,是,extraction,89fbb5ae30c6220e41f165591e4df027877c140a72033fe0680e44206164aa17
,,,冗余三元组,12.0,26.0,是,extraction,a3817cab3fccbfd1b94576c85b68cfb0ff0511791fe7ada5dd7c10500502e531
,,,冗余三元组,13.0,33.0,是,extraction,fc4553073462fe666aaa676d985116bc290a0c71f03fb633205f00b4fcf4ff71
,,,冗余三元组,1.0,28.0,涉及事项,extraction,560be2f414c89761f44840d3f52e507d90c06d4f0586d63ae8dd7eb595eca49b
,,,冗余三元组,3.0,1.0,权力类型,extraction,63bb5d4e71e6267d4835ef9479c9ff86b0b3ef916f5e6075b1750ed13e17cad3
,,,冗余三元组,22.0,3.0,行驶主体,extraction,63b889c6caaf61c3eefad202bc0e1a4344122b009d898e41612d2ce9411c9a90
,,,冗余三元组,22.0,3.0,承办机构,extraction,450ea2044227017296ffd8295e12ead624bac9ad5fb24c8dce7525315368e0fd
,,,冗余三元组,5.0,3.0,实施依据,extraction,4d26a315d3cf5e095a5f33a521cc5fcfd77a3a44ba52ed82e02dee2171f81d54
,,,冗余三元组,1.0,45.0,涉及事项,extraction,dd7fe96509b2c5c33db03e133555278b4cecbf544b6fac7dea1158a8470efe3a
,,,冗余三元组,3.0,1.0,权力类型,extraction,63bb5d4e71e6267d4835ef9479c9ff86b0b3ef916f5e6075b1750ed13e17cad3
,,,冗余三元组,41.0,1.0,行驶主体,extraction,3e203c1cd5240efde0e6a6d05bb4f8d4f3f80b46e735202ba3011d3e2801f0a1
,,,冗余三元组,41.0,1.0,承办机构,extraction,379f2c27a6c0b2eecca7d7b46b22ef51fefdad08ac0ee7abd453d5173a893b67
,,,冗余三元组,1.0,53.0,涉及事项,extraction,f0541f7d0c2d3d04c56da88a6bc6ad2f2baea1220b292ed6fa4bf4744fe4e698
,,,冗余三元组,3.0,1.0,权力类型,extraction,63bb5d4e71e6267d4835ef9479c9ff86b0b3ef916f5e6075b1750ed13e17cad3
,,,冗余三元组,41.0,1.0,行驶主体,extraction,3e203c1cd5240efde0e6a6d05bb4f8d4f3f80b46e735202ba3011d3e2801f0a1
,,,冗余三元组,41.0,1.0,承办机构,extraction,379f2c27a6c0b2eecca7d7b46b22ef51fefdad08ac0ee7abd453d5173a893b67
,,,冗余三元组,1.0,36.0,涉及问题,extraction,54c260d1a128014203ab4ed53ac05e9cb8405dd874e0b78e2a81b01ce110fecf
,,,冗余三元组,3.0,1.0,权力类型,extraction,63bb5d4e71e6267d4835ef9479c9ff86b0b3ef916f5e6075b1750ed13e17cad3
,,,冗余三元组,41.0,1.0,行驶主体,extraction,3e203c1cd5240efde0e6a6d05bb4f8d4f3f80b46e735202ba3011d3e2801f0a1
,,,冗余三元组,41.0,1.0,承办机构,extraction,379f2c27a6c0b2eecca7d7b46b22ef51fefdad08ac0ee7abd453d5173a893b67
,,,冗余三元组,1.0,18.0,涉及领域,extraction,bb9a6c5169497cb67071e7b38b89fd47ad0c56bc2fc613c8ae73303717a93cc9
,,,冗余三元组,3.0,1.0,权力类型,extraction,63bb5d4e71e6267d4835ef9479c9ff86b0b3ef916f5e6075b1750ed13e17cad3
,,,冗余三元组,38.0,1.0,行驶主体,extraction,d0e87a0daf3bc1ed7bad39f66dc6d8ee74064b05fe94192417c8b6e3e4cd53a9
,,,冗余三元组,38.0,1.0,承办机构,extraction,b14641014ea8d3db9ba04ac2bb249443dd5f26425e740d86371e870ef2d4a84a
,,,冗余三元组,1.0,61.0,依据,extraction,5e6ea6d02b5ab83f1d23705347ee800e957a409a66bf963b37943f8f33137958
,,,冗余三元组,1.0,47.0,服务事项,extraction,b33592c1f30e39df0401c77d218134fb8abddfd7e8dbdedb52818471c5201bf4
,,,冗余三元组,3.0,1.0,权力类型,extraction,63bb5d4e71e6267d4835ef9479c9ff86b0b3ef916f5e6075b1750ed13e17cad3
,,,冗余三元组,22.0,1.0,行驶主体,extraction,51b40b4c4f91240a5d323aaa57fa14fc575345cbc5dfbd5960fee3546a9d8c6c
,,,冗余三元组,22.0,1.0,承办机构,extraction,9c49a1220338386706f2952f161469c3bd5f784a5b99fbb95a8b8222c52b3a33
,,,冗余三元组,20.0,1.0,实施依据,extraction,fa879230d50cba26fe3e25fda133ad3500d518880a888364d68f6f0c8fcf6adf
,,,冗余三元组,3.0,1.0,权力类型,extraction,63bb5d4e71e6267d4835ef9479c9ff86b0b3ef916f5e6075b1750ed13e17cad3
,,,冗余三元组,32.0,1.0,行驶主体,extraction,f3ae7eebff4e3460421e23abeef0b3052dd9a3dcfbd1f44a03d027eeb1801b4f
,,,冗余三元组,32.0,1.0,承办机构,extraction,931cafd24efaf97775db66b22a04ccc10ef5b34c9f1550f1c6e447e2887940db
,,,冗余三元组,37.0,1.0,实施依据,extraction,09d255701213a5f1fc35300e57fc286072af9b281e8b6176db074a855aa6f1c9
,,,冗余三元组,1.0,52.0,涉及问题,extraction,90af34399ad797a62bec9b3819dad9d64b8031065ff158d8a5f1015257e3e4dd
,,,冗余三元组,3.0,1.0,权力类型,extraction,63bb5d4e71e6267d4835ef9479c9ff86b0b3ef916f5e6075b1750ed13e17cad3
,,,冗余三元组,41.0,3.0,行驶主体,extraction,5d84b9822209fd7fa7d92babdb835190241b68fe5b5aea19e9da5dd2dd78f41f
,,,冗余三元组,41.0,3.0,承办机构,extraction,48e2d4897373891400d86d526f3e14fa122a8369676e5750befd6236e4886a23
,,,冗余三元组,1.0,46.0,包含,extraction,43de48e1fd0d3973027e232e73e22a3174566b69b4fe0e1932b85469761532cb
,,,冗余三元组,9.0,3.0,是,extraction,0ec99e7cb6f44635fcabc5bf332037bea07b228f7b51753076ef1e8382984bc4
,,,冗余三元组,10.0,26.0,是,extraction,89fbb5ae30c6220e41f165591e4df027877c140a72033fe0680e44206164aa17
,,,冗余三元组,12.0,26.0,是,extraction,a3817cab3fccbfd1b94576c85b68cfb0ff0511791fe7ada5dd7c10500502e531
,,,冗余三元组,13.0,50.0,是,extraction,c041f04873201647e0b342a86dacb602d31a2f7036dbbbcb8019ba08c7818ff2
,,,冗余三元组,1.0,19.0,涉及行为,extraction,7f240590f2a7da25c488c633d39a09a722fedca13693b57fc75c819db158f3af
,,,冗余三元组,9.0,3.0,类型,extraction,7b4fd279b61586115fa2987e2d0371238853c4f6f63e89d0b451e4237f492a37
,,,冗余三元组,10.0,22.0,是,extraction,5a0b03998ab865a9402789a91f83ce5e2c3e8b9dc624370864b73747e8ad330a
,,,冗余三元组,12.0,22.0,是,extraction,51b7578f6e3f4d6aa73a569f8dfc21fce38f169c0202a35f222c3aebbfe18ce9
,,,冗余三元组,13.0,37.0,是,extraction,11ad231736d8e934254b836f208f0b302e4d9e38c23214e2036235899cb04fe6
,,,冗余三元组,1.0,47.0,服务事项,extraction,b33592c1f30e39df0401c77d218134fb8abddfd7e8dbdedb52818471c5201bf4
,,,冗余三元组,3.0,1.0,权力类型,extraction,63bb5d4e71e6267d4835ef9479c9ff86b0b3ef916f5e6075b1750ed13e17cad3
,,,冗余三元组,4.0,1.0,行驶主体,extraction,76853b7863ac80a3aad594a1104aa5b967a97525e8a2a9def28eeeebf43e4bab
,,,冗余三元组,4.0,1.0,承办机构,extraction,f7483722370a3db6cc6e9698d7f621113a7fe751bca6b181a1961b22639e7ed3
,,,冗余三元组,35.0,1.0,实施依据,extraction,c2160bc37901fdb446bacf457f42f5af556fdcd5b45c0e99b283102cca9bc468
,,,冗余三元组,1.0,53.0,涉及事项,extraction,f0541f7d0c2d3d04c56da88a6bc6ad2f2baea1220b292ed6fa4bf4744fe4e698
,,,冗余三元组,3.0,1.0,权力类型,extraction,63bb5d4e71e6267d4835ef9479c9ff86b0b3ef916f5e6075b1750ed13e17cad3
,,,冗余三元组,38.0,3.0,行驶主体,extraction,09efeab994a6d0a0d2474408b9050a4299990ea94ef2b0fd3b3f3c42b80c1d00
,,,冗余三元组,38.0,3.0,承办机构,extraction,3ffeb2c635f8eac91bfd409e9ffa26f73bbf4f4bb174d1a1c0cfa1334e723247
,,,冗余三元组,1.0,2.0,涉及事项,extraction,45a6b5e9b7acaaf964d4ba55ee382735953a50be79b9c5a63cfd56f3bfaa98e9
,,,冗余三元组,3.0,1.0,权力类型,extraction,63bb5d4e71e6267d4835ef9479c9ff86b0b3ef916f5e6075b1750ed13e17cad3
,,,冗余三元组,44.0,1.0,行驶主体,extraction,5aa5bd754001b528942d9ff1cf92c0dac3eea5408ae1a3ad1be7b48dd6ad7bc6
,,,冗余三元组,44.0,1.0,承办机构,extraction,fe869ebaf0ddd080462b050806e1c882e39322a3f98c8d4b29b1d043af63148d
,,,冗余三元组,35.0,1.0,实施依据,extraction,c2160bc37901fdb446bacf457f42f5af556fdcd5b45c0e99b283102cca9bc468
,,,冗余三元组,3.0,1.0,权力类型,extraction,63bb5d4e71e6267d4835ef9479c9ff86b0b3ef916f5e6075b1750ed13e17cad3
,,,冗余三元组,22.0,1.0,行驶主体,extraction,51b40b4c4f91240a5d323aaa57fa14fc575345cbc5dfbd5960fee3546a9d8c6c
,,,冗余三元组,22.0,1.0,承办机构,extraction,9c49a1220338386706f2952f161469c3bd5f784a5b99fbb95a8b8222c52b3a33
,,,冗余三元组,20.0,1.0,实施依据,extraction,fa879230d50cba26fe3e25fda133ad3500d518880a888364d68f6f0c8fcf6adf
,,,冗余三元组,1.0,48.0,涉及内容,extraction,c90c36bc34d7f04fedfc793b0376221c7073cfdcfd8648ced932e92d2e837f7a
,,,冗余三元组,9.0,3.0,类型,extraction,7b4fd279b61586115fa2987e2d0371238853c4f6f63e89d0b451e4237f492a37
,,,冗余三元组,10.0,11.0,执行者,extraction,bfcf921e35cea42dd2fe0e4456f5859f4d4adde552face2b36b303764d94c6b0
,,,冗余三元组,12.0,11.0,执行者,extraction,007d609358694caecbadd9e1f98aa849bb6c470ee428ccf76e19cabc1a6a9069
,,,冗余三元组,13.0,29.0,依据,extraction,339ea22aba17a985debf38c1930430e3b55f008318624e7efcaa4b7d8ae18a54
,,,冗余三元组,1.0,62.0,涉及问题,extraction,2a934fc7a5fcf782dd1e2daadb598b9eafb710e91a5aa9232b2ceb713d26918f
,,,冗余三元组,3.0,1.0,权力类型,extraction,63bb5d4e71e6267d4835ef9479c9ff86b0b3ef916f5e6075b1750ed13e17cad3
,,,冗余三元组,38.0,3.0,行驶主体,extraction,09efeab994a6d0a0d2474408b9050a4299990ea94ef2b0fd3b3f3c42b80c1d00
,,,冗余三元组,38.0,3.0,承办机构,extraction,3ffeb2c635f8eac91bfd409e9ffa26f73bbf4f4bb174d1a1c0cfa1334e723247
,,,冗余三元组,1.0,21.0,包含,extraction,635d1027165abbabe82fa63c66c6183ad9893b0e011f20d0b6ad30d71c05ec2a
,,,冗余三元组,16.0,1.0,承办机构,extraction,7da0b9c5ea5b9311256b7bcb955ba7fe507e79fd9fe407e277e1c4de0e1d453e
,,,冗余三元组,1.0,18.0,涉及领域,extraction,bb9a6c5169497cb67071e7b38b89fd47ad0c56bc2fc613c8ae73303717a93cc9
,,,冗余三元组,3.0,1.0,权力类型,extraction,63bb5d4e71e6267d4835ef9479c9ff86b0b3ef916f5e6075b1750ed13e17cad3
,,,冗余三元组,4.0,3.0,行驶主体,extraction,65bd830d3a69c947ab33e8bccf4d7c9239947243f009a12164fa2b3d4defa4e5
,,,冗余三元组,4.0,3.0,承办机构,extraction,552f0352c4383de1ccdd6574c3a3cf1febf987d93f20f8b4d8f312f665277ccd
,,,冗余三元组,1.0,47.0,涉及事项,extraction,410fd6754fd95d077ef04ff964ec4dd009afe4ed77694bf6c52b18682d5b8662
,,,冗余三元组,3.0,1.0,权力类型,extraction,63bb5d4e71e6267d4835ef9479c9ff86b0b3ef916f5e6075b1750ed13e17cad3
,,,冗余三元组,11.0,3.0,行驶主体,extraction,252ebc8fde2836f7eae5a791df687860076241cf808bc99e0fd167f0ea262cd9
,,,冗余三元组,11.0,3.0,承办机构,extraction,e3339b884b62824a3b8679c646ddcca5b0bd6ecf6ec75f8d8629aa2e9b31a33c
,,,冗余三元组,5.0,3.0,实施依据,extraction,4d26a315d3cf5e095a5f33a521cc5fcfd77a3a44ba52ed82e02dee2171f81d54
,,,冗余三元组,1.0,31.0,涉及,extraction,dc016841f4c3f631de1195184d69d571554a2507a72c8fa57279cb9eb6cbcb4d
,,,冗余三元组,9.0,3.0,是,extraction,0ec99e7cb6f44635fcabc5bf332037bea07b228f7b51753076ef1e8382984bc4
,,,冗余三元组,10.0,11.0,是,extraction,44a8fa7ea54ec2e41111a4f5dc6a9811dee8aa3aa19fb306f9177dfc86a9aea9
,,,冗余三元组,12.0,11.0,是,extraction,54710bbec3ca077fe79c80e1e95ea28a843633289f5bc6efe6abea14f6118623
,,,冗余三元组,13.0,33.0,是,extraction,fc4553073462fe666aaa676d985116bc290a0c71f03fb633205f00b4fcf4ff71
,,,冗余三元组,1.0,47.0,涉及事项,extraction,410fd6754fd95d077ef04ff964ec4dd009afe4ed77694bf6c52b18682d5b8662
,,,冗余三元组,3.0,1.0,权力类型,extraction,63bb5d4e71e6267d4835ef9479c9ff86b0b3ef916f5e6075b1750ed13e17cad3
,,,冗余三元组,25.0,3.0,行驶主体,extraction,c7f405beeae1829a03dbec6b28d32c4d828da48de999734d24825266b3076f59
,,,冗余三元组,25.0,3.0,承办机构,extraction,eef2c4724eefbb6cbc8a1e38dd903f5952b15b4fa168168b9caed346c6551029
,,,冗余三元组,7.0,3.0,实施依据,extraction,f19e34325be413dc5e6bb80be003b66e02159d7f79ced0a5e8ba8a58d7125e15
,,,冗余三元组,1.0,17.0,涉及事项,extraction,26e5b368d0569ae2cd1db86e58c1825b9d075b33fb779749f2c6991aaf9b42eb
,,,冗余三元组,3.0,1.0,权力类型,extraction,63bb5d4e71e6267d4835ef9479c9ff86b0b3ef916f5e6075b1750ed13e17cad3
,,,冗余三元组,11.0,3.0,行驶主体,extraction,252ebc8fde2836f7eae5a791df687860076241cf808bc99e0fd167f0ea262cd9
,,,冗余三元组,11.0,3.0,承办机构,extraction,e3339b884b62824a3b8679c646ddcca5b0bd6ecf6ec75f8d8629aa2e9b31a33c
,,,冗余三元组,1.0,14.0,依据,extraction,ef634f9e84afb4ebf494e22553b15ac7b1fbc49e61d65588899d98c77fee67fd
,,,冗余三元组,1.0,8.0,涉及,extraction,87762195aab84fdc0842a072b54421c6e992ded15227e267788ac371d89fd8a5
,,,冗余三元组,9.0,3.0,是,extraction,0ec99e7cb6f44635fcabc5bf332037bea07b228f7b51753076ef1e8382984bc4
,,,冗余三元组,10.0,16.0,是,extraction,746a2100773446996a077ea20c54ba9035e03b7b31f93fb59a8ae3cd5a9d17da
,,,冗余三元组,12.0,16.0,是,extraction,02eb93de428eaa79f373e8be62591cfeadb588d7f8583ea3de7abacb8d43bb50
,,,冗余三元组,1.0,46.0,包含,extraction,43de48e1fd0d3973027e232e73e22a3174566b69b4fe0e1932b85469761532cb
,,,冗余三元组,9.0,3.0,是,extraction,0ec99e7cb6f44635fcabc5bf332037bea07b228f7b51753076ef1e8382984bc4
,,,冗余三元组,10.0,38.0,是,extraction,b756eb5995473eefcaf0d5b4fb891f9eb9190e7e7f446761eaff99790520dd98
,,,冗余三元组,12.0,38.0,是,extraction,76d05d01998cae971c559874b8df42b2445eeafc6d81c360c7aecdbaf38c3f00
,,,冗余三元组,13.0,7.0,是,extraction,5173b273e53a3712e9a749ca6cf7b8e8d3b7641db772c202823ccb26f6087587
,,,冗余三元组,1.0,46.0,涉及,extraction,b97b46d42fda49bf81ff3f4907773acec8566f08195d592b6e6bc1a7f3a94efc
,,,冗余三元组,9.0,3.0,是,extraction,0ec99e7cb6f44635fcabc5bf332037bea07b228f7b51753076ef1e8382984bc4
,,,冗余三元组,10.0,22.0,是,extraction,5a0b03998ab865a9402789a91f83ce5e2c3e8b9dc624370864b73747e8ad330a
,,,冗余三元组,12.0,22.0,是,extraction,51b7578f6e3f4d6aa73a569f8dfc21fce38f169c0202a35f222c3aebbfe18ce9
,,,冗余三元组,13.0,7.0,是,extraction,5173b273e53a3712e9a749ca6cf7b8e8d3b7641db772c202823ccb26f6087587
,,,冗余三元组,1.0,55.0,涉及,extraction,d3dce47df0bc87d9fc69992a5dfb419dc64d4ec5f6b002937da586081885a914
,,,冗余三元组,9.0,3.0,是,extraction,0ec99e7cb6f44635fcabc5bf332037bea07b228f7b51753076ef1e8382984bc4
,,,冗余三元组,10.0,44.0,是,extraction,53854b14f84a4f7bcec4288babeeb93d9202a8f1247a14098e9a02982cc95640
,,,冗余三元组,12.0,44.0,是,extraction,de41cd62c11f82837c5925e3426f42630d0bc935f1a9e33489b933acda4b7831
,,,冗余三元组,13.0,14.0,是,extraction,bfbeedc7e6daf4f851060b875d14b5b7c1dab5b695356d4176fd018de0894ae2
,,,冗余三元组,1.0,30.0,涉及,extraction,f791f6ad50cca9a9432e1d95b6ef54bd1b64b5eb692d18dc2f430e81dd5537c2
,,,冗余三元组,9.0,3.0,是,extraction,0ec99e7cb6f44635fcabc5bf332037bea07b228f7b51753076ef1e8382984bc4
,,,冗余三元组,10.0,41.0,是,extraction,6f83ced92a9691e5e14cc19bb1bc5463d86dfecb7bda23ec44eab17a27bf9ae5
,,,冗余三元组,12.0,41.0,是,extraction,a4b1a3ff2483dfe0fabc0a44c0aa6f73e99b87cf7ec502667cce0dc30a67f7b2
,,,冗余三元组,13.0,37.0,是,extraction,11ad231736d8e934254b836f208f0b302e4d9e38c23214e2036235899cb04fe6
,,,冗余三元组,39.0,1.0,是,extraction,38e1d37380a7519608b7025690633256c2d7865eeeda60653fee8757d9e4afaf
,,,冗余三元组,9.0,3.0,是,extraction,0ec99e7cb6f44635fcabc5bf332037bea07b228f7b51753076ef1e8382984bc4
,,,冗余三元组,10.0,44.0,是,extraction,53854b14f84a4f7bcec4288babeeb93d9202a8f1247a14098e9a02982cc95640
,,,冗余三元组,12.0,44.0,是,extraction,de41cd62c11f82837c5925e3426f42630d0bc935f1a9e33489b933acda4b7831
,,,冗余三元组,13.0,7.0,是,extraction,5173b273e53a3712e9a749ca6cf7b8e8d3b7641db772c202823ccb26f6087587
,,,冗余三元组,1.0,2.0,涉及事项,extraction,45a6b5e9b7acaaf964d4ba55ee382735953a50be79b9c5a63cfd56f3bfaa98e9
,,,冗余三元组,3.0,1.0,权力类型,extraction,63bb5d4e71e6267d4835ef9479c9ff86b0b3ef916f5e6075b1750ed13e17cad3
,,,冗余三元组,44.0,1.0,行驶主体,extraction,5aa5bd754001b528942d9ff1cf92c0dac3eea5408ae1a3ad1be7b48dd6ad7bc6
,,,冗余三元组,44.0,1.0,承办机构,extraction,fe869ebaf0ddd080462b050806e1c882e39322a3f98c8d4b29b1d043af63148d
,,,冗余三元组,37.0,1.0,实施依据,extraction,09d255701213a5f1fc35300e57fc286072af9b281e8b6176db074a855aa6f1c9
,,,冗余三元组,1.0,30.0,涉及,extraction,f791f6ad50cca9a9432e1d95b6ef54bd1b64b5eb692d18dc2f430e81dd5537c2
,,,冗余三元组,9.0,3.0,是,extraction,0ec99e7cb6f44635fcabc5bf332037bea07b228f7b51753076ef1e8382984bc4
,,,冗余三元组,10.0,22.0,是,extraction,5a0b03998ab865a9402789a91f83ce5e2c3e8b9dc624370864b73747e8ad330a
,,,冗余三元组,12.0,22.0,是,extraction,51b7578f6e3f4d6aa73a569f8dfc21fce38f169c0202a35f222c3aebbfe18ce9
,,,冗余三元组,13.0,7.0,是,extraction,5173b273e53a3712e9a749ca6cf7b8e8d3b7641db772c202823ccb26f6087587
,,,冗余三元组,1.0,54.0,涉及领域,extraction,bf464bcbcd83e979756fbd8eee9d0f695e979e7851f7354e079d63510152047a
,,,冗余三元组,3.0,1.0,权力类型,extraction,63bb5d4e71e6267d4835ef9479c9ff86b0b3ef916f5e6075b1750ed13e17cad3
,,,冗余三元组,25.0,3.0,行驶主体,extraction,c7f405beeae1829a03dbec6b28d32c4d828da48de999734d24825266b3076f59
,,,冗余三元组,25.0,3.0,承办机构,extraction,eef2c4724eefbb6cbc8a1e38dd903f5952b15b4fa168168b9caed346c6551029
,,,冗余三元组,1.0,24.0,基于,extraction,a5276488a9604d9649d8bacd34b068a0005e4d755aa469a2a15794604500ae4d
,,,冗余三元组,3.0,44.0,由,extraction,080f99a748c7eb4782333f3721b4fa96e331a8c8466092f36c40de49b7d21732
,,,冗余三元组,44.0,3.0,行使权力,extraction,f198bdefb30b60bad0eda0caf732f8ed5cf312b7a53711a3709d6e4926cc4866
,,,冗余三元组,44.0,10.0,是,extraction,e97b79b5b51a26f8e69423d992b4d4ac3c9df26ba1701ad7c77eeb760090b85f
,,,冗余三元组,44.0,12.0,也是,extraction,8f258b758c517139707a3fb7b0832140ba81c2be3985017f022d50aa8ffc6c3d
,,,冗余三元组,13.0,43.0,是,extraction,ade982e693329bd738b2be4fef11a25c3536423672e3d1c585cae98131a035d0
,,,冗余三元组,1.0,24.0,基于,extraction,a5276488a9604d9649d8bacd34b068a0005e4d755aa469a2a15794604500ae4d
,,,冗余三元组,9.0,3.0,是,extraction,0ec99e7cb6f44635fcabc5bf332037bea07b228f7b51753076ef1e8382984bc4
,,,冗余三元组,10.0,44.0,为,extraction,69112bdc2b4df8b11750d6f8d72b164b25e2c2af650527da381d1fef1854d09e
,,,冗余三元组,12.0,44.0,为,extraction,789557af73d2a9d31fa03e49ed15b2040e4d5acce57b1e0e7392f07dd6641f18
,,,冗余三元组,13.0,35.0,是,extraction,bdb6ae948fcb734a09a70e6199e73c6b4e1ee8988d36d946e8376162542ec754
,,,冗余三元组,1.0,30.0,涉及,extraction,f791f6ad50cca9a9432e1d95b6ef54bd1b64b5eb692d18dc2f430e81dd5537c2
,,,冗余三元组,9.0,3.0,是,extraction,0ec99e7cb6f44635fcabc5bf332037bea07b228f7b51753076ef1e8382984bc4
,,,冗余三元组,38.0,10.0,是,extraction,353f87d2e9bef1aa7f353f594f5e93d101000fd95c7424d7dd6415c110489bf9
,,,冗余三元组,38.0,12.0,是,extraction,5c42b0031306e19d6f6592a1b111dcd011bb3991db3da0d26d8c22aac1b80b00
,,,冗余三元组,13.0,5.0,是,extraction,507348e0a400849c992ed3d4db941f51b877314c064a446d1a19df892d7a6f73
,,,冗余三元组,1.0,31.0,涉及问题,extraction,ea08369126f7fbe0d95ca41a348902bab3f4d8e388232d1c4ed32a98fca9af59
,,,冗余三元组,3.0,1.0,权力类型,extraction,63bb5d4e71e6267d4835ef9479c9ff86b0b3ef916f5e6075b1750ed13e17cad3
,,,冗余三元组,32.0,3.0,行驶主体,extraction,25aa2c1e152670ddfb23d68a0ae7e021b4a2e63a8a68352208fab8aba8a37318
,,,冗余三元组,32.0,3.0,承办机构,extraction,7cfdba5de59642b67f9924e80b0324afb048e0e5fbe8a9a65ee9100edeae0749
,,,冗余三元组,14.0,3.0,实施依据,extraction,b2a34d3077aee5e73c915f123942606ad10c818ac195f73a26fa6b2a85ed9d1b
,,,冗余三元组,1.0,28.0,涉及事项,extraction,560be2f414c89761f44840d3f52e507d90c06d4f0586d63ae8dd7eb595eca49b
,,,冗余三元组,3.0,1.0,权力类型,extraction,63bb5d4e71e6267d4835ef9479c9ff86b0b3ef916f5e6075b1750ed13e17cad3
,,,冗余三元组,16.0,1.0,行驶主体,extraction,2388221cee7d1ae0ed5be74dbb33fa91b57a06cfae883cc5c2262bfb048b5c48
,,,冗余三元组,16.0,1.0,承办机构,extraction,7da0b9c5ea5b9311256b7bcb955ba7fe507e79fd9fe407e277e1c4de0e1d453e
,,,冗余三元组,20.0,1.0,实施依据,extraction,fa879230d50cba26fe3e25fda133ad3500d518880a888364d68f6f0c8fcf6adf
,,,冗余三元组,1.0,62.0,涉及问题,extraction,2a934fc7a5fcf782dd1e2daadb598b9eafb710e91a5aa9232b2ceb713d26918f
,,,冗余三元组,3.0,1.0,权力类型,extraction,63bb5d4e71e6267d4835ef9479c9ff86b0b3ef916f5e6075b1750ed13e17cad3
,,,冗余三元组,38.0,3.0,行驶主体,extraction,09efeab994a6d0a0d2474408b9050a4299990ea94ef2b0fd3b3f3c42b80c1d00
,,,冗余三元组,38.0,3.0,承办机构,extraction,3ffeb2c635f8eac91bfd409e9ffa26f73bbf4f4bb174d1a1c0cfa1334e723247
,,,冗余三元组,3.0,14.0,实施依据,extraction,09931771bbcd9cd15e93938cf3ce07dfed30596b980f89738627e75ac71073d2
,,,冗余三元组,1.0,15.0,包含行为,extraction,50889e3cad3a2af3fe5c788cdd352c4e79a5e965367902c33f7b1eab2a878616
,,,冗余三元组,9.0,3.0,是,extraction,0ec99e7cb6f44635fcabc5bf332037bea07b228f7b51753076ef1e8382984bc4
,,,冗余三元组,10.0,26.0,是,extraction,89fbb5ae30c6220e41f165591e4df027877c140a72033fe0680e44206164aa17
,,,冗余三元组,12.0,26.0,是,extraction,a3817cab3fccbfd1b94576c85b68cfb0ff0511791fe7ada5dd7c10500502e531
,,,冗余三元组,13.0,20.0,是,extraction,f536065857d8cffb8690029d0de8e595064374e0e38deb823e625bf375f96c61
,,,冗余三元组,1.0,60.0,涉及领域,extraction,25fe9bcaeb7e004a7f7cb1fcb4d291c2a96c608fd8ff4641bee8109287b07717
,,,冗余三元组,3.0,1.0,权力类型,extraction,63bb5d4e71e6267d4835ef9479c9ff86b0b3ef916f5e6075b1750ed13e17cad3
,,,冗余三元组,26.0,3.0,行驶主体,extraction,53a6aecb0cb919674eb601d3ca9bfb3e1cd8021d0c2b4edaea1103f12ff5d1fa
,,,冗余三元组,26.0,3.0,承办机构,extraction,09f29ebed328eaaeac44ee7d9b0d8d8b248964f2da25bc454213eb1f6ed1c65b
,,,冗余三元组,1.0,52.0,涉及问题,extraction,90af34399ad797a62bec9b3819dad9d64b8031065ff158d8a5f1015257e3e4dd
,,,冗余三元组,9.0,3.0,类型,extraction,7b4fd279b61586115fa2987e2d0371238853c4f6f63e89d0b451e4237f492a37
,,,冗余三元组,10.0,22.0,是,extraction,5a0b03998ab865a9402789a91f83ce5e2c3e8b9dc624370864b73747e8ad330a
,,,冗余三元组,12.0,22.0,是,extraction,51b7578f6e3f4d6aa73a569f8dfc21fce38f169c0202a35f222c3aebbfe18ce9
,,,冗余三元组,13.0,29.0,依据,extraction,339ea22aba17a985debf38c1930430e3b55f008318624e7efcaa4b7d8ae18a54
,,,冗余三元组,1.0,42.0,涉及事项,extraction,6fa1fbc925e7b9f7909377c8fdb4e224f49dc4ac4ecc0317653a80654e14e7bc
,,,冗余三元组,3.0,1.0,权力类型,extraction,63bb5d4e71e6267d4835ef9479c9ff86b0b3ef916f5e6075b1750ed13e17cad3
,,,冗余三元组,32.0,3.0,行驶主体,extraction,25aa2c1e152670ddfb23d68a0ae7e021b4a2e63a8a68352208fab8aba8a37318
,,,冗余三元组,32.0,3.0,承办机构,extraction,7cfdba5de59642b67f9924e80b0324afb048e0e5fbe8a9a65ee9100edeae0749
,,,冗余三元组,20.0,3.0,实施依据,extraction,74c469772883cc75830d6664aabca03b3c8bc471660e084cede3096ee903fa04
,,,冗余三元组,44.0,1.0,承办机构,extraction,fe869ebaf0ddd080462b050806e1c882e39322a3f98c8d4b29b1d043af63148d
,,,冗余三元组,1.0,48.0,涉及内容,extraction,c90c36bc34d7f04fedfc793b0376221c7073cfdcfd8648ced932e92d2e837f7a
,,,冗余三元组,3.0,1.0,权力类型,extraction,63bb5d4e71e6267d4835ef9479c9ff86b0b3ef916f5e6075b1750ed13e17cad3
,,,冗余三元组,38.0,1.0,行驶主体,extraction,d0e87a0daf3bc1ed7bad39f66dc6d8ee74064b05fe94192417c8b6e3e4cd53a9
,,,冗余三元组,38.0,1.0,承办机构,extraction,b14641014ea8d3db9ba04ac2bb249443dd5f26425e740d86371e870ef2d4a84a
,,,冗余三元组,1.0,29.0,依据,extraction,7c876ea0542c8c0bbe2bd1071fb11a2281ab201ea6a5d96c9f866fe3fc0a1ecb
,,,冗余三元组,1.0,51.0,涉及行为,extraction,4d50e735db0c7c921debcd5d22ac59a9a9275f523e4dfe60a64102e7ab70d731
,,,冗余三元组,1.0,36.0,涉及,extraction,74acc40ab669e870e70aea4357aee0f96da0e727b95126c4d5fc55df050ed2db
,,,冗余三元组,3.0,9.0,属于,extraction,e243beb6cddf62185b7e7ffcf414a9105a2c5a93a0690b193f72c7a37fa3b5ca
,,,冗余三元组,32.0,10.0,既是,extraction,6a71c60b3df216a02245bac7b249632f00fe9fb00329bc9b748dd56567aa2840
,,,冗余三元组,32.0,12.0,也是,extraction,c4c3ca8e89d758a45e9d008f04beb27756657ae5dd641654ceb69ccbbc45f528
,,,冗余三元组,1.0,42.0,涉及事项,extraction,6fa1fbc925e7b9f7909377c8fdb4e224f49dc4ac4ecc0317653a80654e14e7bc
,,,冗余三元组,9.0,3.0,是,extraction,0ec99e7cb6f44635fcabc5bf332037bea07b228f7b51753076ef1e8382984bc4
,,,冗余三元组,10.0,22.0,是,extraction,5a0b03998ab865a9402789a91f83ce5e2c3e8b9dc624370864b73747e8ad330a
,,,冗余三元组,12.0,22.0,是,extraction,51b7578f6e3f4d6aa73a569f8dfc21fce38f169c0202a35f222c3aebbfe18ce9
,,,冗余三元组,13.0,33.0,是,extraction,fc4553073462fe666aaa676d985116bc290a0c71f03fb633205f00b4fcf4ff71
,,,冗余三元组,39.0,1.0,是,extraction,38e1d37380a7519608b7025690633256c2d7865eeeda60653fee8757d9e4afaf
,,,冗余三元组,9.0,3.0,是,extraction,0ec99e7cb6f44635fcabc5bf332037bea07b228f7b51753076ef1e8382984bc4
,,,冗余三元组,10.0,38.0,是,extraction,b756eb5995473eefcaf0d5b4fb891f9eb9190e7e7f446761eaff99790520dd98
,,,冗余三元组,12.0,38.0,是,extraction,76d05d01998cae971c559874b8df42b2445eeafc6d81c360c7aecdbaf38c3f00
,,,冗余三元组,13.0,7.0,是,extraction,5173b273e53a3712e9a749ca6cf7b8e8d3b7641db772c202823ccb26f6087587
,,,冗余三元组,1.0,21.0,包含,extraction,635d1027165abbabe82fa63c66c6183ad9893b0e011f20d0b6ad30d71c05ec2a
,,,冗余三元组,9.0,3.0,是,extraction,0ec99e7cb6f44635fcabc5bf332037bea07b228f7b51753076ef1e8382984bc4
,,,冗余三元组,13.0,5.0,是,extraction,507348e0a400849c992ed3d4db941f51b877314c064a446d1a19df892d7a6f73
,,,冗余三元组,1.0,45.0,涉及事项,extraction,dd7fe96509b2c5c33db03e133555278b4cecbf544b6fac7dea1158a8470efe3a
,,,冗余三元组,3.0,1.0,权力类型,extraction,63bb5d4e71e6267d4835ef9479c9ff86b0b3ef916f5e6075b1750ed13e17cad3
,,,冗余三元组,41.0,3.0,行驶主体,extraction,5d84b9822209fd7fa7d92babdb835190241b68fe5b5aea19e9da5dd2dd78f41f
,,,冗余三元组,41.0,3.0,承办机构,extraction,48e2d4897373891400d86d526f3e14fa122a8369676e5750befd6236e4886a23
,,,冗余三元组,49.0,3.0,实施依据,extraction,2eb1dcc4ce01375fecbdbca4cf13458825c23886e919a0bc154ca2373ee95e13
,,,冗余三元组,1.0,45.0,涉及事项,extraction,dd7fe96509b2c5c33db03e133555278b4cecbf544b6fac7dea1158a8470efe3a
,,,冗余三元组,3.0,1.0,权力类型,extraction,63bb5d4e71e6267d4835ef9479c9ff86b0b3ef916f5e6075b1750ed13e17cad3
,,,冗余三元组,25.0,3.0,行驶主体,extraction,c7f405beeae1829a03dbec6b28d32c4d828da48de999734d24825266b3076f59
,,,冗余三元组,25.0,3.0,承办机构,extraction,eef2c4724eefbb6cbc8a1e38dd903f5952b15b4fa168168b9caed346c6551029
,,,冗余三元组,3.0,14.0,实施依据,extraction,09931771bbcd9cd15e93938cf3ce07dfed30596b980f89738627e75ac71073d2
,,,冗余三元组,3.0,1.0,权力类型,extraction,63bb5d4e71e6267d4835ef9479c9ff86b0b3ef916f5e6075b1750ed13e17cad3
,,,冗余三元组,16.0,1.0,行驶主体,extraction,2388221cee7d1ae0ed5be74dbb33fa91b57a06cfae883cc5c2262bfb048b5c48
,,,冗余三元组,16.0,1.0,承办机构,extraction,7da0b9c5ea5b9311256b7bcb955ba7fe507e79fd9fe407e277e1c4de0e1d453e
,,,冗余三元组,20.0,1.0,实施依据,extraction,fa879230d50cba26fe3e25fda133ad3500d518880a888364d68f6f0c8fcf6adf
,,,冗余三元组,1.0,62.0,涉及问题,extraction,2a934fc7a5fcf782dd1e2daadb598b9eafb710e91a5aa9232b2ceb713d26918f
,,,冗余三元组,3.0,1.0,权力类型,extraction,63bb5d4e71e6267d4835ef9479c9ff86b0b3ef916f5e6075b1750ed13e17cad3
,,,冗余三元组,38.0,3.0,行驶主体,extraction,09efeab994a6d0a0d2474408b9050a4299990ea94ef2b0fd3b3f3c42b80c1d00
,,,冗余三元组,38.0,3.0,承办机构,extraction,3ffeb2c635f8eac91bfd409e9ffa26f73bbf4f4bb174d1a1c0cfa1334e723247
,,,冗余三元组,3.0,5.0,实施依据,extraction,300e1a74feeba098ae7f4718aa129d394916387a593e134f982cc13f2bfa406f
,,,冗余三元组,1.0,28.0,涉及内容,extraction,ac3ee725f8a339f9fbd2a7028b68d899a9b8e5be581c35045e4b8bfb3dc079c3
,,,冗余三元组,3.0,1.0,权力类型,extraction,63bb5d4e71e6267d4835ef9479c9ff86b0b3ef916f5e6075b1750ed13e17cad3
,,,冗余三元组,41.0,1.0,行驶主体,extraction,3e203c1cd5240efde0e6a6d05bb4f8d4f3f80b46e735202ba3011d3e2801f0a1
,,,冗余三元组,41.0,1.0,承办机构,extraction,379f2c27a6c0b2eecca7d7b46b22ef51fefdad08ac0ee7abd453d5173a893b67
,,,冗余三元组,39.0,1.0,是,extraction,38e1d37380a7519608b7025690633256c2d7865eeeda60653fee8757d9e4afaf
,,,冗余三元组,9.0,3.0,是,extraction,0ec99e7cb6f44635fcabc5bf332037bea07b228f7b51753076ef1e8382984bc4
,,,冗余三元组,10.0,25.0,是,extraction,ad542489db79b38432a47864e6f61070ea6042115797987a3bcdb2baca19bebf
,,,冗余三元组,12.0,25.0,是,extraction,dc4ae0749038f60cf9a543d11bdbb3655270d3f1168c53408b231865a3b78a64
,,,冗余三元组,13.0,43.0,是,extraction,ade982e693329bd738b2be4fef11a25c3536423672e3d1c585cae98131a035d0
,,,冗余三元组,1.0,53.0,涉及事项,extraction,f0541f7d0c2d3d04c56da88a6bc6ad2f2baea1220b292ed6fa4bf4744fe4e698
,,,冗余三元组,3.0,9.0,属于,extraction,e243beb6cddf62185b7e7ffcf414a9105a2c5a93a0690b193f72c7a37fa3b5ca
,,,冗余三元组,1.0,6.0,涉及事项,extraction,63ed056176a358e5141eeb94299bb1cc5c1ba655d4c97bdb0e998157b41cd7a5
,,,冗余三元组,11.0,1.0,行驶主体,extraction,50e598b1826c6a6e16cbb761d7126c8286dd306ea8aefdffee154cbb615a866b
,,,冗余三元组,11.0,1.0,承办机构,extraction,ecacee85e506b895bb6ef636499570c58825c04c2655e0f358383dd8770dbffa
,,,冗余三元组,1.0,29.0,依据,extraction,7c876ea0542c8c0bbe2bd1071fb11a2281ab201ea6a5d96c9f866fe3fc0a1ecb
,,,冗余三元组,1.0,15.0,包含行为,extraction,50889e3cad3a2af3fe5c788cdd352c4e79a5e965367902c33f7b1eab2a878616
,,,冗余三元组,3.0,20.0,实施依据,extraction,904d9893c432b7f5610334c63d7c55767465e2c831a2b7963a6b4bed774952e6
,,,冗余三元组,1.0,2.0,涉及事项,extraction,45a6b5e9b7acaaf964d4ba55ee382735953a50be79b9c5a63cfd56f3bfaa98e9
,,,冗余三元组,3.0,1.0,权力类型,extraction,63bb5d4e71e6267d4835ef9479c9ff86b0b3ef916f5e6075b1750ed13e17cad3
,,,冗余三元组,41.0,1.0,行驶主体,extraction,3e203c1cd5240efde0e6a6d05bb4f8d4f3f80b46e735202ba3011d3e2801f0a1
,,,冗余三元组,41.0,1.0,承办机构,extraction,379f2c27a6c0b2eecca7d7b46b22ef51fefdad08ac0ee7abd453d5173a893b67
,,,冗余三元组,49.0,1.0,实施依据,extraction,ff26d12b358cafe4c2fb87a18323c05e83a57fff577f25152d237a0d2a1a6669
,,,冗余三元组,1.0,60.0,涉及领域,extraction,25fe9bcaeb7e004a7f7cb1fcb4d291c2a96c608fd8ff4641bee8109287b07717
,,,冗余三元组,3.0,1.0,权力类型,extraction,63bb5d4e71e6267d4835ef9479c9ff86b0b3ef916f5e6075b1750ed13e17cad3
,,,冗余三元组,41.0,1.0,行驶主体,extraction,3e203c1cd5240efde0e6a6d05bb4f8d4f3f80b46e735202ba3011d3e2801f0a1
,,,冗余三元组,41.0,1.0,承办机构,extraction,379f2c27a6c0b2eecca7d7b46b22ef51fefdad08ac0ee7abd453d5173a893b67
,,,冗余三元组,1.0,33.0,实施依据,extraction,26cc092408f0a9aa6f263c39234f8f2765d112fd2a7cdf3cff6187a39e1d5c6b
,,,冗余三元组,1.0,40.0,涉及内容,extraction,de20e85db7086358cf9286abdebf47adc291c16b26f2f272b53ee25a61196b6a
,,,冗余三元组,9.0,3.0,类型,extraction,7b4fd279b61586115fa2987e2d0371238853c4f6f63e89d0b451e4237f492a37
,,,冗余三元组,16.0,16.0,行驶主体,extraction,de3d3e85ffec1b1c16f445f7a5e7e204c5d5fb0d31f317bb122227719e728676
,,,冗余三元组,16.0,16.0,承办机构,extraction,dd3beedaf67b0e9e05574852bf1b9e7df5fccb39eb43ab3bef7f7645d192767e
,,,冗余三元组,3.0,1.0,权力类型,extraction,63bb5d4e71e6267d4835ef9479c9ff86b0b3ef916f5e6075b1750ed13e17cad3
,,,冗余三元组,38.0,1.0,行驶主体,extraction,d0e87a0daf3bc1ed7bad39f66dc6d8ee74064b05fe94192417c8b6e3e4cd53a9
,,,冗余三元组,38.0,1.0,承办机构,extraction,b14641014ea8d3db9ba04ac2bb249443dd5f26425e740d86371e870ef2d4a84a
,,,冗余三元组,1.0,61.0,依据,extraction,5e6ea6d02b5ab83f1d23705347ee800e957a409a66bf963b37943f8f33137958
,,,冗余三元组,1.0,24.0,基于,extraction,a5276488a9604d9649d8bacd34b068a0005e4d755aa469a2a15794604500ae4d
,,,冗余三元组,9.0,3.0,是,extraction,0ec99e7cb6f44635fcabc5bf332037bea07b228f7b51753076ef1e8382984bc4
,,,冗余三元组,10.0,25.0,为,extraction,14eb8cd0d77ed5391b9d37dc27fe68abd7670df3ba47dcd28eb6861f63d38e07
,,,冗余三元组,12.0,25.0,为,extraction,95495f064660a3f109251dafe2c267d79bb3d759704576cd0f4930aedae02db4
,,,冗余三元组,13.0,37.0,是,extraction,11ad231736d8e934254b836f208f0b302e4d9e38c23214e2036235899cb04fe6
,,,冗余三元组,1.0,53.0,涉及事项,extraction,f0541f7d0c2d3d04c56da88a6bc6ad2f2baea1220b292ed6fa4bf4744fe4e698
,,,冗余三元组,3.0,1.0,权力类型,extraction,63bb5d4e71e6267d4835ef9479c9ff86b0b3ef916f5e6075b1750ed13e17cad3
,,,冗余三元组,44.0,1.0,行驶主体,extraction,5aa5bd754001b528942d9ff1cf92c0dac3eea5408ae1a3ad1be7b48dd6ad7bc6
,,,冗余三元组,44.0,1.0,承办机构,extraction,fe869ebaf0ddd080462b050806e1c882e39322a3f98c8d4b29b1d043af63148d
,,,冗余三元组,33.0,1.0,实施依据,extraction,bd4d251de9aa9eb9c09f30ba2cb708ae2c507f14020ac308d2f0fc7019e488a7
,,,冗余三元组,1.0,47.0,涉及事项,extraction,410fd6754fd95d077ef04ff964ec4dd009afe4ed77694bf6c52b18682d5b8662
,,,冗余三元组,3.0,1.0,权力类型,extraction,63bb5d4e71e6267d4835ef9479c9ff86b0b3ef916f5e6075b1750ed13e17cad3
,,,冗余三元组,41.0,1.0,行驶主体,extraction,3e203c1cd5240efde0e6a6d05bb4f8d4f3f80b46e735202ba3011d3e2801f0a1
,,,冗余三元组,41.0,1.0,承办机构,extraction,379f2c27a6c0b2eecca7d7b46b22ef51fefdad08ac0ee7abd453d5173a893b67
,,,冗余三元组,1.0,23.0,依据,extraction,0c4e2a2eed4772431ff0a6f635bec43d213b808cd3ebb9e90f0dd418ba282cb2
,,,冗余三元组,1.0,45.0,涉及,extraction,599085aa31abe5075252b02f829e93d81f2698ac36bc6369fc4fce031c3872ad
,,,冗余三元组,9.0,3.0,是,extraction,0ec99e7cb6f44635fcabc5bf332037bea07b228f7b51753076ef1e8382984bc4
,,,冗余三元组,10.0,38.0,是,extraction,b756eb5995473eefcaf0d5b4fb891f9eb9190e7e7f446761eaff99790520dd98
,,,冗余三元组,12.0,38.0,是,extraction,76d05d01998cae971c559874b8df42b2445eeafc6d81c360c7aecdbaf38c3f00
,,,冗余三元组,13.0,29.0,是,extraction,ffa30b4f3216d3a8f56030cb4d33517361b4979ec19a58b4d3a546e9f0b38bdc
,,,冗余三元组,1.0,15.0,包含行为,extraction,50889e3cad3a2af3fe5c788cdd352c4e79a5e965367902c33f7b1eab2a878616
,,,冗余三元组,9.0,3.0,是,extraction,0ec99e7cb6f44635fcabc5bf332037bea07b228f7b51753076ef1e8382984bc4
,,,冗余三元组,10.0,11.0,是,extraction,44a8fa7ea54ec2e41111a4f5dc6a9811dee8aa3aa19fb306f9177dfc86a9aea9
,,,冗余三元组,12.0,11.0,是,extraction,54710bbec3ca077fe79c80e1e95ea28a843633289f5bc6efe6abea14f6118623
,,,冗余三元组,13.0,43.0,是,extraction,ade982e693329bd738b2be4fef11a25c3536423672e3d1c585cae98131a035d0
,,,冗余三元组,1.0,60.0,涉及领域,extraction,25fe9bcaeb7e004a7f7cb1fcb4d291c2a96c608fd8ff4641bee8109287b07717
,,,冗余三元组,11.0,1.0,行驶主体,extraction,50e598b1826c6a6e16cbb761d7126c8286dd306ea8aefdffee154cbb615a866b
,,,冗余三元组,11.0,1.0,承办机构,extraction,ecacee85e506b895bb6ef636499570c58825c04c2655e0f358383dd8770dbffa
,,,冗余三元组,1.0,27.0,依据,extraction,d03daf3e94bfbb1b0d0e8924a3805396d721f1c62d58ac9127a2e0d131b5d430
,,,冗余三元组,1.0,28.0,涉及内容,extraction,ac3ee725f8a339f9fbd2a7028b68d899a9b8e5be581c35045e4b8bfb3dc079c3
,,,冗余三元组,3.0,1.0,权力类型,extraction,63bb5d4e71e6267d4835ef9479c9ff86b0b3ef916f5e6075b1750ed13e17cad3
,,,冗余三元组,41.0,1.0,行驶主体,extraction,3e203c1cd5240efde0e6a6d05bb4f8d4f3f80b46e735202ba3011d3e2801f0a1
,,,冗余三元组,41.0,1.0,承办机构,extraction,379f2c27a6c0b2eecca7d7b46b22ef51fefdad08ac0ee7abd453d5173a893b67
,,,冗余三元组,1.0,33.0,实施依据,extraction,26cc092408f0a9aa6f263c39234f8f2765d112fd2a7cdf3cff6187a39e1d5c6b
,,,冗余三元组,1.0,42.0,涉及事项,extraction,6fa1fbc925e7b9f7909377c8fdb4e224f49dc4ac4ecc0317653a80654e14e7bc
,,,冗余三元组,3.0,1.0,权力类型,extraction,63bb5d4e71e6267d4835ef9479c9ff86b0b3ef916f5e6075b1750ed13e17cad3
,,,冗余三元组,41.0,3.0,行驶主体,extraction,5d84b9822209fd7fa7d92babdb835190241b68fe5b5aea19e9da5dd2dd78f41f
,,,冗余三元组,41.0,3.0,承办机构,extraction,48e2d4897373891400d86d526f3e14fa122a8369676e5750befd6236e4886a23
,,,冗余三元组,49.0,3.0,实施依据,extraction,2eb1dcc4ce01375fecbdbca4cf13458825c23886e919a0bc154ca2373ee95e13
,,,冗余三元组,1.0,28.0,涉及内容,extraction,ac3ee725f8a339f9fbd2a7028b68d899a9b8e5be581c35045e4b8bfb3dc079c3
,,,冗余三元组,3.0,1.0,权力类型,extraction,63bb5d4e71e6267d4835ef9479c9ff86b0b3ef916f5e6075b1750ed13e17cad3
,,,冗余三元组,16.0,1.0,行驶主体,extraction,2388221cee7d1ae0ed5be74dbb33fa91b57a06cfae883cc5c2262bfb048b5c48
,,,冗余三元组,16.0,1.0,承办机构,extraction,7da0b9c5ea5b9311256b7bcb955ba7fe507e79fd9fe407e277e1c4de0e1d453e
,,,冗余三元组,39.0,1.0,是,extraction,38e1d37380a7519608b7025690633256c2d7865eeeda60653fee8757d9e4afaf
,,,冗余三元组,1.0,34.0,包含,extraction,55e4afabf77afe2a5eab9a2e4e01194c0b9b6c241104b977092e714b9c92562f
,,,冗余三元组,9.0,3.0,是,extraction,0ec99e7cb6f44635fcabc5bf332037bea07b228f7b51753076ef1e8382984bc4
,,,冗余三元组,10.0,11.0,是,extraction,44a8fa7ea54ec2e41111a4f5dc6a9811dee8aa3aa19fb306f9177dfc86a9aea9
,,,冗余三元组,12.0,11.0,是,extraction,54710bbec3ca077fe79c80e1e95ea28a843633289f5bc6efe6abea14f6118623
,,,冗余三元组,13.0,37.0,是,extraction,11ad231736d8e934254b836f208f0b302e4d9e38c23214e2036235899cb04fe6
,,,冗余三元组,1.0,8.0,涉及,extraction,87762195aab84fdc0842a072b54421c6e992ded15227e267788ac371d89fd8a5
,,,冗余三元组,9.0,3.0,是,extraction,0ec99e7cb6f44635fcabc5bf332037bea07b228f7b51753076ef1e8382984bc4
,,,冗余三元组,10.0,38.0,是,extraction,b756eb5995473eefcaf0d5b4fb891f9eb9190e7e7f446761eaff99790520dd98
,,,冗余三元组,12.0,38.0,是,extraction,76d05d01998cae971c559874b8df42b2445eeafc6d81c360c7aecdbaf38c3f00
,,,冗余三元组,13.0,5.0,是,extraction,507348e0a400849c992ed3d4db941f51b877314c064a446d1a19df892d7a6f73
,,,冗余三元组,1.0,54.0,服务事项,extraction,f1b6e795f7f4341a924257c51e053eb45298f6fc867b5d12c7547aa7ef61bce7
,,,冗余三元组,3.0,1.0,权力类型,extraction,63bb5d4e71e6267d4835ef9479c9ff86b0b3ef916f5e6075b1750ed13e17cad3
,,,冗余三元组,41.0,1.0,行驶主体,extraction,3e203c1cd5240efde0e6a6d05bb4f8d4f3f80b46e735202ba3011d3e2801f0a1
,,,冗余三元组,41.0,1.0,承办机构,extraction,379f2c27a6c0b2eecca7d7b46b22ef51fefdad08ac0ee7abd453d5173a893b67
,,,冗余三元组,1.0,23.0,实施依据,extraction,9bcf05d413c05f85aaa7ecb9953108ae181483006eeb0087a84eb1177253df7d
,,,冗余三元组,3.0,1.0,权力类型,extraction,63bb5d4e71e6267d4835ef9479c9ff86b0b3ef916f5e6075b1750ed13e17cad3
,,,冗余三元组,38.0,1.0,行驶主体,extraction,d0e87a0daf3bc1ed7bad39f66dc6d8ee74064b05fe94192417c8b6e3e4cd53a9
,,,冗余三元组,38.0,1.0,承办机构,extraction,b14641014ea8d3db9ba04ac2bb249443dd5f26425e740d86371e870ef2d4a84a
,,,冗余三元组,1.0,27.0,依据,extraction,d03daf3e94bfbb1b0d0e8924a3805396d721f1c62d58ac9127a2e0d131b5d430
,,,冗余三元组,1.0,34.0,包含,extraction,55e4afabf77afe2a5eab9a2e4e01194c0b9b6c241104b977092e714b9c92562f
,,,冗余三元组,9.0,3.0,是,extraction,0ec99e7cb6f44635fcabc5bf332037bea07b228f7b51753076ef1e8382984bc4
,,,冗余三元组,10.0,44.0,为,extraction,69112bdc2b4df8b11750d6f8d72b164b25e2c2af650527da381d1fef1854d09e
,,,冗余三元组,12.0,44.0,为,extraction,789557af73d2a9d31fa03e49ed15b2040e4d5acce57b1e0e7392f07dd6641f18
,,,冗余三元组,13.0,43.0,是,extraction,ade982e693329bd738b2be4fef11a25c3536423672e3d1c585cae98131a035d0
,,,冗余三元组,1.0,52.0,涉及问题,extraction,90af34399ad797a62bec9b3819dad9d64b8031065ff158d8a5f1015257e3e4dd
,,,冗余三元组,3.0,1.0,权力类型,extraction,63bb5d4e71e6267d4835ef9479c9ff86b0b3ef916f5e6075b1750ed13e17cad3
,,,冗余三元组,4.0,3.0,行驶主体,extraction,65bd830d3a69c947ab33e8bccf4d7c9239947243f009a12164fa2b3d4defa4e5
,,,冗余三元组,4.0,3.0,承办机构,extraction,552f0352c4383de1ccdd6574c3a3cf1febf987d93f20f8b4d8f312f665277ccd
,,,冗余三元组,3.0,5.0,实施依据,extraction,300e1a74feeba098ae7f4718aa129d394916387a593e134f982cc13f2bfa406f
,,,冗余三元组,1.0,19.0,涉及内容,extraction,e667158a34c5290413d6959d0281c37377fbc946202a479c446b6afeb89e2126
,,,冗余三元组,3.0,1.0,权力类型,extraction,63bb5d4e71e6267d4835ef9479c9ff86b0b3ef916f5e6075b1750ed13e17cad3
,,,冗余三元组,26.0,3.0,行驶主体,extraction,53a6aecb0cb919674eb601d3ca9bfb3e1cd8021d0c2b4edaea1103f12ff5d1fa
,,,冗余三元组,26.0,3.0,承办机构,extraction,09f29ebed328eaaeac44ee7d9b0d8d8b248964f2da25bc454213eb1f6ed1c65b
,,,冗余三元组,1.0,15.0,包含行为,extraction,50889e3cad3a2af3fe5c788cdd352c4e79a5e965367902c33f7b1eab2a878616
,,,冗余三元组,9.0,3.0,是,extraction,0ec99e7cb6f44635fcabc5bf332037bea07b228f7b51753076ef1e8382984bc4
,,,冗余三元组,10.0,22.0,是,extraction,5a0b03998ab865a9402789a91f83ce5e2c3e8b9dc624370864b73747e8ad330a
,,,冗余三元组,12.0,22.0,是,extraction,51b7578f6e3f4d6aa73a569f8dfc21fce38f169c0202a35f222c3aebbfe18ce9
,,,冗余三元组,13.0,5.0,是,extraction,507348e0a400849c992ed3d4db941f51b877314c064a446d1a19df892d7a6f73
,,,冗余三元组,39.0,1.0,是,extraction,38e1d37380a7519608b7025690633256c2d7865eeeda60653fee8757d9e4afaf
,,,冗余三元组,1.0,47.0,包含,extraction,8e0fec71df433909e1289464937921563bffc6070f6f628c6490c98efb005115
,,,冗余三元组,9.0,3.0,是,extraction,0ec99e7cb6f44635fcabc5bf332037bea07b228f7b51753076ef1e8382984bc4
,,,冗余三元组,10.0,25.0,是,extraction,ad542489db79b38432a47864e6f61070ea6042115797987a3bcdb2baca19bebf
,,,冗余三元组,12.0,25.0,是,extraction,dc4ae0749038f60cf9a543d11bdbb3655270d3f1168c53408b231865a3b78a64
,,,冗余三元组,13.0,27.0,是,extraction,b6eab7714fb673bef9d283a76736709544e272990472859dc282d706a47931e5
,,,冗余三元组,1.0,24.0,基于,extraction,a5276488a9604d9649d8bacd34b068a0005e4d755aa469a2a15794604500ae4d
,,,冗余三元组,9.0,3.0,是,extraction,0ec99e7cb6f44635fcabc5bf332037bea07b228f7b51753076ef1e8382984bc4
,,,冗余三元组,10.0,22.0,是,extraction,5a0b03998ab865a9402789a91f83ce5e2c3e8b9dc624370864b73747e8ad330a
,,,冗余三元组,12.0,22.0,是,extraction,51b7578f6e3f4d6aa73a569f8dfc21fce38f169c0202a35f222c3aebbfe18ce9
,,,冗余三元组,13.0,14.0,是,extraction,bfbeedc7e6daf4f851060b875d14b5b7c1dab5b695356d4176fd018de0894ae2
,,,冗余三元组,3.0,1.0,权力类型,extraction,63bb5d4e71e6267d4835ef9479c9ff86b0b3ef916f5e6075b1750ed13e17cad3
,,,冗余三元组,44.0,1.0,行驶主体,extraction,5aa5bd754001b528942d9ff1cf92c0dac3eea5408ae1a3ad1be7b48dd6ad7bc6
,,,冗余三元组,44.0,1.0,承办机构,extraction,fe869ebaf0ddd080462b050806e1c882e39322a3f98c8d4b29b1d043af63148d
,,,冗余三元组,33.0,1.0,实施依据,extraction,bd4d251de9aa9eb9c09f30ba2cb708ae2c507f14020ac308d2f0fc7019e488a7
,,,冗余三元组,1.0,60.0,涉及领域,extraction,25fe9bcaeb7e004a7f7cb1fcb4d291c2a96c608fd8ff4641bee8109287b07717
,,,冗余三元组,3.0,1.0,权力类型,extraction,63bb5d4e71e6267d4835ef9479c9ff86b0b3ef916f5e6075b1750ed13e17cad3
,,,冗余三元组,38.0,1.0,行驶主体,extraction,d0e87a0daf3bc1ed7bad39f66dc6d8ee74064b05fe94192417c8b6e3e4cd53a9
,,,冗余三元组,38.0,1.0,承办机构,extraction,b14641014ea8d3db9ba04ac2bb249443dd5f26425e740d86371e870ef2d4a84a
,,,冗余三元组,1.0,28.0,涉及内容,extraction,ac3ee725f8a339f9fbd2a7028b68d899a9b8e5be581c35045e4b8bfb3dc079c3
,,,冗余三元组,3.0,1.0,权力类型,extraction,63bb5d4e71e6267d4835ef9479c9ff86b0b3ef916f5e6075b1750ed13e17cad3
,,,冗余三元组,41.0,1.0,行驶主体,extraction,3e203c1cd5240efde0e6a6d05bb4f8d4f3f80b46e735202ba3011d3e2801f0a1
,,,冗余三元组,41.0,1.0,承办机构,extraction,379f2c27a6c0b2eecca7d7b46b22ef51fefdad08ac0ee7abd453d5173a893b67
,,,冗余三元组,35.0,1.0,实施依据,extraction,c2160bc37901fdb446bacf457f42f5af556fdcd5b45c0e99b283102cca9bc468
,,,冗余三元组,1.0,24.0,基于,extraction,a5276488a9604d9649d8bacd34b068a0005e4d755aa469a2a15794604500ae4d
,,,冗余三元组,9.0,3.0,是,extraction,0ec99e7cb6f44635fcabc5bf332037bea07b228f7b51753076ef1e8382984bc4
,,,冗余三元组,10.0,26.0,是,extraction,89fbb5ae30c6220e41f165591e4df027877c140a72033fe0680e44206164aa17
,,,冗余三元组,12.0,26.0,是,extraction,a3817cab3fccbfd1b94576c85b68cfb0ff0511791fe7ada5dd7c10500502e531
,,,冗余三元组,13.0,20.0,是,extraction,f536065857d8cffb8690029d0de8e595064374e0e38deb823e625bf375f96c61
,,,冗余三元组,1.0,40.0,涉及内容,extraction,de20e85db7086358cf9286abdebf47adc291c16b26f2f272b53ee25a61196b6a
,,,冗余三元组,9.0,3.0,类型,extraction,7b4fd279b61586115fa2987e2d0371238853c4f6f63e89d0b451e4237f492a37
,,,冗余三元组,10.0,16.0,是,extraction,746a2100773446996a077ea20c54ba9035e03b7b31f93fb59a8ae3cd5a9d17da
,,,冗余三元组,12.0,16.0,是,extraction,02eb93de428eaa79f373e8be62591cfeadb588d7f8583ea3de7abacb8d43bb50
,,,冗余三元组,9.0,3.0,是,extraction,0ec99e7cb6f44635fcabc5bf332037bea07b228f7b51753076ef1e8382984bc4
,,,冗余三元组,13.0,35.0,是,extraction,bdb6ae948fcb734a09a70e6199e73c6b4e1ee8988d36d946e8376162542ec754
,,,冗余三元组,1.0,47.0,涉及事项,extraction,410fd6754fd95d077ef04ff964ec4dd009afe4ed77694bf6c52b18682d5b8662
,,,冗余三元组,3.0,1.0,权力类型,extraction,63bb5d4e71e6267d4835ef9479c9ff86b0b3ef916f5e6075b1750ed13e17cad3
,,,冗余三元组,38.0,3.0,行驶主体,extraction,09efeab994a6d0a0d2474408b9050a4299990ea94ef2b0fd3b3f3c42b80c1d00
,,,冗余三元组,38.0,3.0,承办机构,extraction,3ffeb2c635f8eac91bfd409e9ffa26f73bbf4f4bb174d1a1c0cfa1334e723247
,,,冗余三元组,3.0,20.0,实施依据,extraction,904d9893c432b7f5610334c63d7c55767465e2c831a2b7963a6b4bed774952e6
,,,冗余三元组,1.0,47.0,涉及事项,extraction,410fd6754fd95d077ef04ff964ec4dd009afe4ed77694bf6c52b18682d5b8662
,,,冗余三元组,3.0,1.0,权力类型,extraction,63bb5d4e71e6267d4835ef9479c9ff86b0b3ef916f5e6075b1750ed13e17cad3
,,,冗余三元组,38.0,3.0,行驶主体,extraction,09efeab994a6d0a0d2474408b9050a4299990ea94ef2b0fd3b3f3c42b80c1d00
,,,冗余三元组,38.0,3.0,承办机构,extraction,3ffeb2c635f8eac91bfd409e9ffa26f73bbf4f4bb174d1a1c0cfa1334e723247
,,,冗余三元组,3.0,7.0,依据,extraction,2c7744cfc99769a6fc0986cf138e3ed4d77c32f88512b230684854b6658447e8
,,,冗余三元组,1.0,31.0,涉及问题,extraction,ea08369126f7fbe0d95ca41a348902bab3f4d8e388232d1c4ed32a98fca9af59
,,,冗余三元组,3.0,1.0,权力类型,extraction,63bb5d4e71e6267d4835ef9479c9ff86b0b3ef916f5e6075b1750ed13e17cad3
,,,冗余三元组,32.0,1.0,行驶主体,extraction,f3ae7eebff4e3460421e23abeef0b3052dd9a3dcfbd1f44a03d027eeb1801b4f
,,,冗余三元组,32.0,1.0,承办机构,extraction,931cafd24efaf97775db66b22a04ccc10ef5b34c9f1550f1c6e447e2887940db
,,,冗余三元组,7.0,3.0,实施依据,extraction,f19e34325be413dc5e6bb80be003b66e02159d7f79ced0a5e8ba8a58d7125e15
,,,冗余三元组,1.0,30.0,涉及,extraction,f791f6ad50cca9a9432e1d95b6ef54bd1b64b5eb692d18dc2f430e81dd5537c2
,,,冗余三元组,9.0,3.0,是,extraction,0ec99e7cb6f44635fcabc5bf332037bea07b228f7b51753076ef1e8382984bc4
,,,冗余三元组,10.0,11.0,是,extraction,44a8fa7ea54ec2e41111a4f5dc6a9811dee8aa3aa19fb306f9177dfc86a9aea9
,,,冗余三元组,12.0,11.0,是,extraction,54710bbec3ca077fe79c80e1e95ea28a843633289f5bc6efe6abea14f6118623
,,,冗余三元组,13.0,5.0,是,extraction,507348e0a400849c992ed3d4db941f51b877314c064a446d1a19df892d7a6f73
,,,冗余三元组,1.0,48.0,涉及内容,extraction,c90c36bc34d7f04fedfc793b0376221c7073cfdcfd8648ced932e92d2e837f7a
,,,冗余三元组,9.0,3.0,类型,extraction,7b4fd279b61586115fa2987e2d0371238853c4f6f63e89d0b451e4237f492a37
,,,冗余三元组,10.0,11.0,是,extraction,44a8fa7ea54ec2e41111a4f5dc6a9811dee8aa3aa19fb306f9177dfc86a9aea9
,,,冗余三元组,12.0,11.0,是,extraction,54710bbec3ca077fe79c80e1e95ea28a843633289f5bc6efe6abea14f6118623
,,,冗余三元组,3.0,1.0,权力类型,extraction,63bb5d4e71e6267d4835ef9479c9ff86b0b3ef916f5e6075b1750ed13e17cad3
,,,冗余三元组,32.0,1.0,行驶主体,extraction,f3ae7eebff4e3460421e23abeef0b3052dd9a3dcfbd1f44a03d027eeb1801b4f
,,,冗余三元组,32.0,1.0,承办机构,extraction,931cafd24efaf97775db66b22a04ccc10ef5b34c9f1550f1c6e447e2887940db
,,,冗余三元组,33.0,1.0,实施依据,extraction,bd4d251de9aa9eb9c09f30ba2cb708ae2c507f14020ac308d2f0fc7019e488a7
,,,冗余三元组,1.0,34.0,包含,extraction,55e4afabf77afe2a5eab9a2e4e01194c0b9b6c241104b977092e714b9c92562f
,,,冗余三元组,9.0,3.0,是,extraction,0ec99e7cb6f44635fcabc5bf332037bea07b228f7b51753076ef1e8382984bc4
,,,冗余三元组,10.0,11.0,是,extraction,44a8fa7ea54ec2e41111a4f5dc6a9811dee8aa3aa19fb306f9177dfc86a9aea9
,,,冗余三元组,12.0,11.0,是,extraction,54710bbec3ca077fe79c80e1e95ea28a843633289f5bc6efe6abea14f6118623
,,,冗余三元组,13.0,33.0,是,extraction,fc4553073462fe666aaa676d985116bc290a0c71f03fb633205f00b4fcf4ff71
,,,冗余三元组,39.0,1.0,是,extraction,38e1d37380a7519608b7025690633256c2d7865eeeda60653fee8757d9e4afaf
,,,冗余三元组,9.0,3.0,是,extraction,0ec99e7cb6f44635fcabc5bf332037bea07b228f7b51753076ef1e8382984bc4
,,,冗余三元组,10.0,11.0,是,extraction,44a8fa7ea54ec2e41111a4f5dc6a9811dee8aa3aa19fb306f9177dfc86a9aea9
,,,冗余三元组,12.0,11.0,是,extraction,54710bbec3ca077fe79c80e1e95ea28a843633289f5bc6efe6abea14f6118623
,,,冗余三元组,13.0,14.0,是,extraction,bfbeedc7e6daf4f851060b875d14b5b7c1dab5b695356d4176fd018de0894ae2
,,,冗余三元组,1.0,24.0,基于,extraction,a5276488a9604d9649d8bacd34b068a0005e4d755aa469a2a15794604500ae4d
,,,冗余三元组,9.0,3.0,是,extraction,0ec99e7cb6f44635fcabc5bf332037bea07b228f7b51753076ef1e8382984bc4
,,,冗余三元组,10.0,26.0,是,extraction,89fbb5ae30c6220e41f165591e4df027877c140a72033fe0680e44206164aa17
,,,冗余三元组,12.0,26.0,是,extraction,a3817cab3fccbfd1b94576c85b68cfb0ff0511791fe7ada5dd7c10500502e531
,,,冗余三元组,13.0,7.0,是,extraction,5173b273e53a3712e9a749ca6cf7b8e8d3b7641db772c202823ccb26f6087587
,,,冗余三元组,1.0,40.0,涉及内容,extraction,de20e85db7086358cf9286abdebf47adc291c16b26f2f272b53ee25a61196b6a
,,,冗余三元组,9.0,3.0,类型,extraction,7b4fd279b61586115fa2987e2d0371238853c4f6f63e89d0b451e4237f492a37
,,,冗余三元组,1.0,36.0,涉及事项,extraction,8f5ef8181607d60e4eccd5ec612a1b947845c41af6a5aa6f33629298f46d39a8
,,,冗余三元组,3.0,1.0,权力类型,extraction,63bb5d4e71e6267d4835ef9479c9ff86b0b3ef916f5e6075b1750ed13e17cad3
,,,冗余三元组,25.0,3.0,行驶主体,extraction,c7f405beeae1829a03dbec6b28d32c4d828da48de999734d24825266b3076f59
,,,冗余三元组,25.0,1.0,承办机构,extraction,52233a544f4c28cfdd7e8c323198ffbcd53a5927d355c09f9eb314df01568645
,,,冗余三元组,14.0,1.0,实施依据,extraction,9e8311c5545f056237fea59ad427e08044b1f281b728a5fbe6f711b2b87fb62b
,,,冗余三元组,1.0,60.0,涉及事项,extraction,6309e2202fc5d6cebcd70f93ed56deb6d1ded945a512f9631f8df8c872f7ddaf
,,,冗余三元组,3.0,1.0,权力类型,extraction,63bb5d4e71e6267d4835ef9479c9ff86b0b3ef916f5e6075b1750ed13e17cad3
,,,冗余三元组,41.0,1.0,行驶主体,extraction,3e203c1cd5240efde0e6a6d05bb4f8d4f3f80b46e735202ba3011d3e2801f0a1
,,,冗余三元组,41.0,1.0,承办机构,extraction,379f2c27a6c0b2eecca7d7b46b22ef51fefdad08ac0ee7abd453d5173a893b67
,,,冗余三元组,1.0,23.0,依据,extraction,0c4e2a2eed4772431ff0a6f635bec43d213b808cd3ebb9e90f0dd418ba282cb2
,,,冗余三元组,1.0,2.0,涉及事项,extraction,45a6b5e9b7acaaf964d4ba55ee382735953a50be79b9c5a63cfd56f3bfaa98e9
,,,冗余三元组,9.0,3.0,类型,extraction,7b4fd279b61586115fa2987e2d0371238853c4f6f63e89d0b451e4237f492a37
,,,冗余三元组,10.0,11.0,是,extraction,44a8fa7ea54ec2e41111a4f5dc6a9811dee8aa3aa19fb306f9177dfc86a9aea9
,,,冗余三元组,12.0,11.0,是,extraction,54710bbec3ca077fe79c80e1e95ea28a843633289f5bc6efe6abea14f6118623
,,,冗余三元组,1.0,60.0,涉及领域,extraction,25fe9bcaeb7e004a7f7cb1fcb4d291c2a96c608fd8ff4641bee8109287b07717
,,,冗余三元组,3.0,1.0,权力类型,extraction,63bb5d4e71e6267d4835ef9479c9ff86b0b3ef916f5e6075b1750ed13e17cad3
,,,冗余三元组,4.0,3.0,行驶主体,extraction,65bd830d3a69c947ab33e8bccf4d7c9239947243f009a12164fa2b3d4defa4e5
,,,冗余三元组,4.0,3.0,承办机构,extraction,552f0352c4383de1ccdd6574c3a3cf1febf987d93f20f8b4d8f312f665277ccd
,,,冗余三元组,35.0,3.0,实施依据,extraction,b624cc26441dfe817af4e1eb453814a9cb80441634853b422b6c75adb5478d0b
,,,冗余三元组,1.0,19.0,涉及内容,extraction,e667158a34c5290413d6959d0281c37377fbc946202a479c446b6afeb89e2126
,,,冗余三元组,9.0,3.0,类型,extraction,7b4fd279b61586115fa2987e2d0371238853c4f6f63e89d0b451e4237f492a37
,,,冗余三元组,10.0,25.0,执行主体,extraction,20f093a516936035808e3cdba1f2693b5f0566356d3be336104c9d61b524ebcb
,,,冗余三元组,12.0,25.0,执行主体,extraction,492519660afac25aa8f4fef8a65688414081c2c9b9a5beaab504f1b1f2d9da85
,,,冗余三元组,1.0,36.0,涉及,extraction,74acc40ab669e870e70aea4357aee0f96da0e727b95126c4d5fc55df050ed2db
,,,冗余三元组,3.0,9.0,属于,extraction,e243beb6cddf62185b7e7ffcf414a9105a2c5a93a0690b193f72c7a37fa3b5ca
,,,冗余三元组,1.0,53.0,涉及事项,extraction,f0541f7d0c2d3d04c56da88a6bc6ad2f2baea1220b292ed6fa4bf4744fe4e698
,,,冗余三元组,3.0,1.0,权力类型,extraction,63bb5d4e71e6267d4835ef9479c9ff86b0b3ef916f5e6075b1750ed13e17cad3
,,,冗余三元组,25.0,1.0,行驶主体,extraction,f8d14ca82df048e60e8e15e838aee0937165e7863b618cad5ab1fa07cbe6c922
,,,冗余三元组,25.0,1.0,承办机构,extraction,52233a544f4c28cfdd7e8c323198ffbcd53a5927d355c09f9eb314df01568645
,,,冗余三元组,1.0,5.0,依据,extraction,1ea7450430c6e25edf81e6ecf2f8dbbbbd3c1ca33319839a0f1c3459a61d2b2e
,,,冗余三元组,1.0,62.0,涉及事项,extraction,01d175c41a6f3c882019c9ac786bc0445bb66a2e14720ead8aaf50a8c158baba
,,,冗余三元组,3.0,1.0,权力类型,extraction,63bb5d4e71e6267d4835ef9479c9ff86b0b3ef916f5e6075b1750ed13e17cad3
,,,冗余三元组,26.0,3.0,行驶主体,extraction,53a6aecb0cb919674eb601d3ca9bfb3e1cd8021d0c2b4edaea1103f12ff5d1fa
,,,冗余三元组,26.0,3.0,承办机构,extraction,09f29ebed328eaaeac44ee7d9b0d8d8b248964f2da25bc454213eb1f6ed1c65b
,,,冗余三元组,49.0,1.0,实施依据,extraction,ff26d12b358cafe4c2fb87a18323c05e83a57fff577f25152d237a0d2a1a6669
,,,冗余三元组,39.0,1.0,是,extraction,38e1d37380a7519608b7025690633256c2d7865eeeda60653fee8757d9e4afaf
,,,冗余三元组,1.0,36.0,涉及问题,extraction,54c260d1a128014203ab4ed53ac05e9cb8405dd874e0b78e2a81b01ce110fecf
,,,冗余三元组,9.0,3.0,是,extraction,0ec99e7cb6f44635fcabc5bf332037bea07b228f7b51753076ef1e8382984bc4
,,,冗余三元组,10.0,41.0,是,extraction,6f83ced92a9691e5e14cc19bb1bc5463d86dfecb7bda23ec44eab17a27bf9ae5
,,,冗余三元组,12.0,41.0,是,extraction,a4b1a3ff2483dfe0fabc0a44c0aa6f73e99b87cf7ec502667cce0dc30a67f7b2
,,,冗余三元组,13.0,29.0,是,extraction,ffa30b4f3216d3a8f56030cb4d33517361b4979ec19a58b4d3a546e9f0b38bdc
,,,冗余三元组,39.0,1.0,是,extraction,38e1d37380a7519608b7025690633256c2d7865eeeda60653fee8757d9e4afaf
,,,冗余三元组,1.0,58.0,包含,extraction,a99749a34663c627f41bf723f6a81786f4ec688554b1b228877f58e936d4f065
,,,冗余三元组,9.0,3.0,是,extraction,0ec99e7cb6f44635fcabc5bf332037bea07b228f7b51753076ef1e8382984bc4
,,,冗余三元组,10.0,25.0,是,extraction,ad542489db79b38432a47864e6f61070ea6042115797987a3bcdb2baca19bebf
,,,冗余三元组,12.0,25.0,是,extraction,dc4ae0749038f60cf9a543d11bdbb3655270d3f1168c53408b231865a3b78a64
,,,冗余三元组,13.0,37.0,是,extraction,11ad231736d8e934254b836f208f0b302e4d9e38c23214e2036235899cb04fe6
,,,冗余三元组,1.0,2.0,涉及事项,extraction,45a6b5e9b7acaaf964d4ba55ee382735953a50be79b9c5a63cfd56f3bfaa98e9
,,,冗余三元组,3.0,1.0,权力类型,extraction,63bb5d4e71e6267d4835ef9479c9ff86b0b3ef916f5e6075b1750ed13e17cad3
,,,冗余三元组,11.0,1.0,行驶主体,extraction,50e598b1826c6a6e16cbb761d7126c8286dd306ea8aefdffee154cbb615a866b
,,,冗余三元组,11.0,1.0,承办机构,extraction,ecacee85e506b895bb6ef636499570c58825c04c2655e0f358383dd8770dbffa
,,,冗余三元组,35.0,1.0,实施依据,extraction,c2160bc37901fdb446bacf457f42f5af556fdcd5b45c0e99b283102cca9bc468
,,,冗余三元组,1.0,17.0,涉及事项,extraction,26e5b368d0569ae2cd1db86e58c1825b9d075b33fb779749f2c6991aaf9b42eb
,,,冗余三元组,3.0,1.0,权力类型,extraction,63bb5d4e71e6267d4835ef9479c9ff86b0b3ef916f5e6075b1750ed13e17cad3
,,,冗余三元组,38.0,3.0,行驶主体,extraction,09efeab994a6d0a0d2474408b9050a4299990ea94ef2b0fd3b3f3c42b80c1d00
,,,冗余三元组,38.0,3.0,承办机构,extraction,3ffeb2c635f8eac91bfd409e9ffa26f73bbf4f4bb174d1a1c0cfa1334e723247
,,,冗余三元组,1.0,60.0,涉及领域,extraction,25fe9bcaeb7e004a7f7cb1fcb4d291c2a96c608fd8ff4641bee8109287b07717
,,,冗余三元组,3.0,1.0,权力类型,extraction,63bb5d4e71e6267d4835ef9479c9ff86b0b3ef916f5e6075b1750ed13e17cad3
,,,冗余三元组,22.0,1.0,行驶主体,extraction,51b40b4c4f91240a5d323aaa57fa14fc575345cbc5dfbd5960fee3546a9d8c6c
,,,冗余三元组,22.0,1.0,承办机构,extraction,9c49a1220338386706f2952f161469c3bd5f784a5b99fbb95a8b8222c52b3a33
,,,冗余三元组,1.0,33.0,实施依据,extraction,26cc092408f0a9aa6f263c39234f8f2765d112fd2a7cdf3cff6187a39e1d5c6b
,,,冗余三元组,1.0,58.0,涉及,extraction,ebb5415c1b54071499b45a909f698aaec953682c36e97747e6aee00bc7e619d3
,,,冗余三元组,9.0,3.0,是,extraction,0ec99e7cb6f44635fcabc5bf332037bea07b228f7b51753076ef1e8382984bc4
,,,冗余三元组,10.0,26.0,是,extraction,89fbb5ae30c6220e41f165591e4df027877c140a72033fe0680e44206164aa17
,,,冗余三元组,12.0,26.0,是,extraction,a3817cab3fccbfd1b94576c85b68cfb0ff0511791fe7ada5dd7c10500502e531
,,,冗余三元组,13.0,7.0,是,extraction,5173b273e53a3712e9a749ca6cf7b8e8d3b7641db772c202823ccb26f6087587
,,,冗余三元组,1.0,36.0,涉及问题,extraction,54c260d1a128014203ab4ed53ac05e9cb8405dd874e0b78e2a81b01ce110fecf
,,,冗余三元组,3.0,1.0,权力类型,extraction,63bb5d4e71e6267d4835ef9479c9ff86b0b3ef916f5e6075b1750ed13e17cad3
,,,冗余三元组,22.0,3.0,行驶主体,extraction,63b889c6caaf61c3eefad202bc0e1a4344122b009d898e41612d2ce9411c9a90
,,,冗余三元组,22.0,3.0,承办机构,extraction,450ea2044227017296ffd8295e12ead624bac9ad5fb24c8dce7525315368e0fd
,,,冗余三元组,1.0,55.0,涉及方面,extraction,5ee3a47a13dc675638470604b07e57a50fdeaeedeade9769ce1a62338490e202
,,,冗余三元组,9.0,3.0,类型,extraction,7b4fd279b61586115fa2987e2d0371238853c4f6f63e89d0b451e4237f492a37
,,,冗余三元组,10.0,22.0,是,extraction,5a0b03998ab865a9402789a91f83ce5e2c3e8b9dc624370864b73747e8ad330a
,,,冗余三元组,12.0,22.0,是,extraction,51b7578f6e3f4d6aa73a569f8dfc21fce38f169c0202a35f222c3aebbfe18ce9
,,,冗余三元组,1.0,34.0,包含,extraction,55e4afabf77afe2a5eab9a2e4e01194c0b9b6c241104b977092e714b9c92562f
,,,冗余三元组,9.0,3.0,是,extraction,0ec99e7cb6f44635fcabc5bf332037bea07b228f7b51753076ef1e8382984bc4
,,,冗余三元组,10.0,32.0,是,extraction,4da064cb343643cc890842dceaf67b09d17018b8caccfb9a66252b99aba7b2c2
,,,冗余三元组,12.0,32.0,是,extraction,9c4f6d970f0759ccf44ba88668fb20479c3f74345a7048810ee820b1947a78e1
,,,冗余三元组,13.0,27.0,是,extraction,b6eab7714fb673bef9d283a76736709544e272990472859dc282d706a47931e5
,,,冗余三元组,1.0,17.0,涉及事项,extraction,26e5b368d0569ae2cd1db86e58c1825b9d075b33fb779749f2c6991aaf9b42eb
,,,冗余三元组,3.0,1.0,权力类型,extraction,63bb5d4e71e6267d4835ef9479c9ff86b0b3ef916f5e6075b1750ed13e17cad3
,,,冗余三元组,22.0,3.0,行驶主体,extraction,63b889c6caaf61c3eefad202bc0e1a4344122b009d898e41612d2ce9411c9a90
,,,冗余三元组,22.0,3.0,承办机构,extraction,450ea2044227017296ffd8295e12ead624bac9ad5fb24c8dce7525315368e0fd
,,,冗余三元组,5.0,3.0,实施依据,extraction,4d26a315d3cf5e095a5f33a521cc5fcfd77a3a44ba52ed82e02dee2171f81d54
,,,冗余三元组,9.0,3.0,是,extraction,0ec99e7cb6f44635fcabc5bf332037bea07b228f7b51753076ef1e8382984bc4
,,,冗余三元组,10.0,38.0,是,extraction,b756eb5995473eefcaf0d5b4fb891f9eb9190e7e7f446761eaff99790520dd98
,,,冗余三元组,12.0,38.0,是,extraction,76d05d01998cae971c559874b8df42b2445eeafc6d81c360c7aecdbaf38c3f00
,,,冗余三元组,13.0,27.0,是,extraction,b6eab7714fb673bef9d283a76736709544e272990472859dc282d706a47931e5
,,,冗余三元组,1.0,62.0,基于,extraction,107e1bb0950b774ff9f05ec19639e02422cf10def6be35db13c2495e5a4effe2
,,,冗余三元组,9.0,3.0,是,extraction,0ec99e7cb6f44635fcabc5bf332037bea07b228f7b51753076ef1e8382984bc4
,,,冗余三元组,10.0,25.0,是,extraction,ad542489db79b38432a47864e6f61070ea6042115797987a3bcdb2baca19bebf
,,,冗余三元组,12.0,25.0,是,extraction,dc4ae0749038f60cf9a543d11bdbb3655270d3f1168c53408b231865a3b78a64
,,,冗余三元组,13.0,35.0,是,extraction,bdb6ae948fcb734a09a70e6199e73c6b4e1ee8988d36d946e8376162542ec754
,,,冗余三元组,1.0,48.0,涉及内容,extraction,c90c36bc34d7f04fedfc793b0376221c7073cfdcfd8648ced932e92d2e837f7a
,,,冗余三元组,3.0,1.0,权力类型,extraction,63bb5d4e71e6267d4835ef9479c9ff86b0b3ef916f5e6075b1750ed13e17cad3
,,,冗余三元组,44.0,1.0,行驶主体,extraction,5aa5bd754001b528942d9ff1cf92c0dac3eea5408ae1a3ad1be7b48dd6ad7bc6
,,,冗余三元组,44.0,1.0,承办机构,extraction,fe869ebaf0ddd080462b050806e1c882e39322a3f98c8d4b29b1d043af63148d
,,,冗余三元组,35.0,1.0,实施依据,extraction,c2160bc37901fdb446bacf457f42f5af556fdcd5b45c0e99b283102cca9bc468
,,,冗余三元组,1.0,6.0,服务事项,extraction,bcaaf93ebebcb6717086617566e54d8eda6e69ccbfae463d34ed5cb674242d7a
,,,冗余三元组,3.0,1.0,权力类型,extraction,63bb5d4e71e6267d4835ef9479c9ff86b0b3ef916f5e6075b1750ed13e17cad3
,,,冗余三元组,22.0,1.0,行驶主体,extraction,51b40b4c4f91240a5d323aaa57fa14fc575345cbc5dfbd5960fee3546a9d8c6c
,,,冗余三元组,22.0,1.0,承办机构,extraction,9c49a1220338386706f2952f161469c3bd5f784a5b99fbb95a8b8222c52b3a33
,,,冗余三元组,7.0,1.0,实施依据,extraction,d17adc34c7caa96f27afae806386689e2bb5cbc06ad807b8af9e91dbe53a1682
,,,冗余三元组,1.0,24.0,基于,extraction,a5276488a9604d9649d8bacd34b068a0005e4d755aa469a2a15794604500ae4d
,,,冗余三元组,9.0,3.0,是,extraction,0ec99e7cb6f44635fcabc5bf332037bea07b228f7b51753076ef1e8382984bc4
,,,冗余三元组,10.0,25.0,为,extraction,14eb8cd0d77ed5391b9d37dc27fe68abd7670df3ba47dcd28eb6861f63d38e07
,,,冗余三元组,12.0,25.0,为,extraction,95495f064660a3f109251dafe2c267d79bb3d759704576cd0f4930aedae02db4
,,,冗余三元组,13.0,20.0,是,extraction,f536065857d8cffb8690029d0de8e595064374e0e38deb823e625bf375f96c61
,,,冗余三元组,1.0,47.0,服务事项,extraction,b33592c1f30e39df0401c77d218134fb8abddfd7e8dbdedb52818471c5201bf4
,,,冗余三元组,3.0,1.0,权力类型,extraction,63bb5d4e71e6267d4835ef9479c9ff86b0b3ef916f5e6075b1750ed13e17cad3
,,,冗余三元组,16.0,1.0,行驶主体,extraction,2388221cee7d1ae0ed5be74dbb33fa91b57a06cfae883cc5c2262bfb048b5c48
,,,冗余三元组,16.0,1.0,承办机构,extraction,7da0b9c5ea5b9311256b7bcb955ba7fe507e79fd9fe407e277e1c4de0e1d453e
,,,冗余三元组,50.0,1.0,实施依据,extraction,f457526c1cfb3555ddaf37521754b077e421b97c6e91ba6f2f018b313f33247d
,,,冗余三元组,1.0,60.0,涉及事项,extraction,6309e2202fc5d6cebcd70f93ed56deb6d1ded945a512f9631f8df8c872f7ddaf
,,,冗余三元组,3.0,1.0,权力类型,extraction,63bb5d4e71e6267d4835ef9479c9ff86b0b3ef916f5e6075b1750ed13e17cad3
,,,冗余三元组,16.0,1.0,行驶主体,extraction,2388221cee7d1ae0ed5be74dbb33fa91b57a06cfae883cc5c2262bfb048b5c48
,,,冗余三元组,16.0,1.0,承办机构,extraction,7da0b9c5ea5b9311256b7bcb955ba7fe507e79fd9fe407e277e1c4de0e1d453e
,,,冗余三元组,7.0,1.0,实施依据,extraction,d17adc34c7caa96f27afae806386689e2bb5cbc06ad807b8af9e91dbe53a1682
,,,冗余三元组,39.0,1.0,是,extraction,38e1d37380a7519608b7025690633256c2d7865eeeda60653fee8757d9e4afaf
,,,冗余三元组,1.0,42.0,包含,extraction,7b9ef832aee05a7033973a1d4073ad0fff49c6f684c144c1b53de1c7765d56dd
,,,冗余三元组,9.0,3.0,是,extraction,0ec99e7cb6f44635fcabc5bf332037bea07b228f7b51753076ef1e8382984bc4
,,,冗余三元组,10.0,25.0,是,extraction,ad542489db79b38432a47864e6f61070ea6042115797987a3bcdb2baca19bebf
,,,冗余三元组,12.0,25.0,是,extraction,dc4ae0749038f60cf9a543d11bdbb3655270d3f1168c53408b231865a3b78a64
,,,冗余三元组,13.0,29.0,是,extraction,ffa30b4f3216d3a8f56030cb4d33517361b4979ec19a58b4d3a546e9f0b38bdc
,,,冗余三元组,1.0,60.0,涉及领域,extraction,25fe9bcaeb7e004a7f7cb1fcb4d291c2a96c608fd8ff4641bee8109287b07717
,,,冗余三元组,16.0,16.0,承办机构,extraction,dd3beedaf67b0e9e05574852bf1b9e7df5fccb39eb43ab3bef7f7645d192767e
,,,冗余三元组,16.0,5.0,依据,extraction,8c1989c08edd1c6e65ddb351ff2457aa1bfd53e768da538cf9f0e6792d2a2158
,,,冗余三元组,1.0,60.0,涉及事项,extraction,6309e2202fc5d6cebcd70f93ed56deb6d1ded945a512f9631f8df8c872f7ddaf
,,,冗余三元组,26.0,1.0,行驶主体,extraction,c02b72a8d8a1775ff7e7978594abd6b5422b51c7c4fffd7eac711ff69bf88a97
,,,冗余三元组,26.0,1.0,承办机构,extraction,69ebaebdf045cea8cb77aa5e448d960f3c2e8a6fbe335676bbabaa00d3c918e5
,,,冗余三元组,1.0,37.0,实施依据,extraction,328f7760eafece03adc022370c33f60d27ee8ed2dd4e8d0cc5ea55ffc164bbc9
,,,冗余三元组,39.0,1.0,是,extraction,38e1d37380a7519608b7025690633256c2d7865eeeda60653fee8757d9e4afaf
,,,冗余三元组,1.0,17.0,包含,extraction,1fc3ef991e7fa2ac5733227de5672bafdfeb183cb60c0fedb70c50247524ed19
,,,冗余三元组,9.0,3.0,是,extraction,0ec99e7cb6f44635fcabc5bf332037bea07b228f7b51753076ef1e8382984bc4
,,,冗余三元组,10.0,38.0,是,extraction,b756eb5995473eefcaf0d5b4fb891f9eb9190e7e7f446761eaff99790520dd98
,,,冗余三元组,12.0,38.0,是,extraction,76d05d01998cae971c559874b8df42b2445eeafc6d81c360c7aecdbaf38c3f00
,,,冗余三元组,13.0,37.0,是,extraction,11ad231736d8e934254b836f208f0b302e4d9e38c23214e2036235899cb04fe6
,,,冗余三元组,1.0,18.0,涉及事项,extraction,d1f95153d29e3bd086a2d6d173f9b426666e22d88ed57ce36c68eaf51b38b7e3
,,,冗余三元组,32.0,1.0,行驶主体,extraction,f3ae7eebff4e3460421e23abeef0b3052dd9a3dcfbd1f44a03d027eeb1801b4f
,,,冗余三元组,32.0,1.0,承办机构,extraction,931cafd24efaf97775db66b22a04ccc10ef5b34c9f1550f1c6e447e2887940db
,,,冗余三元组,39.0,1.0,是,extraction,38e1d37380a7519608b7025690633256c2d7865eeeda60653fee8757d9e4afaf
,,,冗余三元组,1.0,46.0,涉及问题,extraction,3e940b19ef498016fad79857e57d4ee162cee2e05833d1b57fba62f1d9613be3
,,,冗余三元组,9.0,3.0,是,extraction,0ec99e7cb6f44635fcabc5bf332037bea07b228f7b51753076ef1e8382984bc4
,,,冗余三元组,10.0,38.0,是,extraction,b756eb5995473eefcaf0d5b4fb891f9eb9190e7e7f446761eaff99790520dd98
,,,冗余三元组,12.0,38.0,是,extraction,76d05d01998cae971c559874b8df42b2445eeafc6d81c360c7aecdbaf38c3f00
,,,冗余三元组,13.0,29.0,是,extraction,ffa30b4f3216d3a8f56030cb4d33517361b4979ec19a58b4d3a546e9f0b38bdc
,,,冗余三元组,1.0,58.0,涉及,extraction,ebb5415c1b54071499b45a909f698aaec953682c36e97747e6aee00bc7e619d3
,,,冗余三元组,9.0,3.0,是,extraction,0ec99e7cb6f44635fcabc5bf332037bea07b228f7b51753076ef1e8382984bc4
,,,冗余三元组,10.0,32.0,是,extraction,4da064cb343643cc890842dceaf67b09d17018b8caccfb9a66252b99aba7b2c2
,,,冗余三元组,12.0,32.0,是,extraction,9c4f6d970f0759ccf44ba88668fb20479c3f74345a7048810ee820b1947a78e1
,,,冗余三元组,13.0,27.0,是,extraction,b6eab7714fb673bef9d283a76736709544e272990472859dc282d706a47931e5
,,,冗余三元组,1.0,15.0,包含行为,extraction,50889e3cad3a2af3fe5c788cdd352c4e79a5e965367902c33f7b1eab2a878616
,,,冗余三元组,1.0,53.0,涉及事项,extraction,f0541f7d0c2d3d04c56da88a6bc6ad2f2baea1220b292ed6fa4bf4744fe4e698
,,,冗余三元组,3.0,1.0,权力类型,extraction,63bb5d4e71e6267d4835ef9479c9ff86b0b3ef916f5e6075b1750ed13e17cad3
,,,冗余三元组,32.0,3.0,行驶主体,extraction,25aa2c1e152670ddfb23d68a0ae7e021b4a2e63a8a68352208fab8aba8a37318
,,,冗余三元组,32.0,3.0,承办机构,extraction,7cfdba5de59642b67f9924e80b0324afb048e0e5fbe8a9a65ee9100edeae0749
,,,冗余三元组,29.0,3.0,实施依据,extraction,cd40df6a540917691517a57a5b1cf5b96661ca5fb5dc29fae67c4de0bc29abf0
,,,冗余三元组,1.0,36.0,涉及,extraction,74acc40ab669e870e70aea4357aee0f96da0e727b95126c4d5fc55df050ed2db
,,,冗余三元组,3.0,9.0,属于,extraction,e243beb6cddf62185b7e7ffcf414a9105a2c5a93a0690b193f72c7a37fa3b5ca
,,,冗余三元组,1.0,53.0,服务事项,extraction,6e3e1be22725db07cbda085e898d35471ffc4e71289552d4108ae311195e776c
,,,冗余三元组,3.0,1.0,权力类型,extraction,63bb5d4e71e6267d4835ef9479c9ff86b0b3ef916f5e6075b1750ed13e17cad3
,,,冗余三元组,4.0,3.0,行驶主体,extraction,65bd830d3a69c947ab33e8bccf4d7c9239947243f009a12164fa2b3d4defa4e5
,,,冗余三元组,4.0,3.0,承办机构,extraction,552f0352c4383de1ccdd6574c3a3cf1febf987d93f20f8b4d8f312f665277ccd
,,,冗余三元组,5.0,3.0,实施依据,extraction,4d26a315d3cf5e095a5f33a521cc5fcfd77a3a44ba52ed82e02dee2171f81d54
,,,冗余三元组,1.0,60.0,涉及领域,extraction,25fe9bcaeb7e004a7f7cb1fcb4d291c2a96c608fd8ff4641bee8109287b07717
,,,冗余三元组,3.0,1.0,权力类型,extraction,63bb5d4e71e6267d4835ef9479c9ff86b0b3ef916f5e6075b1750ed13e17cad3
,,,冗余三元组,41.0,1.0,行驶主体,extraction,3e203c1cd5240efde0e6a6d05bb4f8d4f3f80b46e735202ba3011d3e2801f0a1
,,,冗余三元组,41.0,1.0,承办机构,extraction,379f2c27a6c0b2eecca7d7b46b22ef51fefdad08ac0ee7abd453d5173a893b67
,,,冗余三元组,1.0,62.0,涉及问题,extraction,2a934fc7a5fcf782dd1e2daadb598b9eafb710e91a5aa9232b2ceb713d26918f
,,,冗余三元组,3.0,1.0,权力类型,extraction,63bb5d4e71e6267d4835ef9479c9ff86b0b3ef916f5e6075b1750ed13e17cad3
,,,冗余三元组,22.0,3.0,行驶主体,extraction,63b889c6caaf61c3eefad202bc0e1a4344122b009d898e41612d2ce9411c9a90
,,,冗余三元组,22.0,3.0,承办机构,extraction,450ea2044227017296ffd8295e12ead624bac9ad5fb24c8dce7525315368e0fd
,,,冗余三元组,35.0,3.0,实施依据,extraction,b624cc26441dfe817af4e1eb453814a9cb80441634853b422b6c75adb5478d0b
,,,冗余三元组,1.0,48.0,涉及内容,extraction,c90c36bc34d7f04fedfc793b0376221c7073cfdcfd8648ced932e92d2e837f7a
,,,冗余三元组,3.0,1.0,权力类型,extraction,63bb5d4e71e6267d4835ef9479c9ff86b0b3ef916f5e6075b1750ed13e17cad3
,,,冗余三元组,38.0,1.0,行驶主体,extraction,d0e87a0daf3bc1ed7bad39f66dc6d8ee74064b05fe94192417c8b6e3e4cd53a9
,,,冗余三元组,38.0,1.0,承办机构,extraction,b14641014ea8d3db9ba04ac2bb249443dd5f26425e740d86371e870ef2d4a84a
,,,冗余三元组,1.0,23.0,依据,extraction,0c4e2a2eed4772431ff0a6f635bec43d213b808cd3ebb9e90f0dd418ba282cb2
,,,冗余三元组,1.0,55.0,涉及问题,extraction,f2ffd7cbbde07203ef22704e812dc0c897a1f2dc5a5cc4fabb7f1bbafc6e63ed
,,,冗余三元组,3.0,1.0,权力类型,extraction,63bb5d4e71e6267d4835ef9479c9ff86b0b3ef916f5e6075b1750ed13e17cad3
,,,冗余三元组,38.0,3.0,行驶主体,extraction,09efeab994a6d0a0d2474408b9050a4299990ea94ef2b0fd3b3f3c42b80c1d00
,,,冗余三元组,38.0,3.0,承办机构,extraction,3ffeb2c635f8eac91bfd409e9ffa26f73bbf4f4bb174d1a1c0cfa1334e723247
,,,冗余三元组,3.0,5.0,实施依据,extraction,300e1a74feeba098ae7f4718aa129d394916387a593e134f982cc13f2bfa406f
,,,冗余三元组,41.0,10.0,是,extraction,13174a20288cb82a8ad6ce9f7332df7553cd0404ac13c0bbc120c032408c5fe3
,,,冗余三元组,41.0,12.0,是,extraction,fad70d47d35873d476ecd9b8502513e72a366a3a7f904b2d994765aedc16758b
,,,冗余三元组,1.0,31.0,涉及问题,extraction,ea08369126f7fbe0d95ca41a348902bab3f4d8e388232d1c4ed32a98fca9af59
,,,冗余三元组,3.0,1.0,权力类型,extraction,63bb5d4e71e6267d4835ef9479c9ff86b0b3ef916f5e6075b1750ed13e17cad3
,,,冗余三元组,41.0,1.0,行驶主体,extraction,3e203c1cd5240efde0e6a6d05bb4f8d4f3f80b46e735202ba3011d3e2801f0a1
,,,冗余三元组,41.0,1.0,承办机构,extraction,379f2c27a6c0b2eecca7d7b46b22ef51fefdad08ac0ee7abd453d5173a893b67
,,,冗余三元组,1.0,14.0,依据,extraction,ef634f9e84afb4ebf494e22553b15ac7b1fbc49e61d65588899d98c77fee67fd
,,,冗余三元组,1.0,19.0,涉及行为,extraction,7f240590f2a7da25c488c633d39a09a722fedca13693b57fc75c819db158f3af
,,,冗余三元组,3.0,1.0,权力类型,extraction,63bb5d4e71e6267d4835ef9479c9ff86b0b3ef916f5e6075b1750ed13e17cad3
,,,冗余三元组,16.0,3.0,行驶主体,extraction,dcf915ca16fdd03067ac26bed4e74e74a9239bdbd1f71068aedeb4f177f92df1
,,,冗余三元组,16.0,3.0,承办机构,extraction,1845bf4af0283ae739a3edd822fa3a6e7302f5b26eae67bdd654099cddf35e9f
,,,冗余三元组,3.0,5.0,实施依据,extraction,300e1a74feeba098ae7f4718aa129d394916387a593e134f982cc13f2bfa406f
,,,冗余三元组,1.0,53.0,涉及事项,extraction,f0541f7d0c2d3d04c56da88a6bc6ad2f2baea1220b292ed6fa4bf4744fe4e698
,,,冗余三元组,3.0,1.0,权力类型,extraction,63bb5d4e71e6267d4835ef9479c9ff86b0b3ef916f5e6075b1750ed13e17cad3
,,,冗余三元组,4.0,3.0,行驶主体,extraction,65bd830d3a69c947ab33e8bccf4d7c9239947243f009a12164fa2b3d4defa4e5
,,,冗余三元组,4.0,3.0,承办机构,extraction,552f0352c4383de1ccdd6574c3a3cf1febf987d93f20f8b4d8f312f665277ccd
,,,冗余三元组,29.0,3.0,实施依据,extraction,cd40df6a540917691517a57a5b1cf5b96661ca5fb5dc29fae67c4de0bc29abf0
,,,冗余三元组,1.0,55.0,涉及,extraction,d3dce47df0bc87d9fc69992a5dfb419dc64d4ec5f6b002937da586081885a914
,,,冗余三元组,9.0,3.0,是,extraction,0ec99e7cb6f44635fcabc5bf332037bea07b228f7b51753076ef1e8382984bc4
,,,冗余三元组,10.0,38.0,是,extraction,b756eb5995473eefcaf0d5b4fb891f9eb9190e7e7f446761eaff99790520dd98
,,,冗余三元组,12.0,38.0,是,extraction,76d05d01998cae971c559874b8df42b2445eeafc6d81c360c7aecdbaf38c3f00
,,,冗余三元组,13.0,35.0,是,extraction,bdb6ae948fcb734a09a70e6199e73c6b4e1ee8988d36d946e8376162542ec754
,,,冗余三元组,1.0,17.0,涉及事项,extraction,26e5b368d0569ae2cd1db86e58c1825b9d075b33fb779749f2c6991aaf9b42eb
,,,冗余三元组,3.0,1.0,权力类型,extraction,63bb5d4e71e6267d4835ef9479c9ff86b0b3ef916f5e6075b1750ed13e17cad3
,,,冗余三元组,22.0,3.0,行驶主体,extraction,63b889c6caaf61c3eefad202bc0e1a4344122b009d898e41612d2ce9411c9a90
,,,冗余三元组,22.0,3.0,承办机构,extraction,450ea2044227017296ffd8295e12ead624bac9ad5fb24c8dce7525315368e0fd
,,,冗余三元组,23.0,3.0,实施依据,extraction,365a514488858a29239444ea6807697216abe5039811b8ff6d729d3df6958386
,,,冗余三元组,39.0,1.0,是,extraction,38e1d37380a7519608b7025690633256c2d7865eeeda60653fee8757d9e4afaf
,,,冗余三元组,9.0,3.0,是,extraction,0ec99e7cb6f44635fcabc5bf332037bea07b228f7b51753076ef1e8382984bc4
,,,冗余三元组,10.0,38.0,是,extraction,b756eb5995473eefcaf0d5b4fb891f9eb9190e7e7f446761eaff99790520dd98
,,,冗余三元组,12.0,38.0,是,extraction,76d05d01998cae971c559874b8df42b2445eeafc6d81c360c7aecdbaf38c3f00
,,,冗余三元组,13.0,50.0,是,extraction,c041f04873201647e0b342a86dacb602d31a2f7036dbbbcb8019ba08c7818ff2
,,,冗余三元组,39.0,1.0,是,extraction,38e1d37380a7519608b7025690633256c2d7865eeeda60653fee8757d9e4afaf
,,,冗余三元组,1.0,46.0,涉及问题,extraction,3e940b19ef498016fad79857e57d4ee162cee2e05833d1b57fba62f1d9613be3
,,,冗余三元组,9.0,3.0,是,extraction,0ec99e7cb6f44635fcabc5bf332037bea07b228f7b51753076ef1e8382984bc4
,,,冗余三元组,10.0,38.0,是,extraction,b756eb5995473eefcaf0d5b4fb891f9eb9190e7e7f446761eaff99790520dd98
,,,冗余三元组,12.0,38.0,是,extraction,76d05d01998cae971c559874b8df42b2445eeafc6d81c360c7aecdbaf38c3f00
,,,冗余三元组,13.0,7.0,是,extraction,5173b273e53a3712e9a749ca6cf7b8e8d3b7641db772c202823ccb26f6087587
,,,冗余三元组,9.0,3.0,是,extraction,0ec99e7cb6f44635fcabc5bf332037bea07b228f7b51753076ef1e8382984bc4
,,,冗余三元组,10.0,22.0,是,extraction,5a0b03998ab865a9402789a91f83ce5e2c3e8b9dc624370864b73747e8ad330a
,,,冗余三元组,12.0,22.0,是,extraction,51b7578f6e3f4d6aa73a569f8dfc21fce38f169c0202a35f222c3aebbfe18ce9
,,,冗余三元组,13.0,35.0,是,extraction,bdb6ae948fcb734a09a70e6199e73c6b4e1ee8988d36d946e8376162542ec754
,,,冗余三元组,1.0,34.0,包含,extraction,55e4afabf77afe2a5eab9a2e4e01194c0b9b6c241104b977092e714b9c92562f
,,,冗余三元组,9.0,3.0,是,extraction,0ec99e7cb6f44635fcabc5bf332037bea07b228f7b51753076ef1e8382984bc4
,,,冗余三元组,10.0,41.0,是,extraction,6f83ced92a9691e5e14cc19bb1bc5463d86dfecb7bda23ec44eab17a27bf9ae5
,,,冗余三元组,12.0,41.0,是,extraction,a4b1a3ff2483dfe0fabc0a44c0aa6f73e99b87cf7ec502667cce0dc30a67f7b2
,,,冗余三元组,13.0,27.0,是,extraction,b6eab7714fb673bef9d283a76736709544e272990472859dc282d706a47931e5
,,,冗余三元组,1.0,54.0,服务事项,extraction,f1b6e795f7f4341a924257c51e053eb45298f6fc867b5d12c7547aa7ef61bce7
,,,冗余三元组,3.0,1.0,权力类型,extraction,63bb5d4e71e6267d4835ef9479c9ff86b0b3ef916f5e6075b1750ed13e17cad3
,,,冗余三元组,4.0,1.0,行驶主体,extraction,76853b7863ac80a3aad594a1104aa5b967a97525e8a2a9def28eeeebf43e4bab
,,,冗余三元组,4.0,1.0,承办机构,extraction,f7483722370a3db6cc6e9698d7f621113a7fe751bca6b181a1961b22639e7ed3
,,,冗余三元组,20.0,1.0,实施依据,extraction,fa879230d50cba26fe3e25fda133ad3500d518880a888364d68f6f0c8fcf6adf
,,,冗余三元组,1.0,31.0,涉及,extraction,dc016841f4c3f631de1195184d69d571554a2507a72c8fa57279cb9eb6cbcb4d
,,,冗余三元组,9.0,3.0,是,extraction,0ec99e7cb6f44635fcabc5bf332037bea07b228f7b51753076ef1e8382984bc4
,,,冗余三元组,10.0,16.0,是,extraction,746a2100773446996a077ea20c54ba9035e03b7b31f93fb59a8ae3cd5a9d17da
,,,冗余三元组,12.0,16.0,是,extraction,02eb93de428eaa79f373e8be62591cfeadb588d7f8583ea3de7abacb8d43bb50
,,,冗余三元组,13.0,33.0,是,extraction,fc4553073462fe666aaa676d985116bc290a0c71f03fb633205f00b4fcf4ff71
,,,冗余三元组,39.0,1.0,是,extraction,38e1d37380a7519608b7025690633256c2d7865eeeda60653fee8757d9e4afaf
,,,冗余三元组,1.0,55.0,涉及问题,extraction,f2ffd7cbbde07203ef22704e812dc0c897a1f2dc5a5cc4fabb7f1bbafc6e63ed
,,,冗余三元组,9.0,3.0,是,extraction,0ec99e7cb6f44635fcabc5bf332037bea07b228f7b51753076ef1e8382984bc4
,,,冗余三元组,10.0,38.0,是,extraction,b756eb5995473eefcaf0d5b4fb891f9eb9190e7e7f446761eaff99790520dd98
,,,冗余三元组,12.0,38.0,是,extraction,76d05d01998cae971c559874b8df42b2445eeafc6d81c360c7aecdbaf38c3f00
,,,冗余三元组,13.0,33.0,是,extraction,fc4553073462fe666aaa676d985116bc290a0c71f03fb633205f00b4fcf4ff71
,,,冗余三元组,1.0,31.0,涉及问题,extraction,ea08369126f7fbe0d95ca41a348902bab3f4d8e388232d1c4ed32a98fca9af59
,,,冗余三元组,3.0,1.0,权力类型,extraction,63bb5d4e71e6267d4835ef9479c9ff86b0b3ef916f5e6075b1750ed13e17cad3
,,,冗余三元组,32.0,1.0,行驶主体,extraction,f3ae7eebff4e3460421e23abeef0b3052dd9a3dcfbd1f44a03d027eeb1801b4f
,,,冗余三元组,32.0,1.0,承办机构,extraction,931cafd24efaf97775db66b22a04ccc10ef5b34c9f1550f1c6e447e2887940db
,,,冗余三元组,1.0,29.0,依据,extraction,7c876ea0542c8c0bbe2bd1071fb11a2281ab201ea6a5d96c9f866fe3fc0a1ecb
,,,冗余三元组,1.0,21.0,包含,extraction,635d1027165abbabe82fa63c66c6183ad9893b0e011f20d0b6ad30d71c05ec2a
,,,冗余三元组,9.0,3.0,是,extraction,0ec99e7cb6f44635fcabc5bf332037bea07b228f7b51753076ef1e8382984bc4
,,,冗余三元组,10.0,11.0,是,extraction,44a8fa7ea54ec2e41111a4f5dc6a9811dee8aa3aa19fb306f9177dfc86a9aea9
,,,冗余三元组,12.0,11.0,是,extraction,54710bbec3ca077fe79c80e1e95ea28a843633289f5bc6efe6abea14f6118623
,,,冗余三元组,13.0,35.0,是,extraction,bdb6ae948fcb734a09a70e6199e73c6b4e1ee8988d36d946e8376162542ec754
,,,冗余三元组,39.0,1.0,是,extraction,38e1d37380a7519608b7025690633256c2d7865eeeda60653fee8757d9e4afaf
,,,冗余三元组,1.0,40.0,包含,extraction,1210a34215a9f1d268a7fdec9665e7afedf2c960bf0be97d698e7bf44f4ad33c
,,,冗余三元组,9.0,3.0,是,extraction,0ec99e7cb6f44635fcabc5bf332037bea07b228f7b51753076ef1e8382984bc4
,,,冗余三元组,10.0,38.0,是,extraction,b756eb5995473eefcaf0d5b4fb891f9eb9190e7e7f446761eaff99790520dd98
,,,冗余三元组,12.0,38.0,是,extraction,76d05d01998cae971c559874b8df42b2445eeafc6d81c360c7aecdbaf38c3f00
,,,冗余三元组,13.0,35.0,是,extraction,bdb6ae948fcb734a09a70e6199e73c6b4e1ee8988d36d946e8376162542ec754
,,,冗余三元组,1.0,60.0,涉及领域,extraction,25fe9bcaeb7e004a7f7cb1fcb4d291c2a96c608fd8ff4641bee8109287b07717
,,,冗余三元组,3.0,1.0,权力类型,extraction,63bb5d4e71e6267d4835ef9479c9ff86b0b3ef916f5e6075b1750ed13e17cad3
,,,冗余三元组,38.0,3.0,行驶主体,extraction,09efeab994a6d0a0d2474408b9050a4299990ea94ef2b0fd3b3f3c42b80c1d00
,,,冗余三元组,38.0,3.0,承办机构,extraction,3ffeb2c635f8eac91bfd409e9ffa26f73bbf4f4bb174d1a1c0cfa1334e723247
,,,冗余三元组,23.0,3.0,实施依据,extraction,365a514488858a29239444ea6807697216abe5039811b8ff6d729d3df6958386
,,,冗余三元组,1.0,52.0,涉及问题,extraction,90af34399ad797a62bec9b3819dad9d64b8031065ff158d8a5f1015257e3e4dd
,,,冗余三元组,3.0,1.0,权力类型,extraction,63bb5d4e71e6267d4835ef9479c9ff86b0b3ef916f5e6075b1750ed13e17cad3
,,,冗余三元组,32.0,3.0,行驶主体,extraction,25aa2c1e152670ddfb23d68a0ae7e021b4a2e63a8a68352208fab8aba8a37318
,,,冗余三元组,32.0,3.0,承办机构,extraction,7cfdba5de59642b67f9924e80b0324afb048e0e5fbe8a9a65ee9100edeae0749
,,,冗余三元组,5.0,3.0,实施依据,extraction,4d26a315d3cf5e095a5f33a521cc5fcfd77a3a44ba52ed82e02dee2171f81d54
,,,冗余三元组,1.0,6.0,涉及事项,extraction,63ed056176a358e5141eeb94299bb1cc5c1ba655d4c97bdb0e998157b41cd7a5
,,,冗余三元组,3.0,1.0,权力类型,extraction,63bb5d4e71e6267d4835ef9479c9ff86b0b3ef916f5e6075b1750ed13e17cad3
,,,冗余三元组,22.0,3.0,行驶主体,extraction,63b889c6caaf61c3eefad202bc0e1a4344122b009d898e41612d2ce9411c9a90
,,,冗余三元组,22.0,3.0,承办机构,extraction,450ea2044227017296ffd8295e12ead624bac9ad5fb24c8dce7525315368e0fd
,,,冗余三元组,27.0,3.0,实施依据,extraction,13ecae60e92e941ef4d9485768d111c391b72853ef20b0f5a42b8bcdde18e40b
,,,冗余三元组,1.0,8.0,涉及内容,extraction,d02de960772b95844ead284f303c0cc0a431bb9e9d2e2a9acb00d12d4b09753a
,,,冗余三元组,9.0,3.0,类型,extraction,7b4fd279b61586115fa2987e2d0371238853c4f6f63e89d0b451e4237f492a37
,,,冗余三元组,13.0,37.0,来自,extraction,9be20541547878f5553f07386429b6cbeaf2db5b685571c8cecbbe71bcc82b2f
,,,冗余三元组,1.0,60.0,涉及领域,extraction,25fe9bcaeb7e004a7f7cb1fcb4d291c2a96c608fd8ff4641bee8109287b07717
,,,冗余三元组,3.0,1.0,权力类型,extraction,63bb5d4e71e6267d4835ef9479c9ff86b0b3ef916f5e6075b1750ed13e17cad3
,,,冗余三元组,25.0,1.0,行驶主体,extraction,f8d14ca82df048e60e8e15e838aee0937165e7863b618cad5ab1fa07cbe6c922
,,,冗余三元组,25.0,1.0,承办机构,extraction,52233a544f4c28cfdd7e8c323198ffbcd53a5927d355c09f9eb314df01568645
,,,冗余三元组,1.0,29.0,依据,extraction,7c876ea0542c8c0bbe2bd1071fb11a2281ab201ea6a5d96c9f866fe3fc0a1ecb
,,,冗余三元组,1.0,15.0,服务事项,extraction,d58af36cd0af73d9b19e1d9407d5a626b1cd60fd82322b0355d1dcad51bc51b4
,,,冗余三元组,3.0,1.0,权力类型,extraction,63bb5d4e71e6267d4835ef9479c9ff86b0b3ef916f5e6075b1750ed13e17cad3
,,,冗余三元组,32.0,1.0,行驶主体,extraction,f3ae7eebff4e3460421e23abeef0b3052dd9a3dcfbd1f44a03d027eeb1801b4f
,,,冗余三元组,32.0,1.0,承办机构,extraction,931cafd24efaf97775db66b22a04ccc10ef5b34c9f1550f1c6e447e2887940db
,,,冗余三元组,5.0,1.0,实施依据,extraction,746c20bbe85a6c741c868997cbc091c7eddeafc57e2839c0cc9ba4fd6c55ad73
,,,冗余三元组,39.0,1.0,是,extraction,38e1d37380a7519608b7025690633256c2d7865eeeda60653fee8757d9e4afaf
,,,冗余三元组,1.0,46.0,涉及问题,extraction,3e940b19ef498016fad79857e57d4ee162cee2e05833d1b57fba62f1d9613be3
,,,冗余三元组,9.0,3.0,是,extraction,0ec99e7cb6f44635fcabc5bf332037bea07b228f7b51753076ef1e8382984bc4
,,,冗余三元组,10.0,38.0,是,extraction,b756eb5995473eefcaf0d5b4fb891f9eb9190e7e7f446761eaff99790520dd98
,,,冗余三元组,12.0,38.0,是,extraction,76d05d01998cae971c559874b8df42b2445eeafc6d81c360c7aecdbaf38c3f00
,,,冗余三元组,13.0,35.0,是,extraction,bdb6ae948fcb734a09a70e6199e73c6b4e1ee8988d36d946e8376162542ec754
,,,冗余三元组,1.0,30.0,涉及,extraction,f791f6ad50cca9a9432e1d95b6ef54bd1b64b5eb692d18dc2f430e81dd5537c2
,,,冗余三元组,9.0,3.0,是,extraction,0ec99e7cb6f44635fcabc5bf332037bea07b228f7b51753076ef1e8382984bc4
,,,冗余三元组,13.0,35.0,是,extraction,bdb6ae948fcb734a09a70e6199e73c6b4e1ee8988d36d946e8376162542ec754
,,,冗余三元组,1.0,46.0,包含,extraction,43de48e1fd0d3973027e232e73e22a3174566b69b4fe0e1932b85469761532cb
,,,冗余三元组,9.0,3.0,是,extraction,0ec99e7cb6f44635fcabc5bf332037bea07b228f7b51753076ef1e8382984bc4
,,,冗余三元组,10.0,16.0,是,extraction,746a2100773446996a077ea20c54ba9035e03b7b31f93fb59a8ae3cd5a9d17da
,,,冗余三元组,12.0,16.0,是,extraction,02eb93de428eaa79f373e8be62591cfeadb588d7f8583ea3de7abacb8d43bb50
,,,冗余三元组,13.0,50.0,是,extraction,c041f04873201647e0b342a86dacb602d31a2f7036dbbbcb8019ba08c7818ff2
,,,冗余三元组,1.0,55.0,涉及,extraction,d3dce47df0bc87d9fc69992a5dfb419dc64d4ec5f6b002937da586081885a914
,,,冗余三元组,9.0,3.0,是,extraction,0ec99e7cb6f44635fcabc5bf332037bea07b228f7b51753076ef1e8382984bc4
,,,冗余三元组,10.0,44.0,是,extraction,53854b14f84a4f7bcec4288babeeb93d9202a8f1247a14098e9a02982cc95640
,,,冗余三元组,12.0,44.0,是,extraction,de41cd62c11f82837c5925e3426f42630d0bc935f1a9e33489b933acda4b7831
,,,冗余三元组,13.0,43.0,是,extraction,ade982e693329bd738b2be4fef11a25c3536423672e3d1c585cae98131a035d0
,,,冗余三元组,1.0,46.0,涉及方面,extraction,5808f972045d2d3180337084564f289f064635012876034d34956100a2ebe466
,,,冗余三元组,9.0,3.0,类型,extraction,7b4fd279b61586115fa2987e2d0371238853c4f6f63e89d0b451e4237f492a37
,,,冗余三元组,10.0,22.0,是,extraction,5a0b03998ab865a9402789a91f83ce5e2c3e8b9dc624370864b73747e8ad330a
,,,冗余三元组,12.0,22.0,是,extraction,51b7578f6e3f4d6aa73a569f8dfc21fce38f169c0202a35f222c3aebbfe18ce9
,,,冗余三元组,13.0,7.0,依据,extraction,d4864a965000ee9dd6917b548bc6febdc16cd42bc472be9753ea85f92086c014
,,,冗余三元组,1.0,53.0,涉及事项,extraction,f0541f7d0c2d3d04c56da88a6bc6ad2f2baea1220b292ed6fa4bf4744fe4e698
,,,冗余三元组,9.0,3.0,是,extraction,0ec99e7cb6f44635fcabc5bf332037bea07b228f7b51753076ef1e8382984bc4
,,,冗余三元组,10.0,22.0,是,extraction,5a0b03998ab865a9402789a91f83ce5e2c3e8b9dc624370864b73747e8ad330a
,,,冗余三元组,12.0,22.0,是,extraction,51b7578f6e3f4d6aa73a569f8dfc21fce38f169c0202a35f222c3aebbfe18ce9
,,,冗余三元组,13.0,33.0,是,extraction,fc4553073462fe666aaa676d985116bc290a0c71f03fb633205f00b4fcf4ff71
,,,冗余三元组,1.0,42.0,涉及事项,extraction,6fa1fbc925e7b9f7909377c8fdb4e224f49dc4ac4ecc0317653a80654e14e7bc
,,,冗余三元组,3.0,1.0,权力类型,extraction,63bb5d4e71e6267d4835ef9479c9ff86b0b3ef916f5e6075b1750ed13e17cad3
,,,冗余三元组,22.0,3.0,行驶主体,extraction,63b889c6caaf61c3eefad202bc0e1a4344122b009d898e41612d2ce9411c9a90
,,,冗余三元组,22.0,3.0,承办机构,extraction,450ea2044227017296ffd8295e12ead624bac9ad5fb24c8dce7525315368e0fd
,,,冗余三元组,35.0,3.0,实施依据,extraction,b624cc26441dfe817af4e1eb453814a9cb80441634853b422b6c75adb5478d0b
,,,冗余三元组,39.0,1.0,是,extraction,38e1d37380a7519608b7025690633256c2d7865eeeda60653fee8757d9e4afaf
,,,冗余三元组,1.0,34.0,包含,extraction,55e4afabf77afe2a5eab9a2e4e01194c0b9b6c241104b977092e714b9c92562f
,,,冗余三元组,9.0,3.0,是,extraction,0ec99e7cb6f44635fcabc5bf332037bea07b228f7b51753076ef1e8382984bc4
,,,冗余三元组,10.0,4.0,是,extraction,4253afef8f3fd90e1effb4068d33d5af9bf9795c98a41a591346af581d8c5b13
,,,冗余三元组,12.0,4.0,是,extraction,157789d187fc7ed7a6f770e4112d938e1669ffabeec33b64ab160620d61c286f
,,,冗余三元组,13.0,35.0,是,extraction,bdb6ae948fcb734a09a70e6199e73c6b4e1ee8988d36d946e8376162542ec754
,,,冗余三元组,1.0,46.0,涉及问题,extraction,3e940b19ef498016fad79857e57d4ee162cee2e05833d1b57fba62f1d9613be3
,,,冗余三元组,3.0,1.0,类型,extraction,65a2d78a945df9ac573c112d3bad900f2eb4940d22d4f014a9262ffbc7a54c7e
,,,冗余三元组,38.0,3.0,行驶主体,extraction,09efeab994a6d0a0d2474408b9050a4299990ea94ef2b0fd3b3f3c42b80c1d00
,,,冗余三元组,38.0,3.0,承办机构,extraction,3ffeb2c635f8eac91bfd409e9ffa26f73bbf4f4bb174d1a1c0cfa1334e723247
,,,冗余三元组,3.0,5.0,依据,extraction,64790d95a2d2e906eca21b3a197ae37c528b0a32d460fad1cc89c5b7ba0efd90
,,,冗余三元组,1.0,51.0,涉及行为,extraction,4d50e735db0c7c921debcd5d22ac59a9a9275f523e4dfe60a64102e7ab70d731
,,,冗余三元组,3.0,44.0,由,extraction,080f99a748c7eb4782333f3721b4fa96e331a8c8466092f36c40de49b7d21732
,,,冗余三元组,44.0,3.0,行使权力,extraction,f198bdefb30b60bad0eda0caf732f8ed5cf312b7a53711a3709d6e4926cc4866
,,,冗余三元组,44.0,10.0,是,extraction,e97b79b5b51a26f8e69423d992b4d4ac3c9df26ba1701ad7c77eeb760090b85f
,,,冗余三元组,37.0,13.0,是,extraction,444b5d14abadbff87e4f011a17ce0d2e8e18763d89ada8f1ed00be75ccdc457f
,,,冗余三元组,3.0,1.0,权力类型,extraction,63bb5d4e71e6267d4835ef9479c9ff86b0b3ef916f5e6075b1750ed13e17cad3
,,,冗余三元组,4.0,1.0,行驶主体,extraction,76853b7863ac80a3aad594a1104aa5b967a97525e8a2a9def28eeeebf43e4bab
,,,冗余三元组,4.0,1.0,承办机构,extraction,f7483722370a3db6cc6e9698d7f621113a7fe751bca6b181a1961b22639e7ed3
,,,冗余三元组,20.0,1.0,实施依据,extraction,fa879230d50cba26fe3e25fda133ad3500d518880a888364d68f6f0c8fcf6adf
,,,冗余三元组,1.0,51.0,涉及行为,extraction,4d50e735db0c7c921debcd5d22ac59a9a9275f523e4dfe60a64102e7ab70d731
,,,冗余三元组,39.0,1.0,是,extraction,38e1d37380a7519608b7025690633256c2d7865eeeda60653fee8757d9e4afaf
,,,冗余三元组,9.0,3.0,是,extraction,0ec99e7cb6f44635fcabc5bf332037bea07b228f7b51753076ef1e8382984bc4
,,,冗余三元组,10.0,26.0,是,extraction,89fbb5ae30c6220e41f165591e4df027877c140a72033fe0680e44206164aa17
,,,冗余三元组,12.0,26.0,是,extraction,a3817cab3fccbfd1b94576c85b68cfb0ff0511791fe7ada5dd7c10500502e531
,,,冗余三元组,13.0,50.0,是,extraction,c041f04873201647e0b342a86dacb602d31a2f7036dbbbcb8019ba08c7818ff2
,,,冗余三元组,1.0,54.0,涉及领域,extraction,bf464bcbcd83e979756fbd8eee9d0f695e979e7851f7354e079d63510152047a
,,,冗余三元组,3.0,1.0,权力类型,extraction,63bb5d4e71e6267d4835ef9479c9ff86b0b3ef916f5e6075b1750ed13e17cad3
,,,冗余三元组,38.0,1.0,行驶主体,extraction,d0e87a0daf3bc1ed7bad39f66dc6d8ee74064b05fe94192417c8b6e3e4cd53a9
,,,冗余三元组,38.0,1.0,承办机构,extraction,b14641014ea8d3db9ba04ac2bb249443dd5f26425e740d86371e870ef2d4a84a
,,,冗余三元组,1.0,20.0,依据,extraction,0f755d0d76fda2f2c4d51908ebb6634a3a8c6995c4ec999f3b8214be69e62a27
,,,冗余三元组,1.0,45.0,涉及事项,extraction,dd7fe96509b2c5c33db03e133555278b4cecbf544b6fac7dea1158a8470efe3a
,,,冗余三元组,3.0,1.0,权力类型,extraction,63bb5d4e71e6267d4835ef9479c9ff86b0b3ef916f5e6075b1750ed13e17cad3
,,,冗余三元组,16.0,3.0,行驶主体,extraction,dcf915ca16fdd03067ac26bed4e74e74a9239bdbd1f71068aedeb4f177f92df1
,,,冗余三元组,16.0,3.0,承办机构,extraction,1845bf4af0283ae739a3edd822fa3a6e7302f5b26eae67bdd654099cddf35e9f
,,,冗余三元组,3.0,61.0,实施依据,extraction,5ec84d3146f918e685de74e4cd04c587cdd895ec8853c6995ee47199be82e549
,,,冗余三元组,1.0,36.0,涉及事项,extraction,8f5ef8181607d60e4eccd5ec612a1b947845c41af6a5aa6f33629298f46d39a8
,,,冗余三元组,3.0,1.0,权力类型,extraction,63bb5d4e71e6267d4835ef9479c9ff86b0b3ef916f5e6075b1750ed13e17cad3
,,,冗余三元组,32.0,3.0,行驶主体,extraction,25aa2c1e152670ddfb23d68a0ae7e021b4a2e63a8a68352208fab8aba8a37318
,,,冗余三元组,32.0,3.0,承办机构,extraction,7cfdba5de59642b67f9924e80b0324afb048e0e5fbe8a9a65ee9100edeae0749
,,,冗余三元组,3.0,23.0,依据,extraction,59ff7f21ef56ac976200d9f4fe84c93848f673346b1fc3ad16cbbcdf0951ba50
,,,冗余三元组,1.0,46.0,涉及问题,extraction,3e940b19ef498016fad79857e57d4ee162cee2e05833d1b57fba62f1d9613be3
,,,冗余三元组,11.0,3.0,行驶主体,extraction,252ebc8fde2836f7eae5a791df687860076241cf808bc99e0fd167f0ea262cd9
,,,冗余三元组,11.0,3.0,承办机构,extraction,e3339b884b62824a3b8679c646ddcca5b0bd6ecf6ec75f8d8629aa2e9b31a33c
,,,冗余三元组,3.0,23.0,依据,extraction,59ff7f21ef56ac976200d9f4fe84c93848f673346b1fc3ad16cbbcdf0951ba50
,,,冗余三元组,1.0,54.0,服务事项,extraction,f1b6e795f7f4341a924257c51e053eb45298f6fc867b5d12c7547aa7ef61bce7
,,,冗余三元组,3.0,1.0,权力类型,extraction,63bb5d4e71e6267d4835ef9479c9ff86b0b3ef916f5e6075b1750ed13e17cad3
,,,冗余三元组,4.0,1.0,行驶主体,extraction,76853b7863ac80a3aad594a1104aa5b967a97525e8a2a9def28eeeebf43e4bab
,,,冗余三元组,4.0,1.0,承办机构,extraction,f7483722370a3db6cc6e9698d7f621113a7fe751bca6b181a1961b22639e7ed3
,,,冗余三元组,20.0,1.0,实施依据,extraction,fa879230d50cba26fe3e25fda133ad3500d518880a888364d68f6f0c8fcf6adf
,,,冗余三元组,1.0,53.0,涉及事项,extraction,f0541f7d0c2d3d04c56da88a6bc6ad2f2baea1220b292ed6fa4bf4744fe4e698
,,,冗余三元组,3.0,1.0,权力类型,extraction,63bb5d4e71e6267d4835ef9479c9ff86b0b3ef916f5e6075b1750ed13e17cad3
,,,冗余三元组,25.0,3.0,行驶主体,extraction,c7f405beeae1829a03dbec6b28d32c4d828da48de999734d24825266b3076f59
,,,冗余三元组,25.0,3.0,承办机构,extraction,eef2c4724eefbb6cbc8a1e38dd903f5952b15b4fa168168b9caed346c6551029
,,,冗余三元组,3.0,7.0,依据,extraction,2c7744cfc99769a6fc0986cf138e3ed4d77c32f88512b230684854b6658447e8
,,,冗余三元组,1.0,30.0,涉及内容,extraction,a3d8bfc9cb09cd2954d135612180bdbe8527eef7d240e905d5ff78d06fe3fba0
,,,冗余三元组,3.0,1.0,权力类型,extraction,63bb5d4e71e6267d4835ef9479c9ff86b0b3ef916f5e6075b1750ed13e17cad3
,,,冗余三元组,38.0,1.0,行驶主体,extraction,d0e87a0daf3bc1ed7bad39f66dc6d8ee74064b05fe94192417c8b6e3e4cd53a9
,,,冗余三元组,38.0,1.0,承办机构,extraction,b14641014ea8d3db9ba04ac2bb249443dd5f26425e740d86371e870ef2d4a84a
,,,冗余三元组,1.0,43.0,依据,extraction,985b929fb66077bb8f3a9c4c874b8547a2937c0087957a49d92521a1de199bec
,,,冗余三元组,1.0,17.0,涉及事项,extraction,26e5b368d0569ae2cd1db86e58c1825b9d075b33fb779749f2c6991aaf9b42eb
,,,冗余三元组,9.0,3.0,是,extraction,0ec99e7cb6f44635fcabc5bf332037bea07b228f7b51753076ef1e8382984bc4
,,,冗余三元组,10.0,38.0,是,extraction,b756eb5995473eefcaf0d5b4fb891f9eb9190e7e7f446761eaff99790520dd98
,,,冗余三元组,12.0,38.0,是,extraction,76d05d01998cae971c559874b8df42b2445eeafc6d81c360c7aecdbaf38c3f00
,,,冗余三元组,13.0,33.0,是,extraction,fc4553073462fe666aaa676d985116bc290a0c71f03fb633205f00b4fcf4ff71
,,,冗余三元组,1.0,60.0,涉及领域,extraction,25fe9bcaeb7e004a7f7cb1fcb4d291c2a96c608fd8ff4641bee8109287b07717
,,,冗余三元组,3.0,1.0,权力类型,extraction,63bb5d4e71e6267d4835ef9479c9ff86b0b3ef916f5e6075b1750ed13e17cad3
,,,冗余三元组,44.0,1.0,行驶主体,extraction,5aa5bd754001b528942d9ff1cf92c0dac3eea5408ae1a3ad1be7b48dd6ad7bc6
,,,冗余三元组,44.0,1.0,承办机构,extraction,fe869ebaf0ddd080462b050806e1c882e39322a3f98c8d4b29b1d043af63148d
,,,冗余三元组,1.0,27.0,依据,extraction,d03daf3e94bfbb1b0d0e8924a3805396d721f1c62d58ac9127a2e0d131b5d430
,,,冗余三元组,1.0,8.0,涉及内容,extraction,d02de960772b95844ead284f303c0cc0a431bb9e9d2e2a9acb00d12d4b09753a
,,,冗余三元组,9.0,3.0,类型,extraction,7b4fd279b61586115fa2987e2d0371238853c4f6f63e89d0b451e4237f492a37
,,,冗余三元组,10.0,11.0,是,extraction,44a8fa7ea54ec2e41111a4f5dc6a9811dee8aa3aa19fb306f9177dfc86a9aea9
,,,冗余三元组,12.0,11.0,是,extraction,54710bbec3ca077fe79c80e1e95ea28a843633289f5bc6efe6abea14f6118623
,,,冗余三元组,1.0,28.0,涉及事项,extraction,560be2f414c89761f44840d3f52e507d90c06d4f0586d63ae8dd7eb595eca49b
,,,冗余三元组,3.0,1.0,权力类型,extraction,63bb5d4e71e6267d4835ef9479c9ff86b0b3ef916f5e6075b1750ed13e17cad3
,,,冗余三元组,38.0,3.0,行驶主体,extraction,09efeab994a6d0a0d2474408b9050a4299990ea94ef2b0fd3b3f3c42b80c1d00
,,,冗余三元组,38.0,1.0,承办机构,extraction,b14641014ea8d3db9ba04ac2bb249443dd5f26425e740d86371e870ef2d4a84a
,,,冗余三元组,1.0,29.0,依据,extraction,7c876ea0542c8c0bbe2bd1071fb11a2281ab201ea6a5d96c9f866fe3fc0a1ecb
,,,冗余三元组,1.0,36.0,涉及事项,extraction,8f5ef8181607d60e4eccd5ec612a1b947845c41af6a5aa6f33629298f46d39a8
,,,冗余三元组,3.0,1.0,权力类型,extraction,63bb5d4e71e6267d4835ef9479c9ff86b0b3ef916f5e6075b1750ed13e17cad3
,,,冗余三元组,3.0,14.0,实施依据,extraction,09931771bbcd9cd15e93938cf3ce07dfed30596b980f89738627e75ac71073d2
,,,冗余三元组,1.0,55.0,涉及方面,extraction,5ee3a47a13dc675638470604b07e57a50fdeaeedeade9769ce1a62338490e202
,,,冗余三元组,9.0,3.0,类型,extraction,7b4fd279b61586115fa2987e2d0371238853c4f6f63e89d0b451e4237f492a37
,,,冗余三元组,10.0,26.0,是,extraction,89fbb5ae30c6220e41f165591e4df027877c140a72033fe0680e44206164aa17
,,,冗余三元组,12.0,26.0,是,extraction,a3817cab3fccbfd1b94576c85b68cfb0ff0511791fe7ada5dd7c10500502e531
,,,冗余三元组,13.0,29.0,依据,extraction,339ea22aba17a985debf38c1930430e3b55f008318624e7efcaa4b7d8ae18a54
,,,冗余三元组,1.0,36.0,涉及事项,extraction,8f5ef8181607d60e4eccd5ec612a1b947845c41af6a5aa6f33629298f46d39a8
,,,冗余三元组,3.0,1.0,权力类型,extraction,63bb5d4e71e6267d4835ef9479c9ff86b0b3ef916f5e6075b1750ed13e17cad3
,,,冗余三元组,26.0,3.0,行驶主体,extraction,53a6aecb0cb919674eb601d3ca9bfb3e1cd8021d0c2b4edaea1103f12ff5d1fa
,,,冗余三元组,26.0,3.0,承办机构,extraction,09f29ebed328eaaeac44ee7d9b0d8d8b248964f2da25bc454213eb1f6ed1c65b
,,,冗余三元组,39.0,1.0,是,extraction,38e1d37380a7519608b7025690633256c2d7865eeeda60653fee8757d9e4afaf
,,,冗余三元组,1.0,52.0,涉及问题,extraction,90af34399ad797a62bec9b3819dad9d64b8031065ff158d8a5f1015257e3e4dd
,,,冗余三元组,9.0,3.0,是,extraction,0ec99e7cb6f44635fcabc5bf332037bea07b228f7b51753076ef1e8382984bc4
,,,冗余三元组,10.0,44.0,是,extraction,53854b14f84a4f7bcec4288babeeb93d9202a8f1247a14098e9a02982cc95640
,,,冗余三元组,12.0,44.0,是,extraction,de41cd62c11f82837c5925e3426f42630d0bc935f1a9e33489b933acda4b7831
,,,冗余三元组,13.0,5.0,是,extraction,507348e0a400849c992ed3d4db941f51b877314c064a446d1a19df892d7a6f73
,,,冗余三元组,1.0,36.0,涉及事项,extraction,8f5ef8181607d60e4eccd5ec612a1b947845c41af6a5aa6f33629298f46d39a8
,,,冗余三元组,3.0,1.0,权力类型,extraction,63bb5d4e71e6267d4835ef9479c9ff86b0b3ef916f5e6075b1750ed13e17cad3
,,,冗余三元组,32.0,3.0,行驶主体,extraction,25aa2c1e152670ddfb23d68a0ae7e021b4a2e63a8a68352208fab8aba8a37318
,,,冗余三元组,32.0,3.0,承办机构,extraction,7cfdba5de59642b67f9924e80b0324afb048e0e5fbe8a9a65ee9100edeae0749
,,,冗余三元组,23.0,3.0,实施依据,extraction,365a514488858a29239444ea6807697216abe5039811b8ff6d729d3df6958386
,,,冗余三元组,1.0,51.0,包含行为,extraction,f8a8dc8a03ea22f0c99fcbd7990d1f03fe9b84cf3f283d29a67c08ec33604bcb
,,,冗余三元组,9.0,3.0,是,extraction,0ec99e7cb6f44635fcabc5bf332037bea07b228f7b51753076ef1e8382984bc4
,,,冗余三元组,10.0,11.0,是,extraction,44a8fa7ea54ec2e41111a4f5dc6a9811dee8aa3aa19fb306f9177dfc86a9aea9
,,,冗余三元组,12.0,11.0,是,extraction,54710bbec3ca077fe79c80e1e95ea28a843633289f5bc6efe6abea14f6118623
,,,冗余三元组,13.0,33.0,是,extraction,fc4553073462fe666aaa676d985116bc290a0c71f03fb633205f00b4fcf4ff71
,,,冗余三元组,1.0,48.0,涉及内容,extraction,c90c36bc34d7f04fedfc793b0376221c7073cfdcfd8648ced932e92d2e837f7a
,,,冗余三元组,3.0,1.0,权力类型,extraction,63bb5d4e71e6267d4835ef9479c9ff86b0b3ef916f5e6075b1750ed13e17cad3
,,,冗余三元组,32.0,1.0,行驶主体,extraction,f3ae7eebff4e3460421e23abeef0b3052dd9a3dcfbd1f44a03d027eeb1801b4f
,,,冗余三元组,32.0,1.0,承办机构,extraction,931cafd24efaf97775db66b22a04ccc10ef5b34c9f1550f1c6e447e2887940db
,,,冗余三元组,37.0,3.0,实施依据,extraction,980a426a4890aa6880028a39b27563b630569c34cd3744943c728122dcc81e34
,,,冗余三元组,1.0,31.0,涉及问题,extraction,ea08369126f7fbe0d95ca41a348902bab3f4d8e388232d1c4ed32a98fca9af59
,,,冗余三元组,3.0,1.0,权力类型,extraction,63bb5d4e71e6267d4835ef9479c9ff86b0b3ef916f5e6075b1750ed13e17cad3
,,,冗余三元组,4.0,3.0,行驶主体,extraction,65bd830d3a69c947ab33e8bccf4d7c9239947243f009a12164fa2b3d4defa4e5
,,,冗余三元组,4.0,3.0,承办机构,extraction,552f0352c4383de1ccdd6574c3a3cf1febf987d93f20f8b4d8f312f665277ccd
,,,冗余三元组,3.0,5.0,依据,extraction,64790d95a2d2e906eca21b3a197ae37c528b0a32d460fad1cc89c5b7ba0efd90
,,,冗余三元组,1.0,47.0,涉及事项,extraction,410fd6754fd95d077ef04ff964ec4dd009afe4ed77694bf6c52b18682d5b8662
,,,冗余三元组,3.0,1.0,权力类型,extraction,63bb5d4e71e6267d4835ef9479c9ff86b0b3ef916f5e6075b1750ed13e17cad3
,,,冗余三元组,41.0,1.0,行驶主体,extraction,3e203c1cd5240efde0e6a6d05bb4f8d4f3f80b46e735202ba3011d3e2801f0a1
,,,冗余三元组,41.0,1.0,承办机构,extraction,379f2c27a6c0b2eecca7d7b46b22ef51fefdad08ac0ee7abd453d5173a893b67
,,,冗余三元组,1.0,42.0,涉及事项,extraction,6fa1fbc925e7b9f7909377c8fdb4e224f49dc4ac4ecc0317653a80654e14e7bc
,,,冗余三元组,3.0,1.0,权力类型,extraction,63bb5d4e71e6267d4835ef9479c9ff86b0b3ef916f5e6075b1750ed13e17cad3
,,,冗余三元组,32.0,3.0,行驶主体,extraction,25aa2c1e152670ddfb23d68a0ae7e021b4a2e63a8a68352208fab8aba8a37318
,,,冗余三元组,32.0,3.0,承办机构,extraction,7cfdba5de59642b67f9924e80b0324afb048e0e5fbe8a9a65ee9100edeae0749
,,,冗余三元组,5.0,3.0,实施依据,extraction,4d26a315d3cf5e095a5f33a521cc5fcfd77a3a44ba52ed82e02dee2171f81d54
,,,冗余三元组,39.0,1.0,是,extraction,38e1d37380a7519608b7025690633256c2d7865eeeda60653fee8757d9e4afaf
,,,冗余三元组,1.0,18.0,包含,extraction,995fe2b6a1cf5cfeeefec8c7b3e03ab6ed8e185658f268c2a2d3412d9fb32842
,,,冗余三元组,9.0,3.0,是,extraction,0ec99e7cb6f44635fcabc5bf332037bea07b228f7b51753076ef1e8382984bc4
,,,冗余三元组,10.0,44.0,是,extraction,53854b14f84a4f7bcec4288babeeb93d9202a8f1247a14098e9a02982cc95640
,,,冗余三元组,12.0,44.0,是,extraction,de41cd62c11f82837c5925e3426f42630d0bc935f1a9e33489b933acda4b7831
,,,冗余三元组,13.0,23.0,是,extraction,a809901cb1266f3034f5251cd5e201f3ce63e484f49bb7e202066cafcce8d4b1
,,,冗余三元组,1.0,58.0,涉及行为,extraction,93a2f06a9d6469b27d73da8e38855777376bd0c168e945c557165493a67fcb2f
,,,冗余三元组,9.0,3.0,类型,extraction,7b4fd279b61586115fa2987e2d0371238853c4f6f63e89d0b451e4237f492a37
,,,冗余三元组,10.0,32.0,是,extraction,4da064cb343643cc890842dceaf67b09d17018b8caccfb9a66252b99aba7b2c2
,,,冗余三元组,12.0,32.0,是,extraction,9c4f6d970f0759ccf44ba88668fb20479c3f74345a7048810ee820b1947a78e1
,,,冗余三元组,13.0,7.0,依据,extraction,d4864a965000ee9dd6917b548bc6febdc16cd42bc472be9753ea85f92086c014
,,,冗余三元组,1.0,21.0,包含,extraction,635d1027165abbabe82fa63c66c6183ad9893b0e011f20d0b6ad30d71c05ec2a
,,,冗余三元组,9.0,3.0,是,extraction,0ec99e7cb6f44635fcabc5bf332037bea07b228f7b51753076ef1e8382984bc4
,,,冗余三元组,10.0,26.0,是,extraction,89fbb5ae30c6220e41f165591e4df027877c140a72033fe0680e44206164aa17
,,,冗余三元组,12.0,26.0,是,extraction,a3817cab3fccbfd1b94576c85b68cfb0ff0511791fe7ada5dd7c10500502e531
,,,冗余三元组,13.0,5.0,是,extraction,507348e0a400849c992ed3d4db941f51b877314c064a446d1a19df892d7a6f73
,,,冗余三元组,1.0,46.0,涉及问题,extraction,3e940b19ef498016fad79857e57d4ee162cee2e05833d1b57fba62f1d9613be3
,,,冗余三元组,32.0,32.0,承办机构,extraction,911adfffd05806263bf58b0d02a29a83b098803ea7bdf542e61063696f391749
,,,冗余三元组,50.0,3.0,实施依据,extraction,a790816385e8e57fdbef950d1c81f1f95be9fa56bdb61522285b14310350de63
,,,冗余三元组,1.0,53.0,服务事项,extraction,6e3e1be22725db07cbda085e898d35471ffc4e71289552d4108ae311195e776c
,,,冗余三元组,3.0,1.0,权力类型,extraction,63bb5d4e71e6267d4835ef9479c9ff86b0b3ef916f5e6075b1750ed13e17cad3
,,,冗余三元组,41.0,1.0,行驶主体,extraction,3e203c1cd5240efde0e6a6d05bb4f8d4f3f80b46e735202ba3011d3e2801f0a1
,,,冗余三元组,41.0,1.0,承办机构,extraction,379f2c27a6c0b2eecca7d7b46b22ef51fefdad08ac0ee7abd453d5173a893b67
,,,冗余三元组,1.0,48.0,涉及内容,extraction,c90c36bc34d7f04fedfc793b0376221c7073cfdcfd8648ced932e92d2e837f7a
,,,冗余三元组,3.0,1.0,权力类型,extraction,63bb5d4e71e6267d4835ef9479c9ff86b0b3ef916f5e6075b1750ed13e17cad3
,,,冗余三元组,38.0,1.0,行驶主体,extraction,d0e87a0daf3bc1ed7bad39f66dc6d8ee74064b05fe94192417c8b6e3e4cd53a9
,,,冗余三元组,38.0,1.0,承办机构,extraction,b14641014ea8d3db9ba04ac2bb249443dd5f26425e740d86371e870ef2d4a84a
,,,冗余三元组,1.0,56.0,依据,extraction,0b8eed9df092a87521a36028dec03a389608968a1abd66630aeacb2b566d40d1
,,,冗余三元组,1.0,51.0,涉及行为,extraction,4d50e735db0c7c921debcd5d22ac59a9a9275f523e4dfe60a64102e7ab70d731
,,,冗余三元组,3.0,1.0,权力类型,extraction,63bb5d4e71e6267d4835ef9479c9ff86b0b3ef916f5e6075b1750ed13e17cad3
,,,冗余三元组,41.0,1.0,行驶主体,extraction,3e203c1cd5240efde0e6a6d05bb4f8d4f3f80b46e735202ba3011d3e2801f0a1
,,,冗余三元组,41.0,1.0,承办机构,extraction,379f2c27a6c0b2eecca7d7b46b22ef51fefdad08ac0ee7abd453d5173a893b67
,,,冗余三元组,49.0,1.0,实施依据,extraction,ff26d12b358cafe4c2fb87a18323c05e83a57fff577f25152d237a0d2a1a6669
,,,冗余三元组,1.0,34.0,包含,extraction,55e4afabf77afe2a5eab9a2e4e01194c0b9b6c241104b977092e714b9c92562f
,,,冗余三元组,3.0,1.0,类型,extraction,65a2d78a945df9ac573c112d3bad900f2eb4940d22d4f014a9262ffbc7a54c7e
,,,冗余三元组,44.0,3.0,承办机构,extraction,26be69caa0923ff59e399351f5a7dbfb94533ccfbecefd9b8cd69f55e191c14d
,,,冗余三元组,1.0,46.0,涉及问题,extraction,3e940b19ef498016fad79857e57d4ee162cee2e05833d1b57fba62f1d9613be3
,,,冗余三元组,3.0,1.0,权力类型,extraction,63bb5d4e71e6267d4835ef9479c9ff86b0b3ef916f5e6075b1750ed13e17cad3
,,,冗余三元组,26.0,3.0,行驶主体,extraction,53a6aecb0cb919674eb601d3ca9bfb3e1cd8021d0c2b4edaea1103f12ff5d1fa
,,,冗余三元组,26.0,3.0,承办机构,extraction,09f29ebed328eaaeac44ee7d9b0d8d8b248964f2da25bc454213eb1f6ed1c65b
,,,冗余三元组,5.0,3.0,实施依据,extraction,4d26a315d3cf5e095a5f33a521cc5fcfd77a3a44ba52ed82e02dee2171f81d54
,,,冗余三元组,1.0,58.0,包含,extraction,a99749a34663c627f41bf723f6a81786f4ec688554b1b228877f58e936d4f065
,,,冗余三元组,9.0,3.0,是,extraction,0ec99e7cb6f44635fcabc5bf332037bea07b228f7b51753076ef1e8382984bc4
,,,冗余三元组,10.0,26.0,是,extraction,89fbb5ae30c6220e41f165591e4df027877c140a72033fe0680e44206164aa17
,,,冗余三元组,12.0,26.0,是,extraction,a3817cab3fccbfd1b94576c85b68cfb0ff0511791fe7ada5dd7c10500502e531
,,,冗余三元组,13.0,5.0,是,extraction,507348e0a400849c992ed3d4db941f51b877314c064a446d1a19df892d7a6f73
,,,冗余三元组,1.0,52.0,涉及问题,extraction,90af34399ad797a62bec9b3819dad9d64b8031065ff158d8a5f1015257e3e4dd
,,,冗余三元组,3.0,1.0,权力类型,extraction,63bb5d4e71e6267d4835ef9479c9ff86b0b3ef916f5e6075b1750ed13e17cad3
,,,冗余三元组,32.0,3.0,行驶主体,extraction,25aa2c1e152670ddfb23d68a0ae7e021b4a2e63a8a68352208fab8aba8a37318
,,,冗余三元组,32.0,3.0,承办机构,extraction,7cfdba5de59642b67f9924e80b0324afb048e0e5fbe8a9a65ee9100edeae0749
,,,冗余三元组,3.0,23.0,实施依据,extraction,50ab6d4e4a28dab63d889535df0083377ec5ea69c2cb93319237f8bffe946b3c
,,,冗余三元组,1.0,62.0,基于,extraction,107e1bb0950b774ff9f05ec19639e02422cf10def6be35db13c2495e5a4effe2
,,,冗余三元组,3.0,44.0,由,extraction,080f99a748c7eb4782333f3721b4fa96e331a8c8466092f36c40de49b7d21732
,,,冗余三元组,44.0,3.0,行使权力,extraction,f198bdefb30b60bad0eda0caf732f8ed5cf312b7a53711a3709d6e4926cc4866
,,,冗余三元组,44.0,10.0,是,extraction,e97b79b5b51a26f8e69423d992b4d4ac3c9df26ba1701ad7c77eeb760090b85f
,,,冗余三元组,1.0,60.0,涉及领域,extraction,25fe9bcaeb7e004a7f7cb1fcb4d291c2a96c608fd8ff4641bee8109287b07717
,,,冗余三元组,3.0,1.0,权力类型,extraction,63bb5d4e71e6267d4835ef9479c9ff86b0b3ef916f5e6075b1750ed13e17cad3
,,,冗余三元组,25.0,1.0,行驶主体,extraction,f8d14ca82df048e60e8e15e838aee0937165e7863b618cad5ab1fa07cbe6c922
,,,冗余三元组,25.0,1.0,承办机构,extraction,52233a544f4c28cfdd7e8c323198ffbcd53a5927d355c09f9eb314df01568645
,,,冗余三元组,1.0,27.0,依据,extraction,d03daf3e94bfbb1b0d0e8924a3805396d721f1c62d58ac9127a2e0d131b5d430
,,,冗余三元组,1.0,51.0,涉及行为,extraction,4d50e735db0c7c921debcd5d22ac59a9a9275f523e4dfe60a64102e7ab70d731
,,,冗余三元组,3.0,44.0,由,extraction,080f99a748c7eb4782333f3721b4fa96e331a8c8466092f36c40de49b7d21732
,,,冗余三元组,3.0,7.0,依据,extraction,2c7744cfc99769a6fc0986cf138e3ed4d77c32f88512b230684854b6658447e8
,,,冗余三元组,1.0,30.0,涉及,extraction,f791f6ad50cca9a9432e1d95b6ef54bd1b64b5eb692d18dc2f430e81dd5537c2
,,,冗余三元组,9.0,3.0,是,extraction,0ec99e7cb6f44635fcabc5bf332037bea07b228f7b51753076ef1e8382984bc4
,,,冗余三元组,10.0,25.0,为,extraction,14eb8cd0d77ed5391b9d37dc27fe68abd7670df3ba47dcd28eb6861f63d38e07
,,,冗余三元组,12.0,25.0,为,extraction,95495f064660a3f109251dafe2c267d79bb3d759704576cd0f4930aedae02db4
,,,冗余三元组,13.0,23.0,是,extraction,a809901cb1266f3034f5251cd5e201f3ce63e484f49bb7e202066cafcce8d4b1
,,,冗余三元组,1.0,36.0,涉及事项,extraction,8f5ef8181607d60e4eccd5ec612a1b947845c41af6a5aa6f33629298f46d39a8
,,,冗余三元组,3.0,1.0,权力类型,extraction,63bb5d4e71e6267d4835ef9479c9ff86b0b3ef916f5e6075b1750ed13e17cad3
,,,冗余三元组,41.0,1.0,行驶主体,extraction,3e203c1cd5240efde0e6a6d05bb4f8d4f3f80b46e735202ba3011d3e2801f0a1
,,,冗余三元组,41.0,1.0,承办机构,extraction,379f2c27a6c0b2eecca7d7b46b22ef51fefdad08ac0ee7abd453d5173a893b67
,,,冗余三元组,1.0,46.0,涉及问题,extraction,3e940b19ef498016fad79857e57d4ee162cee2e05833d1b57fba62f1d9613be3
,,,冗余三元组,32.0,3.0,行使主体,extraction,41bdabc86688760dc4912d308c407e2c7ab5128e9fb40e1cea06108bb0194425
,,,冗余三元组,32.0,32.0,承办机构,extraction,911adfffd05806263bf58b0d02a29a83b098803ea7bdf542e61063696f391749
,,,冗余三元组,3.0,5.0,依据,extraction,64790d95a2d2e906eca21b3a197ae37c528b0a32d460fad1cc89c5b7ba0efd90
,,,冗余三元组,1.0,6.0,涉及事项,extraction,63ed056176a358e5141eeb94299bb1cc5c1ba655d4c97bdb0e998157b41cd7a5
,,,冗余三元组,3.0,1.0,权力类型,extraction,63bb5d4e71e6267d4835ef9479c9ff86b0b3ef916f5e6075b1750ed13e17cad3
,,,冗余三元组,44.0,3.0,行驶主体,extraction,5a54a852e46cf955056cfb470e35ee0ab596f12cadf4d4250f92e1854d40d0fb
,,,冗余三元组,44.0,3.0,承办机构,extraction,26be69caa0923ff59e399351f5a7dbfb94533ccfbecefd9b8cd69f55e191c14d
,,,冗余三元组,3.0,57.0,实施依据,extraction,e01b7835e54581abfa657b1808a0522bf40cbca9262bf39e569a750cf19f593f
,,,冗余三元组,1.0,42.0,涉及事项,extraction,6fa1fbc925e7b9f7909377c8fdb4e224f49dc4ac4ecc0317653a80654e14e7bc
,,,冗余三元组,3.0,1.0,权力类型,extraction,63bb5d4e71e6267d4835ef9479c9ff86b0b3ef916f5e6075b1750ed13e17cad3
,,,冗余三元组,41.0,1.0,行驶主体,extraction,3e203c1cd5240efde0e6a6d05bb4f8d4f3f80b46e735202ba3011d3e2801f0a1
,,,冗余三元组,41.0,1.0,承办机构,extraction,379f2c27a6c0b2eecca7d7b46b22ef51fefdad08ac0ee7abd453d5173a893b67
,,,冗余三元组,7.0,3.0,实施依据,extraction,f19e34325be413dc5e6bb80be003b66e02159d7f79ced0a5e8ba8a58d7125e15
,,,冗余三元组,1.0,46.0,涉及问题,extraction,3e940b19ef498016fad79857e57d4ee162cee2e05833d1b57fba62f1d9613be3
,,,冗余三元组,3.0,1.0,权力类型,extraction,63bb5d4e71e6267d4835ef9479c9ff86b0b3ef916f5e6075b1750ed13e17cad3
,,,冗余三元组,16.0,1.0,行驶主体,extraction,2388221cee7d1ae0ed5be74dbb33fa91b57a06cfae883cc5c2262bfb048b5c48
,,,冗余三元组,16.0,1.0,承办机构,extraction,7da0b9c5ea5b9311256b7bcb955ba7fe507e79fd9fe407e277e1c4de0e1d453e
,,,冗余三元组,1.0,5.0,依据,extraction,1ea7450430c6e25edf81e6ecf2f8dbbbbd3c1ca33319839a0f1c3459a61d2b2e
,,,冗余三元组,1.0,21.0,包含,extraction,635d1027165abbabe82fa63c66c6183ad9893b0e011f20d0b6ad30d71c05ec2a
,,,冗余三元组,9.0,3.0,是,extraction,0ec99e7cb6f44635fcabc5bf332037bea07b228f7b51753076ef1e8382984bc4
,,,冗余三元组,10.0,44.0,为,extraction,69112bdc2b4df8b11750d6f8d72b164b25e2c2af650527da381d1fef1854d09e
,,,冗余三元组,12.0,44.0,为,extraction,789557af73d2a9d31fa03e49ed15b2040e4d5acce57b1e0e7392f07dd6641f18
,,,冗余三元组,13.0,20.0,是,extraction,f536065857d8cffb8690029d0de8e595064374e0e38deb823e625bf375f96c61
,,,冗余三元组,1.0,48.0,涉及内容,extraction,c90c36bc34d7f04fedfc793b0376221c7073cfdcfd8648ced932e92d2e837f7a
,,,冗余三元组,3.0,1.0,权力类型,extraction,63bb5d4e71e6267d4835ef9479c9ff86b0b3ef916f5e6075b1750ed13e17cad3
,,,冗余三元组,32.0,1.0,行驶主体,extraction,f3ae7eebff4e3460421e23abeef0b3052dd9a3dcfbd1f44a03d027eeb1801b4f
,,,冗余三元组,32.0,1.0,承办机构,extraction,931cafd24efaf97775db66b22a04ccc10ef5b34c9f1550f1c6e447e2887940db
,,,冗余三元组,1.0,14.0,依据,extraction,ef634f9e84afb4ebf494e22553b15ac7b1fbc49e61d65588899d98c77fee67fd
,,,冗余三元组,1.0,19.0,涉及内容,extraction,e667158a34c5290413d6959d0281c37377fbc946202a479c446b6afeb89e2126
,,,冗余三元组,3.0,1.0,权力类型,extraction,63bb5d4e71e6267d4835ef9479c9ff86b0b3ef916f5e6075b1750ed13e17cad3
,,,冗余三元组,44.0,1.0,行驶主体,extraction,5aa5bd754001b528942d9ff1cf92c0dac3eea5408ae1a3ad1be7b48dd6ad7bc6
,,,冗余三元组,44.0,1.0,承办机构,extraction,fe869ebaf0ddd080462b050806e1c882e39322a3f98c8d4b29b1d043af63148d
,,,冗余三元组,35.0,1.0,实施依据,extraction,c2160bc37901fdb446bacf457f42f5af556fdcd5b45c0e99b283102cca9bc468
,,,冗余三元组,39.0,1.0,是,extraction,38e1d37380a7519608b7025690633256c2d7865eeeda60653fee8757d9e4afaf
,,,冗余三元组,1.0,47.0,包括,extraction,3ff60d7272f0699378cf6abfa0aacb7a75af63581d52f987c6d8ff0d17106d55
,,,冗余三元组,9.0,3.0,是,extraction,0ec99e7cb6f44635fcabc5bf332037bea07b228f7b51753076ef1e8382984bc4
,,,冗余三元组,10.0,38.0,是,extraction,b756eb5995473eefcaf0d5b4fb891f9eb9190e7e7f446761eaff99790520dd98
,,,冗余三元组,12.0,38.0,是,extraction,76d05d01998cae971c559874b8df42b2445eeafc6d81c360c7aecdbaf38c3f00
,,,冗余三元组,13.0,50.0,是,extraction,c041f04873201647e0b342a86dacb602d31a2f7036dbbbcb8019ba08c7818ff2
,,,冗余三元组,1.0,45.0,涉及事项,extraction,dd7fe96509b2c5c33db03e133555278b4cecbf544b6fac7dea1158a8470efe3a
,,,冗余三元组,3.0,1.0,权力类型,extraction,63bb5d4e71e6267d4835ef9479c9ff86b0b3ef916f5e6075b1750ed13e17cad3
,,,冗余三元组,32.0,3.0,行驶主体,extraction,25aa2c1e152670ddfb23d68a0ae7e021b4a2e63a8a68352208fab8aba8a37318
,,,冗余三元组,32.0,3.0,承办机构,extraction,7cfdba5de59642b67f9924e80b0324afb048e0e5fbe8a9a65ee9100edeae0749
,,,冗余三元组,7.0,3.0,实施依据,extraction,f19e34325be413dc5e6bb80be003b66e02159d7f79ced0a5e8ba8a58d7125e15
,,,冗余三元组,1.0,21.0,包含,extraction,635d1027165abbabe82fa63c66c6183ad9893b0e011f20d0b6ad30d71c05ec2a
,,,冗余三元组,9.0,3.0,是,extraction,0ec99e7cb6f44635fcabc5bf332037bea07b228f7b51753076ef1e8382984bc4
,,,冗余三元组,10.0,26.0,是,extraction,89fbb5ae30c6220e41f165591e4df027877c140a72033fe0680e44206164aa17
,,,冗余三元组,12.0,26.0,是,extraction,a3817cab3fccbfd1b94576c85b68cfb0ff0511791fe7ada5dd7c10500502e531
,,,冗余三元组,13.0,23.0,是,extraction,a809901cb1266f3034f5251cd5e201f3ce63e484f49bb7e202066cafcce8d4b1
,,,冗余三元组,1.0,42.0,涉及事项,extraction,6fa1fbc925e7b9f7909377c8fdb4e224f49dc4ac4ecc0317653a80654e14e7bc
,,,冗余三元组,3.0,1.0,权力类型,extraction,63bb5d4e71e6267d4835ef9479c9ff86b0b3ef916f5e6075b1750ed13e17cad3
,,,冗余三元组,4.0,3.0,行驶主体,extraction,65bd830d3a69c947ab33e8bccf4d7c9239947243f009a12164fa2b3d4defa4e5
,,,冗余三元组,4.0,3.0,承办机构,extraction,552f0352c4383de1ccdd6574c3a3cf1febf987d93f20f8b4d8f312f665277ccd
,,,冗余三元组,29.0,3.0,实施依据,extraction,cd40df6a540917691517a57a5b1cf5b96661ca5fb5dc29fae67c4de0bc29abf0
,,,冗余三元组,1.0,55.0,涉及方面,extraction,5ee3a47a13dc675638470604b07e57a50fdeaeedeade9769ce1a62338490e202
,,,冗余三元组,9.0,3.0,类型,extraction,7b4fd279b61586115fa2987e2d0371238853c4f6f63e89d0b451e4237f492a37
,,,冗余三元组,10.0,11.0,是,extraction,44a8fa7ea54ec2e41111a4f5dc6a9811dee8aa3aa19fb306f9177dfc86a9aea9
,,,冗余三元组,12.0,11.0,是,extraction,54710bbec3ca077fe79c80e1e95ea28a843633289f5bc6efe6abea14f6118623
,,,冗余三元组,13.0,7.0,依据,extraction,d4864a965000ee9dd6917b548bc6febdc16cd42bc472be9753ea85f92086c014
,,,冗余三元组,39.0,1.0,是,extraction,38e1d37380a7519608b7025690633256c2d7865eeeda60653fee8757d9e4afaf
,,,冗余三元组,1.0,52.0,涉及问题,extraction,90af34399ad797a62bec9b3819dad9d64b8031065ff158d8a5f1015257e3e4dd
,,,冗余三元组,9.0,3.0,是,extraction,0ec99e7cb6f44635fcabc5bf332037bea07b228f7b51753076ef1e8382984bc4
,,,冗余三元组,10.0,41.0,是,extraction,6f83ced92a9691e5e14cc19bb1bc5463d86dfecb7bda23ec44eab17a27bf9ae5
,,,冗余三元组,12.0,41.0,是,extraction,a4b1a3ff2483dfe0fabc0a44c0aa6f73e99b87cf7ec502667cce0dc30a67f7b2
,,,冗余三元组,13.0,7.0,是,extraction,5173b273e53a3712e9a749ca6cf7b8e8d3b7641db772c202823ccb26f6087587
,,,冗余三元组,1.0,36.0,服务事项,extraction,54d96ad0e2f87a9a015aca0825a13dd43b223c12eee3078c6a64386d3e37563d
,,,冗余三元组,3.0,1.0,权力类型,extraction,63bb5d4e71e6267d4835ef9479c9ff86b0b3ef916f5e6075b1750ed13e17cad3
,,,冗余三元组,16.0,1.0,行驶主体,extraction,2388221cee7d1ae0ed5be74dbb33fa91b57a06cfae883cc5c2262bfb048b5c48
,,,冗余三元组,16.0,1.0,承办机构,extraction,7da0b9c5ea5b9311256b7bcb955ba7fe507e79fd9fe407e277e1c4de0e1d453e
,,,冗余三元组,27.0,1.0,实施依据,extraction,1dd09eaa3ac242a6049883882dda75ebce911a0b4434d4e2ef5da6ac96a10226
,,,冗余三元组,1.0,60.0,涉及领域,extraction,25fe9bcaeb7e004a7f7cb1fcb4d291c2a96c608fd8ff4641bee8109287b07717
,,,冗余三元组,3.0,1.0,权力类型,extraction,63bb5d4e71e6267d4835ef9479c9ff86b0b3ef916f5e6075b1750ed13e17cad3
,,,冗余三元组,25.0,3.0,行驶主体,extraction,c7f405beeae1829a03dbec6b28d32c4d828da48de999734d24825266b3076f59
,,,冗余三元组,25.0,3.0,承办机构,extraction,eef2c4724eefbb6cbc8a1e38dd903f5952b15b4fa168168b9caed346c6551029
,,,冗余三元组,1.0,2.0,涉及事项,extraction,45a6b5e9b7acaaf964d4ba55ee382735953a50be79b9c5a63cfd56f3bfaa98e9
,,,冗余三元组,9.0,3.0,是,extraction,0ec99e7cb6f44635fcabc5bf332037bea07b228f7b51753076ef1e8382984bc4
,,,冗余三元组,10.0,44.0,是,extraction,53854b14f84a4f7bcec4288babeeb93d9202a8f1247a14098e9a02982cc95640
,,,冗余三元组,12.0,44.0,是,extraction,de41cd62c11f82837c5925e3426f42630d0bc935f1a9e33489b933acda4b7831
,,,冗余三元组,13.0,5.0,是,extraction,507348e0a400849c992ed3d4db941f51b877314c064a446d1a19df892d7a6f73
,,,冗余三元组,1.0,53.0,涉及事项,extraction,f0541f7d0c2d3d04c56da88a6bc6ad2f2baea1220b292ed6fa4bf4744fe4e698
,,,冗余三元组,3.0,1.0,权力类型,extraction,63bb5d4e71e6267d4835ef9479c9ff86b0b3ef916f5e6075b1750ed13e17cad3
,,,冗余三元组,25.0,3.0,行驶主体,extraction,c7f405beeae1829a03dbec6b28d32c4d828da48de999734d24825266b3076f59
,,,冗余三元组,25.0,3.0,承办机构,extraction,eef2c4724eefbb6cbc8a1e38dd903f5952b15b4fa168168b9caed346c6551029
,,,冗余三元组,7.0,3.0,实施依据,extraction,f19e34325be413dc5e6bb80be003b66e02159d7f79ced0a5e8ba8a58d7125e15
,,,冗余三元组,1.0,2.0,涉及事项,extraction,45a6b5e9b7acaaf964d4ba55ee382735953a50be79b9c5a63cfd56f3bfaa98e9
,,,冗余三元组,3.0,1.0,权力类型,extraction,63bb5d4e71e6267d4835ef9479c9ff86b0b3ef916f5e6075b1750ed13e17cad3
,,,冗余三元组,38.0,1.0,行驶主体,extraction,d0e87a0daf3bc1ed7bad39f66dc6d8ee74064b05fe94192417c8b6e3e4cd53a9
,,,冗余三元组,38.0,1.0,承办机构,extraction,b14641014ea8d3db9ba04ac2bb249443dd5f26425e740d86371e870ef2d4a84a
,,,冗余三元组,1.0,27.0,依据,extraction,d03daf3e94bfbb1b0d0e8924a3805396d721f1c62d58ac9127a2e0d131b5d430
,,,冗余三元组,3.0,1.0,权力类型,extraction,63bb5d4e71e6267d4835ef9479c9ff86b0b3ef916f5e6075b1750ed13e17cad3
,,,冗余三元组,11.0,1.0,行驶主体,extraction,50e598b1826c6a6e16cbb761d7126c8286dd306ea8aefdffee154cbb615a866b
,,,冗余三元组,11.0,1.0,承办机构,extraction,ecacee85e506b895bb6ef636499570c58825c04c2655e0f358383dd8770dbffa
,,,冗余三元组,1.0,20.0,实施依据,extraction,9583485e7c5313414eee8da478484ca22765513065c2129cbcfee14a2b57b3d7
,,,冗余三元组,1.0,60.0,服务事项,extraction,287aa1628b16bd50e098ad4ed738ddedb129fdc444eb1a0cd354fe091a42aaa8
,,,冗余三元组,3.0,1.0,权力类型,extraction,63bb5d4e71e6267d4835ef9479c9ff86b0b3ef916f5e6075b1750ed13e17cad3
,,,冗余三元组,44.0,1.0,行驶主体,extraction,5aa5bd754001b528942d9ff1cf92c0dac3eea5408ae1a3ad1be7b48dd6ad7bc6
,,,冗余三元组,44.0,1.0,承办机构,extraction,fe869ebaf0ddd080462b050806e1c882e39322a3f98c8d4b29b1d043af63148d
,,,冗余三元组,37.0,1.0,实施依据,extraction,09d255701213a5f1fc35300e57fc286072af9b281e8b6176db074a855aa6f1c9
,,,冗余三元组,1.0,17.0,涉及事项,extraction,26e5b368d0569ae2cd1db86e58c1825b9d075b33fb779749f2c6991aaf9b42eb
,,,冗余三元组,3.0,1.0,权力类型,extraction,63bb5d4e71e6267d4835ef9479c9ff86b0b3ef916f5e6075b1750ed13e17cad3
,,,冗余三元组,22.0,3.0,行驶主体,extraction,63b889c6caaf61c3eefad202bc0e1a4344122b009d898e41612d2ce9411c9a90
,,,冗余三元组,22.0,3.0,承办机构,extraction,450ea2044227017296ffd8295e12ead624bac9ad5fb24c8dce7525315368e0fd
,,,冗余三元组,23.0,3.0,实施依据,extraction,365a514488858a29239444ea6807697216abe5039811b8ff6d729d3df6958386
,,,冗余三元组,1.0,51.0,包含行为,extraction,f8a8dc8a03ea22f0c99fcbd7990d1f03fe9b84cf3f283d29a67c08ec33604bcb
,,,冗余三元组,9.0,3.0,是,extraction,0ec99e7cb6f44635fcabc5bf332037bea07b228f7b51753076ef1e8382984bc4
,,,冗余三元组,10.0,11.0,是,extraction,44a8fa7ea54ec2e41111a4f5dc6a9811dee8aa3aa19fb306f9177dfc86a9aea9
,,,冗余三元组,12.0,11.0,是,extraction,54710bbec3ca077fe79c80e1e95ea28a843633289f5bc6efe6abea14f6118623
,,,冗余三元组,13.0,35.0,是,extraction,bdb6ae948fcb734a09a70e6199e73c6b4e1ee8988d36d946e8376162542ec754
,,,冗余三元组,1.0,53.0,涉及事项,extraction,f0541f7d0c2d3d04c56da88a6bc6ad2f2baea1220b292ed6fa4bf4744fe4e698
,,,冗余三元组,3.0,1.0,权力类型,extraction,63bb5d4e71e6267d4835ef9479c9ff86b0b3ef916f5e6075b1750ed13e17cad3
,,,冗余三元组,32.0,3.0,行驶主体,extraction,25aa2c1e152670ddfb23d68a0ae7e021b4a2e63a8a68352208fab8aba8a37318
,,,冗余三元组,32.0,3.0,承办机构,extraction,7cfdba5de59642b67f9924e80b0324afb048e0e5fbe8a9a65ee9100edeae0749
,,,冗余三元组,3.0,14.0,实施依据,extraction,09931771bbcd9cd15e93938cf3ce07dfed30596b980f89738627e75ac71073d2
,,,冗余三元组,1.0,2.0,涉及事项,extraction,45a6b5e9b7acaaf964d4ba55ee382735953a50be79b9c5a63cfd56f3bfaa98e9
,,,冗余三元组,22.0,22.0,行驶主体,extraction,ea514dce437d76e89b3fa59071aafb2f1a77f9b4650cd943de730b79d7484854
,,,冗余三元组,22.0,22.0,承办机构,extraction,c26bdc333007524d45848b23cd157a7888dcd66080cd02562078a2e4976bc46c
,,,冗余三元组,1.0,53.0,涉及事项,extraction,f0541f7d0c2d3d04c56da88a6bc6ad2f2baea1220b292ed6fa4bf4744fe4e698
,,,冗余三元组,3.0,1.0,权力类型,extraction,63bb5d4e71e6267d4835ef9479c9ff86b0b3ef916f5e6075b1750ed13e17cad3
,,,冗余三元组,44.0,1.0,行驶主体,extraction,5aa5bd754001b528942d9ff1cf92c0dac3eea5408ae1a3ad1be7b48dd6ad7bc6
,,,冗余三元组,44.0,1.0,承办机构,extraction,fe869ebaf0ddd080462b050806e1c882e39322a3f98c8d4b29b1d043af63148d
,,,冗余三元组,33.0,1.0,实施依据,extraction,bd4d251de9aa9eb9c09f30ba2cb708ae2c507f14020ac308d2f0fc7019e488a7
,,,冗余三元组,1.0,54.0,服务事项,extraction,f1b6e795f7f4341a924257c51e053eb45298f6fc867b5d12c7547aa7ef61bce7
,,,冗余三元组,3.0,1.0,权力类型,extraction,63bb5d4e71e6267d4835ef9479c9ff86b0b3ef916f5e6075b1750ed13e17cad3
,,,冗余三元组,32.0,1.0,行驶主体,extraction,f3ae7eebff4e3460421e23abeef0b3052dd9a3dcfbd1f44a03d027eeb1801b4f
,,,冗余三元组,32.0,1.0,承办机构,extraction,931cafd24efaf97775db66b22a04ccc10ef5b34c9f1550f1c6e447e2887940db
,,,冗余三元组,5.0,1.0,实施依据,extraction,746c20bbe85a6c741c868997cbc091c7eddeafc57e2839c0cc9ba4fd6c55ad73
,,,冗余三元组,39.0,1.0,是,extraction,38e1d37380a7519608b7025690633256c2d7865eeeda60653fee8757d9e4afaf
,,,冗余三元组,9.0,3.0,是,extraction,0ec99e7cb6f44635fcabc5bf332037bea07b228f7b51753076ef1e8382984bc4
,,,冗余三元组,10.0,25.0,是,extraction,ad542489db79b38432a47864e6f61070ea6042115797987a3bcdb2baca19bebf
,,,冗余三元组,12.0,25.0,是,extraction,dc4ae0749038f60cf9a543d11bdbb3655270d3f1168c53408b231865a3b78a64
,,,冗余三元组,13.0,50.0,是,extraction,c041f04873201647e0b342a86dacb602d31a2f7036dbbbcb8019ba08c7818ff2
,,,冗余三元组,1.0,53.0,涉及事项,extraction,f0541f7d0c2d3d04c56da88a6bc6ad2f2baea1220b292ed6fa4bf4744fe4e698
,,,冗余三元组,3.0,1.0,权力类型,extraction,63bb5d4e71e6267d4835ef9479c9ff86b0b3ef916f5e6075b1750ed13e17cad3
,,,冗余三元组,16.0,1.0,行驶主体,extraction,2388221cee7d1ae0ed5be74dbb33fa91b57a06cfae883cc5c2262bfb048b5c48
,,,冗余三元组,16.0,1.0,承办机构,extraction,7da0b9c5ea5b9311256b7bcb955ba7fe507e79fd9fe407e277e1c4de0e1d453e
,,,冗余三元组,50.0,1.0,实施依据,extraction,f457526c1cfb3555ddaf37521754b077e421b97c6e91ba6f2f018b313f33247d
,,,冗余三元组,39.0,1.0,是,extraction,38e1d37380a7519608b7025690633256c2d7865eeeda60653fee8757d9e4afaf
,,,冗余三元组,9.0,3.0,是,extraction,0ec99e7cb6f44635fcabc5bf332037bea07b228f7b51753076ef1e8382984bc4
,,,冗余三元组,10.0,44.0,是,extraction,53854b14f84a4f7bcec4288babeeb93d9202a8f1247a14098e9a02982cc95640
,,,冗余三元组,12.0,44.0,是,extraction,de41cd62c11f82837c5925e3426f42630d0bc935f1a9e33489b933acda4b7831
,,,冗余三元组,13.0,29.0,是,extraction,ffa30b4f3216d3a8f56030cb4d33517361b4979ec19a58b4d3a546e9f0b38bdc
,,,冗余三元组,9.0,3.0,是,extraction,0ec99e7cb6f44635fcabc5bf332037bea07b228f7b51753076ef1e8382984bc4
,,,冗余三元组,10.0,26.0,是,extraction,89fbb5ae30c6220e41f165591e4df027877c140a72033fe0680e44206164aa17
,,,冗余三元组,12.0,26.0,是,extraction,a3817cab3fccbfd1b94576c85b68cfb0ff0511791fe7ada5dd7c10500502e531
,,,冗余三元组,13.0,20.0,是,extraction,f536065857d8cffb8690029d0de8e595064374e0e38deb823e625bf375f96c61
,,,冗余三元组,1.0,30.0,涉及,extraction,f791f6ad50cca9a9432e1d95b6ef54bd1b64b5eb692d18dc2f430e81dd5537c2
,,,冗余三元组,9.0,3.0,是,extraction,0ec99e7cb6f44635fcabc5bf332037bea07b228f7b51753076ef1e8382984bc4
,,,冗余三元组,44.0,10.0,是,extraction,e97b79b5b51a26f8e69423d992b4d4ac3c9df26ba1701ad7c77eeb760090b85f
,,,冗余三元组,44.0,12.0,是,extraction,537b882894928037262f9ea46bf01e1672e25e5a7ee1429a98d10319803e4408
,,,冗余三元组,13.0,23.0,是,extraction,a809901cb1266f3034f5251cd5e201f3ce63e484f49bb7e202066cafcce8d4b1
,,,冗余三元组,1.0,60.0,涉及领域,extraction,25fe9bcaeb7e004a7f7cb1fcb4d291c2a96c608fd8ff4641bee8109287b07717
,,,冗余三元组,3.0,1.0,权力类型,extraction,63bb5d4e71e6267d4835ef9479c9ff86b0b3ef916f5e6075b1750ed13e17cad3
,,,冗余三元组,41.0,1.0,行驶主体,extraction,3e203c1cd5240efde0e6a6d05bb4f8d4f3f80b46e735202ba3011d3e2801f0a1
,,,冗余三元组,41.0,1.0,承办机构,extraction,379f2c27a6c0b2eecca7d7b46b22ef51fefdad08ac0ee7abd453d5173a893b67
,,,冗余三元组,1.0,20.0,实施依据,extraction,9583485e7c5313414eee8da478484ca22765513065c2129cbcfee14a2b57b3d7
,,,冗余三元组,1.0,8.0,涉及内容,extraction,d02de960772b95844ead284f303c0cc0a431bb9e9d2e2a9acb00d12d4b09753a
,,,冗余三元组,9.0,3.0,类型,extraction,7b4fd279b61586115fa2987e2d0371238853c4f6f63e89d0b451e4237f492a37
,,,冗余三元组,9.0,3.0,是,extraction,0ec99e7cb6f44635fcabc5bf332037bea07b228f7b51753076ef1e8382984bc4
,,,冗余三元组,10.0,26.0,是,extraction,89fbb5ae30c6220e41f165591e4df027877c140a72033fe0680e44206164aa17
,,,冗余三元组,12.0,26.0,是,extraction,a3817cab3fccbfd1b94576c85b68cfb0ff0511791fe7ada5dd7c10500502e531
,,,冗余三元组,13.0,14.0,是,extraction,bfbeedc7e6daf4f851060b875d14b5b7c1dab5b695356d4176fd018de0894ae2
,,,冗余三元组,1.0,45.0,涉及事项,extraction,dd7fe96509b2c5c33db03e133555278b4cecbf544b6fac7dea1158a8470efe3a
,,,冗余三元组,3.0,1.0,权力类型,extraction,63bb5d4e71e6267d4835ef9479c9ff86b0b3ef916f5e6075b1750ed13e17cad3
,,,冗余三元组,22.0,3.0,行驶主体,extraction,63b889c6caaf61c3eefad202bc0e1a4344122b009d898e41612d2ce9411c9a90
,,,冗余三元组,22.0,3.0,承办机构,extraction,450ea2044227017296ffd8295e12ead624bac9ad5fb24c8dce7525315368e0fd
,,,冗余三元组,20.0,3.0,实施依据,extraction,74c469772883cc75830d6664aabca03b3c8bc471660e084cede3096ee903fa04
,,,冗余三元组,39.0,1.0,是,extraction,38e1d37380a7519608b7025690633256c2d7865eeeda60653fee8757d9e4afaf
,,,冗余三元组,1.0,53.0,包括,extraction,1381a6fba20dceee35da6a7e780388847a73a5c6c53d663717205383f4784027
,,,冗余三元组,9.0,3.0,是,extraction,0ec99e7cb6f44635fcabc5bf332037bea07b228f7b51753076ef1e8382984bc4
,,,冗余三元组,10.0,4.0,是,extraction,4253afef8f3fd90e1effb4068d33d5af9bf9795c98a41a591346af581d8c5b13
,,,冗余三元组,12.0,4.0,是,extraction,157789d187fc7ed7a6f770e4112d938e1669ffabeec33b64ab160620d61c286f
,,,冗余三元组,13.0,27.0,是,extraction,b6eab7714fb673bef9d283a76736709544e272990472859dc282d706a47931e5
,,,冗余三元组,1.0,47.0,服务事项,extraction,b33592c1f30e39df0401c77d218134fb8abddfd7e8dbdedb52818471c5201bf4
,,,冗余三元组,3.0,1.0,权力类型,extraction,63bb5d4e71e6267d4835ef9479c9ff86b0b3ef916f5e6075b1750ed13e17cad3
,,,冗余三元组,26.0,1.0,行驶主体,extraction,c02b72a8d8a1775ff7e7978594abd6b5422b51c7c4fffd7eac711ff69bf88a97
,,,冗余三元组,26.0,1.0,承办机构,extraction,69ebaebdf045cea8cb77aa5e448d960f3c2e8a6fbe335676bbabaa00d3c918e5
,,,冗余三元组,33.0,1.0,实施依据,extraction,bd4d251de9aa9eb9c09f30ba2cb708ae2c507f14020ac308d2f0fc7019e488a7
,,,冗余三元组,1.0,30.0,涉及,extraction,f791f6ad50cca9a9432e1d95b6ef54bd1b64b5eb692d18dc2f430e81dd5537c2
,,,冗余三元组,9.0,3.0,是,extraction,0ec99e7cb6f44635fcabc5bf332037bea07b228f7b51753076ef1e8382984bc4
,,,冗余三元组,10.0,38.0,是,extraction,b756eb5995473eefcaf0d5b4fb891f9eb9190e7e7f446761eaff99790520dd98
,,,冗余三元组,12.0,38.0,是,extraction,76d05d01998cae971c559874b8df42b2445eeafc6d81c360c7aecdbaf38c3f00
,,,冗余三元组,13.0,5.0,是,extraction,507348e0a400849c992ed3d4db941f51b877314c064a446d1a19df892d7a6f73
,,,冗余三元组,1.0,48.0,涉及内容,extraction,c90c36bc34d7f04fedfc793b0376221c7073cfdcfd8648ced932e92d2e837f7a
,,,冗余三元组,3.0,1.0,权力类型,extraction,63bb5d4e71e6267d4835ef9479c9ff86b0b3ef916f5e6075b1750ed13e17cad3
,,,冗余三元组,25.0,3.0,行驶主体,extraction,c7f405beeae1829a03dbec6b28d32c4d828da48de999734d24825266b3076f59
,,,冗余三元组,25.0,3.0,承办机构,extraction,eef2c4724eefbb6cbc8a1e38dd903f5952b15b4fa168168b9caed346c6551029
,,,冗余三元组,39.0,1.0,是,extraction,38e1d37380a7519608b7025690633256c2d7865eeeda60653fee8757d9e4afaf
,,,冗余三元组,41.0,10.0,是,extraction,13174a20288cb82a8ad6ce9f7332df7553cd0404ac13c0bbc120c032408c5fe3
,,,冗余三元组,41.0,12.0,是,extraction,fad70d47d35873d476ecd9b8502513e72a366a3a7f904b2d994765aedc16758b
,,,冗余三元组,1.0,31.0,涉及问题,extraction,ea08369126f7fbe0d95ca41a348902bab3f4d8e388232d1c4ed32a98fca9af59
,,,冗余三元组,3.0,1.0,权力类型,extraction,63bb5d4e71e6267d4835ef9479c9ff86b0b3ef916f5e6075b1750ed13e17cad3
,,,冗余三元组,4.0,3.0,行驶主体,extraction,65bd830d3a69c947ab33e8bccf4d7c9239947243f009a12164fa2b3d4defa4e5
,,,冗余三元组,4.0,3.0,承办机构,extraction,552f0352c4383de1ccdd6574c3a3cf1febf987d93f20f8b4d8f312f665277ccd
,,,冗余三元组,3.0,7.0,依据,extraction,2c7744cfc99769a6fc0986cf138e3ed4d77c32f88512b230684854b6658447e8
,,,冗余三元组,1.0,45.0,涉及事项,extraction,dd7fe96509b2c5c33db03e133555278b4cecbf544b6fac7dea1158a8470efe3a
,,,冗余三元组,22.0,22.0,行驶主体,extraction,ea514dce437d76e89b3fa59071aafb2f1a77f9b4650cd943de730b79d7484854
,,,冗余三元组,22.0,22.0,承办机构,extraction,c26bdc333007524d45848b23cd157a7888dcd66080cd02562078a2e4976bc46c
,,,冗余三元组,37.0,3.0,实施依据,extraction,980a426a4890aa6880028a39b27563b630569c34cd3744943c728122dcc81e34
,,,冗余三元组,1.0,6.0,涉及事项,extraction,63ed056176a358e5141eeb94299bb1cc5c1ba655d4c97bdb0e998157b41cd7a5
,,,冗余三元组,3.0,1.0,权力类型,extraction,63bb5d4e71e6267d4835ef9479c9ff86b0b3ef916f5e6075b1750ed13e17cad3
,,,冗余三元组,16.0,3.0,行驶主体,extraction,dcf915ca16fdd03067ac26bed4e74e74a9239bdbd1f71068aedeb4f177f92df1
,,,冗余三元组,16.0,3.0,承办机构,extraction,1845bf4af0283ae739a3edd822fa3a6e7302f5b26eae67bdd654099cddf35e9f
,,,冗余三元组,35.0,3.0,实施依据,extraction,b624cc26441dfe817af4e1eb453814a9cb80441634853b422b6c75adb5478d0b
,,,冗余三元组,3.0,1.0,权力类型,extraction,63bb5d4e71e6267d4835ef9479c9ff86b0b3ef916f5e6075b1750ed13e17cad3
,,,冗余三元组,22.0,1.0,行驶主体,extraction,51b40b4c4f91240a5d323aaa57fa14fc575345cbc5dfbd5960fee3546a9d8c6c
,,,冗余三元组,22.0,1.0,承办机构,extraction,9c49a1220338386706f2952f161469c3bd5f784a5b99fbb95a8b8222c52b3a33
,,,冗余三元组,14.0,1.0,实施依据,extraction,9e8311c5545f056237fea59ad427e08044b1f281b728a5fbe6f711b2b87fb62b
,,,冗余三元组,3.0,38.0,执行主体,extraction,5d250c09df8e146fdfa7a0a6ada52cf164aa944984285b51d98ad2bfa79d860f
,,,冗余三元组,38.0,3.0,行使权力,extraction,dc22f7cdce0e957c3a1d71f68c6874b37b8df760289be52dcd045d8e46a7c60e
,,,冗余三元组,38.0,38.0,承办机构,extraction,b619e9d457887be3d61611bff020cacc7b41462b9cc542ab315eaf4889c78bed
,,,冗余三元组,1.0,31.0,涉及问题,extraction,ea08369126f7fbe0d95ca41a348902bab3f4d8e388232d1c4ed32a98fca9af59
,,,冗余三元组,3.0,1.0,权力类型,extraction,63bb5d4e71e6267d4835ef9479c9ff86b0b3ef916f5e6075b1750ed13e17cad3
,,,冗余三元组,16.0,1.0,行驶主体,extraction,2388221cee7d1ae0ed5be74dbb33fa91b57a06cfae883cc5c2262bfb048b5c48
,,,冗余三元组,16.0,1.0,承办机构,extraction,7da0b9c5ea5b9311256b7bcb955ba7fe507e79fd9fe407e277e1c4de0e1d453e
,,,冗余三元组,27.0,1.0,实施依据,extraction,1dd09eaa3ac242a6049883882dda75ebce911a0b4434d4e2ef5da6ac96a10226
,,,冗余三元组,1.0,52.0,包含,extraction,65aa9d8836d9408071d2ab46124ddeb7f4ac0702d8710d1e2c37dda2c678d8d3
,,,冗余三元组,9.0,3.0,是,extraction,0ec99e7cb6f44635fcabc5bf332037bea07b228f7b51753076ef1e8382984bc4
,,,冗余三元组,10.0,22.0,是,extraction,5a0b03998ab865a9402789a91f83ce5e2c3e8b9dc624370864b73747e8ad330a
,,,冗余三元组,12.0,22.0,是,extraction,51b7578f6e3f4d6aa73a569f8dfc21fce38f169c0202a35f222c3aebbfe18ce9
,,,冗余三元组,13.0,35.0,是,extraction,bdb6ae948fcb734a09a70e6199e73c6b4e1ee8988d36d946e8376162542ec754
,,,冗余三元组,1.0,36.0,服务事项,extraction,54d96ad0e2f87a9a015aca0825a13dd43b223c12eee3078c6a64386d3e37563d
,,,冗余三元组,3.0,1.0,权力类型,extraction,63bb5d4e71e6267d4835ef9479c9ff86b0b3ef916f5e6075b1750ed13e17cad3
,,,冗余三元组,4.0,1.0,行驶主体,extraction,76853b7863ac80a3aad594a1104aa5b967a97525e8a2a9def28eeeebf43e4bab
,,,冗余三元组,4.0,1.0,承办机构,extraction,f7483722370a3db6cc6e9698d7f621113a7fe751bca6b181a1961b22639e7ed3
,,,冗余三元组,20.0,1.0,实施依据,extraction,fa879230d50cba26fe3e25fda133ad3500d518880a888364d68f6f0c8fcf6adf
,,,冗余三元组,1.0,31.0,涉及问题,extraction,ea08369126f7fbe0d95ca41a348902bab3f4d8e388232d1c4ed32a98fca9af59
,,,冗余三元组,3.0,1.0,权力类型,extraction,63bb5d4e71e6267d4835ef9479c9ff86b0b3ef916f5e6075b1750ed13e17cad3
,,,冗余三元组,41.0,1.0,行驶主体,extraction,3e203c1cd5240efde0e6a6d05bb4f8d4f3f80b46e735202ba3011d3e2801f0a1
,,,冗余三元组,41.0,1.0,承办机构,extraction,379f2c27a6c0b2eecca7d7b46b22ef51fefdad08ac0ee7abd453d5173a893b67
,,,冗余三元组,1.0,20.0,实施依据,extraction,9583485e7c5313414eee8da478484ca22765513065c2129cbcfee14a2b57b3d7
,,,冗余三元组,1.0,48.0,涉及内容,extraction,c90c36bc34d7f04fedfc793b0376221c7073cfdcfd8648ced932e92d2e837f7a
,,,冗余三元组,3.0,1.0,权力类型,extraction,63bb5d4e71e6267d4835ef9479c9ff86b0b3ef916f5e6075b1750ed13e17cad3
,,,冗余三元组,32.0,1.0,行驶主体,extraction,f3ae7eebff4e3460421e23abeef0b3052dd9a3dcfbd1f44a03d027eeb1801b4f
,,,冗余三元组,32.0,1.0,承办机构,extraction,931cafd24efaf97775db66b22a04ccc10ef5b34c9f1550f1c6e447e2887940db
,,,冗余三元组,27.0,1.0,实施依据,extraction,1dd09eaa3ac242a6049883882dda75ebce911a0b4434d4e2ef5da6ac96a10226
,,,冗余三元组,1.0,55.0,涉及,extraction,d3dce47df0bc87d9fc69992a5dfb419dc64d4ec5f6b002937da586081885a914
,,,冗余三元组,9.0,3.0,是,extraction,0ec99e7cb6f44635fcabc5bf332037bea07b228f7b51753076ef1e8382984bc4
,,,冗余三元组,10.0,44.0,是,extraction,53854b14f84a4f7bcec4288babeeb93d9202a8f1247a14098e9a02982cc95640
,,,冗余三元组,12.0,44.0,是,extraction,de41cd62c11f82837c5925e3426f42630d0bc935f1a9e33489b933acda4b7831
,,,冗余三元组,13.0,23.0,是,extraction,a809901cb1266f3034f5251cd5e201f3ce63e484f49bb7e202066cafcce8d4b1
,,,冗余三元组,1.0,24.0,基于,extraction,a5276488a9604d9649d8bacd34b068a0005e4d755aa469a2a15794604500ae4d
,,,冗余三元组,13.0,37.0,来自,extraction,9be20541547878f5553f07386429b6cbeaf2db5b685571c8cecbbe71bcc82b2f
,,,冗余三元组,3.0,1.0,权力类型,extraction,63bb5d4e71e6267d4835ef9479c9ff86b0b3ef916f5e6075b1750ed13e17cad3
,,,冗余三元组,25.0,3.0,行驶主体,extraction,c7f405beeae1829a03dbec6b28d32c4d828da48de999734d24825266b3076f59
,,,冗余三元组,25.0,3.0,承办机构,extraction,eef2c4724eefbb6cbc8a1e38dd903f5952b15b4fa168168b9caed346c6551029
,,,冗余三元组,50.0,3.0,实施依据,extraction,a790816385e8e57fdbef950d1c81f1f95be9fa56bdb61522285b14310350de63
,,,冗余三元组,1.0,46.0,涉及问题,extraction,3e940b19ef498016fad79857e57d4ee162cee2e05833d1b57fba62f1d9613be3
,,,冗余三元组,16.0,16.0,行驶主体,extraction,de3d3e85ffec1b1c16f445f7a5e7e204c5d5fb0d31f317bb122227719e728676
,,,冗余三元组,16.0,16.0,承办机构,extraction,dd3beedaf67b0e9e05574852bf1b9e7df5fccb39eb43ab3bef7f7645d192767e
,,,冗余三元组,37.0,3.0,实施依据,extraction,980a426a4890aa6880028a39b27563b630569c34cd3744943c728122dcc81e34
,,,冗余三元组,1.0,34.0,包含,extraction,55e4afabf77afe2a5eab9a2e4e01194c0b9b6c241104b977092e714b9c92562f
,,,冗余三元组,9.0,3.0,是,extraction,0ec99e7cb6f44635fcabc5bf332037bea07b228f7b51753076ef1e8382984bc4
,,,冗余三元组,10.0,25.0,为,extraction,14eb8cd0d77ed5391b9d37dc27fe68abd7670df3ba47dcd28eb6861f63d38e07
,,,冗余三元组,12.0,25.0,为,extraction,95495f064660a3f109251dafe2c267d79bb3d759704576cd0f4930aedae02db4
,,,冗余三元组,13.0,23.0,是,extraction,a809901cb1266f3034f5251cd5e201f3ce63e484f49bb7e202066cafcce8d4b1
,,,冗余三元组,1.0,8.0,涉及内容,extraction,d02de960772b95844ead284f303c0cc0a431bb9e9d2e2a9acb00d12d4b09753a
,,,冗余三元组,3.0,1.0,权力类型,extraction,63bb5d4e71e6267d4835ef9479c9ff86b0b3ef916f5e6075b1750ed13e17cad3
,,,冗余三元组,32.0,1.0,行驶主体,extraction,f3ae7eebff4e3460421e23abeef0b3052dd9a3dcfbd1f44a03d027eeb1801b4f
,,,冗余三元组,32.0,1.0,承办机构,extraction,931cafd24efaf97775db66b22a04ccc10ef5b34c9f1550f1c6e447e2887940db
,,,冗余三元组,35.0,1.0,实施依据,extraction,c2160bc37901fdb446bacf457f42f5af556fdcd5b45c0e99b283102cca9bc468
,,,冗余三元组,1.0,19.0,涉及行为,extraction,7f240590f2a7da25c488c633d39a09a722fedca13693b57fc75c819db158f3af
,,,冗余三元组,3.0,1.0,权力类型,extraction,63bb5d4e71e6267d4835ef9479c9ff86b0b3ef916f5e6075b1750ed13e17cad3
,,,冗余三元组,16.0,1.0,行驶主体,extraction,2388221cee7d1ae0ed5be74dbb33fa91b57a06cfae883cc5c2262bfb048b5c48
,,,冗余三元组,16.0,1.0,承办机构,extraction,7da0b9c5ea5b9311256b7bcb955ba7fe507e79fd9fe407e277e1c4de0e1d453e
,,,冗余三元组,50.0,1.0,实施依据,extraction,f457526c1cfb3555ddaf37521754b077e421b97c6e91ba6f2f018b313f33247d
,,,冗余三元组,1.0,54.0,涉及领域,extraction,bf464bcbcd83e979756fbd8eee9d0f695e979e7851f7354e079d63510152047a
,,,冗余三元组,3.0,1.0,权力类型,extraction,63bb5d4e71e6267d4835ef9479c9ff86b0b3ef916f5e6075b1750ed13e17cad3
,,,冗余三元组,38.0,3.0,行驶主体,extraction,09efeab994a6d0a0d2474408b9050a4299990ea94ef2b0fd3b3f3c42b80c1d00
,,,冗余三元组,38.0,3.0,承办机构,extraction,3ffeb2c635f8eac91bfd409e9ffa26f73bbf4f4bb174d1a1c0cfa1334e723247
,,,冗余三元组,3.0,37.0,实施依据,extraction,b86037853e03ce9325835ce0d5f8bc88f5a69871c920f2a76c31a83bbd194153
,,,冗余三元组,1.0,17.0,涉及事项,extraction,26e5b368d0569ae2cd1db86e58c1825b9d075b33fb779749f2c6991aaf9b42eb
,,,冗余三元组,22.0,3.0,行驶主体,extraction,63b889c6caaf61c3eefad202bc0e1a4344122b009d898e41612d2ce9411c9a90
,,,冗余三元组,22.0,22.0,承办机构,extraction,c26bdc333007524d45848b23cd157a7888dcd66080cd02562078a2e4976bc46c
,,,冗余三元组,1.0,48.0,涉及内容,extraction,c90c36bc34d7f04fedfc793b0376221c7073cfdcfd8648ced932e92d2e837f7a
,,,冗余三元组,3.0,1.0,权力类型,extraction,63bb5d4e71e6267d4835ef9479c9ff86b0b3ef916f5e6075b1750ed13e17cad3
,,,冗余三元组,25.0,1.0,行驶主体,extraction,f8d14ca82df048e60e8e15e838aee0937165e7863b618cad5ab1fa07cbe6c922
,,,冗余三元组,25.0,1.0,承办机构,extraction,52233a544f4c28cfdd7e8c323198ffbcd53a5927d355c09f9eb314df01568645
,,,冗余三元组,23.0,1.0,实施依据,extraction,38e452b8d15dc7858dd36229d7d1d00af4852cea15d7b71d1d6320aef92fe236
,,,冗余三元组,1.0,54.0,涉及领域,extraction,bf464bcbcd83e979756fbd8eee9d0f695e979e7851f7354e079d63510152047a
,,,冗余三元组,3.0,1.0,权力类型,extraction,63bb5d4e71e6267d4835ef9479c9ff86b0b3ef916f5e6075b1750ed13e17cad3
,,,冗余三元组,4.0,3.0,行驶主体,extraction,65bd830d3a69c947ab33e8bccf4d7c9239947243f009a12164fa2b3d4defa4e5
,,,冗余三元组,4.0,3.0,承办机构,extraction,552f0352c4383de1ccdd6574c3a3cf1febf987d93f20f8b4d8f312f665277ccd
,,,冗余三元组,23.0,3.0,实施依据,extraction,365a514488858a29239444ea6807697216abe5039811b8ff6d729d3df6958386
,,,冗余三元组,39.0,1.0,是,extraction,38e1d37380a7519608b7025690633256c2d7865eeeda60653fee8757d9e4afaf
,,,冗余三元组,1.0,34.0,包含,extraction,55e4afabf77afe2a5eab9a2e4e01194c0b9b6c241104b977092e714b9c92562f
,,,冗余三元组,9.0,3.0,是,extraction,0ec99e7cb6f44635fcabc5bf332037bea07b228f7b51753076ef1e8382984bc4
,,,冗余三元组,10.0,4.0,是,extraction,4253afef8f3fd90e1effb4068d33d5af9bf9795c98a41a591346af581d8c5b13
,,,冗余三元组,12.0,4.0,是,extraction,157789d187fc7ed7a6f770e4112d938e1669ffabeec33b64ab160620d61c286f
,,,冗余三元组,13.0,35.0,是,extraction,bdb6ae948fcb734a09a70e6199e73c6b4e1ee8988d36d946e8376162542ec754
,,,冗余三元组,1.0,31.0,涉及事项,extraction,f3220bd517fb70fe72f0f354fdf1fe08442b21b32cae58b726ef2340a0149292
,,,冗余三元组,3.0,1.0,权力类型,extraction,63bb5d4e71e6267d4835ef9479c9ff86b0b3ef916f5e6075b1750ed13e17cad3
,,,冗余三元组,25.0,3.0,行驶主体,extraction,c7f405beeae1829a03dbec6b28d32c4d828da48de999734d24825266b3076f59
,,,冗余三元组,25.0,3.0,承办机构,extraction,eef2c4724eefbb6cbc8a1e38dd903f5952b15b4fa168168b9caed346c6551029
,,,冗余三元组,3.0,20.0,依据,extraction,47bd5385ecff6c4878de85cee4387481cec77d129a3e9d1c02bfa5960ffd344e
,,,冗余三元组,1.0,53.0,涉及事项,extraction,f0541f7d0c2d3d04c56da88a6bc6ad2f2baea1220b292ed6fa4bf4744fe4e698
,,,冗余三元组,3.0,1.0,权力类型,extraction,63bb5d4e71e6267d4835ef9479c9ff86b0b3ef916f5e6075b1750ed13e17cad3
,,,冗余三元组,26.0,3.0,行驶主体,extraction,53a6aecb0cb919674eb601d3ca9bfb3e1cd8021d0c2b4edaea1103f12ff5d1fa
,,,冗余三元组,26.0,3.0,承办机构,extraction,09f29ebed328eaaeac44ee7d9b0d8d8b248964f2da25bc454213eb1f6ed1c65b
,,,冗余三元组,29.0,3.0,实施依据,extraction,cd40df6a540917691517a57a5b1cf5b96661ca5fb5dc29fae67c4de0bc29abf0
,,,冗余三元组,3.0,1.0,权力类型,extraction,63bb5d4e71e6267d4835ef9479c9ff86b0b3ef916f5e6075b1750ed13e17cad3
,,,冗余三元组,4.0,1.0,行驶主体,extraction,76853b7863ac80a3aad594a1104aa5b967a97525e8a2a9def28eeeebf43e4bab
,,,冗余三元组,4.0,1.0,承办机构,extraction,f7483722370a3db6cc6e9698d7f621113a7fe751bca6b181a1961b22639e7ed3
,,,冗余三元组,43.0,1.0,实施依据,extraction,b635b5aa9618bbdf4825436782a057c0cb5ba203e0ccd72612b9a1118d5a7026
,,,冗余三元组,1.0,40.0,涉及内容,extraction,de20e85db7086358cf9286abdebf47adc291c16b26f2f272b53ee25a61196b6a
,,,冗余三元组,9.0,3.0,类型,extraction,7b4fd279b61586115fa2987e2d0371238853c4f6f63e89d0b451e4237f492a37
,,,冗余三元组,10.0,26.0,是,extraction,89fbb5ae30c6220e41f165591e4df027877c140a72033fe0680e44206164aa17
,,,冗余三元组,12.0,26.0,是,extraction,a3817cab3fccbfd1b94576c85b68cfb0ff0511791fe7ada5dd7c10500502e531
,,,冗余三元组,13.0,29.0,依据,extraction,339ea22aba17a985debf38c1930430e3b55f008318624e7efcaa4b7d8ae18a54
,,,冗余三元组,1.0,52.0,涉及问题,extraction,90af34399ad797a62bec9b3819dad9d64b8031065ff158d8a5f1015257e3e4dd
,,,冗余三元组,3.0,1.0,权力类型,extraction,63bb5d4e71e6267d4835ef9479c9ff86b0b3ef916f5e6075b1750ed13e17cad3
,,,冗余三元组,44.0,3.0,行驶主体,extraction,5a54a852e46cf955056cfb470e35ee0ab596f12cadf4d4250f92e1854d40d0fb
,,,冗余三元组,44.0,3.0,承办机构,extraction,26be69caa0923ff59e399351f5a7dbfb94533ccfbecefd9b8cd69f55e191c14d
,,,冗余三元组,3.0,56.0,实施依据,extraction,45356bc0b9eaa9e24678a8e305d2f3def1ac634cba8ba9b6ab52cf255a3cec18
,,,冗余三元组,1.0,52.0,涉及问题,extraction,90af34399ad797a62bec9b3819dad9d64b8031065ff158d8a5f1015257e3e4dd
,,,冗余三元组,9.0,3.0,类型,extraction,7b4fd279b61586115fa2987e2d0371238853c4f6f63e89d0b451e4237f492a37
,,,冗余三元组,13.0,37.0,依据,extraction,dfd2b775f82f687b8369e9f056ac82ef84d7dfb09fa0a46cf2f05d074160f680
,,,冗余三元组,1.0,45.0,涉及事项,extraction,dd7fe96509b2c5c33db03e133555278b4cecbf544b6fac7dea1158a8470efe3a
,,,冗余三元组,3.0,1.0,权力类型,extraction,63bb5d4e71e6267d4835ef9479c9ff86b0b3ef916f5e6075b1750ed13e17cad3
,,,冗余三元组,25.0,3.0,行驶主体,extraction,c7f405beeae1829a03dbec6b28d32c4d828da48de999734d24825266b3076f59
,,,冗余三元组,25.0,3.0,承办机构,extraction,eef2c4724eefbb6cbc8a1e38dd903f5952b15b4fa168168b9caed346c6551029
,,,冗余三元组,14.0,3.0,实施依据,extraction,b2a34d3077aee5e73c915f123942606ad10c818ac195f73a26fa6b2a85ed9d1b
,,,冗余三元组,1.0,47.0,服务事项,extraction,b33592c1f30e39df0401c77d218134fb8abddfd7e8dbdedb52818471c5201bf4
,,,冗余三元组,3.0,1.0,权力类型,extraction,63bb5d4e71e6267d4835ef9479c9ff86b0b3ef916f5e6075b1750ed13e17cad3
,,,冗余三元组,32.0,1.0,行驶主体,extraction,f3ae7eebff4e3460421e23abeef0b3052dd9a3dcfbd1f44a03d027eeb1801b4f
,,,冗余三元组,32.0,1.0,承办机构,extraction,931cafd24efaf97775db66b22a04ccc10ef5b34c9f1550f1c6e447e2887940db
,,,冗余三元组,20.0,1.0,实施依据,extraction,fa879230d50cba26fe3e25fda133ad3500d518880a888364d68f6f0c8fcf6adf
,,,冗余三元组,32.0,1.0,行驶主体,extraction,f3ae7eebff4e3460421e23abeef0b3052dd9a3dcfbd1f44a03d027eeb1801b4f
,,,冗余三元组,32.0,1.0,承办机构,extraction,931cafd24efaf97775db66b22a04ccc10ef5b34c9f1550f1c6e447e2887940db
,,,冗余三元组,1.0,14.0,依据,extraction,ef634f9e84afb4ebf494e22553b15ac7b1fbc49e61d65588899d98c77fee67fd
,,,冗余三元组,1.0,6.0,涉及事项,extraction,63ed056176a358e5141eeb94299bb1cc5c1ba655d4c97bdb0e998157b41cd7a5
,,,冗余三元组,3.0,1.0,权力类型,extraction,63bb5d4e71e6267d4835ef9479c9ff86b0b3ef916f5e6075b1750ed13e17cad3
,,,冗余三元组,32.0,3.0,行驶主体,extraction,25aa2c1e152670ddfb23d68a0ae7e021b4a2e63a8a68352208fab8aba8a37318
,,,冗余三元组,32.0,3.0,承办机构,extraction,7cfdba5de59642b67f9924e80b0324afb048e0e5fbe8a9a65ee9100edeae0749
,,,冗余三元组,43.0,3.0,实施依据,extraction,b2e045a3f94b96fa94529db86a8245fdcf22fab97a04061f220a7caec63e44e4
,,,冗余三元组,1.0,42.0,涉及事项,extraction,6fa1fbc925e7b9f7909377c8fdb4e224f49dc4ac4ecc0317653a80654e14e7bc
,,,冗余三元组,3.0,1.0,权力类型,extraction,63bb5d4e71e6267d4835ef9479c9ff86b0b3ef916f5e6075b1750ed13e17cad3
,,,冗余三元组,41.0,1.0,行驶主体,extraction,3e203c1cd5240efde0e6a6d05bb4f8d4f3f80b46e735202ba3011d3e2801f0a1
,,,冗余三元组,41.0,1.0,承办机构,extraction,379f2c27a6c0b2eecca7d7b46b22ef51fefdad08ac0ee7abd453d5173a893b67
,,,冗余三元组,1.0,37.0,依据,extraction,9baf4dc889d264b4d09564a7e039327e8719109dcf2689d6e76c356b4984da9c
,,,冗余三元组,1.0,21.0,包含,extraction,635d1027165abbabe82fa63c66c6183ad9893b0e011f20d0b6ad30d71c05ec2a
,,,冗余三元组,9.0,3.0,是,extraction,0ec99e7cb6f44635fcabc5bf332037bea07b228f7b51753076ef1e8382984bc4
,,,冗余三元组,10.0,32.0,是,extraction,4da064cb343643cc890842dceaf67b09d17018b8caccfb9a66252b99aba7b2c2
,,,冗余三元组,12.0,32.0,是,extraction,9c4f6d970f0759ccf44ba88668fb20479c3f74345a7048810ee820b1947a78e1
,,,冗余三元组,13.0,50.0,是,extraction,c041f04873201647e0b342a86dacb602d31a2f7036dbbbcb8019ba08c7818ff2
,,,冗余三元组,1.0,51.0,包含行为,extraction,f8a8dc8a03ea22f0c99fcbd7990d1f03fe9b84cf3f283d29a67c08ec33604bcb
,,,冗余三元组,9.0,3.0,是,extraction,0ec99e7cb6f44635fcabc5bf332037bea07b228f7b51753076ef1e8382984bc4
,,,冗余三元组,10.0,22.0,是,extraction,5a0b03998ab865a9402789a91f83ce5e2c3e8b9dc624370864b73747e8ad330a
,,,冗余三元组,12.0,22.0,是,extraction,51b7578f6e3f4d6aa73a569f8dfc21fce38f169c0202a35f222c3aebbfe18ce9
,,,冗余三元组,13.0,50.0,是,extraction,c041f04873201647e0b342a86dacb602d31a2f7036dbbbcb8019ba08c7818ff2
,,,冗余三元组,1.0,40.0,涉及内容,extraction,de20e85db7086358cf9286abdebf47adc291c16b26f2f272b53ee25a61196b6a
,,,冗余三元组,9.0,3.0,类型,extraction,7b4fd279b61586115fa2987e2d0371238853c4f6f63e89d0b451e4237f492a37
,,,冗余三元组,16.0,1.0,行驶主体,extraction,2388221cee7d1ae0ed5be74dbb33fa91b57a06cfae883cc5c2262bfb048b5c48
,,,冗余三元组,16.0,1.0,承办机构,extraction,7da0b9c5ea5b9311256b7bcb955ba7fe507e79fd9fe407e277e1c4de0e1d453e
,,,冗余三元组,50.0,1.0,实施依据,extraction,f457526c1cfb3555ddaf37521754b077e421b97c6e91ba6f2f018b313f33247d
,,,冗余三元组,1.0,47.0,涉及事项,extraction,410fd6754fd95d077ef04ff964ec4dd009afe4ed77694bf6c52b18682d5b8662
,,,冗余三元组,3.0,1.0,权力类型,extraction,63bb5d4e71e6267d4835ef9479c9ff86b0b3ef916f5e6075b1750ed13e17cad3
,,,冗余三元组,41.0,1.0,行驶主体,extraction,3e203c1cd5240efde0e6a6d05bb4f8d4f3f80b46e735202ba3011d3e2801f0a1
,,,冗余三元组,41.0,1.0,承办机构,extraction,379f2c27a6c0b2eecca7d7b46b22ef51fefdad08ac0ee7abd453d5173a893b67
,,,冗余三元组,49.0,1.0,实施依据,extraction,ff26d12b358cafe4c2fb87a18323c05e83a57fff577f25152d237a0d2a1a6669
,,,冗余三元组,1.0,24.0,基于,extraction,a5276488a9604d9649d8bacd34b068a0005e4d755aa469a2a15794604500ae4d
,,,冗余三元组,22.0,10.0,是,extraction,8d4dfdb004cd6cd2b55d81594940284833b7cf6b5cd357349d5e49c06d7f1ad9
,,,冗余三元组,5.0,13.0,是,extraction,7402050685f426859fe1426e63a2a21028291dc143ec9ae58a1db10beeb64a03
,,,冗余三元组,1.0,8.0,涉及,extraction,87762195aab84fdc0842a072b54421c6e992ded15227e267788ac371d89fd8a5
,,,冗余三元组,9.0,3.0,是,extraction,0ec99e7cb6f44635fcabc5bf332037bea07b228f7b51753076ef1e8382984bc4
,,,冗余三元组,10.0,38.0,是,extraction,b756eb5995473eefcaf0d5b4fb891f9eb9190e7e7f446761eaff99790520dd98
,,,冗余三元组,12.0,38.0,是,extraction,76d05d01998cae971c559874b8df42b2445eeafc6d81c360c7aecdbaf38c3f00
,,,冗余三元组,13.0,43.0,是,extraction,ade982e693329bd738b2be4fef11a25c3536423672e3d1c585cae98131a035d0
,,,冗余三元组,1.0,40.0,涉及内容,extraction,de20e85db7086358cf9286abdebf47adc291c16b26f2f272b53ee25a61196b6a
,,,冗余三元组,9.0,3.0,类型,extraction,7b4fd279b61586115fa2987e2d0371238853c4f6f63e89d0b451e4237f492a37
,,,冗余三元组,10.0,11.0,执行者,extraction,bfcf921e35cea42dd2fe0e4456f5859f4d4adde552face2b36b303764d94c6b0
,,,冗余三元组,12.0,11.0,执行者,extraction,007d609358694caecbadd9e1f98aa849bb6c470ee428ccf76e19cabc1a6a9069
,,,冗余三元组,39.0,1.0,是,extraction,38e1d37380a7519608b7025690633256c2d7865eeeda60653fee8757d9e4afaf
,,,冗余三元组,9.0,3.0,是,extraction,0ec99e7cb6f44635fcabc5bf332037bea07b228f7b51753076ef1e8382984bc4
,,,冗余三元组,10.0,25.0,是,extraction,ad542489db79b38432a47864e6f61070ea6042115797987a3bcdb2baca19bebf
,,,冗余三元组,12.0,25.0,是,extraction,dc4ae0749038f60cf9a543d11bdbb3655270d3f1168c53408b231865a3b78a64
,,,冗余三元组,13.0,35.0,是,extraction,bdb6ae948fcb734a09a70e6199e73c6b4e1ee8988d36d946e8376162542ec754
,,,冗余三元组,1.0,21.0,包含,extraction,635d1027165abbabe82fa63c66c6183ad9893b0e011f20d0b6ad30d71c05ec2a
,,,冗余三元组,9.0,3.0,是,extraction,0ec99e7cb6f44635fcabc5bf332037bea07b228f7b51753076ef1e8382984bc4
,,,冗余三元组,10.0,22.0,是,extraction,5a0b03998ab865a9402789a91f83ce5e2c3e8b9dc624370864b73747e8ad330a
,,,冗余三元组,12.0,22.0,是,extraction,51b7578f6e3f4d6aa73a569f8dfc21fce38f169c0202a35f222c3aebbfe18ce9
,,,冗余三元组,13.0,35.0,是,extraction,bdb6ae948fcb734a09a70e6199e73c6b4e1ee8988d36d946e8376162542ec754
,,,冗余三元组,1.0,52.0,涉及问题,extraction,90af34399ad797a62bec9b3819dad9d64b8031065ff158d8a5f1015257e3e4dd
,,,冗余三元组,3.0,1.0,权力类型,extraction,63bb5d4e71e6267d4835ef9479c9ff86b0b3ef916f5e6075b1750ed13e17cad3
,,,冗余三元组,11.0,3.0,行驶主体,extraction,252ebc8fde2836f7eae5a791df687860076241cf808bc99e0fd167f0ea262cd9
,,,冗余三元组,11.0,3.0,承办机构,extraction,e3339b884b62824a3b8679c646ddcca5b0bd6ecf6ec75f8d8629aa2e9b31a33c
,,,冗余三元组,3.0,33.0,实施依据,extraction,3ee398515b151c50aea9c550299379df42bd5a92b41e28fc8b8b5854a9aef6e3
,,,冗余三元组,1.0,36.0,涉及,extraction,74acc40ab669e870e70aea4357aee0f96da0e727b95126c4d5fc55df050ed2db
,,,冗余三元组,9.0,3.0,是,extraction,0ec99e7cb6f44635fcabc5bf332037bea07b228f7b51753076ef1e8382984bc4
,,,冗余三元组,10.0,11.0,是,extraction,44a8fa7ea54ec2e41111a4f5dc6a9811dee8aa3aa19fb306f9177dfc86a9aea9
,,,冗余三元组,12.0,11.0,是,extraction,54710bbec3ca077fe79c80e1e95ea28a843633289f5bc6efe6abea14f6118623
,,,冗余三元组,13.0,29.0,是,extraction,ffa30b4f3216d3a8f56030cb4d33517361b4979ec19a58b4d3a546e9f0b38bdc
,,,冗余三元组,1.0,60.0,服务事项,extraction,287aa1628b16bd50e098ad4ed738ddedb129fdc444eb1a0cd354fe091a42aaa8
,,,冗余三元组,3.0,1.0,权力类型,extraction,63bb5d4e71e6267d4835ef9479c9ff86b0b3ef916f5e6075b1750ed13e17cad3
,,,冗余三元组,16.0,1.0,行驶主体,extraction,2388221cee7d1ae0ed5be74dbb33fa91b57a06cfae883cc5c2262bfb048b5c48
,,,冗余三元组,16.0,1.0,承办机构,extraction,7da0b9c5ea5b9311256b7bcb955ba7fe507e79fd9fe407e277e1c4de0e1d453e
,,,冗余三元组,20.0,1.0,实施依据,extraction,fa879230d50cba26fe3e25fda133ad3500d518880a888364d68f6f0c8fcf6adf
,,,冗余三元组,1.0,51.0,涉及行为,extraction,4d50e735db0c7c921debcd5d22ac59a9a9275f523e4dfe60a64102e7ab70d731
,,,冗余三元组,3.0,1.0,权力类型,extraction,63bb5d4e71e6267d4835ef9479c9ff86b0b3ef916f5e6075b1750ed13e17cad3
,,,冗余三元组,25.0,1.0,行驶主体,extraction,f8d14ca82df048e60e8e15e838aee0937165e7863b618cad5ab1fa07cbe6c922
,,,冗余三元组,25.0,1.0,承办机构,extraction,52233a544f4c28cfdd7e8c323198ffbcd53a5927d355c09f9eb314df01568645
,,,冗余三元组,1.0,23.0,依据,extraction,0c4e2a2eed4772431ff0a6f635bec43d213b808cd3ebb9e90f0dd418ba282cb2
,,,冗余三元组,1.0,58.0,涉及,extraction,ebb5415c1b54071499b45a909f698aaec953682c36e97747e6aee00bc7e619d3
,,,冗余三元组,9.0,3.0,是,extraction,0ec99e7cb6f44635fcabc5bf332037bea07b228f7b51753076ef1e8382984bc4
,,,冗余三元组,10.0,38.0,是,extraction,b756eb5995473eefcaf0d5b4fb891f9eb9190e7e7f446761eaff99790520dd98
,,,冗余三元组,12.0,38.0,是,extraction,76d05d01998cae971c559874b8df42b2445eeafc6d81c360c7aecdbaf38c3f00
,,,冗余三元组,13.0,33.0,是,extraction,fc4553073462fe666aaa676d985116bc290a0c71f03fb633205f00b4fcf4ff71
,,,冗余三元组,1.0,24.0,基于,extraction,a5276488a9604d9649d8bacd34b068a0005e4d755aa469a2a15794604500ae4d
,,,冗余三元组,16.0,10.0,是,extraction,0676f80814a944f0133efe570d87a4210481e5da6dd1982bbdd57d1a6f69161c
,,,冗余三元组,23.0,13.0,是,extraction,a9e1d075c6a86fe9f85c2557444e8ddd7ca63ab3d21d3044a6e458c495398916
,,,冗余三元组,1.0,17.0,涉及事项,extraction,26e5b368d0569ae2cd1db86e58c1825b9d075b33fb779749f2c6991aaf9b42eb
,,,冗余三元组,3.0,1.0,权力类型,extraction,63bb5d4e71e6267d4835ef9479c9ff86b0b3ef916f5e6075b1750ed13e17cad3
,,,冗余三元组,25.0,3.0,行驶主体,extraction,c7f405beeae1829a03dbec6b28d32c4d828da48de999734d24825266b3076f59
,,,冗余三元组,25.0,3.0,承办机构,extraction,eef2c4724eefbb6cbc8a1e38dd903f5952b15b4fa168168b9caed346c6551029
,,,冗余三元组,43.0,3.0,实施依据,extraction,b2e045a3f94b96fa94529db86a8245fdcf22fab97a04061f220a7caec63e44e4
,,,冗余三元组,1.0,45.0,涉及,extraction,599085aa31abe5075252b02f829e93d81f2698ac36bc6369fc4fce031c3872ad
,,,冗余三元组,32.0,1.0,承办机构,extraction,931cafd24efaf97775db66b22a04ccc10ef5b34c9f1550f1c6e447e2887940db
,,,冗余三元组,1.0,7.0,依据,extraction,ad207775734fc909831229d25a4f5b75a4caf54238f8d0d146d0f0b3eb2acaeb
,,,冗余三元组,1.0,17.0,涉及事项,extraction,26e5b368d0569ae2cd1db86e58c1825b9d075b33fb779749f2c6991aaf9b42eb
,,,冗余三元组,3.0,1.0,权力类型,extraction,63bb5d4e71e6267d4835ef9479c9ff86b0b3ef916f5e6075b1750ed13e17cad3
,,,冗余三元组,32.0,3.0,行驶主体,extraction,25aa2c1e152670ddfb23d68a0ae7e021b4a2e63a8a68352208fab8aba8a37318
,,,冗余三元组,32.0,3.0,承办机构,extraction,7cfdba5de59642b67f9924e80b0324afb048e0e5fbe8a9a65ee9100edeae0749
,,,冗余三元组,27.0,3.0,实施依据,extraction,13ecae60e92e941ef4d9485768d111c391b72853ef20b0f5a42b8bcdde18e40b
,,,冗余三元组,1.0,53.0,涉及事项,extraction,f0541f7d0c2d3d04c56da88a6bc6ad2f2baea1220b292ed6fa4bf4744fe4e698
,,,冗余三元组,3.0,1.0,权力类型,extraction,63bb5d4e71e6267d4835ef9479c9ff86b0b3ef916f5e6075b1750ed13e17cad3
,,,冗余三元组,16.0,1.0,行驶主体,extraction,2388221cee7d1ae0ed5be74dbb33fa91b57a06cfae883cc5c2262bfb048b5c48
,,,冗余三元组,16.0,1.0,承办机构,extraction,7da0b9c5ea5b9311256b7bcb955ba7fe507e79fd9fe407e277e1c4de0e1d453e
,,,冗余三元组,33.0,1.0,实施依据,extraction,bd4d251de9aa9eb9c09f30ba2cb708ae2c507f14020ac308d2f0fc7019e488a7
,,,冗余三元组,9.0,3.0,是,extraction,0ec99e7cb6f44635fcabc5bf332037bea07b228f7b51753076ef1e8382984bc4
,,,冗余三元组,10.0,32.0,是,extraction,4da064cb343643cc890842dceaf67b09d17018b8caccfb9a66252b99aba7b2c2
,,,冗余三元组,12.0,32.0,是,extraction,9c4f6d970f0759ccf44ba88668fb20479c3f74345a7048810ee820b1947a78e1
,,,冗余三元组,13.0,7.0,是,extraction,5173b273e53a3712e9a749ca6cf7b8e8d3b7641db772c202823ccb26f6087587
,,,冗余三元组,1.0,53.0,涉及内容,extraction,93a41a3bfad2a55543054230e6b5ba30a1c2c78b18e08fd4c03297cf76a22214
,,,冗余三元组,9.0,3.0,类型,extraction,7b4fd279b61586115fa2987e2d0371238853c4f6f63e89d0b451e4237f492a37
,,,冗余三元组,10.0,41.0,为,extraction,28521ddcfbcdc9bf555c544f9ffedc4f6916f361d04d3b7fc73bf53600a847fc
,,,冗余三元组,12.0,41.0,为,extraction,7ca35468b51f857f9340e1ae58c7560d960329fb74fc4d3211c8f9c490e143fe
,,,冗余三元组,1.0,6.0,涉及事项,extraction,63ed056176a358e5141eeb94299bb1cc5c1ba655d4c97bdb0e998157b41cd7a5
,,,冗余三元组,3.0,1.0,权力类型,extraction,63bb5d4e71e6267d4835ef9479c9ff86b0b3ef916f5e6075b1750ed13e17cad3
,,,冗余三元组,44.0,3.0,行驶主体,extraction,5a54a852e46cf955056cfb470e35ee0ab596f12cadf4d4250f92e1854d40d0fb
,,,冗余三元组,44.0,3.0,承办机构,extraction,26be69caa0923ff59e399351f5a7dbfb94533ccfbecefd9b8cd69f55e191c14d
,,,冗余三元组,3.0,57.0,实施依据,extraction,e01b7835e54581abfa657b1808a0522bf40cbca9262bf39e569a750cf19f593f
,,,冗余三元组,1.0,55.0,涉及,extraction,d3dce47df0bc87d9fc69992a5dfb419dc64d4ec5f6b002937da586081885a914
,,,冗余三元组,9.0,3.0,是,extraction,0ec99e7cb6f44635fcabc5bf332037bea07b228f7b51753076ef1e8382984bc4
,,,冗余三元组,10.0,32.0,是,extraction,4da064cb343643cc890842dceaf67b09d17018b8caccfb9a66252b99aba7b2c2
,,,冗余三元组,12.0,32.0,是,extraction,9c4f6d970f0759ccf44ba88668fb20479c3f74345a7048810ee820b1947a78e1
,,,冗余三元组,13.0,27.0,是,extraction,b6eab7714fb673bef9d283a76736709544e272990472859dc282d706a47931e5
,,,冗余三元组,9.0,3.0,是,extraction,0ec99e7cb6f44635fcabc5bf332037bea07b228f7b51753076ef1e8382984bc4
,,,冗余三元组,10.0,26.0,是,extraction,89fbb5ae30c6220e41f165591e4df027877c140a72033fe0680e44206164aa17
,,,冗余三元组,12.0,26.0,是,extraction,a3817cab3fccbfd1b94576c85b68cfb0ff0511791fe7ada5dd7c10500502e531
,,,冗余三元组,13.0,20.0,是,extraction,f536065857d8cffb8690029d0de8e595064374e0e38deb823e625bf375f96c61
,,,冗余三元组,1.0,48.0,涉及内容,extraction,c90c36bc34d7f04fedfc793b0376221c7073cfdcfd8648ced932e92d2e837f7a
,,,冗余三元组,3.0,1.0,权力类型,extraction,63bb5d4e71e6267d4835ef9479c9ff86b0b3ef916f5e6075b1750ed13e17cad3
,,,冗余三元组,16.0,1.0,行驶主体,extraction,2388221cee7d1ae0ed5be74dbb33fa91b57a06cfae883cc5c2262bfb048b5c48
,,,冗余三元组,16.0,1.0,承办机构,extraction,7da0b9c5ea5b9311256b7bcb955ba7fe507e79fd9fe407e277e1c4de0e1d453e
,,,冗余三元组,14.0,3.0,实施依据,extraction,b2a34d3077aee5e73c915f123942606ad10c818ac195f73a26fa6b2a85ed9d1b
,,,冗余三元组,1.0,42.0,涉及事项,extraction,6fa1fbc925e7b9f7909377c8fdb4e224f49dc4ac4ecc0317653a80654e14e7bc
,,,冗余三元组,3.0,1.0,权力类型,extraction,63bb5d4e71e6267d4835ef9479c9ff86b0b3ef916f5e6075b1750ed13e17cad3
,,,冗余三元组,11.0,3.0,行驶主体,extraction,252ebc8fde2836f7eae5a791df687860076241cf808bc99e0fd167f0ea262cd9
,,,冗余三元组,11.0,3.0,承办机构,extraction,e3339b884b62824a3b8679c646ddcca5b0bd6ecf6ec75f8d8629aa2e9b31a33c
,,,冗余三元组,5.0,3.0,实施依据,extraction,4d26a315d3cf5e095a5f33a521cc5fcfd77a3a44ba52ed82e02dee2171f81d54
,,,冗余三元组,1.0,34.0,包含,extraction,55e4afabf77afe2a5eab9a2e4e01194c0b9b6c241104b977092e714b9c92562f
,,,冗余三元组,9.0,3.0,是,extraction,0ec99e7cb6f44635fcabc5bf332037bea07b228f7b51753076ef1e8382984bc4
,,,冗余三元组,10.0,11.0,是,extraction,44a8fa7ea54ec2e41111a4f5dc6a9811dee8aa3aa19fb306f9177dfc86a9aea9
,,,冗余三元组,12.0,11.0,是,extraction,54710bbec3ca077fe79c80e1e95ea28a843633289f5bc6efe6abea14f6118623
,,,冗余三元组,13.0,43.0,是,extraction,ade982e693329bd738b2be4fef11a25c3536423672e3d1c585cae98131a035d0
,,,冗余三元组,1.0,36.0,涉及问题,extraction,54c260d1a128014203ab4ed53ac05e9cb8405dd874e0b78e2a81b01ce110fecf
,,,冗余三元组,3.0,1.0,类型,extraction,65a2d78a945df9ac573c112d3bad900f2eb4940d22d4f014a9262ffbc7a54c7e
,,,冗余三元组,22.0,3.0,行驶主体,extraction,63b889c6caaf61c3eefad202bc0e1a4344122b009d898e41612d2ce9411c9a90
,,,冗余三元组,22.0,3.0,承办机构,extraction,450ea2044227017296ffd8295e12ead624bac9ad5fb24c8dce7525315368e0fd
,,,冗余三元组,50.0,3.0,实施依据,extraction,a790816385e8e57fdbef950d1c81f1f95be9fa56bdb61522285b14310350de63
,,,冗余三元组,1.0,47.0,服务事项,extraction,b33592c1f30e39df0401c77d218134fb8abddfd7e8dbdedb52818471c5201bf4
,,,冗余三元组,3.0,1.0,权力类型,extraction,63bb5d4e71e6267d4835ef9479c9ff86b0b3ef916f5e6075b1750ed13e17cad3
,,,冗余三元组,11.0,1.0,行驶主体,extraction,50e598b1826c6a6e16cbb761d7126c8286dd306ea8aefdffee154cbb615a866b
,,,冗余三元组,11.0,1.0,承办机构,extraction,ecacee85e506b895bb6ef636499570c58825c04c2655e0f358383dd8770dbffa
,,,冗余三元组,20.0,1.0,实施依据,extraction,fa879230d50cba26fe3e25fda133ad3500d518880a888364d68f6f0c8fcf6adf
,,,冗余三元组,1.0,52.0,包含,extraction,65aa9d8836d9408071d2ab46124ddeb7f4ac0702d8710d1e2c37dda2c678d8d3
,,,冗余三元组,9.0,3.0,是,extraction,0ec99e7cb6f44635fcabc5bf332037bea07b228f7b51753076ef1e8382984bc4
,,,冗余三元组,10.0,22.0,是,extraction,5a0b03998ab865a9402789a91f83ce5e2c3e8b9dc624370864b73747e8ad330a
,,,冗余三元组,12.0,22.0,是,extraction,51b7578f6e3f4d6aa73a569f8dfc21fce38f169c0202a35f222c3aebbfe18ce9
,,,冗余三元组,1.0,24.0,基于,extraction,a5276488a9604d9649d8bacd34b068a0005e4d755aa469a2a15794604500ae4d
,,,冗余三元组,9.0,3.0,是,extraction,0ec99e7cb6f44635fcabc5bf332037bea07b228f7b51753076ef1e8382984bc4
,,,冗余三元组,10.0,26.0,是,extraction,89fbb5ae30c6220e41f165591e4df027877c140a72033fe0680e44206164aa17
,,,冗余三元组,12.0,26.0,是,extraction,a3817cab3fccbfd1b94576c85b68cfb0ff0511791fe7ada5dd7c10500502e531
,,,冗余三元组,13.0,7.0,是,extraction,5173b273e53a3712e9a749ca6cf7b8e8d3b7641db772c202823ccb26f6087587
,,,冗余三元组,3.0,1.0,权力类型,extraction,63bb5d4e71e6267d4835ef9479c9ff86b0b3ef916f5e6075b1750ed13e17cad3
,,,冗余三元组,4.0,1.0,行驶主体,extraction,76853b7863ac80a3aad594a1104aa5b967a97525e8a2a9def28eeeebf43e4bab
,,,冗余三元组,4.0,1.0,承办机构,extraction,f7483722370a3db6cc6e9698d7f621113a7fe751bca6b181a1961b22639e7ed3
,,,冗余三元组,7.0,3.0,实施依据,extraction,f19e34325be413dc5e6bb80be003b66e02159d7f79ced0a5e8ba8a58d7125e15
,,,冗余三元组,1.0,24.0,基于,extraction,a5276488a9604d9649d8bacd34b068a0005e4d755aa469a2a15794604500ae4d
,,,冗余三元组,9.0,3.0,是,extraction,0ec99e7cb6f44635fcabc5bf332037bea07b228f7b51753076ef1e8382984bc4
,,,冗余三元组,10.0,44.0,是,extraction,53854b14f84a4f7bcec4288babeeb93d9202a8f1247a14098e9a02982cc95640
,,,冗余三元组,12.0,44.0,是,extraction,de41cd62c11f82837c5925e3426f42630d0bc935f1a9e33489b933acda4b7831
,,,冗余三元组,13.0,29.0,是,extraction,ffa30b4f3216d3a8f56030cb4d33517361b4979ec19a58b4d3a546e9f0b38bdc
,,,冗余三元组,1.0,51.0,涉及行为,extraction,4d50e735db0c7c921debcd5d22ac59a9a9275f523e4dfe60a64102e7ab70d731
,,,冗余三元组,16.0,10.0,是,extraction,0676f80814a944f0133efe570d87a4210481e5da6dd1982bbdd57d1a6f69161c
,,,冗余三元组,23.0,13.0,是,extraction,a9e1d075c6a86fe9f85c2557444e8ddd7ca63ab3d21d3044a6e458c495398916
,,,冗余三元组,1.0,51.0,涉及行为,extraction,4d50e735db0c7c921debcd5d22ac59a9a9275f523e4dfe60a64102e7ab70d731
,,,冗余三元组,9.0,3.0,是,extraction,0ec99e7cb6f44635fcabc5bf332037bea07b228f7b51753076ef1e8382984bc4
,,,冗余三元组,10.0,22.0,是,extraction,5a0b03998ab865a9402789a91f83ce5e2c3e8b9dc624370864b73747e8ad330a
,,,冗余三元组,12.0,22.0,是,extraction,51b7578f6e3f4d6aa73a569f8dfc21fce38f169c0202a35f222c3aebbfe18ce9
,,,冗余三元组,13.0,5.0,是,extraction,507348e0a400849c992ed3d4db941f51b877314c064a446d1a19df892d7a6f73
,,,冗余三元组,1.0,60.0,涉及领域,extraction,25fe9bcaeb7e004a7f7cb1fcb4d291c2a96c608fd8ff4641bee8109287b07717
,,,冗余三元组,32.0,1.0,行驶主体,extraction,f3ae7eebff4e3460421e23abeef0b3052dd9a3dcfbd1f44a03d027eeb1801b4f
,,,冗余三元组,32.0,1.0,承办机构,extraction,931cafd24efaf97775db66b22a04ccc10ef5b34c9f1550f1c6e447e2887940db
,,,冗余三元组,1.0,14.0,依据,extraction,ef634f9e84afb4ebf494e22553b15ac7b1fbc49e61d65588899d98c77fee67fd
,,,冗余三元组,9.0,3.0,是,extraction,0ec99e7cb6f44635fcabc5bf332037bea07b228f7b51753076ef1e8382984bc4
,,,冗余三元组,10.0,41.0,是,extraction,6f83ced92a9691e5e14cc19bb1bc5463d86dfecb7bda23ec44eab17a27bf9ae5
,,,冗余三元组,12.0,41.0,是,extraction,a4b1a3ff2483dfe0fabc0a44c0aa6f73e99b87cf7ec502667cce0dc30a67f7b2
,,,冗余三元组,13.0,20.0,是,extraction,f536065857d8cffb8690029d0de8e595064374e0e38deb823e625bf375f96c61
,,,冗余三元组,39.0,1.0,是,extraction,38e1d37380a7519608b7025690633256c2d7865eeeda60653fee8757d9e4afaf
,,,冗余三元组,1.0,30.0,包含,extraction,b513d0b5fe620cfbed205f8d217fb4790ebfe54bd1dacc6452fdd584f0bbdfd5
,,,冗余三元组,9.0,3.0,是,extraction,0ec99e7cb6f44635fcabc5bf332037bea07b228f7b51753076ef1e8382984bc4
,,,冗余三元组,10.0,25.0,是,extraction,ad542489db79b38432a47864e6f61070ea6042115797987a3bcdb2baca19bebf
,,,冗余三元组,12.0,25.0,是,extraction,dc4ae0749038f60cf9a543d11bdbb3655270d3f1168c53408b231865a3b78a64
,,,冗余三元组,13.0,35.0,是,extraction,bdb6ae948fcb734a09a70e6199e73c6b4e1ee8988d36d946e8376162542ec754
,,,冗余三元组,1.0,46.0,包含,extraction,43de48e1fd0d3973027e232e73e22a3174566b69b4fe0e1932b85469761532cb
,,,冗余三元组,9.0,3.0,是,extraction,0ec99e7cb6f44635fcabc5bf332037bea07b228f7b51753076ef1e8382984bc4
,,,冗余三元组,10.0,26.0,是,extraction,89fbb5ae30c6220e41f165591e4df027877c140a72033fe0680e44206164aa17
,,,冗余三元组,12.0,26.0,是,extraction,a3817cab3fccbfd1b94576c85b68cfb0ff0511791fe7ada5dd7c10500502e531
,,,冗余三元组,13.0,35.0,是,extraction,bdb6ae948fcb734a09a70e6199e73c6b4e1ee8988d36d946e8376162542ec754
,,,冗余三元组,1.0,6.0,涉及事项,extraction,63ed056176a358e5141eeb94299bb1cc5c1ba655d4c97bdb0e998157b41cd7a5
,,,冗余三元组,3.0,1.0,权力类型,extraction,63bb5d4e71e6267d4835ef9479c9ff86b0b3ef916f5e6075b1750ed13e17cad3
,,,冗余三元组,44.0,3.0,行驶主体,extraction,5a54a852e46cf955056cfb470e35ee0ab596f12cadf4d4250f92e1854d40d0fb
,,,冗余三元组,44.0,3.0,承办机构,extraction,26be69caa0923ff59e399351f5a7dbfb94533ccfbecefd9b8cd69f55e191c14d
,,,冗余三元组,3.0,5.0,实施依据,extraction,300e1a74feeba098ae7f4718aa129d394916387a593e134f982cc13f2bfa406f
,,,冗余三元组,1.0,2.0,涉及事项,extraction,45a6b5e9b7acaaf964d4ba55ee382735953a50be79b9c5a63cfd56f3bfaa98e9
,,,冗余三元组,32.0,1.0,行驶主体,extraction,f3ae7eebff4e3460421e23abeef0b3052dd9a3dcfbd1f44a03d027eeb1801b4f
,,,冗余三元组,32.0,1.0,承办机构,extraction,931cafd24efaf97775db66b22a04ccc10ef5b34c9f1550f1c6e447e2887940db
,,,冗余三元组,1.0,23.0,依据,extraction,0c4e2a2eed4772431ff0a6f635bec43d213b808cd3ebb9e90f0dd418ba282cb2
,,,冗余三元组,1.0,21.0,包含,extraction,635d1027165abbabe82fa63c66c6183ad9893b0e011f20d0b6ad30d71c05ec2a
,,,冗余三元组,9.0,3.0,是,extraction,0ec99e7cb6f44635fcabc5bf332037bea07b228f7b51753076ef1e8382984bc4
,,,冗余三元组,10.0,4.0,是,extraction,4253afef8f3fd90e1effb4068d33d5af9bf9795c98a41a591346af581d8c5b13
,,,冗余三元组,12.0,4.0,是,extraction,157789d187fc7ed7a6f770e4112d938e1669ffabeec33b64ab160620d61c286f
,,,冗余三元组,13.0,5.0,是,extraction,507348e0a400849c992ed3d4db941f51b877314c064a446d1a19df892d7a6f73
,,,冗余三元组,1.0,58.0,服务事项,extraction,655d582335d12da2e92c3146cee51b20728dd5a0484a9577ef74b58a5845375c
,,,冗余三元组,3.0,1.0,权力类型,extraction,63bb5d4e71e6267d4835ef9479c9ff86b0b3ef916f5e6075b1750ed13e17cad3
,,,冗余三元组,38.0,1.0,行驶主体,extraction,d0e87a0daf3bc1ed7bad39f66dc6d8ee74064b05fe94192417c8b6e3e4cd53a9
,,,冗余三元组,38.0,1.0,承办机构,extraction,b14641014ea8d3db9ba04ac2bb249443dd5f26425e740d86371e870ef2d4a84a
,,,冗余三元组,50.0,1.0,实施依据,extraction,f457526c1cfb3555ddaf37521754b077e421b97c6e91ba6f2f018b313f33247d
,,,冗余三元组,1.0,19.0,涉及内容,extraction,e667158a34c5290413d6959d0281c37377fbc946202a479c446b6afeb89e2126
,,,冗余三元组,3.0,1.0,权力类型,extraction,63bb5d4e71e6267d4835ef9479c9ff86b0b3ef916f5e6075b1750ed13e17cad3
,,,冗余三元组,4.0,3.0,行驶主体,extraction,65bd830d3a69c947ab33e8bccf4d7c9239947243f009a12164fa2b3d4defa4e5
,,,冗余三元组,4.0,3.0,承办机构,extraction,552f0352c4383de1ccdd6574c3a3cf1febf987d93f20f8b4d8f312f665277ccd
,,,冗余三元组,50.0,3.0,实施依据,extraction,a790816385e8e57fdbef950d1c81f1f95be9fa56bdb61522285b14310350de63
,,,冗余三元组,3.0,1.0,权力类型,extraction,63bb5d4e71e6267d4835ef9479c9ff86b0b3ef916f5e6075b1750ed13e17cad3
,,,冗余三元组,4.0,3.0,行驶主体,extraction,65bd830d3a69c947ab33e8bccf4d7c9239947243f009a12164fa2b3d4defa4e5
,,,冗余三元组,4.0,3.0,承办机构,extraction,552f0352c4383de1ccdd6574c3a3cf1febf987d93f20f8b4d8f312f665277ccd
,,,冗余三元组,3.0,33.0,实施依据,extraction,3ee398515b151c50aea9c550299379df42bd5a92b41e28fc8b8b5854a9aef6e3
,,,冗余三元组,1.0,54.0,服务事项,extraction,f1b6e795f7f4341a924257c51e053eb45298f6fc867b5d12c7547aa7ef61bce7
,,,冗余三元组,3.0,1.0,权力类型,extraction,63bb5d4e71e6267d4835ef9479c9ff86b0b3ef916f5e6075b1750ed13e17cad3
,,,冗余三元组,26.0,1.0,行驶主体,extraction,c02b72a8d8a1775ff7e7978594abd6b5422b51c7c4fffd7eac711ff69bf88a97
,,,冗余三元组,26.0,1.0,承办机构,extraction,69ebaebdf045cea8cb77aa5e448d960f3c2e8a6fbe335676bbabaa00d3c918e5
,,,冗余三元组,1.0,27.0,实施依据,extraction,0e30535101004be1a7b121b537cd81665d02521ea1c82e250417c2c271962f93
,,,冗余三元组,1.0,40.0,基于,extraction,a85624624539924188006fe19700cbca1e2a48322c712646b9353d0df3e1eb24
,,,冗余三元组,9.0,3.0,是,extraction,0ec99e7cb6f44635fcabc5bf332037bea07b228f7b51753076ef1e8382984bc4
,,,冗余三元组,10.0,38.0,是,extraction,b756eb5995473eefcaf0d5b4fb891f9eb9190e7e7f446761eaff99790520dd98
,,,冗余三元组,12.0,38.0,是,extraction,76d05d01998cae971c559874b8df42b2445eeafc6d81c360c7aecdbaf38c3f00
,,,冗余三元组,13.0,43.0,是,extraction,ade982e693329bd738b2be4fef11a25c3536423672e3d1c585cae98131a035d0
,,,冗余三元组,1.0,30.0,涉及,extraction,f791f6ad50cca9a9432e1d95b6ef54bd1b64b5eb692d18dc2f430e81dd5537c2
,,,冗余三元组,9.0,3.0,是,extraction,0ec99e7cb6f44635fcabc5bf332037bea07b228f7b51753076ef1e8382984bc4
,,,冗余三元组,10.0,26.0,是,extraction,89fbb5ae30c6220e41f165591e4df027877c140a72033fe0680e44206164aa17
,,,冗余三元组,12.0,26.0,是,extraction,a3817cab3fccbfd1b94576c85b68cfb0ff0511791fe7ada5dd7c10500502e531
,,,冗余三元组,13.0,20.0,是,extraction,f536065857d8cffb8690029d0de8e595064374e0e38deb823e625bf375f96c61
,,,冗余三元组,39.0,1.0,是,extraction,38e1d37380a7519608b7025690633256c2d7865eeeda60653fee8757d9e4afaf
,,,冗余三元组,1.0,58.0,包含,extraction,a99749a34663c627f41bf723f6a81786f4ec688554b1b228877f58e936d4f065
,,,冗余三元组,9.0,3.0,是,extraction,0ec99e7cb6f44635fcabc5bf332037bea07b228f7b51753076ef1e8382984bc4
,,,冗余三元组,10.0,38.0,是,extraction,b756eb5995473eefcaf0d5b4fb891f9eb9190e7e7f446761eaff99790520dd98
,,,冗余三元组,12.0,38.0,是,extraction,76d05d01998cae971c559874b8df42b2445eeafc6d81c360c7aecdbaf38c3f00
,,,冗余三元组,13.0,29.0,是,extraction,ffa30b4f3216d3a8f56030cb4d33517361b4979ec19a58b4d3a546e9f0b38bdc
,,,冗余三元组,1.0,8.0,涉及内容,extraction,d02de960772b95844ead284f303c0cc0a431bb9e9d2e2a9acb00d12d4b09753a
,,,冗余三元组,9.0,3.0,类型,extraction,7b4fd279b61586115fa2987e2d0371238853c4f6f63e89d0b451e4237f492a37
,,,冗余三元组,10.0,25.0,为,extraction,14eb8cd0d77ed5391b9d37dc27fe68abd7670df3ba47dcd28eb6861f63d38e07
,,,冗余三元组,12.0,25.0,为,extraction,95495f064660a3f109251dafe2c267d79bb3d759704576cd0f4930aedae02db4
,,,冗余三元组,1.0,28.0,涉及内容,extraction,ac3ee725f8a339f9fbd2a7028b68d899a9b8e5be581c35045e4b8bfb3dc079c3
,,,冗余三元组,3.0,1.0,权力类型,extraction,63bb5d4e71e6267d4835ef9479c9ff86b0b3ef916f5e6075b1750ed13e17cad3
,,,冗余三元组,32.0,1.0,行驶主体,extraction,f3ae7eebff4e3460421e23abeef0b3052dd9a3dcfbd1f44a03d027eeb1801b4f
,,,冗余三元组,32.0,1.0,承办机构,extraction,931cafd24efaf97775db66b22a04ccc10ef5b34c9f1550f1c6e447e2887940db
,,,冗余三元组,35.0,1.0,实施依据,extraction,c2160bc37901fdb446bacf457f42f5af556fdcd5b45c0e99b283102cca9bc468
,,,冗余三元组,1.0,17.0,涉及事项,extraction,26e5b368d0569ae2cd1db86e58c1825b9d075b33fb779749f2c6991aaf9b42eb
,,,冗余三元组,3.0,1.0,权力类型,extraction,63bb5d4e71e6267d4835ef9479c9ff86b0b3ef916f5e6075b1750ed13e17cad3
,,,冗余三元组,41.0,1.0,行驶主体,extraction,3e203c1cd5240efde0e6a6d05bb4f8d4f3f80b46e735202ba3011d3e2801f0a1
,,,冗余三元组,41.0,1.0,承办机构,extraction,379f2c27a6c0b2eecca7d7b46b22ef51fefdad08ac0ee7abd453d5173a893b67
,,,冗余三元组,1.0,53.0,服务事项,extraction,6e3e1be22725db07cbda085e898d35471ffc4e71289552d4108ae311195e776c
,,,冗余三元组,3.0,1.0,权力类型,extraction,63bb5d4e71e6267d4835ef9479c9ff86b0b3ef916f5e6075b1750ed13e17cad3
,,,冗余三元组,16.0,1.0,行驶主体,extraction,2388221cee7d1ae0ed5be74dbb33fa91b57a06cfae883cc5c2262bfb048b5c48
,,,冗余三元组,16.0,1.0,承办机构,extraction,7da0b9c5ea5b9311256b7bcb955ba7fe507e79fd9fe407e277e1c4de0e1d453e
,,,冗余三元组,37.0,1.0,实施依据,extraction,09d255701213a5f1fc35300e57fc286072af9b281e8b6176db074a855aa6f1c9
,,,冗余三元组,1.0,30.0,涉及,extraction,f791f6ad50cca9a9432e1d95b6ef54bd1b64b5eb692d18dc2f430e81dd5537c2
,,,冗余三元组,9.0,3.0,是,extraction,0ec99e7cb6f44635fcabc5bf332037bea07b228f7b51753076ef1e8382984bc4
,,,冗余三元组,10.0,25.0,是,extraction,ad542489db79b38432a47864e6f61070ea6042115797987a3bcdb2baca19bebf
,,,冗余三元组,12.0,25.0,是,extraction,dc4ae0749038f60cf9a543d11bdbb3655270d3f1168c53408b231865a3b78a64
,,,冗余三元组,13.0,7.0,是,extraction,5173b273e53a3712e9a749ca6cf7b8e8d3b7641db772c202823ccb26f6087587
,,,冗余三元组,1.0,34.0,包含,extraction,55e4afabf77afe2a5eab9a2e4e01194c0b9b6c241104b977092e714b9c92562f
,,,冗余三元组,9.0,3.0,是,extraction,0ec99e7cb6f44635fcabc5bf332037bea07b228f7b51753076ef1e8382984bc4
,,,冗余三元组,10.0,32.0,是,extraction,4da064cb343643cc890842dceaf67b09d17018b8caccfb9a66252b99aba7b2c2
,,,冗余三元组,12.0,32.0,是,extraction,9c4f6d970f0759ccf44ba88668fb20479c3f74345a7048810ee820b1947a78e1
,,,冗余三元组,13.0,33.0,是,extraction,fc4553073462fe666aaa676d985116bc290a0c71f03fb633205f00b4fcf4ff71
,,,冗余三元组,1.0,31.0,涉及问题,extraction,ea08369126f7fbe0d95ca41a348902bab3f4d8e388232d1c4ed32a98fca9af59
,,,冗余三元组,3.0,1.0,权力类型,extraction,63bb5d4e71e6267d4835ef9479c9ff86b0b3ef916f5e6075b1750ed13e17cad3
,,,冗余三元组,4.0,3.0,行驶主体,extraction,65bd830d3a69c947ab33e8bccf4d7c9239947243f009a12164fa2b3d4defa4e5
,,,冗余三元组,4.0,3.0,承办机构,extraction,552f0352c4383de1ccdd6574c3a3cf1febf987d93f20f8b4d8f312f665277ccd
,,,冗余三元组,3.0,23.0,实施依据,extraction,50ab6d4e4a28dab63d889535df0083377ec5ea69c2cb93319237f8bffe946b3c
,,,冗余三元组,1.0,15.0,包含,extraction,ece6cfea1e7888ef7da542c244213f3cf24b722f04c103df8c133360b0d0783d
,,,冗余三元组,9.0,3.0,是,extraction,0ec99e7cb6f44635fcabc5bf332037bea07b228f7b51753076ef1e8382984bc4
,,,冗余三元组,10.0,26.0,是,extraction,89fbb5ae30c6220e41f165591e4df027877c140a72033fe0680e44206164aa17
,,,冗余三元组,12.0,26.0,是,extraction,a3817cab3fccbfd1b94576c85b68cfb0ff0511791fe7ada5dd7c10500502e531
,,,冗余三元组,13.0,43.0,是,extraction,ade982e693329bd738b2be4fef11a25c3536423672e3d1c585cae98131a035d0
,,,冗余三元组,1.0,62.0,基于,extraction,107e1bb0950b774ff9f05ec19639e02422cf10def6be35db13c2495e5a4effe2
,,,冗余三元组,9.0,3.0,是,extraction,0ec99e7cb6f44635fcabc5bf332037bea07b228f7b51753076ef1e8382984bc4
,,,冗余三元组,10.0,26.0,是,extraction,89fbb5ae30c6220e41f165591e4df027877c140a72033fe0680e44206164aa17
,,,冗余三元组,12.0,26.0,是,extraction,a3817cab3fccbfd1b94576c85b68cfb0ff0511791fe7ada5dd7c10500502e531
,,,冗余三元组,13.0,43.0,是,extraction,ade982e693329bd738b2be4fef11a25c3536423672e3d1c585cae98131a035d0
,,,冗余三元组,1.0,54.0,涉及领域,extraction,bf464bcbcd83e979756fbd8eee9d0f695e979e7851f7354e079d63510152047a
,,,冗余三元组,3.0,1.0,权力类型,extraction,63bb5d4e71e6267d4835ef9479c9ff86b0b3ef916f5e6075b1750ed13e17cad3
,,,冗余三元组,41.0,1.0,行驶主体,extraction,3e203c1cd5240efde0e6a6d05bb4f8d4f3f80b46e735202ba3011d3e2801f0a1
,,,冗余三元组,41.0,1.0,承办机构,extraction,379f2c27a6c0b2eecca7d7b46b22ef51fefdad08ac0ee7abd453d5173a893b67
,,,冗余三元组,1.0,47.0,涉及事项,extraction,410fd6754fd95d077ef04ff964ec4dd009afe4ed77694bf6c52b18682d5b8662
,,,冗余三元组,3.0,1.0,权力类型,extraction,63bb5d4e71e6267d4835ef9479c9ff86b0b3ef916f5e6075b1750ed13e17cad3
,,,冗余三元组,44.0,1.0,行驶主体,extraction,5aa5bd754001b528942d9ff1cf92c0dac3eea5408ae1a3ad1be7b48dd6ad7bc6
,,,冗余三元组,44.0,1.0,承办机构,extraction,fe869ebaf0ddd080462b050806e1c882e39322a3f98c8d4b29b1d043af63148d
,,,冗余三元组,1.0,29.0,依据,extraction,7c876ea0542c8c0bbe2bd1071fb11a2281ab201ea6a5d96c9f866fe3fc0a1ecb
,,,冗余三元组,1.0,28.0,涉及内容,extraction,ac3ee725f8a339f9fbd2a7028b68d899a9b8e5be581c35045e4b8bfb3dc079c3
,,,冗余三元组,3.0,1.0,权力类型,extraction,63bb5d4e71e6267d4835ef9479c9ff86b0b3ef916f5e6075b1750ed13e17cad3
,,,冗余三元组,22.0,1.0,行驶主体,extraction,51b40b4c4f91240a5d323aaa57fa14fc575345cbc5dfbd5960fee3546a9d8c6c
,,,冗余三元组,22.0,1.0,承办机构,extraction,9c49a1220338386706f2952f161469c3bd5f784a5b99fbb95a8b8222c52b3a33
,,,冗余三元组,39.0,1.0,是,extraction,38e1d37380a7519608b7025690633256c2d7865eeeda60653fee8757d9e4afaf
,,,冗余三元组,1.0,42.0,包含,extraction,7b9ef832aee05a7033973a1d4073ad0fff49c6f684c144c1b53de1c7765d56dd
,,,冗余三元组,9.0,3.0,是,extraction,0ec99e7cb6f44635fcabc5bf332037bea07b228f7b51753076ef1e8382984bc4
,,,冗余三元组,10.0,11.0,是,extraction,44a8fa7ea54ec2e41111a4f5dc6a9811dee8aa3aa19fb306f9177dfc86a9aea9
,,,冗余三元组,12.0,11.0,是,extraction,54710bbec3ca077fe79c80e1e95ea28a843633289f5bc6efe6abea14f6118623
,,,冗余三元组,13.0,35.0,是,extraction,bdb6ae948fcb734a09a70e6199e73c6b4e1ee8988d36d946e8376162542ec754
,,,冗余三元组,1.0,15.0,包含行为,extraction,50889e3cad3a2af3fe5c788cdd352c4e79a5e965367902c33f7b1eab2a878616
,,,冗余三元组,3.0,9.0,属于,extraction,e243beb6cddf62185b7e7ffcf414a9105a2c5a93a0690b193f72c7a37fa3b5ca
,,,冗余三元组,32.0,10.0,既是,extraction,6a71c60b3df216a02245bac7b249632f00fe9fb00329bc9b748dd56567aa2840
,,,冗余三元组,32.0,12.0,也是,extraction,c4c3ca8e89d758a45e9d008f04beb27756657ae5dd641654ceb69ccbbc45f528
,,,冗余三元组,1.0,54.0,涉及领域,extraction,bf464bcbcd83e979756fbd8eee9d0f695e979e7851f7354e079d63510152047a
,,,冗余三元组,3.0,1.0,权力类型,extraction,63bb5d4e71e6267d4835ef9479c9ff86b0b3ef916f5e6075b1750ed13e17cad3
,,,冗余三元组,41.0,1.0,行驶主体,extraction,3e203c1cd5240efde0e6a6d05bb4f8d4f3f80b46e735202ba3011d3e2801f0a1
,,,冗余三元组,41.0,1.0,承办机构,extraction,379f2c27a6c0b2eecca7d7b46b22ef51fefdad08ac0ee7abd453d5173a893b67
,,,冗余三元组,7.0,3.0,实施依据,extraction,f19e34325be413dc5e6bb80be003b66e02159d7f79ced0a5e8ba8a58d7125e15
,,,冗余三元组,1.0,28.0,涉及事项,extraction,560be2f414c89761f44840d3f52e507d90c06d4f0586d63ae8dd7eb595eca49b
,,,冗余三元组,3.0,1.0,权力类型,extraction,63bb5d4e71e6267d4835ef9479c9ff86b0b3ef916f5e6075b1750ed13e17cad3
,,,冗余三元组,25.0,3.0,行驶主体,extraction,c7f405beeae1829a03dbec6b28d32c4d828da48de999734d24825266b3076f59
,,,冗余三元组,25.0,3.0,承办机构,extraction,eef2c4724eefbb6cbc8a1e38dd903f5952b15b4fa168168b9caed346c6551029
,,,冗余三元组,3.0,33.0,实施依据,extraction,3ee398515b151c50aea9c550299379df42bd5a92b41e28fc8b8b5854a9aef6e3
,,,冗余三元组,1.0,6.0,涉及事项,extraction,63ed056176a358e5141eeb94299bb1cc5c1ba655d4c97bdb0e998157b41cd7a5
,,,冗余三元组,3.0,1.0,权力类型,extraction,63bb5d4e71e6267d4835ef9479c9ff86b0b3ef916f5e6075b1750ed13e17cad3
,,,冗余三元组,25.0,3.0,行驶主体,extraction,c7f405beeae1829a03dbec6b28d32c4d828da48de999734d24825266b3076f59
,,,冗余三元组,25.0,3.0,承办机构,extraction,eef2c4724eefbb6cbc8a1e38dd903f5952b15b4fa168168b9caed346c6551029
,,,冗余三元组,35.0,3.0,实施依据,extraction,b624cc26441dfe817af4e1eb453814a9cb80441634853b422b6c75adb5478d0b
,,,冗余三元组,39.0,1.0,是,extraction,38e1d37380a7519608b7025690633256c2d7865eeeda60653fee8757d9e4afaf
,,,冗余三元组,1.0,36.0,涉及问题,extraction,54c260d1a128014203ab4ed53ac05e9cb8405dd874e0b78e2a81b01ce110fecf
,,,冗余三元组,9.0,3.0,是,extraction,0ec99e7cb6f44635fcabc5bf332037bea07b228f7b51753076ef1e8382984bc4
,,,冗余三元组,10.0,41.0,是,extraction,6f83ced92a9691e5e14cc19bb1bc5463d86dfecb7bda23ec44eab17a27bf9ae5
,,,冗余三元组,12.0,41.0,是,extraction,a4b1a3ff2483dfe0fabc0a44c0aa6f73e99b87cf7ec502667cce0dc30a67f7b2
,,,冗余三元组,13.0,23.0,是,extraction,a809901cb1266f3034f5251cd5e201f3ce63e484f49bb7e202066cafcce8d4b1
,,,冗余三元组,1.0,45.0,涉及事项,extraction,dd7fe96509b2c5c33db03e133555278b4cecbf544b6fac7dea1158a8470efe3a
,,,冗余三元组,3.0,1.0,权力类型,extraction,63bb5d4e71e6267d4835ef9479c9ff86b0b3ef916f5e6075b1750ed13e17cad3
,,,冗余三元组,41.0,1.0,行驶主体,extraction,3e203c1cd5240efde0e6a6d05bb4f8d4f3f80b46e735202ba3011d3e2801f0a1
,,,冗余三元组,41.0,1.0,承办机构,extraction,379f2c27a6c0b2eecca7d7b46b22ef51fefdad08ac0ee7abd453d5173a893b67
,,,冗余三元组,1.0,5.0,依据,extraction,1ea7450430c6e25edf81e6ecf2f8dbbbbd3c1ca33319839a0f1c3459a61d2b2e
,,,冗余三元组,1.0,45.0,涉及事项,extraction,dd7fe96509b2c5c33db03e133555278b4cecbf544b6fac7dea1158a8470efe3a
,,,冗余三元组,3.0,1.0,权力类型,extraction,63bb5d4e71e6267d4835ef9479c9ff86b0b3ef916f5e6075b1750ed13e17cad3
,,,冗余三元组,4.0,3.0,行驶主体,extraction,65bd830d3a69c947ab33e8bccf4d7c9239947243f009a12164fa2b3d4defa4e5
,,,冗余三元组,4.0,3.0,承办机构,extraction,552f0352c4383de1ccdd6574c3a3cf1febf987d93f20f8b4d8f312f665277ccd
,,,冗余三元组,7.0,3.0,实施依据,extraction,f19e34325be413dc5e6bb80be003b66e02159d7f79ced0a5e8ba8a58d7125e15
,,,冗余三元组,1.0,60.0,涉及事项,extraction,6309e2202fc5d6cebcd70f93ed56deb6d1ded945a512f9631f8df8c872f7ddaf
,,,冗余三元组,3.0,1.0,权力类型,extraction,63bb5d4e71e6267d4835ef9479c9ff86b0b3ef916f5e6075b1750ed13e17cad3
,,,冗余三元组,41.0,1.0,行驶主体,extraction,3e203c1cd5240efde0e6a6d05bb4f8d4f3f80b46e735202ba3011d3e2801f0a1
,,,冗余三元组,41.0,1.0,承办机构,extraction,379f2c27a6c0b2eecca7d7b46b22ef51fefdad08ac0ee7abd453d5173a893b67
,,,冗余三元组,1.0,33.0,实施依据,extraction,26cc092408f0a9aa6f263c39234f8f2765d112fd2a7cdf3cff6187a39e1d5c6b
,,,冗余三元组,39.0,1.0,是,extraction,38e1d37380a7519608b7025690633256c2d7865eeeda60653fee8757d9e4afaf
,,,冗余三元组,9.0,3.0,是,extraction,0ec99e7cb6f44635fcabc5bf332037bea07b228f7b51753076ef1e8382984bc4
,,,冗余三元组,10.0,38.0,是,extraction,b756eb5995473eefcaf0d5b4fb891f9eb9190e7e7f446761eaff99790520dd98
,,,冗余三元组,12.0,38.0,是,extraction,76d05d01998cae971c559874b8df42b2445eeafc6d81c360c7aecdbaf38c3f00
,,,冗余三元组,13.0,35.0,是,extraction,bdb6ae948fcb734a09a70e6199e73c6b4e1ee8988d36d946e8376162542ec754
,,,冗余三元组,1.0,24.0,基于,extraction,a5276488a9604d9649d8bacd34b068a0005e4d755aa469a2a15794604500ae4d
,,,冗余三元组,22.0,22.0,行驶主体,extraction,ea514dce437d76e89b3fa59071aafb2f1a77f9b4650cd943de730b79d7484854
,,,冗余三元组,22.0,22.0,承办机构,extraction,c26bdc333007524d45848b23cd157a7888dcd66080cd02562078a2e4976bc46c
,,,冗余三元组,1.0,24.0,基于,extraction,a5276488a9604d9649d8bacd34b068a0005e4d755aa469a2a15794604500ae4d
,,,冗余三元组,16.0,10.0,是,extraction,0676f80814a944f0133efe570d87a4210481e5da6dd1982bbdd57d1a6f69161c
,,,冗余三元组,16.0,12.0,同时也是,extraction,8b867cc888e667e0969917f1602a9804858db651bdaf4170e2e6e0087a1f280c
,,,冗余三元组,1.0,46.0,涉及问题,extraction,3e940b19ef498016fad79857e57d4ee162cee2e05833d1b57fba62f1d9613be3
,,,冗余三元组,3.0,1.0,权力类型,extraction,63bb5d4e71e6267d4835ef9479c9ff86b0b3ef916f5e6075b1750ed13e17cad3
,,,冗余三元组,4.0,3.0,行驶主体,extraction,65bd830d3a69c947ab33e8bccf4d7c9239947243f009a12164fa2b3d4defa4e5
,,,冗余三元组,4.0,3.0,承办机构,extraction,552f0352c4383de1ccdd6574c3a3cf1febf987d93f20f8b4d8f312f665277ccd
,,,冗余三元组,7.0,3.0,实施依据,extraction,f19e34325be413dc5e6bb80be003b66e02159d7f79ced0a5e8ba8a58d7125e15
,,,冗余三元组,1.0,2.0,包含,extraction,ece848f89d246452aaa10044790a3062f859636b97889ce3f2ba79cb9580a885
,,,冗余三元组,9.0,3.0,是,extraction,0ec99e7cb6f44635fcabc5bf332037bea07b228f7b51753076ef1e8382984bc4
,,,冗余三元组,10.0,4.0,是,extraction,4253afef8f3fd90e1effb4068d33d5af9bf9795c98a41a591346af581d8c5b13
,,,冗余三元组,12.0,4.0,是,extraction,157789d187fc7ed7a6f770e4112d938e1669ffabeec33b64ab160620d61c286f
,,,冗余三元组,13.0,33.0,是,extraction,fc4553073462fe666aaa676d985116bc290a0c71f03fb633205f00b4fcf4ff71
,,,冗余三元组,1.0,36.0,涉及事项,extraction,8f5ef8181607d60e4eccd5ec612a1b947845c41af6a5aa6f33629298f46d39a8
,,,冗余三元组,3.0,1.0,权力类型,extraction,63bb5d4e71e6267d4835ef9479c9ff86b0b3ef916f5e6075b1750ed13e17cad3
,,,冗余三元组,38.0,3.0,行驶主体,extraction,09efeab994a6d0a0d2474408b9050a4299990ea94ef2b0fd3b3f3c42b80c1d00
,,,冗余三元组,38.0,3.0,承办机构,extraction,3ffeb2c635f8eac91bfd409e9ffa26f73bbf4f4bb174d1a1c0cfa1334e723247
,,,冗余三元组,23.0,3.0,实施依据,extraction,365a514488858a29239444ea6807697216abe5039811b8ff6d729d3df6958386
,,,冗余三元组,3.0,1.0,权力类型,extraction,63bb5d4e71e6267d4835ef9479c9ff86b0b3ef916f5e6075b1750ed13e17cad3
,,,冗余三元组,16.0,1.0,行驶主体,extraction,2388221cee7d1ae0ed5be74dbb33fa91b57a06cfae883cc5c2262bfb048b5c48
,,,冗余三元组,16.0,1.0,承办机构,extraction,7da0b9c5ea5b9311256b7bcb955ba7fe507e79fd9fe407e277e1c4de0e1d453e
,,,冗余三元组,20.0,1.0,实施依据,extraction,fa879230d50cba26fe3e25fda133ad3500d518880a888364d68f6f0c8fcf6adf
,,,冗余三元组,1.0,6.0,涉及事项,extraction,63ed056176a358e5141eeb94299bb1cc5c1ba655d4c97bdb0e998157b41cd7a5
,,,冗余三元组,3.0,1.0,权力类型,extraction,63bb5d4e71e6267d4835ef9479c9ff86b0b3ef916f5e6075b1750ed13e17cad3
,,,冗余三元组,11.0,3.0,行驶主体,extraction,252ebc8fde2836f7eae5a791df687860076241cf808bc99e0fd167f0ea262cd9
,,,冗余三元组,11.0,3.0,承办机构,extraction,e3339b884b62824a3b8679c646ddcca5b0bd6ecf6ec75f8d8629aa2e9b31a33c
,,,冗余三元组,5.0,3.0,实施依据,extraction,4d26a315d3cf5e095a5f33a521cc5fcfd77a3a44ba52ed82e02dee2171f81d54
,,,冗余三元组,1.0,31.0,涉及问题,extraction,ea08369126f7fbe0d95ca41a348902bab3f4d8e388232d1c4ed32a98fca9af59
,,,冗余三元组,3.0,1.0,权力类型,extraction,63bb5d4e71e6267d4835ef9479c9ff86b0b3ef916f5e6075b1750ed13e17cad3
,,,冗余三元组,16.0,1.0,行驶主体,extraction,2388221cee7d1ae0ed5be74dbb33fa91b57a06cfae883cc5c2262bfb048b5c48
,,,冗余三元组,16.0,1.0,承办机构,extraction,7da0b9c5ea5b9311256b7bcb955ba7fe507e79fd9fe407e277e1c4de0e1d453e
,,,冗余三元组,27.0,1.0,实施依据,extraction,1dd09eaa3ac242a6049883882dda75ebce911a0b4434d4e2ef5da6ac96a10226
,,,冗余三元组,1.0,53.0,涉及事项,extraction,f0541f7d0c2d3d04c56da88a6bc6ad2f2baea1220b292ed6fa4bf4744fe4e698
,,,冗余三元组,3.0,1.0,权力类型,extraction,63bb5d4e71e6267d4835ef9479c9ff86b0b3ef916f5e6075b1750ed13e17cad3
,,,冗余三元组,26.0,3.0,行驶主体,extraction,53a6aecb0cb919674eb601d3ca9bfb3e1cd8021d0c2b4edaea1103f12ff5d1fa
,,,冗余三元组,26.0,3.0,承办机构,extraction,09f29ebed328eaaeac44ee7d9b0d8d8b248964f2da25bc454213eb1f6ed1c65b
,,,冗余三元组,14.0,3.0,实施依据,extraction,b2a34d3077aee5e73c915f123942606ad10c818ac195f73a26fa6b2a85ed9d1b
,,,冗余三元组,1.0,40.0,涉及内容,extraction,de20e85db7086358cf9286abdebf47adc291c16b26f2f272b53ee25a61196b6a
,,,冗余三元组,3.0,1.0,权力类型,extraction,63bb5d4e71e6267d4835ef9479c9ff86b0b3ef916f5e6075b1750ed13e17cad3
,,,冗余三元组,4.0,3.0,行驶主体,extraction,65bd830d3a69c947ab33e8bccf4d7c9239947243f009a12164fa2b3d4defa4e5
,,,冗余三元组,4.0,3.0,承办机构,extraction,552f0352c4383de1ccdd6574c3a3cf1febf987d93f20f8b4d8f312f665277ccd
,,,冗余三元组,35.0,3.0,实施依据,extraction,b624cc26441dfe817af4e1eb453814a9cb80441634853b422b6c75adb5478d0b
,,,冗余三元组,1.0,46.0,涉及问题,extraction,3e940b19ef498016fad79857e57d4ee162cee2e05833d1b57fba62f1d9613be3
,,,冗余三元组,3.0,1.0,权力类型,extraction,63bb5d4e71e6267d4835ef9479c9ff86b0b3ef916f5e6075b1750ed13e17cad3
,,,冗余三元组,38.0,3.0,行驶主体,extraction,09efeab994a6d0a0d2474408b9050a4299990ea94ef2b0fd3b3f3c42b80c1d00
,,,冗余三元组,38.0,3.0,承办机构,extraction,3ffeb2c635f8eac91bfd409e9ffa26f73bbf4f4bb174d1a1c0cfa1334e723247
,,,冗余三元组,3.0,23.0,实施依据,extraction,50ab6d4e4a28dab63d889535df0083377ec5ea69c2cb93319237f8bffe946b3c
,,,冗余三元组,1.0,36.0,涉及事项,extraction,8f5ef8181607d60e4eccd5ec612a1b947845c41af6a5aa6f33629298f46d39a8
,,,冗余三元组,3.0,1.0,权力类型,extraction,63bb5d4e71e6267d4835ef9479c9ff86b0b3ef916f5e6075b1750ed13e17cad3
,,,冗余三元组,22.0,3.0,行驶主体,extraction,63b889c6caaf61c3eefad202bc0e1a4344122b009d898e41612d2ce9411c9a90
,,,冗余三元组,22.0,3.0,承办机构,extraction,450ea2044227017296ffd8295e12ead624bac9ad5fb24c8dce7525315368e0fd
,,,冗余三元组,33.0,3.0,实施依据,extraction,306160666e8a359cb9bf4da0ec64c9e2d6901c870fe6350cba5879c4509266de
,,,冗余三元组,1.0,19.0,涉及内容,extraction,e667158a34c5290413d6959d0281c37377fbc946202a479c446b6afeb89e2126
,,,冗余三元组,9.0,3.0,类型,extraction,7b4fd279b61586115fa2987e2d0371238853c4f6f63e89d0b451e4237f492a37
,,,冗余三元组,10.0,41.0,为,extraction,28521ddcfbcdc9bf555c544f9ffedc4f6916f361d04d3b7fc73bf53600a847fc
,,,冗余三元组,12.0,41.0,为,extraction,7ca35468b51f857f9340e1ae58c7560d960329fb74fc4d3211c8f9c490e143fe
,,,冗余三元组,13.0,5.0,来源,extraction,9bd213e2b41f955fab4d2624abbd5b2aa05fab69992fb08b61623b28a05dce94
,,,冗余三元组,1.0,2.0,涉及事项,extraction,45a6b5e9b7acaaf964d4ba55ee382735953a50be79b9c5a63cfd56f3bfaa98e9
,,,冗余三元组,3.0,1.0,权力类型,extraction,63bb5d4e71e6267d4835ef9479c9ff86b0b3ef916f5e6075b1750ed13e17cad3
,,,冗余三元组,11.0,1.0,行驶主体,extraction,50e598b1826c6a6e16cbb761d7126c8286dd306ea8aefdffee154cbb615a866b
,,,冗余三元组,11.0,1.0,承办机构,extraction,ecacee85e506b895bb6ef636499570c58825c04c2655e0f358383dd8770dbffa
,,,冗余三元组,35.0,1.0,实施依据,extraction,c2160bc37901fdb446bacf457f42f5af556fdcd5b45c0e99b283102cca9bc468
,,,冗余三元组,1.0,45.0,涉及事项,extraction,dd7fe96509b2c5c33db03e133555278b4cecbf544b6fac7dea1158a8470efe3a
,,,冗余三元组,3.0,1.0,权力类型,extraction,63bb5d4e71e6267d4835ef9479c9ff86b0b3ef916f5e6075b1750ed13e17cad3
,,,冗余三元组,22.0,3.0,行驶主体,extraction,63b889c6caaf61c3eefad202bc0e1a4344122b009d898e41612d2ce9411c9a90
,,,冗余三元组,22.0,3.0,承办机构,extraction,450ea2044227017296ffd8295e12ead624bac9ad5fb24c8dce7525315368e0fd
,,,冗余三元组,3.0,33.0,实施依据,extraction,3ee398515b151c50aea9c550299379df42bd5a92b41e28fc8b8b5854a9aef6e3
,,,冗余三元组,1.0,19.0,涉及行为,extraction,7f240590f2a7da25c488c633d39a09a722fedca13693b57fc75c819db158f3af
,,,冗余三元组,3.0,1.0,权力类型,extraction,63bb5d4e71e6267d4835ef9479c9ff86b0b3ef916f5e6075b1750ed13e17cad3
,,,冗余三元组,4.0,3.0,行驶主体,extraction,65bd830d3a69c947ab33e8bccf4d7c9239947243f009a12164fa2b3d4defa4e5
,,,冗余三元组,4.0,3.0,承办机构,extraction,552f0352c4383de1ccdd6574c3a3cf1febf987d93f20f8b4d8f312f665277ccd
,,,冗余三元组,3.0,5.0,实施依据,extraction,300e1a74feeba098ae7f4718aa129d394916387a593e134f982cc13f2bfa406f
,,,冗余三元组,39.0,1.0,是,extraction,38e1d37380a7519608b7025690633256c2d7865eeeda60653fee8757d9e4afaf
,,,冗余三元组,1.0,52.0,涉及问题,extraction,90af34399ad797a62bec9b3819dad9d64b8031065ff158d8a5f1015257e3e4dd
,,,冗余三元组,9.0,3.0,是,extraction,0ec99e7cb6f44635fcabc5bf332037bea07b228f7b51753076ef1e8382984bc4
,,,冗余三元组,10.0,25.0,是,extraction,ad542489db79b38432a47864e6f61070ea6042115797987a3bcdb2baca19bebf
,,,冗余三元组,12.0,25.0,是,extraction,dc4ae0749038f60cf9a543d11bdbb3655270d3f1168c53408b231865a3b78a64
,,,冗余三元组,13.0,14.0,是,extraction,bfbeedc7e6daf4f851060b875d14b5b7c1dab5b695356d4176fd018de0894ae2
,,,冗余三元组,1.0,45.0,涉及事项,extraction,dd7fe96509b2c5c33db03e133555278b4cecbf544b6fac7dea1158a8470efe3a
,,,冗余三元组,3.0,1.0,权力类型,extraction,63bb5d4e71e6267d4835ef9479c9ff86b0b3ef916f5e6075b1750ed13e17cad3
,,,冗余三元组,32.0,1.0,行驶主体,extraction,f3ae7eebff4e3460421e23abeef0b3052dd9a3dcfbd1f44a03d027eeb1801b4f
,,,冗余三元组,32.0,1.0,承办机构,extraction,931cafd24efaf97775db66b22a04ccc10ef5b34c9f1550f1c6e447e2887940db
,,,冗余三元组,1.0,27.0,依据,extraction,d03daf3e94bfbb1b0d0e8924a3805396d721f1c62d58ac9127a2e0d131b5d430
,,,冗余三元组,1.0,21.0,包含,extraction,635d1027165abbabe82fa63c66c6183ad9893b0e011f20d0b6ad30d71c05ec2a
,,,冗余三元组,9.0,3.0,是,extraction,0ec99e7cb6f44635fcabc5bf332037bea07b228f7b51753076ef1e8382984bc4
,,,冗余三元组,10.0,32.0,是,extraction,4da064cb343643cc890842dceaf67b09d17018b8caccfb9a66252b99aba7b2c2
,,,冗余三元组,12.0,32.0,是,extraction,9c4f6d970f0759ccf44ba88668fb20479c3f74345a7048810ee820b1947a78e1
,,,冗余三元组,13.0,14.0,是,extraction,bfbeedc7e6daf4f851060b875d14b5b7c1dab5b695356d4176fd018de0894ae2
,,,冗余三元组,1.0,53.0,涉及事项,extraction,f0541f7d0c2d3d04c56da88a6bc6ad2f2baea1220b292ed6fa4bf4744fe4e698
,,,冗余三元组,3.0,1.0,权力类型,extraction,63bb5d4e71e6267d4835ef9479c9ff86b0b3ef916f5e6075b1750ed13e17cad3
,,,冗余三元组,26.0,3.0,行驶主体,extraction,53a6aecb0cb919674eb601d3ca9bfb3e1cd8021d0c2b4edaea1103f12ff5d1fa
,,,冗余三元组,26.0,3.0,承办机构,extraction,09f29ebed328eaaeac44ee7d9b0d8d8b248964f2da25bc454213eb1f6ed1c65b
,,,冗余三元组,1.0,29.0,依据,extraction,7c876ea0542c8c0bbe2bd1071fb11a2281ab201ea6a5d96c9f866fe3fc0a1ecb
,,,冗余三元组,1.0,6.0,涉及事项,extraction,63ed056176a358e5141eeb94299bb1cc5c1ba655d4c97bdb0e998157b41cd7a5
,,,冗余三元组,3.0,1.0,权力类型,extraction,63bb5d4e71e6267d4835ef9479c9ff86b0b3ef916f5e6075b1750ed13e17cad3
,,,冗余三元组,38.0,3.0,行驶主体,extraction,09efeab994a6d0a0d2474408b9050a4299990ea94ef2b0fd3b3f3c42b80c1d00
,,,冗余三元组,38.0,3.0,承办机构,extraction,3ffeb2c635f8eac91bfd409e9ffa26f73bbf4f4bb174d1a1c0cfa1334e723247
,,,冗余三元组,27.0,3.0,实施依据,extraction,13ecae60e92e941ef4d9485768d111c391b72853ef20b0f5a42b8bcdde18e40b
,,,冗余三元组,1.0,34.0,包含,extraction,55e4afabf77afe2a5eab9a2e4e01194c0b9b6c241104b977092e714b9c92562f
,,,冗余三元组,9.0,3.0,是,extraction,0ec99e7cb6f44635fcabc5bf332037bea07b228f7b51753076ef1e8382984bc4
,,,冗余三元组,10.0,4.0,是,extraction,4253afef8f3fd90e1effb4068d33d5af9bf9795c98a41a591346af581d8c5b13
,,,冗余三元组,12.0,4.0,是,extraction,157789d187fc7ed7a6f770e4112d938e1669ffabeec33b64ab160620d61c286f
,,,冗余三元组,13.0,14.0,是,extraction,bfbeedc7e6daf4f851060b875d14b5b7c1dab5b695356d4176fd018de0894ae2
,,,冗余三元组,1.0,53.0,涉及事项,extraction,f0541f7d0c2d3d04c56da88a6bc6ad2f2baea1220b292ed6fa4bf4744fe4e698
,,,冗余三元组,3.0,1.0,权力类型,extraction,63bb5d4e71e6267d4835ef9479c9ff86b0b3ef916f5e6075b1750ed13e17cad3
,,,冗余三元组,26.0,3.0,行驶主体,extraction,53a6aecb0cb919674eb601d3ca9bfb3e1cd8021d0c2b4edaea1103f12ff5d1fa
,,,冗余三元组,26.0,3.0,承办机构,extraction,09f29ebed328eaaeac44ee7d9b0d8d8b248964f2da25bc454213eb1f6ed1c65b
,,,冗余三元组,23.0,3.0,实施依据,extraction,365a514488858a29239444ea6807697216abe5039811b8ff6d729d3df6958386
,,,冗余三元组,1.0,45.0,涉及事项,extraction,dd7fe96509b2c5c33db03e133555278b4cecbf544b6fac7dea1158a8470efe3a
,,,冗余三元组,3.0,1.0,权力类型,extraction,63bb5d4e71e6267d4835ef9479c9ff86b0b3ef916f5e6075b1750ed13e17cad3
,,,冗余三元组,41.0,3.0,行驶主体,extraction,5d84b9822209fd7fa7d92babdb835190241b68fe5b5aea19e9da5dd2dd78f41f
,,,冗余三元组,41.0,3.0,承办机构,extraction,48e2d4897373891400d86d526f3e14fa122a8369676e5750befd6236e4886a23
,,,冗余三元组,3.0,23.0,依据,extraction,59ff7f21ef56ac976200d9f4fe84c93848f673346b1fc3ad16cbbcdf0951ba50
,,,冗余三元组,1.0,48.0,涉及内容,extraction,c90c36bc34d7f04fedfc793b0376221c7073cfdcfd8648ced932e92d2e837f7a
,,,冗余三元组,3.0,1.0,权力类型,extraction,63bb5d4e71e6267d4835ef9479c9ff86b0b3ef916f5e6075b1750ed13e17cad3
,,,冗余三元组,44.0,1.0,行驶主体,extraction,5aa5bd754001b528942d9ff1cf92c0dac3eea5408ae1a3ad1be7b48dd6ad7bc6
,,,冗余三元组,44.0,1.0,承办机构,extraction,fe869ebaf0ddd080462b050806e1c882e39322a3f98c8d4b29b1d043af63148d
,,,冗余三元组,43.0,3.0,实施依据,extraction,b2e045a3f94b96fa94529db86a8245fdcf22fab97a04061f220a7caec63e44e4
,,,冗余三元组,1.0,48.0,服务事项,extraction,e7e101401f3cdc40fda09e37060e8e9d74ca89110231c076b5cd763ef6e0dc3c
,,,冗余三元组,3.0,1.0,权力类型,extraction,63bb5d4e71e6267d4835ef9479c9ff86b0b3ef916f5e6075b1750ed13e17cad3
,,,冗余三元组,4.0,1.0,行驶主体,extraction,76853b7863ac80a3aad594a1104aa5b967a97525e8a2a9def28eeeebf43e4bab
,,,冗余三元组,4.0,1.0,承办机构,extraction,f7483722370a3db6cc6e9698d7f621113a7fe751bca6b181a1961b22639e7ed3
,,,冗余三元组,20.0,3.0,实施依据,extraction,74c469772883cc75830d6664aabca03b3c8bc471660e084cede3096ee903fa04
,,,冗余三元组,1.0,42.0,涉及事项,extraction,6fa1fbc925e7b9f7909377c8fdb4e224f49dc4ac4ecc0317653a80654e14e7bc
,,,冗余三元组,3.0,1.0,权力类型,extraction,63bb5d4e71e6267d4835ef9479c9ff86b0b3ef916f5e6075b1750ed13e17cad3
,,,冗余三元组,26.0,3.0,行驶主体,extraction,53a6aecb0cb919674eb601d3ca9bfb3e1cd8021d0c2b4edaea1103f12ff5d1fa
,,,冗余三元组,26.0,3.0,承办机构,extraction,09f29ebed328eaaeac44ee7d9b0d8d8b248964f2da25bc454213eb1f6ed1c65b
,,,冗余三元组,1.0,31.0,涉及问题,extraction,ea08369126f7fbe0d95ca41a348902bab3f4d8e388232d1c4ed32a98fca9af59
,,,冗余三元组,3.0,1.0,权力类型,extraction,63bb5d4e71e6267d4835ef9479c9ff86b0b3ef916f5e6075b1750ed13e17cad3
,,,冗余三元组,4.0,3.0,行驶主体,extraction,65bd830d3a69c947ab33e8bccf4d7c9239947243f009a12164fa2b3d4defa4e5
,,,冗余三元组,4.0,3.0,承办机构,extraction,552f0352c4383de1ccdd6574c3a3cf1febf987d93f20f8b4d8f312f665277ccd
,,,冗余三元组,7.0,3.0,实施依据,extraction,f19e34325be413dc5e6bb80be003b66e02159d7f79ced0a5e8ba8a58d7125e15
,,,冗余三元组,1.0,2.0,涉及事项,extraction,45a6b5e9b7acaaf964d4ba55ee382735953a50be79b9c5a63cfd56f3bfaa98e9
,,,冗余三元组,11.0,1.0,行驶主体,extraction,50e598b1826c6a6e16cbb761d7126c8286dd306ea8aefdffee154cbb615a866b
,,,冗余三元组,11.0,1.0,承办机构,extraction,ecacee85e506b895bb6ef636499570c58825c04c2655e0f358383dd8770dbffa
,,,冗余三元组,1.0,49.0,依据,extraction,567a356d9d99d44b1e79598f86430dce8cd9fbfb76155059f4e9f13b5ad5b19e
,,,冗余三元组,1.0,15.0,包含,extraction,ece6cfea1e7888ef7da542c244213f3cf24b722f04c103df8c133360b0d0783d
,,,冗余三元组,9.0,3.0,是,extraction,0ec99e7cb6f44635fcabc5bf332037bea07b228f7b51753076ef1e8382984bc4
,,,冗余三元组,10.0,32.0,是,extraction,4da064cb343643cc890842dceaf67b09d17018b8caccfb9a66252b99aba7b2c2
,,,冗余三元组,12.0,32.0,是,extraction,9c4f6d970f0759ccf44ba88668fb20479c3f74345a7048810ee820b1947a78e1
,,,冗余三元组,13.0,43.0,是,extraction,ade982e693329bd738b2be4fef11a25c3536423672e3d1c585cae98131a035d0
,,,冗余三元组,1.0,8.0,涉及,extraction,87762195aab84fdc0842a072b54421c6e992ded15227e267788ac371d89fd8a5
,,,冗余三元组,9.0,3.0,是,extraction,0ec99e7cb6f44635fcabc5bf332037bea07b228f7b51753076ef1e8382984bc4
,,,冗余三元组,10.0,38.0,是,extraction,b756eb5995473eefcaf0d5b4fb891f9eb9190e7e7f446761eaff99790520dd98
,,,冗余三元组,12.0,38.0,是,extraction,76d05d01998cae971c559874b8df42b2445eeafc6d81c360c7aecdbaf38c3f00
,,,冗余三元组,13.0,14.0,是,extraction,bfbeedc7e6daf4f851060b875d14b5b7c1dab5b695356d4176fd018de0894ae2
,,,冗余三元组,1.0,42.0,涉及事项,extraction,6fa1fbc925e7b9f7909377c8fdb4e224f49dc4ac4ecc0317653a80654e14e7bc
,,,冗余三元组,3.0,1.0,权力类型,extraction,63bb5d4e71e6267d4835ef9479c9ff86b0b3ef916f5e6075b1750ed13e17cad3
,,,冗余三元组,11.0,3.0,行驶主体,extraction,252ebc8fde2836f7eae5a791df687860076241cf808bc99e0fd167f0ea262cd9
,,,冗余三元组,11.0,3.0,承办机构,extraction,e3339b884b62824a3b8679c646ddcca5b0bd6ecf6ec75f8d8629aa2e9b31a33c
,,,冗余三元组,35.0,3.0,实施依据,extraction,b624cc26441dfe817af4e1eb453814a9cb80441634853b422b6c75adb5478d0b
,,,冗余三元组,1.0,6.0,涉及事项,extraction,63ed056176a358e5141eeb94299bb1cc5c1ba655d4c97bdb0e998157b41cd7a5
,,,冗余三元组,3.0,1.0,权力类型,extraction,63bb5d4e71e6267d4835ef9479c9ff86b0b3ef916f5e6075b1750ed13e17cad3
,,,冗余三元组,32.0,3.0,行驶主体,extraction,25aa2c1e152670ddfb23d68a0ae7e021b4a2e63a8a68352208fab8aba8a37318
,,,冗余三元组,32.0,3.0,承办机构,extraction,7cfdba5de59642b67f9924e80b0324afb048e0e5fbe8a9a65ee9100edeae0749
,,,冗余三元组,43.0,3.0,实施依据,extraction,b2e045a3f94b96fa94529db86a8245fdcf22fab97a04061f220a7caec63e44e4
,,,冗余三元组,1.0,8.0,涉及内容,extraction,d02de960772b95844ead284f303c0cc0a431bb9e9d2e2a9acb00d12d4b09753a
,,,冗余三元组,3.0,1.0,权力类型,extraction,63bb5d4e71e6267d4835ef9479c9ff86b0b3ef916f5e6075b1750ed13e17cad3
,,,冗余三元组,4.0,1.0,行驶主体,extraction,76853b7863ac80a3aad594a1104aa5b967a97525e8a2a9def28eeeebf43e4bab
,,,冗余三元组,4.0,1.0,承办机构,extraction,f7483722370a3db6cc6e9698d7f621113a7fe751bca6b181a1961b22639e7ed3
,,,冗余三元组,1.0,27.0,实施依据,extraction,0e30535101004be1a7b121b537cd81665d02521ea1c82e250417c2c271962f93
,,,冗余三元组,1.0,42.0,涉及事项,extraction,6fa1fbc925e7b9f7909377c8fdb4e224f49dc4ac4ecc0317653a80654e14e7bc
,,,冗余三元组,3.0,1.0,权力类型,extraction,63bb5d4e71e6267d4835ef9479c9ff86b0b3ef916f5e6075b1750ed13e17cad3
,,,冗余三元组,11.0,3.0,行驶主体,extraction,252ebc8fde2836f7eae5a791df687860076241cf808bc99e0fd167f0ea262cd9
,,,冗余三元组,11.0,3.0,承办机构,extraction,e3339b884b62824a3b8679c646ddcca5b0bd6ecf6ec75f8d8629aa2e9b31a33c
,,,冗余三元组,23.0,3.0,实施依据,extraction,365a514488858a29239444ea6807697216abe5039811b8ff6d729d3df6958386
,,,冗余三元组,1.0,40.0,基于,extraction,a85624624539924188006fe19700cbca1e2a48322c712646b9353d0df3e1eb24
,,,冗余三元组,9.0,3.0,是,extraction,0ec99e7cb6f44635fcabc5bf332037bea07b228f7b51753076ef1e8382984bc4
,,,冗余三元组,10.0,44.0,是,extraction,53854b14f84a4f7bcec4288babeeb93d9202a8f1247a14098e9a02982cc95640
,,,冗余三元组,12.0,44.0,是,extraction,de41cd62c11f82837c5925e3426f42630d0bc935f1a9e33489b933acda4b7831
,,,冗余三元组,13.0,37.0,是,extraction,11ad231736d8e934254b836f208f0b302e4d9e38c23214e2036235899cb04fe6
,,,冗余三元组,1.0,53.0,涉及事项,extraction,f0541f7d0c2d3d04c56da88a6bc6ad2f2baea1220b292ed6fa4bf4744fe4e698
,,,冗余三元组,16.0,16.0,行驶主体,extraction,de3d3e85ffec1b1c16f445f7a5e7e204c5d5fb0d31f317bb122227719e728676
,,,冗余三元组,16.0,16.0,承办机构,extraction,dd3beedaf67b0e9e05574852bf1b9e7df5fccb39eb43ab3bef7f7645d192767e
,,,冗余三元组,16.0,14.0,依据,extraction,9ee1d6de634c99c16fb3e4f5082e2c895c2f2a3b2dd63218c4f56873848766e5
,,,冗余三元组,1.0,30.0,涉及事项,extraction,ccef3650e7b61845685cf2707f354cdaa4f4352c9593b656611bcaa42bcaaf3a
,,,冗余三元组,3.0,1.0,权力类型,extraction,63bb5d4e71e6267d4835ef9479c9ff86b0b3ef916f5e6075b1750ed13e17cad3
,,,冗余三元组,41.0,1.0,行驶主体,extraction,3e203c1cd5240efde0e6a6d05bb4f8d4f3f80b46e735202ba3011d3e2801f0a1
,,,冗余三元组,41.0,1.0,承办机构,extraction,379f2c27a6c0b2eecca7d7b46b22ef51fefdad08ac0ee7abd453d5173a893b67
,,,冗余三元组,1.0,23.0,依据,extraction,0c4e2a2eed4772431ff0a6f635bec43d213b808cd3ebb9e90f0dd418ba282cb2
,,,冗余三元组,1.0,6.0,服务事项,extraction,bcaaf93ebebcb6717086617566e54d8eda6e69ccbfae463d34ed5cb674242d7a
,,,冗余三元组,3.0,1.0,权力类型,extraction,63bb5d4e71e6267d4835ef9479c9ff86b0b3ef916f5e6075b1750ed13e17cad3
,,,冗余三元组,4.0,1.0,行驶主体,extraction,76853b7863ac80a3aad594a1104aa5b967a97525e8a2a9def28eeeebf43e4bab
,,,冗余三元组,4.0,1.0,承办机构,extraction,f7483722370a3db6cc6e9698d7f621113a7fe751bca6b181a1961b22639e7ed3
,,,冗余三元组,7.0,1.0,实施依据,extraction,d17adc34c7caa96f27afae806386689e2bb5cbc06ad807b8af9e91dbe53a1682
,,,冗余三元组,1.0,24.0,基于,extraction,a5276488a9604d9649d8bacd34b068a0005e4d755aa469a2a15794604500ae4d
,,,冗余三元组,9.0,3.0,是,extraction,0ec99e7cb6f44635fcabc5bf332037bea07b228f7b51753076ef1e8382984bc4
,,,冗余三元组,10.0,38.0,是,extraction,b756eb5995473eefcaf0d5b4fb891f9eb9190e7e7f446761eaff99790520dd98
,,,冗余三元组,12.0,38.0,是,extraction,76d05d01998cae971c559874b8df42b2445eeafc6d81c360c7aecdbaf38c3f00
,,,冗余三元组,13.0,50.0,是,extraction,c041f04873201647e0b342a86dacb602d31a2f7036dbbbcb8019ba08c7818ff2
,,,冗余三元组,39.0,1.0,是,extraction,38e1d37380a7519608b7025690633256c2d7865eeeda60653fee8757d9e4afaf
,,,冗余三元组,9.0,3.0,是,extraction,0ec99e7cb6f44635fcabc5bf332037bea07b228f7b51753076ef1e8382984bc4
,,,冗余三元组,10.0,25.0,是,extraction,ad542489db79b38432a47864e6f61070ea6042115797987a3bcdb2baca19bebf
,,,冗余三元组,12.0,25.0,是,extraction,dc4ae0749038f60cf9a543d11bdbb3655270d3f1168c53408b231865a3b78a64
,,,冗余三元组,13.0,27.0,是,extraction,b6eab7714fb673bef9d283a76736709544e272990472859dc282d706a47931e5
,,,冗余三元组,1.0,2.0,涉及事项,extraction,45a6b5e9b7acaaf964d4ba55ee382735953a50be79b9c5a63cfd56f3bfaa98e9
,,,冗余三元组,3.0,1.0,权力类型,extraction,63bb5d4e71e6267d4835ef9479c9ff86b0b3ef916f5e6075b1750ed13e17cad3
,,,冗余三元组,32.0,1.0,行驶主体,extraction,f3ae7eebff4e3460421e23abeef0b3052dd9a3dcfbd1f44a03d027eeb1801b4f
,,,冗余三元组,32.0,1.0,承办机构,extraction,931cafd24efaf97775db66b22a04ccc10ef5b34c9f1550f1c6e447e2887940db
,,,冗余三元组,37.0,1.0,实施依据,extraction,09d255701213a5f1fc35300e57fc286072af9b281e8b6176db074a855aa6f1c9
,,,冗余三元组,1.0,30.0,包含,extraction,b513d0b5fe620cfbed205f8d217fb4790ebfe54bd1dacc6452fdd584f0bbdfd5
,,,冗余三元组,9.0,3.0,是,extraction,0ec99e7cb6f44635fcabc5bf332037bea07b228f7b51753076ef1e8382984bc4
,,,冗余三元组,10.0,16.0,是,extraction,746a2100773446996a077ea20c54ba9035e03b7b31f93fb59a8ae3cd5a9d17da
,,,冗余三元组,12.0,16.0,是,extraction,02eb93de428eaa79f373e8be62591cfeadb588d7f8583ea3de7abacb8d43bb50
,,,冗余三元组,13.0,33.0,是,extraction,fc4553073462fe666aaa676d985116bc290a0c71f03fb633205f00b4fcf4ff71
,,,冗余三元组,1.0,40.0,基于,extraction,a85624624539924188006fe19700cbca1e2a48322c712646b9353d0df3e1eb24
,,,冗余三元组,9.0,3.0,是,extraction,0ec99e7cb6f44635fcabc5bf332037bea07b228f7b51753076ef1e8382984bc4
,,,冗余三元组,10.0,44.0,是,extraction,53854b14f84a4f7bcec4288babeeb93d9202a8f1247a14098e9a02982cc95640
,,,冗余三元组,12.0,44.0,是,extraction,de41cd62c11f82837c5925e3426f42630d0bc935f1a9e33489b933acda4b7831
,,,冗余三元组,13.0,33.0,是,extraction,fc4553073462fe666aaa676d985116bc290a0c71f03fb633205f00b4fcf4ff71
,,,冗余三元组,1.0,60.0,涉及领域,extraction,25fe9bcaeb7e004a7f7cb1fcb4d291c2a96c608fd8ff4641bee8109287b07717
,,,冗余三元组,16.0,16.0,行使主体,extraction,a30afd6af3baa3ef619e88bd5ceef5629ad6263bcdb6e756d18761d9dec661de
,,,冗余三元组,16.0,16.0,承办机构,extraction,dd3beedaf67b0e9e05574852bf1b9e7df5fccb39eb43ab3bef7f7645d192767e
,,,冗余三元组,16.0,5.0,依据,extraction,8c1989c08edd1c6e65ddb351ff2457aa1bfd53e768da538cf9f0e6792d2a2158
,,,冗余三元组,1.0,58.0,包含,extraction,a99749a34663c627f41bf723f6a81786f4ec688554b1b228877f58e936d4f065
,,,冗余三元组,9.0,3.0,是,extraction,0ec99e7cb6f44635fcabc5bf332037bea07b228f7b51753076ef1e8382984bc4
,,,冗余三元组,10.0,26.0,是,extraction,89fbb5ae30c6220e41f165591e4df027877c140a72033fe0680e44206164aa17
,,,冗余三元组,12.0,26.0,是,extraction,a3817cab3fccbfd1b94576c85b68cfb0ff0511791fe7ada5dd7c10500502e531
,,,冗余三元组,13.0,37.0,是,extraction,11ad231736d8e934254b836f208f0b302e4d9e38c23214e2036235899cb04fe6
,,,冗余三元组,1.0,53.0,涉及内容,extraction,93a41a3bfad2a55543054230e6b5ba30a1c2c78b18e08fd4c03297cf76a22214
,,,冗余三元组,9.0,3.0,类型,extraction,7b4fd279b61586115fa2987e2d0371238853c4f6f63e89d0b451e4237f492a37
,,,冗余三元组,32.0,1.0,行驶主体,extraction,f3ae7eebff4e3460421e23abeef0b3052dd9a3dcfbd1f44a03d027eeb1801b4f
,,,冗余三元组,32.0,1.0,承办机构,extraction,931cafd24efaf97775db66b22a04ccc10ef5b34c9f1550f1c6e447e2887940db
,,,冗余三元组,1.0,14.0,依据,extraction,ef634f9e84afb4ebf494e22553b15ac7b1fbc49e61d65588899d98c77fee67fd
,,,冗余三元组,1.0,17.0,涉及事项,extraction,26e5b368d0569ae2cd1db86e58c1825b9d075b33fb779749f2c6991aaf9b42eb
,,,冗余三元组,3.0,1.0,权力类型,extraction,63bb5d4e71e6267d4835ef9479c9ff86b0b3ef916f5e6075b1750ed13e17cad3
,,,冗余三元组,26.0,3.0,行驶主体,extraction,53a6aecb0cb919674eb601d3ca9bfb3e1cd8021d0c2b4edaea1103f12ff5d1fa
,,,冗余三元组,26.0,3.0,承办机构,extraction,09f29ebed328eaaeac44ee7d9b0d8d8b248964f2da25bc454213eb1f6ed1c65b
,,,冗余三元组,43.0,3.0,实施依据,extraction,b2e045a3f94b96fa94529db86a8245fdcf22fab97a04061f220a7caec63e44e4
,,,冗余三元组,39.0,1.0,是,extraction,38e1d37380a7519608b7025690633256c2d7865eeeda60653fee8757d9e4afaf
,,,冗余三元组,1.0,30.0,包含,extraction,b513d0b5fe620cfbed205f8d217fb4790ebfe54bd1dacc6452fdd584f0bbdfd5
,,,冗余三元组,9.0,3.0,是,extraction,0ec99e7cb6f44635fcabc5bf332037bea07b228f7b51753076ef1e8382984bc4
,,,冗余三元组,10.0,41.0,是,extraction,6f83ced92a9691e5e14cc19bb1bc5463d86dfecb7bda23ec44eab17a27bf9ae5
,,,冗余三元组,12.0,41.0,是,extraction,a4b1a3ff2483dfe0fabc0a44c0aa6f73e99b87cf7ec502667cce0dc30a67f7b2
,,,冗余三元组,13.0,14.0,是,extraction,bfbeedc7e6daf4f851060b875d14b5b7c1dab5b695356d4176fd018de0894ae2
,,,冗余三元组,1.0,30.0,涉及,extraction,f791f6ad50cca9a9432e1d95b6ef54bd1b64b5eb692d18dc2f430e81dd5537c2
,,,冗余三元组,9.0,3.0,是,extraction,0ec99e7cb6f44635fcabc5bf332037bea07b228f7b51753076ef1e8382984bc4
,,,冗余三元组,10.0,11.0,是,extraction,44a8fa7ea54ec2e41111a4f5dc6a9811dee8aa3aa19fb306f9177dfc86a9aea9
,,,冗余三元组,12.0,11.0,是,extraction,54710bbec3ca077fe79c80e1e95ea28a843633289f5bc6efe6abea14f6118623
,,,冗余三元组,13.0,35.0,是,extraction,bdb6ae948fcb734a09a70e6199e73c6b4e1ee8988d36d946e8376162542ec754
,,,冗余三元组,1.0,21.0,包含,extraction,635d1027165abbabe82fa63c66c6183ad9893b0e011f20d0b6ad30d71c05ec2a
,,,冗余三元组,9.0,3.0,是,extraction,0ec99e7cb6f44635fcabc5bf332037bea07b228f7b51753076ef1e8382984bc4
,,,冗余三元组,10.0,44.0,为,extraction,69112bdc2b4df8b11750d6f8d72b164b25e2c2af650527da381d1fef1854d09e
,,,冗余三元组,12.0,44.0,为,extraction,789557af73d2a9d31fa03e49ed15b2040e4d5acce57b1e0e7392f07dd6641f18
,,,冗余三元组,13.0,43.0,是,extraction,ade982e693329bd738b2be4fef11a25c3536423672e3d1c585cae98131a035d0
,,,冗余三元组,1.0,51.0,包含行为,extraction,f8a8dc8a03ea22f0c99fcbd7990d1f03fe9b84cf3f283d29a67c08ec33604bcb
,,,冗余三元组,9.0,3.0,是,extraction,0ec99e7cb6f44635fcabc5bf332037bea07b228f7b51753076ef1e8382984bc4
,,,冗余三元组,10.0,11.0,是,extraction,44a8fa7ea54ec2e41111a4f5dc6a9811dee8aa3aa19fb306f9177dfc86a9aea9
,,,冗余三元组,12.0,11.0,是,extraction,54710bbec3ca077fe79c80e1e95ea28a843633289f5bc6efe6abea14f6118623
,,,冗余三元组,13.0,33.0,是,extraction,fc4553073462fe666aaa676d985116bc290a0c71f03fb633205f00b4fcf4ff71
,,,冗余三元组,1.0,18.0,涉及领域,extraction,bb9a6c5169497cb67071e7b38b89fd47ad0c56bc2fc613c8ae73303717a93cc9
,,,冗余三元组,32.0,1.0,行驶主体,extraction,f3ae7eebff4e3460421e23abeef0b3052dd9a3dcfbd1f44a03d027eeb1801b4f
,,,冗余三元组,32.0,1.0,承办机构,extraction,931cafd24efaf97775db66b22a04ccc10ef5b34c9f1550f1c6e447e2887940db
,,,冗余三元组,1.0,49.0,依据,extraction,567a356d9d99d44b1e79598f86430dce8cd9fbfb76155059f4e9f13b5ad5b19e
,,,冗余三元组,1.0,31.0,涉及问题,extraction,ea08369126f7fbe0d95ca41a348902bab3f4d8e388232d1c4ed32a98fca9af59
,,,冗余三元组,3.0,9.0,属于,extraction,e243beb6cddf62185b7e7ffcf414a9105a2c5a93a0690b193f72c7a37fa3b5ca
,,,冗余三元组,32.0,10.0,既是,extraction,6a71c60b3df216a02245bac7b249632f00fe9fb00329bc9b748dd56567aa2840
,,,冗余三元组,32.0,12.0,也是,extraction,c4c3ca8e89d758a45e9d008f04beb27756657ae5dd641654ceb69ccbbc45f528
,,,冗余三元组,1.0,6.0,涉及事项,extraction,63ed056176a358e5141eeb94299bb1cc5c1ba655d4c97bdb0e998157b41cd7a5
,,,冗余三元组,3.0,1.0,权力类型,extraction,63bb5d4e71e6267d4835ef9479c9ff86b0b3ef916f5e6075b1750ed13e17cad3
,,,冗余三元组,32.0,3.0,行驶主体,extraction,25aa2c1e152670ddfb23d68a0ae7e021b4a2e63a8a68352208fab8aba8a37318
,,,冗余三元组,32.0,3.0,承办机构,extraction,7cfdba5de59642b67f9924e80b0324afb048e0e5fbe8a9a65ee9100edeae0749
,,,冗余三元组,33.0,3.0,实施依据,extraction,306160666e8a359cb9bf4da0ec64c9e2d6901c870fe6350cba5879c4509266de
,,,冗余三元组,1.0,42.0,涉及事项,extraction,6fa1fbc925e7b9f7909377c8fdb4e224f49dc4ac4ecc0317653a80654e14e7bc
,,,冗余三元组,3.0,1.0,权力类型,extraction,63bb5d4e71e6267d4835ef9479c9ff86b0b3ef916f5e6075b1750ed13e17cad3
,,,冗余三元组,4.0,3.0,行驶主体,extraction,65bd830d3a69c947ab33e8bccf4d7c9239947243f009a12164fa2b3d4defa4e5
,,,冗余三元组,4.0,3.0,承办机构,extraction,552f0352c4383de1ccdd6574c3a3cf1febf987d93f20f8b4d8f312f665277ccd
,,,冗余三元组,27.0,3.0,实施依据,extraction,13ecae60e92e941ef4d9485768d111c391b72853ef20b0f5a42b8bcdde18e40b
,,,冗余三元组,1.0,18.0,涉及事项,extraction,d1f95153d29e3bd086a2d6d173f9b426666e22d88ed57ce36c68eaf51b38b7e3
,,,冗余三元组,3.0,1.0,权力类型,extraction,63bb5d4e71e6267d4835ef9479c9ff86b0b3ef916f5e6075b1750ed13e17cad3
,,,冗余三元组,44.0,1.0,行驶主体,extraction,5aa5bd754001b528942d9ff1cf92c0dac3eea5408ae1a3ad1be7b48dd6ad7bc6
,,,冗余三元组,44.0,1.0,承办机构,extraction,fe869ebaf0ddd080462b050806e1c882e39322a3f98c8d4b29b1d043af63148d
,,,冗余三元组,35.0,1.0,实施依据,extraction,c2160bc37901fdb446bacf457f42f5af556fdcd5b45c0e99b283102cca9bc468
,,,冗余三元组,1.0,40.0,涉及内容,extraction,de20e85db7086358cf9286abdebf47adc291c16b26f2f272b53ee25a61196b6a
,,,冗余三元组,3.0,1.0,权力类型,extraction,63bb5d4e71e6267d4835ef9479c9ff86b0b3ef916f5e6075b1750ed13e17cad3
,,,冗余三元组,26.0,3.0,行驶主体,extraction,53a6aecb0cb919674eb601d3ca9bfb3e1cd8021d0c2b4edaea1103f12ff5d1fa
,,,冗余三元组,26.0,3.0,承办机构,extraction,09f29ebed328eaaeac44ee7d9b0d8d8b248964f2da25bc454213eb1f6ed1c65b
,,,冗余三元组,3.0,23.0,实施依据,extraction,50ab6d4e4a28dab63d889535df0083377ec5ea69c2cb93319237f8bffe946b3c
,,,冗余三元组,1.0,30.0,包含,extraction,b513d0b5fe620cfbed205f8d217fb4790ebfe54bd1dacc6452fdd584f0bbdfd5
,,,冗余三元组,9.0,3.0,是,extraction,0ec99e7cb6f44635fcabc5bf332037bea07b228f7b51753076ef1e8382984bc4
,,,冗余三元组,10.0,26.0,是,extraction,89fbb5ae30c6220e41f165591e4df027877c140a72033fe0680e44206164aa17
,,,冗余三元组,12.0,26.0,是,extraction,a3817cab3fccbfd1b94576c85b68cfb0ff0511791fe7ada5dd7c10500502e531
,,,冗余三元组,13.0,37.0,是,extraction,11ad231736d8e934254b836f208f0b302e4d9e38c23214e2036235899cb04fe6
,,,冗余三元组,1.0,28.0,涉及内容,extraction,ac3ee725f8a339f9fbd2a7028b68d899a9b8e5be581c35045e4b8bfb3dc079c3
,,,冗余三元组,3.0,1.0,权力类型,extraction,63bb5d4e71e6267d4835ef9479c9ff86b0b3ef916f5e6075b1750ed13e17cad3
,,,冗余三元组,26.0,1.0,行驶主体,extraction,c02b72a8d8a1775ff7e7978594abd6b5422b51c7c4fffd7eac711ff69bf88a97
,,,冗余三元组,26.0,1.0,承办机构,extraction,69ebaebdf045cea8cb77aa5e448d960f3c2e8a6fbe335676bbabaa00d3c918e5
,,,冗余三元组,1.0,33.0,实施依据,extraction,26cc092408f0a9aa6f263c39234f8f2765d112fd2a7cdf3cff6187a39e1d5c6b
,,,冗余三元组,1.0,15.0,包含行为,extraction,50889e3cad3a2af3fe5c788cdd352c4e79a5e965367902c33f7b1eab2a878616
,,,冗余三元组,9.0,3.0,是,extraction,0ec99e7cb6f44635fcabc5bf332037bea07b228f7b51753076ef1e8382984bc4
,,,冗余三元组,10.0,25.0,是,extraction,ad542489db79b38432a47864e6f61070ea6042115797987a3bcdb2baca19bebf
,,,冗余三元组,12.0,25.0,是,extraction,dc4ae0749038f60cf9a543d11bdbb3655270d3f1168c53408b231865a3b78a64
,,,冗余三元组,13.0,37.0,是,extraction,11ad231736d8e934254b836f208f0b302e4d9e38c23214e2036235899cb04fe6
,,,冗余三元组,1.0,19.0,涉及,extraction,1dd85c1508cac1ea277a168b6cc3685a0772a7f8d479e4d1f2bab9ea3f69df79
,,,冗余三元组,16.0,10.0,是,extraction,0676f80814a944f0133efe570d87a4210481e5da6dd1982bbdd57d1a6f69161c
,,,冗余三元组,16.0,12.0,是,extraction,f56f73a07849936cd9524e693d83fe2f45de59e60b24c0fdd7c98c238723d62a
,,,冗余三元组,5.0,13.0,是,extraction,7402050685f426859fe1426e63a2a21028291dc143ec9ae58a1db10beeb64a03
,,,冗余三元组,1.0,58.0,服务事项,extraction,655d582335d12da2e92c3146cee51b20728dd5a0484a9577ef74b58a5845375c
,,,冗余三元组,3.0,1.0,权力类型,extraction,63bb5d4e71e6267d4835ef9479c9ff86b0b3ef916f5e6075b1750ed13e17cad3
,,,冗余三元组,4.0,1.0,行驶主体,extraction,76853b7863ac80a3aad594a1104aa5b967a97525e8a2a9def28eeeebf43e4bab
,,,冗余三元组,4.0,1.0,承办机构,extraction,f7483722370a3db6cc6e9698d7f621113a7fe751bca6b181a1961b22639e7ed3
,,,冗余三元组,43.0,1.0,实施依据,extraction,b635b5aa9618bbdf4825436782a057c0cb5ba203e0ccd72612b9a1118d5a7026
,,,冗余三元组,1.0,24.0,基于,extraction,a5276488a9604d9649d8bacd34b068a0005e4d755aa469a2a15794604500ae4d
,,,冗余三元组,1.0,17.0,涉及事项,extraction,26e5b368d0569ae2cd1db86e58c1825b9d075b33fb779749f2c6991aaf9b42eb
,,,冗余三元组,3.0,1.0,权力类型,extraction,63bb5d4e71e6267d4835ef9479c9ff86b0b3ef916f5e6075b1750ed13e17cad3
,,,冗余三元组,38.0,3.0,行驶主体,extraction,09efeab994a6d0a0d2474408b9050a4299990ea94ef2b0fd3b3f3c42b80c1d00
,,,冗余三元组,38.0,3.0,承办机构,extraction,3ffeb2c635f8eac91bfd409e9ffa26f73bbf4f4bb174d1a1c0cfa1334e723247
,,,冗余三元组,43.0,3.0,实施依据,extraction,b2e045a3f94b96fa94529db86a8245fdcf22fab97a04061f220a7caec63e44e4
,,,冗余三元组,1.0,19.0,涉及行为,extraction,7f240590f2a7da25c488c633d39a09a722fedca13693b57fc75c819db158f3af
,,,冗余三元组,9.0,3.0,类型,extraction,7b4fd279b61586115fa2987e2d0371238853c4f6f63e89d0b451e4237f492a37
,,,冗余三元组,10.0,1.0,执行,extraction,1e2e32b9c6e3c954dff7fd9c6f7e8bfcb68e53a034f5c1b51d410ebf0c67bc77
,,,冗余三元组,13.0,29.0,依据,extraction,339ea22aba17a985debf38c1930430e3b55f008318624e7efcaa4b7d8ae18a54
,,,冗余三元组,11.0,10.0,是,extraction,dedb686de59beddd23a4bc91a73f8f8de96cfa730f3498d4d83b0e68d45b375f
,,,冗余三元组,11.0,12.0,是,extraction,4bb51718453a67d9015b846c6a68662b97572c0a9269a7df9df55bbbce96ae63
,,,冗余三元组,1.0,31.0,涉及问题,extraction,ea08369126f7fbe0d95ca41a348902bab3f4d8e388232d1c4ed32a98fca9af59
,,,冗余三元组,3.0,1.0,权力类型,extraction,63bb5d4e71e6267d4835ef9479c9ff86b0b3ef916f5e6075b1750ed13e17cad3
,,,冗余三元组,25.0,3.0,行驶主体,extraction,c7f405beeae1829a03dbec6b28d32c4d828da48de999734d24825266b3076f59
,,,冗余三元组,25.0,3.0,承办机构,extraction,eef2c4724eefbb6cbc8a1e38dd903f5952b15b4fa168168b9caed346c6551029
,,,冗余三元组,50.0,3.0,实施依据,extraction,a790816385e8e57fdbef950d1c81f1f95be9fa56bdb61522285b14310350de63
,,,冗余三元组,1.0,51.0,涉及行为,extraction,4d50e735db0c7c921debcd5d22ac59a9a9275f523e4dfe60a64102e7ab70d731
,,,冗余三元组,3.0,32.0,行使主体,extraction,77522fb128cbfd619b5a8e933c91ff27324e6fd7ff1c0cc84827b5d96d22d5e9
,,,冗余三元组,32.0,32.0,承办机构,extraction,911adfffd05806263bf58b0d02a29a83b098803ea7bdf542e61063696f391749
,,,冗余三元组,1.0,58.0,涉及,extraction,ebb5415c1b54071499b45a909f698aaec953682c36e97747e6aee00bc7e619d3
,,,冗余三元组,9.0,3.0,是,extraction,0ec99e7cb6f44635fcabc5bf332037bea07b228f7b51753076ef1e8382984bc4
,,,冗余三元组,10.0,25.0,是,extraction,ad542489db79b38432a47864e6f61070ea6042115797987a3bcdb2baca19bebf
,,,冗余三元组,12.0,25.0,是,extraction,dc4ae0749038f60cf9a543d11bdbb3655270d3f1168c53408b231865a3b78a64
,,,冗余三元组,13.0,35.0,是,extraction,bdb6ae948fcb734a09a70e6199e73c6b4e1ee8988d36d946e8376162542ec754
,,,冗余三元组,1.0,2.0,涉及事项,extraction,45a6b5e9b7acaaf964d4ba55ee382735953a50be79b9c5a63cfd56f3bfaa98e9
,,,冗余三元组,9.0,3.0,类型,extraction,7b4fd279b61586115fa2987e2d0371238853c4f6f63e89d0b451e4237f492a37
,,,冗余三元组,10.0,11.0,是,extraction,44a8fa7ea54ec2e41111a4f5dc6a9811dee8aa3aa19fb306f9177dfc86a9aea9
,,,冗余三元组,12.0,11.0,是,extraction,54710bbec3ca077fe79c80e1e95ea28a843633289f5bc6efe6abea14f6118623
,,,冗余三元组,13.0,43.0,依据,extraction,e76a606bdc7d7708d2e0c5411b61a6c907d9afccfc7b0a296a3b3b50e4410b46
,,,冗余三元组,1.0,18.0,服务事项,extraction,a10e56d06e93403194a7f15c758eeb0a2a28d56e4af8f272bdf40e692373e455
,,,冗余三元组,3.0,1.0,权力类型,extraction,63bb5d4e71e6267d4835ef9479c9ff86b0b3ef916f5e6075b1750ed13e17cad3
,,,冗余三元组,16.0,1.0,行驶主体,extraction,2388221cee7d1ae0ed5be74dbb33fa91b57a06cfae883cc5c2262bfb048b5c48
,,,冗余三元组,16.0,1.0,承办机构,extraction,7da0b9c5ea5b9311256b7bcb955ba7fe507e79fd9fe407e277e1c4de0e1d453e
,,,冗余三元组,23.0,1.0,实施依据,extraction,38e452b8d15dc7858dd36229d7d1d00af4852cea15d7b71d1d6320aef92fe236
,,,冗余三元组,1.0,21.0,包含,extraction,635d1027165abbabe82fa63c66c6183ad9893b0e011f20d0b6ad30d71c05ec2a
,,,冗余三元组,9.0,3.0,是,extraction,0ec99e7cb6f44635fcabc5bf332037bea07b228f7b51753076ef1e8382984bc4
,,,冗余三元组,13.0,14.0,是,extraction,bfbeedc7e6daf4f851060b875d14b5b7c1dab5b695356d4176fd018de0894ae2
,,,冗余三元组,1.0,17.0,涉及事项,extraction,26e5b368d0569ae2cd1db86e58c1825b9d075b33fb779749f2c6991aaf9b42eb
,,,冗余三元组,3.0,1.0,权力类型,extraction,63bb5d4e71e6267d4835ef9479c9ff86b0b3ef916f5e6075b1750ed13e17cad3
,,,冗余三元组,22.0,3.0,行驶主体,extraction,63b889c6caaf61c3eefad202bc0e1a4344122b009d898e41612d2ce9411c9a90
,,,冗余三元组,22.0,3.0,承办机构,extraction,450ea2044227017296ffd8295e12ead624bac9ad5fb24c8dce7525315368e0fd
,,,冗余三元组,7.0,3.0,实施依据,extraction,f19e34325be413dc5e6bb80be003b66e02159d7f79ced0a5e8ba8a58d7125e15
,,,冗余三元组,1.0,58.0,服务事项,extraction,655d582335d12da2e92c3146cee51b20728dd5a0484a9577ef74b58a5845375c
,,,冗余三元组,3.0,1.0,权力类型,extraction,63bb5d4e71e6267d4835ef9479c9ff86b0b3ef916f5e6075b1750ed13e17cad3
,,,冗余三元组,4.0,1.0,行驶主体,extraction,76853b7863ac80a3aad594a1104aa5b967a97525e8a2a9def28eeeebf43e4bab
,,,冗余三元组,4.0,1.0,承办机构,extraction,f7483722370a3db6cc6e9698d7f621113a7fe751bca6b181a1961b22639e7ed3
,,,冗余三元组,43.0,1.0,实施依据,extraction,b635b5aa9618bbdf4825436782a057c0cb5ba203e0ccd72612b9a1118d5a7026
,,,冗余三元组,1.0,53.0,涉及事项,extraction,f0541f7d0c2d3d04c56da88a6bc6ad2f2baea1220b292ed6fa4bf4744fe4e698
,,,冗余三元组,3.0,1.0,权力类型,extraction,63bb5d4e71e6267d4835ef9479c9ff86b0b3ef916f5e6075b1750ed13e17cad3
,,,冗余三元组,44.0,3.0,行驶主体,extraction,5a54a852e46cf955056cfb470e35ee0ab596f12cadf4d4250f92e1854d40d0fb
,,,冗余三元组,44.0,3.0,承办机构,extraction,26be69caa0923ff59e399351f5a7dbfb94533ccfbecefd9b8cd69f55e191c14d
,,,冗余三元组,3.0,23.0,实施依据,extraction,50ab6d4e4a28dab63d889535df0083377ec5ea69c2cb93319237f8bffe946b3c
,,,冗余三元组,39.0,1.0,是,extraction,38e1d37380a7519608b7025690633256c2d7865eeeda60653fee8757d9e4afaf
,,,冗余三元组,1.0,52.0,涉及问题,extraction,90af34399ad797a62bec9b3819dad9d64b8031065ff158d8a5f1015257e3e4dd
,,,冗余三元组,9.0,3.0,是,extraction,0ec99e7cb6f44635fcabc5bf332037bea07b228f7b51753076ef1e8382984bc4
,,,冗余三元组,10.0,25.0,是,extraction,ad542489db79b38432a47864e6f61070ea6042115797987a3bcdb2baca19bebf
,,,冗余三元组,12.0,25.0,是,extraction,dc4ae0749038f60cf9a543d11bdbb3655270d3f1168c53408b231865a3b78a64
,,,冗余三元组,13.0,43.0,是,extraction,ade982e693329bd738b2be4fef11a25c3536423672e3d1c585cae98131a035d0
,,,冗余三元组,1.0,54.0,服务事项,extraction,f1b6e795f7f4341a924257c51e053eb45298f6fc867b5d12c7547aa7ef61bce7
,,,冗余三元组,3.0,1.0,权力类型,extraction,63bb5d4e71e6267d4835ef9479c9ff86b0b3ef916f5e6075b1750ed13e17cad3
,,,冗余三元组,11.0,1.0,行驶主体,extraction,50e598b1826c6a6e16cbb761d7126c8286dd306ea8aefdffee154cbb615a866b
,,,冗余三元组,11.0,1.0,承办机构,extraction,ecacee85e506b895bb6ef636499570c58825c04c2655e0f358383dd8770dbffa
,,,冗余三元组,1.0,14.0,实施依据,extraction,86a585785321be79b433ed2131da5d315c88dcee88be270a52a3c3fec56e323b
,,,冗余三元组,1.0,34.0,包含,extraction,55e4afabf77afe2a5eab9a2e4e01194c0b9b6c241104b977092e714b9c92562f
,,,冗余三元组,9.0,3.0,是,extraction,0ec99e7cb6f44635fcabc5bf332037bea07b228f7b51753076ef1e8382984bc4
,,,冗余三元组,10.0,25.0,是,extraction,ad542489db79b38432a47864e6f61070ea6042115797987a3bcdb2baca19bebf
,,,冗余三元组,12.0,25.0,是,extraction,dc4ae0749038f60cf9a543d11bdbb3655270d3f1168c53408b231865a3b78a64
,,,冗余三元组,13.0,20.0,是,extraction,f536065857d8cffb8690029d0de8e595064374e0e38deb823e625bf375f96c61
,,,冗余三元组,1.0,21.0,包含,extraction,635d1027165abbabe82fa63c66c6183ad9893b0e011f20d0b6ad30d71c05ec2a
,,,冗余三元组,9.0,3.0,是,extraction,0ec99e7cb6f44635fcabc5bf332037bea07b228f7b51753076ef1e8382984bc4
,,,冗余三元组,10.0,38.0,是,extraction,b756eb5995473eefcaf0d5b4fb891f9eb9190e7e7f446761eaff99790520dd98
,,,冗余三元组,12.0,38.0,是,extraction,76d05d01998cae971c559874b8df42b2445eeafc6d81c360c7aecdbaf38c3f00
,,,冗余三元组,13.0,23.0,是,extraction,a809901cb1266f3034f5251cd5e201f3ce63e484f49bb7e202066cafcce8d4b1
,,,冗余三元组,1.0,47.0,服务事项,extraction,b33592c1f30e39df0401c77d218134fb8abddfd7e8dbdedb52818471c5201bf4
,,,冗余三元组,3.0,1.0,权力类型,extraction,63bb5d4e71e6267d4835ef9479c9ff86b0b3ef916f5e6075b1750ed13e17cad3
,,,冗余三元组,11.0,1.0,行驶主体,extraction,50e598b1826c6a6e16cbb761d7126c8286dd306ea8aefdffee154cbb615a866b
,,,冗余三元组,11.0,1.0,承办机构,extraction,ecacee85e506b895bb6ef636499570c58825c04c2655e0f358383dd8770dbffa
,,,冗余三元组,1.0,62.0,涉及事项,extraction,01d175c41a6f3c882019c9ac786bc0445bb66a2e14720ead8aaf50a8c158baba
,,,冗余三元组,3.0,1.0,权力类型,extraction,63bb5d4e71e6267d4835ef9479c9ff86b0b3ef916f5e6075b1750ed13e17cad3
,,,冗余三元组,22.0,3.0,行驶主体,extraction,63b889c6caaf61c3eefad202bc0e1a4344122b009d898e41612d2ce9411c9a90
,,,冗余三元组,22.0,3.0,承办机构,extraction,450ea2044227017296ffd8295e12ead624bac9ad5fb24c8dce7525315368e0fd
,,,冗余三元组,14.0,3.0,实施依据,extraction,b2a34d3077aee5e73c915f123942606ad10c818ac195f73a26fa6b2a85ed9d1b
,,,冗余三元组,1.0,8.0,涉及内容,extraction,d02de960772b95844ead284f303c0cc0a431bb9e9d2e2a9acb00d12d4b09753a
,,,冗余三元组,9.0,3.0,类型,extraction,7b4fd279b61586115fa2987e2d0371238853c4f6f63e89d0b451e4237f492a37
,,,冗余三元组,10.0,22.0,为,extraction,1a97657648cf85daf9577b8f97db471a103398604acad7e49b5c9e5312315e6e
,,,冗余三元组,12.0,22.0,为,extraction,01d72a5fabeb49cad4036597626c1d026038537027330c5f333061113111547f
,,,冗余三元组,13.0,14.0,来源,extraction,09a6a94e32f00f270b2c3f3b27f75aeff2be3941a133c30353a2657412ee9350
,,,冗余三元组,1.0,34.0,包含,extraction,55e4afabf77afe2a5eab9a2e4e01194c0b9b6c241104b977092e714b9c92562f
,,,冗余三元组,9.0,3.0,是,extraction,0ec99e7cb6f44635fcabc5bf332037bea07b228f7b51753076ef1e8382984bc4
,,,冗余三元组,10.0,44.0,是,extraction,53854b14f84a4f7bcec4288babeeb93d9202a8f1247a14098e9a02982cc95640
,,,冗余三元组,12.0,44.0,是,extraction,de41cd62c11f82837c5925e3426f42630d0bc935f1a9e33489b933acda4b7831
,,,冗余三元组,1.0,40.0,涉及内容,extraction,de20e85db7086358cf9286abdebf47adc291c16b26f2f272b53ee25a61196b6a
,,,冗余三元组,9.0,3.0,是,extraction,0ec99e7cb6f44635fcabc5bf332037bea07b228f7b51753076ef1e8382984bc4
,,,冗余三元组,10.0,22.0,是,extraction,5a0b03998ab865a9402789a91f83ce5e2c3e8b9dc624370864b73747e8ad330a
,,,冗余三元组,12.0,22.0,是,extraction,51b7578f6e3f4d6aa73a569f8dfc21fce38f169c0202a35f222c3aebbfe18ce9
,,,冗余三元组,13.0,43.0,是,extraction,ade982e693329bd738b2be4fef11a25c3536423672e3d1c585cae98131a035d0
,,,冗余三元组,1.0,42.0,涉及事项,extraction,6fa1fbc925e7b9f7909377c8fdb4e224f49dc4ac4ecc0317653a80654e14e7bc
,,,冗余三元组,3.0,1.0,权力类型,extraction,63bb5d4e71e6267d4835ef9479c9ff86b0b3ef916f5e6075b1750ed13e17cad3
,,,冗余三元组,32.0,3.0,行驶主体,extraction,25aa2c1e152670ddfb23d68a0ae7e021b4a2e63a8a68352208fab8aba8a37318
,,,冗余三元组,32.0,3.0,承办机构,extraction,7cfdba5de59642b67f9924e80b0324afb048e0e5fbe8a9a65ee9100edeae0749
,,,冗余三元组,5.0,3.0,实施依据,extraction,4d26a315d3cf5e095a5f33a521cc5fcfd77a3a44ba52ed82e02dee2171f81d54
,,,冗余三元组,1.0,55.0,涉及问题,extraction,f2ffd7cbbde07203ef22704e812dc0c897a1f2dc5a5cc4fabb7f1bbafc6e63ed
,,,冗余三元组,3.0,1.0,权力类型,extraction,63bb5d4e71e6267d4835ef9479c9ff86b0b3ef916f5e6075b1750ed13e17cad3
,,,冗余三元组,26.0,1.0,行驶主体,extraction,c02b72a8d8a1775ff7e7978594abd6b5422b51c7c4fffd7eac711ff69bf88a97
,,,冗余三元组,26.0,1.0,承办机构,extraction,69ebaebdf045cea8cb77aa5e448d960f3c2e8a6fbe335676bbabaa00d3c918e5
,,,冗余三元组,1.0,27.0,实施依据,extraction,0e30535101004be1a7b121b537cd81665d02521ea1c82e250417c2c271962f93
,,,冗余三元组,1.0,40.0,涉及内容,extraction,de20e85db7086358cf9286abdebf47adc291c16b26f2f272b53ee25a61196b6a
,,,冗余三元组,9.0,3.0,类型,extraction,7b4fd279b61586115fa2987e2d0371238853c4f6f63e89d0b451e4237f492a37
,,,冗余三元组,10.0,25.0,为,extraction,14eb8cd0d77ed5391b9d37dc27fe68abd7670df3ba47dcd28eb6861f63d38e07
,,,冗余三元组,12.0,25.0,为,extraction,95495f064660a3f109251dafe2c267d79bb3d759704576cd0f4930aedae02db4
,,,冗余三元组,13.0,37.0,来自,extraction,9be20541547878f5553f07386429b6cbeaf2db5b685571c8cecbbe71bcc82b2f
,,,冗余三元组,1.0,17.0,涉及事项,extraction,26e5b368d0569ae2cd1db86e58c1825b9d075b33fb779749f2c6991aaf9b42eb
,,,冗余三元组,3.0,1.0,权力类型,extraction,63bb5d4e71e6267d4835ef9479c9ff86b0b3ef916f5e6075b1750ed13e17cad3
,,,冗余三元组,16.0,1.0,行驶主体,extraction,2388221cee7d1ae0ed5be74dbb33fa91b57a06cfae883cc5c2262bfb048b5c48
,,,冗余三元组,16.0,1.0,承办机构,extraction,7da0b9c5ea5b9311256b7bcb955ba7fe507e79fd9fe407e277e1c4de0e1d453e
,,,冗余三元组,1.0,7.0,依据,extraction,ad207775734fc909831229d25a4f5b75a4caf54238f8d0d146d0f0b3eb2acaeb
,,,冗余三元组,1.0,55.0,涉及方面,extraction,5ee3a47a13dc675638470604b07e57a50fdeaeedeade9769ce1a62338490e202
,,,冗余三元组,9.0,3.0,类型,extraction,7b4fd279b61586115fa2987e2d0371238853c4f6f63e89d0b451e4237f492a37
,,,冗余三元组,10.0,11.0,是,extraction,44a8fa7ea54ec2e41111a4f5dc6a9811dee8aa3aa19fb306f9177dfc86a9aea9
,,,冗余三元组,12.0,11.0,是,extraction,54710bbec3ca077fe79c80e1e95ea28a843633289f5bc6efe6abea14f6118623
,,,冗余三元组,1.0,60.0,涉及领域,extraction,25fe9bcaeb7e004a7f7cb1fcb4d291c2a96c608fd8ff4641bee8109287b07717
,,,冗余三元组,3.0,1.0,权力类型,extraction,63bb5d4e71e6267d4835ef9479c9ff86b0b3ef916f5e6075b1750ed13e17cad3
,,,冗余三元组,11.0,3.0,行驶主体,extraction,252ebc8fde2836f7eae5a791df687860076241cf808bc99e0fd167f0ea262cd9
,,,冗余三元组,11.0,3.0,承办机构,extraction,e3339b884b62824a3b8679c646ddcca5b0bd6ecf6ec75f8d8629aa2e9b31a33c
,,,冗余三元组,49.0,3.0,实施依据,extraction,2eb1dcc4ce01375fecbdbca4cf13458825c23886e919a0bc154ca2373ee95e13
,,,冗余三元组,39.0,1.0,是,extraction,38e1d37380a7519608b7025690633256c2d7865eeeda60653fee8757d9e4afaf
,,,冗余三元组,1.0,54.0,涉及领域,extraction,bf464bcbcd83e979756fbd8eee9d0f695e979e7851f7354e079d63510152047a
,,,冗余三元组,9.0,3.0,是,extraction,0ec99e7cb6f44635fcabc5bf332037bea07b228f7b51753076ef1e8382984bc4
,,,冗余三元组,10.0,3.0,实施,extraction,0adf7bb4faa387f3dc460a68dc31926b6dcf45da6e85f2f5dbdb15aa160b308c
,,,冗余三元组,12.0,11.0,是,extraction,54710bbec3ca077fe79c80e1e95ea28a843633289f5bc6efe6abea14f6118623
,,,冗余三元组,13.0,50.0,来自,extraction,fa6cdeec1e0231c807538c5efd89f4748a1d8da3c2db787e14940f7d05a10c58
,,,冗余三元组,1.0,28.0,涉及事项,extraction,560be2f414c89761f44840d3f52e507d90c06d4f0586d63ae8dd7eb595eca49b
,,,冗余三元组,3.0,1.0,权力类型,extraction,63bb5d4e71e6267d4835ef9479c9ff86b0b3ef916f5e6075b1750ed13e17cad3
,,,冗余三元组,16.0,1.0,行驶主体,extraction,2388221cee7d1ae0ed5be74dbb33fa91b57a06cfae883cc5c2262bfb048b5c48
,,,冗余三元组,16.0,1.0,承办机构,extraction,7da0b9c5ea5b9311256b7bcb955ba7fe507e79fd9fe407e277e1c4de0e1d453e
,,,冗余三元组,20.0,1.0,实施依据,extraction,fa879230d50cba26fe3e25fda133ad3500d518880a888364d68f6f0c8fcf6adf
,,,冗余三元组,1.0,30.0,涉及,extraction,f791f6ad50cca9a9432e1d95b6ef54bd1b64b5eb692d18dc2f430e81dd5537c2
,,,冗余三元组,9.0,3.0,是,extraction,0ec99e7cb6f44635fcabc5bf332037bea07b228f7b51753076ef1e8382984bc4
,,,冗余三元组,10.0,22.0,是,extraction,5a0b03998ab865a9402789a91f83ce5e2c3e8b9dc624370864b73747e8ad330a
,,,冗余三元组,12.0,22.0,是,extraction,51b7578f6e3f4d6aa73a569f8dfc21fce38f169c0202a35f222c3aebbfe18ce9
,,,冗余三元组,13.0,50.0,是,extraction,c041f04873201647e0b342a86dacb602d31a2f7036dbbbcb8019ba08c7818ff2
,,,冗余三元组,1.0,6.0,涉及事项,extraction,63ed056176a358e5141eeb94299bb1cc5c1ba655d4c97bdb0e998157b41cd7a5
,,,冗余三元组,22.0,22.0,行驶主体,extraction,ea514dce437d76e89b3fa59071aafb2f1a77f9b4650cd943de730b79d7484854
,,,冗余三元组,22.0,22.0,承办机构,extraction,c26bdc333007524d45848b23cd157a7888dcd66080cd02562078a2e4976bc46c
,,,冗余三元组,13.0,33.0,来源,extraction,8bbecf9c4fdf35acbb07c602f2d6f07f8e2efc4c206947e5f5909bab53e0601b
,,,冗余三元组,1.0,58.0,涉及行为,extraction,93a2f06a9d6469b27d73da8e38855777376bd0c168e945c557165493a67fcb2f
,,,冗余三元组,9.0,3.0,是,extraction,0ec99e7cb6f44635fcabc5bf332037bea07b228f7b51753076ef1e8382984bc4
,,,冗余三元组,10.0,22.0,是,extraction,5a0b03998ab865a9402789a91f83ce5e2c3e8b9dc624370864b73747e8ad330a
,,,冗余三元组,12.0,22.0,是,extraction,51b7578f6e3f4d6aa73a569f8dfc21fce38f169c0202a35f222c3aebbfe18ce9
,,,冗余三元组,13.0,7.0,是,extraction,5173b273e53a3712e9a749ca6cf7b8e8d3b7641db772c202823ccb26f6087587
,,,冗余三元组,1.0,47.0,服务事项,extraction,b33592c1f30e39df0401c77d218134fb8abddfd7e8dbdedb52818471c5201bf4
,,,冗余三元组,3.0,1.0,权力类型,extraction,63bb5d4e71e6267d4835ef9479c9ff86b0b3ef916f5e6075b1750ed13e17cad3
,,,冗余三元组,22.0,1.0,行驶主体,extraction,51b40b4c4f91240a5d323aaa57fa14fc575345cbc5dfbd5960fee3546a9d8c6c
,,,冗余三元组,22.0,1.0,承办机构,extraction,9c49a1220338386706f2952f161469c3bd5f784a5b99fbb95a8b8222c52b3a33
,,,冗余三元组,37.0,1.0,实施依据,extraction,09d255701213a5f1fc35300e57fc286072af9b281e8b6176db074a855aa6f1c9
,,,冗余三元组,1.0,60.0,涉及领域,extraction,25fe9bcaeb7e004a7f7cb1fcb4d291c2a96c608fd8ff4641bee8109287b07717
,,,冗余三元组,3.0,1.0,权力类型,extraction,63bb5d4e71e6267d4835ef9479c9ff86b0b3ef916f5e6075b1750ed13e17cad3
,,,冗余三元组,4.0,3.0,行驶主体,extraction,65bd830d3a69c947ab33e8bccf4d7c9239947243f009a12164fa2b3d4defa4e5
,,,冗余三元组,4.0,3.0,承办机构,extraction,552f0352c4383de1ccdd6574c3a3cf1febf987d93f20f8b4d8f312f665277ccd
,,,冗余三元组,20.0,3.0,实施依据,extraction,74c469772883cc75830d6664aabca03b3c8bc471660e084cede3096ee903fa04
,,,冗余三元组,1.0,55.0,涉及方面,extraction,5ee3a47a13dc675638470604b07e57a50fdeaeedeade9769ce1a62338490e202
,,,冗余三元组,9.0,3.0,类型,extraction,7b4fd279b61586115fa2987e2d0371238853c4f6f63e89d0b451e4237f492a37
,,,冗余三元组,10.0,26.0,是,extraction,89fbb5ae30c6220e41f165591e4df027877c140a72033fe0680e44206164aa17
,,,冗余三元组,12.0,26.0,是,extraction,a3817cab3fccbfd1b94576c85b68cfb0ff0511791fe7ada5dd7c10500502e531
,,,冗余三元组,1.0,55.0,涉及方面,extraction,5ee3a47a13dc675638470604b07e57a50fdeaeedeade9769ce1a62338490e202
,,,冗余三元组,9.0,3.0,类型,extraction,7b4fd279b61586115fa2987e2d0371238853c4f6f63e89d0b451e4237f492a37
,,,冗余三元组,13.0,23.0,依据,extraction,261d8a0b0ca2188ace783a24764101378b7c17ac281bc02dccda4711d75c4f8a
,,,冗余三元组,1.0,40.0,涉及内容,extraction,de20e85db7086358cf9286abdebf47adc291c16b26f2f272b53ee25a61196b6a
,,,冗余三元组,9.0,3.0,类型,extraction,7b4fd279b61586115fa2987e2d0371238853c4f6f63e89d0b451e4237f492a37
,,,冗余三元组,10.0,11.0,执行者,extraction,bfcf921e35cea42dd2fe0e4456f5859f4d4adde552face2b36b303764d94c6b0
,,,冗余三元组,12.0,11.0,执行者,extraction,007d609358694caecbadd9e1f98aa849bb6c470ee428ccf76e19cabc1a6a9069
,,,冗余三元组,13.0,27.0,依据,extraction,6d7beaac021b98e67689d354cc2756e99aae4d45ef10f9c289f6bd1532daf979
,,,冗余三元组,1.0,60.0,涉及领域,extraction,25fe9bcaeb7e004a7f7cb1fcb4d291c2a96c608fd8ff4641bee8109287b07717
,,,冗余三元组,3.0,1.0,权力类型,extraction,63bb5d4e71e6267d4835ef9479c9ff86b0b3ef916f5e6075b1750ed13e17cad3
,,,冗余三元组,32.0,1.0,行驶主体,extraction,f3ae7eebff4e3460421e23abeef0b3052dd9a3dcfbd1f44a03d027eeb1801b4f
,,,冗余三元组,32.0,1.0,承办机构,extraction,931cafd24efaf97775db66b22a04ccc10ef5b34c9f1550f1c6e447e2887940db
,,,冗余三元组,43.0,1.0,实施依据,extraction,b635b5aa9618bbdf4825436782a057c0cb5ba203e0ccd72612b9a1118d5a7026
,,,冗余三元组,1.0,58.0,涉及,extraction,ebb5415c1b54071499b45a909f698aaec953682c36e97747e6aee00bc7e619d3
,,,冗余三元组,9.0,3.0,是,extraction,0ec99e7cb6f44635fcabc5bf332037bea07b228f7b51753076ef1e8382984bc4
,,,冗余三元组,10.0,41.0,是,extraction,6f83ced92a9691e5e14cc19bb1bc5463d86dfecb7bda23ec44eab17a27bf9ae5
,,,冗余三元组,12.0,41.0,是,extraction,a4b1a3ff2483dfe0fabc0a44c0aa6f73e99b87cf7ec502667cce0dc30a67f7b2
,,,冗余三元组,13.0,50.0,是,extraction,c041f04873201647e0b342a86dacb602d31a2f7036dbbbcb8019ba08c7818ff2
,,,冗余三元组,1.0,51.0,包含行为,extraction,f8a8dc8a03ea22f0c99fcbd7990d1f03fe9b84cf3f283d29a67c08ec33604bcb
,,,冗余三元组,9.0,3.0,是,extraction,0ec99e7cb6f44635fcabc5bf332037bea07b228f7b51753076ef1e8382984bc4
,,,冗余三元组,10.0,26.0,是,extraction,89fbb5ae30c6220e41f165591e4df027877c140a72033fe0680e44206164aa17
,,,冗余三元组,12.0,26.0,是,extraction,a3817cab3fccbfd1b94576c85b68cfb0ff0511791fe7ada5dd7c10500502e531
,,,冗余三元组,13.0,43.0,是,extraction,ade982e693329bd738b2be4fef11a25c3536423672e3d1c585cae98131a035d0
,,,冗余三元组,1.0,18.0,涉及事项,extraction,d1f95153d29e3bd086a2d6d173f9b426666e22d88ed57ce36c68eaf51b38b7e3
,,,冗余三元组,3.0,1.0,权力类型,extraction,63bb5d4e71e6267d4835ef9479c9ff86b0b3ef916f5e6075b1750ed13e17cad3
,,,冗余三元组,44.0,1.0,行驶主体,extraction,5aa5bd754001b528942d9ff1cf92c0dac3eea5408ae1a3ad1be7b48dd6ad7bc6
,,,冗余三元组,44.0,1.0,承办机构,extraction,fe869ebaf0ddd080462b050806e1c882e39322a3f98c8d4b29b1d043af63148d
,,,冗余三元组,5.0,1.0,实施依据,extraction,746c20bbe85a6c741c868997cbc091c7eddeafc57e2839c0cc9ba4fd6c55ad73
,,,冗余三元组,1.0,55.0,涉及方面,extraction,5ee3a47a13dc675638470604b07e57a50fdeaeedeade9769ce1a62338490e202
,,,冗余三元组,9.0,3.0,类型,extraction,7b4fd279b61586115fa2987e2d0371238853c4f6f63e89d0b451e4237f492a37
,,,冗余三元组,10.0,11.0,是,extraction,44a8fa7ea54ec2e41111a4f5dc6a9811dee8aa3aa19fb306f9177dfc86a9aea9
,,,冗余三元组,12.0,11.0,是,extraction,54710bbec3ca077fe79c80e1e95ea28a843633289f5bc6efe6abea14f6118623
,,,冗余三元组,13.0,5.0,依据,extraction,d2a1a37d41d95cfd342ff3e558e699ad0c27bce29ff79a3c406c9a5d36bda1a0
,,,冗余三元组,1.0,6.0,涉及事项,extraction,63ed056176a358e5141eeb94299bb1cc5c1ba655d4c97bdb0e998157b41cd7a5
,,,冗余三元组,3.0,1.0,权力类型,extraction,63bb5d4e71e6267d4835ef9479c9ff86b0b3ef916f5e6075b1750ed13e17cad3
,,,冗余三元组,11.0,3.0,行驶主体,extraction,252ebc8fde2836f7eae5a791df687860076241cf808bc99e0fd167f0ea262cd9
,,,冗余三元组,11.0,3.0,承办机构,extraction,e3339b884b62824a3b8679c646ddcca5b0bd6ecf6ec75f8d8629aa2e9b31a33c
,,,冗余三元组,1.0,29.0,依据,extraction,7c876ea0542c8c0bbe2bd1071fb11a2281ab201ea6a5d96c9f866fe3fc0a1ecb
,,,冗余三元组,1.0,21.0,服务事项,extraction,8d308abc697d8ec4d01a30f717e75bc54bbee9cf1d8f36eef0f95eb86d0c523d
,,,冗余三元组,3.0,1.0,权力类型,extraction,63bb5d4e71e6267d4835ef9479c9ff86b0b3ef916f5e6075b1750ed13e17cad3
,,,冗余三元组,44.0,1.0,行驶主体,extraction,5aa5bd754001b528942d9ff1cf92c0dac3eea5408ae1a3ad1be7b48dd6ad7bc6
,,,冗余三元组,44.0,1.0,承办机构,extraction,fe869ebaf0ddd080462b050806e1c882e39322a3f98c8d4b29b1d043af63148d
,,,冗余三元组,37.0,1.0,实施依据,extraction,09d255701213a5f1fc35300e57fc286072af9b281e8b6176db074a855aa6f1c9
,,,冗余三元组,1.0,60.0,涉及领域,extraction,25fe9bcaeb7e004a7f7cb1fcb4d291c2a96c608fd8ff4641bee8109287b07717
,,,冗余三元组,3.0,1.0,权力类型,extraction,63bb5d4e71e6267d4835ef9479c9ff86b0b3ef916f5e6075b1750ed13e17cad3
,,,冗余三元组,16.0,1.0,行驶主体,extraction,2388221cee7d1ae0ed5be74dbb33fa91b57a06cfae883cc5c2262bfb048b5c48
,,,冗余三元组,16.0,1.0,承办机构,extraction,7da0b9c5ea5b9311256b7bcb955ba7fe507e79fd9fe407e277e1c4de0e1d453e
,,,冗余三元组,35.0,1.0,实施依据,extraction,c2160bc37901fdb446bacf457f42f5af556fdcd5b45c0e99b283102cca9bc468
,,,冗余三元组,22.0,22.0,行驶主体,extraction,ea514dce437d76e89b3fa59071aafb2f1a77f9b4650cd943de730b79d7484854
,,,冗余三元组,22.0,22.0,承办机构,extraction,c26bdc333007524d45848b23cd157a7888dcd66080cd02562078a2e4976bc46c
,,,冗余三元组,1.0,36.0,涉及事项,extraction,8f5ef8181607d60e4eccd5ec612a1b947845c41af6a5aa6f33629298f46d39a8
,,,冗余三元组,3.0,1.0,权力类型,extraction,63bb5d4e71e6267d4835ef9479c9ff86b0b3ef916f5e6075b1750ed13e17cad3
,,,冗余三元组,26.0,3.0,行驶主体,extraction,53a6aecb0cb919674eb601d3ca9bfb3e1cd8021d0c2b4edaea1103f12ff5d1fa
,,,冗余三元组,26.0,3.0,承办机构,extraction,09f29ebed328eaaeac44ee7d9b0d8d8b248964f2da25bc454213eb1f6ed1c65b
,,,冗余三元组,43.0,3.0,实施依据,extraction,b2e045a3f94b96fa94529db86a8245fdcf22fab97a04061f220a7caec63e44e4
,,,冗余三元组,1.0,45.0,涉及事项,extraction,dd7fe96509b2c5c33db03e133555278b4cecbf544b6fac7dea1158a8470efe3a
,,,冗余三元组,3.0,1.0,权力类型,extraction,63bb5d4e71e6267d4835ef9479c9ff86b0b3ef916f5e6075b1750ed13e17cad3
,,,冗余三元组,32.0,3.0,行驶主体,extraction,25aa2c1e152670ddfb23d68a0ae7e021b4a2e63a8a68352208fab8aba8a37318
,,,冗余三元组,32.0,3.0,承办机构,extraction,7cfdba5de59642b67f9924e80b0324afb048e0e5fbe8a9a65ee9100edeae0749
,,,冗余三元组,29.0,3.0,实施依据,extraction,cd40df6a540917691517a57a5b1cf5b96661ca5fb5dc29fae67c4de0bc29abf0
,,,冗余三元组,1.0,40.0,涉及内容,extraction,de20e85db7086358cf9286abdebf47adc291c16b26f2f272b53ee25a61196b6a
,,,冗余三元组,3.0,1.0,权力类型,extraction,63bb5d4e71e6267d4835ef9479c9ff86b0b3ef916f5e6075b1750ed13e17cad3
,,,冗余三元组,16.0,1.0,行驶主体,extraction,2388221cee7d1ae0ed5be74dbb33fa91b57a06cfae883cc5c2262bfb048b5c48
,,,冗余三元组,16.0,1.0,承办机构,extraction,7da0b9c5ea5b9311256b7bcb955ba7fe507e79fd9fe407e277e1c4de0e1d453e
,,,冗余三元组,35.0,1.0,实施依据,extraction,c2160bc37901fdb446bacf457f42f5af556fdcd5b45c0e99b283102cca9bc468
,,,冗余三元组,1.0,19.0,涉及内容,extraction,e667158a34c5290413d6959d0281c37377fbc946202a479c446b6afeb89e2126
,,,冗余三元组,9.0,3.0,类型,extraction,7b4fd279b61586115fa2987e2d0371238853c4f6f63e89d0b451e4237f492a37
,,,冗余三元组,10.0,11.0,执行者,extraction,bfcf921e35cea42dd2fe0e4456f5859f4d4adde552face2b36b303764d94c6b0
,,,冗余三元组,12.0,11.0,执行者,extraction,007d609358694caecbadd9e1f98aa849bb6c470ee428ccf76e19cabc1a6a9069
,,,冗余三元组,1.0,45.0,涉及事项,extraction,dd7fe96509b2c5c33db03e133555278b4cecbf544b6fac7dea1158a8470efe3a
,,,冗余三元组,3.0,1.0,权力类型,extraction,63bb5d4e71e6267d4835ef9479c9ff86b0b3ef916f5e6075b1750ed13e17cad3
,,,冗余三元组,11.0,3.0,行驶主体,extraction,252ebc8fde2836f7eae5a791df687860076241cf808bc99e0fd167f0ea262cd9
,,,冗余三元组,11.0,3.0,承办机构,extraction,e3339b884b62824a3b8679c646ddcca5b0bd6ecf6ec75f8d8629aa2e9b31a33c
,,,冗余三元组,14.0,3.0,实施依据,extraction,b2a34d3077aee5e73c915f123942606ad10c818ac195f73a26fa6b2a85ed9d1b
,,,冗余三元组,1.0,46.0,包含,extraction,43de48e1fd0d3973027e232e73e22a3174566b69b4fe0e1932b85469761532cb
,,,冗余三元组,9.0,3.0,是,extraction,0ec99e7cb6f44635fcabc5bf332037bea07b228f7b51753076ef1e8382984bc4
,,,冗余三元组,10.0,26.0,是,extraction,89fbb5ae30c6220e41f165591e4df027877c140a72033fe0680e44206164aa17
,,,冗余三元组,12.0,26.0,是,extraction,a3817cab3fccbfd1b94576c85b68cfb0ff0511791fe7ada5dd7c10500502e531
,,,冗余三元组,13.0,20.0,是,extraction,f536065857d8cffb8690029d0de8e595064374e0e38deb823e625bf375f96c61
,,,冗余三元组,1.0,34.0,包含,extraction,55e4afabf77afe2a5eab9a2e4e01194c0b9b6c241104b977092e714b9c92562f
,,,冗余三元组,9.0,3.0,是,extraction,0ec99e7cb6f44635fcabc5bf332037bea07b228f7b51753076ef1e8382984bc4
,,,冗余三元组,10.0,26.0,是,extraction,89fbb5ae30c6220e41f165591e4df027877c140a72033fe0680e44206164aa17
,,,冗余三元组,12.0,26.0,是,extraction,a3817cab3fccbfd1b94576c85b68cfb0ff0511791fe7ada5dd7c10500502e531
,,,冗余三元组,13.0,23.0,是,extraction,a809901cb1266f3034f5251cd5e201f3ce63e484f49bb7e202066cafcce8d4b1
,,,冗余三元组,1.0,47.0,服务事项,extraction,b33592c1f30e39df0401c77d218134fb8abddfd7e8dbdedb52818471c5201bf4
,,,冗余三元组,3.0,1.0,权力类型,extraction,63bb5d4e71e6267d4835ef9479c9ff86b0b3ef916f5e6075b1750ed13e17cad3
,,,冗余三元组,22.0,1.0,行驶主体,extraction,51b40b4c4f91240a5d323aaa57fa14fc575345cbc5dfbd5960fee3546a9d8c6c
,,,冗余三元组,22.0,1.0,承办机构,extraction,9c49a1220338386706f2952f161469c3bd5f784a5b99fbb95a8b8222c52b3a33
,,,冗余三元组,35.0,1.0,实施依据,extraction,c2160bc37901fdb446bacf457f42f5af556fdcd5b45c0e99b283102cca9bc468
,,,冗余三元组,1.0,46.0,涉及问题,extraction,3e940b19ef498016fad79857e57d4ee162cee2e05833d1b57fba62f1d9613be3
,,,冗余三元组,3.0,1.0,类型,extraction,65a2d78a945df9ac573c112d3bad900f2eb4940d22d4f014a9262ffbc7a54c7e
,,,冗余三元组,41.0,1.0,行驶主体,extraction,3e203c1cd5240efde0e6a6d05bb4f8d4f3f80b46e735202ba3011d3e2801f0a1
,,,冗余三元组,41.0,1.0,承办机构,extraction,379f2c27a6c0b2eecca7d7b46b22ef51fefdad08ac0ee7abd453d5173a893b67
,,,冗余三元组,49.0,3.0,实施依据,extraction,2eb1dcc4ce01375fecbdbca4cf13458825c23886e919a0bc154ca2373ee95e13
,,,冗余三元组,1.0,36.0,涉及事项,extraction,8f5ef8181607d60e4eccd5ec612a1b947845c41af6a5aa6f33629298f46d39a8
,,,冗余三元组,3.0,1.0,权力类型,extraction,63bb5d4e71e6267d4835ef9479c9ff86b0b3ef916f5e6075b1750ed13e17cad3
,,,冗余三元组,44.0,3.0,行驶主体,extraction,5a54a852e46cf955056cfb470e35ee0ab596f12cadf4d4250f92e1854d40d0fb
,,,冗余三元组,44.0,3.0,承办机构,extraction,26be69caa0923ff59e399351f5a7dbfb94533ccfbecefd9b8cd69f55e191c14d
,,,冗余三元组,3.0,37.0,实施依据,extraction,b86037853e03ce9325835ce0d5f8bc88f5a69871c920f2a76c31a83bbd194153
,,,冗余三元组,1.0,45.0,涉及事项,extraction,dd7fe96509b2c5c33db03e133555278b4cecbf544b6fac7dea1158a8470efe3a
,,,冗余三元组,3.0,1.0,权力类型,extraction,63bb5d4e71e6267d4835ef9479c9ff86b0b3ef916f5e6075b1750ed13e17cad3
,,,冗余三元组,44.0,3.0,行驶主体,extraction,5a54a852e46cf955056cfb470e35ee0ab596f12cadf4d4250f92e1854d40d0fb
,,,冗余三元组,44.0,3.0,承办机构,extraction,26be69caa0923ff59e399351f5a7dbfb94533ccfbecefd9b8cd69f55e191c14d
,,,冗余三元组,3.0,23.0,实施依据,extraction,50ab6d4e4a28dab63d889535df0083377ec5ea69c2cb93319237f8bffe946b3c
,,,冗余三元组,1.0,15.0,包含行为,extraction,50889e3cad3a2af3fe5c788cdd352c4e79a5e965367902c33f7b1eab2a878616
,,,冗余三元组,9.0,3.0,是,extraction,0ec99e7cb6f44635fcabc5bf332037bea07b228f7b51753076ef1e8382984bc4
,,,冗余三元组,10.0,26.0,是,extraction,89fbb5ae30c6220e41f165591e4df027877c140a72033fe0680e44206164aa17
,,,冗余三元组,12.0,26.0,是,extraction,a3817cab3fccbfd1b94576c85b68cfb0ff0511791fe7ada5dd7c10500502e531
,,,冗余三元组,13.0,33.0,是,extraction,fc4553073462fe666aaa676d985116bc290a0c71f03fb633205f00b4fcf4ff71
,,,冗余三元组,1.0,47.0,涉及事项,extraction,410fd6754fd95d077ef04ff964ec4dd009afe4ed77694bf6c52b18682d5b8662
,,,冗余三元组,3.0,1.0,权力类型,extraction,63bb5d4e71e6267d4835ef9479c9ff86b0b3ef916f5e6075b1750ed13e17cad3
,,,冗余三元组,38.0,3.0,行驶主体,extraction,09efeab994a6d0a0d2474408b9050a4299990ea94ef2b0fd3b3f3c42b80c1d00
,,,冗余三元组,38.0,3.0,承办机构,extraction,3ffeb2c635f8eac91bfd409e9ffa26f73bbf4f4bb174d1a1c0cfa1334e723247
,,,冗余三元组,50.0,3.0,实施依据,extraction,a790816385e8e57fdbef950d1c81f1f95be9fa56bdb61522285b14310350de63
,,,冗余三元组,1.0,60.0,涉及领域,extraction,25fe9bcaeb7e004a7f7cb1fcb4d291c2a96c608fd8ff4641bee8109287b07717
,,,冗余三元组,3.0,1.0,权力类型,extraction,63bb5d4e71e6267d4835ef9479c9ff86b0b3ef916f5e6075b1750ed13e17cad3
,,,冗余三元组,11.0,3.0,行驶主体,extraction,252ebc8fde2836f7eae5a791df687860076241cf808bc99e0fd167f0ea262cd9
,,,冗余三元组,11.0,3.0,承办机构,extraction,e3339b884b62824a3b8679c646ddcca5b0bd6ecf6ec75f8d8629aa2e9b31a33c
,,,冗余三元组,5.0,3.0,实施依据,extraction,4d26a315d3cf5e095a5f33a521cc5fcfd77a3a44ba52ed82e02dee2171f81d54
,,,冗余三元组,1.0,28.0,涉及事项,extraction,560be2f414c89761f44840d3f52e507d90c06d4f0586d63ae8dd7eb595eca49b
,,,冗余三元组,3.0,1.0,权力类型,extraction,63bb5d4e71e6267d4835ef9479c9ff86b0b3ef916f5e6075b1750ed13e17cad3
,,,冗余三元组,25.0,1.0,行驶主体,extraction,f8d14ca82df048e60e8e15e838aee0937165e7863b618cad5ab1fa07cbe6c922
,,,冗余三元组,25.0,1.0,承办机构,extraction,52233a544f4c28cfdd7e8c323198ffbcd53a5927d355c09f9eb314df01568645
,,,冗余三元组,35.0,1.0,实施依据,extraction,c2160bc37901fdb446bacf457f42f5af556fdcd5b45c0e99b283102cca9bc468
,,,冗余三元组,1.0,54.0,涉及领域,extraction,bf464bcbcd83e979756fbd8eee9d0f695e979e7851f7354e079d63510152047a
,,,冗余三元组,3.0,1.0,权力类型,extraction,63bb5d4e71e6267d4835ef9479c9ff86b0b3ef916f5e6075b1750ed13e17cad3
,,,冗余三元组,38.0,3.0,行驶主体,extraction,09efeab994a6d0a0d2474408b9050a4299990ea94ef2b0fd3b3f3c42b80c1d00
,,,冗余三元组,38.0,3.0,承办机构,extraction,3ffeb2c635f8eac91bfd409e9ffa26f73bbf4f4bb174d1a1c0cfa1334e723247
,,,冗余三元组,43.0,3.0,实施依据,extraction,b2e045a3f94b96fa94529db86a8245fdcf22fab97a04061f220a7caec63e44e4
,,,冗余三元组,1.0,17.0,涉及事项,extraction,26e5b368d0569ae2cd1db86e58c1825b9d075b33fb779749f2c6991aaf9b42eb
,,,冗余三元组,3.0,1.0,权力类型,extraction,63bb5d4e71e6267d4835ef9479c9ff86b0b3ef916f5e6075b1750ed13e17cad3
,,,冗余三元组,26.0,3.0,行驶主体,extraction,53a6aecb0cb919674eb601d3ca9bfb3e1cd8021d0c2b4edaea1103f12ff5d1fa
,,,冗余三元组,26.0,3.0,承办机构,extraction,09f29ebed328eaaeac44ee7d9b0d8d8b248964f2da25bc454213eb1f6ed1c65b
,,,冗余三元组,3.0,7.0,实施依据,extraction,8b8b874d6aacfaea02e3258e572855dec0ac6da7c5aa16557312356c39613641
,,,冗余三元组,1.0,52.0,涉及问题,extraction,90af34399ad797a62bec9b3819dad9d64b8031065ff158d8a5f1015257e3e4dd
,,,冗余三元组,3.0,1.0,权力类型,extraction,63bb5d4e71e6267d4835ef9479c9ff86b0b3ef916f5e6075b1750ed13e17cad3
,,,冗余三元组,26.0,3.0,行驶主体,extraction,53a6aecb0cb919674eb601d3ca9bfb3e1cd8021d0c2b4edaea1103f12ff5d1fa
,,,冗余三元组,26.0,3.0,承办机构,extraction,09f29ebed328eaaeac44ee7d9b0d8d8b248964f2da25bc454213eb1f6ed1c65b
,,,冗余三元组,3.0,35.0,实施依据,extraction,aeca2271760056f009328f3cd5d8312cf19c1089e1683b42b00006e7f4cd2223
,,,冗余三元组,1.0,15.0,包含行为,extraction,50889e3cad3a2af3fe5c788cdd352c4e79a5e965367902c33f7b1eab2a878616
,,,冗余三元组,9.0,3.0,是,extraction,0ec99e7cb6f44635fcabc5bf332037bea07b228f7b51753076ef1e8382984bc4
,,,冗余三元组,10.0,41.0,是,extraction,6f83ced92a9691e5e14cc19bb1bc5463d86dfecb7bda23ec44eab17a27bf9ae5
,,,冗余三元组,12.0,41.0,是,extraction,a4b1a3ff2483dfe0fabc0a44c0aa6f73e99b87cf7ec502667cce0dc30a67f7b2
,,,冗余三元组,13.0,5.0,是,extraction,507348e0a400849c992ed3d4db941f51b877314c064a446d1a19df892d7a6f73
,,,冗余三元组,1.0,21.0,包含,extraction,635d1027165abbabe82fa63c66c6183ad9893b0e011f20d0b6ad30d71c05ec2a
,,,冗余三元组,9.0,3.0,是,extraction,0ec99e7cb6f44635fcabc5bf332037bea07b228f7b51753076ef1e8382984bc4
,,,冗余三元组,10.0,4.0,是,extraction,4253afef8f3fd90e1effb4068d33d5af9bf9795c98a41a591346af581d8c5b13
,,,冗余三元组,12.0,4.0,是,extraction,157789d187fc7ed7a6f770e4112d938e1669ffabeec33b64ab160620d61c286f
,,,冗余三元组,13.0,7.0,是,extraction,5173b273e53a3712e9a749ca6cf7b8e8d3b7641db772c202823ccb26f6087587
,,,冗余三元组,3.0,1.0,权力类型,extraction,63bb5d4e71e6267d4835ef9479c9ff86b0b3ef916f5e6075b1750ed13e17cad3
,,,冗余三元组,16.0,1.0,行驶主体,extraction,2388221cee7d1ae0ed5be74dbb33fa91b57a06cfae883cc5c2262bfb048b5c48
,,,冗余三元组,16.0,1.0,承办机构,extraction,7da0b9c5ea5b9311256b7bcb955ba7fe507e79fd9fe407e277e1c4de0e1d453e
,,,冗余三元组,7.0,1.0,实施依据,extraction,d17adc34c7caa96f27afae806386689e2bb5cbc06ad807b8af9e91dbe53a1682
,,,冗余三元组,39.0,1.0,是,extraction,38e1d37380a7519608b7025690633256c2d7865eeeda60653fee8757d9e4afaf
,,,冗余三元组,1.0,55.0,涉及,extraction,d3dce47df0bc87d9fc69992a5dfb419dc64d4ec5f6b002937da586081885a914
,,,冗余三元组,9.0,3.0,是,extraction,0ec99e7cb6f44635fcabc5bf332037bea07b228f7b51753076ef1e8382984bc4
,,,冗余三元组,10.0,38.0,是,extraction,b756eb5995473eefcaf0d5b4fb891f9eb9190e7e7f446761eaff99790520dd98
,,,冗余三元组,12.0,38.0,是,extraction,76d05d01998cae971c559874b8df42b2445eeafc6d81c360c7aecdbaf38c3f00
,,,冗余三元组,13.0,35.0,是,extraction,bdb6ae948fcb734a09a70e6199e73c6b4e1ee8988d36d946e8376162542ec754
,,,冗余三元组,1.0,31.0,涉及问题,extraction,ea08369126f7fbe0d95ca41a348902bab3f4d8e388232d1c4ed32a98fca9af59
,,,冗余三元组,3.0,1.0,权力类型,extraction,63bb5d4e71e6267d4835ef9479c9ff86b0b3ef916f5e6075b1750ed13e17cad3
,,,冗余三元组,4.0,3.0,行驶主体,extraction,65bd830d3a69c947ab33e8bccf4d7c9239947243f009a12164fa2b3d4defa4e5
,,,冗余三元组,4.0,3.0,承办机构,extraction,552f0352c4383de1ccdd6574c3a3cf1febf987d93f20f8b4d8f312f665277ccd
,,,冗余三元组,14.0,3.0,实施依据,extraction,b2a34d3077aee5e73c915f123942606ad10c818ac195f73a26fa6b2a85ed9d1b
,,,冗余三元组,1.0,21.0,包含,extraction,635d1027165abbabe82fa63c66c6183ad9893b0e011f20d0b6ad30d71c05ec2a
,,,冗余三元组,9.0,3.0,是,extraction,0ec99e7cb6f44635fcabc5bf332037bea07b228f7b51753076ef1e8382984bc4
,,,冗余三元组,10.0,11.0,是,extraction,44a8fa7ea54ec2e41111a4f5dc6a9811dee8aa3aa19fb306f9177dfc86a9aea9
,,,冗余三元组,12.0,11.0,是,extraction,54710bbec3ca077fe79c80e1e95ea28a843633289f5bc6efe6abea14f6118623
,,,冗余三元组,13.0,43.0,是,extraction,ade982e693329bd738b2be4fef11a25c3536423672e3d1c585cae98131a035d0
,,,冗余三元组,1.0,15.0,服务事项,extraction,d58af36cd0af73d9b19e1d9407d5a626b1cd60fd82322b0355d1dcad51bc51b4
,,,冗余三元组,3.0,1.0,权力类型,extraction,63bb5d4e71e6267d4835ef9479c9ff86b0b3ef916f5e6075b1750ed13e17cad3
,,,冗余三元组,16.0,1.0,行驶主体,extraction,2388221cee7d1ae0ed5be74dbb33fa91b57a06cfae883cc5c2262bfb048b5c48
,,,冗余三元组,16.0,1.0,承办机构,extraction,7da0b9c5ea5b9311256b7bcb955ba7fe507e79fd9fe407e277e1c4de0e1d453e
,,,冗余三元组,20.0,1.0,实施依据,extraction,fa879230d50cba26fe3e25fda133ad3500d518880a888364d68f6f0c8fcf6adf
,,,冗余三元组,1.0,42.0,涉及事项,extraction,6fa1fbc925e7b9f7909377c8fdb4e224f49dc4ac4ecc0317653a80654e14e7bc
,,,冗余三元组,3.0,1.0,权力类型,extraction,63bb5d4e71e6267d4835ef9479c9ff86b0b3ef916f5e6075b1750ed13e17cad3
,,,冗余三元组,22.0,3.0,行驶主体,extraction,63b889c6caaf61c3eefad202bc0e1a4344122b009d898e41612d2ce9411c9a90
,,,冗余三元组,22.0,3.0,承办机构,extraction,450ea2044227017296ffd8295e12ead624bac9ad5fb24c8dce7525315368e0fd
,,,冗余三元组,14.0,3.0,实施依据,extraction,b2a34d3077aee5e73c915f123942606ad10c818ac195f73a26fa6b2a85ed9d1b
,,,冗余三元组,39.0,1.0,是,extraction,38e1d37380a7519608b7025690633256c2d7865eeeda60653fee8757d9e4afaf
,,,冗余三元组,1.0,34.0,包含,extraction,55e4afabf77afe2a5eab9a2e4e01194c0b9b6c241104b977092e714b9c92562f
,,,冗余三元组,9.0,3.0,是,extraction,0ec99e7cb6f44635fcabc5bf332037bea07b228f7b51753076ef1e8382984bc4
,,,冗余三元组,10.0,44.0,是,extraction,53854b14f84a4f7bcec4288babeeb93d9202a8f1247a14098e9a02982cc95640
,,,冗余三元组,12.0,44.0,是,extraction,de41cd62c11f82837c5925e3426f42630d0bc935f1a9e33489b933acda4b7831
,,,冗余三元组,13.0,37.0,是,extraction,11ad231736d8e934254b836f208f0b302e4d9e38c23214e2036235899cb04fe6
,,,冗余三元组,1.0,8.0,涉及内容,extraction,d02de960772b95844ead284f303c0cc0a431bb9e9d2e2a9acb00d12d4b09753a
,,,冗余三元组,9.0,3.0,类型,extraction,7b4fd279b61586115fa2987e2d0371238853c4f6f63e89d0b451e4237f492a37
,,,冗余三元组,10.0,22.0,为,extraction,1a97657648cf85daf9577b8f97db471a103398604acad7e49b5c9e5312315e6e
,,,冗余三元组,12.0,22.0,为,extraction,01d72a5fabeb49cad4036597626c1d026038537027330c5f333061113111547f
,,,冗余三元组,13.0,5.0,来源,extraction,9bd213e2b41f955fab4d2624abbd5b2aa05fab69992fb08b61623b28a05dce94
,,,冗余三元组,1.0,24.0,基于,extraction,a5276488a9604d9649d8bacd34b068a0005e4d755aa469a2a15794604500ae4d
,,,冗余三元组,9.0,3.0,是,extraction,0ec99e7cb6f44635fcabc5bf332037bea07b228f7b51753076ef1e8382984bc4
,,,冗余三元组,10.0,26.0,是,extraction,89fbb5ae30c6220e41f165591e4df027877c140a72033fe0680e44206164aa17
,,,冗余三元组,12.0,26.0,是,extraction,a3817cab3fccbfd1b94576c85b68cfb0ff0511791fe7ada5dd7c10500502e531
,,,冗余三元组,13.0,7.0,是,extraction,5173b273e53a3712e9a749ca6cf7b8e8d3b7641db772c202823ccb26f6087587
,,,冗余三元组,1.0,45.0,涉及事项,extraction,dd7fe96509b2c5c33db03e133555278b4cecbf544b6fac7dea1158a8470efe3a
,,,冗余三元组,3.0,1.0,权力类型,extraction,63bb5d4e71e6267d4835ef9479c9ff86b0b3ef916f5e6075b1750ed13e17cad3
,,,冗余三元组,4.0,3.0,行驶主体,extraction,65bd830d3a69c947ab33e8bccf4d7c9239947243f009a12164fa2b3d4defa4e5
,,,冗余三元组,4.0,3.0,承办机构,extraction,552f0352c4383de1ccdd6574c3a3cf1febf987d93f20f8b4d8f312f665277ccd
,,,冗余三元组,43.0,3.0,实施依据,extraction,b2e045a3f94b96fa94529db86a8245fdcf22fab97a04061f220a7caec63e44e4
,,,冗余三元组,1.0,18.0,涉及领域,extraction,bb9a6c5169497cb67071e7b38b89fd47ad0c56bc2fc613c8ae73303717a93cc9
,,,冗余三元组,22.0,22.0,行驶主体,extraction,ea514dce437d76e89b3fa59071aafb2f1a77f9b4650cd943de730b79d7484854
,,,冗余三元组,22.0,22.0,承办机构,extraction,c26bdc333007524d45848b23cd157a7888dcd66080cd02562078a2e4976bc46c
,,,冗余三元组,13.0,33.0,来源,extraction,8bbecf9c4fdf35acbb07c602f2d6f07f8e2efc4c206947e5f5909bab53e0601b
,,,冗余三元组,1.0,46.0,包含,extraction,43de48e1fd0d3973027e232e73e22a3174566b69b4fe0e1932b85469761532cb
,,,冗余三元组,9.0,3.0,是,extraction,0ec99e7cb6f44635fcabc5bf332037bea07b228f7b51753076ef1e8382984bc4
,,,冗余三元组,10.0,41.0,是,extraction,6f83ced92a9691e5e14cc19bb1bc5463d86dfecb7bda23ec44eab17a27bf9ae5
,,,冗余三元组,12.0,41.0,是,extraction,a4b1a3ff2483dfe0fabc0a44c0aa6f73e99b87cf7ec502667cce0dc30a67f7b2
,,,冗余三元组,13.0,20.0,是,extraction,f536065857d8cffb8690029d0de8e595064374e0e38deb823e625bf375f96c61
,,,冗余三元组,1.0,46.0,涉及方面,extraction,5808f972045d2d3180337084564f289f064635012876034d34956100a2ebe466
,,,冗余三元组,9.0,3.0,类型,extraction,7b4fd279b61586115fa2987e2d0371238853c4f6f63e89d0b451e4237f492a37
,,,冗余三元组,10.0,11.0,是,extraction,44a8fa7ea54ec2e41111a4f5dc6a9811dee8aa3aa19fb306f9177dfc86a9aea9
,,,冗余三元组,12.0,11.0,是,extraction,54710bbec3ca077fe79c80e1e95ea28a843633289f5bc6efe6abea14f6118623
,,,冗余三元组,13.0,50.0,来自,extraction,fa6cdeec1e0231c807538c5efd89f4748a1d8da3c2db787e14940f7d05a10c58
,,,冗余三元组,1.0,60.0,涉及领域,extraction,25fe9bcaeb7e004a7f7cb1fcb4d291c2a96c608fd8ff4641bee8109287b07717
,,,冗余三元组,3.0,1.0,权力类型,extraction,63bb5d4e71e6267d4835ef9479c9ff86b0b3ef916f5e6075b1750ed13e17cad3
,,,冗余三元组,41.0,1.0,行驶主体,extraction,3e203c1cd5240efde0e6a6d05bb4f8d4f3f80b46e735202ba3011d3e2801f0a1
,,,冗余三元组,41.0,1.0,承办机构,extraction,379f2c27a6c0b2eecca7d7b46b22ef51fefdad08ac0ee7abd453d5173a893b67
,,,冗余三元组,1.0,5.0,依据,extraction,1ea7450430c6e25edf81e6ecf2f8dbbbbd3c1ca33319839a0f1c3459a61d2b2e
,,,冗余三元组,1.0,19.0,涉及内容,extraction,e667158a34c5290413d6959d0281c37377fbc946202a479c446b6afeb89e2126
,,,冗余三元组,3.0,1.0,权力类型,extraction,63bb5d4e71e6267d4835ef9479c9ff86b0b3ef916f5e6075b1750ed13e17cad3
,,,冗余三元组,38.0,1.0,行驶主体,extraction,d0e87a0daf3bc1ed7bad39f66dc6d8ee74064b05fe94192417c8b6e3e4cd53a9
,,,冗余三元组,38.0,1.0,承办机构,extraction,b14641014ea8d3db9ba04ac2bb249443dd5f26425e740d86371e870ef2d4a84a
,,,冗余三元组,1.0,7.0,依据,extraction,ad207775734fc909831229d25a4f5b75a4caf54238f8d0d146d0f0b3eb2acaeb
,,,冗余三元组,1.0,52.0,涉及问题,extraction,90af34399ad797a62bec9b3819dad9d64b8031065ff158d8a5f1015257e3e4dd
,,,冗余三元组,3.0,1.0,权力类型,extraction,63bb5d4e71e6267d4835ef9479c9ff86b0b3ef916f5e6075b1750ed13e17cad3
,,,冗余三元组,11.0,3.0,行驶主体,extraction,252ebc8fde2836f7eae5a791df687860076241cf808bc99e0fd167f0ea262cd9
,,,冗余三元组,11.0,3.0,承办机构,extraction,e3339b884b62824a3b8679c646ddcca5b0bd6ecf6ec75f8d8629aa2e9b31a33c
,,,冗余三元组,3.0,23.0,实施依据,extraction,50ab6d4e4a28dab63d889535df0083377ec5ea69c2cb93319237f8bffe946b3c
,,,冗余三元组,1.0,52.0,包含,extraction,65aa9d8836d9408071d2ab46124ddeb7f4ac0702d8710d1e2c37dda2c678d8d3
,,,冗余三元组,9.0,3.0,是,extraction,0ec99e7cb6f44635fcabc5bf332037bea07b228f7b51753076ef1e8382984bc4
,,,冗余三元组,10.0,22.0,是,extraction,5a0b03998ab865a9402789a91f83ce5e2c3e8b9dc624370864b73747e8ad330a
,,,冗余三元组,12.0,22.0,是,extraction,51b7578f6e3f4d6aa73a569f8dfc21fce38f169c0202a35f222c3aebbfe18ce9
,,,冗余三元组,13.0,5.0,是,extraction,507348e0a400849c992ed3d4db941f51b877314c064a446d1a19df892d7a6f73
,,,冗余三元组,1.0,54.0,涉及领域,extraction,bf464bcbcd83e979756fbd8eee9d0f695e979e7851f7354e079d63510152047a
,,,冗余三元组,32.0,1.0,行使主体,extraction,21e6b723ac1b8b6612819ab1bf52428f7b6b9163739ec5d9647aeee3dbf3b312
,,,冗余三元组,32.0,1.0,承办机构,extraction,931cafd24efaf97775db66b22a04ccc10ef5b34c9f1550f1c6e447e2887940db
,,,冗余三元组,1.0,27.0,依据,extraction,d03daf3e94bfbb1b0d0e8924a3805396d721f1c62d58ac9127a2e0d131b5d430
,,,冗余三元组,1.0,62.0,涉及问题,extraction,2a934fc7a5fcf782dd1e2daadb598b9eafb710e91a5aa9232b2ceb713d26918f
,,,冗余三元组,3.0,1.0,权力类型,extraction,63bb5d4e71e6267d4835ef9479c9ff86b0b3ef916f5e6075b1750ed13e17cad3
,,,冗余三元组,44.0,3.0,行驶主体,extraction,5a54a852e46cf955056cfb470e35ee0ab596f12cadf4d4250f92e1854d40d0fb
,,,冗余三元组,44.0,3.0,承办机构,extraction,26be69caa0923ff59e399351f5a7dbfb94533ccfbecefd9b8cd69f55e191c14d
,,,冗余三元组,3.0,35.0,实施依据,extraction,aeca2271760056f009328f3cd5d8312cf19c1089e1683b42b00006e7f4cd2223
,,,冗余三元组,1.0,53.0,涉及内容,extraction,93a41a3bfad2a55543054230e6b5ba30a1c2c78b18e08fd4c03297cf76a22214
,,,冗余三元组,3.0,1.0,权力类型,extraction,63bb5d4e71e6267d4835ef9479c9ff86b0b3ef916f5e6075b1750ed13e17cad3
,,,冗余三元组,32.0,1.0,行驶主体,extraction,f3ae7eebff4e3460421e23abeef0b3052dd9a3dcfbd1f44a03d027eeb1801b4f
,,,冗余三元组,32.0,1.0,承办机构,extraction,931cafd24efaf97775db66b22a04ccc10ef5b34c9f1550f1c6e447e2887940db
,,,冗余三元组,35.0,1.0,实施依据,extraction,c2160bc37901fdb446bacf457f42f5af556fdcd5b45c0e99b283102cca9bc468
,,,冗余三元组,1.0,28.0,涉及内容,extraction,ac3ee725f8a339f9fbd2a7028b68d899a9b8e5be581c35045e4b8bfb3dc079c3
,,,冗余三元组,3.0,1.0,权力类型,extraction,63bb5d4e71e6267d4835ef9479c9ff86b0b3ef916f5e6075b1750ed13e17cad3
,,,冗余三元组,16.0,1.0,行驶主体,extraction,2388221cee7d1ae0ed5be74dbb33fa91b57a06cfae883cc5c2262bfb048b5c48
,,,冗余三元组,16.0,1.0,承办机构,extraction,7da0b9c5ea5b9311256b7bcb955ba7fe507e79fd9fe407e277e1c4de0e1d453e
,,,冗余三元组,43.0,1.0,实施依据,extraction,b635b5aa9618bbdf4825436782a057c0cb5ba203e0ccd72612b9a1118d5a7026
,,,冗余三元组,1.0,36.0,涉及事项,extraction,8f5ef8181607d60e4eccd5ec612a1b947845c41af6a5aa6f33629298f46d39a8
,,,冗余三元组,3.0,1.0,权力类型,extraction,63bb5d4e71e6267d4835ef9479c9ff86b0b3ef916f5e6075b1750ed13e17cad3
,,,冗余三元组,16.0,3.0,行驶主体,extraction,dcf915ca16fdd03067ac26bed4e74e74a9239bdbd1f71068aedeb4f177f92df1
,,,冗余三元组,16.0,3.0,承办机构,extraction,1845bf4af0283ae739a3edd822fa3a6e7302f5b26eae67bdd654099cddf35e9f
,,,冗余三元组,7.0,3.0,实施依据,extraction,f19e34325be413dc5e6bb80be003b66e02159d7f79ced0a5e8ba8a58d7125e15
,,,冗余三元组,1.0,28.0,涉及内容,extraction,ac3ee725f8a339f9fbd2a7028b68d899a9b8e5be581c35045e4b8bfb3dc079c3
,,,冗余三元组,3.0,1.0,权力类型,extraction,63bb5d4e71e6267d4835ef9479c9ff86b0b3ef916f5e6075b1750ed13e17cad3
,,,冗余三元组,32.0,1.0,行驶主体,extraction,f3ae7eebff4e3460421e23abeef0b3052dd9a3dcfbd1f44a03d027eeb1801b4f
,,,冗余三元组,32.0,1.0,承办机构,extraction,931cafd24efaf97775db66b22a04ccc10ef5b34c9f1550f1c6e447e2887940db
,,,冗余三元组,1.0,23.0,依据,extraction,0c4e2a2eed4772431ff0a6f635bec43d213b808cd3ebb9e90f0dd418ba282cb2
,,,冗余三元组,1.0,31.0,涉及问题,extraction,ea08369126f7fbe0d95ca41a348902bab3f4d8e388232d1c4ed32a98fca9af59
,,,冗余三元组,9.0,3.0,类型,extraction,7b4fd279b61586115fa2987e2d0371238853c4f6f63e89d0b451e4237f492a37
,,,冗余三元组,13.0,35.0,依据,extraction,3ac4350e034d8b7ecd0693f5bf55f942a288d183693ea11c4bd20840b0e18d24
,,,冗余三元组,39.0,1.0,是,extraction,38e1d37380a7519608b7025690633256c2d7865eeeda60653fee8757d9e4afaf
,,,冗余三元组,1.0,54.0,包括,extraction,2a09669746dc006c536cbea543678c612260e64930ba7948723ab5ba64ddb52f
,,,冗余三元组,9.0,3.0,是,extraction,0ec99e7cb6f44635fcabc5bf332037bea07b228f7b51753076ef1e8382984bc4
,,,冗余三元组,10.0,26.0,是,extraction,89fbb5ae30c6220e41f165591e4df027877c140a72033fe0680e44206164aa17
,,,冗余三元组,12.0,26.0,是,extraction,a3817cab3fccbfd1b94576c85b68cfb0ff0511791fe7ada5dd7c10500502e531
,,,冗余三元组,13.0,43.0,是,extraction,ade982e693329bd738b2be4fef11a25c3536423672e3d1c585cae98131a035d0
,,,冗余三元组,1.0,42.0,涉及事项,extraction,6fa1fbc925e7b9f7909377c8fdb4e224f49dc4ac4ecc0317653a80654e14e7bc
,,,冗余三元组,3.0,1.0,权力类型,extraction,63bb5d4e71e6267d4835ef9479c9ff86b0b3ef916f5e6075b1750ed13e17cad3
,,,冗余三元组,4.0,3.0,行驶主体,extraction,65bd830d3a69c947ab33e8bccf4d7c9239947243f009a12164fa2b3d4defa4e5
,,,冗余三元组,4.0,3.0,承办机构,extraction,552f0352c4383de1ccdd6574c3a3cf1febf987d93f20f8b4d8f312f665277ccd
,,,冗余三元组,37.0,3.0,实施依据,extraction,980a426a4890aa6880028a39b27563b630569c34cd3744943c728122dcc81e34
,,,冗余三元组,1.0,24.0,基于,extraction,a5276488a9604d9649d8bacd34b068a0005e4d755aa469a2a15794604500ae4d
,,,冗余三元组,11.0,3.0,行驶主体,extraction,252ebc8fde2836f7eae5a791df687860076241cf808bc99e0fd167f0ea262cd9
,,,冗余三元组,1.0,34.0,包含,extraction,55e4afabf77afe2a5eab9a2e4e01194c0b9b6c241104b977092e714b9c92562f
,,,冗余三元组,9.0,3.0,是,extraction,0ec99e7cb6f44635fcabc5bf332037bea07b228f7b51753076ef1e8382984bc4
,,,冗余三元组,10.0,22.0,是,extraction,5a0b03998ab865a9402789a91f83ce5e2c3e8b9dc624370864b73747e8ad330a
,,,冗余三元组,12.0,22.0,是,extraction,51b7578f6e3f4d6aa73a569f8dfc21fce38f169c0202a35f222c3aebbfe18ce9
,,,冗余三元组,13.0,33.0,是,extraction,fc4553073462fe666aaa676d985116bc290a0c71f03fb633205f00b4fcf4ff71
,,,冗余三元组,1.0,55.0,涉及方面,extraction,5ee3a47a13dc675638470604b07e57a50fdeaeedeade9769ce1a62338490e202
,,,冗余三元组,9.0,3.0,类型,extraction,7b4fd279b61586115fa2987e2d0371238853c4f6f63e89d0b451e4237f492a37
,,,冗余三元组,10.0,11.0,执行者,extraction,bfcf921e35cea42dd2fe0e4456f5859f4d4adde552face2b36b303764d94c6b0
,,,冗余三元组,12.0,11.0,执行者,extraction,007d609358694caecbadd9e1f98aa849bb6c470ee428ccf76e19cabc1a6a9069
,,,冗余三元组,13.0,37.0,依据,extraction,dfd2b775f82f687b8369e9f056ac82ef84d7dfb09fa0a46cf2f05d074160f680
,,,冗余三元组,1.0,48.0,涉及内容,extraction,c90c36bc34d7f04fedfc793b0376221c7073cfdcfd8648ced932e92d2e837f7a
,,,冗余三元组,3.0,1.0,权力类型,extraction,63bb5d4e71e6267d4835ef9479c9ff86b0b3ef916f5e6075b1750ed13e17cad3
,,,冗余三元组,4.0,1.0,行驶主体,extraction,76853b7863ac80a3aad594a1104aa5b967a97525e8a2a9def28eeeebf43e4bab
,,,冗余三元组,4.0,1.0,承办机构,extraction,f7483722370a3db6cc6e9698d7f621113a7fe751bca6b181a1961b22639e7ed3
,,,冗余三元组,1.0,43.0,实施依据,extraction,9e0962dc823ba1e91ba1eb89eb98eedc881c7218baef35248da290fe3e83b5c6
,,,冗余三元组,1.0,54.0,服务事项,extraction,f1b6e795f7f4341a924257c51e053eb45298f6fc867b5d12c7547aa7ef61bce7
,,,冗余三元组,3.0,1.0,权力类型,extraction,63bb5d4e71e6267d4835ef9479c9ff86b0b3ef916f5e6075b1750ed13e17cad3
,,,冗余三元组,44.0,1.0,行驶主体,extraction,5aa5bd754001b528942d9ff1cf92c0dac3eea5408ae1a3ad1be7b48dd6ad7bc6
,,,冗余三元组,44.0,1.0,承办机构,extraction,fe869ebaf0ddd080462b050806e1c882e39322a3f98c8d4b29b1d043af63148d
,,,冗余三元组,5.0,1.0,实施依据,extraction,746c20bbe85a6c741c868997cbc091c7eddeafc57e2839c0cc9ba4fd6c55ad73
,,,冗余三元组,1.0,47.0,涉及事项,extraction,410fd6754fd95d077ef04ff964ec4dd009afe4ed77694bf6c52b18682d5b8662
,,,冗余三元组,3.0,1.0,权力类型,extraction,63bb5d4e71e6267d4835ef9479c9ff86b0b3ef916f5e6075b1750ed13e17cad3
,,,冗余三元组,41.0,1.0,行驶主体,extraction,3e203c1cd5240efde0e6a6d05bb4f8d4f3f80b46e735202ba3011d3e2801f0a1
,,,冗余三元组,41.0,1.0,承办机构,extraction,379f2c27a6c0b2eecca7d7b46b22ef51fefdad08ac0ee7abd453d5173a893b67
,,,冗余三元组,1.0,14.0,实施依据,extraction,86a585785321be79b433ed2131da5d315c88dcee88be270a52a3c3fec56e323b
,,,冗余三元组,1.0,8.0,涉及内容,extraction,d02de960772b95844ead284f303c0cc0a431bb9e9d2e2a9acb00d12d4b09753a
,,,冗余三元组,9.0,3.0,类型,extraction,7b4fd279b61586115fa2987e2d0371238853c4f6f63e89d0b451e4237f492a37
,,,冗余三元组,10.0,41.0,为,extraction,28521ddcfbcdc9bf555c544f9ffedc4f6916f361d04d3b7fc73bf53600a847fc
,,,冗余三元组,12.0,41.0,为,extraction,7ca35468b51f857f9340e1ae58c7560d960329fb74fc4d3211c8f9c490e143fe
,,,冗余三元组,1.0,6.0,涉及事项,extraction,63ed056176a358e5141eeb94299bb1cc5c1ba655d4c97bdb0e998157b41cd7a5
,,,冗余三元组,26.0,1.0,行驶主体,extraction,c02b72a8d8a1775ff7e7978594abd6b5422b51c7c4fffd7eac711ff69bf88a97
,,,冗余三元组,26.0,1.0,承办机构,extraction,69ebaebdf045cea8cb77aa5e448d960f3c2e8a6fbe335676bbabaa00d3c918e5
,,,冗余三元组,1.0,23.0,依据,extraction,0c4e2a2eed4772431ff0a6f635bec43d213b808cd3ebb9e90f0dd418ba282cb2
,,,冗余三元组,1.0,47.0,涉及事项,extraction,410fd6754fd95d077ef04ff964ec4dd009afe4ed77694bf6c52b18682d5b8662
,,,冗余三元组,3.0,1.0,权力类型,extraction,63bb5d4e71e6267d4835ef9479c9ff86b0b3ef916f5e6075b1750ed13e17cad3
,,,冗余三元组,41.0,1.0,行驶主体,extraction,3e203c1cd5240efde0e6a6d05bb4f8d4f3f80b46e735202ba3011d3e2801f0a1
,,,冗余三元组,41.0,1.0,承办机构,extraction,379f2c27a6c0b2eecca7d7b46b22ef51fefdad08ac0ee7abd453d5173a893b67
,,,冗余三元组,1.0,33.0,实施依据,extraction,26cc092408f0a9aa6f263c39234f8f2765d112fd2a7cdf3cff6187a39e1d5c6b
,,,冗余三元组,1.0,62.0,基于,extraction,107e1bb0950b774ff9f05ec19639e02422cf10def6be35db13c2495e5a4effe2
,,,冗余三元组,9.0,3.0,是,extraction,0ec99e7cb6f44635fcabc5bf332037bea07b228f7b51753076ef1e8382984bc4
,,,冗余三元组,10.0,44.0,是,extraction,53854b14f84a4f7bcec4288babeeb93d9202a8f1247a14098e9a02982cc95640
,,,冗余三元组,12.0,44.0,是,extraction,de41cd62c11f82837c5925e3426f42630d0bc935f1a9e33489b933acda4b7831
,,,冗余三元组,13.0,5.0,是,extraction,507348e0a400849c992ed3d4db941f51b877314c064a446d1a19df892d7a6f73
,,,冗余三元组,1.0,24.0,基于,extraction,a5276488a9604d9649d8bacd34b068a0005e4d755aa469a2a15794604500ae4d
,,,冗余三元组,16.0,3.0,执行,extraction,a806fa1fb968dc85561080bb9bc13455d517a2706605e3b4e4422b831904a52b
,,,冗余三元组,16.0,10.0,是,extraction,0676f80814a944f0133efe570d87a4210481e5da6dd1982bbdd57d1a6f69161c
,,,冗余三元组,33.0,13.0,是,extraction,7c3d94538199dd220908c574a5adfa3d3a4a6e7ad7ca59b3e7f3e509820d0644
,,,冗余三元组,1.0,45.0,涉及事项,extraction,dd7fe96509b2c5c33db03e133555278b4cecbf544b6fac7dea1158a8470efe3a
,,,冗余三元组,3.0,1.0,权力类型,extraction,63bb5d4e71e6267d4835ef9479c9ff86b0b3ef916f5e6075b1750ed13e17cad3
,,,冗余三元组,38.0,3.0,行驶主体,extraction,09efeab994a6d0a0d2474408b9050a4299990ea94ef2b0fd3b3f3c42b80c1d00
,,,冗余三元组,38.0,3.0,承办机构,extraction,3ffeb2c635f8eac91bfd409e9ffa26f73bbf4f4bb174d1a1c0cfa1334e723247
,,,冗余三元组,1.0,55.0,涉及,extraction,d3dce47df0bc87d9fc69992a5dfb419dc64d4ec5f6b002937da586081885a914
,,,冗余三元组,9.0,3.0,是,extraction,0ec99e7cb6f44635fcabc5bf332037bea07b228f7b51753076ef1e8382984bc4
,,,冗余三元组,10.0,38.0,是,extraction,b756eb5995473eefcaf0d5b4fb891f9eb9190e7e7f446761eaff99790520dd98
,,,冗余三元组,12.0,38.0,是,extraction,76d05d01998cae971c559874b8df42b2445eeafc6d81c360c7aecdbaf38c3f00
,,,冗余三元组,13.0,37.0,是,extraction,11ad231736d8e934254b836f208f0b302e4d9e38c23214e2036235899cb04fe6
,,,冗余三元组,1.0,54.0,涉及领域,extraction,bf464bcbcd83e979756fbd8eee9d0f695e979e7851f7354e079d63510152047a
,,,冗余三元组,26.0,3.0,承办机构,extraction,09f29ebed328eaaeac44ee7d9b0d8d8b248964f2da25bc454213eb1f6ed1c65b
,,,冗余三元组,3.0,7.0,实施依据,extraction,8b8b874d6aacfaea02e3258e572855dec0ac6da7c5aa16557312356c39613641
,,,冗余三元组,1.0,53.0,服务事项,extraction,6e3e1be22725db07cbda085e898d35471ffc4e71289552d4108ae311195e776c
,,,冗余三元组,3.0,1.0,权力类型,extraction,63bb5d4e71e6267d4835ef9479c9ff86b0b3ef916f5e6075b1750ed13e17cad3
,,,冗余三元组,26.0,1.0,行驶主体,extraction,c02b72a8d8a1775ff7e7978594abd6b5422b51c7c4fffd7eac711ff69bf88a97
,,,冗余三元组,26.0,1.0,承办机构,extraction,69ebaebdf045cea8cb77aa5e448d960f3c2e8a6fbe335676bbabaa00d3c918e5
,,,冗余三元组,14.0,1.0,实施依据,extraction,9e8311c5545f056237fea59ad427e08044b1f281b728a5fbe6f711b2b87fb62b
,,,冗余三元组,1.0,48.0,涉及内容,extraction,c90c36bc34d7f04fedfc793b0376221c7073cfdcfd8648ced932e92d2e837f7a
,,,冗余三元组,3.0,1.0,权力类型,extraction,63bb5d4e71e6267d4835ef9479c9ff86b0b3ef916f5e6075b1750ed13e17cad3
,,,冗余三元组,26.0,3.0,行驶主体,extraction,53a6aecb0cb919674eb601d3ca9bfb3e1cd8021d0c2b4edaea1103f12ff5d1fa
,,,冗余三元组,26.0,3.0,承办机构,extraction,09f29ebed328eaaeac44ee7d9b0d8d8b248964f2da25bc454213eb1f6ed1c65b
,,,冗余三元组,50.0,3.0,实施依据,extraction,a790816385e8e57fdbef950d1c81f1f95be9fa56bdb61522285b14310350de63
,,,冗余三元组,1.0,40.0,基于,extraction,a85624624539924188006fe19700cbca1e2a48322c712646b9353d0df3e1eb24
,,,冗余三元组,9.0,3.0,是,extraction,0ec99e7cb6f44635fcabc5bf332037bea07b228f7b51753076ef1e8382984bc4
,,,冗余三元组,10.0,32.0,是,extraction,4da064cb343643cc890842dceaf67b09d17018b8caccfb9a66252b99aba7b2c2
,,,冗余三元组,12.0,32.0,是,extraction,9c4f6d970f0759ccf44ba88668fb20479c3f74345a7048810ee820b1947a78e1
,,,冗余三元组,13.0,14.0,是,extraction,bfbeedc7e6daf4f851060b875d14b5b7c1dab5b695356d4176fd018de0894ae2
,,,冗余三元组,1.0,21.0,包含,extraction,635d1027165abbabe82fa63c66c6183ad9893b0e011f20d0b6ad30d71c05ec2a
,,,冗余三元组,9.0,3.0,是,extraction,0ec99e7cb6f44635fcabc5bf332037bea07b228f7b51753076ef1e8382984bc4
,,,冗余三元组,10.0,41.0,是,extraction,6f83ced92a9691e5e14cc19bb1bc5463d86dfecb7bda23ec44eab17a27bf9ae5
,,,冗余三元组,12.0,41.0,是,extraction,a4b1a3ff2483dfe0fabc0a44c0aa6f73e99b87cf7ec502667cce0dc30a67f7b2
,,,冗余三元组,13.0,43.0,是,extraction,ade982e693329bd738b2be4fef11a25c3536423672e3d1c585cae98131a035d0
,,,冗余三元组,41.0,10.0,是,extraction,13174a20288cb82a8ad6ce9f7332df7553cd0404ac13c0bbc120c032408c5fe3
,,,冗余三元组,41.0,12.0,是,extraction,fad70d47d35873d476ecd9b8502513e72a366a3a7f904b2d994765aedc16758b
,,,冗余三元组,1.0,58.0,涉及,extraction,ebb5415c1b54071499b45a909f698aaec953682c36e97747e6aee00bc7e619d3
,,,冗余三元组,3.0,9.0,属于,extraction,e243beb6cddf62185b7e7ffcf414a9105a2c5a93a0690b193f72c7a37fa3b5ca
,,,冗余三元组,44.0,10.0,是,extraction,e97b79b5b51a26f8e69423d992b4d4ac3c9df26ba1701ad7c77eeb760090b85f
,,,冗余三元组,44.0,12.0,也是,extraction,8f258b758c517139707a3fb7b0832140ba81c2be3985017f022d50aa8ffc6c3d
,,,冗余三元组,33.0,13.0,是,extraction,7c3d94538199dd220908c574a5adfa3d3a4a6e7ad7ca59b3e7f3e509820d0644
,,,冗余三元组,1.0,60.0,涉及事项,extraction,6309e2202fc5d6cebcd70f93ed56deb6d1ded945a512f9631f8df8c872f7ddaf
,,,冗余三元组,3.0,1.0,权力类型,extraction,63bb5d4e71e6267d4835ef9479c9ff86b0b3ef916f5e6075b1750ed13e17cad3
,,,冗余三元组,41.0,1.0,行驶主体,extraction,3e203c1cd5240efde0e6a6d05bb4f8d4f3f80b46e735202ba3011d3e2801f0a1
,,,冗余三元组,41.0,1.0,承办机构,extraction,379f2c27a6c0b2eecca7d7b46b22ef51fefdad08ac0ee7abd453d5173a893b67
,,,冗余三元组,7.0,3.0,实施依据,extraction,f19e34325be413dc5e6bb80be003b66e02159d7f79ced0a5e8ba8a58d7125e15
,,,冗余三元组,1.0,62.0,涉及问题,extraction,2a934fc7a5fcf782dd1e2daadb598b9eafb710e91a5aa9232b2ceb713d26918f
,,,冗余三元组,3.0,1.0,权力类型,extraction,63bb5d4e71e6267d4835ef9479c9ff86b0b3ef916f5e6075b1750ed13e17cad3
,,,冗余三元组,22.0,3.0,行驶主体,extraction,63b889c6caaf61c3eefad202bc0e1a4344122b009d898e41612d2ce9411c9a90
,,,冗余三元组,22.0,3.0,承办机构,extraction,450ea2044227017296ffd8295e12ead624bac9ad5fb24c8dce7525315368e0fd
,,,冗余三元组,23.0,3.0,实施依据,extraction,365a514488858a29239444ea6807697216abe5039811b8ff6d729d3df6958386
,,,冗余三元组,1.0,47.0,涉及事项,extraction,410fd6754fd95d077ef04ff964ec4dd009afe4ed77694bf6c52b18682d5b8662
,,,冗余三元组,3.0,1.0,权力类型,extraction,63bb5d4e71e6267d4835ef9479c9ff86b0b3ef916f5e6075b1750ed13e17cad3
,,,冗余三元组,41.0,1.0,行驶主体,extraction,3e203c1cd5240efde0e6a6d05bb4f8d4f3f80b46e735202ba3011d3e2801f0a1
,,,冗余三元组,41.0,1.0,承办机构,extraction,379f2c27a6c0b2eecca7d7b46b22ef51fefdad08ac0ee7abd453d5173a893b67
,,,冗余三元组,49.0,1.0,实施依据,extraction,ff26d12b358cafe4c2fb87a18323c05e83a57fff577f25152d237a0d2a1a6669
,,,冗余三元组,1.0,6.0,涉及事项,extraction,63ed056176a358e5141eeb94299bb1cc5c1ba655d4c97bdb0e998157b41cd7a5
,,,冗余三元组,3.0,1.0,权力类型,extraction,63bb5d4e71e6267d4835ef9479c9ff86b0b3ef916f5e6075b1750ed13e17cad3
,,,冗余三元组,26.0,3.0,行驶主体,extraction,53a6aecb0cb919674eb601d3ca9bfb3e1cd8021d0c2b4edaea1103f12ff5d1fa
,,,冗余三元组,26.0,3.0,承办机构,extraction,09f29ebed328eaaeac44ee7d9b0d8d8b248964f2da25bc454213eb1f6ed1c65b
,,,冗余三元组,37.0,3.0,实施依据,extraction,980a426a4890aa6880028a39b27563b630569c34cd3744943c728122dcc81e34
,,,冗余三元组,1.0,48.0,涉及内容,extraction,c90c36bc34d7f04fedfc793b0376221c7073cfdcfd8648ced932e92d2e837f7a
,,,冗余三元组,3.0,1.0,权力类型,extraction,63bb5d4e71e6267d4835ef9479c9ff86b0b3ef916f5e6075b1750ed13e17cad3
,,,冗余三元组,41.0,1.0,行驶主体,extraction,3e203c1cd5240efde0e6a6d05bb4f8d4f3f80b46e735202ba3011d3e2801f0a1
,,,冗余三元组,41.0,1.0,承办机构,extraction,379f2c27a6c0b2eecca7d7b46b22ef51fefdad08ac0ee7abd453d5173a893b67
,,,冗余三元组,1.0,37.0,实施依据,extraction,328f7760eafece03adc022370c33f60d27ee8ed2dd4e8d0cc5ea55ffc164bbc9
,,,冗余三元组,1.0,21.0,包含,extraction,635d1027165abbabe82fa63c66c6183ad9893b0e011f20d0b6ad30d71c05ec2a
,,,冗余三元组,3.0,1.0,类型,extraction,65a2d78a945df9ac573c112d3bad900f2eb4940d22d4f014a9262ffbc7a54c7e
,,,冗余三元组,26.0,10.0,是,extraction,40e67d3bcc2ba11ea7642380b6b409ed59c17f0df5e314222e9340c561b51767
,,,冗余三元组,1.0,60.0,涉及领域,extraction,25fe9bcaeb7e004a7f7cb1fcb4d291c2a96c608fd8ff4641bee8109287b07717
,,,冗余三元组,3.0,1.0,权力类型,extraction,63bb5d4e71e6267d4835ef9479c9ff86b0b3ef916f5e6075b1750ed13e17cad3
,,,冗余三元组,41.0,1.0,行驶主体,extraction,3e203c1cd5240efde0e6a6d05bb4f8d4f3f80b46e735202ba3011d3e2801f0a1
,,,冗余三元组,41.0,1.0,承办机构,extraction,379f2c27a6c0b2eecca7d7b46b22ef51fefdad08ac0ee7abd453d5173a893b67
,,,冗余三元组,63.0,1.0,实施依据,extraction,cffdd69dd883bd5c62bf747824dfb36d389aef3c286ad7f4e5c3f2fc9ae9f8d2
,,,冗余三元组,39.0,1.0,是,extraction,38e1d37380a7519608b7025690633256c2d7865eeeda60653fee8757d9e4afaf
,,,冗余三元组,1.0,46.0,涉及,extraction,b97b46d42fda49bf81ff3f4907773acec8566f08195d592b6e6bc1a7f3a94efc
,,,冗余三元组,9.0,3.0,是,extraction,0ec99e7cb6f44635fcabc5bf332037bea07b228f7b51753076ef1e8382984bc4
,,,冗余三元组,10.0,38.0,是,extraction,b756eb5995473eefcaf0d5b4fb891f9eb9190e7e7f446761eaff99790520dd98
,,,冗余三元组,12.0,38.0,是,extraction,76d05d01998cae971c559874b8df42b2445eeafc6d81c360c7aecdbaf38c3f00
,,,冗余三元组,13.0,35.0,是,extraction,bdb6ae948fcb734a09a70e6199e73c6b4e1ee8988d36d946e8376162542ec754
,,,冗余三元组,39.0,1.0,是,extraction,38e1d37380a7519608b7025690633256c2d7865eeeda60653fee8757d9e4afaf
,,,冗余三元组,1.0,51.0,包括,extraction,ba212609332ebf2ed09876a9b4d822b2cab1f3e344cf30de0cce26ad421c20ab
,,,冗余三元组,9.0,3.0,是,extraction,0ec99e7cb6f44635fcabc5bf332037bea07b228f7b51753076ef1e8382984bc4
,,,冗余三元组,10.0,38.0,是,extraction,b756eb5995473eefcaf0d5b4fb891f9eb9190e7e7f446761eaff99790520dd98
,,,冗余三元组,12.0,38.0,是,extraction,76d05d01998cae971c559874b8df42b2445eeafc6d81c360c7aecdbaf38c3f00
,,,冗余三元组,13.0,27.0,是,extraction,b6eab7714fb673bef9d283a76736709544e272990472859dc282d706a47931e5
,,,冗余三元组,1.0,28.0,涉及内容,extraction,ac3ee725f8a339f9fbd2a7028b68d899a9b8e5be581c35045e4b8bfb3dc079c3
,,,冗余三元组,3.0,1.0,权力类型,extraction,63bb5d4e71e6267d4835ef9479c9ff86b0b3ef916f5e6075b1750ed13e17cad3
,,,冗余三元组,38.0,1.0,行驶主体,extraction,d0e87a0daf3bc1ed7bad39f66dc6d8ee74064b05fe94192417c8b6e3e4cd53a9
,,,冗余三元组,38.0,1.0,承办机构,extraction,b14641014ea8d3db9ba04ac2bb249443dd5f26425e740d86371e870ef2d4a84a
,,,冗余三元组,1.0,27.0,实施依据,extraction,0e30535101004be1a7b121b537cd81665d02521ea1c82e250417c2c271962f93
,,,冗余三元组,1.0,34.0,包含,extraction,55e4afabf77afe2a5eab9a2e4e01194c0b9b6c241104b977092e714b9c92562f
,,,冗余三元组,9.0,3.0,是,extraction,0ec99e7cb6f44635fcabc5bf332037bea07b228f7b51753076ef1e8382984bc4
,,,冗余三元组,10.0,4.0,是,extraction,4253afef8f3fd90e1effb4068d33d5af9bf9795c98a41a591346af581d8c5b13
,,,冗余三元组,12.0,4.0,是,extraction,157789d187fc7ed7a6f770e4112d938e1669ffabeec33b64ab160620d61c286f
,,,冗余三元组,13.0,37.0,是,extraction,11ad231736d8e934254b836f208f0b302e4d9e38c23214e2036235899cb04fe6
,,,冗余三元组,1.0,6.0,涉及事项,extraction,63ed056176a358e5141eeb94299bb1cc5c1ba655d4c97bdb0e998157b41cd7a5
,,,冗余三元组,3.0,1.0,权力类型,extraction,63bb5d4e71e6267d4835ef9479c9ff86b0b3ef916f5e6075b1750ed13e17cad3
,,,冗余三元组,38.0,3.0,行驶主体,extraction,09efeab994a6d0a0d2474408b9050a4299990ea94ef2b0fd3b3f3c42b80c1d00
,,,冗余三元组,38.0,3.0,承办机构,extraction,3ffeb2c635f8eac91bfd409e9ffa26f73bbf4f4bb174d1a1c0cfa1334e723247
,,,冗余三元组,3.0,5.0,依据,extraction,64790d95a2d2e906eca21b3a197ae37c528b0a32d460fad1cc89c5b7ba0efd90
,,,冗余三元组,1.0,8.0,涉及,extraction,87762195aab84fdc0842a072b54421c6e992ded15227e267788ac371d89fd8a5
,,,冗余三元组,9.0,3.0,是,extraction,0ec99e7cb6f44635fcabc5bf332037bea07b228f7b51753076ef1e8382984bc4
,,,冗余三元组,10.0,16.0,是,extraction,746a2100773446996a077ea20c54ba9035e03b7b31f93fb59a8ae3cd5a9d17da
,,,冗余三元组,12.0,16.0,是,extraction,02eb93de428eaa79f373e8be62591cfeadb588d7f8583ea3de7abacb8d43bb50
,,,冗余三元组,13.0,7.0,是,extraction,5173b273e53a3712e9a749ca6cf7b8e8d3b7641db772c202823ccb26f6087587
,,,冗余三元组,1.0,60.0,涉及领域,extraction,25fe9bcaeb7e004a7f7cb1fcb4d291c2a96c608fd8ff4641bee8109287b07717
,,,冗余三元组,3.0,1.0,权力类型,extraction,63bb5d4e71e6267d4835ef9479c9ff86b0b3ef916f5e6075b1750ed13e17cad3
,,,冗余三元组,22.0,3.0,行驶主体,extraction,63b889c6caaf61c3eefad202bc0e1a4344122b009d898e41612d2ce9411c9a90
,,,冗余三元组,22.0,3.0,承办机构,extraction,450ea2044227017296ffd8295e12ead624bac9ad5fb24c8dce7525315368e0fd
,,,冗余三元组,35.0,3.0,实施依据,extraction,b624cc26441dfe817af4e1eb453814a9cb80441634853b422b6c75adb5478d0b
,,,冗余三元组,1.0,46.0,涉及方面,extraction,5808f972045d2d3180337084564f289f064635012876034d34956100a2ebe466
,,,冗余三元组,22.0,22.0,行驶主体,extraction,ea514dce437d76e89b3fa59071aafb2f1a77f9b4650cd943de730b79d7484854
,,,冗余三元组,22.0,22.0,承办机构,extraction,c26bdc333007524d45848b23cd157a7888dcd66080cd02562078a2e4976bc46c
,,,冗余三元组,23.0,3.0,实施依据,extraction,365a514488858a29239444ea6807697216abe5039811b8ff6d729d3df6958386
,,,冗余三元组,1.0,15.0,服务事项,extraction,d58af36cd0af73d9b19e1d9407d5a626b1cd60fd82322b0355d1dcad51bc51b4
,,,冗余三元组,3.0,1.0,权力类型,extraction,63bb5d4e71e6267d4835ef9479c9ff86b0b3ef916f5e6075b1750ed13e17cad3
,,,冗余三元组,44.0,1.0,行驶主体,extraction,5aa5bd754001b528942d9ff1cf92c0dac3eea5408ae1a3ad1be7b48dd6ad7bc6
,,,冗余三元组,44.0,1.0,承办机构,extraction,fe869ebaf0ddd080462b050806e1c882e39322a3f98c8d4b29b1d043af63148d
,,,冗余三元组,20.0,1.0,实施依据,extraction,fa879230d50cba26fe3e25fda133ad3500d518880a888364d68f6f0c8fcf6adf
,,,冗余三元组,1.0,34.0,包含,extraction,55e4afabf77afe2a5eab9a2e4e01194c0b9b6c241104b977092e714b9c92562f
,,,冗余三元组,9.0,3.0,是,extraction,0ec99e7cb6f44635fcabc5bf332037bea07b228f7b51753076ef1e8382984bc4
,,,冗余三元组,10.0,44.0,是,extraction,53854b14f84a4f7bcec4288babeeb93d9202a8f1247a14098e9a02982cc95640
,,,冗余三元组,12.0,44.0,是,extraction,de41cd62c11f82837c5925e3426f42630d0bc935f1a9e33489b933acda4b7831
,,,冗余三元组,13.0,50.0,是,extraction,c041f04873201647e0b342a86dacb602d31a2f7036dbbbcb8019ba08c7818ff2
,,,冗余三元组,1.0,8.0,涉及内容,extraction,d02de960772b95844ead284f303c0cc0a431bb9e9d2e2a9acb00d12d4b09753a
,,,冗余三元组,9.0,3.0,类型,extraction,7b4fd279b61586115fa2987e2d0371238853c4f6f63e89d0b451e4237f492a37
,,,冗余三元组,13.0,27.0,依据,extraction,6d7beaac021b98e67689d354cc2756e99aae4d45ef10f9c289f6bd1532daf979
,,,冗余三元组,1.0,45.0,涉及事项,extraction,dd7fe96509b2c5c33db03e133555278b4cecbf544b6fac7dea1158a8470efe3a
,,,冗余三元组,3.0,1.0,权力类型,extraction,63bb5d4e71e6267d4835ef9479c9ff86b0b3ef916f5e6075b1750ed13e17cad3
,,,冗余三元组,38.0,3.0,行驶主体,extraction,09efeab994a6d0a0d2474408b9050a4299990ea94ef2b0fd3b3f3c42b80c1d00
,,,冗余三元组,38.0,3.0,承办机构,extraction,3ffeb2c635f8eac91bfd409e9ffa26f73bbf4f4bb174d1a1c0cfa1334e723247
,,,冗余三元组,50.0,3.0,实施依据,extraction,a790816385e8e57fdbef950d1c81f1f95be9fa56bdb61522285b14310350de63
,,,冗余三元组,1.0,47.0,涉及事项,extraction,410fd6754fd95d077ef04ff964ec4dd009afe4ed77694bf6c52b18682d5b8662
,,,冗余三元组,3.0,1.0,权力类型,extraction,63bb5d4e71e6267d4835ef9479c9ff86b0b3ef916f5e6075b1750ed13e17cad3
,,,冗余三元组,25.0,3.0,行驶主体,extraction,c7f405beeae1829a03dbec6b28d32c4d828da48de999734d24825266b3076f59
,,,冗余三元组,25.0,3.0,承办机构,extraction,eef2c4724eefbb6cbc8a1e38dd903f5952b15b4fa168168b9caed346c6551029
,,,冗余三元组,5.0,3.0,实施依据,extraction,4d26a315d3cf5e095a5f33a521cc5fcfd77a3a44ba52ed82e02dee2171f81d54
,,,冗余三元组,1.0,45.0,涉及,extraction,599085aa31abe5075252b02f829e93d81f2698ac36bc6369fc4fce031c3872ad
,,,冗余三元组,9.0,3.0,是,extraction,0ec99e7cb6f44635fcabc5bf332037bea07b228f7b51753076ef1e8382984bc4
,,,冗余三元组,10.0,44.0,为,extraction,69112bdc2b4df8b11750d6f8d72b164b25e2c2af650527da381d1fef1854d09e
,,,冗余三元组,12.0,44.0,为,extraction,789557af73d2a9d31fa03e49ed15b2040e4d5acce57b1e0e7392f07dd6641f18
,,,冗余三元组,13.0,29.0,是,extraction,ffa30b4f3216d3a8f56030cb4d33517361b4979ec19a58b4d3a546e9f0b38bdc
,,,冗余三元组,1.0,19.0,涉及内容,extraction,e667158a34c5290413d6959d0281c37377fbc946202a479c446b6afeb89e2126
,,,冗余三元组,9.0,3.0,类型,extraction,7b4fd279b61586115fa2987e2d0371238853c4f6f63e89d0b451e4237f492a37
,,,冗余三元组,10.0,25.0,为,extraction,14eb8cd0d77ed5391b9d37dc27fe68abd7670df3ba47dcd28eb6861f63d38e07
,,,冗余三元组,12.0,25.0,为,extraction,95495f064660a3f109251dafe2c267d79bb3d759704576cd0f4930aedae02db4
,,,冗余三元组,13.0,37.0,来自,extraction,9be20541547878f5553f07386429b6cbeaf2db5b685571c8cecbbe71bcc82b2f
,,,冗余三元组,1.0,30.0,涉及,extraction,f791f6ad50cca9a9432e1d95b6ef54bd1b64b5eb692d18dc2f430e81dd5537c2
,,,冗余三元组,9.0,3.0,是,extraction,0ec99e7cb6f44635fcabc5bf332037bea07b228f7b51753076ef1e8382984bc4
,,,冗余三元组,10.0,38.0,是,extraction,b756eb5995473eefcaf0d5b4fb891f9eb9190e7e7f446761eaff99790520dd98
,,,冗余三元组,12.0,38.0,是,extraction,76d05d01998cae971c559874b8df42b2445eeafc6d81c360c7aecdbaf38c3f00
,,,冗余三元组,13.0,43.0,是,extraction,ade982e693329bd738b2be4fef11a25c3536423672e3d1c585cae98131a035d0
,,,冗余三元组,1.0,24.0,基于,extraction,a5276488a9604d9649d8bacd34b068a0005e4d755aa469a2a15794604500ae4d
,,,冗余三元组,11.0,11.0,承办机构,extraction,3064d52359784aef0ee5015c7dc8168945918e9e558931c3f2e4ffbb44b38344
,,,冗余三元组,1.0,21.0,服务事项,extraction,8d308abc697d8ec4d01a30f717e75bc54bbee9cf1d8f36eef0f95eb86d0c523d
,,,冗余三元组,3.0,1.0,权力类型,extraction,63bb5d4e71e6267d4835ef9479c9ff86b0b3ef916f5e6075b1750ed13e17cad3
,,,冗余三元组,44.0,1.0,行驶主体,extraction,5aa5bd754001b528942d9ff1cf92c0dac3eea5408ae1a3ad1be7b48dd6ad7bc6
,,,冗余三元组,44.0,1.0,承办机构,extraction,fe869ebaf0ddd080462b050806e1c882e39322a3f98c8d4b29b1d043af63148d
,,,冗余三元组,14.0,1.0,实施依据,extraction,9e8311c5545f056237fea59ad427e08044b1f281b728a5fbe6f711b2b87fb62b
,,,冗余三元组,1.0,34.0,包含,extraction,55e4afabf77afe2a5eab9a2e4e01194c0b9b6c241104b977092e714b9c92562f
,,,冗余三元组,9.0,3.0,是,extraction,0ec99e7cb6f44635fcabc5bf332037bea07b228f7b51753076ef1e8382984bc4
,,,冗余三元组,10.0,11.0,是,extraction,44a8fa7ea54ec2e41111a4f5dc6a9811dee8aa3aa19fb306f9177dfc86a9aea9
,,,冗余三元组,12.0,11.0,是,extraction,54710bbec3ca077fe79c80e1e95ea28a843633289f5bc6efe6abea14f6118623
,,,冗余三元组,13.0,33.0,是,extraction,fc4553073462fe666aaa676d985116bc290a0c71f03fb633205f00b4fcf4ff71
,,,冗余三元组,1.0,15.0,包含行为,extraction,50889e3cad3a2af3fe5c788cdd352c4e79a5e965367902c33f7b1eab2a878616
,,,冗余三元组,9.0,3.0,是,extraction,0ec99e7cb6f44635fcabc5bf332037bea07b228f7b51753076ef1e8382984bc4
,,,冗余三元组,10.0,26.0,是,extraction,89fbb5ae30c6220e41f165591e4df027877c140a72033fe0680e44206164aa17
,,,冗余三元组,12.0,26.0,是,extraction,a3817cab3fccbfd1b94576c85b68cfb0ff0511791fe7ada5dd7c10500502e531
,,,冗余三元组,13.0,37.0,是,extraction,11ad231736d8e934254b836f208f0b302e4d9e38c23214e2036235899cb04fe6
,,,冗余三元组,1.0,15.0,包含,extraction,ece6cfea1e7888ef7da542c244213f3cf24b722f04c103df8c133360b0d0783d
,,,冗余三元组,9.0,3.0,是,extraction,0ec99e7cb6f44635fcabc5bf332037bea07b228f7b51753076ef1e8382984bc4
,,,冗余三元组,10.0,32.0,是,extraction,4da064cb343643cc890842dceaf67b09d17018b8caccfb9a66252b99aba7b2c2
,,,冗余三元组,12.0,32.0,是,extraction,9c4f6d970f0759ccf44ba88668fb20479c3f74345a7048810ee820b1947a78e1
,,,冗余三元组,13.0,20.0,是,extraction,f536065857d8cffb8690029d0de8e595064374e0e38deb823e625bf375f96c61
,,,冗余三元组,1.0,54.0,涉及领域,extraction,bf464bcbcd83e979756fbd8eee9d0f695e979e7851f7354e079d63510152047a
,,,冗余三元组,3.0,1.0,权力类型,extraction,63bb5d4e71e6267d4835ef9479c9ff86b0b3ef916f5e6075b1750ed13e17cad3
,,,冗余三元组,38.0,1.0,行驶主体,extraction,d0e87a0daf3bc1ed7bad39f66dc6d8ee74064b05fe94192417c8b6e3e4cd53a9
,,,冗余三元组,38.0,1.0,承办机构,extraction,b14641014ea8d3db9ba04ac2bb249443dd5f26425e740d86371e870ef2d4a84a
,,,冗余三元组,1.0,43.0,依据,extraction,985b929fb66077bb8f3a9c4c874b8547a2937c0087957a49d92521a1de199bec
,,,冗余三元组,1.0,24.0,基于,extraction,a5276488a9604d9649d8bacd34b068a0005e4d755aa469a2a15794604500ae4d
,,,冗余三元组,9.0,3.0,是,extraction,0ec99e7cb6f44635fcabc5bf332037bea07b228f7b51753076ef1e8382984bc4
,,,冗余三元组,10.0,25.0,是,extraction,ad542489db79b38432a47864e6f61070ea6042115797987a3bcdb2baca19bebf
,,,冗余三元组,12.0,25.0,是,extraction,dc4ae0749038f60cf9a543d11bdbb3655270d3f1168c53408b231865a3b78a64
,,,冗余三元组,13.0,5.0,是,extraction,507348e0a400849c992ed3d4db941f51b877314c064a446d1a19df892d7a6f73
,,,冗余三元组,1.0,36.0,涉及事项,extraction,8f5ef8181607d60e4eccd5ec612a1b947845c41af6a5aa6f33629298f46d39a8
,,,冗余三元组,3.0,1.0,权力类型,extraction,63bb5d4e71e6267d4835ef9479c9ff86b0b3ef916f5e6075b1750ed13e17cad3
,,,冗余三元组,25.0,3.0,行驶主体,extraction,c7f405beeae1829a03dbec6b28d32c4d828da48de999734d24825266b3076f59
,,,冗余三元组,25.0,3.0,承办机构,extraction,eef2c4724eefbb6cbc8a1e38dd903f5952b15b4fa168168b9caed346c6551029
,,,冗余三元组,5.0,3.0,实施依据,extraction,4d26a315d3cf5e095a5f33a521cc5fcfd77a3a44ba52ed82e02dee2171f81d54
,,,冗余三元组,1.0,31.0,涉及问题,extraction,ea08369126f7fbe0d95ca41a348902bab3f4d8e388232d1c4ed32a98fca9af59
,,,冗余三元组,3.0,1.0,权力类型,extraction,63bb5d4e71e6267d4835ef9479c9ff86b0b3ef916f5e6075b1750ed13e17cad3
,,,冗余三元组,22.0,3.0,行驶主体,extraction,63b889c6caaf61c3eefad202bc0e1a4344122b009d898e41612d2ce9411c9a90
,,,冗余三元组,22.0,3.0,承办机构,extraction,450ea2044227017296ffd8295e12ead624bac9ad5fb24c8dce7525315368e0fd
,,,冗余三元组,37.0,3.0,实施依据,extraction,980a426a4890aa6880028a39b27563b630569c34cd3744943c728122dcc81e34
,,,冗余三元组,1.0,58.0,涉及,extraction,ebb5415c1b54071499b45a909f698aaec953682c36e97747e6aee00bc7e619d3
,,,冗余三元组,9.0,3.0,是,extraction,0ec99e7cb6f44635fcabc5bf332037bea07b228f7b51753076ef1e8382984bc4
,,,冗余三元组,10.0,32.0,是,extraction,4da064cb343643cc890842dceaf67b09d17018b8caccfb9a66252b99aba7b2c2
,,,冗余三元组,12.0,32.0,是,extraction,9c4f6d970f0759ccf44ba88668fb20479c3f74345a7048810ee820b1947a78e1
,,,冗余三元组,13.0,35.0,是,extraction,bdb6ae948fcb734a09a70e6199e73c6b4e1ee8988d36d946e8376162542ec754
,,,冗余三元组,1.0,40.0,涉及内容,extraction,de20e85db7086358cf9286abdebf47adc291c16b26f2f272b53ee25a61196b6a
,,,冗余三元组,9.0,3.0,类型,extraction,7b4fd279b61586115fa2987e2d0371238853c4f6f63e89d0b451e4237f492a37
,,,冗余三元组,10.0,26.0,是,extraction,89fbb5ae30c6220e41f165591e4df027877c140a72033fe0680e44206164aa17
,,,冗余三元组,12.0,26.0,是,extraction,a3817cab3fccbfd1b94576c85b68cfb0ff0511791fe7ada5dd7c10500502e531
,,,冗余三元组,13.0,35.0,依据,extraction,3ac4350e034d8b7ecd0693f5bf55f942a288d183693ea11c4bd20840b0e18d24
,,,冗余三元组,1.0,40.0,包含,extraction,1210a34215a9f1d268a7fdec9665e7afedf2c960bf0be97d698e7bf44f4ad33c
,,,冗余三元组,9.0,3.0,是,extraction,0ec99e7cb6f44635fcabc5bf332037bea07b228f7b51753076ef1e8382984bc4
,,,冗余三元组,10.0,26.0,是,extraction,89fbb5ae30c6220e41f165591e4df027877c140a72033fe0680e44206164aa17
,,,冗余三元组,12.0,26.0,是,extraction,a3817cab3fccbfd1b94576c85b68cfb0ff0511791fe7ada5dd7c10500502e531
,,,冗余三元组,13.0,37.0,是,extraction,11ad231736d8e934254b836f208f0b302e4d9e38c23214e2036235899cb04fe6
,,,冗余三元组,1.0,21.0,涉及事项,extraction,0a433d3a8a6d42707a6860cb7ccfba1dc2a30b36a2fa0923ae9369f78d45f2bd
,,,冗余三元组,3.0,1.0,权力类型,extraction,63bb5d4e71e6267d4835ef9479c9ff86b0b3ef916f5e6075b1750ed13e17cad3
,,,冗余三元组,25.0,1.0,行驶主体,extraction,f8d14ca82df048e60e8e15e838aee0937165e7863b618cad5ab1fa07cbe6c922
,,,冗余三元组,25.0,1.0,承办机构,extraction,52233a544f4c28cfdd7e8c323198ffbcd53a5927d355c09f9eb314df01568645
,,,冗余三元组,1.0,23.0,依据,extraction,0c4e2a2eed4772431ff0a6f635bec43d213b808cd3ebb9e90f0dd418ba282cb2
,,,冗余三元组,1.0,8.0,涉及内容,extraction,d02de960772b95844ead284f303c0cc0a431bb9e9d2e2a9acb00d12d4b09753a
,,,冗余三元组,9.0,3.0,是,extraction,0ec99e7cb6f44635fcabc5bf332037bea07b228f7b51753076ef1e8382984bc4
,,,冗余三元组,10.0,44.0,为,extraction,69112bdc2b4df8b11750d6f8d72b164b25e2c2af650527da381d1fef1854d09e
,,,冗余三元组,12.0,44.0,为,extraction,789557af73d2a9d31fa03e49ed15b2040e4d5acce57b1e0e7392f07dd6641f18
,,,冗余三元组,13.0,37.0,来自,extraction,9be20541547878f5553f07386429b6cbeaf2db5b685571c8cecbbe71bcc82b2f
,,,冗余三元组,1.0,40.0,涉及内容,extraction,de20e85db7086358cf9286abdebf47adc291c16b26f2f272b53ee25a61196b6a
,,,冗余三元组,9.0,3.0,类型,extraction,7b4fd279b61586115fa2987e2d0371238853c4f6f63e89d0b451e4237f492a37
,,,冗余三元组,25.0,25.0,行驶主体,extraction,83874858d4423a634f7c51cf39d1773206c7b23644d2d953e3fc5f7bdb14fc85
,,,冗余三元组,25.0,25.0,承办机构,extraction,f1b8b9d91fe6b5060c35012b42b0d6bdaefb1fb660602bb1b3ca631a6b058fb8
,,,冗余三元组,13.0,43.0,依据,extraction,e76a606bdc7d7708d2e0c5411b61a6c907d9afccfc7b0a296a3b3b50e4410b46
,,,冗余三元组,1.0,24.0,基于,extraction,a5276488a9604d9649d8bacd34b068a0005e4d755aa469a2a15794604500ae4d
,,,冗余三元组,9.0,3.0,是,extraction,0ec99e7cb6f44635fcabc5bf332037bea07b228f7b51753076ef1e8382984bc4
,,,冗余三元组,10.0,44.0,是,extraction,53854b14f84a4f7bcec4288babeeb93d9202a8f1247a14098e9a02982cc95640
,,,冗余三元组,12.0,44.0,是,extraction,de41cd62c11f82837c5925e3426f42630d0bc935f1a9e33489b933acda4b7831
,,,冗余三元组,13.0,7.0,是,extraction,5173b273e53a3712e9a749ca6cf7b8e8d3b7641db772c202823ccb26f6087587
,,,冗余三元组,1.0,8.0,涉及内容,extraction,d02de960772b95844ead284f303c0cc0a431bb9e9d2e2a9acb00d12d4b09753a
,,,冗余三元组,9.0,3.0,类型,extraction,7b4fd279b61586115fa2987e2d0371238853c4f6f63e89d0b451e4237f492a37
,,,冗余三元组,10.0,22.0,为,extraction,1a97657648cf85daf9577b8f97db471a103398604acad7e49b5c9e5312315e6e
,,,冗余三元组,12.0,22.0,为,extraction,01d72a5fabeb49cad4036597626c1d026038537027330c5f333061113111547f
,,,冗余三元组,13.0,29.0,依据,extraction,339ea22aba17a985debf38c1930430e3b55f008318624e7efcaa4b7d8ae18a54
,,,冗余三元组,1.0,62.0,涉及事项,extraction,01d175c41a6f3c882019c9ac786bc0445bb66a2e14720ead8aaf50a8c158baba
,,,冗余三元组,3.0,1.0,权力类型,extraction,63bb5d4e71e6267d4835ef9479c9ff86b0b3ef916f5e6075b1750ed13e17cad3
,,,冗余三元组,32.0,3.0,行驶主体,extraction,25aa2c1e152670ddfb23d68a0ae7e021b4a2e63a8a68352208fab8aba8a37318
,,,冗余三元组,32.0,3.0,承办机构,extraction,7cfdba5de59642b67f9924e80b0324afb048e0e5fbe8a9a65ee9100edeae0749
,,,冗余三元组,3.0,23.0,实施依据,extraction,50ab6d4e4a28dab63d889535df0083377ec5ea69c2cb93319237f8bffe946b3c
,,,冗余三元组,1.0,2.0,涉及事项,extraction,45a6b5e9b7acaaf964d4ba55ee382735953a50be79b9c5a63cfd56f3bfaa98e9
,,,冗余三元组,3.0,1.0,权力类型,extraction,63bb5d4e71e6267d4835ef9479c9ff86b0b3ef916f5e6075b1750ed13e17cad3
,,,冗余三元组,38.0,1.0,行驶主体,extraction,d0e87a0daf3bc1ed7bad39f66dc6d8ee74064b05fe94192417c8b6e3e4cd53a9
,,,冗余三元组,38.0,1.0,承办机构,extraction,b14641014ea8d3db9ba04ac2bb249443dd5f26425e740d86371e870ef2d4a84a
,,,冗余三元组,1.0,56.0,依据,extraction,0b8eed9df092a87521a36028dec03a389608968a1abd66630aeacb2b566d40d1
,,,冗余三元组,1.0,30.0,涉及,extraction,f791f6ad50cca9a9432e1d95b6ef54bd1b64b5eb692d18dc2f430e81dd5537c2
,,,冗余三元组,9.0,3.0,是,extraction,0ec99e7cb6f44635fcabc5bf332037bea07b228f7b51753076ef1e8382984bc4
,,,冗余三元组,10.0,26.0,是,extraction,89fbb5ae30c6220e41f165591e4df027877c140a72033fe0680e44206164aa17
,,,冗余三元组,12.0,26.0,是,extraction,a3817cab3fccbfd1b94576c85b68cfb0ff0511791fe7ada5dd7c10500502e531
,,,冗余三元组,13.0,33.0,是,extraction,fc4553073462fe666aaa676d985116bc290a0c71f03fb633205f00b4fcf4ff71
,,,冗余三元组,1.0,46.0,涉及问题,extraction,3e940b19ef498016fad79857e57d4ee162cee2e05833d1b57fba62f1d9613be3
,,,冗余三元组,3.0,1.0,类型,extraction,65a2d78a945df9ac573c112d3bad900f2eb4940d22d4f014a9262ffbc7a54c7e
,,,冗余三元组,25.0,3.0,行驶主体,extraction,c7f405beeae1829a03dbec6b28d32c4d828da48de999734d24825266b3076f59
,,,冗余三元组,25.0,3.0,承办机构,extraction,eef2c4724eefbb6cbc8a1e38dd903f5952b15b4fa168168b9caed346c6551029
,,,冗余三元组,35.0,3.0,实施依据,extraction,b624cc26441dfe817af4e1eb453814a9cb80441634853b422b6c75adb5478d0b
,,,冗余三元组,1.0,19.0,涉及,extraction,1dd85c1508cac1ea277a168b6cc3685a0772a7f8d479e4d1f2bab9ea3f69df79
,,,冗余三元组,9.0,3.0,是,extraction,0ec99e7cb6f44635fcabc5bf332037bea07b228f7b51753076ef1e8382984bc4
,,,冗余三元组,10.0,26.0,是,extraction,89fbb5ae30c6220e41f165591e4df027877c140a72033fe0680e44206164aa17
,,,冗余三元组,12.0,26.0,是,extraction,a3817cab3fccbfd1b94576c85b68cfb0ff0511791fe7ada5dd7c10500502e531
,,,冗余三元组,13.0,27.0,是,extraction,b6eab7714fb673bef9d283a76736709544e272990472859dc282d706a47931e5
,,,冗余三元组,1.0,48.0,涉及内容,extraction,c90c36bc34d7f04fedfc793b0376221c7073cfdcfd8648ced932e92d2e837f7a
,,,冗余三元组,3.0,1.0,权力类型,extraction,63bb5d4e71e6267d4835ef9479c9ff86b0b3ef916f5e6075b1750ed13e17cad3
,,,冗余三元组,41.0,1.0,行驶主体,extraction,3e203c1cd5240efde0e6a6d05bb4f8d4f3f80b46e735202ba3011d3e2801f0a1
,,,冗余三元组,41.0,1.0,承办机构,extraction,379f2c27a6c0b2eecca7d7b46b22ef51fefdad08ac0ee7abd453d5173a893b67
,,,冗余三元组,23.0,3.0,实施依据,extraction,365a514488858a29239444ea6807697216abe5039811b8ff6d729d3df6958386
,,,冗余三元组,1.0,21.0,包含,extraction,635d1027165abbabe82fa63c66c6183ad9893b0e011f20d0b6ad30d71c05ec2a
,,,冗余三元组,9.0,3.0,是,extraction,0ec99e7cb6f44635fcabc5bf332037bea07b228f7b51753076ef1e8382984bc4
,,,冗余三元组,10.0,25.0,为,extraction,14eb8cd0d77ed5391b9d37dc27fe68abd7670df3ba47dcd28eb6861f63d38e07
,,,冗余三元组,12.0,25.0,为,extraction,95495f064660a3f109251dafe2c267d79bb3d759704576cd0f4930aedae02db4
,,,冗余三元组,13.0,33.0,是,extraction,fc4553073462fe666aaa676d985116bc290a0c71f03fb633205f00b4fcf4ff71
,,,冗余三元组,1.0,47.0,服务事项,extraction,b33592c1f30e39df0401c77d218134fb8abddfd7e8dbdedb52818471c5201bf4
,,,冗余三元组,3.0,1.0,权力类型,extraction,63bb5d4e71e6267d4835ef9479c9ff86b0b3ef916f5e6075b1750ed13e17cad3
,,,冗余三元组,4.0,1.0,行驶主体,extraction,76853b7863ac80a3aad594a1104aa5b967a97525e8a2a9def28eeeebf43e4bab
,,,冗余三元组,4.0,1.0,承办机构,extraction,f7483722370a3db6cc6e9698d7f621113a7fe751bca6b181a1961b22639e7ed3
,,,冗余三元组,49.0,1.0,实施依据,extraction,ff26d12b358cafe4c2fb87a18323c05e83a57fff577f25152d237a0d2a1a6669
,,,冗余三元组,1.0,15.0,包含行为,extraction,50889e3cad3a2af3fe5c788cdd352c4e79a5e965367902c33f7b1eab2a878616
,,,冗余三元组,9.0,3.0,是,extraction,0ec99e7cb6f44635fcabc5bf332037bea07b228f7b51753076ef1e8382984bc4
,,,冗余三元组,10.0,11.0,是,extraction,44a8fa7ea54ec2e41111a4f5dc6a9811dee8aa3aa19fb306f9177dfc86a9aea9
,,,冗余三元组,12.0,11.0,是,extraction,54710bbec3ca077fe79c80e1e95ea28a843633289f5bc6efe6abea14f6118623
,,,冗余三元组,13.0,33.0,是,extraction,fc4553073462fe666aaa676d985116bc290a0c71f03fb633205f00b4fcf4ff71
,,,冗余三元组,1.0,62.0,基于,extraction,107e1bb0950b774ff9f05ec19639e02422cf10def6be35db13c2495e5a4effe2
,,,冗余三元组,9.0,3.0,是,extraction,0ec99e7cb6f44635fcabc5bf332037bea07b228f7b51753076ef1e8382984bc4
,,,冗余三元组,10.0,38.0,是,extraction,b756eb5995473eefcaf0d5b4fb891f9eb9190e7e7f446761eaff99790520dd98
,,,冗余三元组,12.0,38.0,是,extraction,76d05d01998cae971c559874b8df42b2445eeafc6d81c360c7aecdbaf38c3f00
,,,冗余三元组,13.0,14.0,是,extraction,bfbeedc7e6daf4f851060b875d14b5b7c1dab5b695356d4176fd018de0894ae2
,,,冗余三元组,1.0,18.0,涉及事项,extraction,d1f95153d29e3bd086a2d6d173f9b426666e22d88ed57ce36c68eaf51b38b7e3
,,,冗余三元组,3.0,1.0,权力类型,extraction,63bb5d4e71e6267d4835ef9479c9ff86b0b3ef916f5e6075b1750ed13e17cad3
,,,冗余三元组,41.0,1.0,行驶主体,extraction,3e203c1cd5240efde0e6a6d05bb4f8d4f3f80b46e735202ba3011d3e2801f0a1
,,,冗余三元组,41.0,1.0,承办机构,extraction,379f2c27a6c0b2eecca7d7b46b22ef51fefdad08ac0ee7abd453d5173a893b67
,,,冗余三元组,1.0,23.0,依据,extraction,0c4e2a2eed4772431ff0a6f635bec43d213b808cd3ebb9e90f0dd418ba282cb2
,,,冗余三元组,1.0,21.0,服务事项,extraction,8d308abc697d8ec4d01a30f717e75bc54bbee9cf1d8f36eef0f95eb86d0c523d
,,,冗余三元组,3.0,1.0,权力类型,extraction,63bb5d4e71e6267d4835ef9479c9ff86b0b3ef916f5e6075b1750ed13e17cad3
,,,冗余三元组,32.0,1.0,行驶主体,extraction,f3ae7eebff4e3460421e23abeef0b3052dd9a3dcfbd1f44a03d027eeb1801b4f
,,,冗余三元组,32.0,1.0,承办机构,extraction,931cafd24efaf97775db66b22a04ccc10ef5b34c9f1550f1c6e447e2887940db
,,,冗余三元组,20.0,1.0,实施依据,extraction,fa879230d50cba26fe3e25fda133ad3500d518880a888364d68f6f0c8fcf6adf
,,,冗余三元组,1.0,6.0,涉及事项,extraction,63ed056176a358e5141eeb94299bb1cc5c1ba655d4c97bdb0e998157b41cd7a5
,,,冗余三元组,3.0,1.0,权力类型,extraction,63bb5d4e71e6267d4835ef9479c9ff86b0b3ef916f5e6075b1750ed13e17cad3
,,,冗余三元组,11.0,3.0,行驶主体,extraction,252ebc8fde2836f7eae5a791df687860076241cf808bc99e0fd167f0ea262cd9
,,,冗余三元组,11.0,3.0,承办机构,extraction,e3339b884b62824a3b8679c646ddcca5b0bd6ecf6ec75f8d8629aa2e9b31a33c
,,,冗余三元组,27.0,3.0,实施依据,extraction,13ecae60e92e941ef4d9485768d111c391b72853ef20b0f5a42b8bcdde18e40b
,,,冗余三元组,1.0,58.0,涉及违规行为,extraction,ad709b40bc3717f9a547f63781a4aa8a97f03587e7e4049ed6fbfa654134740c
,,,冗余三元组,9.0,3.0,是,extraction,0ec99e7cb6f44635fcabc5bf332037bea07b228f7b51753076ef1e8382984bc4
,,,冗余三元组,10.0,11.0,是,extraction,44a8fa7ea54ec2e41111a4f5dc6a9811dee8aa3aa19fb306f9177dfc86a9aea9
,,,冗余三元组,12.0,11.0,是,extraction,54710bbec3ca077fe79c80e1e95ea28a843633289f5bc6efe6abea14f6118623
,,,冗余三元组,13.0,37.0,是,extraction,11ad231736d8e934254b836f208f0b302e4d9e38c23214e2036235899cb04fe6
,,,冗余三元组,1.0,47.0,涉及事项,extraction,410fd6754fd95d077ef04ff964ec4dd009afe4ed77694bf6c52b18682d5b8662
,,,冗余三元组,32.0,1.0,行驶主体,extraction,f3ae7eebff4e3460421e23abeef0b3052dd9a3dcfbd1f44a03d027eeb1801b4f
,,,冗余三元组,32.0,1.0,承办机构,extraction,931cafd24efaf97775db66b22a04ccc10ef5b34c9f1550f1c6e447e2887940db
,,,冗余三元组,1.0,14.0,依据,extraction,ef634f9e84afb4ebf494e22553b15ac7b1fbc49e61d65588899d98c77fee67fd
,,,冗余三元组,1.0,36.0,涉及,extraction,74acc40ab669e870e70aea4357aee0f96da0e727b95126c4d5fc55df050ed2db
,,,冗余三元组,3.0,1.0,类型,extraction,65a2d78a945df9ac573c112d3bad900f2eb4940d22d4f014a9262ffbc7a54c7e
,,,冗余三元组,44.0,3.0,行驶主体,extraction,5a54a852e46cf955056cfb470e35ee0ab596f12cadf4d4250f92e1854d40d0fb
,,,冗余三元组,44.0,3.0,承办机构,extraction,26be69caa0923ff59e399351f5a7dbfb94533ccfbecefd9b8cd69f55e191c14d
,,,冗余三元组,3.0,43.0,实施依据,extraction,8c7abadfdc319d7274052099c86c42f15733fa00826782a23647ef3537704765
,,,冗余三元组,1.0,24.0,基于,extraction,a5276488a9604d9649d8bacd34b068a0005e4d755aa469a2a15794604500ae4d
,,,冗余三元组,9.0,3.0,是,extraction,0ec99e7cb6f44635fcabc5bf332037bea07b228f7b51753076ef1e8382984bc4
,,,冗余三元组,10.0,41.0,是,extraction,6f83ced92a9691e5e14cc19bb1bc5463d86dfecb7bda23ec44eab17a27bf9ae5
,,,冗余三元组,12.0,41.0,是,extraction,a4b1a3ff2483dfe0fabc0a44c0aa6f73e99b87cf7ec502667cce0dc30a67f7b2
,,,冗余三元组,13.0,14.0,是,extraction,bfbeedc7e6daf4f851060b875d14b5b7c1dab5b695356d4176fd018de0894ae2
,,,冗余三元组,39.0,1.0,是,extraction,38e1d37380a7519608b7025690633256c2d7865eeeda60653fee8757d9e4afaf
,,,冗余三元组,1.0,19.0,涉及行为,extraction,7f240590f2a7da25c488c633d39a09a722fedca13693b57fc75c819db158f3af
,,,冗余三元组,9.0,3.0,是,extraction,0ec99e7cb6f44635fcabc5bf332037bea07b228f7b51753076ef1e8382984bc4
,,,冗余三元组,10.0,38.0,是,extraction,b756eb5995473eefcaf0d5b4fb891f9eb9190e7e7f446761eaff99790520dd98
,,,冗余三元组,12.0,38.0,是,extraction,76d05d01998cae971c559874b8df42b2445eeafc6d81c360c7aecdbaf38c3f00
,,,冗余三元组,13.0,29.0,是,extraction,ffa30b4f3216d3a8f56030cb4d33517361b4979ec19a58b4d3a546e9f0b38bdc
,,,冗余三元组,9.0,3.0,是,extraction,0ec99e7cb6f44635fcabc5bf332037bea07b228f7b51753076ef1e8382984bc4
,,,冗余三元组,10.0,11.0,是,extraction,44a8fa7ea54ec2e41111a4f5dc6a9811dee8aa3aa19fb306f9177dfc86a9aea9
,,,冗余三元组,12.0,11.0,是,extraction,54710bbec3ca077fe79c80e1e95ea28a843633289f5bc6efe6abea14f6118623
,,,冗余三元组,13.0,14.0,是,extraction,bfbeedc7e6daf4f851060b875d14b5b7c1dab5b695356d4176fd018de0894ae2
,,,冗余三元组,1.0,15.0,涉及行为,extraction,98cf0eed73c0791ac4a9cf5a2723378fe95b447e4ca27bcce257879ccc630ea0
,,,冗余三元组,3.0,44.0,由,extraction,080f99a748c7eb4782333f3721b4fa96e331a8c8466092f36c40de49b7d21732
,,,冗余三元组,44.0,10.0,是,extraction,e97b79b5b51a26f8e69423d992b4d4ac3c9df26ba1701ad7c77eeb760090b85f
,,,冗余三元组,44.0,12.0,也是,extraction,8f258b758c517139707a3fb7b0832140ba81c2be3985017f022d50aa8ffc6c3d
,,,冗余三元组,1.0,47.0,涉及事项,extraction,410fd6754fd95d077ef04ff964ec4dd009afe4ed77694bf6c52b18682d5b8662
,,,冗余三元组,3.0,1.0,权力类型,extraction,63bb5d4e71e6267d4835ef9479c9ff86b0b3ef916f5e6075b1750ed13e17cad3
,,,冗余三元组,38.0,3.0,行驶主体,extraction,09efeab994a6d0a0d2474408b9050a4299990ea94ef2b0fd3b3f3c42b80c1d00
,,,冗余三元组,38.0,3.0,承办机构,extraction,3ffeb2c635f8eac91bfd409e9ffa26f73bbf4f4bb174d1a1c0cfa1334e723247
,,,冗余三元组,5.0,3.0,实施依据,extraction,4d26a315d3cf5e095a5f33a521cc5fcfd77a3a44ba52ed82e02dee2171f81d54
,,,冗余三元组,1.0,30.0,涉及,extraction,f791f6ad50cca9a9432e1d95b6ef54bd1b64b5eb692d18dc2f430e81dd5537c2
,,,冗余三元组,9.0,3.0,是,extraction,0ec99e7cb6f44635fcabc5bf332037bea07b228f7b51753076ef1e8382984bc4
,,,冗余三元组,10.0,16.0,是,extraction,746a2100773446996a077ea20c54ba9035e03b7b31f93fb59a8ae3cd5a9d17da
,,,冗余三元组,12.0,16.0,是,extraction,02eb93de428eaa79f373e8be62591cfeadb588d7f8583ea3de7abacb8d43bb50
,,,冗余三元组,13.0,29.0,是,extraction,ffa30b4f3216d3a8f56030cb4d33517361b4979ec19a58b4d3a546e9f0b38bdc
,,,冗余三元组,1.0,53.0,涉及内容,extraction,93a41a3bfad2a55543054230e6b5ba30a1c2c78b18e08fd4c03297cf76a22214
,,,冗余三元组,3.0,1.0,权力类型,extraction,63bb5d4e71e6267d4835ef9479c9ff86b0b3ef916f5e6075b1750ed13e17cad3
,,,冗余三元组,32.0,1.0,行驶主体,extraction,f3ae7eebff4e3460421e23abeef0b3052dd9a3dcfbd1f44a03d027eeb1801b4f
,,,冗余三元组,32.0,1.0,承办机构,extraction,931cafd24efaf97775db66b22a04ccc10ef5b34c9f1550f1c6e447e2887940db
,,,冗余三元组,33.0,1.0,实施依据,extraction,bd4d251de9aa9eb9c09f30ba2cb708ae2c507f14020ac308d2f0fc7019e488a7
,,,冗余三元组,1.0,40.0,基于,extraction,a85624624539924188006fe19700cbca1e2a48322c712646b9353d0df3e1eb24
,,,冗余三元组,9.0,3.0,是,extraction,0ec99e7cb6f44635fcabc5bf332037bea07b228f7b51753076ef1e8382984bc4
,,,冗余三元组,10.0,11.0,是,extraction,44a8fa7ea54ec2e41111a4f5dc6a9811dee8aa3aa19fb306f9177dfc86a9aea9
,,,冗余三元组,12.0,11.0,是,extraction,54710bbec3ca077fe79c80e1e95ea28a843633289f5bc6efe6abea14f6118623
,,,冗余三元组,13.0,37.0,是,extraction,11ad231736d8e934254b836f208f0b302e4d9e38c23214e2036235899cb04fe6
,,,冗余三元组,1.0,34.0,包含,extraction,55e4afabf77afe2a5eab9a2e4e01194c0b9b6c241104b977092e714b9c92562f
,,,冗余三元组,9.0,3.0,是,extraction,0ec99e7cb6f44635fcabc5bf332037bea07b228f7b51753076ef1e8382984bc4
,,,冗余三元组,10.0,25.0,是,extraction,ad542489db79b38432a47864e6f61070ea6042115797987a3bcdb2baca19bebf
,,,冗余三元组,12.0,25.0,是,extraction,dc4ae0749038f60cf9a543d11bdbb3655270d3f1168c53408b231865a3b78a64
,,,冗余三元组,13.0,29.0,是,extraction,ffa30b4f3216d3a8f56030cb4d33517361b4979ec19a58b4d3a546e9f0b38bdc
,,,冗余三元组,1.0,48.0,涉及内容,extraction,c90c36bc34d7f04fedfc793b0376221c7073cfdcfd8648ced932e92d2e837f7a
,,,冗余三元组,3.0,1.0,权力类型,extraction,63bb5d4e71e6267d4835ef9479c9ff86b0b3ef916f5e6075b1750ed13e17cad3
,,,冗余三元组,11.0,1.0,行驶主体,extraction,50e598b1826c6a6e16cbb761d7126c8286dd306ea8aefdffee154cbb615a866b
,,,冗余三元组,11.0,1.0,承办机构,extraction,ecacee85e506b895bb6ef636499570c58825c04c2655e0f358383dd8770dbffa
,,,冗余三元组,1.0,62.0,基于,extraction,107e1bb0950b774ff9f05ec19639e02422cf10def6be35db13c2495e5a4effe2
,,,冗余三元组,9.0,3.0,是,extraction,0ec99e7cb6f44635fcabc5bf332037bea07b228f7b51753076ef1e8382984bc4
,,,冗余三元组,10.0,25.0,是,extraction,ad542489db79b38432a47864e6f61070ea6042115797987a3bcdb2baca19bebf
,,,冗余三元组,12.0,25.0,是,extraction,dc4ae0749038f60cf9a543d11bdbb3655270d3f1168c53408b231865a3b78a64
,,,冗余三元组,13.0,14.0,是,extraction,bfbeedc7e6daf4f851060b875d14b5b7c1dab5b695356d4176fd018de0894ae2
,,,冗余三元组,1.0,8.0,涉及内容,extraction,d02de960772b95844ead284f303c0cc0a431bb9e9d2e2a9acb00d12d4b09753a
,,,冗余三元组,9.0,3.0,类型,extraction,7b4fd279b61586115fa2987e2d0371238853c4f6f63e89d0b451e4237f492a37
,,,冗余三元组,32.0,1.0,行驶主体,extraction,f3ae7eebff4e3460421e23abeef0b3052dd9a3dcfbd1f44a03d027eeb1801b4f
,,,冗余三元组,32.0,1.0,承办机构,extraction,931cafd24efaf97775db66b22a04ccc10ef5b34c9f1550f1c6e447e2887940db
,,,冗余三元组,1.0,33.0,依据,extraction,beb4a53aeccd91f8439219990e9369a7c0fbc8b629e10951b4b57ace5628c03a
,,,冗余三元组,1.0,34.0,包含,extraction,55e4afabf77afe2a5eab9a2e4e01194c0b9b6c241104b977092e714b9c92562f
,,,冗余三元组,9.0,3.0,是,extraction,0ec99e7cb6f44635fcabc5bf332037bea07b228f7b51753076ef1e8382984bc4
,,,冗余三元组,10.0,26.0,是,extraction,89fbb5ae30c6220e41f165591e4df027877c140a72033fe0680e44206164aa17
,,,冗余三元组,12.0,26.0,是,extraction,a3817cab3fccbfd1b94576c85b68cfb0ff0511791fe7ada5dd7c10500502e531
,,,冗余三元组,13.0,50.0,是,extraction,c041f04873201647e0b342a86dacb602d31a2f7036dbbbcb8019ba08c7818ff2
,,,冗余三元组,1.0,52.0,涉及问题,extraction,90af34399ad797a62bec9b3819dad9d64b8031065ff158d8a5f1015257e3e4dd
,,,冗余三元组,3.0,1.0,权力类型,extraction,63bb5d4e71e6267d4835ef9479c9ff86b0b3ef916f5e6075b1750ed13e17cad3
,,,冗余三元组,41.0,1.0,行驶主体,extraction,3e203c1cd5240efde0e6a6d05bb4f8d4f3f80b46e735202ba3011d3e2801f0a1
,,,冗余三元组,41.0,1.0,承办机构,extraction,379f2c27a6c0b2eecca7d7b46b22ef51fefdad08ac0ee7abd453d5173a893b67
,,,冗余三元组,1.0,56.0,依据,extraction,0b8eed9df092a87521a36028dec03a389608968a1abd66630aeacb2b566d40d1
,,,冗余三元组,1.0,24.0,基于,extraction,a5276488a9604d9649d8bacd34b068a0005e4d755aa469a2a15794604500ae4d
,,,冗余三元组,41.0,10.0,是,extraction,13174a20288cb82a8ad6ce9f7332df7553cd0404ac13c0bbc120c032408c5fe3
,,,冗余三元组,25.0,10.0,是,extraction,8afcd2cb74a7dd48c44b9e0e65572734230d6f43b3c8d94593ea785cea801fdb
,,,冗余三元组,25.0,12.0,是,extraction,4157fc3647bda6525151aeb812b9d8cfdebf7880d4e160940d6bd7b5eec03ddc
,,,冗余三元组,33.0,13.0,是,extraction,7c3d94538199dd220908c574a5adfa3d3a4a6e7ad7ca59b3e7f3e509820d0644
,,,冗余三元组,1.0,21.0,服务事项,extraction,8d308abc697d8ec4d01a30f717e75bc54bbee9cf1d8f36eef0f95eb86d0c523d
,,,冗余三元组,3.0,1.0,权力类型,extraction,63bb5d4e71e6267d4835ef9479c9ff86b0b3ef916f5e6075b1750ed13e17cad3
,,,冗余三元组,44.0,1.0,行驶主体,extraction,5aa5bd754001b528942d9ff1cf92c0dac3eea5408ae1a3ad1be7b48dd6ad7bc6
,,,冗余三元组,44.0,1.0,承办机构,extraction,fe869ebaf0ddd080462b050806e1c882e39322a3f98c8d4b29b1d043af63148d
,,,冗余三元组,33.0,1.0,实施依据,extraction,bd4d251de9aa9eb9c09f30ba2cb708ae2c507f14020ac308d2f0fc7019e488a7
,,,冗余三元组,1.0,40.0,涉及事项,extraction,33b3da1c07fc0d9a37a5ec30339693f1d5d7c61d2059fdbb603e2dd82e665878
,,,冗余三元组,3.0,1.0,权力类型,extraction,63bb5d4e71e6267d4835ef9479c9ff86b0b3ef916f5e6075b1750ed13e17cad3
,,,冗余三元组,16.0,1.0,行驶主体,extraction,2388221cee7d1ae0ed5be74dbb33fa91b57a06cfae883cc5c2262bfb048b5c48
,,,冗余三元组,16.0,1.0,承办机构,extraction,7da0b9c5ea5b9311256b7bcb955ba7fe507e79fd9fe407e277e1c4de0e1d453e
,,,冗余三元组,43.0,1.0,实施依据,extraction,b635b5aa9618bbdf4825436782a057c0cb5ba203e0ccd72612b9a1118d5a7026
,,,冗余三元组,1.0,19.0,涉及内容,extraction,e667158a34c5290413d6959d0281c37377fbc946202a479c446b6afeb89e2126
,,,冗余三元组,3.0,1.0,权力类型,extraction,63bb5d4e71e6267d4835ef9479c9ff86b0b3ef916f5e6075b1750ed13e17cad3
,,,冗余三元组,38.0,1.0,行驶主体,extraction,d0e87a0daf3bc1ed7bad39f66dc6d8ee74064b05fe94192417c8b6e3e4cd53a9
,,,冗余三元组,38.0,1.0,承办机构,extraction,b14641014ea8d3db9ba04ac2bb249443dd5f26425e740d86371e870ef2d4a84a
,,,冗余三元组,35.0,1.0,实施依据,extraction,c2160bc37901fdb446bacf457f42f5af556fdcd5b45c0e99b283102cca9bc468
,,,冗余三元组,1.0,36.0,涉及,extraction,74acc40ab669e870e70aea4357aee0f96da0e727b95126c4d5fc55df050ed2db
,,,冗余三元组,3.0,9.0,属于,extraction,e243beb6cddf62185b7e7ffcf414a9105a2c5a93a0690b193f72c7a37fa3b5ca
,,,冗余三元组,7.0,13.0,是,extraction,8492960f1bc3d93d88011d3dd04d0e5ea635c6431041eee20154964cb6e6123b
,,,冗余三元组,1.0,45.0,涉及事项,extraction,dd7fe96509b2c5c33db03e133555278b4cecbf544b6fac7dea1158a8470efe3a
,,,冗余三元组,3.0,1.0,权力类型,extraction,63bb5d4e71e6267d4835ef9479c9ff86b0b3ef916f5e6075b1750ed13e17cad3
,,,冗余三元组,4.0,3.0,行驶主体,extraction,65bd830d3a69c947ab33e8bccf4d7c9239947243f009a12164fa2b3d4defa4e5
,,,冗余三元组,4.0,3.0,承办机构,extraction,552f0352c4383de1ccdd6574c3a3cf1febf987d93f20f8b4d8f312f665277ccd
,,,冗余三元组,49.0,3.0,实施依据,extraction,2eb1dcc4ce01375fecbdbca4cf13458825c23886e919a0bc154ca2373ee95e13
,,,冗余三元组,1.0,19.0,涉及行为,extraction,7f240590f2a7da25c488c633d39a09a722fedca13693b57fc75c819db158f3af
,,,冗余三元组,3.0,1.0,权力类型,extraction,63bb5d4e71e6267d4835ef9479c9ff86b0b3ef916f5e6075b1750ed13e17cad3
,,,冗余三元组,32.0,1.0,行驶主体,extraction,f3ae7eebff4e3460421e23abeef0b3052dd9a3dcfbd1f44a03d027eeb1801b4f
,,,冗余三元组,32.0,1.0,承办机构,extraction,931cafd24efaf97775db66b22a04ccc10ef5b34c9f1550f1c6e447e2887940db
,,,冗余三元组,1.0,23.0,实施依据,extraction,9bcf05d413c05f85aaa7ecb9953108ae181483006eeb0087a84eb1177253df7d
,,,冗余三元组,1.0,62.0,基于,extraction,107e1bb0950b774ff9f05ec19639e02422cf10def6be35db13c2495e5a4effe2
,,,冗余三元组,9.0,3.0,是,extraction,0ec99e7cb6f44635fcabc5bf332037bea07b228f7b51753076ef1e8382984bc4
,,,冗余三元组,10.0,4.0,是,extraction,4253afef8f3fd90e1effb4068d33d5af9bf9795c98a41a591346af581d8c5b13
,,,冗余三元组,12.0,4.0,是,extraction,157789d187fc7ed7a6f770e4112d938e1669ffabeec33b64ab160620d61c286f
,,,冗余三元组,13.0,14.0,是,extraction,bfbeedc7e6daf4f851060b875d14b5b7c1dab5b695356d4176fd018de0894ae2
,,,冗余三元组,1.0,54.0,涉及领域,extraction,bf464bcbcd83e979756fbd8eee9d0f695e979e7851f7354e079d63510152047a
,,,冗余三元组,3.0,1.0,权力类型,extraction,63bb5d4e71e6267d4835ef9479c9ff86b0b3ef916f5e6075b1750ed13e17cad3
,,,冗余三元组,44.0,1.0,行驶主体,extraction,5aa5bd754001b528942d9ff1cf92c0dac3eea5408ae1a3ad1be7b48dd6ad7bc6
,,,冗余三元组,44.0,1.0,承办机构,extraction,fe869ebaf0ddd080462b050806e1c882e39322a3f98c8d4b29b1d043af63148d
,,,冗余三元组,1.0,23.0,依据,extraction,0c4e2a2eed4772431ff0a6f635bec43d213b808cd3ebb9e90f0dd418ba282cb2
,,,冗余三元组,1.0,30.0,涉及事项,extraction,ccef3650e7b61845685cf2707f354cdaa4f4352c9593b656611bcaa42bcaaf3a
,,,冗余三元组,32.0,1.0,行驶主体,extraction,f3ae7eebff4e3460421e23abeef0b3052dd9a3dcfbd1f44a03d027eeb1801b4f
,,,冗余三元组,32.0,1.0,承办机构,extraction,931cafd24efaf97775db66b22a04ccc10ef5b34c9f1550f1c6e447e2887940db
,,,冗余三元组,1.0,23.0,依据,extraction,0c4e2a2eed4772431ff0a6f635bec43d213b808cd3ebb9e90f0dd418ba282cb2
,,,冗余三元组,39.0,1.0,是,extraction,38e1d37380a7519608b7025690633256c2d7865eeeda60653fee8757d9e4afaf
,,,冗余三元组,9.0,3.0,是,extraction,0ec99e7cb6f44635fcabc5bf332037bea07b228f7b51753076ef1e8382984bc4
,,,冗余三元组,10.0,38.0,是,extraction,b756eb5995473eefcaf0d5b4fb891f9eb9190e7e7f446761eaff99790520dd98
,,,冗余三元组,12.0,38.0,是,extraction,76d05d01998cae971c559874b8df42b2445eeafc6d81c360c7aecdbaf38c3f00
,,,冗余三元组,13.0,33.0,是,extraction,fc4553073462fe666aaa676d985116bc290a0c71f03fb633205f00b4fcf4ff71
,,,冗余三元组,1.0,21.0,包含,extraction,635d1027165abbabe82fa63c66c6183ad9893b0e011f20d0b6ad30d71c05ec2a
,,,冗余三元组,9.0,3.0,是,extraction,0ec99e7cb6f44635fcabc5bf332037bea07b228f7b51753076ef1e8382984bc4
,,,冗余三元组,10.0,25.0,是,extraction,ad542489db79b38432a47864e6f61070ea6042115797987a3bcdb2baca19bebf
,,,冗余三元组,12.0,25.0,是,extraction,dc4ae0749038f60cf9a543d11bdbb3655270d3f1168c53408b231865a3b78a64
,,,冗余三元组,13.0,43.0,是,extraction,ade982e693329bd738b2be4fef11a25c3536423672e3d1c585cae98131a035d0
,,,冗余三元组,1.0,52.0,涉及问题,extraction,90af34399ad797a62bec9b3819dad9d64b8031065ff158d8a5f1015257e3e4dd
,,,冗余三元组,9.0,3.0,类型,extraction,7b4fd279b61586115fa2987e2d0371238853c4f6f63e89d0b451e4237f492a37
,,,冗余三元组,10.0,11.0,是,extraction,44a8fa7ea54ec2e41111a4f5dc6a9811dee8aa3aa19fb306f9177dfc86a9aea9
,,,冗余三元组,12.0,11.0,是,extraction,54710bbec3ca077fe79c80e1e95ea28a843633289f5bc6efe6abea14f6118623
,,,冗余三元组,13.0,37.0,来自,extraction,9be20541547878f5553f07386429b6cbeaf2db5b685571c8cecbbe71bcc82b2f
,,,冗余三元组,1.0,21.0,包含,extraction,635d1027165abbabe82fa63c66c6183ad9893b0e011f20d0b6ad30d71c05ec2a
,,,冗余三元组,9.0,3.0,是,extraction,0ec99e7cb6f44635fcabc5bf332037bea07b228f7b51753076ef1e8382984bc4
,,,冗余三元组,13.0,35.0,是,extraction,bdb6ae948fcb734a09a70e6199e73c6b4e1ee8988d36d946e8376162542ec754
,,,冗余三元组,1.0,48.0,涉及内容,extraction,c90c36bc34d7f04fedfc793b0376221c7073cfdcfd8648ced932e92d2e837f7a
,,,冗余三元组,3.0,1.0,权力类型,extraction,63bb5d4e71e6267d4835ef9479c9ff86b0b3ef916f5e6075b1750ed13e17cad3
,,,冗余三元组,26.0,3.0,行驶主体,extraction,53a6aecb0cb919674eb601d3ca9bfb3e1cd8021d0c2b4edaea1103f12ff5d1fa
,,,冗余三元组,26.0,3.0,承办机构,extraction,09f29ebed328eaaeac44ee7d9b0d8d8b248964f2da25bc454213eb1f6ed1c65b
,,,冗余三元组,1.0,2.0,包含,extraction,ece848f89d246452aaa10044790a3062f859636b97889ce3f2ba79cb9580a885
,,,冗余三元组,9.0,3.0,是,extraction,0ec99e7cb6f44635fcabc5bf332037bea07b228f7b51753076ef1e8382984bc4
,,,冗余三元组,10.0,22.0,是,extraction,5a0b03998ab865a9402789a91f83ce5e2c3e8b9dc624370864b73747e8ad330a
,,,冗余三元组,12.0,22.0,是,extraction,51b7578f6e3f4d6aa73a569f8dfc21fce38f169c0202a35f222c3aebbfe18ce9
,,,冗余三元组,13.0,14.0,是,extraction,bfbeedc7e6daf4f851060b875d14b5b7c1dab5b695356d4176fd018de0894ae2
,,,冗余三元组,1.0,60.0,涉及领域,extraction,25fe9bcaeb7e004a7f7cb1fcb4d291c2a96c608fd8ff4641bee8109287b07717
,,,冗余三元组,11.0,1.0,行驶主体,extraction,50e598b1826c6a6e16cbb761d7126c8286dd306ea8aefdffee154cbb615a866b
,,,冗余三元组,11.0,1.0,承办机构,extraction,ecacee85e506b895bb6ef636499570c58825c04c2655e0f358383dd8770dbffa
,,,冗余三元组,1.0,27.0,依据,extraction,d03daf3e94bfbb1b0d0e8924a3805396d721f1c62d58ac9127a2e0d131b5d430
,,,冗余三元组,1.0,55.0,涉及,extraction,d3dce47df0bc87d9fc69992a5dfb419dc64d4ec5f6b002937da586081885a914
,,,冗余三元组,16.0,10.0,是,extraction,0676f80814a944f0133efe570d87a4210481e5da6dd1982bbdd57d1a6f69161c
,,,冗余三元组,27.0,13.0,是,extraction,917066b6c21462a9422010b24a74af2f2d92b54f02479de50b7817b7fd39a8bd
,,,冗余三元组,1.0,45.0,涉及事项,extraction,dd7fe96509b2c5c33db03e133555278b4cecbf544b6fac7dea1158a8470efe3a
,,,冗余三元组,3.0,1.0,权力类型,extraction,63bb5d4e71e6267d4835ef9479c9ff86b0b3ef916f5e6075b1750ed13e17cad3
,,,冗余三元组,22.0,3.0,行驶主体,extraction,63b889c6caaf61c3eefad202bc0e1a4344122b009d898e41612d2ce9411c9a90
,,,冗余三元组,22.0,3.0,承办机构,extraction,450ea2044227017296ffd8295e12ead624bac9ad5fb24c8dce7525315368e0fd
,,,冗余三元组,43.0,3.0,实施依据,extraction,b2e045a3f94b96fa94529db86a8245fdcf22fab97a04061f220a7caec63e44e4
,,,冗余三元组,1.0,45.0,涉及,extraction,599085aa31abe5075252b02f829e93d81f2698ac36bc6369fc4fce031c3872ad
,,,冗余三元组,9.0,3.0,是,extraction,0ec99e7cb6f44635fcabc5bf332037bea07b228f7b51753076ef1e8382984bc4
,,,冗余三元组,10.0,32.0,是,extraction,4da064cb343643cc890842dceaf67b09d17018b8caccfb9a66252b99aba7b2c2
,,,冗余三元组,12.0,32.0,是,extraction,9c4f6d970f0759ccf44ba88668fb20479c3f74345a7048810ee820b1947a78e1
,,,冗余三元组,13.0,29.0,是,extraction,ffa30b4f3216d3a8f56030cb4d33517361b4979ec19a58b4d3a546e9f0b38bdc
,,,冗余三元组,1.0,55.0,涉及,extraction,d3dce47df0bc87d9fc69992a5dfb419dc64d4ec5f6b002937da586081885a914
,,,冗余三元组,9.0,3.0,是,extraction,0ec99e7cb6f44635fcabc5bf332037bea07b228f7b51753076ef1e8382984bc4
,,,冗余三元组,10.0,44.0,是,extraction,53854b14f84a4f7bcec4288babeeb93d9202a8f1247a14098e9a02982cc95640
,,,冗余三元组,12.0,44.0,是,extraction,de41cd62c11f82837c5925e3426f42630d0bc935f1a9e33489b933acda4b7831
,,,冗余三元组,13.0,20.0,是,extraction,f536065857d8cffb8690029d0de8e595064374e0e38deb823e625bf375f96c61
,,,冗余三元组,1.0,36.0,涉及事项,extraction,8f5ef8181607d60e4eccd5ec612a1b947845c41af6a5aa6f33629298f46d39a8
,,,冗余三元组,3.0,1.0,权力类型,extraction,63bb5d4e71e6267d4835ef9479c9ff86b0b3ef916f5e6075b1750ed13e17cad3
,,,冗余三元组,44.0,1.0,行驶主体,extraction,5aa5bd754001b528942d9ff1cf92c0dac3eea5408ae1a3ad1be7b48dd6ad7bc6
,,,冗余三元组,44.0,1.0,承办机构,extraction,fe869ebaf0ddd080462b050806e1c882e39322a3f98c8d4b29b1d043af63148d
,,,冗余三元组,35.0,1.0,实施依据,extraction,c2160bc37901fdb446bacf457f42f5af556fdcd5b45c0e99b283102cca9bc468
,,,冗余三元组,1.0,31.0,涉及问题,extraction,ea08369126f7fbe0d95ca41a348902bab3f4d8e388232d1c4ed32a98fca9af59
,,,冗余三元组,3.0,1.0,权力类型,extraction,63bb5d4e71e6267d4835ef9479c9ff86b0b3ef916f5e6075b1750ed13e17cad3
,,,冗余三元组,22.0,1.0,行驶主体,extraction,51b40b4c4f91240a5d323aaa57fa14fc575345cbc5dfbd5960fee3546a9d8c6c
,,,冗余三元组,22.0,1.0,承办机构,extraction,9c49a1220338386706f2952f161469c3bd5f784a5b99fbb95a8b8222c52b3a33
,,,冗余三元组,7.0,3.0,实施依据,extraction,f19e34325be413dc5e6bb80be003b66e02159d7f79ced0a5e8ba8a58d7125e15
,,,冗余三元组,1.0,19.0,涉及行为,extraction,7f240590f2a7da25c488c633d39a09a722fedca13693b57fc75c819db158f3af
,,,冗余三元组,3.0,1.0,权力类型,extraction,63bb5d4e71e6267d4835ef9479c9ff86b0b3ef916f5e6075b1750ed13e17cad3
,,,冗余三元组,41.0,1.0,行驶主体,extraction,3e203c1cd5240efde0e6a6d05bb4f8d4f3f80b46e735202ba3011d3e2801f0a1
,,,冗余三元组,41.0,1.0,承办机构,extraction,379f2c27a6c0b2eecca7d7b46b22ef51fefdad08ac0ee7abd453d5173a893b67
,,,冗余三元组,1.0,23.0,依据,extraction,0c4e2a2eed4772431ff0a6f635bec43d213b808cd3ebb9e90f0dd418ba282cb2
,,,冗余三元组,1.0,53.0,涉及事项,extraction,f0541f7d0c2d3d04c56da88a6bc6ad2f2baea1220b292ed6fa4bf4744fe4e698
,,,冗余三元组,16.0,16.0,承办机构,extraction,dd3beedaf67b0e9e05574852bf1b9e7df5fccb39eb43ab3bef7f7645d192767e
,,,冗余三元组,37.0,3.0,实施依据,extraction,980a426a4890aa6880028a39b27563b630569c34cd3744943c728122dcc81e34
,,,冗余三元组,1.0,21.0,涉及事项,extraction,0a433d3a8a6d42707a6860cb7ccfba1dc2a30b36a2fa0923ae9369f78d45f2bd
,,,冗余三元组,3.0,1.0,权力类型,extraction,63bb5d4e71e6267d4835ef9479c9ff86b0b3ef916f5e6075b1750ed13e17cad3
,,,冗余三元组,41.0,1.0,行驶主体,extraction,3e203c1cd5240efde0e6a6d05bb4f8d4f3f80b46e735202ba3011d3e2801f0a1
,,,冗余三元组,41.0,1.0,承办机构,extraction,379f2c27a6c0b2eecca7d7b46b22ef51fefdad08ac0ee7abd453d5173a893b67
,,,冗余三元组,35.0,1.0,实施依据,extraction,c2160bc37901fdb446bacf457f42f5af556fdcd5b45c0e99b283102cca9bc468
,,,冗余三元组,1.0,51.0,涉及行为,extraction,4d50e735db0c7c921debcd5d22ac59a9a9275f523e4dfe60a64102e7ab70d731
,,,冗余三元组,3.0,1.0,权力类型,extraction,63bb5d4e71e6267d4835ef9479c9ff86b0b3ef916f5e6075b1750ed13e17cad3
,,,冗余三元组,41.0,1.0,行驶主体,extraction,3e203c1cd5240efde0e6a6d05bb4f8d4f3f80b46e735202ba3011d3e2801f0a1
,,,冗余三元组,41.0,1.0,承办机构,extraction,379f2c27a6c0b2eecca7d7b46b22ef51fefdad08ac0ee7abd453d5173a893b67
,,,冗余三元组,1.0,29.0,实施依据,extraction,d0c854f24ab485fb8be69e5238d70c0621b587a2a4679d49b48a29b9856dfc86
,,,冗余三元组,1.0,6.0,涉及事项,extraction,63ed056176a358e5141eeb94299bb1cc5c1ba655d4c97bdb0e998157b41cd7a5
,,,冗余三元组,3.0,1.0,权力类型,extraction,63bb5d4e71e6267d4835ef9479c9ff86b0b3ef916f5e6075b1750ed13e17cad3
,,,冗余三元组,22.0,3.0,行驶主体,extraction,63b889c6caaf61c3eefad202bc0e1a4344122b009d898e41612d2ce9411c9a90
,,,冗余三元组,22.0,3.0,承办机构,extraction,450ea2044227017296ffd8295e12ead624bac9ad5fb24c8dce7525315368e0fd
,,,冗余三元组,33.0,3.0,实施依据,extraction,306160666e8a359cb9bf4da0ec64c9e2d6901c870fe6350cba5879c4509266de
,,,冗余三元组,1.0,45.0,涉及事项,extraction,dd7fe96509b2c5c33db03e133555278b4cecbf544b6fac7dea1158a8470efe3a
,,,冗余三元组,26.0,1.0,行驶主体,extraction,c02b72a8d8a1775ff7e7978594abd6b5422b51c7c4fffd7eac711ff69bf88a97
,,,冗余三元组,26.0,1.0,承办机构,extraction,69ebaebdf045cea8cb77aa5e448d960f3c2e8a6fbe335676bbabaa00d3c918e5
,,,冗余三元组,1.0,29.0,依据,extraction,7c876ea0542c8c0bbe2bd1071fb11a2281ab201ea6a5d96c9f866fe3fc0a1ecb
,,,冗余三元组,39.0,1.0,是,extraction,38e1d37380a7519608b7025690633256c2d7865eeeda60653fee8757d9e4afaf
,,,冗余三元组,1.0,55.0,涉及,extraction,d3dce47df0bc87d9fc69992a5dfb419dc64d4ec5f6b002937da586081885a914
,,,冗余三元组,9.0,3.0,是,extraction,0ec99e7cb6f44635fcabc5bf332037bea07b228f7b51753076ef1e8382984bc4
,,,冗余三元组,10.0,25.0,是,extraction,ad542489db79b38432a47864e6f61070ea6042115797987a3bcdb2baca19bebf
,,,冗余三元组,12.0,25.0,是,extraction,dc4ae0749038f60cf9a543d11bdbb3655270d3f1168c53408b231865a3b78a64
,,,冗余三元组,13.0,29.0,是,extraction,ffa30b4f3216d3a8f56030cb4d33517361b4979ec19a58b4d3a546e9f0b38bdc
,,,冗余三元组,1.0,34.0,包含,extraction,55e4afabf77afe2a5eab9a2e4e01194c0b9b6c241104b977092e714b9c92562f
,,,冗余三元组,9.0,3.0,是,extraction,0ec99e7cb6f44635fcabc5bf332037bea07b228f7b51753076ef1e8382984bc4
,,,冗余三元组,10.0,4.0,是,extraction,4253afef8f3fd90e1effb4068d33d5af9bf9795c98a41a591346af581d8c5b13
,,,冗余三元组,12.0,4.0,是,extraction,157789d187fc7ed7a6f770e4112d938e1669ffabeec33b64ab160620d61c286f
,,,冗余三元组,13.0,37.0,是,extraction,11ad231736d8e934254b836f208f0b302e4d9e38c23214e2036235899cb04fe6
,,,冗余三元组,1.0,28.0,涉及内容,extraction,ac3ee725f8a339f9fbd2a7028b68d899a9b8e5be581c35045e4b8bfb3dc079c3
,,,冗余三元组,3.0,1.0,权力类型,extraction,63bb5d4e71e6267d4835ef9479c9ff86b0b3ef916f5e6075b1750ed13e17cad3
,,,冗余三元组,41.0,1.0,行驶主体,extraction,3e203c1cd5240efde0e6a6d05bb4f8d4f3f80b46e735202ba3011d3e2801f0a1
,,,冗余三元组,41.0,1.0,承办机构,extraction,379f2c27a6c0b2eecca7d7b46b22ef51fefdad08ac0ee7abd453d5173a893b67
,,,冗余三元组,61.0,1.0,实施依据,extraction,d59b85a7f0aaf89c52586b282b3a400d567afa8368103911306faa8bd5940aa0
,,,冗余三元组,1.0,52.0,涉及问题,extraction,90af34399ad797a62bec9b3819dad9d64b8031065ff158d8a5f1015257e3e4dd
,,,冗余三元组,3.0,1.0,权力类型,extraction,63bb5d4e71e6267d4835ef9479c9ff86b0b3ef916f5e6075b1750ed13e17cad3
,,,冗余三元组,16.0,3.0,行驶主体,extraction,dcf915ca16fdd03067ac26bed4e74e74a9239bdbd1f71068aedeb4f177f92df1
,,,冗余三元组,16.0,3.0,承办机构,extraction,1845bf4af0283ae739a3edd822fa3a6e7302f5b26eae67bdd654099cddf35e9f
,,,冗余三元组,1.0,62.0,基于,extraction,107e1bb0950b774ff9f05ec19639e02422cf10def6be35db13c2495e5a4effe2
,,,冗余三元组,9.0,3.0,是,extraction,0ec99e7cb6f44635fcabc5bf332037bea07b228f7b51753076ef1e8382984bc4
,,,冗余三元组,10.0,25.0,为,extraction,14eb8cd0d77ed5391b9d37dc27fe68abd7670df3ba47dcd28eb6861f63d38e07
,,,冗余三元组,12.0,25.0,为,extraction,95495f064660a3f109251dafe2c267d79bb3d759704576cd0f4930aedae02db4
,,,冗余三元组,13.0,20.0,是,extraction,f536065857d8cffb8690029d0de8e595064374e0e38deb823e625bf375f96c61
,,,冗余三元组,1.0,51.0,涉及行为,extraction,4d50e735db0c7c921debcd5d22ac59a9a9275f523e4dfe60a64102e7ab70d731
,,,冗余三元组,3.0,44.0,执行主体,extraction,252d73610616b2ee1a0aad5f2731b05a376ff6396eadfb2de9968dd10beeb801
,,,冗余三元组,44.0,3.0,行使权力,extraction,f198bdefb30b60bad0eda0caf732f8ed5cf312b7a53711a3709d6e4926cc4866
,,,冗余三元组,13.0,43.0,来自,extraction,8eea1f520c36032f43ebb3a8709204173f9325abe934920aa4c764d84a3b5e84
,,,冗余三元组,1.0,54.0,涉及领域,extraction,bf464bcbcd83e979756fbd8eee9d0f695e979e7851f7354e079d63510152047a
,,,冗余三元组,3.0,1.0,权力类型,extraction,63bb5d4e71e6267d4835ef9479c9ff86b0b3ef916f5e6075b1750ed13e17cad3
,,,冗余三元组,38.0,1.0,行驶主体,extraction,d0e87a0daf3bc1ed7bad39f66dc6d8ee74064b05fe94192417c8b6e3e4cd53a9
,,,冗余三元组,38.0,1.0,承办机构,extraction,b14641014ea8d3db9ba04ac2bb249443dd5f26425e740d86371e870ef2d4a84a
,,,冗余三元组,1.0,14.0,依据,extraction,ef634f9e84afb4ebf494e22553b15ac7b1fbc49e61d65588899d98c77fee67fd
,,,冗余三元组,1.0,54.0,服务事项,extraction,f1b6e795f7f4341a924257c51e053eb45298f6fc867b5d12c7547aa7ef61bce7
,,,冗余三元组,3.0,1.0,权力类型,extraction,63bb5d4e71e6267d4835ef9479c9ff86b0b3ef916f5e6075b1750ed13e17cad3
,,,冗余三元组,26.0,1.0,行驶主体,extraction,c02b72a8d8a1775ff7e7978594abd6b5422b51c7c4fffd7eac711ff69bf88a97
,,,冗余三元组,26.0,1.0,承办机构,extraction,69ebaebdf045cea8cb77aa5e448d960f3c2e8a6fbe335676bbabaa00d3c918e5
,,,冗余三元组,35.0,1.0,实施依据,extraction,c2160bc37901fdb446bacf457f42f5af556fdcd5b45c0e99b283102cca9bc468
,,,冗余三元组,1.0,34.0,包含,extraction,55e4afabf77afe2a5eab9a2e4e01194c0b9b6c241104b977092e714b9c92562f
,,,冗余三元组,9.0,3.0,是,extraction,0ec99e7cb6f44635fcabc5bf332037bea07b228f7b51753076ef1e8382984bc4
,,,冗余三元组,10.0,25.0,为,extraction,14eb8cd0d77ed5391b9d37dc27fe68abd7670df3ba47dcd28eb6861f63d38e07
,,,冗余三元组,12.0,25.0,为,extraction,95495f064660a3f109251dafe2c267d79bb3d759704576cd0f4930aedae02db4
,,,冗余三元组,13.0,50.0,是,extraction,c041f04873201647e0b342a86dacb602d31a2f7036dbbbcb8019ba08c7818ff2
,,,冗余三元组,39.0,1.0,是,extraction,38e1d37380a7519608b7025690633256c2d7865eeeda60653fee8757d9e4afaf
,,,冗余三元组,9.0,3.0,是,extraction,0ec99e7cb6f44635fcabc5bf332037bea07b228f7b51753076ef1e8382984bc4
,,,冗余三元组,10.0,11.0,是,extraction,44a8fa7ea54ec2e41111a4f5dc6a9811dee8aa3aa19fb306f9177dfc86a9aea9
,,,冗余三元组,12.0,11.0,是,extraction,54710bbec3ca077fe79c80e1e95ea28a843633289f5bc6efe6abea14f6118623
,,,冗余三元组,13.0,7.0,是,extraction,5173b273e53a3712e9a749ca6cf7b8e8d3b7641db772c202823ccb26f6087587
,,,冗余三元组,1.0,28.0,涉及事项,extraction,560be2f414c89761f44840d3f52e507d90c06d4f0586d63ae8dd7eb595eca49b
,,,冗余三元组,3.0,1.0,权力类型,extraction,63bb5d4e71e6267d4835ef9479c9ff86b0b3ef916f5e6075b1750ed13e17cad3
,,,冗余三元组,16.0,1.0,行驶主体,extraction,2388221cee7d1ae0ed5be74dbb33fa91b57a06cfae883cc5c2262bfb048b5c48
,,,冗余三元组,16.0,1.0,承办机构,extraction,7da0b9c5ea5b9311256b7bcb955ba7fe507e79fd9fe407e277e1c4de0e1d453e
,,,冗余三元组,5.0,1.0,实施依据,extraction,746c20bbe85a6c741c868997cbc091c7eddeafc57e2839c0cc9ba4fd6c55ad73
,,,冗余三元组,1.0,51.0,涉及行为,extraction,4d50e735db0c7c921debcd5d22ac59a9a9275f523e4dfe60a64102e7ab70d731
,,,冗余三元组,3.0,44.0,执行主体,extraction,252d73610616b2ee1a0aad5f2731b05a376ff6396eadfb2de9968dd10beeb801
,,,冗余三元组,44.0,3.0,行使权力,extraction,f198bdefb30b60bad0eda0caf732f8ed5cf312b7a53711a3709d6e4926cc4866
,,,冗余三元组,44.0,44.0,负责承办,extraction,8a1df5e2864bb001968ce71262acec3a360908db4ce593546ac6be3fad9a0147
,,,冗余三元组,1.0,6.0,涉及事项,extraction,63ed056176a358e5141eeb94299bb1cc5c1ba655d4c97bdb0e998157b41cd7a5
,,,冗余三元组,3.0,1.0,权力类型,extraction,63bb5d4e71e6267d4835ef9479c9ff86b0b3ef916f5e6075b1750ed13e17cad3
,,,冗余三元组,44.0,1.0,行驶主体,extraction,5aa5bd754001b528942d9ff1cf92c0dac3eea5408ae1a3ad1be7b48dd6ad7bc6
,,,冗余三元组,44.0,1.0,承办机构,extraction,fe869ebaf0ddd080462b050806e1c882e39322a3f98c8d4b29b1d043af63148d
,,,冗余三元组,35.0,1.0,实施依据,extraction,c2160bc37901fdb446bacf457f42f5af556fdcd5b45c0e99b283102cca9bc468
,,,冗余三元组,1.0,6.0,涉及事项,extraction,63ed056176a358e5141eeb94299bb1cc5c1ba655d4c97bdb0e998157b41cd7a5
,,,冗余三元组,3.0,1.0,权力类型,extraction,63bb5d4e71e6267d4835ef9479c9ff86b0b3ef916f5e6075b1750ed13e17cad3
,,,冗余三元组,26.0,3.0,行驶主体,extraction,53a6aecb0cb919674eb601d3ca9bfb3e1cd8021d0c2b4edaea1103f12ff5d1fa
,,,冗余三元组,26.0,3.0,承办机构,extraction,09f29ebed328eaaeac44ee7d9b0d8d8b248964f2da25bc454213eb1f6ed1c65b
,,,冗余三元组,50.0,3.0,实施依据,extraction,a790816385e8e57fdbef950d1c81f1f95be9fa56bdb61522285b14310350de63
,,,冗余三元组,1.0,58.0,涉及,extraction,ebb5415c1b54071499b45a909f698aaec953682c36e97747e6aee00bc7e619d3
,,,冗余三元组,9.0,3.0,是,extraction,0ec99e7cb6f44635fcabc5bf332037bea07b228f7b51753076ef1e8382984bc4
,,,冗余三元组,10.0,25.0,是,extraction,ad542489db79b38432a47864e6f61070ea6042115797987a3bcdb2baca19bebf
,,,冗余三元组,12.0,25.0,是,extraction,dc4ae0749038f60cf9a543d11bdbb3655270d3f1168c53408b231865a3b78a64
,,,冗余三元组,13.0,14.0,是,extraction,bfbeedc7e6daf4f851060b875d14b5b7c1dab5b695356d4176fd018de0894ae2
,,,冗余三元组,1.0,62.0,涉及问题,extraction,2a934fc7a5fcf782dd1e2daadb598b9eafb710e91a5aa9232b2ceb713d26918f
,,,冗余三元组,3.0,1.0,权力类型,extraction,63bb5d4e71e6267d4835ef9479c9ff86b0b3ef916f5e6075b1750ed13e17cad3
,,,冗余三元组,11.0,3.0,行驶主体,extraction,252ebc8fde2836f7eae5a791df687860076241cf808bc99e0fd167f0ea262cd9
,,,冗余三元组,11.0,3.0,承办机构,extraction,e3339b884b62824a3b8679c646ddcca5b0bd6ecf6ec75f8d8629aa2e9b31a33c
,,,冗余三元组,3.0,20.0,实施依据,extraction,904d9893c432b7f5610334c63d7c55767465e2c831a2b7963a6b4bed774952e6
,,,冗余三元组,1.0,48.0,涉及内容,extraction,c90c36bc34d7f04fedfc793b0376221c7073cfdcfd8648ced932e92d2e837f7a
,,,冗余三元组,3.0,1.0,权力类型,extraction,63bb5d4e71e6267d4835ef9479c9ff86b0b3ef916f5e6075b1750ed13e17cad3
,,,冗余三元组,22.0,3.0,行驶主体,extraction,63b889c6caaf61c3eefad202bc0e1a4344122b009d898e41612d2ce9411c9a90
,,,冗余三元组,22.0,3.0,承办机构,extraction,450ea2044227017296ffd8295e12ead624bac9ad5fb24c8dce7525315368e0fd
,,,冗余三元组,20.0,3.0,实施依据,extraction,74c469772883cc75830d6664aabca03b3c8bc471660e084cede3096ee903fa04
,,,冗余三元组,1.0,42.0,涉及事项,extraction,6fa1fbc925e7b9f7909377c8fdb4e224f49dc4ac4ecc0317653a80654e14e7bc
,,,冗余三元组,3.0,1.0,权力类型,extraction,63bb5d4e71e6267d4835ef9479c9ff86b0b3ef916f5e6075b1750ed13e17cad3
,,,冗余三元组,22.0,3.0,行驶主体,extraction,63b889c6caaf61c3eefad202bc0e1a4344122b009d898e41612d2ce9411c9a90
,,,冗余三元组,22.0,3.0,承办机构,extraction,450ea2044227017296ffd8295e12ead624bac9ad5fb24c8dce7525315368e0fd
,,,冗余三元组,20.0,3.0,实施依据,extraction,74c469772883cc75830d6664aabca03b3c8bc471660e084cede3096ee903fa04
,,,冗余三元组,1.0,47.0,服务事项,extraction,b33592c1f30e39df0401c77d218134fb8abddfd7e8dbdedb52818471c5201bf4
,,,冗余三元组,3.0,1.0,权力类型,extraction,63bb5d4e71e6267d4835ef9479c9ff86b0b3ef916f5e6075b1750ed13e17cad3
,,,冗余三元组,16.0,1.0,行驶主体,extraction,2388221cee7d1ae0ed5be74dbb33fa91b57a06cfae883cc5c2262bfb048b5c48
,,,冗余三元组,16.0,1.0,承办机构,extraction,7da0b9c5ea5b9311256b7bcb955ba7fe507e79fd9fe407e277e1c4de0e1d453e
,,,冗余三元组,14.0,1.0,实施依据,extraction,9e8311c5545f056237fea59ad427e08044b1f281b728a5fbe6f711b2b87fb62b
,,,冗余三元组,1.0,18.0,涉及事项,extraction,d1f95153d29e3bd086a2d6d173f9b426666e22d88ed57ce36c68eaf51b38b7e3
,,,冗余三元组,16.0,16.0,行驶主体,extraction,de3d3e85ffec1b1c16f445f7a5e7e204c5d5fb0d31f317bb122227719e728676
,,,冗余三元组,16.0,16.0,承办机构,extraction,dd3beedaf67b0e9e05574852bf1b9e7df5fccb39eb43ab3bef7f7645d192767e
,,,冗余三元组,16.0,14.0,依据,extraction,9ee1d6de634c99c16fb3e4f5082e2c895c2f2a3b2dd63218c4f56873848766e5
,,,冗余三元组,1.0,54.0,涉及领域,extraction,bf464bcbcd83e979756fbd8eee9d0f695e979e7851f7354e079d63510152047a
,,,冗余三元组,16.0,16.0,行使主体,extraction,a30afd6af3baa3ef619e88bd5ceef5629ad6263bcdb6e756d18761d9dec661de
,,,冗余三元组,16.0,16.0,承办机构,extraction,dd3beedaf67b0e9e05574852bf1b9e7df5fccb39eb43ab3bef7f7645d192767e
,,,冗余三元组,16.0,14.0,依据,extraction,9ee1d6de634c99c16fb3e4f5082e2c895c2f2a3b2dd63218c4f56873848766e5
,,,冗余三元组,1.0,30.0,涉及内容,extraction,a3d8bfc9cb09cd2954d135612180bdbe8527eef7d240e905d5ff78d06fe3fba0
,,,冗余三元组,9.0,3.0,类型,extraction,7b4fd279b61586115fa2987e2d0371238853c4f6f63e89d0b451e4237f492a37
,,,冗余三元组,25.0,25.0,行驶主体,extraction,83874858d4423a634f7c51cf39d1773206c7b23644d2d953e3fc5f7bdb14fc85
,,,冗余三元组,25.0,25.0,承办机构,extraction,f1b8b9d91fe6b5060c35012b42b0d6bdaefb1fb660602bb1b3ca631a6b058fb8
,,,冗余三元组,1.0,55.0,涉及方面,extraction,5ee3a47a13dc675638470604b07e57a50fdeaeedeade9769ce1a62338490e202
,,,冗余三元组,9.0,3.0,类型,extraction,7b4fd279b61586115fa2987e2d0371238853c4f6f63e89d0b451e4237f492a37
,,,冗余三元组,10.0,11.0,是,extraction,44a8fa7ea54ec2e41111a4f5dc6a9811dee8aa3aa19fb306f9177dfc86a9aea9
,,,冗余三元组,12.0,11.0,是,extraction,54710bbec3ca077fe79c80e1e95ea28a843633289f5bc6efe6abea14f6118623
,,,冗余三元组,13.0,7.0,依据,extraction,d4864a965000ee9dd6917b548bc6febdc16cd42bc472be9753ea85f92086c014
,,,冗余三元组,1.0,46.0,涉及问题,extraction,3e940b19ef498016fad79857e57d4ee162cee2e05833d1b57fba62f1d9613be3
,,,冗余三元组,9.0,3.0,是,extraction,0ec99e7cb6f44635fcabc5bf332037bea07b228f7b51753076ef1e8382984bc4
,,,冗余三元组,10.0,44.0,是,extraction,53854b14f84a4f7bcec4288babeeb93d9202a8f1247a14098e9a02982cc95640
,,,冗余三元组,12.0,44.0,是,extraction,de41cd62c11f82837c5925e3426f42630d0bc935f1a9e33489b933acda4b7831
,,,冗余三元组,13.0,37.0,是,extraction,11ad231736d8e934254b836f208f0b302e4d9e38c23214e2036235899cb04fe6
,,,冗余三元组,39.0,1.0,是,extraction,38e1d37380a7519608b7025690633256c2d7865eeeda60653fee8757d9e4afaf
,,,冗余三元组,1.0,40.0,包含,extraction,1210a34215a9f1d268a7fdec9665e7afedf2c960bf0be97d698e7bf44f4ad33c
,,,冗余三元组,9.0,3.0,是,extraction,0ec99e7cb6f44635fcabc5bf332037bea07b228f7b51753076ef1e8382984bc4
,,,冗余三元组,10.0,26.0,是,extraction,89fbb5ae30c6220e41f165591e4df027877c140a72033fe0680e44206164aa17
,,,冗余三元组,12.0,26.0,是,extraction,a3817cab3fccbfd1b94576c85b68cfb0ff0511791fe7ada5dd7c10500502e531
,,,冗余三元组,13.0,50.0,是,extraction,c041f04873201647e0b342a86dacb602d31a2f7036dbbbcb8019ba08c7818ff2
,,,冗余三元组,1.0,62.0,基于,extraction,107e1bb0950b774ff9f05ec19639e02422cf10def6be35db13c2495e5a4effe2
,,,冗余三元组,9.0,3.0,是,extraction,0ec99e7cb6f44635fcabc5bf332037bea07b228f7b51753076ef1e8382984bc4
,,,冗余三元组,10.0,41.0,是,extraction,6f83ced92a9691e5e14cc19bb1bc5463d86dfecb7bda23ec44eab17a27bf9ae5
,,,冗余三元组,12.0,41.0,是,extraction,a4b1a3ff2483dfe0fabc0a44c0aa6f73e99b87cf7ec502667cce0dc30a67f7b2
,,,冗余三元组,13.0,7.0,是,extraction,5173b273e53a3712e9a749ca6cf7b8e8d3b7641db772c202823ccb26f6087587
,,,冗余三元组,1.0,24.0,基于,extraction,a5276488a9604d9649d8bacd34b068a0005e4d755aa469a2a15794604500ae4d
,,,冗余三元组,16.0,3.0,执行,extraction,a806fa1fb968dc85561080bb9bc13455d517a2706605e3b4e4422b831904a52b
,,,冗余三元组,1.0,40.0,涉及内容,extraction,de20e85db7086358cf9286abdebf47adc291c16b26f2f272b53ee25a61196b6a
,,,冗余三元组,9.0,3.0,类型,extraction,7b4fd279b61586115fa2987e2d0371238853c4f6f63e89d0b451e4237f492a37
,,,冗余三元组,13.0,33.0,依据,extraction,531b85994ef7f0f58aca11340849b52401fa2f7ba148d1193fa09f8c21020a23
,,,冗余三元组,1.0,47.0,涉及事项,extraction,410fd6754fd95d077ef04ff964ec4dd009afe4ed77694bf6c52b18682d5b8662
,,,冗余三元组,3.0,1.0,权力类型,extraction,63bb5d4e71e6267d4835ef9479c9ff86b0b3ef916f5e6075b1750ed13e17cad3
,,,冗余三元组,11.0,3.0,行驶主体,extraction,252ebc8fde2836f7eae5a791df687860076241cf808bc99e0fd167f0ea262cd9
,,,冗余三元组,11.0,3.0,承办机构,extraction,e3339b884b62824a3b8679c646ddcca5b0bd6ecf6ec75f8d8629aa2e9b31a33c
,,,冗余三元组,5.0,3.0,实施依据,extraction,4d26a315d3cf5e095a5f33a521cc5fcfd77a3a44ba52ed82e02dee2171f81d54
,,,冗余三元组,1.0,60.0,涉及事项,extraction,6309e2202fc5d6cebcd70f93ed56deb6d1ded945a512f9631f8df8c872f7ddaf
,,,冗余三元组,3.0,9.0,属于,extraction,e243beb6cddf62185b7e7ffcf414a9105a2c5a93a0690b193f72c7a37fa3b5ca
,,,冗余三元组,1.0,40.0,基于,extraction,a85624624539924188006fe19700cbca1e2a48322c712646b9353d0df3e1eb24
,,,冗余三元组,9.0,3.0,是,extraction,0ec99e7cb6f44635fcabc5bf332037bea07b228f7b51753076ef1e8382984bc4
,,,冗余三元组,10.0,38.0,是,extraction,b756eb5995473eefcaf0d5b4fb891f9eb9190e7e7f446761eaff99790520dd98
,,,冗余三元组,12.0,38.0,是,extraction,76d05d01998cae971c559874b8df42b2445eeafc6d81c360c7aecdbaf38c3f00
,,,冗余三元组,13.0,27.0,是,extraction,b6eab7714fb673bef9d283a76736709544e272990472859dc282d706a47931e5
,,,冗余三元组,1.0,2.0,涉及事项,extraction,45a6b5e9b7acaaf964d4ba55ee382735953a50be79b9c5a63cfd56f3bfaa98e9
,,,冗余三元组,3.0,1.0,权力类型,extraction,63bb5d4e71e6267d4835ef9479c9ff86b0b3ef916f5e6075b1750ed13e17cad3
,,,冗余三元组,25.0,1.0,行驶主体,extraction,f8d14ca82df048e60e8e15e838aee0937165e7863b618cad5ab1fa07cbe6c922
,,,冗余三元组,25.0,1.0,承办机构,extraction,52233a544f4c28cfdd7e8c323198ffbcd53a5927d355c09f9eb314df01568645
,,,冗余三元组,35.0,1.0,实施依据,extraction,c2160bc37901fdb446bacf457f42f5af556fdcd5b45c0e99b283102cca9bc468
,,,冗余三元组,1.0,40.0,涉及内容,extraction,de20e85db7086358cf9286abdebf47adc291c16b26f2f272b53ee25a61196b6a
,,,冗余三元组,3.0,1.0,权力类型,extraction,63bb5d4e71e6267d4835ef9479c9ff86b0b3ef916f5e6075b1750ed13e17cad3
,,,冗余三元组,16.0,1.0,行驶主体,extraction,2388221cee7d1ae0ed5be74dbb33fa91b57a06cfae883cc5c2262bfb048b5c48
,,,冗余三元组,16.0,1.0,承办机构,extraction,7da0b9c5ea5b9311256b7bcb955ba7fe507e79fd9fe407e277e1c4de0e1d453e
,,,冗余三元组,9.0,3.0,是,extraction,0ec99e7cb6f44635fcabc5bf332037bea07b228f7b51753076ef1e8382984bc4
,,,冗余三元组,10.0,22.0,是,extraction,5a0b03998ab865a9402789a91f83ce5e2c3e8b9dc624370864b73747e8ad330a
,,,冗余三元组,12.0,22.0,是,extraction,51b7578f6e3f4d6aa73a569f8dfc21fce38f169c0202a35f222c3aebbfe18ce9
,,,冗余三元组,13.0,23.0,是,extraction,a809901cb1266f3034f5251cd5e201f3ce63e484f49bb7e202066cafcce8d4b1
,,,冗余三元组,1.0,19.0,涉及行为,extraction,7f240590f2a7da25c488c633d39a09a722fedca13693b57fc75c819db158f3af
,,,冗余三元组,3.0,1.0,权力类型,extraction,63bb5d4e71e6267d4835ef9479c9ff86b0b3ef916f5e6075b1750ed13e17cad3
,,,冗余三元组,41.0,1.0,行驶主体,extraction,3e203c1cd5240efde0e6a6d05bb4f8d4f3f80b46e735202ba3011d3e2801f0a1
,,,冗余三元组,41.0,1.0,承办机构,extraction,379f2c27a6c0b2eecca7d7b46b22ef51fefdad08ac0ee7abd453d5173a893b67
,,,冗余三元组,1.0,23.0,依据,extraction,0c4e2a2eed4772431ff0a6f635bec43d213b808cd3ebb9e90f0dd418ba282cb2
,,,冗余三元组,1.0,46.0,涉及,extraction,b97b46d42fda49bf81ff3f4907773acec8566f08195d592b6e6bc1a7f3a94efc
,,,冗余三元组,9.0,3.0,是,extraction,0ec99e7cb6f44635fcabc5bf332037bea07b228f7b51753076ef1e8382984bc4
,,,冗余三元组,10.0,32.0,是,extraction,4da064cb343643cc890842dceaf67b09d17018b8caccfb9a66252b99aba7b2c2
,,,冗余三元组,12.0,32.0,是,extraction,9c4f6d970f0759ccf44ba88668fb20479c3f74345a7048810ee820b1947a78e1
,,,冗余三元组,13.0,35.0,是,extraction,bdb6ae948fcb734a09a70e6199e73c6b4e1ee8988d36d946e8376162542ec754
,,,冗余三元组,1.0,17.0,涉及事项,extraction,26e5b368d0569ae2cd1db86e58c1825b9d075b33fb779749f2c6991aaf9b42eb
,,,冗余三元组,3.0,1.0,权力类型,extraction,63bb5d4e71e6267d4835ef9479c9ff86b0b3ef916f5e6075b1750ed13e17cad3
,,,冗余三元组,38.0,3.0,行驶主体,extraction,09efeab994a6d0a0d2474408b9050a4299990ea94ef2b0fd3b3f3c42b80c1d00
,,,冗余三元组,38.0,3.0,承办机构,extraction,3ffeb2c635f8eac91bfd409e9ffa26f73bbf4f4bb174d1a1c0cfa1334e723247
,,,冗余三元组,43.0,3.0,实施依据,extraction,b2e045a3f94b96fa94529db86a8245fdcf22fab97a04061f220a7caec63e44e4
,,,冗余三元组,1.0,34.0,包含,extraction,55e4afabf77afe2a5eab9a2e4e01194c0b9b6c241104b977092e714b9c92562f
,,,冗余三元组,9.0,3.0,是,extraction,0ec99e7cb6f44635fcabc5bf332037bea07b228f7b51753076ef1e8382984bc4
,,,冗余三元组,10.0,25.0,是,extraction,ad542489db79b38432a47864e6f61070ea6042115797987a3bcdb2baca19bebf
,,,冗余三元组,12.0,25.0,是,extraction,dc4ae0749038f60cf9a543d11bdbb3655270d3f1168c53408b231865a3b78a64
,,,冗余三元组,13.0,14.0,是,extraction,bfbeedc7e6daf4f851060b875d14b5b7c1dab5b695356d4176fd018de0894ae2
,,,冗余三元组,1.0,53.0,服务事项,extraction,6e3e1be22725db07cbda085e898d35471ffc4e71289552d4108ae311195e776c
,,,冗余三元组,3.0,1.0,权力类型,extraction,63bb5d4e71e6267d4835ef9479c9ff86b0b3ef916f5e6075b1750ed13e17cad3
,,,冗余三元组,22.0,1.0,行驶主体,extraction,51b40b4c4f91240a5d323aaa57fa14fc575345cbc5dfbd5960fee3546a9d8c6c
,,,冗余三元组,22.0,1.0,承办机构,extraction,9c49a1220338386706f2952f161469c3bd5f784a5b99fbb95a8b8222c52b3a33
,,,冗余三元组,7.0,1.0,实施依据,extraction,d17adc34c7caa96f27afae806386689e2bb5cbc06ad807b8af9e91dbe53a1682
,,,冗余三元组,1.0,21.0,包含,extraction,635d1027165abbabe82fa63c66c6183ad9893b0e011f20d0b6ad30d71c05ec2a
,,,冗余三元组,9.0,3.0,是,extraction,0ec99e7cb6f44635fcabc5bf332037bea07b228f7b51753076ef1e8382984bc4
,,,冗余三元组,10.0,22.0,是,extraction,5a0b03998ab865a9402789a91f83ce5e2c3e8b9dc624370864b73747e8ad330a
,,,冗余三元组,12.0,22.0,是,extraction,51b7578f6e3f4d6aa73a569f8dfc21fce38f169c0202a35f222c3aebbfe18ce9
,,,冗余三元组,13.0,35.0,是,extraction,bdb6ae948fcb734a09a70e6199e73c6b4e1ee8988d36d946e8376162542ec754
,,,冗余三元组,1.0,62.0,基于,extraction,107e1bb0950b774ff9f05ec19639e02422cf10def6be35db13c2495e5a4effe2
,,,冗余三元组,9.0,3.0,是,extraction,0ec99e7cb6f44635fcabc5bf332037bea07b228f7b51753076ef1e8382984bc4
,,,冗余三元组,10.0,41.0,是,extraction,6f83ced92a9691e5e14cc19bb1bc5463d86dfecb7bda23ec44eab17a27bf9ae5
,,,冗余三元组,12.0,41.0,是,extraction,a4b1a3ff2483dfe0fabc0a44c0aa6f73e99b87cf7ec502667cce0dc30a67f7b2
,,,冗余三元组,13.0,29.0,是,extraction,ffa30b4f3216d3a8f56030cb4d33517361b4979ec19a58b4d3a546e9f0b38bdc
,,,冗余三元组,1.0,48.0,涉及内容,extraction,c90c36bc34d7f04fedfc793b0376221c7073cfdcfd8648ced932e92d2e837f7a
,,,冗余三元组,3.0,1.0,权力类型,extraction,63bb5d4e71e6267d4835ef9479c9ff86b0b3ef916f5e6075b1750ed13e17cad3
,,,冗余三元组,41.0,1.0,行驶主体,extraction,3e203c1cd5240efde0e6a6d05bb4f8d4f3f80b46e735202ba3011d3e2801f0a1
,,,冗余三元组,41.0,1.0,承办机构,extraction,379f2c27a6c0b2eecca7d7b46b22ef51fefdad08ac0ee7abd453d5173a893b67
,,,冗余三元组,1.0,23.0,实施依据,extraction,9bcf05d413c05f85aaa7ecb9953108ae181483006eeb0087a84eb1177253df7d
,,,冗余三元组,1.0,15.0,包含行为,extraction,50889e3cad3a2af3fe5c788cdd352c4e79a5e965367902c33f7b1eab2a878616
,,,冗余三元组,9.0,3.0,是,extraction,0ec99e7cb6f44635fcabc5bf332037bea07b228f7b51753076ef1e8382984bc4
,,,冗余三元组,10.0,22.0,是,extraction,5a0b03998ab865a9402789a91f83ce5e2c3e8b9dc624370864b73747e8ad330a
,,,冗余三元组,12.0,22.0,是,extraction,51b7578f6e3f4d6aa73a569f8dfc21fce38f169c0202a35f222c3aebbfe18ce9
,,,冗余三元组,13.0,7.0,是,extraction,5173b273e53a3712e9a749ca6cf7b8e8d3b7641db772c202823ccb26f6087587
,,,冗余三元组,1.0,18.0,涉及领域,extraction,bb9a6c5169497cb67071e7b38b89fd47ad0c56bc2fc613c8ae73303717a93cc9
,,,冗余三元组,11.0,1.0,行驶主体,extraction,50e598b1826c6a6e16cbb761d7126c8286dd306ea8aefdffee154cbb615a866b
,,,冗余三元组,11.0,1.0,承办机构,extraction,ecacee85e506b895bb6ef636499570c58825c04c2655e0f358383dd8770dbffa
,,,冗余三元组,1.0,5.0,依据,extraction,1ea7450430c6e25edf81e6ecf2f8dbbbbd3c1ca33319839a0f1c3459a61d2b2e
,,,冗余三元组,1.0,19.0,涉及行为,extraction,7f240590f2a7da25c488c633d39a09a722fedca13693b57fc75c819db158f3af
,,,冗余三元组,3.0,1.0,权力类型,extraction,63bb5d4e71e6267d4835ef9479c9ff86b0b3ef916f5e6075b1750ed13e17cad3
,,,冗余三元组,26.0,1.0,行驶主体,extraction,c02b72a8d8a1775ff7e7978594abd6b5422b51c7c4fffd7eac711ff69bf88a97
,,,冗余三元组,26.0,1.0,承办机构,extraction,69ebaebdf045cea8cb77aa5e448d960f3c2e8a6fbe335676bbabaa00d3c918e5
,,,冗余三元组,1.0,49.0,依据,extraction,567a356d9d99d44b1e79598f86430dce8cd9fbfb76155059f4e9f13b5ad5b19e
,,,冗余三元组,1.0,48.0,涉及内容,extraction,c90c36bc34d7f04fedfc793b0376221c7073cfdcfd8648ced932e92d2e837f7a
,,,冗余三元组,3.0,1.0,权力类型,extraction,63bb5d4e71e6267d4835ef9479c9ff86b0b3ef916f5e6075b1750ed13e17cad3
,,,冗余三元组,22.0,3.0,行驶主体,extraction,63b889c6caaf61c3eefad202bc0e1a4344122b009d898e41612d2ce9411c9a90
,,,冗余三元组,22.0,3.0,承办机构,extraction,450ea2044227017296ffd8295e12ead624bac9ad5fb24c8dce7525315368e0fd
,,,冗余三元组,43.0,3.0,实施依据,extraction,b2e045a3f94b96fa94529db86a8245fdcf22fab97a04061f220a7caec63e44e4
,,,冗余三元组,1.0,52.0,涉及问题,extraction,90af34399ad797a62bec9b3819dad9d64b8031065ff158d8a5f1015257e3e4dd
,,,冗余三元组,3.0,1.0,权力类型,extraction,63bb5d4e71e6267d4835ef9479c9ff86b0b3ef916f5e6075b1750ed13e17cad3
,,,冗余三元组,26.0,3.0,行驶主体,extraction,53a6aecb0cb919674eb601d3ca9bfb3e1cd8021d0c2b4edaea1103f12ff5d1fa
,,,冗余三元组,26.0,3.0,承办机构,extraction,09f29ebed328eaaeac44ee7d9b0d8d8b248964f2da25bc454213eb1f6ed1c65b
,,,冗余三元组,3.0,57.0,实施依据,extraction,e01b7835e54581abfa657b1808a0522bf40cbca9262bf39e569a750cf19f593f
,,,冗余三元组,1.0,2.0,涉及事项,extraction,45a6b5e9b7acaaf964d4ba55ee382735953a50be79b9c5a63cfd56f3bfaa98e9
,,,冗余三元组,26.0,3.0,行使主体,extraction,9a607c15dc3a6a8f6bc082c77b6af19ce8cfb5cef9c2f946bf56dccde721f80d
,,,冗余三元组,1.0,58.0,涉及违规行为,extraction,ad709b40bc3717f9a547f63781a4aa8a97f03587e7e4049ed6fbfa654134740c
,,,冗余三元组,9.0,3.0,是,extraction,0ec99e7cb6f44635fcabc5bf332037bea07b228f7b51753076ef1e8382984bc4
,,,冗余三元组,10.0,11.0,是,extraction,44a8fa7ea54ec2e41111a4f5dc6a9811dee8aa3aa19fb306f9177dfc86a9aea9
,,,冗余三元组,12.0,11.0,是,extraction,54710bbec3ca077fe79c80e1e95ea28a843633289f5bc6efe6abea14f6118623
,,,冗余三元组,13.0,20.0,是,extraction,f536065857d8cffb8690029d0de8e595064374e0e38deb823e625bf375f96c61
,,,冗余三元组,1.0,28.0,涉及,extraction,3f9c3a7839c318c1c0bfcaf59a818cec18c0160e38147f2b67f25e4eb8a81f3f
,,,冗余三元组,9.0,3.0,是,extraction,0ec99e7cb6f44635fcabc5bf332037bea07b228f7b51753076ef1e8382984bc4
,,,冗余三元组,10.0,26.0,是,extraction,89fbb5ae30c6220e41f165591e4df027877c140a72033fe0680e44206164aa17
,,,冗余三元组,12.0,26.0,是,extraction,a3817cab3fccbfd1b94576c85b68cfb0ff0511791fe7ada5dd7c10500502e531
,,,冗余三元组,13.0,7.0,是,extraction,5173b273e53a3712e9a749ca6cf7b8e8d3b7641db772c202823ccb26f6087587
,,,冗余三元组,1.0,62.0,基于,extraction,107e1bb0950b774ff9f05ec19639e02422cf10def6be35db13c2495e5a4effe2
,,,冗余三元组,9.0,3.0,是,extraction,0ec99e7cb6f44635fcabc5bf332037bea07b228f7b51753076ef1e8382984bc4
,,,冗余三元组,10.0,25.0,为,extraction,14eb8cd0d77ed5391b9d37dc27fe68abd7670df3ba47dcd28eb6861f63d38e07
,,,冗余三元组,12.0,25.0,为,extraction,95495f064660a3f109251dafe2c267d79bb3d759704576cd0f4930aedae02db4
,,,冗余三元组,13.0,27.0,是,extraction,b6eab7714fb673bef9d283a76736709544e272990472859dc282d706a47931e5
,,,冗余三元组,1.0,30.0,涉及,extraction,f791f6ad50cca9a9432e1d95b6ef54bd1b64b5eb692d18dc2f430e81dd5537c2
,,,冗余三元组,9.0,3.0,是,extraction,0ec99e7cb6f44635fcabc5bf332037bea07b228f7b51753076ef1e8382984bc4
,,,冗余三元组,10.0,22.0,是,extraction,5a0b03998ab865a9402789a91f83ce5e2c3e8b9dc624370864b73747e8ad330a
,,,冗余三元组,12.0,22.0,是,extraction,51b7578f6e3f4d6aa73a569f8dfc21fce38f169c0202a35f222c3aebbfe18ce9
,,,冗余三元组,13.0,14.0,是,extraction,bfbeedc7e6daf4f851060b875d14b5b7c1dab5b695356d4176fd018de0894ae2
,,,冗余三元组,1.0,2.0,涉及事项,extraction,45a6b5e9b7acaaf964d4ba55ee382735953a50be79b9c5a63cfd56f3bfaa98e9
,,,冗余三元组,11.0,1.0,行驶主体,extraction,50e598b1826c6a6e16cbb761d7126c8286dd306ea8aefdffee154cbb615a866b
,,,冗余三元组,11.0,1.0,承办机构,extraction,ecacee85e506b895bb6ef636499570c58825c04c2655e0f358383dd8770dbffa
,,,冗余三元组,1.0,23.0,依据,extraction,0c4e2a2eed4772431ff0a6f635bec43d213b808cd3ebb9e90f0dd418ba282cb2
,,,冗余三元组,1.0,19.0,涉及行为,extraction,7f240590f2a7da25c488c633d39a09a722fedca13693b57fc75c819db158f3af
,,,冗余三元组,3.0,1.0,权力类型,extraction,63bb5d4e71e6267d4835ef9479c9ff86b0b3ef916f5e6075b1750ed13e17cad3
,,,冗余三元组,26.0,3.0,行驶主体,extraction,53a6aecb0cb919674eb601d3ca9bfb3e1cd8021d0c2b4edaea1103f12ff5d1fa
,,,冗余三元组,26.0,3.0,承办机构,extraction,09f29ebed328eaaeac44ee7d9b0d8d8b248964f2da25bc454213eb1f6ed1c65b
,,,冗余三元组,3.0,23.0,实施依据,extraction,50ab6d4e4a28dab63d889535df0083377ec5ea69c2cb93319237f8bffe946b3c
,,,冗余三元组,39.0,1.0,是,extraction,38e1d37380a7519608b7025690633256c2d7865eeeda60653fee8757d9e4afaf
,,,冗余三元组,1.0,53.0,包括,extraction,1381a6fba20dceee35da6a7e780388847a73a5c6c53d663717205383f4784027
,,,冗余三元组,9.0,3.0,是,extraction,0ec99e7cb6f44635fcabc5bf332037bea07b228f7b51753076ef1e8382984bc4
,,,冗余三元组,10.0,38.0,是,extraction,b756eb5995473eefcaf0d5b4fb891f9eb9190e7e7f446761eaff99790520dd98
,,,冗余三元组,12.0,38.0,是,extraction,76d05d01998cae971c559874b8df42b2445eeafc6d81c360c7aecdbaf38c3f00
,,,冗余三元组,13.0,43.0,是,extraction,ade982e693329bd738b2be4fef11a25c3536423672e3d1c585cae98131a035d0
,,,冗余三元组,39.0,1.0,是,extraction,38e1d37380a7519608b7025690633256c2d7865eeeda60653fee8757d9e4afaf
,,,冗余三元组,1.0,45.0,涉及,extraction,599085aa31abe5075252b02f829e93d81f2698ac36bc6369fc4fce031c3872ad
,,,冗余三元组,9.0,3.0,是,extraction,0ec99e7cb6f44635fcabc5bf332037bea07b228f7b51753076ef1e8382984bc4
,,,冗余三元组,10.0,38.0,是,extraction,b756eb5995473eefcaf0d5b4fb891f9eb9190e7e7f446761eaff99790520dd98
,,,冗余三元组,12.0,38.0,是,extraction,76d05d01998cae971c559874b8df42b2445eeafc6d81c360c7aecdbaf38c3f00
,,,冗余三元组,13.0,14.0,是,extraction,bfbeedc7e6daf4f851060b875d14b5b7c1dab5b695356d4176fd018de0894ae2
,,,冗余三元组,1.0,17.0,涉及事项,extraction,26e5b368d0569ae2cd1db86e58c1825b9d075b33fb779749f2c6991aaf9b42eb
,,,冗余三元组,3.0,1.0,权力类型,extraction,63bb5d4e71e6267d4835ef9479c9ff86b0b3ef916f5e6075b1750ed13e17cad3
,,,冗余三元组,32.0,3.0,行驶主体,extraction,25aa2c1e152670ddfb23d68a0ae7e021b4a2e63a8a68352208fab8aba8a37318
,,,冗余三元组,32.0,3.0,承办机构,extraction,7cfdba5de59642b67f9924e80b0324afb048e0e5fbe8a9a65ee9100edeae0749
,,,冗余三元组,29.0,3.0,实施依据,extraction,cd40df6a540917691517a57a5b1cf5b96661ca5fb5dc29fae67c4de0bc29abf0
,,,冗余三元组,1.0,62.0,基于,extraction,107e1bb0950b774ff9f05ec19639e02422cf10def6be35db13c2495e5a4effe2
,,,冗余三元组,9.0,3.0,是,extraction,0ec99e7cb6f44635fcabc5bf332037bea07b228f7b51753076ef1e8382984bc4
,,,冗余三元组,10.0,4.0,是,extraction,4253afef8f3fd90e1effb4068d33d5af9bf9795c98a41a591346af581d8c5b13
,,,冗余三元组,12.0,4.0,是,extraction,157789d187fc7ed7a6f770e4112d938e1669ffabeec33b64ab160620d61c286f
,,,冗余三元组,13.0,35.0,是,extraction,bdb6ae948fcb734a09a70e6199e73c6b4e1ee8988d36d946e8376162542ec754
,,,冗余三元组,1.0,2.0,包含,extraction,ece848f89d246452aaa10044790a3062f859636b97889ce3f2ba79cb9580a885
,,,冗余三元组,9.0,3.0,是,extraction,0ec99e7cb6f44635fcabc5bf332037bea07b228f7b51753076ef1e8382984bc4
,,,冗余三元组,10.0,4.0,是,extraction,4253afef8f3fd90e1effb4068d33d5af9bf9795c98a41a591346af581d8c5b13
,,,冗余三元组,12.0,4.0,是,extraction,157789d187fc7ed7a6f770e4112d938e1669ffabeec33b64ab160620d61c286f
,,,冗余三元组,13.0,50.0,是,extraction,c041f04873201647e0b342a86dacb602d31a2f7036dbbbcb8019ba08c7818ff2
,,,冗余三元组,1.0,60.0,涉及事项,extraction,6309e2202fc5d6cebcd70f93ed56deb6d1ded945a512f9631f8df8c872f7ddaf
,,,冗余三元组,3.0,1.0,权力类型,extraction,63bb5d4e71e6267d4835ef9479c9ff86b0b3ef916f5e6075b1750ed13e17cad3
,,,冗余三元组,44.0,1.0,行驶主体,extraction,5aa5bd754001b528942d9ff1cf92c0dac3eea5408ae1a3ad1be7b48dd6ad7bc6
,,,冗余三元组,44.0,1.0,承办机构,extraction,fe869ebaf0ddd080462b050806e1c882e39322a3f98c8d4b29b1d043af63148d
,,,冗余三元组,1.0,23.0,依据,extraction,0c4e2a2eed4772431ff0a6f635bec43d213b808cd3ebb9e90f0dd418ba282cb2
,,,冗余三元组,1.0,15.0,服务事项,extraction,d58af36cd0af73d9b19e1d9407d5a626b1cd60fd82322b0355d1dcad51bc51b4
,,,冗余三元组,3.0,1.0,权力类型,extraction,63bb5d4e71e6267d4835ef9479c9ff86b0b3ef916f5e6075b1750ed13e17cad3
,,,冗余三元组,26.0,1.0,行驶主体,extraction,c02b72a8d8a1775ff7e7978594abd6b5422b51c7c4fffd7eac711ff69bf88a97
,,,冗余三元组,26.0,1.0,承办机构,extraction,69ebaebdf045cea8cb77aa5e448d960f3c2e8a6fbe335676bbabaa00d3c918e5
,,,冗余三元组,1.0,23.0,实施依据,extraction,9bcf05d413c05f85aaa7ecb9953108ae181483006eeb0087a84eb1177253df7d
,,,冗余三元组,1.0,47.0,服务事项,extraction,b33592c1f30e39df0401c77d218134fb8abddfd7e8dbdedb52818471c5201bf4
,,,冗余三元组,3.0,1.0,权力类型,extraction,63bb5d4e71e6267d4835ef9479c9ff86b0b3ef916f5e6075b1750ed13e17cad3
,,,冗余三元组,44.0,1.0,行驶主体,extraction,5aa5bd754001b528942d9ff1cf92c0dac3eea5408ae1a3ad1be7b48dd6ad7bc6
,,,冗余三元组,44.0,1.0,承办机构,extraction,fe869ebaf0ddd080462b050806e1c882e39322a3f98c8d4b29b1d043af63148d
,,,冗余三元组,1.0,33.0,实施依据,extraction,26cc092408f0a9aa6f263c39234f8f2765d112fd2a7cdf3cff6187a39e1d5c6b
,,,冗余三元组,1.0,30.0,涉及,extraction,f791f6ad50cca9a9432e1d95b6ef54bd1b64b5eb692d18dc2f430e81dd5537c2
,,,冗余三元组,9.0,3.0,是,extraction,0ec99e7cb6f44635fcabc5bf332037bea07b228f7b51753076ef1e8382984bc4
,,,冗余三元组,10.0,11.0,是,extraction,44a8fa7ea54ec2e41111a4f5dc6a9811dee8aa3aa19fb306f9177dfc86a9aea9
,,,冗余三元组,12.0,11.0,是,extraction,54710bbec3ca077fe79c80e1e95ea28a843633289f5bc6efe6abea14f6118623
,,,冗余三元组,13.0,23.0,是,extraction,a809901cb1266f3034f5251cd5e201f3ce63e484f49bb7e202066cafcce8d4b1
,,,冗余三元组,1.0,17.0,涉及事项,extraction,26e5b368d0569ae2cd1db86e58c1825b9d075b33fb779749f2c6991aaf9b42eb
,,,冗余三元组,3.0,1.0,权力类型,extraction,63bb5d4e71e6267d4835ef9479c9ff86b0b3ef916f5e6075b1750ed13e17cad3
,,,冗余三元组,44.0,3.0,行驶主体,extraction,5a54a852e46cf955056cfb470e35ee0ab596f12cadf4d4250f92e1854d40d0fb
,,,冗余三元组,44.0,3.0,承办机构,extraction,26be69caa0923ff59e399351f5a7dbfb94533ccfbecefd9b8cd69f55e191c14d
,,,冗余三元组,3.0,37.0,实施依据,extraction,b86037853e03ce9325835ce0d5f8bc88f5a69871c920f2a76c31a83bbd194153
,,,冗余三元组,1.0,18.0,涉及领域,extraction,bb9a6c5169497cb67071e7b38b89fd47ad0c56bc2fc613c8ae73303717a93cc9
,,,冗余三元组,9.0,3.0,类型,extraction,7b4fd279b61586115fa2987e2d0371238853c4f6f63e89d0b451e4237f492a37
,,,冗余三元组,10.0,22.0,是,extraction,5a0b03998ab865a9402789a91f83ce5e2c3e8b9dc624370864b73747e8ad330a
,,,冗余三元组,12.0,22.0,是,extraction,51b7578f6e3f4d6aa73a569f8dfc21fce38f169c0202a35f222c3aebbfe18ce9
,,,冗余三元组,1.0,24.0,基于,extraction,a5276488a9604d9649d8bacd34b068a0005e4d755aa469a2a15794604500ae4d
,,,冗余三元组,9.0,3.0,是,extraction,0ec99e7cb6f44635fcabc5bf332037bea07b228f7b51753076ef1e8382984bc4
,,,冗余三元组,10.0,38.0,是,extraction,b756eb5995473eefcaf0d5b4fb891f9eb9190e7e7f446761eaff99790520dd98
,,,冗余三元组,12.0,38.0,是,extraction,76d05d01998cae971c559874b8df42b2445eeafc6d81c360c7aecdbaf38c3f00
,,,冗余三元组,13.0,23.0,是,extraction,a809901cb1266f3034f5251cd5e201f3ce63e484f49bb7e202066cafcce8d4b1
,,,冗余三元组,1.0,47.0,服务事项,extraction,b33592c1f30e39df0401c77d218134fb8abddfd7e8dbdedb52818471c5201bf4
,,,冗余三元组,3.0,1.0,权力类型,extraction,63bb5d4e71e6267d4835ef9479c9ff86b0b3ef916f5e6075b1750ed13e17cad3
,,,冗余三元组,16.0,1.0,行驶主体,extraction,2388221cee7d1ae0ed5be74dbb33fa91b57a06cfae883cc5c2262bfb048b5c48
,,,冗余三元组,16.0,1.0,承办机构,extraction,7da0b9c5ea5b9311256b7bcb955ba7fe507e79fd9fe407e277e1c4de0e1d453e
,,,冗余三元组,33.0,1.0,实施依据,extraction,bd4d251de9aa9eb9c09f30ba2cb708ae2c507f14020ac308d2f0fc7019e488a7
,,,冗余三元组,1.0,40.0,基于,extraction,a85624624539924188006fe19700cbca1e2a48322c712646b9353d0df3e1eb24
,,,冗余三元组,9.0,3.0,是,extraction,0ec99e7cb6f44635fcabc5bf332037bea07b228f7b51753076ef1e8382984bc4
,,,冗余三元组,10.0,16.0,是,extraction,746a2100773446996a077ea20c54ba9035e03b7b31f93fb59a8ae3cd5a9d17da
,,,冗余三元组,12.0,16.0,是,extraction,02eb93de428eaa79f373e8be62591cfeadb588d7f8583ea3de7abacb8d43bb50
,,,冗余三元组,13.0,20.0,是,extraction,f536065857d8cffb8690029d0de8e595064374e0e38deb823e625bf375f96c61
,,,冗余三元组,1.0,34.0,包含,extraction,55e4afabf77afe2a5eab9a2e4e01194c0b9b6c241104b977092e714b9c92562f
,,,冗余三元组,9.0,3.0,是,extraction,0ec99e7cb6f44635fcabc5bf332037bea07b228f7b51753076ef1e8382984bc4
,,,冗余三元组,10.0,4.0,是,extraction,4253afef8f3fd90e1effb4068d33d5af9bf9795c98a41a591346af581d8c5b13
,,,冗余三元组,12.0,4.0,是,extraction,157789d187fc7ed7a6f770e4112d938e1669ffabeec33b64ab160620d61c286f
,,,冗余三元组,13.0,5.0,是,extraction,507348e0a400849c992ed3d4db941f51b877314c064a446d1a19df892d7a6f73
,,,冗余三元组,1.0,40.0,基于,extraction,a85624624539924188006fe19700cbca1e2a48322c712646b9353d0df3e1eb24
,,,冗余三元组,9.0,3.0,是,extraction,0ec99e7cb6f44635fcabc5bf332037bea07b228f7b51753076ef1e8382984bc4
,,,冗余三元组,10.0,44.0,是,extraction,53854b14f84a4f7bcec4288babeeb93d9202a8f1247a14098e9a02982cc95640
,,,冗余三元组,12.0,44.0,是,extraction,de41cd62c11f82837c5925e3426f42630d0bc935f1a9e33489b933acda4b7831
,,,冗余三元组,13.0,33.0,是,extraction,fc4553073462fe666aaa676d985116bc290a0c71f03fb633205f00b4fcf4ff71
,,,冗余三元组,1.0,48.0,涉及内容,extraction,c90c36bc34d7f04fedfc793b0376221c7073cfdcfd8648ced932e92d2e837f7a
,,,冗余三元组,3.0,1.0,权力类型,extraction,63bb5d4e71e6267d4835ef9479c9ff86b0b3ef916f5e6075b1750ed13e17cad3
,,,冗余三元组,26.0,1.0,行驶主体,extraction,c02b72a8d8a1775ff7e7978594abd6b5422b51c7c4fffd7eac711ff69bf88a97
,,,冗余三元组,26.0,1.0,承办机构,extraction,69ebaebdf045cea8cb77aa5e448d960f3c2e8a6fbe335676bbabaa00d3c918e5
,,,冗余三元组,1.0,14.0,依据,extraction,ef634f9e84afb4ebf494e22553b15ac7b1fbc49e61d65588899d98c77fee67fd
,,,冗余三元组,1.0,28.0,涉及事项,extraction,560be2f414c89761f44840d3f52e507d90c06d4f0586d63ae8dd7eb595eca49b
,,,冗余三元组,3.0,1.0,权力类型,extraction,63bb5d4e71e6267d4835ef9479c9ff86b0b3ef916f5e6075b1750ed13e17cad3
,,,冗余三元组,38.0,1.0,行驶主体,extraction,d0e87a0daf3bc1ed7bad39f66dc6d8ee74064b05fe94192417c8b6e3e4cd53a9
,,,冗余三元组,38.0,1.0,承办机构,extraction,b14641014ea8d3db9ba04ac2bb249443dd5f26425e740d86371e870ef2d4a84a
,,,冗余三元组,1.0,14.0,依据,extraction,ef634f9e84afb4ebf494e22553b15ac7b1fbc49e61d65588899d98c77fee67fd
,,,冗余三元组,39.0,1.0,是,extraction,38e1d37380a7519608b7025690633256c2d7865eeeda60653fee8757d9e4afaf
,,,冗余三元组,1.0,36.0,涉及问题,extraction,54c260d1a128014203ab4ed53ac05e9cb8405dd874e0b78e2a81b01ce110fecf
,,,冗余三元组,9.0,3.0,是,extraction,0ec99e7cb6f44635fcabc5bf332037bea07b228f7b51753076ef1e8382984bc4
,,,冗余三元组,10.0,38.0,是,extraction,b756eb5995473eefcaf0d5b4fb891f9eb9190e7e7f446761eaff99790520dd98
,,,冗余三元组,12.0,38.0,是,extraction,76d05d01998cae971c559874b8df42b2445eeafc6d81c360c7aecdbaf38c3f00
,,,冗余三元组,13.0,20.0,是,extraction,f536065857d8cffb8690029d0de8e595064374e0e38deb823e625bf375f96c61
,,,冗余三元组,1.0,31.0,涉及问题,extraction,ea08369126f7fbe0d95ca41a348902bab3f4d8e388232d1c4ed32a98fca9af59
,,,冗余三元组,3.0,1.0,权力类型,extraction,63bb5d4e71e6267d4835ef9479c9ff86b0b3ef916f5e6075b1750ed13e17cad3
,,,冗余三元组,44.0,1.0,行驶主体,extraction,5aa5bd754001b528942d9ff1cf92c0dac3eea5408ae1a3ad1be7b48dd6ad7bc6
,,,冗余三元组,44.0,1.0,承办机构,extraction,fe869ebaf0ddd080462b050806e1c882e39322a3f98c8d4b29b1d043af63148d
,,,冗余三元组,23.0,3.0,实施依据,extraction,365a514488858a29239444ea6807697216abe5039811b8ff6d729d3df6958386
,,,冗余三元组,39.0,1.0,是,extraction,38e1d37380a7519608b7025690633256c2d7865eeeda60653fee8757d9e4afaf
,,,冗余三元组,1.0,17.0,包含,extraction,1fc3ef991e7fa2ac5733227de5672bafdfeb183cb60c0fedb70c50247524ed19
,,,冗余三元组,9.0,3.0,是,extraction,0ec99e7cb6f44635fcabc5bf332037bea07b228f7b51753076ef1e8382984bc4
,,,冗余三元组,10.0,38.0,是,extraction,b756eb5995473eefcaf0d5b4fb891f9eb9190e7e7f446761eaff99790520dd98
,,,冗余三元组,12.0,38.0,是,extraction,76d05d01998cae971c559874b8df42b2445eeafc6d81c360c7aecdbaf38c3f00
,,,冗余三元组,13.0,5.0,是,extraction,507348e0a400849c992ed3d4db941f51b877314c064a446d1a19df892d7a6f73
,,,冗余三元组,39.0,1.0,是,extraction,38e1d37380a7519608b7025690633256c2d7865eeeda60653fee8757d9e4afaf
,,,冗余三元组,1.0,55.0,涉及问题,extraction,f2ffd7cbbde07203ef22704e812dc0c897a1f2dc5a5cc4fabb7f1bbafc6e63ed
,,,冗余三元组,9.0,3.0,是,extraction,0ec99e7cb6f44635fcabc5bf332037bea07b228f7b51753076ef1e8382984bc4
,,,冗余三元组,10.0,25.0,是,extraction,ad542489db79b38432a47864e6f61070ea6042115797987a3bcdb2baca19bebf
,,,冗余三元组,12.0,25.0,是,extraction,dc4ae0749038f60cf9a543d11bdbb3655270d3f1168c53408b231865a3b78a64
,,,冗余三元组,13.0,7.0,是,extraction,5173b273e53a3712e9a749ca6cf7b8e8d3b7641db772c202823ccb26f6087587
,,,冗余三元组,1.0,19.0,涉及行为,extraction,7f240590f2a7da25c488c633d39a09a722fedca13693b57fc75c819db158f3af
,,,冗余三元组,3.0,1.0,权力类型,extraction,63bb5d4e71e6267d4835ef9479c9ff86b0b3ef916f5e6075b1750ed13e17cad3
,,,冗余三元组,38.0,3.0,行驶主体,extraction,09efeab994a6d0a0d2474408b9050a4299990ea94ef2b0fd3b3f3c42b80c1d00
,,,冗余三元组,38.0,3.0,承办机构,extraction,3ffeb2c635f8eac91bfd409e9ffa26f73bbf4f4bb174d1a1c0cfa1334e723247
,,,冗余三元组,3.0,23.0,实施依据,extraction,50ab6d4e4a28dab63d889535df0083377ec5ea69c2cb93319237f8bffe946b3c
,,,冗余三元组,1.0,17.0,涉及事项,extraction,26e5b368d0569ae2cd1db86e58c1825b9d075b33fb779749f2c6991aaf9b42eb
,,,冗余三元组,3.0,1.0,权力类型,extraction,63bb5d4e71e6267d4835ef9479c9ff86b0b3ef916f5e6075b1750ed13e17cad3
,,,冗余三元组,22.0,3.0,行驶主体,extraction,63b889c6caaf61c3eefad202bc0e1a4344122b009d898e41612d2ce9411c9a90
,,,冗余三元组,22.0,3.0,承办机构,extraction,450ea2044227017296ffd8295e12ead624bac9ad5fb24c8dce7525315368e0fd
,,,冗余三元组,20.0,3.0,实施依据,extraction,74c469772883cc75830d6664aabca03b3c8bc471660e084cede3096ee903fa04
,,,冗余三元组,1.0,2.0,涉及事项,extraction,45a6b5e9b7acaaf964d4ba55ee382735953a50be79b9c5a63cfd56f3bfaa98e9
,,,冗余三元组,9.0,3.0,类型,extraction,7b4fd279b61586115fa2987e2d0371238853c4f6f63e89d0b451e4237f492a37
,,,冗余三元组,10.0,11.0,是,extraction,44a8fa7ea54ec2e41111a4f5dc6a9811dee8aa3aa19fb306f9177dfc86a9aea9
,,,冗余三元组,12.0,11.0,是,extraction,54710bbec3ca077fe79c80e1e95ea28a843633289f5bc6efe6abea14f6118623
,,,冗余三元组,13.0,7.0,依据,extraction,d4864a965000ee9dd6917b548bc6febdc16cd42bc472be9753ea85f92086c014
,,,冗余三元组,1.0,58.0,涉及,extraction,ebb5415c1b54071499b45a909f698aaec953682c36e97747e6aee00bc7e619d3
,,,冗余三元组,9.0,3.0,是,extraction,0ec99e7cb6f44635fcabc5bf332037bea07b228f7b51753076ef1e8382984bc4
,,,冗余三元组,10.0,41.0,是,extraction,6f83ced92a9691e5e14cc19bb1bc5463d86dfecb7bda23ec44eab17a27bf9ae5
,,,冗余三元组,12.0,41.0,是,extraction,a4b1a3ff2483dfe0fabc0a44c0aa6f73e99b87cf7ec502667cce0dc30a67f7b2
,,,冗余三元组,13.0,27.0,是,extraction,b6eab7714fb673bef9d283a76736709544e272990472859dc282d706a47931e5
,,,冗余三元组,9.0,3.0,是,extraction,0ec99e7cb6f44635fcabc5bf332037bea07b228f7b51753076ef1e8382984bc4
,,,冗余三元组,10.0,16.0,是,extraction,746a2100773446996a077ea20c54ba9035e03b7b31f93fb59a8ae3cd5a9d17da
,,,冗余三元组,12.0,16.0,是,extraction,02eb93de428eaa79f373e8be62591cfeadb588d7f8583ea3de7abacb8d43bb50
,,,冗余三元组,13.0,20.0,是,extraction,f536065857d8cffb8690029d0de8e595064374e0e38deb823e625bf375f96c61
,,,冗余三元组,1.0,15.0,包含行为,extraction,50889e3cad3a2af3fe5c788cdd352c4e79a5e965367902c33f7b1eab2a878616
,,,冗余三元组,3.0,9.0,属于,extraction,e243beb6cddf62185b7e7ffcf414a9105a2c5a93a0690b193f72c7a37fa3b5ca
,,,冗余三元组,16.0,12.0,也是,extraction,df6dd9b9809a5cf771cac0b640d7eb6b2c32ccc3ddd48ae7ca4b86db39047049
,,,冗余三元组,37.0,13.0,作为依据,extraction,35213ea558dcc724fdaa038c6bc9a54bff63e1af09538d6e3f3e0847da78cc3b
,,,冗余三元组,1.0,40.0,基于,extraction,a85624624539924188006fe19700cbca1e2a48322c712646b9353d0df3e1eb24
,,,冗余三元组,9.0,3.0,是,extraction,0ec99e7cb6f44635fcabc5bf332037bea07b228f7b51753076ef1e8382984bc4
,,,冗余三元组,10.0,4.0,是,extraction,4253afef8f3fd90e1effb4068d33d5af9bf9795c98a41a591346af581d8c5b13
,,,冗余三元组,12.0,4.0,是,extraction,157789d187fc7ed7a6f770e4112d938e1669ffabeec33b64ab160620d61c286f
,,,冗余三元组,13.0,29.0,是,extraction,ffa30b4f3216d3a8f56030cb4d33517361b4979ec19a58b4d3a546e9f0b38bdc
,,,冗余三元组,1.0,19.0,涉及行为,extraction,7f240590f2a7da25c488c633d39a09a722fedca13693b57fc75c819db158f3af
,,,冗余三元组,9.0,3.0,类型,extraction,7b4fd279b61586115fa2987e2d0371238853c4f6f63e89d0b451e4237f492a37
,,,冗余三元组,10.0,1.0,执行,extraction,1e2e32b9c6e3c954dff7fd9c6f7e8bfcb68e53a034f5c1b51d410ebf0c67bc77
,,,冗余三元组,12.0,1.0,执行,extraction,84b5297fc7b869bbeb18d3283c78bea26e48e1c9285d11e84259c5b4cfab184b
,,,冗余三元组,13.0,23.0,依据,extraction,261d8a0b0ca2188ace783a24764101378b7c17ac281bc02dccda4711d75c4f8a
,,,冗余三元组,1.0,24.0,基于,extraction,a5276488a9604d9649d8bacd34b068a0005e4d755aa469a2a15794604500ae4d
,,,冗余三元组,22.0,10.0,是,extraction,8d4dfdb004cd6cd2b55d81594940284833b7cf6b5cd357349d5e49c06d7f1ad9
,,,冗余三元组,22.0,12.0,也是,extraction,852857f864ae3a2ce6c780cc79a594343825695e6bd83a180fcef707d11525cf
,,,冗余三元组,13.0,37.0,来自,extraction,9be20541547878f5553f07386429b6cbeaf2db5b685571c8cecbbe71bcc82b2f
,,,冗余三元组,39.0,1.0,是,extraction,38e1d37380a7519608b7025690633256c2d7865eeeda60653fee8757d9e4afaf
,,,冗余三元组,1.0,34.0,包含,extraction,55e4afabf77afe2a5eab9a2e4e01194c0b9b6c241104b977092e714b9c92562f
,,,冗余三元组,9.0,3.0,是,extraction,0ec99e7cb6f44635fcabc5bf332037bea07b228f7b51753076ef1e8382984bc4
,,,冗余三元组,10.0,41.0,是,extraction,6f83ced92a9691e5e14cc19bb1bc5463d86dfecb7bda23ec44eab17a27bf9ae5
,,,冗余三元组,12.0,41.0,是,extraction,a4b1a3ff2483dfe0fabc0a44c0aa6f73e99b87cf7ec502667cce0dc30a67f7b2
,,,冗余三元组,13.0,50.0,是,extraction,c041f04873201647e0b342a86dacb602d31a2f7036dbbbcb8019ba08c7818ff2
,,,冗余三元组,1.0,40.0,基于,extraction,a85624624539924188006fe19700cbca1e2a48322c712646b9353d0df3e1eb24
,,,冗余三元组,9.0,3.0,是,extraction,0ec99e7cb6f44635fcabc5bf332037bea07b228f7b51753076ef1e8382984bc4
,,,冗余三元组,10.0,32.0,是,extraction,4da064cb343643cc890842dceaf67b09d17018b8caccfb9a66252b99aba7b2c2
,,,冗余三元组,12.0,32.0,是,extraction,9c4f6d970f0759ccf44ba88668fb20479c3f74345a7048810ee820b1947a78e1
,,,冗余三元组,13.0,7.0,是,extraction,5173b273e53a3712e9a749ca6cf7b8e8d3b7641db772c202823ccb26f6087587
,,,冗余三元组,1.0,21.0,包含,extraction,635d1027165abbabe82fa63c66c6183ad9893b0e011f20d0b6ad30d71c05ec2a
,,,冗余三元组,9.0,3.0,是,extraction,0ec99e7cb6f44635fcabc5bf332037bea07b228f7b51753076ef1e8382984bc4
,,,冗余三元组,10.0,11.0,是,extraction,44a8fa7ea54ec2e41111a4f5dc6a9811dee8aa3aa19fb306f9177dfc86a9aea9
,,,冗余三元组,12.0,11.0,是,extraction,54710bbec3ca077fe79c80e1e95ea28a843633289f5bc6efe6abea14f6118623
,,,冗余三元组,13.0,5.0,是,extraction,507348e0a400849c992ed3d4db941f51b877314c064a446d1a19df892d7a6f73
,,,冗余三元组,1.0,54.0,涉及领域,extraction,bf464bcbcd83e979756fbd8eee9d0f695e979e7851f7354e079d63510152047a
,,,冗余三元组,11.0,1.0,行驶主体,extraction,50e598b1826c6a6e16cbb761d7126c8286dd306ea8aefdffee154cbb615a866b
,,,冗余三元组,11.0,1.0,承办机构,extraction,ecacee85e506b895bb6ef636499570c58825c04c2655e0f358383dd8770dbffa
,,,冗余三元组,1.0,7.0,依据,extraction,ad207775734fc909831229d25a4f5b75a4caf54238f8d0d146d0f0b3eb2acaeb
,,,冗余三元组,1.0,6.0,涉及事项,extraction,63ed056176a358e5141eeb94299bb1cc5c1ba655d4c97bdb0e998157b41cd7a5
,,,冗余三元组,3.0,1.0,权力类型,extraction,63bb5d4e71e6267d4835ef9479c9ff86b0b3ef916f5e6075b1750ed13e17cad3
,,,冗余三元组,44.0,1.0,行驶主体,extraction,5aa5bd754001b528942d9ff1cf92c0dac3eea5408ae1a3ad1be7b48dd6ad7bc6
,,,冗余三元组,44.0,1.0,承办机构,extraction,fe869ebaf0ddd080462b050806e1c882e39322a3f98c8d4b29b1d043af63148d
,,,冗余三元组,35.0,1.0,实施依据,extraction,c2160bc37901fdb446bacf457f42f5af556fdcd5b45c0e99b283102cca9bc468
,,,冗余三元组,1.0,55.0,涉及,extraction,d3dce47df0bc87d9fc69992a5dfb419dc64d4ec5f6b002937da586081885a914
,,,冗余三元组,9.0,3.0,是,extraction,0ec99e7cb6f44635fcabc5bf332037bea07b228f7b51753076ef1e8382984bc4
,,,冗余三元组,10.0,38.0,是,extraction,b756eb5995473eefcaf0d5b4fb891f9eb9190e7e7f446761eaff99790520dd98
,,,冗余三元组,12.0,38.0,是,extraction,76d05d01998cae971c559874b8df42b2445eeafc6d81c360c7aecdbaf38c3f00
,,,冗余三元组,13.0,50.0,是,extraction,c041f04873201647e0b342a86dacb602d31a2f7036dbbbcb8019ba08c7818ff2
,,,冗余三元组,1.0,55.0,涉及,extraction,d3dce47df0bc87d9fc69992a5dfb419dc64d4ec5f6b002937da586081885a914
,,,冗余三元组,3.0,38.0,执行主体,extraction,5d250c09df8e146fdfa7a0a6ada52cf164aa944984285b51d98ad2bfa79d860f
,,,冗余三元组,38.0,10.0,是,extraction,353f87d2e9bef1aa7f353f594f5e93d101000fd95c7424d7dd6415c110489bf9
,,,冗余三元组,43.0,13.0,是,extraction,3d688af1e378eadbf05b930d14b5f5f3ead53233ac28a10560808629eb668e8b
,,,冗余三元组,1.0,28.0,涉及,extraction,3f9c3a7839c318c1c0bfcaf59a818cec18c0160e38147f2b67f25e4eb8a81f3f
,,,冗余三元组,9.0,3.0,是,extraction,0ec99e7cb6f44635fcabc5bf332037bea07b228f7b51753076ef1e8382984bc4
,,,冗余三元组,10.0,22.0,是,extraction,5a0b03998ab865a9402789a91f83ce5e2c3e8b9dc624370864b73747e8ad330a
,,,冗余三元组,12.0,22.0,是,extraction,51b7578f6e3f4d6aa73a569f8dfc21fce38f169c0202a35f222c3aebbfe18ce9
,,,冗余三元组,13.0,35.0,是,extraction,bdb6ae948fcb734a09a70e6199e73c6b4e1ee8988d36d946e8376162542ec754
,,,冗余三元组,1.0,53.0,涉及事项,extraction,f0541f7d0c2d3d04c56da88a6bc6ad2f2baea1220b292ed6fa4bf4744fe4e698
,,,冗余三元组,3.0,1.0,权力类型,extraction,63bb5d4e71e6267d4835ef9479c9ff86b0b3ef916f5e6075b1750ed13e17cad3
,,,冗余三元组,44.0,1.0,行驶主体,extraction,5aa5bd754001b528942d9ff1cf92c0dac3eea5408ae1a3ad1be7b48dd6ad7bc6
,,,冗余三元组,44.0,1.0,承办机构,extraction,fe869ebaf0ddd080462b050806e1c882e39322a3f98c8d4b29b1d043af63148d
,,,冗余三元组,5.0,1.0,实施依据,extraction,746c20bbe85a6c741c868997cbc091c7eddeafc57e2839c0cc9ba4fd6c55ad73
,,,冗余三元组,1.0,30.0,包含,extraction,b513d0b5fe620cfbed205f8d217fb4790ebfe54bd1dacc6452fdd584f0bbdfd5
,,,冗余三元组,9.0,3.0,是,extraction,0ec99e7cb6f44635fcabc5bf332037bea07b228f7b51753076ef1e8382984bc4
,,,冗余三元组,10.0,4.0,是,extraction,4253afef8f3fd90e1effb4068d33d5af9bf9795c98a41a591346af581d8c5b13
,,,冗余三元组,12.0,4.0,是,extraction,157789d187fc7ed7a6f770e4112d938e1669ffabeec33b64ab160620d61c286f
,,,冗余三元组,13.0,27.0,是,extraction,b6eab7714fb673bef9d283a76736709544e272990472859dc282d706a47931e5
,,,冗余三元组,1.0,28.0,涉及内容,extraction,ac3ee725f8a339f9fbd2a7028b68d899a9b8e5be581c35045e4b8bfb3dc079c3
,,,冗余三元组,9.0,3.0,类型,extraction,7b4fd279b61586115fa2987e2d0371238853c4f6f63e89d0b451e4237f492a37
,,,冗余三元组,38.0,1.0,承办机构,extraction,b14641014ea8d3db9ba04ac2bb249443dd5f26425e740d86371e870ef2d4a84a
,,,冗余三元组,1.0,61.0,依据,extraction,5e6ea6d02b5ab83f1d23705347ee800e957a409a66bf963b37943f8f33137958
,,,冗余三元组,1.0,30.0,涉及,extraction,f791f6ad50cca9a9432e1d95b6ef54bd1b64b5eb692d18dc2f430e81dd5537c2
,,,冗余三元组,9.0,3.0,是,extraction,0ec99e7cb6f44635fcabc5bf332037bea07b228f7b51753076ef1e8382984bc4
,,,冗余三元组,10.0,26.0,是,extraction,89fbb5ae30c6220e41f165591e4df027877c140a72033fe0680e44206164aa17
,,,冗余三元组,12.0,26.0,是,extraction,a3817cab3fccbfd1b94576c85b68cfb0ff0511791fe7ada5dd7c10500502e531
,,,冗余三元组,13.0,7.0,是,extraction,5173b273e53a3712e9a749ca6cf7b8e8d3b7641db772c202823ccb26f6087587
,,,冗余三元组,1.0,2.0,涉及事项,extraction,45a6b5e9b7acaaf964d4ba55ee382735953a50be79b9c5a63cfd56f3bfaa98e9
,,,冗余三元组,3.0,1.0,权力类型,extraction,63bb5d4e71e6267d4835ef9479c9ff86b0b3ef916f5e6075b1750ed13e17cad3
,,,冗余三元组,25.0,1.0,行驶主体,extraction,f8d14ca82df048e60e8e15e838aee0937165e7863b618cad5ab1fa07cbe6c922
,,,冗余三元组,25.0,1.0,承办机构,extraction,52233a544f4c28cfdd7e8c323198ffbcd53a5927d355c09f9eb314df01568645
,,,冗余三元组,23.0,1.0,实施依据,extraction,38e452b8d15dc7858dd36229d7d1d00af4852cea15d7b71d1d6320aef92fe236
,,,冗余三元组,39.0,1.0,是,extraction,38e1d37380a7519608b7025690633256c2d7865eeeda60653fee8757d9e4afaf
,,,冗余三元组,9.0,3.0,是,extraction,0ec99e7cb6f44635fcabc5bf332037bea07b228f7b51753076ef1e8382984bc4
,,,冗余三元组,10.0,44.0,是,extraction,53854b14f84a4f7bcec4288babeeb93d9202a8f1247a14098e9a02982cc95640
,,,冗余三元组,12.0,44.0,是,extraction,de41cd62c11f82837c5925e3426f42630d0bc935f1a9e33489b933acda4b7831
,,,冗余三元组,13.0,14.0,是,extraction,bfbeedc7e6daf4f851060b875d14b5b7c1dab5b695356d4176fd018de0894ae2
,,,冗余三元组,1.0,31.0,涉及问题,extraction,ea08369126f7fbe0d95ca41a348902bab3f4d8e388232d1c4ed32a98fca9af59
,,,冗余三元组,3.0,1.0,权力类型,extraction,63bb5d4e71e6267d4835ef9479c9ff86b0b3ef916f5e6075b1750ed13e17cad3
,,,冗余三元组,4.0,3.0,行驶主体,extraction,65bd830d3a69c947ab33e8bccf4d7c9239947243f009a12164fa2b3d4defa4e5
,,,冗余三元组,4.0,3.0,承办机构,extraction,552f0352c4383de1ccdd6574c3a3cf1febf987d93f20f8b4d8f312f665277ccd
,,,冗余三元组,27.0,3.0,实施依据,extraction,13ecae60e92e941ef4d9485768d111c391b72853ef20b0f5a42b8bcdde18e40b
,,,冗余三元组,1.0,62.0,涉及问题,extraction,2a934fc7a5fcf782dd1e2daadb598b9eafb710e91a5aa9232b2ceb713d26918f
,,,冗余三元组,3.0,1.0,权力类型,extraction,63bb5d4e71e6267d4835ef9479c9ff86b0b3ef916f5e6075b1750ed13e17cad3
,,,冗余三元组,16.0,3.0,行驶主体,extraction,dcf915ca16fdd03067ac26bed4e74e74a9239bdbd1f71068aedeb4f177f92df1
,,,冗余三元组,16.0,3.0,承办机构,extraction,1845bf4af0283ae739a3edd822fa3a6e7302f5b26eae67bdd654099cddf35e9f
,,,冗余三元组,3.0,23.0,实施依据,extraction,50ab6d4e4a28dab63d889535df0083377ec5ea69c2cb93319237f8bffe946b3c
,,,冗余三元组,1.0,2.0,涉及事项,extraction,45a6b5e9b7acaaf964d4ba55ee382735953a50be79b9c5a63cfd56f3bfaa98e9
,,,冗余三元组,3.0,1.0,权力类型,extraction,63bb5d4e71e6267d4835ef9479c9ff86b0b3ef916f5e6075b1750ed13e17cad3
,,,冗余三元组,44.0,1.0,行驶主体,extraction,5aa5bd754001b528942d9ff1cf92c0dac3eea5408ae1a3ad1be7b48dd6ad7bc6
,,,冗余三元组,44.0,1.0,承办机构,extraction,fe869ebaf0ddd080462b050806e1c882e39322a3f98c8d4b29b1d043af63148d
,,,冗余三元组,20.0,1.0,实施依据,extraction,fa879230d50cba26fe3e25fda133ad3500d518880a888364d68f6f0c8fcf6adf
,,,冗余三元组,1.0,54.0,涉及领域,extraction,bf464bcbcd83e979756fbd8eee9d0f695e979e7851f7354e079d63510152047a
,,,冗余三元组,3.0,1.0,权力类型,extraction,63bb5d4e71e6267d4835ef9479c9ff86b0b3ef916f5e6075b1750ed13e17cad3
,,,冗余三元组,22.0,1.0,行驶主体,extraction,51b40b4c4f91240a5d323aaa57fa14fc575345cbc5dfbd5960fee3546a9d8c6c
,,,冗余三元组,22.0,1.0,承办机构,extraction,9c49a1220338386706f2952f161469c3bd5f784a5b99fbb95a8b8222c52b3a33
,,,冗余三元组,1.0,5.0,依据,extraction,1ea7450430c6e25edf81e6ecf2f8dbbbbd3c1ca33319839a0f1c3459a61d2b2e
,,,冗余三元组,39.0,1.0,是,extraction,38e1d37380a7519608b7025690633256c2d7865eeeda60653fee8757d9e4afaf
,,,冗余三元组,1.0,34.0,包含,extraction,55e4afabf77afe2a5eab9a2e4e01194c0b9b6c241104b977092e714b9c92562f
,,,冗余三元组,9.0,3.0,是,extraction,0ec99e7cb6f44635fcabc5bf332037bea07b228f7b51753076ef1e8382984bc4
,,,冗余三元组,10.0,41.0,是,extraction,6f83ced92a9691e5e14cc19bb1bc5463d86dfecb7bda23ec44eab17a27bf9ae5
,,,冗余三元组,12.0,41.0,是,extraction,a4b1a3ff2483dfe0fabc0a44c0aa6f73e99b87cf7ec502667cce0dc30a67f7b2
,,,冗余三元组,13.0,14.0,是,extraction,bfbeedc7e6daf4f851060b875d14b5b7c1dab5b695356d4176fd018de0894ae2
,,,冗余三元组,1.0,17.0,涉及事项,extraction,26e5b368d0569ae2cd1db86e58c1825b9d075b33fb779749f2c6991aaf9b42eb
,,,冗余三元组,3.0,1.0,权力类型,extraction,63bb5d4e71e6267d4835ef9479c9ff86b0b3ef916f5e6075b1750ed13e17cad3
,,,冗余三元组,41.0,1.0,行驶主体,extraction,3e203c1cd5240efde0e6a6d05bb4f8d4f3f80b46e735202ba3011d3e2801f0a1
,,,冗余三元组,41.0,1.0,承办机构,extraction,379f2c27a6c0b2eecca7d7b46b22ef51fefdad08ac0ee7abd453d5173a893b67
,,,冗余三元组,1.0,7.0,依据,extraction,ad207775734fc909831229d25a4f5b75a4caf54238f8d0d146d0f0b3eb2acaeb
,,,冗余三元组,1.0,24.0,基于,extraction,a5276488a9604d9649d8bacd34b068a0005e4d755aa469a2a15794604500ae4d
,,,冗余三元组,16.0,3.0,执行,extraction,a806fa1fb968dc85561080bb9bc13455d517a2706605e3b4e4422b831904a52b
,,,冗余三元组,16.0,10.0,是,extraction,0676f80814a944f0133efe570d87a4210481e5da6dd1982bbdd57d1a6f69161c
,,,冗余三元组,27.0,13.0,是,extraction,917066b6c21462a9422010b24a74af2f2d92b54f02479de50b7817b7fd39a8bd
,,,冗余三元组,1.0,47.0,涉及事项,extraction,410fd6754fd95d077ef04ff964ec4dd009afe4ed77694bf6c52b18682d5b8662
,,,冗余三元组,3.0,1.0,权力类型,extraction,63bb5d4e71e6267d4835ef9479c9ff86b0b3ef916f5e6075b1750ed13e17cad3
,,,冗余三元组,41.0,1.0,行驶主体,extraction,3e203c1cd5240efde0e6a6d05bb4f8d4f3f80b46e735202ba3011d3e2801f0a1
,,,冗余三元组,41.0,1.0,承办机构,extraction,379f2c27a6c0b2eecca7d7b46b22ef51fefdad08ac0ee7abd453d5173a893b67
,,,冗余三元组,1.0,5.0,依据,extraction,1ea7450430c6e25edf81e6ecf2f8dbbbbd3c1ca33319839a0f1c3459a61d2b2e
,,,冗余三元组,1.0,34.0,包含,extraction,55e4afabf77afe2a5eab9a2e4e01194c0b9b6c241104b977092e714b9c92562f
,,,冗余三元组,9.0,3.0,是,extraction,0ec99e7cb6f44635fcabc5bf332037bea07b228f7b51753076ef1e8382984bc4
,,,冗余三元组,10.0,38.0,是,extraction,b756eb5995473eefcaf0d5b4fb891f9eb9190e7e7f446761eaff99790520dd98
,,,冗余三元组,12.0,38.0,是,extraction,76d05d01998cae971c559874b8df42b2445eeafc6d81c360c7aecdbaf38c3f00
,,,冗余三元组,13.0,20.0,是,extraction,f536065857d8cffb8690029d0de8e595064374e0e38deb823e625bf375f96c61
,,,冗余三元组,1.0,31.0,涉及问题,extraction,ea08369126f7fbe0d95ca41a348902bab3f4d8e388232d1c4ed32a98fca9af59
,,,冗余三元组,3.0,9.0,属于,extraction,e243beb6cddf62185b7e7ffcf414a9105a2c5a93a0690b193f72c7a37fa3b5ca
,,,冗余三元组,4.0,10.0,是,extraction,405ee0479fbe9349bf4d7f80e41aa0b180ea76cc97f2a2f1d2bb9ae121a3a117
,,,冗余三元组,1.0,45.0,涉及事项,extraction,dd7fe96509b2c5c33db03e133555278b4cecbf544b6fac7dea1158a8470efe3a
,,,冗余三元组,3.0,1.0,权力类型,extraction,63bb5d4e71e6267d4835ef9479c9ff86b0b3ef916f5e6075b1750ed13e17cad3
,,,冗余三元组,16.0,3.0,行驶主体,extraction,dcf915ca16fdd03067ac26bed4e74e74a9239bdbd1f71068aedeb4f177f92df1
,,,冗余三元组,16.0,3.0,承办机构,extraction,1845bf4af0283ae739a3edd822fa3a6e7302f5b26eae67bdd654099cddf35e9f
,,,冗余三元组,3.0,57.0,实施依据,extraction,e01b7835e54581abfa657b1808a0522bf40cbca9262bf39e569a750cf19f593f
,,,冗余三元组,1.0,62.0,涉及问题,extraction,2a934fc7a5fcf782dd1e2daadb598b9eafb710e91a5aa9232b2ceb713d26918f
,,,冗余三元组,9.0,3.0,类型,extraction,7b4fd279b61586115fa2987e2d0371238853c4f6f63e89d0b451e4237f492a37
,,,冗余三元组,13.0,14.0,依据,extraction,a2eb541ec1cc248a409caaa01d3475d12bf1e9021e6d2ae233e8b37cbb30b8f4
,,,冗余三元组,1.0,58.0,涉及,extraction,ebb5415c1b54071499b45a909f698aaec953682c36e97747e6aee00bc7e619d3
,,,冗余三元组,9.0,3.0,是,extraction,0ec99e7cb6f44635fcabc5bf332037bea07b228f7b51753076ef1e8382984bc4
,,,冗余三元组,10.0,16.0,是,extraction,746a2100773446996a077ea20c54ba9035e03b7b31f93fb59a8ae3cd5a9d17da
,,,冗余三元组,12.0,16.0,是,extraction,02eb93de428eaa79f373e8be62591cfeadb588d7f8583ea3de7abacb8d43bb50
,,,冗余三元组,13.0,43.0,是,extraction,ade982e693329bd738b2be4fef11a25c3536423672e3d1c585cae98131a035d0
,,,冗余三元组,39.0,1.0,是,extraction,38e1d37380a7519608b7025690633256c2d7865eeeda60653fee8757d9e4afaf
,,,冗余三元组,1.0,54.0,涉及领域,extraction,bf464bcbcd83e979756fbd8eee9d0f695e979e7851f7354e079d63510152047a
,,,冗余三元组,9.0,3.0,是,extraction,0ec99e7cb6f44635fcabc5bf332037bea07b228f7b51753076ef1e8382984bc4
,,,冗余三元组,10.0,4.0,是,extraction,4253afef8f3fd90e1effb4068d33d5af9bf9795c98a41a591346af581d8c5b13
,,,冗余三元组,12.0,4.0,是,extraction,157789d187fc7ed7a6f770e4112d938e1669ffabeec33b64ab160620d61c286f
,,,冗余三元组,13.0,35.0,是,extraction,bdb6ae948fcb734a09a70e6199e73c6b4e1ee8988d36d946e8376162542ec754
,,,冗余三元组,1.0,46.0,包含,extraction,43de48e1fd0d3973027e232e73e22a3174566b69b4fe0e1932b85469761532cb
,,,冗余三元组,9.0,3.0,是,extraction,0ec99e7cb6f44635fcabc5bf332037bea07b228f7b51753076ef1e8382984bc4
,,,冗余三元组,10.0,22.0,是,extraction,5a0b03998ab865a9402789a91f83ce5e2c3e8b9dc624370864b73747e8ad330a
,,,冗余三元组,12.0,22.0,是,extraction,51b7578f6e3f4d6aa73a569f8dfc21fce38f169c0202a35f222c3aebbfe18ce9
,,,冗余三元组,13.0,37.0,是,extraction,11ad231736d8e934254b836f208f0b302e4d9e38c23214e2036235899cb04fe6
,,,冗余三元组,1.0,2.0,涉及事项,extraction,45a6b5e9b7acaaf964d4ba55ee382735953a50be79b9c5a63cfd56f3bfaa98e9
,,,冗余三元组,3.0,1.0,权力类型,extraction,63bb5d4e71e6267d4835ef9479c9ff86b0b3ef916f5e6075b1750ed13e17cad3
,,,冗余三元组,38.0,1.0,行驶主体,extraction,d0e87a0daf3bc1ed7bad39f66dc6d8ee74064b05fe94192417c8b6e3e4cd53a9
,,,冗余三元组,38.0,1.0,承办机构,extraction,b14641014ea8d3db9ba04ac2bb249443dd5f26425e740d86371e870ef2d4a84a
,,,冗余三元组,50.0,1.0,实施依据,extraction,f457526c1cfb3555ddaf37521754b077e421b97c6e91ba6f2f018b313f33247d
,,,冗余三元组,1.0,53.0,涉及事项,extraction,f0541f7d0c2d3d04c56da88a6bc6ad2f2baea1220b292ed6fa4bf4744fe4e698
,,,冗余三元组,9.0,3.0,是,extraction,0ec99e7cb6f44635fcabc5bf332037bea07b228f7b51753076ef1e8382984bc4
,,,冗余三元组,10.0,22.0,是,extraction,5a0b03998ab865a9402789a91f83ce5e2c3e8b9dc624370864b73747e8ad330a
,,,冗余三元组,12.0,22.0,是,extraction,51b7578f6e3f4d6aa73a569f8dfc21fce38f169c0202a35f222c3aebbfe18ce9
,,,冗余三元组,13.0,14.0,是,extraction,bfbeedc7e6daf4f851060b875d14b5b7c1dab5b695356d4176fd018de0894ae2
,,,冗余三元组,1.0,2.0,涉及事项,extraction,45a6b5e9b7acaaf964d4ba55ee382735953a50be79b9c5a63cfd56f3bfaa98e9
,,,冗余三元组,3.0,1.0,权力类型,extraction,63bb5d4e71e6267d4835ef9479c9ff86b0b3ef916f5e6075b1750ed13e17cad3
,,,冗余三元组,38.0,1.0,行驶主体,extraction,d0e87a0daf3bc1ed7bad39f66dc6d8ee74064b05fe94192417c8b6e3e4cd53a9
,,,冗余三元组,38.0,1.0,承办机构,extraction,b14641014ea8d3db9ba04ac2bb249443dd5f26425e740d86371e870ef2d4a84a
,,,冗余三元组,1.0,56.0,依据,extraction,0b8eed9df092a87521a36028dec03a389608968a1abd66630aeacb2b566d40d1
,,,冗余三元组,1.0,51.0,包含行为,extraction,f8a8dc8a03ea22f0c99fcbd7990d1f03fe9b84cf3f283d29a67c08ec33604bcb
,,,冗余三元组,9.0,3.0,是,extraction,0ec99e7cb6f44635fcabc5bf332037bea07b228f7b51753076ef1e8382984bc4
,,,冗余三元组,10.0,11.0,是,extraction,44a8fa7ea54ec2e41111a4f5dc6a9811dee8aa3aa19fb306f9177dfc86a9aea9
,,,冗余三元组,12.0,11.0,是,extraction,54710bbec3ca077fe79c80e1e95ea28a843633289f5bc6efe6abea14f6118623
,,,冗余三元组,13.0,27.0,是,extraction,b6eab7714fb673bef9d283a76736709544e272990472859dc282d706a47931e5
,,,冗余三元组,1.0,40.0,涉及内容,extraction,de20e85db7086358cf9286abdebf47adc291c16b26f2f272b53ee25a61196b6a
,,,冗余三元组,9.0,3.0,类型,extraction,7b4fd279b61586115fa2987e2d0371238853c4f6f63e89d0b451e4237f492a37
,,,冗余三元组,10.0,11.0,是,extraction,44a8fa7ea54ec2e41111a4f5dc6a9811dee8aa3aa19fb306f9177dfc86a9aea9
,,,冗余三元组,12.0,11.0,是,extraction,54710bbec3ca077fe79c80e1e95ea28a843633289f5bc6efe6abea14f6118623
,,,冗余三元组,13.0,33.0,是,extraction,fc4553073462fe666aaa676d985116bc290a0c71f03fb633205f00b4fcf4ff71
,,,冗余三元组,1.0,24.0,基于,extraction,a5276488a9604d9649d8bacd34b068a0005e4d755aa469a2a15794604500ae4d
,,,冗余三元组,11.0,3.0,行使主体,extraction,52a44d439791febe0ffc89cc180b9d469575da2f4e45b4ca6793cf9229de31b0
,,,冗余三元组,11.0,11.0,承办机构,extraction,3064d52359784aef0ee5015c7dc8168945918e9e558931c3f2e4ffbb44b38344
,,,冗余三元组,1.0,24.0,基于,extraction,a5276488a9604d9649d8bacd34b068a0005e4d755aa469a2a15794604500ae4d
,,,冗余三元组,11.0,3.0,行使主体,extraction,52a44d439791febe0ffc89cc180b9d469575da2f4e45b4ca6793cf9229de31b0
,,,冗余三元组,11.0,11.0,承办机构,extraction,3064d52359784aef0ee5015c7dc8168945918e9e558931c3f2e4ffbb44b38344
,,,冗余三元组,11.0,57.0,依据,extraction,4eb3e2e0d4b1db9bf62d7dce710ab9cb7e84b4faf984b8cf57ea919d291ed7bb
,,,冗余三元组,1.0,52.0,包含,extraction,65aa9d8836d9408071d2ab46124ddeb7f4ac0702d8710d1e2c37dda2c678d8d3
,,,冗余三元组,9.0,3.0,是,extraction,0ec99e7cb6f44635fcabc5bf332037bea07b228f7b51753076ef1e8382984bc4
,,,冗余三元组,10.0,22.0,是,extraction,5a0b03998ab865a9402789a91f83ce5e2c3e8b9dc624370864b73747e8ad330a
,,,冗余三元组,12.0,22.0,是,extraction,51b7578f6e3f4d6aa73a569f8dfc21fce38f169c0202a35f222c3aebbfe18ce9
,,,冗余三元组,13.0,29.0,是,extraction,ffa30b4f3216d3a8f56030cb4d33517361b4979ec19a58b4d3a546e9f0b38bdc
,,,冗余三元组,1.0,48.0,涉及内容,extraction,c90c36bc34d7f04fedfc793b0376221c7073cfdcfd8648ced932e92d2e837f7a
,,,冗余三元组,3.0,1.0,权力类型,extraction,63bb5d4e71e6267d4835ef9479c9ff86b0b3ef916f5e6075b1750ed13e17cad3
,,,冗余三元组,11.0,1.0,行驶主体,extraction,50e598b1826c6a6e16cbb761d7126c8286dd306ea8aefdffee154cbb615a866b
,,,冗余三元组,11.0,1.0,承办机构,extraction,ecacee85e506b895bb6ef636499570c58825c04c2655e0f358383dd8770dbffa
,,,冗余三元组,1.0,14.0,实施依据,extraction,86a585785321be79b433ed2131da5d315c88dcee88be270a52a3c3fec56e323b
,,,冗余三元组,1.0,60.0,涉及领域,extraction,25fe9bcaeb7e004a7f7cb1fcb4d291c2a96c608fd8ff4641bee8109287b07717
,,,冗余三元组,1.0,34.0,包含,extraction,55e4afabf77afe2a5eab9a2e4e01194c0b9b6c241104b977092e714b9c92562f
,,,冗余三元组,9.0,3.0,是,extraction,0ec99e7cb6f44635fcabc5bf332037bea07b228f7b51753076ef1e8382984bc4
,,,冗余三元组,10.0,41.0,是,extraction,6f83ced92a9691e5e14cc19bb1bc5463d86dfecb7bda23ec44eab17a27bf9ae5
,,,冗余三元组,12.0,41.0,是,extraction,a4b1a3ff2483dfe0fabc0a44c0aa6f73e99b87cf7ec502667cce0dc30a67f7b2
,,,冗余三元组,13.0,50.0,是,extraction,c041f04873201647e0b342a86dacb602d31a2f7036dbbbcb8019ba08c7818ff2
,,,冗余三元组,1.0,51.0,涉及行为,extraction,4d50e735db0c7c921debcd5d22ac59a9a9275f523e4dfe60a64102e7ab70d731
,,,冗余三元组,1.0,30.0,涉及,extraction,f791f6ad50cca9a9432e1d95b6ef54bd1b64b5eb692d18dc2f430e81dd5537c2
,,,冗余三元组,9.0,3.0,是,extraction,0ec99e7cb6f44635fcabc5bf332037bea07b228f7b51753076ef1e8382984bc4
,,,冗余三元组,10.0,25.0,是,extraction,ad542489db79b38432a47864e6f61070ea6042115797987a3bcdb2baca19bebf
,,,冗余三元组,12.0,25.0,是,extraction,dc4ae0749038f60cf9a543d11bdbb3655270d3f1168c53408b231865a3b78a64
,,,冗余三元组,13.0,29.0,是,extraction,ffa30b4f3216d3a8f56030cb4d33517361b4979ec19a58b4d3a546e9f0b38bdc
,,,冗余三元组,1.0,31.0,涉及问题,extraction,ea08369126f7fbe0d95ca41a348902bab3f4d8e388232d1c4ed32a98fca9af59
,,,冗余三元组,3.0,1.0,权力类型,extraction,63bb5d4e71e6267d4835ef9479c9ff86b0b3ef916f5e6075b1750ed13e17cad3
,,,冗余三元组,22.0,1.0,行驶主体,extraction,51b40b4c4f91240a5d323aaa57fa14fc575345cbc5dfbd5960fee3546a9d8c6c
,,,冗余三元组,22.0,1.0,承办机构,extraction,9c49a1220338386706f2952f161469c3bd5f784a5b99fbb95a8b8222c52b3a33
,,,冗余三元组,1.0,37.0,依据,extraction,9baf4dc889d264b4d09564a7e039327e8719109dcf2689d6e76c356b4984da9c
,,,冗余三元组,1.0,42.0,涉及事项,extraction,6fa1fbc925e7b9f7909377c8fdb4e224f49dc4ac4ecc0317653a80654e14e7bc
,,,冗余三元组,3.0,1.0,权力类型,extraction,63bb5d4e71e6267d4835ef9479c9ff86b0b3ef916f5e6075b1750ed13e17cad3
,,,冗余三元组,4.0,3.0,行驶主体,extraction,65bd830d3a69c947ab33e8bccf4d7c9239947243f009a12164fa2b3d4defa4e5
,,,冗余三元组,4.0,3.0,承办机构,extraction,552f0352c4383de1ccdd6574c3a3cf1febf987d93f20f8b4d8f312f665277ccd
,,,冗余三元组,49.0,3.0,实施依据,extraction,2eb1dcc4ce01375fecbdbca4cf13458825c23886e919a0bc154ca2373ee95e13
,,,冗余三元组,1.0,36.0,涉及问题,extraction,54c260d1a128014203ab4ed53ac05e9cb8405dd874e0b78e2a81b01ce110fecf
,,,冗余三元组,3.0,1.0,权力类型,extraction,63bb5d4e71e6267d4835ef9479c9ff86b0b3ef916f5e6075b1750ed13e17cad3
,,,冗余三元组,38.0,3.0,行驶主体,extraction,09efeab994a6d0a0d2474408b9050a4299990ea94ef2b0fd3b3f3c42b80c1d00
,,,冗余三元组,38.0,3.0,承办机构,extraction,3ffeb2c635f8eac91bfd409e9ffa26f73bbf4f4bb174d1a1c0cfa1334e723247
,,,冗余三元组,1.0,62.0,基于,extraction,107e1bb0950b774ff9f05ec19639e02422cf10def6be35db13c2495e5a4effe2
,,,冗余三元组,32.0,10.0,是,extraction,ae247fb41c98d8ccabb2d83a667742af89f55090577015a55d4edf49d86c0aa5
,,,冗余三元组,32.0,12.0,是,extraction,57ee03c2de6ce64ededdcf78ba467640a2b6884aeddc30f8c18ecc2bad9b9d88
,,,冗余三元组,3.0,5.0,依据,extraction,64790d95a2d2e906eca21b3a197ae37c528b0a32d460fad1cc89c5b7ba0efd90
,,,冗余三元组,1.0,24.0,基于,extraction,a5276488a9604d9649d8bacd34b068a0005e4d755aa469a2a15794604500ae4d
,,,冗余三元组,9.0,3.0,是,extraction,0ec99e7cb6f44635fcabc5bf332037bea07b228f7b51753076ef1e8382984bc4
,,,冗余三元组,10.0,25.0,为,extraction,14eb8cd0d77ed5391b9d37dc27fe68abd7670df3ba47dcd28eb6861f63d38e07
,,,冗余三元组,12.0,25.0,为,extraction,95495f064660a3f109251dafe2c267d79bb3d759704576cd0f4930aedae02db4
,,,冗余三元组,13.0,20.0,是,extraction,f536065857d8cffb8690029d0de8e595064374e0e38deb823e625bf375f96c61
,,,冗余三元组,1.0,60.0,涉及领域,extraction,25fe9bcaeb7e004a7f7cb1fcb4d291c2a96c608fd8ff4641bee8109287b07717
,,,冗余三元组,3.0,1.0,权力类型,extraction,63bb5d4e71e6267d4835ef9479c9ff86b0b3ef916f5e6075b1750ed13e17cad3
,,,冗余三元组,44.0,1.0,行驶主体,extraction,5aa5bd754001b528942d9ff1cf92c0dac3eea5408ae1a3ad1be7b48dd6ad7bc6
,,,冗余三元组,44.0,1.0,承办机构,extraction,fe869ebaf0ddd080462b050806e1c882e39322a3f98c8d4b29b1d043af63148d
,,,冗余三元组,23.0,3.0,实施依据,extraction,365a514488858a29239444ea6807697216abe5039811b8ff6d729d3df6958386
,,,冗余三元组,1.0,24.0,基于,extraction,a5276488a9604d9649d8bacd34b068a0005e4d755aa469a2a15794604500ae4d
,,,冗余三元组,9.0,3.0,是,extraction,0ec99e7cb6f44635fcabc5bf332037bea07b228f7b51753076ef1e8382984bc4
,,,冗余三元组,10.0,26.0,是,extraction,89fbb5ae30c6220e41f165591e4df027877c140a72033fe0680e44206164aa17
,,,冗余三元组,12.0,26.0,是,extraction,a3817cab3fccbfd1b94576c85b68cfb0ff0511791fe7ada5dd7c10500502e531
,,,冗余三元组,13.0,5.0,是,extraction,507348e0a400849c992ed3d4db941f51b877314c064a446d1a19df892d7a6f73
,,,冗余三元组,1.0,53.0,涉及事项,extraction,f0541f7d0c2d3d04c56da88a6bc6ad2f2baea1220b292ed6fa4bf4744fe4e698
,,,冗余三元组,3.0,1.0,权力类型,extraction,63bb5d4e71e6267d4835ef9479c9ff86b0b3ef916f5e6075b1750ed13e17cad3
,,,冗余三元组,32.0,3.0,行驶主体,extraction,25aa2c1e152670ddfb23d68a0ae7e021b4a2e63a8a68352208fab8aba8a37318
,,,冗余三元组,32.0,3.0,承办机构,extraction,7cfdba5de59642b67f9924e80b0324afb048e0e5fbe8a9a65ee9100edeae0749
,,,冗余三元组,29.0,3.0,实施依据,extraction,cd40df6a540917691517a57a5b1cf5b96661ca5fb5dc29fae67c4de0bc29abf0
,,,冗余三元组,1.0,40.0,涉及内容,extraction,de20e85db7086358cf9286abdebf47adc291c16b26f2f272b53ee25a61196b6a
,,,冗余三元组,3.0,1.0,权力类型,extraction,63bb5d4e71e6267d4835ef9479c9ff86b0b3ef916f5e6075b1750ed13e17cad3
,,,冗余三元组,26.0,1.0,行驶主体,extraction,c02b72a8d8a1775ff7e7978594abd6b5422b51c7c4fffd7eac711ff69bf88a97
,,,冗余三元组,26.0,1.0,承办机构,extraction,69ebaebdf045cea8cb77aa5e448d960f3c2e8a6fbe335676bbabaa00d3c918e5
,,,冗余三元组,1.0,23.0,依据,extraction,0c4e2a2eed4772431ff0a6f635bec43d213b808cd3ebb9e90f0dd418ba282cb2
,,,冗余三元组,1.0,15.0,包含行为,extraction,50889e3cad3a2af3fe5c788cdd352c4e79a5e965367902c33f7b1eab2a878616
,,,冗余三元组,13.0,43.0,来自,extraction,8eea1f520c36032f43ebb3a8709204173f9325abe934920aa4c764d84a3b5e84
,,,冗余三元组,22.0,12.0,是,extraction,31eb7cafbff887d2b3e1f4698e773ee6ab9e06a6ec2c9f60f112e70c64032850
,,,冗余三元组,1.0,8.0,涉及内容,extraction,d02de960772b95844ead284f303c0cc0a431bb9e9d2e2a9acb00d12d4b09753a
,,,冗余三元组,9.0,3.0,类型,extraction,7b4fd279b61586115fa2987e2d0371238853c4f6f63e89d0b451e4237f492a37
,,,冗余三元组,10.0,38.0,为,extraction,5ddc7b1fc48883a5e967168874c64392fa0fe4ea5fdaf4bd7da8b73830c63db5
,,,冗余三元组,12.0,38.0,为,extraction,3bed19f47e0da12a9630876a72e5d8181c1bfc8bcb4b47fbf461ed632e79fe62
,,,冗余三元组,1.0,45.0,涉及事项,extraction,dd7fe96509b2c5c33db03e133555278b4cecbf544b6fac7dea1158a8470efe3a
,,,冗余三元组,11.0,1.0,行驶主体,extraction,50e598b1826c6a6e16cbb761d7126c8286dd306ea8aefdffee154cbb615a866b
,,,冗余三元组,11.0,1.0,承办机构,extraction,ecacee85e506b895bb6ef636499570c58825c04c2655e0f358383dd8770dbffa
,,,冗余三元组,1.0,5.0,依据,extraction,1ea7450430c6e25edf81e6ecf2f8dbbbbd3c1ca33319839a0f1c3459a61d2b2e
,,,冗余三元组,1.0,17.0,涉及事项,extraction,26e5b368d0569ae2cd1db86e58c1825b9d075b33fb779749f2c6991aaf9b42eb
,,,冗余三元组,3.0,1.0,权力类型,extraction,63bb5d4e71e6267d4835ef9479c9ff86b0b3ef916f5e6075b1750ed13e17cad3
,,,冗余三元组,41.0,3.0,行驶主体,extraction,5d84b9822209fd7fa7d92babdb835190241b68fe5b5aea19e9da5dd2dd78f41f
,,,冗余三元组,41.0,3.0,承办机构,extraction,48e2d4897373891400d86d526f3e14fa122a8369676e5750befd6236e4886a23
,,,冗余三元组,14.0,3.0,实施依据,extraction,b2a34d3077aee5e73c915f123942606ad10c818ac195f73a26fa6b2a85ed9d1b
,,,冗余三元组,1.0,53.0,涉及事项,extraction,f0541f7d0c2d3d04c56da88a6bc6ad2f2baea1220b292ed6fa4bf4744fe4e698
,,,冗余三元组,3.0,1.0,权力类型,extraction,63bb5d4e71e6267d4835ef9479c9ff86b0b3ef916f5e6075b1750ed13e17cad3
,,,冗余三元组,38.0,3.0,行驶主体,extraction,09efeab994a6d0a0d2474408b9050a4299990ea94ef2b0fd3b3f3c42b80c1d00
,,,冗余三元组,38.0,3.0,承办机构,extraction,3ffeb2c635f8eac91bfd409e9ffa26f73bbf4f4bb174d1a1c0cfa1334e723247
,,,冗余三元组,3.0,7.0,依据,extraction,2c7744cfc99769a6fc0986cf138e3ed4d77c32f88512b230684854b6658447e8
,,,冗余三元组,1.0,18.0,涉及领域,extraction,bb9a6c5169497cb67071e7b38b89fd47ad0c56bc2fc613c8ae73303717a93cc9
,,,冗余三元组,22.0,22.0,行驶主体,extraction,ea514dce437d76e89b3fa59071aafb2f1a77f9b4650cd943de730b79d7484854
,,,冗余三元组,22.0,22.0,承办机构,extraction,c26bdc333007524d45848b23cd157a7888dcd66080cd02562078a2e4976bc46c
,,,冗余三元组,14.0,3.0,实施依据,extraction,b2a34d3077aee5e73c915f123942606ad10c818ac195f73a26fa6b2a85ed9d1b
,,,冗余三元组,1.0,28.0,涉及内容,extraction,ac3ee725f8a339f9fbd2a7028b68d899a9b8e5be581c35045e4b8bfb3dc079c3
,,,冗余三元组,3.0,1.0,权力类型,extraction,63bb5d4e71e6267d4835ef9479c9ff86b0b3ef916f5e6075b1750ed13e17cad3
,,,冗余三元组,22.0,1.0,行驶主体,extraction,51b40b4c4f91240a5d323aaa57fa14fc575345cbc5dfbd5960fee3546a9d8c6c
,,,冗余三元组,22.0,1.0,承办机构,extraction,9c49a1220338386706f2952f161469c3bd5f784a5b99fbb95a8b8222c52b3a33
,,,冗余三元组,1.0,43.0,实施依据,extraction,9e0962dc823ba1e91ba1eb89eb98eedc881c7218baef35248da290fe3e83b5c6
,,,冗余三元组,1.0,40.0,涉及内容,extraction,de20e85db7086358cf9286abdebf47adc291c16b26f2f272b53ee25a61196b6a
,,,冗余三元组,9.0,3.0,类型,extraction,7b4fd279b61586115fa2987e2d0371238853c4f6f63e89d0b451e4237f492a37
,,,冗余三元组,32.0,1.0,行驶主体,extraction,f3ae7eebff4e3460421e23abeef0b3052dd9a3dcfbd1f44a03d027eeb1801b4f
,,,冗余三元组,32.0,1.0,承办机构,extraction,931cafd24efaf97775db66b22a04ccc10ef5b34c9f1550f1c6e447e2887940db
,,,冗余三元组,1.0,7.0,依据,extraction,ad207775734fc909831229d25a4f5b75a4caf54238f8d0d146d0f0b3eb2acaeb
,,,冗余三元组,1.0,15.0,包含行为,extraction,50889e3cad3a2af3fe5c788cdd352c4e79a5e965367902c33f7b1eab2a878616
,,,冗余三元组,3.0,9.0,属于,extraction,e243beb6cddf62185b7e7ffcf414a9105a2c5a93a0690b193f72c7a37fa3b5ca
,,,冗余三元组,32.0,10.0,既是,extraction,6a71c60b3df216a02245bac7b249632f00fe9fb00329bc9b748dd56567aa2840
,,,冗余三元组,32.0,12.0,也是,extraction,c4c3ca8e89d758a45e9d008f04beb27756657ae5dd641654ceb69ccbbc45f528
,,,冗余三元组,37.0,13.0,作为依据,extraction,35213ea558dcc724fdaa038c6bc9a54bff63e1af09538d6e3f3e0847da78cc3b
,,,冗余三元组,1.0,34.0,包含,extraction,55e4afabf77afe2a5eab9a2e4e01194c0b9b6c241104b977092e714b9c92562f
,,,冗余三元组,9.0,3.0,是,extraction,0ec99e7cb6f44635fcabc5bf332037bea07b228f7b51753076ef1e8382984bc4
,,,冗余三元组,10.0,32.0,是,extraction,4da064cb343643cc890842dceaf67b09d17018b8caccfb9a66252b99aba7b2c2
,,,冗余三元组,12.0,32.0,是,extraction,9c4f6d970f0759ccf44ba88668fb20479c3f74345a7048810ee820b1947a78e1
,,,冗余三元组,13.0,43.0,是,extraction,ade982e693329bd738b2be4fef11a25c3536423672e3d1c585cae98131a035d0
,,,冗余三元组,1.0,6.0,服务事项,extraction,bcaaf93ebebcb6717086617566e54d8eda6e69ccbfae463d34ed5cb674242d7a
,,,冗余三元组,3.0,1.0,权力类型,extraction,63bb5d4e71e6267d4835ef9479c9ff86b0b3ef916f5e6075b1750ed13e17cad3
,,,冗余三元组,16.0,1.0,行驶主体,extraction,2388221cee7d1ae0ed5be74dbb33fa91b57a06cfae883cc5c2262bfb048b5c48
,,,冗余三元组,16.0,1.0,承办机构,extraction,7da0b9c5ea5b9311256b7bcb955ba7fe507e79fd9fe407e277e1c4de0e1d453e
,,,冗余三元组,35.0,1.0,实施依据,extraction,c2160bc37901fdb446bacf457f42f5af556fdcd5b45c0e99b283102cca9bc468
,,,冗余三元组,1.0,17.0,涉及事项,extraction,26e5b368d0569ae2cd1db86e58c1825b9d075b33fb779749f2c6991aaf9b42eb
,,,冗余三元组,9.0,3.0,是,extraction,0ec99e7cb6f44635fcabc5bf332037bea07b228f7b51753076ef1e8382984bc4
,,,冗余三元组,10.0,4.0,是,extraction,4253afef8f3fd90e1effb4068d33d5af9bf9795c98a41a591346af581d8c5b13
,,,冗余三元组,12.0,4.0,是,extraction,157789d187fc7ed7a6f770e4112d938e1669ffabeec33b64ab160620d61c286f
,,,冗余三元组,13.0,14.0,是,extraction,bfbeedc7e6daf4f851060b875d14b5b7c1dab5b695356d4176fd018de0894ae2
,,,冗余三元组,1.0,42.0,涉及事项,extraction,6fa1fbc925e7b9f7909377c8fdb4e224f49dc4ac4ecc0317653a80654e14e7bc
,,,冗余三元组,3.0,1.0,权力类型,extraction,63bb5d4e71e6267d4835ef9479c9ff86b0b3ef916f5e6075b1750ed13e17cad3
,,,冗余三元组,26.0,3.0,行驶主体,extraction,53a6aecb0cb919674eb601d3ca9bfb3e1cd8021d0c2b4edaea1103f12ff5d1fa
,,,冗余三元组,26.0,3.0,承办机构,extraction,09f29ebed328eaaeac44ee7d9b0d8d8b248964f2da25bc454213eb1f6ed1c65b
,,,冗余三元组,3.0,57.0,实施依据,extraction,e01b7835e54581abfa657b1808a0522bf40cbca9262bf39e569a750cf19f593f
,,,冗余三元组,1.0,36.0,涉及事项,extraction,8f5ef8181607d60e4eccd5ec612a1b947845c41af6a5aa6f33629298f46d39a8
,,,冗余三元组,3.0,1.0,权力类型,extraction,63bb5d4e71e6267d4835ef9479c9ff86b0b3ef916f5e6075b1750ed13e17cad3
,,,冗余三元组,44.0,3.0,行驶主体,extraction,5a54a852e46cf955056cfb470e35ee0ab596f12cadf4d4250f92e1854d40d0fb
,,,冗余三元组,44.0,3.0,承办机构,extraction,26be69caa0923ff59e399351f5a7dbfb94533ccfbecefd9b8cd69f55e191c14d
,,,冗余三元组,1.0,34.0,包含,extraction,55e4afabf77afe2a5eab9a2e4e01194c0b9b6c241104b977092e714b9c92562f
,,,冗余三元组,3.0,1.0,类型,extraction,65a2d78a945df9ac573c112d3bad900f2eb4940d22d4f014a9262ffbc7a54c7e
,,,冗余三元组,16.0,1.0,行使主体,extraction,d2ea2911b68a4744fa3fb4afd805c6b67724f24a3f46fa0e8e2b1b9cac0816bd
,,,冗余三元组,16.0,1.0,承办机构,extraction,7da0b9c5ea5b9311256b7bcb955ba7fe507e79fd9fe407e277e1c4de0e1d453e
,,,冗余三元组,20.0,1.0,实施依据,extraction,fa879230d50cba26fe3e25fda133ad3500d518880a888364d68f6f0c8fcf6adf
,,,冗余三元组,1.0,46.0,涉及方面,extraction,5808f972045d2d3180337084564f289f064635012876034d34956100a2ebe466
,,,冗余三元组,9.0,3.0,类型,extraction,7b4fd279b61586115fa2987e2d0371238853c4f6f63e89d0b451e4237f492a37
,,,冗余三元组,10.0,11.0,执行者,extraction,bfcf921e35cea42dd2fe0e4456f5859f4d4adde552face2b36b303764d94c6b0
,,,冗余三元组,12.0,11.0,执行者,extraction,007d609358694caecbadd9e1f98aa849bb6c470ee428ccf76e19cabc1a6a9069
,,,冗余三元组,13.0,29.0,依据,extraction,339ea22aba17a985debf38c1930430e3b55f008318624e7efcaa4b7d8ae18a54
,,,冗余三元组,1.0,19.0,涉及行为,extraction,7f240590f2a7da25c488c633d39a09a722fedca13693b57fc75c819db158f3af
,,,冗余三元组,3.0,1.0,权力类型,extraction,63bb5d4e71e6267d4835ef9479c9ff86b0b3ef916f5e6075b1750ed13e17cad3
,,,冗余三元组,26.0,3.0,行驶主体,extraction,53a6aecb0cb919674eb601d3ca9bfb3e1cd8021d0c2b4edaea1103f12ff5d1fa
,,,冗余三元组,26.0,3.0,承办机构,extraction,09f29ebed328eaaeac44ee7d9b0d8d8b248964f2da25bc454213eb1f6ed1c65b
,,,冗余三元组,3.0,23.0,实施依据,extraction,50ab6d4e4a28dab63d889535df0083377ec5ea69c2cb93319237f8bffe946b3c
,,,冗余三元组,1.0,40.0,涉及内容,extraction,de20e85db7086358cf9286abdebf47adc291c16b26f2f272b53ee25a61196b6a
,,,冗余三元组,9.0,3.0,类型,extraction,7b4fd279b61586115fa2987e2d0371238853c4f6f63e89d0b451e4237f492a37
,,,冗余三元组,10.0,4.0,是,extraction,4253afef8f3fd90e1effb4068d33d5af9bf9795c98a41a591346af581d8c5b13
,,,冗余三元组,12.0,4.0,是,extraction,157789d187fc7ed7a6f770e4112d938e1669ffabeec33b64ab160620d61c286f
,,,冗余三元组,13.0,29.0,是,extraction,ffa30b4f3216d3a8f56030cb4d33517361b4979ec19a58b4d3a546e9f0b38bdc
,,,冗余三元组,1.0,6.0,涉及事项,extraction,63ed056176a358e5141eeb94299bb1cc5c1ba655d4c97bdb0e998157b41cd7a5
,,,冗余三元组,3.0,1.0,权力类型,extraction,63bb5d4e71e6267d4835ef9479c9ff86b0b3ef916f5e6075b1750ed13e17cad3
,,,冗余三元组,25.0,3.0,行驶主体,extraction,c7f405beeae1829a03dbec6b28d32c4d828da48de999734d24825266b3076f59
,,,冗余三元组,25.0,3.0,承办机构,extraction,eef2c4724eefbb6cbc8a1e38dd903f5952b15b4fa168168b9caed346c6551029
,,,冗余三元组,20.0,3.0,实施依据,extraction,74c469772883cc75830d6664aabca03b3c8bc471660e084cede3096ee903fa04
,,,冗余三元组,1.0,19.0,涉及内容,extraction,e667158a34c5290413d6959d0281c37377fbc946202a479c446b6afeb89e2126
,,,冗余三元组,9.0,3.0,类型,extraction,7b4fd279b61586115fa2987e2d0371238853c4f6f63e89d0b451e4237f492a37
,,,冗余三元组,10.0,44.0,实施主体,extraction,031ff41974debf258d107ea4ef8596231aa2b844591cb7523ab1d47fc110c1d3
,,,冗余三元组,12.0,44.0,实施主体,extraction,663001ff1482759d86e5f01ef14bc7532fb2a2b40ccb90d4133a1e9c544bee9f
,,,冗余三元组,13.0,37.0,依据,extraction,dfd2b775f82f687b8369e9f056ac82ef84d7dfb09fa0a46cf2f05d074160f680
,,,冗余三元组,1.0,47.0,涉及事项,extraction,410fd6754fd95d077ef04ff964ec4dd009afe4ed77694bf6c52b18682d5b8662
,,,冗余三元组,3.0,1.0,权力类型,extraction,63bb5d4e71e6267d4835ef9479c9ff86b0b3ef916f5e6075b1750ed13e17cad3
,,,冗余三元组,25.0,1.0,行驶主体,extraction,f8d14ca82df048e60e8e15e838aee0937165e7863b618cad5ab1fa07cbe6c922
,,,冗余三元组,25.0,1.0,承办机构,extraction,52233a544f4c28cfdd7e8c323198ffbcd53a5927d355c09f9eb314df01568645
,,,冗余三元组,1.0,61.0,依据,extraction,5e6ea6d02b5ab83f1d23705347ee800e957a409a66bf963b37943f8f33137958
,,,冗余三元组,1.0,47.0,服务事项,extraction,b33592c1f30e39df0401c77d218134fb8abddfd7e8dbdedb52818471c5201bf4
,,,冗余三元组,3.0,1.0,权力类型,extraction,63bb5d4e71e6267d4835ef9479c9ff86b0b3ef916f5e6075b1750ed13e17cad3
,,,冗余三元组,4.0,1.0,行驶主体,extraction,76853b7863ac80a3aad594a1104aa5b967a97525e8a2a9def28eeeebf43e4bab
,,,冗余三元组,4.0,1.0,承办机构,extraction,f7483722370a3db6cc6e9698d7f621113a7fe751bca6b181a1961b22639e7ed3
,,,冗余三元组,33.0,1.0,实施依据,extraction,bd4d251de9aa9eb9c09f30ba2cb708ae2c507f14020ac308d2f0fc7019e488a7
,,,冗余三元组,1.0,53.0,涉及事项,extraction,f0541f7d0c2d3d04c56da88a6bc6ad2f2baea1220b292ed6fa4bf4744fe4e698
,,,冗余三元组,9.0,3.0,是,extraction,0ec99e7cb6f44635fcabc5bf332037bea07b228f7b51753076ef1e8382984bc4
,,,冗余三元组,10.0,32.0,是,extraction,4da064cb343643cc890842dceaf67b09d17018b8caccfb9a66252b99aba7b2c2
,,,冗余三元组,12.0,32.0,是,extraction,9c4f6d970f0759ccf44ba88668fb20479c3f74345a7048810ee820b1947a78e1
,,,冗余三元组,13.0,7.0,是,extraction,5173b273e53a3712e9a749ca6cf7b8e8d3b7641db772c202823ccb26f6087587
,,,冗余三元组,1.0,52.0,涉及问题,extraction,90af34399ad797a62bec9b3819dad9d64b8031065ff158d8a5f1015257e3e4dd
,,,冗余三元组,3.0,1.0,权力类型,extraction,63bb5d4e71e6267d4835ef9479c9ff86b0b3ef916f5e6075b1750ed13e17cad3
,,,冗余三元组,26.0,3.0,行驶主体,extraction,53a6aecb0cb919674eb601d3ca9bfb3e1cd8021d0c2b4edaea1103f12ff5d1fa
,,,冗余三元组,26.0,3.0,承办机构,extraction,09f29ebed328eaaeac44ee7d9b0d8d8b248964f2da25bc454213eb1f6ed1c65b
,,,冗余三元组,3.0,7.0,实施依据,extraction,8b8b874d6aacfaea02e3258e572855dec0ac6da7c5aa16557312356c39613641
,,,冗余三元组,1.0,62.0,涉及事项,extraction,01d175c41a6f3c882019c9ac786bc0445bb66a2e14720ead8aaf50a8c158baba
,,,冗余三元组,3.0,1.0,权力类型,extraction,63bb5d4e71e6267d4835ef9479c9ff86b0b3ef916f5e6075b1750ed13e17cad3
,,,冗余三元组,26.0,3.0,行驶主体,extraction,53a6aecb0cb919674eb601d3ca9bfb3e1cd8021d0c2b4edaea1103f12ff5d1fa
,,,冗余三元组,26.0,3.0,承办机构,extraction,09f29ebed328eaaeac44ee7d9b0d8d8b248964f2da25bc454213eb1f6ed1c65b
,,,冗余三元组,23.0,3.0,实施依据,extraction,365a514488858a29239444ea6807697216abe5039811b8ff6d729d3df6958386
,,,冗余三元组,39.0,1.0,是,extraction,38e1d37380a7519608b7025690633256c2d7865eeeda60653fee8757d9e4afaf
,,,冗余三元组,1.0,18.0,包含,extraction,995fe2b6a1cf5cfeeefec8c7b3e03ab6ed8e185658f268c2a2d3412d9fb32842
,,,冗余三元组,9.0,3.0,是,extraction,0ec99e7cb6f44635fcabc5bf332037bea07b228f7b51753076ef1e8382984bc4
,,,冗余三元组,10.0,41.0,是,extraction,6f83ced92a9691e5e14cc19bb1bc5463d86dfecb7bda23ec44eab17a27bf9ae5
,,,冗余三元组,12.0,41.0,是,extraction,a4b1a3ff2483dfe0fabc0a44c0aa6f73e99b87cf7ec502667cce0dc30a67f7b2
,,,冗余三元组,13.0,27.0,是,extraction,b6eab7714fb673bef9d283a76736709544e272990472859dc282d706a47931e5
,,,冗余三元组,1.0,53.0,服务事项,extraction,6e3e1be22725db07cbda085e898d35471ffc4e71289552d4108ae311195e776c
,,,冗余三元组,3.0,1.0,权力类型,extraction,63bb5d4e71e6267d4835ef9479c9ff86b0b3ef916f5e6075b1750ed13e17cad3
,,,冗余三元组,25.0,1.0,行驶主体,extraction,f8d14ca82df048e60e8e15e838aee0937165e7863b618cad5ab1fa07cbe6c922
,,,冗余三元组,25.0,1.0,承办机构,extraction,52233a544f4c28cfdd7e8c323198ffbcd53a5927d355c09f9eb314df01568645
,,,冗余三元组,20.0,1.0,实施依据,extraction,fa879230d50cba26fe3e25fda133ad3500d518880a888364d68f6f0c8fcf6adf
,,,冗余三元组,1.0,18.0,涉及领域,extraction,bb9a6c5169497cb67071e7b38b89fd47ad0c56bc2fc613c8ae73303717a93cc9
,,,冗余三元组,11.0,1.0,行驶主体,extraction,50e598b1826c6a6e16cbb761d7126c8286dd306ea8aefdffee154cbb615a866b
,,,冗余三元组,11.0,1.0,承办机构,extraction,ecacee85e506b895bb6ef636499570c58825c04c2655e0f358383dd8770dbffa
,,,冗余三元组,1.0,27.0,实施依据,extraction,0e30535101004be1a7b121b537cd81665d02521ea1c82e250417c2c271962f93
,,,冗余三元组,1.0,19.0,涉及行为,extraction,7f240590f2a7da25c488c633d39a09a722fedca13693b57fc75c819db158f3af
,,,冗余三元组,3.0,1.0,权力类型,extraction,63bb5d4e71e6267d4835ef9479c9ff86b0b3ef916f5e6075b1750ed13e17cad3
,,,冗余三元组,26.0,1.0,行驶主体,extraction,c02b72a8d8a1775ff7e7978594abd6b5422b51c7c4fffd7eac711ff69bf88a97
,,,冗余三元组,26.0,1.0,承办机构,extraction,69ebaebdf045cea8cb77aa5e448d960f3c2e8a6fbe335676bbabaa00d3c918e5
,,,冗余三元组,1.0,43.0,实施依据,extraction,9e0962dc823ba1e91ba1eb89eb98eedc881c7218baef35248da290fe3e83b5c6
,,,冗余三元组,1.0,58.0,涉及行为,extraction,93a2f06a9d6469b27d73da8e38855777376bd0c168e945c557165493a67fcb2f
,,,冗余三元组,3.0,44.0,执行主体,extraction,252d73610616b2ee1a0aad5f2731b05a376ff6396eadfb2de9968dd10beeb801
,,,冗余三元组,44.0,3.0,行使权力,extraction,f198bdefb30b60bad0eda0caf732f8ed5cf312b7a53711a3709d6e4926cc4866
,,,冗余三元组,44.0,44.0,承担职责,extraction,36e25f13998dfb6a4fd4b1de3859a62c1dc9fe30b975ef3753443f6fc6d3bb97
,,,冗余三元组,1.0,53.0,涉及事项,extraction,f0541f7d0c2d3d04c56da88a6bc6ad2f2baea1220b292ed6fa4bf4744fe4e698
,,,冗余三元组,22.0,22.0,行驶主体,extraction,ea514dce437d76e89b3fa59071aafb2f1a77f9b4650cd943de730b79d7484854
,,,冗余三元组,22.0,22.0,承办机构,extraction,c26bdc333007524d45848b23cd157a7888dcd66080cd02562078a2e4976bc46c
,,,冗余三元组,1.0,48.0,涉及内容,extraction,c90c36bc34d7f04fedfc793b0376221c7073cfdcfd8648ced932e92d2e837f7a
,,,冗余三元组,3.0,1.0,权力类型,extraction,63bb5d4e71e6267d4835ef9479c9ff86b0b3ef916f5e6075b1750ed13e17cad3
,,,冗余三元组,41.0,1.0,行驶主体,extraction,3e203c1cd5240efde0e6a6d05bb4f8d4f3f80b46e735202ba3011d3e2801f0a1
,,,冗余三元组,41.0,1.0,承办机构,extraction,379f2c27a6c0b2eecca7d7b46b22ef51fefdad08ac0ee7abd453d5173a893b67
,,,冗余三元组,1.0,29.0,实施依据,extraction,d0c854f24ab485fb8be69e5238d70c0621b587a2a4679d49b48a29b9856dfc86
,,,冗余三元组,1.0,45.0,涉及事项,extraction,dd7fe96509b2c5c33db03e133555278b4cecbf544b6fac7dea1158a8470efe3a
,,,冗余三元组,22.0,22.0,行驶主体,extraction,ea514dce437d76e89b3fa59071aafb2f1a77f9b4650cd943de730b79d7484854
,,,冗余三元组,22.0,22.0,承办机构,extraction,c26bdc333007524d45848b23cd157a7888dcd66080cd02562078a2e4976bc46c
,,,冗余三元组,1.0,42.0,涉及事项,extraction,6fa1fbc925e7b9f7909377c8fdb4e224f49dc4ac4ecc0317653a80654e14e7bc
,,,冗余三元组,3.0,1.0,权力类型,extraction,63bb5d4e71e6267d4835ef9479c9ff86b0b3ef916f5e6075b1750ed13e17cad3
,,,冗余三元组,41.0,1.0,行驶主体,extraction,3e203c1cd5240efde0e6a6d05bb4f8d4f3f80b46e735202ba3011d3e2801f0a1
,,,冗余三元组,41.0,1.0,承办机构,extraction,379f2c27a6c0b2eecca7d7b46b22ef51fefdad08ac0ee7abd453d5173a893b67
,,,冗余三元组,1.0,35.0,依据,extraction,2f69f996d02b7a9aa2fd127e1406582fb8db84677a3c3facb75ca9ced224bc4f
,,,冗余三元组,1.0,28.0,涉及内容,extraction,ac3ee725f8a339f9fbd2a7028b68d899a9b8e5be581c35045e4b8bfb3dc079c3
,,,冗余三元组,3.0,1.0,权力类型,extraction,63bb5d4e71e6267d4835ef9479c9ff86b0b3ef916f5e6075b1750ed13e17cad3
,,,冗余三元组,25.0,1.0,行驶主体,extraction,f8d14ca82df048e60e8e15e838aee0937165e7863b618cad5ab1fa07cbe6c922
,,,冗余三元组,25.0,1.0,承办机构,extraction,52233a544f4c28cfdd7e8c323198ffbcd53a5927d355c09f9eb314df01568645
,,,冗余三元组,1.0,56.0,依据,extraction,0b8eed9df092a87521a36028dec03a389608968a1abd66630aeacb2b566d40d1
,,,冗余三元组,1.0,54.0,涉及领域,extraction,bf464bcbcd83e979756fbd8eee9d0f695e979e7851f7354e079d63510152047a
,,,冗余三元组,16.0,1.0,行使主体,extraction,d2ea2911b68a4744fa3fb4afd805c6b67724f24a3f46fa0e8e2b1b9cac0816bd
,,,冗余三元组,16.0,1.0,承办机构,extraction,7da0b9c5ea5b9311256b7bcb955ba7fe507e79fd9fe407e277e1c4de0e1d453e
,,,冗余三元组,1.0,33.0,依据,extraction,beb4a53aeccd91f8439219990e9369a7c0fbc8b629e10951b4b57ace5628c03a
,,,冗余三元组,39.0,1.0,是,extraction,38e1d37380a7519608b7025690633256c2d7865eeeda60653fee8757d9e4afaf
,,,冗余三元组,1.0,43.0,依据,extraction,985b929fb66077bb8f3a9c4c874b8547a2937c0087957a49d92521a1de199bec
,,,冗余三元组,9.0,3.0,是,extraction,0ec99e7cb6f44635fcabc5bf332037bea07b228f7b51753076ef1e8382984bc4
,,,冗余三元组,10.0,38.0,是,extraction,b756eb5995473eefcaf0d5b4fb891f9eb9190e7e7f446761eaff99790520dd98
,,,冗余三元组,12.0,38.0,是,extraction,76d05d01998cae971c559874b8df42b2445eeafc6d81c360c7aecdbaf38c3f00
,,,冗余三元组,1.0,42.0,涉及事项,extraction,6fa1fbc925e7b9f7909377c8fdb4e224f49dc4ac4ecc0317653a80654e14e7bc
,,,冗余三元组,3.0,1.0,权力类型,extraction,63bb5d4e71e6267d4835ef9479c9ff86b0b3ef916f5e6075b1750ed13e17cad3
,,,冗余三元组,44.0,1.0,行驶主体,extraction,5aa5bd754001b528942d9ff1cf92c0dac3eea5408ae1a3ad1be7b48dd6ad7bc6
,,,冗余三元组,44.0,1.0,承办机构,extraction,fe869ebaf0ddd080462b050806e1c882e39322a3f98c8d4b29b1d043af63148d
,,,冗余三元组,1.0,57.0,依据,extraction,738c23a901d36acbb1cecdf88d11d9aa9c98d016d617e8aaacb865f4a54827b7
,,,冗余三元组,1.0,8.0,涉及内容,extraction,d02de960772b95844ead284f303c0cc0a431bb9e9d2e2a9acb00d12d4b09753a
,,,冗余三元组,9.0,3.0,类型,extraction,7b4fd279b61586115fa2987e2d0371238853c4f6f63e89d0b451e4237f492a37
,,,冗余三元组,16.0,16.0,行驶主体,extraction,de3d3e85ffec1b1c16f445f7a5e7e204c5d5fb0d31f317bb122227719e728676
,,,冗余三元组,16.0,16.0,承办机构,extraction,dd3beedaf67b0e9e05574852bf1b9e7df5fccb39eb43ab3bef7f7645d192767e
,,,冗余三元组,1.0,19.0,涉及,extraction,1dd85c1508cac1ea277a168b6cc3685a0772a7f8d479e4d1f2bab9ea3f69df79
,,,冗余三元组,9.0,3.0,是,extraction,0ec99e7cb6f44635fcabc5bf332037bea07b228f7b51753076ef1e8382984bc4
,,,冗余三元组,10.0,32.0,是,extraction,4da064cb343643cc890842dceaf67b09d17018b8caccfb9a66252b99aba7b2c2
,,,冗余三元组,12.0,32.0,是,extraction,9c4f6d970f0759ccf44ba88668fb20479c3f74345a7048810ee820b1947a78e1
,,,冗余三元组,13.0,14.0,是,extraction,bfbeedc7e6daf4f851060b875d14b5b7c1dab5b695356d4176fd018de0894ae2
,,,冗余三元组,1.0,48.0,涉及内容,extraction,c90c36bc34d7f04fedfc793b0376221c7073cfdcfd8648ced932e92d2e837f7a
,,,冗余三元组,3.0,1.0,权力类型,extraction,63bb5d4e71e6267d4835ef9479c9ff86b0b3ef916f5e6075b1750ed13e17cad3
,,,冗余三元组,44.0,1.0,行驶主体,extraction,5aa5bd754001b528942d9ff1cf92c0dac3eea5408ae1a3ad1be7b48dd6ad7bc6
,,,冗余三元组,44.0,1.0,承办机构,extraction,fe869ebaf0ddd080462b050806e1c882e39322a3f98c8d4b29b1d043af63148d
,,,冗余三元组,1.0,37.0,实施依据,extraction,328f7760eafece03adc022370c33f60d27ee8ed2dd4e8d0cc5ea55ffc164bbc9
,,,冗余三元组,1.0,19.0,涉及内容,extraction,e667158a34c5290413d6959d0281c37377fbc946202a479c446b6afeb89e2126
,,,冗余三元组,3.0,1.0,权力类型,extraction,63bb5d4e71e6267d4835ef9479c9ff86b0b3ef916f5e6075b1750ed13e17cad3
,,,冗余三元组,41.0,1.0,行驶主体,extraction,3e203c1cd5240efde0e6a6d05bb4f8d4f3f80b46e735202ba3011d3e2801f0a1
,,,冗余三元组,41.0,1.0,承办机构,extraction,379f2c27a6c0b2eecca7d7b46b22ef51fefdad08ac0ee7abd453d5173a893b67
,,,冗余三元组,1.0,27.0,依据,extraction,d03daf3e94bfbb1b0d0e8924a3805396d721f1c62d58ac9127a2e0d131b5d430
,,,冗余三元组,1.0,48.0,涉及内容,extraction,c90c36bc34d7f04fedfc793b0376221c7073cfdcfd8648ced932e92d2e837f7a
,,,冗余三元组,3.0,1.0,权力类型,extraction,63bb5d4e71e6267d4835ef9479c9ff86b0b3ef916f5e6075b1750ed13e17cad3
,,,冗余三元组,22.0,1.0,行驶主体,extraction,51b40b4c4f91240a5d323aaa57fa14fc575345cbc5dfbd5960fee3546a9d8c6c
,,,冗余三元组,22.0,1.0,承办机构,extraction,9c49a1220338386706f2952f161469c3bd5f784a5b99fbb95a8b8222c52b3a33
,,,冗余三元组,23.0,1.0,实施依据,extraction,38e452b8d15dc7858dd36229d7d1d00af4852cea15d7b71d1d6320aef92fe236
,,,冗余三元组,1.0,21.0,包含,extraction,635d1027165abbabe82fa63c66c6183ad9893b0e011f20d0b6ad30d71c05ec2a
,,,冗余三元组,9.0,3.0,是,extraction,0ec99e7cb6f44635fcabc5bf332037bea07b228f7b51753076ef1e8382984bc4
,,,冗余三元组,10.0,11.0,是,extraction,44a8fa7ea54ec2e41111a4f5dc6a9811dee8aa3aa19fb306f9177dfc86a9aea9
,,,冗余三元组,12.0,11.0,是,extraction,54710bbec3ca077fe79c80e1e95ea28a843633289f5bc6efe6abea14f6118623
,,,冗余三元组,13.0,14.0,是,extraction,bfbeedc7e6daf4f851060b875d14b5b7c1dab5b695356d4176fd018de0894ae2
,,,冗余三元组,39.0,1.0,是,extraction,38e1d37380a7519608b7025690633256c2d7865eeeda60653fee8757d9e4afaf
,,,冗余三元组,1.0,53.0,包括,extraction,1381a6fba20dceee35da6a7e780388847a73a5c6c53d663717205383f4784027
,,,冗余三元组,9.0,3.0,是,extraction,0ec99e7cb6f44635fcabc5bf332037bea07b228f7b51753076ef1e8382984bc4
,,,冗余三元组,10.0,25.0,是,extraction,ad542489db79b38432a47864e6f61070ea6042115797987a3bcdb2baca19bebf
,,,冗余三元组,12.0,25.0,是,extraction,dc4ae0749038f60cf9a543d11bdbb3655270d3f1168c53408b231865a3b78a64
,,,冗余三元组,13.0,43.0,是,extraction,ade982e693329bd738b2be4fef11a25c3536423672e3d1c585cae98131a035d0
,,,冗余三元组,1.0,30.0,涉及,extraction,f791f6ad50cca9a9432e1d95b6ef54bd1b64b5eb692d18dc2f430e81dd5537c2
,,,冗余三元组,9.0,3.0,是,extraction,0ec99e7cb6f44635fcabc5bf332037bea07b228f7b51753076ef1e8382984bc4
,,,冗余三元组,10.0,11.0,是,extraction,44a8fa7ea54ec2e41111a4f5dc6a9811dee8aa3aa19fb306f9177dfc86a9aea9
,,,冗余三元组,12.0,11.0,是,extraction,54710bbec3ca077fe79c80e1e95ea28a843633289f5bc6efe6abea14f6118623
,,,冗余三元组,13.0,20.0,是,extraction,f536065857d8cffb8690029d0de8e595064374e0e38deb823e625bf375f96c61
,,,冗余三元组,1.0,53.0,服务事项,extraction,6e3e1be22725db07cbda085e898d35471ffc4e71289552d4108ae311195e776c
,,,冗余三元组,3.0,1.0,权力类型,extraction,63bb5d4e71e6267d4835ef9479c9ff86b0b3ef916f5e6075b1750ed13e17cad3
,,,冗余三元组,32.0,1.0,行驶主体,extraction,f3ae7eebff4e3460421e23abeef0b3052dd9a3dcfbd1f44a03d027eeb1801b4f
,,,冗余三元组,32.0,1.0,承办机构,extraction,931cafd24efaf97775db66b22a04ccc10ef5b34c9f1550f1c6e447e2887940db
,,,冗余三元组,35.0,1.0,实施依据,extraction,c2160bc37901fdb446bacf457f42f5af556fdcd5b45c0e99b283102cca9bc468
,,,冗余三元组,1.0,31.0,涉及问题,extraction,ea08369126f7fbe0d95ca41a348902bab3f4d8e388232d1c4ed32a98fca9af59
,,,冗余三元组,3.0,1.0,权力类型,extraction,63bb5d4e71e6267d4835ef9479c9ff86b0b3ef916f5e6075b1750ed13e17cad3
,,,冗余三元组,38.0,3.0,行驶主体,extraction,09efeab994a6d0a0d2474408b9050a4299990ea94ef2b0fd3b3f3c42b80c1d00
,,,冗余三元组,38.0,3.0,承办机构,extraction,3ffeb2c635f8eac91bfd409e9ffa26f73bbf4f4bb174d1a1c0cfa1334e723247
,,,冗余三元组,3.0,37.0,实施依据,extraction,b86037853e03ce9325835ce0d5f8bc88f5a69871c920f2a76c31a83bbd194153
,,,冗余三元组,9.0,3.0,是,extraction,0ec99e7cb6f44635fcabc5bf332037bea07b228f7b51753076ef1e8382984bc4
,,,冗余三元组,10.0,11.0,是,extraction,44a8fa7ea54ec2e41111a4f5dc6a9811dee8aa3aa19fb306f9177dfc86a9aea9
,,,冗余三元组,12.0,11.0,是,extraction,54710bbec3ca077fe79c80e1e95ea28a843633289f5bc6efe6abea14f6118623
,,,冗余三元组,13.0,43.0,是,extraction,ade982e693329bd738b2be4fef11a25c3536423672e3d1c585cae98131a035d0
,,,冗余三元组,39.0,1.0,是,extraction,38e1d37380a7519608b7025690633256c2d7865eeeda60653fee8757d9e4afaf
,,,冗余三元组,1.0,45.0,涉及,extraction,599085aa31abe5075252b02f829e93d81f2698ac36bc6369fc4fce031c3872ad
,,,冗余三元组,9.0,3.0,是,extraction,0ec99e7cb6f44635fcabc5bf332037bea07b228f7b51753076ef1e8382984bc4
,,,冗余三元组,10.0,11.0,是,extraction,44a8fa7ea54ec2e41111a4f5dc6a9811dee8aa3aa19fb306f9177dfc86a9aea9
,,,冗余三元组,12.0,11.0,是,extraction,54710bbec3ca077fe79c80e1e95ea28a843633289f5bc6efe6abea14f6118623
,,,冗余三元组,13.0,14.0,是,extraction,bfbeedc7e6daf4f851060b875d14b5b7c1dab5b695356d4176fd018de0894ae2
,,,冗余三元组,1.0,48.0,涉及内容,extraction,c90c36bc34d7f04fedfc793b0376221c7073cfdcfd8648ced932e92d2e837f7a
,,,冗余三元组,3.0,1.0,权力类型,extraction,63bb5d4e71e6267d4835ef9479c9ff86b0b3ef916f5e6075b1750ed13e17cad3
,,,冗余三元组,25.0,3.0,行驶主体,extraction,c7f405beeae1829a03dbec6b28d32c4d828da48de999734d24825266b3076f59
,,,冗余三元组,25.0,3.0,承办机构,extraction,eef2c4724eefbb6cbc8a1e38dd903f5952b15b4fa168168b9caed346c6551029
,,,冗余三元组,29.0,3.0,实施依据,extraction,cd40df6a540917691517a57a5b1cf5b96661ca5fb5dc29fae67c4de0bc29abf0
,,,冗余三元组,1.0,6.0,涉及事项,extraction,63ed056176a358e5141eeb94299bb1cc5c1ba655d4c97bdb0e998157b41cd7a5
,,,冗余三元组,3.0,1.0,权力类型,extraction,63bb5d4e71e6267d4835ef9479c9ff86b0b3ef916f5e6075b1750ed13e17cad3
,,,冗余三元组,41.0,1.0,行驶主体,extraction,3e203c1cd5240efde0e6a6d05bb4f8d4f3f80b46e735202ba3011d3e2801f0a1
,,,冗余三元组,41.0,1.0,承办机构,extraction,379f2c27a6c0b2eecca7d7b46b22ef51fefdad08ac0ee7abd453d5173a893b67
,,,冗余三元组,1.0,14.0,依据,extraction,ef634f9e84afb4ebf494e22553b15ac7b1fbc49e61d65588899d98c77fee67fd
,,,冗余三元组,1.0,31.0,涉及问题,extraction,ea08369126f7fbe0d95ca41a348902bab3f4d8e388232d1c4ed32a98fca9af59
,,,冗余三元组,3.0,1.0,权力类型,extraction,63bb5d4e71e6267d4835ef9479c9ff86b0b3ef916f5e6075b1750ed13e17cad3
,,,冗余三元组,26.0,3.0,行驶主体,extraction,53a6aecb0cb919674eb601d3ca9bfb3e1cd8021d0c2b4edaea1103f12ff5d1fa
,,,冗余三元组,26.0,3.0,承办机构,extraction,09f29ebed328eaaeac44ee7d9b0d8d8b248964f2da25bc454213eb1f6ed1c65b
,,,冗余三元组,3.0,14.0,实施依据,extraction,09931771bbcd9cd15e93938cf3ce07dfed30596b980f89738627e75ac71073d2
,,,冗余三元组,1.0,21.0,包含,extraction,635d1027165abbabe82fa63c66c6183ad9893b0e011f20d0b6ad30d71c05ec2a
,,,冗余三元组,9.0,3.0,是,extraction,0ec99e7cb6f44635fcabc5bf332037bea07b228f7b51753076ef1e8382984bc4
,,,冗余三元组,10.0,26.0,是,extraction,89fbb5ae30c6220e41f165591e4df027877c140a72033fe0680e44206164aa17
,,,冗余三元组,12.0,26.0,是,extraction,a3817cab3fccbfd1b94576c85b68cfb0ff0511791fe7ada5dd7c10500502e531
,,,冗余三元组,13.0,33.0,是,extraction,fc4553073462fe666aaa676d985116bc290a0c71f03fb633205f00b4fcf4ff71
,,,冗余三元组,39.0,1.0,是,extraction,38e1d37380a7519608b7025690633256c2d7865eeeda60653fee8757d9e4afaf
,,,冗余三元组,9.0,3.0,是,extraction,0ec99e7cb6f44635fcabc5bf332037bea07b228f7b51753076ef1e8382984bc4
,,,冗余三元组,10.0,44.0,是,extraction,53854b14f84a4f7bcec4288babeeb93d9202a8f1247a14098e9a02982cc95640
,,,冗余三元组,12.0,44.0,是,extraction,de41cd62c11f82837c5925e3426f42630d0bc935f1a9e33489b933acda4b7831
,,,冗余三元组,13.0,7.0,是,extraction,5173b273e53a3712e9a749ca6cf7b8e8d3b7641db772c202823ccb26f6087587
,,,冗余三元组,1.0,18.0,涉及事项,extraction,d1f95153d29e3bd086a2d6d173f9b426666e22d88ed57ce36c68eaf51b38b7e3
,,,冗余三元组,26.0,1.0,行使主体,extraction,4b4001fd1d5a33d62b24eafad32672e1f0862f7f54bdee86f3a10e2cd536a09c
,,,冗余三元组,26.0,1.0,承办机构,extraction,69ebaebdf045cea8cb77aa5e448d960f3c2e8a6fbe335676bbabaa00d3c918e5
,,,冗余三元组,1.0,5.0,依据,extraction,1ea7450430c6e25edf81e6ecf2f8dbbbbd3c1ca33319839a0f1c3459a61d2b2e
,,,冗余三元组,1.0,17.0,涉及事项,extraction,26e5b368d0569ae2cd1db86e58c1825b9d075b33fb779749f2c6991aaf9b42eb
,,,冗余三元组,3.0,1.0,权力类型,extraction,63bb5d4e71e6267d4835ef9479c9ff86b0b3ef916f5e6075b1750ed13e17cad3
,,,冗余三元组,26.0,3.0,行驶主体,extraction,53a6aecb0cb919674eb601d3ca9bfb3e1cd8021d0c2b4edaea1103f12ff5d1fa
,,,冗余三元组,26.0,3.0,承办机构,extraction,09f29ebed328eaaeac44ee7d9b0d8d8b248964f2da25bc454213eb1f6ed1c65b
,,,冗余三元组,1.0,31.0,涉及问题,extraction,ea08369126f7fbe0d95ca41a348902bab3f4d8e388232d1c4ed32a98fca9af59
,,,冗余三元组,3.0,1.0,权力类型,extraction,63bb5d4e71e6267d4835ef9479c9ff86b0b3ef916f5e6075b1750ed13e17cad3
,,,冗余三元组,11.0,3.0,行驶主体,extraction,252ebc8fde2836f7eae5a791df687860076241cf808bc99e0fd167f0ea262cd9
,,,冗余三元组,11.0,3.0,承办机构,extraction,e3339b884b62824a3b8679c646ddcca5b0bd6ecf6ec75f8d8629aa2e9b31a33c
,,,冗余三元组,27.0,3.0,实施依据,extraction,13ecae60e92e941ef4d9485768d111c391b72853ef20b0f5a42b8bcdde18e40b
,,,冗余三元组,1.0,51.0,涉及行为,extraction,4d50e735db0c7c921debcd5d22ac59a9a9275f523e4dfe60a64102e7ab70d731
,,,冗余三元组,41.0,10.0,是,extraction,13174a20288cb82a8ad6ce9f7332df7553cd0404ac13c0bbc120c032408c5fe3
,,,冗余三元组,41.0,12.0,是,extraction,fad70d47d35873d476ecd9b8502513e72a366a3a7f904b2d994765aedc16758b
,,,冗余三元组,20.0,13.0,是,extraction,3fe1573022cfb07df92056d77bba409bb0cf1702a9ac19d5d5304c6b04581f76
,,,冗余三元组,1.0,6.0,涉及事项,extraction,63ed056176a358e5141eeb94299bb1cc5c1ba655d4c97bdb0e998157b41cd7a5
,,,冗余三元组,3.0,1.0,权力类型,extraction,63bb5d4e71e6267d4835ef9479c9ff86b0b3ef916f5e6075b1750ed13e17cad3
,,,冗余三元组,4.0,3.0,行驶主体,extraction,65bd830d3a69c947ab33e8bccf4d7c9239947243f009a12164fa2b3d4defa4e5
,,,冗余三元组,4.0,3.0,承办机构,extraction,552f0352c4383de1ccdd6574c3a3cf1febf987d93f20f8b4d8f312f665277ccd
,,,冗余三元组,14.0,3.0,实施依据,extraction,b2a34d3077aee5e73c915f123942606ad10c818ac195f73a26fa6b2a85ed9d1b
,,,冗余三元组,9.0,3.0,是,extraction,0ec99e7cb6f44635fcabc5bf332037bea07b228f7b51753076ef1e8382984bc4
,,,冗余三元组,10.0,26.0,是,extraction,89fbb5ae30c6220e41f165591e4df027877c140a72033fe0680e44206164aa17
,,,冗余三元组,12.0,26.0,是,extraction,a3817cab3fccbfd1b94576c85b68cfb0ff0511791fe7ada5dd7c10500502e531
,,,冗余三元组,13.0,33.0,是,extraction,fc4553073462fe666aaa676d985116bc290a0c71f03fb633205f00b4fcf4ff71
,,,冗余三元组,39.0,1.0,是,extraction,38e1d37380a7519608b7025690633256c2d7865eeeda60653fee8757d9e4afaf
,,,冗余三元组,1.0,34.0,包含,extraction,55e4afabf77afe2a5eab9a2e4e01194c0b9b6c241104b977092e714b9c92562f
,,,冗余三元组,9.0,3.0,是,extraction,0ec99e7cb6f44635fcabc5bf332037bea07b228f7b51753076ef1e8382984bc4
,,,冗余三元组,10.0,38.0,是,extraction,b756eb5995473eefcaf0d5b4fb891f9eb9190e7e7f446761eaff99790520dd98
,,,冗余三元组,12.0,38.0,是,extraction,76d05d01998cae971c559874b8df42b2445eeafc6d81c360c7aecdbaf38c3f00
,,,冗余三元组,13.0,27.0,是,extraction,b6eab7714fb673bef9d283a76736709544e272990472859dc282d706a47931e5
,,,冗余三元组,1.0,60.0,涉及事项,extraction,6309e2202fc5d6cebcd70f93ed56deb6d1ded945a512f9631f8df8c872f7ddaf
,,,冗余三元组,16.0,16.0,行驶主体,extraction,de3d3e85ffec1b1c16f445f7a5e7e204c5d5fb0d31f317bb122227719e728676
,,,冗余三元组,16.0,16.0,承办机构,extraction,dd3beedaf67b0e9e05574852bf1b9e7df5fccb39eb43ab3bef7f7645d192767e
,,,冗余三元组,16.0,5.0,依据,extraction,8c1989c08edd1c6e65ddb351ff2457aa1bfd53e768da538cf9f0e6792d2a2158
,,,冗余三元组,1.0,36.0,涉及事项,extraction,8f5ef8181607d60e4eccd5ec612a1b947845c41af6a5aa6f33629298f46d39a8
,,,冗余三元组,3.0,1.0,权力类型,extraction,63bb5d4e71e6267d4835ef9479c9ff86b0b3ef916f5e6075b1750ed13e17cad3
,,,冗余三元组,4.0,3.0,行驶主体,extraction,65bd830d3a69c947ab33e8bccf4d7c9239947243f009a12164fa2b3d4defa4e5
,,,冗余三元组,4.0,3.0,承办机构,extraction,552f0352c4383de1ccdd6574c3a3cf1febf987d93f20f8b4d8f312f665277ccd
,,,冗余三元组,50.0,3.0,实施依据,extraction,a790816385e8e57fdbef950d1c81f1f95be9fa56bdb61522285b14310350de63
,,,冗余三元组,1.0,48.0,涉及内容,extraction,c90c36bc34d7f04fedfc793b0376221c7073cfdcfd8648ced932e92d2e837f7a
,,,冗余三元组,3.0,1.0,权力类型,extraction,63bb5d4e71e6267d4835ef9479c9ff86b0b3ef916f5e6075b1750ed13e17cad3
,,,冗余三元组,41.0,1.0,行驶主体,extraction,3e203c1cd5240efde0e6a6d05bb4f8d4f3f80b46e735202ba3011d3e2801f0a1
,,,冗余三元组,41.0,1.0,承办机构,extraction,379f2c27a6c0b2eecca7d7b46b22ef51fefdad08ac0ee7abd453d5173a893b67
,,,冗余三元组,1.0,42.0,涉及事项,extraction,6fa1fbc925e7b9f7909377c8fdb4e224f49dc4ac4ecc0317653a80654e14e7bc
,,,冗余三元组,3.0,1.0,权力类型,extraction,63bb5d4e71e6267d4835ef9479c9ff86b0b3ef916f5e6075b1750ed13e17cad3
,,,冗余三元组,26.0,3.0,行驶主体,extraction,53a6aecb0cb919674eb601d3ca9bfb3e1cd8021d0c2b4edaea1103f12ff5d1fa
,,,冗余三元组,26.0,3.0,承办机构,extraction,09f29ebed328eaaeac44ee7d9b0d8d8b248964f2da25bc454213eb1f6ed1c65b
,,,冗余三元组,7.0,3.0,实施依据,extraction,f19e34325be413dc5e6bb80be003b66e02159d7f79ced0a5e8ba8a58d7125e15
,,,冗余三元组,1.0,21.0,包含,extraction,635d1027165abbabe82fa63c66c6183ad9893b0e011f20d0b6ad30d71c05ec2a
,,,冗余三元组,9.0,3.0,是,extraction,0ec99e7cb6f44635fcabc5bf332037bea07b228f7b51753076ef1e8382984bc4
,,,冗余三元组,10.0,11.0,是,extraction,44a8fa7ea54ec2e41111a4f5dc6a9811dee8aa3aa19fb306f9177dfc86a9aea9
,,,冗余三元组,12.0,11.0,是,extraction,54710bbec3ca077fe79c80e1e95ea28a843633289f5bc6efe6abea14f6118623
,,,冗余三元组,13.0,29.0,是,extraction,ffa30b4f3216d3a8f56030cb4d33517361b4979ec19a58b4d3a546e9f0b38bdc
,,,冗余三元组,1.0,42.0,涉及事项,extraction,6fa1fbc925e7b9f7909377c8fdb4e224f49dc4ac4ecc0317653a80654e14e7bc
,,,冗余三元组,3.0,1.0,权力类型,extraction,63bb5d4e71e6267d4835ef9479c9ff86b0b3ef916f5e6075b1750ed13e17cad3
,,,冗余三元组,22.0,3.0,行驶主体,extraction,63b889c6caaf61c3eefad202bc0e1a4344122b009d898e41612d2ce9411c9a90
,,,冗余三元组,22.0,3.0,承办机构,extraction,450ea2044227017296ffd8295e12ead624bac9ad5fb24c8dce7525315368e0fd
,,,冗余三元组,1.0,18.0,涉及事项,extraction,d1f95153d29e3bd086a2d6d173f9b426666e22d88ed57ce36c68eaf51b38b7e3
,,,冗余三元组,3.0,1.0,权力类型,extraction,63bb5d4e71e6267d4835ef9479c9ff86b0b3ef916f5e6075b1750ed13e17cad3
,,,冗余三元组,32.0,1.0,行驶主体,extraction,f3ae7eebff4e3460421e23abeef0b3052dd9a3dcfbd1f44a03d027eeb1801b4f
,,,冗余三元组,32.0,1.0,承办机构,extraction,931cafd24efaf97775db66b22a04ccc10ef5b34c9f1550f1c6e447e2887940db
,,,冗余三元组,1.0,20.0,依据,extraction,0f755d0d76fda2f2c4d51908ebb6634a3a8c6995c4ec999f3b8214be69e62a27
,,,冗余三元组,1.0,58.0,涉及,extraction,ebb5415c1b54071499b45a909f698aaec953682c36e97747e6aee00bc7e619d3
,,,冗余三元组,9.0,3.0,是,extraction,0ec99e7cb6f44635fcabc5bf332037bea07b228f7b51753076ef1e8382984bc4
,,,冗余三元组,10.0,38.0,是,extraction,b756eb5995473eefcaf0d5b4fb891f9eb9190e7e7f446761eaff99790520dd98
,,,冗余三元组,12.0,38.0,是,extraction,76d05d01998cae971c559874b8df42b2445eeafc6d81c360c7aecdbaf38c3f00
,,,冗余三元组,13.0,23.0,是,extraction,a809901cb1266f3034f5251cd5e201f3ce63e484f49bb7e202066cafcce8d4b1
,,,冗余三元组,39.0,1.0,是,extraction,38e1d37380a7519608b7025690633256c2d7865eeeda60653fee8757d9e4afaf
,,,冗余三元组,1.0,52.0,涉及问题,extraction,90af34399ad797a62bec9b3819dad9d64b8031065ff158d8a5f1015257e3e4dd
,,,冗余三元组,9.0,3.0,是,extraction,0ec99e7cb6f44635fcabc5bf332037bea07b228f7b51753076ef1e8382984bc4
,,,冗余三元组,10.0,44.0,是,extraction,53854b14f84a4f7bcec4288babeeb93d9202a8f1247a14098e9a02982cc95640
,,,冗余三元组,12.0,44.0,是,extraction,de41cd62c11f82837c5925e3426f42630d0bc935f1a9e33489b933acda4b7831
,,,冗余三元组,13.0,29.0,是,extraction,ffa30b4f3216d3a8f56030cb4d33517361b4979ec19a58b4d3a546e9f0b38bdc
,,,冗余三元组,1.0,51.0,包含行为,extraction,f8a8dc8a03ea22f0c99fcbd7990d1f03fe9b84cf3f283d29a67c08ec33604bcb
,,,冗余三元组,9.0,3.0,是,extraction,0ec99e7cb6f44635fcabc5bf332037bea07b228f7b51753076ef1e8382984bc4
,,,冗余三元组,10.0,22.0,是,extraction,5a0b03998ab865a9402789a91f83ce5e2c3e8b9dc624370864b73747e8ad330a
,,,冗余三元组,12.0,22.0,是,extraction,51b7578f6e3f4d6aa73a569f8dfc21fce38f169c0202a35f222c3aebbfe18ce9
,,,冗余三元组,13.0,43.0,是,extraction,ade982e693329bd738b2be4fef11a25c3536423672e3d1c585cae98131a035d0
,,,冗余三元组,1.0,15.0,包含,extraction,ece6cfea1e7888ef7da542c244213f3cf24b722f04c103df8c133360b0d0783d
,,,冗余三元组,9.0,3.0,是,extraction,0ec99e7cb6f44635fcabc5bf332037bea07b228f7b51753076ef1e8382984bc4
,,,冗余三元组,10.0,16.0,是,extraction,746a2100773446996a077ea20c54ba9035e03b7b31f93fb59a8ae3cd5a9d17da
,,,冗余三元组,12.0,16.0,是,extraction,02eb93de428eaa79f373e8be62591cfeadb588d7f8583ea3de7abacb8d43bb50
,,,冗余三元组,13.0,23.0,是,extraction,a809901cb1266f3034f5251cd5e201f3ce63e484f49bb7e202066cafcce8d4b1
,,,冗余三元组,1.0,36.0,涉及问题,extraction,54c260d1a128014203ab4ed53ac05e9cb8405dd874e0b78e2a81b01ce110fecf
,,,冗余三元组,3.0,1.0,权力类型,extraction,63bb5d4e71e6267d4835ef9479c9ff86b0b3ef916f5e6075b1750ed13e17cad3
,,,冗余三元组,22.0,3.0,行驶主体,extraction,63b889c6caaf61c3eefad202bc0e1a4344122b009d898e41612d2ce9411c9a90
,,,冗余三元组,22.0,3.0,承办机构,extraction,450ea2044227017296ffd8295e12ead624bac9ad5fb24c8dce7525315368e0fd
,,,冗余三元组,1.0,53.0,涉及事项,extraction,f0541f7d0c2d3d04c56da88a6bc6ad2f2baea1220b292ed6fa4bf4744fe4e698
,,,冗余三元组,3.0,1.0,权力类型,extraction,63bb5d4e71e6267d4835ef9479c9ff86b0b3ef916f5e6075b1750ed13e17cad3
,,,冗余三元组,38.0,3.0,行驶主体,extraction,09efeab994a6d0a0d2474408b9050a4299990ea94ef2b0fd3b3f3c42b80c1d00
,,,冗余三元组,38.0,3.0,承办机构,extraction,3ffeb2c635f8eac91bfd409e9ffa26f73bbf4f4bb174d1a1c0cfa1334e723247
,,,冗余三元组,35.0,3.0,实施依据,extraction,b624cc26441dfe817af4e1eb453814a9cb80441634853b422b6c75adb5478d0b
,,,冗余三元组,1.0,45.0,涉及事项,extraction,dd7fe96509b2c5c33db03e133555278b4cecbf544b6fac7dea1158a8470efe3a
,,,冗余三元组,3.0,1.0,权力类型,extraction,63bb5d4e71e6267d4835ef9479c9ff86b0b3ef916f5e6075b1750ed13e17cad3
,,,冗余三元组,25.0,3.0,行驶主体,extraction,c7f405beeae1829a03dbec6b28d32c4d828da48de999734d24825266b3076f59
,,,冗余三元组,25.0,3.0,承办机构,extraction,eef2c4724eefbb6cbc8a1e38dd903f5952b15b4fa168168b9caed346c6551029
,,,冗余三元组,1.0,34.0,包含,extraction,55e4afabf77afe2a5eab9a2e4e01194c0b9b6c241104b977092e714b9c92562f
,,,冗余三元组,9.0,3.0,是,extraction,0ec99e7cb6f44635fcabc5bf332037bea07b228f7b51753076ef1e8382984bc4
,,,冗余三元组,10.0,25.0,是,extraction,ad542489db79b38432a47864e6f61070ea6042115797987a3bcdb2baca19bebf
,,,冗余三元组,12.0,25.0,是,extraction,dc4ae0749038f60cf9a543d11bdbb3655270d3f1168c53408b231865a3b78a64
,,,冗余三元组,13.0,5.0,是,extraction,507348e0a400849c992ed3d4db941f51b877314c064a446d1a19df892d7a6f73
,,,冗余三元组,1.0,42.0,涉及事项,extraction,6fa1fbc925e7b9f7909377c8fdb4e224f49dc4ac4ecc0317653a80654e14e7bc
,,,冗余三元组,3.0,1.0,权力类型,extraction,63bb5d4e71e6267d4835ef9479c9ff86b0b3ef916f5e6075b1750ed13e17cad3
,,,冗余三元组,44.0,1.0,行驶主体,extraction,5aa5bd754001b528942d9ff1cf92c0dac3eea5408ae1a3ad1be7b48dd6ad7bc6
,,,冗余三元组,44.0,1.0,承办机构,extraction,fe869ebaf0ddd080462b050806e1c882e39322a3f98c8d4b29b1d043af63148d
,,,冗余三元组,1.0,57.0,依据,extraction,738c23a901d36acbb1cecdf88d11d9aa9c98d016d617e8aaacb865f4a54827b7
,,,冗余三元组,1.0,34.0,包含,extraction,55e4afabf77afe2a5eab9a2e4e01194c0b9b6c241104b977092e714b9c92562f
,,,冗余三元组,9.0,3.0,是,extraction,0ec99e7cb6f44635fcabc5bf332037bea07b228f7b51753076ef1e8382984bc4
,,,冗余三元组,10.0,38.0,是,extraction,b756eb5995473eefcaf0d5b4fb891f9eb9190e7e7f446761eaff99790520dd98
,,,冗余三元组,12.0,38.0,是,extraction,76d05d01998cae971c559874b8df42b2445eeafc6d81c360c7aecdbaf38c3f00
,,,冗余三元组,13.0,14.0,是,extraction,bfbeedc7e6daf4f851060b875d14b5b7c1dab5b695356d4176fd018de0894ae2
,,,冗余三元组,1.0,36.0,涉及事项,extraction,8f5ef8181607d60e4eccd5ec612a1b947845c41af6a5aa6f33629298f46d39a8
,,,冗余三元组,3.0,1.0,权力类型,extraction,63bb5d4e71e6267d4835ef9479c9ff86b0b3ef916f5e6075b1750ed13e17cad3
,,,冗余三元组,16.0,3.0,行驶主体,extraction,dcf915ca16fdd03067ac26bed4e74e74a9239bdbd1f71068aedeb4f177f92df1
,,,冗余三元组,16.0,3.0,承办机构,extraction,1845bf4af0283ae739a3edd822fa3a6e7302f5b26eae67bdd654099cddf35e9f
,,,冗余三元组,3.0,43.0,实施依据,extraction,8c7abadfdc319d7274052099c86c42f15733fa00826782a23647ef3537704765
,,,冗余三元组,39.0,1.0,是,extraction,38e1d37380a7519608b7025690633256c2d7865eeeda60653fee8757d9e4afaf
,,,冗余三元组,1.0,46.0,涉及问题,extraction,3e940b19ef498016fad79857e57d4ee162cee2e05833d1b57fba62f1d9613be3
,,,冗余三元组,9.0,3.0,是,extraction,0ec99e7cb6f44635fcabc5bf332037bea07b228f7b51753076ef1e8382984bc4
,,,冗余三元组,10.0,3.0,实施,extraction,0adf7bb4faa387f3dc460a68dc31926b6dcf45da6e85f2f5dbdb15aa160b308c
,,,冗余三元组,13.0,20.0,来自,extraction,6ec11b9fd0216174571619a73e22f880d6a19265abb6dac046dc1d0a0c65c4f5
,,,冗余三元组,1.0,19.0,涉及行为,extraction,7f240590f2a7da25c488c633d39a09a722fedca13693b57fc75c819db158f3af
,,,冗余三元组,3.0,1.0,权力类型,extraction,63bb5d4e71e6267d4835ef9479c9ff86b0b3ef916f5e6075b1750ed13e17cad3
,,,冗余三元组,38.0,3.0,行驶主体,extraction,09efeab994a6d0a0d2474408b9050a4299990ea94ef2b0fd3b3f3c42b80c1d00
,,,冗余三元组,38.0,3.0,承办机构,extraction,3ffeb2c635f8eac91bfd409e9ffa26f73bbf4f4bb174d1a1c0cfa1334e723247
,,,冗余三元组,3.0,20.0,实施依据,extraction,904d9893c432b7f5610334c63d7c55767465e2c831a2b7963a6b4bed774952e6
,,,冗余三元组,1.0,42.0,涉及事项,extraction,6fa1fbc925e7b9f7909377c8fdb4e224f49dc4ac4ecc0317653a80654e14e7bc
,,,冗余三元组,3.0,1.0,权力类型,extraction,63bb5d4e71e6267d4835ef9479c9ff86b0b3ef916f5e6075b1750ed13e17cad3
,,,冗余三元组,25.0,3.0,行驶主体,extraction,c7f405beeae1829a03dbec6b28d32c4d828da48de999734d24825266b3076f59
,,,冗余三元组,25.0,3.0,承办机构,extraction,eef2c4724eefbb6cbc8a1e38dd903f5952b15b4fa168168b9caed346c6551029
,,,冗余三元组,14.0,3.0,实施依据,extraction,b2a34d3077aee5e73c915f123942606ad10c818ac195f73a26fa6b2a85ed9d1b
,,,冗余三元组,1.0,60.0,涉及事项,extraction,6309e2202fc5d6cebcd70f93ed56deb6d1ded945a512f9631f8df8c872f7ddaf
,,,冗余三元组,3.0,9.0,属于,extraction,e243beb6cddf62185b7e7ffcf414a9105a2c5a93a0690b193f72c7a37fa3b5ca
,,,冗余三元组,26.0,12.0,也是,extraction,758e9266098e0056a398daa49fc984e46ccfb78d544f7d7d529bbb71c974f551
,,,冗余三元组,1.0,24.0,基于,extraction,a5276488a9604d9649d8bacd34b068a0005e4d755aa469a2a15794604500ae4d
,,,冗余三元组,9.0,3.0,是,extraction,0ec99e7cb6f44635fcabc5bf332037bea07b228f7b51753076ef1e8382984bc4
,,,冗余三元组,10.0,22.0,是,extraction,5a0b03998ab865a9402789a91f83ce5e2c3e8b9dc624370864b73747e8ad330a
,,,冗余三元组,12.0,22.0,是,extraction,51b7578f6e3f4d6aa73a569f8dfc21fce38f169c0202a35f222c3aebbfe18ce9
,,,冗余三元组,13.0,14.0,是,extraction,bfbeedc7e6daf4f851060b875d14b5b7c1dab5b695356d4176fd018de0894ae2
,,,冗余三元组,1.0,8.0,涉及内容,extraction,d02de960772b95844ead284f303c0cc0a431bb9e9d2e2a9acb00d12d4b09753a
,,,冗余三元组,9.0,3.0,类型,extraction,7b4fd279b61586115fa2987e2d0371238853c4f6f63e89d0b451e4237f492a37
,,,冗余三元组,10.0,26.0,是,extraction,89fbb5ae30c6220e41f165591e4df027877c140a72033fe0680e44206164aa17
,,,冗余三元组,12.0,26.0,是,extraction,a3817cab3fccbfd1b94576c85b68cfb0ff0511791fe7ada5dd7c10500502e531
,,,冗余三元组,13.0,5.0,依据,extraction,d2a1a37d41d95cfd342ff3e558e699ad0c27bce29ff79a3c406c9a5d36bda1a0
,,,冗余三元组,1.0,53.0,涉及事项,extraction,f0541f7d0c2d3d04c56da88a6bc6ad2f2baea1220b292ed6fa4bf4744fe4e698
,,,冗余三元组,3.0,1.0,权力类型,extraction,63bb5d4e71e6267d4835ef9479c9ff86b0b3ef916f5e6075b1750ed13e17cad3
,,,冗余三元组,32.0,1.0,行驶主体,extraction,f3ae7eebff4e3460421e23abeef0b3052dd9a3dcfbd1f44a03d027eeb1801b4f
,,,冗余三元组,32.0,1.0,承办机构,extraction,931cafd24efaf97775db66b22a04ccc10ef5b34c9f1550f1c6e447e2887940db
,,,冗余三元组,1.0,14.0,依据,extraction,ef634f9e84afb4ebf494e22553b15ac7b1fbc49e61d65588899d98c77fee67fd
,,,冗余三元组,1.0,51.0,服务事项,extraction,3dea0a5b06562291dbb553a78513976cf71ef17ab9e701dab48348e3389b2cc4
,,,冗余三元组,3.0,1.0,权力类型,extraction,63bb5d4e71e6267d4835ef9479c9ff86b0b3ef916f5e6075b1750ed13e17cad3
,,,冗余三元组,4.0,1.0,行驶主体,extraction,76853b7863ac80a3aad594a1104aa5b967a97525e8a2a9def28eeeebf43e4bab
,,,冗余三元组,4.0,1.0,承办机构,extraction,f7483722370a3db6cc6e9698d7f621113a7fe751bca6b181a1961b22639e7ed3
,,,冗余三元组,27.0,1.0,实施依据,extraction,1dd09eaa3ac242a6049883882dda75ebce911a0b4434d4e2ef5da6ac96a10226
,,,冗余三元组,1.0,42.0,涉及事项,extraction,6fa1fbc925e7b9f7909377c8fdb4e224f49dc4ac4ecc0317653a80654e14e7bc
,,,冗余三元组,3.0,1.0,权力类型,extraction,63bb5d4e71e6267d4835ef9479c9ff86b0b3ef916f5e6075b1750ed13e17cad3
,,,冗余三元组,11.0,3.0,行驶主体,extraction,252ebc8fde2836f7eae5a791df687860076241cf808bc99e0fd167f0ea262cd9
,,,冗余三元组,11.0,3.0,承办机构,extraction,e3339b884b62824a3b8679c646ddcca5b0bd6ecf6ec75f8d8629aa2e9b31a33c
,,,冗余三元组,43.0,3.0,实施依据,extraction,b2e045a3f94b96fa94529db86a8245fdcf22fab97a04061f220a7caec63e44e4
,,,冗余三元组,1.0,2.0,涉及事项,extraction,45a6b5e9b7acaaf964d4ba55ee382735953a50be79b9c5a63cfd56f3bfaa98e9
,,,冗余三元组,9.0,3.0,是,extraction,0ec99e7cb6f44635fcabc5bf332037bea07b228f7b51753076ef1e8382984bc4
,,,冗余三元组,10.0,22.0,是,extraction,5a0b03998ab865a9402789a91f83ce5e2c3e8b9dc624370864b73747e8ad330a
,,,冗余三元组,12.0,22.0,是,extraction,51b7578f6e3f4d6aa73a569f8dfc21fce38f169c0202a35f222c3aebbfe18ce9
,,,冗余三元组,13.0,27.0,是,extraction,b6eab7714fb673bef9d283a76736709544e272990472859dc282d706a47931e5
,,,冗余三元组,1.0,53.0,涉及事项,extraction,f0541f7d0c2d3d04c56da88a6bc6ad2f2baea1220b292ed6fa4bf4744fe4e698
,,,冗余三元组,3.0,1.0,权力类型,extraction,63bb5d4e71e6267d4835ef9479c9ff86b0b3ef916f5e6075b1750ed13e17cad3
,,,冗余三元组,38.0,3.0,行驶主体,extraction,09efeab994a6d0a0d2474408b9050a4299990ea94ef2b0fd3b3f3c42b80c1d00
,,,冗余三元组,38.0,3.0,承办机构,extraction,3ffeb2c635f8eac91bfd409e9ffa26f73bbf4f4bb174d1a1c0cfa1334e723247
,,,冗余三元组,3.0,7.0,依据,extraction,2c7744cfc99769a6fc0986cf138e3ed4d77c32f88512b230684854b6658447e8
,,,冗余三元组,1.0,40.0,涉及内容,extraction,de20e85db7086358cf9286abdebf47adc291c16b26f2f272b53ee25a61196b6a
,,,冗余三元组,9.0,3.0,类型,extraction,7b4fd279b61586115fa2987e2d0371238853c4f6f63e89d0b451e4237f492a37
,,,冗余三元组,1.0,21.0,包含,extraction,635d1027165abbabe82fa63c66c6183ad9893b0e011f20d0b6ad30d71c05ec2a
,,,冗余三元组,9.0,3.0,是,extraction,0ec99e7cb6f44635fcabc5bf332037bea07b228f7b51753076ef1e8382984bc4
,,,冗余三元组,10.0,32.0,是,extraction,4da064cb343643cc890842dceaf67b09d17018b8caccfb9a66252b99aba7b2c2
,,,冗余三元组,12.0,32.0,是,extraction,9c4f6d970f0759ccf44ba88668fb20479c3f74345a7048810ee820b1947a78e1
,,,冗余三元组,13.0,27.0,是,extraction,b6eab7714fb673bef9d283a76736709544e272990472859dc282d706a47931e5
,,,冗余三元组,1.0,30.0,包含,extraction,b513d0b5fe620cfbed205f8d217fb4790ebfe54bd1dacc6452fdd584f0bbdfd5
,,,冗余三元组,9.0,3.0,是,extraction,0ec99e7cb6f44635fcabc5bf332037bea07b228f7b51753076ef1e8382984bc4
,,,冗余三元组,10.0,26.0,是,extraction,89fbb5ae30c6220e41f165591e4df027877c140a72033fe0680e44206164aa17
,,,冗余三元组,12.0,26.0,是,extraction,a3817cab3fccbfd1b94576c85b68cfb0ff0511791fe7ada5dd7c10500502e531
,,,冗余三元组,13.0,5.0,是,extraction,507348e0a400849c992ed3d4db941f51b877314c064a446d1a19df892d7a6f73
,,,冗余三元组,1.0,19.0,涉及内容,extraction,e667158a34c5290413d6959d0281c37377fbc946202a479c446b6afeb89e2126
,,,冗余三元组,3.0,1.0,权力类型,extraction,63bb5d4e71e6267d4835ef9479c9ff86b0b3ef916f5e6075b1750ed13e17cad3
,,,冗余三元组,44.0,1.0,行驶主体,extraction,5aa5bd754001b528942d9ff1cf92c0dac3eea5408ae1a3ad1be7b48dd6ad7bc6
,,,冗余三元组,44.0,1.0,承办机构,extraction,fe869ebaf0ddd080462b050806e1c882e39322a3f98c8d4b29b1d043af63148d
,,,冗余三元组,7.0,3.0,实施依据,extraction,f19e34325be413dc5e6bb80be003b66e02159d7f79ced0a5e8ba8a58d7125e15
,,,冗余三元组,1.0,47.0,涉及事项,extraction,410fd6754fd95d077ef04ff964ec4dd009afe4ed77694bf6c52b18682d5b8662
,,,冗余三元组,16.0,16.0,行驶主体,extraction,de3d3e85ffec1b1c16f445f7a5e7e204c5d5fb0d31f317bb122227719e728676
,,,冗余三元组,16.0,16.0,承办机构,extraction,dd3beedaf67b0e9e05574852bf1b9e7df5fccb39eb43ab3bef7f7645d192767e
,,,冗余三元组,16.0,29.0,依据,extraction,01fea2a7eed8770dd1d2c77c7e4e294441630c45cf424b7bddd3adbb935c851c
,,,冗余三元组,1.0,51.0,包含行为,extraction,f8a8dc8a03ea22f0c99fcbd7990d1f03fe9b84cf3f283d29a67c08ec33604bcb
,,,冗余三元组,9.0,3.0,是,extraction,0ec99e7cb6f44635fcabc5bf332037bea07b228f7b51753076ef1e8382984bc4
,,,冗余三元组,10.0,22.0,是,extraction,5a0b03998ab865a9402789a91f83ce5e2c3e8b9dc624370864b73747e8ad330a
,,,冗余三元组,12.0,22.0,是,extraction,51b7578f6e3f4d6aa73a569f8dfc21fce38f169c0202a35f222c3aebbfe18ce9
,,,冗余三元组,13.0,37.0,是,extraction,11ad231736d8e934254b836f208f0b302e4d9e38c23214e2036235899cb04fe6
,,,冗余三元组,1.0,53.0,涉及事项,extraction,f0541f7d0c2d3d04c56da88a6bc6ad2f2baea1220b292ed6fa4bf4744fe4e698
,,,冗余三元组,3.0,1.0,权力类型,extraction,63bb5d4e71e6267d4835ef9479c9ff86b0b3ef916f5e6075b1750ed13e17cad3
,,,冗余三元组,25.0,1.0,行驶主体,extraction,f8d14ca82df048e60e8e15e838aee0937165e7863b618cad5ab1fa07cbe6c922
,,,冗余三元组,25.0,1.0,承办机构,extraction,52233a544f4c28cfdd7e8c323198ffbcd53a5927d355c09f9eb314df01568645
,,,冗余三元组,1.0,57.0,依据,extraction,738c23a901d36acbb1cecdf88d11d9aa9c98d016d617e8aaacb865f4a54827b7
,,,冗余三元组,1.0,15.0,包含行为,extraction,50889e3cad3a2af3fe5c788cdd352c4e79a5e965367902c33f7b1eab2a878616
,,,冗余三元组,3.0,9.0,属于,extraction,e243beb6cddf62185b7e7ffcf414a9105a2c5a93a0690b193f72c7a37fa3b5ca
,,,冗余三元组,32.0,10.0,既是,extraction,6a71c60b3df216a02245bac7b249632f00fe9fb00329bc9b748dd56567aa2840
,,,冗余三元组,32.0,12.0,也是,extraction,c4c3ca8e89d758a45e9d008f04beb27756657ae5dd641654ceb69ccbbc45f528
,,,冗余三元组,1.0,51.0,包含行为,extraction,f8a8dc8a03ea22f0c99fcbd7990d1f03fe9b84cf3f283d29a67c08ec33604bcb
,,,冗余三元组,9.0,3.0,是,extraction,0ec99e7cb6f44635fcabc5bf332037bea07b228f7b51753076ef1e8382984bc4
,,,冗余三元组,10.0,44.0,是,extraction,53854b14f84a4f7bcec4288babeeb93d9202a8f1247a14098e9a02982cc95640
,,,冗余三元组,12.0,44.0,是,extraction,de41cd62c11f82837c5925e3426f42630d0bc935f1a9e33489b933acda4b7831
,,,冗余三元组,13.0,43.0,是,extraction,ade982e693329bd738b2be4fef11a25c3536423672e3d1c585cae98131a035d0
,,,冗余三元组,1.0,51.0,包含行为,extraction,f8a8dc8a03ea22f0c99fcbd7990d1f03fe9b84cf3f283d29a67c08ec33604bcb
,,,冗余三元组,9.0,3.0,是,extraction,0ec99e7cb6f44635fcabc5bf332037bea07b228f7b51753076ef1e8382984bc4
,,,冗余三元组,10.0,26.0,是,extraction,89fbb5ae30c6220e41f165591e4df027877c140a72033fe0680e44206164aa17
,,,冗余三元组,12.0,26.0,是,extraction,a3817cab3fccbfd1b94576c85b68cfb0ff0511791fe7ada5dd7c10500502e531
,,,冗余三元组,13.0,14.0,是,extraction,bfbeedc7e6daf4f851060b875d14b5b7c1dab5b695356d4176fd018de0894ae2
,,,冗余三元组,1.0,15.0,包含行为,extraction,50889e3cad3a2af3fe5c788cdd352c4e79a5e965367902c33f7b1eab2a878616
,,,冗余三元组,9.0,3.0,是,extraction,0ec99e7cb6f44635fcabc5bf332037bea07b228f7b51753076ef1e8382984bc4
,,,冗余三元组,10.0,26.0,是,extraction,89fbb5ae30c6220e41f165591e4df027877c140a72033fe0680e44206164aa17
,,,冗余三元组,12.0,26.0,是,extraction,a3817cab3fccbfd1b94576c85b68cfb0ff0511791fe7ada5dd7c10500502e531
,,,冗余三元组,13.0,23.0,是,extraction,a809901cb1266f3034f5251cd5e201f3ce63e484f49bb7e202066cafcce8d4b1
,,,冗余三元组,39.0,1.0,是,extraction,38e1d37380a7519608b7025690633256c2d7865eeeda60653fee8757d9e4afaf
,,,冗余三元组,1.0,65.0,由,extraction,905cf3aafafc7f3fb8e8049e678ac2ffe105fc86a67750444d271fd3ccb21266
,,,冗余三元组,9.0,3.0,是,extraction,0ec99e7cb6f44635fcabc5bf332037bea07b228f7b51753076ef1e8382984bc4
,,,冗余三元组,10.0,44.0,是,extraction,53854b14f84a4f7bcec4288babeeb93d9202a8f1247a14098e9a02982cc95640
,,,冗余三元组,12.0,44.0,是,extraction,de41cd62c11f82837c5925e3426f42630d0bc935f1a9e33489b933acda4b7831
,,,冗余三元组,13.0,43.0,是,extraction,ade982e693329bd738b2be4fef11a25c3536423672e3d1c585cae98131a035d0
,,,冗余三元组,1.0,6.0,涉及事项,extraction,63ed056176a358e5141eeb94299bb1cc5c1ba655d4c97bdb0e998157b41cd7a5
,,,冗余三元组,26.0,1.0,行驶主体,extraction,c02b72a8d8a1775ff7e7978594abd6b5422b51c7c4fffd7eac711ff69bf88a97
,,,冗余三元组,26.0,1.0,承办机构,extraction,69ebaebdf045cea8cb77aa5e448d960f3c2e8a6fbe335676bbabaa00d3c918e5
,,,冗余三元组,1.0,5.0,依据,extraction,1ea7450430c6e25edf81e6ecf2f8dbbbbd3c1ca33319839a0f1c3459a61d2b2e
,,,冗余三元组,1.0,46.0,涉及问题,extraction,3e940b19ef498016fad79857e57d4ee162cee2e05833d1b57fba62f1d9613be3
,,,冗余三元组,3.0,1.0,权力类型,extraction,63bb5d4e71e6267d4835ef9479c9ff86b0b3ef916f5e6075b1750ed13e17cad3
,,,冗余三元组,38.0,3.0,行驶主体,extraction,09efeab994a6d0a0d2474408b9050a4299990ea94ef2b0fd3b3f3c42b80c1d00
,,,冗余三元组,38.0,3.0,承办机构,extraction,3ffeb2c635f8eac91bfd409e9ffa26f73bbf4f4bb174d1a1c0cfa1334e723247
,,,冗余三元组,1.0,55.0,涉及方面,extraction,5ee3a47a13dc675638470604b07e57a50fdeaeedeade9769ce1a62338490e202
,,,冗余三元组,9.0,3.0,类型,extraction,7b4fd279b61586115fa2987e2d0371238853c4f6f63e89d0b451e4237f492a37
,,,冗余三元组,16.0,16.0,行使主体,extraction,a30afd6af3baa3ef619e88bd5ceef5629ad6263bcdb6e756d18761d9dec661de
,,,冗余三元组,16.0,16.0,承办机构,extraction,dd3beedaf67b0e9e05574852bf1b9e7df5fccb39eb43ab3bef7f7645d192767e
,,,冗余三元组,16.0,29.0,依据,extraction,01fea2a7eed8770dd1d2c77c7e4e294441630c45cf424b7bddd3adbb935c851c
,,,冗余三元组,1.0,17.0,涉及事项,extraction,26e5b368d0569ae2cd1db86e58c1825b9d075b33fb779749f2c6991aaf9b42eb
,,,冗余三元组,16.0,16.0,行驶主体,extraction,de3d3e85ffec1b1c16f445f7a5e7e204c5d5fb0d31f317bb122227719e728676
,,,冗余三元组,16.0,16.0,承办机构,extraction,dd3beedaf67b0e9e05574852bf1b9e7df5fccb39eb43ab3bef7f7645d192767e
,,,冗余三元组,16.0,29.0,依据,extraction,01fea2a7eed8770dd1d2c77c7e4e294441630c45cf424b7bddd3adbb935c851c
,,,冗余三元组,1.0,21.0,包含,extraction,635d1027165abbabe82fa63c66c6183ad9893b0e011f20d0b6ad30d71c05ec2a
,,,冗余三元组,9.0,3.0,是,extraction,0ec99e7cb6f44635fcabc5bf332037bea07b228f7b51753076ef1e8382984bc4
,,,冗余三元组,10.0,22.0,是,extraction,5a0b03998ab865a9402789a91f83ce5e2c3e8b9dc624370864b73747e8ad330a
,,,冗余三元组,12.0,22.0,是,extraction,51b7578f6e3f4d6aa73a569f8dfc21fce38f169c0202a35f222c3aebbfe18ce9
,,,冗余三元组,13.0,43.0,是,extraction,ade982e693329bd738b2be4fef11a25c3536423672e3d1c585cae98131a035d0
,,,冗余三元组,1.0,62.0,基于,extraction,107e1bb0950b774ff9f05ec19639e02422cf10def6be35db13c2495e5a4effe2
,,,冗余三元组,9.0,3.0,是,extraction,0ec99e7cb6f44635fcabc5bf332037bea07b228f7b51753076ef1e8382984bc4
,,,冗余三元组,10.0,11.0,是,extraction,44a8fa7ea54ec2e41111a4f5dc6a9811dee8aa3aa19fb306f9177dfc86a9aea9
,,,冗余三元组,12.0,11.0,是,extraction,54710bbec3ca077fe79c80e1e95ea28a843633289f5bc6efe6abea14f6118623
,,,冗余三元组,13.0,23.0,是,extraction,a809901cb1266f3034f5251cd5e201f3ce63e484f49bb7e202066cafcce8d4b1
,,,冗余三元组,1.0,2.0,涉及事项,extraction,45a6b5e9b7acaaf964d4ba55ee382735953a50be79b9c5a63cfd56f3bfaa98e9
,,,冗余三元组,3.0,1.0,权力类型,extraction,63bb5d4e71e6267d4835ef9479c9ff86b0b3ef916f5e6075b1750ed13e17cad3
,,,冗余三元组,41.0,1.0,行驶主体,extraction,3e203c1cd5240efde0e6a6d05bb4f8d4f3f80b46e735202ba3011d3e2801f0a1
,,,冗余三元组,41.0,1.0,承办机构,extraction,379f2c27a6c0b2eecca7d7b46b22ef51fefdad08ac0ee7abd453d5173a893b67
,,,冗余三元组,7.0,1.0,实施依据,extraction,d17adc34c7caa96f27afae806386689e2bb5cbc06ad807b8af9e91dbe53a1682
,,,冗余三元组,1.0,46.0,包含,extraction,43de48e1fd0d3973027e232e73e22a3174566b69b4fe0e1932b85469761532cb
,,,冗余三元组,9.0,3.0,是,extraction,0ec99e7cb6f44635fcabc5bf332037bea07b228f7b51753076ef1e8382984bc4
,,,冗余三元组,10.0,4.0,是,extraction,4253afef8f3fd90e1effb4068d33d5af9bf9795c98a41a591346af581d8c5b13
,,,冗余三元组,12.0,4.0,是,extraction,157789d187fc7ed7a6f770e4112d938e1669ffabeec33b64ab160620d61c286f
,,,冗余三元组,13.0,7.0,是,extraction,5173b273e53a3712e9a749ca6cf7b8e8d3b7641db772c202823ccb26f6087587
,,,冗余三元组,1.0,24.0,基于,extraction,a5276488a9604d9649d8bacd34b068a0005e4d755aa469a2a15794604500ae4d
,,,冗余三元组,9.0,3.0,是,extraction,0ec99e7cb6f44635fcabc5bf332037bea07b228f7b51753076ef1e8382984bc4
,,,冗余三元组,10.0,25.0,是,extraction,ad542489db79b38432a47864e6f61070ea6042115797987a3bcdb2baca19bebf
,,,冗余三元组,12.0,25.0,是,extraction,dc4ae0749038f60cf9a543d11bdbb3655270d3f1168c53408b231865a3b78a64
,,,冗余三元组,13.0,35.0,是,extraction,bdb6ae948fcb734a09a70e6199e73c6b4e1ee8988d36d946e8376162542ec754
,,,冗余三元组,1.0,46.0,涉及,extraction,b97b46d42fda49bf81ff3f4907773acec8566f08195d592b6e6bc1a7f3a94efc
,,,冗余三元组,9.0,3.0,是,extraction,0ec99e7cb6f44635fcabc5bf332037bea07b228f7b51753076ef1e8382984bc4
,,,冗余三元组,10.0,4.0,是,extraction,4253afef8f3fd90e1effb4068d33d5af9bf9795c98a41a591346af581d8c5b13
,,,冗余三元组,12.0,4.0,是,extraction,157789d187fc7ed7a6f770e4112d938e1669ffabeec33b64ab160620d61c286f
,,,冗余三元组,13.0,35.0,是,extraction,bdb6ae948fcb734a09a70e6199e73c6b4e1ee8988d36d946e8376162542ec754
,,,冗余三元组,1.0,42.0,涉及事项,extraction,6fa1fbc925e7b9f7909377c8fdb4e224f49dc4ac4ecc0317653a80654e14e7bc
,,,冗余三元组,3.0,1.0,权力类型,extraction,63bb5d4e71e6267d4835ef9479c9ff86b0b3ef916f5e6075b1750ed13e17cad3
,,,冗余三元组,16.0,3.0,行驶主体,extraction,dcf915ca16fdd03067ac26bed4e74e74a9239bdbd1f71068aedeb4f177f92df1
,,,冗余三元组,16.0,3.0,承办机构,extraction,1845bf4af0283ae739a3edd822fa3a6e7302f5b26eae67bdd654099cddf35e9f
,,,冗余三元组,3.0,7.0,实施依据,extraction,8b8b874d6aacfaea02e3258e572855dec0ac6da7c5aa16557312356c39613641
,,,冗余三元组,1.0,47.0,服务事项,extraction,b33592c1f30e39df0401c77d218134fb8abddfd7e8dbdedb52818471c5201bf4
,,,冗余三元组,3.0,1.0,权力类型,extraction,63bb5d4e71e6267d4835ef9479c9ff86b0b3ef916f5e6075b1750ed13e17cad3
,,,冗余三元组,4.0,1.0,行驶主体,extraction,76853b7863ac80a3aad594a1104aa5b967a97525e8a2a9def28eeeebf43e4bab
,,,冗余三元组,4.0,1.0,承办机构,extraction,f7483722370a3db6cc6e9698d7f621113a7fe751bca6b181a1961b22639e7ed3
,,,冗余三元组,27.0,1.0,实施依据,extraction,1dd09eaa3ac242a6049883882dda75ebce911a0b4434d4e2ef5da6ac96a10226
,,,冗余三元组,1.0,40.0,涉及内容,extraction,de20e85db7086358cf9286abdebf47adc291c16b26f2f272b53ee25a61196b6a
,,,冗余三元组,9.0,3.0,类型,extraction,7b4fd279b61586115fa2987e2d0371238853c4f6f63e89d0b451e4237f492a37
,,,冗余三元组,32.0,1.0,行驶主体,extraction,f3ae7eebff4e3460421e23abeef0b3052dd9a3dcfbd1f44a03d027eeb1801b4f
,,,冗余三元组,32.0,1.0,承办机构,extraction,931cafd24efaf97775db66b22a04ccc10ef5b34c9f1550f1c6e447e2887940db
,,,冗余三元组,1.0,7.0,依据,extraction,ad207775734fc909831229d25a4f5b75a4caf54238f8d0d146d0f0b3eb2acaeb
,,,冗余三元组,1.0,54.0,服务事项,extraction,f1b6e795f7f4341a924257c51e053eb45298f6fc867b5d12c7547aa7ef61bce7
,,,冗余三元组,3.0,1.0,权力类型,extraction,63bb5d4e71e6267d4835ef9479c9ff86b0b3ef916f5e6075b1750ed13e17cad3
,,,冗余三元组,32.0,1.0,行驶主体,extraction,f3ae7eebff4e3460421e23abeef0b3052dd9a3dcfbd1f44a03d027eeb1801b4f
,,,冗余三元组,32.0,1.0,承办机构,extraction,931cafd24efaf97775db66b22a04ccc10ef5b34c9f1550f1c6e447e2887940db
,,,冗余三元组,14.0,1.0,实施依据,extraction,9e8311c5545f056237fea59ad427e08044b1f281b728a5fbe6f711b2b87fb62b
,,,冗余三元组,1.0,60.0,服务事项,extraction,287aa1628b16bd50e098ad4ed738ddedb129fdc444eb1a0cd354fe091a42aaa8
,,,冗余三元组,3.0,1.0,权力类型,extraction,63bb5d4e71e6267d4835ef9479c9ff86b0b3ef916f5e6075b1750ed13e17cad3
,,,冗余三元组,26.0,1.0,行驶主体,extraction,c02b72a8d8a1775ff7e7978594abd6b5422b51c7c4fffd7eac711ff69bf88a97
,,,冗余三元组,26.0,1.0,承办机构,extraction,69ebaebdf045cea8cb77aa5e448d960f3c2e8a6fbe335676bbabaa00d3c918e5
,,,冗余三元组,37.0,3.0,实施依据,extraction,980a426a4890aa6880028a39b27563b630569c34cd3744943c728122dcc81e34
,,,冗余三元组,1.0,17.0,涉及事项,extraction,26e5b368d0569ae2cd1db86e58c1825b9d075b33fb779749f2c6991aaf9b42eb
,,,冗余三元组,26.0,1.0,行驶主体,extraction,c02b72a8d8a1775ff7e7978594abd6b5422b51c7c4fffd7eac711ff69bf88a97
,,,冗余三元组,26.0,1.0,承办机构,extraction,69ebaebdf045cea8cb77aa5e448d960f3c2e8a6fbe335676bbabaa00d3c918e5
,,,冗余三元组,1.0,43.0,依据,extraction,985b929fb66077bb8f3a9c4c874b8547a2937c0087957a49d92521a1de199bec
,,,冗余三元组,1.0,48.0,涉及内容,extraction,c90c36bc34d7f04fedfc793b0376221c7073cfdcfd8648ced932e92d2e837f7a
,,,冗余三元组,3.0,1.0,权力类型,extraction,63bb5d4e71e6267d4835ef9479c9ff86b0b3ef916f5e6075b1750ed13e17cad3
,,,冗余三元组,32.0,1.0,行驶主体,extraction,f3ae7eebff4e3460421e23abeef0b3052dd9a3dcfbd1f44a03d027eeb1801b4f
,,,冗余三元组,32.0,1.0,承办机构,extraction,931cafd24efaf97775db66b22a04ccc10ef5b34c9f1550f1c6e447e2887940db
,,,冗余三元组,35.0,1.0,实施依据,extraction,c2160bc37901fdb446bacf457f42f5af556fdcd5b45c0e99b283102cca9bc468
,,,冗余三元组,1.0,8.0,涉及内容,extraction,d02de960772b95844ead284f303c0cc0a431bb9e9d2e2a9acb00d12d4b09753a
,,,冗余三元组,9.0,3.0,类型,extraction,7b4fd279b61586115fa2987e2d0371238853c4f6f63e89d0b451e4237f492a37
,,,冗余三元组,10.0,11.0,是,extraction,44a8fa7ea54ec2e41111a4f5dc6a9811dee8aa3aa19fb306f9177dfc86a9aea9
,,,冗余三元组,12.0,11.0,是,extraction,54710bbec3ca077fe79c80e1e95ea28a843633289f5bc6efe6abea14f6118623
,,,冗余三元组,13.0,20.0,依据,extraction,6d34c9adc27c32ae74b84f298c0a43de9f86625e5dc1f0165282f32b2513c567
,,,冗余三元组,1.0,52.0,包含原因,extraction,85c2afcc9c5accc9e264526ac6e3f96cc6f95f5e004aebc14df19b42985180d3
,,,冗余三元组,9.0,3.0,是,extraction,0ec99e7cb6f44635fcabc5bf332037bea07b228f7b51753076ef1e8382984bc4
,,,冗余三元组,10.0,22.0,是,extraction,5a0b03998ab865a9402789a91f83ce5e2c3e8b9dc624370864b73747e8ad330a
,,,冗余三元组,12.0,22.0,是,extraction,51b7578f6e3f4d6aa73a569f8dfc21fce38f169c0202a35f222c3aebbfe18ce9
,,,冗余三元组,13.0,23.0,是,extraction,a809901cb1266f3034f5251cd5e201f3ce63e484f49bb7e202066cafcce8d4b1
,,,冗余三元组,1.0,28.0,涉及内容,extraction,ac3ee725f8a339f9fbd2a7028b68d899a9b8e5be581c35045e4b8bfb3dc079c3
,,,冗余三元组,3.0,1.0,权力类型,extraction,63bb5d4e71e6267d4835ef9479c9ff86b0b3ef916f5e6075b1750ed13e17cad3
,,,冗余三元组,4.0,1.0,行驶主体,extraction,76853b7863ac80a3aad594a1104aa5b967a97525e8a2a9def28eeeebf43e4bab
,,,冗余三元组,4.0,1.0,承办机构,extraction,f7483722370a3db6cc6e9698d7f621113a7fe751bca6b181a1961b22639e7ed3
,,,冗余三元组,1.0,14.0,依据,extraction,ef634f9e84afb4ebf494e22553b15ac7b1fbc49e61d65588899d98c77fee67fd
,,,冗余三元组,1.0,55.0,涉及方面,extraction,5ee3a47a13dc675638470604b07e57a50fdeaeedeade9769ce1a62338490e202
,,,冗余三元组,9.0,3.0,类型,extraction,7b4fd279b61586115fa2987e2d0371238853c4f6f63e89d0b451e4237f492a37
,,,冗余三元组,10.0,11.0,是,extraction,44a8fa7ea54ec2e41111a4f5dc6a9811dee8aa3aa19fb306f9177dfc86a9aea9
,,,冗余三元组,12.0,11.0,是,extraction,54710bbec3ca077fe79c80e1e95ea28a843633289f5bc6efe6abea14f6118623
,,,冗余三元组,13.0,27.0,是,extraction,b6eab7714fb673bef9d283a76736709544e272990472859dc282d706a47931e5
,,,冗余三元组,1.0,45.0,涉及事项,extraction,dd7fe96509b2c5c33db03e133555278b4cecbf544b6fac7dea1158a8470efe3a
,,,冗余三元组,3.0,1.0,权力类型,extraction,63bb5d4e71e6267d4835ef9479c9ff86b0b3ef916f5e6075b1750ed13e17cad3
,,,冗余三元组,22.0,3.0,行驶主体,extraction,63b889c6caaf61c3eefad202bc0e1a4344122b009d898e41612d2ce9411c9a90
,,,冗余三元组,22.0,3.0,承办机构,extraction,450ea2044227017296ffd8295e12ead624bac9ad5fb24c8dce7525315368e0fd
,,,冗余三元组,14.0,3.0,实施依据,extraction,b2a34d3077aee5e73c915f123942606ad10c818ac195f73a26fa6b2a85ed9d1b
,,,冗余三元组,1.0,54.0,涉及领域,extraction,bf464bcbcd83e979756fbd8eee9d0f695e979e7851f7354e079d63510152047a
,,,冗余三元组,3.0,1.0,权力类型,extraction,63bb5d4e71e6267d4835ef9479c9ff86b0b3ef916f5e6075b1750ed13e17cad3
,,,冗余三元组,25.0,1.0,行驶主体,extraction,f8d14ca82df048e60e8e15e838aee0937165e7863b618cad5ab1fa07cbe6c922
,,,冗余三元组,25.0,1.0,承办机构,extraction,52233a544f4c28cfdd7e8c323198ffbcd53a5927d355c09f9eb314df01568645
,,,冗余三元组,1.0,33.0,依据,extraction,beb4a53aeccd91f8439219990e9369a7c0fbc8b629e10951b4b57ace5628c03a
,,,冗余三元组,1.0,46.0,涉及问题,extraction,3e940b19ef498016fad79857e57d4ee162cee2e05833d1b57fba62f1d9613be3
,,,冗余三元组,9.0,3.0,类型,extraction,7b4fd279b61586115fa2987e2d0371238853c4f6f63e89d0b451e4237f492a37
,,,冗余三元组,13.0,33.0,依据,extraction,531b85994ef7f0f58aca11340849b52401fa2f7ba148d1193fa09f8c21020a23
,,,冗余三元组,1.0,58.0,服务事项,extraction,655d582335d12da2e92c3146cee51b20728dd5a0484a9577ef74b58a5845375c
,,,冗余三元组,3.0,1.0,权力类型,extraction,63bb5d4e71e6267d4835ef9479c9ff86b0b3ef916f5e6075b1750ed13e17cad3
,,,冗余三元组,26.0,1.0,行驶主体,extraction,c02b72a8d8a1775ff7e7978594abd6b5422b51c7c4fffd7eac711ff69bf88a97
,,,冗余三元组,26.0,1.0,承办机构,extraction,69ebaebdf045cea8cb77aa5e448d960f3c2e8a6fbe335676bbabaa00d3c918e5
,,,冗余三元组,1.0,29.0,实施依据,extraction,d0c854f24ab485fb8be69e5238d70c0621b587a2a4679d49b48a29b9856dfc86
,,,冗余三元组,1.0,52.0,基于,extraction,668e5f3c621142944b738540a6dd60a084047444e22e5bed3116600a0ae33f0f
,,,冗余三元组,9.0,3.0,是,extraction,0ec99e7cb6f44635fcabc5bf332037bea07b228f7b51753076ef1e8382984bc4
,,,冗余三元组,10.0,41.0,是,extraction,6f83ced92a9691e5e14cc19bb1bc5463d86dfecb7bda23ec44eab17a27bf9ae5
,,,冗余三元组,12.0,41.0,是,extraction,a4b1a3ff2483dfe0fabc0a44c0aa6f73e99b87cf7ec502667cce0dc30a67f7b2
,,,冗余三元组,13.0,14.0,是,extraction,bfbeedc7e6daf4f851060b875d14b5b7c1dab5b695356d4176fd018de0894ae2
,,,冗余三元组,1.0,58.0,涉及,extraction,ebb5415c1b54071499b45a909f698aaec953682c36e97747e6aee00bc7e619d3
,,,冗余三元组,9.0,3.0,是,extraction,0ec99e7cb6f44635fcabc5bf332037bea07b228f7b51753076ef1e8382984bc4
,,,冗余三元组,10.0,22.0,是,extraction,5a0b03998ab865a9402789a91f83ce5e2c3e8b9dc624370864b73747e8ad330a
,,,冗余三元组,12.0,22.0,是,extraction,51b7578f6e3f4d6aa73a569f8dfc21fce38f169c0202a35f222c3aebbfe18ce9
,,,冗余三元组,13.0,35.0,是,extraction,bdb6ae948fcb734a09a70e6199e73c6b4e1ee8988d36d946e8376162542ec754
,,,冗余三元组,39.0,1.0,是,extraction,38e1d37380a7519608b7025690633256c2d7865eeeda60653fee8757d9e4afaf
,,,冗余三元组,1.0,17.0,涉及,extraction,87e4905dd7e76c05785cd5a9e0c72fa6e73734c4efefa789b292aeeda823bb3d
,,,冗余三元组,9.0,3.0,是,extraction,0ec99e7cb6f44635fcabc5bf332037bea07b228f7b51753076ef1e8382984bc4
,,,冗余三元组,10.0,41.0,是,extraction,6f83ced92a9691e5e14cc19bb1bc5463d86dfecb7bda23ec44eab17a27bf9ae5
,,,冗余三元组,12.0,41.0,是,extraction,a4b1a3ff2483dfe0fabc0a44c0aa6f73e99b87cf7ec502667cce0dc30a67f7b2
,,,冗余三元组,13.0,37.0,是,extraction,11ad231736d8e934254b836f208f0b302e4d9e38c23214e2036235899cb04fe6
,,,冗余三元组,1.0,31.0,涉及问题,extraction,ea08369126f7fbe0d95ca41a348902bab3f4d8e388232d1c4ed32a98fca9af59
,,,冗余三元组,3.0,1.0,权力类型,extraction,63bb5d4e71e6267d4835ef9479c9ff86b0b3ef916f5e6075b1750ed13e17cad3
,,,冗余三元组,26.0,3.0,行驶主体,extraction,53a6aecb0cb919674eb601d3ca9bfb3e1cd8021d0c2b4edaea1103f12ff5d1fa
,,,冗余三元组,26.0,3.0,承办机构,extraction,09f29ebed328eaaeac44ee7d9b0d8d8b248964f2da25bc454213eb1f6ed1c65b
,,,冗余三元组,3.0,33.0,实施依据,extraction,3ee398515b151c50aea9c550299379df42bd5a92b41e28fc8b8b5854a9aef6e3
,,,冗余三元组,1.0,53.0,服务事项,extraction,6e3e1be22725db07cbda085e898d35471ffc4e71289552d4108ae311195e776c
,,,冗余三元组,3.0,1.0,权力类型,extraction,63bb5d4e71e6267d4835ef9479c9ff86b0b3ef916f5e6075b1750ed13e17cad3
,,,冗余三元组,22.0,1.0,行驶主体,extraction,51b40b4c4f91240a5d323aaa57fa14fc575345cbc5dfbd5960fee3546a9d8c6c
,,,冗余三元组,22.0,1.0,承办机构,extraction,9c49a1220338386706f2952f161469c3bd5f784a5b99fbb95a8b8222c52b3a33
,,,冗余三元组,63.0,1.0,实施依据,extraction,cffdd69dd883bd5c62bf747824dfb36d389aef3c286ad7f4e5c3f2fc9ae9f8d2
,,,冗余三元组,1.0,45.0,涉及事项,extraction,dd7fe96509b2c5c33db03e133555278b4cecbf544b6fac7dea1158a8470efe3a
,,,冗余三元组,3.0,1.0,权力类型,extraction,63bb5d4e71e6267d4835ef9479c9ff86b0b3ef916f5e6075b1750ed13e17cad3
,,,冗余三元组,25.0,3.0,行驶主体,extraction,c7f405beeae1829a03dbec6b28d32c4d828da48de999734d24825266b3076f59
,,,冗余三元组,25.0,3.0,承办机构,extraction,eef2c4724eefbb6cbc8a1e38dd903f5952b15b4fa168168b9caed346c6551029
,,,冗余三元组,3.0,56.0,实施依据,extraction,45356bc0b9eaa9e24678a8e305d2f3def1ac634cba8ba9b6ab52cf255a3cec18
,,,冗余三元组,1.0,51.0,包含行为,extraction,f8a8dc8a03ea22f0c99fcbd7990d1f03fe9b84cf3f283d29a67c08ec33604bcb
,,,冗余三元组,9.0,3.0,是,extraction,0ec99e7cb6f44635fcabc5bf332037bea07b228f7b51753076ef1e8382984bc4
,,,冗余三元组,10.0,26.0,是,extraction,89fbb5ae30c6220e41f165591e4df027877c140a72033fe0680e44206164aa17
,,,冗余三元组,12.0,26.0,是,extraction,a3817cab3fccbfd1b94576c85b68cfb0ff0511791fe7ada5dd7c10500502e531
,,,冗余三元组,13.0,35.0,是,extraction,bdb6ae948fcb734a09a70e6199e73c6b4e1ee8988d36d946e8376162542ec754
,,,冗余三元组,1.0,51.0,包含行为,extraction,f8a8dc8a03ea22f0c99fcbd7990d1f03fe9b84cf3f283d29a67c08ec33604bcb
,,,冗余三元组,9.0,3.0,是,extraction,0ec99e7cb6f44635fcabc5bf332037bea07b228f7b51753076ef1e8382984bc4
,,,冗余三元组,10.0,4.0,是,extraction,4253afef8f3fd90e1effb4068d33d5af9bf9795c98a41a591346af581d8c5b13
,,,冗余三元组,12.0,4.0,是,extraction,157789d187fc7ed7a6f770e4112d938e1669ffabeec33b64ab160620d61c286f
,,,冗余三元组,13.0,20.0,是,extraction,f536065857d8cffb8690029d0de8e595064374e0e38deb823e625bf375f96c61
,,,冗余三元组,1.0,15.0,包含行为,extraction,50889e3cad3a2af3fe5c788cdd352c4e79a5e965367902c33f7b1eab2a878616
,,,冗余三元组,9.0,3.0,是,extraction,0ec99e7cb6f44635fcabc5bf332037bea07b228f7b51753076ef1e8382984bc4
,,,冗余三元组,10.0,41.0,是,extraction,6f83ced92a9691e5e14cc19bb1bc5463d86dfecb7bda23ec44eab17a27bf9ae5
,,,冗余三元组,12.0,41.0,是,extraction,a4b1a3ff2483dfe0fabc0a44c0aa6f73e99b87cf7ec502667cce0dc30a67f7b2
,,,冗余三元组,13.0,5.0,是,extraction,507348e0a400849c992ed3d4db941f51b877314c064a446d1a19df892d7a6f73
,,,冗余三元组,39.0,1.0,是,extraction,38e1d37380a7519608b7025690633256c2d7865eeeda60653fee8757d9e4afaf
,,,冗余三元组,1.0,28.0,涉及内容,extraction,ac3ee725f8a339f9fbd2a7028b68d899a9b8e5be581c35045e4b8bfb3dc079c3
,,,冗余三元组,9.0,3.0,是,extraction,0ec99e7cb6f44635fcabc5bf332037bea07b228f7b51753076ef1e8382984bc4
,,,冗余三元组,10.0,41.0,是,extraction,6f83ced92a9691e5e14cc19bb1bc5463d86dfecb7bda23ec44eab17a27bf9ae5
,,,冗余三元组,12.0,41.0,是,extraction,a4b1a3ff2483dfe0fabc0a44c0aa6f73e99b87cf7ec502667cce0dc30a67f7b2
,,,冗余三元组,13.0,50.0,是,extraction,c041f04873201647e0b342a86dacb602d31a2f7036dbbbcb8019ba08c7818ff2
,,,冗余三元组,1.0,46.0,包含,extraction,43de48e1fd0d3973027e232e73e22a3174566b69b4fe0e1932b85469761532cb
,,,冗余三元组,9.0,3.0,是,extraction,0ec99e7cb6f44635fcabc5bf332037bea07b228f7b51753076ef1e8382984bc4
,,,冗余三元组,10.0,25.0,是,extraction,ad542489db79b38432a47864e6f61070ea6042115797987a3bcdb2baca19bebf
,,,冗余三元组,12.0,25.0,是,extraction,dc4ae0749038f60cf9a543d11bdbb3655270d3f1168c53408b231865a3b78a64
,,,冗余三元组,13.0,37.0,是,extraction,11ad231736d8e934254b836f208f0b302e4d9e38c23214e2036235899cb04fe6
,,,冗余三元组,1.0,58.0,涉及违规行为,extraction,ad709b40bc3717f9a547f63781a4aa8a97f03587e7e4049ed6fbfa654134740c
,,,冗余三元组,9.0,3.0,是,extraction,0ec99e7cb6f44635fcabc5bf332037bea07b228f7b51753076ef1e8382984bc4
,,,冗余三元组,10.0,26.0,是,extraction,89fbb5ae30c6220e41f165591e4df027877c140a72033fe0680e44206164aa17
,,,冗余三元组,12.0,26.0,是,extraction,a3817cab3fccbfd1b94576c85b68cfb0ff0511791fe7ada5dd7c10500502e531
,,,冗余三元组,13.0,43.0,是,extraction,ade982e693329bd738b2be4fef11a25c3536423672e3d1c585cae98131a035d0
,,,冗余三元组,1.0,21.0,包含,extraction,635d1027165abbabe82fa63c66c6183ad9893b0e011f20d0b6ad30d71c05ec2a
,,,冗余三元组,9.0,3.0,是,extraction,0ec99e7cb6f44635fcabc5bf332037bea07b228f7b51753076ef1e8382984bc4
,,,冗余三元组,10.0,22.0,是,extraction,5a0b03998ab865a9402789a91f83ce5e2c3e8b9dc624370864b73747e8ad330a
,,,冗余三元组,12.0,22.0,是,extraction,51b7578f6e3f4d6aa73a569f8dfc21fce38f169c0202a35f222c3aebbfe18ce9
,,,冗余三元组,13.0,50.0,是,extraction,c041f04873201647e0b342a86dacb602d31a2f7036dbbbcb8019ba08c7818ff2
,,,冗余三元组,1.0,53.0,涉及事项,extraction,f0541f7d0c2d3d04c56da88a6bc6ad2f2baea1220b292ed6fa4bf4744fe4e698
,,,冗余三元组,3.0,1.0,权力类型,extraction,63bb5d4e71e6267d4835ef9479c9ff86b0b3ef916f5e6075b1750ed13e17cad3
,,,冗余三元组,38.0,3.0,行驶主体,extraction,09efeab994a6d0a0d2474408b9050a4299990ea94ef2b0fd3b3f3c42b80c1d00
,,,冗余三元组,38.0,3.0,承办机构,extraction,3ffeb2c635f8eac91bfd409e9ffa26f73bbf4f4bb174d1a1c0cfa1334e723247
,,,冗余三元组,35.0,3.0,实施依据,extraction,b624cc26441dfe817af4e1eb453814a9cb80441634853b422b6c75adb5478d0b
,,,冗余三元组,1.0,42.0,涉及事项,extraction,6fa1fbc925e7b9f7909377c8fdb4e224f49dc4ac4ecc0317653a80654e14e7bc
,,,冗余三元组,3.0,1.0,权力类型,extraction,63bb5d4e71e6267d4835ef9479c9ff86b0b3ef916f5e6075b1750ed13e17cad3
,,,冗余三元组,44.0,1.0,行驶主体,extraction,5aa5bd754001b528942d9ff1cf92c0dac3eea5408ae1a3ad1be7b48dd6ad7bc6
,,,冗余三元组,44.0,1.0,承办机构,extraction,fe869ebaf0ddd080462b050806e1c882e39322a3f98c8d4b29b1d043af63148d
,,,冗余三元组,1.0,20.0,实施依据,extraction,9583485e7c5313414eee8da478484ca22765513065c2129cbcfee14a2b57b3d7
,,,冗余三元组,1.0,46.0,涉及问题,extraction,3e940b19ef498016fad79857e57d4ee162cee2e05833d1b57fba62f1d9613be3
,,,冗余三元组,3.0,1.0,类型,extraction,65a2d78a945df9ac573c112d3bad900f2eb4940d22d4f014a9262ffbc7a54c7e
,,,冗余三元组,41.0,1.0,行驶主体,extraction,3e203c1cd5240efde0e6a6d05bb4f8d4f3f80b46e735202ba3011d3e2801f0a1
,,,冗余三元组,41.0,1.0,承办机构,extraction,379f2c27a6c0b2eecca7d7b46b22ef51fefdad08ac0ee7abd453d5173a893b67
,,,冗余三元组,57.0,3.0,实施依据,extraction,5a3c761fe453774b965d5423f4e3d73baec3276767fa64926162aa8a54e64505
,,,冗余三元组,1.0,15.0,包含,extraction,ece6cfea1e7888ef7da542c244213f3cf24b722f04c103df8c133360b0d0783d
,,,冗余三元组,9.0,3.0,是,extraction,0ec99e7cb6f44635fcabc5bf332037bea07b228f7b51753076ef1e8382984bc4
,,,冗余三元组,10.0,41.0,是,extraction,6f83ced92a9691e5e14cc19bb1bc5463d86dfecb7bda23ec44eab17a27bf9ae5
,,,冗余三元组,12.0,41.0,是,extraction,a4b1a3ff2483dfe0fabc0a44c0aa6f73e99b87cf7ec502667cce0dc30a67f7b2
,,,冗余三元组,13.0,50.0,是,extraction,c041f04873201647e0b342a86dacb602d31a2f7036dbbbcb8019ba08c7818ff2
,,,冗余三元组,1.0,8.0,涉及,extraction,87762195aab84fdc0842a072b54421c6e992ded15227e267788ac371d89fd8a5
,,,冗余三元组,9.0,3.0,是,extraction,0ec99e7cb6f44635fcabc5bf332037bea07b228f7b51753076ef1e8382984bc4
,,,冗余三元组,10.0,32.0,是,extraction,4da064cb343643cc890842dceaf67b09d17018b8caccfb9a66252b99aba7b2c2
,,,冗余三元组,12.0,32.0,是,extraction,9c4f6d970f0759ccf44ba88668fb20479c3f74345a7048810ee820b1947a78e1
,,,冗余三元组,13.0,43.0,是,extraction,ade982e693329bd738b2be4fef11a25c3536423672e3d1c585cae98131a035d0
,,,冗余三元组,1.0,40.0,涉及事项,extraction,33b3da1c07fc0d9a37a5ec30339693f1d5d7c61d2059fdbb603e2dd82e665878
,,,冗余三元组,9.0,3.0,是,extraction,0ec99e7cb6f44635fcabc5bf332037bea07b228f7b51753076ef1e8382984bc4
,,,冗余三元组,10.0,26.0,是,extraction,89fbb5ae30c6220e41f165591e4df027877c140a72033fe0680e44206164aa17
,,,冗余三元组,12.0,26.0,是,extraction,a3817cab3fccbfd1b94576c85b68cfb0ff0511791fe7ada5dd7c10500502e531
,,,冗余三元组,13.0,5.0,是,extraction,507348e0a400849c992ed3d4db941f51b877314c064a446d1a19df892d7a6f73
,,,冗余三元组,1.0,28.0,涉及事项,extraction,560be2f414c89761f44840d3f52e507d90c06d4f0586d63ae8dd7eb595eca49b
,,,冗余三元组,3.0,1.0,权力类型,extraction,63bb5d4e71e6267d4835ef9479c9ff86b0b3ef916f5e6075b1750ed13e17cad3
,,,冗余三元组,4.0,1.0,行驶主体,extraction,76853b7863ac80a3aad594a1104aa5b967a97525e8a2a9def28eeeebf43e4bab
,,,冗余三元组,4.0,1.0,承办机构,extraction,f7483722370a3db6cc6e9698d7f621113a7fe751bca6b181a1961b22639e7ed3
,,,冗余三元组,1.0,29.0,依据,extraction,7c876ea0542c8c0bbe2bd1071fb11a2281ab201ea6a5d96c9f866fe3fc0a1ecb
,,,冗余三元组,1.0,30.0,涉及事项,extraction,ccef3650e7b61845685cf2707f354cdaa4f4352c9593b656611bcaa42bcaaf3a
,,,冗余三元组,3.0,1.0,权力类型,extraction,63bb5d4e71e6267d4835ef9479c9ff86b0b3ef916f5e6075b1750ed13e17cad3
,,,冗余三元组,25.0,3.0,行驶主体,extraction,c7f405beeae1829a03dbec6b28d32c4d828da48de999734d24825266b3076f59
,,,冗余三元组,25.0,3.0,承办机构,extraction,eef2c4724eefbb6cbc8a1e38dd903f5952b15b4fa168168b9caed346c6551029
,,,冗余三元组,5.0,3.0,实施依据,extraction,4d26a315d3cf5e095a5f33a521cc5fcfd77a3a44ba52ed82e02dee2171f81d54
,,,冗余三元组,1.0,18.0,涉及领域,extraction,bb9a6c5169497cb67071e7b38b89fd47ad0c56bc2fc613c8ae73303717a93cc9
,,,冗余三元组,3.0,1.0,权力类型,extraction,63bb5d4e71e6267d4835ef9479c9ff86b0b3ef916f5e6075b1750ed13e17cad3
,,,冗余三元组,44.0,1.0,行驶主体,extraction,5aa5bd754001b528942d9ff1cf92c0dac3eea5408ae1a3ad1be7b48dd6ad7bc6
,,,冗余三元组,44.0,1.0,承办机构,extraction,fe869ebaf0ddd080462b050806e1c882e39322a3f98c8d4b29b1d043af63148d
,,,冗余三元组,33.0,1.0,实施依据,extraction,bd4d251de9aa9eb9c09f30ba2cb708ae2c507f14020ac308d2f0fc7019e488a7
,,,冗余三元组,1.0,2.0,涉及事项,extraction,45a6b5e9b7acaaf964d4ba55ee382735953a50be79b9c5a63cfd56f3bfaa98e9
,,,冗余三元组,3.0,1.0,权力类型,extraction,63bb5d4e71e6267d4835ef9479c9ff86b0b3ef916f5e6075b1750ed13e17cad3
,,,冗余三元组,38.0,1.0,行驶主体,extraction,d0e87a0daf3bc1ed7bad39f66dc6d8ee74064b05fe94192417c8b6e3e4cd53a9
,,,冗余三元组,38.0,1.0,承办机构,extraction,b14641014ea8d3db9ba04ac2bb249443dd5f26425e740d86371e870ef2d4a84a
,,,冗余三元组,1.0,56.0,依据,extraction,0b8eed9df092a87521a36028dec03a389608968a1abd66630aeacb2b566d40d1
,,,冗余三元组,1.0,51.0,涉及行为,extraction,4d50e735db0c7c921debcd5d22ac59a9a9275f523e4dfe60a64102e7ab70d731
,,,冗余三元组,3.0,44.0,执行主体,extraction,252d73610616b2ee1a0aad5f2731b05a376ff6396eadfb2de9968dd10beeb801
,,,冗余三元组,44.0,3.0,行使权力,extraction,f198bdefb30b60bad0eda0caf732f8ed5cf312b7a53711a3709d6e4926cc4866
,,,冗余三元组,44.0,44.0,负责承办,extraction,8a1df5e2864bb001968ce71262acec3a360908db4ce593546ac6be3fad9a0147
,,,冗余三元组,39.0,1.0,是,extraction,38e1d37380a7519608b7025690633256c2d7865eeeda60653fee8757d9e4afaf
,,,冗余三元组,1.0,8.0,包含,extraction,16da71c18823960d94068a4196c2a31cca580e56a7bcf66174a06fd1137b71f3
,,,冗余三元组,9.0,3.0,是,extraction,0ec99e7cb6f44635fcabc5bf332037bea07b228f7b51753076ef1e8382984bc4
,,,冗余三元组,10.0,44.0,是,extraction,53854b14f84a4f7bcec4288babeeb93d9202a8f1247a14098e9a02982cc95640
,,,冗余三元组,12.0,44.0,是,extraction,de41cd62c11f82837c5925e3426f42630d0bc935f1a9e33489b933acda4b7831
,,,冗余三元组,13.0,37.0,是,extraction,11ad231736d8e934254b836f208f0b302e4d9e38c23214e2036235899cb04fe6
,,,冗余三元组,1.0,24.0,基于,extraction,a5276488a9604d9649d8bacd34b068a0005e4d755aa469a2a15794604500ae4d
,,,冗余三元组,9.0,3.0,是,extraction,0ec99e7cb6f44635fcabc5bf332037bea07b228f7b51753076ef1e8382984bc4
,,,冗余三元组,10.0,25.0,为,extraction,14eb8cd0d77ed5391b9d37dc27fe68abd7670df3ba47dcd28eb6861f63d38e07
,,,冗余三元组,12.0,25.0,为,extraction,95495f064660a3f109251dafe2c267d79bb3d759704576cd0f4930aedae02db4
,,,冗余三元组,13.0,33.0,是,extraction,fc4553073462fe666aaa676d985116bc290a0c71f03fb633205f00b4fcf4ff71
,,,冗余三元组,39.0,1.0,是,extraction,38e1d37380a7519608b7025690633256c2d7865eeeda60653fee8757d9e4afaf
,,,冗余三元组,1.0,45.0,涉及,extraction,599085aa31abe5075252b02f829e93d81f2698ac36bc6369fc4fce031c3872ad
,,,冗余三元组,9.0,3.0,是,extraction,0ec99e7cb6f44635fcabc5bf332037bea07b228f7b51753076ef1e8382984bc4
,,,冗余三元组,10.0,11.0,是,extraction,44a8fa7ea54ec2e41111a4f5dc6a9811dee8aa3aa19fb306f9177dfc86a9aea9
,,,冗余三元组,12.0,11.0,是,extraction,54710bbec3ca077fe79c80e1e95ea28a843633289f5bc6efe6abea14f6118623
,,,冗余三元组,13.0,37.0,是,extraction,11ad231736d8e934254b836f208f0b302e4d9e38c23214e2036235899cb04fe6
,,,冗余三元组,1.0,6.0,服务事项,extraction,bcaaf93ebebcb6717086617566e54d8eda6e69ccbfae463d34ed5cb674242d7a
,,,冗余三元组,3.0,1.0,权力类型,extraction,63bb5d4e71e6267d4835ef9479c9ff86b0b3ef916f5e6075b1750ed13e17cad3
,,,冗余三元组,11.0,1.0,行驶主体,extraction,50e598b1826c6a6e16cbb761d7126c8286dd306ea8aefdffee154cbb615a866b
,,,冗余三元组,11.0,1.0,承办机构,extraction,ecacee85e506b895bb6ef636499570c58825c04c2655e0f358383dd8770dbffa
,,,冗余三元组,49.0,1.0,实施依据,extraction,ff26d12b358cafe4c2fb87a18323c05e83a57fff577f25152d237a0d2a1a6669
,,,冗余三元组,39.0,1.0,是,extraction,38e1d37380a7519608b7025690633256c2d7865eeeda60653fee8757d9e4afaf
,,,冗余三元组,1.0,40.0,包含,extraction,1210a34215a9f1d268a7fdec9665e7afedf2c960bf0be97d698e7bf44f4ad33c
,,,冗余三元组,9.0,3.0,是,extraction,0ec99e7cb6f44635fcabc5bf332037bea07b228f7b51753076ef1e8382984bc4
,,,冗余三元组,10.0,38.0,是,extraction,b756eb5995473eefcaf0d5b4fb891f9eb9190e7e7f446761eaff99790520dd98
,,,冗余三元组,12.0,38.0,是,extraction,76d05d01998cae971c559874b8df42b2445eeafc6d81c360c7aecdbaf38c3f00
,,,冗余三元组,13.0,27.0,是,extraction,b6eab7714fb673bef9d283a76736709544e272990472859dc282d706a47931e5
,,,冗余三元组,1.0,15.0,包含行为,extraction,50889e3cad3a2af3fe5c788cdd352c4e79a5e965367902c33f7b1eab2a878616
,,,冗余三元组,3.0,16.0,行使主体,extraction,368a0c782c817d6b61b6538653ebef5c0d679f5c737fff7090a81977bfb77210
,,,冗余三元组,16.0,10.0,是,extraction,0676f80814a944f0133efe570d87a4210481e5da6dd1982bbdd57d1a6f69161c
,,,冗余三元组,16.0,12.0,是,extraction,f56f73a07849936cd9524e693d83fe2f45de59e60b24c0fdd7c98c238723d62a
,,,冗余三元组,27.0,13.0,是,extraction,917066b6c21462a9422010b24a74af2f2d92b54f02479de50b7817b7fd39a8bd
,,,冗余三元组,1.0,15.0,包含行为,extraction,50889e3cad3a2af3fe5c788cdd352c4e79a5e965367902c33f7b1eab2a878616
,,,冗余三元组,3.0,9.0,属于,extraction,e243beb6cddf62185b7e7ffcf414a9105a2c5a93a0690b193f72c7a37fa3b5ca
,,,冗余三元组,38.0,10.0,是,extraction,353f87d2e9bef1aa7f353f594f5e93d101000fd95c7424d7dd6415c110489bf9
,,,冗余三元组,38.0,12.0,是,extraction,5c42b0031306e19d6f6592a1b111dcd011bb3991db3da0d26d8c22aac1b80b00
,,,冗余三元组,37.0,13.0,是,extraction,444b5d14abadbff87e4f011a17ce0d2e8e18763d89ada8f1ed00be75ccdc457f
,,,冗余三元组,1.0,19.0,涉及行为,extraction,7f240590f2a7da25c488c633d39a09a722fedca13693b57fc75c819db158f3af
,,,冗余三元组,3.0,1.0,权力类型,extraction,63bb5d4e71e6267d4835ef9479c9ff86b0b3ef916f5e6075b1750ed13e17cad3
,,,冗余三元组,4.0,3.0,行驶主体,extraction,65bd830d3a69c947ab33e8bccf4d7c9239947243f009a12164fa2b3d4defa4e5
,,,冗余三元组,4.0,3.0,承办机构,extraction,552f0352c4383de1ccdd6574c3a3cf1febf987d93f20f8b4d8f312f665277ccd
,,,冗余三元组,37.0,3.0,实施依据,extraction,980a426a4890aa6880028a39b27563b630569c34cd3744943c728122dcc81e34
,,,冗余三元组,1.0,19.0,涉及,extraction,1dd85c1508cac1ea277a168b6cc3685a0772a7f8d479e4d1f2bab9ea3f69df79
,,,冗余三元组,9.0,3.0,是,extraction,0ec99e7cb6f44635fcabc5bf332037bea07b228f7b51753076ef1e8382984bc4
,,,冗余三元组,10.0,16.0,是,extraction,746a2100773446996a077ea20c54ba9035e03b7b31f93fb59a8ae3cd5a9d17da
,,,冗余三元组,12.0,16.0,是,extraction,02eb93de428eaa79f373e8be62591cfeadb588d7f8583ea3de7abacb8d43bb50
,,,冗余三元组,13.0,7.0,是,extraction,5173b273e53a3712e9a749ca6cf7b8e8d3b7641db772c202823ccb26f6087587
,,,冗余三元组,1.0,53.0,涉及事项,extraction,f0541f7d0c2d3d04c56da88a6bc6ad2f2baea1220b292ed6fa4bf4744fe4e698
,,,冗余三元组,3.0,1.0,权力类型,extraction,63bb5d4e71e6267d4835ef9479c9ff86b0b3ef916f5e6075b1750ed13e17cad3
,,,冗余三元组,44.0,3.0,行驶主体,extraction,5a54a852e46cf955056cfb470e35ee0ab596f12cadf4d4250f92e1854d40d0fb
,,,冗余三元组,44.0,3.0,承办机构,extraction,26be69caa0923ff59e399351f5a7dbfb94533ccfbecefd9b8cd69f55e191c14d
,,,冗余三元组,3.0,49.0,实施依据,extraction,a205d854128ad811b8e3a1bb545ecce101fbb934b5db45c0b87be21fb69eaf14
,,,冗余三元组,39.0,1.0,是,extraction,38e1d37380a7519608b7025690633256c2d7865eeeda60653fee8757d9e4afaf
,,,冗余三元组,1.0,47.0,包含,extraction,8e0fec71df433909e1289464937921563bffc6070f6f628c6490c98efb005115
,,,冗余三元组,9.0,3.0,是,extraction,0ec99e7cb6f44635fcabc5bf332037bea07b228f7b51753076ef1e8382984bc4
,,,冗余三元组,10.0,38.0,是,extraction,b756eb5995473eefcaf0d5b4fb891f9eb9190e7e7f446761eaff99790520dd98
,,,冗余三元组,12.0,38.0,是,extraction,76d05d01998cae971c559874b8df42b2445eeafc6d81c360c7aecdbaf38c3f00
,,,冗余三元组,13.0,35.0,是,extraction,bdb6ae948fcb734a09a70e6199e73c6b4e1ee8988d36d946e8376162542ec754
,,,冗余三元组,1.0,17.0,涉及事项,extraction,26e5b368d0569ae2cd1db86e58c1825b9d075b33fb779749f2c6991aaf9b42eb
,,,冗余三元组,3.0,1.0,权力类型,extraction,63bb5d4e71e6267d4835ef9479c9ff86b0b3ef916f5e6075b1750ed13e17cad3
,,,冗余三元组,25.0,3.0,行驶主体,extraction,c7f405beeae1829a03dbec6b28d32c4d828da48de999734d24825266b3076f59
,,,冗余三元组,25.0,3.0,承办机构,extraction,eef2c4724eefbb6cbc8a1e38dd903f5952b15b4fa168168b9caed346c6551029
,,,冗余三元组,37.0,1.0,实施依据,extraction,09d255701213a5f1fc35300e57fc286072af9b281e8b6176db074a855aa6f1c9
,,,冗余三元组,1.0,36.0,涉及问题,extraction,54c260d1a128014203ab4ed53ac05e9cb8405dd874e0b78e2a81b01ce110fecf
,,,冗余三元组,3.0,1.0,权力类型,extraction,63bb5d4e71e6267d4835ef9479c9ff86b0b3ef916f5e6075b1750ed13e17cad3
,,,冗余三元组,25.0,3.0,行驶主体,extraction,c7f405beeae1829a03dbec6b28d32c4d828da48de999734d24825266b3076f59
,,,冗余三元组,25.0,3.0,承办机构,extraction,eef2c4724eefbb6cbc8a1e38dd903f5952b15b4fa168168b9caed346c6551029
,,,冗余三元组,43.0,3.0,实施依据,extraction,b2e045a3f94b96fa94529db86a8245fdcf22fab97a04061f220a7caec63e44e4
,,,冗余三元组,1.0,55.0,涉及,extraction,d3dce47df0bc87d9fc69992a5dfb419dc64d4ec5f6b002937da586081885a914
,,,冗余三元组,9.0,3.0,是,extraction,0ec99e7cb6f44635fcabc5bf332037bea07b228f7b51753076ef1e8382984bc4
,,,冗余三元组,10.0,44.0,是,extraction,53854b14f84a4f7bcec4288babeeb93d9202a8f1247a14098e9a02982cc95640
,,,冗余三元组,12.0,44.0,是,extraction,de41cd62c11f82837c5925e3426f42630d0bc935f1a9e33489b933acda4b7831
,,,冗余三元组,13.0,14.0,是,extraction,bfbeedc7e6daf4f851060b875d14b5b7c1dab5b695356d4176fd018de0894ae2
,,,冗余三元组,1.0,2.0,涉及事项,extraction,45a6b5e9b7acaaf964d4ba55ee382735953a50be79b9c5a63cfd56f3bfaa98e9
,,,冗余三元组,3.0,1.0,权力类型,extraction,63bb5d4e71e6267d4835ef9479c9ff86b0b3ef916f5e6075b1750ed13e17cad3
,,,冗余三元组,44.0,1.0,行驶主体,extraction,5aa5bd754001b528942d9ff1cf92c0dac3eea5408ae1a3ad1be7b48dd6ad7bc6
,,,冗余三元组,44.0,1.0,承办机构,extraction,fe869ebaf0ddd080462b050806e1c882e39322a3f98c8d4b29b1d043af63148d
,,,冗余三元组,7.0,1.0,实施依据,extraction,d17adc34c7caa96f27afae806386689e2bb5cbc06ad807b8af9e91dbe53a1682
,,,冗余三元组,1.0,30.0,涉及内容,extraction,a3d8bfc9cb09cd2954d135612180bdbe8527eef7d240e905d5ff78d06fe3fba0
,,,冗余三元组,9.0,3.0,类型,extraction,7b4fd279b61586115fa2987e2d0371238853c4f6f63e89d0b451e4237f492a37
,,,冗余三元组,10.0,11.0,是,extraction,44a8fa7ea54ec2e41111a4f5dc6a9811dee8aa3aa19fb306f9177dfc86a9aea9
,,,冗余三元组,12.0,11.0,是,extraction,54710bbec3ca077fe79c80e1e95ea28a843633289f5bc6efe6abea14f6118623
,,,冗余三元组,13.0,37.0,来自,extraction,9be20541547878f5553f07386429b6cbeaf2db5b685571c8cecbbe71bcc82b2f
,,,冗余三元组,1.0,15.0,服务事项,extraction,d58af36cd0af73d9b19e1d9407d5a626b1cd60fd82322b0355d1dcad51bc51b4
,,,冗余三元组,3.0,1.0,权力类型,extraction,63bb5d4e71e6267d4835ef9479c9ff86b0b3ef916f5e6075b1750ed13e17cad3
,,,冗余三元组,11.0,1.0,行驶主体,extraction,50e598b1826c6a6e16cbb761d7126c8286dd306ea8aefdffee154cbb615a866b
,,,冗余三元组,11.0,1.0,承办机构,extraction,ecacee85e506b895bb6ef636499570c58825c04c2655e0f358383dd8770dbffa
,,,冗余三元组,1.0,14.0,实施依据,extraction,86a585785321be79b433ed2131da5d315c88dcee88be270a52a3c3fec56e323b
,,,冗余三元组,1.0,24.0,基于,extraction,a5276488a9604d9649d8bacd34b068a0005e4d755aa469a2a15794604500ae4d
,,,冗余三元组,9.0,3.0,是,extraction,0ec99e7cb6f44635fcabc5bf332037bea07b228f7b51753076ef1e8382984bc4
,,,冗余三元组,10.0,4.0,是,extraction,4253afef8f3fd90e1effb4068d33d5af9bf9795c98a41a591346af581d8c5b13
,,,冗余三元组,12.0,4.0,是,extraction,157789d187fc7ed7a6f770e4112d938e1669ffabeec33b64ab160620d61c286f
,,,冗余三元组,13.0,7.0,是,extraction,5173b273e53a3712e9a749ca6cf7b8e8d3b7641db772c202823ccb26f6087587
,,,冗余三元组,1.0,19.0,涉及内容,extraction,e667158a34c5290413d6959d0281c37377fbc946202a479c446b6afeb89e2126
,,,冗余三元组,3.0,1.0,权力类型,extraction,63bb5d4e71e6267d4835ef9479c9ff86b0b3ef916f5e6075b1750ed13e17cad3
,,,冗余三元组,44.0,1.0,行驶主体,extraction,5aa5bd754001b528942d9ff1cf92c0dac3eea5408ae1a3ad1be7b48dd6ad7bc6
,,,冗余三元组,44.0,1.0,承办机构,extraction,fe869ebaf0ddd080462b050806e1c882e39322a3f98c8d4b29b1d043af63148d
,,,冗余三元组,1.0,20.0,依据,extraction,0f755d0d76fda2f2c4d51908ebb6634a3a8c6995c4ec999f3b8214be69e62a27
,,,冗余三元组,1.0,31.0,涉及问题,extraction,ea08369126f7fbe0d95ca41a348902bab3f4d8e388232d1c4ed32a98fca9af59
,,,冗余三元组,3.0,1.0,权力类型,extraction,63bb5d4e71e6267d4835ef9479c9ff86b0b3ef916f5e6075b1750ed13e17cad3
,,,冗余三元组,32.0,1.0,行驶主体,extraction,f3ae7eebff4e3460421e23abeef0b3052dd9a3dcfbd1f44a03d027eeb1801b4f
,,,冗余三元组,32.0,1.0,承办机构,extraction,931cafd24efaf97775db66b22a04ccc10ef5b34c9f1550f1c6e447e2887940db
,,,冗余三元组,1.0,29.0,依据,extraction,7c876ea0542c8c0bbe2bd1071fb11a2281ab201ea6a5d96c9f866fe3fc0a1ecb
,,,冗余三元组,1.0,19.0,涉及行为,extraction,7f240590f2a7da25c488c633d39a09a722fedca13693b57fc75c819db158f3af
,,,冗余三元组,9.0,3.0,类型,extraction,7b4fd279b61586115fa2987e2d0371238853c4f6f63e89d0b451e4237f492a37
,,,冗余三元组,10.0,22.0,是,extraction,5a0b03998ab865a9402789a91f83ce5e2c3e8b9dc624370864b73747e8ad330a
,,,冗余三元组,12.0,22.0,是,extraction,51b7578f6e3f4d6aa73a569f8dfc21fce38f169c0202a35f222c3aebbfe18ce9
,,,冗余三元组,13.0,14.0,依据,extraction,a2eb541ec1cc248a409caaa01d3475d12bf1e9021e6d2ae233e8b37cbb30b8f4
,,,冗余三元组,1.0,46.0,涉及问题,extraction,3e940b19ef498016fad79857e57d4ee162cee2e05833d1b57fba62f1d9613be3
,,,冗余三元组,9.0,3.0,类型,extraction,7b4fd279b61586115fa2987e2d0371238853c4f6f63e89d0b451e4237f492a37
,,,冗余三元组,10.0,26.0,执行主体,extraction,e687153140749b2763ff17989e97db6ded12d2bf6bbb8033257e75f044ab0de2
,,,冗余三元组,12.0,26.0,执行主体,extraction,dfeb2a00a80acfce84e11725fa83b39430db10462fa223b76021c62c17f8b1c3
,,,冗余三元组,13.0,33.0,依据,extraction,531b85994ef7f0f58aca11340849b52401fa2f7ba148d1193fa09f8c21020a23
,,,冗余三元组,1.0,46.0,包含,extraction,43de48e1fd0d3973027e232e73e22a3174566b69b4fe0e1932b85469761532cb
,,,冗余三元组,9.0,3.0,是,extraction,0ec99e7cb6f44635fcabc5bf332037bea07b228f7b51753076ef1e8382984bc4
,,,冗余三元组,10.0,26.0,是,extraction,89fbb5ae30c6220e41f165591e4df027877c140a72033fe0680e44206164aa17
,,,冗余三元组,12.0,26.0,是,extraction,a3817cab3fccbfd1b94576c85b68cfb0ff0511791fe7ada5dd7c10500502e531
,,,冗余三元组,13.0,35.0,是,extraction,bdb6ae948fcb734a09a70e6199e73c6b4e1ee8988d36d946e8376162542ec754
,,,冗余三元组,1.0,55.0,涉及,extraction,d3dce47df0bc87d9fc69992a5dfb419dc64d4ec5f6b002937da586081885a914
,,,冗余三元组,9.0,3.0,是,extraction,0ec99e7cb6f44635fcabc5bf332037bea07b228f7b51753076ef1e8382984bc4
,,,冗余三元组,10.0,4.0,是,extraction,4253afef8f3fd90e1effb4068d33d5af9bf9795c98a41a591346af581d8c5b13
,,,冗余三元组,12.0,4.0,是,extraction,157789d187fc7ed7a6f770e4112d938e1669ffabeec33b64ab160620d61c286f
,,,冗余三元组,13.0,14.0,是,extraction,bfbeedc7e6daf4f851060b875d14b5b7c1dab5b695356d4176fd018de0894ae2
,,,冗余三元组,1.0,2.0,涉及事项,extraction,45a6b5e9b7acaaf964d4ba55ee382735953a50be79b9c5a63cfd56f3bfaa98e9
,,,冗余三元组,9.0,3.0,类型,extraction,7b4fd279b61586115fa2987e2d0371238853c4f6f63e89d0b451e4237f492a37
,,,冗余三元组,10.0,11.0,是,extraction,44a8fa7ea54ec2e41111a4f5dc6a9811dee8aa3aa19fb306f9177dfc86a9aea9
,,,冗余三元组,12.0,11.0,是,extraction,54710bbec3ca077fe79c80e1e95ea28a843633289f5bc6efe6abea14f6118623
,,,冗余三元组,13.0,14.0,来源,extraction,09a6a94e32f00f270b2c3f3b27f75aeff2be3941a133c30353a2657412ee9350
,,,冗余三元组,1.0,6.0,涉及事项,extraction,63ed056176a358e5141eeb94299bb1cc5c1ba655d4c97bdb0e998157b41cd7a5
,,,冗余三元组,3.0,1.0,权力类型,extraction,63bb5d4e71e6267d4835ef9479c9ff86b0b3ef916f5e6075b1750ed13e17cad3
,,,冗余三元组,25.0,3.0,行驶主体,extraction,c7f405beeae1829a03dbec6b28d32c4d828da48de999734d24825266b3076f59
,,,冗余三元组,25.0,3.0,承办机构,extraction,eef2c4724eefbb6cbc8a1e38dd903f5952b15b4fa168168b9caed346c6551029
,,,冗余三元组,20.0,3.0,实施依据,extraction,74c469772883cc75830d6664aabca03b3c8bc471660e084cede3096ee903fa04
,,,冗余三元组,1.0,48.0,服务事项,extraction,e7e101401f3cdc40fda09e37060e8e9d74ca89110231c076b5cd763ef6e0dc3c
,,,冗余三元组,3.0,1.0,权力类型,extraction,63bb5d4e71e6267d4835ef9479c9ff86b0b3ef916f5e6075b1750ed13e17cad3
,,,冗余三元组,4.0,1.0,行驶主体,extraction,76853b7863ac80a3aad594a1104aa5b967a97525e8a2a9def28eeeebf43e4bab
,,,冗余三元组,4.0,1.0,承办机构,extraction,f7483722370a3db6cc6e9698d7f621113a7fe751bca6b181a1961b22639e7ed3
,,,冗余三元组,37.0,1.0,实施依据,extraction,09d255701213a5f1fc35300e57fc286072af9b281e8b6176db074a855aa6f1c9
,,,冗余三元组,1.0,28.0,涉及内容,extraction,ac3ee725f8a339f9fbd2a7028b68d899a9b8e5be581c35045e4b8bfb3dc079c3
,,,冗余三元组,3.0,1.0,权力类型,extraction,63bb5d4e71e6267d4835ef9479c9ff86b0b3ef916f5e6075b1750ed13e17cad3
,,,冗余三元组,25.0,1.0,行驶主体,extraction,f8d14ca82df048e60e8e15e838aee0937165e7863b618cad5ab1fa07cbe6c922
,,,冗余三元组,25.0,1.0,承办机构,extraction,52233a544f4c28cfdd7e8c323198ffbcd53a5927d355c09f9eb314df01568645
,,,冗余三元组,1.0,20.0,依据,extraction,0f755d0d76fda2f2c4d51908ebb6634a3a8c6995c4ec999f3b8214be69e62a27
,,,冗余三元组,1.0,55.0,涉及问题,extraction,f2ffd7cbbde07203ef22704e812dc0c897a1f2dc5a5cc4fabb7f1bbafc6e63ed
,,,冗余三元组,3.0,1.0,权力类型,extraction,63bb5d4e71e6267d4835ef9479c9ff86b0b3ef916f5e6075b1750ed13e17cad3
,,,冗余三元组,32.0,1.0,行驶主体,extraction,f3ae7eebff4e3460421e23abeef0b3052dd9a3dcfbd1f44a03d027eeb1801b4f
,,,冗余三元组,32.0,1.0,承办机构,extraction,931cafd24efaf97775db66b22a04ccc10ef5b34c9f1550f1c6e447e2887940db
,,,冗余三元组,43.0,1.0,实施依据,extraction,b635b5aa9618bbdf4825436782a057c0cb5ba203e0ccd72612b9a1118d5a7026
,,,冗余三元组,1.0,34.0,包含,extraction,55e4afabf77afe2a5eab9a2e4e01194c0b9b6c241104b977092e714b9c92562f
,,,冗余三元组,9.0,3.0,是,extraction,0ec99e7cb6f44635fcabc5bf332037bea07b228f7b51753076ef1e8382984bc4
,,,冗余三元组,10.0,41.0,是,extraction,6f83ced92a9691e5e14cc19bb1bc5463d86dfecb7bda23ec44eab17a27bf9ae5
,,,冗余三元组,12.0,41.0,是,extraction,a4b1a3ff2483dfe0fabc0a44c0aa6f73e99b87cf7ec502667cce0dc30a67f7b2
,,,冗余三元组,13.0,29.0,是,extraction,ffa30b4f3216d3a8f56030cb4d33517361b4979ec19a58b4d3a546e9f0b38bdc
,,,冗余三元组,1.0,31.0,涉及问题,extraction,ea08369126f7fbe0d95ca41a348902bab3f4d8e388232d1c4ed32a98fca9af59
,,,冗余三元组,3.0,1.0,权力类型,extraction,63bb5d4e71e6267d4835ef9479c9ff86b0b3ef916f5e6075b1750ed13e17cad3
,,,冗余三元组,16.0,3.0,行驶主体,extraction,dcf915ca16fdd03067ac26bed4e74e74a9239bdbd1f71068aedeb4f177f92df1
,,,冗余三元组,16.0,3.0,承办机构,extraction,1845bf4af0283ae739a3edd822fa3a6e7302f5b26eae67bdd654099cddf35e9f
,,,冗余三元组,3.0,33.0,实施依据,extraction,3ee398515b151c50aea9c550299379df42bd5a92b41e28fc8b8b5854a9aef6e3
,,,冗余三元组,1.0,28.0,涉及内容,extraction,ac3ee725f8a339f9fbd2a7028b68d899a9b8e5be581c35045e4b8bfb3dc079c3
,,,冗余三元组,3.0,1.0,权力类型,extraction,63bb5d4e71e6267d4835ef9479c9ff86b0b3ef916f5e6075b1750ed13e17cad3
,,,冗余三元组,26.0,1.0,行驶主体,extraction,c02b72a8d8a1775ff7e7978594abd6b5422b51c7c4fffd7eac711ff69bf88a97
,,,冗余三元组,26.0,1.0,承办机构,extraction,69ebaebdf045cea8cb77aa5e448d960f3c2e8a6fbe335676bbabaa00d3c918e5
,,,冗余三元组,1.0,61.0,依据,extraction,5e6ea6d02b5ab83f1d23705347ee800e957a409a66bf963b37943f8f33137958
,,,冗余三元组,1.0,31.0,涉及事项,extraction,f3220bd517fb70fe72f0f354fdf1fe08442b21b32cae58b726ef2340a0149292
,,,冗余三元组,3.0,1.0,权力类型,extraction,63bb5d4e71e6267d4835ef9479c9ff86b0b3ef916f5e6075b1750ed13e17cad3
,,,冗余三元组,26.0,3.0,行驶主体,extraction,53a6aecb0cb919674eb601d3ca9bfb3e1cd8021d0c2b4edaea1103f12ff5d1fa
,,,冗余三元组,26.0,3.0,承办机构,extraction,09f29ebed328eaaeac44ee7d9b0d8d8b248964f2da25bc454213eb1f6ed1c65b
,,,冗余三元组,29.0,3.0,实施依据,extraction,cd40df6a540917691517a57a5b1cf5b96661ca5fb5dc29fae67c4de0bc29abf0
,,,冗余三元组,1.0,17.0,涉及事项,extraction,26e5b368d0569ae2cd1db86e58c1825b9d075b33fb779749f2c6991aaf9b42eb
,,,冗余三元组,3.0,1.0,类别,extraction,30a8a3bf0f51432bbfa0b5a0271676d9c09b66c2b6ed643e5308a65e84a2f2c6
,,,冗余三元组,26.0,3.0,行驶主体,extraction,53a6aecb0cb919674eb601d3ca9bfb3e1cd8021d0c2b4edaea1103f12ff5d1fa
,,,冗余三元组,26.0,3.0,承办机构,extraction,09f29ebed328eaaeac44ee7d9b0d8d8b248964f2da25bc454213eb1f6ed1c65b
,,,冗余三元组,37.0,3.0,实施依据,extraction,980a426a4890aa6880028a39b27563b630569c34cd3744943c728122dcc81e34
,,,冗余三元组,1.0,58.0,服务事项,extraction,655d582335d12da2e92c3146cee51b20728dd5a0484a9577ef74b58a5845375c
,,,冗余三元组,3.0,1.0,权力类型,extraction,63bb5d4e71e6267d4835ef9479c9ff86b0b3ef916f5e6075b1750ed13e17cad3
,,,冗余三元组,22.0,1.0,行驶主体,extraction,51b40b4c4f91240a5d323aaa57fa14fc575345cbc5dfbd5960fee3546a9d8c6c
,,,冗余三元组,22.0,1.0,承办机构,extraction,9c49a1220338386706f2952f161469c3bd5f784a5b99fbb95a8b8222c52b3a33
,,,冗余三元组,1.0,23.0,实施依据,extraction,9bcf05d413c05f85aaa7ecb9953108ae181483006eeb0087a84eb1177253df7d
,,,冗余三元组,1.0,48.0,涉及内容,extraction,c90c36bc34d7f04fedfc793b0376221c7073cfdcfd8648ced932e92d2e837f7a
,,,冗余三元组,9.0,3.0,类型,extraction,7b4fd279b61586115fa2987e2d0371238853c4f6f63e89d0b451e4237f492a37
,,,冗余三元组,10.0,11.0,是,extraction,44a8fa7ea54ec2e41111a4f5dc6a9811dee8aa3aa19fb306f9177dfc86a9aea9
,,,冗余三元组,12.0,11.0,是,extraction,54710bbec3ca077fe79c80e1e95ea28a843633289f5bc6efe6abea14f6118623
,,,冗余三元组,13.0,5.0,来源,extraction,9bd213e2b41f955fab4d2624abbd5b2aa05fab69992fb08b61623b28a05dce94
,,,冗余三元组,1.0,31.0,涉及问题,extraction,ea08369126f7fbe0d95ca41a348902bab3f4d8e388232d1c4ed32a98fca9af59
,,,冗余三元组,3.0,1.0,权力类型,extraction,63bb5d4e71e6267d4835ef9479c9ff86b0b3ef916f5e6075b1750ed13e17cad3
,,,冗余三元组,26.0,3.0,行驶主体,extraction,53a6aecb0cb919674eb601d3ca9bfb3e1cd8021d0c2b4edaea1103f12ff5d1fa
,,,冗余三元组,26.0,3.0,承办机构,extraction,09f29ebed328eaaeac44ee7d9b0d8d8b248964f2da25bc454213eb1f6ed1c65b
,,,冗余三元组,27.0,3.0,实施依据,extraction,13ecae60e92e941ef4d9485768d111c391b72853ef20b0f5a42b8bcdde18e40b
,,,冗余三元组,1.0,45.0,涉及事项,extraction,dd7fe96509b2c5c33db03e133555278b4cecbf544b6fac7dea1158a8470efe3a
,,,冗余三元组,3.0,1.0,权力类型,extraction,63bb5d4e71e6267d4835ef9479c9ff86b0b3ef916f5e6075b1750ed13e17cad3
,,,冗余三元组,44.0,3.0,行驶主体,extraction,5a54a852e46cf955056cfb470e35ee0ab596f12cadf4d4250f92e1854d40d0fb
,,,冗余三元组,44.0,3.0,承办机构,extraction,26be69caa0923ff59e399351f5a7dbfb94533ccfbecefd9b8cd69f55e191c14d
,,,冗余三元组,3.0,20.0,实施依据,extraction,904d9893c432b7f5610334c63d7c55767465e2c831a2b7963a6b4bed774952e6
,,,冗余三元组,1.0,2.0,涉及事项,extraction,45a6b5e9b7acaaf964d4ba55ee382735953a50be79b9c5a63cfd56f3bfaa98e9
,,,冗余三元组,9.0,3.0,类型,extraction,7b4fd279b61586115fa2987e2d0371238853c4f6f63e89d0b451e4237f492a37
,,,冗余三元组,10.0,11.0,执行者,extraction,bfcf921e35cea42dd2fe0e4456f5859f4d4adde552face2b36b303764d94c6b0
,,,冗余三元组,12.0,11.0,执行者,extraction,007d609358694caecbadd9e1f98aa849bb6c470ee428ccf76e19cabc1a6a9069
,,,冗余三元组,13.0,29.0,依据,extraction,339ea22aba17a985debf38c1930430e3b55f008318624e7efcaa4b7d8ae18a54
,,,冗余三元组,1.0,18.0,涉及领域,extraction,bb9a6c5169497cb67071e7b38b89fd47ad0c56bc2fc613c8ae73303717a93cc9
,,,冗余三元组,11.0,1.0,行驶主体,extraction,50e598b1826c6a6e16cbb761d7126c8286dd306ea8aefdffee154cbb615a866b
,,,冗余三元组,11.0,1.0,承办机构,extraction,ecacee85e506b895bb6ef636499570c58825c04c2655e0f358383dd8770dbffa
,,,冗余三元组,1.0,57.0,依据,extraction,738c23a901d36acbb1cecdf88d11d9aa9c98d016d617e8aaacb865f4a54827b7
,,,冗余三元组,1.0,2.0,服务事项,extraction,2f86116730c261901f6329515305421e756ef954735ed2c81715cddfa9dd049e
,,,冗余三元组,3.0,1.0,权力类型,extraction,63bb5d4e71e6267d4835ef9479c9ff86b0b3ef916f5e6075b1750ed13e17cad3
,,,冗余三元组,4.0,1.0,行驶主体,extraction,76853b7863ac80a3aad594a1104aa5b967a97525e8a2a9def28eeeebf43e4bab
,,,冗余三元组,4.0,1.0,承办机构,extraction,f7483722370a3db6cc6e9698d7f621113a7fe751bca6b181a1961b22639e7ed3
,,,冗余三元组,7.0,1.0,实施依据,extraction,d17adc34c7caa96f27afae806386689e2bb5cbc06ad807b8af9e91dbe53a1682
,,,冗余三元组,1.0,17.0,涉及事项,extraction,26e5b368d0569ae2cd1db86e58c1825b9d075b33fb779749f2c6991aaf9b42eb
,,,冗余三元组,3.0,1.0,权力类型,extraction,63bb5d4e71e6267d4835ef9479c9ff86b0b3ef916f5e6075b1750ed13e17cad3
,,,冗余三元组,44.0,3.0,行驶主体,extraction,5a54a852e46cf955056cfb470e35ee0ab596f12cadf4d4250f92e1854d40d0fb
,,,冗余三元组,44.0,3.0,承办机构,extraction,26be69caa0923ff59e399351f5a7dbfb94533ccfbecefd9b8cd69f55e191c14d
,,,冗余三元组,3.0,23.0,实施依据,extraction,50ab6d4e4a28dab63d889535df0083377ec5ea69c2cb93319237f8bffe946b3c
,,,冗余三元组,1.0,52.0,涉及问题,extraction,90af34399ad797a62bec9b3819dad9d64b8031065ff158d8a5f1015257e3e4dd
,,,冗余三元组,3.0,1.0,权力类型,extraction,63bb5d4e71e6267d4835ef9479c9ff86b0b3ef916f5e6075b1750ed13e17cad3
,,,冗余三元组,32.0,3.0,行驶主体,extraction,25aa2c1e152670ddfb23d68a0ae7e021b4a2e63a8a68352208fab8aba8a37318
,,,冗余三元组,32.0,3.0,承办机构,extraction,7cfdba5de59642b67f9924e80b0324afb048e0e5fbe8a9a65ee9100edeae0749
,,,冗余三元组,35.0,3.0,实施依据,extraction,b624cc26441dfe817af4e1eb453814a9cb80441634853b422b6c75adb5478d0b
,,,冗余三元组,1.0,6.0,服务事项,extraction,bcaaf93ebebcb6717086617566e54d8eda6e69ccbfae463d34ed5cb674242d7a
,,,冗余三元组,3.0,1.0,权力类型,extraction,63bb5d4e71e6267d4835ef9479c9ff86b0b3ef916f5e6075b1750ed13e17cad3
,,,冗余三元组,16.0,1.0,行驶主体,extraction,2388221cee7d1ae0ed5be74dbb33fa91b57a06cfae883cc5c2262bfb048b5c48
,,,冗余三元组,16.0,1.0,承办机构,extraction,7da0b9c5ea5b9311256b7bcb955ba7fe507e79fd9fe407e277e1c4de0e1d453e
,,,冗余三元组,50.0,1.0,实施依据,extraction,f457526c1cfb3555ddaf37521754b077e421b97c6e91ba6f2f018b313f33247d
,,,冗余三元组,1.0,31.0,涉及事项,extraction,f3220bd517fb70fe72f0f354fdf1fe08442b21b32cae58b726ef2340a0149292
,,,冗余三元组,3.0,1.0,权力类型,extraction,63bb5d4e71e6267d4835ef9479c9ff86b0b3ef916f5e6075b1750ed13e17cad3
,,,冗余三元组,11.0,3.0,行驶主体,extraction,252ebc8fde2836f7eae5a791df687860076241cf808bc99e0fd167f0ea262cd9
,,,冗余三元组,11.0,3.0,承办机构,extraction,e3339b884b62824a3b8679c646ddcca5b0bd6ecf6ec75f8d8629aa2e9b31a33c
,,,冗余三元组,33.0,3.0,实施依据,extraction,306160666e8a359cb9bf4da0ec64c9e2d6901c870fe6350cba5879c4509266de
,,,冗余三元组,1.0,24.0,基于,extraction,a5276488a9604d9649d8bacd34b068a0005e4d755aa469a2a15794604500ae4d
,,,冗余三元组,9.0,3.0,是,extraction,0ec99e7cb6f44635fcabc5bf332037bea07b228f7b51753076ef1e8382984bc4
,,,冗余三元组,10.0,26.0,是,extraction,89fbb5ae30c6220e41f165591e4df027877c140a72033fe0680e44206164aa17
,,,冗余三元组,12.0,26.0,是,extraction,a3817cab3fccbfd1b94576c85b68cfb0ff0511791fe7ada5dd7c10500502e531
,,,冗余三元组,13.0,43.0,是,extraction,ade982e693329bd738b2be4fef11a25c3536423672e3d1c585cae98131a035d0
,,,冗余三元组,1.0,62.0,基于,extraction,107e1bb0950b774ff9f05ec19639e02422cf10def6be35db13c2495e5a4effe2
,,,冗余三元组,9.0,3.0,是,extraction,0ec99e7cb6f44635fcabc5bf332037bea07b228f7b51753076ef1e8382984bc4
,,,冗余三元组,10.0,25.0,为,extraction,14eb8cd0d77ed5391b9d37dc27fe68abd7670df3ba47dcd28eb6861f63d38e07
,,,冗余三元组,12.0,25.0,为,extraction,95495f064660a3f109251dafe2c267d79bb3d759704576cd0f4930aedae02db4
,,,冗余三元组,13.0,43.0,是,extraction,ade982e693329bd738b2be4fef11a25c3536423672e3d1c585cae98131a035d0
,,,冗余三元组,1.0,18.0,涉及领域,extraction,bb9a6c5169497cb67071e7b38b89fd47ad0c56bc2fc613c8ae73303717a93cc9
,,,冗余三元组,11.0,1.0,承办机构,extraction,ecacee85e506b895bb6ef636499570c58825c04c2655e0f358383dd8770dbffa
,,,冗余三元组,1.0,33.0,依据,extraction,beb4a53aeccd91f8439219990e9369a7c0fbc8b629e10951b4b57ace5628c03a
,,,冗余三元组,1.0,46.0,涉及,extraction,b97b46d42fda49bf81ff3f4907773acec8566f08195d592b6e6bc1a7f3a94efc
,,,冗余三元组,16.0,10.0,是,extraction,0676f80814a944f0133efe570d87a4210481e5da6dd1982bbdd57d1a6f69161c
,,,冗余三元组,16.0,12.0,是,extraction,f56f73a07849936cd9524e693d83fe2f45de59e60b24c0fdd7c98c238723d62a
,,,冗余三元组,23.0,13.0,是,extraction,a9e1d075c6a86fe9f85c2557444e8ddd7ca63ab3d21d3044a6e458c495398916
,,,冗余三元组,1.0,58.0,涉及,extraction,ebb5415c1b54071499b45a909f698aaec953682c36e97747e6aee00bc7e619d3
,,,冗余三元组,9.0,3.0,是,extraction,0ec99e7cb6f44635fcabc5bf332037bea07b228f7b51753076ef1e8382984bc4
,,,冗余三元组,10.0,25.0,是,extraction,ad542489db79b38432a47864e6f61070ea6042115797987a3bcdb2baca19bebf
,,,冗余三元组,12.0,25.0,是,extraction,dc4ae0749038f60cf9a543d11bdbb3655270d3f1168c53408b231865a3b78a64
,,,冗余三元组,13.0,50.0,是,extraction,c041f04873201647e0b342a86dacb602d31a2f7036dbbbcb8019ba08c7818ff2
,,,冗余三元组,1.0,21.0,基于,extraction,a1bd9a2a8c08a2ce17d7c253792339ae6ab193851ce14bff47c2774729221fc7
,,,冗余三元组,9.0,3.0,是,extraction,0ec99e7cb6f44635fcabc5bf332037bea07b228f7b51753076ef1e8382984bc4
,,,冗余三元组,10.0,44.0,是,extraction,53854b14f84a4f7bcec4288babeeb93d9202a8f1247a14098e9a02982cc95640
,,,冗余三元组,12.0,44.0,是,extraction,de41cd62c11f82837c5925e3426f42630d0bc935f1a9e33489b933acda4b7831
,,,冗余三元组,13.0,7.0,是,extraction,5173b273e53a3712e9a749ca6cf7b8e8d3b7641db772c202823ccb26f6087587
,,,冗余三元组,1.0,53.0,涉及事项,extraction,f0541f7d0c2d3d04c56da88a6bc6ad2f2baea1220b292ed6fa4bf4744fe4e698
,,,冗余三元组,3.0,1.0,权力类型,extraction,63bb5d4e71e6267d4835ef9479c9ff86b0b3ef916f5e6075b1750ed13e17cad3
,,,冗余三元组,44.0,1.0,行驶主体,extraction,5aa5bd754001b528942d9ff1cf92c0dac3eea5408ae1a3ad1be7b48dd6ad7bc6
,,,冗余三元组,44.0,1.0,承办机构,extraction,fe869ebaf0ddd080462b050806e1c882e39322a3f98c8d4b29b1d043af63148d
,,,冗余三元组,1.0,57.0,依据,extraction,738c23a901d36acbb1cecdf88d11d9aa9c98d016d617e8aaacb865f4a54827b7
,,,冗余三元组,1.0,55.0,涉及方面,extraction,5ee3a47a13dc675638470604b07e57a50fdeaeedeade9769ce1a62338490e202
,,,冗余三元组,32.0,1.0,行驶主体,extraction,f3ae7eebff4e3460421e23abeef0b3052dd9a3dcfbd1f44a03d027eeb1801b4f
,,,冗余三元组,32.0,1.0,承办机构,extraction,931cafd24efaf97775db66b22a04ccc10ef5b34c9f1550f1c6e447e2887940db
,,,冗余三元组,1.0,50.0,依据,extraction,c6a84588183384d0a1c03330a826bcc3fd25d03e1fdd6fd6cb66cfb5079e19b5
,,,冗余三元组,1.0,51.0,涉及行为,extraction,4d50e735db0c7c921debcd5d22ac59a9a9275f523e4dfe60a64102e7ab70d731
,,,冗余三元组,9.0,3.0,是,extraction,0ec99e7cb6f44635fcabc5bf332037bea07b228f7b51753076ef1e8382984bc4
,,,冗余三元组,10.0,25.0,是,extraction,ad542489db79b38432a47864e6f61070ea6042115797987a3bcdb2baca19bebf
,,,冗余三元组,12.0,25.0,是,extraction,dc4ae0749038f60cf9a543d11bdbb3655270d3f1168c53408b231865a3b78a64
,,,冗余三元组,13.0,37.0,是,extraction,11ad231736d8e934254b836f208f0b302e4d9e38c23214e2036235899cb04fe6
,,,冗余三元组,1.0,18.0,涉及领域,extraction,bb9a6c5169497cb67071e7b38b89fd47ad0c56bc2fc613c8ae73303717a93cc9
,,,冗余三元组,3.0,1.0,权力类型,extraction,63bb5d4e71e6267d4835ef9479c9ff86b0b3ef916f5e6075b1750ed13e17cad3
,,,冗余三元组,41.0,1.0,行驶主体,extraction,3e203c1cd5240efde0e6a6d05bb4f8d4f3f80b46e735202ba3011d3e2801f0a1
,,,冗余三元组,41.0,1.0,承办机构,extraction,379f2c27a6c0b2eecca7d7b46b22ef51fefdad08ac0ee7abd453d5173a893b67
,,,冗余三元组,1.0,33.0,依据,extraction,beb4a53aeccd91f8439219990e9369a7c0fbc8b629e10951b4b57ace5628c03a
,,,冗余三元组,1.0,8.0,涉及,extraction,87762195aab84fdc0842a072b54421c6e992ded15227e267788ac371d89fd8a5
,,,冗余三元组,9.0,3.0,是,extraction,0ec99e7cb6f44635fcabc5bf332037bea07b228f7b51753076ef1e8382984bc4
,,,冗余三元组,10.0,32.0,是,extraction,4da064cb343643cc890842dceaf67b09d17018b8caccfb9a66252b99aba7b2c2
,,,冗余三元组,12.0,32.0,是,extraction,9c4f6d970f0759ccf44ba88668fb20479c3f74345a7048810ee820b1947a78e1
,,,冗余三元组,13.0,20.0,是,extraction,f536065857d8cffb8690029d0de8e595064374e0e38deb823e625bf375f96c61
,,,冗余三元组,1.0,21.0,包含,extraction,635d1027165abbabe82fa63c66c6183ad9893b0e011f20d0b6ad30d71c05ec2a
,,,冗余三元组,9.0,3.0,是,extraction,0ec99e7cb6f44635fcabc5bf332037bea07b228f7b51753076ef1e8382984bc4
,,,冗余三元组,10.0,22.0,是,extraction,5a0b03998ab865a9402789a91f83ce5e2c3e8b9dc624370864b73747e8ad330a
,,,冗余三元组,12.0,22.0,是,extraction,51b7578f6e3f4d6aa73a569f8dfc21fce38f169c0202a35f222c3aebbfe18ce9
,,,冗余三元组,13.0,37.0,是,extraction,11ad231736d8e934254b836f208f0b302e4d9e38c23214e2036235899cb04fe6
,,,冗余三元组,1.0,31.0,涉及问题,extraction,ea08369126f7fbe0d95ca41a348902bab3f4d8e388232d1c4ed32a98fca9af59
,,,冗余三元组,3.0,1.0,权力类型,extraction,63bb5d4e71e6267d4835ef9479c9ff86b0b3ef916f5e6075b1750ed13e17cad3
,,,冗余三元组,25.0,3.0,行驶主体,extraction,c7f405beeae1829a03dbec6b28d32c4d828da48de999734d24825266b3076f59
,,,冗余三元组,25.0,3.0,承办机构,extraction,eef2c4724eefbb6cbc8a1e38dd903f5952b15b4fa168168b9caed346c6551029
,,,冗余三元组,3.0,37.0,实施依据,extraction,b86037853e03ce9325835ce0d5f8bc88f5a69871c920f2a76c31a83bbd194153
,,,冗余三元组,1.0,58.0,涉及行为,extraction,93a2f06a9d6469b27d73da8e38855777376bd0c168e945c557165493a67fcb2f
,,,冗余三元组,3.0,44.0,执行主体,extraction,252d73610616b2ee1a0aad5f2731b05a376ff6396eadfb2de9968dd10beeb801
,,,冗余三元组,44.0,3.0,行使权力,extraction,f198bdefb30b60bad0eda0caf732f8ed5cf312b7a53711a3709d6e4926cc4866
,,,冗余三元组,44.0,44.0,负责承办,extraction,8a1df5e2864bb001968ce71262acec3a360908db4ce593546ac6be3fad9a0147
,,,冗余三元组,1.0,51.0,涉及行为,extraction,4d50e735db0c7c921debcd5d22ac59a9a9275f523e4dfe60a64102e7ab70d731
,,,冗余三元组,32.0,32.0,承办机构,extraction,911adfffd05806263bf58b0d02a29a83b098803ea7bdf542e61063696f391749
,,,冗余三元组,1.0,21.0,包含,extraction,635d1027165abbabe82fa63c66c6183ad9893b0e011f20d0b6ad30d71c05ec2a
,,,冗余三元组,9.0,3.0,是,extraction,0ec99e7cb6f44635fcabc5bf332037bea07b228f7b51753076ef1e8382984bc4
,,,冗余三元组,10.0,11.0,是,extraction,44a8fa7ea54ec2e41111a4f5dc6a9811dee8aa3aa19fb306f9177dfc86a9aea9
,,,冗余三元组,12.0,11.0,是,extraction,54710bbec3ca077fe79c80e1e95ea28a843633289f5bc6efe6abea14f6118623
,,,冗余三元组,13.0,33.0,是,extraction,fc4553073462fe666aaa676d985116bc290a0c71f03fb633205f00b4fcf4ff71
,,,冗余三元组,1.0,62.0,涉及事项,extraction,01d175c41a6f3c882019c9ac786bc0445bb66a2e14720ead8aaf50a8c158baba
,,,冗余三元组,3.0,1.0,权力类型,extraction,63bb5d4e71e6267d4835ef9479c9ff86b0b3ef916f5e6075b1750ed13e17cad3
,,,冗余三元组,25.0,3.0,行驶主体,extraction,c7f405beeae1829a03dbec6b28d32c4d828da48de999734d24825266b3076f59
,,,冗余三元组,25.0,3.0,承办机构,extraction,eef2c4724eefbb6cbc8a1e38dd903f5952b15b4fa168168b9caed346c6551029
,,,冗余三元组,7.0,3.0,实施依据,extraction,f19e34325be413dc5e6bb80be003b66e02159d7f79ced0a5e8ba8a58d7125e15
,,,冗余三元组,1.0,24.0,基于,extraction,a5276488a9604d9649d8bacd34b068a0005e4d755aa469a2a15794604500ae4d
,,,冗余三元组,9.0,3.0,是,extraction,0ec99e7cb6f44635fcabc5bf332037bea07b228f7b51753076ef1e8382984bc4
,,,冗余三元组,10.0,4.0,是,extraction,4253afef8f3fd90e1effb4068d33d5af9bf9795c98a41a591346af581d8c5b13
,,,冗余三元组,12.0,4.0,是,extraction,157789d187fc7ed7a6f770e4112d938e1669ffabeec33b64ab160620d61c286f
,,,冗余三元组,13.0,50.0,是,extraction,c041f04873201647e0b342a86dacb602d31a2f7036dbbbcb8019ba08c7818ff2
,,,冗余三元组,39.0,1.0,是,extraction,38e1d37380a7519608b7025690633256c2d7865eeeda60653fee8757d9e4afaf
,,,冗余三元组,1.0,55.0,涉及,extraction,d3dce47df0bc87d9fc69992a5dfb419dc64d4ec5f6b002937da586081885a914
,,,冗余三元组,9.0,3.0,是,extraction,0ec99e7cb6f44635fcabc5bf332037bea07b228f7b51753076ef1e8382984bc4
,,,冗余三元组,10.0,25.0,是,extraction,ad542489db79b38432a47864e6f61070ea6042115797987a3bcdb2baca19bebf
,,,冗余三元组,12.0,25.0,是,extraction,dc4ae0749038f60cf9a543d11bdbb3655270d3f1168c53408b231865a3b78a64
,,,冗余三元组,13.0,29.0,是,extraction,ffa30b4f3216d3a8f56030cb4d33517361b4979ec19a58b4d3a546e9f0b38bdc
,,,冗余三元组,1.0,62.0,基于,extraction,107e1bb0950b774ff9f05ec19639e02422cf10def6be35db13c2495e5a4effe2
,,,冗余三元组,9.0,3.0,是,extraction,0ec99e7cb6f44635fcabc5bf332037bea07b228f7b51753076ef1e8382984bc4
,,,冗余三元组,10.0,26.0,是,extraction,89fbb5ae30c6220e41f165591e4df027877c140a72033fe0680e44206164aa17
,,,冗余三元组,12.0,26.0,是,extraction,a3817cab3fccbfd1b94576c85b68cfb0ff0511791fe7ada5dd7c10500502e531
,,,冗余三元组,13.0,20.0,是,extraction,f536065857d8cffb8690029d0de8e595064374e0e38deb823e625bf375f96c61
,,,冗余三元组,1.0,40.0,涉及内容,extraction,de20e85db7086358cf9286abdebf47adc291c16b26f2f272b53ee25a61196b6a
,,,冗余三元组,3.0,1.0,权力类型,extraction,63bb5d4e71e6267d4835ef9479c9ff86b0b3ef916f5e6075b1750ed13e17cad3
,,,冗余三元组,16.0,1.0,行驶主体,extraction,2388221cee7d1ae0ed5be74dbb33fa91b57a06cfae883cc5c2262bfb048b5c48
,,,冗余三元组,16.0,1.0,承办机构,extraction,7da0b9c5ea5b9311256b7bcb955ba7fe507e79fd9fe407e277e1c4de0e1d453e
,,,冗余三元组,35.0,1.0,实施依据,extraction,c2160bc37901fdb446bacf457f42f5af556fdcd5b45c0e99b283102cca9bc468
,,,冗余三元组,1.0,17.0,涉及事项,extraction,26e5b368d0569ae2cd1db86e58c1825b9d075b33fb779749f2c6991aaf9b42eb
,,,冗余三元组,3.0,1.0,权力类型,extraction,63bb5d4e71e6267d4835ef9479c9ff86b0b3ef916f5e6075b1750ed13e17cad3
,,,冗余三元组,41.0,1.0,行驶主体,extraction,3e203c1cd5240efde0e6a6d05bb4f8d4f3f80b46e735202ba3011d3e2801f0a1
,,,冗余三元组,41.0,1.0,承办机构,extraction,379f2c27a6c0b2eecca7d7b46b22ef51fefdad08ac0ee7abd453d5173a893b67
,,,冗余三元组,1.0,5.0,依据,extraction,1ea7450430c6e25edf81e6ecf2f8dbbbbd3c1ca33319839a0f1c3459a61d2b2e
,,,冗余三元组,1.0,8.0,涉及内容,extraction,d02de960772b95844ead284f303c0cc0a431bb9e9d2e2a9acb00d12d4b09753a
,,,冗余三元组,9.0,3.0,类型,extraction,7b4fd279b61586115fa2987e2d0371238853c4f6f63e89d0b451e4237f492a37
,,,冗余三元组,16.0,16.0,行驶主体,extraction,de3d3e85ffec1b1c16f445f7a5e7e204c5d5fb0d31f317bb122227719e728676
,,,冗余三元组,16.0,16.0,承办机构,extraction,dd3beedaf67b0e9e05574852bf1b9e7df5fccb39eb43ab3bef7f7645d192767e
,,,冗余三元组,1.0,46.0,涉及问题,extraction,3e940b19ef498016fad79857e57d4ee162cee2e05833d1b57fba62f1d9613be3
,,,冗余三元组,3.0,1.0,权力类型,extraction,63bb5d4e71e6267d4835ef9479c9ff86b0b3ef916f5e6075b1750ed13e17cad3
,,,冗余三元组,26.0,3.0,行驶主体,extraction,53a6aecb0cb919674eb601d3ca9bfb3e1cd8021d0c2b4edaea1103f12ff5d1fa
,,,冗余三元组,26.0,3.0,承办机构,extraction,09f29ebed328eaaeac44ee7d9b0d8d8b248964f2da25bc454213eb1f6ed1c65b
,,,冗余三元组,5.0,3.0,实施依据,extraction,4d26a315d3cf5e095a5f33a521cc5fcfd77a3a44ba52ed82e02dee2171f81d54
,,,冗余三元组,39.0,1.0,是,extraction,38e1d37380a7519608b7025690633256c2d7865eeeda60653fee8757d9e4afaf
,,,冗余三元组,1.0,54.0,涉及领域,extraction,bf464bcbcd83e979756fbd8eee9d0f695e979e7851f7354e079d63510152047a
,,,冗余三元组,9.0,3.0,是,extraction,0ec99e7cb6f44635fcabc5bf332037bea07b228f7b51753076ef1e8382984bc4
,,,冗余三元组,10.0,11.0,是,extraction,44a8fa7ea54ec2e41111a4f5dc6a9811dee8aa3aa19fb306f9177dfc86a9aea9
,,,冗余三元组,12.0,11.0,是,extraction,54710bbec3ca077fe79c80e1e95ea28a843633289f5bc6efe6abea14f6118623
,,,冗余三元组,13.0,50.0,是,extraction,c041f04873201647e0b342a86dacb602d31a2f7036dbbbcb8019ba08c7818ff2
,,,冗余三元组,1.0,36.0,涉及问题,extraction,54c260d1a128014203ab4ed53ac05e9cb8405dd874e0b78e2a81b01ce110fecf
,,,冗余三元组,3.0,1.0,权力类型,extraction,63bb5d4e71e6267d4835ef9479c9ff86b0b3ef916f5e6075b1750ed13e17cad3
,,,冗余三元组,22.0,3.0,行驶主体,extraction,63b889c6caaf61c3eefad202bc0e1a4344122b009d898e41612d2ce9411c9a90
,,,冗余三元组,22.0,3.0,承办机构,extraction,450ea2044227017296ffd8295e12ead624bac9ad5fb24c8dce7525315368e0fd
,,,冗余三元组,13.0,50.0,来源,extraction,354cbc8bce657e666e458c8deb15b330e1b6acfed5e9c1e431a60c7281256215
,,,冗余三元组,1.0,51.0,涉及行为,extraction,4d50e735db0c7c921debcd5d22ac59a9a9275f523e4dfe60a64102e7ab70d731
,,,冗余三元组,3.0,1.0,权力类型,extraction,63bb5d4e71e6267d4835ef9479c9ff86b0b3ef916f5e6075b1750ed13e17cad3
,,,冗余三元组,41.0,1.0,行驶主体,extraction,3e203c1cd5240efde0e6a6d05bb4f8d4f3f80b46e735202ba3011d3e2801f0a1
,,,冗余三元组,41.0,1.0,承办机构,extraction,379f2c27a6c0b2eecca7d7b46b22ef51fefdad08ac0ee7abd453d5173a893b67
,,,冗余三元组,1.0,29.0,实施依据,extraction,d0c854f24ab485fb8be69e5238d70c0621b587a2a4679d49b48a29b9856dfc86
,,,冗余三元组,1.0,28.0,涉及,extraction,3f9c3a7839c318c1c0bfcaf59a818cec18c0160e38147f2b67f25e4eb8a81f3f
,,,冗余三元组,9.0,3.0,是,extraction,0ec99e7cb6f44635fcabc5bf332037bea07b228f7b51753076ef1e8382984bc4
,,,冗余三元组,10.0,11.0,是,extraction,44a8fa7ea54ec2e41111a4f5dc6a9811dee8aa3aa19fb306f9177dfc86a9aea9
,,,冗余三元组,12.0,11.0,是,extraction,54710bbec3ca077fe79c80e1e95ea28a843633289f5bc6efe6abea14f6118623
,,,冗余三元组,13.0,33.0,是,extraction,fc4553073462fe666aaa676d985116bc290a0c71f03fb633205f00b4fcf4ff71
,,,冗余三元组,1.0,15.0,服务事项,extraction,d58af36cd0af73d9b19e1d9407d5a626b1cd60fd82322b0355d1dcad51bc51b4
,,,冗余三元组,3.0,1.0,权力类型,extraction,63bb5d4e71e6267d4835ef9479c9ff86b0b3ef916f5e6075b1750ed13e17cad3
,,,冗余三元组,11.0,1.0,行驶主体,extraction,50e598b1826c6a6e16cbb761d7126c8286dd306ea8aefdffee154cbb615a866b
,,,冗余三元组,11.0,1.0,承办机构,extraction,ecacee85e506b895bb6ef636499570c58825c04c2655e0f358383dd8770dbffa
,,,冗余三元组,1.0,23.0,实施依据,extraction,9bcf05d413c05f85aaa7ecb9953108ae181483006eeb0087a84eb1177253df7d
,,,冗余三元组,1.0,47.0,服务事项,extraction,b33592c1f30e39df0401c77d218134fb8abddfd7e8dbdedb52818471c5201bf4
,,,冗余三元组,3.0,1.0,权力类型,extraction,63bb5d4e71e6267d4835ef9479c9ff86b0b3ef916f5e6075b1750ed13e17cad3
,,,冗余三元组,16.0,1.0,行驶主体,extraction,2388221cee7d1ae0ed5be74dbb33fa91b57a06cfae883cc5c2262bfb048b5c48
,,,冗余三元组,16.0,1.0,承办机构,extraction,7da0b9c5ea5b9311256b7bcb955ba7fe507e79fd9fe407e277e1c4de0e1d453e
,,,冗余三元组,20.0,1.0,实施依据,extraction,fa879230d50cba26fe3e25fda133ad3500d518880a888364d68f6f0c8fcf6adf
,,,冗余三元组,1.0,17.0,涉及事项,extraction,26e5b368d0569ae2cd1db86e58c1825b9d075b33fb779749f2c6991aaf9b42eb
,,,冗余三元组,3.0,1.0,权力类型,extraction,63bb5d4e71e6267d4835ef9479c9ff86b0b3ef916f5e6075b1750ed13e17cad3
,,,冗余三元组,26.0,3.0,行驶主体,extraction,53a6aecb0cb919674eb601d3ca9bfb3e1cd8021d0c2b4edaea1103f12ff5d1fa
,,,冗余三元组,26.0,3.0,承办机构,extraction,09f29ebed328eaaeac44ee7d9b0d8d8b248964f2da25bc454213eb1f6ed1c65b
,,,冗余三元组,3.0,23.0,实施依据,extraction,50ab6d4e4a28dab63d889535df0083377ec5ea69c2cb93319237f8bffe946b3c
,,,冗余三元组,1.0,28.0,涉及内容,extraction,ac3ee725f8a339f9fbd2a7028b68d899a9b8e5be581c35045e4b8bfb3dc079c3
,,,冗余三元组,3.0,1.0,权力类型,extraction,63bb5d4e71e6267d4835ef9479c9ff86b0b3ef916f5e6075b1750ed13e17cad3
,,,冗余三元组,25.0,1.0,行驶主体,extraction,f8d14ca82df048e60e8e15e838aee0937165e7863b618cad5ab1fa07cbe6c922
,,,冗余三元组,25.0,1.0,承办机构,extraction,52233a544f4c28cfdd7e8c323198ffbcd53a5927d355c09f9eb314df01568645
,,,冗余三元组,1.0,17.0,涉及事项,extraction,26e5b368d0569ae2cd1db86e58c1825b9d075b33fb779749f2c6991aaf9b42eb
,,,冗余三元组,16.0,1.0,行使主体,extraction,d2ea2911b68a4744fa3fb4afd805c6b67724f24a3f46fa0e8e2b1b9cac0816bd
,,,冗余三元组,16.0,1.0,承办机构,extraction,7da0b9c5ea5b9311256b7bcb955ba7fe507e79fd9fe407e277e1c4de0e1d453e
,,,冗余三元组,1.0,33.0,依据,extraction,beb4a53aeccd91f8439219990e9369a7c0fbc8b629e10951b4b57ace5628c03a
,,,冗余三元组,1.0,51.0,包含行为,extraction,f8a8dc8a03ea22f0c99fcbd7990d1f03fe9b84cf3f283d29a67c08ec33604bcb
,,,冗余三元组,9.0,3.0,是,extraction,0ec99e7cb6f44635fcabc5bf332037bea07b228f7b51753076ef1e8382984bc4
,,,冗余三元组,10.0,32.0,是,extraction,4da064cb343643cc890842dceaf67b09d17018b8caccfb9a66252b99aba7b2c2
,,,冗余三元组,12.0,32.0,是,extraction,9c4f6d970f0759ccf44ba88668fb20479c3f74345a7048810ee820b1947a78e1
,,,冗余三元组,13.0,7.0,是,extraction,5173b273e53a3712e9a749ca6cf7b8e8d3b7641db772c202823ccb26f6087587
,,,冗余三元组,39.0,1.0,是,extraction,38e1d37380a7519608b7025690633256c2d7865eeeda60653fee8757d9e4afaf
,,,冗余三元组,1.0,19.0,涉及,extraction,1dd85c1508cac1ea277a168b6cc3685a0772a7f8d479e4d1f2bab9ea3f69df79
,,,冗余三元组,9.0,3.0,是,extraction,0ec99e7cb6f44635fcabc5bf332037bea07b228f7b51753076ef1e8382984bc4
,,,冗余三元组,10.0,25.0,是,extraction,ad542489db79b38432a47864e6f61070ea6042115797987a3bcdb2baca19bebf
,,,冗余三元组,12.0,25.0,是,extraction,dc4ae0749038f60cf9a543d11bdbb3655270d3f1168c53408b231865a3b78a64
,,,冗余三元组,13.0,50.0,是,extraction,c041f04873201647e0b342a86dacb602d31a2f7036dbbbcb8019ba08c7818ff2
,,,冗余三元组,1.0,51.0,涉及行为,extraction,4d50e735db0c7c921debcd5d22ac59a9a9275f523e4dfe60a64102e7ab70d731
,,,冗余三元组,3.0,16.0,行使主体,extraction,368a0c782c817d6b61b6538653ebef5c0d679f5c737fff7090a81977bfb77210
,,,冗余三元组,16.0,16.0,承办机构,extraction,dd3beedaf67b0e9e05574852bf1b9e7df5fccb39eb43ab3bef7f7645d192767e
,,,冗余三元组,1.0,17.0,涉及事项,extraction,26e5b368d0569ae2cd1db86e58c1825b9d075b33fb779749f2c6991aaf9b42eb
,,,冗余三元组,3.0,1.0,权力类型,extraction,63bb5d4e71e6267d4835ef9479c9ff86b0b3ef916f5e6075b1750ed13e17cad3
,,,冗余三元组,41.0,3.0,行驶主体,extraction,5d84b9822209fd7fa7d92babdb835190241b68fe5b5aea19e9da5dd2dd78f41f
,,,冗余三元组,41.0,3.0,承办机构,extraction,48e2d4897373891400d86d526f3e14fa122a8369676e5750befd6236e4886a23
,,,冗余三元组,33.0,3.0,实施依据,extraction,306160666e8a359cb9bf4da0ec64c9e2d6901c870fe6350cba5879c4509266de
,,,冗余三元组,1.0,52.0,包含,extraction,65aa9d8836d9408071d2ab46124ddeb7f4ac0702d8710d1e2c37dda2c678d8d3
,,,冗余三元组,9.0,3.0,是,extraction,0ec99e7cb6f44635fcabc5bf332037bea07b228f7b51753076ef1e8382984bc4
,,,冗余三元组,10.0,26.0,是,extraction,89fbb5ae30c6220e41f165591e4df027877c140a72033fe0680e44206164aa17
,,,冗余三元组,12.0,26.0,是,extraction,a3817cab3fccbfd1b94576c85b68cfb0ff0511791fe7ada5dd7c10500502e531
,,,冗余三元组,13.0,37.0,是,extraction,11ad231736d8e934254b836f208f0b302e4d9e38c23214e2036235899cb04fe6
,,,冗余三元组,1.0,17.0,涉及事项,extraction,26e5b368d0569ae2cd1db86e58c1825b9d075b33fb779749f2c6991aaf9b42eb
,,,冗余三元组,9.0,3.0,是,extraction,0ec99e7cb6f44635fcabc5bf332037bea07b228f7b51753076ef1e8382984bc4
,,,冗余三元组,10.0,11.0,是,extraction,44a8fa7ea54ec2e41111a4f5dc6a9811dee8aa3aa19fb306f9177dfc86a9aea9
,,,冗余三元组,12.0,11.0,是,extraction,54710bbec3ca077fe79c80e1e95ea28a843633289f5bc6efe6abea14f6118623
,,,冗余三元组,13.0,37.0,是,extraction,11ad231736d8e934254b836f208f0b302e4d9e38c23214e2036235899cb04fe6
,,,冗余三元组,1.0,34.0,包含,extraction,55e4afabf77afe2a5eab9a2e4e01194c0b9b6c241104b977092e714b9c92562f
,,,冗余三元组,9.0,3.0,是,extraction,0ec99e7cb6f44635fcabc5bf332037bea07b228f7b51753076ef1e8382984bc4
,,,冗余三元组,10.0,26.0,是,extraction,89fbb5ae30c6220e41f165591e4df027877c140a72033fe0680e44206164aa17
,,,冗余三元组,12.0,26.0,是,extraction,a3817cab3fccbfd1b94576c85b68cfb0ff0511791fe7ada5dd7c10500502e531
,,,冗余三元组,13.0,20.0,是,extraction,f536065857d8cffb8690029d0de8e595064374e0e38deb823e625bf375f96c61
,,,冗余三元组,1.0,31.0,涉及问题,extraction,ea08369126f7fbe0d95ca41a348902bab3f4d8e388232d1c4ed32a98fca9af59
,,,冗余三元组,3.0,1.0,权力类型,extraction,63bb5d4e71e6267d4835ef9479c9ff86b0b3ef916f5e6075b1750ed13e17cad3
,,,冗余三元组,44.0,3.0,行驶主体,extraction,5a54a852e46cf955056cfb470e35ee0ab596f12cadf4d4250f92e1854d40d0fb
,,,冗余三元组,44.0,3.0,承办机构,extraction,26be69caa0923ff59e399351f5a7dbfb94533ccfbecefd9b8cd69f55e191c14d
,,,冗余三元组,3.0,20.0,实施依据,extraction,904d9893c432b7f5610334c63d7c55767465e2c831a2b7963a6b4bed774952e6
,,,冗余三元组,1.0,36.0,涉及事项,extraction,8f5ef8181607d60e4eccd5ec612a1b947845c41af6a5aa6f33629298f46d39a8
,,,冗余三元组,3.0,1.0,权力类型,extraction,63bb5d4e71e6267d4835ef9479c9ff86b0b3ef916f5e6075b1750ed13e17cad3
,,,冗余三元组,38.0,3.0,行驶主体,extraction,09efeab994a6d0a0d2474408b9050a4299990ea94ef2b0fd3b3f3c42b80c1d00
,,,冗余三元组,38.0,3.0,承办机构,extraction,3ffeb2c635f8eac91bfd409e9ffa26f73bbf4f4bb174d1a1c0cfa1334e723247
,,,冗余三元组,3.0,7.0,依据,extraction,2c7744cfc99769a6fc0986cf138e3ed4d77c32f88512b230684854b6658447e8
,,,冗余三元组,1.0,62.0,涉及问题,extraction,2a934fc7a5fcf782dd1e2daadb598b9eafb710e91a5aa9232b2ceb713d26918f
,,,冗余三元组,3.0,1.0,权力类型,extraction,63bb5d4e71e6267d4835ef9479c9ff86b0b3ef916f5e6075b1750ed13e17cad3
,,,冗余三元组,16.0,3.0,行驶主体,extraction,dcf915ca16fdd03067ac26bed4e74e74a9239bdbd1f71068aedeb4f177f92df1
,,,冗余三元组,16.0,3.0,承办机构,extraction,1845bf4af0283ae739a3edd822fa3a6e7302f5b26eae67bdd654099cddf35e9f
,,,冗余三元组,39.0,1.0,是,extraction,38e1d37380a7519608b7025690633256c2d7865eeeda60653fee8757d9e4afaf
,,,冗余三元组,1.0,45.0,涉及,extraction,599085aa31abe5075252b02f829e93d81f2698ac36bc6369fc4fce031c3872ad
,,,冗余三元组,9.0,3.0,是,extraction,0ec99e7cb6f44635fcabc5bf332037bea07b228f7b51753076ef1e8382984bc4
,,,冗余三元组,10.0,44.0,是,extraction,53854b14f84a4f7bcec4288babeeb93d9202a8f1247a14098e9a02982cc95640
,,,冗余三元组,12.0,44.0,是,extraction,de41cd62c11f82837c5925e3426f42630d0bc935f1a9e33489b933acda4b7831
,,,冗余三元组,13.0,27.0,是,extraction,b6eab7714fb673bef9d283a76736709544e272990472859dc282d706a47931e5
,,,冗余三元组,39.0,1.0,是,extraction,38e1d37380a7519608b7025690633256c2d7865eeeda60653fee8757d9e4afaf
,,,冗余三元组,1.0,17.0,包含,extraction,1fc3ef991e7fa2ac5733227de5672bafdfeb183cb60c0fedb70c50247524ed19
,,,冗余三元组,9.0,3.0,是,extraction,0ec99e7cb6f44635fcabc5bf332037bea07b228f7b51753076ef1e8382984bc4
,,,冗余三元组,10.0,4.0,是,extraction,4253afef8f3fd90e1effb4068d33d5af9bf9795c98a41a591346af581d8c5b13
,,,冗余三元组,12.0,4.0,是,extraction,157789d187fc7ed7a6f770e4112d938e1669ffabeec33b64ab160620d61c286f
,,,冗余三元组,13.0,23.0,是,extraction,a809901cb1266f3034f5251cd5e201f3ce63e484f49bb7e202066cafcce8d4b1
,,,冗余三元组,1.0,8.0,涉及内容,extraction,d02de960772b95844ead284f303c0cc0a431bb9e9d2e2a9acb00d12d4b09753a
,,,冗余三元组,9.0,3.0,类型,extraction,7b4fd279b61586115fa2987e2d0371238853c4f6f63e89d0b451e4237f492a37
,,,冗余三元组,16.0,16.0,行驶主体,extraction,de3d3e85ffec1b1c16f445f7a5e7e204c5d5fb0d31f317bb122227719e728676
,,,冗余三元组,16.0,16.0,承办机构,extraction,dd3beedaf67b0e9e05574852bf1b9e7df5fccb39eb43ab3bef7f7645d192767e
,,,冗余三元组,16.0,29.0,依据,extraction,01fea2a7eed8770dd1d2c77c7e4e294441630c45cf424b7bddd3adbb935c851c
,,,冗余三元组,1.0,46.0,涉及,extraction,b97b46d42fda49bf81ff3f4907773acec8566f08195d592b6e6bc1a7f3a94efc
,,,冗余三元组,9.0,3.0,是,extraction,0ec99e7cb6f44635fcabc5bf332037bea07b228f7b51753076ef1e8382984bc4
,,,冗余三元组,10.0,25.0,是,extraction,ad542489db79b38432a47864e6f61070ea6042115797987a3bcdb2baca19bebf
,,,冗余三元组,12.0,25.0,是,extraction,dc4ae0749038f60cf9a543d11bdbb3655270d3f1168c53408b231865a3b78a64
,,,冗余三元组,13.0,43.0,是,extraction,ade982e693329bd738b2be4fef11a25c3536423672e3d1c585cae98131a035d0
,,,冗余三元组,1.0,2.0,涉及事项,extraction,45a6b5e9b7acaaf964d4ba55ee382735953a50be79b9c5a63cfd56f3bfaa98e9
,,,冗余三元组,32.0,1.0,行驶主体,extraction,f3ae7eebff4e3460421e23abeef0b3052dd9a3dcfbd1f44a03d027eeb1801b4f
,,,冗余三元组,32.0,1.0,承办机构,extraction,931cafd24efaf97775db66b22a04ccc10ef5b34c9f1550f1c6e447e2887940db
,,,冗余三元组,1.0,49.0,依据,extraction,567a356d9d99d44b1e79598f86430dce8cd9fbfb76155059f4e9f13b5ad5b19e
,,,冗余三元组,1.0,48.0,服务事项,extraction,e7e101401f3cdc40fda09e37060e8e9d74ca89110231c076b5cd763ef6e0dc3c
,,,冗余三元组,3.0,1.0,权力类型,extraction,63bb5d4e71e6267d4835ef9479c9ff86b0b3ef916f5e6075b1750ed13e17cad3
,,,冗余三元组,4.0,1.0,行驶主体,extraction,76853b7863ac80a3aad594a1104aa5b967a97525e8a2a9def28eeeebf43e4bab
,,,冗余三元组,4.0,1.0,承办机构,extraction,f7483722370a3db6cc6e9698d7f621113a7fe751bca6b181a1961b22639e7ed3
,,,冗余三元组,37.0,1.0,实施依据,extraction,09d255701213a5f1fc35300e57fc286072af9b281e8b6176db074a855aa6f1c9
,,,冗余三元组,39.0,1.0,是,extraction,38e1d37380a7519608b7025690633256c2d7865eeeda60653fee8757d9e4afaf
,,,冗余三元组,1.0,18.0,包含,extraction,995fe2b6a1cf5cfeeefec8c7b3e03ab6ed8e185658f268c2a2d3412d9fb32842
,,,冗余三元组,9.0,3.0,是,extraction,0ec99e7cb6f44635fcabc5bf332037bea07b228f7b51753076ef1e8382984bc4
,,,冗余三元组,10.0,11.0,是,extraction,44a8fa7ea54ec2e41111a4f5dc6a9811dee8aa3aa19fb306f9177dfc86a9aea9
,,,冗余三元组,12.0,11.0,是,extraction,54710bbec3ca077fe79c80e1e95ea28a843633289f5bc6efe6abea14f6118623
,,,冗余三元组,13.0,14.0,是,extraction,bfbeedc7e6daf4f851060b875d14b5b7c1dab5b695356d4176fd018de0894ae2
,,,冗余三元组,1.0,19.0,涉及行为,extraction,7f240590f2a7da25c488c633d39a09a722fedca13693b57fc75c819db158f3af
,,,冗余三元组,9.0,3.0,类型,extraction,7b4fd279b61586115fa2987e2d0371238853c4f6f63e89d0b451e4237f492a37
,,,冗余三元组,10.0,1.0,执行,extraction,1e2e32b9c6e3c954dff7fd9c6f7e8bfcb68e53a034f5c1b51d410ebf0c67bc77
,,,冗余三元组,1.0,52.0,涉及问题,extraction,90af34399ad797a62bec9b3819dad9d64b8031065ff158d8a5f1015257e3e4dd
,,,冗余三元组,3.0,1.0,权力类型,extraction,63bb5d4e71e6267d4835ef9479c9ff86b0b3ef916f5e6075b1750ed13e17cad3
,,,冗余三元组,25.0,3.0,行驶主体,extraction,c7f405beeae1829a03dbec6b28d32c4d828da48de999734d24825266b3076f59
,,,冗余三元组,25.0,3.0,承办机构,extraction,eef2c4724eefbb6cbc8a1e38dd903f5952b15b4fa168168b9caed346c6551029
,,,冗余三元组,3.0,33.0,实施依据,extraction,3ee398515b151c50aea9c550299379df42bd5a92b41e28fc8b8b5854a9aef6e3
,,,冗余三元组,1.0,51.0,涉及行为,extraction,4d50e735db0c7c921debcd5d22ac59a9a9275f523e4dfe60a64102e7ab70d731
,,,冗余三元组,9.0,3.0,是,extraction,0ec99e7cb6f44635fcabc5bf332037bea07b228f7b51753076ef1e8382984bc4
,,,冗余三元组,10.0,38.0,是,extraction,b756eb5995473eefcaf0d5b4fb891f9eb9190e7e7f446761eaff99790520dd98
,,,冗余三元组,12.0,38.0,是,extraction,76d05d01998cae971c559874b8df42b2445eeafc6d81c360c7aecdbaf38c3f00
,,,冗余三元组,13.0,14.0,是,extraction,bfbeedc7e6daf4f851060b875d14b5b7c1dab5b695356d4176fd018de0894ae2
,,,冗余三元组,1.0,31.0,涉及问题,extraction,ea08369126f7fbe0d95ca41a348902bab3f4d8e388232d1c4ed32a98fca9af59
,,,冗余三元组,3.0,1.0,权力类型,extraction,63bb5d4e71e6267d4835ef9479c9ff86b0b3ef916f5e6075b1750ed13e17cad3
,,,冗余三元组,11.0,3.0,行驶主体,extraction,252ebc8fde2836f7eae5a791df687860076241cf808bc99e0fd167f0ea262cd9
,,,冗余三元组,11.0,3.0,承办机构,extraction,e3339b884b62824a3b8679c646ddcca5b0bd6ecf6ec75f8d8629aa2e9b31a33c
,,,冗余三元组,35.0,3.0,实施依据,extraction,b624cc26441dfe817af4e1eb453814a9cb80441634853b422b6c75adb5478d0b
,,,冗余三元组,1.0,21.0,包含,extraction,635d1027165abbabe82fa63c66c6183ad9893b0e011f20d0b6ad30d71c05ec2a
,,,冗余三元组,9.0,3.0,是,extraction,0ec99e7cb6f44635fcabc5bf332037bea07b228f7b51753076ef1e8382984bc4
,,,冗余三元组,10.0,25.0,是,extraction,ad542489db79b38432a47864e6f61070ea6042115797987a3bcdb2baca19bebf
,,,冗余三元组,12.0,25.0,是,extraction,dc4ae0749038f60cf9a543d11bdbb3655270d3f1168c53408b231865a3b78a64
,,,冗余三元组,13.0,33.0,是,extraction,fc4553073462fe666aaa676d985116bc290a0c71f03fb633205f00b4fcf4ff71
,,,冗余三元组,1.0,21.0,包含,extraction,635d1027165abbabe82fa63c66c6183ad9893b0e011f20d0b6ad30d71c05ec2a
,,,冗余三元组,9.0,3.0,是,extraction,0ec99e7cb6f44635fcabc5bf332037bea07b228f7b51753076ef1e8382984bc4
,,,冗余三元组,10.0,26.0,是,extraction,89fbb5ae30c6220e41f165591e4df027877c140a72033fe0680e44206164aa17
,,,冗余三元组,12.0,26.0,是,extraction,a3817cab3fccbfd1b94576c85b68cfb0ff0511791fe7ada5dd7c10500502e531
,,,冗余三元组,13.0,23.0,是,extraction,a809901cb1266f3034f5251cd5e201f3ce63e484f49bb7e202066cafcce8d4b1
,,,冗余三元组,1.0,18.0,涉及事项,extraction,d1f95153d29e3bd086a2d6d173f9b426666e22d88ed57ce36c68eaf51b38b7e3
,,,冗余三元组,3.0,1.0,权力类型,extraction,63bb5d4e71e6267d4835ef9479c9ff86b0b3ef916f5e6075b1750ed13e17cad3
,,,冗余三元组,44.0,1.0,行驶主体,extraction,5aa5bd754001b528942d9ff1cf92c0dac3eea5408ae1a3ad1be7b48dd6ad7bc6
,,,冗余三元组,44.0,1.0,承办机构,extraction,fe869ebaf0ddd080462b050806e1c882e39322a3f98c8d4b29b1d043af63148d
,,,冗余三元组,5.0,3.0,实施依据,extraction,4d26a315d3cf5e095a5f33a521cc5fcfd77a3a44ba52ed82e02dee2171f81d54
,,,冗余三元组,1.0,36.0,涉及,extraction,74acc40ab669e870e70aea4357aee0f96da0e727b95126c4d5fc55df050ed2db
,,,冗余三元组,9.0,3.0,是,extraction,0ec99e7cb6f44635fcabc5bf332037bea07b228f7b51753076ef1e8382984bc4
,,,冗余三元组,10.0,11.0,是,extraction,44a8fa7ea54ec2e41111a4f5dc6a9811dee8aa3aa19fb306f9177dfc86a9aea9
,,,冗余三元组,12.0,11.0,是,extraction,54710bbec3ca077fe79c80e1e95ea28a843633289f5bc6efe6abea14f6118623
,,,冗余三元组,13.0,29.0,是,extraction,ffa30b4f3216d3a8f56030cb4d33517361b4979ec19a58b4d3a546e9f0b38bdc
,,,冗余三元组,1.0,60.0,涉及领域,extraction,25fe9bcaeb7e004a7f7cb1fcb4d291c2a96c608fd8ff4641bee8109287b07717
,,,冗余三元组,3.0,1.0,权力类型,extraction,63bb5d4e71e6267d4835ef9479c9ff86b0b3ef916f5e6075b1750ed13e17cad3
,,,冗余三元组,25.0,1.0,行驶主体,extraction,f8d14ca82df048e60e8e15e838aee0937165e7863b618cad5ab1fa07cbe6c922
,,,冗余三元组,25.0,1.0,承办机构,extraction,52233a544f4c28cfdd7e8c323198ffbcd53a5927d355c09f9eb314df01568645
,,,冗余三元组,1.0,29.0,依据,extraction,7c876ea0542c8c0bbe2bd1071fb11a2281ab201ea6a5d96c9f866fe3fc0a1ecb
,,,冗余三元组,1.0,6.0,包含,extraction,6ecdba443ab03f53034716e8a54ce606c968731dbdc7458caee09b0c462aaaba
,,,冗余三元组,9.0,3.0,是,extraction,0ec99e7cb6f44635fcabc5bf332037bea07b228f7b51753076ef1e8382984bc4
,,,冗余三元组,10.0,4.0,是,extraction,4253afef8f3fd90e1effb4068d33d5af9bf9795c98a41a591346af581d8c5b13
,,,冗余三元组,12.0,4.0,是,extraction,157789d187fc7ed7a6f770e4112d938e1669ffabeec33b64ab160620d61c286f
,,,冗余三元组,13.0,50.0,是,extraction,c041f04873201647e0b342a86dacb602d31a2f7036dbbbcb8019ba08c7818ff2
,,,冗余三元组,1.0,45.0,涉及事项,extraction,dd7fe96509b2c5c33db03e133555278b4cecbf544b6fac7dea1158a8470efe3a
,,,冗余三元组,3.0,1.0,权力类型,extraction,63bb5d4e71e6267d4835ef9479c9ff86b0b3ef916f5e6075b1750ed13e17cad3
,,,冗余三元组,22.0,3.0,行驶主体,extraction,63b889c6caaf61c3eefad202bc0e1a4344122b009d898e41612d2ce9411c9a90
,,,冗余三元组,22.0,3.0,承办机构,extraction,450ea2044227017296ffd8295e12ead624bac9ad5fb24c8dce7525315368e0fd
,,,冗余三元组,5.0,3.0,实施依据,extraction,4d26a315d3cf5e095a5f33a521cc5fcfd77a3a44ba52ed82e02dee2171f81d54
,,,冗余三元组,1.0,52.0,涉及问题,extraction,90af34399ad797a62bec9b3819dad9d64b8031065ff158d8a5f1015257e3e4dd
,,,冗余三元组,3.0,1.0,权力类型,extraction,63bb5d4e71e6267d4835ef9479c9ff86b0b3ef916f5e6075b1750ed13e17cad3
,,,冗余三元组,22.0,3.0,行驶主体,extraction,63b889c6caaf61c3eefad202bc0e1a4344122b009d898e41612d2ce9411c9a90
,,,冗余三元组,22.0,3.0,承办机构,extraction,450ea2044227017296ffd8295e12ead624bac9ad5fb24c8dce7525315368e0fd
,,,冗余三元组,37.0,3.0,实施依据,extraction,980a426a4890aa6880028a39b27563b630569c34cd3744943c728122dcc81e34
,,,冗余三元组,1.0,40.0,涉及内容,extraction,de20e85db7086358cf9286abdebf47adc291c16b26f2f272b53ee25a61196b6a
,,,冗余三元组,9.0,3.0,类型,extraction,7b4fd279b61586115fa2987e2d0371238853c4f6f63e89d0b451e4237f492a37
,,,冗余三元组,13.0,35.0,依据,extraction,3ac4350e034d8b7ecd0693f5bf55f942a288d183693ea11c4bd20840b0e18d24
,,,冗余三元组,1.0,30.0,涉及,extraction,f791f6ad50cca9a9432e1d95b6ef54bd1b64b5eb692d18dc2f430e81dd5537c2
,,,冗余三元组,9.0,3.0,是,extraction,0ec99e7cb6f44635fcabc5bf332037bea07b228f7b51753076ef1e8382984bc4
,,,冗余三元组,10.0,38.0,是,extraction,b756eb5995473eefcaf0d5b4fb891f9eb9190e7e7f446761eaff99790520dd98
,,,冗余三元组,12.0,38.0,是,extraction,76d05d01998cae971c559874b8df42b2445eeafc6d81c360c7aecdbaf38c3f00
,,,冗余三元组,13.0,35.0,是,extraction,bdb6ae948fcb734a09a70e6199e73c6b4e1ee8988d36d946e8376162542ec754
,,,冗余三元组,1.0,40.0,涉及内容,extraction,de20e85db7086358cf9286abdebf47adc291c16b26f2f272b53ee25a61196b6a
,,,冗余三元组,9.0,3.0,类型,extraction,7b4fd279b61586115fa2987e2d0371238853c4f6f63e89d0b451e4237f492a37
,,,冗余三元组,38.0,1.0,行驶主体,extraction,d0e87a0daf3bc1ed7bad39f66dc6d8ee74064b05fe94192417c8b6e3e4cd53a9
,,,冗余三元组,38.0,1.0,承办机构,extraction,b14641014ea8d3db9ba04ac2bb249443dd5f26425e740d86371e870ef2d4a84a
,,,冗余三元组,1.0,23.0,依据,extraction,0c4e2a2eed4772431ff0a6f635bec43d213b808cd3ebb9e90f0dd418ba282cb2
,,,冗余三元组,1.0,30.0,涉及,extraction,f791f6ad50cca9a9432e1d95b6ef54bd1b64b5eb692d18dc2f430e81dd5537c2
,,,冗余三元组,9.0,3.0,是,extraction,0ec99e7cb6f44635fcabc5bf332037bea07b228f7b51753076ef1e8382984bc4
,,,冗余三元组,10.0,25.0,为,extraction,14eb8cd0d77ed5391b9d37dc27fe68abd7670df3ba47dcd28eb6861f63d38e07
,,,冗余三元组,12.0,25.0,为,extraction,95495f064660a3f109251dafe2c267d79bb3d759704576cd0f4930aedae02db4
,,,冗余三元组,13.0,29.0,是,extraction,ffa30b4f3216d3a8f56030cb4d33517361b4979ec19a58b4d3a546e9f0b38bdc
,,,冗余三元组,1.0,17.0,涉及事项,extraction,26e5b368d0569ae2cd1db86e58c1825b9d075b33fb779749f2c6991aaf9b42eb
,,,冗余三元组,3.0,1.0,权力类型,extraction,63bb5d4e71e6267d4835ef9479c9ff86b0b3ef916f5e6075b1750ed13e17cad3
,,,冗余三元组,11.0,3.0,行驶主体,extraction,252ebc8fde2836f7eae5a791df687860076241cf808bc99e0fd167f0ea262cd9
,,,冗余三元组,11.0,3.0,承办机构,extraction,e3339b884b62824a3b8679c646ddcca5b0bd6ecf6ec75f8d8629aa2e9b31a33c
,,,冗余三元组,3.0,20.0,实施依据,extraction,904d9893c432b7f5610334c63d7c55767465e2c831a2b7963a6b4bed774952e6
,,,冗余三元组,1.0,47.0,涉及事项,extraction,410fd6754fd95d077ef04ff964ec4dd009afe4ed77694bf6c52b18682d5b8662
,,,冗余三元组,3.0,1.0,权力类型,extraction,63bb5d4e71e6267d4835ef9479c9ff86b0b3ef916f5e6075b1750ed13e17cad3
,,,冗余三元组,38.0,1.0,行驶主体,extraction,d0e87a0daf3bc1ed7bad39f66dc6d8ee74064b05fe94192417c8b6e3e4cd53a9
,,,冗余三元组,38.0,1.0,承办机构,extraction,b14641014ea8d3db9ba04ac2bb249443dd5f26425e740d86371e870ef2d4a84a
,,,冗余三元组,1.0,61.0,依据,extraction,5e6ea6d02b5ab83f1d23705347ee800e957a409a66bf963b37943f8f33137958
,,,冗余三元组,1.0,2.0,涉及事项,extraction,45a6b5e9b7acaaf964d4ba55ee382735953a50be79b9c5a63cfd56f3bfaa98e9
,,,冗余三元组,3.0,1.0,权力类型,extraction,63bb5d4e71e6267d4835ef9479c9ff86b0b3ef916f5e6075b1750ed13e17cad3
,,,冗余三元组,44.0,1.0,行驶主体,extraction,5aa5bd754001b528942d9ff1cf92c0dac3eea5408ae1a3ad1be7b48dd6ad7bc6
,,,冗余三元组,44.0,1.0,承办机构,extraction,fe869ebaf0ddd080462b050806e1c882e39322a3f98c8d4b29b1d043af63148d
,,,冗余三元组,7.0,1.0,实施依据,extraction,d17adc34c7caa96f27afae806386689e2bb5cbc06ad807b8af9e91dbe53a1682
,,,冗余三元组,1.0,8.0,涉及内容,extraction,d02de960772b95844ead284f303c0cc0a431bb9e9d2e2a9acb00d12d4b09753a
,,,冗余三元组,9.0,3.0,是,extraction,0ec99e7cb6f44635fcabc5bf332037bea07b228f7b51753076ef1e8382984bc4
,,,冗余三元组,10.0,22.0,是,extraction,5a0b03998ab865a9402789a91f83ce5e2c3e8b9dc624370864b73747e8ad330a
,,,冗余三元组,12.0,22.0,是,extraction,51b7578f6e3f4d6aa73a569f8dfc21fce38f169c0202a35f222c3aebbfe18ce9
,,,冗余三元组,13.0,37.0,是,extraction,11ad231736d8e934254b836f208f0b302e4d9e38c23214e2036235899cb04fe6
,,,冗余三元组,1.0,28.0,涉及内容,extraction,ac3ee725f8a339f9fbd2a7028b68d899a9b8e5be581c35045e4b8bfb3dc079c3
,,,冗余三元组,3.0,1.0,权力类型,extraction,63bb5d4e71e6267d4835ef9479c9ff86b0b3ef916f5e6075b1750ed13e17cad3
,,,冗余三元组,32.0,1.0,行驶主体,extraction,f3ae7eebff4e3460421e23abeef0b3052dd9a3dcfbd1f44a03d027eeb1801b4f
,,,冗余三元组,32.0,1.0,承办机构,extraction,931cafd24efaf97775db66b22a04ccc10ef5b34c9f1550f1c6e447e2887940db
,,,冗余三元组,37.0,1.0,实施依据,extraction,09d255701213a5f1fc35300e57fc286072af9b281e8b6176db074a855aa6f1c9
,,,冗余三元组,1.0,24.0,基于,extraction,a5276488a9604d9649d8bacd34b068a0005e4d755aa469a2a15794604500ae4d
,,,冗余三元组,16.0,3.0,执行,extraction,a806fa1fb968dc85561080bb9bc13455d517a2706605e3b4e4422b831904a52b
,,,冗余三元组,16.0,10.0,是,extraction,0676f80814a944f0133efe570d87a4210481e5da6dd1982bbdd57d1a6f69161c
,,,冗余三元组,16.0,12.0,担任,extraction,3528b33a7591deb0defec9e91026e4baa428db6c118ff586a500e5c44b57e13d
,,,冗余三元组,43.0,13.0,是,extraction,3d688af1e378eadbf05b930d14b5f5f3ead53233ac28a10560808629eb668e8b
,,,冗余三元组,1.0,46.0,涉及方面,extraction,5808f972045d2d3180337084564f289f064635012876034d34956100a2ebe466
,,,冗余三元组,9.0,3.0,类型,extraction,7b4fd279b61586115fa2987e2d0371238853c4f6f63e89d0b451e4237f492a37
,,,冗余三元组,10.0,22.0,为,extraction,1a97657648cf85daf9577b8f97db471a103398604acad7e49b5c9e5312315e6e
,,,冗余三元组,12.0,22.0,为,extraction,01d72a5fabeb49cad4036597626c1d026038537027330c5f333061113111547f
,,,冗余三元组,13.0,33.0,来自,extraction,545952913b069f9385d3713585055facc0364a83759ff02bb6031c1a0a7ba415
,,,冗余三元组,1.0,18.0,服务事项,extraction,a10e56d06e93403194a7f15c758eeb0a2a28d56e4af8f272bdf40e692373e455
,,,冗余三元组,3.0,1.0,权力类型,extraction,63bb5d4e71e6267d4835ef9479c9ff86b0b3ef916f5e6075b1750ed13e17cad3
,,,冗余三元组,26.0,1.0,行驶主体,extraction,c02b72a8d8a1775ff7e7978594abd6b5422b51c7c4fffd7eac711ff69bf88a97
,,,冗余三元组,26.0,1.0,承办机构,extraction,69ebaebdf045cea8cb77aa5e448d960f3c2e8a6fbe335676bbabaa00d3c918e5
,,,冗余三元组,20.0,1.0,实施依据,extraction,fa879230d50cba26fe3e25fda133ad3500d518880a888364d68f6f0c8fcf6adf
,,,冗余三元组,1.0,51.0,包含行为,extraction,f8a8dc8a03ea22f0c99fcbd7990d1f03fe9b84cf3f283d29a67c08ec33604bcb
,,,冗余三元组,9.0,3.0,是,extraction,0ec99e7cb6f44635fcabc5bf332037bea07b228f7b51753076ef1e8382984bc4
,,,冗余三元组,10.0,38.0,是,extraction,b756eb5995473eefcaf0d5b4fb891f9eb9190e7e7f446761eaff99790520dd98
,,,冗余三元组,12.0,38.0,是,extraction,76d05d01998cae971c559874b8df42b2445eeafc6d81c360c7aecdbaf38c3f00
,,,冗余三元组,13.0,14.0,是,extraction,bfbeedc7e6daf4f851060b875d14b5b7c1dab5b695356d4176fd018de0894ae2
,,,冗余三元组,1.0,36.0,涉及,extraction,74acc40ab669e870e70aea4357aee0f96da0e727b95126c4d5fc55df050ed2db
,,,冗余三元组,9.0,3.0,是,extraction,0ec99e7cb6f44635fcabc5bf332037bea07b228f7b51753076ef1e8382984bc4
,,,冗余三元组,10.0,4.0,是,extraction,4253afef8f3fd90e1effb4068d33d5af9bf9795c98a41a591346af581d8c5b13
,,,冗余三元组,12.0,4.0,是,extraction,157789d187fc7ed7a6f770e4112d938e1669ffabeec33b64ab160620d61c286f
,,,冗余三元组,13.0,7.0,是,extraction,5173b273e53a3712e9a749ca6cf7b8e8d3b7641db772c202823ccb26f6087587
,,,冗余三元组,1.0,52.0,涉及问题,extraction,90af34399ad797a62bec9b3819dad9d64b8031065ff158d8a5f1015257e3e4dd
,,,冗余三元组,3.0,1.0,权力类型,extraction,63bb5d4e71e6267d4835ef9479c9ff86b0b3ef916f5e6075b1750ed13e17cad3
,,,冗余三元组,44.0,3.0,行驶主体,extraction,5a54a852e46cf955056cfb470e35ee0ab596f12cadf4d4250f92e1854d40d0fb
,,,冗余三元组,44.0,3.0,承办机构,extraction,26be69caa0923ff59e399351f5a7dbfb94533ccfbecefd9b8cd69f55e191c14d
,,,冗余三元组,3.0,27.0,实施依据,extraction,08aa495db9cd9ee452e70897eaea7e39a8a5792390c444d664c61da73440f37e
,,,冗余三元组,1.0,42.0,涉及事项,extraction,6fa1fbc925e7b9f7909377c8fdb4e224f49dc4ac4ecc0317653a80654e14e7bc
,,,冗余三元组,3.0,1.0,权力类型,extraction,63bb5d4e71e6267d4835ef9479c9ff86b0b3ef916f5e6075b1750ed13e17cad3
,,,冗余三元组,4.0,3.0,行驶主体,extraction,65bd830d3a69c947ab33e8bccf4d7c9239947243f009a12164fa2b3d4defa4e5
,,,冗余三元组,4.0,3.0,承办机构,extraction,552f0352c4383de1ccdd6574c3a3cf1febf987d93f20f8b4d8f312f665277ccd
,,,冗余三元组,7.0,3.0,实施依据,extraction,f19e34325be413dc5e6bb80be003b66e02159d7f79ced0a5e8ba8a58d7125e15
,,,冗余三元组,1.0,53.0,涉及事项,extraction,f0541f7d0c2d3d04c56da88a6bc6ad2f2baea1220b292ed6fa4bf4744fe4e698
,,,冗余三元组,9.0,3.0,是,extraction,0ec99e7cb6f44635fcabc5bf332037bea07b228f7b51753076ef1e8382984bc4
,,,冗余三元组,10.0,22.0,是,extraction,5a0b03998ab865a9402789a91f83ce5e2c3e8b9dc624370864b73747e8ad330a
,,,冗余三元组,12.0,22.0,是,extraction,51b7578f6e3f4d6aa73a569f8dfc21fce38f169c0202a35f222c3aebbfe18ce9
,,,冗余三元组,13.0,5.0,是,extraction,507348e0a400849c992ed3d4db941f51b877314c064a446d1a19df892d7a6f73
,,,冗余三元组,1.0,21.0,包含,extraction,635d1027165abbabe82fa63c66c6183ad9893b0e011f20d0b6ad30d71c05ec2a
,,,冗余三元组,9.0,3.0,是,extraction,0ec99e7cb6f44635fcabc5bf332037bea07b228f7b51753076ef1e8382984bc4
,,,冗余三元组,10.0,41.0,是,extraction,6f83ced92a9691e5e14cc19bb1bc5463d86dfecb7bda23ec44eab17a27bf9ae5
,,,冗余三元组,12.0,41.0,是,extraction,a4b1a3ff2483dfe0fabc0a44c0aa6f73e99b87cf7ec502667cce0dc30a67f7b2
,,,冗余三元组,13.0,27.0,是,extraction,b6eab7714fb673bef9d283a76736709544e272990472859dc282d706a47931e5
,,,冗余三元组,1.0,48.0,涉及内容,extraction,c90c36bc34d7f04fedfc793b0376221c7073cfdcfd8648ced932e92d2e837f7a
,,,冗余三元组,3.0,1.0,权力类型,extraction,63bb5d4e71e6267d4835ef9479c9ff86b0b3ef916f5e6075b1750ed13e17cad3
,,,冗余三元组,44.0,1.0,行驶主体,extraction,5aa5bd754001b528942d9ff1cf92c0dac3eea5408ae1a3ad1be7b48dd6ad7bc6
,,,冗余三元组,44.0,1.0,承办机构,extraction,fe869ebaf0ddd080462b050806e1c882e39322a3f98c8d4b29b1d043af63148d
,,,冗余三元组,1.0,23.0,依据,extraction,0c4e2a2eed4772431ff0a6f635bec43d213b808cd3ebb9e90f0dd418ba282cb2
,,,冗余三元组,1.0,17.0,涉及事项,extraction,26e5b368d0569ae2cd1db86e58c1825b9d075b33fb779749f2c6991aaf9b42eb
,,,冗余三元组,3.0,1.0,权力类型,extraction,63bb5d4e71e6267d4835ef9479c9ff86b0b3ef916f5e6075b1750ed13e17cad3
,,,冗余三元组,26.0,3.0,行驶主体,extraction,53a6aecb0cb919674eb601d3ca9bfb3e1cd8021d0c2b4edaea1103f12ff5d1fa
,,,冗余三元组,26.0,3.0,承办机构,extraction,09f29ebed328eaaeac44ee7d9b0d8d8b248964f2da25bc454213eb1f6ed1c65b
,,,冗余三元组,3.0,5.0,实施依据,extraction,300e1a74feeba098ae7f4718aa129d394916387a593e134f982cc13f2bfa406f
,,,冗余三元组,1.0,15.0,包含行为,extraction,50889e3cad3a2af3fe5c788cdd352c4e79a5e965367902c33f7b1eab2a878616
,,,冗余三元组,9.0,3.0,是,extraction,0ec99e7cb6f44635fcabc5bf332037bea07b228f7b51753076ef1e8382984bc4
,,,冗余三元组,10.0,22.0,是,extraction,5a0b03998ab865a9402789a91f83ce5e2c3e8b9dc624370864b73747e8ad330a
,,,冗余三元组,12.0,22.0,是,extraction,51b7578f6e3f4d6aa73a569f8dfc21fce38f169c0202a35f222c3aebbfe18ce9
,,,冗余三元组,13.0,43.0,是,extraction,ade982e693329bd738b2be4fef11a25c3536423672e3d1c585cae98131a035d0
,,,冗余三元组,1.0,6.0,涉及事项,extraction,63ed056176a358e5141eeb94299bb1cc5c1ba655d4c97bdb0e998157b41cd7a5
,,,冗余三元组,3.0,1.0,权力类型,extraction,63bb5d4e71e6267d4835ef9479c9ff86b0b3ef916f5e6075b1750ed13e17cad3
,,,冗余三元组,4.0,3.0,行驶主体,extraction,65bd830d3a69c947ab33e8bccf4d7c9239947243f009a12164fa2b3d4defa4e5
,,,冗余三元组,4.0,3.0,承办机构,extraction,552f0352c4383de1ccdd6574c3a3cf1febf987d93f20f8b4d8f312f665277ccd
,,,冗余三元组,29.0,3.0,实施依据,extraction,cd40df6a540917691517a57a5b1cf5b96661ca5fb5dc29fae67c4de0bc29abf0
,,,冗余三元组,1.0,47.0,服务事项,extraction,b33592c1f30e39df0401c77d218134fb8abddfd7e8dbdedb52818471c5201bf4
,,,冗余三元组,3.0,1.0,权力类型,extraction,63bb5d4e71e6267d4835ef9479c9ff86b0b3ef916f5e6075b1750ed13e17cad3
,,,冗余三元组,22.0,1.0,行驶主体,extraction,51b40b4c4f91240a5d323aaa57fa14fc575345cbc5dfbd5960fee3546a9d8c6c
,,,冗余三元组,22.0,1.0,承办机构,extraction,9c49a1220338386706f2952f161469c3bd5f784a5b99fbb95a8b8222c52b3a33
,,,冗余三元组,35.0,1.0,实施依据,extraction,c2160bc37901fdb446bacf457f42f5af556fdcd5b45c0e99b283102cca9bc468
,,,冗余三元组,1.0,40.0,涉及内容,extraction,de20e85db7086358cf9286abdebf47adc291c16b26f2f272b53ee25a61196b6a
,,,冗余三元组,3.0,1.0,权力类型,extraction,63bb5d4e71e6267d4835ef9479c9ff86b0b3ef916f5e6075b1750ed13e17cad3
,,,冗余三元组,4.0,1.0,行驶主体,extraction,76853b7863ac80a3aad594a1104aa5b967a97525e8a2a9def28eeeebf43e4bab
,,,冗余三元组,4.0,1.0,承办机构,extraction,f7483722370a3db6cc6e9698d7f621113a7fe751bca6b181a1961b22639e7ed3
,,,冗余三元组,1.0,14.0,依据,extraction,ef634f9e84afb4ebf494e22553b15ac7b1fbc49e61d65588899d98c77fee67fd
,,,冗余三元组,1.0,45.0,涉及事项,extraction,dd7fe96509b2c5c33db03e133555278b4cecbf544b6fac7dea1158a8470efe3a
,,,冗余三元组,3.0,1.0,权力类型,extraction,63bb5d4e71e6267d4835ef9479c9ff86b0b3ef916f5e6075b1750ed13e17cad3
,,,冗余三元组,4.0,3.0,行驶主体,extraction,65bd830d3a69c947ab33e8bccf4d7c9239947243f009a12164fa2b3d4defa4e5
,,,冗余三元组,4.0,3.0,承办机构,extraction,552f0352c4383de1ccdd6574c3a3cf1febf987d93f20f8b4d8f312f665277ccd
,,,冗余三元组,23.0,3.0,实施依据,extraction,365a514488858a29239444ea6807697216abe5039811b8ff6d729d3df6958386
,,,冗余三元组,1.0,53.0,涉及事项,extraction,f0541f7d0c2d3d04c56da88a6bc6ad2f2baea1220b292ed6fa4bf4744fe4e698
,,,冗余三元组,3.0,1.0,权力类型,extraction,63bb5d4e71e6267d4835ef9479c9ff86b0b3ef916f5e6075b1750ed13e17cad3
,,,冗余三元组,38.0,3.0,行驶主体,extraction,09efeab994a6d0a0d2474408b9050a4299990ea94ef2b0fd3b3f3c42b80c1d00
,,,冗余三元组,38.0,3.0,承办机构,extraction,3ffeb2c635f8eac91bfd409e9ffa26f73bbf4f4bb174d1a1c0cfa1334e723247
,,,冗余三元组,3.0,29.0,依据,extraction,a4e285f62c9a15615bc621d01111867d9f8bbe887031da0d38230fc1de28193d
,,,冗余三元组,1.0,58.0,涉及违规行为,extraction,ad709b40bc3717f9a547f63781a4aa8a97f03587e7e4049ed6fbfa654134740c
,,,冗余三元组,32.0,32.0,承办机构,extraction,911adfffd05806263bf58b0d02a29a83b098803ea7bdf542e61063696f391749
,,,冗余三元组,32.0,33.0,实施依据,extraction,14fad465ac47dcd2c5e59308da34d264e9cffee08a049bde1e9a648f1adb6bc2
,,,冗余三元组,1.0,55.0,涉及方面,extraction,5ee3a47a13dc675638470604b07e57a50fdeaeedeade9769ce1a62338490e202
,,,冗余三元组,9.0,3.0,类型,extraction,7b4fd279b61586115fa2987e2d0371238853c4f6f63e89d0b451e4237f492a37
,,,冗余三元组,10.0,41.0,是,extraction,6f83ced92a9691e5e14cc19bb1bc5463d86dfecb7bda23ec44eab17a27bf9ae5
,,,冗余三元组,12.0,41.0,是,extraction,a4b1a3ff2483dfe0fabc0a44c0aa6f73e99b87cf7ec502667cce0dc30a67f7b2
,,,冗余三元组,13.0,35.0,依据,extraction,3ac4350e034d8b7ecd0693f5bf55f942a288d183693ea11c4bd20840b0e18d24
,,,冗余三元组,1.0,21.0,涉及事项,extraction,0a433d3a8a6d42707a6860cb7ccfba1dc2a30b36a2fa0923ae9369f78d45f2bd
,,,冗余三元组,3.0,9.0,属于,extraction,e243beb6cddf62185b7e7ffcf414a9105a2c5a93a0690b193f72c7a37fa3b5ca
,,,冗余三元组,41.0,10.0,是,extraction,13174a20288cb82a8ad6ce9f7332df7553cd0404ac13c0bbc120c032408c5fe3
,,,冗余三元组,41.0,12.0,是,extraction,fad70d47d35873d476ecd9b8502513e72a366a3a7f904b2d994765aedc16758b
,,,冗余三元组,50.0,13.0,是,extraction,ce11cdb1181e2a79cb2037628e942fd50f0ec6f002c8d28ef1f4fed8381a833d
,,,冗余三元组,1.0,19.0,涉及内容,extraction,e667158a34c5290413d6959d0281c37377fbc946202a479c446b6afeb89e2126
,,,冗余三元组,9.0,3.0,类型,extraction,7b4fd279b61586115fa2987e2d0371238853c4f6f63e89d0b451e4237f492a37
,,,冗余三元组,10.0,22.0,为,extraction,1a97657648cf85daf9577b8f97db471a103398604acad7e49b5c9e5312315e6e
,,,冗余三元组,12.0,22.0,为,extraction,01d72a5fabeb49cad4036597626c1d026038537027330c5f333061113111547f
,,,冗余三元组,13.0,7.0,依据,extraction,d4864a965000ee9dd6917b548bc6febdc16cd42bc472be9753ea85f92086c014
,,,冗余三元组,1.0,21.0,包含,extraction,635d1027165abbabe82fa63c66c6183ad9893b0e011f20d0b6ad30d71c05ec2a
,,,冗余三元组,9.0,3.0,是,extraction,0ec99e7cb6f44635fcabc5bf332037bea07b228f7b51753076ef1e8382984bc4
,,,冗余三元组,10.0,44.0,为,extraction,69112bdc2b4df8b11750d6f8d72b164b25e2c2af650527da381d1fef1854d09e
,,,冗余三元组,12.0,44.0,为,extraction,789557af73d2a9d31fa03e49ed15b2040e4d5acce57b1e0e7392f07dd6641f18
,,,冗余三元组,13.0,27.0,是,extraction,b6eab7714fb673bef9d283a76736709544e272990472859dc282d706a47931e5
,,,冗余三元组,1.0,17.0,涉及事项,extraction,26e5b368d0569ae2cd1db86e58c1825b9d075b33fb779749f2c6991aaf9b42eb
,,,冗余三元组,16.0,1.0,行驶主体,extraction,2388221cee7d1ae0ed5be74dbb33fa91b57a06cfae883cc5c2262bfb048b5c48
,,,冗余三元组,16.0,1.0,承办机构,extraction,7da0b9c5ea5b9311256b7bcb955ba7fe507e79fd9fe407e277e1c4de0e1d453e
,,,冗余三元组,1.0,5.0,依据,extraction,1ea7450430c6e25edf81e6ecf2f8dbbbbd3c1ca33319839a0f1c3459a61d2b2e
,,,冗余三元组,1.0,62.0,基于,extraction,107e1bb0950b774ff9f05ec19639e02422cf10def6be35db13c2495e5a4effe2
,,,冗余三元组,9.0,3.0,是,extraction,0ec99e7cb6f44635fcabc5bf332037bea07b228f7b51753076ef1e8382984bc4
,,,冗余三元组,10.0,26.0,是,extraction,89fbb5ae30c6220e41f165591e4df027877c140a72033fe0680e44206164aa17
,,,冗余三元组,12.0,26.0,是,extraction,a3817cab3fccbfd1b94576c85b68cfb0ff0511791fe7ada5dd7c10500502e531
,,,冗余三元组,13.0,20.0,是,extraction,f536065857d8cffb8690029d0de8e595064374e0e38deb823e625bf375f96c61
,,,冗余三元组,1.0,34.0,包含,extraction,55e4afabf77afe2a5eab9a2e4e01194c0b9b6c241104b977092e714b9c92562f
,,,冗余三元组,9.0,3.0,是,extraction,0ec99e7cb6f44635fcabc5bf332037bea07b228f7b51753076ef1e8382984bc4
,,,冗余三元组,10.0,41.0,为,extraction,28521ddcfbcdc9bf555c544f9ffedc4f6916f361d04d3b7fc73bf53600a847fc
,,,冗余三元组,12.0,41.0,为,extraction,7ca35468b51f857f9340e1ae58c7560d960329fb74fc4d3211c8f9c490e143fe
,,,冗余三元组,13.0,23.0,是,extraction,a809901cb1266f3034f5251cd5e201f3ce63e484f49bb7e202066cafcce8d4b1
,,,冗余三元组,1.0,19.0,涉及行为,extraction,7f240590f2a7da25c488c633d39a09a722fedca13693b57fc75c819db158f3af
,,,冗余三元组,3.0,1.0,权力类型,extraction,63bb5d4e71e6267d4835ef9479c9ff86b0b3ef916f5e6075b1750ed13e17cad3
,,,冗余三元组,44.0,1.0,行驶主体,extraction,5aa5bd754001b528942d9ff1cf92c0dac3eea5408ae1a3ad1be7b48dd6ad7bc6
,,,冗余三元组,44.0,1.0,承办机构,extraction,fe869ebaf0ddd080462b050806e1c882e39322a3f98c8d4b29b1d043af63148d
,,,冗余三元组,1.0,23.0,依据,extraction,0c4e2a2eed4772431ff0a6f635bec43d213b808cd3ebb9e90f0dd418ba282cb2
,,,冗余三元组,1.0,53.0,服务事项,extraction,6e3e1be22725db07cbda085e898d35471ffc4e71289552d4108ae311195e776c
,,,冗余三元组,3.0,1.0,权力类型,extraction,63bb5d4e71e6267d4835ef9479c9ff86b0b3ef916f5e6075b1750ed13e17cad3
,,,冗余三元组,32.0,1.0,行驶主体,extraction,f3ae7eebff4e3460421e23abeef0b3052dd9a3dcfbd1f44a03d027eeb1801b4f
,,,冗余三元组,32.0,1.0,承办机构,extraction,931cafd24efaf97775db66b22a04ccc10ef5b34c9f1550f1c6e447e2887940db
,,,冗余三元组,5.0,1.0,实施依据,extraction,746c20bbe85a6c741c868997cbc091c7eddeafc57e2839c0cc9ba4fd6c55ad73
,,,冗余三元组,1.0,42.0,涉及事项,extraction,6fa1fbc925e7b9f7909377c8fdb4e224f49dc4ac4ecc0317653a80654e14e7bc
,,,冗余三元组,3.0,1.0,权力类型,extraction,63bb5d4e71e6267d4835ef9479c9ff86b0b3ef916f5e6075b1750ed13e17cad3
,,,冗余三元组,4.0,3.0,行驶主体,extraction,65bd830d3a69c947ab33e8bccf4d7c9239947243f009a12164fa2b3d4defa4e5
,,,冗余三元组,4.0,3.0,承办机构,extraction,552f0352c4383de1ccdd6574c3a3cf1febf987d93f20f8b4d8f312f665277ccd
,,,冗余三元组,7.0,3.0,实施依据,extraction,f19e34325be413dc5e6bb80be003b66e02159d7f79ced0a5e8ba8a58d7125e15
,,,冗余三元组,1.0,21.0,包含,extraction,635d1027165abbabe82fa63c66c6183ad9893b0e011f20d0b6ad30d71c05ec2a
,,,冗余三元组,9.0,3.0,是,extraction,0ec99e7cb6f44635fcabc5bf332037bea07b228f7b51753076ef1e8382984bc4
,,,冗余三元组,10.0,4.0,为,extraction,028a00dbaebf405e668aeae0a4f021cf2c7ac9e7b35a17a14f5ccf9326d18806
,,,冗余三元组,12.0,4.0,为,extraction,8d1cae0c1732d8c60594c37aacd06e9ae606896190807a3295cf427026057a55
,,,冗余三元组,13.0,50.0,是,extraction,c041f04873201647e0b342a86dacb602d31a2f7036dbbbcb8019ba08c7818ff2
,,,冗余三元组,1.0,2.0,涉及事项,extraction,45a6b5e9b7acaaf964d4ba55ee382735953a50be79b9c5a63cfd56f3bfaa98e9
,,,冗余三元组,11.0,1.0,行驶主体,extraction,50e598b1826c6a6e16cbb761d7126c8286dd306ea8aefdffee154cbb615a866b
,,,冗余三元组,11.0,1.0,承办机构,extraction,ecacee85e506b895bb6ef636499570c58825c04c2655e0f358383dd8770dbffa
,,,冗余三元组,1.0,20.0,实施依据,extraction,9583485e7c5313414eee8da478484ca22765513065c2129cbcfee14a2b57b3d7
,,,冗余三元组,1.0,60.0,涉及领域,extraction,25fe9bcaeb7e004a7f7cb1fcb4d291c2a96c608fd8ff4641bee8109287b07717
,,,冗余三元组,22.0,22.0,行驶主体,extraction,ea514dce437d76e89b3fa59071aafb2f1a77f9b4650cd943de730b79d7484854
,,,冗余三元组,22.0,22.0,承办机构,extraction,c26bdc333007524d45848b23cd157a7888dcd66080cd02562078a2e4976bc46c
,,,冗余三元组,1.0,53.0,涉及事项,extraction,f0541f7d0c2d3d04c56da88a6bc6ad2f2baea1220b292ed6fa4bf4744fe4e698
,,,冗余三元组,3.0,1.0,权力类型,extraction,63bb5d4e71e6267d4835ef9479c9ff86b0b3ef916f5e6075b1750ed13e17cad3
,,,冗余三元组,26.0,3.0,行驶主体,extraction,53a6aecb0cb919674eb601d3ca9bfb3e1cd8021d0c2b4edaea1103f12ff5d1fa
,,,冗余三元组,26.0,3.0,承办机构,extraction,09f29ebed328eaaeac44ee7d9b0d8d8b248964f2da25bc454213eb1f6ed1c65b
,,,冗余三元组,37.0,3.0,实施依据,extraction,980a426a4890aa6880028a39b27563b630569c34cd3744943c728122dcc81e34
,,,冗余三元组,39.0,1.0,是,extraction,38e1d37380a7519608b7025690633256c2d7865eeeda60653fee8757d9e4afaf
,,,冗余三元组,1.0,40.0,包含,extraction,1210a34215a9f1d268a7fdec9665e7afedf2c960bf0be97d698e7bf44f4ad33c
,,,冗余三元组,9.0,3.0,是,extraction,0ec99e7cb6f44635fcabc5bf332037bea07b228f7b51753076ef1e8382984bc4
,,,冗余三元组,10.0,41.0,是,extraction,6f83ced92a9691e5e14cc19bb1bc5463d86dfecb7bda23ec44eab17a27bf9ae5
,,,冗余三元组,12.0,41.0,是,extraction,a4b1a3ff2483dfe0fabc0a44c0aa6f73e99b87cf7ec502667cce0dc30a67f7b2
,,,冗余三元组,13.0,27.0,是,extraction,b6eab7714fb673bef9d283a76736709544e272990472859dc282d706a47931e5
,,,冗余三元组,39.0,1.0,是,extraction,38e1d37380a7519608b7025690633256c2d7865eeeda60653fee8757d9e4afaf
,,,冗余三元组,1.0,52.0,涉及问题,extraction,90af34399ad797a62bec9b3819dad9d64b8031065ff158d8a5f1015257e3e4dd
,,,冗余三元组,9.0,3.0,是,extraction,0ec99e7cb6f44635fcabc5bf332037bea07b228f7b51753076ef1e8382984bc4
,,,冗余三元组,10.0,25.0,是,extraction,ad542489db79b38432a47864e6f61070ea6042115797987a3bcdb2baca19bebf
,,,冗余三元组,12.0,25.0,是,extraction,dc4ae0749038f60cf9a543d11bdbb3655270d3f1168c53408b231865a3b78a64
,,,冗余三元组,13.0,29.0,是,extraction,ffa30b4f3216d3a8f56030cb4d33517361b4979ec19a58b4d3a546e9f0b38bdc
,,,冗余三元组,1.0,15.0,包含行为,extraction,50889e3cad3a2af3fe5c788cdd352c4e79a5e965367902c33f7b1eab2a878616
,,,冗余三元组,9.0,3.0,是,extraction,0ec99e7cb6f44635fcabc5bf332037bea07b228f7b51753076ef1e8382984bc4
,,,冗余三元组,10.0,22.0,是,extraction,5a0b03998ab865a9402789a91f83ce5e2c3e8b9dc624370864b73747e8ad330a
,,,冗余三元组,12.0,22.0,是,extraction,51b7578f6e3f4d6aa73a569f8dfc21fce38f169c0202a35f222c3aebbfe18ce9
,,,冗余三元组,13.0,43.0,是,extraction,ade982e693329bd738b2be4fef11a25c3536423672e3d1c585cae98131a035d0
,,,冗余三元组,1.0,19.0,涉及行为,extraction,7f240590f2a7da25c488c633d39a09a722fedca13693b57fc75c819db158f3af
,,,冗余三元组,3.0,1.0,权力类型,extraction,63bb5d4e71e6267d4835ef9479c9ff86b0b3ef916f5e6075b1750ed13e17cad3
,,,冗余三元组,38.0,1.0,行驶主体,extraction,d0e87a0daf3bc1ed7bad39f66dc6d8ee74064b05fe94192417c8b6e3e4cd53a9
,,,冗余三元组,38.0,1.0,承办机构,extraction,b14641014ea8d3db9ba04ac2bb249443dd5f26425e740d86371e870ef2d4a84a
,,,冗余三元组,1.0,43.0,依据,extraction,985b929fb66077bb8f3a9c4c874b8547a2937c0087957a49d92521a1de199bec
,,,冗余三元组,1.0,34.0,包含,extraction,55e4afabf77afe2a5eab9a2e4e01194c0b9b6c241104b977092e714b9c92562f
,,,冗余三元组,9.0,3.0,是,extraction,0ec99e7cb6f44635fcabc5bf332037bea07b228f7b51753076ef1e8382984bc4
,,,冗余三元组,10.0,22.0,是,extraction,5a0b03998ab865a9402789a91f83ce5e2c3e8b9dc624370864b73747e8ad330a
,,,冗余三元组,12.0,22.0,是,extraction,51b7578f6e3f4d6aa73a569f8dfc21fce38f169c0202a35f222c3aebbfe18ce9
,,,冗余三元组,13.0,35.0,是,extraction,bdb6ae948fcb734a09a70e6199e73c6b4e1ee8988d36d946e8376162542ec754
,,,冗余三元组,1.0,28.0,涉及内容,extraction,ac3ee725f8a339f9fbd2a7028b68d899a9b8e5be581c35045e4b8bfb3dc079c3
,,,冗余三元组,3.0,1.0,权力类型,extraction,63bb5d4e71e6267d4835ef9479c9ff86b0b3ef916f5e6075b1750ed13e17cad3
,,,冗余三元组,22.0,1.0,行驶主体,extraction,51b40b4c4f91240a5d323aaa57fa14fc575345cbc5dfbd5960fee3546a9d8c6c
,,,冗余三元组,22.0,1.0,承办机构,extraction,9c49a1220338386706f2952f161469c3bd5f784a5b99fbb95a8b8222c52b3a33
,,,冗余三元组,1.0,20.0,依据,extraction,0f755d0d76fda2f2c4d51908ebb6634a3a8c6995c4ec999f3b8214be69e62a27
,,,冗余三元组,39.0,1.0,是,extraction,38e1d37380a7519608b7025690633256c2d7865eeeda60653fee8757d9e4afaf
,,,冗余三元组,1.0,18.0,包含,extraction,995fe2b6a1cf5cfeeefec8c7b3e03ab6ed8e185658f268c2a2d3412d9fb32842
,,,冗余三元组,9.0,3.0,是,extraction,0ec99e7cb6f44635fcabc5bf332037bea07b228f7b51753076ef1e8382984bc4
,,,冗余三元组,10.0,38.0,是,extraction,b756eb5995473eefcaf0d5b4fb891f9eb9190e7e7f446761eaff99790520dd98
,,,冗余三元组,12.0,38.0,是,extraction,76d05d01998cae971c559874b8df42b2445eeafc6d81c360c7aecdbaf38c3f00
,,,冗余三元组,13.0,35.0,是,extraction,bdb6ae948fcb734a09a70e6199e73c6b4e1ee8988d36d946e8376162542ec754
,,,冗余三元组,39.0,1.0,是,extraction,38e1d37380a7519608b7025690633256c2d7865eeeda60653fee8757d9e4afaf
,,,冗余三元组,1.0,55.0,涉及问题,extraction,f2ffd7cbbde07203ef22704e812dc0c897a1f2dc5a5cc4fabb7f1bbafc6e63ed
,,,冗余三元组,9.0,3.0,是,extraction,0ec99e7cb6f44635fcabc5bf332037bea07b228f7b51753076ef1e8382984bc4
,,,冗余三元组,10.0,44.0,是,extraction,53854b14f84a4f7bcec4288babeeb93d9202a8f1247a14098e9a02982cc95640
,,,冗余三元组,12.0,44.0,是,extraction,de41cd62c11f82837c5925e3426f42630d0bc935f1a9e33489b933acda4b7831
,,,冗余三元组,13.0,37.0,是,extraction,11ad231736d8e934254b836f208f0b302e4d9e38c23214e2036235899cb04fe6
,,,冗余三元组,1.0,8.0,涉及内容,extraction,d02de960772b95844ead284f303c0cc0a431bb9e9d2e2a9acb00d12d4b09753a
,,,冗余三元组,9.0,3.0,类型,extraction,7b4fd279b61586115fa2987e2d0371238853c4f6f63e89d0b451e4237f492a37
,,,冗余三元组,32.0,1.0,行驶主体,extraction,f3ae7eebff4e3460421e23abeef0b3052dd9a3dcfbd1f44a03d027eeb1801b4f
,,,冗余三元组,32.0,1.0,承办机构,extraction,931cafd24efaf97775db66b22a04ccc10ef5b34c9f1550f1c6e447e2887940db
,,,冗余三元组,1.0,14.0,依据,extraction,ef634f9e84afb4ebf494e22553b15ac7b1fbc49e61d65588899d98c77fee67fd
,,,冗余三元组,1.0,60.0,涉及领域,extraction,25fe9bcaeb7e004a7f7cb1fcb4d291c2a96c608fd8ff4641bee8109287b07717
,,,冗余三元组,3.0,1.0,权力类型,extraction,63bb5d4e71e6267d4835ef9479c9ff86b0b3ef916f5e6075b1750ed13e17cad3
,,,冗余三元组,44.0,1.0,行驶主体,extraction,5aa5bd754001b528942d9ff1cf92c0dac3eea5408ae1a3ad1be7b48dd6ad7bc6
,,,冗余三元组,44.0,1.0,承办机构,extraction,fe869ebaf0ddd080462b050806e1c882e39322a3f98c8d4b29b1d043af63148d
,,,冗余三元组,29.0,1.0,实施依据,extraction,4d6a75557bbe9841d0be13b4e01ac6515a34345dcc24975619f43ac4561facb5
,,,冗余三元组,1.0,19.0,涉及内容,extraction,e667158a34c5290413d6959d0281c37377fbc946202a479c446b6afeb89e2126
,,,冗余三元组,9.0,3.0,类型,extraction,7b4fd279b61586115fa2987e2d0371238853c4f6f63e89d0b451e4237f492a37
,,,冗余三元组,10.0,1.0,执行,extraction,1e2e32b9c6e3c954dff7fd9c6f7e8bfcb68e53a034f5c1b51d410ebf0c67bc77
,,,冗余三元组,12.0,1.0,执行,extraction,84b5297fc7b869bbeb18d3283c78bea26e48e1c9285d11e84259c5b4cfab184b
,,,冗余三元组,13.0,57.0,依据,extraction,60e40d394cca6e021653664c9a95bff175b3323b33aa9e827dc0b702c72c487b
,,,冗余三元组,11.0,1.0,行驶主体,extraction,50e598b1826c6a6e16cbb761d7126c8286dd306ea8aefdffee154cbb615a866b
,,,冗余三元组,11.0,1.0,承办机构,extraction,ecacee85e506b895bb6ef636499570c58825c04c2655e0f358383dd8770dbffa
,,,冗余三元组,1.0,42.0,涉及事项,extraction,6fa1fbc925e7b9f7909377c8fdb4e224f49dc4ac4ecc0317653a80654e14e7bc
,,,冗余三元组,3.0,1.0,权力类型,extraction,63bb5d4e71e6267d4835ef9479c9ff86b0b3ef916f5e6075b1750ed13e17cad3
,,,冗余三元组,32.0,1.0,行驶主体,extraction,f3ae7eebff4e3460421e23abeef0b3052dd9a3dcfbd1f44a03d027eeb1801b4f
,,,冗余三元组,32.0,1.0,承办机构,extraction,931cafd24efaf97775db66b22a04ccc10ef5b34c9f1550f1c6e447e2887940db
,,,冗余三元组,35.0,1.0,实施依据,extraction,c2160bc37901fdb446bacf457f42f5af556fdcd5b45c0e99b283102cca9bc468
,,,冗余三元组,1.0,2.0,涉及事项,extraction,45a6b5e9b7acaaf964d4ba55ee382735953a50be79b9c5a63cfd56f3bfaa98e9
,,,冗余三元组,3.0,1.0,权力类型,extraction,63bb5d4e71e6267d4835ef9479c9ff86b0b3ef916f5e6075b1750ed13e17cad3
,,,冗余三元组,4.0,3.0,行驶主体,extraction,65bd830d3a69c947ab33e8bccf4d7c9239947243f009a12164fa2b3d4defa4e5
,,,冗余三元组,4.0,3.0,承办机构,extraction,552f0352c4383de1ccdd6574c3a3cf1febf987d93f20f8b4d8f312f665277ccd
,,,冗余三元组,35.0,3.0,实施依据,extraction,b624cc26441dfe817af4e1eb453814a9cb80441634853b422b6c75adb5478d0b
,,,冗余三元组,1.0,28.0,涉及内容,extraction,ac3ee725f8a339f9fbd2a7028b68d899a9b8e5be581c35045e4b8bfb3dc079c3
,,,冗余三元组,3.0,1.0,权力类型,extraction,63bb5d4e71e6267d4835ef9479c9ff86b0b3ef916f5e6075b1750ed13e17cad3
,,,冗余三元组,44.0,1.0,行驶主体,extraction,5aa5bd754001b528942d9ff1cf92c0dac3eea5408ae1a3ad1be7b48dd6ad7bc6
,,,冗余三元组,44.0,1.0,承办机构,extraction,fe869ebaf0ddd080462b050806e1c882e39322a3f98c8d4b29b1d043af63148d
,,,冗余三元组,1.0,29.0,依据,extraction,7c876ea0542c8c0bbe2bd1071fb11a2281ab201ea6a5d96c9f866fe3fc0a1ecb
,,,冗余三元组,39.0,1.0,是,extraction,38e1d37380a7519608b7025690633256c2d7865eeeda60653fee8757d9e4afaf
,,,冗余三元组,1.0,53.0,包括,extraction,1381a6fba20dceee35da6a7e780388847a73a5c6c53d663717205383f4784027
,,,冗余三元组,9.0,3.0,是,extraction,0ec99e7cb6f44635fcabc5bf332037bea07b228f7b51753076ef1e8382984bc4
,,,冗余三元组,10.0,25.0,是,extraction,ad542489db79b38432a47864e6f61070ea6042115797987a3bcdb2baca19bebf
,,,冗余三元组,12.0,25.0,是,extraction,dc4ae0749038f60cf9a543d11bdbb3655270d3f1168c53408b231865a3b78a64
,,,冗余三元组,13.0,27.0,是,extraction,b6eab7714fb673bef9d283a76736709544e272990472859dc282d706a47931e5
,,,冗余三元组,39.0,1.0,是,extraction,38e1d37380a7519608b7025690633256c2d7865eeeda60653fee8757d9e4afaf
,,,冗余三元组,1.0,65.0,由,extraction,905cf3aafafc7f3fb8e8049e678ac2ffe105fc86a67750444d271fd3ccb21266
,,,冗余三元组,9.0,3.0,是,extraction,0ec99e7cb6f44635fcabc5bf332037bea07b228f7b51753076ef1e8382984bc4
,,,冗余三元组,10.0,44.0,是,extraction,53854b14f84a4f7bcec4288babeeb93d9202a8f1247a14098e9a02982cc95640
,,,冗余三元组,12.0,44.0,是,extraction,de41cd62c11f82837c5925e3426f42630d0bc935f1a9e33489b933acda4b7831
,,,冗余三元组,13.0,29.0,是,extraction,ffa30b4f3216d3a8f56030cb4d33517361b4979ec19a58b4d3a546e9f0b38bdc
,,,冗余三元组,1.0,47.0,服务事项,extraction,b33592c1f30e39df0401c77d218134fb8abddfd7e8dbdedb52818471c5201bf4
,,,冗余三元组,3.0,1.0,权力类型,extraction,63bb5d4e71e6267d4835ef9479c9ff86b0b3ef916f5e6075b1750ed13e17cad3
,,,冗余三元组,22.0,1.0,行驶主体,extraction,51b40b4c4f91240a5d323aaa57fa14fc575345cbc5dfbd5960fee3546a9d8c6c
,,,冗余三元组,22.0,1.0,承办机构,extraction,9c49a1220338386706f2952f161469c3bd5f784a5b99fbb95a8b8222c52b3a33
,,,冗余三元组,49.0,1.0,实施依据,extraction,ff26d12b358cafe4c2fb87a18323c05e83a57fff577f25152d237a0d2a1a6669
,,,冗余三元组,1.0,53.0,涉及事项,extraction,f0541f7d0c2d3d04c56da88a6bc6ad2f2baea1220b292ed6fa4bf4744fe4e698
,,,冗余三元组,3.0,1.0,权力类型,extraction,63bb5d4e71e6267d4835ef9479c9ff86b0b3ef916f5e6075b1750ed13e17cad3
,,,冗余三元组,16.0,3.0,行驶主体,extraction,dcf915ca16fdd03067ac26bed4e74e74a9239bdbd1f71068aedeb4f177f92df1
,,,冗余三元组,16.0,3.0,承办机构,extraction,1845bf4af0283ae739a3edd822fa3a6e7302f5b26eae67bdd654099cddf35e9f
,,,冗余三元组,1.0,36.0,涉及事项,extraction,8f5ef8181607d60e4eccd5ec612a1b947845c41af6a5aa6f33629298f46d39a8
,,,冗余三元组,3.0,1.0,权力类型,extraction,63bb5d4e71e6267d4835ef9479c9ff86b0b3ef916f5e6075b1750ed13e17cad3
,,,冗余三元组,41.0,1.0,行驶主体,extraction,3e203c1cd5240efde0e6a6d05bb4f8d4f3f80b46e735202ba3011d3e2801f0a1
,,,冗余三元组,41.0,1.0,承办机构,extraction,379f2c27a6c0b2eecca7d7b46b22ef51fefdad08ac0ee7abd453d5173a893b67
,,,冗余三元组,49.0,3.0,实施依据,extraction,2eb1dcc4ce01375fecbdbca4cf13458825c23886e919a0bc154ca2373ee95e13
,,,冗余三元组,1.0,31.0,涉及问题,extraction,ea08369126f7fbe0d95ca41a348902bab3f4d8e388232d1c4ed32a98fca9af59
,,,冗余三元组,3.0,1.0,类型,extraction,65a2d78a945df9ac573c112d3bad900f2eb4940d22d4f014a9262ffbc7a54c7e
,,,冗余三元组,32.0,1.0,行驶主体,extraction,f3ae7eebff4e3460421e23abeef0b3052dd9a3dcfbd1f44a03d027eeb1801b4f
,,,冗余三元组,32.0,1.0,承办机构,extraction,931cafd24efaf97775db66b22a04ccc10ef5b34c9f1550f1c6e447e2887940db
,,,冗余三元组,20.0,3.0,实施依据,extraction,74c469772883cc75830d6664aabca03b3c8bc471660e084cede3096ee903fa04
,,,冗余三元组,1.0,21.0,包含,extraction,635d1027165abbabe82fa63c66c6183ad9893b0e011f20d0b6ad30d71c05ec2a
,,,冗余三元组,9.0,3.0,是,extraction,0ec99e7cb6f44635fcabc5bf332037bea07b228f7b51753076ef1e8382984bc4
,,,冗余三元组,10.0,16.0,为,extraction,f1e35a160c4becfa427fdd5b0b5eabab1eceaa1a4cc7cf4316d64ad9b73fa2ec
,,,冗余三元组,12.0,16.0,为,extraction,5f0a33a0660f26fba3af63b54a27dbb3521b29a1f3959749c780a37ac8d35f99
,,,冗余三元组,13.0,35.0,是,extraction,bdb6ae948fcb734a09a70e6199e73c6b4e1ee8988d36d946e8376162542ec754
,,,冗余三元组,1.0,15.0,包含行为,extraction,50889e3cad3a2af3fe5c788cdd352c4e79a5e965367902c33f7b1eab2a878616
,,,冗余三元组,16.0,10.0,是,extraction,0676f80814a944f0133efe570d87a4210481e5da6dd1982bbdd57d1a6f69161c
,,,冗余三元组,16.0,12.0,同时也是,extraction,8b867cc888e667e0969917f1602a9804858db651bdaf4170e2e6e0087a1f280c
,,,冗余三元组,1.0,40.0,涉及内容,extraction,de20e85db7086358cf9286abdebf47adc291c16b26f2f272b53ee25a61196b6a
,,,冗余三元组,3.0,1.0,权力类型,extraction,63bb5d4e71e6267d4835ef9479c9ff86b0b3ef916f5e6075b1750ed13e17cad3
,,,冗余三元组,4.0,1.0,行驶主体,extraction,76853b7863ac80a3aad594a1104aa5b967a97525e8a2a9def28eeeebf43e4bab
,,,冗余三元组,4.0,1.0,承办机构,extraction,f7483722370a3db6cc6e9698d7f621113a7fe751bca6b181a1961b22639e7ed3
,,,冗余三元组,1.0,14.0,实施依据,extraction,86a585785321be79b433ed2131da5d315c88dcee88be270a52a3c3fec56e323b
,,,冗余三元组,1.0,53.0,涉及内容,extraction,93a41a3bfad2a55543054230e6b5ba30a1c2c78b18e08fd4c03297cf76a22214
,,,冗余三元组,3.0,1.0,权力类型,extraction,63bb5d4e71e6267d4835ef9479c9ff86b0b3ef916f5e6075b1750ed13e17cad3
,,,冗余三元组,32.0,1.0,行驶主体,extraction,f3ae7eebff4e3460421e23abeef0b3052dd9a3dcfbd1f44a03d027eeb1801b4f
,,,冗余三元组,32.0,1.0,承办机构,extraction,931cafd24efaf97775db66b22a04ccc10ef5b34c9f1550f1c6e447e2887940db
,,,冗余三元组,1.0,29.0,依据,extraction,7c876ea0542c8c0bbe2bd1071fb11a2281ab201ea6a5d96c9f866fe3fc0a1ecb
,,,冗余三元组,1.0,2.0,涉及事项,extraction,45a6b5e9b7acaaf964d4ba55ee382735953a50be79b9c5a63cfd56f3bfaa98e9
,,,冗余三元组,3.0,1.0,权力类型,extraction,63bb5d4e71e6267d4835ef9479c9ff86b0b3ef916f5e6075b1750ed13e17cad3
,,,冗余三元组,22.0,1.0,行驶主体,extraction,51b40b4c4f91240a5d323aaa57fa14fc575345cbc5dfbd5960fee3546a9d8c6c
,,,冗余三元组,22.0,1.0,承办机构,extraction,9c49a1220338386706f2952f161469c3bd5f784a5b99fbb95a8b8222c52b3a33
,,,冗余三元组,1.0,19.0,涉及内容,extraction,e667158a34c5290413d6959d0281c37377fbc946202a479c446b6afeb89e2126
,,,冗余三元组,3.0,1.0,权力类型,extraction,63bb5d4e71e6267d4835ef9479c9ff86b0b3ef916f5e6075b1750ed13e17cad3
,,,冗余三元组,44.0,1.0,行驶主体,extraction,5aa5bd754001b528942d9ff1cf92c0dac3eea5408ae1a3ad1be7b48dd6ad7bc6
,,,冗余三元组,44.0,1.0,承办机构,extraction,fe869ebaf0ddd080462b050806e1c882e39322a3f98c8d4b29b1d043af63148d
,,,冗余三元组,1.0,27.0,依据,extraction,d03daf3e94bfbb1b0d0e8924a3805396d721f1c62d58ac9127a2e0d131b5d430
,,,冗余三元组,1.0,30.0,涉及,extraction,f791f6ad50cca9a9432e1d95b6ef54bd1b64b5eb692d18dc2f430e81dd5537c2
,,,冗余三元组,9.0,3.0,是,extraction,0ec99e7cb6f44635fcabc5bf332037bea07b228f7b51753076ef1e8382984bc4
,,,冗余三元组,10.0,44.0,是,extraction,53854b14f84a4f7bcec4288babeeb93d9202a8f1247a14098e9a02982cc95640
,,,冗余三元组,12.0,44.0,是,extraction,de41cd62c11f82837c5925e3426f42630d0bc935f1a9e33489b933acda4b7831
,,,冗余三元组,13.0,29.0,是,extraction,ffa30b4f3216d3a8f56030cb4d33517361b4979ec19a58b4d3a546e9f0b38bdc
,,,冗余三元组,1.0,55.0,涉及,extraction,d3dce47df0bc87d9fc69992a5dfb419dc64d4ec5f6b002937da586081885a914
,,,冗余三元组,9.0,3.0,是,extraction,0ec99e7cb6f44635fcabc5bf332037bea07b228f7b51753076ef1e8382984bc4
,,,冗余三元组,10.0,25.0,是,extraction,ad542489db79b38432a47864e6f61070ea6042115797987a3bcdb2baca19bebf
,,,冗余三元组,12.0,25.0,是,extraction,dc4ae0749038f60cf9a543d11bdbb3655270d3f1168c53408b231865a3b78a64
,,,冗余三元组,13.0,14.0,是,extraction,bfbeedc7e6daf4f851060b875d14b5b7c1dab5b695356d4176fd018de0894ae2
,,,冗余三元组,39.0,1.0,是,extraction,38e1d37380a7519608b7025690633256c2d7865eeeda60653fee8757d9e4afaf
,,,冗余三元组,1.0,52.0,涉及问题,extraction,90af34399ad797a62bec9b3819dad9d64b8031065ff158d8a5f1015257e3e4dd
,,,冗余三元组,9.0,3.0,是,extraction,0ec99e7cb6f44635fcabc5bf332037bea07b228f7b51753076ef1e8382984bc4
,,,冗余三元组,10.0,4.0,是,extraction,4253afef8f3fd90e1effb4068d33d5af9bf9795c98a41a591346af581d8c5b13
,,,冗余三元组,12.0,4.0,是,extraction,157789d187fc7ed7a6f770e4112d938e1669ffabeec33b64ab160620d61c286f
,,,冗余三元组,13.0,43.0,是,extraction,ade982e693329bd738b2be4fef11a25c3536423672e3d1c585cae98131a035d0
,,,冗余三元组,1.0,21.0,包含,extraction,635d1027165abbabe82fa63c66c6183ad9893b0e011f20d0b6ad30d71c05ec2a
,,,冗余三元组,9.0,3.0,是,extraction,0ec99e7cb6f44635fcabc5bf332037bea07b228f7b51753076ef1e8382984bc4
,,,冗余三元组,10.0,25.0,是,extraction,ad542489db79b38432a47864e6f61070ea6042115797987a3bcdb2baca19bebf
,,,冗余三元组,12.0,25.0,是,extraction,dc4ae0749038f60cf9a543d11bdbb3655270d3f1168c53408b231865a3b78a64
,,,冗余三元组,13.0,29.0,是,extraction,ffa30b4f3216d3a8f56030cb4d33517361b4979ec19a58b4d3a546e9f0b38bdc
,,,冗余三元组,1.0,47.0,涉及事项,extraction,410fd6754fd95d077ef04ff964ec4dd009afe4ed77694bf6c52b18682d5b8662
,,,冗余三元组,16.0,1.0,行驶主体,extraction,2388221cee7d1ae0ed5be74dbb33fa91b57a06cfae883cc5c2262bfb048b5c48
,,,冗余三元组,16.0,1.0,承办机构,extraction,7da0b9c5ea5b9311256b7bcb955ba7fe507e79fd9fe407e277e1c4de0e1d453e
,,,冗余三元组,1.0,29.0,依据,extraction,7c876ea0542c8c0bbe2bd1071fb11a2281ab201ea6a5d96c9f866fe3fc0a1ecb
,,,冗余三元组,1.0,21.0,包含,extraction,635d1027165abbabe82fa63c66c6183ad9893b0e011f20d0b6ad30d71c05ec2a
,,,冗余三元组,9.0,3.0,是,extraction,0ec99e7cb6f44635fcabc5bf332037bea07b228f7b51753076ef1e8382984bc4
,,,冗余三元组,10.0,11.0,是,extraction,44a8fa7ea54ec2e41111a4f5dc6a9811dee8aa3aa19fb306f9177dfc86a9aea9
,,,冗余三元组,12.0,11.0,是,extraction,54710bbec3ca077fe79c80e1e95ea28a843633289f5bc6efe6abea14f6118623
,,,冗余三元组,13.0,5.0,是,extraction,507348e0a400849c992ed3d4db941f51b877314c064a446d1a19df892d7a6f73
,,,冗余三元组,1.0,55.0,涉及,extraction,d3dce47df0bc87d9fc69992a5dfb419dc64d4ec5f6b002937da586081885a914
,,,冗余三元组,9.0,3.0,是,extraction,0ec99e7cb6f44635fcabc5bf332037bea07b228f7b51753076ef1e8382984bc4
,,,冗余三元组,10.0,25.0,是,extraction,ad542489db79b38432a47864e6f61070ea6042115797987a3bcdb2baca19bebf
,,,冗余三元组,12.0,25.0,是,extraction,dc4ae0749038f60cf9a543d11bdbb3655270d3f1168c53408b231865a3b78a64
,,,冗余三元组,13.0,33.0,是,extraction,fc4553073462fe666aaa676d985116bc290a0c71f03fb633205f00b4fcf4ff71
,,,冗余三元组,1.0,2.0,涉及事项,extraction,45a6b5e9b7acaaf964d4ba55ee382735953a50be79b9c5a63cfd56f3bfaa98e9
,,,冗余三元组,32.0,1.0,行驶主体,extraction,f3ae7eebff4e3460421e23abeef0b3052dd9a3dcfbd1f44a03d027eeb1801b4f
,,,冗余三元组,32.0,1.0,承办机构,extraction,931cafd24efaf97775db66b22a04ccc10ef5b34c9f1550f1c6e447e2887940db
,,,冗余三元组,1.0,56.0,依据,extraction,0b8eed9df092a87521a36028dec03a389608968a1abd66630aeacb2b566d40d1
,,,冗余三元组,1.0,58.0,涉及,extraction,ebb5415c1b54071499b45a909f698aaec953682c36e97747e6aee00bc7e619d3
,,,冗余三元组,9.0,3.0,是,extraction,0ec99e7cb6f44635fcabc5bf332037bea07b228f7b51753076ef1e8382984bc4
,,,冗余三元组,10.0,41.0,是,extraction,6f83ced92a9691e5e14cc19bb1bc5463d86dfecb7bda23ec44eab17a27bf9ae5
,,,冗余三元组,12.0,41.0,是,extraction,a4b1a3ff2483dfe0fabc0a44c0aa6f73e99b87cf7ec502667cce0dc30a67f7b2
,,,冗余三元组,13.0,50.0,是,extraction,c041f04873201647e0b342a86dacb602d31a2f7036dbbbcb8019ba08c7818ff2
,,,冗余三元组,1.0,24.0,基于,extraction,a5276488a9604d9649d8bacd34b068a0005e4d755aa469a2a15794604500ae4d
,,,冗余三元组,9.0,3.0,是,extraction,0ec99e7cb6f44635fcabc5bf332037bea07b228f7b51753076ef1e8382984bc4
,,,冗余三元组,10.0,25.0,是,extraction,ad542489db79b38432a47864e6f61070ea6042115797987a3bcdb2baca19bebf
,,,冗余三元组,12.0,25.0,是,extraction,dc4ae0749038f60cf9a543d11bdbb3655270d3f1168c53408b231865a3b78a64
,,,冗余三元组,13.0,37.0,是,extraction,11ad231736d8e934254b836f208f0b302e4d9e38c23214e2036235899cb04fe6
,,,冗余三元组,39.0,1.0,是,extraction,38e1d37380a7519608b7025690633256c2d7865eeeda60653fee8757d9e4afaf
,,,冗余三元组,1.0,34.0,包含,extraction,55e4afabf77afe2a5eab9a2e4e01194c0b9b6c241104b977092e714b9c92562f
,,,冗余三元组,9.0,3.0,是,extraction,0ec99e7cb6f44635fcabc5bf332037bea07b228f7b51753076ef1e8382984bc4
,,,冗余三元组,10.0,41.0,是,extraction,6f83ced92a9691e5e14cc19bb1bc5463d86dfecb7bda23ec44eab17a27bf9ae5
,,,冗余三元组,12.0,41.0,是,extraction,a4b1a3ff2483dfe0fabc0a44c0aa6f73e99b87cf7ec502667cce0dc30a67f7b2
,,,冗余三元组,13.0,50.0,是,extraction,c041f04873201647e0b342a86dacb602d31a2f7036dbbbcb8019ba08c7818ff2
,,,冗余三元组,1.0,53.0,涉及事项,extraction,f0541f7d0c2d3d04c56da88a6bc6ad2f2baea1220b292ed6fa4bf4744fe4e698
,,,冗余三元组,9.0,3.0,是,extraction,0ec99e7cb6f44635fcabc5bf332037bea07b228f7b51753076ef1e8382984bc4
,,,冗余三元组,10.0,32.0,是,extraction,4da064cb343643cc890842dceaf67b09d17018b8caccfb9a66252b99aba7b2c2
,,,冗余三元组,12.0,32.0,是,extraction,9c4f6d970f0759ccf44ba88668fb20479c3f74345a7048810ee820b1947a78e1
,,,冗余三元组,13.0,7.0,是,extraction,5173b273e53a3712e9a749ca6cf7b8e8d3b7641db772c202823ccb26f6087587
,,,冗余三元组,1.0,2.0,涉及事项,extraction,45a6b5e9b7acaaf964d4ba55ee382735953a50be79b9c5a63cfd56f3bfaa98e9
,,,冗余三元组,3.0,1.0,权力类型,extraction,63bb5d4e71e6267d4835ef9479c9ff86b0b3ef916f5e6075b1750ed13e17cad3
,,,冗余三元组,4.0,3.0,行驶主体,extraction,65bd830d3a69c947ab33e8bccf4d7c9239947243f009a12164fa2b3d4defa4e5
,,,冗余三元组,4.0,3.0,承办机构,extraction,552f0352c4383de1ccdd6574c3a3cf1febf987d93f20f8b4d8f312f665277ccd
,,,冗余三元组,5.0,3.0,实施依据,extraction,4d26a315d3cf5e095a5f33a521cc5fcfd77a3a44ba52ed82e02dee2171f81d54
,,,冗余三元组,1.0,60.0,涉及领域,extraction,25fe9bcaeb7e004a7f7cb1fcb4d291c2a96c608fd8ff4641bee8109287b07717
,,,冗余三元组,3.0,1.0,权力类型,extraction,63bb5d4e71e6267d4835ef9479c9ff86b0b3ef916f5e6075b1750ed13e17cad3
,,,冗余三元组,38.0,1.0,行驶主体,extraction,d0e87a0daf3bc1ed7bad39f66dc6d8ee74064b05fe94192417c8b6e3e4cd53a9
,,,冗余三元组,38.0,1.0,承办机构,extraction,b14641014ea8d3db9ba04ac2bb249443dd5f26425e740d86371e870ef2d4a84a
,,,冗余三元组,1.0,27.0,依据,extraction,d03daf3e94bfbb1b0d0e8924a3805396d721f1c62d58ac9127a2e0d131b5d430
,,,冗余三元组,39.0,1.0,是,extraction,38e1d37380a7519608b7025690633256c2d7865eeeda60653fee8757d9e4afaf
,,,冗余三元组,1.0,52.0,涉及问题,extraction,90af34399ad797a62bec9b3819dad9d64b8031065ff158d8a5f1015257e3e4dd
,,,冗余三元组,9.0,3.0,是,extraction,0ec99e7cb6f44635fcabc5bf332037bea07b228f7b51753076ef1e8382984bc4
,,,冗余三元组,10.0,41.0,是,extraction,6f83ced92a9691e5e14cc19bb1bc5463d86dfecb7bda23ec44eab17a27bf9ae5
,,,冗余三元组,12.0,41.0,是,extraction,a4b1a3ff2483dfe0fabc0a44c0aa6f73e99b87cf7ec502667cce0dc30a67f7b2
,,,冗余三元组,13.0,7.0,是,extraction,5173b273e53a3712e9a749ca6cf7b8e8d3b7641db772c202823ccb26f6087587
,,,冗余三元组,1.0,60.0,涉及领域,extraction,25fe9bcaeb7e004a7f7cb1fcb4d291c2a96c608fd8ff4641bee8109287b07717
,,,冗余三元组,3.0,1.0,权力类型,extraction,63bb5d4e71e6267d4835ef9479c9ff86b0b3ef916f5e6075b1750ed13e17cad3
,,,冗余三元组,4.0,3.0,行驶主体,extraction,65bd830d3a69c947ab33e8bccf4d7c9239947243f009a12164fa2b3d4defa4e5
,,,冗余三元组,4.0,3.0,承办机构,extraction,552f0352c4383de1ccdd6574c3a3cf1febf987d93f20f8b4d8f312f665277ccd
,,,冗余三元组,3.0,61.0,实施依据,extraction,5ec84d3146f918e685de74e4cd04c587cdd895ec8853c6995ee47199be82e549
,,,冗余三元组,1.0,60.0,涉及领域,extraction,25fe9bcaeb7e004a7f7cb1fcb4d291c2a96c608fd8ff4641bee8109287b07717
,,,冗余三元组,3.0,1.0,权力类型,extraction,63bb5d4e71e6267d4835ef9479c9ff86b0b3ef916f5e6075b1750ed13e17cad3
,,,冗余三元组,44.0,3.0,行驶主体,extraction,5a54a852e46cf955056cfb470e35ee0ab596f12cadf4d4250f92e1854d40d0fb
,,,冗余三元组,44.0,3.0,承办机构,extraction,26be69caa0923ff59e399351f5a7dbfb94533ccfbecefd9b8cd69f55e191c14d
,,,冗余三元组,3.0,20.0,实施依据,extraction,904d9893c432b7f5610334c63d7c55767465e2c831a2b7963a6b4bed774952e6
,,,冗余三元组,39.0,1.0,是,extraction,38e1d37380a7519608b7025690633256c2d7865eeeda60653fee8757d9e4afaf
,,,冗余三元组,9.0,3.0,是,extraction,0ec99e7cb6f44635fcabc5bf332037bea07b228f7b51753076ef1e8382984bc4
,,,冗余三元组,10.0,44.0,是,extraction,53854b14f84a4f7bcec4288babeeb93d9202a8f1247a14098e9a02982cc95640
,,,冗余三元组,12.0,44.0,是,extraction,de41cd62c11f82837c5925e3426f42630d0bc935f1a9e33489b933acda4b7831
,,,冗余三元组,13.0,33.0,是,extraction,fc4553073462fe666aaa676d985116bc290a0c71f03fb633205f00b4fcf4ff71
,,,冗余三元组,1.0,55.0,涉及方面,extraction,5ee3a47a13dc675638470604b07e57a50fdeaeedeade9769ce1a62338490e202
,,,冗余三元组,26.0,1.0,行使主体,extraction,4b4001fd1d5a33d62b24eafad32672e1f0862f7f54bdee86f3a10e2cd536a09c
,,,冗余三元组,26.0,1.0,承办机构,extraction,69ebaebdf045cea8cb77aa5e448d960f3c2e8a6fbe335676bbabaa00d3c918e5
,,,冗余三元组,1.0,49.0,依据,extraction,567a356d9d99d44b1e79598f86430dce8cd9fbfb76155059f4e9f13b5ad5b19e
,,,冗余三元组,1.0,30.0,涉及,extraction,f791f6ad50cca9a9432e1d95b6ef54bd1b64b5eb692d18dc2f430e81dd5537c2
,,,冗余三元组,32.0,1.0,行驶主体,extraction,f3ae7eebff4e3460421e23abeef0b3052dd9a3dcfbd1f44a03d027eeb1801b4f
,,,冗余三元组,32.0,1.0,承办机构,extraction,931cafd24efaf97775db66b22a04ccc10ef5b34c9f1550f1c6e447e2887940db
,,,冗余三元组,1.0,5.0,依据,extraction,1ea7450430c6e25edf81e6ecf2f8dbbbbd3c1ca33319839a0f1c3459a61d2b2e
,,,冗余三元组,1.0,2.0,涉及事项,extraction,45a6b5e9b7acaaf964d4ba55ee382735953a50be79b9c5a63cfd56f3bfaa98e9
,,,冗余三元组,3.0,1.0,权力类型,extraction,63bb5d4e71e6267d4835ef9479c9ff86b0b3ef916f5e6075b1750ed13e17cad3
,,,冗余三元组,38.0,1.0,行驶主体,extraction,d0e87a0daf3bc1ed7bad39f66dc6d8ee74064b05fe94192417c8b6e3e4cd53a9
,,,冗余三元组,38.0,1.0,承办机构,extraction,b14641014ea8d3db9ba04ac2bb249443dd5f26425e740d86371e870ef2d4a84a
,,,冗余三元组,1.0,7.0,依据,extraction,ad207775734fc909831229d25a4f5b75a4caf54238f8d0d146d0f0b3eb2acaeb
,,,冗余三元组,1.0,58.0,包含,extraction,a99749a34663c627f41bf723f6a81786f4ec688554b1b228877f58e936d4f065
,,,冗余三元组,9.0,3.0,是,extraction,0ec99e7cb6f44635fcabc5bf332037bea07b228f7b51753076ef1e8382984bc4
,,,冗余三元组,10.0,26.0,是,extraction,89fbb5ae30c6220e41f165591e4df027877c140a72033fe0680e44206164aa17
,,,冗余三元组,12.0,26.0,是,extraction,a3817cab3fccbfd1b94576c85b68cfb0ff0511791fe7ada5dd7c10500502e531
,,,冗余三元组,13.0,27.0,是,extraction,b6eab7714fb673bef9d283a76736709544e272990472859dc282d706a47931e5
,,,冗余三元组,39.0,1.0,是,extraction,38e1d37380a7519608b7025690633256c2d7865eeeda60653fee8757d9e4afaf
,,,冗余三元组,1.0,53.0,包括,extraction,1381a6fba20dceee35da6a7e780388847a73a5c6c53d663717205383f4784027
,,,冗余三元组,9.0,3.0,是,extraction,0ec99e7cb6f44635fcabc5bf332037bea07b228f7b51753076ef1e8382984bc4
,,,冗余三元组,10.0,25.0,是,extraction,ad542489db79b38432a47864e6f61070ea6042115797987a3bcdb2baca19bebf
,,,冗余三元组,12.0,25.0,是,extraction,dc4ae0749038f60cf9a543d11bdbb3655270d3f1168c53408b231865a3b78a64
,,,冗余三元组,13.0,27.0,是,extraction,b6eab7714fb673bef9d283a76736709544e272990472859dc282d706a47931e5
,,,冗余三元组,1.0,47.0,服务事项,extraction,b33592c1f30e39df0401c77d218134fb8abddfd7e8dbdedb52818471c5201bf4
,,,冗余三元组,3.0,1.0,权力类型,extraction,63bb5d4e71e6267d4835ef9479c9ff86b0b3ef916f5e6075b1750ed13e17cad3
,,,冗余三元组,16.0,1.0,行驶主体,extraction,2388221cee7d1ae0ed5be74dbb33fa91b57a06cfae883cc5c2262bfb048b5c48
,,,冗余三元组,16.0,1.0,承办机构,extraction,7da0b9c5ea5b9311256b7bcb955ba7fe507e79fd9fe407e277e1c4de0e1d453e
,,,冗余三元组,50.0,1.0,实施依据,extraction,f457526c1cfb3555ddaf37521754b077e421b97c6e91ba6f2f018b313f33247d
,,,冗余三元组,1.0,2.0,涉及事项,extraction,45a6b5e9b7acaaf964d4ba55ee382735953a50be79b9c5a63cfd56f3bfaa98e9
,,,冗余三元组,9.0,3.0,是,extraction,0ec99e7cb6f44635fcabc5bf332037bea07b228f7b51753076ef1e8382984bc4
,,,冗余三元组,10.0,22.0,是,extraction,5a0b03998ab865a9402789a91f83ce5e2c3e8b9dc624370864b73747e8ad330a
,,,冗余三元组,12.0,22.0,是,extraction,51b7578f6e3f4d6aa73a569f8dfc21fce38f169c0202a35f222c3aebbfe18ce9
,,,冗余三元组,13.0,7.0,是,extraction,5173b273e53a3712e9a749ca6cf7b8e8d3b7641db772c202823ccb26f6087587
,,,冗余三元组,1.0,21.0,服务事项,extraction,8d308abc697d8ec4d01a30f717e75bc54bbee9cf1d8f36eef0f95eb86d0c523d
,,,冗余三元组,3.0,1.0,权力类型,extraction,63bb5d4e71e6267d4835ef9479c9ff86b0b3ef916f5e6075b1750ed13e17cad3
,,,冗余三元组,32.0,1.0,行驶主体,extraction,f3ae7eebff4e3460421e23abeef0b3052dd9a3dcfbd1f44a03d027eeb1801b4f
,,,冗余三元组,32.0,1.0,承办机构,extraction,931cafd24efaf97775db66b22a04ccc10ef5b34c9f1550f1c6e447e2887940db
,,,冗余三元组,23.0,1.0,实施依据,extraction,38e452b8d15dc7858dd36229d7d1d00af4852cea15d7b71d1d6320aef92fe236
,,,冗余三元组,1.0,52.0,涉及问题,extraction,90af34399ad797a62bec9b3819dad9d64b8031065ff158d8a5f1015257e3e4dd
,,,冗余三元组,3.0,1.0,权力类型,extraction,63bb5d4e71e6267d4835ef9479c9ff86b0b3ef916f5e6075b1750ed13e17cad3
,,,冗余三元组,38.0,3.0,行驶主体,extraction,09efeab994a6d0a0d2474408b9050a4299990ea94ef2b0fd3b3f3c42b80c1d00
,,,冗余三元组,38.0,3.0,承办机构,extraction,3ffeb2c635f8eac91bfd409e9ffa26f73bbf4f4bb174d1a1c0cfa1334e723247
,,,冗余三元组,3.0,14.0,实施依据,extraction,09931771bbcd9cd15e93938cf3ce07dfed30596b980f89738627e75ac71073d2
,,,冗余三元组,39.0,1.0,是,extraction,38e1d37380a7519608b7025690633256c2d7865eeeda60653fee8757d9e4afaf
,,,冗余三元组,1.0,62.0,涉及问题,extraction,2a934fc7a5fcf782dd1e2daadb598b9eafb710e91a5aa9232b2ceb713d26918f
,,,冗余三元组,9.0,3.0,是,extraction,0ec99e7cb6f44635fcabc5bf332037bea07b228f7b51753076ef1e8382984bc4
,,,冗余三元组,10.0,41.0,是,extraction,6f83ced92a9691e5e14cc19bb1bc5463d86dfecb7bda23ec44eab17a27bf9ae5
,,,冗余三元组,12.0,41.0,是,extraction,a4b1a3ff2483dfe0fabc0a44c0aa6f73e99b87cf7ec502667cce0dc30a67f7b2
,,,冗余三元组,13.0,14.0,是,extraction,bfbeedc7e6daf4f851060b875d14b5b7c1dab5b695356d4176fd018de0894ae2
,,,冗余三元组,1.0,62.0,涉及事项,extraction,01d175c41a6f3c882019c9ac786bc0445bb66a2e14720ead8aaf50a8c158baba
,,,冗余三元组,3.0,1.0,权力类型,extraction,63bb5d4e71e6267d4835ef9479c9ff86b0b3ef916f5e6075b1750ed13e17cad3
,,,冗余三元组,11.0,3.0,行驶主体,extraction,252ebc8fde2836f7eae5a791df687860076241cf808bc99e0fd167f0ea262cd9
,,,冗余三元组,11.0,3.0,承办机构,extraction,e3339b884b62824a3b8679c646ddcca5b0bd6ecf6ec75f8d8629aa2e9b31a33c
,,,冗余三元组,35.0,3.0,实施依据,extraction,b624cc26441dfe817af4e1eb453814a9cb80441634853b422b6c75adb5478d0b
,,,冗余三元组,1.0,46.0,涉及方面,extraction,5808f972045d2d3180337084564f289f064635012876034d34956100a2ebe466
,,,冗余三元组,9.0,3.0,类型,extraction,7b4fd279b61586115fa2987e2d0371238853c4f6f63e89d0b451e4237f492a37
,,,冗余三元组,10.0,22.0,为,extraction,1a97657648cf85daf9577b8f97db471a103398604acad7e49b5c9e5312315e6e
,,,冗余三元组,12.0,22.0,为,extraction,01d72a5fabeb49cad4036597626c1d026038537027330c5f333061113111547f
,,,冗余三元组,13.0,43.0,来自,extraction,8eea1f520c36032f43ebb3a8709204173f9325abe934920aa4c764d84a3b5e84
,,,冗余三元组,39.0,1.0,是,extraction,38e1d37380a7519608b7025690633256c2d7865eeeda60653fee8757d9e4afaf
,,,冗余三元组,1.0,52.0,涉及问题,extraction,90af34399ad797a62bec9b3819dad9d64b8031065ff158d8a5f1015257e3e4dd
,,,冗余三元组,9.0,3.0,是,extraction,0ec99e7cb6f44635fcabc5bf332037bea07b228f7b51753076ef1e8382984bc4
,,,冗余三元组,10.0,44.0,是,extraction,53854b14f84a4f7bcec4288babeeb93d9202a8f1247a14098e9a02982cc95640
,,,冗余三元组,12.0,44.0,是,extraction,de41cd62c11f82837c5925e3426f42630d0bc935f1a9e33489b933acda4b7831
,,,冗余三元组,13.0,23.0,是,extraction,a809901cb1266f3034f5251cd5e201f3ce63e484f49bb7e202066cafcce8d4b1
,,,冗余三元组,1.0,30.0,涉及内容,extraction,a3d8bfc9cb09cd2954d135612180bdbe8527eef7d240e905d5ff78d06fe3fba0
,,,冗余三元组,9.0,3.0,类型,extraction,7b4fd279b61586115fa2987e2d0371238853c4f6f63e89d0b451e4237f492a37
,,,冗余三元组,32.0,39.0,承办机构,extraction,bdcbd9f1a4f2b66d8799cc639edeb36dd815c2e6189adbadb12838e935a8bb9a
,,,冗余三元组,1.0,6.0,涉及事项,extraction,63ed056176a358e5141eeb94299bb1cc5c1ba655d4c97bdb0e998157b41cd7a5
,,,冗余三元组,3.0,1.0,权力类型,extraction,63bb5d4e71e6267d4835ef9479c9ff86b0b3ef916f5e6075b1750ed13e17cad3
,,,冗余三元组,25.0,3.0,行驶主体,extraction,c7f405beeae1829a03dbec6b28d32c4d828da48de999734d24825266b3076f59
,,,冗余三元组,25.0,3.0,承办机构,extraction,eef2c4724eefbb6cbc8a1e38dd903f5952b15b4fa168168b9caed346c6551029
,,,冗余三元组,20.0,3.0,实施依据,extraction,74c469772883cc75830d6664aabca03b3c8bc471660e084cede3096ee903fa04
,,,冗余三元组,1.0,42.0,涉及事项,extraction,6fa1fbc925e7b9f7909377c8fdb4e224f49dc4ac4ecc0317653a80654e14e7bc
,,,冗余三元组,3.0,1.0,权力类型,extraction,63bb5d4e71e6267d4835ef9479c9ff86b0b3ef916f5e6075b1750ed13e17cad3
,,,冗余三元组,25.0,3.0,行驶主体,extraction,c7f405beeae1829a03dbec6b28d32c4d828da48de999734d24825266b3076f59
,,,冗余三元组,25.0,3.0,承办机构,extraction,eef2c4724eefbb6cbc8a1e38dd903f5952b15b4fa168168b9caed346c6551029
,,,冗余三元组,14.0,3.0,实施依据,extraction,b2a34d3077aee5e73c915f123942606ad10c818ac195f73a26fa6b2a85ed9d1b
,,,冗余三元组,1.0,48.0,涉及内容,extraction,c90c36bc34d7f04fedfc793b0376221c7073cfdcfd8648ced932e92d2e837f7a
,,,冗余三元组,3.0,1.0,权力类型,extraction,63bb5d4e71e6267d4835ef9479c9ff86b0b3ef916f5e6075b1750ed13e17cad3
,,,冗余三元组,38.0,3.0,行驶主体,extraction,09efeab994a6d0a0d2474408b9050a4299990ea94ef2b0fd3b3f3c42b80c1d00
,,,冗余三元组,38.0,3.0,承办机构,extraction,3ffeb2c635f8eac91bfd409e9ffa26f73bbf4f4bb174d1a1c0cfa1334e723247
,,,冗余三元组,3.0,56.0,实施依据,extraction,45356bc0b9eaa9e24678a8e305d2f3def1ac634cba8ba9b6ab52cf255a3cec18
,,,冗余三元组,1.0,31.0,涉及问题,extraction,ea08369126f7fbe0d95ca41a348902bab3f4d8e388232d1c4ed32a98fca9af59
,,,冗余三元组,9.0,3.0,类型,extraction,7b4fd279b61586115fa2987e2d0371238853c4f6f63e89d0b451e4237f492a37
,,,冗余三元组,10.0,26.0,是,extraction,89fbb5ae30c6220e41f165591e4df027877c140a72033fe0680e44206164aa17
,,,冗余三元组,12.0,26.0,是,extraction,a3817cab3fccbfd1b94576c85b68cfb0ff0511791fe7ada5dd7c10500502e531
,,,冗余三元组,13.0,5.0,依据,extraction,d2a1a37d41d95cfd342ff3e558e699ad0c27bce29ff79a3c406c9a5d36bda1a0
,,,冗余三元组,1.0,24.0,基于,extraction,a5276488a9604d9649d8bacd34b068a0005e4d755aa469a2a15794604500ae4d
,,,冗余三元组,32.0,10.0,是,extraction,ae247fb41c98d8ccabb2d83a667742af89f55090577015a55d4edf49d86c0aa5
,,,冗余三元组,32.0,12.0,也是,extraction,c4c3ca8e89d758a45e9d008f04beb27756657ae5dd641654ceb69ccbbc45f528
,,,冗余三元组,27.0,13.0,是,extraction,917066b6c21462a9422010b24a74af2f2d92b54f02479de50b7817b7fd39a8bd
,,,冗余三元组,1.0,19.0,涉及内容,extraction,e667158a34c5290413d6959d0281c37377fbc946202a479c446b6afeb89e2126
,,,冗余三元组,3.0,1.0,权力类型,extraction,63bb5d4e71e6267d4835ef9479c9ff86b0b3ef916f5e6075b1750ed13e17cad3
,,,冗余三元组,44.0,1.0,行驶主体,extraction,5aa5bd754001b528942d9ff1cf92c0dac3eea5408ae1a3ad1be7b48dd6ad7bc6
,,,冗余三元组,44.0,1.0,承办机构,extraction,fe869ebaf0ddd080462b050806e1c882e39322a3f98c8d4b29b1d043af63148d
,,,冗余三元组,7.0,3.0,实施依据,extraction,f19e34325be413dc5e6bb80be003b66e02159d7f79ced0a5e8ba8a58d7125e15
,,,冗余三元组,1.0,46.0,包含,extraction,43de48e1fd0d3973027e232e73e22a3174566b69b4fe0e1932b85469761532cb
,,,冗余三元组,9.0,3.0,是,extraction,0ec99e7cb6f44635fcabc5bf332037bea07b228f7b51753076ef1e8382984bc4
,,,冗余三元组,10.0,4.0,是,extraction,4253afef8f3fd90e1effb4068d33d5af9bf9795c98a41a591346af581d8c5b13
,,,冗余三元组,12.0,4.0,是,extraction,157789d187fc7ed7a6f770e4112d938e1669ffabeec33b64ab160620d61c286f
,,,冗余三元组,13.0,14.0,是,extraction,bfbeedc7e6daf4f851060b875d14b5b7c1dab5b695356d4176fd018de0894ae2
,,,冗余三元组,1.0,21.0,涉及事项,extraction,0a433d3a8a6d42707a6860cb7ccfba1dc2a30b36a2fa0923ae9369f78d45f2bd
,,,冗余三元组,3.0,1.0,类型,extraction,65a2d78a945df9ac573c112d3bad900f2eb4940d22d4f014a9262ffbc7a54c7e
,,,冗余三元组,41.0,1.0,行驶主体,extraction,3e203c1cd5240efde0e6a6d05bb4f8d4f3f80b46e735202ba3011d3e2801f0a1
,,,冗余三元组,41.0,1.0,承办机构,extraction,379f2c27a6c0b2eecca7d7b46b22ef51fefdad08ac0ee7abd453d5173a893b67
,,,冗余三元组,35.0,1.0,实施依据,extraction,c2160bc37901fdb446bacf457f42f5af556fdcd5b45c0e99b283102cca9bc468
,,,冗余三元组,9.0,3.0,是,extraction,0ec99e7cb6f44635fcabc5bf332037bea07b228f7b51753076ef1e8382984bc4
,,,冗余三元组,10.0,4.0,是,extraction,4253afef8f3fd90e1effb4068d33d5af9bf9795c98a41a591346af581d8c5b13
,,,冗余三元组,12.0,4.0,是,extraction,157789d187fc7ed7a6f770e4112d938e1669ffabeec33b64ab160620d61c286f
,,,冗余三元组,13.0,43.0,是,extraction,ade982e693329bd738b2be4fef11a25c3536423672e3d1c585cae98131a035d0
,,,冗余三元组,39.0,1.0,是,extraction,38e1d37380a7519608b7025690633256c2d7865eeeda60653fee8757d9e4afaf
,,,冗余三元组,9.0,3.0,是,extraction,0ec99e7cb6f44635fcabc5bf332037bea07b228f7b51753076ef1e8382984bc4
,,,冗余三元组,10.0,38.0,是,extraction,b756eb5995473eefcaf0d5b4fb891f9eb9190e7e7f446761eaff99790520dd98
,,,冗余三元组,12.0,38.0,是,extraction,76d05d01998cae971c559874b8df42b2445eeafc6d81c360c7aecdbaf38c3f00
,,,冗余三元组,13.0,37.0,是,extraction,11ad231736d8e934254b836f208f0b302e4d9e38c23214e2036235899cb04fe6
,,,冗余三元组,39.0,1.0,是,extraction,38e1d37380a7519608b7025690633256c2d7865eeeda60653fee8757d9e4afaf
,,,冗余三元组,1.0,15.0,包含,extraction,ece6cfea1e7888ef7da542c244213f3cf24b722f04c103df8c133360b0d0783d
,,,冗余三元组,9.0,3.0,是,extraction,0ec99e7cb6f44635fcabc5bf332037bea07b228f7b51753076ef1e8382984bc4
,,,冗余三元组,10.0,38.0,是,extraction,b756eb5995473eefcaf0d5b4fb891f9eb9190e7e7f446761eaff99790520dd98
,,,冗余三元组,12.0,38.0,是,extraction,76d05d01998cae971c559874b8df42b2445eeafc6d81c360c7aecdbaf38c3f00
,,,冗余三元组,13.0,50.0,是,extraction,c041f04873201647e0b342a86dacb602d31a2f7036dbbbcb8019ba08c7818ff2
,,,冗余三元组,1.0,28.0,涉及事项,extraction,560be2f414c89761f44840d3f52e507d90c06d4f0586d63ae8dd7eb595eca49b
,,,冗余三元组,3.0,1.0,权力类型,extraction,63bb5d4e71e6267d4835ef9479c9ff86b0b3ef916f5e6075b1750ed13e17cad3
,,,冗余三元组,16.0,1.0,行驶主体,extraction,2388221cee7d1ae0ed5be74dbb33fa91b57a06cfae883cc5c2262bfb048b5c48
,,,冗余三元组,16.0,1.0,承办机构,extraction,7da0b9c5ea5b9311256b7bcb955ba7fe507e79fd9fe407e277e1c4de0e1d453e
,,,冗余三元组,23.0,1.0,实施依据,extraction,38e452b8d15dc7858dd36229d7d1d00af4852cea15d7b71d1d6320aef92fe236
,,,冗余三元组,1.0,62.0,涉及事项,extraction,01d175c41a6f3c882019c9ac786bc0445bb66a2e14720ead8aaf50a8c158baba
,,,冗余三元组,3.0,1.0,权力类型,extraction,63bb5d4e71e6267d4835ef9479c9ff86b0b3ef916f5e6075b1750ed13e17cad3
,,,冗余三元组,44.0,1.0,行驶主体,extraction,5aa5bd754001b528942d9ff1cf92c0dac3eea5408ae1a3ad1be7b48dd6ad7bc6
,,,冗余三元组,44.0,1.0,承办机构,extraction,fe869ebaf0ddd080462b050806e1c882e39322a3f98c8d4b29b1d043af63148d
,,,冗余三元组,5.0,1.0,实施依据,extraction,746c20bbe85a6c741c868997cbc091c7eddeafc57e2839c0cc9ba4fd6c55ad73
,,,冗余三元组,1.0,31.0,涉及问题,extraction,ea08369126f7fbe0d95ca41a348902bab3f4d8e388232d1c4ed32a98fca9af59
,,,冗余三元组,3.0,1.0,权力类型,extraction,63bb5d4e71e6267d4835ef9479c9ff86b0b3ef916f5e6075b1750ed13e17cad3
,,,冗余三元组,44.0,3.0,行驶主体,extraction,5a54a852e46cf955056cfb470e35ee0ab596f12cadf4d4250f92e1854d40d0fb
,,,冗余三元组,44.0,3.0,承办机构,extraction,26be69caa0923ff59e399351f5a7dbfb94533ccfbecefd9b8cd69f55e191c14d
,,,冗余三元组,3.0,23.0,依据,extraction,59ff7f21ef56ac976200d9f4fe84c93848f673346b1fc3ad16cbbcdf0951ba50
,,,冗余三元组,1.0,42.0,涉及事项,extraction,6fa1fbc925e7b9f7909377c8fdb4e224f49dc4ac4ecc0317653a80654e14e7bc
,,,冗余三元组,3.0,1.0,权力类型,extraction,63bb5d4e71e6267d4835ef9479c9ff86b0b3ef916f5e6075b1750ed13e17cad3
,,,冗余三元组,41.0,1.0,行驶主体,extraction,3e203c1cd5240efde0e6a6d05bb4f8d4f3f80b46e735202ba3011d3e2801f0a1
,,,冗余三元组,41.0,1.0,承办机构,extraction,379f2c27a6c0b2eecca7d7b46b22ef51fefdad08ac0ee7abd453d5173a893b67
,,,冗余三元组,1.0,33.0,依据,extraction,beb4a53aeccd91f8439219990e9369a7c0fbc8b629e10951b4b57ace5628c03a
,,,冗余三元组,1.0,8.0,涉及,extraction,87762195aab84fdc0842a072b54421c6e992ded15227e267788ac371d89fd8a5
,,,冗余三元组,9.0,3.0,是,extraction,0ec99e7cb6f44635fcabc5bf332037bea07b228f7b51753076ef1e8382984bc4
,,,冗余三元组,10.0,4.0,是,extraction,4253afef8f3fd90e1effb4068d33d5af9bf9795c98a41a591346af581d8c5b13
,,,冗余三元组,12.0,4.0,是,extraction,157789d187fc7ed7a6f770e4112d938e1669ffabeec33b64ab160620d61c286f
,,,冗余三元组,13.0,29.0,是,extraction,ffa30b4f3216d3a8f56030cb4d33517361b4979ec19a58b4d3a546e9f0b38bdc
,,,冗余三元组,1.0,31.0,涉及问题,extraction,ea08369126f7fbe0d95ca41a348902bab3f4d8e388232d1c4ed32a98fca9af59
,,,冗余三元组,3.0,1.0,权力类型,extraction,63bb5d4e71e6267d4835ef9479c9ff86b0b3ef916f5e6075b1750ed13e17cad3
,,,冗余三元组,38.0,3.0,行驶主体,extraction,09efeab994a6d0a0d2474408b9050a4299990ea94ef2b0fd3b3f3c42b80c1d00
,,,冗余三元组,38.0,3.0,承办机构,extraction,3ffeb2c635f8eac91bfd409e9ffa26f73bbf4f4bb174d1a1c0cfa1334e723247
,,,冗余三元组,23.0,3.0,实施依据,extraction,365a514488858a29239444ea6807697216abe5039811b8ff6d729d3df6958386
,,,冗余三元组,1.0,53.0,涉及事项,extraction,f0541f7d0c2d3d04c56da88a6bc6ad2f2baea1220b292ed6fa4bf4744fe4e698
,,,冗余三元组,3.0,1.0,权力类型,extraction,63bb5d4e71e6267d4835ef9479c9ff86b0b3ef916f5e6075b1750ed13e17cad3
,,,冗余三元组,38.0,3.0,行驶主体,extraction,09efeab994a6d0a0d2474408b9050a4299990ea94ef2b0fd3b3f3c42b80c1d00
,,,冗余三元组,38.0,3.0,承办机构,extraction,3ffeb2c635f8eac91bfd409e9ffa26f73bbf4f4bb174d1a1c0cfa1334e723247
,,,冗余三元组,3.0,7.0,依据,extraction,2c7744cfc99769a6fc0986cf138e3ed4d77c32f88512b230684854b6658447e8
,,,冗余三元组,1.0,60.0,涉及领域,extraction,25fe9bcaeb7e004a7f7cb1fcb4d291c2a96c608fd8ff4641bee8109287b07717
,,,冗余三元组,32.0,3.0,行使主体,extraction,41bdabc86688760dc4912d308c407e2c7ab5128e9fb40e1cea06108bb0194425
,,,冗余三元组,32.0,32.0,承办机构,extraction,911adfffd05806263bf58b0d02a29a83b098803ea7bdf542e61063696f391749
,,,冗余三元组,29.0,3.0,实施依据,extraction,cd40df6a540917691517a57a5b1cf5b96661ca5fb5dc29fae67c4de0bc29abf0
,,,冗余三元组,1.0,46.0,涉及,extraction,b97b46d42fda49bf81ff3f4907773acec8566f08195d592b6e6bc1a7f3a94efc
,,,冗余三元组,9.0,3.0,是,extraction,0ec99e7cb6f44635fcabc5bf332037bea07b228f7b51753076ef1e8382984bc4
,,,冗余三元组,10.0,22.0,是,extraction,5a0b03998ab865a9402789a91f83ce5e2c3e8b9dc624370864b73747e8ad330a
,,,冗余三元组,12.0,22.0,是,extraction,51b7578f6e3f4d6aa73a569f8dfc21fce38f169c0202a35f222c3aebbfe18ce9
,,,冗余三元组,13.0,43.0,是,extraction,ade982e693329bd738b2be4fef11a25c3536423672e3d1c585cae98131a035d0
,,,冗余三元组,1.0,6.0,涉及事项,extraction,63ed056176a358e5141eeb94299bb1cc5c1ba655d4c97bdb0e998157b41cd7a5
,,,冗余三元组,3.0,1.0,权力类型,extraction,63bb5d4e71e6267d4835ef9479c9ff86b0b3ef916f5e6075b1750ed13e17cad3
,,,冗余三元组,25.0,1.0,行驶主体,extraction,f8d14ca82df048e60e8e15e838aee0937165e7863b618cad5ab1fa07cbe6c922
,,,冗余三元组,25.0,1.0,承办机构,extraction,52233a544f4c28cfdd7e8c323198ffbcd53a5927d355c09f9eb314df01568645
,,,冗余三元组,35.0,1.0,实施依据,extraction,c2160bc37901fdb446bacf457f42f5af556fdcd5b45c0e99b283102cca9bc468
,,,冗余三元组,1.0,24.0,基于,extraction,a5276488a9604d9649d8bacd34b068a0005e4d755aa469a2a15794604500ae4d
,,,冗余三元组,38.0,10.0,是,extraction,353f87d2e9bef1aa7f353f594f5e93d101000fd95c7424d7dd6415c110489bf9
,,,冗余三元组,38.0,12.0,也是,extraction,b79fcf7b4829e24efe8c47c29b81f95b4bb16fc31ae23b26bee287c726a22afa
,,,冗余三元组,1.0,55.0,涉及方面,extraction,5ee3a47a13dc675638470604b07e57a50fdeaeedeade9769ce1a62338490e202
,,,冗余三元组,9.0,3.0,类型,extraction,7b4fd279b61586115fa2987e2d0371238853c4f6f63e89d0b451e4237f492a37
,,,冗余三元组,10.0,41.0,是,extraction,6f83ced92a9691e5e14cc19bb1bc5463d86dfecb7bda23ec44eab17a27bf9ae5
,,,冗余三元组,12.0,41.0,是,extraction,a4b1a3ff2483dfe0fabc0a44c0aa6f73e99b87cf7ec502667cce0dc30a67f7b2
,,,冗余三元组,13.0,33.0,来自,extraction,545952913b069f9385d3713585055facc0364a83759ff02bb6031c1a0a7ba415
,,,冗余三元组,1.0,53.0,涉及事项,extraction,f0541f7d0c2d3d04c56da88a6bc6ad2f2baea1220b292ed6fa4bf4744fe4e698
,,,冗余三元组,3.0,1.0,权力类型,extraction,63bb5d4e71e6267d4835ef9479c9ff86b0b3ef916f5e6075b1750ed13e17cad3
,,,冗余三元组,4.0,3.0,行驶主体,extraction,65bd830d3a69c947ab33e8bccf4d7c9239947243f009a12164fa2b3d4defa4e5
,,,冗余三元组,4.0,3.0,承办机构,extraction,552f0352c4383de1ccdd6574c3a3cf1febf987d93f20f8b4d8f312f665277ccd
,,,冗余三元组,49.0,3.0,实施依据,extraction,2eb1dcc4ce01375fecbdbca4cf13458825c23886e919a0bc154ca2373ee95e13
,,,冗余三元组,1.0,28.0,涉及,extraction,3f9c3a7839c318c1c0bfcaf59a818cec18c0160e38147f2b67f25e4eb8a81f3f
,,,冗余三元组,3.0,9.0,属于,extraction,e243beb6cddf62185b7e7ffcf414a9105a2c5a93a0690b193f72c7a37fa3b5ca
,,,冗余三元组,16.0,10.0,是,extraction,0676f80814a944f0133efe570d87a4210481e5da6dd1982bbdd57d1a6f69161c
,,,冗余三元组,16.0,12.0,同时也是,extraction,8b867cc888e667e0969917f1602a9804858db651bdaf4170e2e6e0087a1f280c
,,,冗余三元组,1.0,42.0,涉及事项,extraction,6fa1fbc925e7b9f7909377c8fdb4e224f49dc4ac4ecc0317653a80654e14e7bc
,,,冗余三元组,3.0,1.0,权力类型,extraction,63bb5d4e71e6267d4835ef9479c9ff86b0b3ef916f5e6075b1750ed13e17cad3
,,,冗余三元组,44.0,1.0,行驶主体,extraction,5aa5bd754001b528942d9ff1cf92c0dac3eea5408ae1a3ad1be7b48dd6ad7bc6
,,,冗余三元组,44.0,1.0,承办机构,extraction,fe869ebaf0ddd080462b050806e1c882e39322a3f98c8d4b29b1d043af63148d
,,,冗余三元组,1.0,29.0,依据,extraction,7c876ea0542c8c0bbe2bd1071fb11a2281ab201ea6a5d96c9f866fe3fc0a1ecb
,,,冗余三元组,1.0,8.0,涉及内容,extraction,d02de960772b95844ead284f303c0cc0a431bb9e9d2e2a9acb00d12d4b09753a
,,,冗余三元组,9.0,3.0,类型,extraction,7b4fd279b61586115fa2987e2d0371238853c4f6f63e89d0b451e4237f492a37
,,,冗余三元组,10.0,41.0,为,extraction,28521ddcfbcdc9bf555c544f9ffedc4f6916f361d04d3b7fc73bf53600a847fc
,,,冗余三元组,12.0,41.0,为,extraction,7ca35468b51f857f9340e1ae58c7560d960329fb74fc4d3211c8f9c490e143fe
,,,冗余三元组,13.0,29.0,来源,extraction,44d431060727abd4dc6d4bb0e4448ca7a5f06f78b5fefc806cdddbbc5c831ac2
,,,冗余三元组,9.0,3.0,是,extraction,0ec99e7cb6f44635fcabc5bf332037bea07b228f7b51753076ef1e8382984bc4
,,,冗余三元组,10.0,44.0,是,extraction,53854b14f84a4f7bcec4288babeeb93d9202a8f1247a14098e9a02982cc95640
,,,冗余三元组,12.0,44.0,是,extraction,de41cd62c11f82837c5925e3426f42630d0bc935f1a9e33489b933acda4b7831
,,,冗余三元组,13.0,43.0,是,extraction,ade982e693329bd738b2be4fef11a25c3536423672e3d1c585cae98131a035d0
,,,冗余三元组,39.0,1.0,是,extraction,38e1d37380a7519608b7025690633256c2d7865eeeda60653fee8757d9e4afaf
,,,冗余三元组,9.0,3.0,是,extraction,0ec99e7cb6f44635fcabc5bf332037bea07b228f7b51753076ef1e8382984bc4
,,,冗余三元组,10.0,41.0,是,extraction,6f83ced92a9691e5e14cc19bb1bc5463d86dfecb7bda23ec44eab17a27bf9ae5
,,,冗余三元组,12.0,41.0,是,extraction,a4b1a3ff2483dfe0fabc0a44c0aa6f73e99b87cf7ec502667cce0dc30a67f7b2
,,,冗余三元组,13.0,35.0,是,extraction,bdb6ae948fcb734a09a70e6199e73c6b4e1ee8988d36d946e8376162542ec754
,,,冗余三元组,1.0,46.0,涉及问题,extraction,3e940b19ef498016fad79857e57d4ee162cee2e05833d1b57fba62f1d9613be3
,,,冗余三元组,3.0,1.0,权力类型,extraction,63bb5d4e71e6267d4835ef9479c9ff86b0b3ef916f5e6075b1750ed13e17cad3
,,,冗余三元组,38.0,3.0,行驶主体,extraction,09efeab994a6d0a0d2474408b9050a4299990ea94ef2b0fd3b3f3c42b80c1d00
,,,冗余三元组,38.0,3.0,承办机构,extraction,3ffeb2c635f8eac91bfd409e9ffa26f73bbf4f4bb174d1a1c0cfa1334e723247
,,,冗余三元组,23.0,3.0,实施依据,extraction,365a514488858a29239444ea6807697216abe5039811b8ff6d729d3df6958386
,,,冗余三元组,1.0,53.0,涉及事项,extraction,f0541f7d0c2d3d04c56da88a6bc6ad2f2baea1220b292ed6fa4bf4744fe4e698
,,,冗余三元组,11.0,1.0,行驶主体,extraction,50e598b1826c6a6e16cbb761d7126c8286dd306ea8aefdffee154cbb615a866b
,,,冗余三元组,11.0,1.0,承办机构,extraction,ecacee85e506b895bb6ef636499570c58825c04c2655e0f358383dd8770dbffa
,,,冗余三元组,1.0,23.0,依据,extraction,0c4e2a2eed4772431ff0a6f635bec43d213b808cd3ebb9e90f0dd418ba282cb2
,,,冗余三元组,1.0,2.0,包含,extraction,ece848f89d246452aaa10044790a3062f859636b97889ce3f2ba79cb9580a885
,,,冗余三元组,9.0,3.0,是,extraction,0ec99e7cb6f44635fcabc5bf332037bea07b228f7b51753076ef1e8382984bc4
,,,冗余三元组,10.0,22.0,是,extraction,5a0b03998ab865a9402789a91f83ce5e2c3e8b9dc624370864b73747e8ad330a
,,,冗余三元组,12.0,22.0,是,extraction,51b7578f6e3f4d6aa73a569f8dfc21fce38f169c0202a35f222c3aebbfe18ce9
,,,冗余三元组,13.0,50.0,是,extraction,c041f04873201647e0b342a86dacb602d31a2f7036dbbbcb8019ba08c7818ff2
,,,冗余三元组,1.0,21.0,基于,extraction,a1bd9a2a8c08a2ce17d7c253792339ae6ab193851ce14bff47c2774729221fc7
,,,冗余三元组,9.0,3.0,是,extraction,0ec99e7cb6f44635fcabc5bf332037bea07b228f7b51753076ef1e8382984bc4
,,,冗余三元组,10.0,38.0,是,extraction,b756eb5995473eefcaf0d5b4fb891f9eb9190e7e7f446761eaff99790520dd98
,,,冗余三元组,12.0,38.0,是,extraction,76d05d01998cae971c559874b8df42b2445eeafc6d81c360c7aecdbaf38c3f00
,,,冗余三元组,13.0,7.0,是,extraction,5173b273e53a3712e9a749ca6cf7b8e8d3b7641db772c202823ccb26f6087587
,,,冗余三元组,1.0,19.0,涉及行为,extraction,7f240590f2a7da25c488c633d39a09a722fedca13693b57fc75c819db158f3af
,,,冗余三元组,3.0,1.0,权力类型,extraction,63bb5d4e71e6267d4835ef9479c9ff86b0b3ef916f5e6075b1750ed13e17cad3
,,,冗余三元组,11.0,3.0,行驶主体,extraction,252ebc8fde2836f7eae5a791df687860076241cf808bc99e0fd167f0ea262cd9
,,,冗余三元组,11.0,3.0,承办机构,extraction,e3339b884b62824a3b8679c646ddcca5b0bd6ecf6ec75f8d8629aa2e9b31a33c
,,,冗余三元组,3.0,57.0,实施依据,extraction,e01b7835e54581abfa657b1808a0522bf40cbca9262bf39e569a750cf19f593f
,,,冗余三元组,1.0,51.0,涉及行为,extraction,4d50e735db0c7c921debcd5d22ac59a9a9275f523e4dfe60a64102e7ab70d731
,,,冗余三元组,3.0,37.0,依据,extraction,715f2ea5b4746dd4807f014a3997acb14dcfe385864694211e02dd11051b5094
,,,冗余三元组,44.0,10.0,是,extraction,e97b79b5b51a26f8e69423d992b4d4ac3c9df26ba1701ad7c77eeb760090b85f
,,,冗余三元组,1.0,36.0,涉及事项,extraction,8f5ef8181607d60e4eccd5ec612a1b947845c41af6a5aa6f33629298f46d39a8
,,,冗余三元组,3.0,1.0,权力类型,extraction,63bb5d4e71e6267d4835ef9479c9ff86b0b3ef916f5e6075b1750ed13e17cad3
,,,冗余三元组,11.0,3.0,行驶主体,extraction,252ebc8fde2836f7eae5a791df687860076241cf808bc99e0fd167f0ea262cd9
,,,冗余三元组,11.0,3.0,承办机构,extraction,e3339b884b62824a3b8679c646ddcca5b0bd6ecf6ec75f8d8629aa2e9b31a33c
,,,冗余三元组,14.0,3.0,实施依据,extraction,b2a34d3077aee5e73c915f123942606ad10c818ac195f73a26fa6b2a85ed9d1b
,,,冗余三元组,39.0,1.0,是,extraction,38e1d37380a7519608b7025690633256c2d7865eeeda60653fee8757d9e4afaf
,,,冗余三元组,1.0,46.0,涉及问题,extraction,3e940b19ef498016fad79857e57d4ee162cee2e05833d1b57fba62f1d9613be3
,,,冗余三元组,9.0,3.0,是,extraction,0ec99e7cb6f44635fcabc5bf332037bea07b228f7b51753076ef1e8382984bc4
,,,冗余三元组,10.0,38.0,是,extraction,b756eb5995473eefcaf0d5b4fb891f9eb9190e7e7f446761eaff99790520dd98
,,,冗余三元组,12.0,38.0,是,extraction,76d05d01998cae971c559874b8df42b2445eeafc6d81c360c7aecdbaf38c3f00
,,,冗余三元组,13.0,29.0,是,extraction,ffa30b4f3216d3a8f56030cb4d33517361b4979ec19a58b4d3a546e9f0b38bdc
,,,冗余三元组,1.0,46.0,包含,extraction,43de48e1fd0d3973027e232e73e22a3174566b69b4fe0e1932b85469761532cb
,,,冗余三元组,9.0,3.0,是,extraction,0ec99e7cb6f44635fcabc5bf332037bea07b228f7b51753076ef1e8382984bc4
,,,冗余三元组,10.0,26.0,是,extraction,89fbb5ae30c6220e41f165591e4df027877c140a72033fe0680e44206164aa17
,,,冗余三元组,12.0,26.0,是,extraction,a3817cab3fccbfd1b94576c85b68cfb0ff0511791fe7ada5dd7c10500502e531
,,,冗余三元组,13.0,37.0,是,extraction,11ad231736d8e934254b836f208f0b302e4d9e38c23214e2036235899cb04fe6
,,,冗余三元组,39.0,1.0,是,extraction,38e1d37380a7519608b7025690633256c2d7865eeeda60653fee8757d9e4afaf
,,,冗余三元组,1.0,54.0,包括,extraction,2a09669746dc006c536cbea543678c612260e64930ba7948723ab5ba64ddb52f
,,,冗余三元组,9.0,3.0,是,extraction,0ec99e7cb6f44635fcabc5bf332037bea07b228f7b51753076ef1e8382984bc4
,,,冗余三元组,10.0,25.0,是,extraction,ad542489db79b38432a47864e6f61070ea6042115797987a3bcdb2baca19bebf
,,,冗余三元组,12.0,25.0,是,extraction,dc4ae0749038f60cf9a543d11bdbb3655270d3f1168c53408b231865a3b78a64
,,,冗余三元组,13.0,29.0,是,extraction,ffa30b4f3216d3a8f56030cb4d33517361b4979ec19a58b4d3a546e9f0b38bdc
,,,冗余三元组,1.0,24.0,基于,extraction,a5276488a9604d9649d8bacd34b068a0005e4d755aa469a2a15794604500ae4d
,,,冗余三元组,9.0,3.0,是,extraction,0ec99e7cb6f44635fcabc5bf332037bea07b228f7b51753076ef1e8382984bc4
,,,冗余三元组,10.0,11.0,是,extraction,44a8fa7ea54ec2e41111a4f5dc6a9811dee8aa3aa19fb306f9177dfc86a9aea9
,,,冗余三元组,12.0,11.0,是,extraction,54710bbec3ca077fe79c80e1e95ea28a843633289f5bc6efe6abea14f6118623
,,,冗余三元组,13.0,50.0,是,extraction,c041f04873201647e0b342a86dacb602d31a2f7036dbbbcb8019ba08c7818ff2
,,,冗余三元组,1.0,45.0,涉及事项,extraction,dd7fe96509b2c5c33db03e133555278b4cecbf544b6fac7dea1158a8470efe3a
,,,冗余三元组,3.0,1.0,权力类型,extraction,63bb5d4e71e6267d4835ef9479c9ff86b0b3ef916f5e6075b1750ed13e17cad3
,,,冗余三元组,26.0,3.0,行驶主体,extraction,53a6aecb0cb919674eb601d3ca9bfb3e1cd8021d0c2b4edaea1103f12ff5d1fa
,,,冗余三元组,26.0,3.0,承办机构,extraction,09f29ebed328eaaeac44ee7d9b0d8d8b248964f2da25bc454213eb1f6ed1c65b
,,,冗余三元组,27.0,3.0,实施依据,extraction,13ecae60e92e941ef4d9485768d111c391b72853ef20b0f5a42b8bcdde18e40b
,,,冗余三元组,1.0,40.0,包含,extraction,1210a34215a9f1d268a7fdec9665e7afedf2c960bf0be97d698e7bf44f4ad33c
,,,冗余三元组,9.0,3.0,是,extraction,0ec99e7cb6f44635fcabc5bf332037bea07b228f7b51753076ef1e8382984bc4
,,,冗余三元组,10.0,26.0,是,extraction,89fbb5ae30c6220e41f165591e4df027877c140a72033fe0680e44206164aa17
,,,冗余三元组,12.0,26.0,是,extraction,a3817cab3fccbfd1b94576c85b68cfb0ff0511791fe7ada5dd7c10500502e531
,,,冗余三元组,13.0,27.0,是,extraction,b6eab7714fb673bef9d283a76736709544e272990472859dc282d706a47931e5
,,,冗余三元组,1.0,24.0,基于,extraction,a5276488a9604d9649d8bacd34b068a0005e4d755aa469a2a15794604500ae4d
,,,冗余三元组,22.0,10.0,是,extraction,8d4dfdb004cd6cd2b55d81594940284833b7cf6b5cd357349d5e49c06d7f1ad9
,,,冗余三元组,22.0,12.0,也是,extraction,852857f864ae3a2ce6c780cc79a594343825695e6bd83a180fcef707d11525cf
,,,冗余三元组,20.0,13.0,是,extraction,3fe1573022cfb07df92056d77bba409bb0cf1702a9ac19d5d5304c6b04581f76
,,,冗余三元组,39.0,1.0,是,extraction,38e1d37380a7519608b7025690633256c2d7865eeeda60653fee8757d9e4afaf
,,,冗余三元组,1.0,42.0,包含,extraction,7b9ef832aee05a7033973a1d4073ad0fff49c6f684c144c1b53de1c7765d56dd
,,,冗余三元组,9.0,3.0,是,extraction,0ec99e7cb6f44635fcabc5bf332037bea07b228f7b51753076ef1e8382984bc4
,,,冗余三元组,10.0,41.0,是,extraction,6f83ced92a9691e5e14cc19bb1bc5463d86dfecb7bda23ec44eab17a27bf9ae5
,,,冗余三元组,12.0,41.0,是,extraction,a4b1a3ff2483dfe0fabc0a44c0aa6f73e99b87cf7ec502667cce0dc30a67f7b2
,,,冗余三元组,13.0,27.0,是,extraction,b6eab7714fb673bef9d283a76736709544e272990472859dc282d706a47931e5
,,,冗余三元组,1.0,24.0,基于,extraction,a5276488a9604d9649d8bacd34b068a0005e4d755aa469a2a15794604500ae4d
,,,冗余三元组,9.0,3.0,是,extraction,0ec99e7cb6f44635fcabc5bf332037bea07b228f7b51753076ef1e8382984bc4
,,,冗余三元组,10.0,4.0,是,extraction,4253afef8f3fd90e1effb4068d33d5af9bf9795c98a41a591346af581d8c5b13
,,,冗余三元组,12.0,4.0,是,extraction,157789d187fc7ed7a6f770e4112d938e1669ffabeec33b64ab160620d61c286f
,,,冗余三元组,13.0,20.0,是,extraction,f536065857d8cffb8690029d0de8e595064374e0e38deb823e625bf375f96c61
,,,冗余三元组,1.0,58.0,涉及,extraction,ebb5415c1b54071499b45a909f698aaec953682c36e97747e6aee00bc7e619d3
,,,冗余三元组,9.0,3.0,是,extraction,0ec99e7cb6f44635fcabc5bf332037bea07b228f7b51753076ef1e8382984bc4
,,,冗余三元组,10.0,4.0,是,extraction,4253afef8f3fd90e1effb4068d33d5af9bf9795c98a41a591346af581d8c5b13
,,,冗余三元组,12.0,4.0,是,extraction,157789d187fc7ed7a6f770e4112d938e1669ffabeec33b64ab160620d61c286f
,,,冗余三元组,13.0,33.0,是,extraction,fc4553073462fe666aaa676d985116bc290a0c71f03fb633205f00b4fcf4ff71
,,,冗余三元组,1.0,52.0,涉及问题,extraction,90af34399ad797a62bec9b3819dad9d64b8031065ff158d8a5f1015257e3e4dd
,,,冗余三元组,9.0,3.0,类型,extraction,7b4fd279b61586115fa2987e2d0371238853c4f6f63e89d0b451e4237f492a37
,,,冗余三元组,10.0,11.0,是,extraction,44a8fa7ea54ec2e41111a4f5dc6a9811dee8aa3aa19fb306f9177dfc86a9aea9
,,,冗余三元组,12.0,11.0,是,extraction,54710bbec3ca077fe79c80e1e95ea28a843633289f5bc6efe6abea14f6118623
,,,冗余三元组,13.0,50.0,来自,extraction,fa6cdeec1e0231c807538c5efd89f4748a1d8da3c2db787e14940f7d05a10c58
,,,冗余三元组,1.0,42.0,涉及事项,extraction,6fa1fbc925e7b9f7909377c8fdb4e224f49dc4ac4ecc0317653a80654e14e7bc
,,,冗余三元组,3.0,1.0,权力类型,extraction,63bb5d4e71e6267d4835ef9479c9ff86b0b3ef916f5e6075b1750ed13e17cad3
,,,冗余三元组,25.0,3.0,行驶主体,extraction,c7f405beeae1829a03dbec6b28d32c4d828da48de999734d24825266b3076f59
,,,冗余三元组,25.0,3.0,承办机构,extraction,eef2c4724eefbb6cbc8a1e38dd903f5952b15b4fa168168b9caed346c6551029
,,,冗余三元组,29.0,3.0,实施依据,extraction,cd40df6a540917691517a57a5b1cf5b96661ca5fb5dc29fae67c4de0bc29abf0
,,,冗余三元组,39.0,1.0,是,extraction,38e1d37380a7519608b7025690633256c2d7865eeeda60653fee8757d9e4afaf
,,,冗余三元组,1.0,54.0,包括,extraction,2a09669746dc006c536cbea543678c612260e64930ba7948723ab5ba64ddb52f
,,,冗余三元组,9.0,3.0,是,extraction,0ec99e7cb6f44635fcabc5bf332037bea07b228f7b51753076ef1e8382984bc4
,,,冗余三元组,10.0,25.0,是,extraction,ad542489db79b38432a47864e6f61070ea6042115797987a3bcdb2baca19bebf
,,,冗余三元组,12.0,25.0,是,extraction,dc4ae0749038f60cf9a543d11bdbb3655270d3f1168c53408b231865a3b78a64
,,,冗余三元组,13.0,37.0,是,extraction,11ad231736d8e934254b836f208f0b302e4d9e38c23214e2036235899cb04fe6
,,,冗余三元组,1.0,8.0,涉及内容,extraction,d02de960772b95844ead284f303c0cc0a431bb9e9d2e2a9acb00d12d4b09753a
,,,冗余三元组,9.0,3.0,类型,extraction,7b4fd279b61586115fa2987e2d0371238853c4f6f63e89d0b451e4237f492a37
,,,冗余三元组,10.0,25.0,为,extraction,14eb8cd0d77ed5391b9d37dc27fe68abd7670df3ba47dcd28eb6861f63d38e07
,,,冗余三元组,12.0,25.0,为,extraction,95495f064660a3f109251dafe2c267d79bb3d759704576cd0f4930aedae02db4
,,,冗余三元组,13.0,50.0,来自,extraction,fa6cdeec1e0231c807538c5efd89f4748a1d8da3c2db787e14940f7d05a10c58
,,,冗余三元组,1.0,15.0,包含行为,extraction,50889e3cad3a2af3fe5c788cdd352c4e79a5e965367902c33f7b1eab2a878616
,,,冗余三元组,9.0,3.0,是,extraction,0ec99e7cb6f44635fcabc5bf332037bea07b228f7b51753076ef1e8382984bc4
,,,冗余三元组,10.0,22.0,是,extraction,5a0b03998ab865a9402789a91f83ce5e2c3e8b9dc624370864b73747e8ad330a
,,,冗余三元组,12.0,22.0,是,extraction,51b7578f6e3f4d6aa73a569f8dfc21fce38f169c0202a35f222c3aebbfe18ce9
,,,冗余三元组,13.0,35.0,是,extraction,bdb6ae948fcb734a09a70e6199e73c6b4e1ee8988d36d946e8376162542ec754
,,,冗余三元组,1.0,15.0,包含行为,extraction,50889e3cad3a2af3fe5c788cdd352c4e79a5e965367902c33f7b1eab2a878616
,,,冗余三元组,9.0,3.0,是,extraction,0ec99e7cb6f44635fcabc5bf332037bea07b228f7b51753076ef1e8382984bc4
,,,冗余三元组,10.0,41.0,是,extraction,6f83ced92a9691e5e14cc19bb1bc5463d86dfecb7bda23ec44eab17a27bf9ae5
,,,冗余三元组,12.0,41.0,是,extraction,a4b1a3ff2483dfe0fabc0a44c0aa6f73e99b87cf7ec502667cce0dc30a67f7b2
,,,冗余三元组,13.0,7.0,是,extraction,5173b273e53a3712e9a749ca6cf7b8e8d3b7641db772c202823ccb26f6087587
,,,冗余三元组,1.0,18.0,涉及领域,extraction,bb9a6c5169497cb67071e7b38b89fd47ad0c56bc2fc613c8ae73303717a93cc9
,,,冗余三元组,26.0,1.0,行使主体,extraction,4b4001fd1d5a33d62b24eafad32672e1f0862f7f54bdee86f3a10e2cd536a09c
,,,冗余三元组,26.0,1.0,承办机构,extraction,69ebaebdf045cea8cb77aa5e448d960f3c2e8a6fbe335676bbabaa00d3c918e5
,,,冗余三元组,1.0,14.0,依据,extraction,ef634f9e84afb4ebf494e22553b15ac7b1fbc49e61d65588899d98c77fee67fd
,,,冗余三元组,1.0,58.0,涉及,extraction,ebb5415c1b54071499b45a909f698aaec953682c36e97747e6aee00bc7e619d3
,,,冗余三元组,9.0,3.0,是,extraction,0ec99e7cb6f44635fcabc5bf332037bea07b228f7b51753076ef1e8382984bc4
,,,冗余三元组,10.0,25.0,是,extraction,ad542489db79b38432a47864e6f61070ea6042115797987a3bcdb2baca19bebf
,,,冗余三元组,12.0,25.0,是,extraction,dc4ae0749038f60cf9a543d11bdbb3655270d3f1168c53408b231865a3b78a64
,,,冗余三元组,13.0,27.0,是,extraction,b6eab7714fb673bef9d283a76736709544e272990472859dc282d706a47931e5
,,,冗余三元组,1.0,31.0,涉及问题,extraction,ea08369126f7fbe0d95ca41a348902bab3f4d8e388232d1c4ed32a98fca9af59
,,,冗余三元组,3.0,1.0,权力类型,extraction,63bb5d4e71e6267d4835ef9479c9ff86b0b3ef916f5e6075b1750ed13e17cad3
,,,冗余三元组,25.0,3.0,行驶主体,extraction,c7f405beeae1829a03dbec6b28d32c4d828da48de999734d24825266b3076f59
,,,冗余三元组,25.0,3.0,承办机构,extraction,eef2c4724eefbb6cbc8a1e38dd903f5952b15b4fa168168b9caed346c6551029
,,,冗余三元组,3.0,37.0,实施依据,extraction,b86037853e03ce9325835ce0d5f8bc88f5a69871c920f2a76c31a83bbd194153
,,,冗余三元组,1.0,45.0,涉及事项,extraction,dd7fe96509b2c5c33db03e133555278b4cecbf544b6fac7dea1158a8470efe3a
,,,冗余三元组,3.0,1.0,权力类型,extraction,63bb5d4e71e6267d4835ef9479c9ff86b0b3ef916f5e6075b1750ed13e17cad3
,,,冗余三元组,32.0,3.0,行驶主体,extraction,25aa2c1e152670ddfb23d68a0ae7e021b4a2e63a8a68352208fab8aba8a37318
,,,冗余三元组,32.0,3.0,承办机构,extraction,7cfdba5de59642b67f9924e80b0324afb048e0e5fbe8a9a65ee9100edeae0749
,,,冗余三元组,27.0,3.0,实施依据,extraction,13ecae60e92e941ef4d9485768d111c391b72853ef20b0f5a42b8bcdde18e40b
,,,冗余三元组,1.0,45.0,涉及事项,extraction,dd7fe96509b2c5c33db03e133555278b4cecbf544b6fac7dea1158a8470efe3a
,,,冗余三元组,3.0,1.0,权力类型,extraction,63bb5d4e71e6267d4835ef9479c9ff86b0b3ef916f5e6075b1750ed13e17cad3
,,,冗余三元组,38.0,3.0,行驶主体,extraction,09efeab994a6d0a0d2474408b9050a4299990ea94ef2b0fd3b3f3c42b80c1d00
,,,冗余三元组,38.0,3.0,承办机构,extraction,3ffeb2c635f8eac91bfd409e9ffa26f73bbf4f4bb174d1a1c0cfa1334e723247
,,,冗余三元组,23.0,3.0,实施依据,extraction,365a514488858a29239444ea6807697216abe5039811b8ff6d729d3df6958386
,,,冗余三元组,1.0,48.0,涉及内容,extraction,c90c36bc34d7f04fedfc793b0376221c7073cfdcfd8648ced932e92d2e837f7a
,,,冗余三元组,3.0,1.0,权力类型,extraction,63bb5d4e71e6267d4835ef9479c9ff86b0b3ef916f5e6075b1750ed13e17cad3
,,,冗余三元组,32.0,1.0,行驶主体,extraction,f3ae7eebff4e3460421e23abeef0b3052dd9a3dcfbd1f44a03d027eeb1801b4f
,,,冗余三元组,32.0,1.0,承办机构,extraction,931cafd24efaf97775db66b22a04ccc10ef5b34c9f1550f1c6e447e2887940db
,,,冗余三元组,23.0,1.0,实施依据,extraction,38e452b8d15dc7858dd36229d7d1d00af4852cea15d7b71d1d6320aef92fe236
,,,冗余三元组,1.0,17.0,涉及事项,extraction,26e5b368d0569ae2cd1db86e58c1825b9d075b33fb779749f2c6991aaf9b42eb
,,,冗余三元组,3.0,1.0,权力类型,extraction,63bb5d4e71e6267d4835ef9479c9ff86b0b3ef916f5e6075b1750ed13e17cad3
,,,冗余三元组,44.0,3.0,行驶主体,extraction,5a54a852e46cf955056cfb470e35ee0ab596f12cadf4d4250f92e1854d40d0fb
,,,冗余三元组,44.0,3.0,承办机构,extraction,26be69caa0923ff59e399351f5a7dbfb94533ccfbecefd9b8cd69f55e191c14d
,,,冗余三元组,3.0,20.0,实施依据,extraction,904d9893c432b7f5610334c63d7c55767465e2c831a2b7963a6b4bed774952e6
,,,冗余三元组,1.0,2.0,涉及事项,extraction,45a6b5e9b7acaaf964d4ba55ee382735953a50be79b9c5a63cfd56f3bfaa98e9
,,,冗余三元组,3.0,1.0,权力类型,extraction,63bb5d4e71e6267d4835ef9479c9ff86b0b3ef916f5e6075b1750ed13e17cad3
,,,冗余三元组,25.0,1.0,行驶主体,extraction,f8d14ca82df048e60e8e15e838aee0937165e7863b618cad5ab1fa07cbe6c922
,,,冗余三元组,25.0,1.0,承办机构,extraction,52233a544f4c28cfdd7e8c323198ffbcd53a5927d355c09f9eb314df01568645
,,,冗余三元组,1.0,29.0,依据,extraction,7c876ea0542c8c0bbe2bd1071fb11a2281ab201ea6a5d96c9f866fe3fc0a1ecb
,,,冗余三元组,1.0,40.0,涉及内容,extraction,de20e85db7086358cf9286abdebf47adc291c16b26f2f272b53ee25a61196b6a
,,,冗余三元组,9.0,3.0,类型,extraction,7b4fd279b61586115fa2987e2d0371238853c4f6f63e89d0b451e4237f492a37
,,,冗余三元组,10.0,11.0,是,extraction,44a8fa7ea54ec2e41111a4f5dc6a9811dee8aa3aa19fb306f9177dfc86a9aea9
,,,冗余三元组,12.0,11.0,是,extraction,54710bbec3ca077fe79c80e1e95ea28a843633289f5bc6efe6abea14f6118623
,,,冗余三元组,13.0,43.0,是,extraction,ade982e693329bd738b2be4fef11a25c3536423672e3d1c585cae98131a035d0
,,,冗余三元组,1.0,28.0,涉及内容,extraction,ac3ee725f8a339f9fbd2a7028b68d899a9b8e5be581c35045e4b8bfb3dc079c3
,,,冗余三元组,3.0,1.0,权力类型,extraction,63bb5d4e71e6267d4835ef9479c9ff86b0b3ef916f5e6075b1750ed13e17cad3
,,,冗余三元组,4.0,1.0,行驶主体,extraction,76853b7863ac80a3aad594a1104aa5b967a97525e8a2a9def28eeeebf43e4bab
,,,冗余三元组,4.0,1.0,承办机构,extraction,f7483722370a3db6cc6e9698d7f621113a7fe751bca6b181a1961b22639e7ed3
,,,冗余三元组,1.0,14.0,依据,extraction,ef634f9e84afb4ebf494e22553b15ac7b1fbc49e61d65588899d98c77fee67fd
,,,冗余三元组,1.0,40.0,包含,extraction,1210a34215a9f1d268a7fdec9665e7afedf2c960bf0be97d698e7bf44f4ad33c
,,,冗余三元组,9.0,3.0,是,extraction,0ec99e7cb6f44635fcabc5bf332037bea07b228f7b51753076ef1e8382984bc4
,,,冗余三元组,10.0,26.0,是,extraction,89fbb5ae30c6220e41f165591e4df027877c140a72033fe0680e44206164aa17
,,,冗余三元组,12.0,26.0,是,extraction,a3817cab3fccbfd1b94576c85b68cfb0ff0511791fe7ada5dd7c10500502e531
,,,冗余三元组,13.0,27.0,是,extraction,b6eab7714fb673bef9d283a76736709544e272990472859dc282d706a47931e5
,,,冗余三元组,1.0,18.0,服务事项,extraction,a10e56d06e93403194a7f15c758eeb0a2a28d56e4af8f272bdf40e692373e455
,,,冗余三元组,3.0,1.0,权力类型,extraction,63bb5d4e71e6267d4835ef9479c9ff86b0b3ef916f5e6075b1750ed13e17cad3
,,,冗余三元组,22.0,1.0,行驶主体,extraction,51b40b4c4f91240a5d323aaa57fa14fc575345cbc5dfbd5960fee3546a9d8c6c
,,,冗余三元组,22.0,1.0,承办机构,extraction,9c49a1220338386706f2952f161469c3bd5f784a5b99fbb95a8b8222c52b3a33
,,,冗余三元组,23.0,1.0,实施依据,extraction,38e452b8d15dc7858dd36229d7d1d00af4852cea15d7b71d1d6320aef92fe236
,,,冗余三元组,1.0,53.0,服务事项,extraction,6e3e1be22725db07cbda085e898d35471ffc4e71289552d4108ae311195e776c
,,,冗余三元组,3.0,1.0,权力类型,extraction,63bb5d4e71e6267d4835ef9479c9ff86b0b3ef916f5e6075b1750ed13e17cad3
,,,冗余三元组,32.0,1.0,行驶主体,extraction,f3ae7eebff4e3460421e23abeef0b3052dd9a3dcfbd1f44a03d027eeb1801b4f
,,,冗余三元组,32.0,1.0,承办机构,extraction,931cafd24efaf97775db66b22a04ccc10ef5b34c9f1550f1c6e447e2887940db
,,,冗余三元组,14.0,1.0,实施依据,extraction,9e8311c5545f056237fea59ad427e08044b1f281b728a5fbe6f711b2b87fb62b
,,,冗余三元组,1.0,53.0,涉及事项,extraction,f0541f7d0c2d3d04c56da88a6bc6ad2f2baea1220b292ed6fa4bf4744fe4e698
,,,冗余三元组,3.0,1.0,权力类型,extraction,63bb5d4e71e6267d4835ef9479c9ff86b0b3ef916f5e6075b1750ed13e17cad3
,,,冗余三元组,4.0,3.0,行驶主体,extraction,65bd830d3a69c947ab33e8bccf4d7c9239947243f009a12164fa2b3d4defa4e5
,,,冗余三元组,4.0,3.0,承办机构,extraction,552f0352c4383de1ccdd6574c3a3cf1febf987d93f20f8b4d8f312f665277ccd
,,,冗余三元组,35.0,3.0,实施依据,extraction,b624cc26441dfe817af4e1eb453814a9cb80441634853b422b6c75adb5478d0b
,,,冗余三元组,1.0,40.0,基于,extraction,a85624624539924188006fe19700cbca1e2a48322c712646b9353d0df3e1eb24
,,,冗余三元组,9.0,3.0,是,extraction,0ec99e7cb6f44635fcabc5bf332037bea07b228f7b51753076ef1e8382984bc4
,,,冗余三元组,10.0,25.0,为,extraction,14eb8cd0d77ed5391b9d37dc27fe68abd7670df3ba47dcd28eb6861f63d38e07
,,,冗余三元组,12.0,25.0,为,extraction,95495f064660a3f109251dafe2c267d79bb3d759704576cd0f4930aedae02db4
,,,冗余三元组,13.0,20.0,是,extraction,f536065857d8cffb8690029d0de8e595064374e0e38deb823e625bf375f96c61
,,,冗余三元组,1.0,46.0,包含,extraction,43de48e1fd0d3973027e232e73e22a3174566b69b4fe0e1932b85469761532cb
,,,冗余三元组,9.0,3.0,是,extraction,0ec99e7cb6f44635fcabc5bf332037bea07b228f7b51753076ef1e8382984bc4
,,,冗余三元组,10.0,4.0,是,extraction,4253afef8f3fd90e1effb4068d33d5af9bf9795c98a41a591346af581d8c5b13
,,,冗余三元组,12.0,4.0,是,extraction,157789d187fc7ed7a6f770e4112d938e1669ffabeec33b64ab160620d61c286f
,,,冗余三元组,13.0,33.0,是,extraction,fc4553073462fe666aaa676d985116bc290a0c71f03fb633205f00b4fcf4ff71
,,,冗余三元组,1.0,55.0,涉及,extraction,d3dce47df0bc87d9fc69992a5dfb419dc64d4ec5f6b002937da586081885a914
,,,冗余三元组,3.0,9.0,属于,extraction,e243beb6cddf62185b7e7ffcf414a9105a2c5a93a0690b193f72c7a37fa3b5ca
,,,冗余三元组,38.0,10.0,是,extraction,353f87d2e9bef1aa7f353f594f5e93d101000fd95c7424d7dd6415c110489bf9
,,,冗余三元组,38.0,12.0,是,extraction,5c42b0031306e19d6f6592a1b111dcd011bb3991db3da0d26d8c22aac1b80b00
,,,冗余三元组,14.0,13.0,是,extraction,ec5a0d5165e29a74ae4544aaee4017df2f0e741c158c782869ed225ee463dd22
,,,冗余三元组,1.0,60.0,涉及领域,extraction,25fe9bcaeb7e004a7f7cb1fcb4d291c2a96c608fd8ff4641bee8109287b07717
,,,冗余三元组,3.0,1.0,权力类型,extraction,63bb5d4e71e6267d4835ef9479c9ff86b0b3ef916f5e6075b1750ed13e17cad3
,,,冗余三元组,44.0,3.0,行驶主体,extraction,5a54a852e46cf955056cfb470e35ee0ab596f12cadf4d4250f92e1854d40d0fb
,,,冗余三元组,44.0,3.0,承办机构,extraction,26be69caa0923ff59e399351f5a7dbfb94533ccfbecefd9b8cd69f55e191c14d
,,,冗余三元组,3.0,29.0,实施依据,extraction,7a7bcb4a026d33d470d90f7883f87faa7c2e08e41279ee073aad251b46a7b8de
,,,冗余三元组,1.0,48.0,涉及内容,extraction,c90c36bc34d7f04fedfc793b0376221c7073cfdcfd8648ced932e92d2e837f7a
,,,冗余三元组,3.0,1.0,权力类型,extraction,63bb5d4e71e6267d4835ef9479c9ff86b0b3ef916f5e6075b1750ed13e17cad3
,,,冗余三元组,32.0,1.0,行驶主体,extraction,f3ae7eebff4e3460421e23abeef0b3052dd9a3dcfbd1f44a03d027eeb1801b4f
,,,冗余三元组,32.0,1.0,承办机构,extraction,931cafd24efaf97775db66b22a04ccc10ef5b34c9f1550f1c6e447e2887940db
,,,冗余三元组,27.0,1.0,实施依据,extraction,1dd09eaa3ac242a6049883882dda75ebce911a0b4434d4e2ef5da6ac96a10226
,,,冗余三元组,1.0,18.0,涉及领域,extraction,bb9a6c5169497cb67071e7b38b89fd47ad0c56bc2fc613c8ae73303717a93cc9
,,,冗余三元组,3.0,1.0,权力类型,extraction,63bb5d4e71e6267d4835ef9479c9ff86b0b3ef916f5e6075b1750ed13e17cad3
,,,冗余三元组,44.0,3.0,行驶主体,extraction,5a54a852e46cf955056cfb470e35ee0ab596f12cadf4d4250f92e1854d40d0fb
,,,冗余三元组,44.0,3.0,承办机构,extraction,26be69caa0923ff59e399351f5a7dbfb94533ccfbecefd9b8cd69f55e191c14d
,,,冗余三元组,3.0,29.0,实施依据,extraction,7a7bcb4a026d33d470d90f7883f87faa7c2e08e41279ee073aad251b46a7b8de
,,,冗余三元组,1.0,15.0,包含,extraction,ece6cfea1e7888ef7da542c244213f3cf24b722f04c103df8c133360b0d0783d
,,,冗余三元组,9.0,3.0,是,extraction,0ec99e7cb6f44635fcabc5bf332037bea07b228f7b51753076ef1e8382984bc4
,,,冗余三元组,10.0,11.0,是,extraction,44a8fa7ea54ec2e41111a4f5dc6a9811dee8aa3aa19fb306f9177dfc86a9aea9
,,,冗余三元组,12.0,11.0,是,extraction,54710bbec3ca077fe79c80e1e95ea28a843633289f5bc6efe6abea14f6118623
,,,冗余三元组,13.0,27.0,是,extraction,b6eab7714fb673bef9d283a76736709544e272990472859dc282d706a47931e5
,,,冗余三元组,1.0,31.0,涉及问题,extraction,ea08369126f7fbe0d95ca41a348902bab3f4d8e388232d1c4ed32a98fca9af59
,,,冗余三元组,3.0,1.0,权力类型,extraction,63bb5d4e71e6267d4835ef9479c9ff86b0b3ef916f5e6075b1750ed13e17cad3
,,,冗余三元组,26.0,3.0,行驶主体,extraction,53a6aecb0cb919674eb601d3ca9bfb3e1cd8021d0c2b4edaea1103f12ff5d1fa
,,,冗余三元组,26.0,3.0,承办机构,extraction,09f29ebed328eaaeac44ee7d9b0d8d8b248964f2da25bc454213eb1f6ed1c65b
,,,冗余三元组,3.0,14.0,实施依据,extraction,09931771bbcd9cd15e93938cf3ce07dfed30596b980f89738627e75ac71073d2
,,,冗余三元组,1.0,48.0,涉及内容,extraction,c90c36bc34d7f04fedfc793b0376221c7073cfdcfd8648ced932e92d2e837f7a
,,,冗余三元组,3.0,1.0,权力类型,extraction,63bb5d4e71e6267d4835ef9479c9ff86b0b3ef916f5e6075b1750ed13e17cad3
,,,冗余三元组,11.0,1.0,行驶主体,extraction,50e598b1826c6a6e16cbb761d7126c8286dd306ea8aefdffee154cbb615a866b
,,,冗余三元组,11.0,1.0,承办机构,extraction,ecacee85e506b895bb6ef636499570c58825c04c2655e0f358383dd8770dbffa
,,,冗余三元组,1.0,5.0,实施依据,extraction,486a61e9e7fca54f6ec4756bb53979f8a7fd9d32227e265a6148be88b1a81d0f
,,,冗余三元组,1.0,34.0,包含,extraction,55e4afabf77afe2a5eab9a2e4e01194c0b9b6c241104b977092e714b9c92562f
,,,冗余三元组,9.0,3.0,是,extraction,0ec99e7cb6f44635fcabc5bf332037bea07b228f7b51753076ef1e8382984bc4
,,,冗余三元组,10.0,38.0,是,extraction,b756eb5995473eefcaf0d5b4fb891f9eb9190e7e7f446761eaff99790520dd98
,,,冗余三元组,12.0,38.0,是,extraction,76d05d01998cae971c559874b8df42b2445eeafc6d81c360c7aecdbaf38c3f00
,,,冗余三元组,13.0,23.0,是,extraction,a809901cb1266f3034f5251cd5e201f3ce63e484f49bb7e202066cafcce8d4b1
,,,冗余三元组,1.0,48.0,基于,extraction,fbb70905a6a5b9054e161bcecbd3b5007dfa72d97b0a11614db0f568ff869497
,,,冗余三元组,9.0,3.0,是,extraction,0ec99e7cb6f44635fcabc5bf332037bea07b228f7b51753076ef1e8382984bc4
,,,冗余三元组,10.0,38.0,是,extraction,b756eb5995473eefcaf0d5b4fb891f9eb9190e7e7f446761eaff99790520dd98
,,,冗余三元组,12.0,38.0,是,extraction,76d05d01998cae971c559874b8df42b2445eeafc6d81c360c7aecdbaf38c3f00
,,,冗余三元组,13.0,37.0,是,extraction,11ad231736d8e934254b836f208f0b302e4d9e38c23214e2036235899cb04fe6
,,,冗余三元组,39.0,1.0,是,extraction,38e1d37380a7519608b7025690633256c2d7865eeeda60653fee8757d9e4afaf
,,,冗余三元组,1.0,17.0,包含,extraction,1fc3ef991e7fa2ac5733227de5672bafdfeb183cb60c0fedb70c50247524ed19
,,,冗余三元组,9.0,3.0,是,extraction,0ec99e7cb6f44635fcabc5bf332037bea07b228f7b51753076ef1e8382984bc4
,,,冗余三元组,10.0,38.0,是,extraction,b756eb5995473eefcaf0d5b4fb891f9eb9190e7e7f446761eaff99790520dd98
,,,冗余三元组,12.0,38.0,是,extraction,76d05d01998cae971c559874b8df42b2445eeafc6d81c360c7aecdbaf38c3f00
,,,冗余三元组,13.0,50.0,是,extraction,c041f04873201647e0b342a86dacb602d31a2f7036dbbbcb8019ba08c7818ff2
,,,冗余三元组,1.0,21.0,服务事项,extraction,8d308abc697d8ec4d01a30f717e75bc54bbee9cf1d8f36eef0f95eb86d0c523d
,,,冗余三元组,3.0,1.0,权力类型,extraction,63bb5d4e71e6267d4835ef9479c9ff86b0b3ef916f5e6075b1750ed13e17cad3
,,,冗余三元组,16.0,1.0,行驶主体,extraction,2388221cee7d1ae0ed5be74dbb33fa91b57a06cfae883cc5c2262bfb048b5c48
,,,冗余三元组,16.0,1.0,承办机构,extraction,7da0b9c5ea5b9311256b7bcb955ba7fe507e79fd9fe407e277e1c4de0e1d453e
,,,冗余三元组,23.0,1.0,实施依据,extraction,38e452b8d15dc7858dd36229d7d1d00af4852cea15d7b71d1d6320aef92fe236
,,,冗余三元组,1.0,2.0,包含,extraction,ece848f89d246452aaa10044790a3062f859636b97889ce3f2ba79cb9580a885
,,,冗余三元组,9.0,3.0,是,extraction,0ec99e7cb6f44635fcabc5bf332037bea07b228f7b51753076ef1e8382984bc4
,,,冗余三元组,10.0,41.0,是,extraction,6f83ced92a9691e5e14cc19bb1bc5463d86dfecb7bda23ec44eab17a27bf9ae5
,,,冗余三元组,12.0,41.0,是,extraction,a4b1a3ff2483dfe0fabc0a44c0aa6f73e99b87cf7ec502667cce0dc30a67f7b2
,,,冗余三元组,13.0,33.0,是,extraction,fc4553073462fe666aaa676d985116bc290a0c71f03fb633205f00b4fcf4ff71
,,,冗余三元组,1.0,45.0,涉及事项,extraction,dd7fe96509b2c5c33db03e133555278b4cecbf544b6fac7dea1158a8470efe3a
,,,冗余三元组,3.0,1.0,权力类型,extraction,63bb5d4e71e6267d4835ef9479c9ff86b0b3ef916f5e6075b1750ed13e17cad3
,,,冗余三元组,22.0,3.0,行驶主体,extraction,63b889c6caaf61c3eefad202bc0e1a4344122b009d898e41612d2ce9411c9a90
,,,冗余三元组,22.0,3.0,承办机构,extraction,450ea2044227017296ffd8295e12ead624bac9ad5fb24c8dce7525315368e0fd
,,,冗余三元组,29.0,3.0,实施依据,extraction,cd40df6a540917691517a57a5b1cf5b96661ca5fb5dc29fae67c4de0bc29abf0
,,,冗余三元组,1.0,34.0,包含,extraction,55e4afabf77afe2a5eab9a2e4e01194c0b9b6c241104b977092e714b9c92562f
,,,冗余三元组,9.0,3.0,是,extraction,0ec99e7cb6f44635fcabc5bf332037bea07b228f7b51753076ef1e8382984bc4
,,,冗余三元组,10.0,22.0,是,extraction,5a0b03998ab865a9402789a91f83ce5e2c3e8b9dc624370864b73747e8ad330a
,,,冗余三元组,12.0,22.0,是,extraction,51b7578f6e3f4d6aa73a569f8dfc21fce38f169c0202a35f222c3aebbfe18ce9
,,,冗余三元组,13.0,37.0,是,extraction,11ad231736d8e934254b836f208f0b302e4d9e38c23214e2036235899cb04fe6
,,,冗余三元组,1.0,19.0,涉及内容,extraction,e667158a34c5290413d6959d0281c37377fbc946202a479c446b6afeb89e2126
,,,冗余三元组,3.0,1.0,权力类型,extraction,63bb5d4e71e6267d4835ef9479c9ff86b0b3ef916f5e6075b1750ed13e17cad3
,,,冗余三元组,32.0,1.0,行驶主体,extraction,f3ae7eebff4e3460421e23abeef0b3052dd9a3dcfbd1f44a03d027eeb1801b4f
,,,冗余三元组,32.0,1.0,承办机构,extraction,931cafd24efaf97775db66b22a04ccc10ef5b34c9f1550f1c6e447e2887940db
,,,冗余三元组,35.0,1.0,实施依据,extraction,c2160bc37901fdb446bacf457f42f5af556fdcd5b45c0e99b283102cca9bc468
,,,冗余三元组,1.0,58.0,涉及,extraction,ebb5415c1b54071499b45a909f698aaec953682c36e97747e6aee00bc7e619d3
,,,冗余三元组,9.0,3.0,是,extraction,0ec99e7cb6f44635fcabc5bf332037bea07b228f7b51753076ef1e8382984bc4
,,,冗余三元组,10.0,41.0,是,extraction,6f83ced92a9691e5e14cc19bb1bc5463d86dfecb7bda23ec44eab17a27bf9ae5
,,,冗余三元组,12.0,41.0,是,extraction,a4b1a3ff2483dfe0fabc0a44c0aa6f73e99b87cf7ec502667cce0dc30a67f7b2
,,,冗余三元组,13.0,14.0,是,extraction,bfbeedc7e6daf4f851060b875d14b5b7c1dab5b695356d4176fd018de0894ae2
,,,冗余三元组,1.0,48.0,服务事项,extraction,e7e101401f3cdc40fda09e37060e8e9d74ca89110231c076b5cd763ef6e0dc3c
,,,冗余三元组,3.0,1.0,权力类型,extraction,63bb5d4e71e6267d4835ef9479c9ff86b0b3ef916f5e6075b1750ed13e17cad3
,,,冗余三元组,32.0,1.0,行驶主体,extraction,f3ae7eebff4e3460421e23abeef0b3052dd9a3dcfbd1f44a03d027eeb1801b4f
,,,冗余三元组,32.0,1.0,承办机构,extraction,931cafd24efaf97775db66b22a04ccc10ef5b34c9f1550f1c6e447e2887940db
,,,冗余三元组,20.0,1.0,实施依据,extraction,fa879230d50cba26fe3e25fda133ad3500d518880a888364d68f6f0c8fcf6adf
,,,冗余三元组,1.0,58.0,服务事项,extraction,655d582335d12da2e92c3146cee51b20728dd5a0484a9577ef74b58a5845375c
,,,冗余三元组,3.0,1.0,权力类型,extraction,63bb5d4e71e6267d4835ef9479c9ff86b0b3ef916f5e6075b1750ed13e17cad3
,,,冗余三元组,26.0,1.0,行驶主体,extraction,c02b72a8d8a1775ff7e7978594abd6b5422b51c7c4fffd7eac711ff69bf88a97
,,,冗余三元组,26.0,1.0,承办机构,extraction,69ebaebdf045cea8cb77aa5e448d960f3c2e8a6fbe335676bbabaa00d3c918e5
,,,冗余三元组,35.0,1.0,实施依据,extraction,c2160bc37901fdb446bacf457f42f5af556fdcd5b45c0e99b283102cca9bc468
,,,冗余三元组,1.0,62.0,涉及问题,extraction,2a934fc7a5fcf782dd1e2daadb598b9eafb710e91a5aa9232b2ceb713d26918f
,,,冗余三元组,3.0,1.0,权力类型,extraction,63bb5d4e71e6267d4835ef9479c9ff86b0b3ef916f5e6075b1750ed13e17cad3
,,,冗余三元组,16.0,1.0,行驶主体,extraction,2388221cee7d1ae0ed5be74dbb33fa91b57a06cfae883cc5c2262bfb048b5c48
,,,冗余三元组,16.0,1.0,承办机构,extraction,7da0b9c5ea5b9311256b7bcb955ba7fe507e79fd9fe407e277e1c4de0e1d453e
,,,冗余三元组,50.0,1.0,实施依据,extraction,f457526c1cfb3555ddaf37521754b077e421b97c6e91ba6f2f018b313f33247d
,,,冗余三元组,39.0,1.0,是,extraction,38e1d37380a7519608b7025690633256c2d7865eeeda60653fee8757d9e4afaf
,,,冗余三元组,1.0,65.0,由,extraction,905cf3aafafc7f3fb8e8049e678ac2ffe105fc86a67750444d271fd3ccb21266
,,,冗余三元组,9.0,3.0,是,extraction,0ec99e7cb6f44635fcabc5bf332037bea07b228f7b51753076ef1e8382984bc4
,,,冗余三元组,10.0,44.0,是,extraction,53854b14f84a4f7bcec4288babeeb93d9202a8f1247a14098e9a02982cc95640
,,,冗余三元组,12.0,44.0,是,extraction,de41cd62c11f82837c5925e3426f42630d0bc935f1a9e33489b933acda4b7831
,,,冗余三元组,13.0,50.0,是,extraction,c041f04873201647e0b342a86dacb602d31a2f7036dbbbcb8019ba08c7818ff2
,,,冗余三元组,1.0,55.0,涉及方面,extraction,5ee3a47a13dc675638470604b07e57a50fdeaeedeade9769ce1a62338490e202
,,,冗余三元组,16.0,16.0,行使主体,extraction,a30afd6af3baa3ef619e88bd5ceef5629ad6263bcdb6e756d18761d9dec661de
,,,冗余三元组,16.0,16.0,承办机构,extraction,dd3beedaf67b0e9e05574852bf1b9e7df5fccb39eb43ab3bef7f7645d192767e
,,,冗余三元组,16.0,14.0,依据,extraction,9ee1d6de634c99c16fb3e4f5082e2c895c2f2a3b2dd63218c4f56873848766e5
,,,冗余三元组,1.0,17.0,涉及事项,extraction,26e5b368d0569ae2cd1db86e58c1825b9d075b33fb779749f2c6991aaf9b42eb
,,,冗余三元组,3.0,1.0,权力类型,extraction,63bb5d4e71e6267d4835ef9479c9ff86b0b3ef916f5e6075b1750ed13e17cad3
,,,冗余三元组,44.0,3.0,行驶主体,extraction,5a54a852e46cf955056cfb470e35ee0ab596f12cadf4d4250f92e1854d40d0fb
,,,冗余三元组,44.0,3.0,承办机构,extraction,26be69caa0923ff59e399351f5a7dbfb94533ccfbecefd9b8cd69f55e191c14d
,,,冗余三元组,3.0,5.0,实施依据,extraction,300e1a74feeba098ae7f4718aa129d394916387a593e134f982cc13f2bfa406f
,,,冗余三元组,1.0,53.0,涉及事项,extraction,f0541f7d0c2d3d04c56da88a6bc6ad2f2baea1220b292ed6fa4bf4744fe4e698
,,,冗余三元组,3.0,1.0,权力类型,extraction,63bb5d4e71e6267d4835ef9479c9ff86b0b3ef916f5e6075b1750ed13e17cad3
,,,冗余三元组,16.0,1.0,行驶主体,extraction,2388221cee7d1ae0ed5be74dbb33fa91b57a06cfae883cc5c2262bfb048b5c48
,,,冗余三元组,16.0,1.0,承办机构,extraction,7da0b9c5ea5b9311256b7bcb955ba7fe507e79fd9fe407e277e1c4de0e1d453e
,,,冗余三元组,23.0,1.0,实施依据,extraction,38e452b8d15dc7858dd36229d7d1d00af4852cea15d7b71d1d6320aef92fe236
,,,冗余三元组,1.0,18.0,涉及领域,extraction,bb9a6c5169497cb67071e7b38b89fd47ad0c56bc2fc613c8ae73303717a93cc9
,,,冗余三元组,26.0,1.0,行使主体,extraction,4b4001fd1d5a33d62b24eafad32672e1f0862f7f54bdee86f3a10e2cd536a09c
,,,冗余三元组,26.0,1.0,承办机构,extraction,69ebaebdf045cea8cb77aa5e448d960f3c2e8a6fbe335676bbabaa00d3c918e5
,,,冗余三元组,1.0,29.0,依据,extraction,7c876ea0542c8c0bbe2bd1071fb11a2281ab201ea6a5d96c9f866fe3fc0a1ecb
,,,冗余三元组,1.0,40.0,涉及内容,extraction,de20e85db7086358cf9286abdebf47adc291c16b26f2f272b53ee25a61196b6a
,,,冗余三元组,3.0,1.0,权力类型,extraction,63bb5d4e71e6267d4835ef9479c9ff86b0b3ef916f5e6075b1750ed13e17cad3
,,,冗余三元组,41.0,1.0,行驶主体,extraction,3e203c1cd5240efde0e6a6d05bb4f8d4f3f80b46e735202ba3011d3e2801f0a1
,,,冗余三元组,41.0,1.0,承办机构,extraction,379f2c27a6c0b2eecca7d7b46b22ef51fefdad08ac0ee7abd453d5173a893b67
,,,冗余三元组,1.0,7.0,依据,extraction,ad207775734fc909831229d25a4f5b75a4caf54238f8d0d146d0f0b3eb2acaeb
,,,冗余三元组,1.0,47.0,服务事项,extraction,b33592c1f30e39df0401c77d218134fb8abddfd7e8dbdedb52818471c5201bf4
,,,冗余三元组,3.0,1.0,权力类型,extraction,63bb5d4e71e6267d4835ef9479c9ff86b0b3ef916f5e6075b1750ed13e17cad3
,,,冗余三元组,4.0,1.0,行驶主体,extraction,76853b7863ac80a3aad594a1104aa5b967a97525e8a2a9def28eeeebf43e4bab
,,,冗余三元组,4.0,1.0,承办机构,extraction,f7483722370a3db6cc6e9698d7f621113a7fe751bca6b181a1961b22639e7ed3
,,,冗余三元组,14.0,1.0,实施依据,extraction,9e8311c5545f056237fea59ad427e08044b1f281b728a5fbe6f711b2b87fb62b
,,,冗余三元组,1.0,53.0,涉及事项,extraction,f0541f7d0c2d3d04c56da88a6bc6ad2f2baea1220b292ed6fa4bf4744fe4e698
,,,冗余三元组,3.0,1.0,权力类型,extraction,63bb5d4e71e6267d4835ef9479c9ff86b0b3ef916f5e6075b1750ed13e17cad3
,,,冗余三元组,38.0,3.0,行驶主体,extraction,09efeab994a6d0a0d2474408b9050a4299990ea94ef2b0fd3b3f3c42b80c1d00
,,,冗余三元组,38.0,3.0,承办机构,extraction,3ffeb2c635f8eac91bfd409e9ffa26f73bbf4f4bb174d1a1c0cfa1334e723247
,,,冗余三元组,3.0,23.0,依据,extraction,59ff7f21ef56ac976200d9f4fe84c93848f673346b1fc3ad16cbbcdf0951ba50
,,,冗余三元组,1.0,36.0,涉及,extraction,74acc40ab669e870e70aea4357aee0f96da0e727b95126c4d5fc55df050ed2db
,,,冗余三元组,3.0,1.0,类型,extraction,65a2d78a945df9ac573c112d3bad900f2eb4940d22d4f014a9262ffbc7a54c7e
,,,冗余三元组,44.0,3.0,行驶主体,extraction,5a54a852e46cf955056cfb470e35ee0ab596f12cadf4d4250f92e1854d40d0fb
,,,冗余三元组,44.0,3.0,承办机构,extraction,26be69caa0923ff59e399351f5a7dbfb94533ccfbecefd9b8cd69f55e191c14d
,,,冗余三元组,3.0,23.0,依据,extraction,59ff7f21ef56ac976200d9f4fe84c93848f673346b1fc3ad16cbbcdf0951ba50
,,,冗余三元组,1.0,17.0,涉及事项,extraction,26e5b368d0569ae2cd1db86e58c1825b9d075b33fb779749f2c6991aaf9b42eb
,,,冗余三元组,3.0,1.0,权力类型,extraction,63bb5d4e71e6267d4835ef9479c9ff86b0b3ef916f5e6075b1750ed13e17cad3
,,,冗余三元组,11.0,3.0,行驶主体,extraction,252ebc8fde2836f7eae5a791df687860076241cf808bc99e0fd167f0ea262cd9
,,,冗余三元组,11.0,3.0,承办机构,extraction,e3339b884b62824a3b8679c646ddcca5b0bd6ecf6ec75f8d8629aa2e9b31a33c
,,,冗余三元组,1.0,14.0,依据,extraction,ef634f9e84afb4ebf494e22553b15ac7b1fbc49e61d65588899d98c77fee67fd
,,,冗余三元组,1.0,46.0,涉及问题,extraction,3e940b19ef498016fad79857e57d4ee162cee2e05833d1b57fba62f1d9613be3
,,,冗余三元组,1.0,8.0,涉及,extraction,87762195aab84fdc0842a072b54421c6e992ded15227e267788ac371d89fd8a5
,,,冗余三元组,9.0,3.0,是,extraction,0ec99e7cb6f44635fcabc5bf332037bea07b228f7b51753076ef1e8382984bc4
,,,冗余三元组,10.0,25.0,为,extraction,14eb8cd0d77ed5391b9d37dc27fe68abd7670df3ba47dcd28eb6861f63d38e07
,,,冗余三元组,12.0,25.0,为,extraction,95495f064660a3f109251dafe2c267d79bb3d759704576cd0f4930aedae02db4
,,,冗余三元组,13.0,37.0,是,extraction,11ad231736d8e934254b836f208f0b302e4d9e38c23214e2036235899cb04fe6
,,,冗余三元组,1.0,51.0,包含行为,extraction,f8a8dc8a03ea22f0c99fcbd7990d1f03fe9b84cf3f283d29a67c08ec33604bcb
,,,冗余三元组,9.0,3.0,是,extraction,0ec99e7cb6f44635fcabc5bf332037bea07b228f7b51753076ef1e8382984bc4
,,,冗余三元组,10.0,11.0,是,extraction,44a8fa7ea54ec2e41111a4f5dc6a9811dee8aa3aa19fb306f9177dfc86a9aea9
,,,冗余三元组,12.0,11.0,是,extraction,54710bbec3ca077fe79c80e1e95ea28a843633289f5bc6efe6abea14f6118623
,,,冗余三元组,13.0,37.0,是,extraction,11ad231736d8e934254b836f208f0b302e4d9e38c23214e2036235899cb04fe6
,,,冗余三元组,1.0,54.0,服务事项,extraction,f1b6e795f7f4341a924257c51e053eb45298f6fc867b5d12c7547aa7ef61bce7
,,,冗余三元组,3.0,1.0,权力类型,extraction,63bb5d4e71e6267d4835ef9479c9ff86b0b3ef916f5e6075b1750ed13e17cad3
,,,冗余三元组,26.0,1.0,行驶主体,extraction,c02b72a8d8a1775ff7e7978594abd6b5422b51c7c4fffd7eac711ff69bf88a97
,,,冗余三元组,26.0,1.0,承办机构,extraction,69ebaebdf045cea8cb77aa5e448d960f3c2e8a6fbe335676bbabaa00d3c918e5
,,,冗余三元组,1.0,33.0,实施依据,extraction,26cc092408f0a9aa6f263c39234f8f2765d112fd2a7cdf3cff6187a39e1d5c6b
,,,冗余三元组,1.0,51.0,包含行为,extraction,f8a8dc8a03ea22f0c99fcbd7990d1f03fe9b84cf3f283d29a67c08ec33604bcb
,,,冗余三元组,9.0,3.0,是,extraction,0ec99e7cb6f44635fcabc5bf332037bea07b228f7b51753076ef1e8382984bc4
,,,冗余三元组,10.0,26.0,是,extraction,89fbb5ae30c6220e41f165591e4df027877c140a72033fe0680e44206164aa17
,,,冗余三元组,12.0,26.0,是,extraction,a3817cab3fccbfd1b94576c85b68cfb0ff0511791fe7ada5dd7c10500502e531
,,,冗余三元组,13.0,5.0,是,extraction,507348e0a400849c992ed3d4db941f51b877314c064a446d1a19df892d7a6f73
,,,冗余三元组,1.0,2.0,涉及事项,extraction,45a6b5e9b7acaaf964d4ba55ee382735953a50be79b9c5a63cfd56f3bfaa98e9
,,,冗余三元组,9.0,3.0,是,extraction,0ec99e7cb6f44635fcabc5bf332037bea07b228f7b51753076ef1e8382984bc4
,,,冗余三元组,10.0,41.0,是,extraction,6f83ced92a9691e5e14cc19bb1bc5463d86dfecb7bda23ec44eab17a27bf9ae5
,,,冗余三元组,12.0,41.0,是,extraction,a4b1a3ff2483dfe0fabc0a44c0aa6f73e99b87cf7ec502667cce0dc30a67f7b2
,,,冗余三元组,13.0,5.0,是,extraction,507348e0a400849c992ed3d4db941f51b877314c064a446d1a19df892d7a6f73
,,,冗余三元组,1.0,42.0,涉及事项,extraction,6fa1fbc925e7b9f7909377c8fdb4e224f49dc4ac4ecc0317653a80654e14e7bc
,,,冗余三元组,3.0,1.0,权力类型,extraction,63bb5d4e71e6267d4835ef9479c9ff86b0b3ef916f5e6075b1750ed13e17cad3
,,,冗余三元组,41.0,1.0,行驶主体,extraction,3e203c1cd5240efde0e6a6d05bb4f8d4f3f80b46e735202ba3011d3e2801f0a1
,,,冗余三元组,41.0,1.0,承办机构,extraction,379f2c27a6c0b2eecca7d7b46b22ef51fefdad08ac0ee7abd453d5173a893b67
,,,冗余三元组,1.0,23.0,依据,extraction,0c4e2a2eed4772431ff0a6f635bec43d213b808cd3ebb9e90f0dd418ba282cb2
,,,冗余三元组,1.0,15.0,包含,extraction,ece6cfea1e7888ef7da542c244213f3cf24b722f04c103df8c133360b0d0783d
,,,冗余三元组,9.0,3.0,是,extraction,0ec99e7cb6f44635fcabc5bf332037bea07b228f7b51753076ef1e8382984bc4
,,,冗余三元组,10.0,41.0,是,extraction,6f83ced92a9691e5e14cc19bb1bc5463d86dfecb7bda23ec44eab17a27bf9ae5
,,,冗余三元组,12.0,41.0,是,extraction,a4b1a3ff2483dfe0fabc0a44c0aa6f73e99b87cf7ec502667cce0dc30a67f7b2
,,,冗余三元组,13.0,35.0,是,extraction,bdb6ae948fcb734a09a70e6199e73c6b4e1ee8988d36d946e8376162542ec754
,,,冗余三元组,1.0,54.0,涉及领域,extraction,bf464bcbcd83e979756fbd8eee9d0f695e979e7851f7354e079d63510152047a
,,,冗余三元组,32.0,1.0,行使主体,extraction,21e6b723ac1b8b6612819ab1bf52428f7b6b9163739ec5d9647aeee3dbf3b312
,,,冗余三元组,32.0,1.0,承办机构,extraction,931cafd24efaf97775db66b22a04ccc10ef5b34c9f1550f1c6e447e2887940db
,,,冗余三元组,1.0,27.0,依据,extraction,d03daf3e94bfbb1b0d0e8924a3805396d721f1c62d58ac9127a2e0d131b5d430
,,,冗余三元组,1.0,34.0,包含,extraction,55e4afabf77afe2a5eab9a2e4e01194c0b9b6c241104b977092e714b9c92562f
,,,冗余三元组,9.0,3.0,是,extraction,0ec99e7cb6f44635fcabc5bf332037bea07b228f7b51753076ef1e8382984bc4
,,,冗余三元组,10.0,32.0,是,extraction,4da064cb343643cc890842dceaf67b09d17018b8caccfb9a66252b99aba7b2c2
,,,冗余三元组,12.0,32.0,是,extraction,9c4f6d970f0759ccf44ba88668fb20479c3f74345a7048810ee820b1947a78e1
,,,冗余三元组,13.0,5.0,是,extraction,507348e0a400849c992ed3d4db941f51b877314c064a446d1a19df892d7a6f73
,,,冗余三元组,39.0,1.0,是,extraction,38e1d37380a7519608b7025690633256c2d7865eeeda60653fee8757d9e4afaf
,,,冗余三元组,1.0,53.0,包括,extraction,1381a6fba20dceee35da6a7e780388847a73a5c6c53d663717205383f4784027
,,,冗余三元组,9.0,3.0,是,extraction,0ec99e7cb6f44635fcabc5bf332037bea07b228f7b51753076ef1e8382984bc4
,,,冗余三元组,10.0,38.0,是,extraction,b756eb5995473eefcaf0d5b4fb891f9eb9190e7e7f446761eaff99790520dd98
,,,冗余三元组,12.0,38.0,是,extraction,76d05d01998cae971c559874b8df42b2445eeafc6d81c360c7aecdbaf38c3f00
,,,冗余三元组,13.0,43.0,是,extraction,ade982e693329bd738b2be4fef11a25c3536423672e3d1c585cae98131a035d0
,,,冗余三元组,1.0,24.0,基于,extraction,a5276488a9604d9649d8bacd34b068a0005e4d755aa469a2a15794604500ae4d
,,,冗余三元组,9.0,3.0,是,extraction,0ec99e7cb6f44635fcabc5bf332037bea07b228f7b51753076ef1e8382984bc4
,,,冗余三元组,10.0,25.0,为,extraction,14eb8cd0d77ed5391b9d37dc27fe68abd7670df3ba47dcd28eb6861f63d38e07
,,,冗余三元组,12.0,25.0,为,extraction,95495f064660a3f109251dafe2c267d79bb3d759704576cd0f4930aedae02db4
,,,冗余三元组,13.0,37.0,是,extraction,11ad231736d8e934254b836f208f0b302e4d9e38c23214e2036235899cb04fe6
,,,冗余三元组,1.0,58.0,涉及行为,extraction,93a2f06a9d6469b27d73da8e38855777376bd0c168e945c557165493a67fcb2f
,,,冗余三元组,9.0,3.0,类型,extraction,7b4fd279b61586115fa2987e2d0371238853c4f6f63e89d0b451e4237f492a37
,,,冗余三元组,10.0,41.0,为,extraction,28521ddcfbcdc9bf555c544f9ffedc4f6916f361d04d3b7fc73bf53600a847fc
,,,冗余三元组,12.0,41.0,为,extraction,7ca35468b51f857f9340e1ae58c7560d960329fb74fc4d3211c8f9c490e143fe
,,,冗余三元组,1.0,45.0,涉及事项,extraction,dd7fe96509b2c5c33db03e133555278b4cecbf544b6fac7dea1158a8470efe3a
,,,冗余三元组,3.0,1.0,权力类型,extraction,63bb5d4e71e6267d4835ef9479c9ff86b0b3ef916f5e6075b1750ed13e17cad3
,,,冗余三元组,26.0,3.0,行驶主体,extraction,53a6aecb0cb919674eb601d3ca9bfb3e1cd8021d0c2b4edaea1103f12ff5d1fa
,,,冗余三元组,26.0,3.0,承办机构,extraction,09f29ebed328eaaeac44ee7d9b0d8d8b248964f2da25bc454213eb1f6ed1c65b
,,,冗余三元组,5.0,3.0,实施依据,extraction,4d26a315d3cf5e095a5f33a521cc5fcfd77a3a44ba52ed82e02dee2171f81d54
,,,冗余三元组,1.0,46.0,涉及方面,extraction,5808f972045d2d3180337084564f289f064635012876034d34956100a2ebe466
,,,冗余三元组,9.0,3.0,类型,extraction,7b4fd279b61586115fa2987e2d0371238853c4f6f63e89d0b451e4237f492a37
,,,冗余三元组,10.0,22.0,为,extraction,1a97657648cf85daf9577b8f97db471a103398604acad7e49b5c9e5312315e6e
,,,冗余三元组,12.0,22.0,为,extraction,01d72a5fabeb49cad4036597626c1d026038537027330c5f333061113111547f
,,,冗余三元组,13.0,33.0,来自,extraction,545952913b069f9385d3713585055facc0364a83759ff02bb6031c1a0a7ba415
,,,冗余三元组,1.0,45.0,涉及事项,extraction,dd7fe96509b2c5c33db03e133555278b4cecbf544b6fac7dea1158a8470efe3a
,,,冗余三元组,3.0,1.0,权力类型,extraction,63bb5d4e71e6267d4835ef9479c9ff86b0b3ef916f5e6075b1750ed13e17cad3
,,,冗余三元组,32.0,3.0,行驶主体,extraction,25aa2c1e152670ddfb23d68a0ae7e021b4a2e63a8a68352208fab8aba8a37318
,,,冗余三元组,32.0,3.0,承办机构,extraction,7cfdba5de59642b67f9924e80b0324afb048e0e5fbe8a9a65ee9100edeae0749
,,,冗余三元组,3.0,56.0,实施依据,extraction,45356bc0b9eaa9e24678a8e305d2f3def1ac634cba8ba9b6ab52cf255a3cec18
,,,冗余三元组,1.0,30.0,涉及,extraction,f791f6ad50cca9a9432e1d95b6ef54bd1b64b5eb692d18dc2f430e81dd5537c2
,,,冗余三元组,9.0,3.0,是,extraction,0ec99e7cb6f44635fcabc5bf332037bea07b228f7b51753076ef1e8382984bc4
,,,冗余三元组,10.0,11.0,是,extraction,44a8fa7ea54ec2e41111a4f5dc6a9811dee8aa3aa19fb306f9177dfc86a9aea9
,,,冗余三元组,12.0,11.0,是,extraction,54710bbec3ca077fe79c80e1e95ea28a843633289f5bc6efe6abea14f6118623
,,,冗余三元组,13.0,7.0,是,extraction,5173b273e53a3712e9a749ca6cf7b8e8d3b7641db772c202823ccb26f6087587
,,,冗余三元组,1.0,15.0,包含行为,extraction,50889e3cad3a2af3fe5c788cdd352c4e79a5e965367902c33f7b1eab2a878616
,,,冗余三元组,9.0,3.0,是,extraction,0ec99e7cb6f44635fcabc5bf332037bea07b228f7b51753076ef1e8382984bc4
,,,冗余三元组,10.0,11.0,是,extraction,44a8fa7ea54ec2e41111a4f5dc6a9811dee8aa3aa19fb306f9177dfc86a9aea9
,,,冗余三元组,12.0,11.0,是,extraction,54710bbec3ca077fe79c80e1e95ea28a843633289f5bc6efe6abea14f6118623
,,,冗余三元组,13.0,29.0,是,extraction,ffa30b4f3216d3a8f56030cb4d33517361b4979ec19a58b4d3a546e9f0b38bdc
,,,冗余三元组,1.0,2.0,涉及事项,extraction,45a6b5e9b7acaaf964d4ba55ee382735953a50be79b9c5a63cfd56f3bfaa98e9
,,,冗余三元组,11.0,1.0,行驶主体,extraction,50e598b1826c6a6e16cbb761d7126c8286dd306ea8aefdffee154cbb615a866b
,,,冗余三元组,11.0,1.0,承办机构,extraction,ecacee85e506b895bb6ef636499570c58825c04c2655e0f358383dd8770dbffa
,,,冗余三元组,1.0,14.0,依据,extraction,ef634f9e84afb4ebf494e22553b15ac7b1fbc49e61d65588899d98c77fee67fd
,,,冗余三元组,1.0,36.0,涉及事项,extraction,8f5ef8181607d60e4eccd5ec612a1b947845c41af6a5aa6f33629298f46d39a8
,,,冗余三元组,3.0,1.0,权力类型,extraction,63bb5d4e71e6267d4835ef9479c9ff86b0b3ef916f5e6075b1750ed13e17cad3
,,,冗余三元组,11.0,3.0,行驶主体,extraction,252ebc8fde2836f7eae5a791df687860076241cf808bc99e0fd167f0ea262cd9
,,,冗余三元组,11.0,3.0,承办机构,extraction,e3339b884b62824a3b8679c646ddcca5b0bd6ecf6ec75f8d8629aa2e9b31a33c
,,,冗余三元组,14.0,3.0,实施依据,extraction,b2a34d3077aee5e73c915f123942606ad10c818ac195f73a26fa6b2a85ed9d1b
,,,冗余三元组,1.0,58.0,涉及行为,extraction,93a2f06a9d6469b27d73da8e38855777376bd0c168e945c557165493a67fcb2f
,,,冗余三元组,9.0,3.0,是,extraction,0ec99e7cb6f44635fcabc5bf332037bea07b228f7b51753076ef1e8382984bc4
,,,冗余三元组,10.0,44.0,是,extraction,53854b14f84a4f7bcec4288babeeb93d9202a8f1247a14098e9a02982cc95640
,,,冗余三元组,12.0,44.0,是,extraction,de41cd62c11f82837c5925e3426f42630d0bc935f1a9e33489b933acda4b7831
,,,冗余三元组,13.0,14.0,是,extraction,bfbeedc7e6daf4f851060b875d14b5b7c1dab5b695356d4176fd018de0894ae2
,,,冗余三元组,1.0,51.0,涉及行为,extraction,4d50e735db0c7c921debcd5d22ac59a9a9275f523e4dfe60a64102e7ab70d731
,,,冗余三元组,9.0,3.0,是,extraction,0ec99e7cb6f44635fcabc5bf332037bea07b228f7b51753076ef1e8382984bc4
,,,冗余三元组,10.0,25.0,是,extraction,ad542489db79b38432a47864e6f61070ea6042115797987a3bcdb2baca19bebf
,,,冗余三元组,12.0,25.0,是,extraction,dc4ae0749038f60cf9a543d11bdbb3655270d3f1168c53408b231865a3b78a64
,,,冗余三元组,13.0,33.0,是,extraction,fc4553073462fe666aaa676d985116bc290a0c71f03fb633205f00b4fcf4ff71
,,,冗余三元组,1.0,6.0,涉及事项,extraction,63ed056176a358e5141eeb94299bb1cc5c1ba655d4c97bdb0e998157b41cd7a5
,,,冗余三元组,3.0,1.0,权力类型,extraction,63bb5d4e71e6267d4835ef9479c9ff86b0b3ef916f5e6075b1750ed13e17cad3
,,,冗余三元组,32.0,3.0,行驶主体,extraction,25aa2c1e152670ddfb23d68a0ae7e021b4a2e63a8a68352208fab8aba8a37318
,,,冗余三元组,32.0,3.0,承办机构,extraction,7cfdba5de59642b67f9924e80b0324afb048e0e5fbe8a9a65ee9100edeae0749
,,,冗余三元组,50.0,3.0,实施依据,extraction,a790816385e8e57fdbef950d1c81f1f95be9fa56bdb61522285b14310350de63
,,,冗余三元组,1.0,46.0,涉及,extraction,b97b46d42fda49bf81ff3f4907773acec8566f08195d592b6e6bc1a7f3a94efc
,,,冗余三元组,9.0,3.0,是,extraction,0ec99e7cb6f44635fcabc5bf332037bea07b228f7b51753076ef1e8382984bc4
,,,冗余三元组,10.0,32.0,是,extraction,4da064cb343643cc890842dceaf67b09d17018b8caccfb9a66252b99aba7b2c2
,,,冗余三元组,12.0,32.0,是,extraction,9c4f6d970f0759ccf44ba88668fb20479c3f74345a7048810ee820b1947a78e1
,,,冗余三元组,13.0,33.0,是,extraction,fc4553073462fe666aaa676d985116bc290a0c71f03fb633205f00b4fcf4ff71
,,,冗余三元组,1.0,51.0,涉及行为,extraction,4d50e735db0c7c921debcd5d22ac59a9a9275f523e4dfe60a64102e7ab70d731
,,,冗余三元组,9.0,3.0,是,extraction,0ec99e7cb6f44635fcabc5bf332037bea07b228f7b51753076ef1e8382984bc4
,,,冗余三元组,10.0,44.0,是,extraction,53854b14f84a4f7bcec4288babeeb93d9202a8f1247a14098e9a02982cc95640
,,,冗余三元组,12.0,44.0,是,extraction,de41cd62c11f82837c5925e3426f42630d0bc935f1a9e33489b933acda4b7831
,,,冗余三元组,13.0,33.0,是,extraction,fc4553073462fe666aaa676d985116bc290a0c71f03fb633205f00b4fcf4ff71
,,,冗余三元组,1.0,62.0,涉及事项,extraction,01d175c41a6f3c882019c9ac786bc0445bb66a2e14720ead8aaf50a8c158baba
,,,冗余三元组,3.0,1.0,权力类型,extraction,63bb5d4e71e6267d4835ef9479c9ff86b0b3ef916f5e6075b1750ed13e17cad3
,,,冗余三元组,25.0,3.0,行驶主体,extraction,c7f405beeae1829a03dbec6b28d32c4d828da48de999734d24825266b3076f59
,,,冗余三元组,25.0,3.0,承办机构,extraction,eef2c4724eefbb6cbc8a1e38dd903f5952b15b4fa168168b9caed346c6551029
,,,冗余三元组,3.0,5.0,实施依据,extraction,300e1a74feeba098ae7f4718aa129d394916387a593e134f982cc13f2bfa406f
,,,冗余三元组,39.0,1.0,是,extraction,38e1d37380a7519608b7025690633256c2d7865eeeda60653fee8757d9e4afaf
,,,冗余三元组,9.0,3.0,是,extraction,0ec99e7cb6f44635fcabc5bf332037bea07b228f7b51753076ef1e8382984bc4
,,,冗余三元组,10.0,25.0,是,extraction,ad542489db79b38432a47864e6f61070ea6042115797987a3bcdb2baca19bebf
,,,冗余三元组,12.0,25.0,是,extraction,dc4ae0749038f60cf9a543d11bdbb3655270d3f1168c53408b231865a3b78a64
,,,冗余三元组,13.0,5.0,是,extraction,507348e0a400849c992ed3d4db941f51b877314c064a446d1a19df892d7a6f73
,,,冗余三元组,1.0,54.0,服务事项,extraction,f1b6e795f7f4341a924257c51e053eb45298f6fc867b5d12c7547aa7ef61bce7
,,,冗余三元组,3.0,1.0,权力类型,extraction,63bb5d4e71e6267d4835ef9479c9ff86b0b3ef916f5e6075b1750ed13e17cad3
,,,冗余三元组,22.0,1.0,行驶主体,extraction,51b40b4c4f91240a5d323aaa57fa14fc575345cbc5dfbd5960fee3546a9d8c6c
,,,冗余三元组,22.0,1.0,承办机构,extraction,9c49a1220338386706f2952f161469c3bd5f784a5b99fbb95a8b8222c52b3a33
,,,冗余三元组,1.0,20.0,实施依据,extraction,9583485e7c5313414eee8da478484ca22765513065c2129cbcfee14a2b57b3d7
,,,冗余三元组,1.0,47.0,涉及事项,extraction,410fd6754fd95d077ef04ff964ec4dd009afe4ed77694bf6c52b18682d5b8662
,,,冗余三元组,3.0,1.0,权力类型,extraction,63bb5d4e71e6267d4835ef9479c9ff86b0b3ef916f5e6075b1750ed13e17cad3
,,,冗余三元组,41.0,1.0,行驶主体,extraction,3e203c1cd5240efde0e6a6d05bb4f8d4f3f80b46e735202ba3011d3e2801f0a1
,,,冗余三元组,41.0,1.0,承办机构,extraction,379f2c27a6c0b2eecca7d7b46b22ef51fefdad08ac0ee7abd453d5173a893b67
,,,冗余三元组,1.0,23.0,依据,extraction,0c4e2a2eed4772431ff0a6f635bec43d213b808cd3ebb9e90f0dd418ba282cb2
,,,冗余三元组,1.0,19.0,涉及内容,extraction,e667158a34c5290413d6959d0281c37377fbc946202a479c446b6afeb89e2126
,,,冗余三元组,9.0,3.0,类型,extraction,7b4fd279b61586115fa2987e2d0371238853c4f6f63e89d0b451e4237f492a37
,,,冗余三元组,10.0,25.0,为,extraction,14eb8cd0d77ed5391b9d37dc27fe68abd7670df3ba47dcd28eb6861f63d38e07
,,,冗余三元组,12.0,25.0,为,extraction,95495f064660a3f109251dafe2c267d79bb3d759704576cd0f4930aedae02db4
,,,冗余三元组,13.0,37.0,来自,extraction,9be20541547878f5553f07386429b6cbeaf2db5b685571c8cecbbe71bcc82b2f
,,,冗余三元组,39.0,1.0,是,extraction,38e1d37380a7519608b7025690633256c2d7865eeeda60653fee8757d9e4afaf
,,,冗余三元组,9.0,3.0,是,extraction,0ec99e7cb6f44635fcabc5bf332037bea07b228f7b51753076ef1e8382984bc4
,,,冗余三元组,10.0,38.0,是,extraction,b756eb5995473eefcaf0d5b4fb891f9eb9190e7e7f446761eaff99790520dd98
,,,冗余三元组,12.0,38.0,是,extraction,76d05d01998cae971c559874b8df42b2445eeafc6d81c360c7aecdbaf38c3f00
,,,冗余三元组,13.0,35.0,是,extraction,bdb6ae948fcb734a09a70e6199e73c6b4e1ee8988d36d946e8376162542ec754
,,,冗余三元组,1.0,30.0,涉及,extraction,f791f6ad50cca9a9432e1d95b6ef54bd1b64b5eb692d18dc2f430e81dd5537c2
,,,冗余三元组,9.0,3.0,是,extraction,0ec99e7cb6f44635fcabc5bf332037bea07b228f7b51753076ef1e8382984bc4
,,,冗余三元组,10.0,32.0,是,extraction,4da064cb343643cc890842dceaf67b09d17018b8caccfb9a66252b99aba7b2c2
,,,冗余三元组,12.0,32.0,是,extraction,9c4f6d970f0759ccf44ba88668fb20479c3f74345a7048810ee820b1947a78e1
,,,冗余三元组,13.0,5.0,是,extraction,507348e0a400849c992ed3d4db941f51b877314c064a446d1a19df892d7a6f73
,,,冗余三元组,1.0,31.0,涉及问题,extraction,ea08369126f7fbe0d95ca41a348902bab3f4d8e388232d1c4ed32a98fca9af59
,,,冗余三元组,3.0,1.0,权力类型,extraction,63bb5d4e71e6267d4835ef9479c9ff86b0b3ef916f5e6075b1750ed13e17cad3
,,,冗余三元组,41.0,1.0,行驶主体,extraction,3e203c1cd5240efde0e6a6d05bb4f8d4f3f80b46e735202ba3011d3e2801f0a1
,,,冗余三元组,41.0,1.0,承办机构,extraction,379f2c27a6c0b2eecca7d7b46b22ef51fefdad08ac0ee7abd453d5173a893b67
,,,冗余三元组,1.0,29.0,依据,extraction,7c876ea0542c8c0bbe2bd1071fb11a2281ab201ea6a5d96c9f866fe3fc0a1ecb
,,,冗余三元组,1.0,21.0,服务事项,extraction,8d308abc697d8ec4d01a30f717e75bc54bbee9cf1d8f36eef0f95eb86d0c523d
,,,冗余三元组,3.0,1.0,权力类型,extraction,63bb5d4e71e6267d4835ef9479c9ff86b0b3ef916f5e6075b1750ed13e17cad3
,,,冗余三元组,44.0,1.0,行驶主体,extraction,5aa5bd754001b528942d9ff1cf92c0dac3eea5408ae1a3ad1be7b48dd6ad7bc6
,,,冗余三元组,44.0,1.0,承办机构,extraction,fe869ebaf0ddd080462b050806e1c882e39322a3f98c8d4b29b1d043af63148d
,,,冗余三元组,33.0,3.0,实施依据,extraction,306160666e8a359cb9bf4da0ec64c9e2d6901c870fe6350cba5879c4509266de
,,,冗余三元组,1.0,18.0,涉及领域,extraction,bb9a6c5169497cb67071e7b38b89fd47ad0c56bc2fc613c8ae73303717a93cc9
,,,冗余三元组,3.0,1.0,权力类型,extraction,63bb5d4e71e6267d4835ef9479c9ff86b0b3ef916f5e6075b1750ed13e17cad3
,,,冗余三元组,32.0,1.0,行驶主体,extraction,f3ae7eebff4e3460421e23abeef0b3052dd9a3dcfbd1f44a03d027eeb1801b4f
,,,冗余三元组,32.0,1.0,承办机构,extraction,931cafd24efaf97775db66b22a04ccc10ef5b34c9f1550f1c6e447e2887940db
,,,冗余三元组,35.0,1.0,实施依据,extraction,c2160bc37901fdb446bacf457f42f5af556fdcd5b45c0e99b283102cca9bc468
,,,冗余三元组,1.0,15.0,包含,extraction,ece6cfea1e7888ef7da542c244213f3cf24b722f04c103df8c133360b0d0783d
,,,冗余三元组,9.0,3.0,是,extraction,0ec99e7cb6f44635fcabc5bf332037bea07b228f7b51753076ef1e8382984bc4
,,,冗余三元组,10.0,41.0,是,extraction,6f83ced92a9691e5e14cc19bb1bc5463d86dfecb7bda23ec44eab17a27bf9ae5
,,,冗余三元组,12.0,41.0,是,extraction,a4b1a3ff2483dfe0fabc0a44c0aa6f73e99b87cf7ec502667cce0dc30a67f7b2
,,,冗余三元组,13.0,33.0,是,extraction,fc4553073462fe666aaa676d985116bc290a0c71f03fb633205f00b4fcf4ff71
,,,冗余三元组,1.0,55.0,涉及,extraction,d3dce47df0bc87d9fc69992a5dfb419dc64d4ec5f6b002937da586081885a914
,,,冗余三元组,9.0,3.0,是,extraction,0ec99e7cb6f44635fcabc5bf332037bea07b228f7b51753076ef1e8382984bc4
,,,冗余三元组,10.0,32.0,是,extraction,4da064cb343643cc890842dceaf67b09d17018b8caccfb9a66252b99aba7b2c2
,,,冗余三元组,12.0,32.0,是,extraction,9c4f6d970f0759ccf44ba88668fb20479c3f74345a7048810ee820b1947a78e1
,,,冗余三元组,13.0,27.0,是,extraction,b6eab7714fb673bef9d283a76736709544e272990472859dc282d706a47931e5
,,,冗余三元组,1.0,42.0,涉及事项,extraction,6fa1fbc925e7b9f7909377c8fdb4e224f49dc4ac4ecc0317653a80654e14e7bc
,,,冗余三元组,3.0,1.0,权力类型,extraction,63bb5d4e71e6267d4835ef9479c9ff86b0b3ef916f5e6075b1750ed13e17cad3
,,,冗余三元组,22.0,3.0,行驶主体,extraction,63b889c6caaf61c3eefad202bc0e1a4344122b009d898e41612d2ce9411c9a90
,,,冗余三元组,22.0,3.0,承办机构,extraction,450ea2044227017296ffd8295e12ead624bac9ad5fb24c8dce7525315368e0fd
,,,冗余三元组,5.0,3.0,实施依据,extraction,4d26a315d3cf5e095a5f33a521cc5fcfd77a3a44ba52ed82e02dee2171f81d54
,,,冗余三元组,1.0,60.0,涉及事项,extraction,6309e2202fc5d6cebcd70f93ed56deb6d1ded945a512f9631f8df8c872f7ddaf
,,,冗余三元组,26.0,1.0,行驶主体,extraction,c02b72a8d8a1775ff7e7978594abd6b5422b51c7c4fffd7eac711ff69bf88a97
,,,冗余三元组,26.0,1.0,承办机构,extraction,69ebaebdf045cea8cb77aa5e448d960f3c2e8a6fbe335676bbabaa00d3c918e5
,,,冗余三元组,1.0,14.0,依据,extraction,ef634f9e84afb4ebf494e22553b15ac7b1fbc49e61d65588899d98c77fee67fd
,,,冗余三元组,1.0,55.0,涉及方面,extraction,5ee3a47a13dc675638470604b07e57a50fdeaeedeade9769ce1a62338490e202
,,,冗余三元组,9.0,3.0,类型,extraction,7b4fd279b61586115fa2987e2d0371238853c4f6f63e89d0b451e4237f492a37
,,,冗余三元组,10.0,26.0,是,extraction,89fbb5ae30c6220e41f165591e4df027877c140a72033fe0680e44206164aa17
,,,冗余三元组,12.0,26.0,是,extraction,a3817cab3fccbfd1b94576c85b68cfb0ff0511791fe7ada5dd7c10500502e531
,,,冗余三元组,13.0,43.0,是,extraction,ade982e693329bd738b2be4fef11a25c3536423672e3d1c585cae98131a035d0
,,,冗余三元组,1.0,52.0,包含原因,extraction,85c2afcc9c5accc9e264526ac6e3f96cc6f95f5e004aebc14df19b42985180d3
,,,冗余三元组,9.0,3.0,是,extraction,0ec99e7cb6f44635fcabc5bf332037bea07b228f7b51753076ef1e8382984bc4
,,,冗余三元组,10.0,26.0,是,extraction,89fbb5ae30c6220e41f165591e4df027877c140a72033fe0680e44206164aa17
,,,冗余三元组,12.0,26.0,是,extraction,a3817cab3fccbfd1b94576c85b68cfb0ff0511791fe7ada5dd7c10500502e531
,,,冗余三元组,13.0,35.0,是,extraction,bdb6ae948fcb734a09a70e6199e73c6b4e1ee8988d36d946e8376162542ec754
,,,冗余三元组,1.0,48.0,涉及内容,extraction,c90c36bc34d7f04fedfc793b0376221c7073cfdcfd8648ced932e92d2e837f7a
,,,冗余三元组,3.0,1.0,权力类型,extraction,63bb5d4e71e6267d4835ef9479c9ff86b0b3ef916f5e6075b1750ed13e17cad3
,,,冗余三元组,16.0,1.0,行驶主体,extraction,2388221cee7d1ae0ed5be74dbb33fa91b57a06cfae883cc5c2262bfb048b5c48
,,,冗余三元组,16.0,1.0,承办机构,extraction,7da0b9c5ea5b9311256b7bcb955ba7fe507e79fd9fe407e277e1c4de0e1d453e
,,,冗余三元组,5.0,1.0,实施依据,extraction,746c20bbe85a6c741c868997cbc091c7eddeafc57e2839c0cc9ba4fd6c55ad73
,,,冗余三元组,1.0,30.0,涉及,extraction,f791f6ad50cca9a9432e1d95b6ef54bd1b64b5eb692d18dc2f430e81dd5537c2
,,,冗余三元组,9.0,3.0,是,extraction,0ec99e7cb6f44635fcabc5bf332037bea07b228f7b51753076ef1e8382984bc4
,,,冗余三元组,10.0,41.0,是,extraction,6f83ced92a9691e5e14cc19bb1bc5463d86dfecb7bda23ec44eab17a27bf9ae5
,,,冗余三元组,12.0,41.0,是,extraction,a4b1a3ff2483dfe0fabc0a44c0aa6f73e99b87cf7ec502667cce0dc30a67f7b2
,,,冗余三元组,13.0,50.0,是,extraction,c041f04873201647e0b342a86dacb602d31a2f7036dbbbcb8019ba08c7818ff2
,,,冗余三元组,1.0,52.0,包含原因,extraction,85c2afcc9c5accc9e264526ac6e3f96cc6f95f5e004aebc14df19b42985180d3
,,,冗余三元组,9.0,3.0,是,extraction,0ec99e7cb6f44635fcabc5bf332037bea07b228f7b51753076ef1e8382984bc4
,,,冗余三元组,10.0,22.0,是,extraction,5a0b03998ab865a9402789a91f83ce5e2c3e8b9dc624370864b73747e8ad330a
,,,冗余三元组,12.0,22.0,是,extraction,51b7578f6e3f4d6aa73a569f8dfc21fce38f169c0202a35f222c3aebbfe18ce9
,,,冗余三元组,13.0,37.0,是,extraction,11ad231736d8e934254b836f208f0b302e4d9e38c23214e2036235899cb04fe6
,,,冗余三元组,39.0,1.0,是,extraction,38e1d37380a7519608b7025690633256c2d7865eeeda60653fee8757d9e4afaf
,,,冗余三元组,1.0,42.0,包括,extraction,e943f25fc09db13c0523e8a35967e68de022511af2b09219a6bb5114049328f9
,,,冗余三元组,9.0,3.0,是,extraction,0ec99e7cb6f44635fcabc5bf332037bea07b228f7b51753076ef1e8382984bc4
,,,冗余三元组,10.0,25.0,是,extraction,ad542489db79b38432a47864e6f61070ea6042115797987a3bcdb2baca19bebf
,,,冗余三元组,12.0,25.0,是,extraction,dc4ae0749038f60cf9a543d11bdbb3655270d3f1168c53408b231865a3b78a64
,,,冗余三元组,13.0,23.0,是,extraction,a809901cb1266f3034f5251cd5e201f3ce63e484f49bb7e202066cafcce8d4b1
,,,冗余三元组,1.0,19.0,涉及行为,extraction,7f240590f2a7da25c488c633d39a09a722fedca13693b57fc75c819db158f3af
,,,冗余三元组,3.0,1.0,权力类型,extraction,63bb5d4e71e6267d4835ef9479c9ff86b0b3ef916f5e6075b1750ed13e17cad3
,,,冗余三元组,11.0,1.0,行驶主体,extraction,50e598b1826c6a6e16cbb761d7126c8286dd306ea8aefdffee154cbb615a866b
,,,冗余三元组,11.0,1.0,承办机构,extraction,ecacee85e506b895bb6ef636499570c58825c04c2655e0f358383dd8770dbffa
,,,冗余三元组,1.0,14.0,依据,extraction,ef634f9e84afb4ebf494e22553b15ac7b1fbc49e61d65588899d98c77fee67fd
,,,冗余三元组,1.0,24.0,基于,extraction,a5276488a9604d9649d8bacd34b068a0005e4d755aa469a2a15794604500ae4d
,,,冗余三元组,9.0,3.0,是,extraction,0ec99e7cb6f44635fcabc5bf332037bea07b228f7b51753076ef1e8382984bc4
,,,冗余三元组,10.0,22.0,是,extraction,5a0b03998ab865a9402789a91f83ce5e2c3e8b9dc624370864b73747e8ad330a
,,,冗余三元组,12.0,22.0,是,extraction,51b7578f6e3f4d6aa73a569f8dfc21fce38f169c0202a35f222c3aebbfe18ce9
,,,冗余三元组,13.0,20.0,是,extraction,f536065857d8cffb8690029d0de8e595064374e0e38deb823e625bf375f96c61
,,,冗余三元组,1.0,62.0,涉及问题,extraction,2a934fc7a5fcf782dd1e2daadb598b9eafb710e91a5aa9232b2ceb713d26918f
,,,冗余三元组,3.0,1.0,权力类型,extraction,63bb5d4e71e6267d4835ef9479c9ff86b0b3ef916f5e6075b1750ed13e17cad3
,,,冗余三元组,4.0,3.0,行驶主体,extraction,65bd830d3a69c947ab33e8bccf4d7c9239947243f009a12164fa2b3d4defa4e5
,,,冗余三元组,4.0,3.0,承办机构,extraction,552f0352c4383de1ccdd6574c3a3cf1febf987d93f20f8b4d8f312f665277ccd
,,,冗余三元组,49.0,3.0,实施依据,extraction,2eb1dcc4ce01375fecbdbca4cf13458825c23886e919a0bc154ca2373ee95e13
,,,冗余三元组,1.0,45.0,服务事项,extraction,a475ac51df6c082b23cb4fcbd5ffb82e5dbe81b1e60b4cb7fd1544a925e97c79
,,,冗余三元组,3.0,1.0,权力类型,extraction,63bb5d4e71e6267d4835ef9479c9ff86b0b3ef916f5e6075b1750ed13e17cad3
,,,冗余三元组,16.0,1.0,行驶主体,extraction,2388221cee7d1ae0ed5be74dbb33fa91b57a06cfae883cc5c2262bfb048b5c48
,,,冗余三元组,16.0,1.0,承办机构,extraction,7da0b9c5ea5b9311256b7bcb955ba7fe507e79fd9fe407e277e1c4de0e1d453e
,,,冗余三元组,20.0,1.0,实施依据,extraction,fa879230d50cba26fe3e25fda133ad3500d518880a888364d68f6f0c8fcf6adf
,,,冗余三元组,1.0,58.0,涉及,extraction,ebb5415c1b54071499b45a909f698aaec953682c36e97747e6aee00bc7e619d3
,,,冗余三元组,9.0,3.0,是,extraction,0ec99e7cb6f44635fcabc5bf332037bea07b228f7b51753076ef1e8382984bc4
,,,冗余三元组,10.0,44.0,是,extraction,53854b14f84a4f7bcec4288babeeb93d9202a8f1247a14098e9a02982cc95640
,,,冗余三元组,12.0,44.0,是,extraction,de41cd62c11f82837c5925e3426f42630d0bc935f1a9e33489b933acda4b7831
,,,冗余三元组,13.0,27.0,是,extraction,b6eab7714fb673bef9d283a76736709544e272990472859dc282d706a47931e5
,,,冗余三元组,1.0,45.0,涉及事项,extraction,dd7fe96509b2c5c33db03e133555278b4cecbf544b6fac7dea1158a8470efe3a
,,,冗余三元组,3.0,1.0,权力类型,extraction,63bb5d4e71e6267d4835ef9479c9ff86b0b3ef916f5e6075b1750ed13e17cad3
,,,冗余三元组,44.0,3.0,行驶主体,extraction,5a54a852e46cf955056cfb470e35ee0ab596f12cadf4d4250f92e1854d40d0fb
,,,冗余三元组,44.0,3.0,承办机构,extraction,26be69caa0923ff59e399351f5a7dbfb94533ccfbecefd9b8cd69f55e191c14d
,,,冗余三元组,3.0,61.0,实施依据,extraction,5ec84d3146f918e685de74e4cd04c587cdd895ec8853c6995ee47199be82e549
,,,冗余三元组,1.0,24.0,基于,extraction,a5276488a9604d9649d8bacd34b068a0005e4d755aa469a2a15794604500ae4d
,,,冗余三元组,9.0,3.0,是,extraction,0ec99e7cb6f44635fcabc5bf332037bea07b228f7b51753076ef1e8382984bc4
,,,冗余三元组,10.0,26.0,是,extraction,89fbb5ae30c6220e41f165591e4df027877c140a72033fe0680e44206164aa17
,,,冗余三元组,12.0,26.0,是,extraction,a3817cab3fccbfd1b94576c85b68cfb0ff0511791fe7ada5dd7c10500502e531
,,,冗余三元组,13.0,50.0,是,extraction,c041f04873201647e0b342a86dacb602d31a2f7036dbbbcb8019ba08c7818ff2
,,,冗余三元组,1.0,15.0,服务事项,extraction,d58af36cd0af73d9b19e1d9407d5a626b1cd60fd82322b0355d1dcad51bc51b4
,,,冗余三元组,3.0,1.0,权力类型,extraction,63bb5d4e71e6267d4835ef9479c9ff86b0b3ef916f5e6075b1750ed13e17cad3
,,,冗余三元组,16.0,1.0,行驶主体,extraction,2388221cee7d1ae0ed5be74dbb33fa91b57a06cfae883cc5c2262bfb048b5c48
,,,冗余三元组,16.0,1.0,承办机构,extraction,7da0b9c5ea5b9311256b7bcb955ba7fe507e79fd9fe407e277e1c4de0e1d453e
,,,冗余三元组,37.0,1.0,实施依据,extraction,09d255701213a5f1fc35300e57fc286072af9b281e8b6176db074a855aa6f1c9
,,,冗余三元组,1.0,58.0,涉及违规行为,extraction,ad709b40bc3717f9a547f63781a4aa8a97f03587e7e4049ed6fbfa654134740c
,,,冗余三元组,9.0,3.0,是,extraction,0ec99e7cb6f44635fcabc5bf332037bea07b228f7b51753076ef1e8382984bc4
,,,冗余三元组,10.0,11.0,是,extraction,44a8fa7ea54ec2e41111a4f5dc6a9811dee8aa3aa19fb306f9177dfc86a9aea9
,,,冗余三元组,12.0,11.0,是,extraction,54710bbec3ca077fe79c80e1e95ea28a843633289f5bc6efe6abea14f6118623
,,,冗余三元组,13.0,14.0,是,extraction,bfbeedc7e6daf4f851060b875d14b5b7c1dab5b695356d4176fd018de0894ae2
,,,冗余三元组,1.0,62.0,基于,extraction,107e1bb0950b774ff9f05ec19639e02422cf10def6be35db13c2495e5a4effe2
,,,冗余三元组,9.0,3.0,是,extraction,0ec99e7cb6f44635fcabc5bf332037bea07b228f7b51753076ef1e8382984bc4
,,,冗余三元组,10.0,44.0,是,extraction,53854b14f84a4f7bcec4288babeeb93d9202a8f1247a14098e9a02982cc95640
,,,冗余三元组,12.0,44.0,是,extraction,de41cd62c11f82837c5925e3426f42630d0bc935f1a9e33489b933acda4b7831
,,,冗余三元组,13.0,43.0,是,extraction,ade982e693329bd738b2be4fef11a25c3536423672e3d1c585cae98131a035d0
,,,冗余三元组,1.0,51.0,涉及行为,extraction,4d50e735db0c7c921debcd5d22ac59a9a9275f523e4dfe60a64102e7ab70d731
,,,冗余三元组,9.0,3.0,是,extraction,0ec99e7cb6f44635fcabc5bf332037bea07b228f7b51753076ef1e8382984bc4
,,,冗余三元组,10.0,41.0,是,extraction,6f83ced92a9691e5e14cc19bb1bc5463d86dfecb7bda23ec44eab17a27bf9ae5
,,,冗余三元组,12.0,41.0,是,extraction,a4b1a3ff2483dfe0fabc0a44c0aa6f73e99b87cf7ec502667cce0dc30a67f7b2
,,,冗余三元组,13.0,5.0,是,extraction,507348e0a400849c992ed3d4db941f51b877314c064a446d1a19df892d7a6f73
,,,冗余三元组,1.0,19.0,涉及行为,extraction,7f240590f2a7da25c488c633d39a09a722fedca13693b57fc75c819db158f3af
,,,冗余三元组,3.0,1.0,权力类型,extraction,63bb5d4e71e6267d4835ef9479c9ff86b0b3ef916f5e6075b1750ed13e17cad3
,,,冗余三元组,32.0,1.0,行驶主体,extraction,f3ae7eebff4e3460421e23abeef0b3052dd9a3dcfbd1f44a03d027eeb1801b4f
,,,冗余三元组,32.0,1.0,承办机构,extraction,931cafd24efaf97775db66b22a04ccc10ef5b34c9f1550f1c6e447e2887940db
,,,冗余三元组,1.0,29.0,依据,extraction,7c876ea0542c8c0bbe2bd1071fb11a2281ab201ea6a5d96c9f866fe3fc0a1ecb
,,,冗余三元组,1.0,8.0,涉及,extraction,87762195aab84fdc0842a072b54421c6e992ded15227e267788ac371d89fd8a5
,,,冗余三元组,9.0,3.0,是,extraction,0ec99e7cb6f44635fcabc5bf332037bea07b228f7b51753076ef1e8382984bc4
,,,冗余三元组,10.0,26.0,是,extraction,89fbb5ae30c6220e41f165591e4df027877c140a72033fe0680e44206164aa17
,,,冗余三元组,12.0,26.0,是,extraction,a3817cab3fccbfd1b94576c85b68cfb0ff0511791fe7ada5dd7c10500502e531
,,,冗余三元组,13.0,27.0,是,extraction,b6eab7714fb673bef9d283a76736709544e272990472859dc282d706a47931e5
,,,冗余三元组,1.0,30.0,涉及,extraction,f791f6ad50cca9a9432e1d95b6ef54bd1b64b5eb692d18dc2f430e81dd5537c2
,,,冗余三元组,9.0,3.0,是,extraction,0ec99e7cb6f44635fcabc5bf332037bea07b228f7b51753076ef1e8382984bc4
,,,冗余三元组,10.0,41.0,是,extraction,6f83ced92a9691e5e14cc19bb1bc5463d86dfecb7bda23ec44eab17a27bf9ae5
,,,冗余三元组,12.0,41.0,是,extraction,a4b1a3ff2483dfe0fabc0a44c0aa6f73e99b87cf7ec502667cce0dc30a67f7b2
,,,冗余三元组,13.0,27.0,是,extraction,b6eab7714fb673bef9d283a76736709544e272990472859dc282d706a47931e5
,,,冗余三元组,1.0,19.0,涉及内容,extraction,e667158a34c5290413d6959d0281c37377fbc946202a479c446b6afeb89e2126
,,,冗余三元组,9.0,3.0,类型,extraction,7b4fd279b61586115fa2987e2d0371238853c4f6f63e89d0b451e4237f492a37
,,,冗余三元组,10.0,1.0,实施,extraction,61ecbb82f89cf82caa00da65c733716a30c6ac9f75ad346d4aaae36badcc65a8
,,,冗余三元组,12.0,1.0,实施,extraction,f5bbae30957f71ee1ac20740c66d789fd42d33f093c3b9df39676541dd25f597
,,,冗余三元组,13.0,57.0,依据,extraction,60e40d394cca6e021653664c9a95bff175b3323b33aa9e827dc0b702c72c487b
,,,冗余三元组,1.0,28.0,涉及内容,extraction,ac3ee725f8a339f9fbd2a7028b68d899a9b8e5be581c35045e4b8bfb3dc079c3
,,,冗余三元组,3.0,1.0,权力类型,extraction,63bb5d4e71e6267d4835ef9479c9ff86b0b3ef916f5e6075b1750ed13e17cad3
,,,冗余三元组,22.0,1.0,行驶主体,extraction,51b40b4c4f91240a5d323aaa57fa14fc575345cbc5dfbd5960fee3546a9d8c6c
,,,冗余三元组,22.0,1.0,承办机构,extraction,9c49a1220338386706f2952f161469c3bd5f784a5b99fbb95a8b8222c52b3a33
,,,冗余三元组,1.0,33.0,实施依据,extraction,26cc092408f0a9aa6f263c39234f8f2765d112fd2a7cdf3cff6187a39e1d5c6b
,,,冗余三元组,1.0,58.0,涉及,extraction,ebb5415c1b54071499b45a909f698aaec953682c36e97747e6aee00bc7e619d3
,,,冗余三元组,9.0,3.0,是,extraction,0ec99e7cb6f44635fcabc5bf332037bea07b228f7b51753076ef1e8382984bc4
,,,冗余三元组,10.0,32.0,是,extraction,4da064cb343643cc890842dceaf67b09d17018b8caccfb9a66252b99aba7b2c2
,,,冗余三元组,12.0,32.0,是,extraction,9c4f6d970f0759ccf44ba88668fb20479c3f74345a7048810ee820b1947a78e1
,,,冗余三元组,13.0,27.0,是,extraction,b6eab7714fb673bef9d283a76736709544e272990472859dc282d706a47931e5
,,,冗余三元组,39.0,1.0,是,extraction,38e1d37380a7519608b7025690633256c2d7865eeeda60653fee8757d9e4afaf
,,,冗余三元组,1.0,52.0,涉及问题,extraction,90af34399ad797a62bec9b3819dad9d64b8031065ff158d8a5f1015257e3e4dd
,,,冗余三元组,9.0,3.0,是,extraction,0ec99e7cb6f44635fcabc5bf332037bea07b228f7b51753076ef1e8382984bc4
,,,冗余三元组,10.0,38.0,是,extraction,b756eb5995473eefcaf0d5b4fb891f9eb9190e7e7f446761eaff99790520dd98
,,,冗余三元组,12.0,38.0,是,extraction,76d05d01998cae971c559874b8df42b2445eeafc6d81c360c7aecdbaf38c3f00
,,,冗余三元组,13.0,37.0,是,extraction,11ad231736d8e934254b836f208f0b302e4d9e38c23214e2036235899cb04fe6
,,,冗余三元组,1.0,55.0,涉及方面,extraction,5ee3a47a13dc675638470604b07e57a50fdeaeedeade9769ce1a62338490e202
,,,冗余三元组,9.0,3.0,类型,extraction,7b4fd279b61586115fa2987e2d0371238853c4f6f63e89d0b451e4237f492a37
,,,冗余三元组,10.0,22.0,为,extraction,1a97657648cf85daf9577b8f97db471a103398604acad7e49b5c9e5312315e6e
,,,冗余三元组,12.0,22.0,为,extraction,01d72a5fabeb49cad4036597626c1d026038537027330c5f333061113111547f
,,,冗余三元组,13.0,7.0,依据,extraction,d4864a965000ee9dd6917b548bc6febdc16cd42bc472be9753ea85f92086c014
,,,冗余三元组,1.0,6.0,涉及事项,extraction,63ed056176a358e5141eeb94299bb1cc5c1ba655d4c97bdb0e998157b41cd7a5
,,,冗余三元组,3.0,1.0,权力类型,extraction,63bb5d4e71e6267d4835ef9479c9ff86b0b3ef916f5e6075b1750ed13e17cad3
,,,冗余三元组,32.0,3.0,行驶主体,extraction,25aa2c1e152670ddfb23d68a0ae7e021b4a2e63a8a68352208fab8aba8a37318
,,,冗余三元组,32.0,3.0,承办机构,extraction,7cfdba5de59642b67f9924e80b0324afb048e0e5fbe8a9a65ee9100edeae0749
,,,冗余三元组,5.0,3.0,实施依据,extraction,4d26a315d3cf5e095a5f33a521cc5fcfd77a3a44ba52ed82e02dee2171f81d54
,,,冗余三元组,1.0,55.0,涉及,extraction,d3dce47df0bc87d9fc69992a5dfb419dc64d4ec5f6b002937da586081885a914
,,,冗余三元组,9.0,3.0,是,extraction,0ec99e7cb6f44635fcabc5bf332037bea07b228f7b51753076ef1e8382984bc4
,,,冗余三元组,10.0,44.0,是,extraction,53854b14f84a4f7bcec4288babeeb93d9202a8f1247a14098e9a02982cc95640
,,,冗余三元组,12.0,44.0,是,extraction,de41cd62c11f82837c5925e3426f42630d0bc935f1a9e33489b933acda4b7831
,,,冗余三元组,13.0,35.0,是,extraction,bdb6ae948fcb734a09a70e6199e73c6b4e1ee8988d36d946e8376162542ec754
,,,冗余三元组,1.0,48.0,涉及内容,extraction,c90c36bc34d7f04fedfc793b0376221c7073cfdcfd8648ced932e92d2e837f7a
,,,冗余三元组,3.0,1.0,权力类型,extraction,63bb5d4e71e6267d4835ef9479c9ff86b0b3ef916f5e6075b1750ed13e17cad3
,,,冗余三元组,32.0,1.0,行驶主体,extraction,f3ae7eebff4e3460421e23abeef0b3052dd9a3dcfbd1f44a03d027eeb1801b4f
,,,冗余三元组,32.0,1.0,承办机构,extraction,931cafd24efaf97775db66b22a04ccc10ef5b34c9f1550f1c6e447e2887940db
,,,冗余三元组,1.0,14.0,依据,extraction,ef634f9e84afb4ebf494e22553b15ac7b1fbc49e61d65588899d98c77fee67fd
,,,冗余三元组,1.0,46.0,涉及问题,extraction,3e940b19ef498016fad79857e57d4ee162cee2e05833d1b57fba62f1d9613be3
,,,冗余三元组,3.0,1.0,权力类型,extraction,63bb5d4e71e6267d4835ef9479c9ff86b0b3ef916f5e6075b1750ed13e17cad3
,,,冗余三元组,25.0,3.0,行驶主体,extraction,c7f405beeae1829a03dbec6b28d32c4d828da48de999734d24825266b3076f59
,,,冗余三元组,25.0,3.0,承办机构,extraction,eef2c4724eefbb6cbc8a1e38dd903f5952b15b4fa168168b9caed346c6551029
,,,冗余三元组,29.0,3.0,实施依据,extraction,cd40df6a540917691517a57a5b1cf5b96661ca5fb5dc29fae67c4de0bc29abf0
,,,冗余三元组,1.0,58.0,涉及违规行为,extraction,ad709b40bc3717f9a547f63781a4aa8a97f03587e7e4049ed6fbfa654134740c
,,,冗余三元组,32.0,32.0,行驶主体,extraction,c99cc95dd359700ee80016caf0fca8788cd0121ae97ca919c48e2c2d3a8a0139
,,,冗余三元组,32.0,32.0,承办机构,extraction,911adfffd05806263bf58b0d02a29a83b098803ea7bdf542e61063696f391749
,,,冗余三元组,1.0,34.0,包含,extraction,55e4afabf77afe2a5eab9a2e4e01194c0b9b6c241104b977092e714b9c92562f
,,,冗余三元组,9.0,3.0,是,extraction,0ec99e7cb6f44635fcabc5bf332037bea07b228f7b51753076ef1e8382984bc4
,,,冗余三元组,10.0,22.0,是,extraction,5a0b03998ab865a9402789a91f83ce5e2c3e8b9dc624370864b73747e8ad330a
,,,冗余三元组,12.0,22.0,是,extraction,51b7578f6e3f4d6aa73a569f8dfc21fce38f169c0202a35f222c3aebbfe18ce9
,,,冗余三元组,13.0,35.0,是,extraction,bdb6ae948fcb734a09a70e6199e73c6b4e1ee8988d36d946e8376162542ec754
,,,冗余三元组,1.0,53.0,涉及事项,extraction,f0541f7d0c2d3d04c56da88a6bc6ad2f2baea1220b292ed6fa4bf4744fe4e698
,,,冗余三元组,3.0,1.0,权力类型,extraction,63bb5d4e71e6267d4835ef9479c9ff86b0b3ef916f5e6075b1750ed13e17cad3
,,,冗余三元组,25.0,3.0,行驶主体,extraction,c7f405beeae1829a03dbec6b28d32c4d828da48de999734d24825266b3076f59
,,,冗余三元组,25.0,3.0,承办机构,extraction,eef2c4724eefbb6cbc8a1e38dd903f5952b15b4fa168168b9caed346c6551029
,,,冗余三元组,29.0,3.0,实施依据,extraction,cd40df6a540917691517a57a5b1cf5b96661ca5fb5dc29fae67c4de0bc29abf0
,,,冗余三元组,1.0,58.0,涉及,extraction,ebb5415c1b54071499b45a909f698aaec953682c36e97747e6aee00bc7e619d3
,,,冗余三元组,9.0,3.0,是,extraction,0ec99e7cb6f44635fcabc5bf332037bea07b228f7b51753076ef1e8382984bc4
,,,冗余三元组,10.0,38.0,是,extraction,b756eb5995473eefcaf0d5b4fb891f9eb9190e7e7f446761eaff99790520dd98
,,,冗余三元组,12.0,38.0,是,extraction,76d05d01998cae971c559874b8df42b2445eeafc6d81c360c7aecdbaf38c3f00
,,,冗余三元组,13.0,20.0,是,extraction,f536065857d8cffb8690029d0de8e595064374e0e38deb823e625bf375f96c61
,,,冗余三元组,1.0,52.0,涉及问题,extraction,90af34399ad797a62bec9b3819dad9d64b8031065ff158d8a5f1015257e3e4dd
,,,冗余三元组,9.0,3.0,类型,extraction,7b4fd279b61586115fa2987e2d0371238853c4f6f63e89d0b451e4237f492a37
,,,冗余三元组,10.0,26.0,是,extraction,89fbb5ae30c6220e41f165591e4df027877c140a72033fe0680e44206164aa17
,,,冗余三元组,12.0,26.0,是,extraction,a3817cab3fccbfd1b94576c85b68cfb0ff0511791fe7ada5dd7c10500502e531
,,,冗余三元组,13.0,20.0,来自,extraction,6ec11b9fd0216174571619a73e22f880d6a19265abb6dac046dc1d0a0c65c4f5
,,,冗余三元组,1.0,58.0,服务事项,extraction,655d582335d12da2e92c3146cee51b20728dd5a0484a9577ef74b58a5845375c
,,,冗余三元组,3.0,1.0,权力类型,extraction,63bb5d4e71e6267d4835ef9479c9ff86b0b3ef916f5e6075b1750ed13e17cad3
,,,冗余三元组,38.0,1.0,行驶主体,extraction,d0e87a0daf3bc1ed7bad39f66dc6d8ee74064b05fe94192417c8b6e3e4cd53a9
,,,冗余三元组,38.0,1.0,承办机构,extraction,b14641014ea8d3db9ba04ac2bb249443dd5f26425e740d86371e870ef2d4a84a
,,,冗余三元组,1.0,47.0,服务事项,extraction,b33592c1f30e39df0401c77d218134fb8abddfd7e8dbdedb52818471c5201bf4
,,,冗余三元组,3.0,1.0,权力类型,extraction,63bb5d4e71e6267d4835ef9479c9ff86b0b3ef916f5e6075b1750ed13e17cad3
,,,冗余三元组,4.0,3.0,行驶主体,extraction,65bd830d3a69c947ab33e8bccf4d7c9239947243f009a12164fa2b3d4defa4e5
,,,冗余三元组,4.0,3.0,承办机构,extraction,552f0352c4383de1ccdd6574c3a3cf1febf987d93f20f8b4d8f312f665277ccd
,,,冗余三元组,33.0,1.0,实施依据,extraction,bd4d251de9aa9eb9c09f30ba2cb708ae2c507f14020ac308d2f0fc7019e488a7
,,,冗余三元组,1.0,6.0,涉及事项,extraction,63ed056176a358e5141eeb94299bb1cc5c1ba655d4c97bdb0e998157b41cd7a5
,,,冗余三元组,22.0,22.0,行驶主体,extraction,ea514dce437d76e89b3fa59071aafb2f1a77f9b4650cd943de730b79d7484854
,,,冗余三元组,22.0,22.0,承办机构,extraction,c26bdc333007524d45848b23cd157a7888dcd66080cd02562078a2e4976bc46c
,,,冗余三元组,22.0,20.0,依据,extraction,532e07d853cc1656775afad4716d09061e351deba6351b7f733cab5c78af9f86
,,,冗余三元组,1.0,51.0,包含行为,extraction,f8a8dc8a03ea22f0c99fcbd7990d1f03fe9b84cf3f283d29a67c08ec33604bcb
,,,冗余三元组,9.0,3.0,是,extraction,0ec99e7cb6f44635fcabc5bf332037bea07b228f7b51753076ef1e8382984bc4
,,,冗余三元组,10.0,26.0,是,extraction,89fbb5ae30c6220e41f165591e4df027877c140a72033fe0680e44206164aa17
,,,冗余三元组,12.0,26.0,是,extraction,a3817cab3fccbfd1b94576c85b68cfb0ff0511791fe7ada5dd7c10500502e531
,,,冗余三元组,13.0,37.0,是,extraction,11ad231736d8e934254b836f208f0b302e4d9e38c23214e2036235899cb04fe6
,,,冗余三元组,1.0,36.0,涉及事项,extraction,8f5ef8181607d60e4eccd5ec612a1b947845c41af6a5aa6f33629298f46d39a8
,,,冗余三元组,3.0,1.0,权力类型,extraction,63bb5d4e71e6267d4835ef9479c9ff86b0b3ef916f5e6075b1750ed13e17cad3
,,,冗余三元组,38.0,3.0,行驶主体,extraction,09efeab994a6d0a0d2474408b9050a4299990ea94ef2b0fd3b3f3c42b80c1d00
,,,冗余三元组,38.0,3.0,承办机构,extraction,3ffeb2c635f8eac91bfd409e9ffa26f73bbf4f4bb174d1a1c0cfa1334e723247
,,,冗余三元组,27.0,3.0,实施依据,extraction,13ecae60e92e941ef4d9485768d111c391b72853ef20b0f5a42b8bcdde18e40b
,,,冗余三元组,1.0,6.0,涉及事项,extraction,63ed056176a358e5141eeb94299bb1cc5c1ba655d4c97bdb0e998157b41cd7a5
,,,冗余三元组,3.0,1.0,权力类型,extraction,63bb5d4e71e6267d4835ef9479c9ff86b0b3ef916f5e6075b1750ed13e17cad3
,,,冗余三元组,11.0,3.0,行驶主体,extraction,252ebc8fde2836f7eae5a791df687860076241cf808bc99e0fd167f0ea262cd9
,,,冗余三元组,11.0,3.0,承办机构,extraction,e3339b884b62824a3b8679c646ddcca5b0bd6ecf6ec75f8d8629aa2e9b31a33c
,,,冗余三元组,3.0,14.0,实施依据,extraction,09931771bbcd9cd15e93938cf3ce07dfed30596b980f89738627e75ac71073d2
,,,冗余三元组,1.0,30.0,涉及,extraction,f791f6ad50cca9a9432e1d95b6ef54bd1b64b5eb692d18dc2f430e81dd5537c2
,,,冗余三元组,9.0,3.0,是,extraction,0ec99e7cb6f44635fcabc5bf332037bea07b228f7b51753076ef1e8382984bc4
,,,冗余三元组,10.0,11.0,是,extraction,44a8fa7ea54ec2e41111a4f5dc6a9811dee8aa3aa19fb306f9177dfc86a9aea9
,,,冗余三元组,12.0,11.0,是,extraction,54710bbec3ca077fe79c80e1e95ea28a843633289f5bc6efe6abea14f6118623
,,,冗余三元组,13.0,37.0,是,extraction,11ad231736d8e934254b836f208f0b302e4d9e38c23214e2036235899cb04fe6
,,,冗余三元组,1.0,42.0,涉及事项,extraction,6fa1fbc925e7b9f7909377c8fdb4e224f49dc4ac4ecc0317653a80654e14e7bc
,,,冗余三元组,3.0,1.0,权力类型,extraction,63bb5d4e71e6267d4835ef9479c9ff86b0b3ef916f5e6075b1750ed13e17cad3
,,,冗余三元组,22.0,3.0,行驶主体,extraction,63b889c6caaf61c3eefad202bc0e1a4344122b009d898e41612d2ce9411c9a90
,,,冗余三元组,22.0,3.0,承办机构,extraction,450ea2044227017296ffd8295e12ead624bac9ad5fb24c8dce7525315368e0fd
,,,冗余三元组,57.0,3.0,实施依据,extraction,5a3c761fe453774b965d5423f4e3d73baec3276767fa64926162aa8a54e64505
,,,冗余三元组,1.0,28.0,涉及内容,extraction,ac3ee725f8a339f9fbd2a7028b68d899a9b8e5be581c35045e4b8bfb3dc079c3
,,,冗余三元组,3.0,1.0,权力类型,extraction,63bb5d4e71e6267d4835ef9479c9ff86b0b3ef916f5e6075b1750ed13e17cad3
,,,冗余三元组,41.0,1.0,行驶主体,extraction,3e203c1cd5240efde0e6a6d05bb4f8d4f3f80b46e735202ba3011d3e2801f0a1
,,,冗余三元组,41.0,1.0,承办机构,extraction,379f2c27a6c0b2eecca7d7b46b22ef51fefdad08ac0ee7abd453d5173a893b67
,,,冗余三元组,1.0,20.0,实施依据,extraction,9583485e7c5313414eee8da478484ca22765513065c2129cbcfee14a2b57b3d7
,,,冗余三元组,1.0,21.0,包含,extraction,635d1027165abbabe82fa63c66c6183ad9893b0e011f20d0b6ad30d71c05ec2a
,,,冗余三元组,9.0,3.0,是,extraction,0ec99e7cb6f44635fcabc5bf332037bea07b228f7b51753076ef1e8382984bc4
,,,冗余三元组,10.0,22.0,是,extraction,5a0b03998ab865a9402789a91f83ce5e2c3e8b9dc624370864b73747e8ad330a
,,,冗余三元组,12.0,22.0,是,extraction,51b7578f6e3f4d6aa73a569f8dfc21fce38f169c0202a35f222c3aebbfe18ce9
,,,冗余三元组,13.0,29.0,是,extraction,ffa30b4f3216d3a8f56030cb4d33517361b4979ec19a58b4d3a546e9f0b38bdc
,,,冗余三元组,1.0,48.0,涉及,extraction,43f753b0869e5b3480d412e3111fed805e65bb3f1052b513ae0a118d35d584a7
,,,冗余三元组,9.0,3.0,是,extraction,0ec99e7cb6f44635fcabc5bf332037bea07b228f7b51753076ef1e8382984bc4
,,,冗余三元组,10.0,16.0,是,extraction,746a2100773446996a077ea20c54ba9035e03b7b31f93fb59a8ae3cd5a9d17da
,,,冗余三元组,12.0,16.0,是,extraction,02eb93de428eaa79f373e8be62591cfeadb588d7f8583ea3de7abacb8d43bb50
,,,冗余三元组,13.0,35.0,是,extraction,bdb6ae948fcb734a09a70e6199e73c6b4e1ee8988d36d946e8376162542ec754
,,,冗余三元组,1.0,28.0,涉及内容,extraction,ac3ee725f8a339f9fbd2a7028b68d899a9b8e5be581c35045e4b8bfb3dc079c3
,,,冗余三元组,3.0,1.0,权力类型,extraction,63bb5d4e71e6267d4835ef9479c9ff86b0b3ef916f5e6075b1750ed13e17cad3
,,,冗余三元组,44.0,1.0,行驶主体,extraction,5aa5bd754001b528942d9ff1cf92c0dac3eea5408ae1a3ad1be7b48dd6ad7bc6
,,,冗余三元组,44.0,1.0,承办机构,extraction,fe869ebaf0ddd080462b050806e1c882e39322a3f98c8d4b29b1d043af63148d
,,,冗余三元组,1.0,47.0,服务事项,extraction,b33592c1f30e39df0401c77d218134fb8abddfd7e8dbdedb52818471c5201bf4
,,,冗余三元组,3.0,1.0,权力类型,extraction,63bb5d4e71e6267d4835ef9479c9ff86b0b3ef916f5e6075b1750ed13e17cad3
,,,冗余三元组,32.0,1.0,行驶主体,extraction,f3ae7eebff4e3460421e23abeef0b3052dd9a3dcfbd1f44a03d027eeb1801b4f
,,,冗余三元组,32.0,1.0,承办机构,extraction,931cafd24efaf97775db66b22a04ccc10ef5b34c9f1550f1c6e447e2887940db
,,,冗余三元组,29.0,1.0,实施依据,extraction,4d6a75557bbe9841d0be13b4e01ac6515a34345dcc24975619f43ac4561facb5
,,,冗余三元组,1.0,46.0,涉及问题,extraction,3e940b19ef498016fad79857e57d4ee162cee2e05833d1b57fba62f1d9613be3
,,,冗余三元组,3.0,1.0,类型,extraction,65a2d78a945df9ac573c112d3bad900f2eb4940d22d4f014a9262ffbc7a54c7e
,,,冗余三元组,38.0,3.0,行驶主体,extraction,09efeab994a6d0a0d2474408b9050a4299990ea94ef2b0fd3b3f3c42b80c1d00
,,,冗余三元组,38.0,3.0,承办机构,extraction,3ffeb2c635f8eac91bfd409e9ffa26f73bbf4f4bb174d1a1c0cfa1334e723247
,,,冗余三元组,1.0,62.0,涉及问题,extraction,2a934fc7a5fcf782dd1e2daadb598b9eafb710e91a5aa9232b2ceb713d26918f
,,,冗余三元组,3.0,1.0,权力类型,extraction,63bb5d4e71e6267d4835ef9479c9ff86b0b3ef916f5e6075b1750ed13e17cad3
,,,冗余三元组,44.0,3.0,行驶主体,extraction,5a54a852e46cf955056cfb470e35ee0ab596f12cadf4d4250f92e1854d40d0fb
,,,冗余三元组,44.0,3.0,承办机构,extraction,26be69caa0923ff59e399351f5a7dbfb94533ccfbecefd9b8cd69f55e191c14d
,,,冗余三元组,3.0,43.0,实施依据,extraction,8c7abadfdc319d7274052099c86c42f15733fa00826782a23647ef3537704765
,,,冗余三元组,1.0,36.0,涉及,extraction,74acc40ab669e870e70aea4357aee0f96da0e727b95126c4d5fc55df050ed2db
,,,冗余三元组,9.0,3.0,是,extraction,0ec99e7cb6f44635fcabc5bf332037bea07b228f7b51753076ef1e8382984bc4
,,,冗余三元组,10.0,32.0,是,extraction,4da064cb343643cc890842dceaf67b09d17018b8caccfb9a66252b99aba7b2c2
,,,冗余三元组,12.0,32.0,是,extraction,9c4f6d970f0759ccf44ba88668fb20479c3f74345a7048810ee820b1947a78e1
,,,冗余三元组,13.0,7.0,是,extraction,5173b273e53a3712e9a749ca6cf7b8e8d3b7641db772c202823ccb26f6087587
,,,冗余三元组,1.0,21.0,涉及,extraction,d1b2ea20d33ebdf706da57711df8f8bba9ad8e38b80478b043e9ecfcf667aa7a
,,,冗余三元组,9.0,3.0,是,extraction,0ec99e7cb6f44635fcabc5bf332037bea07b228f7b51753076ef1e8382984bc4
,,,冗余三元组,10.0,41.0,是,extraction,6f83ced92a9691e5e14cc19bb1bc5463d86dfecb7bda23ec44eab17a27bf9ae5
,,,冗余三元组,12.0,41.0,是,extraction,a4b1a3ff2483dfe0fabc0a44c0aa6f73e99b87cf7ec502667cce0dc30a67f7b2
,,,冗余三元组,13.0,7.0,是,extraction,5173b273e53a3712e9a749ca6cf7b8e8d3b7641db772c202823ccb26f6087587
,,,冗余三元组,1.0,2.0,涉及事项,extraction,45a6b5e9b7acaaf964d4ba55ee382735953a50be79b9c5a63cfd56f3bfaa98e9
,,,冗余三元组,3.0,1.0,权力类型,extraction,63bb5d4e71e6267d4835ef9479c9ff86b0b3ef916f5e6075b1750ed13e17cad3
,,,冗余三元组,4.0,3.0,行驶主体,extraction,65bd830d3a69c947ab33e8bccf4d7c9239947243f009a12164fa2b3d4defa4e5
,,,冗余三元组,4.0,3.0,承办机构,extraction,552f0352c4383de1ccdd6574c3a3cf1febf987d93f20f8b4d8f312f665277ccd
,,,冗余三元组,7.0,3.0,实施依据,extraction,f19e34325be413dc5e6bb80be003b66e02159d7f79ced0a5e8ba8a58d7125e15
,,,冗余三元组,1.0,58.0,涉及,extraction,ebb5415c1b54071499b45a909f698aaec953682c36e97747e6aee00bc7e619d3
,,,冗余三元组,9.0,3.0,是,extraction,0ec99e7cb6f44635fcabc5bf332037bea07b228f7b51753076ef1e8382984bc4
,,,冗余三元组,10.0,41.0,是,extraction,6f83ced92a9691e5e14cc19bb1bc5463d86dfecb7bda23ec44eab17a27bf9ae5
,,,冗余三元组,12.0,41.0,是,extraction,a4b1a3ff2483dfe0fabc0a44c0aa6f73e99b87cf7ec502667cce0dc30a67f7b2
,,,冗余三元组,13.0,27.0,是,extraction,b6eab7714fb673bef9d283a76736709544e272990472859dc282d706a47931e5
,,,冗余三元组,1.0,48.0,涉及内容,extraction,c90c36bc34d7f04fedfc793b0376221c7073cfdcfd8648ced932e92d2e837f7a
,,,冗余三元组,3.0,1.0,权力类型,extraction,63bb5d4e71e6267d4835ef9479c9ff86b0b3ef916f5e6075b1750ed13e17cad3
,,,冗余三元组,32.0,1.0,行驶主体,extraction,f3ae7eebff4e3460421e23abeef0b3052dd9a3dcfbd1f44a03d027eeb1801b4f
,,,冗余三元组,32.0,1.0,承办机构,extraction,931cafd24efaf97775db66b22a04ccc10ef5b34c9f1550f1c6e447e2887940db
,,,冗余三元组,5.0,1.0,实施依据,extraction,746c20bbe85a6c741c868997cbc091c7eddeafc57e2839c0cc9ba4fd6c55ad73
,,,冗余三元组,1.0,30.0,涉及,extraction,f791f6ad50cca9a9432e1d95b6ef54bd1b64b5eb692d18dc2f430e81dd5537c2
,,,冗余三元组,9.0,3.0,是,extraction,0ec99e7cb6f44635fcabc5bf332037bea07b228f7b51753076ef1e8382984bc4
,,,冗余三元组,10.0,32.0,是,extraction,4da064cb343643cc890842dceaf67b09d17018b8caccfb9a66252b99aba7b2c2
,,,冗余三元组,12.0,32.0,是,extraction,9c4f6d970f0759ccf44ba88668fb20479c3f74345a7048810ee820b1947a78e1
,,,冗余三元组,13.0,33.0,是,extraction,fc4553073462fe666aaa676d985116bc290a0c71f03fb633205f00b4fcf4ff71
,,,冗余三元组,1.0,24.0,基于,extraction,a5276488a9604d9649d8bacd34b068a0005e4d755aa469a2a15794604500ae4d
,,,冗余三元组,26.0,1.0,行使主体,extraction,4b4001fd1d5a33d62b24eafad32672e1f0862f7f54bdee86f3a10e2cd536a09c
,,,冗余三元组,26.0,1.0,承办机构,extraction,69ebaebdf045cea8cb77aa5e448d960f3c2e8a6fbe335676bbabaa00d3c918e5
,,,冗余三元组,1.0,23.0,依据,extraction,0c4e2a2eed4772431ff0a6f635bec43d213b808cd3ebb9e90f0dd418ba282cb2
,,,冗余三元组,1.0,55.0,涉及方面,extraction,5ee3a47a13dc675638470604b07e57a50fdeaeedeade9769ce1a62338490e202
,,,冗余三元组,9.0,3.0,类型,extraction,7b4fd279b61586115fa2987e2d0371238853c4f6f63e89d0b451e4237f492a37
,,,冗余三元组,32.0,1.0,行驶主体,extraction,f3ae7eebff4e3460421e23abeef0b3052dd9a3dcfbd1f44a03d027eeb1801b4f
,,,冗余三元组,32.0,1.0,承办机构,extraction,931cafd24efaf97775db66b22a04ccc10ef5b34c9f1550f1c6e447e2887940db
,,,冗余三元组,7.0,1.0,实施依据,extraction,d17adc34c7caa96f27afae806386689e2bb5cbc06ad807b8af9e91dbe53a1682
,,,冗余三元组,39.0,1.0,是,extraction,38e1d37380a7519608b7025690633256c2d7865eeeda60653fee8757d9e4afaf
,,,冗余三元组,1.0,6.0,包含,extraction,6ecdba443ab03f53034716e8a54ce606c968731dbdc7458caee09b0c462aaaba
,,,冗余三元组,9.0,3.0,是,extraction,0ec99e7cb6f44635fcabc5bf332037bea07b228f7b51753076ef1e8382984bc4
,,,冗余三元组,10.0,44.0,是,extraction,53854b14f84a4f7bcec4288babeeb93d9202a8f1247a14098e9a02982cc95640
,,,冗余三元组,12.0,44.0,是,extraction,de41cd62c11f82837c5925e3426f42630d0bc935f1a9e33489b933acda4b7831
,,,冗余三元组,13.0,5.0,是,extraction,507348e0a400849c992ed3d4db941f51b877314c064a446d1a19df892d7a6f73
,,,冗余三元组,39.0,1.0,是,extraction,38e1d37380a7519608b7025690633256c2d7865eeeda60653fee8757d9e4afaf
,,,冗余三元组,9.0,3.0,是,extraction,0ec99e7cb6f44635fcabc5bf332037bea07b228f7b51753076ef1e8382984bc4
,,,冗余三元组,10.0,25.0,是,extraction,ad542489db79b38432a47864e6f61070ea6042115797987a3bcdb2baca19bebf
,,,冗余三元组,12.0,25.0,是,extraction,dc4ae0749038f60cf9a543d11bdbb3655270d3f1168c53408b231865a3b78a64
,,,冗余三元组,13.0,7.0,是,extraction,5173b273e53a3712e9a749ca6cf7b8e8d3b7641db772c202823ccb26f6087587
,,,冗余三元组,1.0,21.0,涉及,extraction,d1b2ea20d33ebdf706da57711df8f8bba9ad8e38b80478b043e9ecfcf667aa7a
,,,冗余三元组,9.0,3.0,是,extraction,0ec99e7cb6f44635fcabc5bf332037bea07b228f7b51753076ef1e8382984bc4
,,,冗余三元组,10.0,44.0,为,extraction,69112bdc2b4df8b11750d6f8d72b164b25e2c2af650527da381d1fef1854d09e
,,,冗余三元组,12.0,44.0,为,extraction,789557af73d2a9d31fa03e49ed15b2040e4d5acce57b1e0e7392f07dd6641f18
,,,冗余三元组,13.0,33.0,是,extraction,fc4553073462fe666aaa676d985116bc290a0c71f03fb633205f00b4fcf4ff71
,,,冗余三元组,1.0,55.0,涉及方面,extraction,5ee3a47a13dc675638470604b07e57a50fdeaeedeade9769ce1a62338490e202
,,,冗余三元组,9.0,3.0,类型,extraction,7b4fd279b61586115fa2987e2d0371238853c4f6f63e89d0b451e4237f492a37
,,,冗余三元组,10.0,4.0,是,extraction,4253afef8f3fd90e1effb4068d33d5af9bf9795c98a41a591346af581d8c5b13
,,,冗余三元组,12.0,4.0,是,extraction,157789d187fc7ed7a6f770e4112d938e1669ffabeec33b64ab160620d61c286f
,,,冗余三元组,13.0,37.0,来自,extraction,9be20541547878f5553f07386429b6cbeaf2db5b685571c8cecbbe71bcc82b2f
,,,冗余三元组,1.0,58.0,包含,extraction,a99749a34663c627f41bf723f6a81786f4ec688554b1b228877f58e936d4f065
,,,冗余三元组,9.0,3.0,是,extraction,0ec99e7cb6f44635fcabc5bf332037bea07b228f7b51753076ef1e8382984bc4
,,,冗余三元组,10.0,16.0,是,extraction,746a2100773446996a077ea20c54ba9035e03b7b31f93fb59a8ae3cd5a9d17da
,,,冗余三元组,12.0,16.0,是,extraction,02eb93de428eaa79f373e8be62591cfeadb588d7f8583ea3de7abacb8d43bb50
,,,冗余三元组,13.0,50.0,是,extraction,c041f04873201647e0b342a86dacb602d31a2f7036dbbbcb8019ba08c7818ff2
,,,冗余三元组,1.0,8.0,涉及内容,extraction,d02de960772b95844ead284f303c0cc0a431bb9e9d2e2a9acb00d12d4b09753a
,,,冗余三元组,9.0,3.0,类型,extraction,7b4fd279b61586115fa2987e2d0371238853c4f6f63e89d0b451e4237f492a37
,,,冗余三元组,32.0,1.0,行驶主体,extraction,f3ae7eebff4e3460421e23abeef0b3052dd9a3dcfbd1f44a03d027eeb1801b4f
,,,冗余三元组,32.0,1.0,承办机构,extraction,931cafd24efaf97775db66b22a04ccc10ef5b34c9f1550f1c6e447e2887940db
,,,冗余三元组,1.0,14.0,依据,extraction,ef634f9e84afb4ebf494e22553b15ac7b1fbc49e61d65588899d98c77fee67fd
,,,冗余三元组,1.0,51.0,涉及行为,extraction,4d50e735db0c7c921debcd5d22ac59a9a9275f523e4dfe60a64102e7ab70d731
,,,冗余三元组,3.0,44.0,由,extraction,080f99a748c7eb4782333f3721b4fa96e331a8c8466092f36c40de49b7d21732
,,,冗余三元组,44.0,3.0,行使权力,extraction,f198bdefb30b60bad0eda0caf732f8ed5cf312b7a53711a3709d6e4926cc4866
,,,冗余三元组,44.0,44.0,承办机构,extraction,4b1382a3fb79e09aafc2ec222f61f9616ac1e45d853eb21cd47e5ee398bfea08
,,,冗余三元组,1.0,52.0,包含原因,extraction,85c2afcc9c5accc9e264526ac6e3f96cc6f95f5e004aebc14df19b42985180d3
,,,冗余三元组,9.0,3.0,是,extraction,0ec99e7cb6f44635fcabc5bf332037bea07b228f7b51753076ef1e8382984bc4
,,,冗余三元组,10.0,22.0,是,extraction,5a0b03998ab865a9402789a91f83ce5e2c3e8b9dc624370864b73747e8ad330a
,,,冗余三元组,12.0,22.0,是,extraction,51b7578f6e3f4d6aa73a569f8dfc21fce38f169c0202a35f222c3aebbfe18ce9
,,,冗余三元组,13.0,37.0,是,extraction,11ad231736d8e934254b836f208f0b302e4d9e38c23214e2036235899cb04fe6
,,,冗余三元组,1.0,31.0,涉及事项,extraction,f3220bd517fb70fe72f0f354fdf1fe08442b21b32cae58b726ef2340a0149292
,,,冗余三元组,3.0,1.0,权力类型,extraction,63bb5d4e71e6267d4835ef9479c9ff86b0b3ef916f5e6075b1750ed13e17cad3
,,,冗余三元组,25.0,3.0,行驶主体,extraction,c7f405beeae1829a03dbec6b28d32c4d828da48de999734d24825266b3076f59
,,,冗余三元组,25.0,3.0,承办机构,extraction,eef2c4724eefbb6cbc8a1e38dd903f5952b15b4fa168168b9caed346c6551029
,,,冗余三元组,3.0,20.0,依据,extraction,47bd5385ecff6c4878de85cee4387481cec77d129a3e9d1c02bfa5960ffd344e
,,,冗余三元组,1.0,8.0,涉及,extraction,87762195aab84fdc0842a072b54421c6e992ded15227e267788ac371d89fd8a5
,,,冗余三元组,9.0,3.0,是,extraction,0ec99e7cb6f44635fcabc5bf332037bea07b228f7b51753076ef1e8382984bc4
,,,冗余三元组,10.0,38.0,是,extraction,b756eb5995473eefcaf0d5b4fb891f9eb9190e7e7f446761eaff99790520dd98
,,,冗余三元组,12.0,38.0,是,extraction,76d05d01998cae971c559874b8df42b2445eeafc6d81c360c7aecdbaf38c3f00
,,,冗余三元组,13.0,14.0,是,extraction,bfbeedc7e6daf4f851060b875d14b5b7c1dab5b695356d4176fd018de0894ae2
,,,冗余三元组,1.0,28.0,涉及内容,extraction,ac3ee725f8a339f9fbd2a7028b68d899a9b8e5be581c35045e4b8bfb3dc079c3
,,,冗余三元组,3.0,1.0,权力类型,extraction,63bb5d4e71e6267d4835ef9479c9ff86b0b3ef916f5e6075b1750ed13e17cad3
,,,冗余三元组,22.0,1.0,行驶主体,extraction,51b40b4c4f91240a5d323aaa57fa14fc575345cbc5dfbd5960fee3546a9d8c6c
,,,冗余三元组,22.0,1.0,承办机构,extraction,9c49a1220338386706f2952f161469c3bd5f784a5b99fbb95a8b8222c52b3a33
,,,冗余三元组,1.0,33.0,实施依据,extraction,26cc092408f0a9aa6f263c39234f8f2765d112fd2a7cdf3cff6187a39e1d5c6b
,,,冗余三元组,39.0,1.0,是,extraction,38e1d37380a7519608b7025690633256c2d7865eeeda60653fee8757d9e4afaf
,,,冗余三元组,9.0,3.0,是,extraction,0ec99e7cb6f44635fcabc5bf332037bea07b228f7b51753076ef1e8382984bc4
,,,冗余三元组,10.0,25.0,是,extraction,ad542489db79b38432a47864e6f61070ea6042115797987a3bcdb2baca19bebf
,,,冗余三元组,12.0,25.0,是,extraction,dc4ae0749038f60cf9a543d11bdbb3655270d3f1168c53408b231865a3b78a64
,,,冗余三元组,13.0,29.0,是,extraction,ffa30b4f3216d3a8f56030cb4d33517361b4979ec19a58b4d3a546e9f0b38bdc
,,,冗余三元组,1.0,42.0,涉及事项,extraction,6fa1fbc925e7b9f7909377c8fdb4e224f49dc4ac4ecc0317653a80654e14e7bc
,,,冗余三元组,3.0,1.0,权力类型,extraction,63bb5d4e71e6267d4835ef9479c9ff86b0b3ef916f5e6075b1750ed13e17cad3
,,,冗余三元组,11.0,3.0,行驶主体,extraction,252ebc8fde2836f7eae5a791df687860076241cf808bc99e0fd167f0ea262cd9
,,,冗余三元组,11.0,3.0,承办机构,extraction,e3339b884b62824a3b8679c646ddcca5b0bd6ecf6ec75f8d8629aa2e9b31a33c
,,,冗余三元组,1.0,29.0,依据,extraction,7c876ea0542c8c0bbe2bd1071fb11a2281ab201ea6a5d96c9f866fe3fc0a1ecb
,,,冗余三元组,1.0,28.0,涉及内容,extraction,ac3ee725f8a339f9fbd2a7028b68d899a9b8e5be581c35045e4b8bfb3dc079c3
,,,冗余三元组,3.0,1.0,权力类型,extraction,63bb5d4e71e6267d4835ef9479c9ff86b0b3ef916f5e6075b1750ed13e17cad3
,,,冗余三元组,41.0,1.0,行驶主体,extraction,3e203c1cd5240efde0e6a6d05bb4f8d4f3f80b46e735202ba3011d3e2801f0a1
,,,冗余三元组,41.0,1.0,承办机构,extraction,379f2c27a6c0b2eecca7d7b46b22ef51fefdad08ac0ee7abd453d5173a893b67
,,,冗余三元组,1.0,27.0,实施依据,extraction,0e30535101004be1a7b121b537cd81665d02521ea1c82e250417c2c271962f93
,,,冗余三元组,1.0,15.0,服务事项,extraction,d58af36cd0af73d9b19e1d9407d5a626b1cd60fd82322b0355d1dcad51bc51b4
,,,冗余三元组,3.0,1.0,权力类型,extraction,63bb5d4e71e6267d4835ef9479c9ff86b0b3ef916f5e6075b1750ed13e17cad3
,,,冗余三元组,41.0,1.0,行驶主体,extraction,3e203c1cd5240efde0e6a6d05bb4f8d4f3f80b46e735202ba3011d3e2801f0a1
,,,冗余三元组,41.0,1.0,承办机构,extraction,379f2c27a6c0b2eecca7d7b46b22ef51fefdad08ac0ee7abd453d5173a893b67
,,,冗余三元组,1.0,14.0,实施依据,extraction,86a585785321be79b433ed2131da5d315c88dcee88be270a52a3c3fec56e323b
,,,冗余三元组,1.0,31.0,涉及问题,extraction,ea08369126f7fbe0d95ca41a348902bab3f4d8e388232d1c4ed32a98fca9af59
,,,冗余三元组,3.0,1.0,权力类型,extraction,63bb5d4e71e6267d4835ef9479c9ff86b0b3ef916f5e6075b1750ed13e17cad3
,,,冗余三元组,44.0,1.0,行驶主体,extraction,5aa5bd754001b528942d9ff1cf92c0dac3eea5408ae1a3ad1be7b48dd6ad7bc6
,,,冗余三元组,44.0,1.0,承办机构,extraction,fe869ebaf0ddd080462b050806e1c882e39322a3f98c8d4b29b1d043af63148d
,,,冗余三元组,1.0,37.0,依据,extraction,9baf4dc889d264b4d09564a7e039327e8719109dcf2689d6e76c356b4984da9c
,,,冗余三元组,1.0,19.0,涉及内容,extraction,e667158a34c5290413d6959d0281c37377fbc946202a479c446b6afeb89e2126
,,,冗余三元组,9.0,3.0,类型,extraction,7b4fd279b61586115fa2987e2d0371238853c4f6f63e89d0b451e4237f492a37
,,,冗余三元组,10.0,11.0,是,extraction,44a8fa7ea54ec2e41111a4f5dc6a9811dee8aa3aa19fb306f9177dfc86a9aea9
,,,冗余三元组,12.0,11.0,是,extraction,54710bbec3ca077fe79c80e1e95ea28a843633289f5bc6efe6abea14f6118623
,,,冗余三元组,13.0,50.0,是,extraction,c041f04873201647e0b342a86dacb602d31a2f7036dbbbcb8019ba08c7818ff2
,,,冗余三元组,1.0,30.0,包含,extraction,b513d0b5fe620cfbed205f8d217fb4790ebfe54bd1dacc6452fdd584f0bbdfd5
,,,冗余三元组,9.0,3.0,是,extraction,0ec99e7cb6f44635fcabc5bf332037bea07b228f7b51753076ef1e8382984bc4
,,,冗余三元组,10.0,26.0,是,extraction,89fbb5ae30c6220e41f165591e4df027877c140a72033fe0680e44206164aa17
,,,冗余三元组,12.0,26.0,是,extraction,a3817cab3fccbfd1b94576c85b68cfb0ff0511791fe7ada5dd7c10500502e531
,,,冗余三元组,13.0,35.0,是,extraction,bdb6ae948fcb734a09a70e6199e73c6b4e1ee8988d36d946e8376162542ec754
,,,冗余三元组,1.0,6.0,涉及事项,extraction,63ed056176a358e5141eeb94299bb1cc5c1ba655d4c97bdb0e998157b41cd7a5
,,,冗余三元组,3.0,1.0,权力类型,extraction,63bb5d4e71e6267d4835ef9479c9ff86b0b3ef916f5e6075b1750ed13e17cad3
,,,冗余三元组,38.0,3.0,行驶主体,extraction,09efeab994a6d0a0d2474408b9050a4299990ea94ef2b0fd3b3f3c42b80c1d00
,,,冗余三元组,38.0,3.0,承办机构,extraction,3ffeb2c635f8eac91bfd409e9ffa26f73bbf4f4bb174d1a1c0cfa1334e723247
,,,冗余三元组,3.0,29.0,实施依据,extraction,7a7bcb4a026d33d470d90f7883f87faa7c2e08e41279ee073aad251b46a7b8de
,,,冗余三元组,1.0,55.0,涉及方面,extraction,5ee3a47a13dc675638470604b07e57a50fdeaeedeade9769ce1a62338490e202
,,,冗余三元组,9.0,3.0,类型,extraction,7b4fd279b61586115fa2987e2d0371238853c4f6f63e89d0b451e4237f492a37
,,,冗余三元组,10.0,22.0,为,extraction,1a97657648cf85daf9577b8f97db471a103398604acad7e49b5c9e5312315e6e
,,,冗余三元组,12.0,22.0,为,extraction,01d72a5fabeb49cad4036597626c1d026038537027330c5f333061113111547f
,,,冗余三元组,13.0,23.0,依据,extraction,261d8a0b0ca2188ace783a24764101378b7c17ac281bc02dccda4711d75c4f8a
,,,冗余三元组,1.0,42.0,涉及事项,extraction,6fa1fbc925e7b9f7909377c8fdb4e224f49dc4ac4ecc0317653a80654e14e7bc
,,,冗余三元组,3.0,1.0,权力类型,extraction,63bb5d4e71e6267d4835ef9479c9ff86b0b3ef916f5e6075b1750ed13e17cad3
,,,冗余三元组,11.0,3.0,行驶主体,extraction,252ebc8fde2836f7eae5a791df687860076241cf808bc99e0fd167f0ea262cd9
,,,冗余三元组,11.0,3.0,承办机构,extraction,e3339b884b62824a3b8679c646ddcca5b0bd6ecf6ec75f8d8629aa2e9b31a33c
,,,冗余三元组,20.0,3.0,实施依据,extraction,74c469772883cc75830d6664aabca03b3c8bc471660e084cede3096ee903fa04
,,,冗余三元组,1.0,48.0,涉及内容,extraction,c90c36bc34d7f04fedfc793b0376221c7073cfdcfd8648ced932e92d2e837f7a
,,,冗余三元组,3.0,1.0,权力类型,extraction,63bb5d4e71e6267d4835ef9479c9ff86b0b3ef916f5e6075b1750ed13e17cad3
,,,冗余三元组,41.0,1.0,行驶主体,extraction,3e203c1cd5240efde0e6a6d05bb4f8d4f3f80b46e735202ba3011d3e2801f0a1
,,,冗余三元组,41.0,1.0,承办机构,extraction,379f2c27a6c0b2eecca7d7b46b22ef51fefdad08ac0ee7abd453d5173a893b67
,,,冗余三元组,1.0,33.0,实施依据,extraction,26cc092408f0a9aa6f263c39234f8f2765d112fd2a7cdf3cff6187a39e1d5c6b
,,,冗余三元组,1.0,55.0,涉及方面,extraction,5ee3a47a13dc675638470604b07e57a50fdeaeedeade9769ce1a62338490e202
,,,冗余三元组,9.0,3.0,类型,extraction,7b4fd279b61586115fa2987e2d0371238853c4f6f63e89d0b451e4237f492a37
,,,冗余三元组,10.0,4.0,为,extraction,028a00dbaebf405e668aeae0a4f021cf2c7ac9e7b35a17a14f5ccf9326d18806
,,,冗余三元组,12.0,4.0,为,extraction,8d1cae0c1732d8c60594c37aacd06e9ae606896190807a3295cf427026057a55
,,,冗余三元组,13.0,29.0,依据,extraction,339ea22aba17a985debf38c1930430e3b55f008318624e7efcaa4b7d8ae18a54
,,,冗余三元组,1.0,55.0,涉及,extraction,d3dce47df0bc87d9fc69992a5dfb419dc64d4ec5f6b002937da586081885a914
,,,冗余三元组,32.0,10.0,是,extraction,ae247fb41c98d8ccabb2d83a667742af89f55090577015a55d4edf49d86c0aa5
,,,冗余三元组,32.0,12.0,是,extraction,57ee03c2de6ce64ededdcf78ba467640a2b6884aeddc30f8c18ecc2bad9b9d88
,,,冗余三元组,3.0,37.0,依据,extraction,715f2ea5b4746dd4807f014a3997acb14dcfe385864694211e02dd11051b5094
,,,冗余三元组,1.0,6.0,服务事项,extraction,bcaaf93ebebcb6717086617566e54d8eda6e69ccbfae463d34ed5cb674242d7a
,,,冗余三元组,3.0,1.0,权力类型,extraction,63bb5d4e71e6267d4835ef9479c9ff86b0b3ef916f5e6075b1750ed13e17cad3
,,,冗余三元组,11.0,1.0,行驶主体,extraction,50e598b1826c6a6e16cbb761d7126c8286dd306ea8aefdffee154cbb615a866b
,,,冗余三元组,11.0,1.0,承办机构,extraction,ecacee85e506b895bb6ef636499570c58825c04c2655e0f358383dd8770dbffa
,,,冗余三元组,49.0,1.0,实施依据,extraction,ff26d12b358cafe4c2fb87a18323c05e83a57fff577f25152d237a0d2a1a6669
,,,冗余三元组,1.0,15.0,涉及行为,extraction,98cf0eed73c0791ac4a9cf5a2723378fe95b447e4ca27bcce257879ccc630ea0
,,,冗余三元组,3.0,38.0,执行主体,extraction,5d250c09df8e146fdfa7a0a6ada52cf164aa944984285b51d98ad2bfa79d860f
,,,冗余三元组,38.0,10.0,是,extraction,353f87d2e9bef1aa7f353f594f5e93d101000fd95c7424d7dd6415c110489bf9
,,,冗余三元组,38.0,12.0,是,extraction,5c42b0031306e19d6f6592a1b111dcd011bb3991db3da0d26d8c22aac1b80b00
,,,冗余三元组,43.0,13.0,是,extraction,3d688af1e378eadbf05b930d14b5f5f3ead53233ac28a10560808629eb668e8b
,,,冗余三元组,1.0,31.0,涉及问题,extraction,ea08369126f7fbe0d95ca41a348902bab3f4d8e388232d1c4ed32a98fca9af59
,,,冗余三元组,3.0,1.0,类型,extraction,65a2d78a945df9ac573c112d3bad900f2eb4940d22d4f014a9262ffbc7a54c7e
,,,冗余三元组,32.0,3.0,行驶主体,extraction,25aa2c1e152670ddfb23d68a0ae7e021b4a2e63a8a68352208fab8aba8a37318
,,,冗余三元组,32.0,3.0,承办机构,extraction,7cfdba5de59642b67f9924e80b0324afb048e0e5fbe8a9a65ee9100edeae0749
,,,冗余三元组,35.0,3.0,实施依据,extraction,b624cc26441dfe817af4e1eb453814a9cb80441634853b422b6c75adb5478d0b
,,,冗余三元组,1.0,17.0,涉及事项,extraction,26e5b368d0569ae2cd1db86e58c1825b9d075b33fb779749f2c6991aaf9b42eb
,,,冗余三元组,3.0,1.0,权力类型,extraction,63bb5d4e71e6267d4835ef9479c9ff86b0b3ef916f5e6075b1750ed13e17cad3
,,,冗余三元组,41.0,1.0,行驶主体,extraction,3e203c1cd5240efde0e6a6d05bb4f8d4f3f80b46e735202ba3011d3e2801f0a1
,,,冗余三元组,41.0,1.0,承办机构,extraction,379f2c27a6c0b2eecca7d7b46b22ef51fefdad08ac0ee7abd453d5173a893b67
,,,冗余三元组,1.0,20.0,依据,extraction,0f755d0d76fda2f2c4d51908ebb6634a3a8c6995c4ec999f3b8214be69e62a27
,,,冗余三元组,1.0,8.0,涉及内容,extraction,d02de960772b95844ead284f303c0cc0a431bb9e9d2e2a9acb00d12d4b09753a
,,,冗余三元组,9.0,3.0,是,extraction,0ec99e7cb6f44635fcabc5bf332037bea07b228f7b51753076ef1e8382984bc4
,,,冗余三元组,10.0,26.0,是,extraction,89fbb5ae30c6220e41f165591e4df027877c140a72033fe0680e44206164aa17
,,,冗余三元组,12.0,26.0,是,extraction,a3817cab3fccbfd1b94576c85b68cfb0ff0511791fe7ada5dd7c10500502e531
,,,冗余三元组,13.0,43.0,是,extraction,ade982e693329bd738b2be4fef11a25c3536423672e3d1c585cae98131a035d0
,,,冗余三元组,1.0,40.0,涉及内容,extraction,de20e85db7086358cf9286abdebf47adc291c16b26f2f272b53ee25a61196b6a
,,,冗余三元组,9.0,3.0,类型,extraction,7b4fd279b61586115fa2987e2d0371238853c4f6f63e89d0b451e4237f492a37
,,,冗余三元组,10.0,25.0,为,extraction,14eb8cd0d77ed5391b9d37dc27fe68abd7670df3ba47dcd28eb6861f63d38e07
,,,冗余三元组,12.0,25.0,为,extraction,95495f064660a3f109251dafe2c267d79bb3d759704576cd0f4930aedae02db4
,,,冗余三元组,13.0,37.0,来自,extraction,9be20541547878f5553f07386429b6cbeaf2db5b685571c8cecbbe71bcc82b2f
,,,冗余三元组,1.0,42.0,涉及事项,extraction,6fa1fbc925e7b9f7909377c8fdb4e224f49dc4ac4ecc0317653a80654e14e7bc
,,,冗余三元组,3.0,1.0,权力类型,extraction,63bb5d4e71e6267d4835ef9479c9ff86b0b3ef916f5e6075b1750ed13e17cad3
,,,冗余三元组,25.0,3.0,行驶主体,extraction,c7f405beeae1829a03dbec6b28d32c4d828da48de999734d24825266b3076f59
,,,冗余三元组,25.0,3.0,承办机构,extraction,eef2c4724eefbb6cbc8a1e38dd903f5952b15b4fa168168b9caed346c6551029
,,,冗余三元组,50.0,3.0,实施依据,extraction,a790816385e8e57fdbef950d1c81f1f95be9fa56bdb61522285b14310350de63
,,,冗余三元组,1.0,62.0,涉及问题,extraction,2a934fc7a5fcf782dd1e2daadb598b9eafb710e91a5aa9232b2ceb713d26918f
,,,冗余三元组,3.0,1.0,权力类型,extraction,63bb5d4e71e6267d4835ef9479c9ff86b0b3ef916f5e6075b1750ed13e17cad3
,,,冗余三元组,25.0,3.0,行驶主体,extraction,c7f405beeae1829a03dbec6b28d32c4d828da48de999734d24825266b3076f59
,,,冗余三元组,25.0,3.0,承办机构,extraction,eef2c4724eefbb6cbc8a1e38dd903f5952b15b4fa168168b9caed346c6551029
,,,冗余三元组,35.0,3.0,实施依据,extraction,b624cc26441dfe817af4e1eb453814a9cb80441634853b422b6c75adb5478d0b
,,,冗余三元组,1.0,53.0,涉及事项,extraction,f0541f7d0c2d3d04c56da88a6bc6ad2f2baea1220b292ed6fa4bf4744fe4e698
,,,冗余三元组,3.0,1.0,权力类型,extraction,63bb5d4e71e6267d4835ef9479c9ff86b0b3ef916f5e6075b1750ed13e17cad3
,,,冗余三元组,26.0,3.0,行驶主体,extraction,53a6aecb0cb919674eb601d3ca9bfb3e1cd8021d0c2b4edaea1103f12ff5d1fa
,,,冗余三元组,26.0,3.0,承办机构,extraction,09f29ebed328eaaeac44ee7d9b0d8d8b248964f2da25bc454213eb1f6ed1c65b
,,,冗余三元组,61.0,3.0,实施依据,extraction,832bed6dfc646721b1bf579229cabe4577cb81860bf541dcf61d0188733967c2
,,,冗余三元组,39.0,1.0,是,extraction,38e1d37380a7519608b7025690633256c2d7865eeeda60653fee8757d9e4afaf
,,,冗余三元组,1.0,54.0,包括,extraction,2a09669746dc006c536cbea543678c612260e64930ba7948723ab5ba64ddb52f
,,,冗余三元组,9.0,3.0,是,extraction,0ec99e7cb6f44635fcabc5bf332037bea07b228f7b51753076ef1e8382984bc4
,,,冗余三元组,10.0,22.0,是,extraction,5a0b03998ab865a9402789a91f83ce5e2c3e8b9dc624370864b73747e8ad330a
,,,冗余三元组,12.0,22.0,是,extraction,51b7578f6e3f4d6aa73a569f8dfc21fce38f169c0202a35f222c3aebbfe18ce9
,,,冗余三元组,13.0,27.0,是,extraction,b6eab7714fb673bef9d283a76736709544e272990472859dc282d706a47931e5
,,,冗余三元组,1.0,45.0,涉及事项,extraction,dd7fe96509b2c5c33db03e133555278b4cecbf544b6fac7dea1158a8470efe3a
,,,冗余三元组,3.0,1.0,权力类型,extraction,63bb5d4e71e6267d4835ef9479c9ff86b0b3ef916f5e6075b1750ed13e17cad3
,,,冗余三元组,16.0,3.0,行驶主体,extraction,dcf915ca16fdd03067ac26bed4e74e74a9239bdbd1f71068aedeb4f177f92df1
,,,冗余三元组,16.0,3.0,承办机构,extraction,1845bf4af0283ae739a3edd822fa3a6e7302f5b26eae67bdd654099cddf35e9f
,,,冗余三元组,3.0,57.0,实施依据,extraction,e01b7835e54581abfa657b1808a0522bf40cbca9262bf39e569a750cf19f593f
,,,冗余三元组,1.0,53.0,涉及事项,extraction,f0541f7d0c2d3d04c56da88a6bc6ad2f2baea1220b292ed6fa4bf4744fe4e698
,,,冗余三元组,3.0,1.0,权力类型,extraction,63bb5d4e71e6267d4835ef9479c9ff86b0b3ef916f5e6075b1750ed13e17cad3
,,,冗余三元组,44.0,3.0,行驶主体,extraction,5a54a852e46cf955056cfb470e35ee0ab596f12cadf4d4250f92e1854d40d0fb
,,,冗余三元组,44.0,3.0,承办机构,extraction,26be69caa0923ff59e399351f5a7dbfb94533ccfbecefd9b8cd69f55e191c14d
,,,冗余三元组,3.0,20.0,实施依据,extraction,904d9893c432b7f5610334c63d7c55767465e2c831a2b7963a6b4bed774952e6
,,,冗余三元组,1.0,45.0,涉及事项,extraction,dd7fe96509b2c5c33db03e133555278b4cecbf544b6fac7dea1158a8470efe3a
,,,冗余三元组,3.0,1.0,权力类型,extraction,63bb5d4e71e6267d4835ef9479c9ff86b0b3ef916f5e6075b1750ed13e17cad3
,,,冗余三元组,32.0,1.0,行驶主体,extraction,f3ae7eebff4e3460421e23abeef0b3052dd9a3dcfbd1f44a03d027eeb1801b4f
,,,冗余三元组,32.0,1.0,承办机构,extraction,931cafd24efaf97775db66b22a04ccc10ef5b34c9f1550f1c6e447e2887940db
,,,冗余三元组,1.0,61.0,依据,extraction,5e6ea6d02b5ab83f1d23705347ee800e957a409a66bf963b37943f8f33137958
,,,冗余三元组,1.0,15.0,包含,extraction,ece6cfea1e7888ef7da542c244213f3cf24b722f04c103df8c133360b0d0783d
,,,冗余三元组,3.0,9.0,属于,extraction,e243beb6cddf62185b7e7ffcf414a9105a2c5a93a0690b193f72c7a37fa3b5ca
,,,冗余三元组,16.0,10.0,既是,extraction,5433f849db70f36d221087f6367b8a7a4c737c9091e9d4ecbdaf400fdc341977
,,,冗余三元组,16.0,12.0,也是,extraction,df6dd9b9809a5cf771cac0b640d7eb6b2c32ccc3ddd48ae7ca4b86db39047049
,,,冗余三元组,39.0,1.0,是,extraction,38e1d37380a7519608b7025690633256c2d7865eeeda60653fee8757d9e4afaf
,,,冗余三元组,9.0,3.0,是,extraction,0ec99e7cb6f44635fcabc5bf332037bea07b228f7b51753076ef1e8382984bc4
,,,冗余三元组,10.0,25.0,是,extraction,ad542489db79b38432a47864e6f61070ea6042115797987a3bcdb2baca19bebf
,,,冗余三元组,12.0,25.0,是,extraction,dc4ae0749038f60cf9a543d11bdbb3655270d3f1168c53408b231865a3b78a64
,,,冗余三元组,13.0,14.0,是,extraction,bfbeedc7e6daf4f851060b875d14b5b7c1dab5b695356d4176fd018de0894ae2
,,,冗余三元组,39.0,1.0,是,extraction,38e1d37380a7519608b7025690633256c2d7865eeeda60653fee8757d9e4afaf
,,,冗余三元组,1.0,19.0,涉及,extraction,1dd85c1508cac1ea277a168b6cc3685a0772a7f8d479e4d1f2bab9ea3f69df79
,,,冗余三元组,9.0,3.0,是,extraction,0ec99e7cb6f44635fcabc5bf332037bea07b228f7b51753076ef1e8382984bc4
,,,冗余三元组,10.0,25.0,是,extraction,ad542489db79b38432a47864e6f61070ea6042115797987a3bcdb2baca19bebf
,,,冗余三元组,12.0,25.0,是,extraction,dc4ae0749038f60cf9a543d11bdbb3655270d3f1168c53408b231865a3b78a64
,,,冗余三元组,13.0,50.0,是,extraction,c041f04873201647e0b342a86dacb602d31a2f7036dbbbcb8019ba08c7818ff2
,,,冗余三元组,1.0,45.0,涉及事项,extraction,dd7fe96509b2c5c33db03e133555278b4cecbf544b6fac7dea1158a8470efe3a
,,,冗余三元组,3.0,1.0,权力类型,extraction,63bb5d4e71e6267d4835ef9479c9ff86b0b3ef916f5e6075b1750ed13e17cad3
,,,冗余三元组,4.0,3.0,行驶主体,extraction,65bd830d3a69c947ab33e8bccf4d7c9239947243f009a12164fa2b3d4defa4e5
,,,冗余三元组,4.0,3.0,承办机构,extraction,552f0352c4383de1ccdd6574c3a3cf1febf987d93f20f8b4d8f312f665277ccd
,,,冗余三元组,27.0,3.0,实施依据,extraction,13ecae60e92e941ef4d9485768d111c391b72853ef20b0f5a42b8bcdde18e40b
,,,冗余三元组,1.0,28.0,涉及内容,extraction,ac3ee725f8a339f9fbd2a7028b68d899a9b8e5be581c35045e4b8bfb3dc079c3
,,,冗余三元组,3.0,1.0,权力类型,extraction,63bb5d4e71e6267d4835ef9479c9ff86b0b3ef916f5e6075b1750ed13e17cad3
,,,冗余三元组,22.0,1.0,行驶主体,extraction,51b40b4c4f91240a5d323aaa57fa14fc575345cbc5dfbd5960fee3546a9d8c6c
,,,冗余三元组,22.0,1.0,承办机构,extraction,9c49a1220338386706f2952f161469c3bd5f784a5b99fbb95a8b8222c52b3a33
,,,冗余三元组,1.0,14.0,依据,extraction,ef634f9e84afb4ebf494e22553b15ac7b1fbc49e61d65588899d98c77fee67fd
,,,冗余三元组,1.0,31.0,涉及问题,extraction,ea08369126f7fbe0d95ca41a348902bab3f4d8e388232d1c4ed32a98fca9af59
,,,冗余三元组,3.0,1.0,权力类型,extraction,63bb5d4e71e6267d4835ef9479c9ff86b0b3ef916f5e6075b1750ed13e17cad3
,,,冗余三元组,16.0,1.0,行驶主体,extraction,2388221cee7d1ae0ed5be74dbb33fa91b57a06cfae883cc5c2262bfb048b5c48
,,,冗余三元组,16.0,1.0,承办机构,extraction,7da0b9c5ea5b9311256b7bcb955ba7fe507e79fd9fe407e277e1c4de0e1d453e
,,,冗余三元组,50.0,1.0,实施依据,extraction,f457526c1cfb3555ddaf37521754b077e421b97c6e91ba6f2f018b313f33247d
,,,冗余三元组,1.0,52.0,涉及问题,extraction,90af34399ad797a62bec9b3819dad9d64b8031065ff158d8a5f1015257e3e4dd
,,,冗余三元组,3.0,1.0,权力类型,extraction,63bb5d4e71e6267d4835ef9479c9ff86b0b3ef916f5e6075b1750ed13e17cad3
,,,冗余三元组,11.0,3.0,行驶主体,extraction,252ebc8fde2836f7eae5a791df687860076241cf808bc99e0fd167f0ea262cd9
,,,冗余三元组,11.0,3.0,承办机构,extraction,e3339b884b62824a3b8679c646ddcca5b0bd6ecf6ec75f8d8629aa2e9b31a33c
,,,冗余三元组,3.0,23.0,实施依据,extraction,50ab6d4e4a28dab63d889535df0083377ec5ea69c2cb93319237f8bffe946b3c
,,,冗余三元组,1.0,2.0,涉及事项,extraction,45a6b5e9b7acaaf964d4ba55ee382735953a50be79b9c5a63cfd56f3bfaa98e9
,,,冗余三元组,32.0,1.0,行驶主体,extraction,f3ae7eebff4e3460421e23abeef0b3052dd9a3dcfbd1f44a03d027eeb1801b4f
,,,冗余三元组,32.0,1.0,承办机构,extraction,931cafd24efaf97775db66b22a04ccc10ef5b34c9f1550f1c6e447e2887940db
,,,冗余三元组,1.0,20.0,实施依据,extraction,9583485e7c5313414eee8da478484ca22765513065c2129cbcfee14a2b57b3d7
,,,冗余三元组,1.0,24.0,基于,extraction,a5276488a9604d9649d8bacd34b068a0005e4d755aa469a2a15794604500ae4d
,,,冗余三元组,9.0,3.0,是,extraction,0ec99e7cb6f44635fcabc5bf332037bea07b228f7b51753076ef1e8382984bc4
,,,冗余三元组,10.0,22.0,是,extraction,5a0b03998ab865a9402789a91f83ce5e2c3e8b9dc624370864b73747e8ad330a
,,,冗余三元组,12.0,22.0,是,extraction,51b7578f6e3f4d6aa73a569f8dfc21fce38f169c0202a35f222c3aebbfe18ce9
,,,冗余三元组,13.0,37.0,是,extraction,11ad231736d8e934254b836f208f0b302e4d9e38c23214e2036235899cb04fe6
,,,冗余三元组,1.0,15.0,包含,extraction,ece6cfea1e7888ef7da542c244213f3cf24b722f04c103df8c133360b0d0783d
,,,冗余三元组,3.0,9.0,属于,extraction,e243beb6cddf62185b7e7ffcf414a9105a2c5a93a0690b193f72c7a37fa3b5ca
,,,冗余三元组,16.0,10.0,既是,extraction,5433f849db70f36d221087f6367b8a7a4c737c9091e9d4ecbdaf400fdc341977
,,,冗余三元组,16.0,12.0,也是,extraction,df6dd9b9809a5cf771cac0b640d7eb6b2c32ccc3ddd48ae7ca4b86db39047049
,,,冗余三元组,35.0,69.0,作为依据,extraction,fa2b8d11306392a52aaab7498cb1c182319a33a4a028c36ddc570ca0a0dca6e7
,,,冗余三元组,1.0,47.0,服务事项,extraction,b33592c1f30e39df0401c77d218134fb8abddfd7e8dbdedb52818471c5201bf4
,,,冗余三元组,3.0,1.0,权力类型,extraction,63bb5d4e71e6267d4835ef9479c9ff86b0b3ef916f5e6075b1750ed13e17cad3
,,,冗余三元组,4.0,3.0,行驶主体,extraction,65bd830d3a69c947ab33e8bccf4d7c9239947243f009a12164fa2b3d4defa4e5
,,,冗余三元组,4.0,3.0,承办机构,extraction,552f0352c4383de1ccdd6574c3a3cf1febf987d93f20f8b4d8f312f665277ccd
,,,冗余三元组,5.0,3.0,实施依据,extraction,4d26a315d3cf5e095a5f33a521cc5fcfd77a3a44ba52ed82e02dee2171f81d54
,,,冗余三元组,1.0,17.0,涉及事项,extraction,26e5b368d0569ae2cd1db86e58c1825b9d075b33fb779749f2c6991aaf9b42eb
,,,冗余三元组,3.0,1.0,权力类型,extraction,63bb5d4e71e6267d4835ef9479c9ff86b0b3ef916f5e6075b1750ed13e17cad3
,,,冗余三元组,4.0,3.0,行驶主体,extraction,65bd830d3a69c947ab33e8bccf4d7c9239947243f009a12164fa2b3d4defa4e5
,,,冗余三元组,4.0,3.0,承办机构,extraction,552f0352c4383de1ccdd6574c3a3cf1febf987d93f20f8b4d8f312f665277ccd
,,,冗余三元组,27.0,3.0,实施依据,extraction,13ecae60e92e941ef4d9485768d111c391b72853ef20b0f5a42b8bcdde18e40b
,,,冗余三元组,1.0,34.0,包含,extraction,55e4afabf77afe2a5eab9a2e4e01194c0b9b6c241104b977092e714b9c92562f
,,,冗余三元组,9.0,3.0,是,extraction,0ec99e7cb6f44635fcabc5bf332037bea07b228f7b51753076ef1e8382984bc4
,,,冗余三元组,10.0,32.0,是,extraction,4da064cb343643cc890842dceaf67b09d17018b8caccfb9a66252b99aba7b2c2
,,,冗余三元组,12.0,32.0,是,extraction,9c4f6d970f0759ccf44ba88668fb20479c3f74345a7048810ee820b1947a78e1
,,,冗余三元组,13.0,23.0,是,extraction,a809901cb1266f3034f5251cd5e201f3ce63e484f49bb7e202066cafcce8d4b1
,,,冗余三元组,1.0,51.0,涉及行为,extraction,4d50e735db0c7c921debcd5d22ac59a9a9275f523e4dfe60a64102e7ab70d731
,,,冗余三元组,9.0,3.0,类型,extraction,7b4fd279b61586115fa2987e2d0371238853c4f6f63e89d0b451e4237f492a37
,,,冗余三元组,10.0,11.0,是,extraction,44a8fa7ea54ec2e41111a4f5dc6a9811dee8aa3aa19fb306f9177dfc86a9aea9
,,,冗余三元组,12.0,11.0,是,extraction,54710bbec3ca077fe79c80e1e95ea28a843633289f5bc6efe6abea14f6118623
,,,冗余三元组,13.0,50.0,是,extraction,c041f04873201647e0b342a86dacb602d31a2f7036dbbbcb8019ba08c7818ff2
,,,冗余三元组,1.0,15.0,服务事项,extraction,d58af36cd0af73d9b19e1d9407d5a626b1cd60fd82322b0355d1dcad51bc51b4
,,,冗余三元组,3.0,1.0,权力类型,extraction,63bb5d4e71e6267d4835ef9479c9ff86b0b3ef916f5e6075b1750ed13e17cad3
,,,冗余三元组,11.0,1.0,行驶主体,extraction,50e598b1826c6a6e16cbb761d7126c8286dd306ea8aefdffee154cbb615a866b
,,,冗余三元组,11.0,1.0,承办机构,extraction,ecacee85e506b895bb6ef636499570c58825c04c2655e0f358383dd8770dbffa
,,,冗余三元组,7.0,1.0,实施依据,extraction,d17adc34c7caa96f27afae806386689e2bb5cbc06ad807b8af9e91dbe53a1682
,,,冗余三元组,1.0,28.0,涉及事项,extraction,560be2f414c89761f44840d3f52e507d90c06d4f0586d63ae8dd7eb595eca49b
,,,冗余三元组,3.0,1.0,权力类型,extraction,63bb5d4e71e6267d4835ef9479c9ff86b0b3ef916f5e6075b1750ed13e17cad3
,,,冗余三元组,41.0,1.0,行驶主体,extraction,3e203c1cd5240efde0e6a6d05bb4f8d4f3f80b46e735202ba3011d3e2801f0a1
,,,冗余三元组,41.0,1.0,承办机构,extraction,379f2c27a6c0b2eecca7d7b46b22ef51fefdad08ac0ee7abd453d5173a893b67
,,,冗余三元组,1.0,29.0,依据,extraction,7c876ea0542c8c0bbe2bd1071fb11a2281ab201ea6a5d96c9f866fe3fc0a1ecb
,,,冗余三元组,1.0,42.0,涉及事项,extraction,6fa1fbc925e7b9f7909377c8fdb4e224f49dc4ac4ecc0317653a80654e14e7bc
,,,冗余三元组,9.0,3.0,类型,extraction,7b4fd279b61586115fa2987e2d0371238853c4f6f63e89d0b451e4237f492a37
,,,冗余三元组,32.0,1.0,行驶主体,extraction,f3ae7eebff4e3460421e23abeef0b3052dd9a3dcfbd1f44a03d027eeb1801b4f
,,,冗余三元组,32.0,1.0,承办机构,extraction,931cafd24efaf97775db66b22a04ccc10ef5b34c9f1550f1c6e447e2887940db
,,,冗余三元组,1.0,29.0,依据,extraction,7c876ea0542c8c0bbe2bd1071fb11a2281ab201ea6a5d96c9f866fe3fc0a1ecb
,,,冗余三元组,1.0,53.0,涉及事项,extraction,f0541f7d0c2d3d04c56da88a6bc6ad2f2baea1220b292ed6fa4bf4744fe4e698
,,,冗余三元组,9.0,3.0,是,extraction,0ec99e7cb6f44635fcabc5bf332037bea07b228f7b51753076ef1e8382984bc4
,,,冗余三元组,10.0,25.0,是,extraction,ad542489db79b38432a47864e6f61070ea6042115797987a3bcdb2baca19bebf
,,,冗余三元组,12.0,25.0,是,extraction,dc4ae0749038f60cf9a543d11bdbb3655270d3f1168c53408b231865a3b78a64
,,,冗余三元组,13.0,5.0,是,extraction,507348e0a400849c992ed3d4db941f51b877314c064a446d1a19df892d7a6f73
,,,冗余三元组,1.0,21.0,包含,extraction,635d1027165abbabe82fa63c66c6183ad9893b0e011f20d0b6ad30d71c05ec2a
,,,冗余三元组,9.0,3.0,是,extraction,0ec99e7cb6f44635fcabc5bf332037bea07b228f7b51753076ef1e8382984bc4
,,,冗余三元组,10.0,11.0,是,extraction,44a8fa7ea54ec2e41111a4f5dc6a9811dee8aa3aa19fb306f9177dfc86a9aea9
,,,冗余三元组,12.0,11.0,是,extraction,54710bbec3ca077fe79c80e1e95ea28a843633289f5bc6efe6abea14f6118623
,,,冗余三元组,13.0,29.0,是,extraction,ffa30b4f3216d3a8f56030cb4d33517361b4979ec19a58b4d3a546e9f0b38bdc
,,,冗余三元组,1.0,28.0,涉及事项,extraction,560be2f414c89761f44840d3f52e507d90c06d4f0586d63ae8dd7eb595eca49b
,,,冗余三元组,3.0,1.0,权力类型,extraction,63bb5d4e71e6267d4835ef9479c9ff86b0b3ef916f5e6075b1750ed13e17cad3
,,,冗余三元组,32.0,1.0,行驶主体,extraction,f3ae7eebff4e3460421e23abeef0b3052dd9a3dcfbd1f44a03d027eeb1801b4f
,,,冗余三元组,32.0,1.0,承办机构,extraction,931cafd24efaf97775db66b22a04ccc10ef5b34c9f1550f1c6e447e2887940db
,,,冗余三元组,23.0,1.0,实施依据,extraction,38e452b8d15dc7858dd36229d7d1d00af4852cea15d7b71d1d6320aef92fe236
,,,冗余三元组,39.0,1.0,是,extraction,38e1d37380a7519608b7025690633256c2d7865eeeda60653fee8757d9e4afaf
,,,冗余三元组,1.0,43.0,依据,extraction,985b929fb66077bb8f3a9c4c874b8547a2937c0087957a49d92521a1de199bec
,,,冗余三元组,9.0,3.0,是,extraction,0ec99e7cb6f44635fcabc5bf332037bea07b228f7b51753076ef1e8382984bc4
,,,冗余三元组,10.0,25.0,是,extraction,ad542489db79b38432a47864e6f61070ea6042115797987a3bcdb2baca19bebf
,,,冗余三元组,12.0,25.0,是,extraction,dc4ae0749038f60cf9a543d11bdbb3655270d3f1168c53408b231865a3b78a64
,,,冗余三元组,1.0,6.0,服务事项,extraction,bcaaf93ebebcb6717086617566e54d8eda6e69ccbfae463d34ed5cb674242d7a
,,,冗余三元组,3.0,1.0,权力类型,extraction,63bb5d4e71e6267d4835ef9479c9ff86b0b3ef916f5e6075b1750ed13e17cad3
,,,冗余三元组,26.0,1.0,行驶主体,extraction,c02b72a8d8a1775ff7e7978594abd6b5422b51c7c4fffd7eac711ff69bf88a97
,,,冗余三元组,26.0,1.0,承办机构,extraction,69ebaebdf045cea8cb77aa5e448d960f3c2e8a6fbe335676bbabaa00d3c918e5
,,,冗余三元组,14.0,1.0,实施依据,extraction,9e8311c5545f056237fea59ad427e08044b1f281b728a5fbe6f711b2b87fb62b
,,,冗余三元组,1.0,51.0,涉及行为,extraction,4d50e735db0c7c921debcd5d22ac59a9a9275f523e4dfe60a64102e7ab70d731
,,,冗余三元组,3.0,1.0,权力类型,extraction,63bb5d4e71e6267d4835ef9479c9ff86b0b3ef916f5e6075b1750ed13e17cad3
,,,冗余三元组,25.0,1.0,行驶主体,extraction,f8d14ca82df048e60e8e15e838aee0937165e7863b618cad5ab1fa07cbe6c922
,,,冗余三元组,25.0,1.0,承办机构,extraction,52233a544f4c28cfdd7e8c323198ffbcd53a5927d355c09f9eb314df01568645
,,,冗余三元组,1.0,37.0,实施依据,extraction,328f7760eafece03adc022370c33f60d27ee8ed2dd4e8d0cc5ea55ffc164bbc9
,,,冗余三元组,1.0,60.0,涉及事项,extraction,6309e2202fc5d6cebcd70f93ed56deb6d1ded945a512f9631f8df8c872f7ddaf
,,,冗余三元组,26.0,1.0,行使主体,extraction,4b4001fd1d5a33d62b24eafad32672e1f0862f7f54bdee86f3a10e2cd536a09c
,,,冗余三元组,26.0,1.0,承办机构,extraction,69ebaebdf045cea8cb77aa5e448d960f3c2e8a6fbe335676bbabaa00d3c918e5
,,,冗余三元组,1.0,43.0,依据,extraction,985b929fb66077bb8f3a9c4c874b8547a2937c0087957a49d92521a1de199bec
,,,冗余三元组,1.0,48.0,涉及内容,extraction,c90c36bc34d7f04fedfc793b0376221c7073cfdcfd8648ced932e92d2e837f7a
,,,冗余三元组,3.0,1.0,权力类型,extraction,63bb5d4e71e6267d4835ef9479c9ff86b0b3ef916f5e6075b1750ed13e17cad3
,,,冗余三元组,11.0,1.0,行驶主体,extraction,50e598b1826c6a6e16cbb761d7126c8286dd306ea8aefdffee154cbb615a866b
,,,冗余三元组,11.0,1.0,承办机构,extraction,ecacee85e506b895bb6ef636499570c58825c04c2655e0f358383dd8770dbffa
,,,冗余三元组,1.0,20.0,实施依据,extraction,9583485e7c5313414eee8da478484ca22765513065c2129cbcfee14a2b57b3d7
,,,冗余三元组,1.0,15.0,包含,extraction,ece6cfea1e7888ef7da542c244213f3cf24b722f04c103df8c133360b0d0783d
,,,冗余三元组,9.0,3.0,是,extraction,0ec99e7cb6f44635fcabc5bf332037bea07b228f7b51753076ef1e8382984bc4
,,,冗余三元组,10.0,25.0,是,extraction,ad542489db79b38432a47864e6f61070ea6042115797987a3bcdb2baca19bebf
,,,冗余三元组,12.0,25.0,是,extraction,dc4ae0749038f60cf9a543d11bdbb3655270d3f1168c53408b231865a3b78a64
,,,冗余三元组,13.0,20.0,是,extraction,f536065857d8cffb8690029d0de8e595064374e0e38deb823e625bf375f96c61
,,,冗余三元组,39.0,1.0,是,extraction,38e1d37380a7519608b7025690633256c2d7865eeeda60653fee8757d9e4afaf
,,,冗余三元组,1.0,15.0,包括,extraction,34be2299e70cf177d51142b82471cfea92c89b623596623df94d03bd7b032ff1
,,,冗余三元组,9.0,3.0,是,extraction,0ec99e7cb6f44635fcabc5bf332037bea07b228f7b51753076ef1e8382984bc4
,,,冗余三元组,10.0,44.0,是,extraction,53854b14f84a4f7bcec4288babeeb93d9202a8f1247a14098e9a02982cc95640
,,,冗余三元组,12.0,44.0,是,extraction,de41cd62c11f82837c5925e3426f42630d0bc935f1a9e33489b933acda4b7831
,,,冗余三元组,13.0,50.0,是,extraction,c041f04873201647e0b342a86dacb602d31a2f7036dbbbcb8019ba08c7818ff2
,,,冗余三元组,1.0,17.0,涉及事项,extraction,26e5b368d0569ae2cd1db86e58c1825b9d075b33fb779749f2c6991aaf9b42eb
,,,冗余三元组,3.0,1.0,权力类型,extraction,63bb5d4e71e6267d4835ef9479c9ff86b0b3ef916f5e6075b1750ed13e17cad3
,,,冗余三元组,25.0,3.0,行驶主体,extraction,c7f405beeae1829a03dbec6b28d32c4d828da48de999734d24825266b3076f59
,,,冗余三元组,25.0,3.0,承办机构,extraction,eef2c4724eefbb6cbc8a1e38dd903f5952b15b4fa168168b9caed346c6551029
,,,冗余三元组,14.0,3.0,实施依据,extraction,b2a34d3077aee5e73c915f123942606ad10c818ac195f73a26fa6b2a85ed9d1b
,,,冗余三元组,1.0,30.0,涉及,extraction,f791f6ad50cca9a9432e1d95b6ef54bd1b64b5eb692d18dc2f430e81dd5537c2
,,,冗余三元组,9.0,3.0,是,extraction,0ec99e7cb6f44635fcabc5bf332037bea07b228f7b51753076ef1e8382984bc4
,,,冗余三元组,10.0,26.0,是,extraction,89fbb5ae30c6220e41f165591e4df027877c140a72033fe0680e44206164aa17
,,,冗余三元组,12.0,26.0,是,extraction,a3817cab3fccbfd1b94576c85b68cfb0ff0511791fe7ada5dd7c10500502e531
,,,冗余三元组,13.0,27.0,是,extraction,b6eab7714fb673bef9d283a76736709544e272990472859dc282d706a47931e5
,,,冗余三元组,39.0,1.0,是,extraction,38e1d37380a7519608b7025690633256c2d7865eeeda60653fee8757d9e4afaf
,,,冗余三元组,1.0,18.0,包含,extraction,995fe2b6a1cf5cfeeefec8c7b3e03ab6ed8e185658f268c2a2d3412d9fb32842
,,,冗余三元组,9.0,3.0,是,extraction,0ec99e7cb6f44635fcabc5bf332037bea07b228f7b51753076ef1e8382984bc4
,,,冗余三元组,10.0,11.0,是,extraction,44a8fa7ea54ec2e41111a4f5dc6a9811dee8aa3aa19fb306f9177dfc86a9aea9
,,,冗余三元组,12.0,11.0,是,extraction,54710bbec3ca077fe79c80e1e95ea28a843633289f5bc6efe6abea14f6118623
,,,冗余三元组,13.0,37.0,是,extraction,11ad231736d8e934254b836f208f0b302e4d9e38c23214e2036235899cb04fe6
,,,冗余三元组,1.0,46.0,包含,extraction,43de48e1fd0d3973027e232e73e22a3174566b69b4fe0e1932b85469761532cb
,,,冗余三元组,9.0,3.0,是,extraction,0ec99e7cb6f44635fcabc5bf332037bea07b228f7b51753076ef1e8382984bc4
,,,冗余三元组,10.0,26.0,是,extraction,89fbb5ae30c6220e41f165591e4df027877c140a72033fe0680e44206164aa17
,,,冗余三元组,12.0,26.0,是,extraction,a3817cab3fccbfd1b94576c85b68cfb0ff0511791fe7ada5dd7c10500502e531
,,,冗余三元组,13.0,35.0,是,extraction,bdb6ae948fcb734a09a70e6199e73c6b4e1ee8988d36d946e8376162542ec754
,,,冗余三元组,1.0,40.0,包含,extraction,1210a34215a9f1d268a7fdec9665e7afedf2c960bf0be97d698e7bf44f4ad33c
,,,冗余三元组,9.0,3.0,是,extraction,0ec99e7cb6f44635fcabc5bf332037bea07b228f7b51753076ef1e8382984bc4
,,,冗余三元组,10.0,26.0,是,extraction,89fbb5ae30c6220e41f165591e4df027877c140a72033fe0680e44206164aa17
,,,冗余三元组,12.0,26.0,是,extraction,a3817cab3fccbfd1b94576c85b68cfb0ff0511791fe7ada5dd7c10500502e531
,,,冗余三元组,13.0,20.0,是,extraction,f536065857d8cffb8690029d0de8e595064374e0e38deb823e625bf375f96c61
,,,冗余三元组,1.0,34.0,包含,extraction,55e4afabf77afe2a5eab9a2e4e01194c0b9b6c241104b977092e714b9c92562f
,,,冗余三元组,9.0,3.0,是,extraction,0ec99e7cb6f44635fcabc5bf332037bea07b228f7b51753076ef1e8382984bc4
,,,冗余三元组,10.0,25.0,是,extraction,ad542489db79b38432a47864e6f61070ea6042115797987a3bcdb2baca19bebf
,,,冗余三元组,12.0,25.0,是,extraction,dc4ae0749038f60cf9a543d11bdbb3655270d3f1168c53408b231865a3b78a64
,,,冗余三元组,13.0,14.0,是,extraction,bfbeedc7e6daf4f851060b875d14b5b7c1dab5b695356d4176fd018de0894ae2
,,,冗余三元组,1.0,8.0,涉及内容,extraction,d02de960772b95844ead284f303c0cc0a431bb9e9d2e2a9acb00d12d4b09753a
,,,冗余三元组,9.0,3.0,类型,extraction,7b4fd279b61586115fa2987e2d0371238853c4f6f63e89d0b451e4237f492a37
,,,冗余三元组,16.0,16.0,行驶主体,extraction,de3d3e85ffec1b1c16f445f7a5e7e204c5d5fb0d31f317bb122227719e728676
,,,冗余三元组,16.0,16.0,承办机构,extraction,dd3beedaf67b0e9e05574852bf1b9e7df5fccb39eb43ab3bef7f7645d192767e
,,,冗余三元组,16.0,14.0,依据,extraction,9ee1d6de634c99c16fb3e4f5082e2c895c2f2a3b2dd63218c4f56873848766e5
,,,冗余三元组,1.0,24.0,基于,extraction,a5276488a9604d9649d8bacd34b068a0005e4d755aa469a2a15794604500ae4d
,,,冗余三元组,9.0,3.0,是,extraction,0ec99e7cb6f44635fcabc5bf332037bea07b228f7b51753076ef1e8382984bc4
,,,冗余三元组,10.0,44.0,为,extraction,69112bdc2b4df8b11750d6f8d72b164b25e2c2af650527da381d1fef1854d09e
,,,冗余三元组,12.0,44.0,为,extraction,789557af73d2a9d31fa03e49ed15b2040e4d5acce57b1e0e7392f07dd6641f18
,,,冗余三元组,13.0,29.0,是,extraction,ffa30b4f3216d3a8f56030cb4d33517361b4979ec19a58b4d3a546e9f0b38bdc
,,,冗余三元组,1.0,28.0,涉及内容,extraction,ac3ee725f8a339f9fbd2a7028b68d899a9b8e5be581c35045e4b8bfb3dc079c3
,,,冗余三元组,3.0,1.0,权力类型,extraction,63bb5d4e71e6267d4835ef9479c9ff86b0b3ef916f5e6075b1750ed13e17cad3
,,,冗余三元组,38.0,1.0,行驶主体,extraction,d0e87a0daf3bc1ed7bad39f66dc6d8ee74064b05fe94192417c8b6e3e4cd53a9
,,,冗余三元组,38.0,1.0,承办机构,extraction,b14641014ea8d3db9ba04ac2bb249443dd5f26425e740d86371e870ef2d4a84a
,,,冗余三元组,1.0,5.0,实施依据,extraction,486a61e9e7fca54f6ec4756bb53979f8a7fd9d32227e265a6148be88b1a81d0f
,,,冗余三元组,1.0,36.0,服务事项,extraction,54d96ad0e2f87a9a015aca0825a13dd43b223c12eee3078c6a64386d3e37563d
,,,冗余三元组,3.0,1.0,权力类型,extraction,63bb5d4e71e6267d4835ef9479c9ff86b0b3ef916f5e6075b1750ed13e17cad3
,,,冗余三元组,22.0,1.0,行驶主体,extraction,51b40b4c4f91240a5d323aaa57fa14fc575345cbc5dfbd5960fee3546a9d8c6c
,,,冗余三元组,22.0,1.0,承办机构,extraction,9c49a1220338386706f2952f161469c3bd5f784a5b99fbb95a8b8222c52b3a33
,,,冗余三元组,1.0,20.0,实施依据,extraction,9583485e7c5313414eee8da478484ca22765513065c2129cbcfee14a2b57b3d7
,,,冗余三元组,1.0,18.0,涉及领域,extraction,bb9a6c5169497cb67071e7b38b89fd47ad0c56bc2fc613c8ae73303717a93cc9
,,,冗余三元组,3.0,1.0,权力类型,extraction,63bb5d4e71e6267d4835ef9479c9ff86b0b3ef916f5e6075b1750ed13e17cad3
,,,冗余三元组,4.0,3.0,行驶主体,extraction,65bd830d3a69c947ab33e8bccf4d7c9239947243f009a12164fa2b3d4defa4e5
,,,冗余三元组,4.0,3.0,承办机构,extraction,552f0352c4383de1ccdd6574c3a3cf1febf987d93f20f8b4d8f312f665277ccd
,,,冗余三元组,23.0,3.0,实施依据,extraction,365a514488858a29239444ea6807697216abe5039811b8ff6d729d3df6958386
,,,冗余三元组,39.0,1.0,是,extraction,38e1d37380a7519608b7025690633256c2d7865eeeda60653fee8757d9e4afaf
,,,冗余三元组,1.0,25.0,由,extraction,8becdc3ced6d545b8a7a16596104a2b5f134f023cf52d9ac65678b1245e139f2
,,,冗余三元组,9.0,3.0,是,extraction,0ec99e7cb6f44635fcabc5bf332037bea07b228f7b51753076ef1e8382984bc4
,,,冗余三元组,10.0,25.0,是,extraction,ad542489db79b38432a47864e6f61070ea6042115797987a3bcdb2baca19bebf
,,,冗余三元组,12.0,25.0,是,extraction,dc4ae0749038f60cf9a543d11bdbb3655270d3f1168c53408b231865a3b78a64
,,,冗余三元组,13.0,7.0,是,extraction,5173b273e53a3712e9a749ca6cf7b8e8d3b7641db772c202823ccb26f6087587
,,,冗余三元组,1.0,62.0,涉及问题,extraction,2a934fc7a5fcf782dd1e2daadb598b9eafb710e91a5aa9232b2ceb713d26918f
,,,冗余三元组,3.0,1.0,权力类型,extraction,63bb5d4e71e6267d4835ef9479c9ff86b0b3ef916f5e6075b1750ed13e17cad3
,,,冗余三元组,32.0,3.0,行驶主体,extraction,25aa2c1e152670ddfb23d68a0ae7e021b4a2e63a8a68352208fab8aba8a37318
,,,冗余三元组,32.0,3.0,承办机构,extraction,7cfdba5de59642b67f9924e80b0324afb048e0e5fbe8a9a65ee9100edeae0749
,,,冗余三元组,3.0,20.0,实施依据,extraction,904d9893c432b7f5610334c63d7c55767465e2c831a2b7963a6b4bed774952e6
,,,冗余三元组,1.0,52.0,涉及问题,extraction,90af34399ad797a62bec9b3819dad9d64b8031065ff158d8a5f1015257e3e4dd
,,,冗余三元组,3.0,1.0,权力类型,extraction,63bb5d4e71e6267d4835ef9479c9ff86b0b3ef916f5e6075b1750ed13e17cad3
,,,冗余三元组,38.0,3.0,行驶主体,extraction,09efeab994a6d0a0d2474408b9050a4299990ea94ef2b0fd3b3f3c42b80c1d00
,,,冗余三元组,38.0,3.0,承办机构,extraction,3ffeb2c635f8eac91bfd409e9ffa26f73bbf4f4bb174d1a1c0cfa1334e723247
,,,冗余三元组,3.0,56.0,实施依据,extraction,45356bc0b9eaa9e24678a8e305d2f3def1ac634cba8ba9b6ab52cf255a3cec18
,,,冗余三元组,1.0,48.0,基于,extraction,fbb70905a6a5b9054e161bcecbd3b5007dfa72d97b0a11614db0f568ff869497
,,,冗余三元组,41.0,1.0,行驶主体,extraction,3e203c1cd5240efde0e6a6d05bb4f8d4f3f80b46e735202ba3011d3e2801f0a1
,,,冗余三元组,41.0,1.0,承办机构,extraction,379f2c27a6c0b2eecca7d7b46b22ef51fefdad08ac0ee7abd453d5173a893b67
,,,冗余三元组,1.0,53.0,涉及事项,extraction,f0541f7d0c2d3d04c56da88a6bc6ad2f2baea1220b292ed6fa4bf4744fe4e698
,,,冗余三元组,3.0,1.0,权力类型,extraction,63bb5d4e71e6267d4835ef9479c9ff86b0b3ef916f5e6075b1750ed13e17cad3
,,,冗余三元组,4.0,3.0,行驶主体,extraction,65bd830d3a69c947ab33e8bccf4d7c9239947243f009a12164fa2b3d4defa4e5
,,,冗余三元组,4.0,3.0,承办机构,extraction,552f0352c4383de1ccdd6574c3a3cf1febf987d93f20f8b4d8f312f665277ccd
,,,冗余三元组,7.0,3.0,实施依据,extraction,f19e34325be413dc5e6bb80be003b66e02159d7f79ced0a5e8ba8a58d7125e15
,,,冗余三元组,1.0,34.0,包含,extraction,55e4afabf77afe2a5eab9a2e4e01194c0b9b6c241104b977092e714b9c92562f
,,,冗余三元组,9.0,3.0,是,extraction,0ec99e7cb6f44635fcabc5bf332037bea07b228f7b51753076ef1e8382984bc4
,,,冗余三元组,10.0,25.0,是,extraction,ad542489db79b38432a47864e6f61070ea6042115797987a3bcdb2baca19bebf
,,,冗余三元组,12.0,25.0,是,extraction,dc4ae0749038f60cf9a543d11bdbb3655270d3f1168c53408b231865a3b78a64
,,,冗余三元组,13.0,7.0,是,extraction,5173b273e53a3712e9a749ca6cf7b8e8d3b7641db772c202823ccb26f6087587
,,,冗余三元组,39.0,1.0,是,extraction,38e1d37380a7519608b7025690633256c2d7865eeeda60653fee8757d9e4afaf
,,,冗余三元组,1.0,15.0,包括,extraction,34be2299e70cf177d51142b82471cfea92c89b623596623df94d03bd7b032ff1
,,,冗余三元组,9.0,3.0,是,extraction,0ec99e7cb6f44635fcabc5bf332037bea07b228f7b51753076ef1e8382984bc4
,,,冗余三元组,10.0,38.0,是,extraction,b756eb5995473eefcaf0d5b4fb891f9eb9190e7e7f446761eaff99790520dd98
,,,冗余三元组,12.0,38.0,是,extraction,76d05d01998cae971c559874b8df42b2445eeafc6d81c360c7aecdbaf38c3f00
,,,冗余三元组,13.0,35.0,是,extraction,bdb6ae948fcb734a09a70e6199e73c6b4e1ee8988d36d946e8376162542ec754
,,,冗余三元组,39.0,1.0,是,extraction,38e1d37380a7519608b7025690633256c2d7865eeeda60653fee8757d9e4afaf
,,,冗余三元组,1.0,15.0,包括,extraction,34be2299e70cf177d51142b82471cfea92c89b623596623df94d03bd7b032ff1
,,,冗余三元组,9.0,3.0,是,extraction,0ec99e7cb6f44635fcabc5bf332037bea07b228f7b51753076ef1e8382984bc4
,,,冗余三元组,10.0,44.0,是,extraction,53854b14f84a4f7bcec4288babeeb93d9202a8f1247a14098e9a02982cc95640
,,,冗余三元组,12.0,44.0,是,extraction,de41cd62c11f82837c5925e3426f42630d0bc935f1a9e33489b933acda4b7831
,,,冗余三元组,13.0,37.0,是,extraction,11ad231736d8e934254b836f208f0b302e4d9e38c23214e2036235899cb04fe6
,,,冗余三元组,1.0,42.0,涉及事项,extraction,6fa1fbc925e7b9f7909377c8fdb4e224f49dc4ac4ecc0317653a80654e14e7bc
,,,冗余三元组,3.0,1.0,权力类型,extraction,63bb5d4e71e6267d4835ef9479c9ff86b0b3ef916f5e6075b1750ed13e17cad3
,,,冗余三元组,11.0,3.0,行驶主体,extraction,252ebc8fde2836f7eae5a791df687860076241cf808bc99e0fd167f0ea262cd9
,,,冗余三元组,11.0,3.0,承办机构,extraction,e3339b884b62824a3b8679c646ddcca5b0bd6ecf6ec75f8d8629aa2e9b31a33c
,,,冗余三元组,43.0,3.0,实施依据,extraction,b2e045a3f94b96fa94529db86a8245fdcf22fab97a04061f220a7caec63e44e4
,,,冗余三元组,1.0,51.0,涉及行为,extraction,4d50e735db0c7c921debcd5d22ac59a9a9275f523e4dfe60a64102e7ab70d731
,,,冗余三元组,9.0,3.0,是,extraction,0ec99e7cb6f44635fcabc5bf332037bea07b228f7b51753076ef1e8382984bc4
,,,冗余三元组,10.0,38.0,是,extraction,b756eb5995473eefcaf0d5b4fb891f9eb9190e7e7f446761eaff99790520dd98
,,,冗余三元组,12.0,38.0,是,extraction,76d05d01998cae971c559874b8df42b2445eeafc6d81c360c7aecdbaf38c3f00
,,,冗余三元组,13.0,20.0,是,extraction,f536065857d8cffb8690029d0de8e595064374e0e38deb823e625bf375f96c61
,,,冗余三元组,1.0,40.0,涉及内容,extraction,de20e85db7086358cf9286abdebf47adc291c16b26f2f272b53ee25a61196b6a
,,,冗余三元组,9.0,3.0,类型,extraction,7b4fd279b61586115fa2987e2d0371238853c4f6f63e89d0b451e4237f492a37
,,,冗余三元组,10.0,1.0,实施,extraction,61ecbb82f89cf82caa00da65c733716a30c6ac9f75ad346d4aaae36badcc65a8
,,,冗余三元组,12.0,1.0,实施,extraction,f5bbae30957f71ee1ac20740c66d789fd42d33f093c3b9df39676541dd25f597
,,,冗余三元组,13.0,27.0,依据,extraction,6d7beaac021b98e67689d354cc2756e99aae4d45ef10f9c289f6bd1532daf979
,,,冗余三元组,1.0,2.0,涉及事项,extraction,45a6b5e9b7acaaf964d4ba55ee382735953a50be79b9c5a63cfd56f3bfaa98e9
,,,冗余三元组,9.0,3.0,类型,extraction,7b4fd279b61586115fa2987e2d0371238853c4f6f63e89d0b451e4237f492a37
,,,冗余三元组,22.0,1.0,行驶主体,extraction,51b40b4c4f91240a5d323aaa57fa14fc575345cbc5dfbd5960fee3546a9d8c6c
,,,冗余三元组,22.0,1.0,承办机构,extraction,9c49a1220338386706f2952f161469c3bd5f784a5b99fbb95a8b8222c52b3a33
,,,冗余三元组,1.0,61.0,依据,extraction,5e6ea6d02b5ab83f1d23705347ee800e957a409a66bf963b37943f8f33137958
,,,冗余三元组,39.0,1.0,是,extraction,38e1d37380a7519608b7025690633256c2d7865eeeda60653fee8757d9e4afaf
,,,冗余三元组,1.0,36.0,涉及问题,extraction,54c260d1a128014203ab4ed53ac05e9cb8405dd874e0b78e2a81b01ce110fecf
,,,冗余三元组,9.0,3.0,是,extraction,0ec99e7cb6f44635fcabc5bf332037bea07b228f7b51753076ef1e8382984bc4
,,,冗余三元组,10.0,25.0,是,extraction,ad542489db79b38432a47864e6f61070ea6042115797987a3bcdb2baca19bebf
,,,冗余三元组,12.0,25.0,是,extraction,dc4ae0749038f60cf9a543d11bdbb3655270d3f1168c53408b231865a3b78a64
,,,冗余三元组,13.0,29.0,是,extraction,ffa30b4f3216d3a8f56030cb4d33517361b4979ec19a58b4d3a546e9f0b38bdc
,,,冗余三元组,1.0,60.0,涉及领域,extraction,25fe9bcaeb7e004a7f7cb1fcb4d291c2a96c608fd8ff4641bee8109287b07717
,,,冗余三元组,3.0,1.0,权力类型,extraction,63bb5d4e71e6267d4835ef9479c9ff86b0b3ef916f5e6075b1750ed13e17cad3
,,,冗余三元组,25.0,1.0,行驶主体,extraction,f8d14ca82df048e60e8e15e838aee0937165e7863b618cad5ab1fa07cbe6c922
,,,冗余三元组,25.0,1.0,承办机构,extraction,52233a544f4c28cfdd7e8c323198ffbcd53a5927d355c09f9eb314df01568645
,,,冗余三元组,1.0,43.0,依据,extraction,985b929fb66077bb8f3a9c4c874b8547a2937c0087957a49d92521a1de199bec
,,,冗余三元组,1.0,30.0,涉及,extraction,f791f6ad50cca9a9432e1d95b6ef54bd1b64b5eb692d18dc2f430e81dd5537c2
,,,冗余三元组,9.0,3.0,是,extraction,0ec99e7cb6f44635fcabc5bf332037bea07b228f7b51753076ef1e8382984bc4
,,,冗余三元组,10.0,22.0,是,extraction,5a0b03998ab865a9402789a91f83ce5e2c3e8b9dc624370864b73747e8ad330a
,,,冗余三元组,12.0,22.0,是,extraction,51b7578f6e3f4d6aa73a569f8dfc21fce38f169c0202a35f222c3aebbfe18ce9
,,,冗余三元组,13.0,27.0,是,extraction,b6eab7714fb673bef9d283a76736709544e272990472859dc282d706a47931e5
,,,冗余三元组,1.0,52.0,涉及问题,extraction,90af34399ad797a62bec9b3819dad9d64b8031065ff158d8a5f1015257e3e4dd
,,,冗余三元组,3.0,1.0,权力类型,extraction,63bb5d4e71e6267d4835ef9479c9ff86b0b3ef916f5e6075b1750ed13e17cad3
,,,冗余三元组,22.0,3.0,行驶主体,extraction,63b889c6caaf61c3eefad202bc0e1a4344122b009d898e41612d2ce9411c9a90
,,,冗余三元组,22.0,3.0,承办机构,extraction,450ea2044227017296ffd8295e12ead624bac9ad5fb24c8dce7525315368e0fd
,,,冗余三元组,3.0,20.0,依据,extraction,47bd5385ecff6c4878de85cee4387481cec77d129a3e9d1c02bfa5960ffd344e
,,,冗余三元组,1.0,52.0,包含,extraction,65aa9d8836d9408071d2ab46124ddeb7f4ac0702d8710d1e2c37dda2c678d8d3
,,,冗余三元组,9.0,3.0,是,extraction,0ec99e7cb6f44635fcabc5bf332037bea07b228f7b51753076ef1e8382984bc4
,,,冗余三元组,10.0,4.0,是,extraction,4253afef8f3fd90e1effb4068d33d5af9bf9795c98a41a591346af581d8c5b13
,,,冗余三元组,12.0,4.0,是,extraction,157789d187fc7ed7a6f770e4112d938e1669ffabeec33b64ab160620d61c286f
,,,冗余三元组,13.0,35.0,是,extraction,bdb6ae948fcb734a09a70e6199e73c6b4e1ee8988d36d946e8376162542ec754
,,,冗余三元组,1.0,36.0,涉及事项,extraction,8f5ef8181607d60e4eccd5ec612a1b947845c41af6a5aa6f33629298f46d39a8
,,,冗余三元组,3.0,1.0,权力类型,extraction,63bb5d4e71e6267d4835ef9479c9ff86b0b3ef916f5e6075b1750ed13e17cad3
,,,冗余三元组,25.0,3.0,行驶主体,extraction,c7f405beeae1829a03dbec6b28d32c4d828da48de999734d24825266b3076f59
,,,冗余三元组,25.0,3.0,承办机构,extraction,eef2c4724eefbb6cbc8a1e38dd903f5952b15b4fa168168b9caed346c6551029
,,,冗余三元组,27.0,3.0,实施依据,extraction,13ecae60e92e941ef4d9485768d111c391b72853ef20b0f5a42b8bcdde18e40b
,,,冗余三元组,1.0,45.0,涉及事项,extraction,dd7fe96509b2c5c33db03e133555278b4cecbf544b6fac7dea1158a8470efe3a
,,,冗余三元组,22.0,22.0,行驶主体,extraction,ea514dce437d76e89b3fa59071aafb2f1a77f9b4650cd943de730b79d7484854
,,,冗余三元组,22.0,22.0,承办机构,extraction,c26bdc333007524d45848b23cd157a7888dcd66080cd02562078a2e4976bc46c
,,,冗余三元组,1.0,42.0,涉及事项,extraction,6fa1fbc925e7b9f7909377c8fdb4e224f49dc4ac4ecc0317653a80654e14e7bc
,,,冗余三元组,3.0,1.0,权力类型,extraction,63bb5d4e71e6267d4835ef9479c9ff86b0b3ef916f5e6075b1750ed13e17cad3
,,,冗余三元组,11.0,3.0,行驶主体,extraction,252ebc8fde2836f7eae5a791df687860076241cf808bc99e0fd167f0ea262cd9
,,,冗余三元组,11.0,3.0,承办机构,extraction,e3339b884b62824a3b8679c646ddcca5b0bd6ecf6ec75f8d8629aa2e9b31a33c
,,,冗余三元组,23.0,3.0,实施依据,extraction,365a514488858a29239444ea6807697216abe5039811b8ff6d729d3df6958386
,,,冗余三元组,1.0,8.0,涉及内容,extraction,d02de960772b95844ead284f303c0cc0a431bb9e9d2e2a9acb00d12d4b09753a
,,,冗余三元组,9.0,3.0,类型,extraction,7b4fd279b61586115fa2987e2d0371238853c4f6f63e89d0b451e4237f492a37
,,,冗余三元组,16.0,16.0,行驶主体,extraction,de3d3e85ffec1b1c16f445f7a5e7e204c5d5fb0d31f317bb122227719e728676
,,,冗余三元组,16.0,16.0,承办机构,extraction,dd3beedaf67b0e9e05574852bf1b9e7df5fccb39eb43ab3bef7f7645d192767e
,,,冗余三元组,16.0,14.0,依据,extraction,9ee1d6de634c99c16fb3e4f5082e2c895c2f2a3b2dd63218c4f56873848766e5
,,,冗余三元组,1.0,34.0,包含,extraction,55e4afabf77afe2a5eab9a2e4e01194c0b9b6c241104b977092e714b9c92562f
,,,冗余三元组,9.0,3.0,是,extraction,0ec99e7cb6f44635fcabc5bf332037bea07b228f7b51753076ef1e8382984bc4
,,,冗余三元组,10.0,26.0,是,extraction,89fbb5ae30c6220e41f165591e4df027877c140a72033fe0680e44206164aa17
,,,冗余三元组,12.0,26.0,是,extraction,a3817cab3fccbfd1b94576c85b68cfb0ff0511791fe7ada5dd7c10500502e531
,,,冗余三元组,13.0,7.0,是,extraction,5173b273e53a3712e9a749ca6cf7b8e8d3b7641db772c202823ccb26f6087587
,,,冗余三元组,1.0,17.0,涉及事项,extraction,26e5b368d0569ae2cd1db86e58c1825b9d075b33fb779749f2c6991aaf9b42eb
,,,冗余三元组,3.0,1.0,权力类型,extraction,63bb5d4e71e6267d4835ef9479c9ff86b0b3ef916f5e6075b1750ed13e17cad3
,,,冗余三元组,22.0,3.0,行驶主体,extraction,63b889c6caaf61c3eefad202bc0e1a4344122b009d898e41612d2ce9411c9a90
,,,冗余三元组,22.0,3.0,承办机构,extraction,450ea2044227017296ffd8295e12ead624bac9ad5fb24c8dce7525315368e0fd
,,,冗余三元组,14.0,3.0,实施依据,extraction,b2a34d3077aee5e73c915f123942606ad10c818ac195f73a26fa6b2a85ed9d1b
,,,冗余三元组,1.0,62.0,基于,extraction,107e1bb0950b774ff9f05ec19639e02422cf10def6be35db13c2495e5a4effe2
,,,冗余三元组,9.0,3.0,是,extraction,0ec99e7cb6f44635fcabc5bf332037bea07b228f7b51753076ef1e8382984bc4
,,,冗余三元组,10.0,4.0,是,extraction,4253afef8f3fd90e1effb4068d33d5af9bf9795c98a41a591346af581d8c5b13
,,,冗余三元组,12.0,4.0,是,extraction,157789d187fc7ed7a6f770e4112d938e1669ffabeec33b64ab160620d61c286f
,,,冗余三元组,13.0,37.0,是,extraction,11ad231736d8e934254b836f208f0b302e4d9e38c23214e2036235899cb04fe6
,,,冗余三元组,1.0,8.0,涉及内容,extraction,d02de960772b95844ead284f303c0cc0a431bb9e9d2e2a9acb00d12d4b09753a
,,,冗余三元组,9.0,3.0,类型,extraction,7b4fd279b61586115fa2987e2d0371238853c4f6f63e89d0b451e4237f492a37
,,,冗余三元组,10.0,41.0,为,extraction,28521ddcfbcdc9bf555c544f9ffedc4f6916f361d04d3b7fc73bf53600a847fc
,,,冗余三元组,12.0,41.0,为,extraction,7ca35468b51f857f9340e1ae58c7560d960329fb74fc4d3211c8f9c490e143fe
,,,冗余三元组,13.0,7.0,来源,extraction,5c2d7661a0134495aabf73c38aa9ffa2d948d6571575cf75774b0193825f102e
,,,冗余三元组,1.0,53.0,涉及事项,extraction,f0541f7d0c2d3d04c56da88a6bc6ad2f2baea1220b292ed6fa4bf4744fe4e698
,,,冗余三元组,3.0,1.0,权力类型,extraction,63bb5d4e71e6267d4835ef9479c9ff86b0b3ef916f5e6075b1750ed13e17cad3
,,,冗余三元组,38.0,3.0,行驶主体,extraction,09efeab994a6d0a0d2474408b9050a4299990ea94ef2b0fd3b3f3c42b80c1d00
,,,冗余三元组,38.0,3.0,承办机构,extraction,3ffeb2c635f8eac91bfd409e9ffa26f73bbf4f4bb174d1a1c0cfa1334e723247
,,,冗余三元组,3.0,23.0,依据,extraction,59ff7f21ef56ac976200d9f4fe84c93848f673346b1fc3ad16cbbcdf0951ba50
,,,冗余三元组,1.0,55.0,涉及问题,extraction,f2ffd7cbbde07203ef22704e812dc0c897a1f2dc5a5cc4fabb7f1bbafc6e63ed
,,,冗余三元组,3.0,1.0,权力类型,extraction,63bb5d4e71e6267d4835ef9479c9ff86b0b3ef916f5e6075b1750ed13e17cad3
,,,冗余三元组,25.0,1.0,行驶主体,extraction,f8d14ca82df048e60e8e15e838aee0937165e7863b618cad5ab1fa07cbe6c922
,,,冗余三元组,25.0,1.0,承办机构,extraction,52233a544f4c28cfdd7e8c323198ffbcd53a5927d355c09f9eb314df01568645
,,,冗余三元组,1.0,43.0,依据,extraction,985b929fb66077bb8f3a9c4c874b8547a2937c0087957a49d92521a1de199bec
,,,冗余三元组,1.0,45.0,涉及事项,extraction,dd7fe96509b2c5c33db03e133555278b4cecbf544b6fac7dea1158a8470efe3a
,,,冗余三元组,3.0,1.0,权力类型,extraction,63bb5d4e71e6267d4835ef9479c9ff86b0b3ef916f5e6075b1750ed13e17cad3
,,,冗余三元组,32.0,1.0,行驶主体,extraction,f3ae7eebff4e3460421e23abeef0b3052dd9a3dcfbd1f44a03d027eeb1801b4f
,,,冗余三元组,32.0,1.0,承办机构,extraction,931cafd24efaf97775db66b22a04ccc10ef5b34c9f1550f1c6e447e2887940db
,,,冗余三元组,1.0,56.0,依据,extraction,0b8eed9df092a87521a36028dec03a389608968a1abd66630aeacb2b566d40d1
,,,冗余三元组,1.0,54.0,涉及领域,extraction,bf464bcbcd83e979756fbd8eee9d0f695e979e7851f7354e079d63510152047a
,,,冗余三元组,3.0,1.0,权力类型,extraction,63bb5d4e71e6267d4835ef9479c9ff86b0b3ef916f5e6075b1750ed13e17cad3
,,,冗余三元组,25.0,1.0,行驶主体,extraction,f8d14ca82df048e60e8e15e838aee0937165e7863b618cad5ab1fa07cbe6c922
,,,冗余三元组,25.0,1.0,承办机构,extraction,52233a544f4c28cfdd7e8c323198ffbcd53a5927d355c09f9eb314df01568645
,,,冗余三元组,1.0,7.0,依据,extraction,ad207775734fc909831229d25a4f5b75a4caf54238f8d0d146d0f0b3eb2acaeb
,,,冗余三元组,1.0,40.0,基于,extraction,a85624624539924188006fe19700cbca1e2a48322c712646b9353d0df3e1eb24
,,,冗余三元组,4.0,3.0,行使权力类型,extraction,00a5ec5693b72e595de3cd2a2a8592ea1a1494f82c97b8cf243de0eba5834ec8
,,,冗余三元组,4.0,10.0,是,extraction,405ee0479fbe9349bf4d7f80e41aa0b180ea76cc97f2a2f1d2bb9ae121a3a117
,,,冗余三元组,4.0,12.0,是,extraction,ba06caefb891f92d08236beb6c1682cb50c7d2a70090473f0fc76b604a299fa5
,,,冗余三元组,23.0,13.0,是,extraction,a9e1d075c6a86fe9f85c2557444e8ddd7ca63ab3d21d3044a6e458c495398916
,,,冗余三元组,1.0,46.0,涉及问题,extraction,3e940b19ef498016fad79857e57d4ee162cee2e05833d1b57fba62f1d9613be3
,,,冗余三元组,32.0,3.0,行使主体,extraction,41bdabc86688760dc4912d308c407e2c7ab5128e9fb40e1cea06108bb0194425
,,,冗余三元组,32.0,32.0,承办机构,extraction,911adfffd05806263bf58b0d02a29a83b098803ea7bdf542e61063696f391749
,,,冗余三元组,50.0,3.0,实施依据,extraction,a790816385e8e57fdbef950d1c81f1f95be9fa56bdb61522285b14310350de63
,,,冗余三元组,1.0,53.0,涉及内容,extraction,93a41a3bfad2a55543054230e6b5ba30a1c2c78b18e08fd4c03297cf76a22214
,,,冗余三元组,3.0,1.0,权力类型,extraction,63bb5d4e71e6267d4835ef9479c9ff86b0b3ef916f5e6075b1750ed13e17cad3
,,,冗余三元组,32.0,1.0,行驶主体,extraction,f3ae7eebff4e3460421e23abeef0b3052dd9a3dcfbd1f44a03d027eeb1801b4f
,,,冗余三元组,32.0,1.0,承办机构,extraction,931cafd24efaf97775db66b22a04ccc10ef5b34c9f1550f1c6e447e2887940db
,,,冗余三元组,50.0,1.0,实施依据,extraction,f457526c1cfb3555ddaf37521754b077e421b97c6e91ba6f2f018b313f33247d
,,,冗余三元组,1.0,52.0,包含,extraction,65aa9d8836d9408071d2ab46124ddeb7f4ac0702d8710d1e2c37dda2c678d8d3
,,,冗余三元组,9.0,3.0,是,extraction,0ec99e7cb6f44635fcabc5bf332037bea07b228f7b51753076ef1e8382984bc4
,,,冗余三元组,10.0,22.0,是,extraction,5a0b03998ab865a9402789a91f83ce5e2c3e8b9dc624370864b73747e8ad330a
,,,冗余三元组,12.0,22.0,是,extraction,51b7578f6e3f4d6aa73a569f8dfc21fce38f169c0202a35f222c3aebbfe18ce9
,,,冗余三元组,13.0,7.0,是,extraction,5173b273e53a3712e9a749ca6cf7b8e8d3b7641db772c202823ccb26f6087587
,,,冗余三元组,1.0,15.0,包含行为,extraction,50889e3cad3a2af3fe5c788cdd352c4e79a5e965367902c33f7b1eab2a878616
,,,冗余三元组,9.0,3.0,是,extraction,0ec99e7cb6f44635fcabc5bf332037bea07b228f7b51753076ef1e8382984bc4
,,,冗余三元组,10.0,11.0,是,extraction,44a8fa7ea54ec2e41111a4f5dc6a9811dee8aa3aa19fb306f9177dfc86a9aea9
,,,冗余三元组,12.0,11.0,是,extraction,54710bbec3ca077fe79c80e1e95ea28a843633289f5bc6efe6abea14f6118623
,,,冗余三元组,13.0,20.0,是,extraction,f536065857d8cffb8690029d0de8e595064374e0e38deb823e625bf375f96c61
,,,冗余三元组,1.0,60.0,涉及领域,extraction,25fe9bcaeb7e004a7f7cb1fcb4d291c2a96c608fd8ff4641bee8109287b07717
,,,冗余三元组,3.0,1.0,权力类型,extraction,63bb5d4e71e6267d4835ef9479c9ff86b0b3ef916f5e6075b1750ed13e17cad3
,,,冗余三元组,32.0,1.0,行驶主体,extraction,f3ae7eebff4e3460421e23abeef0b3052dd9a3dcfbd1f44a03d027eeb1801b4f
,,,冗余三元组,32.0,1.0,承办机构,extraction,931cafd24efaf97775db66b22a04ccc10ef5b34c9f1550f1c6e447e2887940db
,,,冗余三元组,20.0,3.0,实施依据,extraction,74c469772883cc75830d6664aabca03b3c8bc471660e084cede3096ee903fa04
,,,冗余三元组,1.0,46.0,涉及问题,extraction,3e940b19ef498016fad79857e57d4ee162cee2e05833d1b57fba62f1d9613be3
,,,冗余三元组,16.0,16.0,行使主体,extraction,a30afd6af3baa3ef619e88bd5ceef5629ad6263bcdb6e756d18761d9dec661de
,,,冗余三元组,16.0,16.0,承办机构,extraction,dd3beedaf67b0e9e05574852bf1b9e7df5fccb39eb43ab3bef7f7645d192767e
,,,冗余三元组,16.0,14.0,依据,extraction,9ee1d6de634c99c16fb3e4f5082e2c895c2f2a3b2dd63218c4f56873848766e5
,,,冗余三元组,39.0,1.0,是,extraction,38e1d37380a7519608b7025690633256c2d7865eeeda60653fee8757d9e4afaf
,,,冗余三元组,1.0,18.0,包含,extraction,995fe2b6a1cf5cfeeefec8c7b3e03ab6ed8e185658f268c2a2d3412d9fb32842
,,,冗余三元组,9.0,3.0,是,extraction,0ec99e7cb6f44635fcabc5bf332037bea07b228f7b51753076ef1e8382984bc4
,,,冗余三元组,10.0,25.0,是,extraction,ad542489db79b38432a47864e6f61070ea6042115797987a3bcdb2baca19bebf
,,,冗余三元组,12.0,25.0,是,extraction,dc4ae0749038f60cf9a543d11bdbb3655270d3f1168c53408b231865a3b78a64
,,,冗余三元组,13.0,27.0,是,extraction,b6eab7714fb673bef9d283a76736709544e272990472859dc282d706a47931e5
,,,冗余三元组,1.0,6.0,涉及事项,extraction,63ed056176a358e5141eeb94299bb1cc5c1ba655d4c97bdb0e998157b41cd7a5
,,,冗余三元组,32.0,1.0,行驶主体,extraction,f3ae7eebff4e3460421e23abeef0b3052dd9a3dcfbd1f44a03d027eeb1801b4f
,,,冗余三元组,32.0,1.0,承办机构,extraction,931cafd24efaf97775db66b22a04ccc10ef5b34c9f1550f1c6e447e2887940db
,,,冗余三元组,1.0,5.0,依据,extraction,1ea7450430c6e25edf81e6ecf2f8dbbbbd3c1ca33319839a0f1c3459a61d2b2e
,,,冗余三元组,1.0,19.0,涉及内容,extraction,e667158a34c5290413d6959d0281c37377fbc946202a479c446b6afeb89e2126
,,,冗余三元组,9.0,3.0,类型,extraction,7b4fd279b61586115fa2987e2d0371238853c4f6f63e89d0b451e4237f492a37
,,,冗余三元组,10.0,38.0,实施主体,extraction,1d462611f01b3ac5cb69d89f9c4358a4a71662d7fc61cec061746d5671769514
,,,冗余三元组,12.0,38.0,实施主体,extraction,84c3065703ba2046d3e2ef9decd6f5da156fac41077fa79c8a6c8964de0d38f6
,,,冗余三元组,13.0,37.0,依据,extraction,dfd2b775f82f687b8369e9f056ac82ef84d7dfb09fa0a46cf2f05d074160f680
,,,冗余三元组,1.0,15.0,服务事项,extraction,d58af36cd0af73d9b19e1d9407d5a626b1cd60fd82322b0355d1dcad51bc51b4
,,,冗余三元组,3.0,1.0,权力类型,extraction,63bb5d4e71e6267d4835ef9479c9ff86b0b3ef916f5e6075b1750ed13e17cad3
,,,冗余三元组,4.0,1.0,行驶主体,extraction,76853b7863ac80a3aad594a1104aa5b967a97525e8a2a9def28eeeebf43e4bab
,,,冗余三元组,4.0,1.0,承办机构,extraction,f7483722370a3db6cc6e9698d7f621113a7fe751bca6b181a1961b22639e7ed3
,,,冗余三元组,1.0,33.0,实施依据,extraction,26cc092408f0a9aa6f263c39234f8f2765d112fd2a7cdf3cff6187a39e1d5c6b
,,,冗余三元组,1.0,28.0,涉及内容,extraction,ac3ee725f8a339f9fbd2a7028b68d899a9b8e5be581c35045e4b8bfb3dc079c3
,,,冗余三元组,3.0,1.0,权力类型,extraction,63bb5d4e71e6267d4835ef9479c9ff86b0b3ef916f5e6075b1750ed13e17cad3
,,,冗余三元组,38.0,1.0,行驶主体,extraction,d0e87a0daf3bc1ed7bad39f66dc6d8ee74064b05fe94192417c8b6e3e4cd53a9
,,,冗余三元组,38.0,1.0,承办机构,extraction,b14641014ea8d3db9ba04ac2bb249443dd5f26425e740d86371e870ef2d4a84a
,,,冗余三元组,1.0,20.0,实施依据,extraction,9583485e7c5313414eee8da478484ca22765513065c2129cbcfee14a2b57b3d7
,,,冗余三元组,39.0,1.0,是,extraction,38e1d37380a7519608b7025690633256c2d7865eeeda60653fee8757d9e4afaf
,,,冗余三元组,1.0,34.0,包含,extraction,55e4afabf77afe2a5eab9a2e4e01194c0b9b6c241104b977092e714b9c92562f
,,,冗余三元组,9.0,3.0,是,extraction,0ec99e7cb6f44635fcabc5bf332037bea07b228f7b51753076ef1e8382984bc4
,,,冗余三元组,10.0,22.0,是,extraction,5a0b03998ab865a9402789a91f83ce5e2c3e8b9dc624370864b73747e8ad330a
,,,冗余三元组,12.0,22.0,是,extraction,51b7578f6e3f4d6aa73a569f8dfc21fce38f169c0202a35f222c3aebbfe18ce9
,,,冗余三元组,13.0,29.0,是,extraction,ffa30b4f3216d3a8f56030cb4d33517361b4979ec19a58b4d3a546e9f0b38bdc
,,,冗余三元组,1.0,31.0,涉及问题,extraction,ea08369126f7fbe0d95ca41a348902bab3f4d8e388232d1c4ed32a98fca9af59
,,,冗余三元组,3.0,1.0,权力类型,extraction,63bb5d4e71e6267d4835ef9479c9ff86b0b3ef916f5e6075b1750ed13e17cad3
,,,冗余三元组,26.0,1.0,行驶主体,extraction,c02b72a8d8a1775ff7e7978594abd6b5422b51c7c4fffd7eac711ff69bf88a97
,,,冗余三元组,26.0,1.0,承办机构,extraction,69ebaebdf045cea8cb77aa5e448d960f3c2e8a6fbe335676bbabaa00d3c918e5
,,,冗余三元组,1.0,33.0,依据,extraction,beb4a53aeccd91f8439219990e9369a7c0fbc8b629e10951b4b57ace5628c03a
,,,冗余三元组,1.0,42.0,涉及事项,extraction,6fa1fbc925e7b9f7909377c8fdb4e224f49dc4ac4ecc0317653a80654e14e7bc
,,,冗余三元组,3.0,1.0,权力类型,extraction,63bb5d4e71e6267d4835ef9479c9ff86b0b3ef916f5e6075b1750ed13e17cad3
,,,冗余三元组,11.0,3.0,行驶主体,extraction,252ebc8fde2836f7eae5a791df687860076241cf808bc99e0fd167f0ea262cd9
,,,冗余三元组,11.0,3.0,承办机构,extraction,e3339b884b62824a3b8679c646ddcca5b0bd6ecf6ec75f8d8629aa2e9b31a33c
,,,冗余三元组,33.0,1.0,实施依据,extraction,bd4d251de9aa9eb9c09f30ba2cb708ae2c507f14020ac308d2f0fc7019e488a7
,,,冗余三元组,1.0,55.0,涉及,extraction,d3dce47df0bc87d9fc69992a5dfb419dc64d4ec5f6b002937da586081885a914
,,,冗余三元组,16.0,10.0,是,extraction,0676f80814a944f0133efe570d87a4210481e5da6dd1982bbdd57d1a6f69161c
,,,冗余三元组,16.0,12.0,也是,extraction,df6dd9b9809a5cf771cac0b640d7eb6b2c32ccc3ddd48ae7ca4b86db39047049
,,,冗余三元组,27.0,13.0,是,extraction,917066b6c21462a9422010b24a74af2f2d92b54f02479de50b7817b7fd39a8bd
,,,冗余三元组,1.0,15.0,服务事项,extraction,d58af36cd0af73d9b19e1d9407d5a626b1cd60fd82322b0355d1dcad51bc51b4
,,,冗余三元组,3.0,1.0,权力类型,extraction,63bb5d4e71e6267d4835ef9479c9ff86b0b3ef916f5e6075b1750ed13e17cad3
,,,冗余三元组,26.0,1.0,行驶主体,extraction,c02b72a8d8a1775ff7e7978594abd6b5422b51c7c4fffd7eac711ff69bf88a97
,,,冗余三元组,26.0,1.0,承办机构,extraction,69ebaebdf045cea8cb77aa5e448d960f3c2e8a6fbe335676bbabaa00d3c918e5
,,,冗余三元组,43.0,1.0,实施依据,extraction,b635b5aa9618bbdf4825436782a057c0cb5ba203e0ccd72612b9a1118d5a7026
,,,冗余三元组,1.0,60.0,涉及事项,extraction,6309e2202fc5d6cebcd70f93ed56deb6d1ded945a512f9631f8df8c872f7ddaf
,,,冗余三元组,3.0,1.0,权力类型,extraction,63bb5d4e71e6267d4835ef9479c9ff86b0b3ef916f5e6075b1750ed13e17cad3
,,,冗余三元组,41.0,1.0,行驶主体,extraction,3e203c1cd5240efde0e6a6d05bb4f8d4f3f80b46e735202ba3011d3e2801f0a1
,,,冗余三元组,41.0,1.0,承办机构,extraction,379f2c27a6c0b2eecca7d7b46b22ef51fefdad08ac0ee7abd453d5173a893b67
,,,冗余三元组,1.0,20.0,实施依据,extraction,9583485e7c5313414eee8da478484ca22765513065c2129cbcfee14a2b57b3d7
,,,冗余三元组,1.0,54.0,服务事项,extraction,f1b6e795f7f4341a924257c51e053eb45298f6fc867b5d12c7547aa7ef61bce7
,,,冗余三元组,3.0,1.0,权力类型,extraction,63bb5d4e71e6267d4835ef9479c9ff86b0b3ef916f5e6075b1750ed13e17cad3
,,,冗余三元组,4.0,1.0,行驶主体,extraction,76853b7863ac80a3aad594a1104aa5b967a97525e8a2a9def28eeeebf43e4bab
,,,冗余三元组,4.0,1.0,承办机构,extraction,f7483722370a3db6cc6e9698d7f621113a7fe751bca6b181a1961b22639e7ed3
,,,冗余三元组,27.0,1.0,实施依据,extraction,1dd09eaa3ac242a6049883882dda75ebce911a0b4434d4e2ef5da6ac96a10226
,,,冗余三元组,1.0,8.0,涉及,extraction,87762195aab84fdc0842a072b54421c6e992ded15227e267788ac371d89fd8a5
,,,冗余三元组,9.0,3.0,是,extraction,0ec99e7cb6f44635fcabc5bf332037bea07b228f7b51753076ef1e8382984bc4
,,,冗余三元组,10.0,11.0,是,extraction,44a8fa7ea54ec2e41111a4f5dc6a9811dee8aa3aa19fb306f9177dfc86a9aea9
,,,冗余三元组,12.0,11.0,是,extraction,54710bbec3ca077fe79c80e1e95ea28a843633289f5bc6efe6abea14f6118623
,,,冗余三元组,13.0,43.0,是,extraction,ade982e693329bd738b2be4fef11a25c3536423672e3d1c585cae98131a035d0
,,,冗余三元组,1.0,62.0,涉及问题,extraction,2a934fc7a5fcf782dd1e2daadb598b9eafb710e91a5aa9232b2ceb713d26918f
,,,冗余三元组,3.0,1.0,权力类型,extraction,63bb5d4e71e6267d4835ef9479c9ff86b0b3ef916f5e6075b1750ed13e17cad3
,,,冗余三元组,32.0,3.0,行驶主体,extraction,25aa2c1e152670ddfb23d68a0ae7e021b4a2e63a8a68352208fab8aba8a37318
,,,冗余三元组,32.0,3.0,承办机构,extraction,7cfdba5de59642b67f9924e80b0324afb048e0e5fbe8a9a65ee9100edeae0749
,,,冗余三元组,3.0,5.0,实施依据,extraction,300e1a74feeba098ae7f4718aa129d394916387a593e134f982cc13f2bfa406f
,,,冗余三元组,1.0,19.0,涉及行为,extraction,7f240590f2a7da25c488c633d39a09a722fedca13693b57fc75c819db158f3af
,,,冗余三元组,3.0,1.0,权力类型,extraction,63bb5d4e71e6267d4835ef9479c9ff86b0b3ef916f5e6075b1750ed13e17cad3
,,,冗余三元组,41.0,1.0,行驶主体,extraction,3e203c1cd5240efde0e6a6d05bb4f8d4f3f80b46e735202ba3011d3e2801f0a1
,,,冗余三元组,41.0,1.0,承办机构,extraction,379f2c27a6c0b2eecca7d7b46b22ef51fefdad08ac0ee7abd453d5173a893b67
,,,冗余三元组,1.0,33.0,实施依据,extraction,26cc092408f0a9aa6f263c39234f8f2765d112fd2a7cdf3cff6187a39e1d5c6b
,,,冗余三元组,1.0,54.0,涉及领域,extraction,bf464bcbcd83e979756fbd8eee9d0f695e979e7851f7354e079d63510152047a
,,,冗余三元组,16.0,1.0,行使主体,extraction,d2ea2911b68a4744fa3fb4afd805c6b67724f24a3f46fa0e8e2b1b9cac0816bd
,,,冗余三元组,16.0,16.0,承办机构,extraction,dd3beedaf67b0e9e05574852bf1b9e7df5fccb39eb43ab3bef7f7645d192767e
,,,冗余三元组,1.0,27.0,依据,extraction,d03daf3e94bfbb1b0d0e8924a3805396d721f1c62d58ac9127a2e0d131b5d430
,,,冗余三元组,1.0,8.0,涉及内容,extraction,d02de960772b95844ead284f303c0cc0a431bb9e9d2e2a9acb00d12d4b09753a
,,,冗余三元组,9.0,3.0,类型,extraction,7b4fd279b61586115fa2987e2d0371238853c4f6f63e89d0b451e4237f492a37
,,,冗余三元组,10.0,38.0,为,extraction,5ddc7b1fc48883a5e967168874c64392fa0fe4ea5fdaf4bd7da8b73830c63db5
,,,冗余三元组,12.0,38.0,为,extraction,3bed19f47e0da12a9630876a72e5d8181c1bfc8bcb4b47fbf461ed632e79fe62
,,,冗余三元组,1.0,48.0,涉及内容,extraction,c90c36bc34d7f04fedfc793b0376221c7073cfdcfd8648ced932e92d2e837f7a
,,,冗余三元组,9.0,3.0,类型,extraction,7b4fd279b61586115fa2987e2d0371238853c4f6f63e89d0b451e4237f492a37
,,,冗余三元组,10.0,22.0,为,extraction,1a97657648cf85daf9577b8f97db471a103398604acad7e49b5c9e5312315e6e
,,,冗余三元组,12.0,22.0,为,extraction,01d72a5fabeb49cad4036597626c1d026038537027330c5f333061113111547f
,,,冗余三元组,13.0,20.0,依据,extraction,6d34c9adc27c32ae74b84f298c0a43de9f86625e5dc1f0165282f32b2513c567
,,,冗余三元组,1.0,2.0,涉及事项,extraction,45a6b5e9b7acaaf964d4ba55ee382735953a50be79b9c5a63cfd56f3bfaa98e9
,,,冗余三元组,3.0,1.0,权力类型,extraction,63bb5d4e71e6267d4835ef9479c9ff86b0b3ef916f5e6075b1750ed13e17cad3
,,,冗余三元组,25.0,1.0,行驶主体,extraction,f8d14ca82df048e60e8e15e838aee0937165e7863b618cad5ab1fa07cbe6c922
,,,冗余三元组,25.0,1.0,承办机构,extraction,52233a544f4c28cfdd7e8c323198ffbcd53a5927d355c09f9eb314df01568645
,,,冗余三元组,1.0,63.0,依据,extraction,e5d87b063fc31edb97a36640c4131ff28e19d4bcbe399fa42153b9a4d0b5e1a7
,,,冗余三元组,1.0,42.0,涉及事项,extraction,6fa1fbc925e7b9f7909377c8fdb4e224f49dc4ac4ecc0317653a80654e14e7bc
,,,冗余三元组,3.0,1.0,权力类型,extraction,63bb5d4e71e6267d4835ef9479c9ff86b0b3ef916f5e6075b1750ed13e17cad3
,,,冗余三元组,26.0,3.0,行驶主体,extraction,53a6aecb0cb919674eb601d3ca9bfb3e1cd8021d0c2b4edaea1103f12ff5d1fa
,,,冗余三元组,26.0,3.0,承办机构,extraction,09f29ebed328eaaeac44ee7d9b0d8d8b248964f2da25bc454213eb1f6ed1c65b
,,,冗余三元组,14.0,3.0,实施依据,extraction,b2a34d3077aee5e73c915f123942606ad10c818ac195f73a26fa6b2a85ed9d1b
,,,冗余三元组,1.0,31.0,涉及问题,extraction,ea08369126f7fbe0d95ca41a348902bab3f4d8e388232d1c4ed32a98fca9af59
,,,冗余三元组,3.0,1.0,权力类型,extraction,63bb5d4e71e6267d4835ef9479c9ff86b0b3ef916f5e6075b1750ed13e17cad3
,,,冗余三元组,25.0,3.0,行驶主体,extraction,c7f405beeae1829a03dbec6b28d32c4d828da48de999734d24825266b3076f59
,,,冗余三元组,25.0,3.0,承办机构,extraction,eef2c4724eefbb6cbc8a1e38dd903f5952b15b4fa168168b9caed346c6551029
,,,冗余三元组,43.0,3.0,实施依据,extraction,b2e045a3f94b96fa94529db86a8245fdcf22fab97a04061f220a7caec63e44e4
,,,冗余三元组,1.0,30.0,涉及,extraction,f791f6ad50cca9a9432e1d95b6ef54bd1b64b5eb692d18dc2f430e81dd5537c2
,,,冗余三元组,9.0,3.0,是,extraction,0ec99e7cb6f44635fcabc5bf332037bea07b228f7b51753076ef1e8382984bc4
,,,冗余三元组,10.0,25.0,是,extraction,ad542489db79b38432a47864e6f61070ea6042115797987a3bcdb2baca19bebf
,,,冗余三元组,12.0,25.0,是,extraction,dc4ae0749038f60cf9a543d11bdbb3655270d3f1168c53408b231865a3b78a64
,,,冗余三元组,13.0,43.0,是,extraction,ade982e693329bd738b2be4fef11a25c3536423672e3d1c585cae98131a035d0
,,,冗余三元组,1.0,28.0,涉及内容,extraction,ac3ee725f8a339f9fbd2a7028b68d899a9b8e5be581c35045e4b8bfb3dc079c3
,,,冗余三元组,3.0,1.0,权力类型,extraction,63bb5d4e71e6267d4835ef9479c9ff86b0b3ef916f5e6075b1750ed13e17cad3
,,,冗余三元组,38.0,1.0,行驶主体,extraction,d0e87a0daf3bc1ed7bad39f66dc6d8ee74064b05fe94192417c8b6e3e4cd53a9
,,,冗余三元组,38.0,1.0,承办机构,extraction,b14641014ea8d3db9ba04ac2bb249443dd5f26425e740d86371e870ef2d4a84a
,,,冗余三元组,1.0,23.0,实施依据,extraction,9bcf05d413c05f85aaa7ecb9953108ae181483006eeb0087a84eb1177253df7d
,,,冗余三元组,1.0,62.0,涉及问题,extraction,2a934fc7a5fcf782dd1e2daadb598b9eafb710e91a5aa9232b2ceb713d26918f
,,,冗余三元组,3.0,1.0,权力类型,extraction,63bb5d4e71e6267d4835ef9479c9ff86b0b3ef916f5e6075b1750ed13e17cad3
,,,冗余三元组,26.0,3.0,行驶主体,extraction,53a6aecb0cb919674eb601d3ca9bfb3e1cd8021d0c2b4edaea1103f12ff5d1fa
,,,冗余三元组,26.0,3.0,承办机构,extraction,09f29ebed328eaaeac44ee7d9b0d8d8b248964f2da25bc454213eb1f6ed1c65b
,,,冗余三元组,33.0,3.0,实施依据,extraction,306160666e8a359cb9bf4da0ec64c9e2d6901c870fe6350cba5879c4509266de
,,,冗余三元组,39.0,1.0,是,extraction,38e1d37380a7519608b7025690633256c2d7865eeeda60653fee8757d9e4afaf
,,,冗余三元组,1.0,42.0,包含,extraction,7b9ef832aee05a7033973a1d4073ad0fff49c6f684c144c1b53de1c7765d56dd
,,,冗余三元组,9.0,3.0,是,extraction,0ec99e7cb6f44635fcabc5bf332037bea07b228f7b51753076ef1e8382984bc4
,,,冗余三元组,10.0,11.0,是,extraction,44a8fa7ea54ec2e41111a4f5dc6a9811dee8aa3aa19fb306f9177dfc86a9aea9
,,,冗余三元组,12.0,11.0,是,extraction,54710bbec3ca077fe79c80e1e95ea28a843633289f5bc6efe6abea14f6118623
,,,冗余三元组,13.0,37.0,是,extraction,11ad231736d8e934254b836f208f0b302e4d9e38c23214e2036235899cb04fe6
,,,冗余三元组,1.0,51.0,涉及行为,extraction,4d50e735db0c7c921debcd5d22ac59a9a9275f523e4dfe60a64102e7ab70d731
,,,冗余三元组,3.0,44.0,由,extraction,080f99a748c7eb4782333f3721b4fa96e331a8c8466092f36c40de49b7d21732
,,,冗余三元组,44.0,3.0,行使权力,extraction,f198bdefb30b60bad0eda0caf732f8ed5cf312b7a53711a3709d6e4926cc4866
,,,冗余三元组,44.0,10.0,是,extraction,e97b79b5b51a26f8e69423d992b4d4ac3c9df26ba1701ad7c77eeb760090b85f
,,,冗余三元组,44.0,12.0,也是,extraction,8f258b758c517139707a3fb7b0832140ba81c2be3985017f022d50aa8ffc6c3d
,,,冗余三元组,1.0,15.0,服务事项,extraction,d58af36cd0af73d9b19e1d9407d5a626b1cd60fd82322b0355d1dcad51bc51b4
,,,冗余三元组,3.0,1.0,权力类型,extraction,63bb5d4e71e6267d4835ef9479c9ff86b0b3ef916f5e6075b1750ed13e17cad3
,,,冗余三元组,32.0,1.0,行驶主体,extraction,f3ae7eebff4e3460421e23abeef0b3052dd9a3dcfbd1f44a03d027eeb1801b4f
,,,冗余三元组,32.0,1.0,承办机构,extraction,931cafd24efaf97775db66b22a04ccc10ef5b34c9f1550f1c6e447e2887940db
,,,冗余三元组,5.0,1.0,实施依据,extraction,746c20bbe85a6c741c868997cbc091c7eddeafc57e2839c0cc9ba4fd6c55ad73
,,,冗余三元组,1.0,62.0,包含问题,extraction,596046aaaf0b8e852fcf6cfbacd717817004acf228dbe4dd07bd7a10e2a82f29
,,,冗余三元组,3.0,9.0,属于,extraction,e243beb6cddf62185b7e7ffcf414a9105a2c5a93a0690b193f72c7a37fa3b5ca
,,,冗余三元组,26.0,10.0,既是,extraction,573a05ec79f91bde7d6ac3e201edf5a4562e4cd87e684ef02c6ac52726586f38
,,,冗余三元组,26.0,12.0,也是,extraction,758e9266098e0056a398daa49fc984e46ccfb78d544f7d7d529bbb71c974f551
,,,冗余三元组,1.0,47.0,涉及事项,extraction,410fd6754fd95d077ef04ff964ec4dd009afe4ed77694bf6c52b18682d5b8662
,,,冗余三元组,3.0,1.0,权力类型,extraction,63bb5d4e71e6267d4835ef9479c9ff86b0b3ef916f5e6075b1750ed13e17cad3
,,,冗余三元组,22.0,3.0,行驶主体,extraction,63b889c6caaf61c3eefad202bc0e1a4344122b009d898e41612d2ce9411c9a90
,,,冗余三元组,22.0,3.0,承办机构,extraction,450ea2044227017296ffd8295e12ead624bac9ad5fb24c8dce7525315368e0fd
,,,冗余三元组,57.0,3.0,实施依据,extraction,5a3c761fe453774b965d5423f4e3d73baec3276767fa64926162aa8a54e64505
,,,冗余三元组,1.0,40.0,包含,extraction,1210a34215a9f1d268a7fdec9665e7afedf2c960bf0be97d698e7bf44f4ad33c
,,,冗余三元组,9.0,3.0,是,extraction,0ec99e7cb6f44635fcabc5bf332037bea07b228f7b51753076ef1e8382984bc4
,,,冗余三元组,10.0,26.0,是,extraction,89fbb5ae30c6220e41f165591e4df027877c140a72033fe0680e44206164aa17
,,,冗余三元组,12.0,26.0,是,extraction,a3817cab3fccbfd1b94576c85b68cfb0ff0511791fe7ada5dd7c10500502e531
,,,冗余三元组,13.0,35.0,是,extraction,bdb6ae948fcb734a09a70e6199e73c6b4e1ee8988d36d946e8376162542ec754
,,,冗余三元组,1.0,30.0,服务事项,extraction,55bf36702d0ac24b47f5ac4bb321cb46de5acc2a04e9155defa241454ebcba9d
,,,冗余三元组,3.0,1.0,权力类型,extraction,63bb5d4e71e6267d4835ef9479c9ff86b0b3ef916f5e6075b1750ed13e17cad3
,,,冗余三元组,26.0,1.0,行驶主体,extraction,c02b72a8d8a1775ff7e7978594abd6b5422b51c7c4fffd7eac711ff69bf88a97
,,,冗余三元组,26.0,1.0,承办机构,extraction,69ebaebdf045cea8cb77aa5e448d960f3c2e8a6fbe335676bbabaa00d3c918e5
,,,冗余三元组,14.0,1.0,实施依据,extraction,9e8311c5545f056237fea59ad427e08044b1f281b728a5fbe6f711b2b87fb62b
,,,冗余三元组,1.0,31.0,涉及问题,extraction,ea08369126f7fbe0d95ca41a348902bab3f4d8e388232d1c4ed32a98fca9af59
,,,冗余三元组,9.0,3.0,类型,extraction,7b4fd279b61586115fa2987e2d0371238853c4f6f63e89d0b451e4237f492a37
,,,冗余三元组,10.0,22.0,是,extraction,5a0b03998ab865a9402789a91f83ce5e2c3e8b9dc624370864b73747e8ad330a
,,,冗余三元组,12.0,22.0,是,extraction,51b7578f6e3f4d6aa73a569f8dfc21fce38f169c0202a35f222c3aebbfe18ce9
,,,冗余三元组,13.0,35.0,依据,extraction,3ac4350e034d8b7ecd0693f5bf55f942a288d183693ea11c4bd20840b0e18d24
,,,冗余三元组,1.0,53.0,服务事项,extraction,6e3e1be22725db07cbda085e898d35471ffc4e71289552d4108ae311195e776c
,,,冗余三元组,3.0,1.0,权力类型,extraction,63bb5d4e71e6267d4835ef9479c9ff86b0b3ef916f5e6075b1750ed13e17cad3
,,,冗余三元组,26.0,1.0,行驶主体,extraction,c02b72a8d8a1775ff7e7978594abd6b5422b51c7c4fffd7eac711ff69bf88a97
,,,冗余三元组,26.0,1.0,承办机构,extraction,69ebaebdf045cea8cb77aa5e448d960f3c2e8a6fbe335676bbabaa00d3c918e5
,,,冗余三元组,1.0,14.0,实施依据,extraction,86a585785321be79b433ed2131da5d315c88dcee88be270a52a3c3fec56e323b
,,,冗余三元组,1.0,53.0,服务事项,extraction,6e3e1be22725db07cbda085e898d35471ffc4e71289552d4108ae311195e776c
,,,冗余三元组,3.0,1.0,权力类型,extraction,63bb5d4e71e6267d4835ef9479c9ff86b0b3ef916f5e6075b1750ed13e17cad3
,,,冗余三元组,4.0,3.0,行驶主体,extraction,65bd830d3a69c947ab33e8bccf4d7c9239947243f009a12164fa2b3d4defa4e5
,,,冗余三元组,4.0,3.0,承办机构,extraction,552f0352c4383de1ccdd6574c3a3cf1febf987d93f20f8b4d8f312f665277ccd
,,,冗余三元组,5.0,3.0,实施依据,extraction,4d26a315d3cf5e095a5f33a521cc5fcfd77a3a44ba52ed82e02dee2171f81d54
,,,冗余三元组,1.0,31.0,涉及问题,extraction,ea08369126f7fbe0d95ca41a348902bab3f4d8e388232d1c4ed32a98fca9af59
,,,冗余三元组,3.0,1.0,权力类型,extraction,63bb5d4e71e6267d4835ef9479c9ff86b0b3ef916f5e6075b1750ed13e17cad3
,,,冗余三元组,11.0,3.0,行驶主体,extraction,252ebc8fde2836f7eae5a791df687860076241cf808bc99e0fd167f0ea262cd9
,,,冗余三元组,11.0,3.0,承办机构,extraction,e3339b884b62824a3b8679c646ddcca5b0bd6ecf6ec75f8d8629aa2e9b31a33c
,,,冗余三元组,20.0,3.0,实施依据,extraction,74c469772883cc75830d6664aabca03b3c8bc471660e084cede3096ee903fa04
,,,冗余三元组,1.0,42.0,涉及事项,extraction,6fa1fbc925e7b9f7909377c8fdb4e224f49dc4ac4ecc0317653a80654e14e7bc
,,,冗余三元组,3.0,1.0,权力类型,extraction,63bb5d4e71e6267d4835ef9479c9ff86b0b3ef916f5e6075b1750ed13e17cad3
,,,冗余三元组,41.0,1.0,行驶主体,extraction,3e203c1cd5240efde0e6a6d05bb4f8d4f3f80b46e735202ba3011d3e2801f0a1
,,,冗余三元组,41.0,1.0,承办机构,extraction,379f2c27a6c0b2eecca7d7b46b22ef51fefdad08ac0ee7abd453d5173a893b67
,,,冗余三元组,1.0,49.0,依据,extraction,567a356d9d99d44b1e79598f86430dce8cd9fbfb76155059f4e9f13b5ad5b19e
,,,冗余三元组,1.0,51.0,涉及行为,extraction,4d50e735db0c7c921debcd5d22ac59a9a9275f523e4dfe60a64102e7ab70d731
,,,冗余三元组,3.0,41.0,执行主体,extraction,21ab1893b77b1811a9bc22c6fd809a9061765446f93419cc17fefc3c493fdd27
,,,冗余三元组,3.0,7.0,实施依据,extraction,8b8b874d6aacfaea02e3258e572855dec0ac6da7c5aa16557312356c39613641
,,,冗余三元组,41.0,12.0,是,extraction,fad70d47d35873d476ecd9b8502513e72a366a3a7f904b2d994765aedc16758b
,,,冗余三元组,1.0,51.0,包含行为,extraction,f8a8dc8a03ea22f0c99fcbd7990d1f03fe9b84cf3f283d29a67c08ec33604bcb
,,,冗余三元组,9.0,3.0,是,extraction,0ec99e7cb6f44635fcabc5bf332037bea07b228f7b51753076ef1e8382984bc4
,,,冗余三元组,10.0,32.0,是,extraction,4da064cb343643cc890842dceaf67b09d17018b8caccfb9a66252b99aba7b2c2
,,,冗余三元组,12.0,32.0,是,extraction,9c4f6d970f0759ccf44ba88668fb20479c3f74345a7048810ee820b1947a78e1
,,,冗余三元组,13.0,37.0,是,extraction,11ad231736d8e934254b836f208f0b302e4d9e38c23214e2036235899cb04fe6
,,,冗余三元组,1.0,52.0,涉及问题,extraction,90af34399ad797a62bec9b3819dad9d64b8031065ff158d8a5f1015257e3e4dd
,,,冗余三元组,3.0,1.0,权力类型,extraction,63bb5d4e71e6267d4835ef9479c9ff86b0b3ef916f5e6075b1750ed13e17cad3
,,,冗余三元组,25.0,3.0,行驶主体,extraction,c7f405beeae1829a03dbec6b28d32c4d828da48de999734d24825266b3076f59
,,,冗余三元组,25.0,3.0,承办机构,extraction,eef2c4724eefbb6cbc8a1e38dd903f5952b15b4fa168168b9caed346c6551029
,,,冗余三元组,14.0,3.0,实施依据,extraction,b2a34d3077aee5e73c915f123942606ad10c818ac195f73a26fa6b2a85ed9d1b
,,,冗余三元组,1.0,17.0,涉及事项,extraction,26e5b368d0569ae2cd1db86e58c1825b9d075b33fb779749f2c6991aaf9b42eb
,,,冗余三元组,16.0,1.0,行使主体,extraction,d2ea2911b68a4744fa3fb4afd805c6b67724f24a3f46fa0e8e2b1b9cac0816bd
,,,冗余三元组,16.0,1.0,承办机构,extraction,7da0b9c5ea5b9311256b7bcb955ba7fe507e79fd9fe407e277e1c4de0e1d453e
,,,冗余三元组,1.0,37.0,依据,extraction,9baf4dc889d264b4d09564a7e039327e8719109dcf2689d6e76c356b4984da9c
,,,冗余三元组,1.0,28.0,涉及内容,extraction,ac3ee725f8a339f9fbd2a7028b68d899a9b8e5be581c35045e4b8bfb3dc079c3
,,,冗余三元组,3.0,1.0,权力类型,extraction,63bb5d4e71e6267d4835ef9479c9ff86b0b3ef916f5e6075b1750ed13e17cad3
,,,冗余三元组,16.0,1.0,行驶主体,extraction,2388221cee7d1ae0ed5be74dbb33fa91b57a06cfae883cc5c2262bfb048b5c48
,,,冗余三元组,16.0,1.0,承办机构,extraction,7da0b9c5ea5b9311256b7bcb955ba7fe507e79fd9fe407e277e1c4de0e1d453e
,,,冗余三元组,14.0,1.0,实施依据,extraction,9e8311c5545f056237fea59ad427e08044b1f281b728a5fbe6f711b2b87fb62b
,,,冗余三元组,1.0,55.0,涉及,extraction,d3dce47df0bc87d9fc69992a5dfb419dc64d4ec5f6b002937da586081885a914
,,,冗余三元组,9.0,3.0,是,extraction,0ec99e7cb6f44635fcabc5bf332037bea07b228f7b51753076ef1e8382984bc4
,,,冗余三元组,10.0,44.0,是,extraction,53854b14f84a4f7bcec4288babeeb93d9202a8f1247a14098e9a02982cc95640
,,,冗余三元组,12.0,44.0,是,extraction,de41cd62c11f82837c5925e3426f42630d0bc935f1a9e33489b933acda4b7831
,,,冗余三元组,13.0,43.0,是,extraction,ade982e693329bd738b2be4fef11a25c3536423672e3d1c585cae98131a035d0
,,,冗余三元组,1.0,19.0,涉及行为,extraction,7f240590f2a7da25c488c633d39a09a722fedca13693b57fc75c819db158f3af
,,,冗余三元组,4.0,3.0,行使权力类型,extraction,00a5ec5693b72e595de3cd2a2a8592ea1a1494f82c97b8cf243de0eba5834ec8
,,,冗余三元组,7.0,3.0,实施依据,extraction,f19e34325be413dc5e6bb80be003b66e02159d7f79ced0a5e8ba8a58d7125e15
,,,冗余三元组,1.0,21.0,服务事项,extraction,8d308abc697d8ec4d01a30f717e75bc54bbee9cf1d8f36eef0f95eb86d0c523d
,,,冗余三元组,3.0,1.0,权力类型,extraction,63bb5d4e71e6267d4835ef9479c9ff86b0b3ef916f5e6075b1750ed13e17cad3
,,,冗余三元组,25.0,1.0,行驶主体,extraction,f8d14ca82df048e60e8e15e838aee0937165e7863b618cad5ab1fa07cbe6c922
,,,冗余三元组,25.0,1.0,承办机构,extraction,52233a544f4c28cfdd7e8c323198ffbcd53a5927d355c09f9eb314df01568645
,,,冗余三元组,23.0,1.0,实施依据,extraction,38e452b8d15dc7858dd36229d7d1d00af4852cea15d7b71d1d6320aef92fe236
,,,冗余三元组,1.0,60.0,涉及事项,extraction,6309e2202fc5d6cebcd70f93ed56deb6d1ded945a512f9631f8df8c872f7ddaf
,,,冗余三元组,3.0,1.0,权力类型,extraction,63bb5d4e71e6267d4835ef9479c9ff86b0b3ef916f5e6075b1750ed13e17cad3
,,,冗余三元组,26.0,1.0,行驶主体,extraction,c02b72a8d8a1775ff7e7978594abd6b5422b51c7c4fffd7eac711ff69bf88a97
,,,冗余三元组,26.0,1.0,承办机构,extraction,69ebaebdf045cea8cb77aa5e448d960f3c2e8a6fbe335676bbabaa00d3c918e5
,,,冗余三元组,1.0,33.0,实施依据,extraction,26cc092408f0a9aa6f263c39234f8f2765d112fd2a7cdf3cff6187a39e1d5c6b
,,,冗余三元组,1.0,54.0,针对,extraction,ae0a6899dad048d7d0236358290a8c3b78cc3a6f234a4d84227d976a9527b1f5
,,,冗余三元组,25.0,10.0,是,extraction,8afcd2cb74a7dd48c44b9e0e65572734230d6f43b3c8d94593ea785cea801fdb
,,,冗余三元组,25.0,12.0,是,extraction,4157fc3647bda6525151aeb812b9d8cfdebf7880d4e160940d6bd7b5eec03ddc
,,,冗余三元组,39.0,1.0,是,extraction,38e1d37380a7519608b7025690633256c2d7865eeeda60653fee8757d9e4afaf
,,,冗余三元组,9.0,3.0,是,extraction,0ec99e7cb6f44635fcabc5bf332037bea07b228f7b51753076ef1e8382984bc4
,,,冗余三元组,10.0,38.0,是,extraction,b756eb5995473eefcaf0d5b4fb891f9eb9190e7e7f446761eaff99790520dd98
,,,冗余三元组,12.0,38.0,是,extraction,76d05d01998cae971c559874b8df42b2445eeafc6d81c360c7aecdbaf38c3f00
,,,冗余三元组,13.0,35.0,是,extraction,bdb6ae948fcb734a09a70e6199e73c6b4e1ee8988d36d946e8376162542ec754
,,,冗余三元组,1.0,46.0,涉及问题,extraction,3e940b19ef498016fad79857e57d4ee162cee2e05833d1b57fba62f1d9613be3
,,,冗余三元组,32.0,3.0,行使主体,extraction,41bdabc86688760dc4912d308c407e2c7ab5128e9fb40e1cea06108bb0194425
,,,冗余三元组,32.0,32.0,承办机构,extraction,911adfffd05806263bf58b0d02a29a83b098803ea7bdf542e61063696f391749
,,,冗余三元组,3.0,27.0,依据,extraction,634bb52a187407376414062d5666071f7d2383d8d82d1313d1ee0d5246437393
,,,冗余三元组,39.0,1.0,是,extraction,38e1d37380a7519608b7025690633256c2d7865eeeda60653fee8757d9e4afaf
,,,冗余三元组,1.0,53.0,包括,extraction,1381a6fba20dceee35da6a7e780388847a73a5c6c53d663717205383f4784027
,,,冗余三元组,9.0,3.0,是,extraction,0ec99e7cb6f44635fcabc5bf332037bea07b228f7b51753076ef1e8382984bc4
,,,冗余三元组,10.0,44.0,是,extraction,53854b14f84a4f7bcec4288babeeb93d9202a8f1247a14098e9a02982cc95640
,,,冗余三元组,12.0,44.0,是,extraction,de41cd62c11f82837c5925e3426f42630d0bc935f1a9e33489b933acda4b7831
,,,冗余三元组,13.0,27.0,是,extraction,b6eab7714fb673bef9d283a76736709544e272990472859dc282d706a47931e5
,,,冗余三元组,1.0,54.0,涉及领域,extraction,bf464bcbcd83e979756fbd8eee9d0f695e979e7851f7354e079d63510152047a
,,,冗余三元组,3.0,1.0,权力类型,extraction,63bb5d4e71e6267d4835ef9479c9ff86b0b3ef916f5e6075b1750ed13e17cad3
,,,冗余三元组,41.0,1.0,行驶主体,extraction,3e203c1cd5240efde0e6a6d05bb4f8d4f3f80b46e735202ba3011d3e2801f0a1
,,,冗余三元组,41.0,1.0,承办机构,extraction,379f2c27a6c0b2eecca7d7b46b22ef51fefdad08ac0ee7abd453d5173a893b67
,,,冗余三元组,1.0,29.0,依据,extraction,7c876ea0542c8c0bbe2bd1071fb11a2281ab201ea6a5d96c9f866fe3fc0a1ecb
,,,冗余三元组,1.0,55.0,涉及方面,extraction,5ee3a47a13dc675638470604b07e57a50fdeaeedeade9769ce1a62338490e202
,,,冗余三元组,9.0,3.0,类型,extraction,7b4fd279b61586115fa2987e2d0371238853c4f6f63e89d0b451e4237f492a37
,,,冗余三元组,32.0,32.0,行驶主体,extraction,c99cc95dd359700ee80016caf0fca8788cd0121ae97ca919c48e2c2d3a8a0139
,,,冗余三元组,32.0,32.0,承办机构,extraction,911adfffd05806263bf58b0d02a29a83b098803ea7bdf542e61063696f391749
,,,冗余三元组,13.0,29.0,依据,extraction,339ea22aba17a985debf38c1930430e3b55f008318624e7efcaa4b7d8ae18a54
,,,冗余三元组,1.0,2.0,涉及事项,extraction,45a6b5e9b7acaaf964d4ba55ee382735953a50be79b9c5a63cfd56f3bfaa98e9
,,,冗余三元组,3.0,1.0,权力类型,extraction,63bb5d4e71e6267d4835ef9479c9ff86b0b3ef916f5e6075b1750ed13e17cad3
,,,冗余三元组,41.0,1.0,行驶主体,extraction,3e203c1cd5240efde0e6a6d05bb4f8d4f3f80b46e735202ba3011d3e2801f0a1
,,,冗余三元组,41.0,1.0,承办机构,extraction,379f2c27a6c0b2eecca7d7b46b22ef51fefdad08ac0ee7abd453d5173a893b67
,,,冗余三元组,1.0,5.0,依据,extraction,1ea7450430c6e25edf81e6ecf2f8dbbbbd3c1ca33319839a0f1c3459a61d2b2e
,,,冗余三元组,1.0,48.0,涉及内容,extraction,c90c36bc34d7f04fedfc793b0376221c7073cfdcfd8648ced932e92d2e837f7a
,,,冗余三元组,3.0,1.0,权力类型,extraction,63bb5d4e71e6267d4835ef9479c9ff86b0b3ef916f5e6075b1750ed13e17cad3
,,,冗余三元组,38.0,3.0,行驶主体,extraction,09efeab994a6d0a0d2474408b9050a4299990ea94ef2b0fd3b3f3c42b80c1d00
,,,冗余三元组,38.0,3.0,承办机构,extraction,3ffeb2c635f8eac91bfd409e9ffa26f73bbf4f4bb174d1a1c0cfa1334e723247
,,,冗余三元组,3.0,7.0,实施依据,extraction,8b8b874d6aacfaea02e3258e572855dec0ac6da7c5aa16557312356c39613641
,,,冗余三元组,1.0,40.0,基于,extraction,a85624624539924188006fe19700cbca1e2a48322c712646b9353d0df3e1eb24
,,,冗余三元组,9.0,3.0,是,extraction,0ec99e7cb6f44635fcabc5bf332037bea07b228f7b51753076ef1e8382984bc4
,,,冗余三元组,10.0,26.0,是,extraction,89fbb5ae30c6220e41f165591e4df027877c140a72033fe0680e44206164aa17
,,,冗余三元组,12.0,26.0,是,extraction,a3817cab3fccbfd1b94576c85b68cfb0ff0511791fe7ada5dd7c10500502e531
,,,冗余三元组,13.0,23.0,是,extraction,a809901cb1266f3034f5251cd5e201f3ce63e484f49bb7e202066cafcce8d4b1
,,,冗余三元组,1.0,60.0,涉及事项,extraction,6309e2202fc5d6cebcd70f93ed56deb6d1ded945a512f9631f8df8c872f7ddaf
,,,冗余三元组,3.0,1.0,权力类型,extraction,63bb5d4e71e6267d4835ef9479c9ff86b0b3ef916f5e6075b1750ed13e17cad3
,,,冗余三元组,26.0,1.0,行驶主体,extraction,c02b72a8d8a1775ff7e7978594abd6b5422b51c7c4fffd7eac711ff69bf88a97
,,,冗余三元组,26.0,1.0,承办机构,extraction,69ebaebdf045cea8cb77aa5e448d960f3c2e8a6fbe335676bbabaa00d3c918e5
,,,冗余三元组,1.0,33.0,实施依据,extraction,26cc092408f0a9aa6f263c39234f8f2765d112fd2a7cdf3cff6187a39e1d5c6b
,,,冗余三元组,1.0,58.0,涉及,extraction,ebb5415c1b54071499b45a909f698aaec953682c36e97747e6aee00bc7e619d3
,,,冗余三元组,9.0,3.0,是,extraction,0ec99e7cb6f44635fcabc5bf332037bea07b228f7b51753076ef1e8382984bc4
,,,冗余三元组,10.0,32.0,是,extraction,4da064cb343643cc890842dceaf67b09d17018b8caccfb9a66252b99aba7b2c2
,,,冗余三元组,12.0,32.0,是,extraction,9c4f6d970f0759ccf44ba88668fb20479c3f74345a7048810ee820b1947a78e1
,,,冗余三元组,13.0,35.0,是,extraction,bdb6ae948fcb734a09a70e6199e73c6b4e1ee8988d36d946e8376162542ec754
,,,冗余三元组,1.0,47.0,服务事项,extraction,b33592c1f30e39df0401c77d218134fb8abddfd7e8dbdedb52818471c5201bf4
,,,冗余三元组,3.0,1.0,权力类型,extraction,63bb5d4e71e6267d4835ef9479c9ff86b0b3ef916f5e6075b1750ed13e17cad3
,,,冗余三元组,26.0,1.0,行驶主体,extraction,c02b72a8d8a1775ff7e7978594abd6b5422b51c7c4fffd7eac711ff69bf88a97
,,,冗余三元组,26.0,1.0,承办机构,extraction,69ebaebdf045cea8cb77aa5e448d960f3c2e8a6fbe335676bbabaa00d3c918e5
,,,冗余三元组,20.0,3.0,实施依据,extraction,74c469772883cc75830d6664aabca03b3c8bc471660e084cede3096ee903fa04
,,,冗余三元组,1.0,40.0,基于,extraction,a85624624539924188006fe19700cbca1e2a48322c712646b9353d0df3e1eb24
,,,冗余三元组,9.0,3.0,是,extraction,0ec99e7cb6f44635fcabc5bf332037bea07b228f7b51753076ef1e8382984bc4
,,,冗余三元组,10.0,44.0,是,extraction,53854b14f84a4f7bcec4288babeeb93d9202a8f1247a14098e9a02982cc95640
,,,冗余三元组,12.0,44.0,是,extraction,de41cd62c11f82837c5925e3426f42630d0bc935f1a9e33489b933acda4b7831
,,,冗余三元组,13.0,33.0,是,extraction,fc4553073462fe666aaa676d985116bc290a0c71f03fb633205f00b4fcf4ff71
