start_id,end_id,relation_type,source,triple_hash
541,96,类型,enhanced_extraction,d2585091f7495a19e7cfa78aae7706c7cdd4be5765fee9398808dbdea0d16627
12,9,涉及,enhanced_extraction,a0882012a94e74189d23dae9585c1bfe51019acf0f4e93de9e81c828e0002d7a
9,382,类型,enhanced_extraction,4cfb3db1b2e67bf8b438df39105b31616b659cf569445ffadf95f4ce4ab87e94
11,12,是,enhanced_extraction,4bb51718453a67d9015b846c6a68662b97572c0a9269a7df9df55bbbce96ae63
233,9,行使主体,enhanced_extraction,5e183a336d20352bd8b994006317c9b8b8906deb81b1c6c331037621a9ba156c
12,11,类型,enhanced_extraction,d250a3e2b5b7ceab7cccbdfff1e3b8cbdc70239998775ce9a8b2acb81f9e7784
11,12,是,enhanced_extraction,4bb51718453a67d9015b846c6a68662b97572c0a9269a7df9df55bbbce96ae63
159,122,类型,enhanced_extraction,ac95a8754b9cf555ad1f7b6963dfd724829642f155c6b04c4c82d577ec28198a
11,12,是,enhanced_extraction,4bb51718453a67d9015b846c6a68662b97572c0a9269a7df9df55bbbce96ae63
9,12,类型,enhanced_extraction,a0f990011f89318094029eddd7fc8433047738098f60167fd996d5cd597fc45b
9,382,类型,enhanced_extraction,4cfb3db1b2e67bf8b438df39105b31616b659cf569445ffadf95f4ce4ab87e94
14,122,类型,enhanced_extraction,d3d91c90b4b9122a9fcfca5f480e3cc5e9e5c6b142a143300638dc6e6b4471d4
518,235,类型,enhanced_extraction,9660201625f3c7049d9b6789802c41aebd939cbe044d635a299a92a4ac0c24f8
11,12,是,enhanced_extraction,4bb51718453a67d9015b846c6a68662b97572c0a9269a7df9df55bbbce96ae63
11,12,类型,enhanced_extraction,6eb99ba2cff423e2571ef8f318749216e856ec529f754e4116cb373c00ca8cc4
5853,929,类型,enhanced_extraction,07e3b3a03a132c9328f606a482860614cf3cc2b53e3be44c5278a87f83c3f2d9
9,382,类型,enhanced_extraction,4cfb3db1b2e67bf8b438df39105b31616b659cf569445ffadf95f4ce4ab87e94
13,103,是,enhanced_extraction,1b5b4a6b26df270a9c16a69f9d5e70d230d38e452e30a89449afe7a565899b1f
11,12,是,enhanced_extraction,4bb51718453a67d9015b846c6a68662b97572c0a9269a7df9df55bbbce96ae63
159,12,承办机构,enhanced_extraction,6aff489ab10dbf8c13027d23db776f9011bc8513954287f449cc26e5f34714f1
11,12,是,enhanced_extraction,4bb51718453a67d9015b846c6a68662b97572c0a9269a7df9df55bbbce96ae63
12,158,类型,enhanced_extraction,06d83acee2e2097064c89c41506386eb57a4678aedfe309dafe18d04c22a8fee
9,210,类型,enhanced_extraction,f474ff0499a08790d60a07797619e6890a07d8384c0077143cc80cfd45f47cb1
11,12,类型,enhanced_extraction,6eb99ba2cff423e2571ef8f318749216e856ec529f754e4116cb373c00ca8cc4
110,9,行使主体,enhanced_extraction,04e6686a6ac48a1d6a9411fec475951914afa06d06fa0a9960c1d911aebee2c4
9,12,类型,enhanced_extraction,a0f990011f89318094029eddd7fc8433047738098f60167fd996d5cd597fc45b
233,9,行使主体,enhanced_extraction,5e183a336d20352bd8b994006317c9b8b8906deb81b1c6c331037621a9ba156c
2459,4434,修正年份,enhanced_extraction,d07666e150ab0aaf66b1c243447996f7626a76927c3a7d810239eb50c1b8a17f
1181,43,类型,enhanced_extraction,a791419dfc30ac660cbfe6e275f814dcef5d2359df7c514a0241d04691faaf52
164,12,行驶主体,enhanced_extraction,9fcd50ef6c37ec2a882cdf5adf47409ae6aeaac6aa25961dec6dadc9fbba73d8
11,12,是,enhanced_extraction,4bb51718453a67d9015b846c6a68662b97572c0a9269a7df9df55bbbce96ae63
621,471,依法追究,enhanced_extraction,ec2202b39711de7a45546076c387ad3c33bc0f9d0e8e75618025e3bf0771d514
220,122,类型,enhanced_extraction,ddd43b42b4429e1c8753259e67864f412dcf75e1a32655082ac7d10ea54ab3c4
13,112,包括,enhanced_extraction,c1c571fb1d8601d6e86edffe190ed143e8edabbf9d70d060c2b755ec7778c1a5
112,9,承办机构,enhanced_extraction,8c5141659c6f1ee72a6318e02df92ddfe59b9b1688527026bd5d1ccd13b7ea53
102,110,是,enhanced_extraction,931625c0f64df1f58f0f84dd2d22143b4df6e9a2d1d3b0507bc6a629951f6e38
13,14,是,enhanced_extraction,bfbeedc7e6daf4f851060b875d14b5b7c1dab5b695356d4176fd018de0894ae2
9,12,涉及,enhanced_extraction,5248c9d3ca7ecbe057c9b7f8e4427fdc46140ce6caae924a22f2b15012daad62
519,41,类型,enhanced_extraction,138eaf9ad790710c5c54240420eea8f31471c432b9d7defaf0b2502799b2587a
112,9,承办机构,enhanced_extraction,8c5141659c6f1ee72a6318e02df92ddfe59b9b1688527026bd5d1ccd13b7ea53
220,12,承办机构,enhanced_extraction,d6dd83fe48b58aecde65a1553db5e9368a2092ae2cc2050a62981de65361d57c
220,12,承办机构,enhanced_extraction,d6dd83fe48b58aecde65a1553db5e9368a2092ae2cc2050a62981de65361d57c
9,12,类型,enhanced_extraction,a0f990011f89318094029eddd7fc8433047738098f60167fd996d5cd597fc45b
102,541,是,enhanced_extraction,c10c86adf4607cf1691d0bd045c623cbb274db26b95b6342e54f6bd9502352bf
541,96,类型,enhanced_extraction,d2585091f7495a19e7cfa78aae7706c7cdd4be5765fee9398808dbdea0d16627
9,3197,类型,enhanced_extraction,b11584cac725fbf93c25c206269c20c1900c88a2f398b9edd86ab173264d267c
14,122,类型,enhanced_extraction,d3d91c90b4b9122a9fcfca5f480e3cc5e9e5c6b142a143300638dc6e6b4471d4
13,14,是,enhanced_extraction,bfbeedc7e6daf4f851060b875d14b5b7c1dab5b695356d4176fd018de0894ae2
46,47,类型,enhanced_extraction,55296e59fd1e2d18477feb73925b75241f2764e44872d8738a11ce406b8f9fe9
11,12,是,enhanced_extraction,4bb51718453a67d9015b846c6a68662b97572c0a9269a7df9df55bbbce96ae63
220,12,承办机构,enhanced_extraction,d6dd83fe48b58aecde65a1553db5e9368a2092ae2cc2050a62981de65361d57c
11,12,是,enhanced_extraction,4bb51718453a67d9015b846c6a68662b97572c0a9269a7df9df55bbbce96ae63
9,12,涉及,enhanced_extraction,5248c9d3ca7ecbe057c9b7f8e4427fdc46140ce6caae924a22f2b15012daad62
11,12,类型,enhanced_extraction,6eb99ba2cff423e2571ef8f318749216e856ec529f754e4116cb373c00ca8cc4
849,1582,报请,enhanced_extraction,abb223a973f859cd7fd912630f8cb8040a5d65212631a1e7f323c68705b2ebbd
102,110,是,enhanced_extraction,931625c0f64df1f58f0f84dd2d22143b4df6e9a2d1d3b0507bc6a629951f6e38
9,382,类型,enhanced_extraction,4cfb3db1b2e67bf8b438df39105b31616b659cf569445ffadf95f4ce4ab87e94
9,12,类型,enhanced_extraction,a0f990011f89318094029eddd7fc8433047738098f60167fd996d5cd597fc45b
11,12,是,enhanced_extraction,4bb51718453a67d9015b846c6a68662b97572c0a9269a7df9df55bbbce96ae63
11,12,是,enhanced_extraction,4bb51718453a67d9015b846c6a68662b97572c0a9269a7df9df55bbbce96ae63
9,12,类型,enhanced_extraction,a0f990011f89318094029eddd7fc8433047738098f60167fd996d5cd597fc45b
11,12,是,enhanced_extraction,4bb51718453a67d9015b846c6a68662b97572c0a9269a7df9df55bbbce96ae63
4082,12,行使,enhanced_extraction,4622ddcb3f95c44f667a4e504c6392b68de1da64034f361d01ff7536a468694c
102,1,是,enhanced_extraction,e7673144fe059008120004a15b8b74a285f82c6ab41977014fcf98bd828f26e9
30,12,行使主体,enhanced_extraction,1e7200094dd34c790193171ddcf0ebf515cdc55593921a196744b29e5fa0a671
159,12,承办机构,enhanced_extraction,6aff489ab10dbf8c13027d23db776f9011bc8513954287f449cc26e5f34714f1
13,111,是,enhanced_extraction,e92990fdba5592a3b6fcc22d9ea34b712eeb46b1805330cd6168afde79c38daa
11,12,是,enhanced_extraction,4bb51718453a67d9015b846c6a68662b97572c0a9269a7df9df55bbbce96ae63
13,112,包括,enhanced_extraction,c1c571fb1d8601d6e86edffe190ed143e8edabbf9d70d060c2b755ec7778c1a5
111,122,类型,enhanced_extraction,1fce63ef8ed73f0b4875f31534b84a9bb554322448dacfa61a5a706ff84d0c65
13,69,是,enhanced_extraction,b36100edef6126a3253cd6d3c8436b60d913028144208e6d85d8fb7e9929ef09
102,197,是,enhanced_extraction,b735436bf437d7c3115e2a60bf188709221fd86fd0d803164c90ca2bb0ee33dc
11,12,包含,enhanced_extraction,c7108b0e6d2e3863b970d616b39759a19070792922effbf8d19d227196f88034
11,383,类型,enhanced_extraction,eb32e2ff01a2a217bce44e202d150b4b0d98df76bb019edc27e4aca0d14ab46c
11,79,是,enhanced_extraction,7fc479b7c7f1a5e9a2ccc9b68850e59cde0b8d6838f1979d7b68f16db2615cd8
164,9,行驶主体,enhanced_extraction,09c09f8f1d385d8baf4b8e1ba70ac0aaa1f904b1cc805b077741b95d4cd92bba
11,79,是,enhanced_extraction,7fc479b7c7f1a5e9a2ccc9b68850e59cde0b8d6838f1979d7b68f16db2615cd8
112,9,承办机构,enhanced_extraction,8c5141659c6f1ee72a6318e02df92ddfe59b9b1688527026bd5d1ccd13b7ea53
9,12,涉及,enhanced_extraction,5248c9d3ca7ecbe057c9b7f8e4427fdc46140ce6caae924a22f2b15012daad62
306,43,类型,enhanced_extraction,7f4e1c0c67772c0e37e51fb0c2fdaf727d34e3b51a4c9444277731583d63e261
220,12,承办机构,enhanced_extraction,d6dd83fe48b58aecde65a1553db5e9368a2092ae2cc2050a62981de65361d57c
9,12,类型,enhanced_extraction,a0f990011f89318094029eddd7fc8433047738098f60167fd996d5cd597fc45b
518,235,类型,enhanced_extraction,9660201625f3c7049d9b6789802c41aebd939cbe044d635a299a92a4ac0c24f8
12,11,是,enhanced_extraction,54710bbec3ca077fe79c80e1e95ea28a843633289f5bc6efe6abea14f6118623
102,80,是,enhanced_extraction,79e8d5b7618f13b08ba6bbab2160ead94042b778e9a4a7619d5ff0e34b6e7ca5
11,12,包含,enhanced_extraction,c7108b0e6d2e3863b970d616b39759a19070792922effbf8d19d227196f88034
81,96,类型,enhanced_extraction,fab8854d08f6acc48883a6d54797292986ffa257e04f76f79d69b629b5136613
11,12,类型,enhanced_extraction,6eb99ba2cff423e2571ef8f318749216e856ec529f754e4116cb373c00ca8cc4
197,12,行使主体,enhanced_extraction,6fde912d0d7e947fe317a68a7499e27967ccde85ee8962d9603dd6668595927f
13,220,是,enhanced_extraction,90ed47a36b9c110511bb7444407ba8eea08c427edcf2fff05f0ff0d6fe893c08
9,12,类型,enhanced_extraction,a0f990011f89318094029eddd7fc8433047738098f60167fd996d5cd597fc45b
197,12,行使主体,enhanced_extraction,6fde912d0d7e947fe317a68a7499e27967ccde85ee8962d9603dd6668595927f
9,3192,包括,enhanced_extraction,1fe9acfc7cfb0b108517cdd887670ed1af03332e7e3ef35e11138cd08639be5c
11,12,类型,enhanced_extraction,6eb99ba2cff423e2571ef8f318749216e856ec529f754e4116cb373c00ca8cc4
9,12,类型,enhanced_extraction,a0f990011f89318094029eddd7fc8433047738098f60167fd996d5cd597fc45b
9,11,属于,enhanced_extraction,ad676a8ff0a6a0269b647bfc2c229efdc791e8aeeabe1893665b8156ae207238
30,159,包含,enhanced_extraction,746dad8207c11e936f9291a4d48652549063b984284c0ab2036a0471f7b9f7b4
11,12,是,enhanced_extraction,4bb51718453a67d9015b846c6a68662b97572c0a9269a7df9df55bbbce96ae63
9,12,类型,enhanced_extraction,a0f990011f89318094029eddd7fc8433047738098f60167fd996d5cd597fc45b
590,1093,类型,enhanced_extraction,a2c240784951db8c624ccf8269dd42a09fb105c8f80fc4f04897e3c9fc915626
11,12,类型,enhanced_extraction,6eb99ba2cff423e2571ef8f318749216e856ec529f754e4116cb373c00ca8cc4
13,112,是,enhanced_extraction,4022fd75f8b3ae3cd82a12e79edef19e686577bef36580e293b55d8f1a5de71b
102,30,是,enhanced_extraction,49e97e22d3d7e783a2f77af85dd754c7212b8e8b9cb9164e3d6ab83c48b52fac
102,164,是,enhanced_extraction,a80ad6ee4e5699c85935b930e4979b0e242208aeb958dbce2322b0ef11af2eb2
110,96,类型,enhanced_extraction,6195f18a7eade16713482bb3519268c7fd3a3d906a61d038dc046d2b4adb3939
102,110,是,enhanced_extraction,931625c0f64df1f58f0f84dd2d22143b4df6e9a2d1d3b0507bc6a629951f6e38
30,2,类型,enhanced_extraction,c0d1532887cdfd00b79b6bb0d2bbc73841cf049bb0da64334f00e0300014746b
164,9,行驶主体,enhanced_extraction,09c09f8f1d385d8baf4b8e1ba70ac0aaa1f904b1cc805b077741b95d4cd92bba
9,12,涉及,enhanced_extraction,5248c9d3ca7ecbe057c9b7f8e4427fdc46140ce6caae924a22f2b15012daad62
12,11,类型,enhanced_extraction,d250a3e2b5b7ceab7cccbdfff1e3b8cbdc70239998775ce9a8b2acb81f9e7784
102,197,是,enhanced_extraction,b735436bf437d7c3115e2a60bf188709221fd86fd0d803164c90ca2bb0ee33dc
11,383,类型,enhanced_extraction,eb32e2ff01a2a217bce44e202d150b4b0d98df76bb019edc27e4aca0d14ab46c
308,11,类型,enhanced_extraction,5c0eec365b00bc4e2c71443c4e9773474bf7a0e553c792628304c57dc865328e
1024,96,类型,enhanced_extraction,08713dc5e510d34da5be4de7521bd099f822853ce94213f0549fb8329b4f211a
13,112,是,enhanced_extraction,4022fd75f8b3ae3cd82a12e79edef19e686577bef36580e293b55d8f1a5de71b
1343,235,类型,enhanced_extraction,c2ed76392aa9093cd153eea1549d23dc402a02a31be829f6a28efb70acecb5e1
11,12,是,enhanced_extraction,4bb51718453a67d9015b846c6a68662b97572c0a9269a7df9df55bbbce96ae63
13,111,包括,enhanced_extraction,09c0593bd8b7420222398fb7c93ce32df70d33633b73fc4e12402155845d4bd2
112,12,承办机构,enhanced_extraction,61354e19e5a8c6aa913e2c3f2a7c2d6ab87c1edaada8be5e039519f0c19f4719
102,1095,是,enhanced_extraction,e6e9b3bf3bb384135d997cc83f35ccfb54f7249a83b87f058987f1b013b177eb
102,197,是,enhanced_extraction,b735436bf437d7c3115e2a60bf188709221fd86fd0d803164c90ca2bb0ee33dc
11,350,是,enhanced_extraction,7fa4f4b4033afd36ccb46abeecc8e5a8711fa14f70e617b795e2b335abf2616f
9,12,权力类型,enhanced_extraction,2a21d93536f75c6e5a649144635cc06abdf7efba771dbc93580f9c998bc093b7
80,96,类型,enhanced_extraction,60589a9f7239b972454c94ebe1d88b353e4c9fad16152fb4bc372a569d001482
13,159,是,enhanced_extraction,42b286c8b69b7dd60715ddb4a4b5ec24d40c79d0cdc71cf056cb2f8e8981f706
11,12,是,enhanced_extraction,4bb51718453a67d9015b846c6a68662b97572c0a9269a7df9df55bbbce96ae63
30,12,行使主体,enhanced_extraction,1e7200094dd34c790193171ddcf0ebf515cdc55593921a196744b29e5fa0a671
11,218,是,enhanced_extraction,885d1711b265018c6b5869a35a061431728560bad04aaf3db12f272a809d4bff
9,382,类型,enhanced_extraction,4cfb3db1b2e67bf8b438df39105b31616b659cf569445ffadf95f4ce4ab87e94
13,1066,是,enhanced_extraction,54468904af4383bbb95e7ab4f90f2dd28e0a775208a97b66200c3ad51c35619a
164,9,行驶主体,enhanced_extraction,09c09f8f1d385d8baf4b8e1ba70ac0aaa1f904b1cc805b077741b95d4cd92bba
102,30,是,enhanced_extraction,49e97e22d3d7e783a2f77af85dd754c7212b8e8b9cb9164e3d6ab83c48b52fac
9,210,类型,enhanced_extraction,f474ff0499a08790d60a07797619e6890a07d8384c0077143cc80cfd45f47cb1
102,30,是,enhanced_extraction,49e97e22d3d7e783a2f77af85dd754c7212b8e8b9cb9164e3d6ab83c48b52fac
30,12,行使主体,enhanced_extraction,1e7200094dd34c790193171ddcf0ebf515cdc55593921a196744b29e5fa0a671
164,9,行使主体,enhanced_extraction,786ebd4ad9d4f9a7110adcce82b6fb31da86f193f9b2bcb48bcb6c3affd2526c
1181,43,类型,enhanced_extraction,a791419dfc30ac660cbfe6e275f814dcef5d2359df7c514a0241d04691faaf52
387,12,类型,enhanced_extraction,1afc5e66d361957615d7b2f1895d09969e0e771d7e317b93d6b1a5721201545d
12,11,类型,enhanced_extraction,d250a3e2b5b7ceab7cccbdfff1e3b8cbdc70239998775ce9a8b2acb81f9e7784
110,96,类型,enhanced_extraction,6195f18a7eade16713482bb3519268c7fd3a3d906a61d038dc046d2b4adb3939
11,12,是,enhanced_extraction,4bb51718453a67d9015b846c6a68662b97572c0a9269a7df9df55bbbce96ae63
13,4,包括,enhanced_extraction,1b80b5aded1ac6f67e90b1f4e41cb3f4edc0e23a9f04abcd0c5af335651153d7
164,96,类型,enhanced_extraction,cee014ad6e4a569563c8424370d6d3ab0ae2b302dcef061273248f9442963009
12,11,类型,enhanced_extraction,d250a3e2b5b7ceab7cccbdfff1e3b8cbdc70239998775ce9a8b2acb81f9e7784
219,12,行使主体,enhanced_extraction,48c9be9799eee1b308a712f26eeac8073f8cfcf02dfeb1b31345add10211760c
30,12,监管主体,enhanced_extraction,c45849cc24a886c2ab97822ea39ffd0f08dcf6dd4eef617492fa69511a5e6a57
590,96,类型,enhanced_extraction,50a304f4afa162088aff4bd3831e43cdbdfa64b65534a007bc70a9d9b000f81c
13,112,是,enhanced_extraction,4022fd75f8b3ae3cd82a12e79edef19e686577bef36580e293b55d8f1a5de71b
11,12,类型,enhanced_extraction,6eb99ba2cff423e2571ef8f318749216e856ec529f754e4116cb373c00ca8cc4
233,9,行使主体,enhanced_extraction,5e183a336d20352bd8b994006317c9b8b8906deb81b1c6c331037621a9ba156c
219,12,执行,enhanced_extraction,ae6dd7eec740aa1c35166db92b76360270d7504d462869eda3053c34bc5d962b
13,69,是,enhanced_extraction,b36100edef6126a3253cd6d3c8436b60d913028144208e6d85d8fb7e9929ef09
13,159,是,enhanced_extraction,42b286c8b69b7dd60715ddb4a4b5ec24d40c79d0cdc71cf056cb2f8e8981f706
11,12,是,enhanced_extraction,4bb51718453a67d9015b846c6a68662b97572c0a9269a7df9df55bbbce96ae63
13,41,类型,enhanced_extraction,1dfae58022fd91b047d3fda6aee6b5855c358e74bf9b6f42c46bcbd3b90b1866
30,159,包含,enhanced_extraction,746dad8207c11e936f9291a4d48652549063b984284c0ab2036a0471f7b9f7b4
102,197,是,enhanced_extraction,b735436bf437d7c3115e2a60bf188709221fd86fd0d803164c90ca2bb0ee33dc
130,9,行使主体,enhanced_extraction,e6231a3f41095456f7d0aeeb3310511e6b22e58b92d76c1d45a50385a348b706
14,12,承办机构,enhanced_extraction,b3f78f8d91a41eb1f2403baae337ba2537aa7882221cddeb31a73ca4a80babfe
9,12,类型,enhanced_extraction,a0f990011f89318094029eddd7fc8433047738098f60167fd996d5cd597fc45b
220,122,类型,enhanced_extraction,ddd43b42b4429e1c8753259e67864f412dcf75e1a32655082ac7d10ea54ab3c4
9,12,类型,enhanced_extraction,a0f990011f89318094029eddd7fc8433047738098f60167fd996d5cd597fc45b
13,111,是,enhanced_extraction,e92990fdba5592a3b6fcc22d9ea34b712eeb46b1805330cd6168afde79c38daa
111,122,类型,enhanced_extraction,1fce63ef8ed73f0b4875f31534b84a9bb554322448dacfa61a5a706ff84d0c65
12,11,类型,enhanced_extraction,d250a3e2b5b7ceab7cccbdfff1e3b8cbdc70239998775ce9a8b2acb81f9e7784
455,12,承办机构,enhanced_extraction,21b81897cf3703c711067ced1bab27e399c17d64279d3872f89c72037ddcdfd8
81,122,类型,enhanced_extraction,4ca3efb801a213d46792e31310ebb2273abfc8a192945c2034f6b386c732d5cb
11,12,是,enhanced_extraction,4bb51718453a67d9015b846c6a68662b97572c0a9269a7df9df55bbbce96ae63
102,1,是,enhanced_extraction,e7673144fe059008120004a15b8b74a285f82c6ab41977014fcf98bd828f26e9
159,122,类型,enhanced_extraction,ac95a8754b9cf555ad1f7b6963dfd724829642f155c6b04c4c82d577ec28198a
9,12,类型,enhanced_extraction,a0f990011f89318094029eddd7fc8433047738098f60167fd996d5cd597fc45b
233,96,类型,enhanced_extraction,403d8d284bb442ebedf3ec08f061bbf2ab967b37d33ba94afbf403814c3b994b
11,12,是,enhanced_extraction,4bb51718453a67d9015b846c6a68662b97572c0a9269a7df9df55bbbce96ae63
2556,11,属于,enhanced_extraction,75d9ad5b307e8a2f136fe70579060dbfd3193e3e9fa6b15c62628e5a59da841e
933,1539,主管,enhanced_extraction,da0bee5a329cd44bb97b953eda5d3b314f027bcfc5c747339ec9cc731bc75068
11,11,类型,enhanced_extraction,63c0cb89fd070cec56228a2b437fabe6a35d41178bcf0e57ad410146f146783a
11,218,是,enhanced_extraction,885d1711b265018c6b5869a35a061431728560bad04aaf3db12f272a809d4bff
12,11,类型,enhanced_extraction,d250a3e2b5b7ceab7cccbdfff1e3b8cbdc70239998775ce9a8b2acb81f9e7784
847,12,按照职责分工决定,enhanced_extraction,0bc622db7691fc8842d14174de74fbf88596bdb5f8d2f59d8708e6d3cd5ff03c
13,220,是,enhanced_extraction,90ed47a36b9c110511bb7444407ba8eea08c427edcf2fff05f0ff0d6fe893c08
9,11,属于,enhanced_extraction,ad676a8ff0a6a0269b647bfc2c229efdc791e8aeeabe1893665b8156ae207238
112,9,承办机构,enhanced_extraction,8c5141659c6f1ee72a6318e02df92ddfe59b9b1688527026bd5d1ccd13b7ea53
111,122,类型,enhanced_extraction,1fce63ef8ed73f0b4875f31534b84a9bb554322448dacfa61a5a706ff84d0c65
111,122,类型,enhanced_extraction,1fce63ef8ed73f0b4875f31534b84a9bb554322448dacfa61a5a706ff84d0c65
11,12,类型,enhanced_extraction,6eb99ba2cff423e2571ef8f318749216e856ec529f754e4116cb373c00ca8cc4
13,220,是,enhanced_extraction,90ed47a36b9c110511bb7444407ba8eea08c427edcf2fff05f0ff0d6fe893c08
102,1178,是,enhanced_extraction,033cc9758b99b8d0dda0d93e5162b7134d81287fad4be69c866ff9f9b16a7a4d
13,159,是,enhanced_extraction,42b286c8b69b7dd60715ddb4a4b5ec24d40c79d0cdc71cf056cb2f8e8981f706
30,12,行使主体,enhanced_extraction,1e7200094dd34c790193171ddcf0ebf515cdc55593921a196744b29e5fa0a671
1493,96,类型,enhanced_extraction,ca0f603a425768a2d64bc31bbd2ef94df9cf67e08bd8f2de5c28746d6a63b1db
11,12,是,enhanced_extraction,4bb51718453a67d9015b846c6a68662b97572c0a9269a7df9df55bbbce96ae63
102,197,是,enhanced_extraction,b735436bf437d7c3115e2a60bf188709221fd86fd0d803164c90ca2bb0ee33dc
590,96,类型,enhanced_extraction,50a304f4afa162088aff4bd3831e43cdbdfa64b65534a007bc70a9d9b000f81c
102,1430,是,enhanced_extraction,da7e86f2d3400bf9d7851c74d895cfd2e01264e781be4a634580131469161dfa
220,12,承办,enhanced_extraction,9c7ca49c2aa429afe321151d611cabcdaea2a6f2f1465868c03432d70df57fee
13,14,是,enhanced_extraction,bfbeedc7e6daf4f851060b875d14b5b7c1dab5b695356d4176fd018de0894ae2
111,110,隶属于,enhanced_extraction,d97ca7ed54b9fd90d7be2762bc412a9762338ffae1fade5cf04eeab806c85c07
11,37,类型,enhanced_extraction,9ae9e4deb92d4b9c3dc44e93ff244a176d6dbe4b41322b77ce74977f9750ee38
308,11,是,enhanced_extraction,648a41103d7d290e93ebf6b6fc126daccc115dee48bd4b7cc4dfbd802ca97e3e
11,37,类型,enhanced_extraction,9ae9e4deb92d4b9c3dc44e93ff244a176d6dbe4b41322b77ce74977f9750ee38
9,12,包含,enhanced_extraction,6ab100b3be1034ebc59393e0f044cc8640333a0bf7c977502390e874381695cf
30,96,类型,enhanced_extraction,67ef09263d41efc13438e970d6b90d6ddeaebf07422d9d42053516d76b0dec73
30,96,类型,enhanced_extraction,67ef09263d41efc13438e970d6b90d6ddeaebf07422d9d42053516d76b0dec73
13,1232,是,enhanced_extraction,56adb333e634e8526af05b58a4ae5bc462cf15e4af0f4e7d872e4f3394bd0b7e
110,9,行使主体,enhanced_extraction,04e6686a6ac48a1d6a9411fec475951914afa06d06fa0a9960c1d911aebee2c4
159,12,承办机构,enhanced_extraction,6aff489ab10dbf8c13027d23db776f9011bc8513954287f449cc26e5f34714f1
11,12,是,enhanced_extraction,4bb51718453a67d9015b846c6a68662b97572c0a9269a7df9df55bbbce96ae63
1,96,类型,enhanced_extraction,1b53d6d7bceb859c9994c8f868edccb566495452b198b46bc26063c03b409d3f
1,12,行驶主体,enhanced_extraction,9bfa1898e8cbf4b49fdf063494f4bb7ced48919b5dd6bb8a6105698eca8dfce6
102,219,是,enhanced_extraction,c05ba5f476772e4d6770832e3f058e0a051e972c9903ee0eb4f1b22576168aff
233,234,包含,enhanced_extraction,60f99a7d04220fa9d408be7fe273fde87c6b6d0e9c1d0cf175aea4a73afb9a59
13,159,是,enhanced_extraction,42b286c8b69b7dd60715ddb4a4b5ec24d40c79d0cdc71cf056cb2f8e8981f706
9,12,类型,enhanced_extraction,a0f990011f89318094029eddd7fc8433047738098f60167fd996d5cd597fc45b
102,110,是,enhanced_extraction,931625c0f64df1f58f0f84dd2d22143b4df6e9a2d1d3b0507bc6a629951f6e38
102,130,是,enhanced_extraction,927e2c3c89401500404e75bab06f2597a18d0881b1d81c4f2fb0034b46ecae9e
11,79,是,enhanced_extraction,7fc479b7c7f1a5e9a2ccc9b68850e59cde0b8d6838f1979d7b68f16db2615cd8
9,12,包含,enhanced_extraction,6ab100b3be1034ebc59393e0f044cc8640333a0bf7c977502390e874381695cf
102,110,是,enhanced_extraction,931625c0f64df1f58f0f84dd2d22143b4df6e9a2d1d3b0507bc6a629951f6e38
9,12,类型,enhanced_extraction,a0f990011f89318094029eddd7fc8433047738098f60167fd996d5cd597fc45b
102,1088,类型,enhanced_extraction,d476616ddad9f3e30c1d0518ad5e0ee8edd34f616971f1de723f16bf46a5b242
518,235,类型,enhanced_extraction,9660201625f3c7049d9b6789802c41aebd939cbe044d635a299a92a4ac0c24f8
9,12,涉及,enhanced_extraction,5248c9d3ca7ecbe057c9b7f8e4427fdc46140ce6caae924a22f2b15012daad62
11,79,属于,enhanced_extraction,6673e7c2d6edc4d2839337f0eb9c0a1faf3e3b53d3b1c4eb362e04c074528d43
102,130,是,enhanced_extraction,927e2c3c89401500404e75bab06f2597a18d0881b1d81c4f2fb0034b46ecae9e
9,12,包含,enhanced_extraction,6ab100b3be1034ebc59393e0f044cc8640333a0bf7c977502390e874381695cf
111,96,类型,enhanced_extraction,6c641c34d6df5a4578a6d098fdd1fab8f3d4927213fe0dc030c3d004bebc61df
164,9,行使主体,enhanced_extraction,786ebd4ad9d4f9a7110adcce82b6fb31da86f193f9b2bcb48bcb6c3affd2526c
102,110,是,enhanced_extraction,931625c0f64df1f58f0f84dd2d22143b4df6e9a2d1d3b0507bc6a629951f6e38
81,9,承办机构,enhanced_extraction,31e66bb205a4ae1df7ad99d9529ce78a8922457f5f03394c50beceab3dd4fd87
102,30,是,enhanced_extraction,49e97e22d3d7e783a2f77af85dd754c7212b8e8b9cb9164e3d6ab83c48b52fac
12,11,类型,enhanced_extraction,d250a3e2b5b7ceab7cccbdfff1e3b8cbdc70239998775ce9a8b2acb81f9e7784
219,12,执行,enhanced_extraction,ae6dd7eec740aa1c35166db92b76360270d7504d462869eda3053c34bc5d962b
1181,1178,隶属于,enhanced_extraction,41e5b0f3ffd5f2ab3987bd111769a6c8813a8f78e5c957a688b521a958b3af67
219,12,行使主体,enhanced_extraction,48c9be9799eee1b308a712f26eeac8073f8cfcf02dfeb1b31345add10211760c
11,79,是,enhanced_extraction,7fc479b7c7f1a5e9a2ccc9b68850e59cde0b8d6838f1979d7b68f16db2615cd8
2043,1293,类型,enhanced_extraction,f41abf2ac1e345da1c73a1a6480e1307717ab7dde86dd16b749b2a4f34e43834
12,11,类型,enhanced_extraction,d250a3e2b5b7ceab7cccbdfff1e3b8cbdc70239998775ce9a8b2acb81f9e7784
518,519,执行机构,enhanced_extraction,6e3cd542f47b7cc2ac67f706ca55b45b445bc159b0a52d3498aa84a403c0de75
30,96,类型,enhanced_extraction,67ef09263d41efc13438e970d6b90d6ddeaebf07422d9d42053516d76b0dec73
9,12,类型,enhanced_extraction,a0f990011f89318094029eddd7fc8433047738098f60167fd996d5cd597fc45b
9,12,类型,enhanced_extraction,a0f990011f89318094029eddd7fc8433047738098f60167fd996d5cd597fc45b
12,11,类型,enhanced_extraction,d250a3e2b5b7ceab7cccbdfff1e3b8cbdc70239998775ce9a8b2acb81f9e7784
112,9,承办机构,enhanced_extraction,8c5141659c6f1ee72a6318e02df92ddfe59b9b1688527026bd5d1ccd13b7ea53
13,112,包括,enhanced_extraction,c1c571fb1d8601d6e86edffe190ed143e8edabbf9d70d060c2b755ec7778c1a5
219,220,上级机构,enhanced_extraction,ca366247e647c60ece9d986ed045c6fa007912b803069bea031bd49929eebe3f
420,421,包含,enhanced_extraction,26803defb2815b1781be25b3c447868204da4ebb459afeff90137ba37f95b277
219,12,行使主体,enhanced_extraction,48c9be9799eee1b308a712f26eeac8073f8cfcf02dfeb1b31345add10211760c
54,96,类型,enhanced_extraction,700a62739c603330fad1f06488dd2cf7d267b48ec4e9b119ab2c60183e939f38
13,519,是,enhanced_extraction,bb4ae818fa4f7383d140872148177d756707f6e9095b2adffdfdf922b4e7a6d2
9,12,涉及,enhanced_extraction,5248c9d3ca7ecbe057c9b7f8e4427fdc46140ce6caae924a22f2b15012daad62
159,12,承办机构,enhanced_extraction,6aff489ab10dbf8c13027d23db776f9011bc8513954287f449cc26e5f34714f1
9,12,涉及,enhanced_extraction,5248c9d3ca7ecbe057c9b7f8e4427fdc46140ce6caae924a22f2b15012daad62
1327,96,类型,enhanced_extraction,ff2301c19bb7b94da9333bd6f4833ddd88671df01df13ca01415d21a7dbb024f
9,657,类型,enhanced_extraction,aed744219f33b90451b684dfae62ca58b5fa1fc78a11a97aaece2dd060cb39c6
102,110,是,enhanced_extraction,931625c0f64df1f58f0f84dd2d22143b4df6e9a2d1d3b0507bc6a629951f6e38
159,12,承办机构,enhanced_extraction,6aff489ab10dbf8c13027d23db776f9011bc8513954287f449cc26e5f34714f1
590,96,类型,enhanced_extraction,50a304f4afa162088aff4bd3831e43cdbdfa64b65534a007bc70a9d9b000f81c
9,382,类型,enhanced_extraction,4cfb3db1b2e67bf8b438df39105b31616b659cf569445ffadf95f4ce4ab87e94
12,11,类型,enhanced_extraction,d250a3e2b5b7ceab7cccbdfff1e3b8cbdc70239998775ce9a8b2acb81f9e7784
11,12,是,enhanced_extraction,4bb51718453a67d9015b846c6a68662b97572c0a9269a7df9df55bbbce96ae63
1493,96,类型,enhanced_extraction,ca0f603a425768a2d64bc31bbd2ef94df9cf67e08bd8f2de5c28746d6a63b1db
11,12,是,enhanced_extraction,4bb51718453a67d9015b846c6a68662b97572c0a9269a7df9df55bbbce96ae63
233,96,类型,enhanced_extraction,403d8d284bb442ebedf3ec08f061bbf2ab967b37d33ba94afbf403814c3b994b
102,110,是,enhanced_extraction,931625c0f64df1f58f0f84dd2d22143b4df6e9a2d1d3b0507bc6a629951f6e38
518,12,行使主体,enhanced_extraction,2ba35e8b565b7971ada29b084e323fbfddf99769575080927fac14c157526308
11,79,是,enhanced_extraction,7fc479b7c7f1a5e9a2ccc9b68850e59cde0b8d6838f1979d7b68f16db2615cd8
9,12,类型,enhanced_extraction,a0f990011f89318094029eddd7fc8433047738098f60167fd996d5cd597fc45b
308,11,属于,enhanced_extraction,90a28b0ff8edc5a7791549ca7de9125e1de7b79b577b744daf1b4c5c9a804d83
11,12,包含,enhanced_extraction,c7108b0e6d2e3863b970d616b39759a19070792922effbf8d19d227196f88034
11,12,类型,enhanced_extraction,6eb99ba2cff423e2571ef8f318749216e856ec529f754e4116cb373c00ca8cc4
519,12,承办,enhanced_extraction,11ae804c3f32ad3e9dcd323a18f6852400381f3579af1bf8d33f5909887f1812
102,219,是,enhanced_extraction,c05ba5f476772e4d6770832e3f058e0a051e972c9903ee0eb4f1b22576168aff
518,12,行使主体,enhanced_extraction,2ba35e8b565b7971ada29b084e323fbfddf99769575080927fac14c157526308
590,1093,类型,enhanced_extraction,a2c240784951db8c624ccf8269dd42a09fb105c8f80fc4f04897e3c9fc915626
11,308,是,enhanced_extraction,ecb06d577a5f273c2f13422e7f79961966e4fb437e16acc1fb731831344bc4db
30,96,是,enhanced_extraction,9cab342eb2a6d8a73056051f03f183ca66ad94ef26001c8b4d8966d6f5bf55a4
11,12,是,enhanced_extraction,4bb51718453a67d9015b846c6a68662b97572c0a9269a7df9df55bbbce96ae63
54,96,类型,enhanced_extraction,700a62739c603330fad1f06488dd2cf7d267b48ec4e9b119ab2c60183e939f38
102,96,类型,enhanced_extraction,3ae3aeb0c9938fc9352289b17986b74d2af21dddb657fa0b815d164c1bf8fa49
9,382,类型,enhanced_extraction,4cfb3db1b2e67bf8b438df39105b31616b659cf569445ffadf95f4ce4ab87e94
230,45,类型,enhanced_extraction,2d06f0420c9321c7867d63dfc89791fed6289632631c065d7454058422464131
590,96,类型,enhanced_extraction,50a304f4afa162088aff4bd3831e43cdbdfa64b65534a007bc70a9d9b000f81c
12,11,类型,enhanced_extraction,d250a3e2b5b7ceab7cccbdfff1e3b8cbdc70239998775ce9a8b2acb81f9e7784
9,12,类型,enhanced_extraction,a0f990011f89318094029eddd7fc8433047738098f60167fd996d5cd597fc45b
11,218,是,enhanced_extraction,885d1711b265018c6b5869a35a061431728560bad04aaf3db12f272a809d4bff
110,12,行使,enhanced_extraction,4d5906559edf6c5dac36947e742e595aca46c1d7783b9fc8b1510c07b9223a1f
102,590,是,enhanced_extraction,af8450272caa216288b50d8943d597639c2353f39db848cf16ccd0ab8ea4aa9d
11,12,是,enhanced_extraction,4bb51718453a67d9015b846c6a68662b97572c0a9269a7df9df55bbbce96ae63
11,218,类型,enhanced_extraction,d0808af55fc2f12f46b4a8d32282fee95174164d496ae62daea0c7ee682b5571
827,12,行使主体,enhanced_extraction,99cf731628411acfd1f8b81fa5f7bf94b63a2ab0ee1e2851aac7c5c450f2f302
519,41,类型,enhanced_extraction,138eaf9ad790710c5c54240420eea8f31471c432b9d7defaf0b2502799b2587a
13,159,是,enhanced_extraction,42b286c8b69b7dd60715ddb4a4b5ec24d40c79d0cdc71cf056cb2f8e8981f706
219,12,行使主体,enhanced_extraction,48c9be9799eee1b308a712f26eeac8073f8cfcf02dfeb1b31345add10211760c
1178,96,类型,enhanced_extraction,82a820e9e9351463ef12782f6eb3201635e8d2b5848fb6002526433540c1dfe3
316,96,类型,enhanced_extraction,ed5d9866486bddacca0c511fb295f3c277e00b56d7add0ade4202d53cbfdef4b
1236,96,类型,enhanced_extraction,e9b88ee93ffce8649821bc36e1ce7d874579f859642c91c8a8179e4ee1b46b03
219,2,类型,enhanced_extraction,f06453bacaa48099a118b546931a1fef0ab287a8b69aea311d03e2fe23de6119
11,12,是,enhanced_extraction,4bb51718453a67d9015b846c6a68662b97572c0a9269a7df9df55bbbce96ae63
842,767,拒不执行,enhanced_extraction,2dfd959d5d038165197c1b41a691e49ff594771360a86019356ee8fdbc116a06
197,9,行使主体,enhanced_extraction,05415d8de4c2359f2a06f426ff7597fcb15c0295ab8eb90f21d9fe7c0342becf
13,216,是,enhanced_extraction,91e753dce0198db04daa7f5f334aca5b0a3a46d2b2189534d4db84ea31fe04f6
219,96,类型,enhanced_extraction,501d98fd934829def13421070a3527c368142d959d3066786d506a91cfa7e243
230,9,实施依据,enhanced_extraction,d4e914ae7cbf1423f1d90ce28d32c22a088f6c49e05a84e14b658a419fe667c3
9,24,处罚措施,enhanced_extraction,1f08ec4539c37c900a736442be9bd237b38b30160d2f066e0f3776e8491789ba
13,519,是,enhanced_extraction,bb4ae818fa4f7383d140872148177d756707f6e9095b2adffdfdf922b4e7a6d2
216,122,类型,enhanced_extraction,1b9538bee24e1c7d07ab1e65d582f3b36814f850eefe1590ebd68a5ecd34ac54
233,96,类型,enhanced_extraction,403d8d284bb442ebedf3ec08f061bbf2ab967b37d33ba94afbf403814c3b994b
219,12,行使主体,enhanced_extraction,48c9be9799eee1b308a712f26eeac8073f8cfcf02dfeb1b31345add10211760c
11,218,是,enhanced_extraction,885d1711b265018c6b5869a35a061431728560bad04aaf3db12f272a809d4bff
102,12,执行,enhanced_extraction,c7bf5beb6e47a162b370413c51f3c9914752537b96c6b25bfca17d954a97a117
9,12,类型,enhanced_extraction,a0f990011f89318094029eddd7fc8433047738098f60167fd996d5cd597fc45b
9,12,涉及,enhanced_extraction,5248c9d3ca7ecbe057c9b7f8e4427fdc46140ce6caae924a22f2b15012daad62
9,11,涉及,enhanced_extraction,7ae8447ac1e5647a8aa3baf7ec0bc973368bd067785b622cc60f265c86e357f5
11,12,是,enhanced_extraction,4bb51718453a67d9015b846c6a68662b97572c0a9269a7df9df55bbbce96ae63
13,4,包括,enhanced_extraction,1b80b5aded1ac6f67e90b1f4e41cb3f4edc0e23a9f04abcd0c5af335651153d7
112,122,类型,enhanced_extraction,7ae865bfc46cdf8d9a898f26fcc7f9f2bde7ef11aca8f3054fe0623692e5b7f3
9,12,类型,enhanced_extraction,a0f990011f89318094029eddd7fc8433047738098f60167fd996d5cd597fc45b
102,30,是,enhanced_extraction,49e97e22d3d7e783a2f77af85dd754c7212b8e8b9cb9164e3d6ab83c48b52fac
9,769,类型,enhanced_extraction,abda8e473523dc707640f41c3f1086e1f77e60b9b1ed70ceb6717a572a2c668b
220,12,承办,enhanced_extraction,9c7ca49c2aa429afe321151d611cabcdaea2a6f2f1465868c03432d70df57fee
233,308,行使,enhanced_extraction,32f2a3ad9d4d7d57bc73b1db8cf4acaffaadcbc5e6eb43832f58c28cd00f92c7
420,9,行使主体,enhanced_extraction,d1c8102a620a970f75e707fa3c90318e46955cd57adbfd39531f96b8df0b3fff
102,130,是,enhanced_extraction,927e2c3c89401500404e75bab06f2597a18d0881b1d81c4f2fb0034b46ecae9e
233,96,类型,enhanced_extraction,403d8d284bb442ebedf3ec08f061bbf2ab967b37d33ba94afbf403814c3b994b
233,1493,包含,enhanced_extraction,a4a86ef03a03eb669dbe97b3ef85c2ddc412f17024400e945b53fcb020802cb5
110,96,类型,enhanced_extraction,6195f18a7eade16713482bb3519268c7fd3a3d906a61d038dc046d2b4adb3939
102,1,是,enhanced_extraction,e7673144fe059008120004a15b8b74a285f82c6ab41977014fcf98bd828f26e9
9,769,类型,enhanced_extraction,abda8e473523dc707640f41c3f1086e1f77e60b9b1ed70ceb6717a572a2c668b
230,45,类型,enhanced_extraction,2d06f0420c9321c7867d63dfc89791fed6289632631c065d7454058422464131
9,11,属于,enhanced_extraction,ad676a8ff0a6a0269b647bfc2c229efdc791e8aeeabe1893665b8156ae207238
11,12,是,enhanced_extraction,4bb51718453a67d9015b846c6a68662b97572c0a9269a7df9df55bbbce96ae63
102,130,是,enhanced_extraction,927e2c3c89401500404e75bab06f2597a18d0881b1d81c4f2fb0034b46ecae9e
102,590,是,enhanced_extraction,af8450272caa216288b50d8943d597639c2353f39db848cf16ccd0ab8ea4aa9d
11,12,是,enhanced_extraction,4bb51718453a67d9015b846c6a68662b97572c0a9269a7df9df55bbbce96ae63
102,110,是,enhanced_extraction,931625c0f64df1f58f0f84dd2d22143b4df6e9a2d1d3b0507bc6a629951f6e38
13,519,是,enhanced_extraction,bb4ae818fa4f7383d140872148177d756707f6e9095b2adffdfdf922b4e7a6d2
110,9,行使主体,enhanced_extraction,04e6686a6ac48a1d6a9411fec475951914afa06d06fa0a9960c1d911aebee2c4
12,11,属于,enhanced_extraction,1c070514f019fc07536ffe381f9b1714c0fa030181e73dc73366c74ecb5406e1
11,12,是,enhanced_extraction,4bb51718453a67d9015b846c6a68662b97572c0a9269a7df9df55bbbce96ae63
11,12,是,enhanced_extraction,4bb51718453a67d9015b846c6a68662b97572c0a9269a7df9df55bbbce96ae63
11,218,是,enhanced_extraction,885d1711b265018c6b5869a35a061431728560bad04aaf3db12f272a809d4bff
11,12,是,enhanced_extraction,4bb51718453a67d9015b846c6a68662b97572c0a9269a7df9df55bbbce96ae63
80,96,类型,enhanced_extraction,60589a9f7239b972454c94ebe1d88b353e4c9fad16152fb4bc372a569d001482
12,11,属于,enhanced_extraction,1c070514f019fc07536ffe381f9b1714c0fa030181e73dc73366c74ecb5406e1
219,96,类型,enhanced_extraction,501d98fd934829def13421070a3527c368142d959d3066786d506a91cfa7e243
13,111,是,enhanced_extraction,e92990fdba5592a3b6fcc22d9ea34b712eeb46b1805330cd6168afde79c38daa
164,96,类型,enhanced_extraction,cee014ad6e4a569563c8424370d6d3ab0ae2b302dcef061273248f9442963009
13,220,是,enhanced_extraction,90ed47a36b9c110511bb7444407ba8eea08c427edcf2fff05f0ff0d6fe893c08
11,826,类型,enhanced_extraction,4bf83b19e7d96fc3c623f7da6298856b709c2ac414cc0afd10e92114bae2cbe1
692,1,隶属于,enhanced_extraction,06cf4972766cfacde290499f3e99095839d0dde74d22f8a85c0a21a248a5920d
219,12,行使主体,enhanced_extraction,48c9be9799eee1b308a712f26eeac8073f8cfcf02dfeb1b31345add10211760c
30,12,行使主体,enhanced_extraction,1e7200094dd34c790193171ddcf0ebf515cdc55593921a196744b29e5fa0a671
11,12,类型,enhanced_extraction,6eb99ba2cff423e2571ef8f318749216e856ec529f754e4116cb373c00ca8cc4
30,9,行使主体,enhanced_extraction,e5c3d2ac83f2327f2610e99efd5375f04df010240d8cb35905e011c0fb5f6a2a
11,12,是,enhanced_extraction,4bb51718453a67d9015b846c6a68662b97572c0a9269a7df9df55bbbce96ae63
11,12,是,enhanced_extraction,4bb51718453a67d9015b846c6a68662b97572c0a9269a7df9df55bbbce96ae63
102,12,执行,enhanced_extraction,c7bf5beb6e47a162b370413c51f3c9914752537b96c6b25bfca17d954a97a117
9,12,类型,enhanced_extraction,a0f990011f89318094029eddd7fc8433047738098f60167fd996d5cd597fc45b
9,12,权力类型,enhanced_extraction,2a21d93536f75c6e5a649144635cc06abdf7efba771dbc93580f9c998bc093b7
9,12,涉及,enhanced_extraction,5248c9d3ca7ecbe057c9b7f8e4427fdc46140ce6caae924a22f2b15012daad62
102,14,包含,enhanced_extraction,8cd55de0dbbd541c574ff9b70c9bd1200bd3accb96472715fc5f5d4c436ba32f
1181,1178,隶属于,enhanced_extraction,41e5b0f3ffd5f2ab3987bd111769a6c8813a8f78e5c957a688b521a958b3af67
11,826,类型,enhanced_extraction,4bf83b19e7d96fc3c623f7da6298856b709c2ac414cc0afd10e92114bae2cbe1
164,9,行使主体,enhanced_extraction,786ebd4ad9d4f9a7110adcce82b6fb31da86f193f9b2bcb48bcb6c3affd2526c
30,96,类型,enhanced_extraction,67ef09263d41efc13438e970d6b90d6ddeaebf07422d9d42053516d76b0dec73
159,12,承办机构,enhanced_extraction,6aff489ab10dbf8c13027d23db776f9011bc8513954287f449cc26e5f34714f1
102,1270,是,enhanced_extraction,fdfd0ff630b6c0a73c9cdea2b8c74c8fe3c2acb27ef69875181df04bd78e912c
9,12,类型,enhanced_extraction,a0f990011f89318094029eddd7fc8433047738098f60167fd996d5cd597fc45b
221,1447,发布,enhanced_extraction,a69d5f5194d0eec808856cc253b330a024c6c824bbb25203606e78a98de193e4
11,350,是,enhanced_extraction,7fa4f4b4033afd36ccb46abeecc8e5a8711fa14f70e617b795e2b335abf2616f
220,122,类型,enhanced_extraction,ddd43b42b4429e1c8753259e67864f412dcf75e1a32655082ac7d10ea54ab3c4
219,96,类型,enhanced_extraction,501d98fd934829def13421070a3527c368142d959d3066786d506a91cfa7e243
233,96,类型,enhanced_extraction,403d8d284bb442ebedf3ec08f061bbf2ab967b37d33ba94afbf403814c3b994b
11,12,类型,enhanced_extraction,6eb99ba2cff423e2571ef8f318749216e856ec529f754e4116cb373c00ca8cc4
102,244,类型,enhanced_extraction,c1f148e2c50c3ca6ce275d098fbf24f8a7a7501be26a076c7b6d3ddb787503b0
5925,5931,发布日期,enhanced_extraction,8cb3ee33df2c5fffcffc9ab590dc2db1e1640ffa88bfe981a767cb8328fcab4f
11,79,是,enhanced_extraction,7fc479b7c7f1a5e9a2ccc9b68850e59cde0b8d6838f1979d7b68f16db2615cd8
1,96,类型,enhanced_extraction,1b53d6d7bceb859c9994c8f868edccb566495452b198b46bc26063c03b409d3f
11,308,是,enhanced_extraction,ecb06d577a5f273c2f13422e7f79961966e4fb437e16acc1fb731831344bc4db
518,12,行使主体,enhanced_extraction,2ba35e8b565b7971ada29b084e323fbfddf99769575080927fac14c157526308
9,12,涉及,enhanced_extraction,5248c9d3ca7ecbe057c9b7f8e4427fdc46140ce6caae924a22f2b15012daad62
9,12,包含,enhanced_extraction,6ab100b3be1034ebc59393e0f044cc8640333a0bf7c977502390e874381695cf
9,218,类型,enhanced_extraction,5dd1af7d378b9eab6e09d8911fa854df6bbf1dd703704e3f59fe0b2a1f8abc5f
11,350,是,enhanced_extraction,7fa4f4b4033afd36ccb46abeecc8e5a8711fa14f70e617b795e2b335abf2616f
12,11,涉及,enhanced_extraction,f2b2177b79d0c5838a1dfdb2e8d03b036b9f4c03da52a25ccd06da5df955a86d
146,8217,采取,enhanced_extraction,8c591935139ecf2b0af4f45fa599145fc33843046ad194faf91e418c2099c71d
5925,9,实施依据,enhanced_extraction,72b7efe2422b187172a6d514496bbd8dad2dd4a5906c8a9bcf45c2d013c02f0f
13,14,是,enhanced_extraction,bfbeedc7e6daf4f851060b875d14b5b7c1dab5b695356d4176fd018de0894ae2
9,5166,依据,enhanced_extraction,1b63e33585e1be87f9d6e7a3609661cbe9b5a205d73927e8881bf1f5be33b86d
1921,12,行驶主体,enhanced_extraction,bd399977dcbe1f1f58badd391fd5c57528be1611d67b2592379bb2a769d953ed
102,80,是,enhanced_extraction,79e8d5b7618f13b08ba6bbab2160ead94042b778e9a4a7619d5ff0e34b6e7ca5
233,9,行使主体,enhanced_extraction,5e183a336d20352bd8b994006317c9b8b8906deb81b1c6c331037621a9ba156c
9,382,类型,enhanced_extraction,4cfb3db1b2e67bf8b438df39105b31616b659cf569445ffadf95f4ce4ab87e94
102,164,是,enhanced_extraction,a80ad6ee4e5699c85935b930e4979b0e242208aeb958dbce2322b0ef11af2eb2
102,110,是,enhanced_extraction,931625c0f64df1f58f0f84dd2d22143b4df6e9a2d1d3b0507bc6a629951f6e38
102,617,是,enhanced_extraction,9e86035caa5a629fa345d5f7a9cba435e3f868815a4ede6dd36551666ef71d8e
1343,9,行使主体,enhanced_extraction,ea4813b06064aca6e72fb2eba2d916a73d5070d2549bc6d8d7fbbf5a5b23dd13
30,96,类型,enhanced_extraction,67ef09263d41efc13438e970d6b90d6ddeaebf07422d9d42053516d76b0dec73
11,12,类型,enhanced_extraction,6eb99ba2cff423e2571ef8f318749216e856ec529f754e4116cb373c00ca8cc4
1044,462,给予,enhanced_extraction,4010390c5f26d1835cb9747a6540b906a1d8e075fb21c860385bcab60284d31d
933,1539,主管,enhanced_extraction,da0bee5a329cd44bb97b953eda5d3b314f027bcfc5c747339ec9cc731bc75068
30,12,行使,enhanced_extraction,e32ba06d18071d6a8384351a3a10393f6606ad032542fde73f276d5e7e5dca46
11,12,类型,enhanced_extraction,6eb99ba2cff423e2571ef8f318749216e856ec529f754e4116cb373c00ca8cc4
11,12,类型,enhanced_extraction,6eb99ba2cff423e2571ef8f318749216e856ec529f754e4116cb373c00ca8cc4
9,242,类型,enhanced_extraction,7c4db01f0639d9a2c1b3cb8eabf326c97aa2c3bc45933927e8f3e398c9317e43
11,218,是,enhanced_extraction,885d1711b265018c6b5869a35a061431728560bad04aaf3db12f272a809d4bff
102,630,是,enhanced_extraction,c1c8a26c66f52ac0b8154deff231b378003b0afd788f0fae9480ad6ff66bb5eb
102,80,是,enhanced_extraction,79e8d5b7618f13b08ba6bbab2160ead94042b778e9a4a7619d5ff0e34b6e7ca5
11,12,是,enhanced_extraction,4bb51718453a67d9015b846c6a68662b97572c0a9269a7df9df55bbbce96ae63
191,9,承办机构,enhanced_extraction,35478bcc6284f967fe36dd11de1ab8079c660fa574e588fd5ca54e5c324a77e1
102,219,是,enhanced_extraction,c05ba5f476772e4d6770832e3f058e0a051e972c9903ee0eb4f1b22576168aff
112,122,类型,enhanced_extraction,7ae865bfc46cdf8d9a898f26fcc7f9f2bde7ef11aca8f3054fe0623692e5b7f3
985,43,类型,enhanced_extraction,b24e9737b695bad4597f3ef7c3b6237631135ba34f0fba0cd9eb1d601f9d97d6
9,719,包括,enhanced_extraction,c1231fc32b7acc4e77b3d47c231bf991895c5f25fb53cc1621c5a806c9e5df88
220,235,类型,enhanced_extraction,17f06e3cce3a42e526a449fce60ab3d392e69486843ba54e3d52c7ed35ec1239
102,1270,是,enhanced_extraction,fdfd0ff630b6c0a73c9cdea2b8c74c8fe3c2acb27ef69875181df04bd78e912c
164,985,包含,enhanced_extraction,655f233a3a5038d17fa25a94b8172f7fa74daad78c0e18bfc1df3a5e96b667c5
102,1,是,enhanced_extraction,e7673144fe059008120004a15b8b74a285f82c6ab41977014fcf98bd828f26e9
102,2883,是,enhanced_extraction,c29c9a4174b020cf8cc812b43adaa26fc942b0cfb9345470d944be0df4170d43
30,96,类型,enhanced_extraction,67ef09263d41efc13438e970d6b90d6ddeaebf07422d9d42053516d76b0dec73
13,41,类型,enhanced_extraction,1dfae58022fd91b047d3fda6aee6b5855c358e74bf9b6f42c46bcbd3b90b1866
102,219,是,enhanced_extraction,c05ba5f476772e4d6770832e3f058e0a051e972c9903ee0eb4f1b22576168aff
102,130,是,enhanced_extraction,927e2c3c89401500404e75bab06f2597a18d0881b1d81c4f2fb0034b46ecae9e
216,12,承办,enhanced_extraction,6c09bb08800b201484abfe07ec6bbec96053cd5246cdd06b257b2cc8459d3ba5
519,9,承办机构,enhanced_extraction,b0629528aff73dc1b3152c49d06e06bd7bce855de12798666cef753fa18bf60f
9,12,涉及,enhanced_extraction,5248c9d3ca7ecbe057c9b7f8e4427fdc46140ce6caae924a22f2b15012daad62
12,11,类型,enhanced_extraction,d250a3e2b5b7ceab7cccbdfff1e3b8cbdc70239998775ce9a8b2acb81f9e7784
13,112,是,enhanced_extraction,4022fd75f8b3ae3cd82a12e79edef19e686577bef36580e293b55d8f1a5de71b
9,11,属于,enhanced_extraction,ad676a8ff0a6a0269b647bfc2c229efdc791e8aeeabe1893665b8156ae207238
9,12,权力类型,enhanced_extraction,2a21d93536f75c6e5a649144635cc06abdf7efba771dbc93580f9c998bc093b7
1,103,包含,enhanced_extraction,36b182a789c2a1fc4189b13f1ca582d4013859ac1c9366b641af9a75d75da9c1
30,12,行使主体,enhanced_extraction,1e7200094dd34c790193171ddcf0ebf515cdc55593921a196744b29e5fa0a671
220,12,承办,enhanced_extraction,9c7ca49c2aa429afe321151d611cabcdaea2a6f2f1465868c03432d70df57fee
519,122,类型,enhanced_extraction,e1874ec60d723dcab7e8b8f3d54c67786af49eb213bc8ad4b7f2aa9817b50e97
30,12,行驶主体,enhanced_extraction,03d76779f8a19bcac4ff9fe5fed1378bb2ee918130d2e83f5a1dcf60c73806b3
216,41,类型,enhanced_extraction,4a14064058db463969bc165694d0b875cde5bfbbe42339842deede0dcddc5001
30,159,承办机构,enhanced_extraction,1d5307d14d8f3b4a85d80ab403512863a3b233bf05651cd6fe0a2fe9ddfe29bc
12,11,类型,enhanced_extraction,d250a3e2b5b7ceab7cccbdfff1e3b8cbdc70239998775ce9a8b2acb81f9e7784
112,96,类型,enhanced_extraction,61148b72ef21088a2b8c64609278423fad8508c652d1a634420b0058ddfdfa2b
1,1,行驶主体,enhanced_extraction,3f7409413381e4b6fedcd51d29d245e331434bbf10e7e443555fdecf0d2a6dbb
233,9,行使主体,enhanced_extraction,5e183a336d20352bd8b994006317c9b8b8906deb81b1c6c331037621a9ba156c
32,12,行使主体,enhanced_extraction,002272c6963108b30fbd05639b6cc4773de9591a81091aebb0bc17e85b646b34
102,1430,是,enhanced_extraction,da7e86f2d3400bf9d7851c74d895cfd2e01264e781be4a634580131469161dfa
13,69,是,enhanced_extraction,b36100edef6126a3253cd6d3c8436b60d913028144208e6d85d8fb7e9929ef09
541,96,类型,enhanced_extraction,d2585091f7495a19e7cfa78aae7706c7cdd4be5765fee9398808dbdea0d16627
9,382,类型,enhanced_extraction,4cfb3db1b2e67bf8b438df39105b31616b659cf569445ffadf95f4ce4ab87e94
11,79,是,enhanced_extraction,7fc479b7c7f1a5e9a2ccc9b68850e59cde0b8d6838f1979d7b68f16db2615cd8
11,308,是,enhanced_extraction,ecb06d577a5f273c2f13422e7f79961966e4fb437e16acc1fb731831344bc4db
1,103,管理,enhanced_extraction,e17e7253ed29bc31f912763bf2ab7aeb59dc9fe7d8ff5345524911b2dd39d3db
11,12,是,enhanced_extraction,4bb51718453a67d9015b846c6a68662b97572c0a9269a7df9df55bbbce96ae63
9,12,包含,enhanced_extraction,6ab100b3be1034ebc59393e0f044cc8640333a0bf7c977502390e874381695cf
13,220,是,enhanced_extraction,90ed47a36b9c110511bb7444407ba8eea08c427edcf2fff05f0ff0d6fe893c08
164,12,行驶主体,enhanced_extraction,9fcd50ef6c37ec2a882cdf5adf47409ae6aeaac6aa25961dec6dadc9fbba73d8
1,96,类型,enhanced_extraction,1b53d6d7bceb859c9994c8f868edccb566495452b198b46bc26063c03b409d3f
12,158,类型,enhanced_extraction,06d83acee2e2097064c89c41506386eb57a4678aedfe309dafe18d04c22a8fee
219,220,上级机构,enhanced_extraction,ca366247e647c60ece9d986ed045c6fa007912b803069bea031bd49929eebe3f
159,12,承办机构,enhanced_extraction,6aff489ab10dbf8c13027d23db776f9011bc8513954287f449cc26e5f34714f1
14,122,类型,enhanced_extraction,d3d91c90b4b9122a9fcfca5f480e3cc5e9e5c6b142a143300638dc6e6b4471d4
221,96,类型,enhanced_extraction,0c9c57dad55ffa989794bf411bf4f31f6bf9a2a301488c949ffe0271f24c8bad
233,9,行使主体,enhanced_extraction,5e183a336d20352bd8b994006317c9b8b8906deb81b1c6c331037621a9ba156c
11,12,是,enhanced_extraction,4bb51718453a67d9015b846c6a68662b97572c0a9269a7df9df55bbbce96ae63
9,12,类型,enhanced_extraction,a0f990011f89318094029eddd7fc8433047738098f60167fd996d5cd597fc45b
12,12,类型,enhanced_extraction,48f09bfb7639675b145d2e7adedd0b8770417c5f2d7f3a137131eba817dbca1c
220,235,类型,enhanced_extraction,17f06e3cce3a42e526a449fce60ab3d392e69486843ba54e3d52c7ed35ec1239
130,96,类型,enhanced_extraction,492011f3caeb38421b0a4dc34d8e68ce6491294b3c8ce6a93e546bba673248da
1327,9,行使主体,enhanced_extraction,819dfe1495ac256aff69194c38cc5ec18f724dba25aa08fe1f0a5b5c65403ea1
102,96,类型,enhanced_extraction,3ae3aeb0c9938fc9352289b17986b74d2af21dddb657fa0b815d164c1bf8fa49
30,12,行使主体,enhanced_extraction,1e7200094dd34c790193171ddcf0ebf515cdc55593921a196744b29e5fa0a671
11,12,是,enhanced_extraction,4bb51718453a67d9015b846c6a68662b97572c0a9269a7df9df55bbbce96ae63
13,14,是,enhanced_extraction,bfbeedc7e6daf4f851060b875d14b5b7c1dab5b695356d4176fd018de0894ae2
80,96,类型,enhanced_extraction,60589a9f7239b972454c94ebe1d88b353e4c9fad16152fb4bc372a569d001482
233,96,类型,enhanced_extraction,403d8d284bb442ebedf3ec08f061bbf2ab967b37d33ba94afbf403814c3b994b
111,9,承办机构,enhanced_extraction,0e1b65ae7d6d6e353db7e399f405a5901a391d7cf7e5ce64d9691610e8aa234b
233,9,行使主体,enhanced_extraction,5e183a336d20352bd8b994006317c9b8b8906deb81b1c6c331037621a9ba156c
233,96,类型,enhanced_extraction,403d8d284bb442ebedf3ec08f061bbf2ab967b37d33ba94afbf403814c3b994b
11,79,是,enhanced_extraction,7fc479b7c7f1a5e9a2ccc9b68850e59cde0b8d6838f1979d7b68f16db2615cd8
11,79,是,enhanced_extraction,7fc479b7c7f1a5e9a2ccc9b68850e59cde0b8d6838f1979d7b68f16db2615cd8
219,96,类型,enhanced_extraction,501d98fd934829def13421070a3527c368142d959d3066786d506a91cfa7e243
219,220,包含,enhanced_extraction,8b7708d9b974597fa619b00d18a4a7f59f367eb0a07018126fca60658bb2c5a9
1683,9,承办机构,enhanced_extraction,e7c8ef5c404b3b86179cee389436e4c7d2aff59fea4bc1f1610a8469fc27a838
827,12,行使主体,enhanced_extraction,99cf731628411acfd1f8b81fa5f7bf94b63a2ab0ee1e2851aac7c5c450f2f302
159,30,隶属于,enhanced_extraction,42cfcbe108331164aaecb1f0d4a40291b19609fdae9d1c489c91e88ef0bf9eaf
13,122,类型,enhanced_extraction,fe19e8b5dbf358107d721c0776af57adf1f5553bea6cbad339f4fc494cfb6524
9,12,涉及,enhanced_extraction,5248c9d3ca7ecbe057c9b7f8e4427fdc46140ce6caae924a22f2b15012daad62
12,158,类型,enhanced_extraction,06d83acee2e2097064c89c41506386eb57a4678aedfe309dafe18d04c22a8fee
219,220,包含,enhanced_extraction,8b7708d9b974597fa619b00d18a4a7f59f367eb0a07018126fca60658bb2c5a9
13,81,包括,enhanced_extraction,5e6538a591aa85cd334c15a7aff84894f55281fb001c083050b8d0e85bf3dbae
159,122,类型,enhanced_extraction,ac95a8754b9cf555ad1f7b6963dfd724829642f155c6b04c4c82d577ec28198a
11,12,是,enhanced_extraction,4bb51718453a67d9015b846c6a68662b97572c0a9269a7df9df55bbbce96ae63
11,12,是,enhanced_extraction,4bb51718453a67d9015b846c6a68662b97572c0a9269a7df9df55bbbce96ae63
79,11,类型,enhanced_extraction,357ff0f70265df4abbfc9fc67ba14c3a29f8b74763a0456e1d3a46a30f73d772
30,159,包含,enhanced_extraction,746dad8207c11e936f9291a4d48652549063b984284c0ab2036a0471f7b9f7b4
220,12,承办机构,enhanced_extraction,d6dd83fe48b58aecde65a1553db5e9368a2092ae2cc2050a62981de65361d57c
110,9,行使主体,enhanced_extraction,04e6686a6ac48a1d6a9411fec475951914afa06d06fa0a9960c1d911aebee2c4
11,12,是,enhanced_extraction,4bb51718453a67d9015b846c6a68662b97572c0a9269a7df9df55bbbce96ae63
111,9,承办机构,enhanced_extraction,0e1b65ae7d6d6e353db7e399f405a5901a391d7cf7e5ce64d9691610e8aa234b
11,218,是,enhanced_extraction,885d1711b265018c6b5869a35a061431728560bad04aaf3db12f272a809d4bff
1232,43,类型,enhanced_extraction,2891ed5e915496f1c2ac32527640e64bb3e886904048e0a947f578b6aad3024e
233,96,类型,enhanced_extraction,403d8d284bb442ebedf3ec08f061bbf2ab967b37d33ba94afbf403814c3b994b
11,12,是,enhanced_extraction,4bb51718453a67d9015b846c6a68662b97572c0a9269a7df9df55bbbce96ae63
11,12,类型,enhanced_extraction,6eb99ba2cff423e2571ef8f318749216e856ec529f754e4116cb373c00ca8cc4
111,9,承办机构,enhanced_extraction,0e1b65ae7d6d6e353db7e399f405a5901a391d7cf7e5ce64d9691610e8aa234b
159,12,执行机构,enhanced_extraction,d812de7ddc571c5fb58970250731ce0a5948eca112d36c1d38f5ee74226955d0
9,242,类型,enhanced_extraction,7c4db01f0639d9a2c1b3cb8eabf326c97aa2c3bc45933927e8f3e398c9317e43
102,219,是,enhanced_extraction,c05ba5f476772e4d6770832e3f058e0a051e972c9903ee0eb4f1b22576168aff
30,12,行使主体,enhanced_extraction,1e7200094dd34c790193171ddcf0ebf515cdc55593921a196744b29e5fa0a671
102,30,是,enhanced_extraction,49e97e22d3d7e783a2f77af85dd754c7212b8e8b9cb9164e3d6ab83c48b52fac
13,519,是,enhanced_extraction,bb4ae818fa4f7383d140872148177d756707f6e9095b2adffdfdf922b4e7a6d2
164,9,行使主体,enhanced_extraction,786ebd4ad9d4f9a7110adcce82b6fb31da86f193f9b2bcb48bcb6c3affd2526c
590,12,行使主体,enhanced_extraction,bc9c26cd12eb2d4c4250b8f19320a70d0aed92bcb49c1e41a985143575086241
1493,96,类型,enhanced_extraction,ca0f603a425768a2d64bc31bbd2ef94df9cf67e08bd8f2de5c28746d6a63b1db
220,122,类型,enhanced_extraction,ddd43b42b4429e1c8753259e67864f412dcf75e1a32655082ac7d10ea54ab3c4
9,12,涉及,enhanced_extraction,5248c9d3ca7ecbe057c9b7f8e4427fdc46140ce6caae924a22f2b15012daad62
111,110,隶属于,enhanced_extraction,d97ca7ed54b9fd90d7be2762bc412a9762338ffae1fade5cf04eeab806c85c07
13,122,类型,enhanced_extraction,fe19e8b5dbf358107d721c0776af57adf1f5553bea6cbad339f4fc494cfb6524
159,12,执行,enhanced_extraction,b372eda1732d81dec32e0418db59c729418cb4f85c0d667370ae68045858fa65
102,541,是,enhanced_extraction,c10c86adf4607cf1691d0bd045c623cbb274db26b95b6342e54f6bd9502352bf
30,96,类型,enhanced_extraction,67ef09263d41efc13438e970d6b90d6ddeaebf07422d9d42053516d76b0dec73
9,12,类型,enhanced_extraction,a0f990011f89318094029eddd7fc8433047738098f60167fd996d5cd597fc45b
219,12,执行,enhanced_extraction,ae6dd7eec740aa1c35166db92b76360270d7504d462869eda3053c34bc5d962b
12,11,属于,enhanced_extraction,1c070514f019fc07536ffe381f9b1714c0fa030181e73dc73366c74ecb5406e1
11,12,是,enhanced_extraction,4bb51718453a67d9015b846c6a68662b97572c0a9269a7df9df55bbbce96ae63
11,12,类型,enhanced_extraction,6eb99ba2cff423e2571ef8f318749216e856ec529f754e4116cb373c00ca8cc4
14,122,类型,enhanced_extraction,d3d91c90b4b9122a9fcfca5f480e3cc5e9e5c6b142a143300638dc6e6b4471d4
102,30,是,enhanced_extraction,49e97e22d3d7e783a2f77af85dd754c7212b8e8b9cb9164e3d6ab83c48b52fac
11,11,类型,enhanced_extraction,63c0cb89fd070cec56228a2b437fabe6a35d41178bcf0e57ad410146f146783a
827,12,行使主体,enhanced_extraction,99cf731628411acfd1f8b81fa5f7bf94b63a2ab0ee1e2851aac7c5c450f2f302
14,590,隶属于,enhanced_extraction,3f07885d9e2f0ca8bb3e6bb9c030ed830124acb5ff6297c48d95c982f5845bff
1,96,类型,enhanced_extraction,1b53d6d7bceb859c9994c8f868edccb566495452b198b46bc26063c03b409d3f
11,12,是,enhanced_extraction,4bb51718453a67d9015b846c6a68662b97572c0a9269a7df9df55bbbce96ae63
1181,43,类型,enhanced_extraction,a791419dfc30ac660cbfe6e275f814dcef5d2359df7c514a0241d04691faaf52
219,235,类型,enhanced_extraction,42f4fcda52b9d78ca57aa5187ca807fbfaf39957781a204c7990d756faf1f978
159,122,类型,enhanced_extraction,ac95a8754b9cf555ad1f7b6963dfd724829642f155c6b04c4c82d577ec28198a
1005,35,类型,enhanced_extraction,3c4a64f177c619ab6b5031797bf111846bea80990054bec5ef5e700c7e910c3a
13,234,是,enhanced_extraction,b7b075afabbc08dcdce9ff390a83157777a38bf968d1b3c9e6ae113b68d46584
519,12,执行机构,enhanced_extraction,29d9674cd99b73a0ed3b3b600122d49ce35ab8b62c1c2f1494cd2f24b03dc1dd
219,96,类型,enhanced_extraction,501d98fd934829def13421070a3527c368142d959d3066786d506a91cfa7e243
11,12,是,enhanced_extraction,4bb51718453a67d9015b846c6a68662b97572c0a9269a7df9df55bbbce96ae63
219,2,类型,enhanced_extraction,f06453bacaa48099a118b546931a1fef0ab287a8b69aea311d03e2fe23de6119
14,122,类型,enhanced_extraction,d3d91c90b4b9122a9fcfca5f480e3cc5e9e5c6b142a143300638dc6e6b4471d4
13,111,包括,enhanced_extraction,09c0593bd8b7420222398fb7c93ce32df70d33633b73fc4e12402155845d4bd2
79,11,属于,enhanced_extraction,e2c765377dddeb2b2bb3e2ed6638fa3659b77196b66ecff856789a0a2ff09abb
9,12,类型,enhanced_extraction,a0f990011f89318094029eddd7fc8433047738098f60167fd996d5cd597fc45b
9,719,包括,enhanced_extraction,c1231fc32b7acc4e77b3d47c231bf991895c5f25fb53cc1621c5a806c9e5df88
11,12,是,enhanced_extraction,4bb51718453a67d9015b846c6a68662b97572c0a9269a7df9df55bbbce96ae63
650,134,责令改正,enhanced_extraction,f89ec5aeac2e70e6b9a60e1e4ae5f8602cc06fcf4913e59c0be6dfb018a8ac77
11,826,类型,enhanced_extraction,4bf83b19e7d96fc3c623f7da6298856b709c2ac414cc0afd10e92114bae2cbe1
11,930,类型,enhanced_extraction,eb740fa9dbdd904e5e19ec610e8fbca2b8419d321e1c8398f4d061dba8e8f49d
9,242,类型,enhanced_extraction,7c4db01f0639d9a2c1b3cb8eabf326c97aa2c3bc45933927e8f3e398c9317e43
11,12,是,enhanced_extraction,4bb51718453a67d9015b846c6a68662b97572c0a9269a7df9df55bbbce96ae63
1,96,类型,enhanced_extraction,1b53d6d7bceb859c9994c8f868edccb566495452b198b46bc26063c03b409d3f
197,9,行使主体,enhanced_extraction,05415d8de4c2359f2a06f426ff7597fcb15c0295ab8eb90f21d9fe7c0342becf
130,96,类型,enhanced_extraction,492011f3caeb38421b0a4dc34d8e68ce6491294b3c8ce6a93e546bba673248da
102,30,是,enhanced_extraction,49e97e22d3d7e783a2f77af85dd754c7212b8e8b9cb9164e3d6ab83c48b52fac
9,11,涉及,enhanced_extraction,7ae8447ac1e5647a8aa3baf7ec0bc973368bd067785b622cc60f265c86e357f5
13,756,是,enhanced_extraction,b2b31855eac0620fed812baf159314278a970318e0d931cbe988281c20b9f022
11,12,是,enhanced_extraction,4bb51718453a67d9015b846c6a68662b97572c0a9269a7df9df55bbbce96ae63
11,79,是,enhanced_extraction,7fc479b7c7f1a5e9a2ccc9b68850e59cde0b8d6838f1979d7b68f16db2615cd8
11,2770,是,enhanced_extraction,edbb49be5d73447ba1ffe55aed512120a6e0f63332dae48bb9df35ebdfaeafb9
164,235,类型,enhanced_extraction,8866a5643dda9800ef2ebe64cb4f09d680014b699236141406f7c4989d4bb83a
11,308,是,enhanced_extraction,ecb06d577a5f273c2f13422e7f79961966e4fb437e16acc1fb731831344bc4db
9,12,类型,enhanced_extraction,a0f990011f89318094029eddd7fc8433047738098f60167fd996d5cd597fc45b
102,219,是,enhanced_extraction,c05ba5f476772e4d6770832e3f058e0a051e972c9903ee0eb4f1b22576168aff
102,233,是,enhanced_extraction,ce9aafe62b0266c7d010b0afc5f53dec015dc4b65753f42cf7d459769186f9f5
11,12,类型,enhanced_extraction,6eb99ba2cff423e2571ef8f318749216e856ec529f754e4116cb373c00ca8cc4
12,11,是,enhanced_extraction,54710bbec3ca077fe79c80e1e95ea28a843633289f5bc6efe6abea14f6118623
102,219,是,enhanced_extraction,c05ba5f476772e4d6770832e3f058e0a051e972c9903ee0eb4f1b22576168aff
13,112,是,enhanced_extraction,4022fd75f8b3ae3cd82a12e79edef19e686577bef36580e293b55d8f1a5de71b
11,12,类型,enhanced_extraction,6eb99ba2cff423e2571ef8f318749216e856ec529f754e4116cb373c00ca8cc4
9712,9,承办机构,enhanced_extraction,b400c916f5e5b38dfe7d6db725355350df224cd4fb901f59d318805593f4137b
11,12,是,enhanced_extraction,4bb51718453a67d9015b846c6a68662b97572c0a9269a7df9df55bbbce96ae63
159,12,承办机构,enhanced_extraction,6aff489ab10dbf8c13027d23db776f9011bc8513954287f449cc26e5f34714f1
30,12,行使主体,enhanced_extraction,1e7200094dd34c790193171ddcf0ebf515cdc55593921a196744b29e5fa0a671
9,11,属于,enhanced_extraction,ad676a8ff0a6a0269b647bfc2c229efdc791e8aeeabe1893665b8156ae207238
233,96,类型,enhanced_extraction,403d8d284bb442ebedf3ec08f061bbf2ab967b37d33ba94afbf403814c3b994b
11,12,是,enhanced_extraction,4bb51718453a67d9015b846c6a68662b97572c0a9269a7df9df55bbbce96ae63
9,12,类型,enhanced_extraction,a0f990011f89318094029eddd7fc8433047738098f60167fd996d5cd597fc45b
14,12,承办,enhanced_extraction,35e5d5da707a8addb81493b8c8a0e74a5e03fe7bd39ee1104d3b30cd853e74a7
519,12,承办,enhanced_extraction,11ae804c3f32ad3e9dcd323a18f6852400381f3579af1bf8d33f5909887f1812
11,218,是,enhanced_extraction,885d1711b265018c6b5869a35a061431728560bad04aaf3db12f272a809d4bff
11,12,是,enhanced_extraction,4bb51718453a67d9015b846c6a68662b97572c0a9269a7df9df55bbbce96ae63
13,111,包括,enhanced_extraction,09c0593bd8b7420222398fb7c93ce32df70d33633b73fc4e12402155845d4bd2
11,12,是,enhanced_extraction,4bb51718453a67d9015b846c6a68662b97572c0a9269a7df9df55bbbce96ae63
220,122,类型,enhanced_extraction,ddd43b42b4429e1c8753259e67864f412dcf75e1a32655082ac7d10ea54ab3c4
102,96,类型,enhanced_extraction,3ae3aeb0c9938fc9352289b17986b74d2af21dddb657fa0b815d164c1bf8fa49
1343,9,行使主体,enhanced_extraction,ea4813b06064aca6e72fb2eba2d916a73d5070d2549bc6d8d7fbbf5a5b23dd13
9,12,类型,enhanced_extraction,a0f990011f89318094029eddd7fc8433047738098f60167fd996d5cd597fc45b
79,11,属于,enhanced_extraction,e2c765377dddeb2b2bb3e2ed6638fa3659b77196b66ecff856789a0a2ff09abb
518,12,行使主体,enhanced_extraction,2ba35e8b565b7971ada29b084e323fbfddf99769575080927fac14c157526308
14,122,类型,enhanced_extraction,d3d91c90b4b9122a9fcfca5f480e3cc5e9e5c6b142a143300638dc6e6b4471d4
30,96,类型,enhanced_extraction,67ef09263d41efc13438e970d6b90d6ddeaebf07422d9d42053516d76b0dec73
12,11,类型,enhanced_extraction,d250a3e2b5b7ceab7cccbdfff1e3b8cbdc70239998775ce9a8b2acb81f9e7784
102,1270,是,enhanced_extraction,fdfd0ff630b6c0a73c9cdea2b8c74c8fe3c2acb27ef69875181df04bd78e912c
13,111,包括,enhanced_extraction,09c0593bd8b7420222398fb7c93ce32df70d33633b73fc4e12402155845d4bd2
69,590,隶属于,enhanced_extraction,6c70a4b59e9ff4fcd23fa0b8d29150a839007b124557ca873d3c0650b30a60d1
164,928,包含,enhanced_extraction,e45eb5e32e9e1ffe6b34ba2e357542437939550d18c4a22a5200ee3ccac85e1e
220,12,承办,enhanced_extraction,9c7ca49c2aa429afe321151d611cabcdaea2a6f2f1465868c03432d70df57fee
164,96,类型,enhanced_extraction,cee014ad6e4a569563c8424370d6d3ab0ae2b302dcef061273248f9442963009
197,12,行使主体,enhanced_extraction,6fde912d0d7e947fe317a68a7499e27967ccde85ee8962d9603dd6668595927f
14,590,隶属于,enhanced_extraction,3f07885d9e2f0ca8bb3e6bb9c030ed830124acb5ff6297c48d95c982f5845bff
102,1270,是,enhanced_extraction,fdfd0ff630b6c0a73c9cdea2b8c74c8fe3c2acb27ef69875181df04bd78e912c
110,41,类型,enhanced_extraction,205a7ef1fc913608fb085130c4029c1788fd17f7ea92798045f0ca2414dccde9
1560,96,类型,enhanced_extraction,f341e9d71db4101211e26da6e04b4f55a3f75606968da3ddaf2ca0ee72fc3360
11,12,是,enhanced_extraction,4bb51718453a67d9015b846c6a68662b97572c0a9269a7df9df55bbbce96ae63
11,12,是,enhanced_extraction,4bb51718453a67d9015b846c6a68662b97572c0a9269a7df9df55bbbce96ae63
102,130,是,enhanced_extraction,927e2c3c89401500404e75bab06f2597a18d0881b1d81c4f2fb0034b46ecae9e
234,96,类型,enhanced_extraction,3baf7b40f92723c55d2b40339b3580c522c6bff1c964fc370f6b478f832838c4
233,9,行使主体,enhanced_extraction,5e183a336d20352bd8b994006317c9b8b8906deb81b1c6c331037621a9ba156c
12,12,类型,enhanced_extraction,48f09bfb7639675b145d2e7adedd0b8770417c5f2d7f3a137131eba817dbca1c
11,12,是,enhanced_extraction,4bb51718453a67d9015b846c6a68662b97572c0a9269a7df9df55bbbce96ae63
13,220,是,enhanced_extraction,90ed47a36b9c110511bb7444407ba8eea08c427edcf2fff05f0ff0d6fe893c08
827,12,行使主体,enhanced_extraction,99cf731628411acfd1f8b81fa5f7bf94b63a2ab0ee1e2851aac7c5c450f2f302
220,12,承办机构,enhanced_extraction,d6dd83fe48b58aecde65a1553db5e9368a2092ae2cc2050a62981de65361d57c
54,55,类型,enhanced_extraction,f0dc3fbd0d92917ca5b59850d86ca8147a3a0e71905769675eea77bbbfc4e937
164,9,行使主体,enhanced_extraction,786ebd4ad9d4f9a7110adcce82b6fb31da86f193f9b2bcb48bcb6c3affd2526c
102,30,是,enhanced_extraction,49e97e22d3d7e783a2f77af85dd754c7212b8e8b9cb9164e3d6ab83c48b52fac
159,12,承办机构,enhanced_extraction,6aff489ab10dbf8c13027d23db776f9011bc8513954287f449cc26e5f34714f1
350,11,属于,enhanced_extraction,50166e5d206452c8d21c5ca9afb8b83bbc8e69da2ee96c53868e8cdc56ad0f90
842,767,拒不执行,enhanced_extraction,2dfd959d5d038165197c1b41a691e49ff594771360a86019356ee8fdbc116a06
11,158,类型,enhanced_extraction,cda646284c8305fbf7150a4885df91557c57facfeb63be63e446a3533d4aeb8d
14,590,隶属于,enhanced_extraction,3f07885d9e2f0ca8bb3e6bb9c030ed830124acb5ff6297c48d95c982f5845bff
2345,9,承办机构,enhanced_extraction,5fa7fe4f57241e163698b13564fb0a12b5a1833ae05df5701ede75462464ddfe
519,12,承办机构,enhanced_extraction,8fe2a8b69b80c52eb99cf94a111e2c5de4eb59a2df64785e2ab0c9b684aa172e
14,541,隶属于,enhanced_extraction,de670bf1b9ec4d5f9fc1d3c130201ee84befd5513c34316226b56308e95ccb58
79,11,属于,enhanced_extraction,e2c765377dddeb2b2bb3e2ed6638fa3659b77196b66ecff856789a0a2ff09abb
159,122,类型,enhanced_extraction,ac95a8754b9cf555ad1f7b6963dfd724829642f155c6b04c4c82d577ec28198a
14,122,类型,enhanced_extraction,d3d91c90b4b9122a9fcfca5f480e3cc5e9e5c6b142a143300638dc6e6b4471d4
11,79,是,enhanced_extraction,7fc479b7c7f1a5e9a2ccc9b68850e59cde0b8d6838f1979d7b68f16db2615cd8
13,220,是,enhanced_extraction,90ed47a36b9c110511bb7444407ba8eea08c427edcf2fff05f0ff0d6fe893c08
30,96,类型,enhanced_extraction,67ef09263d41efc13438e970d6b90d6ddeaebf07422d9d42053516d76b0dec73
112,9,承办机构,enhanced_extraction,8c5141659c6f1ee72a6318e02df92ddfe59b9b1688527026bd5d1ccd13b7ea53
12,11,类型,enhanced_extraction,d250a3e2b5b7ceab7cccbdfff1e3b8cbdc70239998775ce9a8b2acb81f9e7784
11,12,是,enhanced_extraction,4bb51718453a67d9015b846c6a68662b97572c0a9269a7df9df55bbbce96ae63
5373,3968,修订,enhanced_extraction,966547029c2f7664b2b842ba3dcf147028f5e5694dfe522a14e976f52fcc268f
30,9,行使主体,enhanced_extraction,e5c3d2ac83f2327f2610e99efd5375f04df010240d8cb35905e011c0fb5f6a2a
233,96,类型,enhanced_extraction,403d8d284bb442ebedf3ec08f061bbf2ab967b37d33ba94afbf403814c3b994b
519,122,类型,enhanced_extraction,e1874ec60d723dcab7e8b8f3d54c67786af49eb213bc8ad4b7f2aa9817b50e97
11,12,是,enhanced_extraction,4bb51718453a67d9015b846c6a68662b97572c0a9269a7df9df55bbbce96ae63
164,12,行使主体,enhanced_extraction,4fba2d65aa583b6e935b5ed38ff0df3dedbdae8acb94f7c54b9a5866d8ecd800
197,96,类型,enhanced_extraction,3613e63056aa1a9b98e7f24d4a8017b1defea35408ff820f4a06659c6c6fc3f3
541,12,行驶主体,enhanced_extraction,27712a8afe06ca5c09cc70585b267dd127453cfbf04bcdbdd8a32c2e4c178a91
219,235,类型,enhanced_extraction,42f4fcda52b9d78ca57aa5187ca807fbfaf39957781a204c7990d756faf1f978
519,41,类型,enhanced_extraction,138eaf9ad790710c5c54240420eea8f31471c432b9d7defaf0b2502799b2587a
11,218,是,enhanced_extraction,885d1711b265018c6b5869a35a061431728560bad04aaf3db12f272a809d4bff
11,79,是,enhanced_extraction,7fc479b7c7f1a5e9a2ccc9b68850e59cde0b8d6838f1979d7b68f16db2615cd8
11,12,是,enhanced_extraction,4bb51718453a67d9015b846c6a68662b97572c0a9269a7df9df55bbbce96ae63
518,519,行使主体,enhanced_extraction,cc0787439307c1fd0c146c54ba24693135855a67102854d47665fd81e947881a
111,9,承办机构,enhanced_extraction,0e1b65ae7d6d6e353db7e399f405a5901a391d7cf7e5ce64d9691610e8aa234b
219,220,领导,enhanced_extraction,a6c57e5f0ec382cbd654599e606374beb81a3177ce57ada4ce81501c1ca7eb39
9,218,类型,enhanced_extraction,5dd1af7d378b9eab6e09d8911fa854df6bbf1dd703704e3f59fe0b2a1f8abc5f
13,455,是,enhanced_extraction,f056809418a23c8dc3e5edc472da624bd424823694a3811a98051514f8ebac9d
112,9,承办机构,enhanced_extraction,8c5141659c6f1ee72a6318e02df92ddfe59b9b1688527026bd5d1ccd13b7ea53
519,235,类型,enhanced_extraction,223ad09a60436110d0d96c24bea16df1b452ac25b01981c25a0b65f4417e6a3f
842,3182,未采取措施消除,enhanced_extraction,936234c4ae25d0d3789b1ae9ed2eee80ed368e07b5d24d43c11633c32a26596c
102,96,类型,enhanced_extraction,3ae3aeb0c9938fc9352289b17986b74d2af21dddb657fa0b815d164c1bf8fa49
1024,9,行使主体,enhanced_extraction,e1b85a23f8cd60033d9f86241e5e0720146e3abc6f4f97c0d7e5b45bcba25b14
11,12,是,enhanced_extraction,4bb51718453a67d9015b846c6a68662b97572c0a9269a7df9df55bbbce96ae63
54,96,类型,enhanced_extraction,700a62739c603330fad1f06488dd2cf7d267b48ec4e9b119ab2c60183e939f38
11,12,类型,enhanced_extraction,6eb99ba2cff423e2571ef8f318749216e856ec529f754e4116cb373c00ca8cc4
9,382,类型,enhanced_extraction,4cfb3db1b2e67bf8b438df39105b31616b659cf569445ffadf95f4ce4ab87e94
1181,41,承办,enhanced_extraction,5b21894a7234fdc3b848b70fb0ba8bf9de4dcd79fb18a14a5d56d025b5f9a012
102,219,是,enhanced_extraction,c05ba5f476772e4d6770832e3f058e0a051e972c9903ee0eb4f1b22576168aff
652,590,隶属于,enhanced_extraction,bc18f3ef20901cc13c65284b9705a85a96ee557730d85c4a013639f7d5dc764d
111,122,类型,enhanced_extraction,1fce63ef8ed73f0b4875f31534b84a9bb554322448dacfa61a5a706ff84d0c65
590,96,类型,enhanced_extraction,50a304f4afa162088aff4bd3831e43cdbdfa64b65534a007bc70a9d9b000f81c
518,12,行使主体,enhanced_extraction,2ba35e8b565b7971ada29b084e323fbfddf99769575080927fac14c157526308
11,350,是,enhanced_extraction,7fa4f4b4033afd36ccb46abeecc8e5a8711fa14f70e617b795e2b335abf2616f
308,11,属于,enhanced_extraction,90a28b0ff8edc5a7791549ca7de9125e1de7b79b577b744daf1b4c5c9a804d83
13,234,是,enhanced_extraction,b7b075afabbc08dcdce9ff390a83157777a38bf968d1b3c9e6ae113b68d46584
102,197,是,enhanced_extraction,b735436bf437d7c3115e2a60bf188709221fd86fd0d803164c90ca2bb0ee33dc
13,14,是,enhanced_extraction,bfbeedc7e6daf4f851060b875d14b5b7c1dab5b695356d4176fd018de0894ae2
11,308,是,enhanced_extraction,ecb06d577a5f273c2f13422e7f79961966e4fb437e16acc1fb731831344bc4db
14,12,行使,enhanced_extraction,7ecadd306aef79c6da011070e9d73f950f5b495f059c0bd0a7496ea26afd0097
4393,518,是,enhanced_extraction,a3f24d30f2414c0f8f098d56ae5b777a52b9757a5ae58cf7c8af904c91a383c5
102,96,类型,enhanced_extraction,3ae3aeb0c9938fc9352289b17986b74d2af21dddb657fa0b815d164c1bf8fa49
30,12,行使主体,enhanced_extraction,1e7200094dd34c790193171ddcf0ebf515cdc55593921a196744b29e5fa0a671
102,110,是,enhanced_extraction,931625c0f64df1f58f0f84dd2d22143b4df6e9a2d1d3b0507bc6a629951f6e38
30,96,类型,enhanced_extraction,67ef09263d41efc13438e970d6b90d6ddeaebf07422d9d42053516d76b0dec73
11,308,是,enhanced_extraction,ecb06d577a5f273c2f13422e7f79961966e4fb437e16acc1fb731831344bc4db
11,12,是,enhanced_extraction,4bb51718453a67d9015b846c6a68662b97572c0a9269a7df9df55bbbce96ae63
519,9,承办机构,enhanced_extraction,b0629528aff73dc1b3152c49d06e06bd7bce855de12798666cef753fa18bf60f
12,11,是,enhanced_extraction,54710bbec3ca077fe79c80e1e95ea28a843633289f5bc6efe6abea14f6118623
11,655,是,enhanced_extraction,fefcd76dc0723e2ddc51cef3842ce342289696d7ebb3246ab2a552c6c5d74e27
1,9,行使主体,enhanced_extraction,b682a86df8491abefd8e5545f99c474f9d3e64b0932e9baa82dd2f840ab1d841
14,12,承办,enhanced_extraction,35e5d5da707a8addb81493b8c8a0e74a5e03fe7bd39ee1104d3b30cd853e74a7
13,455,是,enhanced_extraction,f056809418a23c8dc3e5edc472da624bd424823694a3811a98051514f8ebac9d
219,220,上级机构,enhanced_extraction,ca366247e647c60ece9d986ed045c6fa007912b803069bea031bd49929eebe3f
394,12,行使,enhanced_extraction,b176dc098ad19b9af34b85581b7ee89569c4b1cbefd0d73652fe2706a383a6fa
111,9,承办机构,enhanced_extraction,0e1b65ae7d6d6e353db7e399f405a5901a391d7cf7e5ce64d9691610e8aa234b
662,665,责令改正,enhanced_extraction,f39c8bd5712bb80485b3b9e660e1cc65e7592b0e7d1587d4bc7e5e58efd2ee3a
11,12,是,enhanced_extraction,4bb51718453a67d9015b846c6a68662b97572c0a9269a7df9df55bbbce96ae63
387,12,类型,enhanced_extraction,1afc5e66d361957615d7b2f1895d09969e0e771d7e317b93d6b1a5721201545d
102,518,是,enhanced_extraction,69503e4b392f7ae31ef14944ea242179127a6741c15d2612e282d2da4d329d33
110,12,行驶主体,enhanced_extraction,f88c6e627f6d22435f5814c97bc33cc97b81268648a0c711d18a8c910982266b
30,96,类型,enhanced_extraction,67ef09263d41efc13438e970d6b90d6ddeaebf07422d9d42053516d76b0dec73
110,218,行使,enhanced_extraction,9e418ba32e7f00fd436869ccf15f0e6fc8b8f74382ae82bf804c0ca9326d133d
11,308,是,enhanced_extraction,ecb06d577a5f273c2f13422e7f79961966e4fb437e16acc1fb731831344bc4db
519,235,类型,enhanced_extraction,223ad09a60436110d0d96c24bea16df1b452ac25b01981c25a0b65f4417e6a3f
1,96,类型,enhanced_extraction,1b53d6d7bceb859c9994c8f868edccb566495452b198b46bc26063c03b409d3f
9,9,类型,enhanced_extraction,7047180d6e4b04a345c7820986071db18605d89d0593c04f29c2334c010fbc44
11,383,类型,enhanced_extraction,eb32e2ff01a2a217bce44e202d150b4b0d98df76bb019edc27e4aca0d14ab46c
164,9,行使主体,enhanced_extraction,786ebd4ad9d4f9a7110adcce82b6fb31da86f193f9b2bcb48bcb6c3affd2526c
13,13,类型,enhanced_extraction,4501a182c23579c2d4e6bf836ccfec1e4a759dd86f30f77cb9e79cf70a48261d
30,96,类型,enhanced_extraction,67ef09263d41efc13438e970d6b90d6ddeaebf07422d9d42053516d76b0dec73
30,12,执行,enhanced_extraction,82a9e12b95caef8cfff7f9ec8ee0f7ba186c16d3c4fb96af7151cb75daa69e1a
15,3902,是,enhanced_extraction,b0a9eddb87b3f3d97b719b7904092ee18f6d5da3a8760fecb02f145d09b1fdd1
79,11,属于,enhanced_extraction,e2c765377dddeb2b2bb3e2ed6638fa3659b77196b66ecff856789a0a2ff09abb
11,308,是,enhanced_extraction,ecb06d577a5f273c2f13422e7f79961966e4fb437e16acc1fb731831344bc4db
11,12,是,enhanced_extraction,4bb51718453a67d9015b846c6a68662b97572c0a9269a7df9df55bbbce96ae63
111,110,隶属于,enhanced_extraction,d97ca7ed54b9fd90d7be2762bc412a9762338ffae1fade5cf04eeab806c85c07
9,12,类型,enhanced_extraction,a0f990011f89318094029eddd7fc8433047738098f60167fd996d5cd597fc45b
11,308,是,enhanced_extraction,ecb06d577a5f273c2f13422e7f79961966e4fb437e16acc1fb731831344bc4db
13,14,是,enhanced_extraction,bfbeedc7e6daf4f851060b875d14b5b7c1dab5b695356d4176fd018de0894ae2
11,9,属于,enhanced_extraction,efda68d5ff0ba40075957eb8311f024a232a339f41d054044069a8b6deff5980
220,122,类型,enhanced_extraction,ddd43b42b4429e1c8753259e67864f412dcf75e1a32655082ac7d10ea54ab3c4
219,12,行使主体,enhanced_extraction,48c9be9799eee1b308a712f26eeac8073f8cfcf02dfeb1b31345add10211760c
102,110,是,enhanced_extraction,931625c0f64df1f58f0f84dd2d22143b4df6e9a2d1d3b0507bc6a629951f6e38
11,37,类型,enhanced_extraction,9ae9e4deb92d4b9c3dc44e93ff244a176d6dbe4b41322b77ce74977f9750ee38
11,2739,是,enhanced_extraction,ccfb10cb320b41b4683c868439b1abd742e438e457eb23607daccee771d46128
13,111,包含,enhanced_extraction,889e94a0d38cefc480297d301e629b6af3abcf10ff7b53eed8c4dfb523bb293f
11,12,类型,enhanced_extraction,6eb99ba2cff423e2571ef8f318749216e856ec529f754e4116cb373c00ca8cc4
625,590,隶属于,enhanced_extraction,3aecc5be5edbdb198c4008265b45fb78a7cfe33690755609d29a66793b902e01
159,30,隶属于,enhanced_extraction,42cfcbe108331164aaecb1f0d4a40291b19609fdae9d1c489c91e88ef0bf9eaf
9,12,涉及,enhanced_extraction,5248c9d3ca7ecbe057c9b7f8e4427fdc46140ce6caae924a22f2b15012daad62
11,655,是,enhanced_extraction,fefcd76dc0723e2ddc51cef3842ce342289696d7ebb3246ab2a552c6c5d74e27
81,9,承办机构,enhanced_extraction,31e66bb205a4ae1df7ad99d9529ce78a8922457f5f03394c50beceab3dd4fd87
219,220,管理,enhanced_extraction,99ad407c98cd340a67b7cc53295c079e967a6bc513a2f41de3740de42c0eab53
9,12,是,enhanced_extraction,d3edcb6a030ff06d1610ce9ca5ddaad453d12646bad6185294116bd7938a7c7b
30,12,监管主体,enhanced_extraction,c45849cc24a886c2ab97822ea39ffd0f08dcf6dd4eef617492fa69511a5e6a57
657,218,类型,enhanced_extraction,6ce192c8edb1260fa102b88461493f9c1ceaa7d1e4440760ae84bdcb50d40cd7
130,9,行使主体,enhanced_extraction,e6231a3f41095456f7d0aeeb3310511e6b22e58b92d76c1d45a50385a348b706
102,110,是,enhanced_extraction,931625c0f64df1f58f0f84dd2d22143b4df6e9a2d1d3b0507bc6a629951f6e38
13,111,包括,enhanced_extraction,09c0593bd8b7420222398fb7c93ce32df70d33633b73fc4e12402155845d4bd2
9,12,类型,enhanced_extraction,a0f990011f89318094029eddd7fc8433047738098f60167fd996d5cd597fc45b
11,12,类型,enhanced_extraction,6eb99ba2cff423e2571ef8f318749216e856ec529f754e4116cb373c00ca8cc4
11,383,类型,enhanced_extraction,eb32e2ff01a2a217bce44e202d150b4b0d98df76bb019edc27e4aca0d14ab46c
30,12,行使,enhanced_extraction,e32ba06d18071d6a8384351a3a10393f6606ad032542fde73f276d5e7e5dca46
159,30,隶属于,enhanced_extraction,42cfcbe108331164aaecb1f0d4a40291b19609fdae9d1c489c91e88ef0bf9eaf
11,12,类型,enhanced_extraction,6eb99ba2cff423e2571ef8f318749216e856ec529f754e4116cb373c00ca8cc4
11,12,具体类型,enhanced_extraction,25bcddb95f4c3eed0f4d213d542f69ec0d3de5983628e90e874034cb5991e67c
102,1430,是,enhanced_extraction,da7e86f2d3400bf9d7851c74d895cfd2e01264e781be4a634580131469161dfa
221,3806,发布,enhanced_extraction,d53b7fad902affde0544f6e4b5ef7c68980a30e5f85ff6900db670efaa7750d8
11,12,类型,enhanced_extraction,6eb99ba2cff423e2571ef8f318749216e856ec529f754e4116cb373c00ca8cc4
219,220,领导,enhanced_extraction,a6c57e5f0ec382cbd654599e606374beb81a3177ce57ada4ce81501c1ca7eb39
219,235,类型,enhanced_extraction,42f4fcda52b9d78ca57aa5187ca807fbfaf39957781a204c7990d756faf1f978
11,12,是,enhanced_extraction,4bb51718453a67d9015b846c6a68662b97572c0a9269a7df9df55bbbce96ae63
9,12,涉及,enhanced_extraction,5248c9d3ca7ecbe057c9b7f8e4427fdc46140ce6caae924a22f2b15012daad62
1095,9,行使主体,enhanced_extraction,225ac96e99e5ab274c7118a0f7caa5cb4715bb1981c3cefe26b374a69ad28a6e
13,301,是,enhanced_extraction,1e5a81ca61c6879ca00c79d80f105184456e2111eed0507ce9943e8742faca39
1178,9,行使主体,enhanced_extraction,1f4a2487ef71eac5f810d64529c434e34add54fc52b6f261e1d3d1caf8c007e1
30,12,行驶主体,enhanced_extraction,03d76779f8a19bcac4ff9fe5fed1378bb2ee918130d2e83f5a1dcf60c73806b3
9,11,属于,enhanced_extraction,ad676a8ff0a6a0269b647bfc2c229efdc791e8aeeabe1893665b8156ae207238
13,220,是,enhanced_extraction,90ed47a36b9c110511bb7444407ba8eea08c427edcf2fff05f0ff0d6fe893c08
102,30,是,enhanced_extraction,49e97e22d3d7e783a2f77af85dd754c7212b8e8b9cb9164e3d6ab83c48b52fac
1827,5038,处罚,enhanced_extraction,a96ade7b9f27d74b97d9589cd6f3e488777cc0ab1d0da86c5085bc393bb23740
102,96,类型,enhanced_extraction,3ae3aeb0c9938fc9352289b17986b74d2af21dddb657fa0b815d164c1bf8fa49
1,9,行使主体,enhanced_extraction,b682a86df8491abefd8e5545f99c474f9d3e64b0932e9baa82dd2f840ab1d841
11,12,是,enhanced_extraction,4bb51718453a67d9015b846c6a68662b97572c0a9269a7df9df55bbbce96ae63
11,79,是,enhanced_extraction,7fc479b7c7f1a5e9a2ccc9b68850e59cde0b8d6838f1979d7b68f16db2615cd8
30,9,行使主体,enhanced_extraction,e5c3d2ac83f2327f2610e99efd5375f04df010240d8cb35905e011c0fb5f6a2a
102,40,是,enhanced_extraction,d6e5cbd67c715a88139bc4a5dfac61d4daa917d34880a8b4a097fe90d05fb274
9,12,涉及,enhanced_extraction,5248c9d3ca7ecbe057c9b7f8e4427fdc46140ce6caae924a22f2b15012daad62
102,80,是,enhanced_extraction,79e8d5b7618f13b08ba6bbab2160ead94042b778e9a4a7619d5ff0e34b6e7ca5
130,96,类型,enhanced_extraction,492011f3caeb38421b0a4dc34d8e68ce6491294b3c8ce6a93e546bba673248da
13,112,包括,enhanced_extraction,c1c571fb1d8601d6e86edffe190ed143e8edabbf9d70d060c2b755ec7778c1a5
1181,43,类型,enhanced_extraction,a791419dfc30ac660cbfe6e275f814dcef5d2359df7c514a0241d04691faaf52
11,12,是,enhanced_extraction,4bb51718453a67d9015b846c6a68662b97572c0a9269a7df9df55bbbce96ae63
220,235,类型,enhanced_extraction,17f06e3cce3a42e526a449fce60ab3d392e69486843ba54e3d52c7ed35ec1239
11,12,类型,enhanced_extraction,6eb99ba2cff423e2571ef8f318749216e856ec529f754e4116cb373c00ca8cc4
9,12,涉及,enhanced_extraction,5248c9d3ca7ecbe057c9b7f8e4427fdc46140ce6caae924a22f2b15012daad62
11,218,是,enhanced_extraction,885d1711b265018c6b5869a35a061431728560bad04aaf3db12f272a809d4bff
233,96,类型,enhanced_extraction,403d8d284bb442ebedf3ec08f061bbf2ab967b37d33ba94afbf403814c3b994b
102,80,是,enhanced_extraction,79e8d5b7618f13b08ba6bbab2160ead94042b778e9a4a7619d5ff0e34b6e7ca5
1662,12,关系,enhanced_extraction,0771b1ade274a58ca5b33d91fc716c7681198fdf3fdc66c568154288023c9287
7577,43,类型,enhanced_extraction,936a9314509654b0eab464003fdcdbb950fef8369bd1056ac8e47e0a8663ac34
9,9,是,enhanced_extraction,69c2f47d1ac218c345aae39b8c7ccf57137614a1b61249f90e391396e84f79a0
219,12,执行,enhanced_extraction,ae6dd7eec740aa1c35166db92b76360270d7504d462869eda3053c34bc5d962b
14,12,承办机构,enhanced_extraction,b3f78f8d91a41eb1f2403baae337ba2537aa7882221cddeb31a73ca4a80babfe
11,173,是,enhanced_extraction,e80c77fff190a0c0b456340055f218f262ef2190e76f90c2dafd8b554948135f
102,1178,是,enhanced_extraction,033cc9758b99b8d0dda0d93e5162b7134d81287fad4be69c866ff9f9b16a7a4d
9,12,涉及,enhanced_extraction,5248c9d3ca7ecbe057c9b7f8e4427fdc46140ce6caae924a22f2b15012daad62
14,122,类型,enhanced_extraction,d3d91c90b4b9122a9fcfca5f480e3cc5e9e5c6b142a143300638dc6e6b4471d4
11,12,类型,enhanced_extraction,6eb99ba2cff423e2571ef8f318749216e856ec529f754e4116cb373c00ca8cc4
350,11,类型,enhanced_extraction,4b384f423e28099930b227a5547c8ec4174f74136e5c2b42d869c5b9c14a4744
234,9,承办机构,enhanced_extraction,ba570c47c490a3bfe283525b4362c3f3c29f0ad091f70e5425c7d0a12c532574
233,96,类型,enhanced_extraction,403d8d284bb442ebedf3ec08f061bbf2ab967b37d33ba94afbf403814c3b994b
11,12,是,enhanced_extraction,4bb51718453a67d9015b846c6a68662b97572c0a9269a7df9df55bbbce96ae63
12,11,类型,enhanced_extraction,d250a3e2b5b7ceab7cccbdfff1e3b8cbdc70239998775ce9a8b2acb81f9e7784
79,11,类型,enhanced_extraction,357ff0f70265df4abbfc9fc67ba14c3a29f8b74763a0456e1d3a46a30f73d772
1,4,包含,enhanced_extraction,883be48f7bf53ea55ca7fa6c5c24425c8a1dfc35b58d44287b550be327159e4d
233,158,行使,enhanced_extraction,963097439bd6c3d6936e3215236ffeb21bce32de77b2e5c24b2ba664108fdb00
102,30,是,enhanced_extraction,49e97e22d3d7e783a2f77af85dd754c7212b8e8b9cb9164e3d6ab83c48b52fac
1,12,行使,enhanced_extraction,c08e68caf7e0c37bae356d0d904b65ddeaf393789cacb1d0dc97b5562f140732
102,164,是,enhanced_extraction,a80ad6ee4e5699c85935b930e4979b0e242208aeb958dbce2322b0ef11af2eb2
11,308,是,enhanced_extraction,ecb06d577a5f273c2f13422e7f79961966e4fb437e16acc1fb731831344bc4db
159,12,具体执行机构,enhanced_extraction,1cbd7cdbee38cd9d4f940ba40e2f9ee0c481b5bd554150945f7825a99a68a7b8
111,9,承办机构,enhanced_extraction,0e1b65ae7d6d6e353db7e399f405a5901a391d7cf7e5ce64d9691610e8aa234b
102,1,是,enhanced_extraction,e7673144fe059008120004a15b8b74a285f82c6ab41977014fcf98bd828f26e9
164,928,包含,enhanced_extraction,e45eb5e32e9e1ffe6b34ba2e357542437939550d18c4a22a5200ee3ccac85e1e
102,30,是,enhanced_extraction,49e97e22d3d7e783a2f77af85dd754c7212b8e8b9cb9164e3d6ab83c48b52fac
112,122,类型,enhanced_extraction,7ae865bfc46cdf8d9a898f26fcc7f9f2bde7ef11aca8f3054fe0623692e5b7f3
164,9,行使,enhanced_extraction,7ea5843f65c727ff958e6f61d184f91e11cde666eeffabdbc99fa7e84e8a709e
219,220,管理,enhanced_extraction,99ad407c98cd340a67b7cc53295c079e967a6bc513a2f41de3740de42c0eab53
219,12,行驶主体,enhanced_extraction,7f7cd218e5a63f8cfed49f0763413c3805dae3dea7ad67d9c9014df5fe95e27e
9,11,包含,enhanced_extraction,5274af0039cfb20f667e5112a5fb84dd67e44706aa85fc6cfa2ece9266003c06
11,12,是,enhanced_extraction,4bb51718453a67d9015b846c6a68662b97572c0a9269a7df9df55bbbce96ae63
11,2739,是,enhanced_extraction,ccfb10cb320b41b4683c868439b1abd742e438e457eb23607daccee771d46128
11,350,是,enhanced_extraction,7fa4f4b4033afd36ccb46abeecc8e5a8711fa14f70e617b795e2b335abf2616f
748,2,类型,enhanced_extraction,d9bfcf3b0d5677ffbfa182cb8db9de02b3157e1f336bcd78583e2cc08869a4c3
14,12,执行,enhanced_extraction,4d116ce6be35e606f7485fbdd7e5afb729d1118a0c1123e93dcd657985fbd933
112,12,承办机构,enhanced_extraction,61354e19e5a8c6aa913e2c3f2a7c2d6ab87c1edaada8be5e039519f0c19f4719
130,9,行使主体,enhanced_extraction,e6231a3f41095456f7d0aeeb3310511e6b22e58b92d76c1d45a50385a348b706
756,9,承办机构,enhanced_extraction,63ab9dfc60a3271f3ac40c4de4975146fe53f8db38023334f9b77a6a0f9a6631
9,2353,类型,enhanced_extraction,f4660b3d54295843471e96552066c09245c0f652952347549f19a812fed2b3d1
4,1,承办机构,enhanced_extraction,f7483722370a3db6cc6e9698d7f621113a7fe751bca6b181a1961b22639e7ed3
30,2,类型,enhanced_extraction,c0d1532887cdfd00b79b6bb0d2bbc73841cf049bb0da64334f00e0300014746b
80,12,行使主体,enhanced_extraction,75b93f846aed0d2bb84ea5d06a78a31b4b70b391d50fc51be75f8c8a4beeb801
11,12,是,enhanced_extraction,4bb51718453a67d9015b846c6a68662b97572c0a9269a7df9df55bbbce96ae63
164,96,类型,enhanced_extraction,cee014ad6e4a569563c8424370d6d3ab0ae2b302dcef061273248f9442963009
102,30,是,enhanced_extraction,49e97e22d3d7e783a2f77af85dd754c7212b8e8b9cb9164e3d6ab83c48b52fac
112,9,承办机构,enhanced_extraction,8c5141659c6f1ee72a6318e02df92ddfe59b9b1688527026bd5d1ccd13b7ea53
164,96,类型,enhanced_extraction,cee014ad6e4a569563c8424370d6d3ab0ae2b302dcef061273248f9442963009
11,218,是,enhanced_extraction,885d1711b265018c6b5869a35a061431728560bad04aaf3db12f272a809d4bff
216,9,承办机构,enhanced_extraction,5ba87334444333f8c68e653152b6a4dcb01798bd3d159794cb904c1ff8fd3a2b
1430,9,行驶主体,enhanced_extraction,fd61dd6e35401113924640f77c6dedf01c046a72d00f398418f62a94694e2b81
12,11,属于,enhanced_extraction,1c070514f019fc07536ffe381f9b1714c0fa030181e73dc73366c74ecb5406e1
80,96,类型,enhanced_extraction,60589a9f7239b972454c94ebe1d88b353e4c9fad16152fb4bc372a569d001482
590,1093,类型,enhanced_extraction,a2c240784951db8c624ccf8269dd42a09fb105c8f80fc4f04897e3c9fc915626
346,342,责令改正,enhanced_extraction,7910e411378983967a67767752956c6456d697f7ea7f76b33bfa6f7872ce7548
14,590,隶属于,enhanced_extraction,3f07885d9e2f0ca8bb3e6bb9c030ed830124acb5ff6297c48d95c982f5845bff
230,35,类型,enhanced_extraction,9c5b7a60c84063379f2dde28e49dc71997b3d1d9892b227f553bf7a9f2ea77ef
111,96,类型,enhanced_extraction,6c641c34d6df5a4578a6d098fdd1fab8f3d4927213fe0dc030c3d004bebc61df
13,69,是,enhanced_extraction,b36100edef6126a3253cd6d3c8436b60d913028144208e6d85d8fb7e9929ef09
102,96,类型,enhanced_extraction,3ae3aeb0c9938fc9352289b17986b74d2af21dddb657fa0b815d164c1bf8fa49
13,519,是,enhanced_extraction,bb4ae818fa4f7383d140872148177d756707f6e9095b2adffdfdf922b4e7a6d2
9,12,权力类型,enhanced_extraction,2a21d93536f75c6e5a649144635cc06abdf7efba771dbc93580f9c998bc093b7
1599,96,类型,enhanced_extraction,a3636e70e93b84e42632c57f9cf41e0048f283b01d0e32c475c35d24444f12a2
11,158,类型,enhanced_extraction,cda646284c8305fbf7150a4885df91557c57facfeb63be63e446a3533d4aeb8d
364,96,类型,enhanced_extraction,5088095e6831dd67dad2f4b89cd6d1bd67b15b3888e94334f2a6c2c240929990
219,220,领导,enhanced_extraction,a6c57e5f0ec382cbd654599e606374beb81a3177ce57ada4ce81501c1ca7eb39
112,235,类型,enhanced_extraction,6d63d909d24b245db5e507c453a9c89caf0d2552810df5b6d13dbdd40976ccb7
134,12,导致,enhanced_extraction,344dae2488c1d6d6e4a18b4d1aacc24b2641f38e34359f2cd29c263215db6ec3
9,11,属于,enhanced_extraction,ad676a8ff0a6a0269b647bfc2c229efdc791e8aeeabe1893665b8156ae207238
2707,43,类型,enhanced_extraction,89e25174d3598cb1812dc8d248c88dcc9527003378f50233cfd951632196cd47
541,96,类型,enhanced_extraction,d2585091f7495a19e7cfa78aae7706c7cdd4be5765fee9398808dbdea0d16627
11,218,是,enhanced_extraction,885d1711b265018c6b5869a35a061431728560bad04aaf3db12f272a809d4bff
13,122,类型,enhanced_extraction,fe19e8b5dbf358107d721c0776af57adf1f5553bea6cbad339f4fc494cfb6524
11,12,是,enhanced_extraction,4bb51718453a67d9015b846c6a68662b97572c0a9269a7df9df55bbbce96ae63
54,96,类型,enhanced_extraction,700a62739c603330fad1f06488dd2cf7d267b48ec4e9b119ab2c60183e939f38
80,96,类型,enhanced_extraction,60589a9f7239b972454c94ebe1d88b353e4c9fad16152fb4bc372a569d001482
11,383,类型,enhanced_extraction,eb32e2ff01a2a217bce44e202d150b4b0d98df76bb019edc27e4aca0d14ab46c
2563,96,类型,enhanced_extraction,0fefb8dc71adaa9446a257cf4c19d22ad2c67fa8cf27e5bc541ce74dd02fb5fc
13,111,包括,enhanced_extraction,09c0593bd8b7420222398fb7c93ce32df70d33633b73fc4e12402155845d4bd2
12,825,类型,enhanced_extraction,f23b6e42d2ddf04052d4f66c49219b5c90dd417a9a4460243b7b8ea5f9fb26d4
13,364,是,enhanced_extraction,9fc3cff5a46cc7af124ec0e5a2f02ff45b7840d4d7e52f27cb7aceb17cd11ea9
924,235,类型,enhanced_extraction,6502fbb8e3fa9d7732383e93c5fa5f2696379e3bc48ccefaedf483ab65a8eb06
1950,4007,类型,enhanced_extraction,72a22eed9dab771dc55bf25fda001cb36fe6f1a4bdfe599be0a973ed55f13928
11,12,是,enhanced_extraction,4bb51718453a67d9015b846c6a68662b97572c0a9269a7df9df55bbbce96ae63
102,110,是,enhanced_extraction,931625c0f64df1f58f0f84dd2d22143b4df6e9a2d1d3b0507bc6a629951f6e38
13,519,是,enhanced_extraction,bb4ae818fa4f7383d140872148177d756707f6e9095b2adffdfdf922b4e7a6d2
12,825,类型,enhanced_extraction,f23b6e42d2ddf04052d4f66c49219b5c90dd417a9a4460243b7b8ea5f9fb26d4
219,96,类型,enhanced_extraction,501d98fd934829def13421070a3527c368142d959d3066786d506a91cfa7e243
173,11,属于,enhanced_extraction,34c7a60d3f55216387cb1b18c8dcbfffa54064bf787272631bdda60d57f70dca
103,9,承办机构,enhanced_extraction,462d07795ad187949e49c2b5e2dc4e6b5f249b09ee3fbceddb08803e11dc74ed
219,12,行驶主体,enhanced_extraction,7f7cd218e5a63f8cfed49f0763413c3805dae3dea7ad67d9c9014df5fe95e27e
102,96,类型,enhanced_extraction,3ae3aeb0c9938fc9352289b17986b74d2af21dddb657fa0b815d164c1bf8fa49
159,30,隶属于,enhanced_extraction,42cfcbe108331164aaecb1f0d4a40291b19609fdae9d1c489c91e88ef0bf9eaf
130,9,行使主体,enhanced_extraction,e6231a3f41095456f7d0aeeb3310511e6b22e58b92d76c1d45a50385a348b706
11,12,是,enhanced_extraction,4bb51718453a67d9015b846c6a68662b97572c0a9269a7df9df55bbbce96ae63
164,2,类型,enhanced_extraction,ba9fe9ab108badb23ce81524d67c7020be1069552083caaf6bf4b62e45e55dc9
2756,12,承办机构,enhanced_extraction,cd12e3ea2fdf4faee1d60ed72d55af6cffe14e6d8c138c168c321bc717133990
110,12,行驶主体,enhanced_extraction,f88c6e627f6d22435f5814c97bc33cc97b81268648a0c711d18a8c910982266b
9,382,类型,enhanced_extraction,4cfb3db1b2e67bf8b438df39105b31616b659cf569445ffadf95f4ce4ab87e94
1,12,行使,enhanced_extraction,c08e68caf7e0c37bae356d0d904b65ddeaf393789cacb1d0dc97b5562f140732
11,12,类型,enhanced_extraction,6eb99ba2cff423e2571ef8f318749216e856ec529f754e4116cb373c00ca8cc4
30,96,类型,enhanced_extraction,67ef09263d41efc13438e970d6b90d6ddeaebf07422d9d42053516d76b0dec73
102,1430,是,enhanced_extraction,da7e86f2d3400bf9d7851c74d895cfd2e01264e781be4a634580131469161dfa
1,9,承办机构,enhanced_extraction,d4bbce50f2ed6253b774266cf49a46cab6f193965ce41d806d08108bc32f67ae
541,96,类型,enhanced_extraction,d2585091f7495a19e7cfa78aae7706c7cdd4be5765fee9398808dbdea0d16627
1178,9,行使主体,enhanced_extraction,1f4a2487ef71eac5f810d64529c434e34add54fc52b6f261e1d3d1caf8c007e1
220,12,承办机构,enhanced_extraction,d6dd83fe48b58aecde65a1553db5e9368a2092ae2cc2050a62981de65361d57c
9,12,属于,enhanced_extraction,f0795b40f45aed0659748890f09b67ab13ac9efdbbdb3af2aa803c5e7adddb68
1178,9,行使主体,enhanced_extraction,1f4a2487ef71eac5f810d64529c434e34add54fc52b6f261e1d3d1caf8c007e1
11,12,是,enhanced_extraction,4bb51718453a67d9015b846c6a68662b97572c0a9269a7df9df55bbbce96ae63
159,9,承办机构,enhanced_extraction,5ee791beca09708a05a9fe7eceb9c231426399dbe2641494d195fb85608460d1
79,11,是,enhanced_extraction,eded1ef8b8cda0c767ba5975434155285c793c8097b3c8c17b219b608f664321
13,103,是,enhanced_extraction,1b5b4a6b26df270a9c16a69f9d5e70d230d38e452e30a89449afe7a565899b1f
11,12,是,enhanced_extraction,4bb51718453a67d9015b846c6a68662b97572c0a9269a7df9df55bbbce96ae63
1181,9,承办机构,enhanced_extraction,fbf893c796f6733d398675680118ff1a4ffe7969b584bf6f1e42a7877a22031a
657,218,类型,enhanced_extraction,6ce192c8edb1260fa102b88461493f9c1ceaa7d1e4440760ae84bdcb50d40cd7
455,12,承办机构,enhanced_extraction,21b81897cf3703c711067ced1bab27e399c17d64279d3872f89c72037ddcdfd8
164,928,包含,enhanced_extraction,e45eb5e32e9e1ffe6b34ba2e357542437939550d18c4a22a5200ee3ccac85e1e
102,30,是,enhanced_extraction,49e97e22d3d7e783a2f77af85dd754c7212b8e8b9cb9164e3d6ab83c48b52fac
111,13,属于,enhanced_extraction,30a94fc034d62aeef2dbfeda0365ce19ffe0ae920d294cddbeb30918faec18ba
219,12,行使主体,enhanced_extraction,48c9be9799eee1b308a712f26eeac8073f8cfcf02dfeb1b31345add10211760c
159,9,承办机构,enhanced_extraction,5ee791beca09708a05a9fe7eceb9c231426399dbe2641494d195fb85608460d1
102,30,是,enhanced_extraction,49e97e22d3d7e783a2f77af85dd754c7212b8e8b9cb9164e3d6ab83c48b52fac
13,5005,包括,enhanced_extraction,b4df8125d43a7ca49d5a4bc4ade8089f768f180a525c29265410ebab35b2d94c
130,12,行使主体,enhanced_extraction,f560c66e39df5f6e7d5a65a30056284a25c482f51a4c3a31a6b07b6102dc1c70
9,350,类型,enhanced_extraction,7fd8beb57f902ef18fee93805249045419749e52420c0a29c868937e10da3da5
519,9,承办机构,enhanced_extraction,b0629528aff73dc1b3152c49d06e06bd7bce855de12798666cef753fa18bf60f
80,9,行使主体,enhanced_extraction,d86caad16a8669befcbe6c8b19ce7cfa4d7111735beee3330c276b0ae823c537
102,110,是,enhanced_extraction,931625c0f64df1f58f0f84dd2d22143b4df6e9a2d1d3b0507bc6a629951f6e38
12,11,涉及,enhanced_extraction,f2b2177b79d0c5838a1dfdb2e8d03b036b9f4c03da52a25ccd06da5df955a86d
1178,96,类型,enhanced_extraction,82a820e9e9351463ef12782f6eb3201635e8d2b5848fb6002526433540c1dfe3
30,12,行使主体,enhanced_extraction,1e7200094dd34c790193171ddcf0ebf515cdc55593921a196744b29e5fa0a671
11,308,是,enhanced_extraction,ecb06d577a5f273c2f13422e7f79961966e4fb437e16acc1fb731831344bc4db
15,970,是,enhanced_extraction,f103e52c34e7f30704db42fbb0cb5b64128fd395a335db78d5195d0c85c2c260
40,9,行使主体,enhanced_extraction,4b02e6590411a32fbac58702a0d2f286bd8aac4df66d8499f9e218c2478fae86
164,9,行驶主体,enhanced_extraction,09c09f8f1d385d8baf4b8e1ba70ac0aaa1f904b1cc805b077741b95d4cd92bba
102,518,是,enhanced_extraction,69503e4b392f7ae31ef14944ea242179127a6741c15d2612e282d2da4d329d33
1944,462,给予,enhanced_extraction,a923dc90e0737c935acc636750d4e7fbd2320018e3760a96e986019cc142a161
13,111,包括,enhanced_extraction,09c0593bd8b7420222398fb7c93ce32df70d33633b73fc4e12402155845d4bd2
102,197,是,enhanced_extraction,b735436bf437d7c3115e2a60bf188709221fd86fd0d803164c90ca2bb0ee33dc
12,158,类型,enhanced_extraction,06d83acee2e2097064c89c41506386eb57a4678aedfe309dafe18d04c22a8fee
11,826,类型,enhanced_extraction,4bf83b19e7d96fc3c623f7da6298856b709c2ac414cc0afd10e92114bae2cbe1
30,159,承办机构,enhanced_extraction,1d5307d14d8f3b4a85d80ab403512863a3b233bf05651cd6fe0a2fe9ddfe29bc
233,9,行使主体,enhanced_extraction,5e183a336d20352bd8b994006317c9b8b8906deb81b1c6c331037621a9ba156c
159,12,执行,enhanced_extraction,b372eda1732d81dec32e0418db59c729418cb4f85c0d667370ae68045858fa65
54,55,类型,enhanced_extraction,f0dc3fbd0d92917ca5b59850d86ca8147a3a0e71905769675eea77bbbfc4e937
1178,96,类型,enhanced_extraction,82a820e9e9351463ef12782f6eb3201635e8d2b5848fb6002526433540c1dfe3
11,12,是,enhanced_extraction,4bb51718453a67d9015b846c6a68662b97572c0a9269a7df9df55bbbce96ae63
11,12,是,enhanced_extraction,4bb51718453a67d9015b846c6a68662b97572c0a9269a7df9df55bbbce96ae63
11,12,类型,enhanced_extraction,6eb99ba2cff423e2571ef8f318749216e856ec529f754e4116cb373c00ca8cc4
80,96,类型,enhanced_extraction,60589a9f7239b972454c94ebe1d88b353e4c9fad16152fb4bc372a569d001482
11,12,是,enhanced_extraction,4bb51718453a67d9015b846c6a68662b97572c0a9269a7df9df55bbbce96ae63
842,3807,构成犯罪,enhanced_extraction,5e9173175d0882158eef2e76458760b9d90a6342e09b1c593b013006b33ffa8c
105,387,实施依据,enhanced_extraction,d8567028e94fffec89c239b551b894f24606cdc5d419072f2359672c00010e83
11,12,是,enhanced_extraction,4bb51718453a67d9015b846c6a68662b97572c0a9269a7df9df55bbbce96ae63
110,9,行使主体,enhanced_extraction,04e6686a6ac48a1d6a9411fec475951914afa06d06fa0a9960c1d911aebee2c4
130,9,行使主体,enhanced_extraction,e6231a3f41095456f7d0aeeb3310511e6b22e58b92d76c1d45a50385a348b706
9,12,类型,enhanced_extraction,a0f990011f89318094029eddd7fc8433047738098f60167fd996d5cd597fc45b
111,13,属于,enhanced_extraction,30a94fc034d62aeef2dbfeda0365ce19ffe0ae920d294cddbeb30918faec18ba
11,12,类型,enhanced_extraction,6eb99ba2cff423e2571ef8f318749216e856ec529f754e4116cb373c00ca8cc4
13,111,是,enhanced_extraction,e92990fdba5592a3b6fcc22d9ea34b712eeb46b1805330cd6168afde79c38daa
12,158,类型,enhanced_extraction,06d83acee2e2097064c89c41506386eb57a4678aedfe309dafe18d04c22a8fee
12,11,属于,enhanced_extraction,1c070514f019fc07536ffe381f9b1714c0fa030181e73dc73366c74ecb5406e1
102,1,属于,enhanced_extraction,558b776923905535064aeb4e2532fb120a35411fd4a2863189e009b8a178c189
316,96,类型,enhanced_extraction,ed5d9866486bddacca0c511fb295f3c277e00b56d7add0ade4202d53cbfdef4b
102,130,是,enhanced_extraction,927e2c3c89401500404e75bab06f2597a18d0881b1d81c4f2fb0034b46ecae9e
9,12,类型,enhanced_extraction,a0f990011f89318094029eddd7fc8433047738098f60167fd996d5cd597fc45b
9,719,包含,enhanced_extraction,5bc53b1e9229dd599ab9a76c432d1bce8bc09b1f79af8d1aaf52bea19fae5b36
11,12,是,enhanced_extraction,4bb51718453a67d9015b846c6a68662b97572c0a9269a7df9df55bbbce96ae63
233,9,行使主体,enhanced_extraction,5e183a336d20352bd8b994006317c9b8b8906deb81b1c6c331037621a9ba156c
9,382,类型,enhanced_extraction,4cfb3db1b2e67bf8b438df39105b31616b659cf569445ffadf95f4ce4ab87e94
11,218,是,enhanced_extraction,885d1711b265018c6b5869a35a061431728560bad04aaf3db12f272a809d4bff
617,9,行驶主体,enhanced_extraction,0b0f09777283057d65ecb1d7b0111d2046640b9f0bccd2e17ee874f90793ce71
54,55,类型,enhanced_extraction,f0dc3fbd0d92917ca5b59850d86ca8147a3a0e71905769675eea77bbbfc4e937
102,1088,类型,enhanced_extraction,d476616ddad9f3e30c1d0518ad5e0ee8edd34f616971f1de723f16bf46a5b242
111,13,是,enhanced_extraction,b7cf98b8f25ee4400e215866539ad16fcce1102a7d03f633fbe5895bdc71e1a6
30,12,行驶主体,enhanced_extraction,03d76779f8a19bcac4ff9fe5fed1378bb2ee918130d2e83f5a1dcf60c73806b3
13,69,是,enhanced_extraction,b36100edef6126a3253cd6d3c8436b60d913028144208e6d85d8fb7e9929ef09
30,159,包含,enhanced_extraction,746dad8207c11e936f9291a4d48652549063b984284c0ab2036a0471f7b9f7b4
13,111,包括,enhanced_extraction,09c0593bd8b7420222398fb7c93ce32df70d33633b73fc4e12402155845d4bd2
111,9,承办机构,enhanced_extraction,0e1b65ae7d6d6e353db7e399f405a5901a391d7cf7e5ce64d9691610e8aa234b
219,2,类型,enhanced_extraction,f06453bacaa48099a118b546931a1fef0ab287a8b69aea311d03e2fe23de6119
102,652,是,enhanced_extraction,480c0876cb664f8ea265e948b861a742da918153c87a718afc35134a7f352dff
79,11,类型,enhanced_extraction,357ff0f70265df4abbfc9fc67ba14c3a29f8b74763a0456e1d3a46a30f73d772
13,69,是,enhanced_extraction,b36100edef6126a3253cd6d3c8436b60d913028144208e6d85d8fb7e9929ef09
9,1342,类型,enhanced_extraction,4b9781a9f448bcf84e0d1d33e0f2531bd466746a1d8b574b7a87107e2b781de9
12,11,类型,enhanced_extraction,d250a3e2b5b7ceab7cccbdfff1e3b8cbdc70239998775ce9a8b2acb81f9e7784
14,1093,类型,enhanced_extraction,ba0c8ba78e2851c90f8cab6881aa129f67cdeea801ca4e26179a761686b699f4
197,96,类型,enhanced_extraction,3613e63056aa1a9b98e7f24d4a8017b1defea35408ff820f4a06659c6c6fc3f3
80,9,行使主体,enhanced_extraction,d86caad16a8669befcbe6c8b19ce7cfa4d7111735beee3330c276b0ae823c537
1181,9,承办机构,enhanced_extraction,fbf893c796f6733d398675680118ff1a4ffe7969b584bf6f1e42a7877a22031a
112,122,类型,enhanced_extraction,7ae865bfc46cdf8d9a898f26fcc7f9f2bde7ef11aca8f3054fe0623692e5b7f3
2756,9,承办机构,enhanced_extraction,b626cb4257d41c7fc98cfb3d20397a2e300cb3cf665d2b490292e0b6d1396832
9,12,类型,enhanced_extraction,a0f990011f89318094029eddd7fc8433047738098f60167fd996d5cd597fc45b
12,11,类型,enhanced_extraction,d250a3e2b5b7ceab7cccbdfff1e3b8cbdc70239998775ce9a8b2acb81f9e7784
24,387,类型,enhanced_extraction,a7cdcde9254d1443f610ded63158e61d43cb567d1230d54c99117dda33653d16
518,519,包含,enhanced_extraction,aa95e92726de7183cd3e1f53837662a277c27a73cc7f6fdfa3e271a69985a022
197,96,类型,enhanced_extraction,3613e63056aa1a9b98e7f24d4a8017b1defea35408ff820f4a06659c6c6fc3f3
102,96,类型,enhanced_extraction,3ae3aeb0c9938fc9352289b17986b74d2af21dddb657fa0b815d164c1bf8fa49
102,30,是,enhanced_extraction,49e97e22d3d7e783a2f77af85dd754c7212b8e8b9cb9164e3d6ab83c48b52fac
9,719,包含,enhanced_extraction,5bc53b1e9229dd599ab9a76c432d1bce8bc09b1f79af8d1aaf52bea19fae5b36
13,14,是,enhanced_extraction,bfbeedc7e6daf4f851060b875d14b5b7c1dab5b695356d4176fd018de0894ae2
112,122,类型,enhanced_extraction,7ae865bfc46cdf8d9a898f26fcc7f9f2bde7ef11aca8f3054fe0623692e5b7f3
12,11,属于,enhanced_extraction,1c070514f019fc07536ffe381f9b1714c0fa030181e73dc73366c74ecb5406e1
11,308,类型,enhanced_extraction,0ff5ea162302b0bbab4e3bd9fc4326cf81f15ef7e767f095eada26f186e15a6d
102,394,是,enhanced_extraction,d8eecbbb48fe7bd4b15bf48fe20bd887dd02ba42ab16e82d066d61f0587213ef
102,1,是,enhanced_extraction,e7673144fe059008120004a15b8b74a285f82c6ab41977014fcf98bd828f26e9
102,394,是,enhanced_extraction,d8eecbbb48fe7bd4b15bf48fe20bd887dd02ba42ab16e82d066d61f0587213ef
12,825,类型,enhanced_extraction,f23b6e42d2ddf04052d4f66c49219b5c90dd417a9a4460243b7b8ea5f9fb26d4
9,12,权力类型,enhanced_extraction,2a21d93536f75c6e5a649144635cc06abdf7efba771dbc93580f9c998bc093b7
30,159,上级机构,enhanced_extraction,b7cd1f82cbcae5773c941a73bfd8d4c71cf1843096fbddc1bb7bde7cdd9a3602
11,79,是,enhanced_extraction,7fc479b7c7f1a5e9a2ccc9b68850e59cde0b8d6838f1979d7b68f16db2615cd8
112,12,承办机构,enhanced_extraction,61354e19e5a8c6aa913e2c3f2a7c2d6ab87c1edaada8be5e039519f0c19f4719
11,12,是,enhanced_extraction,4bb51718453a67d9015b846c6a68662b97572c0a9269a7df9df55bbbce96ae63
875,571,违反,enhanced_extraction,24c5cce22d2acabc3c202544a06bc623f3e41b2e83ad7fc74bbdedcbc6a46006
102,394,是,enhanced_extraction,d8eecbbb48fe7bd4b15bf48fe20bd887dd02ba42ab16e82d066d61f0587213ef
173,11,属于,enhanced_extraction,34c7a60d3f55216387cb1b18c8dcbfffa54064bf787272631bdda60d57f70dca
220,235,类型,enhanced_extraction,17f06e3cce3a42e526a449fce60ab3d392e69486843ba54e3d52c7ed35ec1239
159,12,承办机构,enhanced_extraction,6aff489ab10dbf8c13027d23db776f9011bc8513954287f449cc26e5f34714f1
234,9,承办机构,enhanced_extraction,ba570c47c490a3bfe283525b4362c3f3c29f0ad091f70e5425c7d0a12c532574
13,122,类型,enhanced_extraction,fe19e8b5dbf358107d721c0776af57adf1f5553bea6cbad339f4fc494cfb6524
102,80,是,enhanced_extraction,79e8d5b7618f13b08ba6bbab2160ead94042b778e9a4a7619d5ff0e34b6e7ca5
590,1093,类型,enhanced_extraction,a2c240784951db8c624ccf8269dd42a09fb105c8f80fc4f04897e3c9fc915626
30,159,承办机构,enhanced_extraction,1d5307d14d8f3b4a85d80ab403512863a3b233bf05651cd6fe0a2fe9ddfe29bc
13,103,是,enhanced_extraction,1b5b4a6b26df270a9c16a69f9d5e70d230d38e452e30a89449afe7a565899b1f
11,12,是,enhanced_extraction,4bb51718453a67d9015b846c6a68662b97572c0a9269a7df9df55bbbce96ae63
11,12,是,enhanced_extraction,4bb51718453a67d9015b846c6a68662b97572c0a9269a7df9df55bbbce96ae63
9,12,属于,enhanced_extraction,f0795b40f45aed0659748890f09b67ab13ac9efdbbdb3af2aa803c5e7adddb68
11,2770,是,enhanced_extraction,edbb49be5d73447ba1ffe55aed512120a6e0f63332dae48bb9df35ebdfaeafb9
111,9,承办机构,enhanced_extraction,0e1b65ae7d6d6e353db7e399f405a5901a391d7cf7e5ce64d9691610e8aa234b
111,13,是,enhanced_extraction,b7cf98b8f25ee4400e215866539ad16fcce1102a7d03f633fbe5895bdc71e1a6
13,111,包括,enhanced_extraction,09c0593bd8b7420222398fb7c93ce32df70d33633b73fc4e12402155845d4bd2
11,11,类型,enhanced_extraction,63c0cb89fd070cec56228a2b437fabe6a35d41178bcf0e57ad410146f146783a
11,12,类型,enhanced_extraction,6eb99ba2cff423e2571ef8f318749216e856ec529f754e4116cb373c00ca8cc4
69,96,类型,enhanced_extraction,0cf85038d90dff04f83eb082373f9fe8965f453bc0ecc414841181e01a8fb832
11,218,是,enhanced_extraction,885d1711b265018c6b5869a35a061431728560bad04aaf3db12f272a809d4bff
102,130,是,enhanced_extraction,927e2c3c89401500404e75bab06f2597a18d0881b1d81c4f2fb0034b46ecae9e
11,173,是,enhanced_extraction,e80c77fff190a0c0b456340055f218f262ef2190e76f90c2dafd8b554948135f
13,220,是,enhanced_extraction,90ed47a36b9c110511bb7444407ba8eea08c427edcf2fff05f0ff0d6fe893c08
110,96,类型,enhanced_extraction,6195f18a7eade16713482bb3519268c7fd3a3d906a61d038dc046d2b4adb3939
112,9,承办机构,enhanced_extraction,8c5141659c6f1ee72a6318e02df92ddfe59b9b1688527026bd5d1ccd13b7ea53
30,9,行使主体,enhanced_extraction,e5c3d2ac83f2327f2610e99efd5375f04df010240d8cb35905e011c0fb5f6a2a
112,4447,类型,enhanced_extraction,866e7cd74904185a4d85477d51c6c32734b03ab379dcd19aa648199ca8135125
15,104,是,enhanced_extraction,1a69a170d19933771028e5e5852ce9ac4882b067dd8790d345d5c8debbffc7c2
102,1,是,enhanced_extraction,e7673144fe059008120004a15b8b74a285f82c6ab41977014fcf98bd828f26e9
102,1024,是,enhanced_extraction,552a229b0820f02bbc09a231736f4651baa39e0bad33cb3abf8caa99e7cd3503
11,79,是,enhanced_extraction,7fc479b7c7f1a5e9a2ccc9b68850e59cde0b8d6838f1979d7b68f16db2615cd8
30,12,行使,enhanced_extraction,e32ba06d18071d6a8384351a3a10393f6606ad032542fde73f276d5e7e5dca46
9,12,包含,enhanced_extraction,6ab100b3be1034ebc59393e0f044cc8640333a0bf7c977502390e874381695cf
15,6184,是,enhanced_extraction,990d810ced185df72809dcf30434e5a953e3b2ccc064a47b120d2586d648383c
219,96,类型,enhanced_extraction,501d98fd934829def13421070a3527c368142d959d3066786d506a91cfa7e243
220,12,承办机构,enhanced_extraction,d6dd83fe48b58aecde65a1553db5e9368a2092ae2cc2050a62981de65361d57c
692,1,承办机构,enhanced_extraction,d3a6a8c54bcc73e0f7ce3b756ac7c3b6c4af3b02e1f46843538a752faa650886
13,111,包括,enhanced_extraction,09c0593bd8b7420222398fb7c93ce32df70d33633b73fc4e12402155845d4bd2
159,122,类型,enhanced_extraction,ac95a8754b9cf555ad1f7b6963dfd724829642f155c6b04c4c82d577ec28198a
30,12,行驶主体,enhanced_extraction,03d76779f8a19bcac4ff9fe5fed1378bb2ee918130d2e83f5a1dcf60c73806b3
11,12,包含,enhanced_extraction,c7108b0e6d2e3863b970d616b39759a19070792922effbf8d19d227196f88034
275,9,承办机构,enhanced_extraction,1e5b77b58fbe1ccb96cdcffe12fc08034cd600b4efc9586b3276d27b6f96f358
102,4082,是,enhanced_extraction,aa6c8a8214dee6e45df2c226644b8b8b18c101dc40d7599e5e65f14092c882f8
541,12,行使主体,enhanced_extraction,df7f899061726b8a34f352fe4829e1a3c042efd540afbf20807a07fc870bdf1a
30,12,行驶主体,enhanced_extraction,03d76779f8a19bcac4ff9fe5fed1378bb2ee918130d2e83f5a1dcf60c73806b3
102,1343,是,enhanced_extraction,c410c8771dfda6f93e7d83ad006a8abdfb4ad626318e90090825848c20bd4c40
827,12,行使主体,enhanced_extraction,99cf731628411acfd1f8b81fa5f7bf94b63a2ab0ee1e2851aac7c5c450f2f302
159,161,类型,enhanced_extraction,989f07c7e0245d209d6ad9096d27401730372ca04283241f1a933bb0715b402e
519,9,承办机构,enhanced_extraction,b0629528aff73dc1b3152c49d06e06bd7bce855de12798666cef753fa18bf60f
218,11,类型,enhanced_extraction,bb26e13773f7c4d179f747f7f5ed17132f05fd0a52aa6a784280b7cedc72f376
164,9,行使主体,enhanced_extraction,786ebd4ad9d4f9a7110adcce82b6fb31da86f193f9b2bcb48bcb6c3affd2526c
112,13,属于,enhanced_extraction,92764e7a0e5723fbb8222688d27344988ebd374de6ff18da62656b9583f95f91
11,79,是,enhanced_extraction,7fc479b7c7f1a5e9a2ccc9b68850e59cde0b8d6838f1979d7b68f16db2615cd8
197,12,行使主体,enhanced_extraction,6fde912d0d7e947fe317a68a7499e27967ccde85ee8962d9603dd6668595927f
2038,8561,撤销,enhanced_extraction,7562618e7142dfeb791b0c7ef3a3ee34a75f68e8dbf61297175c518be9fecb3e
11,218,是,enhanced_extraction,885d1711b265018c6b5869a35a061431728560bad04aaf3db12f272a809d4bff
782,799,类型,enhanced_extraction,3adb795157a844e348f8afe8d441addb11b559d0439539fdab063e9eede6c44d
111,12,承办机构,enhanced_extraction,17327f9a1de1086d2c73256ac92cbbf571e23426c4b96cee6a87dfe4055ef86c
102,1095,是,enhanced_extraction,e6e9b3bf3bb384135d997cc83f35ccfb54f7249a83b87f058987f1b013b177eb
15,230,是,enhanced_extraction,df4a6222f9700e27b4c02d07e0c206a9bb89b357487229fc3e34c2509042bbf3
219,12,行驶主体,enhanced_extraction,7f7cd218e5a63f8cfed49f0763413c3805dae3dea7ad67d9c9014df5fe95e27e
1468,235,类型,enhanced_extraction,3b49e9b159034a118e2270c23a6d78ca52bcb22b015437cbefcf3b28408e14a3
13,301,是,enhanced_extraction,1e5a81ca61c6879ca00c79d80f105184456e2111eed0507ce9943e8742faca39
11,12,属于,enhanced_extraction,348e658de2a3e1b559d286afed9c0c187575302edc695ea216add0e31d1e629d
219,96,类型,enhanced_extraction,501d98fd934829def13421070a3527c368142d959d3066786d506a91cfa7e243
164,9,行使主体,enhanced_extraction,786ebd4ad9d4f9a7110adcce82b6fb31da86f193f9b2bcb48bcb6c3affd2526c
1493,9,承办机构,enhanced_extraction,d95c982302938815db06eb5cbd4c417fa31a41afedafbf2bb08d27beeaa73c0c
13,159,是,enhanced_extraction,42b286c8b69b7dd60715ddb4a4b5ec24d40c79d0cdc71cf056cb2f8e8981f706
1,9,行使主体,enhanced_extraction,b682a86df8491abefd8e5545f99c474f9d3e64b0932e9baa82dd2f840ab1d841
11,12,类型,enhanced_extraction,6eb99ba2cff423e2571ef8f318749216e856ec529f754e4116cb373c00ca8cc4
11,12,包含,enhanced_extraction,c7108b0e6d2e3863b970d616b39759a19070792922effbf8d19d227196f88034
164,158,行驶,enhanced_extraction,8cc9f7e5dbb669375709a72e155c593b14ead309651f7d0d56b1d44d847ebe65
24,387,类型,enhanced_extraction,a7cdcde9254d1443f610ded63158e61d43cb567d1230d54c99117dda33653d16
11,826,类型,enhanced_extraction,4bf83b19e7d96fc3c623f7da6298856b709c2ac414cc0afd10e92114bae2cbe1
110,96,类型,enhanced_extraction,6195f18a7eade16713482bb3519268c7fd3a3d906a61d038dc046d2b4adb3939
110,96,是,enhanced_extraction,55e7e2693e4e7f6bb222882a6d805a5086e9463e5eaad5cd2b88720c4ec9345f
159,12,执行,enhanced_extraction,b372eda1732d81dec32e0418db59c729418cb4f85c0d667370ae68045858fa65
1493,12,承办机构,enhanced_extraction,b5837d854df6b6aa6d9705e48f16e863dc29b2c1060a624aac1eef01548f094e
197,9,行使主体,enhanced_extraction,05415d8de4c2359f2a06f426ff7597fcb15c0295ab8eb90f21d9fe7c0342becf
11,12,是,enhanced_extraction,4bb51718453a67d9015b846c6a68662b97572c0a9269a7df9df55bbbce96ae63
11,11,类型,enhanced_extraction,63c0cb89fd070cec56228a2b437fabe6a35d41178bcf0e57ad410146f146783a
102,12,执行,enhanced_extraction,c7bf5beb6e47a162b370413c51f3c9914752537b96c6b25bfca17d954a97a117
9,12,类型,enhanced_extraction,a0f990011f89318094029eddd7fc8433047738098f60167fd996d5cd597fc45b
6314,35,类型,enhanced_extraction,7d76924677aa1fe9a89456969e34c4a3b0665f0212dd0c22ece847a44bf276c7
9,12,包含,enhanced_extraction,6ab100b3be1034ebc59393e0f044cc8640333a0bf7c977502390e874381695cf
9,3627,包括,enhanced_extraction,1358fb8d379cc6f25fc981083d5528f0028413986c4f3116b738c1861c3c0b9c
518,12,执行,enhanced_extraction,b9098ba1c89bf7155a3455914ae5391ce7f066c386591903032e75c59e0bd035
102,233,是,enhanced_extraction,ce9aafe62b0266c7d010b0afc5f53dec015dc4b65753f42cf7d459769186f9f5
30,159,包含,enhanced_extraction,746dad8207c11e936f9291a4d48652549063b984284c0ab2036a0471f7b9f7b4
102,590,是,enhanced_extraction,af8450272caa216288b50d8943d597639c2353f39db848cf16ccd0ab8ea4aa9d
11,12,类型,enhanced_extraction,6eb99ba2cff423e2571ef8f318749216e856ec529f754e4116cb373c00ca8cc4
12,825,类型,enhanced_extraction,f23b6e42d2ddf04052d4f66c49219b5c90dd417a9a4460243b7b8ea5f9fb26d4
2641,96,类型,enhanced_extraction,bc9f6b055a53137909b060c494c9d51958ed516b24a89223313d865766eccada
316,96,类型,enhanced_extraction,ed5d9866486bddacca0c511fb295f3c277e00b56d7add0ade4202d53cbfdef4b
11,350,是,enhanced_extraction,7fa4f4b4033afd36ccb46abeecc8e5a8711fa14f70e617b795e2b335abf2616f
541,96,类型,enhanced_extraction,d2585091f7495a19e7cfa78aae7706c7cdd4be5765fee9398808dbdea0d16627
12,11,属于,enhanced_extraction,1c070514f019fc07536ffe381f9b1714c0fa030181e73dc73366c74ecb5406e1
9,382,类型,enhanced_extraction,4cfb3db1b2e67bf8b438df39105b31616b659cf569445ffadf95f4ce4ab87e94
164,158,行使,enhanced_extraction,46dd0bcc3b5c2d96944bb4a6050c6ebb134c8154e1d2142689c8523135ae9abe
252,1,承办机构,enhanced_extraction,478bd437429fc6b3356d136a533dab5cc2eb2bd3c877b0cf7e29cf83d8078b2a
11,826,类型,enhanced_extraction,4bf83b19e7d96fc3c623f7da6298856b709c2ac414cc0afd10e92114bae2cbe1
14,9,承办机构,enhanced_extraction,f404e282d70c377d86e8d2de974bc2a4a334b2db5894f7cec3b5c3d7c02595aa
219,12,行使主体,enhanced_extraction,48c9be9799eee1b308a712f26eeac8073f8cfcf02dfeb1b31345add10211760c
219,12,负责,enhanced_extraction,b3c755cdb22d012fdf333328005edbb534fe42a368e82870bd9476712a444307
11,12,是,enhanced_extraction,4bb51718453a67d9015b846c6a68662b97572c0a9269a7df9df55bbbce96ae63
102,219,是,enhanced_extraction,c05ba5f476772e4d6770832e3f058e0a051e972c9903ee0eb4f1b22576168aff
2949,1430,服务事项,enhanced_extraction,167f4731795edecc723009ee45416c79cfdb87a12dc8b5e9b68e4d14ec56fcc7
164,9,行使主体,enhanced_extraction,786ebd4ad9d4f9a7110adcce82b6fb31da86f193f9b2bcb48bcb6c3affd2526c
112,122,类型,enhanced_extraction,7ae865bfc46cdf8d9a898f26fcc7f9f2bde7ef11aca8f3054fe0623692e5b7f3
79,11,是,enhanced_extraction,eded1ef8b8cda0c767ba5975434155285c793c8097b3c8c17b219b608f664321
11,37,类型,enhanced_extraction,9ae9e4deb92d4b9c3dc44e93ff244a176d6dbe4b41322b77ce74977f9750ee38
522,94,类型,enhanced_extraction,1e13225b87125b019c8aaf82642094c85f5e640f65441f651871bf9e02b7a832
111,122,类型,enhanced_extraction,1fce63ef8ed73f0b4875f31534b84a9bb554322448dacfa61a5a706ff84d0c65
1270,12,行使,enhanced_extraction,4c5081acee586be8c6e68c8ddfcfa8f553aa243adff4a9474e5ce620de238a5f
11,12,类型,enhanced_extraction,6eb99ba2cff423e2571ef8f318749216e856ec529f754e4116cb373c00ca8cc4
11,350,是,enhanced_extraction,7fa4f4b4033afd36ccb46abeecc8e5a8711fa14f70e617b795e2b335abf2616f
159,12,具体执行机构,enhanced_extraction,1cbd7cdbee38cd9d4f940ba40e2f9ee0c481b5bd554150945f7825a99a68a7b8
630,9,行使主体,enhanced_extraction,8f1bc212290601da4da6e9a0037e1bc228b12e7ec860da0c66a59f0186154f1b
30,12,行使主体,enhanced_extraction,1e7200094dd34c790193171ddcf0ebf515cdc55593921a196744b29e5fa0a671
519,12,承办机构,enhanced_extraction,8fe2a8b69b80c52eb99cf94a111e2c5de4eb59a2df64785e2ab0c9b684aa172e
164,11,行使,enhanced_extraction,7607c3744e0c135cb687f43da0751fa8d0425434f2111c50d5995dd910264380
80,96,类型,enhanced_extraction,60589a9f7239b972454c94ebe1d88b353e4c9fad16152fb4bc372a569d001482
110,12,行使主体,enhanced_extraction,8e22f97a934d82e04d95d6e3263129468a0bc6bdfcd8e7378ebebf21e7f56bfa
110,96,类型,enhanced_extraction,6195f18a7eade16713482bb3519268c7fd3a3d906a61d038dc046d2b4adb3939
11,12,是,enhanced_extraction,4bb51718453a67d9015b846c6a68662b97572c0a9269a7df9df55bbbce96ae63
111,122,类型,enhanced_extraction,1fce63ef8ed73f0b4875f31534b84a9bb554322448dacfa61a5a706ff84d0c65
1560,96,类型,enhanced_extraction,f341e9d71db4101211e26da6e04b4f55a3f75606968da3ddaf2ca0ee72fc3360
164,9,行驶主体,enhanced_extraction,09c09f8f1d385d8baf4b8e1ba70ac0aaa1f904b1cc805b077741b95d4cd92bba
11,12,包含,enhanced_extraction,c7108b0e6d2e3863b970d616b39759a19070792922effbf8d19d227196f88034
102,30,是,enhanced_extraction,49e97e22d3d7e783a2f77af85dd754c7212b8e8b9cb9164e3d6ab83c48b52fac
9,3855,类型,enhanced_extraction,c8c9845cfbf33254c61c4dc19455726e63c4c9f11313e096c8b422a1b846efa9
11,308,类型,enhanced_extraction,0ff5ea162302b0bbab4e3bd9fc4326cf81f15ef7e767f095eada26f186e15a6d
11,12,类型,enhanced_extraction,6eb99ba2cff423e2571ef8f318749216e856ec529f754e4116cb373c00ca8cc4
14,12,承办机构,enhanced_extraction,b3f78f8d91a41eb1f2403baae337ba2537aa7882221cddeb31a73ca4a80babfe
81,12,承办,enhanced_extraction,a25b943e5c28fee010d9beefae9d395bdab860e2a283f29ea9d84edddddc617e
220,235,类型,enhanced_extraction,17f06e3cce3a42e526a449fce60ab3d392e69486843ba54e3d52c7ed35ec1239
30,9,行使主体,enhanced_extraction,e5c3d2ac83f2327f2610e99efd5375f04df010240d8cb35905e011c0fb5f6a2a
102,197,是,enhanced_extraction,b735436bf437d7c3115e2a60bf188709221fd86fd0d803164c90ca2bb0ee33dc
11,12,是,enhanced_extraction,4bb51718453a67d9015b846c6a68662b97572c0a9269a7df9df55bbbce96ae63
219,220,包含,enhanced_extraction,8b7708d9b974597fa619b00d18a4a7f59f367eb0a07018126fca60658bb2c5a9
11,12,类型,enhanced_extraction,6eb99ba2cff423e2571ef8f318749216e856ec529f754e4116cb373c00ca8cc4
102,164,是,enhanced_extraction,a80ad6ee4e5699c85935b930e4979b0e242208aeb958dbce2322b0ef11af2eb2
102,1,是,enhanced_extraction,e7673144fe059008120004a15b8b74a285f82c6ab41977014fcf98bd828f26e9
2641,96,类型,enhanced_extraction,bc9f6b055a53137909b060c494c9d51958ed516b24a89223313d865766eccada
102,41,类型,enhanced_extraction,8591082d926a16420b37a69aca110d289d25c9479f998fd81e8ca9ec90148902
12,121,类型,enhanced_extraction,2a0f14f6bfc5e730b8f67f0d8f1a2ef6fcf3b0aacea756c9424c11932fca64b4
111,12,承办机构,enhanced_extraction,17327f9a1de1086d2c73256ac92cbbf571e23426c4b96cee6a87dfe4055ef86c
1,9,行驶主体,enhanced_extraction,dfa8444f33f4c566b96a0083383663d17fc0adbb7362564a7cae2bf98e1f9e9f
219,96,类型,enhanced_extraction,501d98fd934829def13421070a3527c368142d959d3066786d506a91cfa7e243
1236,96,类型,enhanced_extraction,e9b88ee93ffce8649821bc36e1ce7d874579f859642c91c8a8179e4ee1b46b03
219,96,类型,enhanced_extraction,501d98fd934829def13421070a3527c368142d959d3066786d506a91cfa7e243
2110,9,承办机构,enhanced_extraction,c3a7ba9ba305e00daa247e24d1434cf03b14ad9fd33ddb3aeed14f95d6ac772b
9,12,类型,enhanced_extraction,a0f990011f89318094029eddd7fc8433047738098f60167fd996d5cd597fc45b
30,159,包含,enhanced_extraction,746dad8207c11e936f9291a4d48652549063b984284c0ab2036a0471f7b9f7b4
13,159,是,enhanced_extraction,42b286c8b69b7dd60715ddb4a4b5ec24d40c79d0cdc71cf056cb2f8e8981f706
159,9,承办机构,enhanced_extraction,5ee791beca09708a05a9fe7eceb9c231426399dbe2641494d195fb85608460d1
518,235,类型,enhanced_extraction,9660201625f3c7049d9b6789802c41aebd939cbe044d635a299a92a4ac0c24f8
461,462,给予,enhanced_extraction,14c51d8d3b79b205beb7c9751f47ffcf97f92f5b7cebd26cb822d41575ffaf59
219,12,行使权力类型,enhanced_extraction,67521e071c6ecb792a5c2f61b9eb7c5b1db38676bc9a67d6a32ab1ae978a18f9
30,159,包含,enhanced_extraction,746dad8207c11e936f9291a4d48652549063b984284c0ab2036a0471f7b9f7b4
13,159,是,enhanced_extraction,42b286c8b69b7dd60715ddb4a4b5ec24d40c79d0cdc71cf056cb2f8e8981f706
219,12,负责,enhanced_extraction,b3c755cdb22d012fdf333328005edbb534fe42a368e82870bd9476712a444307
13,112,包括,enhanced_extraction,c1c571fb1d8601d6e86edffe190ed143e8edabbf9d70d060c2b755ec7778c1a5
12,9,涉及,enhanced_extraction,a0882012a94e74189d23dae9585c1bfe51019acf0f4e93de9e81c828e0002d7a
24,1358,类型,enhanced_extraction,8f10114ba0f58ffed2d335cfde406fe54fb81935dc61bd3b6a61459d520caf38
80,12,行使权力,enhanced_extraction,765bd2ac796c427670f8d8a8c14088a5d4b9766f4d3a21a3b712887edee29537
11,383,类型,enhanced_extraction,eb32e2ff01a2a217bce44e202d150b4b0d98df76bb019edc27e4aca0d14ab46c
233,12,行使,enhanced_extraction,1bf4e92a3348744c956f056eb497704b8064ed7a2d38a2398ce25a908ba80654
30,9,行使主体,enhanced_extraction,e5c3d2ac83f2327f2610e99efd5375f04df010240d8cb35905e011c0fb5f6a2a
102,80,是,enhanced_extraction,79e8d5b7618f13b08ba6bbab2160ead94042b778e9a4a7619d5ff0e34b6e7ca5
1921,3954,包含,enhanced_extraction,a8661eb6b66ffbd39e6d9e2868a7a3a0386c97416b3deb03ba8d80f465083944
12,11,类型,enhanced_extraction,d250a3e2b5b7ceab7cccbdfff1e3b8cbdc70239998775ce9a8b2acb81f9e7784
842,767,拒不执行,enhanced_extraction,2dfd959d5d038165197c1b41a691e49ff594771360a86019356ee8fdbc116a06
11,308,是,enhanced_extraction,ecb06d577a5f273c2f13422e7f79961966e4fb437e16acc1fb731831344bc4db
13,159,是,enhanced_extraction,42b286c8b69b7dd60715ddb4a4b5ec24d40c79d0cdc71cf056cb2f8e8981f706
220,219,隶属于,enhanced_extraction,b4d37d8dc368158dafe61abc0937bb74903f0e52d4b38914591181aeafba72c9
308,11,属于,enhanced_extraction,90a28b0ff8edc5a7791549ca7de9125e1de7b79b577b744daf1b4c5c9a804d83
9,12,涉及,enhanced_extraction,5248c9d3ca7ecbe057c9b7f8e4427fdc46140ce6caae924a22f2b15012daad62
221,3806,发布,enhanced_extraction,d53b7fad902affde0544f6e4b5ef7c68980a30e5f85ff6900db670efaa7750d8
219,235,类型,enhanced_extraction,42f4fcda52b9d78ca57aa5187ca807fbfaf39957781a204c7990d756faf1f978
197,96,类型,enhanced_extraction,3613e63056aa1a9b98e7f24d4a8017b1defea35408ff820f4a06659c6c6fc3f3
518,12,执行主体,enhanced_extraction,aee974bc0e3dc5b40402beff30da48f61d00e702406827c146c774f6ec77d3c1
112,9,承办机构,enhanced_extraction,8c5141659c6f1ee72a6318e02df92ddfe59b9b1688527026bd5d1ccd13b7ea53
15,3421,来自,enhanced_extraction,569a622695a4253ad7c77f3e11066b11986fec9e98fd60862b260cbcaf4aa0e7
9,242,类型,enhanced_extraction,7c4db01f0639d9a2c1b3cb8eabf326c97aa2c3bc45933927e8f3e398c9317e43
197,235,类型,enhanced_extraction,775f4e4036cd0a4fe392da442ce0fe84f90f5ff6ee44a766f998d374e8992bbf
102,753,类型,enhanced_extraction,47444b2d54f85684cf9999111afa41fa27a0a3f77dd0b4edda746d2c2783a474
112,96,类型,enhanced_extraction,61148b72ef21088a2b8c64609278423fad8508c652d1a634420b0058ddfdfa2b
130,9,行使主体,enhanced_extraction,e6231a3f41095456f7d0aeeb3310511e6b22e58b92d76c1d45a50385a348b706
79,11,类型,enhanced_extraction,357ff0f70265df4abbfc9fc67ba14c3a29f8b74763a0456e1d3a46a30f73d772
9,12,属于,enhanced_extraction,f0795b40f45aed0659748890f09b67ab13ac9efdbbdb3af2aa803c5e7adddb68
748,9,承办机构,enhanced_extraction,b5096999323701acfd18828e631925e2106f66de5d54b12cb70a56ab06f72037
12,11,属于,enhanced_extraction,1c070514f019fc07536ffe381f9b1714c0fa030181e73dc73366c74ecb5406e1
1270,3142,类型,enhanced_extraction,17f56d0ab1440609ed24853dc53a1c06f6f3251e2a55e7a09baaf0e82befcbaa
111,9,承办机构,enhanced_extraction,0e1b65ae7d6d6e353db7e399f405a5901a391d7cf7e5ce64d9691610e8aa234b
11,12,是,enhanced_extraction,4bb51718453a67d9015b846c6a68662b97572c0a9269a7df9df55bbbce96ae63
458,235,类型,enhanced_extraction,8157a553fe7181220f046c50342937dcc048e19359b1e96f758d6bc7bcf2be58
102,164,是,enhanced_extraction,a80ad6ee4e5699c85935b930e4979b0e242208aeb958dbce2322b0ef11af2eb2
15,2164,类型,enhanced_extraction,83cfdecd932b3bdc9d265a19b2c8192641c7c618e04775b13e34a19049860ef4
1346,1343,隶属于,enhanced_extraction,2856c15e17f277b7479202466be30f758d135c19fe7872ea5ac05216ae906b77
13,519,是,enhanced_extraction,bb4ae818fa4f7383d140872148177d756707f6e9095b2adffdfdf922b4e7a6d2
219,12,执行,enhanced_extraction,ae6dd7eec740aa1c35166db92b76360270d7504d462869eda3053c34bc5d962b
30,96,类型,enhanced_extraction,67ef09263d41efc13438e970d6b90d6ddeaebf07422d9d42053516d76b0dec73
1193,1193,类型,enhanced_extraction,0128af07db375d4f0fdbbec269464cdaf2fdb8401de497420cbcf717e96a18de
990,989,给予,enhanced_extraction,b3c7ee0d538ba1e2335ce53d0c78273d8da4d3cfdd4468c85d2303eb3bff01b3
9,387,涉及,enhanced_extraction,73b3e69d5842c3f25132017bb9f9b1aa412d96372ffdaf89bbd37cb4ab3c9331
13,252,是,enhanced_extraction,a20cdbd0120a59e0972644011bdb785cff8c039f99b7ead9e778b9f8f716259c
159,122,类型,enhanced_extraction,ac95a8754b9cf555ad1f7b6963dfd724829642f155c6b04c4c82d577ec28198a
11,12,类型,enhanced_extraction,6eb99ba2cff423e2571ef8f318749216e856ec529f754e4116cb373c00ca8cc4
111,122,类型,enhanced_extraction,1fce63ef8ed73f0b4875f31534b84a9bb554322448dacfa61a5a706ff84d0c65
14,541,隶属于,enhanced_extraction,de670bf1b9ec4d5f9fc1d3c130201ee84befd5513c34316226b56308e95ccb58
590,9,行使主体,enhanced_extraction,297724ccfed32bc0a0067362783475f5e2e8e516d57fef9f94699157e5756d66
12,11,属于,enhanced_extraction,1c070514f019fc07536ffe381f9b1714c0fa030181e73dc73366c74ecb5406e1
9,12,类型,enhanced_extraction,a0f990011f89318094029eddd7fc8433047738098f60167fd996d5cd597fc45b
1178,158,行驶,enhanced_extraction,7e36a76d8e8a1feaa784714e7ed6d9b650566d5c3a044d8723c4f20d917a3a7b
9,12,包含,enhanced_extraction,6ab100b3be1034ebc59393e0f044cc8640333a0bf7c977502390e874381695cf
110,12,行使主体,enhanced_extraction,8e22f97a934d82e04d95d6e3263129468a0bc6bdfcd8e7378ebebf21e7f56bfa
12,11,属于,enhanced_extraction,1c070514f019fc07536ffe381f9b1714c0fa030181e73dc73366c74ecb5406e1
11,218,是,enhanced_extraction,885d1711b265018c6b5869a35a061431728560bad04aaf3db12f272a809d4bff
102,164,是,enhanced_extraction,a80ad6ee4e5699c85935b930e4979b0e242208aeb958dbce2322b0ef11af2eb2
13,1232,是,enhanced_extraction,56adb333e634e8526af05b58a4ae5bc462cf15e4af0f4e7d872e4f3394bd0b7e
30,159,包含,enhanced_extraction,746dad8207c11e936f9291a4d48652549063b984284c0ab2036a0471f7b9f7b4
13,112,包括,enhanced_extraction,c1c571fb1d8601d6e86edffe190ed143e8edabbf9d70d060c2b755ec7778c1a5
220,12,执行机构,enhanced_extraction,dd79fecf56732ff5710843facf48ec43a59e5be0e6fb2636f35ce6a8ef05feba
13,1181,是,enhanced_extraction,26f840587499bb79b7a8c8cc89cf4ad4244c03b3eae4cf0c5870e902f7cd76df
394,11,行使,enhanced_extraction,72adbd6758f94aa3a6fd52c5ef82ffea286598abc05757cf303b21dbc74f6150
221,96,类型,enhanced_extraction,0c9c57dad55ffa989794bf411bf4f31f6bf9a2a301488c949ffe0271f24c8bad
861,9,承办机构,enhanced_extraction,d175baccbaec9d7646a3c9da3f86a1a946c10a5e8974836d1476e04ffe8a2711
13,1232,是,enhanced_extraction,56adb333e634e8526af05b58a4ae5bc462cf15e4af0f4e7d872e4f3394bd0b7e
590,12,行使主体,enhanced_extraction,bc9c26cd12eb2d4c4250b8f19320a70d0aed92bcb49c1e41a985143575086241
164,985,包含,enhanced_extraction,655f233a3a5038d17fa25a94b8172f7fa74daad78c0e18bfc1df3a5e96b667c5
13,111,包括,enhanced_extraction,09c0593bd8b7420222398fb7c93ce32df70d33633b73fc4e12402155845d4bd2
102,617,是,enhanced_extraction,9e86035caa5a629fa345d5f7a9cba435e3f868815a4ede6dd36551666ef71d8e
1,96,类型,enhanced_extraction,1b53d6d7bceb859c9994c8f868edccb566495452b198b46bc26063c03b409d3f
14,9,承办机构,enhanced_extraction,f404e282d70c377d86e8d2de974bc2a4a334b2db5894f7cec3b5c3d7c02595aa
30,41,类型,enhanced_extraction,e5612f068d36dd548f30df430e7e34f60d5a787eff7463d26d0383943b620b64
102,30,是,enhanced_extraction,49e97e22d3d7e783a2f77af85dd754c7212b8e8b9cb9164e3d6ab83c48b52fac
219,235,类型,enhanced_extraction,42f4fcda52b9d78ca57aa5187ca807fbfaf39957781a204c7990d756faf1f978
159,12,承办,enhanced_extraction,a4171533875a113e51dcec36193f3bc0b84f43b5dea5eda649abd7607761b524
11,218,是,enhanced_extraction,885d1711b265018c6b5869a35a061431728560bad04aaf3db12f272a809d4bff
159,768,类型,enhanced_extraction,677e3006dcf1c41e237cbab11fbfbef32fe993fdf08ed401c01e3a7560da0884
1,254,包含,enhanced_extraction,5c17cab5299f91af6cc97f137c2b9be2f4b63da86212febffe3502cbb55640cf
13,96,类型,enhanced_extraction,4803e8eb42d15abdff1d9bfe4e6c1566bd35eb1aebc56b2ea7064b5198d7da33
102,800,类型,enhanced_extraction,634581b512a308d051ec4ba1277e14a17008739d2355e1a4f86b81a11d829d44
30,12,行驶主体,enhanced_extraction,03d76779f8a19bcac4ff9fe5fed1378bb2ee918130d2e83f5a1dcf60c73806b3
13,112,包括,enhanced_extraction,c1c571fb1d8601d6e86edffe190ed143e8edabbf9d70d060c2b755ec7778c1a5
13,220,是,enhanced_extraction,90ed47a36b9c110511bb7444407ba8eea08c427edcf2fff05f0ff0d6fe893c08
220,122,类型,enhanced_extraction,ddd43b42b4429e1c8753259e67864f412dcf75e1a32655082ac7d10ea54ab3c4
13,41,类型,enhanced_extraction,1dfae58022fd91b047d3fda6aee6b5855c358e74bf9b6f42c46bcbd3b90b1866
221,6799,发布,enhanced_extraction,dc90dedda8006f27b401df612de2574e199cb9b04ef6611163fea2b61b88bc0e
11,12,是,enhanced_extraction,4bb51718453a67d9015b846c6a68662b97572c0a9269a7df9df55bbbce96ae63
164,9,行使主体,enhanced_extraction,786ebd4ad9d4f9a7110adcce82b6fb31da86f193f9b2bcb48bcb6c3affd2526c
11,173,类型,enhanced_extraction,eacfa5742beabe063fcbaf0281b786613bde771cf7fbafc54dcfb336f1d6896d
15,5,是,enhanced_extraction,c1f7512483e2adc5c576e0ebae5a02abb33900717b274acd0a3d9fd41c766da7
1181,9,承办机构,enhanced_extraction,fbf893c796f6733d398675680118ff1a4ffe7969b584bf6f1e42a7877a22031a
197,235,类型,enhanced_extraction,775f4e4036cd0a4fe392da442ce0fe84f90f5ff6ee44a766f998d374e8992bbf
234,9,承办机构,enhanced_extraction,ba570c47c490a3bfe283525b4362c3f3c29f0ad091f70e5425c7d0a12c532574
2374,2375,类型,enhanced_extraction,7c5402ea3205dfadb8c580301539d3f0a9fa72068d7e5ea8f75f080fd21dce1e
13,220,是,enhanced_extraction,90ed47a36b9c110511bb7444407ba8eea08c427edcf2fff05f0ff0d6fe893c08
13,112,包括,enhanced_extraction,c1c571fb1d8601d6e86edffe190ed143e8edabbf9d70d060c2b755ec7778c1a5
12,11,类型,enhanced_extraction,d250a3e2b5b7ceab7cccbdfff1e3b8cbdc70239998775ce9a8b2acb81f9e7784
455,9,承办机构,enhanced_extraction,0904a0d3d8d66ee997c2fbe4fe7b9c57f7f2983795d471e0a28534437c5ce79c
220,230,依据,enhanced_extraction,fad1107d2481baf0cc056a518d0fe33355f01b0613e072cb321b483a3d6b096a
233,96,类型,enhanced_extraction,403d8d284bb442ebedf3ec08f061bbf2ab967b37d33ba94afbf403814c3b994b
197,96,类型,enhanced_extraction,3613e63056aa1a9b98e7f24d4a8017b1defea35408ff820f4a06659c6c6fc3f3
30,12,行使权力,enhanced_extraction,6b079c939bb4d4e077edbd5c9caa298b8f865da3f8308c563c3309af09f0fad4
102,219,是,enhanced_extraction,c05ba5f476772e4d6770832e3f058e0a051e972c9903ee0eb4f1b22576168aff
11,12,类型,enhanced_extraction,6eb99ba2cff423e2571ef8f318749216e856ec529f754e4116cb373c00ca8cc4
1,12,行驶主体,enhanced_extraction,9bfa1898e8cbf4b49fdf063494f4bb7ced48919b5dd6bb8a6105698eca8dfce6
30,41,类型,enhanced_extraction,e5612f068d36dd548f30df430e7e34f60d5a787eff7463d26d0383943b620b64
102,12,执行,enhanced_extraction,c7bf5beb6e47a162b370413c51f3c9914752537b96c6b25bfca17d954a97a117
164,9,行使主体,enhanced_extraction,786ebd4ad9d4f9a7110adcce82b6fb31da86f193f9b2bcb48bcb6c3affd2526c
13,111,是,enhanced_extraction,e92990fdba5592a3b6fcc22d9ea34b712eeb46b1805330cd6168afde79c38daa
9,1488,类型,enhanced_extraction,b03fc750e5ab1befaf9129b00cf527d8b6939f06ce9a58f10029e831be7ce211
13,111,是,enhanced_extraction,e92990fdba5592a3b6fcc22d9ea34b712eeb46b1805330cd6168afde79c38daa
13,111,是,enhanced_extraction,e92990fdba5592a3b6fcc22d9ea34b712eeb46b1805330cd6168afde79c38daa
81,9,承办机构,enhanced_extraction,31e66bb205a4ae1df7ad99d9529ce78a8922457f5f03394c50beceab3dd4fd87
164,96,类型,enhanced_extraction,cee014ad6e4a569563c8424370d6d3ab0ae2b302dcef061273248f9442963009
13,336,是,enhanced_extraction,1b0c038b1dcf7c8d824a5bacef8d97a572e8dc3a16e452c4798908e81f8d56e6
30,159,包含,enhanced_extraction,746dad8207c11e936f9291a4d48652549063b984284c0ab2036a0471f7b9f7b4
13,159,是,enhanced_extraction,42b286c8b69b7dd60715ddb4a4b5ec24d40c79d0cdc71cf056cb2f8e8981f706
102,1,是,enhanced_extraction,e7673144fe059008120004a15b8b74a285f82c6ab41977014fcf98bd828f26e9
102,96,类型,enhanced_extraction,3ae3aeb0c9938fc9352289b17986b74d2af21dddb657fa0b815d164c1bf8fa49
11,12,是,enhanced_extraction,4bb51718453a67d9015b846c6a68662b97572c0a9269a7df9df55bbbce96ae63
137,160,类型,enhanced_extraction,5a4063bc44ebe835fb5c59880ca774571ca2e07d364f6af124833f15ab11bd79
590,652,包含,enhanced_extraction,d8323bdbe84200decd5f0f9ceae6aebf4bb0f814f3fb7910d2855b5f3c19015c
2431,2432,出具,enhanced_extraction,86d65922ef24db2e8c695b311aed4f9edf1f5b296a014198aef32865dcaf3b8b
102,2740,是,enhanced_extraction,8abc25b33d23651835a2acaa4b19007cc90eac15be67e7945a7238cd51522418
9,242,类型,enhanced_extraction,7c4db01f0639d9a2c1b3cb8eabf326c97aa2c3bc45933927e8f3e398c9317e43
12,11,类型,enhanced_extraction,d250a3e2b5b7ceab7cccbdfff1e3b8cbdc70239998775ce9a8b2acb81f9e7784
1343,96,类型,enhanced_extraction,8cddcd811988256b8ec870f82908831fb34247b35abbfe93b1b75253dd8caf3b
9,12,涉及,enhanced_extraction,5248c9d3ca7ecbe057c9b7f8e4427fdc46140ce6caae924a22f2b15012daad62
2525,2527,修订时间,enhanced_extraction,419da192401dafb8b66eefedf62dd6e18fe89416d3fc64b874fe7d7a7342b021
102,1,是,enhanced_extraction,e7673144fe059008120004a15b8b74a285f82c6ab41977014fcf98bd828f26e9
346,342,责令改正,enhanced_extraction,7910e411378983967a67767752956c6456d697f7ea7f76b33bfa6f7872ce7548
12,9,涉及,enhanced_extraction,a0882012a94e74189d23dae9585c1bfe51019acf0f4e93de9e81c828e0002d7a
1,96,类型,enhanced_extraction,1b53d6d7bceb859c9994c8f868edccb566495452b198b46bc26063c03b409d3f
30,12,执行主体,enhanced_extraction,19981f76796d4c65e965c9efdcebd2e18d8754e0c9ef9e027d09081487efb847
1430,3196,类型,enhanced_extraction,079725b2326d20fae579ec11fea0cb6faca8dc2817c80ab8f7ad08a35b754db8
13,4493,是,enhanced_extraction,eb36f155f036caa9dc9d08b97855f2e77aff01154ed70479036010d40304dc68
159,161,类型,enhanced_extraction,989f07c7e0245d209d6ad9096d27401730372ca04283241f1a933bb0715b402e
79,11,是,enhanced_extraction,eded1ef8b8cda0c767ba5975434155285c793c8097b3c8c17b219b608f664321
102,197,是,enhanced_extraction,b735436bf437d7c3115e2a60bf188709221fd86fd0d803164c90ca2bb0ee33dc
541,96,类型,enhanced_extraction,d2585091f7495a19e7cfa78aae7706c7cdd4be5765fee9398808dbdea0d16627
69,9,承办机构,enhanced_extraction,84a49627ff3a601e61d0e9680dfafd907745918309c1dd1e4500b5e9ce2b9b6f
870,871,类型,enhanced_extraction,e706e226c043bad5a6ea1ccc4eeea77bdfa75ad5be5945cd838b2a5fcdb63566
30,12,行使,enhanced_extraction,e32ba06d18071d6a8384351a3a10393f6606ad032542fde73f276d5e7e5dca46
164,928,包含,enhanced_extraction,e45eb5e32e9e1ffe6b34ba2e357542437939550d18c4a22a5200ee3ccac85e1e
12,825,类型,enhanced_extraction,f23b6e42d2ddf04052d4f66c49219b5c90dd417a9a4460243b7b8ea5f9fb26d4
30,96,类型,enhanced_extraction,67ef09263d41efc13438e970d6b90d6ddeaebf07422d9d42053516d76b0dec73
230,15,是,enhanced_extraction,90ca034a8d06137dcee4d070dd82ddc462fb79ba2879b3cc706f227858a00d20
9,12,涉及,enhanced_extraction,5248c9d3ca7ecbe057c9b7f8e4427fdc46140ce6caae924a22f2b15012daad62
11,12,是,enhanced_extraction,4bb51718453a67d9015b846c6a68662b97572c0a9269a7df9df55bbbce96ae63
11,11,类型,enhanced_extraction,63c0cb89fd070cec56228a2b437fabe6a35d41178bcf0e57ad410146f146783a
80,11,行驶主体,enhanced_extraction,d8137b25ccafee1593e3b70891a9682e43602938622918f8673c526a507768b7
220,12,承办机构,enhanced_extraction,d6dd83fe48b58aecde65a1553db5e9368a2092ae2cc2050a62981de65361d57c
11,12,是,enhanced_extraction,4bb51718453a67d9015b846c6a68662b97572c0a9269a7df9df55bbbce96ae63
14,590,隶属于,enhanced_extraction,3f07885d9e2f0ca8bb3e6bb9c030ed830124acb5ff6297c48d95c982f5845bff
1827,462,给予,enhanced_extraction,8f498711a8ee1461076bf78987cfad18622ef9a57e29eda12f14361aa7a045f4
102,420,是,enhanced_extraction,f2dba7157c8a63822311b997adc9dbb44d39ee12237396b2b3f8c188c20f9a6a
13,81,是,enhanced_extraction,67dd61e941d34e8ff608a5966cd853677b6ea4af00f11ff1e4a6c6ffad29367e
219,12,行驶主体,enhanced_extraction,7f7cd218e5a63f8cfed49f0763413c3805dae3dea7ad67d9c9014df5fe95e27e
519,12,承办机构,enhanced_extraction,8fe2a8b69b80c52eb99cf94a111e2c5de4eb59a2df64785e2ab0c9b684aa172e
9,218,类型,enhanced_extraction,5dd1af7d378b9eab6e09d8911fa854df6bbf1dd703704e3f59fe0b2a1f8abc5f
11,79,是,enhanced_extraction,7fc479b7c7f1a5e9a2ccc9b68850e59cde0b8d6838f1979d7b68f16db2615cd8
102,197,是,enhanced_extraction,b735436bf437d7c3115e2a60bf188709221fd86fd0d803164c90ca2bb0ee33dc
2435,24,处以,enhanced_extraction,2e5130ddc72e8a1779344b2e2c62da9be41b9c8f7eb311bf0e2b1fcea6346024
219,12,行使主体,enhanced_extraction,48c9be9799eee1b308a712f26eeac8073f8cfcf02dfeb1b31345add10211760c
159,12,执行机构,enhanced_extraction,d812de7ddc571c5fb58970250731ce0a5948eca112d36c1d38f5ee74226955d0
233,96,类型,enhanced_extraction,403d8d284bb442ebedf3ec08f061bbf2ab967b37d33ba94afbf403814c3b994b
219,2,类型,enhanced_extraction,f06453bacaa48099a118b546931a1fef0ab287a8b69aea311d03e2fe23de6119
102,590,是,enhanced_extraction,af8450272caa216288b50d8943d597639c2353f39db848cf16ccd0ab8ea4aa9d
12,11,类型,enhanced_extraction,d250a3e2b5b7ceab7cccbdfff1e3b8cbdc70239998775ce9a8b2acb81f9e7784
159,30,隶属于,enhanced_extraction,42cfcbe108331164aaecb1f0d4a40291b19609fdae9d1c489c91e88ef0bf9eaf
9,12,涉及,enhanced_extraction,5248c9d3ca7ecbe057c9b7f8e4427fdc46140ce6caae924a22f2b15012daad62
11,37,是,enhanced_extraction,6d1895fe4d7867c6df3e86858a55d71dbed7226bf6f9a558bc7b6b571e53a6df
1430,9,行驶主体,enhanced_extraction,fd61dd6e35401113924640f77c6dedf01c046a72d00f398418f62a94694e2b81
30,12,行使主体,enhanced_extraction,1e7200094dd34c790193171ddcf0ebf515cdc55593921a196744b29e5fa0a671
11,79,是,enhanced_extraction,7fc479b7c7f1a5e9a2ccc9b68850e59cde0b8d6838f1979d7b68f16db2615cd8
80,12,行使主体,enhanced_extraction,75b93f846aed0d2bb84ea5d06a78a31b4b70b391d50fc51be75f8c8a4beeb801
9,719,包括,enhanced_extraction,c1231fc32b7acc4e77b3d47c231bf991895c5f25fb53cc1621c5a806c9e5df88
11,79,是,enhanced_extraction,7fc479b7c7f1a5e9a2ccc9b68850e59cde0b8d6838f1979d7b68f16db2615cd8
9,11,涉及,enhanced_extraction,7ae8447ac1e5647a8aa3baf7ec0bc973368bd067785b622cc60f265c86e357f5
9,12,类型,enhanced_extraction,a0f990011f89318094029eddd7fc8433047738098f60167fd996d5cd597fc45b
9,12,涉及,enhanced_extraction,5248c9d3ca7ecbe057c9b7f8e4427fdc46140ce6caae924a22f2b15012daad62
518,12,执行,enhanced_extraction,b9098ba1c89bf7155a3455914ae5391ce7f066c386591903032e75c59e0bd035
1,2,类型,enhanced_extraction,ad1d45ad7521ca0c05fb23c57aaf2048b6871fceaca67eca7a95dc4ad098e662
102,233,是,enhanced_extraction,ce9aafe62b0266c7d010b0afc5f53dec015dc4b65753f42cf7d459769186f9f5
102,164,是,enhanced_extraction,a80ad6ee4e5699c85935b930e4979b0e242208aeb958dbce2322b0ef11af2eb2
219,96,类型,enhanced_extraction,501d98fd934829def13421070a3527c368142d959d3066786d506a91cfa7e243
519,12,承办机构,enhanced_extraction,8fe2a8b69b80c52eb99cf94a111e2c5de4eb59a2df64785e2ab0c9b684aa172e
30,159,包含,enhanced_extraction,746dad8207c11e936f9291a4d48652549063b984284c0ab2036a0471f7b9f7b4
102,233,是,enhanced_extraction,ce9aafe62b0266c7d010b0afc5f53dec015dc4b65753f42cf7d459769186f9f5
130,9,行使主体,enhanced_extraction,e6231a3f41095456f7d0aeeb3310511e6b22e58b92d76c1d45a50385a348b706
12,9,涉及,enhanced_extraction,a0882012a94e74189d23dae9585c1bfe51019acf0f4e93de9e81c828e0002d7a
102,800,类型,enhanced_extraction,634581b512a308d051ec4ba1277e14a17008739d2355e1a4f86b81a11d829d44
455,12,执行,enhanced_extraction,36c54ffbf8d27a194fc07cee51f012e134f73d47e744c66b01879a451518897f
13,301,是,enhanced_extraction,1e5a81ca61c6879ca00c79d80f105184456e2111eed0507ce9943e8742faca39
102,1,是,enhanced_extraction,e7673144fe059008120004a15b8b74a285f82c6ab41977014fcf98bd828f26e9
9,12,涉及,enhanced_extraction,5248c9d3ca7ecbe057c9b7f8e4427fdc46140ce6caae924a22f2b15012daad62
13,111,是,enhanced_extraction,e92990fdba5592a3b6fcc22d9ea34b712eeb46b1805330cd6168afde79c38daa
1,103,上级机构,enhanced_extraction,ac5e1e64760ceef75b072772de7a19acd72db55f30bc2657c54629ae1757a609
2357,2825,发布者,enhanced_extraction,4eecf8d9aade44b09c13cf5abcee066a55574eb83a4e7c1beeb6f72c02215264
13,2135,是,enhanced_extraction,dff8ff57dfc52c171b4245161c7afa0ad24e9cff14062577c718db807a97f3d8
12,158,类型,enhanced_extraction,06d83acee2e2097064c89c41506386eb57a4678aedfe309dafe18d04c22a8fee
9,12,类型,enhanced_extraction,a0f990011f89318094029eddd7fc8433047738098f60167fd996d5cd597fc45b
13,159,是,enhanced_extraction,42b286c8b69b7dd60715ddb4a4b5ec24d40c79d0cdc71cf056cb2f8e8981f706
30,12,行使主体,enhanced_extraction,1e7200094dd34c790193171ddcf0ebf515cdc55593921a196744b29e5fa0a671
13,12,负责,enhanced_extraction,5a9de80b4d512ee72fb8512455537084dc4da8c35e704ab35c6f97681a356505
219,12,行使主体,enhanced_extraction,48c9be9799eee1b308a712f26eeac8073f8cfcf02dfeb1b31345add10211760c
30,12,执行主体,enhanced_extraction,19981f76796d4c65e965c9efdcebd2e18d8754e0c9ef9e027d09081487efb847
9,11,属于,enhanced_extraction,ad676a8ff0a6a0269b647bfc2c229efdc791e8aeeabe1893665b8156ae207238
220,9,承办机构,enhanced_extraction,6dd69cd817f625f75c23b92483e7fe5c21da29ae1d5971331682c0d100f26d51
79,11,类型,enhanced_extraction,357ff0f70265df4abbfc9fc67ba14c3a29f8b74763a0456e1d3a46a30f73d772
11,7273,类型,enhanced_extraction,3847a05b9ffacdb2bfc9a7e73c0d07076ef7c9927ad3d5ec558134151520e092
15,2576,是,enhanced_extraction,2f18b9f24d33e80bf2bd6de51871a18c8e24a310248835fddd4ffefc080b9c07
219,12,执行,enhanced_extraction,ae6dd7eec740aa1c35166db92b76360270d7504d462869eda3053c34bc5d962b
102,80,是,enhanced_extraction,79e8d5b7618f13b08ba6bbab2160ead94042b778e9a4a7619d5ff0e34b6e7ca5
219,12,行驶主体,enhanced_extraction,7f7cd218e5a63f8cfed49f0763413c3805dae3dea7ad67d9c9014df5fe95e27e
13,41,类型,enhanced_extraction,1dfae58022fd91b047d3fda6aee6b5855c358e74bf9b6f42c46bcbd3b90b1866
110,12,行使,enhanced_extraction,4d5906559edf6c5dac36947e742e595aca46c1d7783b9fc8b1510c07b9223a1f
110,800,类型,enhanced_extraction,8ee0902ef41654781f197ce91e77b2b66ea0dc84dbef68276eb6737db2929dab
13,985,是,enhanced_extraction,01781f36a530e114c6076b8354bdf7a05ef777ba25407cf1c0c320c81112ce12
9,769,类型,enhanced_extraction,abda8e473523dc707640f41c3f1086e1f77e60b9b1ed70ceb6717a572a2c668b
159,12,负责,enhanced_extraction,6cf14e29b9db0c2dea5ab6664d34a6740232d8d525ac7492a43e9e0336ae879c
30,159,包含,enhanced_extraction,746dad8207c11e936f9291a4d48652549063b984284c0ab2036a0471f7b9f7b4
220,122,类型,enhanced_extraction,ddd43b42b4429e1c8753259e67864f412dcf75e1a32655082ac7d10ea54ab3c4
11,37,类型,enhanced_extraction,9ae9e4deb92d4b9c3dc44e93ff244a176d6dbe4b41322b77ce74977f9750ee38
159,12,执行机构,enhanced_extraction,d812de7ddc571c5fb58970250731ce0a5948eca112d36c1d38f5ee74226955d0
519,12,承办机构,enhanced_extraction,8fe2a8b69b80c52eb99cf94a111e2c5de4eb59a2df64785e2ab0c9b684aa172e
79,11,是权力类型,enhanced_extraction,27fd114a37ee2060babc08e36e504f6b5bec826889afd0ea0841f2246e5bfde1
159,9,承办,enhanced_extraction,7a8a9c274527086114a148f63525d612fbfcac3edecafefad534f976c8513bed
13,6595,是,enhanced_extraction,1b4b3a3f9a80836de2c750cfe0a1a40c723043fc5ac0d13ba7e1ce5773cdf2d6
102,164,是,enhanced_extraction,a80ad6ee4e5699c85935b930e4979b0e242208aeb958dbce2322b0ef11af2eb2
14,12,承办机构,enhanced_extraction,b3f78f8d91a41eb1f2403baae337ba2537aa7882221cddeb31a73ca4a80babfe
219,12,行使,enhanced_extraction,45eb9736e1b4689e9b65745eadf6c355837885340fde605488842d816564e14c
197,96,类型,enhanced_extraction,3613e63056aa1a9b98e7f24d4a8017b1defea35408ff820f4a06659c6c6fc3f3
1,96,类型,enhanced_extraction,1b53d6d7bceb859c9994c8f868edccb566495452b198b46bc26063c03b409d3f
219,591,行使,enhanced_extraction,66cd4981c0a4033cffcb5e358a9832410093f1c525eefedcbd2c8d401306f4db
827,9,行使主体,enhanced_extraction,5791828c00a258e1b3f396ed7e14fbcd020d85730814a3bb5186157adf3178ee
1,12,行使,enhanced_extraction,c08e68caf7e0c37bae356d0d904b65ddeaf393789cacb1d0dc97b5562f140732
1178,9,行使主体,enhanced_extraction,1f4a2487ef71eac5f810d64529c434e34add54fc52b6f261e1d3d1caf8c007e1
12,825,类型,enhanced_extraction,f23b6e42d2ddf04052d4f66c49219b5c90dd417a9a4460243b7b8ea5f9fb26d4
80,96,类型,enhanced_extraction,60589a9f7239b972454c94ebe1d88b353e4c9fad16152fb4bc372a569d001482
13,1165,类型,enhanced_extraction,e6d204d727bf4e72d63d15711aca27a48ebc414f219490b5f045cbf681a5cc34
1683,9,承办机构,enhanced_extraction,e7c8ef5c404b3b86179cee389436e4c7d2aff59fea4bc1f1610a8469fc27a838
748,43,类型,enhanced_extraction,00efb2e912c95132311d9a58679a4e954e6f35b25eb560bef8398f72d8e5c8aa
14,12,执行,enhanced_extraction,4d116ce6be35e606f7485fbdd7e5afb729d1118a0c1123e93dcd657985fbd933
14,12,承办机构,enhanced_extraction,b3f78f8d91a41eb1f2403baae337ba2537aa7882221cddeb31a73ca4a80babfe
11,12,包含,enhanced_extraction,c7108b0e6d2e3863b970d616b39759a19070792922effbf8d19d227196f88034
111,122,类型,enhanced_extraction,1fce63ef8ed73f0b4875f31534b84a9bb554322448dacfa61a5a706ff84d0c65
13,111,包括,enhanced_extraction,09c0593bd8b7420222398fb7c93ce32df70d33633b73fc4e12402155845d4bd2
316,96,类型,enhanced_extraction,ed5d9866486bddacca0c511fb295f3c277e00b56d7add0ade4202d53cbfdef4b
13,41,类型,enhanced_extraction,1dfae58022fd91b047d3fda6aee6b5855c358e74bf9b6f42c46bcbd3b90b1866
102,541,是,enhanced_extraction,c10c86adf4607cf1691d0bd045c623cbb274db26b95b6342e54f6bd9502352bf
130,12,行使主体,enhanced_extraction,f560c66e39df5f6e7d5a65a30056284a25c482f51a4c3a31a6b07b6102dc1c70
518,235,类型,enhanced_extraction,9660201625f3c7049d9b6789802c41aebd939cbe044d635a299a92a4ac0c24f8
102,96,类型,enhanced_extraction,3ae3aeb0c9938fc9352289b17986b74d2af21dddb657fa0b815d164c1bf8fa49
9,12,类型,enhanced_extraction,a0f990011f89318094029eddd7fc8433047738098f60167fd996d5cd597fc45b
13,41,类型,enhanced_extraction,1dfae58022fd91b047d3fda6aee6b5855c358e74bf9b6f42c46bcbd3b90b1866
272,96,类型,enhanced_extraction,24866607423304c63309f8656cf902e40eb6334f9452ddb1343aa529408e2170
458,458,类型,enhanced_extraction,34c6c33a456e48fadbeca34116bd0af701704d6fd5e671c14f6ccbe1326e7f19
233,9,行驶主体,enhanced_extraction,c73ad36afca131d5e5e032a2b908d121974e1a97dd354a206f6ea184ecd932d6
1,2,类型,enhanced_extraction,ad1d45ad7521ca0c05fb23c57aaf2048b6871fceaca67eca7a95dc4ad098e662
110,112,领导,enhanced_extraction,a3a9e860d814aaf443bc2edc722ebda7e558293c4448db7f73d90350f87aec43
159,12,执行,enhanced_extraction,b372eda1732d81dec32e0418db59c729418cb4f85c0d667370ae68045858fa65
30,159,包含,enhanced_extraction,746dad8207c11e936f9291a4d48652549063b984284c0ab2036a0471f7b9f7b4
110,112,包含,enhanced_extraction,4412d5033ad81891d0067068df7b3568545184aa6e02b0bec8df6dd0887b58c5
474,9,承办机构,enhanced_extraction,767370cfa8bbbb0277093921347ffb933e1376efcef1041b4cef0a11f23dd862
102,1,是,enhanced_extraction,e7673144fe059008120004a15b8b74a285f82c6ab41977014fcf98bd828f26e9
9,3197,类型,enhanced_extraction,b11584cac725fbf93c25c206269c20c1900c88a2f398b9edd86ab173264d267c
9,382,类型,enhanced_extraction,4cfb3db1b2e67bf8b438df39105b31616b659cf569445ffadf95f4ce4ab87e94
233,96,类型,enhanced_extraction,403d8d284bb442ebedf3ec08f061bbf2ab967b37d33ba94afbf403814c3b994b
159,30,隶属于,enhanced_extraction,42cfcbe108331164aaecb1f0d4a40291b19609fdae9d1c489c91e88ef0bf9eaf
102,590,是,enhanced_extraction,af8450272caa216288b50d8943d597639c2353f39db848cf16ccd0ab8ea4aa9d
13,191,是,enhanced_extraction,8699bfbf481da4e6da5b5fe622ec2ef535325c247d8d3f8206b810e71a82d57a
11,12,包含,enhanced_extraction,c7108b0e6d2e3863b970d616b39759a19070792922effbf8d19d227196f88034
11,12,是,enhanced_extraction,4bb51718453a67d9015b846c6a68662b97572c0a9269a7df9df55bbbce96ae63
102,80,是,enhanced_extraction,79e8d5b7618f13b08ba6bbab2160ead94042b778e9a4a7619d5ff0e34b6e7ca5
233,96,类型,enhanced_extraction,403d8d284bb442ebedf3ec08f061bbf2ab967b37d33ba94afbf403814c3b994b
9,12,涉及,enhanced_extraction,5248c9d3ca7ecbe057c9b7f8e4427fdc46140ce6caae924a22f2b15012daad62
30,9,行使主体,enhanced_extraction,e5c3d2ac83f2327f2610e99efd5375f04df010240d8cb35905e011c0fb5f6a2a
11,930,类型,enhanced_extraction,eb740fa9dbdd904e5e19ec610e8fbca2b8419d321e1c8398f4d061dba8e8f49d
1270,12,行使,enhanced_extraction,4c5081acee586be8c6e68c8ddfcfa8f553aa243adff4a9474e5ce620de238a5f
13,252,是,enhanced_extraction,a20cdbd0120a59e0972644011bdb785cff8c039f99b7ead9e778b9f8f716259c
13,41,类型,enhanced_extraction,1dfae58022fd91b047d3fda6aee6b5855c358e74bf9b6f42c46bcbd3b90b1866
13,111,包括,enhanced_extraction,09c0593bd8b7420222398fb7c93ce32df70d33633b73fc4e12402155845d4bd2
102,96,类型,enhanced_extraction,3ae3aeb0c9938fc9352289b17986b74d2af21dddb657fa0b815d164c1bf8fa49
102,394,是,enhanced_extraction,d8eecbbb48fe7bd4b15bf48fe20bd887dd02ba42ab16e82d066d61f0587213ef
219,220,包含,enhanced_extraction,8b7708d9b974597fa619b00d18a4a7f59f367eb0a07018126fca60658bb2c5a9
102,30,是,enhanced_extraction,49e97e22d3d7e783a2f77af85dd754c7212b8e8b9cb9164e3d6ab83c48b52fac
11,218,是,enhanced_extraction,885d1711b265018c6b5869a35a061431728560bad04aaf3db12f272a809d4bff
159,12,承办机构,enhanced_extraction,6aff489ab10dbf8c13027d23db776f9011bc8513954287f449cc26e5f34714f1
13,220,是,enhanced_extraction,90ed47a36b9c110511bb7444407ba8eea08c427edcf2fff05f0ff0d6fe893c08
13,252,是,enhanced_extraction,a20cdbd0120a59e0972644011bdb785cff8c039f99b7ead9e778b9f8f716259c
130,12,行使主体,enhanced_extraction,f560c66e39df5f6e7d5a65a30056284a25c482f51a4c3a31a6b07b6102dc1c70
102,30,是,enhanced_extraction,49e97e22d3d7e783a2f77af85dd754c7212b8e8b9cb9164e3d6ab83c48b52fac
827,12,行使主体,enhanced_extraction,99cf731628411acfd1f8b81fa5f7bf94b63a2ab0ee1e2851aac7c5c450f2f302
81,12,承办,enhanced_extraction,a25b943e5c28fee010d9beefae9d395bdab860e2a283f29ea9d84edddddc617e
220,122,类型,enhanced_extraction,ddd43b42b4429e1c8753259e67864f412dcf75e1a32655082ac7d10ea54ab3c4
30,12,行使主体,enhanced_extraction,1e7200094dd34c790193171ddcf0ebf515cdc55593921a196744b29e5fa0a671
102,30,是,enhanced_extraction,49e97e22d3d7e783a2f77af85dd754c7212b8e8b9cb9164e3d6ab83c48b52fac
12,11,属于,enhanced_extraction,1c070514f019fc07536ffe381f9b1714c0fa030181e73dc73366c74ecb5406e1
11,12,是,enhanced_extraction,4bb51718453a67d9015b846c6a68662b97572c0a9269a7df9df55bbbce96ae63
11,79,是,enhanced_extraction,7fc479b7c7f1a5e9a2ccc9b68850e59cde0b8d6838f1979d7b68f16db2615cd8
9,3621,包括,enhanced_extraction,4c5e83f08682bfe6a478c35ab1c0ab05c9247b5b96e818d715bc8ee173735e79
30,9,行使主体,enhanced_extraction,e5c3d2ac83f2327f2610e99efd5375f04df010240d8cb35905e011c0fb5f6a2a
80,189,管理,enhanced_extraction,090ab3d7d923d18993880a99d9a84fddbac8093566ec360a36671cafa1acbf6d
110,12,行驶主体,enhanced_extraction,f88c6e627f6d22435f5814c97bc33cc97b81268648a0c711d18a8c910982266b
11,12,是,enhanced_extraction,4bb51718453a67d9015b846c6a68662b97572c0a9269a7df9df55bbbce96ae63
219,96,类型,enhanced_extraction,501d98fd934829def13421070a3527c368142d959d3066786d506a91cfa7e243
9,11,涉及,enhanced_extraction,7ae8447ac1e5647a8aa3baf7ec0bc973368bd067785b622cc60f265c86e357f5
590,102,是,enhanced_extraction,3894a3ce2f96eb31f6efd5178874c4498257391e09a6e29dfc0047db2845f167
102,110,是,enhanced_extraction,931625c0f64df1f58f0f84dd2d22143b4df6e9a2d1d3b0507bc6a629951f6e38
4153,96,类型,enhanced_extraction,057d42846a9c14e3475995ea9f8e61e7e62e3acde917cece76587b347e93a8f7
842,9474,责令,enhanced_extraction,80f14dc01a47bb680bfc4f1069876589248f8d139b9d875d4f3795388daf6c55
306,197,隶属于,enhanced_extraction,53d191920029aafe053a9130535c2b0dbd66adbbd1f4a2f8dcacdd77b959899f
219,96,类型,enhanced_extraction,501d98fd934829def13421070a3527c368142d959d3066786d506a91cfa7e243
102,233,是,enhanced_extraction,ce9aafe62b0266c7d010b0afc5f53dec015dc4b65753f42cf7d459769186f9f5
12,11,类型,enhanced_extraction,d250a3e2b5b7ceab7cccbdfff1e3b8cbdc70239998775ce9a8b2acb81f9e7784
102,800,类型,enhanced_extraction,634581b512a308d051ec4ba1277e14a17008739d2355e1a4f86b81a11d829d44
652,96,类型,enhanced_extraction,718411a2262b3cbb55ddd5c83b71671052a7b4e8f1bcd281f98481acf2fc14db
11,12,类型,enhanced_extraction,6eb99ba2cff423e2571ef8f318749216e856ec529f754e4116cb373c00ca8cc4
219,12,行驶主体,enhanced_extraction,7f7cd218e5a63f8cfed49f0763413c3805dae3dea7ad67d9c9014df5fe95e27e
2084,9,承办机构,enhanced_extraction,5797e3370ad8dde74d31f379be61cd144aee4404bac3034f979924193a239626
30,12,行使主体,enhanced_extraction,1e7200094dd34c790193171ddcf0ebf515cdc55593921a196744b29e5fa0a671
11,12,类型,enhanced_extraction,6eb99ba2cff423e2571ef8f318749216e856ec529f754e4116cb373c00ca8cc4
102,30,是,enhanced_extraction,49e97e22d3d7e783a2f77af85dd754c7212b8e8b9cb9164e3d6ab83c48b52fac
1178,1181,管理,enhanced_extraction,04b3a856eab8be56b9d0e7b3e6fd2af1e4f30d686cd236f212f42211b4a3152e
219,96,类型,enhanced_extraction,501d98fd934829def13421070a3527c368142d959d3066786d506a91cfa7e243
541,9,行使主体,enhanced_extraction,d2de9d22c85bcc6ffce71f8bb27de5c0a8c6d26513c85ecc8a18c0c149ff9f4b
173,11,权力类型,enhanced_extraction,ec7afd34a624efce866e5712a45535c0900f1821284b4e81e97e006610691bda
1178,96,类型,enhanced_extraction,82a820e9e9351463ef12782f6eb3201635e8d2b5848fb6002526433540c1dfe3
11,12,包含,enhanced_extraction,c7108b0e6d2e3863b970d616b39759a19070792922effbf8d19d227196f88034
1805,1806,修正年份,enhanced_extraction,e2b36fb6691f0d89c992a3804cb5ae2884c971357d4e97224dd714326054e3fb
197,96,类型,enhanced_extraction,3613e63056aa1a9b98e7f24d4a8017b1defea35408ff820f4a06659c6c6fc3f3
9,387,涉及,enhanced_extraction,73b3e69d5842c3f25132017bb9f9b1aa412d96372ffdaf89bbd37cb4ab3c9331
11,12,类型,enhanced_extraction,6eb99ba2cff423e2571ef8f318749216e856ec529f754e4116cb373c00ca8cc4
868,2777,类型,enhanced_extraction,eab4a23287a2f884210809cd2a535dc0a7c80574528851572ae75f502c6e56f1
110,9,行使主体,enhanced_extraction,04e6686a6ac48a1d6a9411fec475951914afa06d06fa0a9960c1d911aebee2c4
1,9,行驶主体,enhanced_extraction,dfa8444f33f4c566b96a0083383663d17fc0adbb7362564a7cae2bf98e1f9e9f
220,9,承办机构,enhanced_extraction,6dd69cd817f625f75c23b92483e7fe5c21da29ae1d5971331682c0d100f26d51
940,7922,监督,enhanced_extraction,1fe8ffb10491b885edffc2aaff8f3f083b5edc94c34802aa8bc1475876100ec5
1,103,管理,enhanced_extraction,e17e7253ed29bc31f912763bf2ab7aeb59dc9fe7d8ff5345524911b2dd39d3db
15,104,是,enhanced_extraction,1a69a170d19933771028e5e5852ce9ac4882b067dd8790d345d5c8debbffc7c2
621,471,依法追究,enhanced_extraction,ec2202b39711de7a45546076c387ad3c33bc0f9d0e8e75618025e3bf0771d514
13,96,类型,enhanced_extraction,4803e8eb42d15abdff1d9bfe4e6c1566bd35eb1aebc56b2ea7064b5198d7da33
102,1,是,enhanced_extraction,e7673144fe059008120004a15b8b74a285f82c6ab41977014fcf98bd828f26e9
102,110,是,enhanced_extraction,931625c0f64df1f58f0f84dd2d22143b4df6e9a2d1d3b0507bc6a629951f6e38
159,30,隶属于,enhanced_extraction,42cfcbe108331164aaecb1f0d4a40291b19609fdae9d1c489c91e88ef0bf9eaf
9,12,类型,enhanced_extraction,a0f990011f89318094029eddd7fc8433047738098f60167fd996d5cd597fc45b
1181,9,承办机构,enhanced_extraction,fbf893c796f6733d398675680118ff1a4ffe7969b584bf6f1e42a7877a22031a
2442,2442,类型,enhanced_extraction,c93d56a46d78cec24c566c98c46ecdf5d8990705f9f941ab122613482090635b
12,11,属于,enhanced_extraction,1c070514f019fc07536ffe381f9b1714c0fa030181e73dc73366c74ecb5406e1
234,96,类型,enhanced_extraction,3baf7b40f92723c55d2b40339b3580c522c6bff1c964fc370f6b478f832838c4
13,112,包括,enhanced_extraction,c1c571fb1d8601d6e86edffe190ed143e8edabbf9d70d060c2b755ec7778c1a5
11,308,是,enhanced_extraction,ecb06d577a5f273c2f13422e7f79961966e4fb437e16acc1fb731831344bc4db
13,112,是,enhanced_extraction,4022fd75f8b3ae3cd82a12e79edef19e686577bef36580e293b55d8f1a5de71b
130,12,行使主体,enhanced_extraction,f560c66e39df5f6e7d5a65a30056284a25c482f51a4c3a31a6b07b6102dc1c70
12,11,类型,enhanced_extraction,d250a3e2b5b7ceab7cccbdfff1e3b8cbdc70239998775ce9a8b2acb81f9e7784
81,9,承办机构,enhanced_extraction,31e66bb205a4ae1df7ad99d9529ce78a8922457f5f03394c50beceab3dd4fd87
228,45,类型,enhanced_extraction,97b3a3711d6e0cb3f55da53f6da3167acc629c4dc462c97d9c952aa4b489274d
11,12,是,enhanced_extraction,4bb51718453a67d9015b846c6a68662b97572c0a9269a7df9df55bbbce96ae63
11,11,类型,enhanced_extraction,63c0cb89fd070cec56228a2b437fabe6a35d41178bcf0e57ad410146f146783a
519,12,承办,enhanced_extraction,11ae804c3f32ad3e9dcd323a18f6852400381f3579af1bf8d33f5909887f1812
13,103,是,enhanced_extraction,1b5b4a6b26df270a9c16a69f9d5e70d230d38e452e30a89449afe7a565899b1f
130,96,类型,enhanced_extraction,492011f3caeb38421b0a4dc34d8e68ce6491294b3c8ce6a93e546bba673248da
102,1095,是,enhanced_extraction,e6e9b3bf3bb384135d997cc83f35ccfb54f7249a83b87f058987f1b013b177eb
233,158,行使,enhanced_extraction,963097439bd6c3d6936e3215236ffeb21bce32de77b2e5c24b2ba664108fdb00
81,9,承办机构,enhanced_extraction,31e66bb205a4ae1df7ad99d9529ce78a8922457f5f03394c50beceab3dd4fd87
220,122,类型,enhanced_extraction,ddd43b42b4429e1c8753259e67864f412dcf75e1a32655082ac7d10ea54ab3c4
102,164,是,enhanced_extraction,a80ad6ee4e5699c85935b930e4979b0e242208aeb958dbce2322b0ef11af2eb2
159,30,隶属于,enhanced_extraction,42cfcbe108331164aaecb1f0d4a40291b19609fdae9d1c489c91e88ef0bf9eaf
164,96,类型,enhanced_extraction,cee014ad6e4a569563c8424370d6d3ab0ae2b302dcef061273248f9442963009
14,12,承办机构,enhanced_extraction,b3f78f8d91a41eb1f2403baae337ba2537aa7882221cddeb31a73ca4a80babfe
197,12,行使,enhanced_extraction,910cfc73e83c67407673049d76551fb6ea6e1b533aa987bdfc7b008ec5cb46c9
102,233,是,enhanced_extraction,ce9aafe62b0266c7d010b0afc5f53dec015dc4b65753f42cf7d459769186f9f5
102,1,是,enhanced_extraction,e7673144fe059008120004a15b8b74a285f82c6ab41977014fcf98bd828f26e9
13,41,类型,enhanced_extraction,1dfae58022fd91b047d3fda6aee6b5855c358e74bf9b6f42c46bcbd3b90b1866
519,12,承办机构,enhanced_extraction,8fe2a8b69b80c52eb99cf94a111e2c5de4eb59a2df64785e2ab0c9b684aa172e
316,12,行使主体,enhanced_extraction,d0a3e095ee7a1bd0d51f747f4391ddcb8925875e7bd2f97ade0194727aedd7b4
519,12,执行,enhanced_extraction,e8dcd1617e361a5c8ac81c7f283f6002add3cf02048eec76112b2207ca52d54b
9,12,涉及,enhanced_extraction,5248c9d3ca7ecbe057c9b7f8e4427fdc46140ce6caae924a22f2b15012daad62
12,11,类型,enhanced_extraction,d250a3e2b5b7ceab7cccbdfff1e3b8cbdc70239998775ce9a8b2acb81f9e7784
81,96,类型,enhanced_extraction,fab8854d08f6acc48883a6d54797292986ffa257e04f76f79d69b629b5136613
9,12,属于,enhanced_extraction,f0795b40f45aed0659748890f09b67ab13ac9efdbbdb3af2aa803c5e7adddb68
541,96,类型,enhanced_extraction,d2585091f7495a19e7cfa78aae7706c7cdd4be5765fee9398808dbdea0d16627
11,308,是,enhanced_extraction,ecb06d577a5f273c2f13422e7f79961966e4fb437e16acc1fb731831344bc4db
9,3621,包含,enhanced_extraction,c79d76799202dd4590b1f1f3cd3efd1a788be47530ef84426e4c9d893227d18a
11,12,是,enhanced_extraction,4bb51718453a67d9015b846c6a68662b97572c0a9269a7df9df55bbbce96ae63
102,2108,是,enhanced_extraction,6cd8d7fe746873145911cccb23b672a04b6496eb0f80a6ac8a1b624e4ff2287f
164,9,行使主体,enhanced_extraction,786ebd4ad9d4f9a7110adcce82b6fb31da86f193f9b2bcb48bcb6c3affd2526c
11,12,是,enhanced_extraction,4bb51718453a67d9015b846c6a68662b97572c0a9269a7df9df55bbbce96ae63
130,12,行使主体,enhanced_extraction,f560c66e39df5f6e7d5a65a30056284a25c482f51a4c3a31a6b07b6102dc1c70
9,210,类型,enhanced_extraction,f474ff0499a08790d60a07797619e6890a07d8384c0077143cc80cfd45f47cb1
112,122,类型,enhanced_extraction,7ae865bfc46cdf8d9a898f26fcc7f9f2bde7ef11aca8f3054fe0623692e5b7f3
102,30,是,enhanced_extraction,49e97e22d3d7e783a2f77af85dd754c7212b8e8b9cb9164e3d6ab83c48b52fac
518,12,行使主体,enhanced_extraction,2ba35e8b565b7971ada29b084e323fbfddf99769575080927fac14c157526308
112,9,承办机构,enhanced_extraction,8c5141659c6f1ee72a6318e02df92ddfe59b9b1688527026bd5d1ccd13b7ea53
102,13,包含,enhanced_extraction,d45e11e290f5e12af61d2d247c008b275c494c5a8605ba90a9ec0bee8afba900
102,110,是,enhanced_extraction,931625c0f64df1f58f0f84dd2d22143b4df6e9a2d1d3b0507bc6a629951f6e38
350,11,类型,enhanced_extraction,4b384f423e28099930b227a5547c8ec4174f74136e5c2b42d869c5b9c14a4744
9,2353,类型,enhanced_extraction,f4660b3d54295843471e96552066c09245c0f652952347549f19a812fed2b3d1
14,122,类型,enhanced_extraction,d3d91c90b4b9122a9fcfca5f480e3cc5e9e5c6b142a143300638dc6e6b4471d4
110,12,行使主体,enhanced_extraction,8e22f97a934d82e04d95d6e3263129468a0bc6bdfcd8e7378ebebf21e7f56bfa
9,102,由,enhanced_extraction,24fb4e55c37005bd4eab3e28444ba2caed18ad3e680dd2aa638c5f38a6986e91
197,12,行使主体,enhanced_extraction,6fde912d0d7e947fe317a68a7499e27967ccde85ee8962d9603dd6668595927f
11,12,是,enhanced_extraction,4bb51718453a67d9015b846c6a68662b97572c0a9269a7df9df55bbbce96ae63
455,9,承办机构,enhanced_extraction,0904a0d3d8d66ee997c2fbe4fe7b9c57f7f2983795d471e0a28534437c5ce79c
164,158,行驶,enhanced_extraction,8cc9f7e5dbb669375709a72e155c593b14ead309651f7d0d56b1d44d847ebe65
9,5752,管理,enhanced_extraction,607119f88b5c84f38ac53493f0262cf808c230a06801c0305ea66b31d6a37cab
102,1,是,enhanced_extraction,e7673144fe059008120004a15b8b74a285f82c6ab41977014fcf98bd828f26e9
15,3421,来自,enhanced_extraction,569a622695a4253ad7c77f3e11066b11986fec9e98fd60862b260cbcaf4aa0e7
219,96,类型,enhanced_extraction,501d98fd934829def13421070a3527c368142d959d3066786d506a91cfa7e243
220,12,承办机构,enhanced_extraction,d6dd83fe48b58aecde65a1553db5e9368a2092ae2cc2050a62981de65361d57c
9,242,类型,enhanced_extraction,7c4db01f0639d9a2c1b3cb8eabf326c97aa2c3bc45933927e8f3e398c9317e43
12,11,属于,enhanced_extraction,1c070514f019fc07536ffe381f9b1714c0fa030181e73dc73366c74ecb5406e1
737,738,决定,enhanced_extraction,94a7f02e8835240e5b1cb5754fc2186d93ef2ff58ee394dbdb199a2ee9f9d961
220,12,承办机构,enhanced_extraction,d6dd83fe48b58aecde65a1553db5e9368a2092ae2cc2050a62981de65361d57c
102,1178,是,enhanced_extraction,033cc9758b99b8d0dda0d93e5162b7134d81287fad4be69c866ff9f9b16a7a4d
11,12,是,enhanced_extraction,4bb51718453a67d9015b846c6a68662b97572c0a9269a7df9df55bbbce96ae63
13,220,是,enhanced_extraction,90ed47a36b9c110511bb7444407ba8eea08c427edcf2fff05f0ff0d6fe893c08
110,96,类型,enhanced_extraction,6195f18a7eade16713482bb3519268c7fd3a3d906a61d038dc046d2b4adb3939
30,159,承办机构,enhanced_extraction,1d5307d14d8f3b4a85d80ab403512863a3b233bf05651cd6fe0a2fe9ddfe29bc
13,111,是,enhanced_extraction,e92990fdba5592a3b6fcc22d9ea34b712eeb46b1805330cd6168afde79c38daa
111,13,包含于,enhanced_extraction,0a6cb43d113e14b15c92663b4afb8788f6a2b106f246b6c05909ea784d808e5c
9,382,类型,enhanced_extraction,4cfb3db1b2e67bf8b438df39105b31616b659cf569445ffadf95f4ce4ab87e94
9,9,类型,enhanced_extraction,7047180d6e4b04a345c7820986071db18605d89d0593c04f29c2334c010fbc44
14,12,承办,enhanced_extraction,35e5d5da707a8addb81493b8c8a0e74a5e03fe7bd39ee1104d3b30cd853e74a7
518,96,类型,enhanced_extraction,ca4c852d22c9f6bdfc513253282bc67bff8cd2e622b68afaf99e5bc03e16ac4c
102,630,是,enhanced_extraction,c1c8a26c66f52ac0b8154deff231b378003b0afd788f0fae9480ad6ff66bb5eb
13,81,是,enhanced_extraction,67dd61e941d34e8ff608a5966cd853677b6ea4af00f11ff1e4a6c6ffad29367e
11,12,包含,enhanced_extraction,c7108b0e6d2e3863b970d616b39759a19070792922effbf8d19d227196f88034
110,12,行使,enhanced_extraction,4d5906559edf6c5dac36947e742e595aca46c1d7783b9fc8b1510c07b9223a1f
164,158,行使,enhanced_extraction,46dd0bcc3b5c2d96944bb4a6050c6ebb134c8154e1d2142689c8523135ae9abe
30,12,行使主体,enhanced_extraction,1e7200094dd34c790193171ddcf0ebf515cdc55593921a196744b29e5fa0a671
111,9,承办机构,enhanced_extraction,0e1b65ae7d6d6e353db7e399f405a5901a391d7cf7e5ce64d9691610e8aa234b
9,11,包含,enhanced_extraction,5274af0039cfb20f667e5112a5fb84dd67e44706aa85fc6cfa2ece9266003c06
11,12,是,enhanced_extraction,4bb51718453a67d9015b846c6a68662b97572c0a9269a7df9df55bbbce96ae63
541,9,行使主体,enhanced_extraction,d2de9d22c85bcc6ffce71f8bb27de5c0a8c6d26513c85ecc8a18c0c149ff9f4b
30,12,执行,enhanced_extraction,82a9e12b95caef8cfff7f9ec8ee0f7ba186c16d3c4fb96af7151cb75daa69e1a
102,394,是,enhanced_extraction,d8eecbbb48fe7bd4b15bf48fe20bd887dd02ba42ab16e82d066d61f0587213ef
102,1024,是,enhanced_extraction,552a229b0820f02bbc09a231736f4651baa39e0bad33cb3abf8caa99e7cd3503
2714,96,类型,enhanced_extraction,11561c492c580543a5b3cce7e38af920473443006620dc7406f6795a45e1864c
1,96,类型,enhanced_extraction,1b53d6d7bceb859c9994c8f868edccb566495452b198b46bc26063c03b409d3f
216,122,类型,enhanced_extraction,1b9538bee24e1c7d07ab1e65d582f3b36814f850eefe1590ebd68a5ecd34ac54
102,394,是,enhanced_extraction,d8eecbbb48fe7bd4b15bf48fe20bd887dd02ba42ab16e82d066d61f0587213ef
111,9,承办机构,enhanced_extraction,0e1b65ae7d6d6e353db7e399f405a5901a391d7cf7e5ce64d9691610e8aa234b
11,12,类型,enhanced_extraction,6eb99ba2cff423e2571ef8f318749216e856ec529f754e4116cb373c00ca8cc4
308,11,是,enhanced_extraction,648a41103d7d290e93ebf6b6fc126daccc115dee48bd4b7cc4dfbd802ca97e3e
164,9,行驶主体,enhanced_extraction,09c09f8f1d385d8baf4b8e1ba70ac0aaa1f904b1cc805b077741b95d4cd92bba
13,4609,包括,enhanced_extraction,fdf6b8c4933c5c8b604347ce1e6421b55b5772b2c3a8a43299a514e615174362
110,41,类型,enhanced_extraction,205a7ef1fc913608fb085130c4029c1788fd17f7ea92798045f0ca2414dccde9
159,12,承办机构,enhanced_extraction,6aff489ab10dbf8c13027d23db776f9011bc8513954287f449cc26e5f34714f1
233,9,行使主体,enhanced_extraction,5e183a336d20352bd8b994006317c9b8b8906deb81b1c6c331037621a9ba156c
102,1430,是,enhanced_extraction,da7e86f2d3400bf9d7851c74d895cfd2e01264e781be4a634580131469161dfa
10,3198,类型,enhanced_extraction,42003d9110507eb026f3662083b3be24b7cd5d0fd01cd608418881884e95eb41
12,825,类型,enhanced_extraction,f23b6e42d2ddf04052d4f66c49219b5c90dd417a9a4460243b7b8ea5f9fb26d4
81,122,类型,enhanced_extraction,4ca3efb801a213d46792e31310ebb2273abfc8a192945c2034f6b386c732d5cb
159,235,类型,enhanced_extraction,f14c6e7470916cee4e5a52686b003fe2d3adb3bfeaf28569d22cb5b5f0a71e73
30,12,行使主体,enhanced_extraction,1e7200094dd34c790193171ddcf0ebf515cdc55593921a196744b29e5fa0a671
13,159,是,enhanced_extraction,42b286c8b69b7dd60715ddb4a4b5ec24d40c79d0cdc71cf056cb2f8e8981f706
11,12,包含,enhanced_extraction,c7108b0e6d2e3863b970d616b39759a19070792922effbf8d19d227196f88034
519,12,承办机构,enhanced_extraction,8fe2a8b69b80c52eb99cf94a111e2c5de4eb59a2df64785e2ab0c9b684aa172e
11,12,是,enhanced_extraction,4bb51718453a67d9015b846c6a68662b97572c0a9269a7df9df55bbbce96ae63
518,96,类型,enhanced_extraction,ca4c852d22c9f6bdfc513253282bc67bff8cd2e622b68afaf99e5bc03e16ac4c
30,12,行使主体,enhanced_extraction,1e7200094dd34c790193171ddcf0ebf515cdc55593921a196744b29e5fa0a671
11,12,包括,enhanced_extraction,6d7f5abcc3c2c389767af49798c0694ede197c2b8306a6a80fa9121928c5e468
11,218,类型,enhanced_extraction,d0808af55fc2f12f46b4a8d32282fee95174164d496ae62daea0c7ee682b5571
11,12,类型,enhanced_extraction,6eb99ba2cff423e2571ef8f318749216e856ec529f754e4116cb373c00ca8cc4
9,108,类型,enhanced_extraction,ca67bd586e0b0863d7a2978fb6b9b04903a4e9cb7dda47c386ead309f1f7e34a
1,2,类型,enhanced_extraction,ad1d45ad7521ca0c05fb23c57aaf2048b6871fceaca67eca7a95dc4ad098e662
12,11,类型,enhanced_extraction,d250a3e2b5b7ceab7cccbdfff1e3b8cbdc70239998775ce9a8b2acb81f9e7784
13,112,是,enhanced_extraction,4022fd75f8b3ae3cd82a12e79edef19e686577bef36580e293b55d8f1a5de71b
541,9,行使主体,enhanced_extraction,d2de9d22c85bcc6ffce71f8bb27de5c0a8c6d26513c85ecc8a18c0c149ff9f4b
11,350,是,enhanced_extraction,7fa4f4b4033afd36ccb46abeecc8e5a8711fa14f70e617b795e2b335abf2616f
9,12,类型,enhanced_extraction,a0f990011f89318094029eddd7fc8433047738098f60167fd996d5cd597fc45b
30,9,行使主体,enhanced_extraction,e5c3d2ac83f2327f2610e99efd5375f04df010240d8cb35905e011c0fb5f6a2a
102,110,是,enhanced_extraction,931625c0f64df1f58f0f84dd2d22143b4df6e9a2d1d3b0507bc6a629951f6e38
102,518,是,enhanced_extraction,69503e4b392f7ae31ef14944ea242179127a6741c15d2612e282d2da4d329d33
842,3807,构成犯罪,enhanced_extraction,5e9173175d0882158eef2e76458760b9d90a6342e09b1c593b013006b33ffa8c
102,164,是,enhanced_extraction,a80ad6ee4e5699c85935b930e4979b0e242208aeb958dbce2322b0ef11af2eb2
11,12,是,enhanced_extraction,4bb51718453a67d9015b846c6a68662b97572c0a9269a7df9df55bbbce96ae63
707,9,承办机构,enhanced_extraction,25b3856d4d6346b6c3593dc74bea524adbd2c64273c03661f0aa5a9948a2a5b0
467,466,依法给予,enhanced_extraction,5254db9fe86a0875d8ed13e2fbab2949520c69f99cfa1b072f271285b91b4f62
219,12,行使权力类型,enhanced_extraction,67521e071c6ecb792a5c2f61b9eb7c5b1db38676bc9a67d6a32ab1ae978a18f9
11,12,是,enhanced_extraction,4bb51718453a67d9015b846c6a68662b97572c0a9269a7df9df55bbbce96ae63
13,861,是,enhanced_extraction,d162e4a7780a1f9cead2372c0f4006a2c1e544b2ce325d2fdea8cb60f3fd7727
9,719,包括,enhanced_extraction,c1231fc32b7acc4e77b3d47c231bf991895c5f25fb53cc1621c5a806c9e5df88
748,12,承办机构,enhanced_extraction,2ded277751c82ba68a30e0b434b2b6d4d979385daa270c6c14de7da584a47ef5
102,30,是,enhanced_extraction,49e97e22d3d7e783a2f77af85dd754c7212b8e8b9cb9164e3d6ab83c48b52fac
1560,96,类型,enhanced_extraction,f341e9d71db4101211e26da6e04b4f55a3f75606968da3ddaf2ca0ee72fc3360
2707,9,承办机构,enhanced_extraction,48f3fae9e4e50f3592e5f9cf150be68a79cf11984df6d1948f805b59336c6833
233,9,行使主体,enhanced_extraction,5e183a336d20352bd8b994006317c9b8b8906deb81b1c6c331037621a9ba156c
13,111,包括,enhanced_extraction,09c0593bd8b7420222398fb7c93ce32df70d33633b73fc4e12402155845d4bd2
159,12,负责,enhanced_extraction,6cf14e29b9db0c2dea5ab6664d34a6740232d8d525ac7492a43e9e0336ae879c
112,13,属于,enhanced_extraction,92764e7a0e5723fbb8222688d27344988ebd374de6ff18da62656b9583f95f91
164,2,类型,enhanced_extraction,ba9fe9ab108badb23ce81524d67c7020be1069552083caaf6bf4b62e45e55dc9
159,30,隶属于,enhanced_extraction,42cfcbe108331164aaecb1f0d4a40291b19609fdae9d1c489c91e88ef0bf9eaf
519,13,类型,enhanced_extraction,65d039e330344325e530d0063c2c1ba2aba8f4514b2362b86843b17d99f6c3ec
111,9,承办机构,enhanced_extraction,0e1b65ae7d6d6e353db7e399f405a5901a391d7cf7e5ce64d9691610e8aa234b
233,158,行使,enhanced_extraction,963097439bd6c3d6936e3215236ffeb21bce32de77b2e5c24b2ba664108fdb00
102,110,是,enhanced_extraction,931625c0f64df1f58f0f84dd2d22143b4df6e9a2d1d3b0507bc6a629951f6e38
102,130,是,enhanced_extraction,927e2c3c89401500404e75bab06f2597a18d0881b1d81c4f2fb0034b46ecae9e
13,111,是,enhanced_extraction,e92990fdba5592a3b6fcc22d9ea34b712eeb46b1805330cd6168afde79c38daa
130,96,类型,enhanced_extraction,492011f3caeb38421b0a4dc34d8e68ce6491294b3c8ce6a93e546bba673248da
30,12,行使,enhanced_extraction,e32ba06d18071d6a8384351a3a10393f6606ad032542fde73f276d5e7e5dca46
9,12,涉及,enhanced_extraction,5248c9d3ca7ecbe057c9b7f8e4427fdc46140ce6caae924a22f2b15012daad62
11,12,是,enhanced_extraction,4bb51718453a67d9015b846c6a68662b97572c0a9269a7df9df55bbbce96ae63
112,12,承办机构,enhanced_extraction,61354e19e5a8c6aa913e2c3f2a7c2d6ab87c1edaada8be5e039519f0c19f4719
9,12,涉及,enhanced_extraction,5248c9d3ca7ecbe057c9b7f8e4427fdc46140ce6caae924a22f2b15012daad62
13,69,是,enhanced_extraction,b36100edef6126a3253cd6d3c8436b60d913028144208e6d85d8fb7e9929ef09
9,719,包括,enhanced_extraction,c1231fc32b7acc4e77b3d47c231bf991895c5f25fb53cc1621c5a806c9e5df88
1066,1,承办机构,enhanced_extraction,907fa57b60bb24690198a23d17f73b3da29705a79aa907d052af0126c312d05e
11,12,是,enhanced_extraction,4bb51718453a67d9015b846c6a68662b97572c0a9269a7df9df55bbbce96ae63
1178,158,行驶,enhanced_extraction,7e36a76d8e8a1feaa784714e7ed6d9b650566d5c3a044d8723c4f20d917a3a7b
102,12,行使,enhanced_extraction,72fe6b312d51469307023f4059b569962625b006d6e40e7d07494b6950892fd2
13,112,是,enhanced_extraction,4022fd75f8b3ae3cd82a12e79edef19e686577bef36580e293b55d8f1a5de71b
173,11,权力类型,enhanced_extraction,ec7afd34a624efce866e5712a45535c0900f1821284b4e81e97e006610691bda
102,110,是,enhanced_extraction,931625c0f64df1f58f0f84dd2d22143b4df6e9a2d1d3b0507bc6a629951f6e38
219,12,行使主体,enhanced_extraction,48c9be9799eee1b308a712f26eeac8073f8cfcf02dfeb1b31345add10211760c
220,235,类型,enhanced_extraction,17f06e3cce3a42e526a449fce60ab3d392e69486843ba54e3d52c7ed35ec1239
159,122,类型,enhanced_extraction,ac95a8754b9cf555ad1f7b6963dfd724829642f155c6b04c4c82d577ec28198a
11,12,是,enhanced_extraction,4bb51718453a67d9015b846c6a68662b97572c0a9269a7df9df55bbbce96ae63
707,9,承办机构,enhanced_extraction,25b3856d4d6346b6c3593dc74bea524adbd2c64273c03661f0aa5a9948a2a5b0
102,30,是,enhanced_extraction,49e97e22d3d7e783a2f77af85dd754c7212b8e8b9cb9164e3d6ab83c48b52fac
12,11,属于,enhanced_extraction,1c070514f019fc07536ffe381f9b1714c0fa030181e73dc73366c74ecb5406e1
102,30,是,enhanced_extraction,49e97e22d3d7e783a2f77af85dd754c7212b8e8b9cb9164e3d6ab83c48b52fac
11,12,类型,enhanced_extraction,6eb99ba2cff423e2571ef8f318749216e856ec529f754e4116cb373c00ca8cc4
219,12,行驶主体,enhanced_extraction,7f7cd218e5a63f8cfed49f0763413c3805dae3dea7ad67d9c9014df5fe95e27e
1327,96,类型,enhanced_extraction,ff2301c19bb7b94da9333bd6f4833ddd88671df01df13ca01415d21a7dbb024f
30,159,包含,enhanced_extraction,746dad8207c11e936f9291a4d48652549063b984284c0ab2036a0471f7b9f7b4
102,30,是,enhanced_extraction,49e97e22d3d7e783a2f77af85dd754c7212b8e8b9cb9164e3d6ab83c48b52fac
102,1,是,enhanced_extraction,e7673144fe059008120004a15b8b74a285f82c6ab41977014fcf98bd828f26e9
1327,96,类型,enhanced_extraction,ff2301c19bb7b94da9333bd6f4833ddd88671df01df13ca01415d21a7dbb024f
219,12,行使主体,enhanced_extraction,48c9be9799eee1b308a712f26eeac8073f8cfcf02dfeb1b31345add10211760c
230,9,实施依据,enhanced_extraction,d4e914ae7cbf1423f1d90ce28d32c22a088f6c49e05a84e14b658a419fe667c3
519,12,承办机构,enhanced_extraction,8fe2a8b69b80c52eb99cf94a111e2c5de4eb59a2df64785e2ab0c9b684aa172e
102,130,是,enhanced_extraction,927e2c3c89401500404e75bab06f2597a18d0881b1d81c4f2fb0034b46ecae9e
110,111,包含,enhanced_extraction,d592ca3330a9e77a1ea2c10b1cee07860f1846cc946434fff7ca6996bbc293a2
111,12,承办机构,enhanced_extraction,17327f9a1de1086d2c73256ac92cbbf571e23426c4b96cee6a87dfe4055ef86c
11,12,是,enhanced_extraction,4bb51718453a67d9015b846c6a68662b97572c0a9269a7df9df55bbbce96ae63
219,12,行使主体,enhanced_extraction,48c9be9799eee1b308a712f26eeac8073f8cfcf02dfeb1b31345add10211760c
164,96,类型,enhanced_extraction,cee014ad6e4a569563c8424370d6d3ab0ae2b302dcef061273248f9442963009
102,1343,是,enhanced_extraction,c410c8771dfda6f93e7d83ad006a8abdfb4ad626318e90090825848c20bd4c40
102,518,是,enhanced_extraction,69503e4b392f7ae31ef14944ea242179127a6741c15d2612e282d2da4d329d33
11,1766,类型,enhanced_extraction,6715f80683b990220e06ce593cc5b61a54c2ee5053c62a650461ac7471c5fadb
11,350,是,enhanced_extraction,7fa4f4b4033afd36ccb46abeecc8e5a8711fa14f70e617b795e2b335abf2616f
11,12,是,enhanced_extraction,4bb51718453a67d9015b846c6a68662b97572c0a9269a7df9df55bbbce96ae63
102,1165,类型,enhanced_extraction,bafce3abc5d4abb940550b57f5ca521b5719bff90ba94771094727d5d66724ab
24,1073,范围,enhanced_extraction,dfb533cb2e3cdb80263afe3ecd7095dc7dfe4ddd65f0a7f1aedc1555886d47a7
2201,9,实施依据,enhanced_extraction,27bbddff7879f6058e832d36c0e29a794111f013e454e3416a1a14b4b95c0afd
13,103,是,enhanced_extraction,1b5b4a6b26df270a9c16a69f9d5e70d230d38e452e30a89449afe7a565899b1f
1430,12,行使,enhanced_extraction,86f0f3cdda54908ebd9a65e1fbc664cf1d499221c9a0a314a3f6387a49cb539f
164,96,类型,enhanced_extraction,cee014ad6e4a569563c8424370d6d3ab0ae2b302dcef061273248f9442963009
590,9,行使主体,enhanced_extraction,297724ccfed32bc0a0067362783475f5e2e8e516d57fef9f94699157e5756d66
102,110,是,enhanced_extraction,931625c0f64df1f58f0f84dd2d22143b4df6e9a2d1d3b0507bc6a629951f6e38
11,12,包含,enhanced_extraction,c7108b0e6d2e3863b970d616b39759a19070792922effbf8d19d227196f88034
4308,4309,向,enhanced_extraction,6e6fb38b9afb62543bd5266d60b0f41ef947c1f2a631fddb7ff00d30215ee2bc
13,112,包括,enhanced_extraction,c1c571fb1d8601d6e86edffe190ed143e8edabbf9d70d060c2b755ec7778c1a5
102,1430,是,enhanced_extraction,da7e86f2d3400bf9d7851c74d895cfd2e01264e781be4a634580131469161dfa
13,159,是,enhanced_extraction,42b286c8b69b7dd60715ddb4a4b5ec24d40c79d0cdc71cf056cb2f8e8981f706
11,12,类型,enhanced_extraction,6eb99ba2cff423e2571ef8f318749216e856ec529f754e4116cb373c00ca8cc4
11,12,是,enhanced_extraction,4bb51718453a67d9015b846c6a68662b97572c0a9269a7df9df55bbbce96ae63
102,1,是,enhanced_extraction,e7673144fe059008120004a15b8b74a285f82c6ab41977014fcf98bd828f26e9
233,96,类型,enhanced_extraction,403d8d284bb442ebedf3ec08f061bbf2ab967b37d33ba94afbf403814c3b994b
233,9,行使主体,enhanced_extraction,5e183a336d20352bd8b994006317c9b8b8906deb81b1c6c331037621a9ba156c
1768,9,实施依据,enhanced_extraction,e7934882d4a42c3c8312bfe628fcaf494d7c7d78af46a7840fd2c87f758e26d4
9,242,类型,enhanced_extraction,7c4db01f0639d9a2c1b3cb8eabf326c97aa2c3bc45933927e8f3e398c9317e43
159,122,类型,enhanced_extraction,ac95a8754b9cf555ad1f7b6963dfd724829642f155c6b04c4c82d577ec28198a
11,12,是,enhanced_extraction,4bb51718453a67d9015b846c6a68662b97572c0a9269a7df9df55bbbce96ae63
30,12,行使主体,enhanced_extraction,1e7200094dd34c790193171ddcf0ebf515cdc55593921a196744b29e5fa0a671
14,12,承办机构,enhanced_extraction,b3f78f8d91a41eb1f2403baae337ba2537aa7882221cddeb31a73ca4a80babfe
590,1093,类型,enhanced_extraction,a2c240784951db8c624ccf8269dd42a09fb105c8f80fc4f04897e3c9fc915626
13,159,是,enhanced_extraction,42b286c8b69b7dd60715ddb4a4b5ec24d40c79d0cdc71cf056cb2f8e8981f706
102,110,包含,enhanced_extraction,ce855522f661dc1e038329975dfbaf27fdfbe786367289f704da879820632ce2
112,13,属于,enhanced_extraction,92764e7a0e5723fbb8222688d27344988ebd374de6ff18da62656b9583f95f91
9,382,类型,enhanced_extraction,4cfb3db1b2e67bf8b438df39105b31616b659cf569445ffadf95f4ce4ab87e94
9,719,包括,enhanced_extraction,c1231fc32b7acc4e77b3d47c231bf991895c5f25fb53cc1621c5a806c9e5df88
3954,43,类型,enhanced_extraction,09e5089f2a8253b4860287371c12e7a775c7d9cd31199a94cb9eb1d8728e4ae3
30,9,行使主体,enhanced_extraction,e5c3d2ac83f2327f2610e99efd5375f04df010240d8cb35905e011c0fb5f6a2a
11,12,是,enhanced_extraction,4bb51718453a67d9015b846c6a68662b97572c0a9269a7df9df55bbbce96ae63
1850,842,处罚措施,enhanced_extraction,49ba8a3f89df7edcca11bb3356ab5efad3a9b5a3fe554df468699b328ba8159e
11,218,是,enhanced_extraction,885d1711b265018c6b5869a35a061431728560bad04aaf3db12f272a809d4bff
164,12,行使主体,enhanced_extraction,4fba2d65aa583b6e935b5ed38ff0df3dedbdae8acb94f7c54b9a5866d8ecd800
9,12,类型,enhanced_extraction,a0f990011f89318094029eddd7fc8433047738098f60167fd996d5cd597fc45b
102,80,是,enhanced_extraction,79e8d5b7618f13b08ba6bbab2160ead94042b778e9a4a7619d5ff0e34b6e7ca5
11,12,是,enhanced_extraction,4bb51718453a67d9015b846c6a68662b97572c0a9269a7df9df55bbbce96ae63
13,122,类型,enhanced_extraction,fe19e8b5dbf358107d721c0776af57adf1f5553bea6cbad339f4fc494cfb6524
9,12,涉及,enhanced_extraction,5248c9d3ca7ecbe057c9b7f8e4427fdc46140ce6caae924a22f2b15012daad62
11,12,包含,enhanced_extraction,c7108b0e6d2e3863b970d616b39759a19070792922effbf8d19d227196f88034
1270,96,类型,enhanced_extraction,adae0c0cc28514d0fb6ee0c0826f392695d9ca76609146776b2ece5370d6ff37
103,2,类型,enhanced_extraction,a3249f4462f7ee189afde2ab3efc63950e303f6753acdb193e4c7685b76f1ec8
102,1,是,enhanced_extraction,e7673144fe059008120004a15b8b74a285f82c6ab41977014fcf98bd828f26e9
9,102,由,enhanced_extraction,24fb4e55c37005bd4eab3e28444ba2caed18ad3e680dd2aa638c5f38a6986e91
219,12,执行,enhanced_extraction,ae6dd7eec740aa1c35166db92b76360270d7504d462869eda3053c34bc5d962b
102,1345,是,enhanced_extraction,bd93dcbf2e5b3a814a2c859ffad3bbe6483aeda5bfdfef49441e23c11c355095
9,12,涉及,enhanced_extraction,5248c9d3ca7ecbe057c9b7f8e4427fdc46140ce6caae924a22f2b15012daad62
11,12,是,enhanced_extraction,4bb51718453a67d9015b846c6a68662b97572c0a9269a7df9df55bbbce96ae63
12,9,权力类型,enhanced_extraction,e43b8cbbf66185d04b01324774f7cfd10d4ede1862ebd2a5778acd82c17efd4d
11,12,是,enhanced_extraction,4bb51718453a67d9015b846c6a68662b97572c0a9269a7df9df55bbbce96ae63
518,657,执行,enhanced_extraction,ef887bdae8efdbe2407d76c2fe83ff21d7891886f2f63ae55a480a8d6140ee20
11,12,是,enhanced_extraction,4bb51718453a67d9015b846c6a68662b97572c0a9269a7df9df55bbbce96ae63
220,235,类型,enhanced_extraction,17f06e3cce3a42e526a449fce60ab3d392e69486843ba54e3d52c7ed35ec1239
9,242,类型,enhanced_extraction,7c4db01f0639d9a2c1b3cb8eabf326c97aa2c3bc45933927e8f3e398c9317e43
9,2353,类型,enhanced_extraction,f4660b3d54295843471e96552066c09245c0f652952347549f19a812fed2b3d1
11,12,是,enhanced_extraction,4bb51718453a67d9015b846c6a68662b97572c0a9269a7df9df55bbbce96ae63
12,11,类型,enhanced_extraction,d250a3e2b5b7ceab7cccbdfff1e3b8cbdc70239998775ce9a8b2acb81f9e7784
11,12,包含,enhanced_extraction,c7108b0e6d2e3863b970d616b39759a19070792922effbf8d19d227196f88034
1178,12,行使,enhanced_extraction,7c5eed8e105b4103f091f26d16847cb17a172c024f2d003d8e449e1bffc2f380
11,12,类型,enhanced_extraction,6eb99ba2cff423e2571ef8f318749216e856ec529f754e4116cb373c00ca8cc4
220,9,承办机构,enhanced_extraction,6dd69cd817f625f75c23b92483e7fe5c21da29ae1d5971331682c0d100f26d51
112,9,承办机构,enhanced_extraction,8c5141659c6f1ee72a6318e02df92ddfe59b9b1688527026bd5d1ccd13b7ea53
102,30,是,enhanced_extraction,49e97e22d3d7e783a2f77af85dd754c7212b8e8b9cb9164e3d6ab83c48b52fac
54,96,类型,enhanced_extraction,700a62739c603330fad1f06488dd2cf7d267b48ec4e9b119ab2c60183e939f38
13,5371,是,enhanced_extraction,a0b32c643265a298b42ce7cebe6493c6259343d6e12fe336b3b8f2873b17fadb
1346,43,类型,enhanced_extraction,f8c646deb960e9be99773c321a468d632a5c7e123df03b4b8f4a052ff22b7c2d
69,9,承办机构,enhanced_extraction,84a49627ff3a601e61d0e9680dfafd907745918309c1dd1e4500b5e9ce2b9b6f
519,9,承办机构,enhanced_extraction,b0629528aff73dc1b3152c49d06e06bd7bce855de12798666cef753fa18bf60f
13,69,包括,enhanced_extraction,fee1c970fabefbf3d4b20fcc42027b5faa56136df4fc24e4bd8f6e99655cdb2c
519,12,承办,enhanced_extraction,11ae804c3f32ad3e9dcd323a18f6852400381f3579af1bf8d33f5909887f1812
2135,9,承办机构,enhanced_extraction,813b892600d6cbe9e1855e665d3fa25468b6d92d07961b130e4c39ae5eb56c9f
652,102,是,enhanced_extraction,be953055c11b85280cc0e902e656cdefec3c10d67e8a7574d064824bc152ea8f
12,769,类型,enhanced_extraction,575ddec42486c41b6d80f9bc7731af6101d990ac4f08c467bc5bbb4dc40d736f
164,96,类型,enhanced_extraction,cee014ad6e4a569563c8424370d6d3ab0ae2b302dcef061273248f9442963009
474,96,类型,enhanced_extraction,29cae0593910b8b718efe6fc0c6a6baeb9e5f29b7a10934509973d17054a5da6
30,159,包含,enhanced_extraction,746dad8207c11e936f9291a4d48652549063b984284c0ab2036a0471f7b9f7b4
220,13,负责,enhanced_extraction,2de6b93c1e6e83221b848fd616d01d6149b0defe577e82580c22311b3b004d22
11,12,是,enhanced_extraction,4bb51718453a67d9015b846c6a68662b97572c0a9269a7df9df55bbbce96ae63
54,55,类型,enhanced_extraction,f0dc3fbd0d92917ca5b59850d86ca8147a3a0e71905769675eea77bbbfc4e937
519,122,类型,enhanced_extraction,e1874ec60d723dcab7e8b8f3d54c67786af49eb213bc8ad4b7f2aa9817b50e97
12,121,类型,enhanced_extraction,2a0f14f6bfc5e730b8f67f0d8f1a2ef6fcf3b0aacea756c9424c11932fca64b4
519,122,类型,enhanced_extraction,e1874ec60d723dcab7e8b8f3d54c67786af49eb213bc8ad4b7f2aa9817b50e97
1468,235,类型,enhanced_extraction,3b49e9b159034a118e2270c23a6d78ca52bcb22b015437cbefcf3b28408e14a3
30,96,类型,enhanced_extraction,67ef09263d41efc13438e970d6b90d6ddeaebf07422d9d42053516d76b0dec73
13,96,类型,enhanced_extraction,4803e8eb42d15abdff1d9bfe4e6c1566bd35eb1aebc56b2ea7064b5198d7da33
13,111,包括,enhanced_extraction,09c0593bd8b7420222398fb7c93ce32df70d33633b73fc4e12402155845d4bd2
3621,12,权力类型,enhanced_extraction,18bc6e1fbdb2b2ce847235d410a7db3f8c64634a46ef63129e04e6cbf1787dae
11,79,是,enhanced_extraction,7fc479b7c7f1a5e9a2ccc9b68850e59cde0b8d6838f1979d7b68f16db2615cd8
657,319,类型,enhanced_extraction,a70aff27e2269d31fa26f6c9cc2bd6d72eb18e03ac15e18f4f5197be43402dc4
11,12,是,enhanced_extraction,4bb51718453a67d9015b846c6a68662b97572c0a9269a7df9df55bbbce96ae63
216,1270,承办机构,enhanced_extraction,68c696d11e2187666d5c57e4a52bb19857f57f974a4f8a8e619fb1d2e8a549e9
14,9,承办机构,enhanced_extraction,f404e282d70c377d86e8d2de974bc2a4a334b2db5894f7cec3b5c3d7c02595aa
30,12,行使主体,enhanced_extraction,1e7200094dd34c790193171ddcf0ebf515cdc55593921a196744b29e5fa0a671
112,13,属于,enhanced_extraction,92764e7a0e5723fbb8222688d27344988ebd374de6ff18da62656b9583f95f91
317,9,承办机构,enhanced_extraction,2de41b53332e50ae31e05994c0d785d5732197eedda97f70cfcab6993eead450
11,350,是,enhanced_extraction,7fa4f4b4033afd36ccb46abeecc8e5a8711fa14f70e617b795e2b335abf2616f
1,2,类型,enhanced_extraction,ad1d45ad7521ca0c05fb23c57aaf2048b6871fceaca67eca7a95dc4ad098e662
1,96,类型,enhanced_extraction,1b53d6d7bceb859c9994c8f868edccb566495452b198b46bc26063c03b409d3f
233,800,是,enhanced_extraction,00d930576abf1fb30449609f086af38e62d4e374c8edb3b74ba097a19b7fa935
102,80,是,enhanced_extraction,79e8d5b7618f13b08ba6bbab2160ead94042b778e9a4a7619d5ff0e34b6e7ca5
590,1093,类型,enhanced_extraction,a2c240784951db8c624ccf8269dd42a09fb105c8f80fc4f04897e3c9fc915626
24,2964,类型,enhanced_extraction,0995e2134ba3934b6680f887a071779c82fdef226e743bdc7534da6280d21641
80,11,行使主体,enhanced_extraction,af79ca8bc241a33a76b303efed78586be2d9aaea8691fde5fde29668273061e7
30,12,行使权力类型,enhanced_extraction,a6258c7eb0fcb4d3bf5d0a8c99b7e36355b00e2446aed07a7ae6c10b430bb8ca
342,120,类型,enhanced_extraction,0505b7c08492a33f757ce973c87bc13352770967e0db94a87201d71d57bb6773
11,308,是,enhanced_extraction,ecb06d577a5f273c2f13422e7f79961966e4fb437e16acc1fb731831344bc4db
13,159,是,enhanced_extraction,42b286c8b69b7dd60715ddb4a4b5ec24d40c79d0cdc71cf056cb2f8e8981f706
219,12,执行,enhanced_extraction,ae6dd7eec740aa1c35166db92b76360270d7504d462869eda3053c34bc5d962b
102,2740,是,enhanced_extraction,8abc25b33d23651835a2acaa4b19007cc90eac15be67e7945a7238cd51522418
30,96,类型,enhanced_extraction,67ef09263d41efc13438e970d6b90d6ddeaebf07422d9d42053516d76b0dec73
11,12,是,enhanced_extraction,4bb51718453a67d9015b846c6a68662b97572c0a9269a7df9df55bbbce96ae63
590,652,包含,enhanced_extraction,d8323bdbe84200decd5f0f9ceae6aebf4bb0f814f3fb7910d2855b5f3c19015c
14,590,隶属于,enhanced_extraction,3f07885d9e2f0ca8bb3e6bb9c030ed830124acb5ff6297c48d95c982f5845bff
102,1,是,enhanced_extraction,e7673144fe059008120004a15b8b74a285f82c6ab41977014fcf98bd828f26e9
80,96,类型,enhanced_extraction,60589a9f7239b972454c94ebe1d88b353e4c9fad16152fb4bc372a569d001482
164,41,是,enhanced_extraction,20cba4ba65dad0e0d527fdcddc87c7bc8b6074e489de4722d4e7faeb3c6ab79a
164,235,类型,enhanced_extraction,8866a5643dda9800ef2ebe64cb4f09d680014b699236141406f7c4989d4bb83a
219,230,依据,enhanced_extraction,e9b7ffae6308a2d0f7acdb913ca1f05499c5422b6778e0d424fe0e083d632d1e
11,12,是,enhanced_extraction,4bb51718453a67d9015b846c6a68662b97572c0a9269a7df9df55bbbce96ae63
1,9,行使主体,enhanced_extraction,b682a86df8491abefd8e5545f99c474f9d3e64b0932e9baa82dd2f840ab1d841
9,12,类型,enhanced_extraction,a0f990011f89318094029eddd7fc8433047738098f60167fd996d5cd597fc45b
197,235,类型,enhanced_extraction,775f4e4036cd0a4fe392da442ce0fe84f90f5ff6ee44a766f998d374e8992bbf
1343,12,行使主体,enhanced_extraction,7d93f17c06c80b07a491a8c4a174fa5298eea3410435e1ba091979391b1b7ba9
518,102,是,enhanced_extraction,10bc7e11cea630cbd28161217c6c9744562300c1abdf118abdca91119ad50cc4
13,14,是,enhanced_extraction,bfbeedc7e6daf4f851060b875d14b5b7c1dab5b695356d4176fd018de0894ae2
2043,1293,是,enhanced_extraction,02f956fd9fef13ed82d142b6cbdc61752836e6ddf3e5d4d0a1ba3f4749beb4e4
233,24,执行,enhanced_extraction,bbbc494dd14ea832f6dfce012da042af4b139121eb30f0e0c07b5fc80e9616ac
79,11,是,enhanced_extraction,eded1ef8b8cda0c767ba5975434155285c793c8097b3c8c17b219b608f664321
111,13,属于,enhanced_extraction,30a94fc034d62aeef2dbfeda0365ce19ffe0ae920d294cddbeb30918faec18ba
164,41,类型,enhanced_extraction,11ea232750483c1cfb361ef607ee61221e39683b61eaac96f22799cb4403b841
30,12,行使,enhanced_extraction,e32ba06d18071d6a8384351a3a10393f6606ad032542fde73f276d5e7e5dca46
9,12,类型,enhanced_extraction,a0f990011f89318094029eddd7fc8433047738098f60167fd996d5cd597fc45b
1095,96,类型,enhanced_extraction,de557fe3e367d162d9cd8acf9865f5b0e7ef35250e8a210b80b66925d6c9bc86
11,12,是,enhanced_extraction,4bb51718453a67d9015b846c6a68662b97572c0a9269a7df9df55bbbce96ae63
13,234,是,enhanced_extraction,b7b075afabbc08dcdce9ff390a83157777a38bf968d1b3c9e6ae113b68d46584
221,3806,发布,enhanced_extraction,d53b7fad902affde0544f6e4b5ef7c68980a30e5f85ff6900db670efaa7750d8
111,13,是,enhanced_extraction,b7cf98b8f25ee4400e215866539ad16fcce1102a7d03f633fbe5895bdc71e1a6
21,22,负责,enhanced_extraction,5b820f641e3f8aa0fa196d860a74f88590f2409603bd76f490886ae182f54ad6
5373,5377,发布,enhanced_extraction,3fe66287898002218322f0770c8f9da61c0bfc02da7e27441e14fc8bf697e01a
12,121,类型,enhanced_extraction,2a0f14f6bfc5e730b8f67f0d8f1a2ef6fcf3b0aacea756c9424c11932fca64b4
13,122,类型,enhanced_extraction,fe19e8b5dbf358107d721c0776af57adf1f5553bea6cbad339f4fc494cfb6524
102,233,是,enhanced_extraction,ce9aafe62b0266c7d010b0afc5f53dec015dc4b65753f42cf7d459769186f9f5
102,96,类型,enhanced_extraction,3ae3aeb0c9938fc9352289b17986b74d2af21dddb657fa0b815d164c1bf8fa49
102,130,是,enhanced_extraction,927e2c3c89401500404e75bab06f2597a18d0881b1d81c4f2fb0034b46ecae9e
219,12,行使,enhanced_extraction,45eb9736e1b4689e9b65745eadf6c355837885340fde605488842d816564e14c
233,9,行驶主体,enhanced_extraction,c73ad36afca131d5e5e032a2b908d121974e1a97dd354a206f6ea184ecd932d6
9,11,属于,enhanced_extraction,ad676a8ff0a6a0269b647bfc2c229efdc791e8aeeabe1893665b8156ae207238
12,825,类型,enhanced_extraction,f23b6e42d2ddf04052d4f66c49219b5c90dd417a9a4460243b7b8ea5f9fb26d4
233,9,行使主体,enhanced_extraction,5e183a336d20352bd8b994006317c9b8b8906deb81b1c6c331037621a9ba156c
13,1329,是,enhanced_extraction,dfd19250b8b11e4ff922e36baac9c772cc51d53f9da08cd750a4701c6af0ef13
130,12,行使,enhanced_extraction,83fc5708b6d0668d564571b1d0befad733e197176f4239bc10490e9028455241
522,12,实施依据,enhanced_extraction,9e11a8935a844bfecec169265f3d3bbec6b0af713129ee8bd09323706f0be183
102,96,类型,enhanced_extraction,3ae3aeb0c9938fc9352289b17986b74d2af21dddb657fa0b815d164c1bf8fa49
9,12,类型,enhanced_extraction,a0f990011f89318094029eddd7fc8433047738098f60167fd996d5cd597fc45b
102,4082,是,enhanced_extraction,aa6c8a8214dee6e45df2c226644b8b8b18c101dc40d7599e5e65f14092c882f8
220,12,承办,enhanced_extraction,9c7ca49c2aa429afe321151d611cabcdaea2a6f2f1465868c03432d70df57fee
81,96,类型,enhanced_extraction,fab8854d08f6acc48883a6d54797292986ffa257e04f76f79d69b629b5136613
12,11,是,enhanced_extraction,54710bbec3ca077fe79c80e1e95ea28a843633289f5bc6efe6abea14f6118623
233,12,行驶主体,enhanced_extraction,f169b55ecf2518c26904a2a9394b3c534c6a1df66efc8bc9f04e31f3637d6da2
69,590,隶属于,enhanced_extraction,6c70a4b59e9ff4fcd23fa0b8d29150a839007b124557ca873d3c0650b30a60d1
112,122,类型,enhanced_extraction,7ae865bfc46cdf8d9a898f26fcc7f9f2bde7ef11aca8f3054fe0623692e5b7f3
111,9,承办机构,enhanced_extraction,0e1b65ae7d6d6e353db7e399f405a5901a391d7cf7e5ce64d9691610e8aa234b
110,235,类型,enhanced_extraction,71d9816cbff0210f9c1566347591f07ad4d7209b48e26a9f180e68a2a0f5c928
13,111,包括,enhanced_extraction,09c0593bd8b7420222398fb7c93ce32df70d33633b73fc4e12402155845d4bd2
13,43,类型,enhanced_extraction,8acd6bcf339a66c572deeab51b58b67436511f74ee60c8462fe1fc4ddd2b5c71
308,11,是,enhanced_extraction,648a41103d7d290e93ebf6b6fc126daccc115dee48bd4b7cc4dfbd802ca97e3e
102,800,类型,enhanced_extraction,634581b512a308d051ec4ba1277e14a17008739d2355e1a4f86b81a11d829d44
1178,96,类型,enhanced_extraction,82a820e9e9351463ef12782f6eb3201635e8d2b5848fb6002526433540c1dfe3
12,825,类型,enhanced_extraction,f23b6e42d2ddf04052d4f66c49219b5c90dd417a9a4460243b7b8ea5f9fb26d4
219,12,行使主体,enhanced_extraction,48c9be9799eee1b308a712f26eeac8073f8cfcf02dfeb1b31345add10211760c
1178,96,类型,enhanced_extraction,82a820e9e9351463ef12782f6eb3201635e8d2b5848fb6002526433540c1dfe3
11,12,类型,enhanced_extraction,6eb99ba2cff423e2571ef8f318749216e856ec529f754e4116cb373c00ca8cc4
13,112,包括,enhanced_extraction,c1c571fb1d8601d6e86edffe190ed143e8edabbf9d70d060c2b755ec7778c1a5
102,110,是,enhanced_extraction,931625c0f64df1f58f0f84dd2d22143b4df6e9a2d1d3b0507bc6a629951f6e38
112,110,隶属于,enhanced_extraction,eac2fea96f4f5759f5c085426b63a22e917540e8db82652c0bab1d07a7193f89
9,12,涉及,enhanced_extraction,5248c9d3ca7ecbe057c9b7f8e4427fdc46140ce6caae924a22f2b15012daad62
197,9,行使主体,enhanced_extraction,05415d8de4c2359f2a06f426ff7597fcb15c0295ab8eb90f21d9fe7c0342becf
102,219,是,enhanced_extraction,c05ba5f476772e4d6770832e3f058e0a051e972c9903ee0eb4f1b22576168aff
79,11,权力类型,enhanced_extraction,e69687f7d008e5e324081cad0b9357df3c4c34926d78b99a6ac6115f4f0b46e3
62,2433,受到,enhanced_extraction,5ae2b89b64502993b11063bd5dd8be2fff078258ea0b0b1b61e411652e70fe84
80,12,行使,enhanced_extraction,b7c835b09d1f20631e9d7d7d01b37c7bb294e1a10372bdd571ac8501f9e770f8
11,12,类型,enhanced_extraction,6eb99ba2cff423e2571ef8f318749216e856ec529f754e4116cb373c00ca8cc4
9,2611,依据,enhanced_extraction,dda80e9cf39fbdd18af82e89d1a8fe35f2f341e72b22a07deb0b9614223ca859
11,12,是,enhanced_extraction,4bb51718453a67d9015b846c6a68662b97572c0a9269a7df9df55bbbce96ae63
197,12,行使主体,enhanced_extraction,6fde912d0d7e947fe317a68a7499e27967ccde85ee8962d9603dd6668595927f
590,9,行使主体,enhanced_extraction,297724ccfed32bc0a0067362783475f5e2e8e516d57fef9f94699157e5756d66
30,159,承办机构,enhanced_extraction,1d5307d14d8f3b4a85d80ab403512863a3b233bf05651cd6fe0a2fe9ddfe29bc
30,65,行使,enhanced_extraction,c2875bb45f2c75db2fd57f915dc7305daa179b243e26c0c1eeeea94ff28ab820
2313,13,是,enhanced_extraction,cdcced284025fac7d037fa498ea92d41a33fc5b4e93c3f9007741a11fae04c47
2043,1293,类型,enhanced_extraction,f41abf2ac1e345da1c73a1a6480e1307717ab7dde86dd16b749b2a4f34e43834
12,12,类型,enhanced_extraction,48f09bfb7639675b145d2e7adedd0b8770417c5f2d7f3a137131eba817dbca1c
130,12,行使主体,enhanced_extraction,f560c66e39df5f6e7d5a65a30056284a25c482f51a4c3a31a6b07b6102dc1c70
159,30,隶属于,enhanced_extraction,42cfcbe108331164aaecb1f0d4a40291b19609fdae9d1c489c91e88ef0bf9eaf
219,12,行使,enhanced_extraction,45eb9736e1b4689e9b65745eadf6c355837885340fde605488842d816564e14c
9,12,涉及,enhanced_extraction,5248c9d3ca7ecbe057c9b7f8e4427fdc46140ce6caae924a22f2b15012daad62
11,12,是,enhanced_extraction,4bb51718453a67d9015b846c6a68662b97572c0a9269a7df9df55bbbce96ae63
110,111,领导,enhanced_extraction,58ac0166b6c2af6aaa84cdf874d18308ea103a9154d695dc5f6a39df4ec9ba8f
9,12,类型,enhanced_extraction,a0f990011f89318094029eddd7fc8433047738098f60167fd996d5cd597fc45b
159,30,隶属于,enhanced_extraction,42cfcbe108331164aaecb1f0d4a40291b19609fdae9d1c489c91e88ef0bf9eaf
3,96,类型,enhanced_extraction,cf1a592be4700e061c3d60ff4152dae278995261a5b7b41dd09cca3b703691d3
79,11,类型,enhanced_extraction,357ff0f70265df4abbfc9fc67ba14c3a29f8b74763a0456e1d3a46a30f73d772
13,519,是,enhanced_extraction,bb4ae818fa4f7383d140872148177d756707f6e9095b2adffdfdf922b4e7a6d2
11,12,属于,enhanced_extraction,348e658de2a3e1b559d286afed9c0c187575302edc695ea216add0e31d1e629d
14,9,承办机构,enhanced_extraction,f404e282d70c377d86e8d2de974bc2a4a334b2db5894f7cec3b5c3d7c02595aa
9,925,涉及,enhanced_extraction,d8ed809a7b78f6b146c5607b2cf07388497c1015ae9b821f2d9b11fc1a5c4208
9,12,涉及,enhanced_extraction,5248c9d3ca7ecbe057c9b7f8e4427fdc46140ce6caae924a22f2b15012daad62
1430,800,类型,enhanced_extraction,380b63e98b63b8ba1089363e1a9646c876ac40c4ccbb370c0af75d1dc38bbd06
102,96,类型,enhanced_extraction,3ae3aeb0c9938fc9352289b17986b74d2af21dddb657fa0b815d164c1bf8fa49
733,736,决定,enhanced_extraction,77033a84a1937d4d09d6f7ec5884a04a42da5dcff535d49fdea76087eeb4dff2
112,96,类型,enhanced_extraction,61148b72ef21088a2b8c64609278423fad8508c652d1a634420b0058ddfdfa2b
30,12,行使主体,enhanced_extraction,1e7200094dd34c790193171ddcf0ebf515cdc55593921a196744b29e5fa0a671
219,235,类型,enhanced_extraction,42f4fcda52b9d78ca57aa5187ca807fbfaf39957781a204c7990d756faf1f978
164,707,包含,enhanced_extraction,9bd4cb376d2ddd7f207b67af0edbb821925571ff1c7ac5e887379c97791a288b
216,1270,承办机构,enhanced_extraction,68c696d11e2187666d5c57e4a52bb19857f57f974a4f8a8e619fb1d2e8a549e9
11,308,类型,enhanced_extraction,0ff5ea162302b0bbab4e3bd9fc4326cf81f15ef7e767f095eada26f186e15a6d
102,1430,是,enhanced_extraction,da7e86f2d3400bf9d7851c74d895cfd2e01264e781be4a634580131469161dfa
30,12,行使主体,enhanced_extraction,1e7200094dd34c790193171ddcf0ebf515cdc55593921a196744b29e5fa0a671
220,12,承办机构,enhanced_extraction,d6dd83fe48b58aecde65a1553db5e9368a2092ae2cc2050a62981de65361d57c
9,12,类型,enhanced_extraction,a0f990011f89318094029eddd7fc8433047738098f60167fd996d5cd597fc45b
11,12,是,enhanced_extraction,4bb51718453a67d9015b846c6a68662b97572c0a9269a7df9df55bbbce96ae63
230,4043,规定,enhanced_extraction,9f888a8c3bcaf9ec3f7b9c41e501ceb934afecfdb237efc6d63e8afc98e793dc
11,12,是,enhanced_extraction,4bb51718453a67d9015b846c6a68662b97572c0a9269a7df9df55bbbce96ae63
197,9,行使主体,enhanced_extraction,05415d8de4c2359f2a06f426ff7597fcb15c0295ab8eb90f21d9fe7c0342becf
1995,230,引用,enhanced_extraction,97b8f51a98950174c88d0942410eb51970edd96d7d741c5ce0e325fbd0b35957
69,9,承办机构,enhanced_extraction,84a49627ff3a601e61d0e9680dfafd907745918309c1dd1e4500b5e9ce2b9b6f
112,96,类型,enhanced_extraction,61148b72ef21088a2b8c64609278423fad8508c652d1a634420b0058ddfdfa2b
219,220,管理,enhanced_extraction,99ad407c98cd340a67b7cc53295c079e967a6bc513a2f41de3740de42c0eab53
146,8219,采取,enhanced_extraction,82cc5670f8d02c874b7b949a2421f044997a3ee1c291055ccc7bc68918409c72
11,12,是,enhanced_extraction,4bb51718453a67d9015b846c6a68662b97572c0a9269a7df9df55bbbce96ae63
9,12,类型,enhanced_extraction,a0f990011f89318094029eddd7fc8433047738098f60167fd996d5cd597fc45b
30,9,行使主体,enhanced_extraction,e5c3d2ac83f2327f2610e99efd5375f04df010240d8cb35905e011c0fb5f6a2a
103,2,类型,enhanced_extraction,a3249f4462f7ee189afde2ab3efc63950e303f6753acdb193e4c7685b76f1ec8
905,566,包含,enhanced_extraction,41dcea831a4dbbd0b6186bee908beca120f78db2200e7f0112900fed66402fd5
130,12,行使主体,enhanced_extraction,f560c66e39df5f6e7d5a65a30056284a25c482f51a4c3a31a6b07b6102dc1c70
308,11,是,enhanced_extraction,648a41103d7d290e93ebf6b6fc126daccc115dee48bd4b7cc4dfbd802ca97e3e
11,79,是,enhanced_extraction,7fc479b7c7f1a5e9a2ccc9b68850e59cde0b8d6838f1979d7b68f16db2615cd8
111,13,属于,enhanced_extraction,30a94fc034d62aeef2dbfeda0365ce19ffe0ae920d294cddbeb30918faec18ba
102,30,是,enhanced_extraction,49e97e22d3d7e783a2f77af85dd754c7212b8e8b9cb9164e3d6ab83c48b52fac
164,9,行使主体,enhanced_extraction,786ebd4ad9d4f9a7110adcce82b6fb31da86f193f9b2bcb48bcb6c3affd2526c
519,122,类型,enhanced_extraction,e1874ec60d723dcab7e8b8f3d54c67786af49eb213bc8ad4b7f2aa9817b50e97
12,11,类型,enhanced_extraction,d250a3e2b5b7ceab7cccbdfff1e3b8cbdc70239998775ce9a8b2acb81f9e7784
11,826,类型,enhanced_extraction,4bf83b19e7d96fc3c623f7da6298856b709c2ac414cc0afd10e92114bae2cbe1
519,9,负责,enhanced_extraction,01c964a9e60fd7c39f3a4b0a715987962257dcd681e25593322d7f51c516ea41
317,9,承办机构,enhanced_extraction,2de41b53332e50ae31e05994c0d785d5732197eedda97f70cfcab6993eead450
9,12,是,enhanced_extraction,d3edcb6a030ff06d1610ce9ca5ddaad453d12646bad6185294116bd7938a7c7b
81,96,类型,enhanced_extraction,fab8854d08f6acc48883a6d54797292986ffa257e04f76f79d69b629b5136613
9,387,涉及,enhanced_extraction,73b3e69d5842c3f25132017bb9f9b1aa412d96372ffdaf89bbd37cb4ab3c9331
12,11,属于,enhanced_extraction,1c070514f019fc07536ffe381f9b1714c0fa030181e73dc73366c74ecb5406e1
30,159,监管,enhanced_extraction,1649d4eb279696081f0ccb89049be10f1cd0d6f4d7e8613a109995e8158645f9
11,12,是,enhanced_extraction,4bb51718453a67d9015b846c6a68662b97572c0a9269a7df9df55bbbce96ae63
9,12,类型,enhanced_extraction,a0f990011f89318094029eddd7fc8433047738098f60167fd996d5cd597fc45b
11,12,是,enhanced_extraction,4bb51718453a67d9015b846c6a68662b97572c0a9269a7df9df55bbbce96ae63
80,11,行使,enhanced_extraction,ef9940919a47143f2686d4d346327ae66b46a5a941b86255b468c5e18c09547a
112,122,类型,enhanced_extraction,7ae865bfc46cdf8d9a898f26fcc7f9f2bde7ef11aca8f3054fe0623692e5b7f3
9,3197,类型,enhanced_extraction,b11584cac725fbf93c25c206269c20c1900c88a2f398b9edd86ab173264d267c
455,43,类型,enhanced_extraction,059a6fbf02f87fed416cdcdb01837b012b8b1e9fc5ff2a3cae8f72ce890746b5
220,12,承办,enhanced_extraction,9c7ca49c2aa429afe321151d611cabcdaea2a6f2f1465868c03432d70df57fee
13,112,是,enhanced_extraction,4022fd75f8b3ae3cd82a12e79edef19e686577bef36580e293b55d8f1a5de71b
1095,9,行使主体,enhanced_extraction,225ac96e99e5ab274c7118a0f7caa5cb4715bb1981c3cefe26b374a69ad28a6e
11,12,是,enhanced_extraction,4bb51718453a67d9015b846c6a68662b97572c0a9269a7df9df55bbbce96ae63
15,1768,来自,enhanced_extraction,a42595fad1aba37e8e2940452d21ae746f203e9cca8550e97278606a76075ab4
11,12,是,enhanced_extraction,4bb51718453a67d9015b846c6a68662b97572c0a9269a7df9df55bbbce96ae63
220,235,类型,enhanced_extraction,17f06e3cce3a42e526a449fce60ab3d392e69486843ba54e3d52c7ed35ec1239
80,96,类型,enhanced_extraction,60589a9f7239b972454c94ebe1d88b353e4c9fad16152fb4bc372a569d001482
230,1169,规定,enhanced_extraction,f41a4aa966445782ba38850c59408abf6222fd8726bfc3528a3fd0d4a70b982d
2243,96,类型,enhanced_extraction,c66b39d7d8d5915a9295575891b9b5aadc4a7aaae99c9c0c51ff9d093a20b684
1178,9,行使主体,enhanced_extraction,1f4a2487ef71eac5f810d64529c434e34add54fc52b6f261e1d3d1caf8c007e1
13,112,是,enhanced_extraction,4022fd75f8b3ae3cd82a12e79edef19e686577bef36580e293b55d8f1a5de71b
9,12,类型,enhanced_extraction,a0f990011f89318094029eddd7fc8433047738098f60167fd996d5cd597fc45b
1,96,类型,enhanced_extraction,1b53d6d7bceb859c9994c8f868edccb566495452b198b46bc26063c03b409d3f
11,12,是,enhanced_extraction,4bb51718453a67d9015b846c6a68662b97572c0a9269a7df9df55bbbce96ae63
12,11,类型,enhanced_extraction,d250a3e2b5b7ceab7cccbdfff1e3b8cbdc70239998775ce9a8b2acb81f9e7784
11,12,包括,enhanced_extraction,6d7f5abcc3c2c389767af49798c0694ede197c2b8306a6a80fa9121928c5e468
110,9,行使主体,enhanced_extraction,04e6686a6ac48a1d6a9411fec475951914afa06d06fa0a9960c1d911aebee2c4
9,12,包含,enhanced_extraction,6ab100b3be1034ebc59393e0f044cc8640333a0bf7c977502390e874381695cf
11,12,是,enhanced_extraction,4bb51718453a67d9015b846c6a68662b97572c0a9269a7df9df55bbbce96ae63
197,96,类型,enhanced_extraction,3613e63056aa1a9b98e7f24d4a8017b1defea35408ff820f4a06659c6c6fc3f3
1430,102,是,enhanced_extraction,80d66fdcb1e66ed49e149b6cc1ed1d4d9407c160854eaa66d3d1abc5fc188d1d
102,30,是,enhanced_extraction,49e97e22d3d7e783a2f77af85dd754c7212b8e8b9cb9164e3d6ab83c48b52fac
164,9,行使主体,enhanced_extraction,786ebd4ad9d4f9a7110adcce82b6fb31da86f193f9b2bcb48bcb6c3affd2526c
11,12,是,enhanced_extraction,4bb51718453a67d9015b846c6a68662b97572c0a9269a7df9df55bbbce96ae63
1430,11,行使,enhanced_extraction,ea15b089fb85ab650fa18d8a15319dc88682f6e3900a46a86caf4faf2c07d0af
11,79,是,enhanced_extraction,7fc479b7c7f1a5e9a2ccc9b68850e59cde0b8d6838f1979d7b68f16db2615cd8
11,12,是,enhanced_extraction,4bb51718453a67d9015b846c6a68662b97572c0a9269a7df9df55bbbce96ae63
197,12,行使主体,enhanced_extraction,6fde912d0d7e947fe317a68a7499e27967ccde85ee8962d9603dd6668595927f
9,719,包含,enhanced_extraction,5bc53b1e9229dd599ab9a76c432d1bce8bc09b1f79af8d1aaf52bea19fae5b36
102,130,是,enhanced_extraction,927e2c3c89401500404e75bab06f2597a18d0881b1d81c4f2fb0034b46ecae9e
518,96,类型,enhanced_extraction,ca4c852d22c9f6bdfc513253282bc67bff8cd2e622b68afaf99e5bc03e16ac4c
3253,1032,构成,enhanced_extraction,9e47f1c3683119c98d12c19ec2a706046f2ca68cfed72740a049c72500651a9d
5924,12,实施依据,enhanced_extraction,6f37ae801a5dcc2e8099cc206c09fda958ecbcfcc5db6f24af53325df5a1771d
15,104,是,enhanced_extraction,1a69a170d19933771028e5e5852ce9ac4882b067dd8790d345d5c8debbffc7c2
11,12,为,enhanced_extraction,e596121e5cebc4ef8f8851f4e61925646019f2f5971a838b24f0eb5f428973c0
13,519,负责,enhanced_extraction,26061d6e739a83c295bf6555bc36f25d3bf54e803e772a80a7fb1e142a0a7761
9,655,类型,enhanced_extraction,c363976cb8c5ee48b6352b83d4ca5424023d26d0f9e68a99f15bf9043aaf4ea1
519,12,承办机构,enhanced_extraction,8fe2a8b69b80c52eb99cf94a111e2c5de4eb59a2df64785e2ab0c9b684aa172e
219,220,上级机构,enhanced_extraction,ca366247e647c60ece9d986ed045c6fa007912b803069bea031bd49929eebe3f
9,12,权力类型,enhanced_extraction,2a21d93536f75c6e5a649144635cc06abdf7efba771dbc93580f9c998bc093b7
9,210,类型,enhanced_extraction,f474ff0499a08790d60a07797619e6890a07d8384c0077143cc80cfd45f47cb1
111,96,类型,enhanced_extraction,6c641c34d6df5a4578a6d098fdd1fab8f3d4927213fe0dc030c3d004bebc61df
102,30,是,enhanced_extraction,49e97e22d3d7e783a2f77af85dd754c7212b8e8b9cb9164e3d6ab83c48b52fac
14,9,承办机构,enhanced_extraction,f404e282d70c377d86e8d2de974bc2a4a334b2db5894f7cec3b5c3d7c02595aa
13,861,是,enhanced_extraction,d162e4a7780a1f9cead2372c0f4006a2c1e544b2ce325d2fdea8cb60f3fd7727
1468,235,类型,enhanced_extraction,3b49e9b159034a118e2270c23a6d78ca52bcb22b015437cbefcf3b28408e14a3
164,985,包含,enhanced_extraction,655f233a3a5038d17fa25a94b8172f7fa74daad78c0e18bfc1df3a5e96b667c5
11,12,是,enhanced_extraction,4bb51718453a67d9015b846c6a68662b97572c0a9269a7df9df55bbbce96ae63
11,12,类型,enhanced_extraction,6eb99ba2cff423e2571ef8f318749216e856ec529f754e4116cb373c00ca8cc4
14,12,承办机构,enhanced_extraction,b3f78f8d91a41eb1f2403baae337ba2537aa7882221cddeb31a73ca4a80babfe
11,350,是,enhanced_extraction,7fa4f4b4033afd36ccb46abeecc8e5a8711fa14f70e617b795e2b335abf2616f
11,12,类型,enhanced_extraction,6eb99ba2cff423e2571ef8f318749216e856ec529f754e4116cb373c00ca8cc4
102,80,是,enhanced_extraction,79e8d5b7618f13b08ba6bbab2160ead94042b778e9a4a7619d5ff0e34b6e7ca5
1330,43,类型,enhanced_extraction,9f173379927c482a22146e09b2802711332aba78913d59ce476ced5e08012ba8
13,191,是,enhanced_extraction,8699bfbf481da4e6da5b5fe622ec2ef535325c247d8d3f8206b810e71a82d57a
164,96,类型,enhanced_extraction,cee014ad6e4a569563c8424370d6d3ab0ae2b302dcef061273248f9442963009
9,3197,类型,enhanced_extraction,b11584cac725fbf93c25c206269c20c1900c88a2f398b9edd86ab173264d267c
1827,12,执行,enhanced_extraction,f3c96d4295baf7058b47209e49b29dc0f54d99a4d890ae9b97762496da334edf
216,122,类型,enhanced_extraction,1b9538bee24e1c7d07ab1e65d582f3b36814f850eefe1590ebd68a5ecd34ac54
9,12,是,enhanced_extraction,d3edcb6a030ff06d1610ce9ca5ddaad453d12646bad6185294116bd7938a7c7b
219,12,行使主体,enhanced_extraction,48c9be9799eee1b308a712f26eeac8073f8cfcf02dfeb1b31345add10211760c
11,12,是,enhanced_extraction,4bb51718453a67d9015b846c6a68662b97572c0a9269a7df9df55bbbce96ae63
230,45,类型,enhanced_extraction,2d06f0420c9321c7867d63dfc89791fed6289632631c065d7454058422464131
13,1181,是,enhanced_extraction,26f840587499bb79b7a8c8cc89cf4ad4244c03b3eae4cf0c5870e902f7cd76df
233,387,行驶主体,enhanced_extraction,d2a1bcee98aaacd79a607c85c6012dfa819db2e17819126843ca6efa26b5ffc7
219,12,负责,enhanced_extraction,b3c755cdb22d012fdf333328005edbb534fe42a368e82870bd9476712a444307
4622,4623,发布,enhanced_extraction,f9b4ea8c4b85e3872cb4592d895c899f615224bc9d91c69e509d87ae97e4a27a
130,96,类型,enhanced_extraction,492011f3caeb38421b0a4dc34d8e68ce6491294b3c8ce6a93e546bba673248da
110,12,行使,enhanced_extraction,4d5906559edf6c5dac36947e742e595aca46c1d7783b9fc8b1510c07b9223a1f
102,2740,是,enhanced_extraction,8abc25b33d23651835a2acaa4b19007cc90eac15be67e7945a7238cd51522418
11,158,类型,enhanced_extraction,cda646284c8305fbf7150a4885df91557c57facfeb63be63e446a3533d4aeb8d
13,103,是,enhanced_extraction,1b5b4a6b26df270a9c16a69f9d5e70d230d38e452e30a89449afe7a565899b1f
11,12,是,enhanced_extraction,4bb51718453a67d9015b846c6a68662b97572c0a9269a7df9df55bbbce96ae63
518,96,类型,enhanced_extraction,ca4c852d22c9f6bdfc513253282bc67bff8cd2e622b68afaf99e5bc03e16ac4c
12,11,类型,enhanced_extraction,d250a3e2b5b7ceab7cccbdfff1e3b8cbdc70239998775ce9a8b2acb81f9e7784
164,9,行驶主体,enhanced_extraction,09c09f8f1d385d8baf4b8e1ba70ac0aaa1f904b1cc805b077741b95d4cd92bba
1005,35,类型,enhanced_extraction,3c4a64f177c619ab6b5031797bf111846bea80990054bec5ef5e700c7e910c3a
518,235,类型,enhanced_extraction,9660201625f3c7049d9b6789802c41aebd939cbe044d635a299a92a4ac0c24f8
102,1430,是,enhanced_extraction,da7e86f2d3400bf9d7851c74d895cfd2e01264e781be4a634580131469161dfa
12,2394,类型,enhanced_extraction,ff3839206a2702b443be8bb81867b92f24022477d41f095f661769565281e9b9
110,9,行驶主体,enhanced_extraction,cb9b4c9d75ca9465267b448e5b6313aa4ad8fd918446ca1b656cf2075145dd75
11,12,是,enhanced_extraction,4bb51718453a67d9015b846c6a68662b97572c0a9269a7df9df55bbbce96ae63
102,1,是,enhanced_extraction,e7673144fe059008120004a15b8b74a285f82c6ab41977014fcf98bd828f26e9
499,9,行使主体,enhanced_extraction,c069df099693cf4f1b8ed1ef86dfd2e7cee01d8f246aa36cf278d1a9678a7a33
30,12,执行,enhanced_extraction,82a9e12b95caef8cfff7f9ec8ee0f7ba186c16d3c4fb96af7151cb75daa69e1a
164,9,行使主体,enhanced_extraction,786ebd4ad9d4f9a7110adcce82b6fb31da86f193f9b2bcb48bcb6c3affd2526c
111,9,承办机构,enhanced_extraction,0e1b65ae7d6d6e353db7e399f405a5901a391d7cf7e5ce64d9691610e8aa234b
12,11,是,enhanced_extraction,54710bbec3ca077fe79c80e1e95ea28a843633289f5bc6efe6abea14f6118623
13,111,包括,enhanced_extraction,09c0593bd8b7420222398fb7c93ce32df70d33633b73fc4e12402155845d4bd2
13,69,是,enhanced_extraction,b36100edef6126a3253cd6d3c8436b60d913028144208e6d85d8fb7e9929ef09
220,2222,负责,enhanced_extraction,33ae8710d3dbe328ca58d084d6d92f30e48fdafa181ccb69b6657e513d77592c
11,825,类型,enhanced_extraction,2e250e35ee99a2827fb6e7a4bf5f47c721b3f405bc1c29d2d8696f54318f92fa
541,96,类型,enhanced_extraction,d2585091f7495a19e7cfa78aae7706c7cdd4be5765fee9398808dbdea0d16627
590,12,行驶,enhanced_extraction,596ae2a6b66ec460c7db9c80ebfb0012d2d53e2e9b0c5457cecd21c58a35a7b6
11,12,是,enhanced_extraction,4bb51718453a67d9015b846c6a68662b97572c0a9269a7df9df55bbbce96ae63
13,159,是,enhanced_extraction,42b286c8b69b7dd60715ddb4a4b5ec24d40c79d0cdc71cf056cb2f8e8981f706
111,41,类型,enhanced_extraction,bcb4ff2a622a645e5bbbc59c200a4f7ea65281d7b3eded1aa310cfe0ec6024f7
519,12,执行,enhanced_extraction,e8dcd1617e361a5c8ac81c7f283f6002add3cf02048eec76112b2207ca52d54b
102,518,是,enhanced_extraction,69503e4b392f7ae31ef14944ea242179127a6741c15d2612e282d2da4d329d33
130,9,行使主体,enhanced_extraction,e6231a3f41095456f7d0aeeb3310511e6b22e58b92d76c1d45a50385a348b706
11,12,是,enhanced_extraction,4bb51718453a67d9015b846c6a68662b97572c0a9269a7df9df55bbbce96ae63
30,96,类型,enhanced_extraction,67ef09263d41efc13438e970d6b90d6ddeaebf07422d9d42053516d76b0dec73
11,12,是,enhanced_extraction,4bb51718453a67d9015b846c6a68662b97572c0a9269a7df9df55bbbce96ae63
11,12,是,enhanced_extraction,4bb51718453a67d9015b846c6a68662b97572c0a9269a7df9df55bbbce96ae63
9,12,涉及,enhanced_extraction,5248c9d3ca7ecbe057c9b7f8e4427fdc46140ce6caae924a22f2b15012daad62
9,12,包含,enhanced_extraction,6ab100b3be1034ebc59393e0f044cc8640333a0bf7c977502390e874381695cf
219,220,包含,enhanced_extraction,8b7708d9b974597fa619b00d18a4a7f59f367eb0a07018126fca60658bb2c5a9
13,220,是,enhanced_extraction,90ed47a36b9c110511bb7444407ba8eea08c427edcf2fff05f0ff0d6fe893c08
220,12,承办,enhanced_extraction,9c7ca49c2aa429afe321151d611cabcdaea2a6f2f1465868c03432d70df57fee
1,3,执行主体,enhanced_extraction,ae50f16da1a30ac1fc77a44490299c8b231da50c9b46f71afcd75466f0869ed6
630,5022,包含,enhanced_extraction,479b9aa70e7b7966d8e1013ef60885e66df74767a1872d31aa2053d3dab8b75a
102,1921,是,enhanced_extraction,e0b05c9d6448198722fc8f1fddb8dffb892ca675b6ca39708986991f408a26b8
9,3621,包括,enhanced_extraction,4c5e83f08682bfe6a478c35ab1c0ab05c9247b5b96e818d715bc8ee173735e79
13,191,是,enhanced_extraction,8699bfbf481da4e6da5b5fe622ec2ef535325c247d8d3f8206b810e71a82d57a
541,96,类型,enhanced_extraction,d2585091f7495a19e7cfa78aae7706c7cdd4be5765fee9398808dbdea0d16627
102,130,是,enhanced_extraction,927e2c3c89401500404e75bab06f2597a18d0881b1d81c4f2fb0034b46ecae9e
1343,9,行使主体,enhanced_extraction,ea4813b06064aca6e72fb2eba2d916a73d5070d2549bc6d8d7fbbf5a5b23dd13
985,9,承办机构,enhanced_extraction,f7867c42227c0ec71b1ba227aed585268abc994f5c9097771ddcd680cd259aee
11,12,是,enhanced_extraction,4bb51718453a67d9015b846c6a68662b97572c0a9269a7df9df55bbbce96ae63
102,652,是,enhanced_extraction,480c0876cb664f8ea265e948b861a742da918153c87a718afc35134a7f352dff
13,4,是,enhanced_extraction,dc25c4d9eed9f18cf4461da53e869067fbd51f8cb81b851c5f00e5c6cfd3675b
590,96,类型,enhanced_extraction,50a304f4afa162088aff4bd3831e43cdbdfa64b65534a007bc70a9d9b000f81c
54,96,类型,enhanced_extraction,700a62739c603330fad1f06488dd2cf7d267b48ec4e9b119ab2c60183e939f38
13,103,是,enhanced_extraction,1b5b4a6b26df270a9c16a69f9d5e70d230d38e452e30a89449afe7a565899b1f
11,218,是,enhanced_extraction,885d1711b265018c6b5869a35a061431728560bad04aaf3db12f272a809d4bff
30,9,行使主体,enhanced_extraction,e5c3d2ac83f2327f2610e99efd5375f04df010240d8cb35905e011c0fb5f6a2a
102,80,是,enhanced_extraction,79e8d5b7618f13b08ba6bbab2160ead94042b778e9a4a7619d5ff0e34b6e7ca5
219,12,执行,enhanced_extraction,ae6dd7eec740aa1c35166db92b76360270d7504d462869eda3053c34bc5d962b
164,2,类型,enhanced_extraction,ba9fe9ab108badb23ce81524d67c7020be1069552083caaf6bf4b62e45e55dc9
110,96,类型,enhanced_extraction,6195f18a7eade16713482bb3519268c7fd3a3d906a61d038dc046d2b4adb3939
80,9,行使主体,enhanced_extraction,d86caad16a8669befcbe6c8b19ce7cfa4d7111735beee3330c276b0ae823c537
13,111,包括,enhanced_extraction,09c0593bd8b7420222398fb7c93ce32df70d33633b73fc4e12402155845d4bd2
11,12,是,enhanced_extraction,4bb51718453a67d9015b846c6a68662b97572c0a9269a7df9df55bbbce96ae63
164,158,行使,enhanced_extraction,46dd0bcc3b5c2d96944bb4a6050c6ebb134c8154e1d2142689c8523135ae9abe
617,9,行驶主体,enhanced_extraction,0b0f09777283057d65ecb1d7b0111d2046640b9f0bccd2e17ee874f90793ce71
111,125,隶属于,enhanced_extraction,b52ab941009f2e91de2860e455fe4ff5b4962f73131ddf6517a16553301b1f04
11,12,类型,enhanced_extraction,6eb99ba2cff423e2571ef8f318749216e856ec529f754e4116cb373c00ca8cc4
2243,96,类型,enhanced_extraction,c66b39d7d8d5915a9295575891b9b5aadc4a7aaae99c9c0c51ff9d093a20b684
11,12,是,enhanced_extraction,4bb51718453a67d9015b846c6a68662b97572c0a9269a7df9df55bbbce96ae63
234,9,承办机构,enhanced_extraction,ba570c47c490a3bfe283525b4362c3f3c29f0ad091f70e5425c7d0a12c532574
164,12,行使,enhanced_extraction,577d2b56734d7812a56664f7c1356a3c621209e19d294c6cf8c0565dc0b04be0
102,30,是,enhanced_extraction,49e97e22d3d7e783a2f77af85dd754c7212b8e8b9cb9164e3d6ab83c48b52fac
1,9,行使主体,enhanced_extraction,b682a86df8491abefd8e5545f99c474f9d3e64b0932e9baa82dd2f840ab1d841
13,112,包括,enhanced_extraction,c1c571fb1d8601d6e86edffe190ed143e8edabbf9d70d060c2b755ec7778c1a5
14,12,承办机构,enhanced_extraction,b3f78f8d91a41eb1f2403baae337ba2537aa7882221cddeb31a73ca4a80babfe
861,43,类型,enhanced_extraction,471636c123036bb4a01b135d5434de204afa56b66f46c7f3d5df2ee85051ff8e
11,12,类型,enhanced_extraction,6eb99ba2cff423e2571ef8f318749216e856ec529f754e4116cb373c00ca8cc4
7340,8857,没收,enhanced_extraction,fb7b43f707dc8e079acd23685daf6022a4750fc0c83a70672f7b340017cd140b
11,12,是,enhanced_extraction,4bb51718453a67d9015b846c6a68662b97572c0a9269a7df9df55bbbce96ae63
12,121,类型,enhanced_extraction,2a0f14f6bfc5e730b8f67f0d8f1a2ef6fcf3b0aacea756c9424c11932fca64b4
15,3902,是,enhanced_extraction,b0a9eddb87b3f3d97b719b7904092ee18f6d5da3a8760fecb02f145d09b1fdd1
14,541,隶属于,enhanced_extraction,de670bf1b9ec4d5f9fc1d3c130201ee84befd5513c34316226b56308e95ccb58
12,12,类型,enhanced_extraction,48f09bfb7639675b145d2e7adedd0b8770417c5f2d7f3a137131eba817dbca1c
197,9,行使主体,enhanced_extraction,05415d8de4c2359f2a06f426ff7597fcb15c0295ab8eb90f21d9fe7c0342becf
102,30,是,enhanced_extraction,49e97e22d3d7e783a2f77af85dd754c7212b8e8b9cb9164e3d6ab83c48b52fac
14,12,承办机构,enhanced_extraction,b3f78f8d91a41eb1f2403baae337ba2537aa7882221cddeb31a73ca4a80babfe
11,12,是,enhanced_extraction,4bb51718453a67d9015b846c6a68662b97572c0a9269a7df9df55bbbce96ae63
173,11,属于,enhanced_extraction,34c7a60d3f55216387cb1b18c8dcbfffa54064bf787272631bdda60d57f70dca
455,9,承办机构,enhanced_extraction,0904a0d3d8d66ee997c2fbe4fe7b9c57f7f2983795d471e0a28534437c5ce79c
130,861,承办机构,enhanced_extraction,46e1c70ee692d62f558c9fc897e21c31e96a6fcf3968a0fc481e16b7dd4a9668
74,75,发给,enhanced_extraction,88edd9546b34a0f21da4ccfc590af4d6fd36b03d9502b242939fc18fed909909
1430,3196,类型,enhanced_extraction,079725b2326d20fae579ec11fea0cb6faca8dc2817c80ab8f7ad08a35b754db8
173,11,属于,enhanced_extraction,34c7a60d3f55216387cb1b18c8dcbfffa54064bf787272631bdda60d57f70dca
11,383,类型,enhanced_extraction,eb32e2ff01a2a217bce44e202d150b4b0d98df76bb019edc27e4aca0d14ab46c
111,12,承办机构,enhanced_extraction,17327f9a1de1086d2c73256ac92cbbf571e23426c4b96cee6a87dfe4055ef86c
11,1486,是,enhanced_extraction,85be1938792b77a226be57da95a09f51b6e93715e367a3910749424d4db607c2
519,9,承办机构,enhanced_extraction,b0629528aff73dc1b3152c49d06e06bd7bce855de12798666cef753fa18bf60f
11,308,包含,enhanced_extraction,62838342ea21e81308eea67f5893ed21c526ac48bb27a73a64190319aeace56b
102,96,类型,enhanced_extraction,3ae3aeb0c9938fc9352289b17986b74d2af21dddb657fa0b815d164c1bf8fa49
11,12,是,enhanced_extraction,4bb51718453a67d9015b846c6a68662b97572c0a9269a7df9df55bbbce96ae63
30,96,类型,enhanced_extraction,67ef09263d41efc13438e970d6b90d6ddeaebf07422d9d42053516d76b0dec73
125,96,类型,enhanced_extraction,625e35ed77db3d65832dca83fd5a070b82da896b3e08c7a0f11d7834e973ca0f
30,96,类型,enhanced_extraction,67ef09263d41efc13438e970d6b90d6ddeaebf07422d9d42053516d76b0dec73
81,43,类型,enhanced_extraction,ea33d2e63628487a7c666ba5958dc6f6aa2f4105beb83ff0ca78c32d73e56624
30,12,行使主体,enhanced_extraction,1e7200094dd34c790193171ddcf0ebf515cdc55593921a196744b29e5fa0a671
219,96,类型,enhanced_extraction,501d98fd934829def13421070a3527c368142d959d3066786d506a91cfa7e243
219,12,行使,enhanced_extraction,45eb9736e1b4689e9b65745eadf6c355837885340fde605488842d816564e14c
12,12,权力类型,enhanced_extraction,a3b5d5728e9225fc2821507416925ee061639886832ea10ee58e8efff2d914bd
110,2,类型,enhanced_extraction,394648f960045550bdff2ff068a192269c644572761082eac068e862539bb9cb
9,12,是,enhanced_extraction,d3edcb6a030ff06d1610ce9ca5ddaad453d12646bad6185294116bd7938a7c7b
216,122,类型,enhanced_extraction,1b9538bee24e1c7d07ab1e65d582f3b36814f850eefe1590ebd68a5ecd34ac54
1858,86,执行,enhanced_extraction,ecc063d5e58318ffad8292a848f427e6c06c40b3f7b6a86c3b4e2acbb97995cb
13,69,是,enhanced_extraction,b36100edef6126a3253cd6d3c8436b60d913028144208e6d85d8fb7e9929ef09
102,197,是,enhanced_extraction,b735436bf437d7c3115e2a60bf188709221fd86fd0d803164c90ca2bb0ee33dc
11,4289,类型,enhanced_extraction,bd5e6f79fbff8afa4b595f2c7de18317831e389596b4115f6ff6a83092213f48
11,12,是,enhanced_extraction,4bb51718453a67d9015b846c6a68662b97572c0a9269a7df9df55bbbce96ae63
11,12,是,enhanced_extraction,4bb51718453a67d9015b846c6a68662b97572c0a9269a7df9df55bbbce96ae63
220,9,承办机构,enhanced_extraction,6dd69cd817f625f75c23b92483e7fe5c21da29ae1d5971331682c0d100f26d51
541,12,行使主体,enhanced_extraction,df7f899061726b8a34f352fe4829e1a3c042efd540afbf20807a07fc870bdf1a
13,692,是,enhanced_extraction,31ab26062c7c71f98000b9bbcd828ee1accd312a94c6ac51c33779cdc90e7671
197,12,行使主体,enhanced_extraction,6fde912d0d7e947fe317a68a7499e27967ccde85ee8962d9603dd6668595927f
233,12,行使,enhanced_extraction,1bf4e92a3348744c956f056eb497704b8064ed7a2d38a2398ce25a908ba80654
12,11,类型,enhanced_extraction,d250a3e2b5b7ceab7cccbdfff1e3b8cbdc70239998775ce9a8b2acb81f9e7784
219,220,行驶主体,enhanced_extraction,f94b9387011974ad2d986a479dfa93655954ed1ba12ffea5dcc1eb5e346cb7c6
11,12,类型,enhanced_extraction,6eb99ba2cff423e2571ef8f318749216e856ec529f754e4116cb373c00ca8cc4
3970,2777,类型,enhanced_extraction,57314fedff75a59a1d4c09f4a9c0b858b3755205bfab7157b938466fd039b593
541,9,行使主体,enhanced_extraction,d2de9d22c85bcc6ffce71f8bb27de5c0a8c6d26513c85ecc8a18c0c149ff9f4b
102,3447,是,enhanced_extraction,8409fb058245b6e8284da419c554ab99fcbda8866912c5a9d9703c394d5edc90
111,96,类型,enhanced_extraction,6c641c34d6df5a4578a6d098fdd1fab8f3d4927213fe0dc030c3d004bebc61df
219,11,行使,enhanced_extraction,23612333ba70bc99a703607bfa752af4480a6df25999eaa4a354fff91c9d52de
230,9,实施依据,enhanced_extraction,d4e914ae7cbf1423f1d90ce28d32c22a088f6c49e05a84e14b658a419fe667c3
9,12,类型,enhanced_extraction,a0f990011f89318094029eddd7fc8433047738098f60167fd996d5cd597fc45b
30,159,包含,enhanced_extraction,746dad8207c11e936f9291a4d48652549063b984284c0ab2036a0471f7b9f7b4
13,519,是,enhanced_extraction,bb4ae818fa4f7383d140872148177d756707f6e9095b2adffdfdf922b4e7a6d2
1327,1328,包含,enhanced_extraction,7bbae422a9840850178436db0b155c2215d7648c3a408d5a6047d870cbad7ff7
13,111,包括,enhanced_extraction,09c0593bd8b7420222398fb7c93ce32df70d33633b73fc4e12402155845d4bd2
10727,10726,未持证上岗,enhanced_extraction,1d8c618de2f09becf7833bee56a9468efee15c56da2a73bec1f30b83ebc8f4f6
130,9,行使主体,enhanced_extraction,e6231a3f41095456f7d0aeeb3310511e6b22e58b92d76c1d45a50385a348b706
11,12,是,enhanced_extraction,4bb51718453a67d9015b846c6a68662b97572c0a9269a7df9df55bbbce96ae63
541,9,行使主体,enhanced_extraction,d2de9d22c85bcc6ffce71f8bb27de5c0a8c6d26513c85ecc8a18c0c149ff9f4b
518,96,类型,enhanced_extraction,ca4c852d22c9f6bdfc513253282bc67bff8cd2e622b68afaf99e5bc03e16ac4c
518,9,负责,enhanced_extraction,e472864e904cd14b52fe7179c1bb0399e04a8415ea6a063d04c67eda7be74ec7
13,5230,是,enhanced_extraction,bdc21e94e0ebd4faa258e6b6282ef2ac497acef6fd7bc33442febd8210f74232
110,96,类型,enhanced_extraction,6195f18a7eade16713482bb3519268c7fd3a3d906a61d038dc046d2b4adb3939
11,12,是,enhanced_extraction,4bb51718453a67d9015b846c6a68662b97572c0a9269a7df9df55bbbce96ae63
112,110,隶属于,enhanced_extraction,eac2fea96f4f5759f5c085426b63a22e917540e8db82652c0bab1d07a7193f89
81,96,类型,enhanced_extraction,fab8854d08f6acc48883a6d54797292986ffa257e04f76f79d69b629b5136613
110,9,行使主体,enhanced_extraction,04e6686a6ac48a1d6a9411fec475951914afa06d06fa0a9960c1d911aebee2c4
14,12,承办机构,enhanced_extraction,b3f78f8d91a41eb1f2403baae337ba2537aa7882221cddeb31a73ca4a80babfe
9,12,涉及,enhanced_extraction,5248c9d3ca7ecbe057c9b7f8e4427fdc46140ce6caae924a22f2b15012daad62
821,462,给予,enhanced_extraction,c5ae4ac6beea8855ad5232706b584132a3f4c5518ffd46f4eac14db98678d3ae
30,12,负责,enhanced_extraction,2587c77fe035bb5c4f6ed4685a000d6f8af1c68d7fc2ef71d8660a2bae072eef
11,12,属于,enhanced_extraction,348e658de2a3e1b559d286afed9c0c187575302edc695ea216add0e31d1e629d
164,158,行使,enhanced_extraction,46dd0bcc3b5c2d96944bb4a6050c6ebb134c8154e1d2142689c8523135ae9abe
130,96,类型,enhanced_extraction,492011f3caeb38421b0a4dc34d8e68ce6491294b3c8ce6a93e546bba673248da
102,1088,类型,enhanced_extraction,d476616ddad9f3e30c1d0518ad5e0ee8edd34f616971f1de723f16bf46a5b242
80,96,类型,enhanced_extraction,60589a9f7239b972454c94ebe1d88b353e4c9fad16152fb4bc372a569d001482
24,1073,范围,enhanced_extraction,dfb533cb2e3cdb80263afe3ecd7095dc7dfe4ddd65f0a7f1aedc1555886d47a7
102,219,是,enhanced_extraction,c05ba5f476772e4d6770832e3f058e0a051e972c9903ee0eb4f1b22576168aff
519,122,类型,enhanced_extraction,e1874ec60d723dcab7e8b8f3d54c67786af49eb213bc8ad4b7f2aa9817b50e97
9,3855,类型,enhanced_extraction,c8c9845cfbf33254c61c4dc19455726e63c4c9f11313e096c8b422a1b846efa9
102,1,是,enhanced_extraction,e7673144fe059008120004a15b8b74a285f82c6ab41977014fcf98bd828f26e9
387,12,类型,enhanced_extraction,1afc5e66d361957615d7b2f1895d09969e0e771d7e317b93d6b1a5721201545d
1343,96,类型,enhanced_extraction,8cddcd811988256b8ec870f82908831fb34247b35abbfe93b1b75253dd8caf3b
30,12,执行,enhanced_extraction,82a9e12b95caef8cfff7f9ec8ee0f7ba186c16d3c4fb96af7151cb75daa69e1a
11,11,类型,enhanced_extraction,63c0cb89fd070cec56228a2b437fabe6a35d41178bcf0e57ad410146f146783a
12,11,属于,enhanced_extraction,1c070514f019fc07536ffe381f9b1714c0fa030181e73dc73366c74ecb5406e1
541,12,行使主体,enhanced_extraction,df7f899061726b8a34f352fe4829e1a3c042efd540afbf20807a07fc870bdf1a
9,12,类型,enhanced_extraction,a0f990011f89318094029eddd7fc8433047738098f60167fd996d5cd597fc45b
518,12,执行主体,enhanced_extraction,aee974bc0e3dc5b40402beff30da48f61d00e702406827c146c774f6ec77d3c1
164,9,行使主体,enhanced_extraction,786ebd4ad9d4f9a7110adcce82b6fb31da86f193f9b2bcb48bcb6c3affd2526c
30,12,执行,enhanced_extraction,82a9e12b95caef8cfff7f9ec8ee0f7ba186c16d3c4fb96af7151cb75daa69e1a
13,861,是,enhanced_extraction,d162e4a7780a1f9cead2372c0f4006a2c1e544b2ce325d2fdea8cb60f3fd7727
11,218,类型,enhanced_extraction,d0808af55fc2f12f46b4a8d32282fee95174164d496ae62daea0c7ee682b5571
11,12,是,enhanced_extraction,4bb51718453a67d9015b846c6a68662b97572c0a9269a7df9df55bbbce96ae63
387,24,类型,enhanced_extraction,684ff52d7622a69f89f5d178208e2761fabe62283543ed010172889a53507645
80,12,行使权力,enhanced_extraction,765bd2ac796c427670f8d8a8c14088a5d4b9766f4d3a21a3b712887edee29537
821,22,执行,enhanced_extraction,3d8782c886000d70535a6a8b8b728568c7e9b8d49203be2bc5629860d957a0ce
9,350,类型,enhanced_extraction,7fd8beb57f902ef18fee93805249045419749e52420c0a29c868937e10da3da5
102,541,是,enhanced_extraction,c10c86adf4607cf1691d0bd045c623cbb274db26b95b6342e54f6bd9502352bf
9,706,依据,enhanced_extraction,11ced3f9a903a65e2c463cecb9b0a24ae6a610f81791f4c5bf3ec7df50b6e5c8
308,11,类型,enhanced_extraction,5c0eec365b00bc4e2c71443c4e9773474bf7a0e553c792628304c57dc865328e
13,111,包括,enhanced_extraction,09c0593bd8b7420222398fb7c93ce32df70d33633b73fc4e12402155845d4bd2
13,96,类型,enhanced_extraction,4803e8eb42d15abdff1d9bfe4e6c1566bd35eb1aebc56b2ea7064b5198d7da33
11,350,是,enhanced_extraction,7fa4f4b4033afd36ccb46abeecc8e5a8711fa14f70e617b795e2b335abf2616f
230,12,实施依据,enhanced_extraction,6ec24bb786de2bd37471361040a8c0a0e32f5e5894495981718d946e52072334
1095,9,行使主体,enhanced_extraction,225ac96e99e5ab274c7118a0f7caa5cb4715bb1981c3cefe26b374a69ad28a6e
590,652,包含,enhanced_extraction,d8323bdbe84200decd5f0f9ceae6aebf4bb0f814f3fb7910d2855b5f3c19015c
197,2,类型,enhanced_extraction,0904400519fce2061f83e117c405deec728ffa7d182e5d6d9bd307cc95dbab3d
737,738,决定,enhanced_extraction,94a7f02e8835240e5b1cb5754fc2186d93ef2ff58ee394dbdb199a2ee9f9d961
233,234,承办机构,enhanced_extraction,faf5ef990cf45b1cded6fd418128e05ed263db819953403cd233da482f6c0fa1
1328,9,承办机构,enhanced_extraction,adc6c004ae736d8889faa8c5b5ef912ff18b8356f0ddbd3e3a8631eb311641fb
13,748,是,enhanced_extraction,389b39504569943f57f4f2b026f3d4dffd72a23444de549ec247c643ec3a02f2
102,2740,是,enhanced_extraction,8abc25b33d23651835a2acaa4b19007cc90eac15be67e7945a7238cd51522418
233,96,类型,enhanced_extraction,403d8d284bb442ebedf3ec08f061bbf2ab967b37d33ba94afbf403814c3b994b
159,122,类型,enhanced_extraction,ac95a8754b9cf555ad1f7b6963dfd724829642f155c6b04c4c82d577ec28198a
11,12,是,enhanced_extraction,4bb51718453a67d9015b846c6a68662b97572c0a9269a7df9df55bbbce96ae63
9,12,涉及,enhanced_extraction,5248c9d3ca7ecbe057c9b7f8e4427fdc46140ce6caae924a22f2b15012daad62
12,11,类型,enhanced_extraction,d250a3e2b5b7ceab7cccbdfff1e3b8cbdc70239998775ce9a8b2acb81f9e7784
15,1166,类型,enhanced_extraction,527b03fa6ead3069409d90b64873d17d75d6df4013a2d85b79effb77482b9139
387,825,类型,enhanced_extraction,9d8bfc3a369e72268c77486d8fe949ff0ee9eeef4f76e6020972a6672ad68d5d
32,12,执行,enhanced_extraction,07458a8e2aef6eb6e5c29e4a4e3c15b3c52a85b858439eb48a5c3ef7939e5627
111,12,承办机构,enhanced_extraction,17327f9a1de1086d2c73256ac92cbbf571e23426c4b96cee6a87dfe4055ef86c
9,242,类型,enhanced_extraction,7c4db01f0639d9a2c1b3cb8eabf326c97aa2c3bc45933927e8f3e398c9317e43
12,11,是,enhanced_extraction,54710bbec3ca077fe79c80e1e95ea28a843633289f5bc6efe6abea14f6118623
233,96,类型,enhanced_extraction,403d8d284bb442ebedf3ec08f061bbf2ab967b37d33ba94afbf403814c3b994b
9,12,涉及,enhanced_extraction,5248c9d3ca7ecbe057c9b7f8e4427fdc46140ce6caae924a22f2b15012daad62
159,30,隶属于,enhanced_extraction,42cfcbe108331164aaecb1f0d4a40291b19609fdae9d1c489c91e88ef0bf9eaf
861,43,类型,enhanced_extraction,471636c123036bb4a01b135d5434de204afa56b66f46c7f3d5df2ee85051ff8e
11,12,是,enhanced_extraction,4bb51718453a67d9015b846c6a68662b97572c0a9269a7df9df55bbbce96ae63
24,1073,金额范围,enhanced_extraction,10e157a12e8f5317a8452dcc3f09bb93009c5c953de68e6e4d6a069ff3fa7710
1452,7740,修订,enhanced_extraction,30a29050575a7a6b3ffe4cc1a8ea361da71500c4f62566b92466eac98521f778
827,12,行使主体,enhanced_extraction,99cf731628411acfd1f8b81fa5f7bf94b63a2ab0ee1e2851aac7c5c450f2f302
11,12,是,enhanced_extraction,4bb51718453a67d9015b846c6a68662b97572c0a9269a7df9df55bbbce96ae63
13,43,类型,enhanced_extraction,8acd6bcf339a66c572deeab51b58b67436511f74ee60c8462fe1fc4ddd2b5c71
12,11,类型,enhanced_extraction,d250a3e2b5b7ceab7cccbdfff1e3b8cbdc70239998775ce9a8b2acb81f9e7784
15,4873,类型,enhanced_extraction,aaf718e062f16cadedb9474835cd87376545b0d6498405b18bea4aa40909b2f3
9,12,属于,enhanced_extraction,f0795b40f45aed0659748890f09b67ab13ac9efdbbdb3af2aa803c5e7adddb68
220,12,执行,enhanced_extraction,f915d82eedbae9cb7f2a8c167eee4b59a49030d65f642b0660f75798f50625bc
30,9,行使主体,enhanced_extraction,e5c3d2ac83f2327f2610e99efd5375f04df010240d8cb35905e011c0fb5f6a2a
1329,43,类型,enhanced_extraction,d80b8272926aa1651956b1b9ef0450afbaacec649e0d7e35d9981abf65ac9b24
9,769,类型,enhanced_extraction,abda8e473523dc707640f41c3f1086e1f77e60b9b1ed70ceb6717a572a2c668b
11,350,是,enhanced_extraction,7fa4f4b4033afd36ccb46abeecc8e5a8711fa14f70e617b795e2b335abf2616f
13,69,是,enhanced_extraction,b36100edef6126a3253cd6d3c8436b60d913028144208e6d85d8fb7e9929ef09
519,12,承办机构,enhanced_extraction,8fe2a8b69b80c52eb99cf94a111e2c5de4eb59a2df64785e2ab0c9b684aa172e
102,219,是,enhanced_extraction,c05ba5f476772e4d6770832e3f058e0a051e972c9903ee0eb4f1b22576168aff
220,2,类型,enhanced_extraction,3290145300d0f228aca4b94206cb5f8d3070fc7c12d41609f6d94a8d9fe02bcc
111,12,承办机构,enhanced_extraction,17327f9a1de1086d2c73256ac92cbbf571e23426c4b96cee6a87dfe4055ef86c
1,96,类型,enhanced_extraction,1b53d6d7bceb859c9994c8f868edccb566495452b198b46bc26063c03b409d3f
233,96,类型,enhanced_extraction,403d8d284bb442ebedf3ec08f061bbf2ab967b37d33ba94afbf403814c3b994b
32,1456,没收,enhanced_extraction,13556c548039b2d9905fe1c29cda09607050b8dd2318f2556258e98290c3789a
81,12,承办机构,enhanced_extraction,1535f36766c4ca8db21c6ff09e8fb4820c7af3f5bd95dc3d3de36c43359f859d
12,158,类型,enhanced_extraction,06d83acee2e2097064c89c41506386eb57a4678aedfe309dafe18d04c22a8fee
220,12,执行机构,enhanced_extraction,dd79fecf56732ff5710843facf48ec43a59e5be0e6fb2636f35ce6a8ef05feba
364,13,是,enhanced_extraction,38665351dbffdec4009c6bfc11305909dff21e49d9bb3ca42be5db00ba4ccb45
111,122,类型,enhanced_extraction,1fce63ef8ed73f0b4875f31534b84a9bb554322448dacfa61a5a706ff84d0c65
30,96,类型,enhanced_extraction,67ef09263d41efc13438e970d6b90d6ddeaebf07422d9d42053516d76b0dec73
30,96,类型,enhanced_extraction,67ef09263d41efc13438e970d6b90d6ddeaebf07422d9d42053516d76b0dec73
102,394,是,enhanced_extraction,d8eecbbb48fe7bd4b15bf48fe20bd887dd02ba42ab16e82d066d61f0587213ef
30,96,类型,enhanced_extraction,67ef09263d41efc13438e970d6b90d6ddeaebf07422d9d42053516d76b0dec73
11,7350,是,enhanced_extraction,3f09eba4c9ead3b1240655173ac34811f8c7c26d98a12a908356d63aa438ba78
30,12,行使权力类型,enhanced_extraction,a6258c7eb0fcb4d3bf5d0a8c99b7e36355b00e2446aed07a7ae6c10b430bb8ca
220,12,承办机构,enhanced_extraction,d6dd83fe48b58aecde65a1553db5e9368a2092ae2cc2050a62981de65361d57c
9,11,包括,enhanced_extraction,4408b52d89ae4ca3c1468ce67f9cd0038efbc156b94eb723b3dfc830b7649537
9,782,涉及,enhanced_extraction,c28501dc2f088d1e316166530edd0d189157b509094ddf3e60eb28f274262b8c
11,12,是,enhanced_extraction,4bb51718453a67d9015b846c6a68662b97572c0a9269a7df9df55bbbce96ae63
9,8316,涉及,enhanced_extraction,7ccabcbcedb2b855170d99421ed94173844f4f7c555657e1658a1a6f543c0684
197,12,行使,enhanced_extraction,910cfc73e83c67407673049d76551fb6ea6e1b533aa987bdfc7b008ec5cb46c9
518,9,行使主体,enhanced_extraction,5691c0f557154989f95b777653f7fc9c73b6201a1d5d89834932cf8da60c8586
102,96,类型,enhanced_extraction,3ae3aeb0c9938fc9352289b17986b74d2af21dddb657fa0b815d164c1bf8fa49
219,12,行使主体,enhanced_extraction,48c9be9799eee1b308a712f26eeac8073f8cfcf02dfeb1b31345add10211760c
11,173,是,enhanced_extraction,e80c77fff190a0c0b456340055f218f262ef2190e76f90c2dafd8b554948135f
11,218,属于,enhanced_extraction,18189d0f70e41ea849f04d9f76cebe02133a0aaed1572b91a36c7bd633a80c0c
69,9,承办机构,enhanced_extraction,84a49627ff3a601e61d0e9680dfafd907745918309c1dd1e4500b5e9ce2b9b6f
460,43,类型,enhanced_extraction,93d5cca603451fdf0268899b8c39aae0c10219191e40ab8cc886ee469f2ad0a6
233,96,类型,enhanced_extraction,403d8d284bb442ebedf3ec08f061bbf2ab967b37d33ba94afbf403814c3b994b
80,12,行使主体,enhanced_extraction,75b93f846aed0d2bb84ea5d06a78a31b4b70b391d50fc51be75f8c8a4beeb801
11,12,是,enhanced_extraction,4bb51718453a67d9015b846c6a68662b97572c0a9269a7df9df55bbbce96ae63
9,382,类型,enhanced_extraction,4cfb3db1b2e67bf8b438df39105b31616b659cf569445ffadf95f4ce4ab87e94
11,12,是,enhanced_extraction,4bb51718453a67d9015b846c6a68662b97572c0a9269a7df9df55bbbce96ae63
81,9,承办机构,enhanced_extraction,31e66bb205a4ae1df7ad99d9529ce78a8922457f5f03394c50beceab3dd4fd87
130,9,行使主体,enhanced_extraction,e6231a3f41095456f7d0aeeb3310511e6b22e58b92d76c1d45a50385a348b706
1995,1999,公布,enhanced_extraction,e2f066a44371b792db389da847a11402bea9db1d8eaff04f70ed8d5fc8f9de6a
80,189,管理,enhanced_extraction,090ab3d7d923d18993880a99d9a84fddbac8093566ec360a36671cafa1acbf6d
102,110,是,enhanced_extraction,931625c0f64df1f58f0f84dd2d22143b4df6e9a2d1d3b0507bc6a629951f6e38
110,96,类型,enhanced_extraction,6195f18a7eade16713482bb3519268c7fd3a3d906a61d038dc046d2b4adb3939
105,94,类型,enhanced_extraction,b2e1cc78f3eb9d8ea49a2bd7e8d509406f36b43a9d836c7949907accc413aa4b
2005,7743,负责,enhanced_extraction,68da5ab622450a37173ce0a526aa2ee46017bf2d42eccac35eecd2f7fca23a64
460,9,承办机构,enhanced_extraction,ecb382fee8013f65a82b32357b476a72b077c69b081f13e131df3b143492769e
102,41,类型,enhanced_extraction,8591082d926a16420b37a69aca110d289d25c9479f998fd81e8ca9ec90148902
655,654,类型,enhanced_extraction,f19a7810260a2e4fca281d45516ac490cc49dbb3519b8f7a716a1cbfe2979717
518,9,行驶主体,enhanced_extraction,9f7cc43704a0f7811599cf108ae6174a048d79b48f1dad0da4161d95bc70a836
110,235,类型,enhanced_extraction,71d9816cbff0210f9c1566347591f07ad4d7209b48e26a9f180e68a2a0f5c928
7330,9,实施依据,enhanced_extraction,41fbda552e6d0e97fe10ecca5f4f8cedeba8174eeaf85b4730ba1165740c20f5
11,12,是,enhanced_extraction,4bb51718453a67d9015b846c6a68662b97572c0a9269a7df9df55bbbce96ae63
775,9,实施依据,enhanced_extraction,9abc3dfcc066a4e162284b85c2e64b0084cc2baf0d03b86e368c022d9f16b32b
102,1270,级别,enhanced_extraction,42bb06089491811c2ae82acd785ecf6472b4bfbe5f125062a02c02bb6a3dff3c
112,9,承办机构,enhanced_extraction,8c5141659c6f1ee72a6318e02df92ddfe59b9b1688527026bd5d1ccd13b7ea53
219,235,类型,enhanced_extraction,42f4fcda52b9d78ca57aa5187ca807fbfaf39957781a204c7990d756faf1f978
110,96,类型,enhanced_extraction,6195f18a7eade16713482bb3519268c7fd3a3d906a61d038dc046d2b4adb3939
54,96,类型,enhanced_extraction,700a62739c603330fad1f06488dd2cf7d267b48ec4e9b119ab2c60183e939f38
221,1447,发布,enhanced_extraction,a69d5f5194d0eec808856cc253b330a024c6c824bbb25203606e78a98de193e4
13,189,是,enhanced_extraction,51ab7bb9b15d4c43166a75de0ba6e305ad5a7cba5be965140334bfb7be0927a6
12,11,类型,enhanced_extraction,d250a3e2b5b7ceab7cccbdfff1e3b8cbdc70239998775ce9a8b2acb81f9e7784
11,12,是,enhanced_extraction,4bb51718453a67d9015b846c6a68662b97572c0a9269a7df9df55bbbce96ae63
15,5,是,enhanced_extraction,c1f7512483e2adc5c576e0ebae5a02abb33900717b274acd0a3d9fd41c766da7
112,13,包含于,enhanced_extraction,7fa242d9255e3cd8d0060b41d4c7ec488917c247514e70767ef5ba28d223c9f6
11,826,类型,enhanced_extraction,4bf83b19e7d96fc3c623f7da6298856b709c2ac414cc0afd10e92114bae2cbe1
4493,9,承办机构,enhanced_extraction,b5eaa270c580ccc158f5b4e0ec4d7830f76457e76954fb7bc5d7fb17a7db3fc9
626,12,关系,enhanced_extraction,e57a20daa14e06eaec616b8e1de40b5d8a63898030cc7a59fbe4634ae72481b6
13,41,类型,enhanced_extraction,1dfae58022fd91b047d3fda6aee6b5855c358e74bf9b6f42c46bcbd3b90b1866
216,346,隶属于,enhanced_extraction,b07e9a82f5e36c571692c9ec486ddb4e880437cbbee7dde5b50e31f2b8fd642c
11,308,是,enhanced_extraction,ecb06d577a5f273c2f13422e7f79961966e4fb437e16acc1fb731831344bc4db
9,382,类型,enhanced_extraction,4cfb3db1b2e67bf8b438df39105b31616b659cf569445ffadf95f4ce4ab87e94
111,96,类型,enhanced_extraction,6c641c34d6df5a4578a6d098fdd1fab8f3d4927213fe0dc030c3d004bebc61df
5743,9,实施依据,enhanced_extraction,d8a410c527833f2f0b5db852c6110652b38c1d33eaf133c20ff3367de75c7fcd
232,235,类型,enhanced_extraction,53238d60ad7b7d865eeb22306f8f4949e62f3bed549807211fc462407ff880f7
30,96,类型,enhanced_extraction,67ef09263d41efc13438e970d6b90d6ddeaebf07422d9d42053516d76b0dec73
110,9,行使主体,enhanced_extraction,04e6686a6ac48a1d6a9411fec475951914afa06d06fa0a9960c1d911aebee2c4
9,12,涉及,enhanced_extraction,5248c9d3ca7ecbe057c9b7f8e4427fdc46140ce6caae924a22f2b15012daad62
11,12,是,enhanced_extraction,4bb51718453a67d9015b846c6a68662b97572c0a9269a7df9df55bbbce96ae63
9,2993,依据,enhanced_extraction,765fcd37e418a39c6a6e868b1bbd4e968622ed773cb971b3e45fd51a2d598109
130,96,类型,enhanced_extraction,492011f3caeb38421b0a4dc34d8e68ce6491294b3c8ce6a93e546bba673248da
1353,1354,类型,enhanced_extraction,52e2ea87600c3dc7d4b0df1fb816c8033565fa3ba2710e6697e961d3eaa97213
1327,96,类型,enhanced_extraction,ff2301c19bb7b94da9333bd6f4833ddd88671df01df13ca01415d21a7dbb024f
9,12,属于,enhanced_extraction,f0795b40f45aed0659748890f09b67ab13ac9efdbbdb3af2aa803c5e7adddb68
112,9,承办机构,enhanced_extraction,8c5141659c6f1ee72a6318e02df92ddfe59b9b1688527026bd5d1ccd13b7ea53
9,5851,涉及,enhanced_extraction,b1867eb96bd032f863b6ab9565d021216bb8ccbf76579dce96d783488a81bbdb
164,12,行使权力,enhanced_extraction,f2de4b5235c7fc1617a8717893b36d02ac9c53b3a8e43a98dfb948824e8c0bee
164,12,行使,enhanced_extraction,577d2b56734d7812a56664f7c1356a3c621209e19d294c6cf8c0565dc0b04be0
219,230,依据,enhanced_extraction,e9b7ffae6308a2d0f7acdb913ca1f05499c5422b6778e0d424fe0e083d632d1e
11,12,是,enhanced_extraction,4bb51718453a67d9015b846c6a68662b97572c0a9269a7df9df55bbbce96ae63
102,130,是,enhanced_extraction,927e2c3c89401500404e75bab06f2597a18d0881b1d81c4f2fb0034b46ecae9e
13,421,是,enhanced_extraction,4a638f573234d3f0c88ecfd6b7b6425e0e8b2767641252c34e60402c70dda625
9,242,类型,enhanced_extraction,7c4db01f0639d9a2c1b3cb8eabf326c97aa2c3bc45933927e8f3e398c9317e43
102,1095,是,enhanced_extraction,e6e9b3bf3bb384135d997cc83f35ccfb54f7249a83b87f058987f1b013b177eb
1,12,行使,enhanced_extraction,c08e68caf7e0c37bae356d0d904b65ddeaf393789cacb1d0dc97b5562f140732
985,43,类型,enhanced_extraction,b24e9737b695bad4597f3ef7c3b6237631135ba34f0fba0cd9eb1d601f9d97d6
13,43,类型,enhanced_extraction,8acd6bcf339a66c572deeab51b58b67436511f74ee60c8462fe1fc4ddd2b5c71
12,9,涉及,enhanced_extraction,a0882012a94e74189d23dae9585c1bfe51019acf0f4e93de9e81c828e0002d7a
1,96,类型,enhanced_extraction,1b53d6d7bceb859c9994c8f868edccb566495452b198b46bc26063c03b409d3f
4664,96,类型,enhanced_extraction,e15d7bbb2adeca2620405ba1e22f2fc22cb9ea94ede2d0e50e8ada5c60b3eeaf
508,1707,类型,enhanced_extraction,e1f85e6084804a3f46f9433ea906c3edd33b0c839668f02f5b6173c836e6af0a
12,11,是,enhanced_extraction,54710bbec3ca077fe79c80e1e95ea28a843633289f5bc6efe6abea14f6118623
13,111,是,enhanced_extraction,e92990fdba5592a3b6fcc22d9ea34b712eeb46b1805330cd6168afde79c38daa
9,12,类型,enhanced_extraction,a0f990011f89318094029eddd7fc8433047738098f60167fd996d5cd597fc45b
105,9,实施依据,enhanced_extraction,0df64c5330a117c68e77df235aaff45647791c68cd539bbafea1cf99e02be529
11,12,是,enhanced_extraction,4bb51718453a67d9015b846c6a68662b97572c0a9269a7df9df55bbbce96ae63
1327,1329,包含,enhanced_extraction,0185cd300f81b6f96d9381333de7244ea7952d06595dcb8b6562ca232c840e31
924,235,类型,enhanced_extraction,6502fbb8e3fa9d7732383e93c5fa5f2696379e3bc48ccefaedf483ab65a8eb06
11,218,是,enhanced_extraction,885d1711b265018c6b5869a35a061431728560bad04aaf3db12f272a809d4bff
130,96,类型,enhanced_extraction,492011f3caeb38421b0a4dc34d8e68ce6491294b3c8ce6a93e546bba673248da
159,12,执行机构,enhanced_extraction,d812de7ddc571c5fb58970250731ce0a5948eca112d36c1d38f5ee74226955d0
159,30,隶属于,enhanced_extraction,42cfcbe108331164aaecb1f0d4a40291b19609fdae9d1c489c91e88ef0bf9eaf
590,12,行使主体,enhanced_extraction,bc9c26cd12eb2d4c4250b8f19320a70d0aed92bcb49c1e41a985143575086241
9,12,类型,enhanced_extraction,a0f990011f89318094029eddd7fc8433047738098f60167fd996d5cd597fc45b
102,316,是,enhanced_extraction,9d39871b3de2fea6a4c241a9067e244e127a4a8f1508142d28a11ae9bca4a951
234,9,承办机构,enhanced_extraction,ba570c47c490a3bfe283525b4362c3f3c29f0ad091f70e5425c7d0a12c532574
220,12,承办机构,enhanced_extraction,d6dd83fe48b58aecde65a1553db5e9368a2092ae2cc2050a62981de65361d57c
9,79,属于,enhanced_extraction,d3b34659fa3403d01d9555d4873f82db59d906346884ca411b8afb791981cfa6
164,9,行使主体,enhanced_extraction,786ebd4ad9d4f9a7110adcce82b6fb31da86f193f9b2bcb48bcb6c3affd2526c
159,96,类型,enhanced_extraction,cd8bd0842e8d2e784453074f8b58ceabcb12fb29cb418dce7c836082ce99274a
14,12,承办机构,enhanced_extraction,b3f78f8d91a41eb1f2403baae337ba2537aa7882221cddeb31a73ca4a80babfe
1236,96,类型,enhanced_extraction,e9b88ee93ffce8649821bc36e1ce7d874579f859642c91c8a8179e4ee1b46b03
11,12,是,enhanced_extraction,4bb51718453a67d9015b846c6a68662b97572c0a9269a7df9df55bbbce96ae63
1095,96,类型,enhanced_extraction,de557fe3e367d162d9cd8acf9865f5b0e7ef35250e8a210b80b66925d6c9bc86
11,12,是,enhanced_extraction,4bb51718453a67d9015b846c6a68662b97572c0a9269a7df9df55bbbce96ae63
13,317,是,enhanced_extraction,cb2f52fd445d2a60cd8eec36023e3b11868a84833440a5cf55c55ced1d63de64
112,122,类型,enhanced_extraction,7ae865bfc46cdf8d9a898f26fcc7f9f2bde7ef11aca8f3054fe0623692e5b7f3
2765,3621,行驶主体,enhanced_extraction,63a9e8b9e0a5d349148bfcdfce8bf3dfabf41ef8f656d6ae0c03105dd2151566
518,12,行使主体,enhanced_extraction,2ba35e8b565b7971ada29b084e323fbfddf99769575080927fac14c157526308
220,12,承办,enhanced_extraction,9c7ca49c2aa429afe321151d611cabcdaea2a6f2f1465868c03432d70df57fee
590,14,包含,enhanced_extraction,778fc952665ef2d423f3a64f81fca4fd32817afc4ade9491e51ac69579f3f674
30,159,监管,enhanced_extraction,1649d4eb279696081f0ccb89049be10f1cd0d6f4d7e8613a109995e8158645f9
13,455,是,enhanced_extraction,f056809418a23c8dc3e5edc472da624bd424823694a3811a98051514f8ebac9d
80,11,行使,enhanced_extraction,ef9940919a47143f2686d4d346327ae66b46a5a941b86255b468c5e18c09547a
13,159,是,enhanced_extraction,42b286c8b69b7dd60715ddb4a4b5ec24d40c79d0cdc71cf056cb2f8e8981f706
11,350,是,enhanced_extraction,7fa4f4b4033afd36ccb46abeecc8e5a8711fa14f70e617b795e2b335abf2616f
102,30,是,enhanced_extraction,49e97e22d3d7e783a2f77af85dd754c7212b8e8b9cb9164e3d6ab83c48b52fac
221,1447,发布,enhanced_extraction,a69d5f5194d0eec808856cc253b330a024c6c824bbb25203606e78a98de193e4
11,79,是,enhanced_extraction,7fc479b7c7f1a5e9a2ccc9b68850e59cde0b8d6838f1979d7b68f16db2615cd8
102,590,是,enhanced_extraction,af8450272caa216288b50d8943d597639c2353f39db848cf16ccd0ab8ea4aa9d
219,235,类型,enhanced_extraction,42f4fcda52b9d78ca57aa5187ca807fbfaf39957781a204c7990d756faf1f978
11,79,是,enhanced_extraction,7fc479b7c7f1a5e9a2ccc9b68850e59cde0b8d6838f1979d7b68f16db2615cd8
336,9,承办机构,enhanced_extraction,9b4793c095f305791793f9f26ad3d98492623aa0e04141078a326468b54449a0
9,11,属于,enhanced_extraction,ad676a8ff0a6a0269b647bfc2c229efdc791e8aeeabe1893665b8156ae207238
748,43,类型,enhanced_extraction,00efb2e912c95132311d9a58679a4e954e6f35b25eb560bef8398f72d8e5c8aa
11,350,是,enhanced_extraction,7fa4f4b4033afd36ccb46abeecc8e5a8711fa14f70e617b795e2b335abf2616f
110,96,类型,enhanced_extraction,6195f18a7eade16713482bb3519268c7fd3a3d906a61d038dc046d2b4adb3939
5448,738,执行,enhanced_extraction,6193ba2f0c19ed1187c53d204d102e39f6356f956c1ce7477b08e97882a79e0d
821,462,给予,enhanced_extraction,c5ae4ac6beea8855ad5232706b584132a3f4c5518ffd46f4eac14db98678d3ae
12,825,类型,enhanced_extraction,f23b6e42d2ddf04052d4f66c49219b5c90dd417a9a4460243b7b8ea5f9fb26d4
3421,4434,修正年份,enhanced_extraction,2282cc57174fccc7368a0caec59bce00427dabf08b3695482c8caee1fcbf3633
1,9,行使主体,enhanced_extraction,b682a86df8491abefd8e5545f99c474f9d3e64b0932e9baa82dd2f840ab1d841
220,122,类型,enhanced_extraction,ddd43b42b4429e1c8753259e67864f412dcf75e1a32655082ac7d10ea54ab3c4
164,96,类型,enhanced_extraction,cee014ad6e4a569563c8424370d6d3ab0ae2b302dcef061273248f9442963009
1,12,行使主体,enhanced_extraction,55ec007f406e6481061e4f27d21d67700fcb98e39b41f11a392e0ee076061039
130,9,行使主体,enhanced_extraction,e6231a3f41095456f7d0aeeb3310511e6b22e58b92d76c1d45a50385a348b706
13,111,负责,enhanced_extraction,11b4c380b743d453d629fbf3691b27b1eeeb1ca595c472d86d1c5dffc3958eaa
164,9,行使主体,enhanced_extraction,786ebd4ad9d4f9a7110adcce82b6fb31da86f193f9b2bcb48bcb6c3affd2526c
842,3182,未采取措施消除,enhanced_extraction,936234c4ae25d0d3789b1ae9ed2eee80ed368e07b5d24d43c11633c32a26596c
102,652,是,enhanced_extraction,480c0876cb664f8ea265e948b861a742da918153c87a718afc35134a7f352dff
110,9,行使主体,enhanced_extraction,04e6686a6ac48a1d6a9411fec475951914afa06d06fa0a9960c1d911aebee2c4
102,41,类型,enhanced_extraction,8591082d926a16420b37a69aca110d289d25c9479f998fd81e8ca9ec90148902
112,96,类型,enhanced_extraction,61148b72ef21088a2b8c64609278423fad8508c652d1a634420b0058ddfdfa2b
928,43,类型,enhanced_extraction,d6f7f02e75cac8979e78218a4bd02bead85237d84e4b7263e5b78989679733b9
1,9,行使主体,enhanced_extraction,b682a86df8491abefd8e5545f99c474f9d3e64b0932e9baa82dd2f840ab1d841
102,110,是,enhanced_extraction,931625c0f64df1f58f0f84dd2d22143b4df6e9a2d1d3b0507bc6a629951f6e38
541,96,类型,enhanced_extraction,d2585091f7495a19e7cfa78aae7706c7cdd4be5765fee9398808dbdea0d16627
79,11,是,enhanced_extraction,eded1ef8b8cda0c767ba5975434155285c793c8097b3c8c17b219b608f664321
95,94,类型,enhanced_extraction,335ce44703452684536541f6b1d225238953179d87fc2062b61c8f86684be80e
159,2,类型,enhanced_extraction,b3e890964b06d8bc8b0537d80024309fc44aa8224ba040efa1fece7bb899904a
12,11,类型,enhanced_extraction,d250a3e2b5b7ceab7cccbdfff1e3b8cbdc70239998775ce9a8b2acb81f9e7784
110,4446,类型,enhanced_extraction,a652e99c5146ba709e3fd7a09ecdc97240e8dbf0f57dda4aeb1ae29b33f11c13
130,12,行使主体,enhanced_extraction,f560c66e39df5f6e7d5a65a30056284a25c482f51a4c3a31a6b07b6102dc1c70
13,564,是,enhanced_extraction,6e1fee773972f452505cc8ef11aa0e2fd25bd8920ebacf9d76622a2085ae269f
1995,3386,规定,enhanced_extraction,755430c7a5b1c5f2deeeefd54de9a713c0f3023c4374c064adbf3e500c23666f
164,985,包含,enhanced_extraction,655f233a3a5038d17fa25a94b8172f7fa74daad78c0e18bfc1df3a5e96b667c5
11,12,包含,enhanced_extraction,c7108b0e6d2e3863b970d616b39759a19070792922effbf8d19d227196f88034
13,216,是,enhanced_extraction,91e753dce0198db04daa7f5f334aca5b0a3a46d2b2189534d4db84ea31fe04f6
11,308,是,enhanced_extraction,ecb06d577a5f273c2f13422e7f79961966e4fb437e16acc1fb731831344bc4db
102,110,是,enhanced_extraction,931625c0f64df1f58f0f84dd2d22143b4df6e9a2d1d3b0507bc6a629951f6e38
11,3659,类型,enhanced_extraction,44370c586c0c7c49ee4d3bccc0c136666ba454837b4eeedb8c26e4ee600dc77c
9,13,由,enhanced_extraction,334dc20735811e83fa7ebc052d5b1b801ff25cf7f3c185e308f0026c55260162
11,12,是,enhanced_extraction,4bb51718453a67d9015b846c6a68662b97572c0a9269a7df9df55bbbce96ae63
1888,228,类型,enhanced_extraction,338b793c65ddf392d3ae4d697580d25e0cd4d6ebe5cbc585986b25cdd15b2851
9,382,类型,enhanced_extraction,4cfb3db1b2e67bf8b438df39105b31616b659cf569445ffadf95f4ce4ab87e94
5536,96,类型,enhanced_extraction,2665dc07164089f76e4afd6deda352cd6343cb035e5e7d3ae61ee8970394f7e5
220,12,承办机构,enhanced_extraction,d6dd83fe48b58aecde65a1553db5e9368a2092ae2cc2050a62981de65361d57c
102,1430,是,enhanced_extraction,da7e86f2d3400bf9d7851c74d895cfd2e01264e781be4a634580131469161dfa
9331,7742,负责,enhanced_extraction,f934cbb998ac6a8b84b817f8034971310787aab14495d54085f4d010b102d194
13,112,包括,enhanced_extraction,c1c571fb1d8601d6e86edffe190ed143e8edabbf9d70d060c2b755ec7778c1a5
30,96,类型,enhanced_extraction,67ef09263d41efc13438e970d6b90d6ddeaebf07422d9d42053516d76b0dec73
103,9,承办机构,enhanced_extraction,462d07795ad187949e49c2b5e2dc4e6b5f249b09ee3fbceddb08803e11dc74ed
80,2,类型,enhanced_extraction,98856eee1500bf3a4e1fc0d417cd688700fff760c33587e521dcf98dd3ecbd8d
9,719,包括,enhanced_extraction,c1231fc32b7acc4e77b3d47c231bf991895c5f25fb53cc1621c5a806c9e5df88
4,1,承办机构,enhanced_extraction,f7483722370a3db6cc6e9698d7f621113a7fe751bca6b181a1961b22639e7ed3
13,69,包括,enhanced_extraction,fee1c970fabefbf3d4b20fcc42027b5faa56136df4fc24e4bd8f6e99655cdb2c
11,11,类型,enhanced_extraction,63c0cb89fd070cec56228a2b437fabe6a35d41178bcf0e57ad410146f146783a
164,96,类型,enhanced_extraction,cee014ad6e4a569563c8424370d6d3ab0ae2b302dcef061273248f9442963009
986,458,处罚,enhanced_extraction,e37c5dadd36834f8a321d80ae15cda873dd9ec21f0ff94df99f129696f0fea16
159,122,类型,enhanced_extraction,ac95a8754b9cf555ad1f7b6963dfd724829642f155c6b04c4c82d577ec28198a
9,12,权力类型,enhanced_extraction,2a21d93536f75c6e5a649144635cc06abdf7efba771dbc93580f9c998bc093b7
233,96,类型,enhanced_extraction,403d8d284bb442ebedf3ec08f061bbf2ab967b37d33ba94afbf403814c3b994b
102,110,是,enhanced_extraction,931625c0f64df1f58f0f84dd2d22143b4df6e9a2d1d3b0507bc6a629951f6e38
102,80,是,enhanced_extraction,79e8d5b7618f13b08ba6bbab2160ead94042b778e9a4a7619d5ff0e34b6e7ca5
102,1,是,enhanced_extraction,e7673144fe059008120004a15b8b74a285f82c6ab41977014fcf98bd828f26e9
103,2,类型,enhanced_extraction,a3249f4462f7ee189afde2ab3efc63950e303f6753acdb193e4c7685b76f1ec8
102,110,是,enhanced_extraction,931625c0f64df1f58f0f84dd2d22143b4df6e9a2d1d3b0507bc6a629951f6e38
112,13,是,enhanced_extraction,b11bee4e58bf3e333b5a166b4bf34ca46eade50ddea1b95318ab8b247a32c8e5
13,336,是,enhanced_extraction,1b0c038b1dcf7c8d824a5bacef8d97a572e8dc3a16e452c4798908e81f8d56e6
13,410,是,enhanced_extraction,09abcba22d6e8b3d25a6bfa692e8b6bdc8abb3aab2377548a645c950a5658333
9,719,包括,enhanced_extraction,c1231fc32b7acc4e77b3d47c231bf991895c5f25fb53cc1621c5a806c9e5df88
11,12,是,enhanced_extraction,4bb51718453a67d9015b846c6a68662b97572c0a9269a7df9df55bbbce96ae63
13,410,是,enhanced_extraction,09abcba22d6e8b3d25a6bfa692e8b6bdc8abb3aab2377548a645c950a5658333
519,12,承办机构,enhanced_extraction,8fe2a8b69b80c52eb99cf94a111e2c5de4eb59a2df64785e2ab0c9b684aa172e
924,235,类型,enhanced_extraction,6502fbb8e3fa9d7732383e93c5fa5f2696379e3bc48ccefaedf483ab65a8eb06
197,12,行使,enhanced_extraction,910cfc73e83c67407673049d76551fb6ea6e1b533aa987bdfc7b008ec5cb46c9
30,12,行使主体,enhanced_extraction,1e7200094dd34c790193171ddcf0ebf515cdc55593921a196744b29e5fa0a671
13,111,包括,enhanced_extraction,09c0593bd8b7420222398fb7c93ce32df70d33633b73fc4e12402155845d4bd2
219,12,执行,enhanced_extraction,ae6dd7eec740aa1c35166db92b76360270d7504d462869eda3053c34bc5d962b
112,12,承办机构,enhanced_extraction,61354e19e5a8c6aa913e2c3f2a7c2d6ab87c1edaada8be5e039519f0c19f4719
102,197,是,enhanced_extraction,b735436bf437d7c3115e2a60bf188709221fd86fd0d803164c90ca2bb0ee33dc
1,96,类型,enhanced_extraction,1b53d6d7bceb859c9994c8f868edccb566495452b198b46bc26063c03b409d3f
80,9,行使主体,enhanced_extraction,d86caad16a8669befcbe6c8b19ce7cfa4d7111735beee3330c276b0ae823c537
2313,43,类型,enhanced_extraction,2c2ed395216346a196c9a82b5365247ec9cf91d3288b79eca17d614a0e1e2478
111,122,类型,enhanced_extraction,1fce63ef8ed73f0b4875f31534b84a9bb554322448dacfa61a5a706ff84d0c65
102,1088,类型,enhanced_extraction,d476616ddad9f3e30c1d0518ad5e0ee8edd34f616971f1de723f16bf46a5b242
221,1447,发布,enhanced_extraction,a69d5f5194d0eec808856cc253b330a024c6c824bbb25203606e78a98de193e4
13,111,是,enhanced_extraction,e92990fdba5592a3b6fcc22d9ea34b712eeb46b1805330cd6168afde79c38daa
112,12,承办机构,enhanced_extraction,61354e19e5a8c6aa913e2c3f2a7c2d6ab87c1edaada8be5e039519f0c19f4719
110,112,包含,enhanced_extraction,4412d5033ad81891d0067068df7b3568545184aa6e02b0bec8df6dd0887b58c5
13,111,是,enhanced_extraction,e92990fdba5592a3b6fcc22d9ea34b712eeb46b1805330cd6168afde79c38daa
219,12,行使主体,enhanced_extraction,48c9be9799eee1b308a712f26eeac8073f8cfcf02dfeb1b31345add10211760c
11,826,类型,enhanced_extraction,4bf83b19e7d96fc3c623f7da6298856b709c2ac414cc0afd10e92114bae2cbe1
499,12,行使,enhanced_extraction,d2313b478436d412da1970206a0ff9cb3f69dc8954955bdd76728dccecaa2d8c
233,1493,包含,enhanced_extraction,a4a86ef03a03eb669dbe97b3ef85c2ddc412f17024400e945b53fcb020802cb5
13,159,是,enhanced_extraction,42b286c8b69b7dd60715ddb4a4b5ec24d40c79d0cdc71cf056cb2f8e8981f706
2525,2526,公布时间,enhanced_extraction,4bd37a6ef0f0126fa3d6a4a20b9b8532c0f1ab72149392340e3a305a866e275c
541,14,行使主体,enhanced_extraction,6f3589a138ef260c1b29e6d571fb97d51a178c2de145a5090e6b8207f6322dcb
9,12,涉及,enhanced_extraction,5248c9d3ca7ecbe057c9b7f8e4427fdc46140ce6caae924a22f2b15012daad62
220,12,执行机构,enhanced_extraction,dd79fecf56732ff5710843facf48ec43a59e5be0e6fb2636f35ce6a8ef05feba
7340,7336,责令停止经营,enhanced_extraction,966ab5d1d5afc8d63f15c56d0d1c22f4fc48326082d15933eda00e447dcb27d6
102,96,类型,enhanced_extraction,3ae3aeb0c9938fc9352289b17986b74d2af21dddb657fa0b815d164c1bf8fa49
1922,12,承办机构,enhanced_extraction,e7947cf4187bff415b4ea819cd7ff82a5b7b4e6383c589694dbbff9f90078240
219,220,包含,enhanced_extraction,8b7708d9b974597fa619b00d18a4a7f59f367eb0a07018126fca60658bb2c5a9
30,96,类型,enhanced_extraction,67ef09263d41efc13438e970d6b90d6ddeaebf07422d9d42053516d76b0dec73
30,12,行使,enhanced_extraction,e32ba06d18071d6a8384351a3a10393f6606ad032542fde73f276d5e7e5dca46
164,158,行使,enhanced_extraction,46dd0bcc3b5c2d96944bb4a6050c6ebb134c8154e1d2142689c8523135ae9abe
9,1342,类型,enhanced_extraction,4b9781a9f448bcf84e0d1d33e0f2531bd466746a1d8b574b7a87107e2b781de9
220,9,承办机构,enhanced_extraction,6dd69cd817f625f75c23b92483e7fe5c21da29ae1d5971331682c0d100f26d51
110,41,类型,enhanced_extraction,205a7ef1fc913608fb085130c4029c1788fd17f7ea92798045f0ca2414dccde9
30,12,行使,enhanced_extraction,e32ba06d18071d6a8384351a3a10393f6606ad032542fde73f276d5e7e5dca46
110,9,行使主体,enhanced_extraction,04e6686a6ac48a1d6a9411fec475951914afa06d06fa0a9960c1d911aebee2c4
3924,94,类型,enhanced_extraction,d6c7db9bde231ae7c227292f5b468ac12327e9146dbc4de480b7d1cc20a4bc5f
102,219,是,enhanced_extraction,c05ba5f476772e4d6770832e3f058e0a051e972c9903ee0eb4f1b22576168aff
1616,1950,是,enhanced_extraction,88c96c77f02ed4166024fcca6061189b8e3ceb975eadaf4304fe03659b7ac33e
79,11,类型,enhanced_extraction,357ff0f70265df4abbfc9fc67ba14c3a29f8b74763a0456e1d3a46a30f73d772
197,96,类型,enhanced_extraction,3613e63056aa1a9b98e7f24d4a8017b1defea35408ff820f4a06659c6c6fc3f3
1970,1971,发布,enhanced_extraction,88168922f18a389a96999eccc5ed49b0c7a15c4ac4491531ca539b3d35666982
14,9,承办机构,enhanced_extraction,f404e282d70c377d86e8d2de974bc2a4a334b2db5894f7cec3b5c3d7c02595aa
9331,7742,负责,enhanced_extraction,f934cbb998ac6a8b84b817f8034971310787aab14495d54085f4d010b102d194
11,12,属于,enhanced_extraction,348e658de2a3e1b559d286afed9c0c187575302edc695ea216add0e31d1e629d
219,12,行驶主体,enhanced_extraction,7f7cd218e5a63f8cfed49f0763413c3805dae3dea7ad67d9c9014df5fe95e27e
13,159,是,enhanced_extraction,42b286c8b69b7dd60715ddb4a4b5ec24d40c79d0cdc71cf056cb2f8e8981f706
12,825,类型,enhanced_extraction,f23b6e42d2ddf04052d4f66c49219b5c90dd417a9a4460243b7b8ea5f9fb26d4
11,308,是,enhanced_extraction,ecb06d577a5f273c2f13422e7f79961966e4fb437e16acc1fb731831344bc4db
9,12,涉及,enhanced_extraction,5248c9d3ca7ecbe057c9b7f8e4427fdc46140ce6caae924a22f2b15012daad62
102,110,是,enhanced_extraction,931625c0f64df1f58f0f84dd2d22143b4df6e9a2d1d3b0507bc6a629951f6e38
102,1560,是,enhanced_extraction,cf879be69130d39407c586b6d850cd36dab26a1217c0f1f946446ad2a97c4d95
102,1,是,enhanced_extraction,e7673144fe059008120004a15b8b74a285f82c6ab41977014fcf98bd828f26e9
12,11,类型,enhanced_extraction,d250a3e2b5b7ceab7cccbdfff1e3b8cbdc70239998775ce9a8b2acb81f9e7784
1,103,管理,enhanced_extraction,e17e7253ed29bc31f912763bf2ab7aeb59dc9fe7d8ff5345524911b2dd39d3db
4153,96,类型,enhanced_extraction,057d42846a9c14e3475995ea9f8e61e7e62e3acde917cece76587b347e93a8f7
960,12,行使主体,enhanced_extraction,ef979ab30f85730fc0e657c438de4ffe6806e99888ff330e7d829d3434b2fa5b
9208,12,实施依据,enhanced_extraction,9824af41e928405bbc11e0b9dde14f47295d17dfbf2aea8f18d0c9a4ba251ad3
11,12,是,enhanced_extraction,4bb51718453a67d9015b846c6a68662b97572c0a9269a7df9df55bbbce96ae63
13,234,是,enhanced_extraction,b7b075afabbc08dcdce9ff390a83157777a38bf968d1b3c9e6ae113b68d46584
518,41,类型,enhanced_extraction,6ccb5ed090fe5cdc2f638f5377519243079d65e9e4d21532bdee46f2cbca9f29
519,657,承办机构,enhanced_extraction,ecd1039fe625c0f4556ed769d3f504157e6d7c57803396403f0f3d34805617a2
1,2,类型,enhanced_extraction,ad1d45ad7521ca0c05fb23c57aaf2048b6871fceaca67eca7a95dc4ad098e662
3970,2777,类型,enhanced_extraction,57314fedff75a59a1d4c09f4a9c0b858b3755205bfab7157b938466fd039b593
12,11,类型,enhanced_extraction,d250a3e2b5b7ceab7cccbdfff1e3b8cbdc70239998775ce9a8b2acb81f9e7784
11,12,是,enhanced_extraction,4bb51718453a67d9015b846c6a68662b97572c0a9269a7df9df55bbbce96ae63
1,2,类型,enhanced_extraction,ad1d45ad7521ca0c05fb23c57aaf2048b6871fceaca67eca7a95dc4ad098e662
102,499,是,enhanced_extraction,b49300d6dcb413d86dc04b4f82f8ad7c9af8c5ef23f0b3cd5b4a01f89138f265
4110,6819,决定,enhanced_extraction,42654b99b0861937136604653c4121abde8040d21df0bb370e7750c3e1b989cb
9,1342,类型,enhanced_extraction,4b9781a9f448bcf84e0d1d33e0f2531bd466746a1d8b574b7a87107e2b781de9
9,11,包括,enhanced_extraction,4408b52d89ae4ca3c1468ce67f9cd0038efbc156b94eb723b3dfc830b7649537
219,12,负责,enhanced_extraction,b3c755cdb22d012fdf333328005edbb534fe42a368e82870bd9476712a444307
11,308,是,enhanced_extraction,ecb06d577a5f273c2f13422e7f79961966e4fb437e16acc1fb731831344bc4db
11,218,是,enhanced_extraction,885d1711b265018c6b5869a35a061431728560bad04aaf3db12f272a809d4bff
1343,12,行使主体,enhanced_extraction,7d93f17c06c80b07a491a8c4a174fa5298eea3410435e1ba091979391b1b7ba9
1468,235,类型,enhanced_extraction,3b49e9b159034a118e2270c23a6d78ca52bcb22b015437cbefcf3b28408e14a3
102,1327,是,enhanced_extraction,cfe14d6bf37334c2f17a31c0dd36b648ee62a723b1cc3b692f7716c44b7e152c
2575,94,类型,enhanced_extraction,76f9f4375df6e8d210da21b80303fd6e5723f0826ca0ec1e70133eefafbf9130
1995,6815,由,enhanced_extraction,636431f0870fed50f01b7396ef3c681f9c9e3f9f0cfba25defbefed95f539a85
1178,158,行驶,enhanced_extraction,7e36a76d8e8a1feaa784714e7ed6d9b650566d5c3a044d8723c4f20d917a3a7b
249,2910,依据,enhanced_extraction,1f1941725dfe8f22ffc5c55894879abd19e4963af14d8ab648822b022d126c27
15,7405,来自,enhanced_extraction,9885cb7ff1c3b6e6657180dcef5b28608bea57eac476f52a5827e496fd146a91
219,220,上级机构,enhanced_extraction,ca366247e647c60ece9d986ed045c6fa007912b803069bea031bd49929eebe3f
11,350,是,enhanced_extraction,7fa4f4b4033afd36ccb46abeecc8e5a8711fa14f70e617b795e2b335abf2616f
102,80,是,enhanced_extraction,79e8d5b7618f13b08ba6bbab2160ead94042b778e9a4a7619d5ff0e34b6e7ca5
519,12,承办机构,enhanced_extraction,8fe2a8b69b80c52eb99cf94a111e2c5de4eb59a2df64785e2ab0c9b684aa172e
1,9,行使主体,enhanced_extraction,b682a86df8491abefd8e5545f99c474f9d3e64b0932e9baa82dd2f840ab1d841
9,382,类型,enhanced_extraction,4cfb3db1b2e67bf8b438df39105b31616b659cf569445ffadf95f4ce4ab87e94
11,37,是,enhanced_extraction,6d1895fe4d7867c6df3e86858a55d71dbed7226bf6f9a558bc7b6b571e53a6df
9,769,类型,enhanced_extraction,abda8e473523dc707640f41c3f1086e1f77e60b9b1ed70ceb6717a572a2c668b
84,12,执行,enhanced_extraction,aed26a4179e33d1cd500e95a7870534ba2581209086ece9943e568ca119fa2c9
110,9,行驶主体,enhanced_extraction,cb9b4c9d75ca9465267b448e5b6313aa4ad8fd918446ca1b656cf2075145dd75
10950,9,实施依据,enhanced_extraction,473d2e63340d6206032040a918f145dfd077318cba69b51abef2e91fae715589
1,4,执行主体,enhanced_extraction,08e3f20d8591ed9fc38286ffad314787ecaa0872a5aca773d5c576264e96caa4
11,383,类型,enhanced_extraction,eb32e2ff01a2a217bce44e202d150b4b0d98df76bb019edc27e4aca0d14ab46c
11,308,是,enhanced_extraction,ecb06d577a5f273c2f13422e7f79961966e4fb437e16acc1fb731831344bc4db
164,11,行使,enhanced_extraction,7607c3744e0c135cb687f43da0751fa8d0425434f2111c50d5995dd910264380
111,122,类型,enhanced_extraction,1fce63ef8ed73f0b4875f31534b84a9bb554322448dacfa61a5a706ff84d0c65
2037,387,执行,enhanced_extraction,f24e1c4ae19b06c0d7a509d36fd871017a7ec4d4d9b4e99cb88c80ce01d9f8bf
15,94,类型,enhanced_extraction,ae7b2d632e653972406eaf68ffa281c3169efd4c73db1a6cf33385747b200cf3
134,319,类型,enhanced_extraction,2fcbafe90b78c50d9e0d766d5713945c5d82825ff771d2c41640e801bea54a85
11,308,是,enhanced_extraction,ecb06d577a5f273c2f13422e7f79961966e4fb437e16acc1fb731831344bc4db
387,825,类型,enhanced_extraction,9d8bfc3a369e72268c77486d8fe949ff0ee9eeef4f76e6020972a6672ad68d5d
11,12,是,enhanced_extraction,4bb51718453a67d9015b846c6a68662b97572c0a9269a7df9df55bbbce96ae63
13,96,类型,enhanced_extraction,4803e8eb42d15abdff1d9bfe4e6c1566bd35eb1aebc56b2ea7064b5198d7da33
197,96,类型,enhanced_extraction,3613e63056aa1a9b98e7f24d4a8017b1defea35408ff820f4a06659c6c6fc3f3
102,1,是,enhanced_extraction,e7673144fe059008120004a15b8b74a285f82c6ab41977014fcf98bd828f26e9
2707,12,承办机构,enhanced_extraction,e35f16367cddc51b7cdcd7a08d10b8db46272a291532f13cc923cb4418b3a4df
925,235,类型,enhanced_extraction,e17ba8d162a6ee67f1f546ad34f10d2e9579e93d630bfb09bed118088f465c39
9,12,涉及,enhanced_extraction,5248c9d3ca7ecbe057c9b7f8e4427fdc46140ce6caae924a22f2b15012daad62
102,30,是,enhanced_extraction,49e97e22d3d7e783a2f77af85dd754c7212b8e8b9cb9164e3d6ab83c48b52fac
590,1093,类型,enhanced_extraction,a2c240784951db8c624ccf8269dd42a09fb105c8f80fc4f04897e3c9fc915626
15,230,包括,enhanced_extraction,5ca8ce5630c122539a8858d66779d9cd6c39a4525cb57756d2772f9ffbfa32e7
11,2739,是,enhanced_extraction,ccfb10cb320b41b4683c868439b1abd742e438e457eb23607daccee771d46128
234,96,类型,enhanced_extraction,3baf7b40f92723c55d2b40339b3580c522c6bff1c964fc370f6b478f832838c4
11,383,类型,enhanced_extraction,eb32e2ff01a2a217bce44e202d150b4b0d98df76bb019edc27e4aca0d14ab46c
9,1342,类型,enhanced_extraction,4b9781a9f448bcf84e0d1d33e0f2531bd466746a1d8b574b7a87107e2b781de9
14,9,承办机构,enhanced_extraction,f404e282d70c377d86e8d2de974bc2a4a334b2db5894f7cec3b5c3d7c02595aa
541,96,类型,enhanced_extraction,d2585091f7495a19e7cfa78aae7706c7cdd4be5765fee9398808dbdea0d16627
102,219,是,enhanced_extraction,c05ba5f476772e4d6770832e3f058e0a051e972c9903ee0eb4f1b22576168aff
102,219,是,enhanced_extraction,c05ba5f476772e4d6770832e3f058e0a051e972c9903ee0eb4f1b22576168aff
111,110,隶属于,enhanced_extraction,d97ca7ed54b9fd90d7be2762bc412a9762338ffae1fade5cf04eeab806c85c07
234,233,隶属于,enhanced_extraction,7ae54306c1aae9ec6fc0520da88aa109f3b82ff35d68bce93d9a5ccc51646f9e
11,218,是,enhanced_extraction,885d1711b265018c6b5869a35a061431728560bad04aaf3db12f272a809d4bff
102,197,是,enhanced_extraction,b735436bf437d7c3115e2a60bf188709221fd86fd0d803164c90ca2bb0ee33dc
15,7445,是,enhanced_extraction,059414593f7a0e0ba1ecc06b32ea06e93d6fd7dda49bca26fc51219c69869773
2714,96,类型,enhanced_extraction,11561c492c580543a5b3cce7e38af920473443006620dc7406f6795a45e1864c
1329,43,类型,enhanced_extraction,d80b8272926aa1651956b1b9ef0450afbaacec649e0d7e35d9981abf65ac9b24
159,12,承办机构,enhanced_extraction,6aff489ab10dbf8c13027d23db776f9011bc8513954287f449cc26e5f34714f1
14,9,承办机构,enhanced_extraction,f404e282d70c377d86e8d2de974bc2a4a334b2db5894f7cec3b5c3d7c02595aa
197,12,行驶主体,enhanced_extraction,de8c44f70e5a9a8a89701375007370be3c5699a940ffc51e70cdc86e7a6f605c
1343,9,行使主体,enhanced_extraction,ea4813b06064aca6e72fb2eba2d916a73d5070d2549bc6d8d7fbbf5a5b23dd13
110,96,类型,enhanced_extraction,6195f18a7eade16713482bb3519268c7fd3a3d906a61d038dc046d2b4adb3939
130,96,类型,enhanced_extraction,492011f3caeb38421b0a4dc34d8e68ce6491294b3c8ce6a93e546bba673248da
102,41,类型,enhanced_extraction,8591082d926a16420b37a69aca110d289d25c9479f998fd81e8ca9ec90148902
11,12,包括,enhanced_extraction,6d7f5abcc3c2c389767af49798c0694ede197c2b8306a6a80fa9121928c5e468
159,12,执行,enhanced_extraction,b372eda1732d81dec32e0418db59c729418cb4f85c0d667370ae68045858fa65
30,41,类型,enhanced_extraction,e5612f068d36dd548f30df430e7e34f60d5a787eff7463d26d0383943b620b64
12,825,类型,enhanced_extraction,f23b6e42d2ddf04052d4f66c49219b5c90dd417a9a4460243b7b8ea5f9fb26d4
9,657,类型,enhanced_extraction,aed744219f33b90451b684dfae62ca58b5fa1fc78a11a97aaece2dd060cb39c6
221,3806,发布,enhanced_extraction,d53b7fad902affde0544f6e4b5ef7c68980a30e5f85ff6900db670efaa7750d8
219,9,行使主体,enhanced_extraction,ae8bec0c824c619363edca541222a2f0b3631e7a178b8126f4ba0ecbd58fb118
220,12,承办机构,enhanced_extraction,d6dd83fe48b58aecde65a1553db5e9368a2092ae2cc2050a62981de65361d57c
11,12,是,enhanced_extraction,4bb51718453a67d9015b846c6a68662b97572c0a9269a7df9df55bbbce96ae63
1493,9,承办机构,enhanced_extraction,d95c982302938815db06eb5cbd4c417fa31a41afedafbf2bb08d27beeaa73c0c
924,235,类型,enhanced_extraction,6502fbb8e3fa9d7732383e93c5fa5f2696379e3bc48ccefaedf483ab65a8eb06
219,220,行使主体,enhanced_extraction,b1a8c43f7feb1a028a7514d54a661f741a33488e334e46134dcf23feef7a200e
13,112,包括,enhanced_extraction,c1c571fb1d8601d6e86edffe190ed143e8edabbf9d70d060c2b755ec7778c1a5
518,9,行使主体,enhanced_extraction,5691c0f557154989f95b777653f7fc9c73b6201a1d5d89834932cf8da60c8586
11,12,类型,enhanced_extraction,6eb99ba2cff423e2571ef8f318749216e856ec529f754e4116cb373c00ca8cc4
102,110,是,enhanced_extraction,931625c0f64df1f58f0f84dd2d22143b4df6e9a2d1d3b0507bc6a629951f6e38
13,748,是,enhanced_extraction,389b39504569943f57f4f2b026f3d4dffd72a23444de549ec247c643ec3a02f2
519,12,执行机构,enhanced_extraction,29d9674cd99b73a0ed3b3b600122d49ce35ab8b62c1c2f1494cd2f24b03dc1dd
102,1088,类型,enhanced_extraction,d476616ddad9f3e30c1d0518ad5e0ee8edd34f616971f1de723f16bf46a5b242
102,110,是,enhanced_extraction,931625c0f64df1f58f0f84dd2d22143b4df6e9a2d1d3b0507bc6a629951f6e38
1044,1045,责令,enhanced_extraction,ca249de64facb8b75cdb27ec109c23cf0f774e10e3ad5bfbe12f9b640af9d1e5
11,243,类型,enhanced_extraction,18a1787a3b77f9f165289b0ee225d2f10c4fb09292552634cc1e33d05813f19a
102,96,类型,enhanced_extraction,3ae3aeb0c9938fc9352289b17986b74d2af21dddb657fa0b815d164c1bf8fa49
1046,1048,按照国务院规定的权限,enhanced_extraction,2e994dc51027ba51497413ba9a06c272c21dfe2ad45ec2328faa50783bad5e5c
1446,12,类型,enhanced_extraction,2ad7e20fc0996424cf8bd00357a6e6f314fd6a99e178a1357582873b76c2951b
102,40,是,enhanced_extraction,d6e5cbd67c715a88139bc4a5dfac61d4daa917d34880a8b4a097fe90d05fb274
164,41,类型,enhanced_extraction,11ea232750483c1cfb361ef607ee61221e39683b61eaac96f22799cb4403b841
652,1093,类型,enhanced_extraction,cfa20e607679306529ed57209b4e6ccae3c003e94cdea5470b4be8fccc253f9f
11,12,是,enhanced_extraction,4bb51718453a67d9015b846c6a68662b97572c0a9269a7df9df55bbbce96ae63
1,102,是,enhanced_extraction,b749252ce6c5ab82d6c5213299bc50d19e66e60bed17ffe1e03d3f6fab8a3956
220,13,负责,enhanced_extraction,2de6b93c1e6e83221b848fd616d01d6149b0defe577e82580c22311b3b004d22
197,235,类型,enhanced_extraction,775f4e4036cd0a4fe392da442ce0fe84f90f5ff6ee44a766f998d374e8992bbf
102,30,是,enhanced_extraction,49e97e22d3d7e783a2f77af85dd754c7212b8e8b9cb9164e3d6ab83c48b52fac
9,210,类型,enhanced_extraction,f474ff0499a08790d60a07797619e6890a07d8384c0077143cc80cfd45f47cb1
12,11,类型,enhanced_extraction,d250a3e2b5b7ceab7cccbdfff1e3b8cbdc70239998775ce9a8b2acb81f9e7784
102,2740,是,enhanced_extraction,8abc25b33d23651835a2acaa4b19007cc90eac15be67e7945a7238cd51522418
11,1766,类型,enhanced_extraction,6715f80683b990220e06ce593cc5b61a54c2ee5053c62a650461ac7471c5fadb
1343,1346,承办机构,enhanced_extraction,156514b4ddf8919ff3b069ed40612ad47e9f50cf3fc11224b388c4034c7d7541
164,96,类型,enhanced_extraction,cee014ad6e4a569563c8424370d6d3ab0ae2b302dcef061273248f9442963009
1970,1882,修订,enhanced_extraction,11eb3d76faf1e5cc300858413b4897510836c0a4a52378b3afabb353047c8315
30,800,类型,enhanced_extraction,4608356343e4d8fc99ecc9c76c7894a6357ac31f065c0dad6b4f274cbf62bd21
102,96,类型,enhanced_extraction,3ae3aeb0c9938fc9352289b17986b74d2af21dddb657fa0b815d164c1bf8fa49
842,767,拒不执行,enhanced_extraction,2dfd959d5d038165197c1b41a691e49ff594771360a86019356ee8fdbc116a06
30,12,行使,enhanced_extraction,e32ba06d18071d6a8384351a3a10393f6606ad032542fde73f276d5e7e5dca46
4174,94,类型,enhanced_extraction,a4874ce2d523686b9641bf347cc26145e97bd292c562e33b800c61bce538237b
102,130,是,enhanced_extraction,927e2c3c89401500404e75bab06f2597a18d0881b1d81c4f2fb0034b46ecae9e
11,12,是,enhanced_extraction,4bb51718453a67d9015b846c6a68662b97572c0a9269a7df9df55bbbce96ae63
11,12,是,enhanced_extraction,4bb51718453a67d9015b846c6a68662b97572c0a9269a7df9df55bbbce96ae63
4,96,类型,enhanced_extraction,f8b52adfefbecaeee4c31e26cb927810b1ffcb05b06eba7ebbd2b43dcc4c174f
13,111,是,enhanced_extraction,e92990fdba5592a3b6fcc22d9ea34b712eeb46b1805330cd6168afde79c38daa
13,159,是,enhanced_extraction,42b286c8b69b7dd60715ddb4a4b5ec24d40c79d0cdc71cf056cb2f8e8981f706
230,45,类型,enhanced_extraction,2d06f0420c9321c7867d63dfc89791fed6289632631c065d7454058422464131
12,11,类型,enhanced_extraction,d250a3e2b5b7ceab7cccbdfff1e3b8cbdc70239998775ce9a8b2acb81f9e7784
220,122,类型,enhanced_extraction,ddd43b42b4429e1c8753259e67864f412dcf75e1a32655082ac7d10ea54ab3c4
216,12,承办,enhanced_extraction,6c09bb08800b201484abfe07ec6bbec96053cd5246cdd06b257b2cc8459d3ba5
220,12,承办机构,enhanced_extraction,d6dd83fe48b58aecde65a1553db5e9368a2092ae2cc2050a62981de65361d57c
1,800,类型,enhanced_extraction,737202236702e152237bafa5a83a3cf90aa391ffc0875bdd3b8dc88c2d8dd941
112,110,隶属于,enhanced_extraction,eac2fea96f4f5759f5c085426b63a22e917540e8db82652c0bab1d07a7193f89
11,173,是,enhanced_extraction,e80c77fff190a0c0b456340055f218f262ef2190e76f90c2dafd8b554948135f
102,164,是,enhanced_extraction,a80ad6ee4e5699c85935b930e4979b0e242208aeb958dbce2322b0ef11af2eb2
232,235,类型,enhanced_extraction,53238d60ad7b7d865eeb22306f8f4949e62f3bed549807211fc462407ff880f7
3902,3903,修正时间,enhanced_extraction,70abf3cfded45a870df502179043d97c527d4fbb3501b47cf5a21c22364ef7ad
102,800,是,enhanced_extraction,12b37804598df8c76a91ef4a991c3861e116a978c2c703f0f6ef8cce0a0693d8
1430,12,行使,enhanced_extraction,86f0f3cdda54908ebd9a65e1fbc664cf1d499221c9a0a314a3f6387a49cb539f
7856,9687,发布,enhanced_extraction,fa1f70b90e8cd6a07b5c195b136ce258782e4b85c3308bcfe7c786e891bf5135
110,96,类型,enhanced_extraction,6195f18a7eade16713482bb3519268c7fd3a3d906a61d038dc046d2b4adb3939
102,1,是,enhanced_extraction,e7673144fe059008120004a15b8b74a285f82c6ab41977014fcf98bd828f26e9
219,591,行使,enhanced_extraction,66cd4981c0a4033cffcb5e358a9832410093f1c525eefedcbd2c8d401306f4db
11,12,是,enhanced_extraction,4bb51718453a67d9015b846c6a68662b97572c0a9269a7df9df55bbbce96ae63
8704,9,实施依据,enhanced_extraction,2c745602f44d535b6d3caf421bedb4f524b8e709a88c09d0c4c535e8e6e29f88
197,235,类型,enhanced_extraction,775f4e4036cd0a4fe392da442ce0fe84f90f5ff6ee44a766f998d374e8992bbf
474,96,类型,enhanced_extraction,29cae0593910b8b718efe6fc0c6a6baeb9e5f29b7a10934509973d17054a5da6
69,43,类型,enhanced_extraction,e6ef4d6d4c0d8a21632ff23715b042f61cbc2347cf19d5c4a102db77bebb7b65
1178,96,类型,enhanced_extraction,82a820e9e9351463ef12782f6eb3201635e8d2b5848fb6002526433540c1dfe3
137,9,违反,enhanced_extraction,ccb9b5f4185ef42126100d17df5473f49ac3653f64bc1d872cc0124f36513c69
11,12,是,enhanced_extraction,4bb51718453a67d9015b846c6a68662b97572c0a9269a7df9df55bbbce96ae63
316,9,行使主体,enhanced_extraction,6a8c57f9b2612dc2818a067bde80bb3e22543ad535a955cd9cfe069302b8eb4c
234,9,承办机构,enhanced_extraction,ba570c47c490a3bfe283525b4362c3f3c29f0ad091f70e5425c7d0a12c532574
13,5022,是,enhanced_extraction,9f8f15f0546b6e7313fb87060e9fb7cdb994505e41040e6d7426744e5066f32c
11,12,是,enhanced_extraction,4bb51718453a67d9015b846c6a68662b97572c0a9269a7df9df55bbbce96ae63
102,12,执行,enhanced_extraction,c7bf5beb6e47a162b370413c51f3c9914752537b96c6b25bfca17d954a97a117
652,96,类型,enhanced_extraction,718411a2262b3cbb55ddd5c83b71671052a7b4e8f1bcd281f98481acf2fc14db
12,11,类型,enhanced_extraction,d250a3e2b5b7ceab7cccbdfff1e3b8cbdc70239998775ce9a8b2acb81f9e7784
15,94,类型,enhanced_extraction,ae7b2d632e653972406eaf68ffa281c3169efd4c73db1a6cf33385747b200cf3
30,12,行使主体,enhanced_extraction,1e7200094dd34c790193171ddcf0ebf515cdc55593921a196744b29e5fa0a671
8191,3237,类型,enhanced_extraction,32fb5b67cd58df99f4ea46eff381f1138d9d2f3141413a61fb530c8c4222ec1c
1350,137,责令改正,enhanced_extraction,c9da7934811a05d4a9b9a9bcd2355afe93e6abb9efa3b101f96fbc3240cb0af2
219,12,行使主体,enhanced_extraction,48c9be9799eee1b308a712f26eeac8073f8cfcf02dfeb1b31345add10211760c
9,2340,类型,enhanced_extraction,87626041901db130f30745368ca6534159f0083fd4247870baa49c73ca3b3796
308,11,属于,enhanced_extraction,90a28b0ff8edc5a7791549ca7de9125e1de7b79b577b744daf1b4c5c9a804d83
80,12,行使,enhanced_extraction,b7c835b09d1f20631e9d7d7d01b37c7bb294e1a10372bdd571ac8501f9e770f8
11,12,类型,enhanced_extraction,6eb99ba2cff423e2571ef8f318749216e856ec529f754e4116cb373c00ca8cc4
197,9,行使主体,enhanced_extraction,05415d8de4c2359f2a06f426ff7597fcb15c0295ab8eb90f21d9fe7c0342becf
15,104,依据,enhanced_extraction,44d3b6bf31cbd2e8857211020d495a5e5b0b7e57323fe8802c3d80521459d359
590,12,行使,enhanced_extraction,a542695f0b3974bc8e2e94ddef9be421400148118a9e7fdbeb37a8a35cb5d2eb
102,826,类型,enhanced_extraction,3b70141df254bb7fd29dbe11bb5c3e80089f860156de2f196904a526824e98fb
159,30,隶属于,enhanced_extraction,42cfcbe108331164aaecb1f0d4a40291b19609fdae9d1c489c91e88ef0bf9eaf
13,159,是,enhanced_extraction,42b286c8b69b7dd60715ddb4a4b5ec24d40c79d0cdc71cf056cb2f8e8981f706
1276,9,执行主体,enhanced_extraction,32e763b16c8da2adf5adaa055e22e96328983579fd31965410d1416f99702f17
13,81,是,enhanced_extraction,67dd61e941d34e8ff608a5966cd853677b6ea4af00f11ff1e4a6c6ffad29367e
102,30,是,enhanced_extraction,49e97e22d3d7e783a2f77af85dd754c7212b8e8b9cb9164e3d6ab83c48b52fac
11,12,是,enhanced_extraction,4bb51718453a67d9015b846c6a68662b97572c0a9269a7df9df55bbbce96ae63
110,96,类型,enhanced_extraction,6195f18a7eade16713482bb3519268c7fd3a3d906a61d038dc046d2b4adb3939
11,12,类型,enhanced_extraction,6eb99ba2cff423e2571ef8f318749216e856ec529f754e4116cb373c00ca8cc4
2765,3621,行驶主体,enhanced_extraction,63a9e8b9e0a5d349148bfcdfce8bf3dfabf41ef8f656d6ae0c03105dd2151566
9,12,涉及,enhanced_extraction,5248c9d3ca7ecbe057c9b7f8e4427fdc46140ce6caae924a22f2b15012daad62
159,30,隶属于,enhanced_extraction,42cfcbe108331164aaecb1f0d4a40291b19609fdae9d1c489c91e88ef0bf9eaf
920,842,处罚措施,enhanced_extraction,b7faae93f55c1b5ef061d42c6e1a733bee5eb3139085cf0c5af720dd801ec4ea
13,81,是,enhanced_extraction,67dd61e941d34e8ff608a5966cd853677b6ea4af00f11ff1e4a6c6ffad29367e
30,12,行使主体,enhanced_extraction,1e7200094dd34c790193171ddcf0ebf515cdc55593921a196744b29e5fa0a671
1,364,包含,enhanced_extraction,5780c7b21979bdf1c505398553745f77871ef9eef05196c0dc40941038f43065
220,122,类型,enhanced_extraction,ddd43b42b4429e1c8753259e67864f412dcf75e1a32655082ac7d10ea54ab3c4
102,1178,是,enhanced_extraction,033cc9758b99b8d0dda0d93e5162b7134d81287fad4be69c866ff9f9b16a7a4d
219,12,行使,enhanced_extraction,45eb9736e1b4689e9b65745eadf6c355837885340fde605488842d816564e14c
130,12,执行,enhanced_extraction,9bfaa1f1ec1d56541b946fe67ea3303334783479ca907690cd46585a989c6bcc
112,9,承办机构,enhanced_extraction,8c5141659c6f1ee72a6318e02df92ddfe59b9b1688527026bd5d1ccd13b7ea53
13,252,属于,enhanced_extraction,03a1099794ba506ae552590ca40ca51e740c80200c89975ece42cbed2a53b654
935,1540,主管,enhanced_extraction,1367eed3f34b2b59eeefed4517a92d40feb97bc548a4519f2cf26869956a2951
13,112,包括,enhanced_extraction,c1c571fb1d8601d6e86edffe190ed143e8edabbf9d70d060c2b755ec7778c1a5
519,235,类型,enhanced_extraction,223ad09a60436110d0d96c24bea16df1b452ac25b01981c25a0b65f4417e6a3f
9,12,权力类型,enhanced_extraction,2a21d93536f75c6e5a649144635cc06abdf7efba771dbc93580f9c998bc093b7
102,30,是,enhanced_extraction,49e97e22d3d7e783a2f77af85dd754c7212b8e8b9cb9164e3d6ab83c48b52fac
102,1,是,enhanced_extraction,e7673144fe059008120004a15b8b74a285f82c6ab41977014fcf98bd828f26e9
13,14,是,enhanced_extraction,bfbeedc7e6daf4f851060b875d14b5b7c1dab5b695356d4176fd018de0894ae2
1550,462,给予,enhanced_extraction,98d8058aaa76aac89bf62a63a54fc7188d46ebeed2248e0518b60729ee3bfdac
1178,96,类型,enhanced_extraction,82a820e9e9351463ef12782f6eb3201635e8d2b5848fb6002526433540c1dfe3
102,1,是,enhanced_extraction,e7673144fe059008120004a15b8b74a285f82c6ab41977014fcf98bd828f26e9
9,12,类型,enhanced_extraction,a0f990011f89318094029eddd7fc8433047738098f60167fd996d5cd597fc45b
110,111,行驶主体,enhanced_extraction,b076b7c56f803eb2e815db8fddf0530dd8883d84331338aa4d77af05b9945d05
12,11,类型,enhanced_extraction,d250a3e2b5b7ceab7cccbdfff1e3b8cbdc70239998775ce9a8b2acb81f9e7784
233,9,行使主体,enhanced_extraction,5e183a336d20352bd8b994006317c9b8b8906deb81b1c6c331037621a9ba156c
233,9,行使主体,enhanced_extraction,5e183a336d20352bd8b994006317c9b8b8906deb81b1c6c331037621a9ba156c
102,12,执行,enhanced_extraction,c7bf5beb6e47a162b370413c51f3c9914752537b96c6b25bfca17d954a97a117
518,753,类型,enhanced_extraction,132337c7e25339681d4dddfb94caea3d9ec3663ad883426022bc2d59780eb738
8735,35,类型,enhanced_extraction,b5ed1d737a803f6c6559264dadf70fb5f7eeeabd1e52c8c90f96e973073d5af2
1178,9,行使主体,enhanced_extraction,1f4a2487ef71eac5f810d64529c434e34add54fc52b6f261e1d3d1caf8c007e1
110,96,类型,enhanced_extraction,6195f18a7eade16713482bb3519268c7fd3a3d906a61d038dc046d2b4adb3939
216,122,类型,enhanced_extraction,1b9538bee24e1c7d07ab1e65d582f3b36814f850eefe1590ebd68a5ecd34ac54
3406,6,类型,enhanced_extraction,83f2244ac6d048b7e953023e2351595c308c69af5b51e4c74855bb9e1299ca82
11,12,是,enhanced_extraction,4bb51718453a67d9015b846c6a68662b97572c0a9269a7df9df55bbbce96ae63
9,79,类型,enhanced_extraction,4bef1b17cb07960691e92acd6883afed91ef157e80c3df70b606058364ad0b01
30,12,行使,enhanced_extraction,e32ba06d18071d6a8384351a3a10393f6606ad032542fde73f276d5e7e5dca46
594,94,类型,enhanced_extraction,6f6c8bcb0d466a5f3c89d9965d6080b77ad10a44df3a2dd2ce1ce8aa07d7f4d6
220,12,承办机构,enhanced_extraction,d6dd83fe48b58aecde65a1553db5e9368a2092ae2cc2050a62981de65361d57c
216,1270,隶属于,enhanced_extraction,569eaaa6de09dab1cf078f175745f82441567f63deab4b6823eeae3a2153090f
9,10,监管,enhanced_extraction,007b1d153e669cbfe8a1d44c96ca36a2523f9fac401e54e5b32c574f993bf4c1
13,3449,是,enhanced_extraction,f3f3d32cb033eb28d0bb2fc15477ff5489b33999ab69ebf3f16e903d517436a9
14,9,承办机构,enhanced_extraction,f404e282d70c377d86e8d2de974bc2a4a334b2db5894f7cec3b5c3d7c02595aa
79,11,类型,enhanced_extraction,357ff0f70265df4abbfc9fc67ba14c3a29f8b74763a0456e1d3a46a30f73d772
159,122,类型,enhanced_extraction,ac95a8754b9cf555ad1f7b6963dfd724829642f155c6b04c4c82d577ec28198a
13,122,类型,enhanced_extraction,fe19e8b5dbf358107d721c0776af57adf1f5553bea6cbad339f4fc494cfb6524
11,79,是,enhanced_extraction,7fc479b7c7f1a5e9a2ccc9b68850e59cde0b8d6838f1979d7b68f16db2615cd8
1,9,行驶主体,enhanced_extraction,dfa8444f33f4c566b96a0083383663d17fc0adbb7362564a7cae2bf98e1f9e9f
102,164,是,enhanced_extraction,a80ad6ee4e5699c85935b930e4979b0e242208aeb958dbce2322b0ef11af2eb2
9,12,属于,enhanced_extraction,f0795b40f45aed0659748890f09b67ab13ac9efdbbdb3af2aa803c5e7adddb68
2043,1293,类型,enhanced_extraction,f41abf2ac1e345da1c73a1a6480e1307717ab7dde86dd16b749b2a4f34e43834
102,41,类型,enhanced_extraction,8591082d926a16420b37a69aca110d289d25c9479f998fd81e8ca9ec90148902
842,462,受到处罚,enhanced_extraction,ceb081830e2221fac1cc4812eb0e8f0934df0eaa54c42269be2a2b73104d6be3
2714,96,类型,enhanced_extraction,11561c492c580543a5b3cce7e38af920473443006620dc7406f6795a45e1864c
102,30,是,enhanced_extraction,49e97e22d3d7e783a2f77af85dd754c7212b8e8b9cb9164e3d6ab83c48b52fac
15,351,来自,enhanced_extraction,26b19640fda83394003c3c031057c035521644f075049e1a34dc79921f868b8b
9,5249,依据,enhanced_extraction,c3908ed0e951c38a0ef517172c6283d836989d46ba43669bca3049d6d9d47bb9
13,111,包括,enhanced_extraction,09c0593bd8b7420222398fb7c93ce32df70d33633b73fc4e12402155845d4bd2
1,96,类型,enhanced_extraction,1b53d6d7bceb859c9994c8f868edccb566495452b198b46bc26063c03b409d3f
11,246,是,enhanced_extraction,a2d3c17ff98d95b68d81ab10fa2b2896dde7f953c8ef7d6ae541fab0d0ee56a9
2714,96,类型,enhanced_extraction,11561c492c580543a5b3cce7e38af920473443006620dc7406f6795a45e1864c
79,11,是,enhanced_extraction,eded1ef8b8cda0c767ba5975434155285c793c8097b3c8c17b219b608f664321
21,1045,责令,enhanced_extraction,a41b1661346d0cbcbe42f82b123d24f0fb607f883631ee9b6c86e38e9df98149
11,37,类型,enhanced_extraction,9ae9e4deb92d4b9c3dc44e93ff244a176d6dbe4b41322b77ce74977f9750ee38
197,9,行使主体,enhanced_extraction,05415d8de4c2359f2a06f426ff7597fcb15c0295ab8eb90f21d9fe7c0342becf
164,707,包含,enhanced_extraction,9bd4cb376d2ddd7f207b67af0edbb821925571ff1c7ac5e887379c97791a288b
13,112,是,enhanced_extraction,4022fd75f8b3ae3cd82a12e79edef19e686577bef36580e293b55d8f1a5de71b
159,41,类型,enhanced_extraction,762c0ee01eda51b7edf7de52ea82e082b746c41ce50eddfa75f1d27e081b18ba
70,12,实施依据,enhanced_extraction,c4601b0f2af45bd776044f1105dbb80d3c3fd68cd042a29a26f654567469e590
9,12,权力类型,enhanced_extraction,2a21d93536f75c6e5a649144635cc06abdf7efba771dbc93580f9c998bc093b7
9,12,类型,enhanced_extraction,a0f990011f89318094029eddd7fc8433047738098f60167fd996d5cd597fc45b
9,5166,依据,enhanced_extraction,1b63e33585e1be87f9d6e7a3609661cbe9b5a205d73927e8881bf1f5be33b86d
102,197,是,enhanced_extraction,b735436bf437d7c3115e2a60bf188709221fd86fd0d803164c90ca2bb0ee33dc
173,11,属于,enhanced_extraction,34c7a60d3f55216387cb1b18c8dcbfffa54064bf787272631bdda60d57f70dca
9,12,类型,enhanced_extraction,a0f990011f89318094029eddd7fc8433047738098f60167fd996d5cd597fc45b
1064,1065,修订时间,enhanced_extraction,b3b8349f7b249c0326b6bfc8feaa803f56433afb97dec7f99f2dbc6e5e9c38f4
102,1270,是,enhanced_extraction,fdfd0ff630b6c0a73c9cdea2b8c74c8fe3c2acb27ef69875181df04bd78e912c
12,158,类型,enhanced_extraction,06d83acee2e2097064c89c41506386eb57a4678aedfe309dafe18d04c22a8fee
11,12,是,enhanced_extraction,4bb51718453a67d9015b846c6a68662b97572c0a9269a7df9df55bbbce96ae63
420,421,包含,enhanced_extraction,26803defb2815b1781be25b3c447868204da4ebb459afeff90137ba37f95b277
308,383,类型,enhanced_extraction,f9011632fd22256099974e044b81db70eb8f18cea42bc67927130b1d77070c1a
1275,834,违反,enhanced_extraction,562282139e5e282847d7f9ed26644f6bc4f724a0c39e530e48599c6729f0ab3a
1,9,行使主体,enhanced_extraction,b682a86df8491abefd8e5545f99c474f9d3e64b0932e9baa82dd2f840ab1d841
9,79,类型,enhanced_extraction,4bef1b17cb07960691e92acd6883afed91ef157e80c3df70b606058364ad0b01
13,159,是,enhanced_extraction,42b286c8b69b7dd60715ddb4a4b5ec24d40c79d0cdc71cf056cb2f8e8981f706
30,96,类型,enhanced_extraction,67ef09263d41efc13438e970d6b90d6ddeaebf07422d9d42053516d76b0dec73
518,12,执行,enhanced_extraction,b9098ba1c89bf7155a3455914ae5391ce7f066c386591903032e75c59e0bd035
11,79,是,enhanced_extraction,7fc479b7c7f1a5e9a2ccc9b68850e59cde0b8d6838f1979d7b68f16db2615cd8
1181,43,类型,enhanced_extraction,a791419dfc30ac660cbfe6e275f814dcef5d2359df7c514a0241d04691faaf52
30,159,行使主体,enhanced_extraction,0aedd16f2f2531a2e833deedb908754eecda6396b0b62561649a8e69a0ced5cd
12,11,属于,enhanced_extraction,1c070514f019fc07536ffe381f9b1714c0fa030181e73dc73366c74ecb5406e1
102,1024,是,enhanced_extraction,552a229b0820f02bbc09a231736f4651baa39e0bad33cb3abf8caa99e7cd3503
102,41,类型,enhanced_extraction,8591082d926a16420b37a69aca110d289d25c9479f998fd81e8ca9ec90148902
80,9,行使主体,enhanced_extraction,d86caad16a8669befcbe6c8b19ce7cfa4d7111735beee3330c276b0ae823c537
518,12,执行,enhanced_extraction,b9098ba1c89bf7155a3455914ae5391ce7f066c386591903032e75c59e0bd035
9,12,涉及,enhanced_extraction,5248c9d3ca7ecbe057c9b7f8e4427fdc46140ce6caae924a22f2b15012daad62
11,12,包含,enhanced_extraction,c7108b0e6d2e3863b970d616b39759a19070792922effbf8d19d227196f88034
102,316,是,enhanced_extraction,9d39871b3de2fea6a4c241a9067e244e127a4a8f1508142d28a11ae9bca4a951
102,541,是,enhanced_extraction,c10c86adf4607cf1691d0bd045c623cbb274db26b95b6342e54f6bd9502352bf
748,43,类型,enhanced_extraction,00efb2e912c95132311d9a58679a4e954e6f35b25eb560bef8398f72d8e5c8aa
111,218,承办机构,enhanced_extraction,c70ce1c6ce45f166fe8dab18ce5f2df71d92f619a6a3d7bb30fc7a67b7ce7ace
11,12,是,enhanced_extraction,4bb51718453a67d9015b846c6a68662b97572c0a9269a7df9df55bbbce96ae63
159,12,执行,enhanced_extraction,b372eda1732d81dec32e0418db59c729418cb4f85c0d667370ae68045858fa65
842,976,有,enhanced_extraction,a7ab576ab7858ee731dadf361289a177dd6f3bb39134739285a736441eaa9dce
30,12,执行,enhanced_extraction,82a9e12b95caef8cfff7f9ec8ee0f7ba186c16d3c4fb96af7151cb75daa69e1a
1327,1330,包含,enhanced_extraction,0597982519556e92fb114a3405b6731f5728de82e6599da6d91b4f142efe7da4
13,112,包括,enhanced_extraction,c1c571fb1d8601d6e86edffe190ed143e8edabbf9d70d060c2b755ec7778c1a5
12,11,类型,enhanced_extraction,d250a3e2b5b7ceab7cccbdfff1e3b8cbdc70239998775ce9a8b2acb81f9e7784
1178,41,类型,enhanced_extraction,6d407cd3e1b3d4620a8ba10209d254f17e582e038b4f061ec5c873c6ba2645f3
590,96,类型,enhanced_extraction,50a304f4afa162088aff4bd3831e43cdbdfa64b65534a007bc70a9d9b000f81c
219,96,类型,enhanced_extraction,501d98fd934829def13421070a3527c368142d959d3066786d506a91cfa7e243
102,1,是,enhanced_extraction,e7673144fe059008120004a15b8b74a285f82c6ab41977014fcf98bd828f26e9
110,96,类型,enhanced_extraction,6195f18a7eade16713482bb3519268c7fd3a3d906a61d038dc046d2b4adb3939
1181,9,承办机构,enhanced_extraction,fbf893c796f6733d398675680118ff1a4ffe7969b584bf6f1e42a7877a22031a
9,242,类型,enhanced_extraction,7c4db01f0639d9a2c1b3cb8eabf326c97aa2c3bc45933927e8f3e398c9317e43
11,12,是,enhanced_extraction,4bb51718453a67d9015b846c6a68662b97572c0a9269a7df9df55bbbce96ae63
11,350,是,enhanced_extraction,7fa4f4b4033afd36ccb46abeecc8e5a8711fa14f70e617b795e2b335abf2616f
219,96,类型,enhanced_extraction,501d98fd934829def13421070a3527c368142d959d3066786d506a91cfa7e243
518,9,行驶主体,enhanced_extraction,9f7cc43704a0f7811599cf108ae6174a048d79b48f1dad0da4161d95bc70a836
1468,86,受到处罚,enhanced_extraction,9e4aa528bf63286af18f3867324e58640f7c4c42920f781ab6edca96be7df9c3
11,12,包括,enhanced_extraction,6d7f5abcc3c2c389767af49798c0694ede197c2b8306a6a80fa9121928c5e468
13,159,是,enhanced_extraction,42b286c8b69b7dd60715ddb4a4b5ec24d40c79d0cdc71cf056cb2f8e8981f706
197,96,类型,enhanced_extraction,3613e63056aa1a9b98e7f24d4a8017b1defea35408ff820f4a06659c6c6fc3f3
11,12,是,enhanced_extraction,4bb51718453a67d9015b846c6a68662b97572c0a9269a7df9df55bbbce96ae63
15,5008,规定,enhanced_extraction,eb4b43b14731bde3023a91233473f656d8512ba65c0e5ca1d269b9ba6ac613fb
12,11,类型,enhanced_extraction,d250a3e2b5b7ceab7cccbdfff1e3b8cbdc70239998775ce9a8b2acb81f9e7784
11,12,类型,enhanced_extraction,6eb99ba2cff423e2571ef8f318749216e856ec529f754e4116cb373c00ca8cc4
233,96,类型,enhanced_extraction,403d8d284bb442ebedf3ec08f061bbf2ab967b37d33ba94afbf403814c3b994b
590,12,行使权力,enhanced_extraction,fc8d3defb1d96379e5599176590145f9ef29d1c6d945774e157ce81603a3847d
219,96,类型,enhanced_extraction,501d98fd934829def13421070a3527c368142d959d3066786d506a91cfa7e243
30,158,行驶,enhanced_extraction,c9929a6c3e994a61ee94b7176b7871f3ad1935b6e57d3b2d6252a0a67f592b85
519,9,承办机构,enhanced_extraction,b0629528aff73dc1b3152c49d06e06bd7bce855de12798666cef753fa18bf60f
12,11,类型,enhanced_extraction,d250a3e2b5b7ceab7cccbdfff1e3b8cbdc70239998775ce9a8b2acb81f9e7784
652,1093,类型,enhanced_extraction,cfa20e607679306529ed57209b4e6ccae3c003e94cdea5470b4be8fccc253f9f
12,825,类型,enhanced_extraction,f23b6e42d2ddf04052d4f66c49219b5c90dd417a9a4460243b7b8ea5f9fb26d4
11,12,是,enhanced_extraction,4bb51718453a67d9015b846c6a68662b97572c0a9269a7df9df55bbbce96ae63
748,9,承办机构,enhanced_extraction,b5096999323701acfd18828e631925e2106f66de5d54b12cb70a56ab06f72037
12,9,权力类型,enhanced_extraction,e43b8cbbf66185d04b01324774f7cfd10d4ede1862ebd2a5778acd82c17efd4d
13,159,是,enhanced_extraction,42b286c8b69b7dd60715ddb4a4b5ec24d40c79d0cdc71cf056cb2f8e8981f706
411,9,行使主体,enhanced_extraction,43bf5c816fb09cac5b774608bda917c9353fb949b1442e71a38b3dc9949edc6b
102,274,是,enhanced_extraction,08cbabf02aa2f1fcabba39c94cffba056cb36ff12ac868d3b3afacf7243519e9
54,96,类型,enhanced_extraction,700a62739c603330fad1f06488dd2cf7d267b48ec4e9b119ab2c60183e939f38
80,12,行驶主体,enhanced_extraction,ebf794dacb080587d3a46ff62c3aa93a26c3bdd9ed7dd8cbcd0ec9efd54863d6
102,219,是,enhanced_extraction,c05ba5f476772e4d6770832e3f058e0a051e972c9903ee0eb4f1b22576168aff
1600,96,类型,enhanced_extraction,6d5489c9201152f864a252fe8af07a893d44bad2c44444542b9eeb923cc37ce9
1430,283,行驶主体,enhanced_extraction,a50897e6dc03ac69145bf5998cbea9f9c46a655c294935ec5d1e975c255dc7cc
111,13,包含,enhanced_extraction,4bd42e475a980f903ea759a0f084fdbc3e2b2f5e29bd697a8815951feeaa837b
30,11,行使,enhanced_extraction,62c6a65f78aeea9b5419df2e559d59aaec952aea31542f6bfde71e402c1b3e5b
102,80,是,enhanced_extraction,79e8d5b7618f13b08ba6bbab2160ead94042b778e9a4a7619d5ff0e34b6e7ca5
9,11,属于,enhanced_extraction,ad676a8ff0a6a0269b647bfc2c229efdc791e8aeeabe1893665b8156ae207238
11,12,类型,enhanced_extraction,6eb99ba2cff423e2571ef8f318749216e856ec529f754e4116cb373c00ca8cc4
11,383,类型,enhanced_extraction,eb32e2ff01a2a217bce44e202d150b4b0d98df76bb019edc27e4aca0d14ab46c
164,96,类型,enhanced_extraction,cee014ad6e4a569563c8424370d6d3ab0ae2b302dcef061273248f9442963009
1328,43,类型,enhanced_extraction,388c7f771f9d4ef9db2a16f2518e42c51ae8c4e8a5e0bfb93ca61d1e390f3be4
455,9,承办机构,enhanced_extraction,0904a0d3d8d66ee997c2fbe4fe7b9c57f7f2983795d471e0a28534437c5ce79c
110,41,类型,enhanced_extraction,205a7ef1fc913608fb085130c4029c1788fd17f7ea92798045f0ca2414dccde9
9,12,权力类型,enhanced_extraction,2a21d93536f75c6e5a649144635cc06abdf7efba771dbc93580f9c998bc093b7
1,96,类型,enhanced_extraction,1b53d6d7bceb859c9994c8f868edccb566495452b198b46bc26063c03b409d3f
897,35,类型,enhanced_extraction,1328a5fcd72fbfde6a0f461eeb0a0a66591389ebc4dd612d74511faaa2ec4b88
13,14,是,enhanced_extraction,bfbeedc7e6daf4f851060b875d14b5b7c1dab5b695356d4176fd018de0894ae2
1,3,执行主体,enhanced_extraction,ae50f16da1a30ac1fc77a44490299c8b231da50c9b46f71afcd75466f0869ed6
12,11,类型,enhanced_extraction,d250a3e2b5b7ceab7cccbdfff1e3b8cbdc70239998775ce9a8b2acb81f9e7784
11,12,是,enhanced_extraction,4bb51718453a67d9015b846c6a68662b97572c0a9269a7df9df55bbbce96ae63
474,9,承办机构,enhanced_extraction,767370cfa8bbbb0277093921347ffb933e1376efcef1041b4cef0a11f23dd862
220,9,承办机构,enhanced_extraction,6dd69cd817f625f75c23b92483e7fe5c21da29ae1d5971331682c0d100f26d51
9,382,类型,enhanced_extraction,4cfb3db1b2e67bf8b438df39105b31616b659cf569445ffadf95f4ce4ab87e94
130,96,类型,enhanced_extraction,492011f3caeb38421b0a4dc34d8e68ce6491294b3c8ce6a93e546bba673248da
111,218,承办机构,enhanced_extraction,c70ce1c6ce45f166fe8dab18ce5f2df71d92f619a6a3d7bb30fc7a67b7ce7ace
11,79,是,enhanced_extraction,7fc479b7c7f1a5e9a2ccc9b68850e59cde0b8d6838f1979d7b68f16db2615cd8
9,12,包括,enhanced_extraction,66e824895756390db1c636c4053b4928fcc877e22be96bfcd0a76f7bed15af5f
12,121,类型,enhanced_extraction,2a0f14f6bfc5e730b8f67f0d8f1a2ef6fcf3b0aacea756c9424c11932fca64b4
110,79,行使,enhanced_extraction,38e30c2bba7de25fb0a5d9f19451bf2156f2157334c2a8e6ca5fe6fa3ddddf8e
6168,6169,应当对,enhanced_extraction,9aefdf254d3b16c60b2ca8c198b81086094e56d9fe0dace3e01d3338569b7b57
13,566,是,enhanced_extraction,1866119ce861bacf3742e7b1589fd12ada180635b92e6afb4c1265f88f743470
518,235,类型,enhanced_extraction,9660201625f3c7049d9b6789802c41aebd939cbe044d635a299a92a4ac0c24f8
13,112,包括,enhanced_extraction,c1c571fb1d8601d6e86edffe190ed143e8edabbf9d70d060c2b755ec7778c1a5
233,9,执行,enhanced_extraction,a6411b7f76bdf3cc595c596c39b7987656a27a0d7902242fe9124a4b86273edc
164,9,行使主体,enhanced_extraction,786ebd4ad9d4f9a7110adcce82b6fb31da86f193f9b2bcb48bcb6c3affd2526c
11,218,类型,enhanced_extraction,d0808af55fc2f12f46b4a8d32282fee95174164d496ae62daea0c7ee682b5571
228,45,类型,enhanced_extraction,97b3a3711d6e0cb3f55da53f6da3167acc629c4dc462c97d9c952aa4b489274d
1178,96,类型,enhanced_extraction,82a820e9e9351463ef12782f6eb3201635e8d2b5848fb6002526433540c1dfe3
1921,1922,包含,enhanced_extraction,21438c3b526e7b5550903f3a88c2234ac5b7700c675b2567227ac5d21b90bd4b
458,458,类型,enhanced_extraction,34c6c33a456e48fadbeca34116bd0af701704d6fd5e671c14f6ccbe1326e7f19
13,69,是,enhanced_extraction,b36100edef6126a3253cd6d3c8436b60d913028144208e6d85d8fb7e9929ef09
11,11,类型,enhanced_extraction,63c0cb89fd070cec56228a2b437fabe6a35d41178bcf0e57ad410146f146783a
9,387,包含,enhanced_extraction,af9700cf6607d1b1cd6ba1d045546c35b3eac9ad35afc7c3cff005dab17498b2
159,9,承办机构,enhanced_extraction,5ee791beca09708a05a9fe7eceb9c231426399dbe2641494d195fb85608460d1
9,12,涉及,enhanced_extraction,5248c9d3ca7ecbe057c9b7f8e4427fdc46140ce6caae924a22f2b15012daad62
9,1173,类型,enhanced_extraction,12b7bb97d40f75f8f20566aa15ac26eae0c4514ed6f32daa32771c3b4f621c6b
159,768,类型,enhanced_extraction,677e3006dcf1c41e237cbab11fbfbef32fe993fdf08ed401c01e3a7560da0884
220,122,类型,enhanced_extraction,ddd43b42b4429e1c8753259e67864f412dcf75e1a32655082ac7d10ea54ab3c4
11,12,是,enhanced_extraction,4bb51718453a67d9015b846c6a68662b97572c0a9269a7df9df55bbbce96ae63
219,235,类型,enhanced_extraction,42f4fcda52b9d78ca57aa5187ca807fbfaf39957781a204c7990d756faf1f978
112,122,类型,enhanced_extraction,7ae865bfc46cdf8d9a898f26fcc7f9f2bde7ef11aca8f3054fe0623692e5b7f3
9,782,涉及,enhanced_extraction,c28501dc2f088d1e316166530edd0d189157b509094ddf3e60eb28f274262b8c
11,12,类型,enhanced_extraction,6eb99ba2cff423e2571ef8f318749216e856ec529f754e4116cb373c00ca8cc4
219,96,类型,enhanced_extraction,501d98fd934829def13421070a3527c368142d959d3066786d506a91cfa7e243
130,12,执行,enhanced_extraction,9bfaa1f1ec1d56541b946fe67ea3303334783479ca907690cd46585a989c6bcc
1178,96,类型,enhanced_extraction,82a820e9e9351463ef12782f6eb3201635e8d2b5848fb6002526433540c1dfe3
748,12,负责,enhanced_extraction,77d28dbe36299c70b9c9e73cfa61d44d0d2fd91b177a3d458f09b394d4f0f813
11,12,是,enhanced_extraction,4bb51718453a67d9015b846c6a68662b97572c0a9269a7df9df55bbbce96ae63
11,308,包括,enhanced_extraction,f273ff3268ef3e3dbb51d4b15ba5dbc7c2ab47f80aba6ed0e7745ee87831d369
518,9,负责,enhanced_extraction,e472864e904cd14b52fe7179c1bb0399e04a8415ea6a063d04c67eda7be74ec7
219,12,行使主体,enhanced_extraction,48c9be9799eee1b308a712f26eeac8073f8cfcf02dfeb1b31345add10211760c
102,13,包含,enhanced_extraction,d45e11e290f5e12af61d2d247c008b275c494c5a8605ba90a9ec0bee8afba900
102,30,是,enhanced_extraction,49e97e22d3d7e783a2f77af85dd754c7212b8e8b9cb9164e3d6ab83c48b52fac
13,112,包括,enhanced_extraction,c1c571fb1d8601d6e86edffe190ed143e8edabbf9d70d060c2b755ec7778c1a5
102,1088,类型,enhanced_extraction,d476616ddad9f3e30c1d0518ad5e0ee8edd34f616971f1de723f16bf46a5b242
102,80,是,enhanced_extraction,79e8d5b7618f13b08ba6bbab2160ead94042b778e9a4a7619d5ff0e34b6e7ca5
220,12,执行,enhanced_extraction,f915d82eedbae9cb7f2a8c167eee4b59a49030d65f642b0660f75798f50625bc
216,122,类型,enhanced_extraction,1b9538bee24e1c7d07ab1e65d582f3b36814f850eefe1590ebd68a5ecd34ac54
79,11,类型,enhanced_extraction,357ff0f70265df4abbfc9fc67ba14c3a29f8b74763a0456e1d3a46a30f73d772
112,13,是,enhanced_extraction,b11bee4e58bf3e333b5a166b4bf34ca46eade50ddea1b95318ab8b247a32c8e5
102,394,是,enhanced_extraction,d8eecbbb48fe7bd4b15bf48fe20bd887dd02ba42ab16e82d066d61f0587213ef
11,12,是,enhanced_extraction,4bb51718453a67d9015b846c6a68662b97572c0a9269a7df9df55bbbce96ae63
12,121,类型,enhanced_extraction,2a0f14f6bfc5e730b8f67f0d8f1a2ef6fcf3b0aacea756c9424c11932fca64b4
110,9,行使主体,enhanced_extraction,04e6686a6ac48a1d6a9411fec475951914afa06d06fa0a9960c1d911aebee2c4
455,197,隶属于,enhanced_extraction,3b973240a77e0b0e03b6fb2c3a885cb1a951617cb4914bf3f310b474cad1eb8d
102,1753,是,enhanced_extraction,71e2f49ad0993376a3f0dbf42c283ecda8d87c79d26b3c8e1db311c39d2295af
13,234,是,enhanced_extraction,b7b075afabbc08dcdce9ff390a83157777a38bf968d1b3c9e6ae113b68d46584
541,800,类型,enhanced_extraction,a53bb0c37ea6f18897c42899137c110cddaba02e711f50cdd264f7ed8afc1351
1430,12,行使,enhanced_extraction,86f0f3cdda54908ebd9a65e1fbc664cf1d499221c9a0a314a3f6387a49cb539f
12,12,类型,enhanced_extraction,48f09bfb7639675b145d2e7adedd0b8770417c5f2d7f3a137131eba817dbca1c
164,9,行使主体,enhanced_extraction,786ebd4ad9d4f9a7110adcce82b6fb31da86f193f9b2bcb48bcb6c3affd2526c
13,3631,是,enhanced_extraction,443d69784c88ee97208f95c2bc305f6656ce46cb8929196a3ab928a07e26223e
541,96,类型,enhanced_extraction,d2585091f7495a19e7cfa78aae7706c7cdd4be5765fee9398808dbdea0d16627
1,11,行驶主体,enhanced_extraction,335fe1b2aa8de4678b5794aa3bdaa94622b0c0204ac4feab4b816a09fcc41469
112,13,是,enhanced_extraction,b11bee4e58bf3e333b5a166b4bf34ca46eade50ddea1b95318ab8b247a32c8e5
111,96,类型,enhanced_extraction,6c641c34d6df5a4578a6d098fdd1fab8f3d4927213fe0dc030c3d004bebc61df
11,12,是,enhanced_extraction,4bb51718453a67d9015b846c6a68662b97572c0a9269a7df9df55bbbce96ae63
518,41,类型,enhanced_extraction,6ccb5ed090fe5cdc2f638f5377519243079d65e9e4d21532bdee46f2cbca9f29
233,234,包含,enhanced_extraction,60f99a7d04220fa9d408be7fe273fde87c6b6d0e9c1d0cf175aea4a73afb9a59
102,80,是,enhanced_extraction,79e8d5b7618f13b08ba6bbab2160ead94042b778e9a4a7619d5ff0e34b6e7ca5
875,571,违反,enhanced_extraction,24c5cce22d2acabc3c202544a06bc623f3e41b2e83ad7fc74bbdedcbc6a46006
1988,9,实施依据,enhanced_extraction,4d86e622b14792bae8abbde1295a39e94ad512c7668432b24cdd56c6506afed8
11,218,是,enhanced_extraction,885d1711b265018c6b5869a35a061431728560bad04aaf3db12f272a809d4bff
11,12,是,enhanced_extraction,4bb51718453a67d9015b846c6a68662b97572c0a9269a7df9df55bbbce96ae63
12,12,权力类型,enhanced_extraction,a3b5d5728e9225fc2821507416925ee061639886832ea10ee58e8efff2d914bd
69,43,类型,enhanced_extraction,e6ef4d6d4c0d8a21632ff23715b042f61cbc2347cf19d5c4a102db77bebb7b65
11,12,是,enhanced_extraction,4bb51718453a67d9015b846c6a68662b97572c0a9269a7df9df55bbbce96ae63
462,1358,类型,enhanced_extraction,1307905106e834626658ab1cc3948ac444249dad55e8b89c6bc2ad66f12b5f4f
9,242,类型,enhanced_extraction,7c4db01f0639d9a2c1b3cb8eabf326c97aa2c3bc45933927e8f3e398c9317e43
233,96,类型,enhanced_extraction,403d8d284bb442ebedf3ec08f061bbf2ab967b37d33ba94afbf403814c3b994b
275,12,承办,enhanced_extraction,ac15a33c58eeab33291c8444d1801785c591afb039b85da5bb7a7cbdf69e53de
9,12,类型,enhanced_extraction,a0f990011f89318094029eddd7fc8433047738098f60167fd996d5cd597fc45b
14,12,承办机构,enhanced_extraction,b3f78f8d91a41eb1f2403baae337ba2537aa7882221cddeb31a73ca4a80babfe
30,8815,监管主体,enhanced_extraction,3d78b1f4b79ffeb1b4259e07b8bc43d092469f9fe7eca614a3e256b79777f15a
13,455,是,enhanced_extraction,f056809418a23c8dc3e5edc472da624bd424823694a3811a98051514f8ebac9d
9,12,涉及,enhanced_extraction,5248c9d3ca7ecbe057c9b7f8e4427fdc46140ce6caae924a22f2b15012daad62
652,12,行使主体,enhanced_extraction,b309c4513c1ab91cec16a124d6077261e0d97a668858cdbe255b4117ceb84ab5
11,12,是,enhanced_extraction,4bb51718453a67d9015b846c6a68662b97572c0a9269a7df9df55bbbce96ae63
11,12,类型,enhanced_extraction,6eb99ba2cff423e2571ef8f318749216e856ec529f754e4116cb373c00ca8cc4
1024,9,行使主体,enhanced_extraction,e1b85a23f8cd60033d9f86241e5e0720146e3abc6f4f97c0d7e5b45bcba25b14
15,104,是,enhanced_extraction,1a69a170d19933771028e5e5852ce9ac4882b067dd8790d345d5c8debbffc7c2
11,1752,是,enhanced_extraction,3d5c4d683f3974706328883e5706ec593f46ff2b461cecd6dd2efd94ed1decaf
197,96,类型,enhanced_extraction,3613e63056aa1a9b98e7f24d4a8017b1defea35408ff820f4a06659c6c6fc3f3
387,121,类型,enhanced_extraction,0ad1f8548accb4ec29e2d19c5c84a7e2693b031b41ac154904f1b42bab58ae7f
455,12,承办机构,enhanced_extraction,21b81897cf3703c711067ced1bab27e399c17d64279d3872f89c72037ddcdfd8
80,96,类型,enhanced_extraction,60589a9f7239b972454c94ebe1d88b353e4c9fad16152fb4bc372a569d001482
9,12,类型,enhanced_extraction,a0f990011f89318094029eddd7fc8433047738098f60167fd996d5cd597fc45b
102,219,是,enhanced_extraction,c05ba5f476772e4d6770832e3f058e0a051e972c9903ee0eb4f1b22576168aff
748,96,类型,enhanced_extraction,9f9c41d75924c9f717a998d9448474abc12b2882b102095a3d9aa3547a6aaadc
11,12,是,enhanced_extraction,4bb51718453a67d9015b846c6a68662b97572c0a9269a7df9df55bbbce96ae63
1345,96,类型,enhanced_extraction,d8c76471949e4924aa8d8fbc8a4e3efdbaf1121954ac465609efbccc20fabbfa
14,122,类型,enhanced_extraction,d3d91c90b4b9122a9fcfca5f480e3cc5e9e5c6b142a143300638dc6e6b4471d4
102,80,是,enhanced_extraction,79e8d5b7618f13b08ba6bbab2160ead94042b778e9a4a7619d5ff0e34b6e7ca5
13,159,是,enhanced_extraction,42b286c8b69b7dd60715ddb4a4b5ec24d40c79d0cdc71cf056cb2f8e8981f706
11,12,是,enhanced_extraction,4bb51718453a67d9015b846c6a68662b97572c0a9269a7df9df55bbbce96ae63
112,12,承办机构,enhanced_extraction,61354e19e5a8c6aa913e2c3f2a7c2d6ab87c1edaada8be5e039519f0c19f4719
102,617,是,enhanced_extraction,9e86035caa5a629fa345d5f7a9cba435e3f868815a4ede6dd36551666ef71d8e
79,11,类型,enhanced_extraction,357ff0f70265df4abbfc9fc67ba14c3a29f8b74763a0456e1d3a46a30f73d772
13,111,是,enhanced_extraction,e92990fdba5592a3b6fcc22d9ea34b712eeb46b1805330cd6168afde79c38daa
9,12,涉及,enhanced_extraction,5248c9d3ca7ecbe057c9b7f8e4427fdc46140ce6caae924a22f2b15012daad62
111,9,承办机构,enhanced_extraction,0e1b65ae7d6d6e353db7e399f405a5901a391d7cf7e5ce64d9691610e8aa234b
102,30,为,enhanced_extraction,da5c730e3061267f76e82252e7cff42d83189e4fffbccbe72afa83777e60c051
2576,35,类型,enhanced_extraction,706127357552b67f0f0b0990746e486b5f358c85893be2e0740f7a9795125e31
30,159,承办机构,enhanced_extraction,1d5307d14d8f3b4a85d80ab403512863a3b233bf05651cd6fe0a2fe9ddfe29bc
164,96,类型,enhanced_extraction,cee014ad6e4a569563c8424370d6d3ab0ae2b302dcef061273248f9442963009
9,719,包括,enhanced_extraction,c1231fc32b7acc4e77b3d47c231bf991895c5f25fb53cc1621c5a806c9e5df88
111,9,承办机构,enhanced_extraction,0e1b65ae7d6d6e353db7e399f405a5901a391d7cf7e5ce64d9691610e8aa234b
9,12,类型,enhanced_extraction,a0f990011f89318094029eddd7fc8433047738098f60167fd996d5cd597fc45b
15,104,是,enhanced_extraction,1a69a170d19933771028e5e5852ce9ac4882b067dd8790d345d5c8debbffc7c2
164,9,行使,enhanced_extraction,7ea5843f65c727ff958e6f61d184f91e11cde666eeffabdbc99fa7e84e8a709e
197,96,类型,enhanced_extraction,3613e63056aa1a9b98e7f24d4a8017b1defea35408ff820f4a06659c6c6fc3f3
2776,7337,吊销,enhanced_extraction,6970ec12730016dfc656975d5f4376aa0e129ea965b3d87c7b614cc3e1611935
7856,9688,修订,enhanced_extraction,ff0c9256d875f6634c0d69bedcd5c5184eb1126314f164e432d452d864ef9acd
1343,96,类型,enhanced_extraction,8cddcd811988256b8ec870f82908831fb34247b35abbfe93b1b75253dd8caf3b
11,12,是,enhanced_extraction,4bb51718453a67d9015b846c6a68662b97572c0a9269a7df9df55bbbce96ae63
9,12,涉及,enhanced_extraction,5248c9d3ca7ecbe057c9b7f8e4427fdc46140ce6caae924a22f2b15012daad62
1239,96,类型,enhanced_extraction,d26c91107e62631990e7bcd404068936de207e252aedda6277fb48739c20261e
11,12,是,enhanced_extraction,4bb51718453a67d9015b846c6a68662b97572c0a9269a7df9df55bbbce96ae63
11,12,类型,enhanced_extraction,6eb99ba2cff423e2571ef8f318749216e856ec529f754e4116cb373c00ca8cc4
1181,9,承办机构,enhanced_extraction,fbf893c796f6733d398675680118ff1a4ffe7969b584bf6f1e42a7877a22031a
13,159,是,enhanced_extraction,42b286c8b69b7dd60715ddb4a4b5ec24d40c79d0cdc71cf056cb2f8e8981f706
9,12,包含,enhanced_extraction,6ab100b3be1034ebc59393e0f044cc8640333a0bf7c977502390e874381695cf
394,102,类型,enhanced_extraction,41419e98f4e009a94a9979bed3dedf65bf0be8ff3f57a09a28a7353a7d10aca0
1,387,行驶主体,enhanced_extraction,0c2518a57ca5cb56301eef2ccf2c8e46bfa2bfa858b1505bcf7ef8adfecbf7ae
11,12,是,enhanced_extraction,4bb51718453a67d9015b846c6a68662b97572c0a9269a7df9df55bbbce96ae63
110,96,类型,enhanced_extraction,6195f18a7eade16713482bb3519268c7fd3a3d906a61d038dc046d2b4adb3939
14,9,承办机构,enhanced_extraction,f404e282d70c377d86e8d2de974bc2a4a334b2db5894f7cec3b5c3d7c02595aa
102,1165,类型,enhanced_extraction,bafce3abc5d4abb940550b57f5ca521b5719bff90ba94771094727d5d66724ab
102,905,是,enhanced_extraction,f953f792a03a6083b3b64a00442818dfc5a23ff80b7f711bfe031cbe3fdb0797
102,30,是,enhanced_extraction,49e97e22d3d7e783a2f77af85dd754c7212b8e8b9cb9164e3d6ab83c48b52fac
80,96,类型,enhanced_extraction,60589a9f7239b972454c94ebe1d88b353e4c9fad16152fb4bc372a569d001482
13,519,是,enhanced_extraction,bb4ae818fa4f7383d140872148177d756707f6e9095b2adffdfdf922b4e7a6d2
233,96,类型,enhanced_extraction,403d8d284bb442ebedf3ec08f061bbf2ab967b37d33ba94afbf403814c3b994b
102,110,是,enhanced_extraction,931625c0f64df1f58f0f84dd2d22143b4df6e9a2d1d3b0507bc6a629951f6e38
219,230,依据,enhanced_extraction,e9b7ffae6308a2d0f7acdb913ca1f05499c5422b6778e0d424fe0e083d632d1e
14,122,类型,enhanced_extraction,d3d91c90b4b9122a9fcfca5f480e3cc5e9e5c6b142a143300638dc6e6b4471d4
12,769,类型,enhanced_extraction,575ddec42486c41b6d80f9bc7731af6101d990ac4f08c467bc5bbb4dc40d736f
164,928,包含,enhanced_extraction,e45eb5e32e9e1ffe6b34ba2e357542437939550d18c4a22a5200ee3ccac85e1e
111,110,隶属于,enhanced_extraction,d97ca7ed54b9fd90d7be2762bc412a9762338ffae1fade5cf04eeab806c85c07
2043,1293,类型,enhanced_extraction,f41abf2ac1e345da1c73a1a6480e1307717ab7dde86dd16b749b2a4f34e43834
233,9,行驶主体,enhanced_extraction,c73ad36afca131d5e5e032a2b908d121974e1a97dd354a206f6ea184ecd932d6
197,12,行使权力类型,enhanced_extraction,5f15d00c3247146bf69f7915bacb3fef2364f2b6238d4b969adc2e5ab76845ea
455,2,类型,enhanced_extraction,f179d3efeb8245bb5368a8a4bfe155364a7a91a7fe6d80a00fbeca91bf32da04
11,12,是,enhanced_extraction,4bb51718453a67d9015b846c6a68662b97572c0a9269a7df9df55bbbce96ae63
219,220,包含,enhanced_extraction,8b7708d9b974597fa619b00d18a4a7f59f367eb0a07018126fca60658bb2c5a9
842,3182,未采取措施消除,enhanced_extraction,936234c4ae25d0d3789b1ae9ed2eee80ed368e07b5d24d43c11633c32a26596c
13,111,包括,enhanced_extraction,09c0593bd8b7420222398fb7c93ce32df70d33633b73fc4e12402155845d4bd2
102,130,是,enhanced_extraction,927e2c3c89401500404e75bab06f2597a18d0881b1d81c4f2fb0034b46ecae9e
9,242,类型,enhanced_extraction,7c4db01f0639d9a2c1b3cb8eabf326c97aa2c3bc45933927e8f3e398c9317e43
233,387,行驶主体,enhanced_extraction,d2a1bcee98aaacd79a607c85c6012dfa819db2e17819126843ca6efa26b5ffc7
13,317,是,enhanced_extraction,cb2f52fd445d2a60cd8eec36023e3b11868a84833440a5cf55c55ced1d63de64
519,12,承办,enhanced_extraction,11ae804c3f32ad3e9dcd323a18f6852400381f3579af1bf8d33f5909887f1812
79,11,类型,enhanced_extraction,357ff0f70265df4abbfc9fc67ba14c3a29f8b74763a0456e1d3a46a30f73d772
518,12,行驶主体,enhanced_extraction,79ea9c861ccbcd5e5936ea955e7aae986db8eaf8c497ee713472c46af91c1f49
11,158,类型,enhanced_extraction,cda646284c8305fbf7150a4885df91557c57facfeb63be63e446a3533d4aeb8d
80,11,行使,enhanced_extraction,ef9940919a47143f2686d4d346327ae66b46a5a941b86255b468c5e18c09547a
308,11,类型,enhanced_extraction,5c0eec365b00bc4e2c71443c4e9773474bf7a0e553c792628304c57dc865328e
2943,134,处以罚款,enhanced_extraction,af274f5eb3838846e5c34d6a6571b36941d710de9bdb9535a4962864c525940d
102,197,是,enhanced_extraction,b735436bf437d7c3115e2a60bf188709221fd86fd0d803164c90ca2bb0ee33dc
13,159,是,enhanced_extraction,42b286c8b69b7dd60715ddb4a4b5ec24d40c79d0cdc71cf056cb2f8e8981f706
1430,102,是,enhanced_extraction,80d66fdcb1e66ed49e149b6cc1ed1d4d9407c160854eaa66d3d1abc5fc188d1d
11,12,是,enhanced_extraction,4bb51718453a67d9015b846c6a68662b97572c0a9269a7df9df55bbbce96ae63
234,9,执行,enhanced_extraction,4f8e6616dcceaa11cb03d30878c93b992dd19b994e3243c4994448a22e4ffbe3
220,12,承办机构,enhanced_extraction,d6dd83fe48b58aecde65a1553db5e9368a2092ae2cc2050a62981de65361d57c
130,96,类型,enhanced_extraction,492011f3caeb38421b0a4dc34d8e68ce6491294b3c8ce6a93e546bba673248da
7768,96,类型,enhanced_extraction,18ea3b65e1d09170664a3ba68001e086d81097a6dc7508a49fe1cb5559dc501f
9,11,属于,enhanced_extraction,ad676a8ff0a6a0269b647bfc2c229efdc791e8aeeabe1893665b8156ae207238
15,5155,是,enhanced_extraction,171c8cbbcb2476860014703aee525b80cc58c6d0b8c4b68dba5548e733abaf09
590,12,行使主体,enhanced_extraction,bc9c26cd12eb2d4c4250b8f19320a70d0aed92bcb49c1e41a985143575086241
364,96,类型,enhanced_extraction,5088095e6831dd67dad2f4b89cd6d1bd67b15b3888e94334f2a6c2c240929990
30,96,类型,enhanced_extraction,67ef09263d41efc13438e970d6b90d6ddeaebf07422d9d42053516d76b0dec73
102,590,是,enhanced_extraction,af8450272caa216288b50d8943d597639c2353f39db848cf16ccd0ab8ea4aa9d
233,96,类型,enhanced_extraction,403d8d284bb442ebedf3ec08f061bbf2ab967b37d33ba94afbf403814c3b994b
2459,45,类型,enhanced_extraction,bae206dca574974cb704540d8a05caa269082f2c6698691f1fc4859ac9a72c58
164,9,行使主体,enhanced_extraction,786ebd4ad9d4f9a7110adcce82b6fb31da86f193f9b2bcb48bcb6c3affd2526c
216,1270,承办机构,enhanced_extraction,68c696d11e2187666d5c57e4a52bb19857f57f974a4f8a8e619fb1d2e8a549e9
220,122,类型,enhanced_extraction,ddd43b42b4429e1c8753259e67864f412dcf75e1a32655082ac7d10ea54ab3c4
130,9,行使主体,enhanced_extraction,e6231a3f41095456f7d0aeeb3310511e6b22e58b92d76c1d45a50385a348b706
13,220,是,enhanced_extraction,90ed47a36b9c110511bb7444407ba8eea08c427edcf2fff05f0ff0d6fe893c08
103,2,类型,enhanced_extraction,a3249f4462f7ee189afde2ab3efc63950e303f6753acdb193e4c7685b76f1ec8
110,9,行使主体,enhanced_extraction,04e6686a6ac48a1d6a9411fec475951914afa06d06fa0a9960c1d911aebee2c4
11,12,是,enhanced_extraction,4bb51718453a67d9015b846c6a68662b97572c0a9269a7df9df55bbbce96ae63
13,692,是,enhanced_extraction,31ab26062c7c71f98000b9bbcd828ee1accd312a94c6ac51c33779cdc90e7671
11,12,是,enhanced_extraction,4bb51718453a67d9015b846c6a68662b97572c0a9269a7df9df55bbbce96ae63
11,12,是,enhanced_extraction,4bb51718453a67d9015b846c6a68662b97572c0a9269a7df9df55bbbce96ae63
1,96,类型,enhanced_extraction,1b53d6d7bceb859c9994c8f868edccb566495452b198b46bc26063c03b409d3f
159,9,承办机构,enhanced_extraction,5ee791beca09708a05a9fe7eceb9c231426399dbe2641494d195fb85608460d1
4452,96,类型,enhanced_extraction,f9210492eed450c6d6282d4b01d9cc34ad8389e21fd4757bd068981a9d32c9eb
102,30,是,enhanced_extraction,49e97e22d3d7e783a2f77af85dd754c7212b8e8b9cb9164e3d6ab83c48b52fac
110,9,行使主体,enhanced_extraction,04e6686a6ac48a1d6a9411fec475951914afa06d06fa0a9960c1d911aebee2c4
11,1486,是,enhanced_extraction,85be1938792b77a226be57da95a09f51b6e93715e367a3910749424d4db607c2
9,12,类型,enhanced_extraction,a0f990011f89318094029eddd7fc8433047738098f60167fd996d5cd597fc45b
15,1166,类型,enhanced_extraction,527b03fa6ead3069409d90b64873d17d75d6df4013a2d85b79effb77482b9139
3970,3971,类型,enhanced_extraction,ca71653cd28c40bd7d30e3478d8a55c123b413d7391e195042cb730b96afb483
230,94,类型,enhanced_extraction,98247cde2268f1beacaa47f4a078126016f25c8938ac03a138badf9c9ddcff51
8486,12,执行者,enhanced_extraction,92824e04e5fb6b59060b8f8e561bdd67c3c3d255d5e40b5cfa4ac8b97e968079
112,122,类型,enhanced_extraction,7ae865bfc46cdf8d9a898f26fcc7f9f2bde7ef11aca8f3054fe0623692e5b7f3
84,6421,责令改正,enhanced_extraction,6335382cbcc5fcb5817d081422542ad828ccf7b559f6e20c60106dd4e684e7df
219,96,类型,enhanced_extraction,501d98fd934829def13421070a3527c368142d959d3066786d506a91cfa7e243
164,9,行使主体,enhanced_extraction,786ebd4ad9d4f9a7110adcce82b6fb31da86f193f9b2bcb48bcb6c3affd2526c
1,104,依据,enhanced_extraction,112339673b73745e6989aa6f12fba27c9f957957aa592ea3137a0dcc0f6b75b8
12,11,属于,enhanced_extraction,1c070514f019fc07536ffe381f9b1714c0fa030181e73dc73366c74ecb5406e1
102,219,是,enhanced_extraction,c05ba5f476772e4d6770832e3f058e0a051e972c9903ee0eb4f1b22576168aff
13,69,是,enhanced_extraction,b36100edef6126a3253cd6d3c8436b60d913028144208e6d85d8fb7e9929ef09
4,96,类型,enhanced_extraction,f8b52adfefbecaeee4c31e26cb927810b1ffcb05b06eba7ebbd2b43dcc4c174f
986,458,处罚,enhanced_extraction,e37c5dadd36834f8a321d80ae15cda873dd9ec21f0ff94df99f129696f0fea16
232,235,类型,enhanced_extraction,53238d60ad7b7d865eeb22306f8f4949e62f3bed549807211fc462407ff880f7
219,96,类型,enhanced_extraction,501d98fd934829def13421070a3527c368142d959d3066786d506a91cfa7e243
7340,508,没收,enhanced_extraction,ca17787973a5f5982ca0be7996041a0c0c1782f55ca2a6e2498edcda324e0ab2
3807,842,处罚措施,enhanced_extraction,e5d253215e884c79376d854d4e207b70c3721b8add50c28c81ceea1d5ed09892
9,875,涉及,enhanced_extraction,ae35b1cb42d1f7f009e9c32fd42fadcfe12f1d40f9a281dba2963faea6a46fa0
112,122,类型,enhanced_extraction,7ae865bfc46cdf8d9a898f26fcc7f9f2bde7ef11aca8f3054fe0623692e5b7f3
827,9,行使主体,enhanced_extraction,5791828c00a258e1b3f396ed7e14fbcd020d85730814a3bb5186157adf3178ee
102,541,是,enhanced_extraction,c10c86adf4607cf1691d0bd045c623cbb274db26b95b6342e54f6bd9502352bf
13,103,类型,enhanced_extraction,354e68add142ecadcb0d834ac3d88deec0c2f6ae7f2588304f2f09ecbbe70263
233,96,类型,enhanced_extraction,403d8d284bb442ebedf3ec08f061bbf2ab967b37d33ba94afbf403814c3b994b
11,12,包含,enhanced_extraction,c7108b0e6d2e3863b970d616b39759a19070792922effbf8d19d227196f88034
847,3853,和其他负有安全生产监督管理职责的部门,enhanced_extraction,8e39b03b00dfcea64550e768ab152ac8250ed6411ff7bd441bc9223b92d2af98
102,197,是,enhanced_extraction,b735436bf437d7c3115e2a60bf188709221fd86fd0d803164c90ca2bb0ee33dc
12,11,属于,enhanced_extraction,1c070514f019fc07536ffe381f9b1714c0fa030181e73dc73366c74ecb5406e1
102,394,是,enhanced_extraction,d8eecbbb48fe7bd4b15bf48fe20bd887dd02ba42ab16e82d066d61f0587213ef
11,12,是,enhanced_extraction,4bb51718453a67d9015b846c6a68662b97572c0a9269a7df9df55bbbce96ae63
102,96,类型,enhanced_extraction,3ae3aeb0c9938fc9352289b17986b74d2af21dddb657fa0b815d164c1bf8fa49
15,6455,是,enhanced_extraction,9fd78bb687e93ee3581fd8fb8cfb074b4b183d5652cf6ecb61b6c99065dccadb
9,719,是,enhanced_extraction,f21438746c7682e24a7f920415e9782d3fcbbb657761229f744eda093f09bc18
1634,12,承办机构,enhanced_extraction,95952cf0ac2cbfed6614af9599a533716689d8fe845936c7ba5ce5c01acc4388
1,12,行使主体,enhanced_extraction,55ec007f406e6481061e4f27d21d67700fcb98e39b41f11a392e0ee076061039
455,9,承办机构,enhanced_extraction,0904a0d3d8d66ee997c2fbe4fe7b9c57f7f2983795d471e0a28534437c5ce79c
1,9,行使主体,enhanced_extraction,b682a86df8491abefd8e5545f99c474f9d3e64b0932e9baa82dd2f840ab1d841
11,218,类型,enhanced_extraction,d0808af55fc2f12f46b4a8d32282fee95174164d496ae62daea0c7ee682b5571
350,11,类型,enhanced_extraction,4b384f423e28099930b227a5547c8ec4174f74136e5c2b42d869c5b9c14a4744
16,18,公布时间,enhanced_extraction,c24a801403d9813292d8a33422907874ac47aa8d288b0774cb091d05178e134f
110,2,类型,enhanced_extraction,394648f960045550bdff2ff068a192269c644572761082eac068e862539bb9cb
630,631,包含,enhanced_extraction,7f66d44490f35d0c969eed3c89dd436140970201de2f12b4c7a9a3fc067d9d0f
102,110,是,enhanced_extraction,931625c0f64df1f58f0f84dd2d22143b4df6e9a2d1d3b0507bc6a629951f6e38
11,308,是,enhanced_extraction,ecb06d577a5f273c2f13422e7f79961966e4fb437e16acc1fb731831344bc4db
164,9,行使主体,enhanced_extraction,786ebd4ad9d4f9a7110adcce82b6fb31da86f193f9b2bcb48bcb6c3affd2526c
4110,6818,决定,enhanced_extraction,62e48d56946d058d3987401d1208b24577c5ba1a2da442125f2449c72652b7a0
233,1493,包含,enhanced_extraction,a4a86ef03a03eb669dbe97b3ef85c2ddc412f17024400e945b53fcb020802cb5
11,12,是,enhanced_extraction,4bb51718453a67d9015b846c6a68662b97572c0a9269a7df9df55bbbce96ae63
13,692,是,enhanced_extraction,31ab26062c7c71f98000b9bbcd828ee1accd312a94c6ac51c33779cdc90e7671
13,14,是,enhanced_extraction,bfbeedc7e6daf4f851060b875d14b5b7c1dab5b695356d4176fd018de0894ae2
102,197,是,enhanced_extraction,b735436bf437d7c3115e2a60bf188709221fd86fd0d803164c90ca2bb0ee33dc
13,14,是,enhanced_extraction,bfbeedc7e6daf4f851060b875d14b5b7c1dab5b695356d4176fd018de0894ae2
1095,96,类型,enhanced_extraction,de557fe3e367d162d9cd8acf9865f5b0e7ef35250e8a210b80b66925d6c9bc86
130,12,执行,enhanced_extraction,9bfaa1f1ec1d56541b946fe67ea3303334783479ca907690cd46585a989c6bcc
230,12,实施依据,enhanced_extraction,6ec24bb786de2bd37471361040a8c0a0e32f5e5894495981718d946e52072334
9,12,类型,enhanced_extraction,a0f990011f89318094029eddd7fc8433047738098f60167fd996d5cd597fc45b
9,12,导致,enhanced_extraction,78078f86666388082ca0bd5a6fa54445753e97cc5fa8df7ee41bdc91bf642550
590,652,包含,enhanced_extraction,d8323bdbe84200decd5f0f9ceae6aebf4bb0f814f3fb7910d2855b5f3c19015c
79,11,是,enhanced_extraction,eded1ef8b8cda0c767ba5975434155285c793c8097b3c8c17b219b608f664321
11,655,是,enhanced_extraction,fefcd76dc0723e2ddc51cef3842ce342289696d7ebb3246ab2a552c6c5d74e27
102,394,是,enhanced_extraction,d8eecbbb48fe7bd4b15bf48fe20bd887dd02ba42ab16e82d066d61f0587213ef
9,242,类型,enhanced_extraction,7c4db01f0639d9a2c1b3cb8eabf326c97aa2c3bc45933927e8f3e398c9317e43
234,9,承办机构,enhanced_extraction,ba570c47c490a3bfe283525b4362c3f3c29f0ad091f70e5425c7d0a12c532574
13,159,是,enhanced_extraction,42b286c8b69b7dd60715ddb4a4b5ec24d40c79d0cdc71cf056cb2f8e8981f706
219,235,类型,enhanced_extraction,42f4fcda52b9d78ca57aa5187ca807fbfaf39957781a204c7990d756faf1f978
11,12,是,enhanced_extraction,4bb51718453a67d9015b846c6a68662b97572c0a9269a7df9df55bbbce96ae63
11,308,是,enhanced_extraction,ecb06d577a5f273c2f13422e7f79961966e4fb437e16acc1fb731831344bc4db
13,112,是,enhanced_extraction,4022fd75f8b3ae3cd82a12e79edef19e686577bef36580e293b55d8f1a5de71b
1759,235,类型,enhanced_extraction,c2392414f8899a2699745e2b866f1cacc4cdaa3a47de5452e2914b2de6463d74
234,9,承办机构,enhanced_extraction,ba570c47c490a3bfe283525b4362c3f3c29f0ad091f70e5425c7d0a12c532574
11,79,是,enhanced_extraction,7fc479b7c7f1a5e9a2ccc9b68850e59cde0b8d6838f1979d7b68f16db2615cd8
219,96,类型,enhanced_extraction,501d98fd934829def13421070a3527c368142d959d3066786d506a91cfa7e243
13,3420,是,enhanced_extraction,cefe29e1794260c3a7b0ea7865c7dbbbb4402cf2daf7c484d8811434dc1f186b
9,264,包括,enhanced_extraction,474d20b09b61f12073a8d2b7532ecd04707d66427e0d2aae1a5ad6ab7a6bd050
102,1,是,enhanced_extraction,e7673144fe059008120004a15b8b74a285f82c6ab41977014fcf98bd828f26e9
137,1344,违反,enhanced_extraction,3a71784feb63be50881944dc780ca25168ebfee54fc228a1751dbc5778983711
12,11,涉及,enhanced_extraction,f2b2177b79d0c5838a1dfdb2e8d03b036b9f4c03da52a25ccd06da5df955a86d
13,14,是,enhanced_extraction,bfbeedc7e6daf4f851060b875d14b5b7c1dab5b695356d4176fd018de0894ae2
220,12,承办机构,enhanced_extraction,d6dd83fe48b58aecde65a1553db5e9368a2092ae2cc2050a62981de65361d57c
518,9,行驶主体,enhanced_extraction,9f7cc43704a0f7811599cf108ae6174a048d79b48f1dad0da4161d95bc70a836
11,350,是,enhanced_extraction,7fa4f4b4033afd36ccb46abeecc8e5a8711fa14f70e617b795e2b335abf2616f
30,12,行使,enhanced_extraction,e32ba06d18071d6a8384351a3a10393f6606ad032542fde73f276d5e7e5dca46
1,103,包含,enhanced_extraction,36b182a789c2a1fc4189b13f1ca582d4013859ac1c9366b641af9a75d75da9c1
1178,7268,包含,enhanced_extraction,f826fec5230d51c097a350c1237dfe601b7729fd5c0dda428347554ed1376ca1
1,96,类型,enhanced_extraction,1b53d6d7bceb859c9994c8f868edccb566495452b198b46bc26063c03b409d3f
11,3199,类型,enhanced_extraction,da9bdb043819a09830a911dbe5c701d2f45ca10436b9a6ba23c1b11b1110b8f7
9,12,类型,enhanced_extraction,a0f990011f89318094029eddd7fc8433047738098f60167fd996d5cd597fc45b
79,11,是权力类型,enhanced_extraction,27fd114a37ee2060babc08e36e504f6b5bec826889afd0ea0841f2246e5bfde1
197,9,行驶主体,enhanced_extraction,70e4930da8a6ec278344e2c62d65e511f8f7305ca61e57cb2621d252c04ae3df
350,11,类型,enhanced_extraction,4b384f423e28099930b227a5547c8ec4174f74136e5c2b42d869c5b9c14a4744
110,96,类型,enhanced_extraction,6195f18a7eade16713482bb3519268c7fd3a3d906a61d038dc046d2b4adb3939
12,11,是,enhanced_extraction,54710bbec3ca077fe79c80e1e95ea28a843633289f5bc6efe6abea14f6118623
105,45,类型,enhanced_extraction,d431acfe324a78a86d7cc69cb91ddde6daeb2930a8ee77fdb73f9b7ec75ed94d
9,12,涉及,enhanced_extraction,5248c9d3ca7ecbe057c9b7f8e4427fdc46140ce6caae924a22f2b15012daad62
111,9,承办机构,enhanced_extraction,0e1b65ae7d6d6e353db7e399f405a5901a391d7cf7e5ce64d9691610e8aa234b
9,11,属于,enhanced_extraction,ad676a8ff0a6a0269b647bfc2c229efdc791e8aeeabe1893665b8156ae207238
1,4,执行主体,enhanced_extraction,08e3f20d8591ed9fc38286ffad314787ecaa0872a5aca773d5c576264e96caa4
519,235,类型,enhanced_extraction,223ad09a60436110d0d96c24bea16df1b452ac25b01981c25a0b65f4417e6a3f
102,96,类型,enhanced_extraction,3ae3aeb0c9938fc9352289b17986b74d2af21dddb657fa0b815d164c1bf8fa49
518,2276,监管,enhanced_extraction,4fe1fe4226071fc93b1bd8ce3f724aff640e8e90b15f6bd730084b6b6bb777f9
164,235,类型,enhanced_extraction,8866a5643dda9800ef2ebe64cb4f09d680014b699236141406f7c4989d4bb83a
112,13,包含,enhanced_extraction,a347e9dc7b7cc7c48818039196ef988c81b2c4ee162f1d2e345822d986d32408
13,220,是,enhanced_extraction,90ed47a36b9c110511bb7444407ba8eea08c427edcf2fff05f0ff0d6fe893c08
3,1,承办机构,enhanced_extraction,652df272ef02143868f0bc175fbf5aa37ddfadd6a82bfde772c0b0760534cd09
11,12,属于,enhanced_extraction,348e658de2a3e1b559d286afed9c0c187575302edc695ea216add0e31d1e629d
197,9,行使主体,enhanced_extraction,05415d8de4c2359f2a06f426ff7597fcb15c0295ab8eb90f21d9fe7c0342becf
2043,1293,类型,enhanced_extraction,f41abf2ac1e345da1c73a1a6480e1307717ab7dde86dd16b749b2a4f34e43834
13,220,是,enhanced_extraction,90ed47a36b9c110511bb7444407ba8eea08c427edcf2fff05f0ff0d6fe893c08
13,189,是,enhanced_extraction,51ab7bb9b15d4c43166a75de0ba6e305ad5a7cba5be965140334bfb7be0927a6
220,122,类型,enhanced_extraction,ddd43b42b4429e1c8753259e67864f412dcf75e1a32655082ac7d10ea54ab3c4
13,96,类型,enhanced_extraction,4803e8eb42d15abdff1d9bfe4e6c1566bd35eb1aebc56b2ea7064b5198d7da33
233,12,权力类型,enhanced_extraction,e5fd1a5a666180974fe1240671b32bb9446e3797f43fa8db8939d74fd9e2e6e3
9,382,类型,enhanced_extraction,4cfb3db1b2e67bf8b438df39105b31616b659cf569445ffadf95f4ce4ab87e94
9,12,类型,enhanced_extraction,a0f990011f89318094029eddd7fc8433047738098f60167fd996d5cd597fc45b
11,12,是,enhanced_extraction,4bb51718453a67d9015b846c6a68662b97572c0a9269a7df9df55bbbce96ae63
519,12,承办,enhanced_extraction,11ae804c3f32ad3e9dcd323a18f6852400381f3579af1bf8d33f5909887f1812
102,1,是,enhanced_extraction,e7673144fe059008120004a15b8b74a285f82c6ab41977014fcf98bd828f26e9
102,80,是,enhanced_extraction,79e8d5b7618f13b08ba6bbab2160ead94042b778e9a4a7619d5ff0e34b6e7ca5
164,12,行使主体,enhanced_extraction,4fba2d65aa583b6e935b5ed38ff0df3dedbdae8acb94f7c54b9a5866d8ecd800
9,12,涉及,enhanced_extraction,5248c9d3ca7ecbe057c9b7f8e4427fdc46140ce6caae924a22f2b15012daad62
30,41,类型,enhanced_extraction,e5612f068d36dd548f30df430e7e34f60d5a787eff7463d26d0383943b620b64
103,2,类型,enhanced_extraction,a3249f4462f7ee189afde2ab3efc63950e303f6753acdb193e4c7685b76f1ec8
220,235,类型,enhanced_extraction,17f06e3cce3a42e526a449fce60ab3d392e69486843ba54e3d52c7ed35ec1239
1330,9,承办机构,enhanced_extraction,db567c4b050240f3a4167dafe8e8988ab2c8debd814dd2b422cca5d850fd62f3
80,96,类型,enhanced_extraction,60589a9f7239b972454c94ebe1d88b353e4c9fad16152fb4bc372a569d001482
159,30,执法机构,enhanced_extraction,3f77d2034355e35fbd84ea4789f119419debb6e25ecc69e6e1ae948a48859f35
81,12,承办机构,enhanced_extraction,1535f36766c4ca8db21c6ff09e8fb4820c7af3f5bd95dc3d3de36c43359f859d
9,752,类型,enhanced_extraction,3fdd1a97a8d0089cc01ab1fd993e125b258e4204b08a370cfc7468113482d200
11,12,是,enhanced_extraction,4bb51718453a67d9015b846c6a68662b97572c0a9269a7df9df55bbbce96ae63
10748,10749,出具,enhanced_extraction,e4e9caab77e841952e0aad5a61cbf50cc786e5442c8bc351831323f7bc81a0ab
102,110,是,enhanced_extraction,931625c0f64df1f58f0f84dd2d22143b4df6e9a2d1d3b0507bc6a629951f6e38
102,652,是,enhanced_extraction,480c0876cb664f8ea265e948b861a742da918153c87a718afc35134a7f352dff
11,158,类型,enhanced_extraction,cda646284c8305fbf7150a4885df91557c57facfeb63be63e446a3533d4aeb8d
102,219,是,enhanced_extraction,c05ba5f476772e4d6770832e3f058e0a051e972c9903ee0eb4f1b22576168aff
11,12,是,enhanced_extraction,4bb51718453a67d9015b846c6a68662b97572c0a9269a7df9df55bbbce96ae63
519,9,承办机构,enhanced_extraction,b0629528aff73dc1b3152c49d06e06bd7bce855de12798666cef753fa18bf60f
9,11,涉及,enhanced_extraction,7ae8447ac1e5647a8aa3baf7ec0bc973368bd067785b622cc60f265c86e357f5
940,9585,履行,enhanced_extraction,2593fa817a57fe67adcc4916d517854d2aab5dac7bdc74215489d181fdbdc9c7
519,235,类型,enhanced_extraction,223ad09a60436110d0d96c24bea16df1b452ac25b01981c25a0b65f4417e6a3f
159,12,行使主体,enhanced_extraction,d1962327f078b3ba55cf37260ff8f565ced5625cd02a528443c20b77af47e623
13,1503,是,enhanced_extraction,a5848b3acd094c30fe9b2118339a791344ffcc85272ad767188d5bdefa8ac9f8
11,383,类型,enhanced_extraction,eb32e2ff01a2a217bce44e202d150b4b0d98df76bb019edc27e4aca0d14ab46c
11,12,是,enhanced_extraction,4bb51718453a67d9015b846c6a68662b97572c0a9269a7df9df55bbbce96ae63
827,12,行使主体,enhanced_extraction,99cf731628411acfd1f8b81fa5f7bf94b63a2ab0ee1e2851aac7c5c450f2f302
220,235,类型,enhanced_extraction,17f06e3cce3a42e526a449fce60ab3d392e69486843ba54e3d52c7ed35ec1239
197,41,类型,enhanced_extraction,166ba48351a4881063e66ec7c97b83a02fa1a46a4e5cfa909b8d429e229ab614
230,9,实施依据,enhanced_extraction,d4e914ae7cbf1423f1d90ce28d32c22a088f6c49e05a84e14b658a419fe667c3
11,79,是,enhanced_extraction,7fc479b7c7f1a5e9a2ccc9b68850e59cde0b8d6838f1979d7b68f16db2615cd8
111,122,类型,enhanced_extraction,1fce63ef8ed73f0b4875f31534b84a9bb554322448dacfa61a5a706ff84d0c65
518,2785,监管,enhanced_extraction,144d26faa0390795a863e3957342380d2721fe6a0e380ff9c0af32830b83c6a2
220,96,类型,enhanced_extraction,854d71017803a3c91e5c8374bfb605529d1b3576fbb07683707a1dd5045a6f9b
102,1088,类型,enhanced_extraction,d476616ddad9f3e30c1d0518ad5e0ee8edd34f616971f1de723f16bf46a5b242
9,12,类型,enhanced_extraction,a0f990011f89318094029eddd7fc8433047738098f60167fd996d5cd597fc45b
12,121,类型,enhanced_extraction,2a0f14f6bfc5e730b8f67f0d8f1a2ef6fcf3b0aacea756c9424c11932fca64b4
13,41,类型,enhanced_extraction,1dfae58022fd91b047d3fda6aee6b5855c358e74bf9b6f42c46bcbd3b90b1866
2565,94,类型,enhanced_extraction,9b88e4bc5d9157378ec84eb0e5209f074beb36cbf5ecad8520aa901750c734ab
13,985,是,enhanced_extraction,01781f36a530e114c6076b8354bdf7a05ef777ba25407cf1c0c320c81112ce12
219,220,上级机构,enhanced_extraction,ca366247e647c60ece9d986ed045c6fa007912b803069bea031bd49929eebe3f
219,96,类型,enhanced_extraction,501d98fd934829def13421070a3527c368142d959d3066786d506a91cfa7e243
13,2135,是,enhanced_extraction,dff8ff57dfc52c171b4245161c7afa0ad24e9cff14062577c718db807a97f3d8
13,159,是,enhanced_extraction,42b286c8b69b7dd60715ddb4a4b5ec24d40c79d0cdc71cf056cb2f8e8981f706
350,11,类型,enhanced_extraction,4b384f423e28099930b227a5547c8ec4174f74136e5c2b42d869c5b9c14a4744
1178,158,行驶,enhanced_extraction,7e36a76d8e8a1feaa784714e7ed6d9b650566d5c3a044d8723c4f20d917a3a7b
13,111,包括,enhanced_extraction,09c0593bd8b7420222398fb7c93ce32df70d33633b73fc4e12402155845d4bd2
30,96,类型,enhanced_extraction,67ef09263d41efc13438e970d6b90d6ddeaebf07422d9d42053516d76b0dec73
11,826,类型,enhanced_extraction,4bf83b19e7d96fc3c623f7da6298856b709c2ac414cc0afd10e92114bae2cbe1
159,12,行使,enhanced_extraction,15ea5303b7b7eed1a2b28c4c3d6e50df04821440cc81713a62ef9b179c73af7f
30,159,包含,enhanced_extraction,746dad8207c11e936f9291a4d48652549063b984284c0ab2036a0471f7b9f7b4
1179,9,实施依据,enhanced_extraction,78b4c0092f00ae27be0ee818706e9fdc357825c9f41df4dfa31307a1a8ae321b
11,79,是,enhanced_extraction,7fc479b7c7f1a5e9a2ccc9b68850e59cde0b8d6838f1979d7b68f16db2615cd8
80,12,行使主体,enhanced_extraction,75b93f846aed0d2bb84ea5d06a78a31b4b70b391d50fc51be75f8c8a4beeb801
197,96,类型,enhanced_extraction,3613e63056aa1a9b98e7f24d4a8017b1defea35408ff820f4a06659c6c6fc3f3
11,308,是,enhanced_extraction,ecb06d577a5f273c2f13422e7f79961966e4fb437e16acc1fb731831344bc4db
130,12,行使主体,enhanced_extraction,f560c66e39df5f6e7d5a65a30056284a25c482f51a4c3a31a6b07b6102dc1c70
9,382,类型,enhanced_extraction,4cfb3db1b2e67bf8b438df39105b31616b659cf569445ffadf95f4ce4ab87e94
15,94,类型,enhanced_extraction,ae7b2d632e653972406eaf68ffa281c3169efd4c73db1a6cf33385747b200cf3
9,12,权力类型,enhanced_extraction,2a21d93536f75c6e5a649144635cc06abdf7efba771dbc93580f9c998bc093b7
1343,1346,承办机构,enhanced_extraction,156514b4ddf8919ff3b069ed40612ad47e9f50cf3fc11224b388c4034c7d7541
1181,9,承办机构,enhanced_extraction,fbf893c796f6733d398675680118ff1a4ffe7969b584bf6f1e42a7877a22031a
102,110,是,enhanced_extraction,931625c0f64df1f58f0f84dd2d22143b4df6e9a2d1d3b0507bc6a629951f6e38
518,235,类型,enhanced_extraction,9660201625f3c7049d9b6789802c41aebd939cbe044d635a299a92a4ac0c24f8
220,12,承办机构,enhanced_extraction,d6dd83fe48b58aecde65a1553db5e9368a2092ae2cc2050a62981de65361d57c
420,9,行使主体,enhanced_extraction,d1c8102a620a970f75e707fa3c90318e46955cd57adbfd39531f96b8df0b3fff
5581,12,实施依据,enhanced_extraction,30eb6ef61d7c659b514428f2805d9400a09ee526369272925710db8938a6dead
110,800,类型,enhanced_extraction,8ee0902ef41654781f197ce91e77b2b66ea0dc84dbef68276eb6737db2929dab
81,12,承办,enhanced_extraction,a25b943e5c28fee010d9beefae9d395bdab860e2a283f29ea9d84edddddc617e
9,382,类型,enhanced_extraction,4cfb3db1b2e67bf8b438df39105b31616b659cf569445ffadf95f4ce4ab87e94
11,12,是,enhanced_extraction,4bb51718453a67d9015b846c6a68662b97572c0a9269a7df9df55bbbce96ae63
216,122,类型,enhanced_extraction,1b9538bee24e1c7d07ab1e65d582f3b36814f850eefe1590ebd68a5ecd34ac54
159,41,类型,enhanced_extraction,762c0ee01eda51b7edf7de52ea82e082b746c41ce50eddfa75f1d27e081b18ba
159,2698,负责,enhanced_extraction,d8d15353304370fc85167775c5d827a29656ee56f6b496c16ae182a0a8d8d712
9,12,属于,enhanced_extraction,f0795b40f45aed0659748890f09b67ab13ac9efdbbdb3af2aa803c5e7adddb68
159,12,承办机构,enhanced_extraction,6aff489ab10dbf8c13027d23db776f9011bc8513954287f449cc26e5f34714f1
102,394,是,enhanced_extraction,d8eecbbb48fe7bd4b15bf48fe20bd887dd02ba42ab16e82d066d61f0587213ef
234,12,承办机构,enhanced_extraction,85ce38763b0f57bd27360c78529c5a9fd1441e74b6ce39f1da4114f23c395c6a
9,9,类型,enhanced_extraction,7047180d6e4b04a345c7820986071db18605d89d0593c04f29c2334c010fbc44
2043,1293,类型,enhanced_extraction,f41abf2ac1e345da1c73a1a6480e1307717ab7dde86dd16b749b2a4f34e43834
590,14,包含,enhanced_extraction,778fc952665ef2d423f3a64f81fca4fd32817afc4ade9491e51ac69579f3f674
11,12,是,enhanced_extraction,4bb51718453a67d9015b846c6a68662b97572c0a9269a7df9df55bbbce96ae63
112,218,承办机构,enhanced_extraction,2b751ac65e7e3d1b09780f1912d3033fb6ef7138eee18420e0d0f08484c1f6bd
621,471,追究,enhanced_extraction,cd34a191733c03d8d6878fc8b170650344ee1b4b1b7508ed94345e33dc0f30db
164,12,行使权力类型,enhanced_extraction,b1a7280ff912815f307084a3ed921f2dbd3432c55d9151194fad1cbad6d076cd
13,14,是,enhanced_extraction,bfbeedc7e6daf4f851060b875d14b5b7c1dab5b695356d4176fd018de0894ae2
9,2641,监管对象,enhanced_extraction,026cfc5e623473d24480bb001b3d7f0828ad60ed0671fc56c24bce0f4a91d30f
590,9,行使主体,enhanced_extraction,297724ccfed32bc0a0067362783475f5e2e8e516d57fef9f94699157e5756d66
102,411,是,enhanced_extraction,50c3f4569f450f4227ffb66313bc13b6aeb56246586b99cda4be69d2996ef678
12,11,类型,enhanced_extraction,d250a3e2b5b7ceab7cccbdfff1e3b8cbdc70239998775ce9a8b2acb81f9e7784
15,4873,类型,enhanced_extraction,aaf718e062f16cadedb9474835cd87376545b0d6498405b18bea4aa40909b2f3
11,12,是,enhanced_extraction,4bb51718453a67d9015b846c6a68662b97572c0a9269a7df9df55bbbce96ae63
1181,9,承办机构,enhanced_extraction,fbf893c796f6733d398675680118ff1a4ffe7969b584bf6f1e42a7877a22031a
9,12,类型,enhanced_extraction,a0f990011f89318094029eddd7fc8433047738098f60167fd996d5cd597fc45b
12,11,类型,enhanced_extraction,d250a3e2b5b7ceab7cccbdfff1e3b8cbdc70239998775ce9a8b2acb81f9e7784
12,11,类型,enhanced_extraction,d250a3e2b5b7ceab7cccbdfff1e3b8cbdc70239998775ce9a8b2acb81f9e7784
13,103,是,enhanced_extraction,1b5b4a6b26df270a9c16a69f9d5e70d230d38e452e30a89449afe7a565899b1f
9,12,包含,enhanced_extraction,6ab100b3be1034ebc59393e0f044cc8640333a0bf7c977502390e874381695cf
102,233,是,enhanced_extraction,ce9aafe62b0266c7d010b0afc5f53dec015dc4b65753f42cf7d459769186f9f5
130,12,行使主体,enhanced_extraction,f560c66e39df5f6e7d5a65a30056284a25c482f51a4c3a31a6b07b6102dc1c70
11,12,是,enhanced_extraction,4bb51718453a67d9015b846c6a68662b97572c0a9269a7df9df55bbbce96ae63
308,3199,类型,enhanced_extraction,08548c4894820dba7be950d8540d61f2a09e465b691e17aad97075a868d28f47
197,96,类型,enhanced_extraction,3613e63056aa1a9b98e7f24d4a8017b1defea35408ff820f4a06659c6c6fc3f3
13,31,是,enhanced_extraction,262e12483b4529e70f0986fd192a64169abf0d7b199fc44e210dc40240be7232
1329,43,类型,enhanced_extraction,d80b8272926aa1651956b1b9ef0450afbaacec649e0d7e35d9981abf65ac9b24
1327,12,行驶主体,enhanced_extraction,691a79523c4d60f4a1a19cfb38fa10268a5a485f8450a4aa2bd791f020bccda0
1,103,包含,enhanced_extraction,36b182a789c2a1fc4189b13f1ca582d4013859ac1c9366b641af9a75d75da9c1
102,80,是,enhanced_extraction,79e8d5b7618f13b08ba6bbab2160ead94042b778e9a4a7619d5ff0e34b6e7ca5
11,12,是,enhanced_extraction,4bb51718453a67d9015b846c6a68662b97572c0a9269a7df9df55bbbce96ae63
960,12,执行,enhanced_extraction,dec52e3b9c86aad8a79f50ca181ab143490d4f94d3db14f4deb58b19a9243650
11,12,是,enhanced_extraction,4bb51718453a67d9015b846c6a68662b97572c0a9269a7df9df55bbbce96ae63
12,825,类型,enhanced_extraction,f23b6e42d2ddf04052d4f66c49219b5c90dd417a9a4460243b7b8ea5f9fb26d4
14,12,承办机构,enhanced_extraction,b3f78f8d91a41eb1f2403baae337ba2537aa7882221cddeb31a73ca4a80babfe
11,79,是,enhanced_extraction,7fc479b7c7f1a5e9a2ccc9b68850e59cde0b8d6838f1979d7b68f16db2615cd8
9,12,类型,enhanced_extraction,a0f990011f89318094029eddd7fc8433047738098f60167fd996d5cd597fc45b
30,12,行使主体,enhanced_extraction,1e7200094dd34c790193171ddcf0ebf515cdc55593921a196744b29e5fa0a671
9,387,包含,enhanced_extraction,af9700cf6607d1b1cd6ba1d045546c35b3eac9ad35afc7c3cff005dab17498b2
11,12,类型,enhanced_extraction,6eb99ba2cff423e2571ef8f318749216e856ec529f754e4116cb373c00ca8cc4
110,4884,类型,enhanced_extraction,8d23335db0f9172c79ebe1adcd5e72027f536b0533a7ff484574420a6a120873
11,246,是,enhanced_extraction,a2d3c17ff98d95b68d81ab10fa2b2896dde7f953c8ef7d6ae541fab0d0ee56a9
9,387,包含,enhanced_extraction,af9700cf6607d1b1cd6ba1d045546c35b3eac9ad35afc7c3cff005dab17498b2
102,130,是,enhanced_extraction,927e2c3c89401500404e75bab06f2597a18d0881b1d81c4f2fb0034b46ecae9e
11,79,是,enhanced_extraction,7fc479b7c7f1a5e9a2ccc9b68850e59cde0b8d6838f1979d7b68f16db2615cd8
164,460,包含,enhanced_extraction,fb6be1d28bcc5b3dfb60b3dae15fd943df1ccd90f2ef7f33d6eee8d9bf1ba733
11,12,是,enhanced_extraction,4bb51718453a67d9015b846c6a68662b97572c0a9269a7df9df55bbbce96ae63
9,12,类型,enhanced_extraction,a0f990011f89318094029eddd7fc8433047738098f60167fd996d5cd597fc45b
455,43,类型,enhanced_extraction,059a6fbf02f87fed416cdcdb01837b012b8b1e9fc5ff2a3cae8f72ce890746b5
102,1,是,enhanced_extraction,e7673144fe059008120004a15b8b74a285f82c6ab41977014fcf98bd828f26e9
102,1,是,enhanced_extraction,e7673144fe059008120004a15b8b74a285f82c6ab41977014fcf98bd828f26e9
590,96,类型,enhanced_extraction,50a304f4afa162088aff4bd3831e43cdbdfa64b65534a007bc70a9d9b000f81c
2690,9059,类型,enhanced_extraction,951bab5596cda06a36c828d108032b1bb1d558e0097d4a0dee90d786e8e83ef2
159,43,类型,enhanced_extraction,1a604f9a8ffa2405ba140ff868dc2af82b2b298268ed005d01a2b5ce2a7e17ce
11,12,是,enhanced_extraction,4bb51718453a67d9015b846c6a68662b97572c0a9269a7df9df55bbbce96ae63
233,158,行驶,enhanced_extraction,99958695b9857fa696f45aa18faf857b1fa1f85fb47d8786686db232567a188a
1044,96,类型,enhanced_extraction,21d029bf88032fbf511752019a167b097d70a9dcee16f5a068bfd61ee17a3b42
455,12,承办机构,enhanced_extraction,21b81897cf3703c711067ced1bab27e399c17d64279d3872f89c72037ddcdfd8
12,158,类型,enhanced_extraction,06d83acee2e2097064c89c41506386eb57a4678aedfe309dafe18d04c22a8fee
102,394,是,enhanced_extraction,d8eecbbb48fe7bd4b15bf48fe20bd887dd02ba42ab16e82d066d61f0587213ef
112,12,承办机构,enhanced_extraction,61354e19e5a8c6aa913e2c3f2a7c2d6ab87c1edaada8be5e039519f0c19f4719
11,218,是,enhanced_extraction,885d1711b265018c6b5869a35a061431728560bad04aaf3db12f272a809d4bff
1,96,类型,enhanced_extraction,1b53d6d7bceb859c9994c8f868edccb566495452b198b46bc26063c03b409d3f
164,41,类型,enhanced_extraction,11ea232750483c1cfb361ef607ee61221e39683b61eaac96f22799cb4403b841
233,9,行使主体,enhanced_extraction,5e183a336d20352bd8b994006317c9b8b8906deb81b1c6c331037621a9ba156c
11,12,类型,enhanced_extraction,6eb99ba2cff423e2571ef8f318749216e856ec529f754e4116cb373c00ca8cc4
316,96,类型,enhanced_extraction,ed5d9866486bddacca0c511fb295f3c277e00b56d7add0ade4202d53cbfdef4b
455,43,类型,enhanced_extraction,059a6fbf02f87fed416cdcdb01837b012b8b1e9fc5ff2a3cae8f72ce890746b5
102,1,是,enhanced_extraction,e7673144fe059008120004a15b8b74a285f82c6ab41977014fcf98bd828f26e9
518,519,包含,enhanced_extraction,aa95e92726de7183cd3e1f53837662a277c27a73cc7f6fdfa3e271a69985a022
102,394,是,enhanced_extraction,d8eecbbb48fe7bd4b15bf48fe20bd887dd02ba42ab16e82d066d61f0587213ef
518,12,行使主体,enhanced_extraction,2ba35e8b565b7971ada29b084e323fbfddf99769575080927fac14c157526308
30,159,负责,enhanced_extraction,383d5753fb23d6cf18f7798954fb6d7ffb2240343d6da6ddb735ce04c872d65e
11,12,是,enhanced_extraction,4bb51718453a67d9015b846c6a68662b97572c0a9269a7df9df55bbbce96ae63
13,112,是,enhanced_extraction,4022fd75f8b3ae3cd82a12e79edef19e686577bef36580e293b55d8f1a5de71b
164,12,行使,enhanced_extraction,577d2b56734d7812a56664f7c1356a3c621209e19d294c6cf8c0565dc0b04be0
2043,24,被处以,enhanced_extraction,69aaa4b8e153a257249580095605d40dbe8bec2d2357bd30f3835686c81034d9
112,110,隶属于,enhanced_extraction,eac2fea96f4f5759f5c085426b63a22e917540e8db82652c0bab1d07a7193f89
9,12,涉及,enhanced_extraction,5248c9d3ca7ecbe057c9b7f8e4427fdc46140ce6caae924a22f2b15012daad62
14,9,承办机构,enhanced_extraction,f404e282d70c377d86e8d2de974bc2a4a334b2db5894f7cec3b5c3d7c02595aa
32,3569,吊销,enhanced_extraction,08a7e89acd279b20a0cffda18ef69a9c7222b4280453ce2137775121e40d1f20
159,9,承办机构,enhanced_extraction,5ee791beca09708a05a9fe7eceb9c231426399dbe2641494d195fb85608460d1
102,3191,是,enhanced_extraction,dc2acf729d385878a989f84e1344c8b838555110b198215c40420b24d9641158
13,1181,是,enhanced_extraction,26f840587499bb79b7a8c8cc89cf4ad4244c03b3eae4cf0c5870e902f7cd76df
233,9,行使主体,enhanced_extraction,5e183a336d20352bd8b994006317c9b8b8906deb81b1c6c331037621a9ba156c
14,590,隶属于,enhanced_extraction,3f07885d9e2f0ca8bb3e6bb9c030ed830124acb5ff6297c48d95c982f5845bff
11,12,包含,enhanced_extraction,c7108b0e6d2e3863b970d616b39759a19070792922effbf8d19d227196f88034
102,518,是,enhanced_extraction,69503e4b392f7ae31ef14944ea242179127a6741c15d2612e282d2da4d329d33
11,12,是,enhanced_extraction,4bb51718453a67d9015b846c6a68662b97572c0a9269a7df9df55bbbce96ae63
9215,12,实施依据,enhanced_extraction,d9ddeb5572ae62e441a9c87e06cc3264276af34e505663d50754a162f347f055
9,12,涉及,enhanced_extraction,5248c9d3ca7ecbe057c9b7f8e4427fdc46140ce6caae924a22f2b15012daad62
30,12,监管主体,enhanced_extraction,c45849cc24a886c2ab97822ea39ffd0f08dcf6dd4eef617492fa69511a5e6a57
13,3449,是,enhanced_extraction,f3f3d32cb033eb28d0bb2fc15477ff5489b33999ab69ebf3f16e903d517436a9
102,518,是,enhanced_extraction,69503e4b392f7ae31ef14944ea242179127a6741c15d2612e282d2da4d329d33
12,769,类型,enhanced_extraction,575ddec42486c41b6d80f9bc7731af6101d990ac4f08c467bc5bbb4dc40d736f
2005,2015,有权采取,enhanced_extraction,49e9582a0bac52b444e0e1b436be7cd656c1508f0dc4f836fc5ab2a13815284a
24,387,类型,enhanced_extraction,a7cdcde9254d1443f610ded63158e61d43cb567d1230d54c99117dda33653d16
1181,9,承办机构,enhanced_extraction,fbf893c796f6733d398675680118ff1a4ffe7969b584bf6f1e42a7877a22031a
13,317,是,enhanced_extraction,cb2f52fd445d2a60cd8eec36023e3b11868a84833440a5cf55c55ced1d63de64
102,13,负责,enhanced_extraction,cceacf949bf833e65cfeacb4429243aa70155576636fd23c7d2606d3eb7f4ae8
9,12,包含,enhanced_extraction,6ab100b3be1034ebc59393e0f044cc8640333a0bf7c977502390e874381695cf
220,12,执行机构,enhanced_extraction,dd79fecf56732ff5710843facf48ec43a59e5be0e6fb2636f35ce6a8ef05feba
519,9,承办机构,enhanced_extraction,b0629528aff73dc1b3152c49d06e06bd7bce855de12798666cef753fa18bf60f
11,12,是,enhanced_extraction,4bb51718453a67d9015b846c6a68662b97572c0a9269a7df9df55bbbce96ae63
13,112,包含,enhanced_extraction,beef9a857a784cdb261f1dcb9284ebeb6a54cc8ba7f1e0815e02bf3286fdc36b
233,96,类型,enhanced_extraction,403d8d284bb442ebedf3ec08f061bbf2ab967b37d33ba94afbf403814c3b994b
590,12,行使主体,enhanced_extraction,bc9c26cd12eb2d4c4250b8f19320a70d0aed92bcb49c1e41a985143575086241
590,96,类型,enhanced_extraction,50a304f4afa162088aff4bd3831e43cdbdfa64b65534a007bc70a9d9b000f81c
11,12,类型,enhanced_extraction,6eb99ba2cff423e2571ef8f318749216e856ec529f754e4116cb373c00ca8cc4
1950,4007,类型,enhanced_extraction,72a22eed9dab771dc55bf25fda001cb36fe6f1a4bdfe599be0a973ed55f13928
13,31,是,enhanced_extraction,262e12483b4529e70f0986fd192a64169abf0d7b199fc44e210dc40240be7232
112,96,类型,enhanced_extraction,61148b72ef21088a2b8c64609278423fad8508c652d1a634420b0058ddfdfa2b
1922,43,类型,enhanced_extraction,010ddb7810a677770ffe34da8470af62446456b76f330c82414a3a35f819ca2c
519,12,承办,enhanced_extraction,11ae804c3f32ad3e9dcd323a18f6852400381f3579af1bf8d33f5909887f1812
234,96,类型,enhanced_extraction,3baf7b40f92723c55d2b40339b3580c522c6bff1c964fc370f6b478f832838c4
1430,3196,类型,enhanced_extraction,079725b2326d20fae579ec11fea0cb6faca8dc2817c80ab8f7ad08a35b754db8
821,2401,给予,enhanced_extraction,01d325f6f06d9e278185116820abe8b3f4796f66114bd4a5e07662c8fcd86dc9
164,9,行使主体,enhanced_extraction,786ebd4ad9d4f9a7110adcce82b6fb31da86f193f9b2bcb48bcb6c3affd2526c
230,24,规定,enhanced_extraction,183d3abe3e7bfff39dac8f8176c4cde31544e8a7654a1f6fc566b100ec0579c5
12,9,权力类型,enhanced_extraction,e43b8cbbf66185d04b01324774f7cfd10d4ede1862ebd2a5778acd82c17efd4d
220,219,隶属于,enhanced_extraction,b4d37d8dc368158dafe61abc0937bb74903f0e52d4b38914591181aeafba72c9
102,4115,类型,enhanced_extraction,145ffd3752d990014410bfe86d9c34a9cb68428dd478236257ac809c77fc7bdd
80,81,包含,enhanced_extraction,2f8bb39e4046d2ae8ca998a51f8addfece3a7f9204bbc673e464ed75dd3d6044
9,12,涉及,enhanced_extraction,5248c9d3ca7ecbe057c9b7f8e4427fdc46140ce6caae924a22f2b15012daad62
9,12,导致,enhanced_extraction,78078f86666388082ca0bd5a6fa54445753e97cc5fa8df7ee41bdc91bf642550
130,960,是,enhanced_extraction,347573d76fc77f59cfa837a260a4df3a801d2eba3ccceae552da7e8a15d9330d
519,235,类型,enhanced_extraction,223ad09a60436110d0d96c24bea16df1b452ac25b01981c25a0b65f4417e6a3f
1329,9,承办机构,enhanced_extraction,f1c1d31730950d4e5653352c5b47fb628adce5f06da0293f27c883b80c6dc6a7
11,350,是,enhanced_extraction,7fa4f4b4033afd36ccb46abeecc8e5a8711fa14f70e617b795e2b335abf2616f
233,234,包含,enhanced_extraction,60f99a7d04220fa9d408be7fe273fde87c6b6d0e9c1d0cf175aea4a73afb9a59
30,12,执行,enhanced_extraction,82a9e12b95caef8cfff7f9ec8ee0f7ba186c16d3c4fb96af7151cb75daa69e1a
364,96,类型,enhanced_extraction,5088095e6831dd67dad2f4b89cd6d1bd67b15b3888e94334f2a6c2c240929990
9,382,类型,enhanced_extraction,4cfb3db1b2e67bf8b438df39105b31616b659cf569445ffadf95f4ce4ab87e94
11,12,是,enhanced_extraction,4bb51718453a67d9015b846c6a68662b97572c0a9269a7df9df55bbbce96ae63
9,11,属于,enhanced_extraction,ad676a8ff0a6a0269b647bfc2c229efdc791e8aeeabe1893665b8156ae207238
522,851,规定,enhanced_extraction,05da838fffe61572488782b66065439f9f809c8ee4a4924ec277ff2ce8dee8bc
13,43,类型,enhanced_extraction,8acd6bcf339a66c572deeab51b58b67436511f74ee60c8462fe1fc4ddd2b5c71
1826,5358,公布,enhanced_extraction,93ca440f50e52f8dcc13e600cded7afccab2fc9701e1a1fbc841ab97d11b345d
3902,3903,修正时间,enhanced_extraction,70abf3cfded45a870df502179043d97c527d4fbb3501b47cf5a21c22364ef7ad
11,12,为,enhanced_extraction,e596121e5cebc4ef8f8851f4e61925646019f2f5971a838b24f0eb5f428973c0
861,9,承办机构,enhanced_extraction,d175baccbaec9d7646a3c9da3f86a1a946c10a5e8974836d1476e04ffe8a2711
15,5007,规定,enhanced_extraction,4e3eeef92096a76d9a5b9b3f207143ad21ec6344b3dcf5c420de13a152255578
11,12,类型,enhanced_extraction,6eb99ba2cff423e2571ef8f318749216e856ec529f754e4116cb373c00ca8cc4
80,12,行使,enhanced_extraction,b7c835b09d1f20631e9d7d7d01b37c7bb294e1a10372bdd571ac8501f9e770f8
9,12,类型,enhanced_extraction,a0f990011f89318094029eddd7fc8433047738098f60167fd996d5cd597fc45b
233,1493,包含,enhanced_extraction,a4a86ef03a03eb669dbe97b3ef85c2ddc412f17024400e945b53fcb020802cb5
518,12,行驶主体,enhanced_extraction,79ea9c861ccbcd5e5936ea955e7aae986db8eaf8c497ee713472c46af91c1f49
1024,96,类型,enhanced_extraction,08713dc5e510d34da5be4de7521bd099f822853ce94213f0549fb8329b4f211a
13,220,是,enhanced_extraction,90ed47a36b9c110511bb7444407ba8eea08c427edcf2fff05f0ff0d6fe893c08
9,12,涉及,enhanced_extraction,5248c9d3ca7ecbe057c9b7f8e4427fdc46140ce6caae924a22f2b15012daad62
30,12,行驶主体,enhanced_extraction,03d76779f8a19bcac4ff9fe5fed1378bb2ee918130d2e83f5a1dcf60c73806b3
9,210,类型,enhanced_extraction,f474ff0499a08790d60a07797619e6890a07d8384c0077143cc80cfd45f47cb1
102,541,是,enhanced_extraction,c10c86adf4607cf1691d0bd045c623cbb274db26b95b6342e54f6bd9502352bf
13,31,是,enhanced_extraction,262e12483b4529e70f0986fd192a64169abf0d7b199fc44e210dc40240be7232
197,455,包含,enhanced_extraction,3d73e456405062867173beee8c95286213dc07f63ce8bdfcc066a1c5db0680e6
3134,12,承办机构,enhanced_extraction,dee0c3639e21b7f1486be20f438b7ffdb0ab6d2133ba0a765ffc22ae521a9e5a
861,43,类型,enhanced_extraction,471636c123036bb4a01b135d5434de204afa56b66f46c7f3d5df2ee85051ff8e
220,235,类型,enhanced_extraction,17f06e3cce3a42e526a449fce60ab3d392e69486843ba54e3d52c7ed35ec1239
30,1239,隶属于,enhanced_extraction,587713c41819f1d42c9b5a9c1b63860efe4455c54ece436085d473d8ed544af2
111,110,隶属于,enhanced_extraction,d97ca7ed54b9fd90d7be2762bc412a9762338ffae1fade5cf04eeab806c85c07
9,11,包含,enhanced_extraction,5274af0039cfb20f667e5112a5fb84dd67e44706aa85fc6cfa2ece9266003c06
197,96,类型,enhanced_extraction,3613e63056aa1a9b98e7f24d4a8017b1defea35408ff820f4a06659c6c6fc3f3
130,12,行使主体,enhanced_extraction,f560c66e39df5f6e7d5a65a30056284a25c482f51a4c3a31a6b07b6102dc1c70
590,12,行使主体,enhanced_extraction,bc9c26cd12eb2d4c4250b8f19320a70d0aed92bcb49c1e41a985143575086241
1560,9,行使主体,enhanced_extraction,f5cc2702942c047021e903a04eb26ad53346426bd139511837f71da362b092f4
9,242,类型,enhanced_extraction,7c4db01f0639d9a2c1b3cb8eabf326c97aa2c3bc45933927e8f3e398c9317e43
80,11,行使,enhanced_extraction,ef9940919a47143f2686d4d346327ae66b46a5a941b86255b468c5e18c09547a
102,3447,是,enhanced_extraction,8409fb058245b6e8284da419c554ab99fcbda8866912c5a9d9703c394d5edc90
102,316,是,enhanced_extraction,9d39871b3de2fea6a4c241a9067e244e127a4a8f1508142d28a11ae9bca4a951
146,8216,调查,enhanced_extraction,ec3662b85ec174de33dc65c3f73e472801fdee143d3b1c2330e3bd89bc407791
164,9,行使主体,enhanced_extraction,786ebd4ad9d4f9a7110adcce82b6fb31da86f193f9b2bcb48bcb6c3affd2526c
102,30,是,enhanced_extraction,49e97e22d3d7e783a2f77af85dd754c7212b8e8b9cb9164e3d6ab83c48b52fac
112,110,隶属于,enhanced_extraction,eac2fea96f4f5759f5c085426b63a22e917540e8db82652c0bab1d07a7193f89
13,455,是,enhanced_extraction,f056809418a23c8dc3e5edc472da624bd424823694a3811a98051514f8ebac9d
220,12,承办,enhanced_extraction,9c7ca49c2aa429afe321151d611cabcdaea2a6f2f1465868c03432d70df57fee
1995,5480,规定,enhanced_extraction,cdb225a5a805ead5dfdbf7f8eb6f6853a6e87699dcbf5d143c4d25f6a1cbaad9
455,96,类型,enhanced_extraction,83008584ccb4815172777487fa0ef5769c9b656adb133d4e0701cc8e70d8d430
11,383,类型,enhanced_extraction,eb32e2ff01a2a217bce44e202d150b4b0d98df76bb019edc27e4aca0d14ab46c
24,1073,金额范围,enhanced_extraction,10e157a12e8f5317a8452dcc3f09bb93009c5c953de68e6e4d6a069ff3fa7710
11,12,类型,enhanced_extraction,6eb99ba2cff423e2571ef8f318749216e856ec529f754e4116cb373c00ca8cc4
13,216,是,enhanced_extraction,91e753dce0198db04daa7f5f334aca5b0a3a46d2b2189534d4db84ea31fe04f6
11,12,是,enhanced_extraction,4bb51718453a67d9015b846c6a68662b97572c0a9269a7df9df55bbbce96ae63
11,12,是,enhanced_extraction,4bb51718453a67d9015b846c6a68662b97572c0a9269a7df9df55bbbce96ae63
12,11,是,enhanced_extraction,54710bbec3ca077fe79c80e1e95ea28a843633289f5bc6efe6abea14f6118623
2101,35,类型,enhanced_extraction,8d918c62f97298018af42ea2959017b89a8e9e21c1fb1de6b831bed6e99e7b76
11,350,是,enhanced_extraction,7fa4f4b4033afd36ccb46abeecc8e5a8711fa14f70e617b795e2b335abf2616f
11,12,是,enhanced_extraction,4bb51718453a67d9015b846c6a68662b97572c0a9269a7df9df55bbbce96ae63
11,12,是,enhanced_extraction,4bb51718453a67d9015b846c6a68662b97572c0a9269a7df9df55bbbce96ae63
11,12,是,enhanced_extraction,4bb51718453a67d9015b846c6a68662b97572c0a9269a7df9df55bbbce96ae63
164,9,行使主体,enhanced_extraction,786ebd4ad9d4f9a7110adcce82b6fb31da86f193f9b2bcb48bcb6c3affd2526c
474,9,承办机构,enhanced_extraction,767370cfa8bbbb0277093921347ffb933e1376efcef1041b4cef0a11f23dd862
130,12,行使主体,enhanced_extraction,f560c66e39df5f6e7d5a65a30056284a25c482f51a4c3a31a6b07b6102dc1c70
748,12,承办机构,enhanced_extraction,2ded277751c82ba68a30e0b434b2b6d4d979385daa270c6c14de7da584a47ef5
1827,41,类型,enhanced_extraction,65c503bd9e3f1bcbffb090440b3f1ad4f501a9093a856483e91cd91b3f11f12a
518,12,行使主体,enhanced_extraction,2ba35e8b565b7971ada29b084e323fbfddf99769575080927fac14c157526308
410,13,属于,enhanced_extraction,7a071c3f38f15b05a0e5d6c039001f45e8f7936fb6b69217d7322c4ed5482859
1,102,是,enhanced_extraction,b749252ce6c5ab82d6c5213299bc50d19e66e60bed17ffe1e03d3f6fab8a3956
1,3584,类型,enhanced_extraction,756323c7eed52953e617ff73bca3b95767dacaf78479a3b1fc606c709888fca3
11,826,类型,enhanced_extraction,4bf83b19e7d96fc3c623f7da6298856b709c2ac414cc0afd10e92114bae2cbe1
102,518,是,enhanced_extraction,69503e4b392f7ae31ef14944ea242179127a6741c15d2612e282d2da4d329d33
1178,9,行使主体,enhanced_extraction,1f4a2487ef71eac5f810d64529c434e34add54fc52b6f261e1d3d1caf8c007e1
11,383,类型,enhanced_extraction,eb32e2ff01a2a217bce44e202d150b4b0d98df76bb019edc27e4aca0d14ab46c
11,11,类型,enhanced_extraction,63c0cb89fd070cec56228a2b437fabe6a35d41178bcf0e57ad410146f146783a
11,158,类型,enhanced_extraction,cda646284c8305fbf7150a4885df91557c57facfeb63be63e446a3533d4aeb8d
11,12,是,enhanced_extraction,4bb51718453a67d9015b846c6a68662b97572c0a9269a7df9df55bbbce96ae63
102,316,是,enhanced_extraction,9d39871b3de2fea6a4c241a9067e244e127a4a8f1508142d28a11ae9bca4a951
112,9,承办机构,enhanced_extraction,8c5141659c6f1ee72a6318e02df92ddfe59b9b1688527026bd5d1ccd13b7ea53
11,12,类型,enhanced_extraction,6eb99ba2cff423e2571ef8f318749216e856ec529f754e4116cb373c00ca8cc4
12,11,类型,enhanced_extraction,d250a3e2b5b7ceab7cccbdfff1e3b8cbdc70239998775ce9a8b2acb81f9e7784
1343,41,类型,enhanced_extraction,1009e8253662ae2b7b0cd07d56d6513659391b8b9c01e604e87412293ec56414
102,1,是,enhanced_extraction,e7673144fe059008120004a15b8b74a285f82c6ab41977014fcf98bd828f26e9
474,12,承办,enhanced_extraction,b6f0ede510c2d0450526c15a1d1003cb889f866310b63e51cd5cce6f83c260df
1178,1181,行驶主体,enhanced_extraction,33fe3fb51faf6ff6c48b52a7f8e7e30d2a1aef55e20b69527fd90a1445411013
590,9,行使主体,enhanced_extraction,297724ccfed32bc0a0067362783475f5e2e8e516d57fef9f94699157e5756d66
102,235,类型,enhanced_extraction,8256008ac1da880f4ccd98c91a62706c081efaec3136664704697a4f0d6c0215
519,12,承办机构,enhanced_extraction,8fe2a8b69b80c52eb99cf94a111e2c5de4eb59a2df64785e2ab0c9b684aa172e
9,3621,包含,enhanced_extraction,c79d76799202dd4590b1f1f3cd3efd1a788be47530ef84426e4c9d893227d18a
111,12,承办机构,enhanced_extraction,17327f9a1de1086d2c73256ac92cbbf571e23426c4b96cee6a87dfe4055ef86c
11,12,是,enhanced_extraction,4bb51718453a67d9015b846c6a68662b97572c0a9269a7df9df55bbbce96ae63
2837,2838,类型,enhanced_extraction,a8103e7203db6204331a518160a2c63d3a8b415c40257da83597fe4f02eefa84
30,2,类型,enhanced_extraction,c0d1532887cdfd00b79b6bb0d2bbc73841cf049bb0da64334f00e0300014746b
13,159,是,enhanced_extraction,42b286c8b69b7dd60715ddb4a4b5ec24d40c79d0cdc71cf056cb2f8e8981f706
219,591,行使,enhanced_extraction,66cd4981c0a4033cffcb5e358a9832410093f1c525eefedcbd2c8d401306f4db
420,9,行使主体,enhanced_extraction,d1c8102a620a970f75e707fa3c90318e46955cd57adbfd39531f96b8df0b3fff
3631,805,类型,enhanced_extraction,9953c3400efcdd0c1cfe77477be4bfd5b0957240d43858150c0f539e76dee5aa
220,13,类型,enhanced_extraction,312e46c47592b48155fcae46da4dfcc5c53cd49ced6bdc0caeaed29a6be2d924
110,96,类型,enhanced_extraction,6195f18a7eade16713482bb3519268c7fd3a3d906a61d038dc046d2b4adb3939
102,800,类型,enhanced_extraction,634581b512a308d051ec4ba1277e14a17008739d2355e1a4f86b81a11d829d44
13,111,是,enhanced_extraction,e92990fdba5592a3b6fcc22d9ea34b712eeb46b1805330cd6168afde79c38daa
130,9,行驶主体,enhanced_extraction,3264f5052ea2778019079e553a7e8e70397d0bd7e1e126ae80bd2e7d66b86472
219,96,类型,enhanced_extraction,501d98fd934829def13421070a3527c368142d959d3066786d506a91cfa7e243
420,96,类型,enhanced_extraction,c7dd812ee7dc687df05f52c4d99a581a8ed593619699cadedcf90e60a049f4f6
12,825,类型,enhanced_extraction,f23b6e42d2ddf04052d4f66c49219b5c90dd417a9a4460243b7b8ea5f9fb26d4
1343,96,类型,enhanced_extraction,8cddcd811988256b8ec870f82908831fb34247b35abbfe93b1b75253dd8caf3b
9,12,权力类型,enhanced_extraction,2a21d93536f75c6e5a649144635cc06abdf7efba771dbc93580f9c998bc093b7
13,81,是,enhanced_extraction,67dd61e941d34e8ff608a5966cd853677b6ea4af00f11ff1e4a6c6ffad29367e
519,9,承办机构,enhanced_extraction,b0629528aff73dc1b3152c49d06e06bd7bce855de12798666cef753fa18bf60f
219,235,类型,enhanced_extraction,42f4fcda52b9d78ca57aa5187ca807fbfaf39957781a204c7990d756faf1f978
11,12,是,enhanced_extraction,4bb51718453a67d9015b846c6a68662b97572c0a9269a7df9df55bbbce96ae63
13,112,包括,enhanced_extraction,c1c571fb1d8601d6e86edffe190ed143e8edabbf9d70d060c2b755ec7778c1a5
112,110,隶属于,enhanced_extraction,eac2fea96f4f5759f5c085426b63a22e917540e8db82652c0bab1d07a7193f89
11,826,类型,enhanced_extraction,4bf83b19e7d96fc3c623f7da6298856b709c2ac414cc0afd10e92114bae2cbe1
102,110,是,enhanced_extraction,931625c0f64df1f58f0f84dd2d22143b4df6e9a2d1d3b0507bc6a629951f6e38
30,12,行驶主体,enhanced_extraction,03d76779f8a19bcac4ff9fe5fed1378bb2ee918130d2e83f5a1dcf60c73806b3
748,9,承办机构,enhanced_extraction,b5096999323701acfd18828e631925e2106f66de5d54b12cb70a56ab06f72037
350,11,属于,enhanced_extraction,50166e5d206452c8d21c5ca9afb8b83bbc8e69da2ee96c53868e8cdc56ad0f90
11,12,是,enhanced_extraction,4bb51718453a67d9015b846c6a68662b97572c0a9269a7df9df55bbbce96ae63
79,11,属于,enhanced_extraction,e2c765377dddeb2b2bb3e2ed6638fa3659b77196b66ecff856789a0a2ff09abb
9,382,类型,enhanced_extraction,4cfb3db1b2e67bf8b438df39105b31616b659cf569445ffadf95f4ce4ab87e94
159,122,类型,enhanced_extraction,ac95a8754b9cf555ad1f7b6963dfd724829642f155c6b04c4c82d577ec28198a
11,12,具体类型,enhanced_extraction,25bcddb95f4c3eed0f4d213d542f69ec0d3de5983628e90e874034cb5991e67c
519,13,类型,enhanced_extraction,65d039e330344325e530d0063c2c1ba2aba8f4514b2362b86843b17d99f6c3ec
9,382,类型,enhanced_extraction,4cfb3db1b2e67bf8b438df39105b31616b659cf569445ffadf95f4ce4ab87e94
102,394,是,enhanced_extraction,d8eecbbb48fe7bd4b15bf48fe20bd887dd02ba42ab16e82d066d61f0587213ef
220,230,依据,enhanced_extraction,fad1107d2481baf0cc056a518d0fe33355f01b0613e072cb321b483a3d6b096a
9,210,类型,enhanced_extraction,f474ff0499a08790d60a07797619e6890a07d8384c0077143cc80cfd45f47cb1
11,12,是,enhanced_extraction,4bb51718453a67d9015b846c6a68662b97572c0a9269a7df9df55bbbce96ae63
985,9,承办机构,enhanced_extraction,f7867c42227c0ec71b1ba227aed585268abc994f5c9097771ddcd680cd259aee
1188,1186,依据,enhanced_extraction,1d67e85972b07f695e11ec4f2e8588da5326840f3d9bd26e1c4f4072d194f327
6864,12,实施依据,enhanced_extraction,b1da60a68f440f64ee1c2d225e76584a2834fb28f9d072ac6f2e2edd1f1dcda2
220,235,类型,enhanced_extraction,17f06e3cce3a42e526a449fce60ab3d392e69486843ba54e3d52c7ed35ec1239
11,12,是,enhanced_extraction,4bb51718453a67d9015b846c6a68662b97572c0a9269a7df9df55bbbce96ae63
1,1,行驶主体,enhanced_extraction,3f7409413381e4b6fedcd51d29d245e331434bbf10e7e443555fdecf0d2a6dbb
80,11,行使,enhanced_extraction,ef9940919a47143f2686d4d346327ae66b46a5a941b86255b468c5e18c09547a
111,122,类型,enhanced_extraction,1fce63ef8ed73f0b4875f31534b84a9bb554322448dacfa61a5a706ff84d0c65
11,12,属于,enhanced_extraction,348e658de2a3e1b559d286afed9c0c187575302edc695ea216add0e31d1e629d
230,12,实施依据,enhanced_extraction,6ec24bb786de2bd37471361040a8c0a0e32f5e5894495981718d946e52072334
13,804,是,enhanced_extraction,24d6121b5362449101f26062c969aba15606094c0488016cdf7fad27a9173d67
15,5,是,enhanced_extraction,c1f7512483e2adc5c576e0ebae5a02abb33900717b274acd0a3d9fd41c766da7
15,1150,是,enhanced_extraction,ec66ad0fbf61716b04fe7f12bd874b961a8f9fa5208a9d8c8a59070e77db72ec
9,12,类型,enhanced_extraction,a0f990011f89318094029eddd7fc8433047738098f60167fd996d5cd597fc45b
102,394,是,enhanced_extraction,d8eecbbb48fe7bd4b15bf48fe20bd887dd02ba42ab16e82d066d61f0587213ef
102,96,类型,enhanced_extraction,3ae3aeb0c9938fc9352289b17986b74d2af21dddb657fa0b815d164c1bf8fa49
233,9,行使主体,enhanced_extraction,5e183a336d20352bd8b994006317c9b8b8906deb81b1c6c331037621a9ba156c
13,69,包括,enhanced_extraction,fee1c970fabefbf3d4b20fcc42027b5faa56136df4fc24e4bd8f6e99655cdb2c
12,11,属于,enhanced_extraction,1c070514f019fc07536ffe381f9b1714c0fa030181e73dc73366c74ecb5406e1
13,112,是,enhanced_extraction,4022fd75f8b3ae3cd82a12e79edef19e686577bef36580e293b55d8f1a5de71b
220,122,类型,enhanced_extraction,ddd43b42b4429e1c8753259e67864f412dcf75e1a32655082ac7d10ea54ab3c4
110,96,类型,enhanced_extraction,6195f18a7eade16713482bb3519268c7fd3a3d906a61d038dc046d2b4adb3939
219,12,行使,enhanced_extraction,45eb9736e1b4689e9b65745eadf6c355837885340fde605488842d816564e14c
9,824,类型,enhanced_extraction,5e26d1921d04368e0f7a75790183eafa7cd717f80d3491948d8bd17825e5b6eb
11,308,类型,enhanced_extraction,0ff5ea162302b0bbab4e3bd9fc4326cf81f15ef7e767f095eada26f186e15a6d
80,96,类型,enhanced_extraction,60589a9f7239b972454c94ebe1d88b353e4c9fad16152fb4bc372a569d001482
9,12,涉及,enhanced_extraction,5248c9d3ca7ecbe057c9b7f8e4427fdc46140ce6caae924a22f2b15012daad62
12,11,类型,enhanced_extraction,d250a3e2b5b7ceab7cccbdfff1e3b8cbdc70239998775ce9a8b2acb81f9e7784
12,825,类型,enhanced_extraction,f23b6e42d2ddf04052d4f66c49219b5c90dd417a9a4460243b7b8ea5f9fb26d4
80,2,类型,enhanced_extraction,98856eee1500bf3a4e1fc0d417cd688700fff760c33587e521dcf98dd3ecbd8d
1270,3142,类型,enhanced_extraction,17f56d0ab1440609ed24853dc53a1c06f6f3251e2a55e7a09baaf0e82befcbaa
30,159,包含,enhanced_extraction,746dad8207c11e936f9291a4d48652549063b984284c0ab2036a0471f7b9f7b4
308,11,属于,enhanced_extraction,90a28b0ff8edc5a7791549ca7de9125e1de7b79b577b744daf1b4c5c9a804d83
13,14,是,enhanced_extraction,bfbeedc7e6daf4f851060b875d14b5b7c1dab5b695356d4176fd018de0894ae2
30,41,类型,enhanced_extraction,e5612f068d36dd548f30df430e7e34f60d5a787eff7463d26d0383943b620b64
164,9,行使主体,enhanced_extraction,786ebd4ad9d4f9a7110adcce82b6fb31da86f193f9b2bcb48bcb6c3affd2526c
102,110,是,enhanced_extraction,931625c0f64df1f58f0f84dd2d22143b4df6e9a2d1d3b0507bc6a629951f6e38
13,455,是,enhanced_extraction,f056809418a23c8dc3e5edc472da624bd424823694a3811a98051514f8ebac9d
11,12,是,enhanced_extraction,4bb51718453a67d9015b846c6a68662b97572c0a9269a7df9df55bbbce96ae63
9,12,类型,enhanced_extraction,a0f990011f89318094029eddd7fc8433047738098f60167fd996d5cd597fc45b
30,2,类型,enhanced_extraction,c0d1532887cdfd00b79b6bb0d2bbc73841cf049bb0da64334f00e0300014746b
519,12,执行机构,enhanced_extraction,29d9674cd99b73a0ed3b3b600122d49ce35ab8b62c1c2f1494cd2f24b03dc1dd
69,43,类型,enhanced_extraction,e6ef4d6d4c0d8a21632ff23715b042f61cbc2347cf19d5c4a102db77bebb7b65
9,9,类型,enhanced_extraction,7047180d6e4b04a345c7820986071db18605d89d0593c04f29c2334c010fbc44
1024,2295,类型,enhanced_extraction,136f48867ac98ecbca6d23a87f27a11a74ea893c909b33fe757bc262d47b2953
102,1,是,enhanced_extraction,e7673144fe059008120004a15b8b74a285f82c6ab41977014fcf98bd828f26e9
394,102,类型,enhanced_extraction,41419e98f4e009a94a9979bed3dedf65bf0be8ff3f57a09a28a7353a7d10aca0
13,460,是,enhanced_extraction,94d1c03ae1f3434b0574afd2d9525b9fb7087313b65ca9c6aa79f5e25da6dd9d
130,12,行使主体,enhanced_extraction,f560c66e39df5f6e7d5a65a30056284a25c482f51a4c3a31a6b07b6102dc1c70
11,12,类型,enhanced_extraction,6eb99ba2cff423e2571ef8f318749216e856ec529f754e4116cb373c00ca8cc4
102,96,类型,enhanced_extraction,3ae3aeb0c9938fc9352289b17986b74d2af21dddb657fa0b815d164c1bf8fa49
455,12,承办机构,enhanced_extraction,21b81897cf3703c711067ced1bab27e399c17d64279d3872f89c72037ddcdfd8
228,45,是,enhanced_extraction,7270bcf2fc3e181e542d6311d3c8eda452ccea1da2cc96cc1eca15b0dc20241b
11,218,是,enhanced_extraction,885d1711b265018c6b5869a35a061431728560bad04aaf3db12f272a809d4bff
13,14,是,enhanced_extraction,bfbeedc7e6daf4f851060b875d14b5b7c1dab5b695356d4176fd018de0894ae2
14,12,执行,enhanced_extraction,4d116ce6be35e606f7485fbdd7e5afb729d1118a0c1123e93dcd657985fbd933
9,11,属于,enhanced_extraction,ad676a8ff0a6a0269b647bfc2c229efdc791e8aeeabe1893665b8156ae207238
12,11,类型,enhanced_extraction,d250a3e2b5b7ceab7cccbdfff1e3b8cbdc70239998775ce9a8b2acb81f9e7784
112,122,类型,enhanced_extraction,7ae865bfc46cdf8d9a898f26fcc7f9f2bde7ef11aca8f3054fe0623692e5b7f3
12,825,类型,enhanced_extraction,f23b6e42d2ddf04052d4f66c49219b5c90dd417a9a4460243b7b8ea5f9fb26d4
130,12,行使主体,enhanced_extraction,f560c66e39df5f6e7d5a65a30056284a25c482f51a4c3a31a6b07b6102dc1c70
522,842,第一百零二条,enhanced_extraction,afe56b319e002416e38c21e4d61dbff6adeb0240f1fb012a5b928ad40c5b6072
102,41,类型,enhanced_extraction,8591082d926a16420b37a69aca110d289d25c9479f998fd81e8ca9ec90148902
102,110,是,enhanced_extraction,931625c0f64df1f58f0f84dd2d22143b4df6e9a2d1d3b0507bc6a629951f6e38
9,12,涉及,enhanced_extraction,5248c9d3ca7ecbe057c9b7f8e4427fdc46140ce6caae924a22f2b15012daad62
11,37,类型,enhanced_extraction,9ae9e4deb92d4b9c3dc44e93ff244a176d6dbe4b41322b77ce74977f9750ee38
130,12,行使主体,enhanced_extraction,f560c66e39df5f6e7d5a65a30056284a25c482f51a4c3a31a6b07b6102dc1c70
80,96,类型,enhanced_extraction,60589a9f7239b972454c94ebe1d88b353e4c9fad16152fb4bc372a569d001482
1827,462,给予,enhanced_extraction,8f498711a8ee1461076bf78987cfad18622ef9a57e29eda12f14361aa7a045f4
219,12,行驶主体,enhanced_extraction,7f7cd218e5a63f8cfed49f0763413c3805dae3dea7ad67d9c9014df5fe95e27e
11,12,类型,enhanced_extraction,6eb99ba2cff423e2571ef8f318749216e856ec529f754e4116cb373c00ca8cc4
111,13,是,enhanced_extraction,b7cf98b8f25ee4400e215866539ad16fcce1102a7d03f633fbe5895bdc71e1a6
9,12,属于,enhanced_extraction,f0795b40f45aed0659748890f09b67ab13ac9efdbbdb3af2aa803c5e7adddb68
105,9,实施依据,enhanced_extraction,0df64c5330a117c68e77df235aaff45647791c68cd539bbafea1cf99e02be529
22,2964,类型,enhanced_extraction,8481a40bc79d109c7dcadb008a1e5964daf759304ec409b2bf487712d2d142f1
130,2,类型,enhanced_extraction,6d2278b1174fcf45390cc5e797fbc492d9da849cc95da33a781bc891b8a51975
11,218,是,enhanced_extraction,885d1711b265018c6b5869a35a061431728560bad04aaf3db12f272a809d4bff
159,122,类型,enhanced_extraction,ac95a8754b9cf555ad1f7b6963dfd724829642f155c6b04c4c82d577ec28198a
1493,242,承办,enhanced_extraction,03cc45449f2a317c8f2e22326b03e2a11b5ab05e13eaeb4e29f20f40ffbab741
111,41,类型,enhanced_extraction,bcb4ff2a622a645e5bbbc59c200a4f7ea65281d7b3eded1aa310cfe0ec6024f7
233,96,类型,enhanced_extraction,403d8d284bb442ebedf3ec08f061bbf2ab967b37d33ba94afbf403814c3b994b
13,111,包括,enhanced_extraction,09c0593bd8b7420222398fb7c93ce32df70d33633b73fc4e12402155845d4bd2
69,130,承办机构,enhanced_extraction,f150212fb7c2ae1249f68086b7b2ed36a613f22230b3e99f8665d468b1e28a08
216,12,承办机构,enhanced_extraction,b650e14ef4d83f5c7b7e0b7cb2372b87c43c67c1aac2eac7f34e8d5f4fd36aab
11,79,是,enhanced_extraction,7fc479b7c7f1a5e9a2ccc9b68850e59cde0b8d6838f1979d7b68f16db2615cd8
13,103,是,enhanced_extraction,1b5b4a6b26df270a9c16a69f9d5e70d230d38e452e30a89449afe7a565899b1f
1430,12,行使,enhanced_extraction,86f0f3cdda54908ebd9a65e1fbc664cf1d499221c9a0a314a3f6387a49cb539f
102,164,是,enhanced_extraction,a80ad6ee4e5699c85935b930e4979b0e242208aeb958dbce2322b0ef11af2eb2
79,11,是,enhanced_extraction,eded1ef8b8cda0c767ba5975434155285c793c8097b3c8c17b219b608f664321
110,9,行使主体,enhanced_extraction,04e6686a6ac48a1d6a9411fec475951914afa06d06fa0a9960c1d911aebee2c4
219,96,类型,enhanced_extraction,501d98fd934829def13421070a3527c368142d959d3066786d506a91cfa7e243
1,96,类型,enhanced_extraction,1b53d6d7bceb859c9994c8f868edccb566495452b198b46bc26063c03b409d3f
11,308,是,enhanced_extraction,ecb06d577a5f273c2f13422e7f79961966e4fb437e16acc1fb731831344bc4db
102,110,是,enhanced_extraction,931625c0f64df1f58f0f84dd2d22143b4df6e9a2d1d3b0507bc6a629951f6e38
81,9,承办机构,enhanced_extraction,31e66bb205a4ae1df7ad99d9529ce78a8922457f5f03394c50beceab3dd4fd87
986,462,给予,enhanced_extraction,30ad2357df0b250247093cc1383d640223f59ba5ca56f561244c9871238d8e26
9,382,类型,enhanced_extraction,4cfb3db1b2e67bf8b438df39105b31616b659cf569445ffadf95f4ce4ab87e94
635,235,类型,enhanced_extraction,2d85d2c25af4d806cf2d65c13079d6ba397c7eee8ecda2a90308576e21aecd56
102,235,类型,enhanced_extraction,8256008ac1da880f4ccd98c91a62706c081efaec3136664704697a4f0d6c0215
111,122,类型,enhanced_extraction,1fce63ef8ed73f0b4875f31534b84a9bb554322448dacfa61a5a706ff84d0c65
9,719,包括,enhanced_extraction,c1231fc32b7acc4e77b3d47c231bf991895c5f25fb53cc1621c5a806c9e5df88
102,219,是,enhanced_extraction,c05ba5f476772e4d6770832e3f058e0a051e972c9903ee0eb4f1b22576168aff
4110,6821,决定,enhanced_extraction,6551e4f29c3305439143261758c3f849343fee3b43b99c08d0d1faa7161219a4
159,30,承办机构,enhanced_extraction,a65608ce773527b7983a5aece0459cc06f726806dea8fdf6475ac2fadc50adea
1,2,类型,enhanced_extraction,ad1d45ad7521ca0c05fb23c57aaf2048b6871fceaca67eca7a95dc4ad098e662
219,96,类型,enhanced_extraction,501d98fd934829def13421070a3527c368142d959d3066786d506a91cfa7e243
11,12,是,enhanced_extraction,4bb51718453a67d9015b846c6a68662b97572c0a9269a7df9df55bbbce96ae63
13,43,类型,enhanced_extraction,8acd6bcf339a66c572deeab51b58b67436511f74ee60c8462fe1fc4ddd2b5c71
11,12,是,enhanced_extraction,4bb51718453a67d9015b846c6a68662b97572c0a9269a7df9df55bbbce96ae63
394,12,行使,enhanced_extraction,b176dc098ad19b9af34b85581b7ee89569c4b1cbefd0d73652fe2706a383a6fa
80,102,行驶主体,enhanced_extraction,6f70e5b38c4c5c90d99a109fa6a457e1abb2ad0e4a89b5b6249e1d605f31a275
111,9,承办机构,enhanced_extraction,0e1b65ae7d6d6e353db7e399f405a5901a391d7cf7e5ce64d9691610e8aa234b
827,12,行使主体,enhanced_extraction,99cf731628411acfd1f8b81fa5f7bf94b63a2ab0ee1e2851aac7c5c450f2f302
13,519,是,enhanced_extraction,bb4ae818fa4f7383d140872148177d756707f6e9095b2adffdfdf922b4e7a6d2
130,12,行使主体,enhanced_extraction,f560c66e39df5f6e7d5a65a30056284a25c482f51a4c3a31a6b07b6102dc1c70
13,112,是,enhanced_extraction,4022fd75f8b3ae3cd82a12e79edef19e686577bef36580e293b55d8f1a5de71b
102,1753,是,enhanced_extraction,71e2f49ad0993376a3f0dbf42c283ecda8d87c79d26b3c8e1db311c39d2295af
3253,3259,情节严重,enhanced_extraction,e9581c2b7eaa1405ccc73f5bf8c9d7d9267f7093296176fd9a9eb06527008726
519,9,负责,enhanced_extraction,01c964a9e60fd7c39f3a4b0a715987962257dcd681e25593322d7f51c516ea41
11,218,是,enhanced_extraction,885d1711b265018c6b5869a35a061431728560bad04aaf3db12f272a809d4bff
102,80,是,enhanced_extraction,79e8d5b7618f13b08ba6bbab2160ead94042b778e9a4a7619d5ff0e34b6e7ca5
9,12,属于,enhanced_extraction,f0795b40f45aed0659748890f09b67ab13ac9efdbbdb3af2aa803c5e7adddb68
40,12,行使权力类型,enhanced_extraction,fdcc5e215c84eb8ce23c40da27a46fcd398198e5885ced13bdedeebd90d4c2bd
164,9,行使主体,enhanced_extraction,786ebd4ad9d4f9a7110adcce82b6fb31da86f193f9b2bcb48bcb6c3affd2526c
3,2,类型,enhanced_extraction,3b70aa90039396b8dd8d89f8e9f42366dfae85e8bbca8ab5470e12deca4cf72b
11,79,是,enhanced_extraction,7fc479b7c7f1a5e9a2ccc9b68850e59cde0b8d6838f1979d7b68f16db2615cd8
30,96,类型,enhanced_extraction,67ef09263d41efc13438e970d6b90d6ddeaebf07422d9d42053516d76b0dec73
9,12,涉及,enhanced_extraction,5248c9d3ca7ecbe057c9b7f8e4427fdc46140ce6caae924a22f2b15012daad62
102,96,类型,enhanced_extraction,3ae3aeb0c9938fc9352289b17986b74d2af21dddb657fa0b815d164c1bf8fa49
111,9,承办机构,enhanced_extraction,0e1b65ae7d6d6e353db7e399f405a5901a391d7cf7e5ce64d9691610e8aa234b
518,235,类型,enhanced_extraction,9660201625f3c7049d9b6789802c41aebd939cbe044d635a299a92a4ac0c24f8
518,9,行使主体,enhanced_extraction,5691c0f557154989f95b777653f7fc9c73b6201a1d5d89834932cf8da60c8586
14,12,执行,enhanced_extraction,4d116ce6be35e606f7485fbdd7e5afb729d1118a0c1123e93dcd657985fbd933
594,12,实施依据,enhanced_extraction,793a4fe79ce5afc6bee787caf6e84098be79d9237f4c87c8420f368ddd90857b
130,9,行使主体,enhanced_extraction,e6231a3f41095456f7d0aeeb3310511e6b22e58b92d76c1d45a50385a348b706
102,130,是,enhanced_extraction,927e2c3c89401500404e75bab06f2597a18d0881b1d81c4f2fb0034b46ecae9e
130,12,行使主体,enhanced_extraction,f560c66e39df5f6e7d5a65a30056284a25c482f51a4c3a31a6b07b6102dc1c70
14,122,类型,enhanced_extraction,d3d91c90b4b9122a9fcfca5f480e3cc5e9e5c6b142a143300638dc6e6b4471d4
159,122,类型,enhanced_extraction,ac95a8754b9cf555ad1f7b6963dfd724829642f155c6b04c4c82d577ec28198a
1178,1181,包含,enhanced_extraction,49a46253f44801b1babc1f2b54833abc1e31ab8b3b205ee20b881526c46977b3
111,122,类型,enhanced_extraction,1fce63ef8ed73f0b4875f31534b84a9bb554322448dacfa61a5a706ff84d0c65
230,45,类型,enhanced_extraction,2d06f0420c9321c7867d63dfc89791fed6289632631c065d7454058422464131
13,96,类型,enhanced_extraction,4803e8eb42d15abdff1d9bfe4e6c1566bd35eb1aebc56b2ea7064b5198d7da33
11,12,是,enhanced_extraction,4bb51718453a67d9015b846c6a68662b97572c0a9269a7df9df55bbbce96ae63
30,96,类型,enhanced_extraction,67ef09263d41efc13438e970d6b90d6ddeaebf07422d9d42053516d76b0dec73
11,12,是,enhanced_extraction,4bb51718453a67d9015b846c6a68662b97572c0a9269a7df9df55bbbce96ae63
13,4493,是,enhanced_extraction,eb36f155f036caa9dc9d08b97855f2e77aff01154ed70479036010d40304dc68
9,218,包括,enhanced_extraction,cbcd80216697ff067a682f7f82977cf3123386c3c221e46e7cfee61a3f6de173
102,30,是,enhanced_extraction,49e97e22d3d7e783a2f77af85dd754c7212b8e8b9cb9164e3d6ab83c48b52fac
455,12,承办机构,enhanced_extraction,21b81897cf3703c711067ced1bab27e399c17d64279d3872f89c72037ddcdfd8
197,9,行驶主体,enhanced_extraction,70e4930da8a6ec278344e2c62d65e511f8f7305ca61e57cb2621d252c04ae3df
4609,96,类型,enhanced_extraction,edae50a15a0de5ea56e53688e75e44abe1c32ccd478270cbe70f0f5137d1ce9e
102,96,类型,enhanced_extraction,3ae3aeb0c9938fc9352289b17986b74d2af21dddb657fa0b815d164c1bf8fa49
13,220,是,enhanced_extraction,90ed47a36b9c110511bb7444407ba8eea08c427edcf2fff05f0ff0d6fe893c08
1095,235,类型,enhanced_extraction,212ca5804e9da522108eca48b7075aef45876f09228942a37e6f402accd38db3
11,12,具体类型,enhanced_extraction,25bcddb95f4c3eed0f4d213d542f69ec0d3de5983628e90e874034cb5991e67c
11,12,包含,enhanced_extraction,c7108b0e6d2e3863b970d616b39759a19070792922effbf8d19d227196f88034
102,110,是,enhanced_extraction,931625c0f64df1f58f0f84dd2d22143b4df6e9a2d1d3b0507bc6a629951f6e38
30,12,执行,enhanced_extraction,82a9e12b95caef8cfff7f9ec8ee0f7ba186c16d3c4fb96af7151cb75daa69e1a
1178,11,行驶主体,enhanced_extraction,a1b9f20310e6118ee280701baae520ec7824b84f660e04f6e734a46c2dc54d87
233,6168,处罚,enhanced_extraction,3df65313cf65b33359707db31d2c1ea0f75e3e6e2fd0ca4ef355ef9242c08b31
216,122,类型,enhanced_extraction,1b9538bee24e1c7d07ab1e65d582f3b36814f850eefe1590ebd68a5ecd34ac54
411,9,行使主体,enhanced_extraction,43bf5c816fb09cac5b774608bda917c9353fb949b1442e71a38b3dc9949edc6b
220,12,承办机构,enhanced_extraction,d6dd83fe48b58aecde65a1553db5e9368a2092ae2cc2050a62981de65361d57c
11,12,包含,enhanced_extraction,c7108b0e6d2e3863b970d616b39759a19070792922effbf8d19d227196f88034
9,769,类型,enhanced_extraction,abda8e473523dc707640f41c3f1086e1f77e60b9b1ed70ceb6717a572a2c668b
159,12,承办机构,enhanced_extraction,6aff489ab10dbf8c13027d23db776f9011bc8513954287f449cc26e5f34714f1
275,43,类型,enhanced_extraction,162e5a088a39714dc58e4462aa4a7f52f8aaa26445fb2d84617078a03ee42b6b
102,1,是,enhanced_extraction,e7673144fe059008120004a15b8b74a285f82c6ab41977014fcf98bd828f26e9
15,415,是,enhanced_extraction,79437ff3a477f18a447515ea366b457a1e9ed69492dfcc1b5438b734cafc6f01
159,12,执行机构,enhanced_extraction,d812de7ddc571c5fb58970250731ce0a5948eca112d36c1d38f5ee74226955d0
220,2,类型,enhanced_extraction,3290145300d0f228aca4b94206cb5f8d3070fc7c12d41609f6d94a8d9fe02bcc
30,12,执行主体,enhanced_extraction,19981f76796d4c65e965c9efdcebd2e18d8754e0c9ef9e027d09081487efb847
9,11,包含,enhanced_extraction,5274af0039cfb20f667e5112a5fb84dd67e44706aa85fc6cfa2ece9266003c06
102,30,是,enhanced_extraction,49e97e22d3d7e783a2f77af85dd754c7212b8e8b9cb9164e3d6ab83c48b52fac
11,12,是,enhanced_extraction,4bb51718453a67d9015b846c6a68662b97572c0a9269a7df9df55bbbce96ae63
394,395,类型,enhanced_extraction,0cabdde31ae1fcebd92a770268873c959479b6d1ca68522c94e1a1584308dc57
9,382,类型,enhanced_extraction,4cfb3db1b2e67bf8b438df39105b31616b659cf569445ffadf95f4ce4ab87e94
11,12,类型,enhanced_extraction,6eb99ba2cff423e2571ef8f318749216e856ec529f754e4116cb373c00ca8cc4
234,9,承办机构,enhanced_extraction,ba570c47c490a3bfe283525b4362c3f3c29f0ad091f70e5425c7d0a12c532574
518,235,类型,enhanced_extraction,9660201625f3c7049d9b6789802c41aebd939cbe044d635a299a92a4ac0c24f8
13,9,负责,enhanced_extraction,516a26b918e3fc81e92b94ab800dee7c323d4a6abfacbc6e44d9ac672a3a28db
13,122,类型,enhanced_extraction,fe19e8b5dbf358107d721c0776af57adf1f5553bea6cbad339f4fc494cfb6524
11,2739,是,enhanced_extraction,ccfb10cb320b41b4683c868439b1abd742e438e457eb23607daccee771d46128
102,541,是,enhanced_extraction,c10c86adf4607cf1691d0bd045c623cbb274db26b95b6342e54f6bd9502352bf
1181,161,类型,enhanced_extraction,5e44fe4bc93b65fd47adf48190a5a73a7ae90e549fa197bcec0d031a4bb63b1e
2714,257,类型,enhanced_extraction,5616723ab784a4e815e8cf9237160c6aa5a344e0cff452faf9da7040304f8b37
79,11,是,enhanced_extraction,eded1ef8b8cda0c767ba5975434155285c793c8097b3c8c17b219b608f664321
783,799,类型,enhanced_extraction,f960b7ded013b5b46655b53ff6d54021e2dcbd86384216c97bc9885ab381191a
9,12,类型,enhanced_extraction,a0f990011f89318094029eddd7fc8433047738098f60167fd996d5cd597fc45b
30,159,包含,enhanced_extraction,746dad8207c11e936f9291a4d48652549063b984284c0ab2036a0471f7b9f7b4
12,11,类型,enhanced_extraction,d250a3e2b5b7ceab7cccbdfff1e3b8cbdc70239998775ce9a8b2acb81f9e7784
112,218,承办机构,enhanced_extraction,2b751ac65e7e3d1b09780f1912d3033fb6ef7138eee18420e0d0f08484c1f6bd
219,220,包含,enhanced_extraction,8b7708d9b974597fa619b00d18a4a7f59f367eb0a07018126fca60658bb2c5a9
1178,96,类型,enhanced_extraction,82a820e9e9351463ef12782f6eb3201635e8d2b5848fb6002526433540c1dfe3
11,308,是,enhanced_extraction,ecb06d577a5f273c2f13422e7f79961966e4fb437e16acc1fb731831344bc4db
13,4780,是,enhanced_extraction,1733a9a3f94d6149900a2c562638b3de67df60a5c8853f1a4961d598a03879eb
110,9,行使主体,enhanced_extraction,04e6686a6ac48a1d6a9411fec475951914afa06d06fa0a9960c1d911aebee2c4
1,12,行驶主体,enhanced_extraction,9bfa1898e8cbf4b49fdf063494f4bb7ced48919b5dd6bb8a6105698eca8dfce6
30,159,上级机构,enhanced_extraction,b7cd1f82cbcae5773c941a73bfd8d4c71cf1843096fbddc1bb7bde7cdd9a3602
411,9,行使主体,enhanced_extraction,43bf5c816fb09cac5b774608bda917c9353fb949b1442e71a38b3dc9949edc6b
102,30,是,enhanced_extraction,49e97e22d3d7e783a2f77af85dd754c7212b8e8b9cb9164e3d6ab83c48b52fac
4104,4369,修订,enhanced_extraction,c6ff52fc533c5ef707f3af1d74ed807309637211ec4dd43f9dd67bb1019aa7e4
470,471,追究,enhanced_extraction,b84422ebeee0481eb07281926198f1b2cee96058eeff2ea2dd37ec31b9771d67
79,11,是,enhanced_extraction,eded1ef8b8cda0c767ba5975434155285c793c8097b3c8c17b219b608f664321
13,804,是,enhanced_extraction,24d6121b5362449101f26062c969aba15606094c0488016cdf7fad27a9173d67
30,96,类型,enhanced_extraction,67ef09263d41efc13438e970d6b90d6ddeaebf07422d9d42053516d76b0dec73
9,12,包含,enhanced_extraction,6ab100b3be1034ebc59393e0f044cc8640333a0bf7c977502390e874381695cf
924,235,类型,enhanced_extraction,6502fbb8e3fa9d7732383e93c5fa5f2696379e3bc48ccefaedf483ab65a8eb06
12,9,涉及,enhanced_extraction,a0882012a94e74189d23dae9585c1bfe51019acf0f4e93de9e81c828e0002d7a
9,2576,依据,enhanced_extraction,b21d2b061b45074eb8e6f6adcb76671ccee12473438977b57598b40a936fd65b
79,11,类型,enhanced_extraction,357ff0f70265df4abbfc9fc67ba14c3a29f8b74763a0456e1d3a46a30f73d772
79,11,类型,enhanced_extraction,357ff0f70265df4abbfc9fc67ba14c3a29f8b74763a0456e1d3a46a30f73d772
219,12,行使,enhanced_extraction,45eb9736e1b4689e9b65745eadf6c355837885340fde605488842d816564e14c
102,394,是,enhanced_extraction,d8eecbbb48fe7bd4b15bf48fe20bd887dd02ba42ab16e82d066d61f0587213ef
519,9,执行,enhanced_extraction,7634fd153854067b5b9b1c4f6d13330db811d00b23a01ec014f0d254a5e67d02
24,387,类型,enhanced_extraction,a7cdcde9254d1443f610ded63158e61d43cb567d1230d54c99117dda33653d16
13,43,类型,enhanced_extraction,8acd6bcf339a66c572deeab51b58b67436511f74ee60c8462fe1fc4ddd2b5c71
164,235,类型,enhanced_extraction,8866a5643dda9800ef2ebe64cb4f09d680014b699236141406f7c4989d4bb83a
9,12,涉及,enhanced_extraction,5248c9d3ca7ecbe057c9b7f8e4427fdc46140ce6caae924a22f2b15012daad62
13,1328,是,enhanced_extraction,6d16a911059923c22385096365b6aeda187305eabeca17b8bd5671876d1a8c90
13,159,是,enhanced_extraction,42b286c8b69b7dd60715ddb4a4b5ec24d40c79d0cdc71cf056cb2f8e8981f706
102,394,是,enhanced_extraction,d8eecbbb48fe7bd4b15bf48fe20bd887dd02ba42ab16e82d066d61f0587213ef
14,12,承办,enhanced_extraction,35e5d5da707a8addb81493b8c8a0e74a5e03fe7bd39ee1104d3b30cd853e74a7
13,1232,是,enhanced_extraction,56adb333e634e8526af05b58a4ae5bc462cf15e4af0f4e7d872e4f3394bd0b7e
220,12,承办,enhanced_extraction,9c7ca49c2aa429afe321151d611cabcdaea2a6f2f1465868c03432d70df57fee
159,122,类型,enhanced_extraction,ac95a8754b9cf555ad1f7b6963dfd724829642f155c6b04c4c82d577ec28198a
30,12,执行,enhanced_extraction,82a9e12b95caef8cfff7f9ec8ee0f7ba186c16d3c4fb96af7151cb75daa69e1a
590,12,行驶主体,enhanced_extraction,6166c028d60a4e00e01cef4ffb1117dbdebab808c3e22992422c04ab99d24091
13,96,类型,enhanced_extraction,4803e8eb42d15abdff1d9bfe4e6c1566bd35eb1aebc56b2ea7064b5198d7da33
9,11,涉及,enhanced_extraction,7ae8447ac1e5647a8aa3baf7ec0bc973368bd067785b622cc60f265c86e357f5
308,11,类型,enhanced_extraction,5c0eec365b00bc4e2c71443c4e9773474bf7a0e553c792628304c57dc865328e
11,12,是,enhanced_extraction,4bb51718453a67d9015b846c6a68662b97572c0a9269a7df9df55bbbce96ae63
219,220,上级机构,enhanced_extraction,ca366247e647c60ece9d986ed045c6fa007912b803069bea031bd49929eebe3f
102,110,是,enhanced_extraction,931625c0f64df1f58f0f84dd2d22143b4df6e9a2d1d3b0507bc6a629951f6e38
191,9,承办机构,enhanced_extraction,35478bcc6284f967fe36dd11de1ab8079c660fa574e588fd5ca54e5c324a77e1
80,96,类型,enhanced_extraction,60589a9f7239b972454c94ebe1d88b353e4c9fad16152fb4bc372a569d001482
102,41,类型,enhanced_extraction,8591082d926a16420b37a69aca110d289d25c9479f998fd81e8ca9ec90148902
197,11,行使,enhanced_extraction,a6a0811afbc84f0a91ea1f01349a143fbd80a5407b94ed8eda7c0f5bdca76d22
130,9,行使主体,enhanced_extraction,e6231a3f41095456f7d0aeeb3310511e6b22e58b92d76c1d45a50385a348b706
111,122,类型,enhanced_extraction,1fce63ef8ed73f0b4875f31534b84a9bb554322448dacfa61a5a706ff84d0c65
9,3197,类型,enhanced_extraction,b11584cac725fbf93c25c206269c20c1900c88a2f398b9edd86ab173264d267c
9,12,类型,enhanced_extraction,a0f990011f89318094029eddd7fc8433047738098f60167fd996d5cd597fc45b
11,12,是,enhanced_extraction,4bb51718453a67d9015b846c6a68662b97572c0a9269a7df9df55bbbce96ae63
1270,3142,类型,enhanced_extraction,17f56d0ab1440609ed24853dc53a1c06f6f3251e2a55e7a09baaf0e82befcbaa
11,655,类型,enhanced_extraction,f28168f8ab24ccd272d75a00ca22a3cb4ad068071a8d5193db06fd1f2caaf088
9,12,属于,enhanced_extraction,f0795b40f45aed0659748890f09b67ab13ac9efdbbdb3af2aa803c5e7adddb68
1430,11,行使,enhanced_extraction,ea15b089fb85ab650fa18d8a15319dc88682f6e3900a46a86caf4faf2c07d0af
9,1051,依据,enhanced_extraction,05406a0d3cf9e200e8abb2f0fc7af4e1614c3c0607ac14469e7443e0eb441912
30,12,行使主体,enhanced_extraction,1e7200094dd34c790193171ddcf0ebf515cdc55593921a196744b29e5fa0a671
12,12,类型,enhanced_extraction,48f09bfb7639675b145d2e7adedd0b8770417c5f2d7f3a137131eba817dbca1c
13,519,是,enhanced_extraction,bb4ae818fa4f7383d140872148177d756707f6e9095b2adffdfdf922b4e7a6d2
221,6797,发布,enhanced_extraction,7cc816a0f0f78253f99e460d966b32586e73a03f36682cf17a458ffd0a2814ab
940,7922,指导,enhanced_extraction,0465ef29b31640de309d00b4637b3ca9dbd7c48972d2187d8a8204405294bfb7
220,9,承办机构,enhanced_extraction,6dd69cd817f625f75c23b92483e7fe5c21da29ae1d5971331682c0d100f26d51
9,769,类型,enhanced_extraction,abda8e473523dc707640f41c3f1086e1f77e60b9b1ed70ceb6717a572a2c668b
9,382,类型,enhanced_extraction,4cfb3db1b2e67bf8b438df39105b31616b659cf569445ffadf95f4ce4ab87e94
9,769,类型,enhanced_extraction,abda8e473523dc707640f41c3f1086e1f77e60b9b1ed70ceb6717a572a2c668b
102,30,是,enhanced_extraction,49e97e22d3d7e783a2f77af85dd754c7212b8e8b9cb9164e3d6ab83c48b52fac
1139,1145,类型,enhanced_extraction,4c6fd8dd6faa6800f2042dfda769bd4fb37d1f3c07ada378b7ae97684a907912
9,12,类型,enhanced_extraction,a0f990011f89318094029eddd7fc8433047738098f60167fd996d5cd597fc45b
102,394,是,enhanced_extraction,d8eecbbb48fe7bd4b15bf48fe20bd887dd02ba42ab16e82d066d61f0587213ef
733,735,决定,enhanced_extraction,3b8bbc28780845fc65bae11e1f3ba6bfc369367eab77786d0b2755a4ce9851ff
1900,2052,吊销,enhanced_extraction,408c597eb14b153db1667f282f66dcabdacd015e280e7779f280807b764dd8e8
6313,43,类型,enhanced_extraction,0f7e00cf725924dd1a36ca7703562d8db602b61564e49654b25a854f6f4f104c
11,12,是,enhanced_extraction,4bb51718453a67d9015b846c6a68662b97572c0a9269a7df9df55bbbce96ae63
30,800,类型,enhanced_extraction,4608356343e4d8fc99ecc9c76c7894a6357ac31f065c0dad6b4f274cbf62bd21
11,12,是,enhanced_extraction,4bb51718453a67d9015b846c6a68662b97572c0a9269a7df9df55bbbce96ae63
112,122,类型,enhanced_extraction,7ae865bfc46cdf8d9a898f26fcc7f9f2bde7ef11aca8f3054fe0623692e5b7f3
164,96,类型,enhanced_extraction,cee014ad6e4a569563c8424370d6d3ab0ae2b302dcef061273248f9442963009
13,69,包括,enhanced_extraction,fee1c970fabefbf3d4b20fcc42027b5faa56136df4fc24e4bd8f6e99655cdb2c
102,411,是,enhanced_extraction,50c3f4569f450f4227ffb66313bc13b6aeb56246586b99cda4be69d2996ef678
102,394,是,enhanced_extraction,d8eecbbb48fe7bd4b15bf48fe20bd887dd02ba42ab16e82d066d61f0587213ef
13,12,负责,enhanced_extraction,5a9de80b4d512ee72fb8512455537084dc4da8c35e704ab35c6f97681a356505
11,12,是,enhanced_extraction,4bb51718453a67d9015b846c6a68662b97572c0a9269a7df9df55bbbce96ae63
233,12,行驶主体,enhanced_extraction,f169b55ecf2518c26904a2a9394b3c534c6a1df66efc8bc9f04e31f3637d6da2
11,350,是,enhanced_extraction,7fa4f4b4033afd36ccb46abeecc8e5a8711fa14f70e617b795e2b335abf2616f
12,825,类型,enhanced_extraction,f23b6e42d2ddf04052d4f66c49219b5c90dd417a9a4460243b7b8ea5f9fb26d4
30,96,类型,enhanced_extraction,67ef09263d41efc13438e970d6b90d6ddeaebf07422d9d42053516d76b0dec73
197,96,类型,enhanced_extraction,3613e63056aa1a9b98e7f24d4a8017b1defea35408ff820f4a06659c6c6fc3f3
102,13,包含,enhanced_extraction,d45e11e290f5e12af61d2d247c008b275c494c5a8605ba90a9ec0bee8afba900
30,9,行使主体,enhanced_extraction,e5c3d2ac83f2327f2610e99efd5375f04df010240d8cb35905e011c0fb5f6a2a
3253,1052,构成,enhanced_extraction,164f2b691376fbe583547fda5950038646b12a71e55491dbeb5c77351afce9d7
164,460,包含,enhanced_extraction,fb6be1d28bcc5b3dfb60b3dae15fd943df1ccd90f2ef7f33d6eee8d9bf1ba733
102,394,是,enhanced_extraction,d8eecbbb48fe7bd4b15bf48fe20bd887dd02ba42ab16e82d066d61f0587213ef
11,12,是,enhanced_extraction,4bb51718453a67d9015b846c6a68662b97572c0a9269a7df9df55bbbce96ae63
458,235,类型,enhanced_extraction,8157a553fe7181220f046c50342937dcc048e19359b1e96f758d6bc7bcf2be58
233,2,类型,enhanced_extraction,e1c381876bd4acd79a0e3b95a6e03466b24e0df1332de524b986803ab4c27f51
2043,1293,类型,enhanced_extraction,f41abf2ac1e345da1c73a1a6480e1307717ab7dde86dd16b749b2a4f34e43834
13,748,是,enhanced_extraction,389b39504569943f57f4f2b026f3d4dffd72a23444de549ec247c643ec3a02f2
146,8220,采取,enhanced_extraction,9eaf3e1a1bb77bff959f799b21e0fec2f2e6bf0dfb8afbcdf96fe6bd64a33919
518,12,行使,enhanced_extraction,74ee359ad32fbccb2ed5620949558880c13e39e8ae62bb213f2ffc5bd5263a05
14,12,承办,enhanced_extraction,35e5d5da707a8addb81493b8c8a0e74a5e03fe7bd39ee1104d3b30cd853e74a7
13,112,负责,enhanced_extraction,a65df2f8a9f85e66a64779ed7abffeb44ba9d868c7ac1f00091aba14b15fc224
4033,1355,类型,enhanced_extraction,dbe8d539f1394864847cc706f293ecdb20a0ba787661fcb13d7c63f77bc9e636
12,11,类型,enhanced_extraction,d250a3e2b5b7ceab7cccbdfff1e3b8cbdc70239998775ce9a8b2acb81f9e7784
935,1540,主管,enhanced_extraction,1367eed3f34b2b59eeefed4517a92d40feb97bc548a4519f2cf26869956a2951
219,220,上级机构,enhanced_extraction,ca366247e647c60ece9d986ed045c6fa007912b803069bea031bd49929eebe3f
30,9,行使主体,enhanced_extraction,e5c3d2ac83f2327f2610e99efd5375f04df010240d8cb35905e011c0fb5f6a2a
7578,45,类型,enhanced_extraction,9dd9e44635d9006f5cdc8616d5190770ac147594f1d45a23331fff7c51b24f28
30,12,行使,enhanced_extraction,e32ba06d18071d6a8384351a3a10393f6606ad032542fde73f276d5e7e5dca46
102,617,是,enhanced_extraction,9e86035caa5a629fa345d5f7a9cba435e3f868815a4ede6dd36551666ef71d8e
997,35,是,enhanced_extraction,f01f61b3d8c14a058c0b44f8bf6370da91ab50742b59f111e0c8386e182fd8b0
9380,1,承办机构,enhanced_extraction,7d16e9e139e896db4f05447e217826df8f993cdb7ecd6e9d2f79df3e3a45f6d6
9,12,是,enhanced_extraction,d3edcb6a030ff06d1610ce9ca5ddaad453d12646bad6185294116bd7938a7c7b
1328,43,类型,enhanced_extraction,388c7f771f9d4ef9db2a16f2518e42c51ae8c4e8a5e0bfb93ca61d1e390f3be4
11,12,是,enhanced_extraction,4bb51718453a67d9015b846c6a68662b97572c0a9269a7df9df55bbbce96ae63
519,13,是,enhanced_extraction,c1be96808ebf0edd63f3311dcbea6922177b280be80d6f185b4583ef0b0206a6
30,159,上级机构,enhanced_extraction,b7cd1f82cbcae5773c941a73bfd8d4c71cf1843096fbddc1bb7bde7cdd9a3602
9,11,涉及,enhanced_extraction,7ae8447ac1e5647a8aa3baf7ec0bc973368bd067785b622cc60f265c86e357f5
1051,6,类型,enhanced_extraction,c10ab368787886a9896b8320e939ed36cfdd2572f4d3654722af44b694987da3
3153,9,实施依据,enhanced_extraction,d4bb465865da9e8414537fda199c0186f03c6ae2f297b09b146086f11c88069e
220,12,承办机构,enhanced_extraction,d6dd83fe48b58aecde65a1553db5e9368a2092ae2cc2050a62981de65361d57c
230,86,规定,enhanced_extraction,6fce83b11b2940853316f49b89096ebde1fbb295e81fcaa292031c02e00bec0f
520,35,类型,enhanced_extraction,bf3d62bf030c3c4c11888f1417a06c068df72132ed03773462a35b512b30d1e9
219,220,管理,enhanced_extraction,99ad407c98cd340a67b7cc53295c079e967a6bc513a2f41de3740de42c0eab53
220,12,承办机构,enhanced_extraction,d6dd83fe48b58aecde65a1553db5e9368a2092ae2cc2050a62981de65361d57c
105,45,类型,enhanced_extraction,d431acfe324a78a86d7cc69cb91ddde6daeb2930a8ee77fdb73f9b7ec75ed94d
1330,43,类型,enhanced_extraction,9f173379927c482a22146e09b2802711332aba78913d59ce476ced5e08012ba8
1,96,类型,enhanced_extraction,1b53d6d7bceb859c9994c8f868edccb566495452b198b46bc26063c03b409d3f
1493,12,承办机构,enhanced_extraction,b5837d854df6b6aa6d9705e48f16e863dc29b2c1060a624aac1eef01548f094e
233,234,承办机构,enhanced_extraction,faf5ef990cf45b1cded6fd418128e05ed263db819953403cd233da482f6c0fa1
3923,96,类型,enhanced_extraction,e9a36fc9f7752045073e10564005956256e88f0c99d4122bcfab2512d2e92e2c
233,9,行使主体,enhanced_extraction,5e183a336d20352bd8b994006317c9b8b8906deb81b1c6c331037621a9ba156c
102,1,是,enhanced_extraction,e7673144fe059008120004a15b8b74a285f82c6ab41977014fcf98bd828f26e9
635,235,类型,enhanced_extraction,2d85d2c25af4d806cf2d65c13079d6ba397c7eee8ecda2a90308576e21aecd56
13,103,是,enhanced_extraction,1b5b4a6b26df270a9c16a69f9d5e70d230d38e452e30a89449afe7a565899b1f
30,12,行驶,enhanced_extraction,0fdca1b4d2e06caaa5389781924ea0725c38585533b53a15a68a1a2adf953d6d
2707,9,承办机构,enhanced_extraction,48f3fae9e4e50f3592e5f9cf150be68a79cf11984df6d1948f805b59336c6833
387,319,类型,enhanced_extraction,2a13619c13c9c8f25df43877f7687fb51439ee4130b5e30d96b2838449d93b02
4622,35,类型,enhanced_extraction,233f1e5cfd057e33ebc53844f9f9f239d819b47810ba8716396575ee65b4bd23
518,96,类型,enhanced_extraction,ca4c852d22c9f6bdfc513253282bc67bff8cd2e622b68afaf99e5bc03e16ac4c
11,12,是,enhanced_extraction,4bb51718453a67d9015b846c6a68662b97572c0a9269a7df9df55bbbce96ae63
11,308,类型,enhanced_extraction,0ff5ea162302b0bbab4e3bd9fc4326cf81f15ef7e767f095eada26f186e15a6d
102,96,类型,enhanced_extraction,3ae3aeb0c9938fc9352289b17986b74d2af21dddb657fa0b815d164c1bf8fa49
102,96,类型,enhanced_extraction,3ae3aeb0c9938fc9352289b17986b74d2af21dddb657fa0b815d164c1bf8fa49
30,2,类型,enhanced_extraction,c0d1532887cdfd00b79b6bb0d2bbc73841cf049bb0da64334f00e0300014746b
80,12,行使,enhanced_extraction,b7c835b09d1f20631e9d7d7d01b37c7bb294e1a10372bdd571ac8501f9e770f8
9,12,属于,enhanced_extraction,f0795b40f45aed0659748890f09b67ab13ac9efdbbdb3af2aa803c5e7adddb68
112,235,类型,enhanced_extraction,6d63d909d24b245db5e507c453a9c89caf0d2552810df5b6d13dbdd40976ccb7
2374,2374,类型,enhanced_extraction,03df9c41dc9926df01ebe333e6abfd3f99cd0298decb24336f4a2f9a49671609
232,6170,未按规定使用,enhanced_extraction,b934f7ae0459c43db05e7c5c26de4028e8fe5d998f4928d20bb2460dcebedc57
11,12,是,enhanced_extraction,4bb51718453a67d9015b846c6a68662b97572c0a9269a7df9df55bbbce96ae63
219,220,上级机构,enhanced_extraction,ca366247e647c60ece9d986ed045c6fa007912b803069bea031bd49929eebe3f
112,235,类型,enhanced_extraction,6d63d909d24b245db5e507c453a9c89caf0d2552810df5b6d13dbdd40976ccb7
102,1178,是,enhanced_extraction,033cc9758b99b8d0dda0d93e5162b7134d81287fad4be69c866ff9f9b16a7a4d
14,541,隶属于,enhanced_extraction,de670bf1b9ec4d5f9fc1d3c130201ee84befd5513c34316226b56308e95ccb58
13,189,是,enhanced_extraction,51ab7bb9b15d4c43166a75de0ba6e305ad5a7cba5be965140334bfb7be0927a6
112,9,承办机构,enhanced_extraction,8c5141659c6f1ee72a6318e02df92ddfe59b9b1688527026bd5d1ccd13b7ea53
102,80,是,enhanced_extraction,79e8d5b7618f13b08ba6bbab2160ead94042b778e9a4a7619d5ff0e34b6e7ca5
1178,11,行使主体,enhanced_extraction,07324759572891d36655d56446776ba0d75cd6110002f20760131191cba0e06d
11,12,是,enhanced_extraction,4bb51718453a67d9015b846c6a68662b97572c0a9269a7df9df55bbbce96ae63
2707,9,承办机构,enhanced_extraction,48f3fae9e4e50f3592e5f9cf150be68a79cf11984df6d1948f805b59336c6833
375,35,类型,enhanced_extraction,7fc4c68c29883d2e9748832556420940360fec4bc2e2b2a8af534498668e90f5
873,874,类型,enhanced_extraction,c0c9e34cee3b32dd492c4362e8d4d2b4df5bacb50e1dccc6e7c25cc588d86122
15,720,是,enhanced_extraction,e24775680b45dffc2e484c66ae5c7af6f0bdc55275ec6dad3ddac6a763fe4bf3
79,11,属于,enhanced_extraction,e2c765377dddeb2b2bb3e2ed6638fa3659b77196b66ecff856789a0a2ff09abb
1,96,类型,enhanced_extraction,1b53d6d7bceb859c9994c8f868edccb566495452b198b46bc26063c03b409d3f
14,12,承办机构,enhanced_extraction,b3f78f8d91a41eb1f2403baae337ba2537aa7882221cddeb31a73ca4a80babfe
102,518,是,enhanced_extraction,69503e4b392f7ae31ef14944ea242179127a6741c15d2612e282d2da4d329d33
13,112,包括,enhanced_extraction,c1c571fb1d8601d6e86edffe190ed143e8edabbf9d70d060c2b755ec7778c1a5
2049,508,没收,enhanced_extraction,7c5af1ce6c210d2f95d18633ceb5dd4e32cdde5d8b0623da0b7d99fd0da49b1d
12,825,类型,enhanced_extraction,f23b6e42d2ddf04052d4f66c49219b5c90dd417a9a4460243b7b8ea5f9fb26d4
11,158,类型,enhanced_extraction,cda646284c8305fbf7150a4885df91557c57facfeb63be63e446a3533d4aeb8d
11,1766,类型,enhanced_extraction,6715f80683b990220e06ce593cc5b61a54c2ee5053c62a650461ac7471c5fadb
164,158,行使,enhanced_extraction,46dd0bcc3b5c2d96944bb4a6050c6ebb134c8154e1d2142689c8523135ae9abe
13,159,是,enhanced_extraction,42b286c8b69b7dd60715ddb4a4b5ec24d40c79d0cdc71cf056cb2f8e8981f706
1,1,行驶主体,enhanced_extraction,3f7409413381e4b6fedcd51d29d245e331434bbf10e7e443555fdecf0d2a6dbb
11,12,类型,enhanced_extraction,6eb99ba2cff423e2571ef8f318749216e856ec529f754e4116cb373c00ca8cc4
9,12,类型,enhanced_extraction,a0f990011f89318094029eddd7fc8433047738098f60167fd996d5cd597fc45b
11,158,类型,enhanced_extraction,cda646284c8305fbf7150a4885df91557c57facfeb63be63e446a3533d4aeb8d
11,12,是,enhanced_extraction,4bb51718453a67d9015b846c6a68662b97572c0a9269a7df9df55bbbce96ae63
4780,9,承办机构,enhanced_extraction,439689dd9ecbc462bc00dba5c02d47d4d4ff5de320b4c613eb8f4e9d67b0172a
9,783,涉及,enhanced_extraction,20263e49b0c2d0da4e5645491826226d92b36c47a25183ff4dd06768d9cc4ac2
11,12,是,enhanced_extraction,4bb51718453a67d9015b846c6a68662b97572c0a9269a7df9df55bbbce96ae63
102,541,是,enhanced_extraction,c10c86adf4607cf1691d0bd045c623cbb274db26b95b6342e54f6bd9502352bf
130,12,行使,enhanced_extraction,83fc5708b6d0668d564571b1d0befad733e197176f4239bc10490e9028455241
30,159,包含,enhanced_extraction,746dad8207c11e936f9291a4d48652549063b984284c0ab2036a0471f7b9f7b4
308,11,属于,enhanced_extraction,90a28b0ff8edc5a7791549ca7de9125e1de7b79b577b744daf1b4c5c9a804d83
220,122,类型,enhanced_extraction,ddd43b42b4429e1c8753259e67864f412dcf75e1a32655082ac7d10ea54ab3c4
30,96,类型,enhanced_extraction,67ef09263d41efc13438e970d6b90d6ddeaebf07422d9d42053516d76b0dec73
12,11,属于,enhanced_extraction,1c070514f019fc07536ffe381f9b1714c0fa030181e73dc73366c74ecb5406e1
9,12,包含,enhanced_extraction,6ab100b3be1034ebc59393e0f044cc8640333a0bf7c977502390e874381695cf
234,9,承办机构,enhanced_extraction,ba570c47c490a3bfe283525b4362c3f3c29f0ad091f70e5425c7d0a12c532574
1181,43,类型,enhanced_extraction,a791419dfc30ac660cbfe6e275f814dcef5d2359df7c514a0241d04691faaf52
11,12,包含,enhanced_extraction,c7108b0e6d2e3863b970d616b39759a19070792922effbf8d19d227196f88034
308,383,类型,enhanced_extraction,f9011632fd22256099974e044b81db70eb8f18cea42bc67927130b1d77070c1a
130,1408,承办机构,enhanced_extraction,6781187b03c60a5b01a9e7529bfd1570d6faf5e16586aea48bad576f3279a5e9
164,41,类型,enhanced_extraction,11ea232750483c1cfb361ef607ee61221e39683b61eaac96f22799cb4403b841
605,1941,由,enhanced_extraction,c1fc06e60599f3cc97d75a0bf85fdf29ab527b4ff7632cb79692079ac44eb9c7
30,9,行使主体,enhanced_extraction,e5c3d2ac83f2327f2610e99efd5375f04df010240d8cb35905e011c0fb5f6a2a
518,12,行使主体,enhanced_extraction,2ba35e8b565b7971ada29b084e323fbfddf99769575080927fac14c157526308
102,652,是,enhanced_extraction,480c0876cb664f8ea265e948b861a742da918153c87a718afc35134a7f352dff
79,11,权力类型,enhanced_extraction,e69687f7d008e5e324081cad0b9357df3c4c34926d78b99a6ac6115f4f0b46e3
159,30,属于,enhanced_extraction,c3825fc2b1e1126ee556ae3002c5a7c983ea85fd3c2a188e725e7e38dc5500e4
14,12,承办机构,enhanced_extraction,b3f78f8d91a41eb1f2403baae337ba2537aa7882221cddeb31a73ca4a80babfe
102,411,是,enhanced_extraction,50c3f4569f450f4227ffb66313bc13b6aeb56246586b99cda4be69d2996ef678
228,45,是,enhanced_extraction,7270bcf2fc3e181e542d6311d3c8eda452ccea1da2cc96cc1eca15b0dc20241b
102,800,是,enhanced_extraction,12b37804598df8c76a91ef4a991c3861e116a978c2c703f0f6ef8cce0a0693d8
1281,12,执行,enhanced_extraction,431d0aff3777d66729f247e1a4eab794f4bd347880879e386c7f16d2b0ef41bb
15,1768,来自,enhanced_extraction,a42595fad1aba37e8e2940452d21ae746f203e9cca8550e97278606a76075ab4
960,22,执行,enhanced_extraction,8ba2ef3839a2918087782aff0e17ee8d6e0528a670f5ae38c058dbd094b51991
9,12,对应,enhanced_extraction,564f2b9a43a7b149c433db6575e94b9149718ec6b5f83f7abaca5d4af15685ee
11,79,是,enhanced_extraction,7fc479b7c7f1a5e9a2ccc9b68850e59cde0b8d6838f1979d7b68f16db2615cd8
102,30,是,enhanced_extraction,49e97e22d3d7e783a2f77af85dd754c7212b8e8b9cb9164e3d6ab83c48b52fac
164,158,行使,enhanced_extraction,46dd0bcc3b5c2d96944bb4a6050c6ebb134c8154e1d2142689c8523135ae9abe
102,590,是,enhanced_extraction,af8450272caa216288b50d8943d597639c2353f39db848cf16ccd0ab8ea4aa9d
455,197,隶属于,enhanced_extraction,3b973240a77e0b0e03b6fb2c3a885cb1a951617cb4914bf3f310b474cad1eb8d
13,7577,是,enhanced_extraction,551db865896bfdad24fc8779ed0706c862800f347c7ce5062a639cbcfad9c157
9,10,监管,enhanced_extraction,007b1d153e669cbfe8a1d44c96ca36a2523f9fac401e54e5b32c574f993bf4c1
164,158,行使,enhanced_extraction,46dd0bcc3b5c2d96944bb4a6050c6ebb134c8154e1d2142689c8523135ae9abe
9,11,是,enhanced_extraction,4b6f778e949cb9e94361e110cb9302145c07800709b333ad4ac404bcb6ac4f6a
11,12,是,enhanced_extraction,4bb51718453a67d9015b846c6a68662b97572c0a9269a7df9df55bbbce96ae63
9,12,属于,enhanced_extraction,f0795b40f45aed0659748890f09b67ab13ac9efdbbdb3af2aa803c5e7adddb68
1,12,执行,enhanced_extraction,022c6d86f9687f6817a88c37465cd7aa58310509b00977c0c3f3bb34606be59c
102,1,是,enhanced_extraction,e7673144fe059008120004a15b8b74a285f82c6ab41977014fcf98bd828f26e9
12,11,属于,enhanced_extraction,1c070514f019fc07536ffe381f9b1714c0fa030181e73dc73366c74ecb5406e1
159,30,隶属于,enhanced_extraction,42cfcbe108331164aaecb1f0d4a40291b19609fdae9d1c489c91e88ef0bf9eaf
13,41,类型,enhanced_extraction,1dfae58022fd91b047d3fda6aee6b5855c358e74bf9b6f42c46bcbd3b90b1866
12,11,类型,enhanced_extraction,d250a3e2b5b7ceab7cccbdfff1e3b8cbdc70239998775ce9a8b2acb81f9e7784
233,96,类型,enhanced_extraction,403d8d284bb442ebedf3ec08f061bbf2ab967b37d33ba94afbf403814c3b994b
518,9,行驶主体,enhanced_extraction,9f7cc43704a0f7811599cf108ae6174a048d79b48f1dad0da4161d95bc70a836
197,96,类型,enhanced_extraction,3613e63056aa1a9b98e7f24d4a8017b1defea35408ff820f4a06659c6c6fc3f3
821,3854,依照,enhanced_extraction,2e511960b67b34ac283891cbe079a7de55a88d033cf65a8b6889332138718a6a
842,976,有,enhanced_extraction,a7ab576ab7858ee731dadf361289a177dd6f3bb39134739285a736441eaa9dce
11,308,类型,enhanced_extraction,0ff5ea162302b0bbab4e3bd9fc4326cf81f15ef7e767f095eada26f186e15a6d
164,748,包含,enhanced_extraction,98b8f4d7fba4166cb034864291014665acab73886c076b1df7cadeca21693da7
11,12,是,enhanced_extraction,4bb51718453a67d9015b846c6a68662b97572c0a9269a7df9df55bbbce96ae63
518,235,类型,enhanced_extraction,9660201625f3c7049d9b6789802c41aebd939cbe044d635a299a92a4ac0c24f8
9,3628,包括,enhanced_extraction,7d54b5855c86223e0ecb987b914e4b8ec0a588a6fd224bb9d63e287f99ffa5e4
427,24,处以,enhanced_extraction,d51020868eb7336fb5cd4cf9669cf63ab5ea1e28763bad774a89138ffdf565d2
2440,2431,监管,enhanced_extraction,402b4b67b02b75e756d6fbb8582c8456033463e61993d1d3017a820c63a6f453
11,383,类型,enhanced_extraction,eb32e2ff01a2a217bce44e202d150b4b0d98df76bb019edc27e4aca0d14ab46c
13,2135,是,enhanced_extraction,dff8ff57dfc52c171b4245161c7afa0ad24e9cff14062577c718db807a97f3d8
11,12,是,enhanced_extraction,4bb51718453a67d9015b846c6a68662b97572c0a9269a7df9df55bbbce96ae63
80,2,类型,enhanced_extraction,98856eee1500bf3a4e1fc0d417cd688700fff760c33587e521dcf98dd3ecbd8d
387,12,类型,enhanced_extraction,1afc5e66d361957615d7b2f1895d09969e0e771d7e317b93d6b1a5721201545d
9,783,包括,enhanced_extraction,7039d08f9f9388a222c6eb74bbacb40a70a440b5ec49f7c46bf3a07f4fbdc7fb
9,12,涉及,enhanced_extraction,5248c9d3ca7ecbe057c9b7f8e4427fdc46140ce6caae924a22f2b15012daad62
234,96,类型,enhanced_extraction,3baf7b40f92723c55d2b40339b3580c522c6bff1c964fc370f6b478f832838c4
219,220,包含,enhanced_extraction,8b7708d9b974597fa619b00d18a4a7f59f367eb0a07018126fca60658bb2c5a9
519,9,承办机构,enhanced_extraction,b0629528aff73dc1b3152c49d06e06bd7bce855de12798666cef753fa18bf60f
219,96,类型,enhanced_extraction,501d98fd934829def13421070a3527c368142d959d3066786d506a91cfa7e243
4110,6820,决定,enhanced_extraction,3df8e0252c686dd803fcf886a3297a2db8bf4876666c67db2c4c751db067f48f
9,12,涉及,enhanced_extraction,5248c9d3ca7ecbe057c9b7f8e4427fdc46140ce6caae924a22f2b15012daad62
9,210,类型,enhanced_extraction,f474ff0499a08790d60a07797619e6890a07d8384c0077143cc80cfd45f47cb1
102,630,是,enhanced_extraction,c1c8a26c66f52ac0b8154deff231b378003b0afd788f0fae9480ad6ff66bb5eb
13,122,类型,enhanced_extraction,fe19e8b5dbf358107d721c0776af57adf1f5553bea6cbad339f4fc494cfb6524
1346,43,是,enhanced_extraction,f7bd8c3f5046a7911b4b995cc31e37a38a5e0a76b2f084e489ef294fad732e16
9,242,类型,enhanced_extraction,7c4db01f0639d9a2c1b3cb8eabf326c97aa2c3bc45933927e8f3e398c9317e43
935,933,包含,enhanced_extraction,6c8b1ca455b4a3a163fb06ada78937d45ae43de6f0e18378e177a6e3cadec780
220,12,行使主体,enhanced_extraction,46467cea3cf6c67de5fdb44e410b506ddc4fa10614be2e92da051c68d1173b38
9,12,涉及,enhanced_extraction,5248c9d3ca7ecbe057c9b7f8e4427fdc46140ce6caae924a22f2b15012daad62
9,12,包括,enhanced_extraction,66e824895756390db1c636c4053b4928fcc877e22be96bfcd0a76f7bed15af5f
14,12,承办机构,enhanced_extraction,b3f78f8d91a41eb1f2403baae337ba2537aa7882221cddeb31a73ca4a80babfe
11,12,是,enhanced_extraction,4bb51718453a67d9015b846c6a68662b97572c0a9269a7df9df55bbbce96ae63
541,12,行驶主体,enhanced_extraction,27712a8afe06ca5c09cc70585b267dd127453cfbf04bcdbdd8a32c2e4c178a91
102,1,是,enhanced_extraction,e7673144fe059008120004a15b8b74a285f82c6ab41977014fcf98bd828f26e9
387,825,类型,enhanced_extraction,9d8bfc3a369e72268c77486d8fe949ff0ee9eeef4f76e6020972a6672ad68d5d
11,12,是,enhanced_extraction,4bb51718453a67d9015b846c6a68662b97572c0a9269a7df9df55bbbce96ae63
9,12,类型,enhanced_extraction,a0f990011f89318094029eddd7fc8433047738098f60167fd996d5cd597fc45b
11,173,是,enhanced_extraction,e80c77fff190a0c0b456340055f218f262ef2190e76f90c2dafd8b554948135f
281,874,类型,enhanced_extraction,c73912c073f5c2d2ba0823f71a17e18927d6c3ca462fd22682d563c59a59b513
13,9,负责,enhanced_extraction,516a26b918e3fc81e92b94ab800dee7c323d4a6abfacbc6e44d9ac672a3a28db
1,96,类型,enhanced_extraction,1b53d6d7bceb859c9994c8f868edccb566495452b198b46bc26063c03b409d3f
15,7034,是,enhanced_extraction,a3f9b6d07f79e344159274eb53b57bba3949e2f86879faf53c90ac0f728310de
2243,96,类型,enhanced_extraction,c66b39d7d8d5915a9295575891b9b5aadc4a7aaae99c9c0c51ff9d093a20b684
102,219,是,enhanced_extraction,c05ba5f476772e4d6770832e3f058e0a051e972c9903ee0eb4f1b22576168aff
11,12,类型,enhanced_extraction,6eb99ba2cff423e2571ef8f318749216e856ec529f754e4116cb373c00ca8cc4
9,719,包含,enhanced_extraction,5bc53b1e9229dd599ab9a76c432d1bce8bc09b1f79af8d1aaf52bea19fae5b36
13,111,是,enhanced_extraction,e92990fdba5592a3b6fcc22d9ea34b712eeb46b1805330cd6168afde79c38daa
9,12,涉及,enhanced_extraction,5248c9d3ca7ecbe057c9b7f8e4427fdc46140ce6caae924a22f2b15012daad62
2714,96,类型,enhanced_extraction,11561c492c580543a5b3cce7e38af920473443006620dc7406f6795a45e1864c
220,12,承办机构,enhanced_extraction,d6dd83fe48b58aecde65a1553db5e9368a2092ae2cc2050a62981de65361d57c
272,96,类型,enhanced_extraction,24866607423304c63309f8656cf902e40eb6334f9452ddb1343aa529408e2170
11,12,是,enhanced_extraction,4bb51718453a67d9015b846c6a68662b97572c0a9269a7df9df55bbbce96ae63
1468,235,类型,enhanced_extraction,3b49e9b159034a118e2270c23a6d78ca52bcb22b015437cbefcf3b28408e14a3
102,110,是,enhanced_extraction,931625c0f64df1f58f0f84dd2d22143b4df6e9a2d1d3b0507bc6a629951f6e38
164,41,类型,enhanced_extraction,11ea232750483c1cfb361ef607ee61221e39683b61eaac96f22799cb4403b841
11,308,是,enhanced_extraction,ecb06d577a5f273c2f13422e7f79961966e4fb437e16acc1fb731831344bc4db
11,12,包含,enhanced_extraction,c7108b0e6d2e3863b970d616b39759a19070792922effbf8d19d227196f88034
130,12,执行,enhanced_extraction,9bfaa1f1ec1d56541b946fe67ea3303334783479ca907690cd46585a989c6bcc
9,130,由,enhanced_extraction,330276e0db479fb0a1ca0b15c99d9f6f7eb73ceae7825f34ec50df01bc56318b
759,120,类型,enhanced_extraction,40a06f7514695dcabb17a8a53cca60924635c7f1cd7b4d5cf12c8e4566d80462
1,12,行使,enhanced_extraction,c08e68caf7e0c37bae356d0d904b65ddeaf393789cacb1d0dc97b5562f140732
81,12,承办机构,enhanced_extraction,1535f36766c4ca8db21c6ff09e8fb4820c7af3f5bd95dc3d3de36c43359f859d
233,158,行使,enhanced_extraction,963097439bd6c3d6936e3215236ffeb21bce32de77b2e5c24b2ba664108fdb00
164,41,类型,enhanced_extraction,11ea232750483c1cfb361ef607ee61221e39683b61eaac96f22799cb4403b841
159,12,执行,enhanced_extraction,b372eda1732d81dec32e0418db59c729418cb4f85c0d667370ae68045858fa65
102,164,是,enhanced_extraction,a80ad6ee4e5699c85935b930e4979b0e242208aeb958dbce2322b0ef11af2eb2
102,110,是,enhanced_extraction,931625c0f64df1f58f0f84dd2d22143b4df6e9a2d1d3b0507bc6a629951f6e38
387,825,类型,enhanced_extraction,9d8bfc3a369e72268c77486d8fe949ff0ee9eeef4f76e6020972a6672ad68d5d
1430,9,行驶主体,enhanced_extraction,fd61dd6e35401113924640f77c6dedf01c046a72d00f398418f62a94694e2b81
12,11,类型,enhanced_extraction,d250a3e2b5b7ceab7cccbdfff1e3b8cbdc70239998775ce9a8b2acb81f9e7784
11,246,是,enhanced_extraction,a2d3c17ff98d95b68d81ab10fa2b2896dde7f953c8ef7d6ae541fab0d0ee56a9
13,1330,是,enhanced_extraction,d024f540df565e8dea4c28ade5ccf360e89c6bc2c648915770d0259e02b4a925
11,12,是,enhanced_extraction,4bb51718453a67d9015b846c6a68662b97572c0a9269a7df9df55bbbce96ae63
218,11,类型,enhanced_extraction,bb26e13773f7c4d179f747f7f5ed17132f05fd0a52aa6a784280b7cedc72f376
79,11,属于,enhanced_extraction,e2c765377dddeb2b2bb3e2ed6638fa3659b77196b66ecff856789a0a2ff09abb
13,519,是,enhanced_extraction,bb4ae818fa4f7383d140872148177d756707f6e9095b2adffdfdf922b4e7a6d2
11,12,是,enhanced_extraction,4bb51718453a67d9015b846c6a68662b97572c0a9269a7df9df55bbbce96ae63
652,1093,类型,enhanced_extraction,cfa20e607679306529ed57209b4e6ccae3c003e94cdea5470b4be8fccc253f9f
281,874,类型,enhanced_extraction,c73912c073f5c2d2ba0823f71a17e18927d6c3ca462fd22682d563c59a59b513
164,9,行驶主体,enhanced_extraction,09c09f8f1d385d8baf4b8e1ba70ac0aaa1f904b1cc805b077741b95d4cd92bba
102,30,是,enhanced_extraction,49e97e22d3d7e783a2f77af85dd754c7212b8e8b9cb9164e3d6ab83c48b52fac
394,719,行使,enhanced_extraction,b654035d59ebfddb3e5fe8d103ea0822be77ccfe5cec420146d728ad7936f550
159,96,类型,enhanced_extraction,cd8bd0842e8d2e784453074f8b58ceabcb12fb29cb418dce7c836082ce99274a
692,1,承办机构,enhanced_extraction,d3a6a8c54bcc73e0f7ce3b756ac7c3b6c4af3b02e1f46843538a752faa650886
13,159,是,enhanced_extraction,42b286c8b69b7dd60715ddb4a4b5ec24d40c79d0cdc71cf056cb2f8e8981f706
1307,96,类型,enhanced_extraction,c198e686035cc1fc34c20713296a9192ed719011b8800408c87f141d6618cf91
308,11,类型,enhanced_extraction,5c0eec365b00bc4e2c71443c4e9773474bf7a0e553c792628304c57dc865328e
219,12,行使权力类型,enhanced_extraction,67521e071c6ecb792a5c2f61b9eb7c5b1db38676bc9a67d6a32ab1ae978a18f9
518,9,负责,enhanced_extraction,e472864e904cd14b52fe7179c1bb0399e04a8415ea6a063d04c67eda7be74ec7
233,9,行使主体,enhanced_extraction,5e183a336d20352bd8b994006317c9b8b8906deb81b1c6c331037621a9ba156c
2440,2441,吊销,enhanced_extraction,096c4f5073a3faa512b9987814b42c6ab44967c0d0b350a6df02a787708b59c4
110,112,包含,enhanced_extraction,4412d5033ad81891d0067068df7b3568545184aa6e02b0bec8df6dd0887b58c5
111,1443,类型,enhanced_extraction,8c4911b60ff7f64888856ce973a3df00ebee7ed863af106f38d58cdafc3c098f
11,12,类型,enhanced_extraction,6eb99ba2cff423e2571ef8f318749216e856ec529f754e4116cb373c00ca8cc4
1,96,类型,enhanced_extraction,1b53d6d7bceb859c9994c8f868edccb566495452b198b46bc26063c03b409d3f
110,102,是,enhanced_extraction,589dca112a47e3e18995c8a3e59b8bb3e0d61613e98914cf7e2ce5615a7dcf04
4312,4313,向,enhanced_extraction,bb775011d4ba16b875037a7c0329cd5c2dc9506df5ee7db98a5408a98761ee76
218,11,类型,enhanced_extraction,bb26e13773f7c4d179f747f7f5ed17132f05fd0a52aa6a784280b7cedc72f376
30,11,行使,enhanced_extraction,62c6a65f78aeea9b5419df2e559d59aaec952aea31542f6bfde71e402c1b3e5b
1187,94,类型,enhanced_extraction,0ee68dc47ade1f753690fbf3c251177835339fe764482c6c4e8b0955a4105be1
1270,12,行使,enhanced_extraction,4c5081acee586be8c6e68c8ddfcfa8f553aa243adff4a9474e5ce620de238a5f
11,12,类型,enhanced_extraction,6eb99ba2cff423e2571ef8f318749216e856ec529f754e4116cb373c00ca8cc4
13,216,是,enhanced_extraction,91e753dce0198db04daa7f5f334aca5b0a3a46d2b2189534d4db84ea31fe04f6
652,1093,类型,enhanced_extraction,cfa20e607679306529ed57209b4e6ccae3c003e94cdea5470b4be8fccc253f9f
1887,35,类型,enhanced_extraction,f19369e21b0149d17e419324c41b2361960a0206f726ed32a0ebb11a2eb8d063
110,112,包含,enhanced_extraction,4412d5033ad81891d0067068df7b3568545184aa6e02b0bec8df6dd0887b58c5
11,12,是,enhanced_extraction,4bb51718453a67d9015b846c6a68662b97572c0a9269a7df9df55bbbce96ae63
6868,35,类型,enhanced_extraction,b51404ed373ef0b82121933b6939d7525cf07ad08ac230b7f09348eaa7126cd7
13,112,包括,enhanced_extraction,c1c571fb1d8601d6e86edffe190ed143e8edabbf9d70d060c2b755ec7778c1a5
9,9,类型,enhanced_extraction,7047180d6e4b04a345c7820986071db18605d89d0593c04f29c2334c010fbc44
474,12,承办,enhanced_extraction,b6f0ede510c2d0450526c15a1d1003cb889f866310b63e51cd5cce6f83c260df
7340,8856,没收,enhanced_extraction,e9d73d7aae27e2529518064d8167c61271aaeebf5ae7dee6b12bc0ed8fd1ff2f
11,12,是,enhanced_extraction,4bb51718453a67d9015b846c6a68662b97572c0a9269a7df9df55bbbce96ae63
159,12,负责,enhanced_extraction,6cf14e29b9db0c2dea5ab6664d34a6740232d8d525ac7492a43e9e0336ae879c
3253,508,有,enhanced_extraction,334990d9be0fd4746756a71ff2cc566463c2227ab5e27abd3a16233c2df3351e
110,218,行使,enhanced_extraction,9e418ba32e7f00fd436869ccf15f0e6fc8b8f74382ae82bf804c0ca9326d133d
30,12,执行,enhanced_extraction,82a9e12b95caef8cfff7f9ec8ee0f7ba186c16d3c4fb96af7151cb75daa69e1a
14,12,承办机构,enhanced_extraction,b3f78f8d91a41eb1f2403baae337ba2537aa7882221cddeb31a73ca4a80babfe
30,158,行驶,enhanced_extraction,c9929a6c3e994a61ee94b7176b7871f3ad1935b6e57d3b2d6252a0a67f592b85
164,2,类型,enhanced_extraction,ba9fe9ab108badb23ce81524d67c7020be1069552083caaf6bf4b62e45e55dc9
11,12,类型,enhanced_extraction,6eb99ba2cff423e2571ef8f318749216e856ec529f754e4116cb373c00ca8cc4
13,81,是,enhanced_extraction,67dd61e941d34e8ff608a5966cd853677b6ea4af00f11ff1e4a6c6ffad29367e
6868,12,实施依据,enhanced_extraction,fbd608eec443baad31a62730da90a7f92c390e1d659d71d56661cbbca1109e02
474,12,承办机构,enhanced_extraction,1be9a429b519da422c4bc3b4abc6ca678e01f0336e61b620c163f95d2b93aa63
112,110,隶属于,enhanced_extraction,eac2fea96f4f5759f5c085426b63a22e917540e8db82652c0bab1d07a7193f89
159,12,行使主体,enhanced_extraction,d1962327f078b3ba55cf37260ff8f565ced5625cd02a528443c20b77af47e623
102,2,类型,enhanced_extraction,03e327e2c165bc40818cadfa43ab81e20dcc0c70c691674cd042f6f942c6880f
13,43,类型,enhanced_extraction,8acd6bcf339a66c572deeab51b58b67436511f74ee60c8462fe1fc4ddd2b5c71
220,122,类型,enhanced_extraction,ddd43b42b4429e1c8753259e67864f412dcf75e1a32655082ac7d10ea54ab3c4
5281,5278,实施依据,enhanced_extraction,5d588eebed587a7e53534a0f49a12cd54906f4f23c7deac0cfcb687605624266
11,12,类型,enhanced_extraction,6eb99ba2cff423e2571ef8f318749216e856ec529f754e4116cb373c00ca8cc4
11,12,是,enhanced_extraction,4bb51718453a67d9015b846c6a68662b97572c0a9269a7df9df55bbbce96ae63
219,220,包含,enhanced_extraction,8b7708d9b974597fa619b00d18a4a7f59f367eb0a07018126fca60658bb2c5a9
9,12,类型,enhanced_extraction,a0f990011f89318094029eddd7fc8433047738098f60167fd996d5cd597fc45b
219,12,行使,enhanced_extraction,45eb9736e1b4689e9b65745eadf6c355837885340fde605488842d816564e14c
9,242,类型,enhanced_extraction,7c4db01f0639d9a2c1b3cb8eabf326c97aa2c3bc45933927e8f3e398c9317e43
112,122,类型,enhanced_extraction,7ae865bfc46cdf8d9a898f26fcc7f9f2bde7ef11aca8f3054fe0623692e5b7f3
842,767,拒不执行,enhanced_extraction,2dfd959d5d038165197c1b41a691e49ff594771360a86019356ee8fdbc116a06
14,12,承办机构,enhanced_extraction,b3f78f8d91a41eb1f2403baae337ba2537aa7882221cddeb31a73ca4a80babfe
9,12,权力类型,enhanced_extraction,2a21d93536f75c6e5a649144635cc06abdf7efba771dbc93580f9c998bc093b7
110,12,行使主体,enhanced_extraction,8e22f97a934d82e04d95d6e3263129468a0bc6bdfcd8e7378ebebf21e7f56bfa
11,350,是,enhanced_extraction,7fa4f4b4033afd36ccb46abeecc8e5a8711fa14f70e617b795e2b335abf2616f
9,12,是,enhanced_extraction,d3edcb6a030ff06d1610ce9ca5ddaad453d12646bad6185294116bd7938a7c7b
112,9,承办机构,enhanced_extraction,8c5141659c6f1ee72a6318e02df92ddfe59b9b1688527026bd5d1ccd13b7ea53
102,41,类型,enhanced_extraction,8591082d926a16420b37a69aca110d289d25c9479f998fd81e8ca9ec90148902
13,754,类型,enhanced_extraction,a1284bdf6587aead3edde65dba35bd44f433dc5e657cd0713199fb71e7cce2ef
233,96,类型,enhanced_extraction,403d8d284bb442ebedf3ec08f061bbf2ab967b37d33ba94afbf403814c3b994b
130,9,行驶主体,enhanced_extraction,3264f5052ea2778019079e553a7e8e70397d0bd7e1e126ae80bd2e7d66b86472
11,12,是,enhanced_extraction,4bb51718453a67d9015b846c6a68662b97572c0a9269a7df9df55bbbce96ae63
1178,2,类型,enhanced_extraction,c5797654b154f6f7e4eb49a8010b5ed3d3305d9d6539f04d7d6738758a72a099
13,111,包括,enhanced_extraction,09c0593bd8b7420222398fb7c93ce32df70d33633b73fc4e12402155845d4bd2
233,234,包含,enhanced_extraction,60f99a7d04220fa9d408be7fe273fde87c6b6d0e9c1d0cf175aea4a73afb9a59
80,12,行使主体,enhanced_extraction,75b93f846aed0d2bb84ea5d06a78a31b4b70b391d50fc51be75f8c8a4beeb801
9,10,监视,enhanced_extraction,4205c8ae407a7ad7d634c247b9995e881acfc39824efab0fc2f6104bc802f8fc
102,80,是,enhanced_extraction,79e8d5b7618f13b08ba6bbab2160ead94042b778e9a4a7619d5ff0e34b6e7ca5
518,9,行使主体,enhanced_extraction,5691c0f557154989f95b777653f7fc9c73b6201a1d5d89834932cf8da60c8586
11,12,是,enhanced_extraction,4bb51718453a67d9015b846c6a68662b97572c0a9269a7df9df55bbbce96ae63
11,12,是,enhanced_extraction,4bb51718453a67d9015b846c6a68662b97572c0a9269a7df9df55bbbce96ae63
164,2,类型,enhanced_extraction,ba9fe9ab108badb23ce81524d67c7020be1069552083caaf6bf4b62e45e55dc9
13,216,是,enhanced_extraction,91e753dce0198db04daa7f5f334aca5b0a3a46d2b2189534d4db84ea31fe04f6
159,12,执行,enhanced_extraction,b372eda1732d81dec32e0418db59c729418cb4f85c0d667370ae68045858fa65
30,12,行使权力,enhanced_extraction,6b079c939bb4d4e077edbd5c9caa298b8f865da3f8308c563c3309af09f0fad4
11,12,是,enhanced_extraction,4bb51718453a67d9015b846c6a68662b97572c0a9269a7df9df55bbbce96ae63
12,102,由,enhanced_extraction,9335b9a1d1cffcb24b6efea0641a0a85f9ff77a9003c797f487f66a0836416a7
11,12,类型,enhanced_extraction,6eb99ba2cff423e2571ef8f318749216e856ec529f754e4116cb373c00ca8cc4
197,9,行使主体,enhanced_extraction,05415d8de4c2359f2a06f426ff7597fcb15c0295ab8eb90f21d9fe7c0342becf
102,518,是,enhanced_extraction,69503e4b392f7ae31ef14944ea242179127a6741c15d2612e282d2da4d329d33
230,94,类型,enhanced_extraction,98247cde2268f1beacaa47f4a078126016f25c8938ac03a138badf9c9ddcff51
13,159,是,enhanced_extraction,42b286c8b69b7dd60715ddb4a4b5ec24d40c79d0cdc71cf056cb2f8e8981f706
102,80,是,enhanced_extraction,79e8d5b7618f13b08ba6bbab2160ead94042b778e9a4a7619d5ff0e34b6e7ca5
102,30,是,enhanced_extraction,49e97e22d3d7e783a2f77af85dd754c7212b8e8b9cb9164e3d6ab83c48b52fac
13,43,类型,enhanced_extraction,8acd6bcf339a66c572deeab51b58b67436511f74ee60c8462fe1fc4ddd2b5c71
9,4081,监管,enhanced_extraction,a665d6587efa40bab3c4b58e19b6f5a003bd57f48c495f6187bb8a011ba5f67a
9,924,涉及,enhanced_extraction,11c2aedbe822d08a7411eaa437720be707c590caa19e604ea64bd71a79ed97b4
590,12,行使主体,enhanced_extraction,bc9c26cd12eb2d4c4250b8f19320a70d0aed92bcb49c1e41a985143575086241
15,2322,是,enhanced_extraction,cba17e9c508f11e42ad7b220c142b680c12850f087d1f13c6ccca008719a9f79
11,12,类型,enhanced_extraction,6eb99ba2cff423e2571ef8f318749216e856ec529f754e4116cb373c00ca8cc4
2764,12,实施依据,enhanced_extraction,a07a329526fc24cec22e3ecec909dabd774f4593c00d404e75c813299b8fa16e
13,625,是,enhanced_extraction,db03077d0a7f6f3674d35b0b6891848bdf86ae30e526df2129df4c216d695d9d
110,9,行使主体,enhanced_extraction,04e6686a6ac48a1d6a9411fec475951914afa06d06fa0a9960c1d911aebee2c4
13,519,是,enhanced_extraction,bb4ae818fa4f7383d140872148177d756707f6e9095b2adffdfdf922b4e7a6d2
1,41,类型,enhanced_extraction,7740b312b94300acf8d5a750924703ed4e93e857429d6fa84ba11a84ef5f70c9
9,197,由,enhanced_extraction,9b9c32b2ca686cdcb3c749bdeafafe84d8d0a0e130ddf3fa28f84cdc9f2a4b6d
2049,508,没收,enhanced_extraction,7c5af1ce6c210d2f95d18633ceb5dd4e32cdde5d8b0623da0b7d99fd0da49b1d
13,112,包括,enhanced_extraction,c1c571fb1d8601d6e86edffe190ed143e8edabbf9d70d060c2b755ec7778c1a5
3406,35,类型,enhanced_extraction,3574b0b039b1650dc2ed36a50324e6c6ee74d094d5ac73cea38c3a9b8cca1820
13,4609,包括,enhanced_extraction,fdf6b8c4933c5c8b604347ce1e6421b55b5772b2c3a8a43299a514e615174362
13,43,类型,enhanced_extraction,8acd6bcf339a66c572deeab51b58b67436511f74ee60c8462fe1fc4ddd2b5c71
102,1,是,enhanced_extraction,e7673144fe059008120004a15b8b74a285f82c6ab41977014fcf98bd828f26e9
1181,96,类型,enhanced_extraction,c1af7f424394d14d3719121435e4365978b923ae2b2c997d4e37144f25df6852
173,11,属于,enhanced_extraction,34c7a60d3f55216387cb1b18c8dcbfffa54064bf787272631bdda60d57f70dca
9,783,涉及,enhanced_extraction,20263e49b0c2d0da4e5645491826226d92b36c47a25183ff4dd06768d9cc4ac2
219,2,类型,enhanced_extraction,f06453bacaa48099a118b546931a1fef0ab287a8b69aea311d03e2fe23de6119
102,30,由...行使,enhanced_extraction,0136f04f4d8379880b85c60b8db7c9cf6bc69612c5850d8649f702560cf3ca34
13,220,负责,enhanced_extraction,efa18161a197363f910a6b77bca818389ea9990bf2192aacc31990ab66d6c654
11,2556,是,enhanced_extraction,dc1f1bf4c86d5e2fa5920e87ef9c6bf2df5b1ba4fe9bd8ea810ddf80d3be91e4
24,1358,类型,enhanced_extraction,8f10114ba0f58ffed2d335cfde406fe54fb81935dc61bd3b6a61459d520caf38
80,189,管理,enhanced_extraction,090ab3d7d923d18993880a99d9a84fddbac8093566ec360a36671cafa1acbf6d
518,12,执法主体,enhanced_extraction,6966cffd737a8d7e3dfff46adf208fa47d3211ed56fe011e05d8e664eec54ff5
518,519,包含,enhanced_extraction,aa95e92726de7183cd3e1f53837662a277c27a73cc7f6fdfa3e271a69985a022
30,12,行使主体,enhanced_extraction,1e7200094dd34c790193171ddcf0ebf515cdc55593921a196744b29e5fa0a671
11,218,是,enhanced_extraction,885d1711b265018c6b5869a35a061431728560bad04aaf3db12f272a809d4bff
13,43,类型,enhanced_extraction,8acd6bcf339a66c572deeab51b58b67436511f74ee60c8462fe1fc4ddd2b5c71
652,9,行使主体,enhanced_extraction,890d0efa40812d0aafd736b1690f6b671719b80e40ad5f2b61c935601eb4c098
164,748,包含,enhanced_extraction,98b8f4d7fba4166cb034864291014665acab73886c076b1df7cadeca21693da7
11,12,类型,enhanced_extraction,6eb99ba2cff423e2571ef8f318749216e856ec529f754e4116cb373c00ca8cc4
4494,4497,发布,enhanced_extraction,22121965cd22a268f7c240ef71e8bc18d6135aaeca56010e77f1dc7761ee8c34
15,4658,依据,enhanced_extraction,a0c4cb057224d22736eaa85f6d7cec4313153a38a647a271fc2498229eaa659b
11,12,包含,enhanced_extraction,c7108b0e6d2e3863b970d616b39759a19070792922effbf8d19d227196f88034
9,242,类型,enhanced_extraction,7c4db01f0639d9a2c1b3cb8eabf326c97aa2c3bc45933927e8f3e398c9317e43
11,12,是,enhanced_extraction,4bb51718453a67d9015b846c6a68662b97572c0a9269a7df9df55bbbce96ae63
9,12,类型,enhanced_extraction,a0f990011f89318094029eddd7fc8433047738098f60167fd996d5cd597fc45b
164,985,包含,enhanced_extraction,655f233a3a5038d17fa25a94b8172f7fa74daad78c0e18bfc1df3a5e96b667c5
2707,9,承办机构,enhanced_extraction,48f3fae9e4e50f3592e5f9cf150be68a79cf11984df6d1948f805b59336c6833
985,43,是,enhanced_extraction,0284dc68e3da858c81e64c8e49612c6e95349ed92933d9bf1998b772479eee66
159,96,类型,enhanced_extraction,cd8bd0842e8d2e784453074f8b58ceabcb12fb29cb418dce7c836082ce99274a
159,12,执行机构,enhanced_extraction,d812de7ddc571c5fb58970250731ce0a5948eca112d36c1d38f5ee74226955d0
102,1,是,enhanced_extraction,e7673144fe059008120004a15b8b74a285f82c6ab41977014fcf98bd828f26e9
11,12,是,enhanced_extraction,4bb51718453a67d9015b846c6a68662b97572c0a9269a7df9df55bbbce96ae63
6914,96,类型,enhanced_extraction,3609014ce96286413f50ed9de52a85e9666aa8e0ae3093fb6fab7a3d72475ca1
79,11,属于,enhanced_extraction,e2c765377dddeb2b2bb3e2ed6638fa3659b77196b66ecff856789a0a2ff09abb
13,692,是,enhanced_extraction,31ab26062c7c71f98000b9bbcd828ee1accd312a94c6ac51c33779cdc90e7671
541,96,类型,enhanced_extraction,d2585091f7495a19e7cfa78aae7706c7cdd4be5765fee9398808dbdea0d16627
2005,7743,负责,enhanced_extraction,68da5ab622450a37173ce0a526aa2ee46017bf2d42eccac35eecd2f7fca23a64
19,1756,类型,enhanced_extraction,437213194009fc8eadf178822a03941480bededfedef0bad9eedf67f7d51aad9
102,30,是,enhanced_extraction,49e97e22d3d7e783a2f77af85dd754c7212b8e8b9cb9164e3d6ab83c48b52fac
254,6197,执行,enhanced_extraction,52405fcc10f80bba19428743aca928a38ee33e9b7c40a0ba17d59b6e1971b6a2
80,9,行使主体,enhanced_extraction,d86caad16a8669befcbe6c8b19ce7cfa4d7111735beee3330c276b0ae823c537
541,12,行使主体,enhanced_extraction,df7f899061726b8a34f352fe4829e1a3c042efd540afbf20807a07fc870bdf1a
158,12,类型,enhanced_extraction,1ffa1161a9ceadcd3de6cee272bc79b28c2ec37020005586359965f9fc99c712
13,455,是,enhanced_extraction,f056809418a23c8dc3e5edc472da624bd424823694a3811a98051514f8ebac9d
9,12,属于,enhanced_extraction,f0795b40f45aed0659748890f09b67ab13ac9efdbbdb3af2aa803c5e7adddb68
14,12,执行,enhanced_extraction,4d116ce6be35e606f7485fbdd7e5afb729d1118a0c1123e93dcd657985fbd933
110,12,行使权力类型,enhanced_extraction,9c69c8969d0a339b731b53e8e4502ca88a9cc4966e88fcf648bc7e3bd4c6e4ce
10653,9,实施依据,enhanced_extraction,af9f71618725a8da71171d3235c2a649e3e59c64d76dd13f56f8a5e971a3063d
11,350,是,enhanced_extraction,7fa4f4b4033afd36ccb46abeecc8e5a8711fa14f70e617b795e2b335abf2616f
12,11,类型,enhanced_extraction,d250a3e2b5b7ceab7cccbdfff1e3b8cbdc70239998775ce9a8b2acb81f9e7784
1343,96,类型,enhanced_extraction,8cddcd811988256b8ec870f82908831fb34247b35abbfe93b1b75253dd8caf3b
13,112,是,enhanced_extraction,4022fd75f8b3ae3cd82a12e79edef19e686577bef36580e293b55d8f1a5de71b
1181,96,类型,enhanced_extraction,c1af7f424394d14d3719121435e4365978b923ae2b2c997d4e37144f25df6852
54,96,类型,enhanced_extraction,700a62739c603330fad1f06488dd2cf7d267b48ec4e9b119ab2c60183e939f38
9,11,属于,enhanced_extraction,ad676a8ff0a6a0269b647bfc2c229efdc791e8aeeabe1893665b8156ae207238
11,350,描述,enhanced_extraction,b44e5a4a9bb63cba734e56393b5d2170e5f29aca9d45a1d7225c6fc366b4f870
11,12,是,enhanced_extraction,4bb51718453a67d9015b846c6a68662b97572c0a9269a7df9df55bbbce96ae63
102,96,类型,enhanced_extraction,3ae3aeb0c9938fc9352289b17986b74d2af21dddb657fa0b815d164c1bf8fa49
219,230,依据,enhanced_extraction,e9b7ffae6308a2d0f7acdb913ca1f05499c5422b6778e0d424fe0e083d632d1e
7149,7150,通过时间,enhanced_extraction,38a8acc03b350fa00d13d2ec79ee87f03e56a2eb909617b56c61d9c0b016c05e
111,110,隶属于,enhanced_extraction,d97ca7ed54b9fd90d7be2762bc412a9762338ffae1fade5cf04eeab806c85c07
11,350,是,enhanced_extraction,7fa4f4b4033afd36ccb46abeecc8e5a8711fa14f70e617b795e2b335abf2616f
13,96,类型,enhanced_extraction,4803e8eb42d15abdff1d9bfe4e6c1566bd35eb1aebc56b2ea7064b5198d7da33
102,96,类型,enhanced_extraction,3ae3aeb0c9938fc9352289b17986b74d2af21dddb657fa0b815d164c1bf8fa49
159,12,承办机构,enhanced_extraction,6aff489ab10dbf8c13027d23db776f9011bc8513954287f449cc26e5f34714f1
220,9,承办机构,enhanced_extraction,6dd69cd817f625f75c23b92483e7fe5c21da29ae1d5971331682c0d100f26d51
1747,7178,责令改正,enhanced_extraction,0708c77eb429f81765d19fd687ef224ce07fb109d3b1d70829c49bd6efc66ef8
11,12,是,enhanced_extraction,4bb51718453a67d9015b846c6a68662b97572c0a9269a7df9df55bbbce96ae63
9,12,包含,enhanced_extraction,6ab100b3be1034ebc59393e0f044cc8640333a0bf7c977502390e874381695cf
308,11,是,enhanced_extraction,648a41103d7d290e93ebf6b6fc126daccc115dee48bd4b7cc4dfbd802ca97e3e
2049,1186,依据,enhanced_extraction,ac99df5c4bbba61a341593cd0153c6945de6d3d9e56c3b189b55733f279f54aa
1430,10,监管,enhanced_extraction,c261794c3e8b8905861aef13c55a6172d650850e5bbbccc2c470470e461a99ae
842,3807,构成犯罪,enhanced_extraction,5e9173175d0882158eef2e76458760b9d90a6342e09b1c593b013006b33ffa8c
112,9,承办机构,enhanced_extraction,8c5141659c6f1ee72a6318e02df92ddfe59b9b1688527026bd5d1ccd13b7ea53
102,233,是,enhanced_extraction,ce9aafe62b0266c7d010b0afc5f53dec015dc4b65753f42cf7d459769186f9f5
111,12,承办机构,enhanced_extraction,17327f9a1de1086d2c73256ac92cbbf571e23426c4b96cee6a87dfe4055ef86c
590,1093,类型,enhanced_extraction,a2c240784951db8c624ccf8269dd42a09fb105c8f80fc4f04897e3c9fc915626
11,218,是,enhanced_extraction,885d1711b265018c6b5869a35a061431728560bad04aaf3db12f272a809d4bff
13,103,是,enhanced_extraction,1b5b4a6b26df270a9c16a69f9d5e70d230d38e452e30a89449afe7a565899b1f
233,96,类型,enhanced_extraction,403d8d284bb442ebedf3ec08f061bbf2ab967b37d33ba94afbf403814c3b994b
13,159,是,enhanced_extraction,42b286c8b69b7dd60715ddb4a4b5ec24d40c79d0cdc71cf056cb2f8e8981f706
1543,1544,修订时间,enhanced_extraction,00db61cb1e50a9682f66e6bb06630886a75379d7d07f06f6cb59915db1081eb5
102,1,是,enhanced_extraction,e7673144fe059008120004a15b8b74a285f82c6ab41977014fcf98bd828f26e9
590,9,行使主体,enhanced_extraction,297724ccfed32bc0a0067362783475f5e2e8e516d57fef9f94699157e5756d66
159,30,隶属于,enhanced_extraction,42cfcbe108331164aaecb1f0d4a40291b19609fdae9d1c489c91e88ef0bf9eaf
219,65,行使,enhanced_extraction,1554e5a9fa94f65e7ac44993a3e3b62da1ca52af3958602ecaf10cf0b5f65172
13,220,是,enhanced_extraction,90ed47a36b9c110511bb7444407ba8eea08c427edcf2fff05f0ff0d6fe893c08
1,96,类型,enhanced_extraction,1b53d6d7bceb859c9994c8f868edccb566495452b198b46bc26063c03b409d3f
164,748,包含,enhanced_extraction,98b8f4d7fba4166cb034864291014665acab73886c076b1df7cadeca21693da7
80,591,行使,enhanced_extraction,47f763ff5ecd9d30fdd07864a47ddce312525aedd3ef02c97b170b68cef7bf19
130,2,类型,enhanced_extraction,6d2278b1174fcf45390cc5e797fbc492d9da849cc95da33a781bc891b8a51975
81,9,承办机构,enhanced_extraction,31e66bb205a4ae1df7ad99d9529ce78a8922457f5f03394c50beceab3dd4fd87
159,122,类型,enhanced_extraction,ac95a8754b9cf555ad1f7b6963dfd724829642f155c6b04c4c82d577ec28198a
220,12,承办,enhanced_extraction,9c7ca49c2aa429afe321151d611cabcdaea2a6f2f1465868c03432d70df57fee
30,41,类型,enhanced_extraction,e5612f068d36dd548f30df430e7e34f60d5a787eff7463d26d0383943b620b64
230,12,实施依据,enhanced_extraction,6ec24bb786de2bd37471361040a8c0a0e32f5e5894495981718d946e52072334
164,12,行使主体,enhanced_extraction,4fba2d65aa583b6e935b5ed38ff0df3dedbdae8acb94f7c54b9a5866d8ecd800
9,210,类型,enhanced_extraction,f474ff0499a08790d60a07797619e6890a07d8384c0077143cc80cfd45f47cb1
30,159,监管主体,enhanced_extraction,c720607bf3d4c61dd97269537f6ba405e9b2360bee1bc579ecc30e89baa89d0d
233,234,包含,enhanced_extraction,60f99a7d04220fa9d408be7fe273fde87c6b6d0e9c1d0cf175aea4a73afb9a59
13,6313,是,enhanced_extraction,6dd2e1a55946023d1051dc02f5dede05c0174fb5cef86e72ce8e665fc80ad6ba
21,24,处,enhanced_extraction,a5fc66b2d20407a7191b0efdaa986ac2184c31f8c7669aa550e7067c74cb06d1
102,3191,是,enhanced_extraction,dc2acf729d385878a989f84e1344c8b838555110b198215c40420b24d9641158
9,9,是,enhanced_extraction,69c2f47d1ac218c345aae39b8c7ccf57137614a1b61249f90e391396e84f79a0
219,235,类型,enhanced_extraction,42f4fcda52b9d78ca57aa5187ca807fbfaf39957781a204c7990d756faf1f978
1768,9,实施依据,enhanced_extraction,e7934882d4a42c3c8312bfe628fcaf494d7c7d78af46a7840fd2c87f758e26d4
111,235,类型,enhanced_extraction,006d71a478a8fad2aa4ef44eee1ea6d1087eb2806330900aa967a3ea4eda7c6c
80,9,行使主体,enhanced_extraction,d86caad16a8669befcbe6c8b19ce7cfa4d7111735beee3330c276b0ae823c537
1408,43,类型,enhanced_extraction,0ff5ffc12b43407a1645da76db8700e2e8da5f30c0a91de62635d0511fa1aef7
13,112,是,enhanced_extraction,4022fd75f8b3ae3cd82a12e79edef19e686577bef36580e293b55d8f1a5de71b
220,12,承办机构,enhanced_extraction,d6dd83fe48b58aecde65a1553db5e9368a2092ae2cc2050a62981de65361d57c
3955,35,类型,enhanced_extraction,895e06ac17f54a5d66bb230796fdcb5f9a5267b3e6f128c729d1916be6db2640
102,219,是,enhanced_extraction,c05ba5f476772e4d6770832e3f058e0a051e972c9903ee0eb4f1b22576168aff
11,246,是,enhanced_extraction,a2d3c17ff98d95b68d81ab10fa2b2896dde7f953c8ef7d6ae541fab0d0ee56a9
13,220,是,enhanced_extraction,90ed47a36b9c110511bb7444407ba8eea08c427edcf2fff05f0ff0d6fe893c08
11,12,类型,enhanced_extraction,6eb99ba2cff423e2571ef8f318749216e856ec529f754e4116cb373c00ca8cc4
13,159,是,enhanced_extraction,42b286c8b69b7dd60715ddb4a4b5ec24d40c79d0cdc71cf056cb2f8e8981f706
617,2766,类型,enhanced_extraction,0aab0b3050c96098cb756115ce1cbc70f08f6532fdb468ef8824eeb4f62342e7
1,102,是,enhanced_extraction,b749252ce6c5ab82d6c5213299bc50d19e66e60bed17ffe1e03d3f6fab8a3956
112,110,隶属于,enhanced_extraction,eac2fea96f4f5759f5c085426b63a22e917540e8db82652c0bab1d07a7193f89
112,12,承办机构,enhanced_extraction,61354e19e5a8c6aa913e2c3f2a7c2d6ab87c1edaada8be5e039519f0c19f4719
9,12,包含,enhanced_extraction,6ab100b3be1034ebc59393e0f044cc8640333a0bf7c977502390e874381695cf
11,12,包含,enhanced_extraction,c7108b0e6d2e3863b970d616b39759a19070792922effbf8d19d227196f88034
112,9,承办机构,enhanced_extraction,8c5141659c6f1ee72a6318e02df92ddfe59b9b1688527026bd5d1ccd13b7ea53
11,12,包括,enhanced_extraction,6d7f5abcc3c2c389767af49798c0694ede197c2b8306a6a80fa9121928c5e468
13,112,包括,enhanced_extraction,c1c571fb1d8601d6e86edffe190ed143e8edabbf9d70d060c2b755ec7778c1a5
9,12,对应,enhanced_extraction,564f2b9a43a7b149c433db6575e94b9149718ec6b5f83f7abaca5d4af15685ee
474,9,承办机构,enhanced_extraction,767370cfa8bbbb0277093921347ffb933e1376efcef1041b4cef0a11f23dd862
12,825,类型,enhanced_extraction,f23b6e42d2ddf04052d4f66c49219b5c90dd417a9a4460243b7b8ea5f9fb26d4
1768,9,实施依据,enhanced_extraction,e7934882d4a42c3c8312bfe628fcaf494d7c7d78af46a7840fd2c87f758e26d4
102,12,执行,enhanced_extraction,c7bf5beb6e47a162b370413c51f3c9914752537b96c6b25bfca17d954a97a117
30,159,包含,enhanced_extraction,746dad8207c11e936f9291a4d48652549063b984284c0ab2036a0471f7b9f7b4
9,11,属于,enhanced_extraction,ad676a8ff0a6a0269b647bfc2c229efdc791e8aeeabe1893665b8156ae207238
3371,6,类型,enhanced_extraction,cb97008718cd1c8506794755f667dbd03c677d3edba6f1edc0ae010b2863bfde
11,1766,类型,enhanced_extraction,6715f80683b990220e06ce593cc5b61a54c2ee5053c62a650461ac7471c5fadb
9,1446,涉及,enhanced_extraction,cd0243240c5d96d66952ccd673edf4feae8b5da98128db8d8377fe2c6951a830
219,12,行使,enhanced_extraction,45eb9736e1b4689e9b65745eadf6c355837885340fde605488842d816564e14c
30,12,执行,enhanced_extraction,82a9e12b95caef8cfff7f9ec8ee0f7ba186c16d3c4fb96af7151cb75daa69e1a
9,134,类型,enhanced_extraction,f5feae44481398ed851d2ad02d7af7cffb16c332b816660538842da4257455e8
219,220,包含,enhanced_extraction,8b7708d9b974597fa619b00d18a4a7f59f367eb0a07018126fca60658bb2c5a9
11,218,是,enhanced_extraction,885d1711b265018c6b5869a35a061431728560bad04aaf3db12f272a809d4bff
219,12,行使主体,enhanced_extraction,48c9be9799eee1b308a712f26eeac8073f8cfcf02dfeb1b31345add10211760c
30,159,行使主体,enhanced_extraction,0aedd16f2f2531a2e833deedb908754eecda6396b0b62561649a8e69a0ced5cd
102,30,是,enhanced_extraction,49e97e22d3d7e783a2f77af85dd754c7212b8e8b9cb9164e3d6ab83c48b52fac
197,102,是,enhanced_extraction,b65328b1b15c899a7ec49cb21ba7671024afcc78927d15b9c2e9b9e733226ace
1306,1727,负责,enhanced_extraction,9ada99d4c7cef39774f5ee43cfde0d5449bb5a1d7c2399e8a2bf2f957b2645ec
197,12,行使主体,enhanced_extraction,6fde912d0d7e947fe317a68a7499e27967ccde85ee8962d9603dd6668595927f
13,2313,是,enhanced_extraction,b0c8670e32dcc6d5b50b9cc76daab0817ca649561a1ebe6cbdee57953b6a3805
30,9,行使主体,enhanced_extraction,e5c3d2ac83f2327f2610e99efd5375f04df010240d8cb35905e011c0fb5f6a2a
1995,35,类型,enhanced_extraction,c4e3c6a8e0a62951f7a38e616c69e0081cb76e4dabfe65f4b7306d13ad82736d
11,12,是,enhanced_extraction,4bb51718453a67d9015b846c6a68662b97572c0a9269a7df9df55bbbce96ae63
1254,30,是,enhanced_extraction,92ed18dbc4fd77588bed26018c6da12b76b994c5f2b041f2da7c8e1a3509fcb5
1005,35,类型,enhanced_extraction,3c4a64f177c619ab6b5031797bf111846bea80990054bec5ef5e700c7e910c3a
13,14,是,enhanced_extraction,bfbeedc7e6daf4f851060b875d14b5b7c1dab5b695356d4176fd018de0894ae2
411,12,执行,enhanced_extraction,60f382062fa7f7fe5f88cc737d32d5440a12dd0f98b28a7cf014146aa18df771
1178,9,行使主体,enhanced_extraction,1f4a2487ef71eac5f810d64529c434e34add54fc52b6f261e1d3d1caf8c007e1
11,12,类型,enhanced_extraction,6eb99ba2cff423e2571ef8f318749216e856ec529f754e4116cb373c00ca8cc4
11,173,是,enhanced_extraction,e80c77fff190a0c0b456340055f218f262ef2190e76f90c2dafd8b554948135f
102,96,类型,enhanced_extraction,3ae3aeb0c9938fc9352289b17986b74d2af21dddb657fa0b815d164c1bf8fa49
11,12,是,enhanced_extraction,4bb51718453a67d9015b846c6a68662b97572c0a9269a7df9df55bbbce96ae63
13,1181,是,enhanced_extraction,26f840587499bb79b7a8c8cc89cf4ad4244c03b3eae4cf0c5870e902f7cd76df
590,9,行使主体,enhanced_extraction,297724ccfed32bc0a0067362783475f5e2e8e516d57fef9f94699157e5756d66
80,96,类型,enhanced_extraction,60589a9f7239b972454c94ebe1d88b353e4c9fad16152fb4bc372a569d001482
31,12,承办机构,enhanced_extraction,af02397315cade21c633809a603cc58d4d27a9ab5d55aea344eba3217cbdbf75
9,12,涉及,enhanced_extraction,5248c9d3ca7ecbe057c9b7f8e4427fdc46140ce6caae924a22f2b15012daad62
4600,96,类型,enhanced_extraction,d1d42566ab0b904f6774b90d46c22bdc04858ac9ef6a4ef135e996f3933554ab
112,13,是,enhanced_extraction,b11bee4e58bf3e333b5a166b4bf34ca46eade50ddea1b95318ab8b247a32c8e5
1178,235,类型,enhanced_extraction,127562b1ab9e760615e1189f2ed9c76f92f27a01c7d6d0c1f5a864faee371ec1
86,842,处罚措施,enhanced_extraction,d6edf94e18a93002e99a08d5a72405faf913c9bd3ac2728215972b0a1286906e
11,2739,是,enhanced_extraction,ccfb10cb320b41b4683c868439b1abd742e438e457eb23607daccee771d46128
111,12,承办机构,enhanced_extraction,17327f9a1de1086d2c73256ac92cbbf571e23426c4b96cee6a87dfe4055ef86c
11,12,类型,enhanced_extraction,6eb99ba2cff423e2571ef8f318749216e856ec529f754e4116cb373c00ca8cc4
80,9,行使主体,enhanced_extraction,d86caad16a8669befcbe6c8b19ce7cfa4d7111735beee3330c276b0ae823c537
228,94,类型,enhanced_extraction,c3bfdd9851b85c93a8df5d061c980569574e0056b804d3dac2d09ec6f8a6d082
9,102,由,enhanced_extraction,24fb4e55c37005bd4eab3e28444ba2caed18ad3e680dd2aa638c5f38a6986e91
590,12,行使,enhanced_extraction,a542695f0b3974bc8e2e94ddef9be421400148118a9e7fdbeb37a8a35cb5d2eb
2754,12,承办机构,enhanced_extraction,e84ae64881383e70b7fc0b0614a4d28b0305b7e2543977fcc6e1533fafb7cade
159,12,承办机构,enhanced_extraction,6aff489ab10dbf8c13027d23db776f9011bc8513954287f449cc26e5f34714f1
346,342,责令改正,enhanced_extraction,7910e411378983967a67767752956c6456d697f7ea7f76b33bfa6f7872ce7548
220,12,执行,enhanced_extraction,f915d82eedbae9cb7f2a8c167eee4b59a49030d65f642b0660f75798f50625bc
102,1,是,enhanced_extraction,e7673144fe059008120004a15b8b74a285f82c6ab41977014fcf98bd828f26e9
110,96,类型,enhanced_extraction,6195f18a7eade16713482bb3519268c7fd3a3d906a61d038dc046d2b4adb3939
13,69,是,enhanced_extraction,b36100edef6126a3253cd6d3c8436b60d913028144208e6d85d8fb7e9929ef09
12,825,类型,enhanced_extraction,f23b6e42d2ddf04052d4f66c49219b5c90dd417a9a4460243b7b8ea5f9fb26d4
13,4943,是,enhanced_extraction,72c805507cb0db4a1f572df10529b8719f16efc7b79c313e07219a872ed02a1d
590,96,类型,enhanced_extraction,50a304f4afa162088aff4bd3831e43cdbdfa64b65534a007bc70a9d9b000f81c
102,617,是,enhanced_extraction,9e86035caa5a629fa345d5f7a9cba435e3f868815a4ede6dd36551666ef71d8e
159,161,类型,enhanced_extraction,989f07c7e0245d209d6ad9096d27401730372ca04283241f1a933bb0715b402e
1725,1726,规定,enhanced_extraction,ba3722e5b5a54f5669c99d2d49ae78c571a201b822422afcc29fd786d8ea982d
387,121,类型,enhanced_extraction,0ad1f8548accb4ec29e2d19c5c84a7e2693b031b41ac154904f1b42bab58ae7f
80,12,行使主体,enhanced_extraction,75b93f846aed0d2bb84ea5d06a78a31b4b70b391d50fc51be75f8c8a4beeb801
219,96,类型,enhanced_extraction,501d98fd934829def13421070a3527c368142d959d3066786d506a91cfa7e243
4310,4311,向,enhanced_extraction,1736e71e6b3ab1f03e37e943fdc9918a1ed71709e3db536ed84f7c95488ae2bc
1,2,类型,enhanced_extraction,ad1d45ad7521ca0c05fb23c57aaf2048b6871fceaca67eca7a95dc4ad098e662
197,11,行使,enhanced_extraction,a6a0811afbc84f0a91ea1f01349a143fbd80a5407b94ed8eda7c0f5bdca76d22
11,12,是,enhanced_extraction,4bb51718453a67d9015b846c6a68662b97572c0a9269a7df9df55bbbce96ae63
111,96,类型,enhanced_extraction,6c641c34d6df5a4578a6d098fdd1fab8f3d4927213fe0dc030c3d004bebc61df
1239,96,类型,enhanced_extraction,d26c91107e62631990e7bcd404068936de207e252aedda6277fb48739c20261e
24,387,类型,enhanced_extraction,a7cdcde9254d1443f610ded63158e61d43cb567d1230d54c99117dda33653d16
827,14,承办机构,enhanced_extraction,7e103e64ef0004bc61c9af72680dc044fa393a58fa02388dc9cfb3b080965a80
79,11,是,enhanced_extraction,eded1ef8b8cda0c767ba5975434155285c793c8097b3c8c17b219b608f664321
159,2,类型,enhanced_extraction,b3e890964b06d8bc8b0537d80024309fc44aa8224ba040efa1fece7bb899904a
11,12,描述,enhanced_extraction,cf1278f41fdf2d8ebf1281240b83b9cc8efa6cbc4f8059943101883a3cfb659e
11,12,类型,enhanced_extraction,6eb99ba2cff423e2571ef8f318749216e856ec529f754e4116cb373c00ca8cc4
9,382,类型,enhanced_extraction,4cfb3db1b2e67bf8b438df39105b31616b659cf569445ffadf95f4ce4ab87e94
233,9,行使主体,enhanced_extraction,5e183a336d20352bd8b994006317c9b8b8906deb81b1c6c331037621a9ba156c
13,4609,包括,enhanced_extraction,fdf6b8c4933c5c8b604347ce1e6421b55b5772b2c3a8a43299a514e615174362
13,928,是,enhanced_extraction,0e01e143bd544bb1365995d73b0540c5e93b87fabe25482a2cbb6b8ee20c8012
1178,7341,包含,enhanced_extraction,5b046a36edf874a5856565932fe2b07be6058583aaaff97ce5a91d3ca17712b3
1181,9,承办机构,enhanced_extraction,fbf893c796f6733d398675680118ff1a4ffe7969b584bf6f1e42a7877a22031a
220,122,类型,enhanced_extraction,ddd43b42b4429e1c8753259e67864f412dcf75e1a32655082ac7d10ea54ab3c4
130,1408,承办机构,enhanced_extraction,6781187b03c60a5b01a9e7529bfd1570d6faf5e16586aea48bad576f3279a5e9
13,112,是,enhanced_extraction,4022fd75f8b3ae3cd82a12e79edef19e686577bef36580e293b55d8f1a5de71b
11,12,包含,enhanced_extraction,c7108b0e6d2e3863b970d616b39759a19070792922effbf8d19d227196f88034
2043,1293,类型,enhanced_extraction,f41abf2ac1e345da1c73a1a6480e1307717ab7dde86dd16b749b2a4f34e43834
11,12,是,enhanced_extraction,4bb51718453a67d9015b846c6a68662b97572c0a9269a7df9df55bbbce96ae63
112,122,类型,enhanced_extraction,7ae865bfc46cdf8d9a898f26fcc7f9f2bde7ef11aca8f3054fe0623692e5b7f3
9,12,属于,enhanced_extraction,f0795b40f45aed0659748890f09b67ab13ac9efdbbdb3af2aa803c5e7adddb68
11,12,描述,enhanced_extraction,cf1278f41fdf2d8ebf1281240b83b9cc8efa6cbc4f8059943101883a3cfb659e
11,37,是,enhanced_extraction,6d1895fe4d7867c6df3e86858a55d71dbed7226bf6f9a558bc7b6b571e53a6df
102,96,类型,enhanced_extraction,3ae3aeb0c9938fc9352289b17986b74d2af21dddb657fa0b815d164c1bf8fa49
11,2593,类型,enhanced_extraction,fcfc6282916e55c5453a2fa9f488bfedb426d7874688d11a8be53f37b08cf8c4
519,235,类型,enhanced_extraction,223ad09a60436110d0d96c24bea16df1b452ac25b01981c25a0b65f4417e6a3f
518,96,类型,enhanced_extraction,ca4c852d22c9f6bdfc513253282bc67bff8cd2e622b68afaf99e5bc03e16ac4c
30,159,上级机构,enhanced_extraction,b7cd1f82cbcae5773c941a73bfd8d4c71cf1843096fbddc1bb7bde7cdd9a3602
30,96,类型,enhanced_extraction,67ef09263d41efc13438e970d6b90d6ddeaebf07422d9d42053516d76b0dec73
11,12,是,enhanced_extraction,4bb51718453a67d9015b846c6a68662b97572c0a9269a7df9df55bbbce96ae63
308,11,属于,enhanced_extraction,90a28b0ff8edc5a7791549ca7de9125e1de7b79b577b744daf1b4c5c9a804d83
8071,35,类型,enhanced_extraction,14908e36817d3d2732eb40232dccd6a55057b6f9503f98cd81b3e44f0dbee2b0
221,1447,发布,enhanced_extraction,a69d5f5194d0eec808856cc253b330a024c6c824bbb25203606e78a98de193e4
80,12,行使,enhanced_extraction,b7c835b09d1f20631e9d7d7d01b37c7bb294e1a10372bdd571ac8501f9e770f8
30,96,类型,enhanced_extraction,67ef09263d41efc13438e970d6b90d6ddeaebf07422d9d42053516d76b0dec73
508,1707,类型,enhanced_extraction,e1f85e6084804a3f46f9433ea906c3edd33b0c839668f02f5b6173c836e6af0a
4269,4266,责令改正,enhanced_extraction,5cfcec142904f070c663f1ea96a9abb9d23b3bd3c48f4edd648362ad24853c20
30,12,行使主体,enhanced_extraction,1e7200094dd34c790193171ddcf0ebf515cdc55593921a196744b29e5fa0a671
308,11,是,enhanced_extraction,648a41103d7d290e93ebf6b6fc126daccc115dee48bd4b7cc4dfbd802ca97e3e
30,69,包含,enhanced_extraction,8055ff6b788109af6feaa682deaceedbcda032a3a41e6bcac6a3ad0d48141140
652,1093,类型,enhanced_extraction,cfa20e607679306529ed57209b4e6ccae3c003e94cdea5470b4be8fccc253f9f
9,134,是,enhanced_extraction,05df48d403cee6d9b1a11b6a443da44ced76026bac06be17f9b48abaa52adb4f
11,12,是,enhanced_extraction,4bb51718453a67d9015b846c6a68662b97572c0a9269a7df9df55bbbce96ae63
54,96,类型,enhanced_extraction,700a62739c603330fad1f06488dd2cf7d267b48ec4e9b119ab2c60183e939f38
767,842,处罚措施,enhanced_extraction,c994aaadf204c916574b69d9fbc695cfc2b432e352760a433ca6db9424157b31
13,69,是,enhanced_extraction,b36100edef6126a3253cd6d3c8436b60d913028144208e6d85d8fb7e9929ef09
234,96,类型,enhanced_extraction,3baf7b40f92723c55d2b40339b3580c522c6bff1c964fc370f6b478f832838c4
112,96,类型,enhanced_extraction,61148b72ef21088a2b8c64609278423fad8508c652d1a634420b0058ddfdfa2b
159,12,执行机构,enhanced_extraction,d812de7ddc571c5fb58970250731ce0a5948eca112d36c1d38f5ee74226955d0
2431,2437,与,enhanced_extraction,ee0b4f53ee478ea1213dc3e1ab90007c997cf489ff0d5c7020a0e45e894b2345
8174,12,执行,enhanced_extraction,cfd64460adaaccade8177690be49c8b03b10697b91101f30e92c1be4e0b8f3ad
12,11,类型,enhanced_extraction,d250a3e2b5b7ceab7cccbdfff1e3b8cbdc70239998775ce9a8b2acb81f9e7784
233,9,行使主体,enhanced_extraction,5e183a336d20352bd8b994006317c9b8b8906deb81b1c6c331037621a9ba156c
2641,96,类型,enhanced_extraction,bc9f6b055a53137909b060c494c9d51958ed516b24a89223313d865766eccada
15,104,是,enhanced_extraction,1a69a170d19933771028e5e5852ce9ac4882b067dd8790d345d5c8debbffc7c2
350,11,类型,enhanced_extraction,4b384f423e28099930b227a5547c8ec4174f74136e5c2b42d869c5b9c14a4744
30,96,是,enhanced_extraction,9cab342eb2a6d8a73056051f03f183ca66ad94ef26001c8b4d8966d6f5bf55a4
15,104,是,enhanced_extraction,1a69a170d19933771028e5e5852ce9ac4882b067dd8790d345d5c8debbffc7c2
11,12,包含,enhanced_extraction,c7108b0e6d2e3863b970d616b39759a19070792922effbf8d19d227196f88034
1153,235,类型,enhanced_extraction,80469061bb054ee45c80cb9eb52030100cad562d6ffe376c9f8da8c8fcdc7f61
102,130,是,enhanced_extraction,927e2c3c89401500404e75bab06f2597a18d0881b1d81c4f2fb0034b46ecae9e
13,3,是,enhanced_extraction,69847b3637f9358f7d54fba7338ef5125c5c36cf82fdea6bc145da432437ce12
219,102,是,enhanced_extraction,7ab1782bc29564af69ce396ccb564092ea550977af4ad49cb22aaafd3e22bafb
465,466,依法给予,enhanced_extraction,f0ef38614ebe082bbdeebfce8e0571f5f6b512cfb237aa0708daa9f9f3678d2e
11,12,是,enhanced_extraction,4bb51718453a67d9015b846c6a68662b97572c0a9269a7df9df55bbbce96ae63
748,9,承办机构,enhanced_extraction,b5096999323701acfd18828e631925e2106f66de5d54b12cb70a56ab06f72037
652,96,类型,enhanced_extraction,718411a2262b3cbb55ddd5c83b71671052a7b4e8f1bcd281f98481acf2fc14db
541,96,类型,enhanced_extraction,d2585091f7495a19e7cfa78aae7706c7cdd4be5765fee9398808dbdea0d16627
1493,41,承办,enhanced_extraction,6547cdf2b06b7cce8471cc8d33271d4f4d0f5d0c5e420dc701cbb0d0485a83fa
159,9,承办,enhanced_extraction,7a8a9c274527086114a148f63525d612fbfcac3edecafefad534f976c8513bed
12,11,属于,enhanced_extraction,1c070514f019fc07536ffe381f9b1714c0fa030181e73dc73366c74ecb5406e1
30,12,执行主体,enhanced_extraction,19981f76796d4c65e965c9efdcebd2e18d8754e0c9ef9e027d09081487efb847
15,35,类型,enhanced_extraction,f6369086449a58f2baf799d4719de54ec0f29764a82a73c068ab1ecf982543df
22,2964,类型,enhanced_extraction,8481a40bc79d109c7dcadb008a1e5964daf759304ec409b2bf487712d2d142f1
630,9,行使主体,enhanced_extraction,8f1bc212290601da4da6e9a0037e1bc228b12e7ec860da0c66a59f0186154f1b
11,12,是,enhanced_extraction,4bb51718453a67d9015b846c6a68662b97572c0a9269a7df9df55bbbce96ae63
110,9,行使主体,enhanced_extraction,04e6686a6ac48a1d6a9411fec475951914afa06d06fa0a9960c1d911aebee2c4
102,1270,是,enhanced_extraction,fdfd0ff630b6c0a73c9cdea2b8c74c8fe3c2acb27ef69875181df04bd78e912c
102,219,是,enhanced_extraction,c05ba5f476772e4d6770832e3f058e0a051e972c9903ee0eb4f1b22576168aff
767,842,处罚措施,enhanced_extraction,c994aaadf204c916574b69d9fbc695cfc2b432e352760a433ca6db9424157b31
518,9,行使主体,enhanced_extraction,5691c0f557154989f95b777653f7fc9c73b6201a1d5d89834932cf8da60c8586
40,2186,包含,enhanced_extraction,2a0f84b6497b125b745125958a58da491f436ef766a0fc3fcea1d3f6c7b354be
11,12,是,enhanced_extraction,4bb51718453a67d9015b846c6a68662b97572c0a9269a7df9df55bbbce96ae63
9,242,类型,enhanced_extraction,7c4db01f0639d9a2c1b3cb8eabf326c97aa2c3bc45933927e8f3e398c9317e43
4780,43,类型,enhanced_extraction,9ea50f27aa11f1827bd39327a92fd95d895b867276552f6790953b3ec172f7e1
130,41,类型,enhanced_extraction,9e112a4f10a4f5b50f3481a1011a574cb7223eceb157e37a01ec46a396986f38
125,96,类型,enhanced_extraction,625e35ed77db3d65832dca83fd5a070b82da896b3e08c7a0f11d7834e973ca0f
197,41,类型,enhanced_extraction,166ba48351a4881063e66ec7c97b83a02fa1a46a4e5cfa909b8d429e229ab614
2135,41,类型,enhanced_extraction,5591f0c40d06f8b7431534b72cb3ac5d89ab2cebede98c7d380f079c0eeaaa10
590,14,包含,enhanced_extraction,778fc952665ef2d423f3a64f81fca4fd32817afc4ade9491e51ac69579f3f674
308,308,权力类型,enhanced_extraction,42f0324f95918f3aa87bd725258f0e1d98166cf139418927c27d5bd2aea4d6f8
216,12,承办机构,enhanced_extraction,b650e14ef4d83f5c7b7e0b7cb2372b87c43c67c1aac2eac7f34e8d5f4fd36aab
197,96,类型,enhanced_extraction,3613e63056aa1a9b98e7f24d4a8017b1defea35408ff820f4a06659c6c6fc3f3
1430,12,行使,enhanced_extraction,86f0f3cdda54908ebd9a65e1fbc664cf1d499221c9a0a314a3f6387a49cb539f
11,12,是,enhanced_extraction,4bb51718453a67d9015b846c6a68662b97572c0a9269a7df9df55bbbce96ae63
30,96,类型,enhanced_extraction,67ef09263d41efc13438e970d6b90d6ddeaebf07422d9d42053516d76b0dec73
11,12,是,enhanced_extraction,4bb51718453a67d9015b846c6a68662b97572c0a9269a7df9df55bbbce96ae63
30,96,类型,enhanced_extraction,67ef09263d41efc13438e970d6b90d6ddeaebf07422d9d42053516d76b0dec73
159,13,负责,enhanced_extraction,1ca8e31225ffc3b936f20b1b07946e896f09fba4d26e076e2c1e612038fe8920
164,9,行驶主体,enhanced_extraction,09c09f8f1d385d8baf4b8e1ba70ac0aaa1f904b1cc805b077741b95d4cd92bba
11,350,是,enhanced_extraction,7fa4f4b4033afd36ccb46abeecc8e5a8711fa14f70e617b795e2b335abf2616f
13,112,包括,enhanced_extraction,c1c571fb1d8601d6e86edffe190ed143e8edabbf9d70d060c2b755ec7778c1a5
13,159,是,enhanced_extraction,42b286c8b69b7dd60715ddb4a4b5ec24d40c79d0cdc71cf056cb2f8e8981f706
1,103,管理,enhanced_extraction,e17e7253ed29bc31f912763bf2ab7aeb59dc9fe7d8ff5345524911b2dd39d3db
13,81,是,enhanced_extraction,67dd61e941d34e8ff608a5966cd853677b6ea4af00f11ff1e4a6c6ffad29367e
11,383,类型,enhanced_extraction,eb32e2ff01a2a217bce44e202d150b4b0d98df76bb019edc27e4aca0d14ab46c
102,13,是,enhanced_extraction,37e3b407d2d0cbd9d10dde082f341b634413e5cf2932b8c3bba11620ba658580
110,12,行使主体,enhanced_extraction,8e22f97a934d82e04d95d6e3263129468a0bc6bdfcd8e7378ebebf21e7f56bfa
30,591,行使,enhanced_extraction,93df5641eaa4078ff27e2e64f3085576457b82ef83faaf839e99a55313230ac1
1178,12,行使主体,enhanced_extraction,ce0aff1656e5a7262e99dcc6e6ff338df7d3e7f906354351963b6136b6125d1f
306,197,隶属于,enhanced_extraction,53d191920029aafe053a9130535c2b0dbd66adbbd1f4a2f8dcacdd77b959899f
32,508,没收,enhanced_extraction,d12497f17cbde93acb4651c092e9751ced82b711225067e0c7ca057a6da262fb
80,102,是,enhanced_extraction,0a99b9b152090f1853cdde29a8249607864ecfd855c9e7529f7d5fe24f940c94
15,720,是,enhanced_extraction,e24775680b45dffc2e484c66ae5c7af6f0bdc55275ec6dad3ddac6a763fe4bf3
233,12,行驶主体,enhanced_extraction,f169b55ecf2518c26904a2a9394b3c534c6a1df66efc8bc9f04e31f3637d6da2
13,1181,是,enhanced_extraction,26f840587499bb79b7a8c8cc89cf4ad4244c03b3eae4cf0c5870e902f7cd76df
5241,799,类型,enhanced_extraction,9000c207dc7e1d7f38e972e5aa663e6d2c710dfc36752eec44a84d6eaf61757f
9,382,类型,enhanced_extraction,4cfb3db1b2e67bf8b438df39105b31616b659cf569445ffadf95f4ce4ab87e94
9,382,类型,enhanced_extraction,4cfb3db1b2e67bf8b438df39105b31616b659cf569445ffadf95f4ce4ab87e94
9,1342,类型,enhanced_extraction,4b9781a9f448bcf84e0d1d33e0f2531bd466746a1d8b574b7a87107e2b781de9
125,605,实施依据,enhanced_extraction,8f3fa8c9326df882d7ee4024e37c1c795a28e88d85da4c70363e061aa0c9bfc9
1178,800,类型,enhanced_extraction,3efc3e3fbba44093b5e7e121636670c946f4187ad8f0c76d5436bb8c28198551
112,13,是,enhanced_extraction,b11bee4e58bf3e333b5a166b4bf34ca46eade50ddea1b95318ab8b247a32c8e5
6868,12,实施依据,enhanced_extraction,fbd608eec443baad31a62730da90a7f92c390e1d659d71d56661cbbca1109e02
9,12,涉及,enhanced_extraction,5248c9d3ca7ecbe057c9b7f8e4427fdc46140ce6caae924a22f2b15012daad62
219,12,行驶主体,enhanced_extraction,7f7cd218e5a63f8cfed49f0763413c3805dae3dea7ad67d9c9014df5fe95e27e
197,12,行驶主体,enhanced_extraction,de8c44f70e5a9a8a89701375007370be3c5699a940ffc51e70cdc86e7a6f605c
12,11,类型,enhanced_extraction,d250a3e2b5b7ceab7cccbdfff1e3b8cbdc70239998775ce9a8b2acb81f9e7784
827,12,行使主体,enhanced_extraction,99cf731628411acfd1f8b81fa5f7bf94b63a2ab0ee1e2851aac7c5c450f2f302
79,11,是,enhanced_extraction,eded1ef8b8cda0c767ba5975434155285c793c8097b3c8c17b219b608f664321
14,12,承办机构,enhanced_extraction,b3f78f8d91a41eb1f2403baae337ba2537aa7882221cddeb31a73ca4a80babfe
13,3420,是,enhanced_extraction,cefe29e1794260c3a7b0ea7865c7dbbbb4402cf2daf7c484d8811434dc1f186b
9,382,类型,enhanced_extraction,4cfb3db1b2e67bf8b438df39105b31616b659cf569445ffadf95f4ce4ab87e94
103,9,承办机构,enhanced_extraction,462d07795ad187949e49c2b5e2dc4e6b5f249b09ee3fbceddb08803e11dc74ed
30,235,类型,enhanced_extraction,f5b2fcc6c3cccc70cb9f66f753193d748cbf7ee0626a4dc84de52a79c9703841
13,631,是,enhanced_extraction,b0ee37e5da0d391375f83c075a7fcfe6083233e2ae835ef2fecaca05384f9eae
4,1,承办机构,enhanced_extraction,f7483722370a3db6cc6e9698d7f621113a7fe751bca6b181a1961b22639e7ed3
11,12,类型,enhanced_extraction,6eb99ba2cff423e2571ef8f318749216e856ec529f754e4116cb373c00ca8cc4
11,12,类型,enhanced_extraction,6eb99ba2cff423e2571ef8f318749216e856ec529f754e4116cb373c00ca8cc4
233,158,行使,enhanced_extraction,963097439bd6c3d6936e3215236ffeb21bce32de77b2e5c24b2ba664108fdb00
9,242,类型,enhanced_extraction,7c4db01f0639d9a2c1b3cb8eabf326c97aa2c3bc45933927e8f3e398c9317e43
110,2640,类型,enhanced_extraction,2dc33ec4f70fd3be5d44a51b635015e2fce778b09631b8936f10fbd6f27f7483
519,12,承办机构,enhanced_extraction,8fe2a8b69b80c52eb99cf94a111e2c5de4eb59a2df64785e2ab0c9b684aa172e
197,102,是,enhanced_extraction,b65328b1b15c899a7ec49cb21ba7671024afcc78927d15b9c2e9b9e733226ace
79,11,类型,enhanced_extraction,357ff0f70265df4abbfc9fc67ba14c3a29f8b74763a0456e1d3a46a30f73d772
1768,1769,修订年份,enhanced_extraction,1d60b26772cc6c46fd4ce008bd3959e06bc6ae1575b229f2c5d2ae4f3597e9ae
79,11,是,enhanced_extraction,eded1ef8b8cda0c767ba5975434155285c793c8097b3c8c17b219b608f664321
14,13,是,enhanced_extraction,ec5a0d5165e29a74ae4544aaee4017df2f0e741c158c782869ed225ee463dd22
11,12,是,enhanced_extraction,4bb51718453a67d9015b846c6a68662b97572c0a9269a7df9df55bbbce96ae63
13,159,是,enhanced_extraction,42b286c8b69b7dd60715ddb4a4b5ec24d40c79d0cdc71cf056cb2f8e8981f706
80,12,行驶主体,enhanced_extraction,ebf794dacb080587d3a46ff62c3aa93a26c3bdd9ed7dd8cbcd0ec9efd54863d6
110,12,行使主体,enhanced_extraction,8e22f97a934d82e04d95d6e3263129468a0bc6bdfcd8e7378ebebf21e7f56bfa
218,383,类型,enhanced_extraction,df28899b3e8af1410ce82dca13bff9fca786427d5897817d755467a3292df0cd
159,30,隶属于,enhanced_extraction,42cfcbe108331164aaecb1f0d4a40291b19609fdae9d1c489c91e88ef0bf9eaf
30,350,行使,enhanced_extraction,a513f205fb98b64986bbbd05ab2772a7fb1fdbd6a3af5f1c1bd4a4483aabcbb3
13,96,类型,enhanced_extraction,4803e8eb42d15abdff1d9bfe4e6c1566bd35eb1aebc56b2ea7064b5198d7da33
1634,12,承办机构,enhanced_extraction,95952cf0ac2cbfed6614af9599a533716689d8fe845936c7ba5ce5c01acc4388
1,96,类型,enhanced_extraction,1b53d6d7bceb859c9994c8f868edccb566495452b198b46bc26063c03b409d3f
218,11,属于,enhanced_extraction,d66246b85e267af5a5c1228f85e46c51b5e1357b305a750e705cbfc4d714bbf9
164,235,类型,enhanced_extraction,8866a5643dda9800ef2ebe64cb4f09d680014b699236141406f7c4989d4bb83a
9,3658,类型,enhanced_extraction,90a7bd85349fedbede009636d177ba6b4e95c10f90ffd096e592e46c7256cc8e
1346,43,类型,enhanced_extraction,f8c646deb960e9be99773c321a468d632a5c7e123df03b4b8f4a052ff22b7c2d
234,9,承办机构,enhanced_extraction,ba570c47c490a3bfe283525b4362c3f3c29f0ad091f70e5425c7d0a12c532574
54,55,类型,enhanced_extraction,f0dc3fbd0d92917ca5b59850d86ca8147a3a0e71905769675eea77bbbfc4e937
102,394,是,enhanced_extraction,d8eecbbb48fe7bd4b15bf48fe20bd887dd02ba42ab16e82d066d61f0587213ef
11,243,类型,enhanced_extraction,18a1787a3b77f9f165289b0ee225d2f10c4fb09292552634cc1e33d05813f19a
11,12,是,enhanced_extraction,4bb51718453a67d9015b846c6a68662b97572c0a9269a7df9df55bbbce96ae63
1328,43,类型,enhanced_extraction,388c7f771f9d4ef9db2a16f2518e42c51ae8c4e8a5e0bfb93ca61d1e390f3be4
112,12,承办机构,enhanced_extraction,61354e19e5a8c6aa913e2c3f2a7c2d6ab87c1edaada8be5e039519f0c19f4719
159,30,隶属于,enhanced_extraction,42cfcbe108331164aaecb1f0d4a40291b19609fdae9d1c489c91e88ef0bf9eaf
30,159,包含,enhanced_extraction,746dad8207c11e936f9291a4d48652549063b984284c0ab2036a0471f7b9f7b4
1,104,依据,enhanced_extraction,112339673b73745e6989aa6f12fba27c9f957957aa592ea3137a0dcc0f6b75b8
11,350,是,enhanced_extraction,7fa4f4b4033afd36ccb46abeecc8e5a8711fa14f70e617b795e2b335abf2616f
733,734,决定,enhanced_extraction,b2543eb422e935d707767bfce66bbf790795f409b29ea595c92bde5f211eedea
197,455,包含,enhanced_extraction,3d73e456405062867173beee8c95286213dc07f63ce8bdfcc066a1c5db0680e6
219,220,领导,enhanced_extraction,a6c57e5f0ec382cbd654599e606374beb81a3177ce57ada4ce81501c1ca7eb39
14,590,隶属于,enhanced_extraction,3f07885d9e2f0ca8bb3e6bb9c030ed830124acb5ff6297c48d95c982f5845bff
220,12,执行机构,enhanced_extraction,dd79fecf56732ff5710843facf48ec43a59e5be0e6fb2636f35ce6a8ef05feba
30,350,行使权力类型,enhanced_extraction,09f15855281eae6ca76e1b7e46fee01a93f1a4fe9453e9e7e65b53933461e50b
9,1342,类型,enhanced_extraction,4b9781a9f448bcf84e0d1d33e0f2531bd466746a1d8b574b7a87107e2b781de9
2943,22,执行,enhanced_extraction,85bd7096995d303240bfe0e32ac0a5b98b45c788060759c20d3bb73944a1d331
234,122,类型,enhanced_extraction,cce672036659a5bd4953ef163834183bc326677cbabdf48bd1ab61a07d21ed71
9,12,类型,enhanced_extraction,a0f990011f89318094029eddd7fc8433047738098f60167fd996d5cd597fc45b
518,102,是,enhanced_extraction,10bc7e11cea630cbd28161217c6c9744562300c1abdf118abdca91119ad50cc4
216,41,承办,enhanced_extraction,be9530770c51748200e428fa6349f4575b2d926b8534cdafa9c7c96a0054a3c8
159,12,承办机构,enhanced_extraction,6aff489ab10dbf8c13027d23db776f9011bc8513954287f449cc26e5f34714f1
519,122,类型,enhanced_extraction,e1874ec60d723dcab7e8b8f3d54c67786af49eb213bc8ad4b7f2aa9817b50e97
275,9,承办机构,enhanced_extraction,1e5b77b58fbe1ccb96cdcffe12fc08034cd600b4efc9586b3276d27b6f96f358
69,41,类型,enhanced_extraction,9d57171d13c8a0f7b56ce2cd30518cf026b6bbb0e955c58127b3ea6595adbcab
219,235,类型,enhanced_extraction,42f4fcda52b9d78ca57aa5187ca807fbfaf39957781a204c7990d756faf1f978
30,9,行使主体,enhanced_extraction,e5c3d2ac83f2327f2610e99efd5375f04df010240d8cb35905e011c0fb5f6a2a
102,219,是,enhanced_extraction,c05ba5f476772e4d6770832e3f058e0a051e972c9903ee0eb4f1b22576168aff
102,213,类型,enhanced_extraction,21f9f7d56b8121d3bd111cbf93ae1aa15daa3c981ec33cab9e5bf4be19ad02ef
220,122,类型,enhanced_extraction,ddd43b42b4429e1c8753259e67864f412dcf75e1a32655082ac7d10ea54ab3c4
112,122,类型,enhanced_extraction,7ae865bfc46cdf8d9a898f26fcc7f9f2bde7ef11aca8f3054fe0623692e5b7f3
102,130,是,enhanced_extraction,927e2c3c89401500404e75bab06f2597a18d0881b1d81c4f2fb0034b46ecae9e
11,218,是,enhanced_extraction,885d1711b265018c6b5869a35a061431728560bad04aaf3db12f272a809d4bff
11,12,是,enhanced_extraction,4bb51718453a67d9015b846c6a68662b97572c0a9269a7df9df55bbbce96ae63
14,122,类型,enhanced_extraction,d3d91c90b4b9122a9fcfca5f480e3cc5e9e5c6b142a143300638dc6e6b4471d4
933,935,包含,enhanced_extraction,9a14eef8478eedd48d1102ba3f44cf7b1a8f263f914ad5bae79a3436adc70e68
644,41,类型,enhanced_extraction,bf055d97b25fe030e441730700f15065a20646f1379e6394145c18ca762bb70c
13,122,类型,enhanced_extraction,fe19e8b5dbf358107d721c0776af57adf1f5553bea6cbad339f4fc494cfb6524
130,1634,包含,enhanced_extraction,fef9e9da219f1c7507bc308496eb0f9ffb549a656305f0dccf856660bd3df800
11,12,是,enhanced_extraction,4bb51718453a67d9015b846c6a68662b97572c0a9269a7df9df55bbbce96ae63
1805,1806,修正年份,enhanced_extraction,e2b36fb6691f0d89c992a3804cb5ae2884c971357d4e97224dd714326054e3fb
8165,9,属于,enhanced_extraction,aa76852270bac64d70ee593b9442955f5abc4443346f629619dce14ca3b4c8bb
2943,2275,扣留,enhanced_extraction,71cc905fc3a6dc7c2009f81d5f0fd225786669e2d75de496ee09fc5d978e42a1
111,110,隶属于,enhanced_extraction,d97ca7ed54b9fd90d7be2762bc412a9762338ffae1fade5cf04eeab806c85c07
847,3853,和其他负有安全生产监督管理职责的部门,enhanced_extraction,8e39b03b00dfcea64550e768ab152ac8250ed6411ff7bd441bc9223b92d2af98
6914,96,类型,enhanced_extraction,3609014ce96286413f50ed9de52a85e9666aa8e0ae3093fb6fab7a3d72475ca1
1277,9,实施依据,enhanced_extraction,22f525b5216cb86ae72541492f30c7911eb1ea794df1241c906720a814a8cb2e
12,11,类型,enhanced_extraction,d250a3e2b5b7ceab7cccbdfff1e3b8cbdc70239998775ce9a8b2acb81f9e7784
164,12,行使主体,enhanced_extraction,4fba2d65aa583b6e935b5ed38ff0df3dedbdae8acb94f7c54b9a5866d8ecd800
9,12,对应,enhanced_extraction,564f2b9a43a7b149c433db6575e94b9149718ec6b5f83f7abaca5d4af15685ee
79,11,是,enhanced_extraction,eded1ef8b8cda0c767ba5975434155285c793c8097b3c8c17b219b608f664321
234,43,类型,enhanced_extraction,ddac8201c25cc6ebaf47acfeb1923236ccd38d13db3798133549e99d93e8bbb6
9,242,类型,enhanced_extraction,7c4db01f0639d9a2c1b3cb8eabf326c97aa2c3bc45933927e8f3e398c9317e43
9,12,类型,enhanced_extraction,a0f990011f89318094029eddd7fc8433047738098f60167fd996d5cd597fc45b
1457,1456,没收,enhanced_extraction,78cf73b171374cfdbe5d39751b1b6263653264d1f0f26c1545b5874a256cfb67
9,12,类型,enhanced_extraction,a0f990011f89318094029eddd7fc8433047738098f60167fd996d5cd597fc45b
216,122,类型,enhanced_extraction,1b9538bee24e1c7d07ab1e65d582f3b36814f850eefe1590ebd68a5ecd34ac54
3954,12,承办机构,enhanced_extraction,7f6e2a73936135e824fd173cfaf0d209b690b7b067fef1ab596f7e0f1db0dc09
821,24,执行,enhanced_extraction,55546369bb3d361695438c953778cd815a73d01fed6800cc0c286426f881a29f
164,158,行驶,enhanced_extraction,8cc9f7e5dbb669375709a72e155c593b14ead309651f7d0d56b1d44d847ebe65
9,9,类型,enhanced_extraction,7047180d6e4b04a345c7820986071db18605d89d0593c04f29c2334c010fbc44
928,43,类型,enhanced_extraction,d6f7f02e75cac8979e78218a4bd02bead85237d84e4b7263e5b78989679733b9
11,12,是,enhanced_extraction,4bb51718453a67d9015b846c6a68662b97572c0a9269a7df9df55bbbce96ae63
233,9,行使主体,enhanced_extraction,5e183a336d20352bd8b994006317c9b8b8906deb81b1c6c331037621a9ba156c
102,1327,是,enhanced_extraction,cfe14d6bf37334c2f17a31c0dd36b648ee62a723b1cc3b692f7716c44b7e152c
69,96,类型,enhanced_extraction,0cf85038d90dff04f83eb082373f9fe8965f453bc0ecc414841181e01a8fb832
707,9,承办机构,enhanced_extraction,25b3856d4d6346b6c3593dc74bea524adbd2c64273c03661f0aa5a9948a2a5b0
12,102,由,enhanced_extraction,9335b9a1d1cffcb24b6efea0641a0a85f9ff77a9003c797f487f66a0836416a7
13,216,是,enhanced_extraction,91e753dce0198db04daa7f5f334aca5b0a3a46d2b2189534d4db84ea31fe04f6
102,3191,是,enhanced_extraction,dc2acf729d385878a989f84e1344c8b838555110b198215c40420b24d9641158
102,1430,是,enhanced_extraction,da7e86f2d3400bf9d7851c74d895cfd2e01264e781be4a634580131469161dfa
30,159,行使主体,enhanced_extraction,0aedd16f2f2531a2e833deedb908754eecda6396b0b62561649a8e69a0ced5cd
15,104,是,enhanced_extraction,1a69a170d19933771028e5e5852ce9ac4882b067dd8790d345d5c8debbffc7c2
159,43,类型,enhanced_extraction,1a604f9a8ffa2405ba140ff868dc2af82b2b298268ed005d01a2b5ce2a7e17ce
13,112,包括,enhanced_extraction,c1c571fb1d8601d6e86edffe190ed143e8edabbf9d70d060c2b755ec7778c1a5
748,12,承办机构,enhanced_extraction,2ded277751c82ba68a30e0b434b2b6d4d979385daa270c6c14de7da584a47ef5
1732,1236,由,enhanced_extraction,86ee5f6c64317c9c2c3f1e432c3dff24a155a049276cfb220ed18c77a60ae6ae
134,12,导致,enhanced_extraction,344dae2488c1d6d6e4a18b4d1aacc24b2641f38e34359f2cd29c263215db6ec3
13,220,是,enhanced_extraction,90ed47a36b9c110511bb7444407ba8eea08c427edcf2fff05f0ff0d6fe893c08
9,2641,监管对象,enhanced_extraction,026cfc5e623473d24480bb001b3d7f0828ad60ed0671fc56c24bce0f4a91d30f
11,12,类型,enhanced_extraction,6eb99ba2cff423e2571ef8f318749216e856ec529f754e4116cb373c00ca8cc4
590,102,是,enhanced_extraction,3894a3ce2f96eb31f6efd5178874c4498257391e09a6e29dfc0047db2845f167
11,1752,是,enhanced_extraction,3d5c4d683f3974706328883e5706ec593f46ff2b461cecd6dd2efd94ed1decaf
541,800,类型,enhanced_extraction,a53bb0c37ea6f18897c42899137c110cddaba02e711f50cdd264f7ed8afc1351
30,9,行使主体,enhanced_extraction,e5c3d2ac83f2327f2610e99efd5375f04df010240d8cb35905e011c0fb5f6a2a
821,24,处以,enhanced_extraction,6319359688e5537a45ea416c8ddcf8bac51d723d6b0d4b41893c4f8751df58de
230,851,规定,enhanced_extraction,c9f7e4b0ad0d927f50d819801f35e0ae7f716edaebe8813ceea113289920f8ed
11,12,是,enhanced_extraction,4bb51718453a67d9015b846c6a68662b97572c0a9269a7df9df55bbbce96ae63
102,30,是,enhanced_extraction,49e97e22d3d7e783a2f77af85dd754c7212b8e8b9cb9164e3d6ab83c48b52fac
197,2,类型,enhanced_extraction,0904400519fce2061f83e117c405deec728ffa7d182e5d6d9bd307cc95dbab3d
6809,96,类型,enhanced_extraction,cfea1491d3cfbf48c467c4f696bc1b5482cab1db74ea6072cbee979c37291be8
80,9,行使主体,enhanced_extraction,d86caad16a8669befcbe6c8b19ce7cfa4d7111735beee3330c276b0ae823c537
13,69,是,enhanced_extraction,b36100edef6126a3253cd6d3c8436b60d913028144208e6d85d8fb7e9929ef09
11,79,是,enhanced_extraction,7fc479b7c7f1a5e9a2ccc9b68850e59cde0b8d6838f1979d7b68f16db2615cd8
164,748,承办机构,enhanced_extraction,03c1f5edb7fede26f972727c4f853f6cd990461dfb6c78849c18f8e38518dd03
590,96,类型,enhanced_extraction,50a304f4afa162088aff4bd3831e43cdbdfa64b65534a007bc70a9d9b000f81c
11,2770,是,enhanced_extraction,edbb49be5d73447ba1ffe55aed512120a6e0f63332dae48bb9df35ebdfaeafb9
3365,5844,自施行日期,enhanced_extraction,5c6b5e4534b4cb9ffda78a23300a4a59f464372ea03917428f0a5834538c1e97
102,1,执行,enhanced_extraction,1c6862778cbbf80d9eb1797773c831815a0f0e9fa13adeaa0f994b45a884eac1
9,1488,类型,enhanced_extraction,b03fc750e5ab1befaf9129b00cf527d8b6939f06ce9a58f10029e831be7ce211
928,12,承办机构,enhanced_extraction,61cbffc170b7e978f5ab3e8dec6c805edb5719c6f0a3f5b34344df1f90114fa2
13,43,类型,enhanced_extraction,8acd6bcf339a66c572deeab51b58b67436511f74ee60c8462fe1fc4ddd2b5c71
1343,9,行使主体,enhanced_extraction,ea4813b06064aca6e72fb2eba2d916a73d5070d2549bc6d8d7fbbf5a5b23dd13
1651,35,类型,enhanced_extraction,69093edeadbc1e062cd0525ec65dc8ea109777f6862b4894af1a32b81695d9ea
102,13,负责,enhanced_extraction,cceacf949bf833e65cfeacb4429243aa70155576636fd23c7d2606d3eb7f4ae8
79,11,类型,enhanced_extraction,357ff0f70265df4abbfc9fc67ba14c3a29f8b74763a0456e1d3a46a30f73d772
11,12,是,enhanced_extraction,4bb51718453a67d9015b846c6a68662b97572c0a9269a7df9df55bbbce96ae63
13,43,类型,enhanced_extraction,8acd6bcf339a66c572deeab51b58b67436511f74ee60c8462fe1fc4ddd2b5c71
111,13,是,enhanced_extraction,b7cf98b8f25ee4400e215866539ad16fcce1102a7d03f633fbe5895bdc71e1a6
197,2,类型,enhanced_extraction,0904400519fce2061f83e117c405deec728ffa7d182e5d6d9bd307cc95dbab3d
928,12,承办机构,enhanced_extraction,61cbffc170b7e978f5ab3e8dec6c805edb5719c6f0a3f5b34344df1f90114fa2
111,13,属于,enhanced_extraction,30a94fc034d62aeef2dbfeda0365ce19ffe0ae920d294cddbeb30918faec18ba
11,12,是,enhanced_extraction,4bb51718453a67d9015b846c6a68662b97572c0a9269a7df9df55bbbce96ae63
1634,12,承办机构,enhanced_extraction,95952cf0ac2cbfed6614af9599a533716689d8fe845936c7ba5ce5c01acc4388
219,96,类型,enhanced_extraction,501d98fd934829def13421070a3527c368142d959d3066786d506a91cfa7e243
9,719,包括,enhanced_extraction,c1231fc32b7acc4e77b3d47c231bf991895c5f25fb53cc1621c5a806c9e5df88
102,30,是,enhanced_extraction,49e97e22d3d7e783a2f77af85dd754c7212b8e8b9cb9164e3d6ab83c48b52fac
518,41,类型,enhanced_extraction,6ccb5ed090fe5cdc2f638f5377519243079d65e9e4d21532bdee46f2cbca9f29
9,12,类型,enhanced_extraction,a0f990011f89318094029eddd7fc8433047738098f60167fd996d5cd597fc45b
54,96,类型,enhanced_extraction,700a62739c603330fad1f06488dd2cf7d267b48ec4e9b119ab2c60183e939f38
9,12,是,enhanced_extraction,d3edcb6a030ff06d1610ce9ca5ddaad453d12646bad6185294116bd7938a7c7b
9,12,涉及,enhanced_extraction,5248c9d3ca7ecbe057c9b7f8e4427fdc46140ce6caae924a22f2b15012daad62
110,12,行使主体,enhanced_extraction,8e22f97a934d82e04d95d6e3263129468a0bc6bdfcd8e7378ebebf21e7f56bfa
522,94,类型,enhanced_extraction,1e13225b87125b019c8aaf82642094c85f5e640f65441f651871bf9e02b7a832
316,11,行使,enhanced_extraction,fba21e872e416102fac535b0bf0b9c81a85d191f7ab46c23849d25e7dc4d1bb2
103,41,类型,enhanced_extraction,da7aa2adee43be4114ffdc32d70369d9518ad7daec803d36bb3a22fe5a36469a
1178,96,类型,enhanced_extraction,82a820e9e9351463ef12782f6eb3201635e8d2b5848fb6002526433540c1dfe3
112,110,隶属于,enhanced_extraction,eac2fea96f4f5759f5c085426b63a22e917540e8db82652c0bab1d07a7193f89
13,220,是,enhanced_extraction,90ed47a36b9c110511bb7444407ba8eea08c427edcf2fff05f0ff0d6fe893c08
13,111,包括,enhanced_extraction,09c0593bd8b7420222398fb7c93ce32df70d33633b73fc4e12402155845d4bd2
13,455,是,enhanced_extraction,f056809418a23c8dc3e5edc472da624bd424823694a3811a98051514f8ebac9d
827,12,行使主体,enhanced_extraction,99cf731628411acfd1f8b81fa5f7bf94b63a2ab0ee1e2851aac7c5c450f2f302
102,420,是,enhanced_extraction,f2dba7157c8a63822311b997adc9dbb44d39ee12237396b2b3f8c188c20f9a6a
11,350,是,enhanced_extraction,7fa4f4b4033afd36ccb46abeecc8e5a8711fa14f70e617b795e2b335abf2616f
102,590,是,enhanced_extraction,af8450272caa216288b50d8943d597639c2353f39db848cf16ccd0ab8ea4aa9d
474,96,类型,enhanced_extraction,29cae0593910b8b718efe6fc0c6a6baeb9e5f29b7a10934509973d17054a5da6
159,12,承办机构,enhanced_extraction,6aff489ab10dbf8c13027d23db776f9011bc8513954287f449cc26e5f34714f1
102,164,是,enhanced_extraction,a80ad6ee4e5699c85935b930e4979b0e242208aeb958dbce2322b0ef11af2eb2
1179,35,类型,enhanced_extraction,29589942d8ef241ff0923f31113d03f36f0107fea1af0f280c8613df10f1dd4f
9,12,权力类型,enhanced_extraction,2a21d93536f75c6e5a649144635cc06abdf7efba771dbc93580f9c998bc093b7
130,12,行使主体,enhanced_extraction,f560c66e39df5f6e7d5a65a30056284a25c482f51a4c3a31a6b07b6102dc1c70
522,45,类型,enhanced_extraction,5320666fc52616167567a3fbd9ea49a98eaa1bb28e6c546be1016a057258a16b
1239,96,类型,enhanced_extraction,d26c91107e62631990e7bcd404068936de207e252aedda6277fb48739c20261e
30,96,类型,enhanced_extraction,67ef09263d41efc13438e970d6b90d6ddeaebf07422d9d42053516d76b0dec73
12,11,类型,enhanced_extraction,d250a3e2b5b7ceab7cccbdfff1e3b8cbdc70239998775ce9a8b2acb81f9e7784
30,12,行使,enhanced_extraction,e32ba06d18071d6a8384351a3a10393f6606ad032542fde73f276d5e7e5dca46
455,43,类型,enhanced_extraction,059a6fbf02f87fed416cdcdb01837b012b8b1e9fc5ff2a3cae8f72ce890746b5
102,3191,是,enhanced_extraction,dc2acf729d385878a989f84e1344c8b838555110b198215c40420b24d9641158
13,41,类型,enhanced_extraction,1dfae58022fd91b047d3fda6aee6b5855c358e74bf9b6f42c46bcbd3b90b1866
86,842,处罚措施,enhanced_extraction,d6edf94e18a93002e99a08d5a72405faf913c9bd3ac2728215972b0a1286906e
13,519,负责,enhanced_extraction,26061d6e739a83c295bf6555bc36f25d3bf54e803e772a80a7fb1e142a0a7761
1178,12,行使主体,enhanced_extraction,ce0aff1656e5a7262e99dcc6e6ff338df7d3e7f906354351963b6136b6125d1f
518,96,类型,enhanced_extraction,ca4c852d22c9f6bdfc513253282bc67bff8cd2e622b68afaf99e5bc03e16ac4c
1178,12,行使,enhanced_extraction,7c5eed8e105b4103f091f26d16847cb17a172c024f2d003d8e449e1bffc2f380
9,13,由,enhanced_extraction,334dc20735811e83fa7ebc052d5b1b801ff25cf7f3c185e308f0026c55260162
11,12,包含,enhanced_extraction,c7108b0e6d2e3863b970d616b39759a19070792922effbf8d19d227196f88034
216,122,类型,enhanced_extraction,1b9538bee24e1c7d07ab1e65d582f3b36814f850eefe1590ebd68a5ecd34ac54
30,96,类型,enhanced_extraction,67ef09263d41efc13438e970d6b90d6ddeaebf07422d9d42053516d76b0dec73
518,519,负责,enhanced_extraction,a08e10bc8d205a4a494fe76249e836bd21c632bec0ac6f6a7c86f03679f77840
719,394,是服务事项,enhanced_extraction,6d39c6360f3f0b1230137ce357e4982b997b9688183b10c381af7c971a26423c
13,159,是,enhanced_extraction,42b286c8b69b7dd60715ddb4a4b5ec24d40c79d0cdc71cf056cb2f8e8981f706
1851,842,处罚措施,enhanced_extraction,224e1741c5a55f80ff7d6c335fe9acad4e94723a7ed4e173ee6085777034a6ae
11,12,是,enhanced_extraction,4bb51718453a67d9015b846c6a68662b97572c0a9269a7df9df55bbbce96ae63
219,12,行使主体,enhanced_extraction,48c9be9799eee1b308a712f26eeac8073f8cfcf02dfeb1b31345add10211760c
219,12,行使,enhanced_extraction,45eb9736e1b4689e9b65745eadf6c355837885340fde605488842d816564e14c
9,7762,依据,enhanced_extraction,10b3282a6c2b9be694c9295875303cd77eeb698baa122bb6bc3741507bde3b53
220,12,承办,enhanced_extraction,9c7ca49c2aa429afe321151d611cabcdaea2a6f2f1465868c03432d70df57fee
164,96,类型,enhanced_extraction,cee014ad6e4a569563c8424370d6d3ab0ae2b302dcef061273248f9442963009
30,12,行使主体,enhanced_extraction,1e7200094dd34c790193171ddcf0ebf515cdc55593921a196744b29e5fa0a671
13,112,是,enhanced_extraction,4022fd75f8b3ae3cd82a12e79edef19e686577bef36580e293b55d8f1a5de71b
130,12,行使主体,enhanced_extraction,f560c66e39df5f6e7d5a65a30056284a25c482f51a4c3a31a6b07b6102dc1c70
112,41,类型,enhanced_extraction,773c872fee15657895132caea471a77af7ee61a9beec268c086fb9c3e8788d3b
164,218,行使权力类型,enhanced_extraction,ba72b04aa6d982d4a3558a968d5d359348ace15a68cf1757c441a78fb18c6117
219,12,行使主体,enhanced_extraction,48c9be9799eee1b308a712f26eeac8073f8cfcf02dfeb1b31345add10211760c
1178,9,行驶主体,enhanced_extraction,3d34106884278edd0c7d6f8b8618133649d64e15ee2ffa36fe890f961ca5b05d
519,518,承办机构,enhanced_extraction,0bfa135c15525815e5237f8ab9c556a44c32e89ccd9aa254952d02d296966603
11,12,类型,enhanced_extraction,6eb99ba2cff423e2571ef8f318749216e856ec529f754e4116cb373c00ca8cc4
102,394,是,enhanced_extraction,d8eecbbb48fe7bd4b15bf48fe20bd887dd02ba42ab16e82d066d61f0587213ef
11,79,是,enhanced_extraction,7fc479b7c7f1a5e9a2ccc9b68850e59cde0b8d6838f1979d7b68f16db2615cd8
30,159,包含,enhanced_extraction,746dad8207c11e936f9291a4d48652549063b984284c0ab2036a0471f7b9f7b4
102,4082,是,enhanced_extraction,aa6c8a8214dee6e45df2c226644b8b8b18c101dc40d7599e5e65f14092c882f8
12,11,类型,enhanced_extraction,d250a3e2b5b7ceab7cccbdfff1e3b8cbdc70239998775ce9a8b2acb81f9e7784
1327,9,行使主体,enhanced_extraction,819dfe1495ac256aff69194c38cc5ec18f724dba25aa08fe1f0a5b5c65403ea1
4334,2535,类型,enhanced_extraction,9366cd50d3ad0baefe1082b972570df3be8d5896a15319b3fc94ff1f7ac4bcaa
102,1,是,enhanced_extraction,e7673144fe059008120004a15b8b74a285f82c6ab41977014fcf98bd828f26e9
197,9,行使主体,enhanced_extraction,05415d8de4c2359f2a06f426ff7597fcb15c0295ab8eb90f21d9fe7c0342becf
164,12,执行,enhanced_extraction,909c9047c92a3e328ae542887f740f0f5a02d1760c91883e0aca49c91e1d4517
159,30,隶属于,enhanced_extraction,42cfcbe108331164aaecb1f0d4a40291b19609fdae9d1c489c91e88ef0bf9eaf
1,6180,管理部门,enhanced_extraction,105d049304c9b9fe2da79bcf5da3e283e902ee94988684bbeaf609c3ef717c5a
81,12,承办机构,enhanced_extraction,1535f36766c4ca8db21c6ff09e8fb4820c7af3f5bd95dc3d3de36c43359f859d
110,12,行使主体,enhanced_extraction,8e22f97a934d82e04d95d6e3263129468a0bc6bdfcd8e7378ebebf21e7f56bfa
130,9,行使主体,enhanced_extraction,e6231a3f41095456f7d0aeeb3310511e6b22e58b92d76c1d45a50385a348b706
1,4,行驶主体,enhanced_extraction,ada4c9e01d9526e0d825e45f0f5b5f1865cc6381db3262eb57f83752054dd97e
8088,2442,类型,enhanced_extraction,11980f5241293b72edf4a51909ac75ac211723b1f3b8395d441392392b1a12f3
13,96,类型,enhanced_extraction,4803e8eb42d15abdff1d9bfe4e6c1566bd35eb1aebc56b2ea7064b5198d7da33
11,218,包含,enhanced_extraction,9df4ba890dfd661ba2b1f195cdaeb2855ce61caf11dfc83c94fcec0a9a3017c4
103,9,承办机构,enhanced_extraction,462d07795ad187949e49c2b5e2dc4e6b5f249b09ee3fbceddb08803e11dc74ed
9,1,由,enhanced_extraction,4c9364e052be371c90a7eb73284cdb6decbac042efb11c4d7a574289182ea546
102,541,是,enhanced_extraction,c10c86adf4607cf1691d0bd045c623cbb274db26b95b6342e54f6bd9502352bf
12,11,类型,enhanced_extraction,d250a3e2b5b7ceab7cccbdfff1e3b8cbdc70239998775ce9a8b2acb81f9e7784
112,125,隶属于,enhanced_extraction,91d8c448007859b2d2eb790ada2e806b527ba66ca961088c2a261baeef760689
159,30,隶属于,enhanced_extraction,42cfcbe108331164aaecb1f0d4a40291b19609fdae9d1c489c91e88ef0bf9eaf
111,12,承办机构,enhanced_extraction,17327f9a1de1086d2c73256ac92cbbf571e23426c4b96cee6a87dfe4055ef86c
11,12,是,enhanced_extraction,4bb51718453a67d9015b846c6a68662b97572c0a9269a7df9df55bbbce96ae63
2108,2110,包含,enhanced_extraction,227f62081648b25944aa14b7ccff0e7e0dd024255b28ba74265026e7f795361f
111,122,类型,enhanced_extraction,1fce63ef8ed73f0b4875f31534b84a9bb554322448dacfa61a5a706ff84d0c65
220,12,承办机构,enhanced_extraction,d6dd83fe48b58aecde65a1553db5e9368a2092ae2cc2050a62981de65361d57c
112,13,属于,enhanced_extraction,92764e7a0e5723fbb8222688d27344988ebd374de6ff18da62656b9583f95f91
9,769,类型,enhanced_extraction,abda8e473523dc707640f41c3f1086e1f77e60b9b1ed70ceb6717a572a2c668b
1178,9,行使主体,enhanced_extraction,1f4a2487ef71eac5f810d64529c434e34add54fc52b6f261e1d3d1caf8c007e1
220,12,承办,enhanced_extraction,9c7ca49c2aa429afe321151d611cabcdaea2a6f2f1465868c03432d70df57fee
102,219,为,enhanced_extraction,5b1f6ad729b95cefb148076735ee918af04a56890cf2c732c767e8b670e9c020
11,12,是,enhanced_extraction,4bb51718453a67d9015b846c6a68662b97572c0a9269a7df9df55bbbce96ae63
11,12,是,enhanced_extraction,4bb51718453a67d9015b846c6a68662b97572c0a9269a7df9df55bbbce96ae63
11,350,是,enhanced_extraction,7fa4f4b4033afd36ccb46abeecc8e5a8711fa14f70e617b795e2b335abf2616f
519,122,类型,enhanced_extraction,e1874ec60d723dcab7e8b8f3d54c67786af49eb213bc8ad4b7f2aa9817b50e97
102,1,是,enhanced_extraction,e7673144fe059008120004a15b8b74a285f82c6ab41977014fcf98bd828f26e9
14,12,承办机构,enhanced_extraction,b3f78f8d91a41eb1f2403baae337ba2537aa7882221cddeb31a73ca4a80babfe
111,235,类型,enhanced_extraction,006d71a478a8fad2aa4ef44eee1ea6d1087eb2806330900aa967a3ea4eda7c6c
308,11,类型,enhanced_extraction,5c0eec365b00bc4e2c71443c4e9773474bf7a0e553c792628304c57dc865328e
159,30,隶属于,enhanced_extraction,42cfcbe108331164aaecb1f0d4a40291b19609fdae9d1c489c91e88ef0bf9eaf
9,12,类型,enhanced_extraction,a0f990011f89318094029eddd7fc8433047738098f60167fd996d5cd597fc45b
16,17,修订时间,enhanced_extraction,4a070877a3c05599280a96dfb86dade78ba30ac4709fd55ea700e8fd0aa699ee
110,112,行驶主体,enhanced_extraction,bea259e3fdecaf70cf4a0bdd0589d83cfd6bff9d24fe83b2a0168cc516cf0c8f
11,350,类型,enhanced_extraction,c5435f43ab53b7256cda424d7b4c2613c3568248f5e783817c3c80f355585e15
112,110,隶属于,enhanced_extraction,eac2fea96f4f5759f5c085426b63a22e917540e8db82652c0bab1d07a7193f89
3,96,类型,enhanced_extraction,cf1a592be4700e061c3d60ff4152dae278995261a5b7b41dd09cca3b703691d3
30,12,行使主体,enhanced_extraction,1e7200094dd34c790193171ddcf0ebf515cdc55593921a196744b29e5fa0a671
30,159,包含,enhanced_extraction,746dad8207c11e936f9291a4d48652549063b984284c0ab2036a0471f7b9f7b4
79,11,属于,enhanced_extraction,e2c765377dddeb2b2bb3e2ed6638fa3659b77196b66ecff856789a0a2ff09abb
110,12,行使主体,enhanced_extraction,8e22f97a934d82e04d95d6e3263129468a0bc6bdfcd8e7378ebebf21e7f56bfa
387,12,类型,enhanced_extraction,1afc5e66d361957615d7b2f1895d09969e0e771d7e317b93d6b1a5721201545d
12,826,类型,enhanced_extraction,40560135765d8e13da89399d287c1b1cafb5f5f3f09b4adbaad931c6356f4a58
69,13,是,enhanced_extraction,c2b9f47beb91fe193a5938bf9d5d89b51e390d7293572ec31036ca8c2d957a3d
9,12,类型,enhanced_extraction,a0f990011f89318094029eddd7fc8433047738098f60167fd996d5cd597fc45b
13,3,包括,enhanced_extraction,2952e90fae10e08de044cf9cecfebd3506e3c4dee877617d32fdadd651dd2ee9
4728,94,类型,enhanced_extraction,a8a345fab1f49a01f53c87f5062ca2516cf71bb668ccd7e6a83491517aa2d8ac
11,79,是,enhanced_extraction,7fc479b7c7f1a5e9a2ccc9b68850e59cde0b8d6838f1979d7b68f16db2615cd8
2000,1931,类型,enhanced_extraction,f26bd3dc45b65af9ed4dbbc81e5a29822fa24da5f756102903d28bf86435def2
9,382,类型,enhanced_extraction,4cfb3db1b2e67bf8b438df39105b31616b659cf569445ffadf95f4ce4ab87e94
14,9,承办机构,enhanced_extraction,f404e282d70c377d86e8d2de974bc2a4a334b2db5894f7cec3b5c3d7c02595aa
1178,96,类型,enhanced_extraction,82a820e9e9351463ef12782f6eb3201635e8d2b5848fb6002526433540c1dfe3
159,122,类型,enhanced_extraction,ac95a8754b9cf555ad1f7b6963dfd724829642f155c6b04c4c82d577ec28198a
80,12,行使主体,enhanced_extraction,75b93f846aed0d2bb84ea5d06a78a31b4b70b391d50fc51be75f8c8a4beeb801
146,8221,采取,enhanced_extraction,54f0f35ee3474c1f98de31168f9110fa5b25c5eff2474d77b583059c7251240b
5672,508,没收,enhanced_extraction,9d2d68b9201d5cae6aa4b125b97a08e0d5d62ff21a6f23909fe915c2b0f5a915
827,12,行使主体,enhanced_extraction,99cf731628411acfd1f8b81fa5f7bf94b63a2ab0ee1e2851aac7c5c450f2f302
11,2770,是,enhanced_extraction,edbb49be5d73447ba1ffe55aed512120a6e0f63332dae48bb9df35ebdfaeafb9
219,591,行使,enhanced_extraction,66cd4981c0a4033cffcb5e358a9832410093f1c525eefedcbd2c8d401306f4db
30,96,类型,enhanced_extraction,67ef09263d41efc13438e970d6b90d6ddeaebf07422d9d42053516d76b0dec73
1468,235,类型,enhanced_extraction,3b49e9b159034a118e2270c23a6d78ca52bcb22b015437cbefcf3b28408e14a3
30,11,行使,enhanced_extraction,62c6a65f78aeea9b5419df2e559d59aaec952aea31542f6bfde71e402c1b3e5b
233,390,等同于,enhanced_extraction,51f2766a6dc9f6f7a03922c55d252afc13ff1f11afcf83922eb6dcb4d9d6cec7
12,121,类型,enhanced_extraction,2a0f14f6bfc5e730b8f67f0d8f1a2ef6fcf3b0aacea756c9424c11932fca64b4
86,2964,类型,enhanced_extraction,65e1122294907d16274b4f086253b08c23b6a46af33308f430290ba408dd5995
346,96,类型,enhanced_extraction,e2e544df41d1838119928208d5d9dcd89cabdba9853ed2e4aa42e3b7c23e7846
216,12,承办,enhanced_extraction,6c09bb08800b201484abfe07ec6bbec96053cd5246cdd06b257b2cc8459d3ba5
13,566,是,enhanced_extraction,1866119ce861bacf3742e7b1589fd12ada180635b92e6afb4c1265f88f743470
11,308,是,enhanced_extraction,ecb06d577a5f273c2f13422e7f79961966e4fb437e16acc1fb731831344bc4db
11,79,是,enhanced_extraction,7fc479b7c7f1a5e9a2ccc9b68850e59cde0b8d6838f1979d7b68f16db2615cd8
13,1165,类型,enhanced_extraction,e6d204d727bf4e72d63d15711aca27a48ebc414f219490b5f045cbf681a5cc34
12,11,类型,enhanced_extraction,d250a3e2b5b7ceab7cccbdfff1e3b8cbdc70239998775ce9a8b2acb81f9e7784
233,96,类型,enhanced_extraction,403d8d284bb442ebedf3ec08f061bbf2ab967b37d33ba94afbf403814c3b994b
9,12,涉及,enhanced_extraction,5248c9d3ca7ecbe057c9b7f8e4427fdc46140ce6caae924a22f2b15012daad62
80,9,负责,enhanced_extraction,5b107ecff6731d11b86da118dfcf00e074e7fe8c86a4fb06399910e774fcfc68
102,96,类型,enhanced_extraction,3ae3aeb0c9938fc9352289b17986b74d2af21dddb657fa0b815d164c1bf8fa49
11,218,类型,enhanced_extraction,d0808af55fc2f12f46b4a8d32282fee95174164d496ae62daea0c7ee682b5571
130,96,类型,enhanced_extraction,492011f3caeb38421b0a4dc34d8e68ce6491294b3c8ce6a93e546bba673248da
2765,3621,行驶主体,enhanced_extraction,63a9e8b9e0a5d349148bfcdfce8bf3dfabf41ef8f656d6ae0c03105dd2151566
102,12,执行,enhanced_extraction,c7bf5beb6e47a162b370413c51f3c9914752537b96c6b25bfca17d954a97a117
308,11,属于,enhanced_extraction,90a28b0ff8edc5a7791549ca7de9125e1de7b79b577b744daf1b4c5c9a804d83
130,96,类型,enhanced_extraction,492011f3caeb38421b0a4dc34d8e68ce6491294b3c8ce6a93e546bba673248da
13,244,类型,enhanced_extraction,9ebb128056fb3c138737f62c97bdd09f90c6ff1477bf7e58a347fdcf7c150aea
2576,5600,修订,enhanced_extraction,204dc5dfbda696551c21948639e9aa780d17a7d6deac9a2290bc7b393683dae6
233,800,类型,enhanced_extraction,d8bac73a706df3c451a38e43f97d606057ccc4c46b582dfed181d09dfbe3ed9d
221,764,发布,enhanced_extraction,c116a6aa93064eb17b9976ceb403ca05c1455d80723cdb0cf5a33da09306c9d9
11,12,是,enhanced_extraction,4bb51718453a67d9015b846c6a68662b97572c0a9269a7df9df55bbbce96ae63
2839,2838,类型,enhanced_extraction,e33f1aca691ec645616d571366fb0acea022430b68d8fece5bb22830e5dd58d3
111,9,承办机构,enhanced_extraction,0e1b65ae7d6d6e353db7e399f405a5901a391d7cf7e5ce64d9691610e8aa234b
159,12,具体执行机构,enhanced_extraction,1cbd7cdbee38cd9d4f940ba40e2f9ee0c481b5bd554150945f7825a99a68a7b8
12,11,是,enhanced_extraction,54710bbec3ca077fe79c80e1e95ea28a843633289f5bc6efe6abea14f6118623
164,748,包含,enhanced_extraction,98b8f4d7fba4166cb034864291014665acab73886c076b1df7cadeca21693da7
102,213,类型,enhanced_extraction,21f9f7d56b8121d3bd111cbf93ae1aa15daa3c981ec33cab9e5bf4be19ad02ef
590,12,行使主体,enhanced_extraction,bc9c26cd12eb2d4c4250b8f19320a70d0aed92bcb49c1e41a985143575086241
30,41,类型,enhanced_extraction,e5612f068d36dd548f30df430e7e34f60d5a787eff7463d26d0383943b620b64
11,12,是,enhanced_extraction,4bb51718453a67d9015b846c6a68662b97572c0a9269a7df9df55bbbce96ae63
11,12,包含,enhanced_extraction,c7108b0e6d2e3863b970d616b39759a19070792922effbf8d19d227196f88034
11,12,类型,enhanced_extraction,6eb99ba2cff423e2571ef8f318749216e856ec529f754e4116cb373c00ca8cc4
30,96,类型,enhanced_extraction,67ef09263d41efc13438e970d6b90d6ddeaebf07422d9d42053516d76b0dec73
220,235,类型,enhanced_extraction,17f06e3cce3a42e526a449fce60ab3d392e69486843ba54e3d52c7ed35ec1239
692,1,隶属于,enhanced_extraction,06cf4972766cfacde290499f3e99095839d0dde74d22f8a85c0a21a248a5920d
1,3,行驶主体,enhanced_extraction,6f83699592a3411a72a2a30825de66810b0616405ee1a59b682c81e2b95593ec
11,218,是,enhanced_extraction,885d1711b265018c6b5869a35a061431728560bad04aaf3db12f272a809d4bff
130,9,行使主体,enhanced_extraction,e6231a3f41095456f7d0aeeb3310511e6b22e58b92d76c1d45a50385a348b706
13,159,是,enhanced_extraction,42b286c8b69b7dd60715ddb4a4b5ec24d40c79d0cdc71cf056cb2f8e8981f706
541,9,行使主体,enhanced_extraction,d2de9d22c85bcc6ffce71f8bb27de5c0a8c6d26513c85ecc8a18c0c149ff9f4b
110,111,包含,enhanced_extraction,d592ca3330a9e77a1ea2c10b1cee07860f1846cc946434fff7ca6996bbc293a2
164,96,类型,enhanced_extraction,cee014ad6e4a569563c8424370d6d3ab0ae2b302dcef061273248f9442963009
102,1088,类型,enhanced_extraction,d476616ddad9f3e30c1d0518ad5e0ee8edd34f616971f1de723f16bf46a5b242
652,96,类型,enhanced_extraction,718411a2262b3cbb55ddd5c83b71671052a7b4e8f1bcd281f98481acf2fc14db
13,220,是,enhanced_extraction,90ed47a36b9c110511bb7444407ba8eea08c427edcf2fff05f0ff0d6fe893c08
102,1,是,enhanced_extraction,e7673144fe059008120004a15b8b74a285f82c6ab41977014fcf98bd828f26e9
13,103,是,enhanced_extraction,1b5b4a6b26df270a9c16a69f9d5e70d230d38e452e30a89449afe7a565899b1f
219,2,类型,enhanced_extraction,f06453bacaa48099a118b546931a1fef0ab287a8b69aea311d03e2fe23de6119
220,235,类型,enhanced_extraction,17f06e3cce3a42e526a449fce60ab3d392e69486843ba54e3d52c7ed35ec1239
13,111,是,enhanced_extraction,e92990fdba5592a3b6fcc22d9ea34b712eeb46b1805330cd6168afde79c38daa
6224,9,实施依据,enhanced_extraction,223d6318e228f8f7ee195929175d941f3d3c8f601ce6a3c205e9a05d7c519032
112,13,包含,enhanced_extraction,a347e9dc7b7cc7c48818039196ef988c81b2c4ee162f1d2e345822d986d32408
164,96,类型,enhanced_extraction,cee014ad6e4a569563c8424370d6d3ab0ae2b302dcef061273248f9442963009
11,12,是,enhanced_extraction,4bb51718453a67d9015b846c6a68662b97572c0a9269a7df9df55bbbce96ae63
102,1088,类型,enhanced_extraction,d476616ddad9f3e30c1d0518ad5e0ee8edd34f616971f1de723f16bf46a5b242
112,2,类型,enhanced_extraction,1a7b768057b130886eb27b48dadabbed231fb1d40c5ad0986fdfc585089c304b
102,4115,类型,enhanced_extraction,145ffd3752d990014410bfe86d9c34a9cb68428dd478236257ac809c77fc7bdd
13,112,是,enhanced_extraction,4022fd75f8b3ae3cd82a12e79edef19e686577bef36580e293b55d8f1a5de71b
30,159,包含,enhanced_extraction,746dad8207c11e936f9291a4d48652549063b984284c0ab2036a0471f7b9f7b4
102,1560,执行,enhanced_extraction,379bc864dded9092907aa9815731d3f023e400db3a9554838a6a8cdf5721d11d
13,455,是,enhanced_extraction,f056809418a23c8dc3e5edc472da624bd424823694a3811a98051514f8ebac9d
896,54,隶属于,enhanced_extraction,c94c609c809d1de506b18b9b3f56ff481a9eb768dd12c2ef8d42feccb9fcd923
12,11,类型,enhanced_extraction,d250a3e2b5b7ceab7cccbdfff1e3b8cbdc70239998775ce9a8b2acb81f9e7784
9986,9987,由,enhanced_extraction,eb122a230b6d5bff39ebc5429cfe8faab3f6d3b855ec94a997619f0b48e1ab7b
80,96,类型,enhanced_extraction,60589a9f7239b972454c94ebe1d88b353e4c9fad16152fb4bc372a569d001482
13,111,是,enhanced_extraction,e92990fdba5592a3b6fcc22d9ea34b712eeb46b1805330cd6168afde79c38daa
11,12,包含,enhanced_extraction,c7108b0e6d2e3863b970d616b39759a19070792922effbf8d19d227196f88034
230,45,类型,enhanced_extraction,2d06f0420c9321c7867d63dfc89791fed6289632631c065d7454058422464131
15,1005,是,enhanced_extraction,aa370b68aaa9547f9755fad3b1e2062fe0c063854168f1b5f79b0bc791533f9c
4622,4624,修正,enhanced_extraction,af9131b737914b7231fe9271e923115b10c4691fba3f1eb7d201ca513482ade5
3,12,承办机构,enhanced_extraction,36419309639345c7868c507d4b9be81aaa4158a2c42070fadfb49311070bfc02
159,12,承办,enhanced_extraction,a4171533875a113e51dcec36193f3bc0b84f43b5dea5eda649abd7607761b524
110,12,行驶主体,enhanced_extraction,f88c6e627f6d22435f5814c97bc33cc97b81268648a0c711d18a8c910982266b
1855,12,按照职责分工决定,enhanced_extraction,317fefd152dbdaf2711e3aa8e02260c0f2a0e32dd3c3cd607d3c35f958485b08
342,342,类型,enhanced_extraction,9e4f4bbca4871e0a1663f245c0751535a0412d6547a055c2221a9a6ecea8fe69
13,159,是,enhanced_extraction,42b286c8b69b7dd60715ddb4a4b5ec24d40c79d0cdc71cf056cb2f8e8981f706
14,122,类型,enhanced_extraction,d3d91c90b4b9122a9fcfca5f480e3cc5e9e5c6b142a143300638dc6e6b4471d4
164,9,行使主体,enhanced_extraction,786ebd4ad9d4f9a7110adcce82b6fb31da86f193f9b2bcb48bcb6c3affd2526c
15,104,是,enhanced_extraction,1a69a170d19933771028e5e5852ce9ac4882b067dd8790d345d5c8debbffc7c2
220,6868,依据,enhanced_extraction,0c37aa1197b04d7bf2d9909cb6c705f80d5b10b6eefb70af966bdbe8efae791c
11,12,是,enhanced_extraction,4bb51718453a67d9015b846c6a68662b97572c0a9269a7df9df55bbbce96ae63
159,9,承办机构,enhanced_extraction,5ee791beca09708a05a9fe7eceb9c231426399dbe2641494d195fb85608460d1
1044,24,处,enhanced_extraction,9f3bff4800dcb86561a5c6fe5d831907c7069d5042292baeeb8477b0c3886093
518,102,类型,enhanced_extraction,8d5dab2e861034013aef3c22ba7097b44cb09c237c7393e404635cf5291cfbdd
11,12,类型,enhanced_extraction,6eb99ba2cff423e2571ef8f318749216e856ec529f754e4116cb373c00ca8cc4
9,782,包括,enhanced_extraction,01741a41c895d600feb15da2c06a4cbf52dea2e1da52f39ddfca68aef78ca695
216,12,承办机构,enhanced_extraction,b650e14ef4d83f5c7b7e0b7cb2372b87c43c67c1aac2eac7f34e8d5f4fd36aab
111,110,隶属于,enhanced_extraction,d97ca7ed54b9fd90d7be2762bc412a9762338ffae1fade5cf04eeab806c85c07
102,130,是,enhanced_extraction,927e2c3c89401500404e75bab06f2597a18d0881b1d81c4f2fb0034b46ecae9e
5674,9,实施依据,enhanced_extraction,7c62bc9214f9113e49ee60321ee522e30ce6e923d5cdeffd56d92f779dd27bc9
103,41,类型,enhanced_extraction,da7aa2adee43be4114ffdc32d70369d9518ad7daec803d36bb3a22fe5a36469a
111,9,承办机构,enhanced_extraction,0e1b65ae7d6d6e353db7e399f405a5901a391d7cf7e5ce64d9691610e8aa234b
985,9,承办机构,enhanced_extraction,f7867c42227c0ec71b1ba227aed585268abc994f5c9097771ddcd680cd259aee
11,158,类型,enhanced_extraction,cda646284c8305fbf7150a4885df91557c57facfeb63be63e446a3533d4aeb8d
102,80,是,enhanced_extraction,79e8d5b7618f13b08ba6bbab2160ead94042b778e9a4a7619d5ff0e34b6e7ca5
80,800,类型,enhanced_extraction,a268f174c015dc67f1679b2bd6f06ba85cde9633152e7a42af125d4921ebfff7
11,218,是,enhanced_extraction,885d1711b265018c6b5869a35a061431728560bad04aaf3db12f272a809d4bff
13,191,是,enhanced_extraction,8699bfbf481da4e6da5b5fe622ec2ef535325c247d8d3f8206b810e71a82d57a
102,394,是,enhanced_extraction,d8eecbbb48fe7bd4b15bf48fe20bd887dd02ba42ab16e82d066d61f0587213ef
15,1768,来自,enhanced_extraction,a42595fad1aba37e8e2940452d21ae746f203e9cca8550e97278606a76075ab4
11,2739,是,enhanced_extraction,ccfb10cb320b41b4683c868439b1abd742e438e457eb23607daccee771d46128
13,159,是,enhanced_extraction,42b286c8b69b7dd60715ddb4a4b5ec24d40c79d0cdc71cf056cb2f8e8981f706
130,96,类型,enhanced_extraction,492011f3caeb38421b0a4dc34d8e68ce6491294b3c8ce6a93e546bba673248da
14,122,类型,enhanced_extraction,d3d91c90b4b9122a9fcfca5f480e3cc5e9e5c6b142a143300638dc6e6b4471d4
219,65,行使,enhanced_extraction,1554e5a9fa94f65e7ac44993a3e3b62da1ca52af3958602ecaf10cf0b5f65172
7340,508,没收,enhanced_extraction,ca17787973a5f5982ca0be7996041a0c0c1782f55ca2a6e2498edcda324e0ab2
11,12,是,enhanced_extraction,4bb51718453a67d9015b846c6a68662b97572c0a9269a7df9df55bbbce96ae63
221,3806,发布,enhanced_extraction,d53b7fad902affde0544f6e4b5ef7c68980a30e5f85ff6900db670efaa7750d8
80,9,行驶主体,enhanced_extraction,4ce0c4869134a246f45b55032f20159e9d482484abf7ef4c0a3b6d0116b0b816
102,1024,是,enhanced_extraction,552a229b0820f02bbc09a231736f4651baa39e0bad33cb3abf8caa99e7cd3503
13,14,是,enhanced_extraction,bfbeedc7e6daf4f851060b875d14b5b7c1dab5b695356d4176fd018de0894ae2
9,11,是,enhanced_extraction,4b6f778e949cb9e94361e110cb9302145c07800709b333ad4ac404bcb6ac4f6a
102,1343,是,enhanced_extraction,c410c8771dfda6f93e7d83ad006a8abdfb4ad626318e90090825848c20bd4c40
164,2,类型,enhanced_extraction,ba9fe9ab108badb23ce81524d67c7020be1069552083caaf6bf4b62e45e55dc9
111,110,隶属于,enhanced_extraction,d97ca7ed54b9fd90d7be2762bc412a9762338ffae1fade5cf04eeab806c85c07
11,173,是,enhanced_extraction,e80c77fff190a0c0b456340055f218f262ef2190e76f90c2dafd8b554948135f
842,24,受到处罚,enhanced_extraction,81aaab3aa6f88dc8c6a2dae88372449804bac32b9bdf34dc4fc41263b77aea41
11,12,是,enhanced_extraction,4bb51718453a67d9015b846c6a68662b97572c0a9269a7df9df55bbbce96ae63
164,158,行驶,enhanced_extraction,8cc9f7e5dbb669375709a72e155c593b14ead309651f7d0d56b1d44d847ebe65
11,218,是,enhanced_extraction,885d1711b265018c6b5869a35a061431728560bad04aaf3db12f272a809d4bff
9,12,包含,enhanced_extraction,6ab100b3be1034ebc59393e0f044cc8640333a0bf7c977502390e874381695cf
842,851,受罚对象,enhanced_extraction,4bf3fbd9f85d7c81a63f2d91ee08ba274f0f815dd9b5aa0d67f494fee90790b2
462,825,类型,enhanced_extraction,6973bf6dfae92fa5d4e03075693688ba90312aa8030a7868b3a8b9540839efd7
9,12,涉及,enhanced_extraction,5248c9d3ca7ecbe057c9b7f8e4427fdc46140ce6caae924a22f2b15012daad62
80,12,行使,enhanced_extraction,b7c835b09d1f20631e9d7d7d01b37c7bb294e1a10372bdd571ac8501f9e770f8
1,96,类型,enhanced_extraction,1b53d6d7bceb859c9994c8f868edccb566495452b198b46bc26063c03b409d3f
233,9,行使主体,enhanced_extraction,5e183a336d20352bd8b994006317c9b8b8906deb81b1c6c331037621a9ba156c
13,220,是,enhanced_extraction,90ed47a36b9c110511bb7444407ba8eea08c427edcf2fff05f0ff0d6fe893c08
458,235,类型,enhanced_extraction,8157a553fe7181220f046c50342937dcc048e19359b1e96f758d6bc7bcf2be58
4,2,类型,enhanced_extraction,4c9f0a4ef36772667e701fd27d91bc00c0146ae5de024a870542f63231852861
102,244,类型,enhanced_extraction,c1f148e2c50c3ca6ce275d098fbf24f8a7a7501be26a076c7b6d3ddb787503b0
11,173,是,enhanced_extraction,e80c77fff190a0c0b456340055f218f262ef2190e76f90c2dafd8b554948135f
159,122,类型,enhanced_extraction,ac95a8754b9cf555ad1f7b6963dfd724829642f155c6b04c4c82d577ec28198a
11,12,类型,enhanced_extraction,6eb99ba2cff423e2571ef8f318749216e856ec529f754e4116cb373c00ca8cc4
1,96,类型,enhanced_extraction,1b53d6d7bceb859c9994c8f868edccb566495452b198b46bc26063c03b409d3f
30,159,负责,enhanced_extraction,383d5753fb23d6cf18f7798954fb6d7ffb2240343d6da6ddb735ce04c872d65e
30,159,包含,enhanced_extraction,746dad8207c11e936f9291a4d48652549063b984284c0ab2036a0471f7b9f7b4
1684,9,实施依据,enhanced_extraction,59172ced4581177fb2d1cb7ec9ec8289d21a318f7379a07b7af1086297eb6859
233,234,上级机构,enhanced_extraction,702adb9eda6ccafb10b68a4ffdc8f6177556dc18aa051a1b64c552ea2d66defa
164,9,行使主体,enhanced_extraction,786ebd4ad9d4f9a7110adcce82b6fb31da86f193f9b2bcb48bcb6c3affd2526c
102,1,类型,enhanced_extraction,21a9d1ce40ac52f1b9d47620b1cb9f8c186773eba7f785f654a094b3fd1ee40a
219,96,类型,enhanced_extraction,501d98fd934829def13421070a3527c368142d959d3066786d506a91cfa7e243
102,130,是,enhanced_extraction,927e2c3c89401500404e75bab06f2597a18d0881b1d81c4f2fb0034b46ecae9e
80,800,类型,enhanced_extraction,a268f174c015dc67f1679b2bd6f06ba85cde9633152e7a42af125d4921ebfff7
102,30,是,enhanced_extraction,49e97e22d3d7e783a2f77af85dd754c7212b8e8b9cb9164e3d6ab83c48b52fac
219,235,类型,enhanced_extraction,42f4fcda52b9d78ca57aa5187ca807fbfaf39957781a204c7990d756faf1f978
9,11,涉及,enhanced_extraction,7ae8447ac1e5647a8aa3baf7ec0bc973368bd067785b622cc60f265c86e357f5
455,96,类型,enhanced_extraction,83008584ccb4815172777487fa0ef5769c9b656adb133d4e0701cc8e70d8d430
15,897,是,enhanced_extraction,bef45460984c60fd8393eabb9a148520dac205531cf80e9d9422c07642b70dfb
13,96,类型,enhanced_extraction,4803e8eb42d15abdff1d9bfe4e6c1566bd35eb1aebc56b2ea7064b5198d7da33
11,12,类型,enhanced_extraction,6eb99ba2cff423e2571ef8f318749216e856ec529f754e4116cb373c00ca8cc4
362,1299,承担,enhanced_extraction,9992599757791d3638edd69183b7f832ba9272058bfb31a066b088bf94697522
9,3197,类型,enhanced_extraction,b11584cac725fbf93c25c206269c20c1900c88a2f398b9edd86ab173264d267c
15,4873,类型,enhanced_extraction,aaf718e062f16cadedb9474835cd87376545b0d6498405b18bea4aa40909b2f3
110,9,行使主体,enhanced_extraction,04e6686a6ac48a1d6a9411fec475951914afa06d06fa0a9960c1d911aebee2c4
9,12,涉及,enhanced_extraction,5248c9d3ca7ecbe057c9b7f8e4427fdc46140ce6caae924a22f2b15012daad62
102,197,是,enhanced_extraction,b735436bf437d7c3115e2a60bf188709221fd86fd0d803164c90ca2bb0ee33dc
130,96,类型,enhanced_extraction,492011f3caeb38421b0a4dc34d8e68ce6491294b3c8ce6a93e546bba673248da
112,9,承办机构,enhanced_extraction,8c5141659c6f1ee72a6318e02df92ddfe59b9b1688527026bd5d1ccd13b7ea53
159,122,类型,enhanced_extraction,ac95a8754b9cf555ad1f7b6963dfd724829642f155c6b04c4c82d577ec28198a
219,220,领导,enhanced_extraction,a6c57e5f0ec382cbd654599e606374beb81a3177ce57ada4ce81501c1ca7eb39
79,11,类型,enhanced_extraction,357ff0f70265df4abbfc9fc67ba14c3a29f8b74763a0456e1d3a46a30f73d772
9,12,类型,enhanced_extraction,a0f990011f89318094029eddd7fc8433047738098f60167fd996d5cd597fc45b
1095,11,行驶主体,enhanced_extraction,33a227eca08e1cd8c0da2da40d917714b6c9fff0ae9a11c8b6131dae8dc54ade
102,219,是,enhanced_extraction,c05ba5f476772e4d6770832e3f058e0a051e972c9903ee0eb4f1b22576168aff
13,460,是,enhanced_extraction,94d1c03ae1f3434b0574afd2d9525b9fb7087313b65ca9c6aa79f5e25da6dd9d
519,9,承办机构,enhanced_extraction,b0629528aff73dc1b3152c49d06e06bd7bce855de12798666cef753fa18bf60f
7251,9,实施依据,enhanced_extraction,dcd00f933820fa4657a22c141c94831367b43c26b7e6b60bc2c8ea0ce521a9a3
12,825,类型,enhanced_extraction,f23b6e42d2ddf04052d4f66c49219b5c90dd417a9a4460243b7b8ea5f9fb26d4
11,12,是,enhanced_extraction,4bb51718453a67d9015b846c6a68662b97572c0a9269a7df9df55bbbce96ae63
81,96,类型,enhanced_extraction,fab8854d08f6acc48883a6d54797292986ffa257e04f76f79d69b629b5136613
11,12,是,enhanced_extraction,4bb51718453a67d9015b846c6a68662b97572c0a9269a7df9df55bbbce96ae63
80,9,行使主体,enhanced_extraction,d86caad16a8669befcbe6c8b19ce7cfa4d7111735beee3330c276b0ae823c537
11,12,类型,enhanced_extraction,6eb99ba2cff423e2571ef8f318749216e856ec529f754e4116cb373c00ca8cc4
110,9,行使主体,enhanced_extraction,04e6686a6ac48a1d6a9411fec475951914afa06d06fa0a9960c1d911aebee2c4
159,161,类型,enhanced_extraction,989f07c7e0245d209d6ad9096d27401730372ca04283241f1a933bb0715b402e
8190,3237,类型,enhanced_extraction,6ca7e107f39f863b92e9bf88e236149ba905c842276c5cb2964b57ae8c21d215
317,96,类型,enhanced_extraction,e44812a1d86f4272266d78b19c15b35cbee08579068a308beedbcb9f01db2378
11,826,类型,enhanced_extraction,4bf83b19e7d96fc3c623f7da6298856b709c2ac414cc0afd10e92114bae2cbe1
9,387,包含,enhanced_extraction,af9700cf6607d1b1cd6ba1d045546c35b3eac9ad35afc7c3cff005dab17498b2
861,9,承办机构,enhanced_extraction,d175baccbaec9d7646a3c9da3f86a1a946c10a5e8974836d1476e04ffe8a2711
102,518,是,enhanced_extraction,69503e4b392f7ae31ef14944ea242179127a6741c15d2612e282d2da4d329d33
220,12,执行机构,enhanced_extraction,dd79fecf56732ff5710843facf48ec43a59e5be0e6fb2636f35ce6a8ef05feba
14,12,承办机构,enhanced_extraction,b3f78f8d91a41eb1f2403baae337ba2537aa7882221cddeb31a73ca4a80babfe
12,158,类型,enhanced_extraction,06d83acee2e2097064c89c41506386eb57a4678aedfe309dafe18d04c22a8fee
9,242,类型,enhanced_extraction,7c4db01f0639d9a2c1b3cb8eabf326c97aa2c3bc45933927e8f3e398c9317e43
158,12,类型,enhanced_extraction,1ffa1161a9ceadcd3de6cee272bc79b28c2ec37020005586359965f9fc99c712
9,12,类型,enhanced_extraction,a0f990011f89318094029eddd7fc8433047738098f60167fd996d5cd597fc45b
13,112,包括,enhanced_extraction,c1c571fb1d8601d6e86edffe190ed143e8edabbf9d70d060c2b755ec7778c1a5
30,96,类型,enhanced_extraction,67ef09263d41efc13438e970d6b90d6ddeaebf07422d9d42053516d76b0dec73
164,9,行使主体,enhanced_extraction,786ebd4ad9d4f9a7110adcce82b6fb31da86f193f9b2bcb48bcb6c3affd2526c
11,79,是,enhanced_extraction,7fc479b7c7f1a5e9a2ccc9b68850e59cde0b8d6838f1979d7b68f16db2615cd8
13,220,是,enhanced_extraction,90ed47a36b9c110511bb7444407ba8eea08c427edcf2fff05f0ff0d6fe893c08
9,11,属于,enhanced_extraction,ad676a8ff0a6a0269b647bfc2c229efdc791e8aeeabe1893665b8156ae207238
11,12,类型,enhanced_extraction,6eb99ba2cff423e2571ef8f318749216e856ec529f754e4116cb373c00ca8cc4
1840,989,给予,enhanced_extraction,eae5103c4504f6ede05031de344cf5b73f11feab6bc7b3af3f6a03522e3a66c6
455,43,类型,enhanced_extraction,059a6fbf02f87fed416cdcdb01837b012b8b1e9fc5ff2a3cae8f72ce890746b5
197,96,类型,enhanced_extraction,3613e63056aa1a9b98e7f24d4a8017b1defea35408ff820f4a06659c6c6fc3f3
4923,96,类型,enhanced_extraction,d7020e4ae3d18ba619e791a53adb41840786e55bcd4b5c0ed552858d1d61bc1f
159,12,行使主体,enhanced_extraction,d1962327f078b3ba55cf37260ff8f565ced5625cd02a528443c20b77af47e623
13,707,是,enhanced_extraction,f81d9e3feb46e7377dd851126e39fb1759def524919532ec09ea5a4945b87a37
11,12,是,enhanced_extraction,4bb51718453a67d9015b846c6a68662b97572c0a9269a7df9df55bbbce96ae63
164,12,行使,enhanced_extraction,577d2b56734d7812a56664f7c1356a3c621209e19d294c6cf8c0565dc0b04be0
519,9,承办机构,enhanced_extraction,b0629528aff73dc1b3152c49d06e06bd7bce855de12798666cef753fa18bf60f
1430,283,行驶主体,enhanced_extraction,a50897e6dc03ac69145bf5998cbea9f9c46a655c294935ec5d1e975c255dc7cc
5281,5278,实施依据,enhanced_extraction,5d588eebed587a7e53534a0f49a12cd54906f4f23c7deac0cfcb687605624266
519,235,类型,enhanced_extraction,223ad09a60436110d0d96c24bea16df1b452ac25b01981c25a0b65f4417e6a3f
24,1073,金额范围,enhanced_extraction,10e157a12e8f5317a8452dcc3f09bb93009c5c953de68e6e4d6a069ff3fa7710
11,12,是,enhanced_extraction,4bb51718453a67d9015b846c6a68662b97572c0a9269a7df9df55bbbce96ae63
11,12,是,enhanced_extraction,4bb51718453a67d9015b846c6a68662b97572c0a9269a7df9df55bbbce96ae63
13,112,包括,enhanced_extraction,c1c571fb1d8601d6e86edffe190ed143e8edabbf9d70d060c2b755ec7778c1a5
13,69,是,enhanced_extraction,b36100edef6126a3253cd6d3c8436b60d913028144208e6d85d8fb7e9929ef09
111,2,类型,enhanced_extraction,794502eeabf05b8db3bb6aff251fea63908dbf5611b69c8776ab744349cd4acb
216,1270,承办机构,enhanced_extraction,68c696d11e2187666d5c57e4a52bb19857f57f974a4f8a8e619fb1d2e8a549e9
519,12,执行机构,enhanced_extraction,29d9674cd99b73a0ed3b3b600122d49ce35ab8b62c1c2f1494cd2f24b03dc1dd
9,210,类型,enhanced_extraction,f474ff0499a08790d60a07797619e6890a07d8384c0077143cc80cfd45f47cb1
9,11,涉及,enhanced_extraction,7ae8447ac1e5647a8aa3baf7ec0bc973368bd067785b622cc60f265c86e357f5
230,86,规定,enhanced_extraction,6fce83b11b2940853316f49b89096ebde1fbb295e81fcaa292031c02e00bec0f
159,12,承办机构,enhanced_extraction,6aff489ab10dbf8c13027d23db776f9011bc8513954287f449cc26e5f34714f1
1,9,行使主体,enhanced_extraction,b682a86df8491abefd8e5545f99c474f9d3e64b0932e9baa82dd2f840ab1d841
102,1095,是,enhanced_extraction,e6e9b3bf3bb384135d997cc83f35ccfb54f7249a83b87f058987f1b013b177eb
102,420,是,enhanced_extraction,f2dba7157c8a63822311b997adc9dbb44d39ee12237396b2b3f8c188c20f9a6a
30,96,类型,enhanced_extraction,67ef09263d41efc13438e970d6b90d6ddeaebf07422d9d42053516d76b0dec73
102,30,是,enhanced_extraction,49e97e22d3d7e783a2f77af85dd754c7212b8e8b9cb9164e3d6ab83c48b52fac
924,235,类型,enhanced_extraction,6502fbb8e3fa9d7732383e93c5fa5f2696379e3bc48ccefaedf483ab65a8eb06
164,96,类型,enhanced_extraction,cee014ad6e4a569563c8424370d6d3ab0ae2b302dcef061273248f9442963009
652,9,行使主体,enhanced_extraction,890d0efa40812d0aafd736b1690f6b671719b80e40ad5f2b61c935601eb4c098
233,11,行使,enhanced_extraction,c54c3818ea6bc95aea6d365b556b3e2ce1bc03d5548f6d6542fbe83fa0a6aff0
1181,161,类型,enhanced_extraction,5e44fe4bc93b65fd47adf48190a5a73a7ae90e549fa197bcec0d031a4bb63b1e
102,219,是,enhanced_extraction,c05ba5f476772e4d6770832e3f058e0a051e972c9903ee0eb4f1b22576168aff
2005,783,有权采取,enhanced_extraction,73535ce7c047d78a7e3f917b17d41f3f00d0b46a9e1c9388f1a019721696a3ab
233,234,包含,enhanced_extraction,60f99a7d04220fa9d408be7fe273fde87c6b6d0e9c1d0cf175aea4a73afb9a59
1275,9,受处罚对象,enhanced_extraction,1f94a8b8fad55b45de9819baf8de1bcbb97cebad76f56756131e62e6164b2e05
62,2434,导致,enhanced_extraction,5d986855f9e376debaaff74663fc018100821741d110fe740c3d7b0875477cce
219,591,行使,enhanced_extraction,66cd4981c0a4033cffcb5e358a9832410093f1c525eefedcbd2c8d401306f4db
110,96,类型,enhanced_extraction,6195f18a7eade16713482bb3519268c7fd3a3d906a61d038dc046d2b4adb3939
394,12,行使,enhanced_extraction,b176dc098ad19b9af34b85581b7ee89569c4b1cbefd0d73652fe2706a383a6fa
652,96,类型,enhanced_extraction,718411a2262b3cbb55ddd5c83b71671052a7b4e8f1bcd281f98481acf2fc14db
590,1093,类型,enhanced_extraction,a2c240784951db8c624ccf8269dd42a09fb105c8f80fc4f04897e3c9fc915626
102,9,执行,enhanced_extraction,5b5e2387193c3645aea320972a84666399c4c9f9bf17ce3ac7af18dad1870e48
216,122,类型,enhanced_extraction,1b9538bee24e1c7d07ab1e65d582f3b36814f850eefe1590ebd68a5ecd34ac54
80,81,包含,enhanced_extraction,2f8bb39e4046d2ae8ca998a51f8addfece3a7f9204bbc673e464ed75dd3d6044
842,7943,对其直接负责的主管人员和其他直接责任人员,enhanced_extraction,62c635da55d167c65572f7642b7160359e59e92223375e6c632f351aa465369d
219,12,行驶主体,enhanced_extraction,7f7cd218e5a63f8cfed49f0763413c3805dae3dea7ad67d9c9014df5fe95e27e
219,102,是,enhanced_extraction,7ab1782bc29564af69ce396ccb564092ea550977af4ad49cb22aaafd3e22bafb
11,12,是,enhanced_extraction,4bb51718453a67d9015b846c6a68662b97572c0a9269a7df9df55bbbce96ae63
518,12,执行,enhanced_extraction,b9098ba1c89bf7155a3455914ae5391ce7f066c386591903032e75c59e0bd035
13,364,是,enhanced_extraction,9fc3cff5a46cc7af124ec0e5a2f02ff45b7840d4d7e52f27cb7aceb17cd11ea9
1,12,执行,enhanced_extraction,022c6d86f9687f6817a88c37465cd7aa58310509b00977c0c3f3bb34606be59c
102,1,是,enhanced_extraction,e7673144fe059008120004a15b8b74a285f82c6ab41977014fcf98bd828f26e9
102,197,是,enhanced_extraction,b735436bf437d7c3115e2a60bf188709221fd86fd0d803164c90ca2bb0ee33dc
11,383,类型,enhanced_extraction,eb32e2ff01a2a217bce44e202d150b4b0d98df76bb019edc27e4aca0d14ab46c
460,43,类型,enhanced_extraction,93d5cca603451fdf0268899b8c39aae0c10219191e40ab8cc886ee469f2ad0a6
102,518,是,enhanced_extraction,69503e4b392f7ae31ef14944ea242179127a6741c15d2612e282d2da4d329d33
13,928,是,enhanced_extraction,0e01e143bd544bb1365995d73b0540c5e93b87fabe25482a2cbb6b8ee20c8012
518,12,执行主体,enhanced_extraction,aee974bc0e3dc5b40402beff30da48f61d00e702406827c146c774f6ec77d3c1
928,12,承办,enhanced_extraction,3a3a39a56c4daee9aeeb5f4e18aa62208dd9908329d9d37f217bccbcec92c839
219,96,类型,enhanced_extraction,501d98fd934829def13421070a3527c368142d959d3066786d506a91cfa7e243
1343,235,是,enhanced_extraction,8c5b8f32f1a8d695e78a9cf0fe1155ca08084b5d797c7f7df4a1c175c2239b85
233,96,类型,enhanced_extraction,403d8d284bb442ebedf3ec08f061bbf2ab967b37d33ba94afbf403814c3b994b
111,13,包含,enhanced_extraction,4bd42e475a980f903ea759a0f084fdbc3e2b2f5e29bd697a8815951feeaa837b
164,12,行使,enhanced_extraction,577d2b56734d7812a56664f7c1356a3c621209e19d294c6cf8c0565dc0b04be0
1683,9,承办机构,enhanced_extraction,e7c8ef5c404b3b86179cee389436e4c7d2aff59fea4bc1f1610a8469fc27a838
541,96,类型,enhanced_extraction,d2585091f7495a19e7cfa78aae7706c7cdd4be5765fee9398808dbdea0d16627
233,102,是,enhanced_extraction,e982889ddecae29bccd0ea70ad8ffa548d334ddca006641819fe4b1e9519b5a5
13,111,包括,enhanced_extraction,09c0593bd8b7420222398fb7c93ce32df70d33633b73fc4e12402155845d4bd2
12,11,涉及,enhanced_extraction,f2b2177b79d0c5838a1dfdb2e8d03b036b9f4c03da52a25ccd06da5df955a86d
173,11,属于,enhanced_extraction,34c7a60d3f55216387cb1b18c8dcbfffa54064bf787272631bdda60d57f70dca
30,96,类型,enhanced_extraction,67ef09263d41efc13438e970d6b90d6ddeaebf07422d9d42053516d76b0dec73
875,571,违反,enhanced_extraction,24c5cce22d2acabc3c202544a06bc623f3e41b2e83ad7fc74bbdedcbc6a46006
80,11,行使,enhanced_extraction,ef9940919a47143f2686d4d346327ae66b46a5a941b86255b468c5e18c09547a
1344,35,类型,enhanced_extraction,c91fb0cb93fd7d40240b1d73aae57da8d85f9f9c7211774a32046db363a80212
1,96,类型,enhanced_extraction,1b53d6d7bceb859c9994c8f868edccb566495452b198b46bc26063c03b409d3f
164,12,行驶主体,enhanced_extraction,9fcd50ef6c37ec2a882cdf5adf47409ae6aeaac6aa25961dec6dadc9fbba73d8
518,96,类型,enhanced_extraction,ca4c852d22c9f6bdfc513253282bc67bff8cd2e622b68afaf99e5bc03e16ac4c
2084,96,类型,enhanced_extraction,37f4d48f4993da32a3e211069b3fb119c396445b80bbf52d78c4d345587a6521
164,1254,类型,enhanced_extraction,baec048ec4d89d81c5f761ab267386beb1a7efebe52627f34090199b5a08987a
969,1401,指定,enhanced_extraction,43eba0b129ea3f8b183494c0eee477687dff1c72c06c70f0fb8104637800710b
9,242,类型,enhanced_extraction,7c4db01f0639d9a2c1b3cb8eabf326c97aa2c3bc45933927e8f3e398c9317e43
110,12,行使主体,enhanced_extraction,8e22f97a934d82e04d95d6e3263129468a0bc6bdfcd8e7378ebebf21e7f56bfa
1178,9,行使主体,enhanced_extraction,1f4a2487ef71eac5f810d64529c434e34add54fc52b6f261e1d3d1caf8c007e1
11,12,是,enhanced_extraction,4bb51718453a67d9015b846c6a68662b97572c0a9269a7df9df55bbbce96ae63
13,103,是,enhanced_extraction,1b5b4a6b26df270a9c16a69f9d5e70d230d38e452e30a89449afe7a565899b1f
11,243,类型,enhanced_extraction,18a1787a3b77f9f165289b0ee225d2f10c4fb09292552634cc1e33d05813f19a
5843,12,实施依据,enhanced_extraction,82edaba03dcb954a676b2339e25da02ca5229170ff9f9641110b38010321aef3
111,110,隶属于,enhanced_extraction,d97ca7ed54b9fd90d7be2762bc412a9762338ffae1fade5cf04eeab806c85c07
233,390,等同于,enhanced_extraction,51f2766a6dc9f6f7a03922c55d252afc13ff1f11afcf83922eb6dcb4d9d6cec7
4780,43,类型,enhanced_extraction,9ea50f27aa11f1827bd39327a92fd95d895b867276552f6790953b3ec172f7e1
111,9,承办机构,enhanced_extraction,0e1b65ae7d6d6e353db7e399f405a5901a391d7cf7e5ce64d9691610e8aa234b
1421,462,给予,enhanced_extraction,2b5eb35ec96997c91667164f4d7e82ab1243483bdba5a0215b2d81d134bb10a4
590,1093,类型,enhanced_extraction,a2c240784951db8c624ccf8269dd42a09fb105c8f80fc4f04897e3c9fc915626
12,11,类型,enhanced_extraction,d250a3e2b5b7ceab7cccbdfff1e3b8cbdc70239998775ce9a8b2acb81f9e7784
112,13,包含于,enhanced_extraction,7fa242d9255e3cd8d0060b41d4c7ec488917c247514e70767ef5ba28d223c9f6
11,826,类型,enhanced_extraction,4bf83b19e7d96fc3c623f7da6298856b709c2ac414cc0afd10e92114bae2cbe1
4600,96,类型,enhanced_extraction,d1d42566ab0b904f6774b90d46c22bdc04858ac9ef6a4ef135e996f3933554ab
11,79,是,enhanced_extraction,7fc479b7c7f1a5e9a2ccc9b68850e59cde0b8d6838f1979d7b68f16db2615cd8
13,112,包括,enhanced_extraction,c1c571fb1d8601d6e86edffe190ed143e8edabbf9d70d060c2b755ec7778c1a5
9,12,涉及,enhanced_extraction,5248c9d3ca7ecbe057c9b7f8e4427fdc46140ce6caae924a22f2b15012daad62
1343,9,行使主体,enhanced_extraction,ea4813b06064aca6e72fb2eba2d916a73d5070d2549bc6d8d7fbbf5a5b23dd13
11,12,是,enhanced_extraction,4bb51718453a67d9015b846c6a68662b97572c0a9269a7df9df55bbbce96ae63
499,2345,包含,enhanced_extraction,6215de3ae3f014d242f9b904cc542b4b29e30f1df7725d0dbb76271ce45b6d9e
11,1486,是,enhanced_extraction,85be1938792b77a226be57da95a09f51b6e93715e367a3910749424d4db607c2
11,12,是,enhanced_extraction,4bb51718453a67d9015b846c6a68662b97572c0a9269a7df9df55bbbce96ae63
3721,96,类型,enhanced_extraction,4028ba286465febcce76a309c4a80d05b4a61c20a489756fb161cd5490ac286e
219,96,类型,enhanced_extraction,501d98fd934829def13421070a3527c368142d959d3066786d506a91cfa7e243
11,12,是,enhanced_extraction,4bb51718453a67d9015b846c6a68662b97572c0a9269a7df9df55bbbce96ae63
111,235,类型,enhanced_extraction,006d71a478a8fad2aa4ef44eee1ea6d1087eb2806330900aa967a3ea4eda7c6c
9,5850,涉及,enhanced_extraction,04c940d5233b3a0f288cd0411bfe2d37d137707eb5cdae2475fdf1850b3fb5fd
30,12,负责,enhanced_extraction,2587c77fe035bb5c4f6ed4685a000d6f8af1c68d7fc2ef71d8660a2bae072eef
11,12,是,enhanced_extraction,4bb51718453a67d9015b846c6a68662b97572c0a9269a7df9df55bbbce96ae63
102,4115,类型,enhanced_extraction,145ffd3752d990014410bfe86d9c34a9cb68428dd478236257ac809c77fc7bdd
518,9,行使主体,enhanced_extraction,5691c0f557154989f95b777653f7fc9c73b6201a1d5d89834932cf8da60c8586
11,308,类型,enhanced_extraction,0ff5ea162302b0bbab4e3bd9fc4326cf81f15ef7e767f095eada26f186e15a6d
102,1,是,enhanced_extraction,e7673144fe059008120004a15b8b74a285f82c6ab41977014fcf98bd828f26e9
590,1093,类型,enhanced_extraction,a2c240784951db8c624ccf8269dd42a09fb105c8f80fc4f04897e3c9fc915626
11,12,类型,enhanced_extraction,6eb99ba2cff423e2571ef8f318749216e856ec529f754e4116cb373c00ca8cc4
30,12,监管主体,enhanced_extraction,c45849cc24a886c2ab97822ea39ffd0f08dcf6dd4eef617492fa69511a5e6a57
316,11,行使,enhanced_extraction,fba21e872e416102fac535b0bf0b9c81a85d191f7ab46c23849d25e7dc4d1bb2
11,826,类型,enhanced_extraction,4bf83b19e7d96fc3c623f7da6298856b709c2ac414cc0afd10e92114bae2cbe1
11,12,是,enhanced_extraction,4bb51718453a67d9015b846c6a68662b97572c0a9269a7df9df55bbbce96ae63
159,12,承办,enhanced_extraction,a4171533875a113e51dcec36193f3bc0b84f43b5dea5eda649abd7607761b524
102,80,是,enhanced_extraction,79e8d5b7618f13b08ba6bbab2160ead94042b778e9a4a7619d5ff0e34b6e7ca5
159,12,承办机构,enhanced_extraction,6aff489ab10dbf8c13027d23db776f9011bc8513954287f449cc26e5f34714f1
11,12,是,enhanced_extraction,4bb51718453a67d9015b846c6a68662b97572c0a9269a7df9df55bbbce96ae63
112,110,隶属于,enhanced_extraction,eac2fea96f4f5759f5c085426b63a22e917540e8db82652c0bab1d07a7193f89
11,12,是,enhanced_extraction,4bb51718453a67d9015b846c6a68662b97572c0a9269a7df9df55bbbce96ae63
800,12,应当依法给予,enhanced_extraction,fb3cd75a2fc5c51298fb47f51b8b3c1988f96d9ef59b73c5d993d9da0fae706d
519,387,承办机构,enhanced_extraction,756b81bb1b5e84151a87cdbce2d73fb13dfe11fd250e8976c020fd4b578e22a8
342,342,类型,enhanced_extraction,9e4f4bbca4871e0a1663f245c0751535a0412d6547a055c2221a9a6ecea8fe69
110,96,类型,enhanced_extraction,6195f18a7eade16713482bb3519268c7fd3a3d906a61d038dc046d2b4adb3939
102,164,是,enhanced_extraction,a80ad6ee4e5699c85935b930e4979b0e242208aeb958dbce2322b0ef11af2eb2
13,4,是,enhanced_extraction,dc25c4d9eed9f18cf4461da53e869067fbd51f8cb81b851c5f00e5c6cfd3675b
9,11,涉及,enhanced_extraction,7ae8447ac1e5647a8aa3baf7ec0bc973368bd067785b622cc60f265c86e357f5
80,96,类型,enhanced_extraction,60589a9f7239b972454c94ebe1d88b353e4c9fad16152fb4bc372a569d001482
9,242,类型,enhanced_extraction,7c4db01f0639d9a2c1b3cb8eabf326c97aa2c3bc45933927e8f3e398c9317e43
13,317,是,enhanced_extraction,cb2f52fd445d2a60cd8eec36023e3b11868a84833440a5cf55c55ced1d63de64
11,12,是,enhanced_extraction,4bb51718453a67d9015b846c6a68662b97572c0a9269a7df9df55bbbce96ae63
9,242,类型,enhanced_extraction,7c4db01f0639d9a2c1b3cb8eabf326c97aa2c3bc45933927e8f3e398c9317e43
13,252,是,enhanced_extraction,a20cdbd0120a59e0972644011bdb785cff8c039f99b7ead9e778b9f8f716259c
2491,12,关系,enhanced_extraction,eb2899f85bbc30df22ba7098ec1e40e5f0b4105f722186c59ab127db88627794
590,9,行使主体,enhanced_extraction,297724ccfed32bc0a0067362783475f5e2e8e516d57fef9f94699157e5756d66
13,14,是,enhanced_extraction,bfbeedc7e6daf4f851060b875d14b5b7c1dab5b695356d4176fd018de0894ae2
630,12,行使主体,enhanced_extraction,a29e6c5b958348a1ce4ed937eabe265fe22fef8072f9cdd5bede4e04cec12651
102,219,是,enhanced_extraction,c05ba5f476772e4d6770832e3f058e0a051e972c9903ee0eb4f1b22576168aff
1139,1145,类型,enhanced_extraction,4c6fd8dd6faa6800f2042dfda769bd4fb37d1f3c07ada378b7ae97684a907912
102,11,行使,enhanced_extraction,03ecec874326e6d685473f686a32711bac53410a8fd2dbcff017e7d158b46272
617,9,行驶主体,enhanced_extraction,0b0f09777283057d65ecb1d7b0111d2046640b9f0bccd2e17ee874f90793ce71
219,12,行驶主体,enhanced_extraction,7f7cd218e5a63f8cfed49f0763413c3805dae3dea7ad67d9c9014df5fe95e27e
30,12,行驶主体,enhanced_extraction,03d76779f8a19bcac4ff9fe5fed1378bb2ee918130d2e83f5a1dcf60c73806b3
102,110,是,enhanced_extraction,931625c0f64df1f58f0f84dd2d22143b4df6e9a2d1d3b0507bc6a629951f6e38
519,12,承办机构,enhanced_extraction,8fe2a8b69b80c52eb99cf94a111e2c5de4eb59a2df64785e2ab0c9b684aa172e
11,3199,类型,enhanced_extraction,da9bdb043819a09830a911dbe5c701d2f45ca10436b9a6ba23c1b11b1110b8f7
219,235,类型,enhanced_extraction,42f4fcda52b9d78ca57aa5187ca807fbfaf39957781a204c7990d756faf1f978
12,11,类型,enhanced_extraction,d250a3e2b5b7ceab7cccbdfff1e3b8cbdc70239998775ce9a8b2acb81f9e7784
13,928,是,enhanced_extraction,0e01e143bd544bb1365995d73b0540c5e93b87fabe25482a2cbb6b8ee20c8012
13,7148,是,enhanced_extraction,d70b41533859c756eb6e1c91cb7dfcd1e11bbb44a748d734425ef5e005ddd4ad
9,12,涉及,enhanced_extraction,5248c9d3ca7ecbe057c9b7f8e4427fdc46140ce6caae924a22f2b15012daad62
102,3447,是,enhanced_extraction,8409fb058245b6e8284da419c554ab99fcbda8866912c5a9d9703c394d5edc90
102,518,是,enhanced_extraction,69503e4b392f7ae31ef14944ea242179127a6741c15d2612e282d2da4d329d33
13,519,是,enhanced_extraction,bb4ae818fa4f7383d140872148177d756707f6e9095b2adffdfdf922b4e7a6d2
11,218,是,enhanced_extraction,885d1711b265018c6b5869a35a061431728560bad04aaf3db12f272a809d4bff
11,12,是,enhanced_extraction,4bb51718453a67d9015b846c6a68662b97572c0a9269a7df9df55bbbce96ae63
11,12,是,enhanced_extraction,4bb51718453a67d9015b846c6a68662b97572c0a9269a7df9df55bbbce96ae63
12,11,属于,enhanced_extraction,1c070514f019fc07536ffe381f9b1714c0fa030181e73dc73366c74ecb5406e1
1430,10,负责,enhanced_extraction,611d51b3304886071266e3440a39f6dbb5303de6837a29828a4dacdccdd6c21f
4,12,承办机构,enhanced_extraction,ece0f9c5e0cbf11da90cb3f556411573b7a9dd6436455a694fbe140985351312
2043,1293,类型,enhanced_extraction,f41abf2ac1e345da1c73a1a6480e1307717ab7dde86dd16b749b2a4f34e43834
220,2,类型,enhanced_extraction,3290145300d0f228aca4b94206cb5f8d3070fc7c12d41609f6d94a8d9fe02bcc
13,5004,包括,enhanced_extraction,a111d8b90f273254e736f5cbedb27f85cbae41c6f969e5fcd8f3d923d47dfc12
30,12,行驶主体,enhanced_extraction,03d76779f8a19bcac4ff9fe5fed1378bb2ee918130d2e83f5a1dcf60c73806b3
11,655,是,enhanced_extraction,fefcd76dc0723e2ddc51cef3842ce342289696d7ebb3246ab2a552c6c5d74e27
221,3806,发布,enhanced_extraction,d53b7fad902affde0544f6e4b5ef7c68980a30e5f85ff6900db670efaa7750d8
387,825,类型,enhanced_extraction,9d8bfc3a369e72268c77486d8fe949ff0ee9eeef4f76e6020972a6672ad68d5d
3370,4451,类型,enhanced_extraction,4bc41aca598ed370119eba6a0341a97c1357e001503a1fc6033ad2a90c67388f
230,1393,规定,enhanced_extraction,6e68f32656a751326022d208c5cbf527047b0e3951490d2189b7c82696fa6c81
11,12,是,enhanced_extraction,4bb51718453a67d9015b846c6a68662b97572c0a9269a7df9df55bbbce96ae63
102,1,是,enhanced_extraction,e7673144fe059008120004a15b8b74a285f82c6ab41977014fcf98bd828f26e9
4467,96,类型,enhanced_extraction,f92b36e3bd602c73f0c7e80cad961048cf26e035d430220eb6100a31ab6205fa
230,45,类型,enhanced_extraction,2d06f0420c9321c7867d63dfc89791fed6289632631c065d7454058422464131
1178,96,类型,enhanced_extraction,82a820e9e9351463ef12782f6eb3201635e8d2b5848fb6002526433540c1dfe3
518,519,包含,enhanced_extraction,aa95e92726de7183cd3e1f53837662a277c27a73cc7f6fdfa3e271a69985a022
2776,7337,吊销,enhanced_extraction,6970ec12730016dfc656975d5f4376aa0e129ea965b3d87c7b614cc3e1611935
130,235,类型,enhanced_extraction,c163bf12ef1e347955d676f8e561876489b3be34e1a7ea6fac4219de080807df
9,12,包含,enhanced_extraction,6ab100b3be1034ebc59393e0f044cc8640333a0bf7c977502390e874381695cf
24,387,类型,enhanced_extraction,a7cdcde9254d1443f610ded63158e61d43cb567d1230d54c99117dda33653d16
11,12,是,enhanced_extraction,4bb51718453a67d9015b846c6a68662b97572c0a9269a7df9df55bbbce96ae63
219,220,上级机构,enhanced_extraction,ca366247e647c60ece9d986ed045c6fa007912b803069bea031bd49929eebe3f
7268,43,类型,enhanced_extraction,7104d2c27f5fad1f21d26c925e2c9d23d456e7ad4ce50d490715891ce55ca0a2
4333,2535,类型,enhanced_extraction,45b26ed4ea2926c04ef12f0b20f2a1f904cbe33d1141dd3d123da73fdd587386
827,9,行使主体,enhanced_extraction,5791828c00a258e1b3f396ed7e14fbcd020d85730814a3bb5186157adf3178ee
13,69,是,enhanced_extraction,b36100edef6126a3253cd6d3c8436b60d913028144208e6d85d8fb7e9929ef09
164,96,类型,enhanced_extraction,cee014ad6e4a569563c8424370d6d3ab0ae2b302dcef061273248f9442963009
9,12,涉及,enhanced_extraction,5248c9d3ca7ecbe057c9b7f8e4427fdc46140ce6caae924a22f2b15012daad62
110,96,类型,enhanced_extraction,6195f18a7eade16713482bb3519268c7fd3a3d906a61d038dc046d2b4adb3939
230,45,类型,enhanced_extraction,2d06f0420c9321c7867d63dfc89791fed6289632631c065d7454058422464131
9,1342,类型,enhanced_extraction,4b9781a9f448bcf84e0d1d33e0f2531bd466746a1d8b574b7a87107e2b781de9
652,9,行使主体,enhanced_extraction,890d0efa40812d0aafd736b1690f6b671719b80e40ad5f2b61c935601eb4c098
1,102,是,enhanced_extraction,b749252ce6c5ab82d6c5213299bc50d19e66e60bed17ffe1e03d3f6fab8a3956
30,12,行使,enhanced_extraction,e32ba06d18071d6a8384351a3a10393f6606ad032542fde73f276d5e7e5dca46
590,9,行使主体,enhanced_extraction,297724ccfed32bc0a0067362783475f5e2e8e516d57fef9f94699157e5756d66
13,31,是,enhanced_extraction,262e12483b4529e70f0986fd192a64169abf0d7b199fc44e210dc40240be7232
159,235,类型,enhanced_extraction,f14c6e7470916cee4e5a52686b003fe2d3adb3bfeaf28569d22cb5b5f0a71e73
518,12,行驶主体,enhanced_extraction,79ea9c861ccbcd5e5936ea955e7aae986db8eaf8c497ee713472c46af91c1f49
159,12,执行,enhanced_extraction,b372eda1732d81dec32e0418db59c729418cb4f85c0d667370ae68045858fa65
69,9,承办机构,enhanced_extraction,84a49627ff3a601e61d0e9680dfafd907745918309c1dd1e4500b5e9ce2b9b6f
11,383,类型,enhanced_extraction,eb32e2ff01a2a217bce44e202d150b4b0d98df76bb019edc27e4aca0d14ab46c
164,218,行使,enhanced_extraction,82e16faf77a126985df095e50c93d3ab08333e1bbf4b387703ea6cb3d2412906
81,12,承办机构,enhanced_extraction,1535f36766c4ca8db21c6ff09e8fb4820c7af3f5bd95dc3d3de36c43359f859d
9,134,类型,enhanced_extraction,f5feae44481398ed851d2ad02d7af7cffb16c332b816660538842da4257455e8
11,350,是,enhanced_extraction,7fa4f4b4033afd36ccb46abeecc8e5a8711fa14f70e617b795e2b335abf2616f
221,1447,发布,enhanced_extraction,a69d5f5194d0eec808856cc253b330a024c6c824bbb25203606e78a98de193e4
11,12,类型,enhanced_extraction,6eb99ba2cff423e2571ef8f318749216e856ec529f754e4116cb373c00ca8cc4
455,43,类型,enhanced_extraction,059a6fbf02f87fed416cdcdb01837b012b8b1e9fc5ff2a3cae8f72ce890746b5
719,9,类型,enhanced_extraction,0352124a3353b083e75aa4b1f4dcb0ad7b43823e8af0d9eb1267b58a7fefb348
1307,96,类型,enhanced_extraction,c198e686035cc1fc34c20713296a9192ed719011b8800408c87f141d6618cf91
11,655,类型,enhanced_extraction,f28168f8ab24ccd272d75a00ca22a3cb4ad068071a8d5193db06fd1f2caaf088
173,11,类型,enhanced_extraction,a26f7e942d21a1b0ff3d73c009d4f613a761f6c6a3ff54c739e0392f519ab170
11,79,是,enhanced_extraction,7fc479b7c7f1a5e9a2ccc9b68850e59cde0b8d6838f1979d7b68f16db2615cd8
110,111,包含,enhanced_extraction,d592ca3330a9e77a1ea2c10b1cee07860f1846cc946434fff7ca6996bbc293a2
233,12,行驶主体,enhanced_extraction,f169b55ecf2518c26904a2a9394b3c534c6a1df66efc8bc9f04e31f3637d6da2
828,45,类型,enhanced_extraction,8593ea6f9b4d7aecaf0b6e0aeefc096d729bfba555763f5da89b674eea7675ba
102,219,是,enhanced_extraction,c05ba5f476772e4d6770832e3f058e0a051e972c9903ee0eb4f1b22576168aff
652,9,行使主体,enhanced_extraction,890d0efa40812d0aafd736b1690f6b671719b80e40ad5f2b61c935601eb4c098
1,3406,实施依据,enhanced_extraction,367406f221bd16d9ebd07c3aabd4b6a65db7abab2000366c597ec5307d8e9fb9
2592,96,是,enhanced_extraction,d01c75ac69f9394a1726d5eb5077aaa02d59c0ffeec3a89b3c2570b427845350
2043,1293,类型,enhanced_extraction,f41abf2ac1e345da1c73a1a6480e1307717ab7dde86dd16b749b2a4f34e43834
1,5,实施依据,enhanced_extraction,486a61e9e7fca54f6ec4756bb53979f8a7fd9d32227e265a6148be88b1a81d0f
80,12,行使,enhanced_extraction,b7c835b09d1f20631e9d7d7d01b37c7bb294e1a10372bdd571ac8501f9e770f8
102,394,是,enhanced_extraction,d8eecbbb48fe7bd4b15bf48fe20bd887dd02ba42ab16e82d066d61f0587213ef
102,30,是,enhanced_extraction,49e97e22d3d7e783a2f77af85dd754c7212b8e8b9cb9164e3d6ab83c48b52fac
30,69,包含,enhanced_extraction,8055ff6b788109af6feaa682deaceedbcda032a3a41e6bcac6a3ad0d48141140
216,12,承办机构,enhanced_extraction,b650e14ef4d83f5c7b7e0b7cb2372b87c43c67c1aac2eac7f34e8d5f4fd36aab
30,96,类型,enhanced_extraction,67ef09263d41efc13438e970d6b90d6ddeaebf07422d9d42053516d76b0dec73
110,235,类型,enhanced_extraction,71d9816cbff0210f9c1566347591f07ad4d7209b48e26a9f180e68a2a0f5c928
1178,96,类型,enhanced_extraction,82a820e9e9351463ef12782f6eb3201635e8d2b5848fb6002526433540c1dfe3
220,122,类型,enhanced_extraction,ddd43b42b4429e1c8753259e67864f412dcf75e1a32655082ac7d10ea54ab3c4
111,13,包含于,enhanced_extraction,0a6cb43d113e14b15c92663b4afb8788f6a2b106f246b6c05909ea784d808e5c
30,159,包含,enhanced_extraction,746dad8207c11e936f9291a4d48652549063b984284c0ab2036a0471f7b9f7b4
861,12,承办机构,enhanced_extraction,2705ce27894d988a27659c7c35f1e2ce584bfc7290c924510a388b0e9ab94bab
30,12,负责,enhanced_extraction,2587c77fe035bb5c4f6ed4685a000d6f8af1c68d7fc2ef71d8660a2bae072eef
1330,43,类型,enhanced_extraction,9f173379927c482a22146e09b2802711332aba78913d59ce476ced5e08012ba8
2707,9,承办机构,enhanced_extraction,48f3fae9e4e50f3592e5f9cf150be68a79cf11984df6d1948f805b59336c6833
11,12,属于,enhanced_extraction,348e658de2a3e1b559d286afed9c0c187575302edc695ea216add0e31d1e629d
12,11,属于,enhanced_extraction,1c070514f019fc07536ffe381f9b1714c0fa030181e73dc73366c74ecb5406e1
30,159,领导,enhanced_extraction,6f0a9cfe1c66311c0222d40c53265145656019d89edb9dc2553c37c70a9e21a9
9,719,包括,enhanced_extraction,c1231fc32b7acc4e77b3d47c231bf991895c5f25fb53cc1621c5a806c9e5df88
102,518,负责,enhanced_extraction,d5cf45046f941be15e06df0f9a98a92489a6a733e67d72589ac3091cd856a697
79,11,是,enhanced_extraction,eded1ef8b8cda0c767ba5975434155285c793c8097b3c8c17b219b608f664321
455,12,承办机构,enhanced_extraction,21b81897cf3703c711067ced1bab27e399c17d64279d3872f89c72037ddcdfd8
474,12,承办机构,enhanced_extraction,1be9a429b519da422c4bc3b4abc6ca678e01f0336e61b620c163f95d2b93aa63
1350,7666,责令改正,enhanced_extraction,3063d14af0cfff090096b484cb3a83f59e7d240ae1512f2bb8568ff68b01b41c
11,350,是,enhanced_extraction,7fa4f4b4033afd36ccb46abeecc8e5a8711fa14f70e617b795e2b335abf2616f
110,9,行使主体,enhanced_extraction,04e6686a6ac48a1d6a9411fec475951914afa06d06fa0a9960c1d911aebee2c4
80,12,行使主体,enhanced_extraction,75b93f846aed0d2bb84ea5d06a78a31b4b70b391d50fc51be75f8c8a4beeb801
164,158,行驶,enhanced_extraction,8cc9f7e5dbb669375709a72e155c593b14ead309651f7d0d56b1d44d847ebe65
220,2,类型,enhanced_extraction,3290145300d0f228aca4b94206cb5f8d3070fc7c12d41609f6d94a8d9fe02bcc
216,12,承办,enhanced_extraction,6c09bb08800b201484abfe07ec6bbec96053cd5246cdd06b257b2cc8459d3ba5
130,96,类型,enhanced_extraction,492011f3caeb38421b0a4dc34d8e68ce6491294b3c8ce6a93e546bba673248da
11,12,是,enhanced_extraction,4bb51718453a67d9015b846c6a68662b97572c0a9269a7df9df55bbbce96ae63
11,12,是,enhanced_extraction,4bb51718453a67d9015b846c6a68662b97572c0a9269a7df9df55bbbce96ae63
904,96,类型,enhanced_extraction,fe6017f354f4776cf96a0101b1151759ec82dcfff9dfa54b541ef88f9e6dd160
159,30,隶属于,enhanced_extraction,42cfcbe108331164aaecb1f0d4a40291b19609fdae9d1c489c91e88ef0bf9eaf
427,24,处以,enhanced_extraction,d51020868eb7336fb5cd4cf9669cf63ab5ea1e28763bad774a89138ffdf565d2
12,825,类型,enhanced_extraction,f23b6e42d2ddf04052d4f66c49219b5c90dd417a9a4460243b7b8ea5f9fb26d4
110,235,类型,enhanced_extraction,71d9816cbff0210f9c1566347591f07ad4d7209b48e26a9f180e68a2a0f5c928
14,12,承办机构,enhanced_extraction,b3f78f8d91a41eb1f2403baae337ba2537aa7882221cddeb31a73ca4a80babfe
102,164,是,enhanced_extraction,a80ad6ee4e5699c85935b930e4979b0e242208aeb958dbce2322b0ef11af2eb2
102,40,是,enhanced_extraction,d6e5cbd67c715a88139bc4a5dfac61d4daa917d34880a8b4a097fe90d05fb274
102,541,是,enhanced_extraction,c10c86adf4607cf1691d0bd045c623cbb274db26b95b6342e54f6bd9502352bf
102,1,是,enhanced_extraction,e7673144fe059008120004a15b8b74a285f82c6ab41977014fcf98bd828f26e9
159,96,类型,enhanced_extraction,cd8bd0842e8d2e784453074f8b58ceabcb12fb29cb418dce7c836082ce99274a
960,12,行使主体,enhanced_extraction,ef979ab30f85730fc0e657c438de4ffe6806e99888ff330e7d829d3434b2fa5b
4618,508,没收,enhanced_extraction,644c4f25bf00ce7dbad7da21eb7fa1ce18a0b4082198e0243b2f8078c5474881
11,350,类型,enhanced_extraction,c5435f43ab53b7256cda424d7b4c2613c3568248f5e783817c3c80f355585e15
164,235,类型,enhanced_extraction,8866a5643dda9800ef2ebe64cb4f09d680014b699236141406f7c4989d4bb83a
11,12,是,enhanced_extraction,4bb51718453a67d9015b846c6a68662b97572c0a9269a7df9df55bbbce96ae63
1052,134,类型,enhanced_extraction,c519d4ca093755ba1f1fedd52a0666b89b223ac0cffd5f4dc942c49035b7eb44
30,12,行使主体,enhanced_extraction,1e7200094dd34c790193171ddcf0ebf515cdc55593921a196744b29e5fa0a671
2949,1430,是服务事项,enhanced_extraction,a8064b6c9fae9ef6b09edc8e1ac8854b18106e1e8ebb88a0606e97b42f869db6
3,13,属于,enhanced_extraction,c398d53b8ae7863651f68367deafff1b70d5781546e4cc89ccca2650ea6eb8fb
9,1342,类型,enhanced_extraction,4b9781a9f448bcf84e0d1d33e0f2531bd466746a1d8b574b7a87107e2b781de9
220,12,承办机构,enhanced_extraction,d6dd83fe48b58aecde65a1553db5e9368a2092ae2cc2050a62981de65361d57c
102,652,是,enhanced_extraction,480c0876cb664f8ea265e948b861a742da918153c87a718afc35134a7f352dff
13,111,是,enhanced_extraction,e92990fdba5592a3b6fcc22d9ea34b712eeb46b1805330cd6168afde79c38daa
1,692,包含,enhanced_extraction,015564bde40ae5819d004b2ffee1ccfbe57d35a2c9f0b90219c9ed42058c1d07
13,43,类型,enhanced_extraction,8acd6bcf339a66c572deeab51b58b67436511f74ee60c8462fe1fc4ddd2b5c71
159,12,执行机构,enhanced_extraction,d812de7ddc571c5fb58970250731ce0a5948eca112d36c1d38f5ee74226955d0
13,768,类型,enhanced_extraction,a98f3777f01aee89bac66cfd29f98ea55078db83c846a51d2993bd5ddfd8aac1
410,9,承办机构,enhanced_extraction,bb9ea66b605efd174c00aecd60939d7d4f0ee11095551a09fdedd79624cf8e6a
11,12,是,enhanced_extraction,4bb51718453a67d9015b846c6a68662b97572c0a9269a7df9df55bbbce96ae63
9,12,类型,enhanced_extraction,a0f990011f89318094029eddd7fc8433047738098f60167fd996d5cd597fc45b
102,96,类型,enhanced_extraction,3ae3aeb0c9938fc9352289b17986b74d2af21dddb657fa0b815d164c1bf8fa49
146,134,责令停止,enhanced_extraction,74e30173673d6e52cc9990e194c7123dc4609f4006604454f33e8b3436a5bd65
3959,7451,责令改正,enhanced_extraction,6275464cc6148d61e2239b3d3922d8595cc266e4c2fecb017d9817a3eb0b5be7
80,96,类型,enhanced_extraction,60589a9f7239b972454c94ebe1d88b353e4c9fad16152fb4bc372a569d001482
11,12,是,enhanced_extraction,4bb51718453a67d9015b846c6a68662b97572c0a9269a7df9df55bbbce96ae63
1747,96,类型,enhanced_extraction,c1db367dc875aa838ad1b84acec577a6d9cbee638c1f12d537d11a7ef1b82b47
110,111,包含,enhanced_extraction,d592ca3330a9e77a1ea2c10b1cee07860f1846cc946434fff7ca6996bbc293a2
13,159,是,enhanced_extraction,42b286c8b69b7dd60715ddb4a4b5ec24d40c79d0cdc71cf056cb2f8e8981f706
233,234,包含,enhanced_extraction,60f99a7d04220fa9d408be7fe273fde87c6b6d0e9c1d0cf175aea4a73afb9a59
164,9,行使主体,enhanced_extraction,786ebd4ad9d4f9a7110adcce82b6fb31da86f193f9b2bcb48bcb6c3affd2526c
159,12,承办机构,enhanced_extraction,6aff489ab10dbf8c13027d23db776f9011bc8513954287f449cc26e5f34714f1
219,96,类型,enhanced_extraction,501d98fd934829def13421070a3527c368142d959d3066786d506a91cfa7e243
9,12,类型,enhanced_extraction,a0f990011f89318094029eddd7fc8433047738098f60167fd996d5cd597fc45b
219,12,执行主体,enhanced_extraction,f727bbf3a2bf6bc35da049e04e527ea977f83d806cbc9f62152e205043196c06
197,96,类型,enhanced_extraction,3613e63056aa1a9b98e7f24d4a8017b1defea35408ff820f4a06659c6c6fc3f3
102,197,是,enhanced_extraction,b735436bf437d7c3115e2a60bf188709221fd86fd0d803164c90ca2bb0ee33dc
164,12,行使,enhanced_extraction,577d2b56734d7812a56664f7c1356a3c621209e19d294c6cf8c0565dc0b04be0
102,1343,是,enhanced_extraction,c410c8771dfda6f93e7d83ad006a8abdfb4ad626318e90090825848c20bd4c40
112,9,承办机构,enhanced_extraction,8c5141659c6f1ee72a6318e02df92ddfe59b9b1688527026bd5d1ccd13b7ea53
164,9,行使主体,enhanced_extraction,786ebd4ad9d4f9a7110adcce82b6fb31da86f193f9b2bcb48bcb6c3affd2526c
9,12,类型,enhanced_extraction,a0f990011f89318094029eddd7fc8433047738098f60167fd996d5cd597fc45b
13,96,类型,enhanced_extraction,4803e8eb42d15abdff1d9bfe4e6c1566bd35eb1aebc56b2ea7064b5198d7da33
30,12,行使权力类型,enhanced_extraction,a6258c7eb0fcb4d3bf5d0a8c99b7e36355b00e2446aed07a7ae6c10b430bb8ca
652,1093,类型,enhanced_extraction,cfa20e607679306529ed57209b4e6ccae3c003e94cdea5470b4be8fccc253f9f
933,936,是,enhanced_extraction,96061dd41228411855e0252e22df2c42352d0e0bb65438b8cdfa247458dedc15
11,308,是,enhanced_extraction,ecb06d577a5f273c2f13422e7f79961966e4fb437e16acc1fb731831344bc4db
11,173,是,enhanced_extraction,e80c77fff190a0c0b456340055f218f262ef2190e76f90c2dafd8b554948135f
79,11,属于,enhanced_extraction,e2c765377dddeb2b2bb3e2ed6638fa3659b77196b66ecff856789a0a2ff09abb
191,96,类型,enhanced_extraction,ff59c739388eb7148d7a19ccf75d17c64b19740169902d564eec1f02577a0a84
519,9,承办机构,enhanced_extraction,b0629528aff73dc1b3152c49d06e06bd7bce855de12798666cef753fa18bf60f
421,9,承办机构,enhanced_extraction,eb5719bb46adfc653b280a001e8bcf58525b620817a2bd6c94456585c730ff8c
3421,45,类型,enhanced_extraction,14179057c7eb0bfcf07e1738480957ddd3fea0406e56bf03eff1e3bd722ea4d9
13,220,负责,enhanced_extraction,efa18161a197363f910a6b77bca818389ea9990bf2192aacc31990ab66d6c654
110,9,行使主体,enhanced_extraction,04e6686a6ac48a1d6a9411fec475951914afa06d06fa0a9960c1d911aebee2c4
164,985,承办机构,enhanced_extraction,7d9143d12efeb9537c4360dc9206de6d1e788f7075051074919018c094f7411d
15,94,类型,enhanced_extraction,ae7b2d632e653972406eaf68ffa281c3169efd4c73db1a6cf33385747b200cf3
707,9,承办机构,enhanced_extraction,25b3856d4d6346b6c3593dc74bea524adbd2c64273c03661f0aa5a9948a2a5b0
11,12,是,enhanced_extraction,4bb51718453a67d9015b846c6a68662b97572c0a9269a7df9df55bbbce96ae63
102,1,是,enhanced_extraction,e7673144fe059008120004a15b8b74a285f82c6ab41977014fcf98bd828f26e9
102,617,是,enhanced_extraction,9e86035caa5a629fa345d5f7a9cba435e3f868815a4ede6dd36551666ef71d8e
11,12,类型,enhanced_extraction,6eb99ba2cff423e2571ef8f318749216e856ec529f754e4116cb373c00ca8cc4
1768,1769,修订年份,enhanced_extraction,1d60b26772cc6c46fd4ce008bd3959e06bc6ae1575b229f2c5d2ae4f3597e9ae
159,12,承办机构,enhanced_extraction,6aff489ab10dbf8c13027d23db776f9011bc8513954287f449cc26e5f34714f1
11,12,是,enhanced_extraction,4bb51718453a67d9015b846c6a68662b97572c0a9269a7df9df55bbbce96ae63
2714,96,类型,enhanced_extraction,11561c492c580543a5b3cce7e38af920473443006620dc7406f6795a45e1864c
3943,45,类型,enhanced_extraction,e29c48444fbaca234d9d129345919216af22b3fd1ca9cb83a0e7bbbfd9cc0f6a
9,719,是,enhanced_extraction,f21438746c7682e24a7f920415e9782d3fcbbb657761229f744eda093f09bc18
102,394,是,enhanced_extraction,d8eecbbb48fe7bd4b15bf48fe20bd887dd02ba42ab16e82d066d61f0587213ef
102,130,是,enhanced_extraction,927e2c3c89401500404e75bab06f2597a18d0881b1d81c4f2fb0034b46ecae9e
9,11,属于,enhanced_extraction,ad676a8ff0a6a0269b647bfc2c229efdc791e8aeeabe1893665b8156ae207238
9,1488,类型,enhanced_extraction,b03fc750e5ab1befaf9129b00cf527d8b6939f06ce9a58f10029e831be7ce211
15,792,是,enhanced_extraction,2a4a48789f23bd2b49346dac8f26f6322c4cf0d31c97a35f476fcced9aea0e7b
102,1430,是,enhanced_extraction,da7e86f2d3400bf9d7851c74d895cfd2e01264e781be4a634580131469161dfa
112,41,类型,enhanced_extraction,773c872fee15657895132caea471a77af7ee61a9beec268c086fb9c3e8788d3b
9,12,对应,enhanced_extraction,564f2b9a43a7b149c433db6575e94b9149718ec6b5f83f7abaca5d4af15685ee
13,69,是,enhanced_extraction,b36100edef6126a3253cd6d3c8436b60d913028144208e6d85d8fb7e9929ef09
12,825,类型,enhanced_extraction,f23b6e42d2ddf04052d4f66c49219b5c90dd417a9a4460243b7b8ea5f9fb26d4
159,30,隶属于,enhanced_extraction,42cfcbe108331164aaecb1f0d4a40291b19609fdae9d1c489c91e88ef0bf9eaf
102,3191,是,enhanced_extraction,dc2acf729d385878a989f84e1344c8b838555110b198215c40420b24d9641158
130,12,执行,enhanced_extraction,9bfaa1f1ec1d56541b946fe67ea3303334783479ca907690cd46585a989c6bcc
221,1447,发布,enhanced_extraction,a69d5f5194d0eec808856cc253b330a024c6c824bbb25203606e78a98de193e4
164,96,类型,enhanced_extraction,cee014ad6e4a569563c8424370d6d3ab0ae2b302dcef061273248f9442963009
9,9,类型,enhanced_extraction,7047180d6e4b04a345c7820986071db18605d89d0593c04f29c2334c010fbc44
