id,name,node_type
1,市公安局,Enhanced
2,组织机构,Enhanced
3,消防支队,Enhanced
4,大队,Enhanced
5,《中华人民共和国消防法》,Enhanced
6,法律文件,Enhanced
7,损坏、挪用或者擅自拆除、停用消防设施、器材,Enhanced
8,消防设施、器材,Enhanced
9,服务事项,Enhanced
10,市政府工作,Enhanced
11,权力类型,Enhanced
12,行政处罚,Enhanced
13,承办机构,Enhanced
14,市农业综合执法支队,Enhanced
15,实施依据,Enhanced
16,《中华人民共和国农产品质量安全法》,Enhanced
17,2022年9月,Enhanced
18,2006年4月,Enhanced
19,农产品生产经营者,Enhanced
20,农产品质量标志,Enhanced
21,县级以上地方人民政府农业农村主管部门,Enhanced
22,责令改正,Enhanced
23,没收违法所得,Enhanced
24,罚款,Enhanced
25,第七十四条,Enhanced
26,对燃气用具的安装、使用不符合规定的处罚,Enhanced
27,电器产品,Enhanced
28,燃气用具,Enhanced
29,营业性演出广告的内容,Enhanced
30,西安市市场监督管理局,Enhanced
31,已撤销的部门,Enhanced
32,工商行政管理部门,Enhanced
33,营业性演出广告,Enhanced
34,《营业性演出管理条例》,Enhanced
35,法规,Enhanced
36,营业性演出广告的内容误导、欺骗公众或者含有其他违法内容行为的行政处罚,Enhanced
37,行政处罚类型,Enhanced
38,文物保护单位,Enhanced
39,地点,Enhanced
40,西安市文物局,Enhanced
41,机构,Enhanced
42,文物保护与考古处,Enhanced
43,部门,Enhanced
44,中华人民共和国文物保护法,Enhanced
45,法律,Enhanced
46,建设工程,Enhanced
47,项目,Enhanced
48,省,Enhanced
49,行政区划,Enhanced
50,自治区,Enhanced
51,直辖市,Enhanced
52,国务院文物行政部门,Enhanced
53,全国重点文物保护单位,Enhanced
54,国务院,Enhanced
55,政府,Enhanced
56,审批,Enhanced
57,特种设备安全管理人员,Enhanced
58,岗位职责,Enhanced
59,操作规程,Enhanced
60,有关安全规章制度,Enhanced
61,事故,Enhanced
62,检测人员,Enhanced
63,作业人员,Enhanced
64,人员,Enhanced
65,行政处罚权力,Enhanced
66,《中华人民共和国特种设备安全法》第九十二条,Enhanced
67,特种设备安全管理人员、检测人员和作业人员的资格,Enhanced
68,药品零售企业经营许可,Enhanced
69,行政审批处,Enhanced
70,中华人民共和国药品管理法,Enhanced
71,中华人民共和国药品管理法实施条例,Enhanced
72,拟办企业所在地设区的市级药品监督管理机构或者省、自治区、直辖市人民政府药品监督管理部门直接设置的县级药品监督管理机构,Enhanced
73,受理申请的药品监督管理机构,Enhanced
74,原审批机构,Enhanced
75,《药品经营许可证》,Enhanced
76,拟办企业,Enhanced
77,审查,Enhanced
78,药品零售活动,Enhanced
79,行政许可,Enhanced
80,西安市自然资源和规划局,Enhanced
81,西安市自然资源和规划执法监察队,Enhanced
82,未经批准或者采取欺骗手段骗取批准,Enhanced
83,非法占用土地,Enhanced
84,县级以上人民政府自然资源主管部门,Enhanced
85,责令退还非法占用的土地,Enhanced
86,责令限期改正,Enhanced
87,没收在非法占用的土地上新建的建筑物和其他设施,Enhanced
88,可以并处罚款,Enhanced
89,对非法占用土地单位的直接负责的主管人员和其他直接责任人员依法给予处分,Enhanced
90,追究刑事责任,Enhanced
91,违反本条例规定,Enhanced
92,在国土空间规划确定的禁止开垦的范围内从事土地开发活动,Enhanced
93,中华人民共和国土地管理法,Enhanced
94,法律法规,Enhanced
95,中华人民共和国土地管理法实施条例,Enhanced
96,政府机构,Enhanced
97,1998年,Enhanced
98,2021年7月,Enhanced
99,《中华人民共和国土地管理法》第七十七条第一款,Enhanced
100,《中华人民共和国土地管理法实施条例》第五十七条第二款,Enhanced
101,对违规举办大型活动的处罚,Enhanced
102,行驶主体,Enhanced
103,治安局,Enhanced
104,《中华人民共和国治安管理处罚法》,Enhanced
105,中华人民共和国治安管理处罚法,Enhanced
106,举办文化、体育等大型群众性活动,Enhanced
107,活动类型,Enhanced
108,具体服务内容,Enhanced
109,具体处罚措施,Enhanced
110,西安市生态环境局,Enhanced
111,市生态环境保护综合执法支队,Enhanced
112,县（区）生态环境保护综合执法大队,Enhanced
113,中华人民共和国噪声污染防治法,Enhanced
114,违反本法规定，在噪声敏感建筑物集中区域新建排放噪声的工业企业的,Enhanced
115,违反本法规定，在噪声敏感建筑物集中区域改建、扩建工业企业，未采取有效措施防止工业噪声污染的,Enhanced
116,环境保护,Enhanced
117,噪声敏感建筑物集中区域,Enhanced
118,地理区域,Enhanced
119,工业企业,Enhanced
120,企业,Enhanced
121,法律措施,Enhanced
122,执法机构,Enhanced
123,噪声,Enhanced
124,环境因素,Enhanced
125,生态环境主管部门,Enhanced
126,责令停止违法行为,Enhanced
127,处,Enhanced
128,责令关闭,Enhanced
129,因建设需要必须拆迁、改建、封闭环境卫生设施的审批,Enhanced
130,西安市城市管理和综合执法局,Enhanced
131,眼镜制配者,Enhanced
132,违法所得难以计算,Enhanced
133,眼镜制配计量监督管理办法,Enhanced
134,违法行为,Enhanced
135,眼镜制配者违反规定，拒不提供眼镜制配账目，使违法所得难以计算,Enhanced
136,处以最高不超过30000元的罚款,Enhanced
137,经营者,Enhanced
138,擅自使用与他人有一定影响的商品名称、包装、装潢等相同或者近似的标识,Enhanced
139,擅自使用他人有一定影响的企业名称,Enhanced
140,擅自使用他人有一定影响的社会组织名称,Enhanced
141,擅自使用他人有一定影响的姓名,Enhanced
142,擅自使用他人有一定影响的域名主体部分,Enhanced
143,擅自使用他人有一定影响的网站名称,Enhanced
144,擅自使用他人有一定影响的网页,Enhanced
145,其他足以引人误认为是他人商品或者与他人存在特定联系的混淆行为,Enhanced
146,监督检查部门,Enhanced
147,违法商品,Enhanced
148,违法经营额,Enhanced
149,违法经营额五倍以下的罚款,Enhanced
150,没有违法经营额或者违法经营额不足五万元,Enhanced
151,二十五万元以下的罚款,Enhanced
152,情节严重,Enhanced
153,吊销营业执照,Enhanced
154,经营者登记的企业名称,Enhanced
155,本法第六条规定的,Enhanced
156,名称变更前,Enhanced
157,以统一社会信用代码代替其名称,Enhanced
158,权力,Enhanced
159,综合执法支队,Enhanced
160,个人或企业,Enhanced
161,执法部门,Enhanced
162,混淆行为,Enhanced
163,原企业登记机关,Enhanced
164,西安市卫生健康委员会,Enhanced
165,非医师,Enhanced
166,《中华人民共和国医师法》,Enhanced
167,《院前医疗急救管理办法》,Enhanced
168,台湾医师,Enhanced
169,《台湾地区医师在大陆短期行医管理规定》,Enhanced
170,港澳医师,Enhanced
171,《香港、澳门特别行政区医师在内地短期行医管理规定》,Enhanced
172,国有建设用地使用权首次登记,Enhanced
173,行政确认,Enhanced
174,中华人民共和国民法典,Enhanced
175,《中华人民共和国民法典》,Enhanced
176,不动产登记暂行条例实施细则,Enhanced
177,《不动产登记暂行条例实施细则》,Enhanced
178,国有建设用地使用权,Enhanced
179,不动产登记,Enhanced
180,国有建设用地使用权登记,Enhanced
181,国有建设用地使用权及房屋所有权首次登记,Enhanced
182,不动产权属证书或者土地权属来源材料,Enhanced
183,材料,Enhanced
184,建设工程符合规划的材料,Enhanced
185,房屋已经竣工的材料,Enhanced
186,房地产调查或者测绘报告,Enhanced
187,相关税费缴纳凭证,Enhanced
188,其他必要材料,Enhanced
189,西安市不动产登记服务中心,Enhanced
190,行政法规,Enhanced
191,西安市水利水土保持工作总站,Enhanced
192,拒不缴纳水土保持补偿费行为,Enhanced
193,县级以上人民政府水行政主管部门,Enhanced
194,逾期不缴纳,Enhanced
195,自滞纳之日起按日加收滞纳部分万分之五的滞纳金,Enhanced
196,应缴水土保持补偿费三倍以下的罚款,Enhanced
197,西安市水务局,Enhanced
198,中华人民共和国水土保持法,Enhanced
199,拒不缴纳水土保持补偿费行为的处罚,Enhanced
200,未经批准擅自变更台标,Enhanced
201,未经批准擅自变更节目设置范围或者节目套数,Enhanced
202,未经批准擅自变更播放时段,Enhanced
203,转播播放广播电视节目违反规定,Enhanced
204,播放境外广播电视节目或者广告的时间超出规定,Enhanced
205,播放未取得许可的广播电视节目,Enhanced
206,播放未取得许可的电视剧,Enhanced
207,播放未经批准的境外电影、电视剧和其他广播电视节目,Enhanced
208,教育电视台播放禁止播放的节目,Enhanced
209,未经批准举办广播电视节目交流、交易活动,Enhanced
210,行政处罚事项,Enhanced
211,未经批准擅自变更台名,Enhanced
212,未经批准,Enhanced
213,执行主体,Enhanced
214,市级文化市场综合执法部门,Enhanced
215,具体执行机构,Enhanced
216,西安市文化市场综合执法支队,Enhanced
217,对有机产品认证活动的监督检查,Enhanced
218,行政检查,Enhanced
219,市应急管理局,Enhanced
220,市应急管理综合执法支队,Enhanced
221,国家安全监管总局,Enhanced
222,烟花爆竹,Enhanced
223,危险品,Enhanced
224,中转库,Enhanced
225,仓库,Enhanced
226,药物总库,Enhanced
227,成品总库,Enhanced
228,刑法,Enhanced
229,《国家安全监管总局关于印发〈化工和危险化学品生产经营单位重大生产安全事故隐患判定标准（试行）〉和〈烟花爆竹生产经营单位重大生产安全事故隐患判定标准（试行）〉的通知》,Enhanced
230,《中华人民共和国安全生产法》,Enhanced
231,《第一百零二条 生产经营单位未采取措施消除事故隐患的》,Enhanced
232,施工单位,Enhanced
233,西安市住房和城乡建设局,Enhanced
234,执法监察队,Enhanced
235,组织,Enhanced
236,建设工程施工,Enhanced
237,活动,Enhanced
238,综合管廊,Enhanced
239,设施,Enhanced
240,损害,Enhanced
241,结果,Enhanced
242,事项,Enhanced
243,分类,Enhanced
244,角色,Enhanced
245,金属非金属露天矿山未按有关国家标准或者行业标准对采场边坡、排土场边坡进行稳定性分析的行政处罚,Enhanced
246,信息公开,Enhanced
247,《国家矿山安全监察局关于印发〈金属非金属矿山重大事故隐患判定标准〉的通知》（矿安〔2022〕88 号）,Enhanced
248,"生产经营单位未采取措施消除事故隐患的,责令立即消除或者限期消除,处五万元以下的罚款；生产经营单位拒不执行的,责令停产停业整顿,对其直接负责的主管人员和其他直接责任人员处五万元以上十万元以下的罚款；构成犯罪的,依照刑法有关规定追究刑事责任",Enhanced
249,《国家矿山安全监察局关于印发〈金属非金属矿山重大事故隐患判定标准〉的通知》,Enhanced
250,建筑垃圾运输车辆的驾驶人,Enhanced
251,规定条件,Enhanced
252,交警大队,Enhanced
253,西安建筑垃圾管理条例,Enhanced
254,公安机关交通管理部门,Enhanced
255,建筑垃圾运输人,Enhanced
256,建筑垃圾运输企业,Enhanced
257,政府部门,Enhanced
258,建筑垃圾运输车辆,Enhanced
259,建筑垃圾,Enhanced
260,管道单位,Enhanced
261,安全生产监督管理部门,Enhanced
262,《危险化学品输送管道安全管理规定》,Enhanced
263,"服务事项 (版本: 43号, 发布日期: 2015年5月27日, 修正版本: 79号, 修正日期: 2015年5月27日)",Enhanced
264,审批市环境局决定,Enhanced
265,《陕西省城市市容环境卫生条例》（2010修正）,Enhanced
266,公共场所的阅报栏,Enhanced
267,整洁、美观,Enhanced
268,破旧、污损,Enhanced
269,违反规定的处罚,Enhanced
270,可以并处二百元以上五百元以下罚款,Enhanced
271,逾期未改正的处罚,Enhanced
272,市环境局,Enhanced
273,市环境局决定,Enhanced
274,某镇环保站,Enhanced
275,市容秩序管理处,Enhanced
276,公共场所设施,Enhanced
277,规定的时间和地点,Enhanced
278,化妆品标识,Enhanced
279,生产日期和保质期,Enhanced
280,生产批号和限期使用日期,Enhanced
281,化妆品,Enhanced
282,使用说明,Enhanced
283,无,Enhanced
284,当需要附图时,Enhanced
285,注意事项,Enhanced
286,中文警示说明,Enhanced
287,保质期和安全性要求的储存条件,Enhanced
288,中华人民共和国产品质量法,Enhanced
289,第五十四条,Enhanced
290,产品质量法,Enhanced
291,产品标识不符合第二十七条,Enhanced
292,"情节严重的,责令停止生产、销售",Enhanced
293,并处违法生产、销售产品货值金额百分之三十以下的罚款,Enhanced
294,"有违法所得的,并处没收违法所得",Enhanced
295,化妆品标识管理规定,Enhanced
296,第十条,Enhanced
297,第十五条,Enhanced
298,第二十六条,Enhanced
299,违反,Enhanced
300,中华人民共和国产品质量法第五十四条的规定处罚,Enhanced
301,某不存在的机构,Enhanced
302,水利工程项目法人,Enhanced
303,水利水电施工企业,Enhanced
304,水利工程管理单位,Enhanced
305,农村水电站,Enhanced
306,建设与运行管理处,Enhanced
307,安全生产标准化评审,Enhanced
308,其他权力类型,Enhanced
309,对开展募捐活动有通过虚构事实等方式欺骗、诱导募捐对象实施捐赠的,Enhanced
310,向单位或者个人摊派或者变相摊派的,Enhanced
311,妨碍公共秩序、企业生产经营或者居民生活的,Enhanced
312,与不具有公开募捐资格的组织或者个人合作，违反《中华人民共和国慈善法》第二十六条规定的,Enhanced
313,通过互联网开展公开募捐，违反《中华人民共和国慈善法》第二十七条规定的,Enhanced
314,为应对重大突发事件开展公开募捐，不及时分配、使用募得款物,Enhanced
315,不具有公开募捐资格的组织或者个人擅自开展公开募捐的处罚,Enhanced
316,西安市民政局,Enhanced
317,社会组织管理局,Enhanced
318,开展募捐活动,Enhanced
319,行为,Enhanced
320,冒领,Enhanced
321,隐匿,Enhanced
322,毁弃,Enhanced
323,私自开拆,Enhanced
324,非法检查,Enhanced
325,第四十八条,Enhanced
326,中华人民共和国主席令第72号,Enhanced
327,市贸促会,Enhanced
328,《中华人民共和国海关暂时进出境货物管理办法》,Enhanced
329,《西安市机构编制委员会关于印发中国国际贸易促进委员会西安市分会主要职责内设机构和人员编制规定的通知》,Enhanced
330,中国国际贸易促进委员会(中国国际商会),Enhanced
331,ATA单证册,Enhanced
332,中国国际贸易促进委员会西安市分会,Enhanced
333,法律事务部,Enhanced
334,暂准进口货物海关单证册(ATA,Enhanced
335,签发ATA单证册,Enhanced
336,未成立的办公室,Enhanced
337,《中华人民共和国海关暂时进出境货物管理办法》（2017年海关总署第233号令）,Enhanced
338,《西安市机构编制委员会关于印发中国国际贸易促进委员会西安市分会主要职责内设机构和人员编制规定的通知》（市编办（2015）123号）,Enhanced
339,暂准进口货物海关单证册（ATA）,Enhanced
340,旅行社委派的导游人员和领队人员,Enhanced
341,国家规定的导游证或者不具备领队条件,Enhanced
342,旅行社,Enhanced
343,2万元以上10万元以下,Enhanced
344,《旅行社条例》,Enhanced
345,对旅行社的行政处罚,Enhanced
346,旅游行政管理部门,Enhanced
347,2009年2月国务院令第550号,Enhanced
348,2020年11月国务院令第732号,Enhanced
349,一般污染水源行为的代履行,Enhanced
350,行政强制,Enhanced
351,《西安市城市饮用水源污染防治管理条例》,Enhanced
352,禁止行为,Enhanced
353,城市饮用水地下水源二级保护区内,Enhanced
354,城市饮用水地表水源准保护区内,Enhanced
355,环境保护行政管理部门,Enhanced
356,限期采取治理措施,Enhanced
357,消除污染,Enhanced
358,处二万元以上二十万元以下罚款,Enhanced
359,指定有治理能力的单位代为治理,Enhanced
360,所需费用,Enhanced
361,违法者承担,Enhanced
362,违法者,Enhanced
363,二级以上焰火燃放许可,Enhanced
364,西安市公安局治安管理局,Enhanced
365,《烟花爆竹安全管理条例》,Enhanced
366,申请举办焰火晚会以及其他大型焰火燃放活动,Enhanced
367,举办焰火晚会以及其他大型焰火燃放活动的时间、地点、环境、活动性质、规模,Enhanced
368,燃放烟花爆竹的种类、规格、数量,Enhanced
369,燃放作业方案,Enhanced
370,燃放作业单位、作业人员符合行业标准规定条件的证明,Enhanced
371,受理申请的公安部门,Enhanced
372,审查提交的有关材料,Enhanced
373,"核发,《焰火燃放许可证》",Enhanced
374,"说明,理由",Enhanced
375,烟花爆竹安全管理条例,Enhanced
376,国务院令第 455 号,Enhanced
377,焰火晚会,Enhanced
378,大型焰火燃放活动,Enhanced
379,公安部门,Enhanced
380,《焰火燃放许可证》,Enhanced
381,许可,Enhanced
382,行政服务,Enhanced
383,行政权力,Enhanced
384,排水户,Enhanced
385,污水排入排水管网许可证,Enhanced
386,《西安市散装水泥管理条例》,Enhanced
387,处罚,Enhanced
388,建设单位或者施工单位,Enhanced
389,使用袋装水泥,Enhanced
390,住房建设行政主管部门,Enhanced
391,一万元以上五万元以下,Enhanced
392,西安市散装水泥管理条例,Enhanced
393,审批县政府,Enhanced
394,某村委会,Enhanced
395,村委会,Enhanced
396,中华人民共和国食品安全法实施条例,Enhanced
397,食品生产许可管理办法,Enhanced
398,规章,Enhanced
399,食品生产经营企业,Enhanced
400,食品生产者,Enhanced
401,对故意干扰无线电业务正常进行、拒不消除对无线电台(站,Enhanced
402,对故意干扰无线电业务正常进行、拒不消除对无线电台（站）的有害干扰的处罚,Enhanced
403,对故意干扰无线电业务正常进行、拒不消除对无线电台（站）的有害干扰,Enhanced
404,无线电台（站）,Enhanced
405,无线通信设备,Enhanced
406,五日以上十日以下拘留,Enhanced
407,拘留,Enhanced
408,十日以上十五日以下拘留,Enhanced
409,取得法律职业资格人员档案管理,Enhanced
410,律师工作处,Enhanced
411,西安市司法局,Enhanced
412,取得法律职业资格人员档案,Enhanced
413,《法律职业资格管理办法》,Enhanced
414,第146号,Enhanced
415,《特种设备安全监察条例》,Enhanced
416,特种设备出厂文件检查,Enhanced
417,特种设备安全监察条例,Enhanced
418,特种设备安全监督管理部门,Enhanced
419,特种设备检验检测机构和检验检测人员,Enhanced
420,西安市互联网信息办公室,Enhanced
421,网络综合协调管理和执法督查处,Enhanced
422,中华人民共和国数据安全法,Enhanced
423,有关主管部门,Enhanced
424,违反本法第三十六条规定的组织或个人,Enhanced
425,十万元以上一百万元以下罚款,Enhanced
426,一万元以上十万元以下罚款,Enhanced
427,直接负责的主管人员和其他直接责任人员,Enhanced
428,中华人民共和国主管机关,Enhanced
429,有关法律,Enhanced
430,中华人民共和国缔结或者参加的国际条约、协定,Enhanced
431,平等互惠原则,Enhanced
432,组织或机构,Enhanced
433,境内的组织、个人,Enhanced
434,向外国司法或者执法机构提供数据,Enhanced
435,对定点医药机构使用医疗保障基金（医疗救助基金）行为的监督检查,Enhanced
436,西安市医疗保障局,Enhanced
437,西安市医疗保障局法规与监督处,Enhanced
438,《医疗保障基金使用监督管理条例》,Enhanced
439,国务院医疗保障行政部门,Enhanced
440,全国的医疗保障基金使用监督管理工作,Enhanced
441,国务院其他有关部门,Enhanced
442,有关的医疗保障基金使用监督管理工作,Enhanced
443,县级以上地方人民政府医疗保障行政部门,Enhanced
444,本行政区域的医疗保障基金使用监督管理工作,Enhanced
445,县级以上地方人民政府其他有关部门,Enhanced
446,中华人民共和国法律援助法,Enhanced
447,律师协会,Enhanced
448,律师事务所、律师参与法律援助工作,Enhanced
449,律师事务所、律师履行法律援助义务的情况,Enhanced
450,拒不履行或者怠于履行法律援助义务的律师事务所、律师,Enhanced
451,律师事务所、律师,Enhanced
452,对使用排放不合格的非道路移动机械，或者在用重型柴油车、非道路移动机械未按照规定加装、更换污染控制装置的行政处罚,Enhanced
453,《中华人民共和国大气污染防治法》（2018年修正）,Enhanced
454,使用排放不合格的非道路移动机械，或者在用重型柴油车、非道路移动机械未按照规定加装、更换污染控制装置的，由县级以上人民政府生态环境等主管部门按照职责责令改正，处五千元的罚款,Enhanced
455,水政水资源管理处（执法监督处）,Enhanced
456,疾病预防控制机构,Enhanced
457,国家规定的条件和技术标准,Enhanced
458,医疗机构,Enhanced
459,国家有关规定,Enhanced
460,科技教育处,Enhanced
461,县级以上地方人民政府卫生行政部门,Enhanced
462,警告,Enhanced
463,暂扣许可证,Enhanced
464,吊销许可证,Enhanced
465,负有责任的主管人员,Enhanced
466,处分,Enhanced
467,其他直接责任人员,Enhanced
468,有关责任人员,Enhanced
469,执业证书,Enhanced
470,构成犯罪的人员,Enhanced
471,刑事责任,Enhanced
472,矿山,Enhanced
473,不按照开采设计,Enhanced
474,矿产资源保护监督管理处,Enhanced
475,矿产资源监督管理暂行办法,Enhanced
476,矿山企业,Enhanced
477,矿山的开拓,Enhanced
478,开采设计,Enhanced
479,矿山的采,Enhanced
480,矿山的采矿工程,Enhanced
481,第十三条,Enhanced
482,第十四条,Enhanced
483,第十七条,Enhanced
484,第十九条,Enhanced
485,第二十一条,Enhanced
486,对网络交易经营者进行行政处罚,Enhanced
487,网络交易监督管理办法,Enhanced
488,中华人民共和国电子商务法,Enhanced
489,人民防空工程,Enhanced
490,兼顾人民防空需要的地下工程,Enhanced
491,陕西省实施〈中华人民共和国人民防空法办法〉,Enhanced
492,人民防空主管部门,Enhanced
493,防空地下室的质量监督,Enhanced
494,人民防空工程的档案备案,Enhanced
495,竣工验收备案制度,Enhanced
496,人民防空工程建设单位,Enhanced
497,工程竣工验收合格之日起15日内,Enhanced
498,工程竣工验收报告和接受委托的工程质量监督机构及有关部门出具的认可文件,Enhanced
499,西安市国防动员办公室,Enhanced
500,人民防空工程、兼顾人民防空需要的地下工程竣工验收备案,Enhanced
501,人民防空工程竣工验收备案制度,Enhanced
502,国家国防动员委员会 国家发展计划委员会 建设部 财政部关于颁发《人民防空工程建设管理规定》的通知,Enhanced
503,《中华人民共和国认证认可条例》,Enhanced
504,境外认证机构,Enhanced
505,5万元以上20万元以下的罚款,Enhanced
506,经登记设立的境外认证机构代表机构,Enhanced
507,10万元以上50万元以下的罚款,Enhanced
508,违法所得,Enhanced
509,撤销批准文件,Enhanced
510,5万元以上20万元以下,Enhanced
511,10万元以上50万元以下,Enhanced
512,批准文件,Enhanced
513,对客运经营者、客运站经营者存在重大运输安全隐患等情形，导致不具备安全生产条件，经停产停业整顿仍不具备安全生产条件的；放射性物品道路运输企业或者单位已不具备许可要求的有关安全条件，存在重大运输安全隐患的处罚。,Enhanced
514,客运经营者,Enhanced
515,客运服务提供者,Enhanced
516,客运站经营者,Enhanced
517,客运站管理方,Enhanced
518,西安市交通运输局,Enhanced
519,西安市交通运输综合执法支队,Enhanced
520,道路旅客运输及客运站管理规定,Enhanced
521,放射性物品道路运输管理规定,Enhanced
522,中华人民共和国安全生产法,Enhanced
523,第一百条,Enhanced
524,第四十三条,Enhanced
525,公开募捐方案备案,Enhanced
526,慈善事业促进处,Enhanced
527,《中华人民共和国慈善法》,Enhanced
528,募捐方案,Enhanced
529,募捐目的,Enhanced
530,起止时间和地域,Enhanced
531,活动负责人姓名和办公地址,Enhanced
532,接受捐赠方式,Enhanced
533,银行账户,Enhanced
534,受益人,Enhanced
535,募得款物用途,Enhanced
536,募捐成本,Enhanced
537,剩余财产的处理,Enhanced
538,《中华人民共和国慈善法》（2022年修订）,Enhanced
539,募捐目的、起止时间和地域、活动负责人姓名和办公地址、接受捐赠方式、银行账户、受益人、募得款物用途、募捐成本、剩余财产的处理,Enhanced
540,在开展募捐活动前报慈善组织登记的民政部门备案,Enhanced
541,西安市农业农村局（市乡村振兴局）,Enhanced
542,对农业机械安全的监督检查,Enhanced
543,农业机械安全监督管理条例,Enhanced
544,农业机械安全监督管理执法人员,Enhanced
545,措施,Enhanced
546,向有关单位和个人了解情况,Enhanced
547,查阅、复制有关资料,Enhanced
548,查验拖拉机、联合收割机证书、牌照及有关操作证件,Enhanced
549,检查危及人身财产安全的农业机械的安全状况,Enhanced
550,"对存在重大事故隐患的农业机械,责令当事人立即停止作业或者停止农业机械的转移",Enhanced
551,进行维修,Enhanced
552,责令农业机械操作人员改正违规操作行为,Enhanced
553,农业机械安全监督检查,Enhanced
554,行业组织,Enhanced
555,五十万元罚款,Enhanced
556,陕西省价格条例,Enhanced
557,市场价格,Enhanced
558,商品价格,Enhanced
559,价格竞争,Enhanced
560,价格垄断,Enhanced
561,价格联盟,Enhanced
562,黄河,Enhanced
563,河流,Enhanced
564,水政水资源管理处,Enhanced
565,内部部门,Enhanced
566,执法监督处,Enhanced
567,中华人民共和国黄河保护法,Enhanced
568,对黄河干流、重要支流水工程未将生态用水调度纳入日常运行调度规程行为的行政处罚,Enhanced
569,《中华人民共和国黄河保护法》第一百一十一条,Enhanced
570,消防设施维护保养检测机构,Enhanced
571,本规定,Enhanced
572,10000元至30000元罚款,Enhanced
573,5000元以下罚款,Enhanced
574,消防技术服务信息,Enhanced
575,消防设施所在建筑的醒目位置或者灭火器上,Enhanced
576,依法取得麻醉药品药用原植物种植或者麻醉药品和精神药品经营、使用、运输等资格的单位,Enhanced
577,原审批部门,Enhanced
578,《麻醉药品和精神药品管理条例》,Enhanced
579,倒卖、转让、出租、出借、涂改其麻醉药品和精神药品许可证明文件,Enhanced
580,相应许可证明文件,Enhanced
581,没有违法所得,Enhanced
582,构成犯罪,Enhanced
583,执业兽医,Enhanced
584,有关动物诊疗的操作技术规范,Enhanced
585,不符合规定的兽药和兽医器械,Enhanced
586,当地人民政府或者农业农村主管部门要求参加动物疫病预防、控制和动物疫情扑灭活动,Enhanced
587,国家规定应当扑杀的疫病的动物进行治疗,Enhanced
588,动物诊疗活动,Enhanced
589,"吊销,执业兽医资格证书",Enhanced
590,西安市农业农村局,Enhanced
591,行政处罚权,Enhanced
592,行政处罚的具体措施,Enhanced
593,暂停动物诊疗活动,Enhanced
594,《工贸企业重大事故隐患判定标准》（应急管理部令第10号公布）,Enhanced
595,会议室,Enhanced
596,重大事故隐患,Enhanced
597,活动室,Enhanced
598,休息室,Enhanced
599,操作室,Enhanced
600,交接班室,Enhanced
601,更衣室（含澡堂）,Enhanced
602,熔融金属吊运跨的地坪区域,Enhanced
603,人员聚集场所,Enhanced
604,物理位置,Enhanced
605,《排污许可管理条例》,Enhanced
606,国务院令第736号,Enhanced
607,法规发布形式,Enhanced
608,水利工程质量检测人员,Enhanced
609,质量检测活动,Enhanced
610,1千元以下罚款,Enhanced
611,检测数据,Enhanced
612,伪造数据,Enhanced
613,强制性标准,Enhanced
614,《水利工程质量检测管理规定》,Enhanced
615,水利部,Enhanced
616,2019年,Enhanced
617,某社区,Enhanced
618,所在地的县级人民政府卫生主管部门或者兽医主管部门,Enhanced
619,实验室的设立单位或者承运单位、保藏机构的上级主管部门,Enhanced
620,主要负责人、直接负责的主管人员和其他直接责任人员,Enhanced
621,构成犯罪的,Enhanced
622,《病原微生物实验室生物安全管理条例》,Enhanced
623,病原微生物实验室的生物安全,Enhanced
624,国务院发布,Enhanced
625,渔业渔政处,Enhanced
626,伪造,Enhanced
627,变造,Enhanced
628,编制虚假财务会计报告,Enhanced
629,故意销毁,Enhanced
630,西安市财政局,Enhanced
631,会计处,Enhanced
632,财政政策与风险管理处,Enhanced
633,县级以上人民政府财政部门,Enhanced
634,通报批评,Enhanced
635,单位,Enhanced
636,直接负责的主管人员,Enhanced
637,会计人员,Enhanced
638,会计工作,Enhanced
639,公职人员,Enhanced
640,国务院令445号,Enhanced
641,国务院令703号,Enhanced
642,县级以上人民政府公安机关,Enhanced
643,易制毒化学品,Enhanced
644,药品监督管理部门,Enhanced
645,商务主管部门,Enhanced
646,卫生主管部门,Enhanced
647,价格主管部门,Enhanced
648,铁路主管部门,Enhanced
649,交通主管部门,Enhanced
650,市场监督管理部门,Enhanced
651,对渔业的监督检查,Enhanced
652,市乡村振兴局,Enhanced
653,对选育林木良种成绩显著的单位或者个人,Enhanced
654,奖励,Enhanced
655,行政奖励,Enhanced
656,市场主体登记备案事项,Enhanced
657,监督检查,Enhanced
658,公示信息情况,Enhanced
659,市场秩序监管处,Enhanced
660,信用监管处,Enhanced
661,中华人民共和国市场主体登记管理条例实施细则,Enhanced
662,登记机关,Enhanced
663,检查对象,Enhanced
664,执法检查人员,Enhanced
665,市场主体,Enhanced
666,登记备案事项,Enhanced
667,抽查检查结果,Enhanced
668,国家企业信用信息公示系统,Enhanced
669,会计师事务所,Enhanced
670,开展审计,Enhanced
671,税务师事务所,Enhanced
672,开展验资,Enhanced
673,律师事务所,Enhanced
674,开展咨询,Enhanced
675,其他政府部门,Enhanced
676,检查结果,Enhanced
677,核查结果,Enhanced
678,专业机构,Enhanced
679,专业结论,Enhanced
680,市场主体的一部分,Enhanced
681,对网络交易平台经营者对平台内经营者在平台内的交易、交易价格以及与其他经营者的交易等进行不合理限制或者附加不合理条件，干涉平台内经营者的自主经营的行政处罚,Enhanced
682,销售者,Enhanced
683,食用农产品进货查验记录制度,Enhanced
684,进货凭证,Enhanced
685,采购,Enhanced
686,相关证明文件,Enhanced
687,销售,Enhanced
688,食用农产品销售企业,Enhanced
689,食用农产品销售记录制度,Enhanced
690,行政处罚的依据,Enhanced
691,违反治安管理行为人接受调查的传唤、强制传唤,Enhanced
692,各业务部门,Enhanced
693,旅游合同约定,Enhanced
694,旅游者合法权益受到损害,Enhanced
695,旅行社违反旅游合同约定,Enhanced
696,必要的补救措施行为,Enhanced
697,行政处罚的权力,Enhanced
698,中华人民共和国反不正当竞争法,Enhanced
699,本法第十条规定,Enhanced
700,存在下列情形,Enhanced
701,有奖销售信息不明确,Enhanced
702,采用谎称有奖或者故意让内定人员中奖的欺骗方式,Enhanced
703,抽奖式的有奖销售,Enhanced
704,最高奖的金额超过五万元,Enhanced
705,宾馆、洗浴、美容美发等经营场所,Enhanced
706,《陕西省艾滋病防治条例》,Enhanced
707,综合监督处,Enhanced
708,二千元以上一万元以下,Enhanced
709,责令停业整顿,Enhanced
710,吊销经营许可证,Enhanced
711,国家卫生标准,Enhanced
712,可能造成艾滋病传播的公用物品和器具,Enhanced
713,一次性器具,Enhanced
714,剃须、美容、修脚、刮痧等,Enhanced
715,2017年,Enhanced
716,政府机构下的部门,Enhanced
717,对建材企业制氢站、氮氢保护气体配气间、燃气配气间等场所未设置固定式可燃气体浓度监测报警装置的行政处罚,Enhanced
718,市应急管理局的下属机构,Enhanced
719,审批县政府决定,Enhanced
720,《中华人民共和国道路交通安全法》,Enhanced
721,第九十九条,Enhanced
722,可以并处吊销机动车驾驶证,Enhanced
723,可以并处十五日以下拘留,Enhanced
724,未知,Enhanced
725,未取得机动车驾驶证等八种行为,Enhanced
726,《中华人民共和国测绘法》,Enhanced
727,未取得测绘执业资格擅自从事测绘活动,Enhanced
728,停止违法行为,Enhanced
729,没收违法所得和测绘成果,Enhanced
730,对其所在单位可以处违法所得二倍以下的罚款,Enhanced
731,没收测绘工具,Enhanced
732,依法承担赔偿责任,Enhanced
733,颁发测绘资质证书的部门,Enhanced
734,降低测绘资质等级,Enhanced
735,暂扣测绘资质证书,Enhanced
736,吊销测绘资质证书,Enhanced
737,县级以上人民政府测绘地理信息主管部门,Enhanced
738,其他行政处罚,Enhanced
739,列入目录的产品未经认证,Enhanced
740,"可能有,违法所得",Enhanced
741,国务院令第390号公布,Enhanced
742,2023年7月20日国务院令第764号第三次修订,Enhanced
743,擅自出厂、销售、进口或者在其他经营活动中使用,Enhanced
744,有违法所得的，没收违法所得,Enhanced
745,"对医师未按照本办法规定开具抗菌药物处方,造成严重后果",Enhanced
746,使用未经国家药品监督管理部门批准的抗菌药物,Enhanced
747,"使用本机构抗菌药物供应目录以外的品种、品规,造成严重后果的处罚",Enhanced
748,医政医管处,Enhanced
749,医师,Enhanced
750,执业人员,Enhanced
751,规定,Enhanced
752,法律条款,Enhanced
753,执行机构,Enhanced
754,执行部门,Enhanced
755,对在托幼机构卫生保健工作中做出显著成绩的单位和个人的表彰奖励,Enhanced
756,妇幼健康处,Enhanced
757,《托儿所幼儿园卫生保健管理办法》,Enhanced
758,托儿所幼儿园卫生保健管理办法,Enhanced
759,化工和危险化学品企业,Enhanced
760,可燃和有毒有害气体泄漏的场所,Enhanced
761,检测报警装置,Enhanced
762,爆炸危险场所,Enhanced
763,防爆电气设备,Enhanced
764,通知,Enhanced
765,化工和危险化学品类,Enhanced
766,安全生产法,Enhanced
767,责令停产停业整顿,Enhanced
768,分支机构,Enhanced
769,行政行为,Enhanced
770,未取得客运站经营许可,Enhanced
771,"违反,《中华人民共和国道路运输条例》",Enhanced
772,超越许可事项,Enhanced
773,"违反,《道路旅客运输及客运站管理规定》",Enhanced
774,使用失效、伪造、变造、被注销等无效的客运站许可证件从事客运站经营,Enhanced
775,《道路旅客运输及客运站管理规定》,Enhanced
776,未经许可擅自从事道路旅客运输站（场）经营,Enhanced
777,未取得客运站经营许可，擅自从事客运站经营,Enhanced
778,超越许可事项，从事客运站经营,Enhanced
779,县级以上地方人民政府交通运输主管部门,Enhanced
780,《中华人民共和国道路运输条例》,Enhanced
781,违法行为处罚,Enhanced
782,查封,Enhanced
783,扣押,Enhanced
784,违法生产,Enhanced
785,违法经营,Enhanced
786,违法使用,Enhanced
787,农药,Enhanced
788,用于违法生产经营使用的工具,Enhanced
789,用于违法生产经营使用的设备,Enhanced
790,用于违法生产经营使用的原材料,Enhanced
791,违法生产、经营、使用农药的场所,Enhanced
792,《农药管理条例》,Enhanced
793,1997年5月,Enhanced
794,2022年3月,Enhanced
795,第二次,Enhanced
796,第四十一条,Enhanced
797,第五项,Enhanced
798,第六项,Enhanced
799,行政强制措施,Enhanced
800,行政机关,Enhanced
801,农药管理条例,Enhanced
802,互联网上网服务营业场所经营单位,Enhanced
803,经营单位,Enhanced
804,网络安全保卫支队,Enhanced
805,警察部门,Enhanced
806,被抽样产品,Enhanced
807,严重质量问题,Enhanced
808,被抽样生产者,Enhanced
809,拒绝或者不配合依法进行的监督抽查,Enhanced
810,认定复查合格而恢复生产、销售同一产品,Enhanced
811,样品,Enhanced
812,县级市场监督管理部门,Enhanced
813,三万元以下罚款,Enhanced
814,涉嫌构成犯罪的被抽样生产者、销售者,Enhanced
815,《产品质量监督抽查管理暂行办法》,Enhanced
816,被抽样生产者、销售者,Enhanced
817,被抽样销售者,Enhanced
818,阻碍、拒绝或者不配合依法进行的监督抽查,Enhanced
819,未经负责结果处理的市场监督管理部门认定复查合格而恢复生产、销售同一产品,Enhanced
820,隐匿、转移、变卖、损毁样品,Enhanced
821,公安机关,Enhanced
822,河道,Enhanced
823,地理实体,Enhanced
824,法律服务,Enhanced
825,法律行为,Enhanced
826,法律术语,Enhanced
827,西安市农业农村局(市乡村振兴局),Enhanced
828,中华人民共和国种子法,Enhanced
829,种质资源,Enhanced
830,国家重点保护的天然种质资源,Enhanced
831,网络运营者,Enhanced
832,第六十九条,Enhanced
833,五万元以上五十万元以下罚款,Enhanced
834,本法规定,Enhanced
835,拒绝,Enhanced
836,有关部门,Enhanced
837,拒不,Enhanced
838,国家安全机关,Enhanced
839,中华人民共和国网络安全法,Enhanced
840,拒绝、阻碍有关部门依法实施的监督检查,Enhanced
841,县级以上地方卫生健康主管部门,Enhanced
842,生产经营单位,Enhanced
843,被责令立即消除或者限期消除,Enhanced
844,处以罚款,Enhanced
845,被责令停产停业整顿,Enhanced
846,五万元以上十万元以下,Enhanced
847,应急管理部门,Enhanced
848,决定行政处罚,Enhanced
849,负有安全生产监督管理职责的部门,Enhanced
850,县级以上人民政府决定关闭行政处罚,Enhanced
851,第一百零二条,Enhanced
852,第一百一十五条,Enhanced
853,市公安局下属机构,Enhanced
854,第四十六条,Enhanced
855,损害城市污水处理和再生水利用设施的行为,Enhanced
856,《西安市城市污水处理和再生水利用条例》第四十六条,Enhanced
857,水行政管理部门,Enhanced
858,城市污水处理行政管理部门,Enhanced
859,改建,Enhanced
860,扩建,Enhanced
861,燃气热力管理处,Enhanced
862,《陕西省燃气管理条例》,Enhanced
863,新建、改建、扩建燃气工程核准,Enhanced
864,经批准在河道管理范围内采砂的单位或个人,Enhanced
865,西安市人民政府令第56号,Enhanced
866,《西安市河道采砂管理办法》,Enhanced
867,2020修订,Enhanced
868,西安市,Enhanced
869,对牲畜定点屠宰厂（场）出厂（场）未经肉品品质检验或者经肉品品质检验不合格的畜类产品的行政处罚,Enhanced
870,牲畜定点屠宰厂（场）,Enhanced
871,屠宰场,Enhanced
872,屠宰,Enhanced
873,畜类产品,Enhanced
874,产品,Enhanced
875,消防技术服务机构,Enhanced
876,对乘车人违反通行规定的处罚,Enhanced
877,西安市道路交通安全条例,Enhanced
878,非机动车驾驶人,Enhanced
879,非机动车驾驶员,Enhanced
880,行人,Enhanced
881,乘车人,Enhanced
882,乘客,Enhanced
883,城市公园内举办展览、文体表演等活动审批,Enhanced
884,园林绿化处,Enhanced
885,《陕西省城市公共空间管理条例》,Enhanced
886,城市公园,Enhanced
887,公园,Enhanced
888,展览,Enhanced
889,文体表演,Enhanced
890,集会,Enhanced
891,商业促销,Enhanced
892,化妆品生产经营者,Enhanced
893,不得从事化妆品生产经营活动的人员,Enhanced
894,化妆品检验机构,Enhanced
895,不得从事化妆品检验工作的人员,Enhanced
896,负责药品监督管理的部门,Enhanced
897,《化妆品监督管理条例》,Enhanced
898,2021年1月1日,Enhanced
899,化妆品生产经营,Enhanced
900,化妆品检验,Enhanced
901,责令停产停业,Enhanced
902,吊销化妆品许可证件,Enhanced
903,吊销检验机构资质证书,Enhanced
904,其他有关部门,Enhanced
905,西安市统计局,Enhanced
906,全国经济普查条例,Enhanced
907,国务院令第415号公布,Enhanced
908,国务院令第702号修订,Enhanced
909,承办行政处罚,Enhanced
910,中华人民共和国广告法,Enhanced
911,"实施依据,行政处罚",Enhanced
912,《中华人民共和国广告法》（2021年修订）,Enhanced
913,广告审查机关,Enhanced
914,隐瞒真实情况或者提供虚假材料申请广告审查的,Enhanced
915,不予受理或者不予批准,Enhanced
916,予以警告,Enhanced
917,一年内不受理该申请人的广告审查申请,Enhanced
918,以欺骗、贿赂等不正当手段取得广告审查批准的,Enhanced
919,广告审查机关予以撤销,Enhanced
920,处十万元以上二十万元以下的罚款,Enhanced
921,三年内不受理该申请人的广告审查申请,Enhanced
922,未缴纳维修资金,Enhanced
923,不能交付房屋,Enhanced
924,用人单位,Enhanced
925,医疗卫生机构,Enhanced
926,职业病,Enhanced
927,疑似职业病,Enhanced
928,职业健康处,Enhanced
929,疾病,Enhanced
930,法律概念,Enhanced
931,对民办非企业单位年度检查,Enhanced
932,民办非企业单位登记管理暂行条例,Enhanced
933,国务院民政部门,Enhanced
934,本级人民政府的民办非企业单位登记管理机关,Enhanced
935,县级以上地方各级人民政府民政部门,Enhanced
936,登记管理机关,Enhanced
937,对民办非企业单位实施年度检查,Enhanced
938,民办非企业单位,Enhanced
939,工作报告,Enhanced
940,业务主管单位,Enhanced
941,年度检查,Enhanced
942,经登记管理机关核准登记的民办非企业单位,Enhanced
943,年检,Enhanced
944,当年的年检,Enhanced
945,生产,Enhanced
946,经营,Enhanced
947,第一类医疗器械,Enhanced
948,医疗器械,Enhanced
949,第二类医疗器械,Enhanced
950,对化妆品、化妆品新原料注册人未按照规定申请特殊化妆品、化妆品新原料变更注册的,Enhanced
951,化妆品、化妆品新原料备案人未按照规定更新普通化妆品、化妆品新原料备案信息的,Enhanced
952,化妆品、化妆品新原料注册人未按照本办法的规定重新注册的,Enhanced
953,化妆品、化妆品新原料备案人未按照本办法的规定重新备案的,Enhanced
954,化妆品新原料,Enhanced
955,对擅自占用道路设置非机动车停车场（站）的行政处罚,Enhanced
956,《西安市停车场管理办法》,Enhanced
957,各区、县城市管理部门,Enhanced
958,非机动车道路临时停放站点,Enhanced
959,受委托的各开发区管理委员会,Enhanced
960,城市管理部门,Enhanced
961,非机动车道路临时停放点,Enhanced
962,任何单位和个人,Enhanced
963,擅自占用道路设置非机动车停车场（站）,Enhanced
964,违反本办法第三十一条第二款规定的行为,Enhanced
965,处一千元以上二千元以下罚款,Enhanced
966,县级以上人民政府环境保护主管部门,Enhanced
967,拒绝、阻挠水污染防治监督检查的行为,Enhanced
968,其他依照本法规定行使监督管理权的部门,Enhanced
969,环境保护主管部门,Enhanced
970,《中华人民共和国水污染防治法》,Enhanced
971,铝镁等金属粉尘,Enhanced
972,粉尘爆炸危险,Enhanced
973,木质粉尘,Enhanced
974,干式除尘系统,Enhanced
975,锁气卸灰装置,Enhanced
976,安全设备的安装、使用、检测、改造和报废不符合国家标准或者行业标准的行为,Enhanced
977,粉尘,Enhanced
978,设备,Enhanced
979,《大型群众性活动安全管理条例》,Enhanced
980,安全责任人,Enhanced
981,由公安机关,Enhanced
982,5000元以上5万元以下罚款,Enhanced
983,安全责任人不立即启动应急救援预案或者不立即向公安机关报告,Enhanced
984,国务院令第505号,Enhanced
985,疾病预防控制处,Enhanced
986,县级以上卫生行政部门,Enhanced
987,执业活动,Enhanced
988,主要领导,Enhanced
989,行政处分,Enhanced
990,主管人员,Enhanced
991,直接责任人,Enhanced
992,司法机关,Enhanced
993,责任报告单位,Enhanced
994,传染病疫情,Enhanced
995,事件发生单位,Enhanced
996,他人不报告,Enhanced
997,《突发公共卫生事件与传染病疫情监测信息报告管理办法》,Enhanced
998,卫生部令第37号,Enhanced
999,名词,Enhanced
1000,瞒报,Enhanced
1001,缓报,Enhanced
1002,谎报,Enhanced
1003,其单位或上级主管机关给予行政处分,Enhanced
1004,宗教教育培训活动许可,Enhanced
1005,《宗教事务条例》,Enhanced
1006,2017年8月26日,Enhanced
1007,宗教团体,Enhanced
1008,宗教教职人员培养,Enhanced
1009,寺院,Enhanced
1010,宫观,Enhanced
1011,清真寺,Enhanced
1012,教堂,Enhanced
1013,设区的市级以上地方人民政府宗教事务部门,Enhanced
1014,所在地设区的市级人民政府宗教事务部门,Enhanced
1015,申请,Enhanced
1016,县级人民政府宗教事务部门,Enhanced
1017,批准或者不予批准,Enhanced
1018,作出批准决定的设区的市级人民政府宗教事务部门,Enhanced
1019,省级人民政府宗教事务部门备案,Enhanced
1020,西安市民族宗教事务局,Enhanced
1021,宗教教育培训活动,Enhanced
1022,国务院公布,Enhanced
1023,中小学学科类培训机构,Enhanced
1024,西安市教育局,Enhanced
1025,各类外语培训机构,Enhanced
1026,卫生行政主管部门,Enhanced
1027,执法人员,Enhanced
1028,环境保护行政主管部门,Enhanced
1029,医疗废物集中处置单位,Enhanced
1030,县级以上地方人民政府卫生行政主管部门,Enhanced
1031,县级以上地方人民政府环境保护行政主管部门,Enhanced
1032,违反治安管理行为,Enhanced
1033,行政处室,Enhanced
1034,原发证部门,Enhanced
1035,执业许可证件,Enhanced
1036,原发证的卫生行政主管部门,Enhanced
1037,医疗卫生机构的执业许可证件,Enhanced
1038,《使用有毒物品作业场所劳动保护条例》,Enhanced
1039,《国务院关于取消和调整一批罚款事项的决定》,Enhanced
1040,国发〔2023〕20号,Enhanced
1041,可能产生职业中毒危害的建设项目,Enhanced
1042,"职业卫生防护设施未与主体工程同时设计,同时施工,同时投入生产和使用",Enhanced
1043,"建设项目竣工,未进行职业中毒危害控制效果评价的",Enhanced
1044,卫生行政部门,Enhanced
1045,限期改正,Enhanced
1046,有关人民政府,Enhanced
1047,责令停建,Enhanced
1048,予以关闭,Enhanced
1049,负有责任的主管人员和其他直接责任人员,Enhanced
1050,国务院令第352号,Enhanced
1051,《医疗纠纷预防和处理条例》,Enhanced
1052,犯罪,Enhanced
1053,国务院令第701号公布,Enhanced
1054,对医疗机构篡改、伪造、隐匿、毁灭病历资料的处罚,Enhanced
1055,第六十四条,Enhanced
1056,"指使或者强令他人违反消防安全规定,冒险作业的",Enhanced
1057,过失引起火灾的,Enhanced
1058,"在火灾发生后阻拦报警,或者负有报告职责的人员不及时报警的",Enhanced
1059,"扰乱火灾现场秩序,或者拒不执行火灾现场指挥员指挥,影响灭火救援的",Enhanced
1060,故意破坏或者伪造火灾现场的,Enhanced
1061,擅自拆封或者使用被公安机关消防机构查封的场所、部位的,Enhanced
1062,擅自拆封、使用被公安机关消防机构查封场所、部位的处罚,Enhanced
1063,对饲养动物的单位和个人履行强制免疫义务情况,Enhanced
1064,《中华人民共和国动物防疫法》,Enhanced
1065,2021年1月,Enhanced
1066,交警支队,Enhanced
1067,道路交通事故认定,Enhanced
1068,《注册房地产估价师管理办法》,Enhanced
1069,未经注册,Enhanced
1070,以注册房地产估价师名义从事房地产估价活动,Enhanced
1071,县级以上地方人民政府建设(房地产)主管部门,Enhanced
1072,停止违法活动,Enhanced
1073,1万元以上3万元以下,Enhanced
1074,估价报告,Enhanced
1075,无效,Enhanced
1076,建设部令151号,Enhanced
1077,住建部令32号,Enhanced
1078,估价报告无效,Enhanced
1079,责令停止违法活动,Enhanced
1080,无效估价报告,Enhanced
1081,水路运输辅助业务经营者,Enhanced
1082,有关资料,Enhanced
1083,有关情况,Enhanced
1084,管理部门,Enhanced
1085,《国内水路运输辅助业管理规定》,Enhanced
1086,交通运输部令2014年第3号,Enhanced
1087,2000元以上1万元以下,Enhanced
1088,主体,Enhanced
1089,水路运输管理部门,Enhanced
1090,资料,Enhanced
1091,情况,Enhanced
1092,金额范围,Enhanced
1093,unknown,Enhanced
1094,燃气经营企业,Enhanced
1095,西安市发展和改革委员会,Enhanced
1096,管道企业,Enhanced
1097,石油天然气管道保护法,Enhanced
1098,二万元以上十万元以下,Enhanced
1099,管道,Enhanced
1100,管道标志,Enhanced
1101,不符合安全使用条件的管道,Enhanced
1102,管道竣工测量图,Enhanced
1103,管道事故应急预案,Enhanced
1104,消除或者减轻事故危害,Enhanced
1105,停止运行、封存、报废的管道,Enhanced
1106,建设工程质量管理法,Enhanced
1107,消防法,Enhanced
1108,他人合法权益造成损害,Enhanced
1109,县级以上地方人民政府,Enhanced
1110,管道保护工作,Enhanced
1111,未巡护,Enhanced
1112,未检测,Enhanced
1113,未维修,Enhanced
1114,电梯制造单位,Enhanced
1115,对电梯进行校验、调试,Enhanced
1116,特种设备安全监督管理部门报告,Enhanced
1117,电梯安装、改造、维修活动,Enhanced
1118,其他单位进行电梯安装、改造、维修活动,Enhanced
1119,电梯的安全运行情况进行跟踪调查和了解,Enhanced
1120,电梯进行校验和调试,Enhanced
1121,校验和调试的结果负责,Enhanced
1122,电梯,Enhanced
1123,统计违法行为和核查统计数据的行政检查,Enhanced
1124,国民经济核算处,Enhanced
1125,工业统计处,Enhanced
1126,能源与环境统计处,Enhanced
1127,固定资产投资统计处,Enhanced
1128,贸易外经统计处,Enhanced
1129,人口与就业统计处,Enhanced
1130,服务业与社会科技统计处,Enhanced
1131,农村社会经济统计处,Enhanced
1132,普查中心,Enhanced
1133,调查中心,Enhanced
1134,民办学校重大事项变更的备案,Enhanced
1135,发展规划处（行政审批处）,Enhanced
1136,中华人民共和国国务院令第399号,Enhanced
1137,中华人民共和国民办教育促进法实施条例,Enhanced
1138,中华人民共和国国务院令第741号,Enhanced
1139,民办学校,Enhanced
1140,审批机关,Enhanced
1141,民办学校增设校区,Enhanced
1142,分校所在地审批机关,Enhanced
1143,分校设立,Enhanced
1144,原审批机关,Enhanced
1145,教育机构,Enhanced
1146,发展规划处,Enhanced
1147,分校,Enhanced
1148,中等职业学校学生申诉,Enhanced
1149,高教职教与成人教育处,Enhanced
1150,《中华人民共和国教育法》,Enhanced
1151,《陕西省中等职业学校学生学籍管理实施细则》,Enhanced
1152,学生,Enhanced
1153,学校,Enhanced
1154,教育主管部门,Enhanced
1155,申诉复查决定,Enhanced
1156,申诉申请,Enhanced
1157,处理并答复,Enhanced
1158,教育行政机构,Enhanced
1159,教育行政处,Enhanced
1160,中华人民共和国教育法,Enhanced
1161,陕西省中等职业学校学生学籍管理实施细则,Enhanced
1162,地方性法规,Enhanced
1163,教育服务,Enhanced
1164,学生申诉,Enhanced
1165,实体,Enhanced
1166,法律依据,Enhanced
1167,尾矿库重大事故隐患,Enhanced
1168,尾矿库坝体,Enhanced
1169,生产经营单位未采取措施消除事故隐患,Enhanced
1170,对学校食堂（或者供餐单位）未按规定建立食品安全管理制度,Enhanced
1171,未按规定制定、实施餐饮服务经营过程控制要求,Enhanced
1172,未查验或者留存食用农产品生产者、集中交易市场开办者或者经营者的社会信用代码或者身份证复印件或者购货凭证、合格证明文件,Enhanced
1173,描述,Enhanced
1174,分包单位,Enhanced
1175,施工总承包单位,Enhanced
1176,人力资源社会保障行政部门,Enhanced
1177,相关行业工程建设主管部门,Enhanced
1178,西安市人力资源和社会保障局,Enhanced
1179,《保障农民工工资支付条例》,Enhanced
1180,国务院令第724号,Enhanced
1181,劳动保障监察执法处,Enhanced
1182,规定招生或弄虚作假,Enhanced
1183,处罚事项,Enhanced
1184,删改,Enhanced
1185,未按规定留存娱乐场所监控录像资料进行行政处罚,Enhanced
1186,《娱乐场所管理条例》,Enhanced
1187,条例,Enhanced
1188,县级公安部门,Enhanced
1189,给予警告,Enhanced
1190,责令停业整顿1个月至3个月,Enhanced
1191,娱乐场所管理条例,Enhanced
1192,五日以下拘留,Enhanced
1193,娱乐场所,Enhanced
1194,计算机信息系统,Enhanced
1195,第六十一条,Enhanced
1196,场所,Enhanced
1197,建筑物内,Enhanced
1198,"居住场所,未保持,安全距离",Enhanced
1199,责令,Enhanced
1200,生产、储存、经营易燃易爆危险品的场所,Enhanced
1201,五千元以上五万元以下,Enhanced
1202,"居住场所,设置在,同一建筑物内",Enhanced
1203,易燃易爆危险品,Enhanced
1204,其他物品,Enhanced
1205,易燃易爆危险品场所,Enhanced
1206,危险场所,Enhanced
1207,五千元以上五万元以下罚款,Enhanced
1208,生产场所,Enhanced
1209,生产、储存、经营其他物品的场所,Enhanced
1210,储存场所,Enhanced
1211,处罚措施之一,Enhanced
1212,对违反食品安全相关规定行为的处罚,Enhanced
1213,食品药品犯罪侦查支队,Enhanced
1214,测绘作业证办理,Enhanced
1215,测绘作业证管理规定,Enhanced
1216,《测绘作业证管理规定》,Enhanced
1217,国家测绘局,Enhanced
1218,统一管理工作,Enhanced
1219,省、自治区、直辖市人民政府测绘行政主管部门,Enhanced
1220,受理、审核、发放、注册核准等工作,Enhanced
1221,中华人民共和国测绘法,Enhanced
1222,陕西省测绘地理信息局,Enhanced
1223,乙、丙、丁级测绘资质单位测绘作业证核发工作,Enhanced
1224,乙、丙、丁级测绘资质单位,Enhanced
1225,作业证,Enhanced
1226,省局,Enhanced
1227,2015年9月1日起,Enhanced
1228,本行政区域内测绘作业证的审核、发放和监督管理工作,Enhanced
1229,市（地）级人民政府测绘行政主管部门,Enhanced
1230,各市级测管部门,Enhanced
1231,乙、丙、丁级测绘资质单位的测绘作业证核发工作,Enhanced
1232,粮食执法督查处,Enhanced
1233,粮食和储备行政管理部门,Enhanced
1234,《粮食流通管理条例》,Enhanced
1235,中华人民共和国国务院令第740号,Enhanced
1236,中华人民共和国国务院,Enhanced
1237,未经设立登记从事一般经营活动的行为,Enhanced
1238,《中华人民共和国市场主体登记管理条例实施细则》,Enhanced
1239,国家市场监督管理总局,Enhanced
1240,1万元以上10万元以下,Enhanced
1241,拒不改正,Enhanced
1242,责令关闭停业,Enhanced
1243,2022年3月1日,Enhanced
1244,燃气燃烧器具安装维修许可,Enhanced
1245,关系,Enhanced
1246,不符合强制性国家标准、技术规范或者有证据证明可能危害人体健康的化妆品及其原料,Enhanced
1247,直接解除化妆品的包装材料,Enhanced
1248,有证据证明用于违法生产经营的工具、设备,Enhanced
1249,查封、扣押不符合强制性国家标准、技术规范或者有证据证明可能危害人体健康的化妆品及其原料,Enhanced
1250,查封、扣押直接解除化妆品的包装材料,Enhanced
1251,查封、扣押有证据证明用于违法生产经营的工具、设备,Enhanced
1252,查封违法从事生产经营活动的场所,Enhanced
1253,对不符合强制性国家标准、技术规范或者有证据证明可能危害人体健康的化妆品及其原料、直接解除化妆品的包装材料，以及有证据证明用于违法生产经营的工具、设备的查封、扣押。,Enhanced
1254,行使主体,Enhanced
1255,社会团体成立变更注销登记及修改章程核准,Enhanced
1256,社会团体,Enhanced
1257,《中华人民共和国石油天然气管道保护法》,Enhanced
1258,管道停止运行、封存、报废,Enhanced
1259,县级以上地方人民政府主管管道保护工作的部门,Enhanced
1260,石油天然气管道停止运行、封存、报废备案,Enhanced
1261,备案,Enhanced
1262,对外商投资旅行社,Enhanced
1263,中国内地居民出国旅游业务,Enhanced
1264,赴香港特别行政区旅游业务,Enhanced
1265,赴澳门特别行政区旅游业务,Enhanced
1266,赴台湾地区旅游业务,Enhanced
1267,出境旅游业务,Enhanced
1268,违法所得1倍以上5倍以下,Enhanced
1269,旅行社业务经营许可证,Enhanced
1270,市级,Enhanced
1271,第五十一条,Enhanced
1272,对外商投资旅行社经营特定业务并组织旅游到非指定目的地的行为的行政惩罚,Enhanced
1273,文化和旅游部,Enhanced
1274,中国公民出境旅游目的地,Enhanced
1275,企业事业单位,Enhanced
1276,县级以上环境保护主管部门,Enhanced
1277,《突发环境事件应急管理办法》,Enhanced
1278,一万元以上三万元以下罚款,Enhanced
1279,对未按规定开展突发环境事件风险评估工作，确定风险等级的行政处罚,Enhanced
1280,伪造、涂改、倒卖、出租、出借、转让婴幼儿配方乳粉产品配方注册证书行为,Enhanced
1281,县级以上市场监督管理部门,Enhanced
1282,造成危害后果,Enhanced
1283,涉嫌犯罪,Enhanced
1284,依法移送公安机关,Enhanced
1285,埋压、圈占、遮挡消火栓,Enhanced
1286,消防设施、器材或者消防安全标志的配置、设置不符合国家标准、行业标准，或者未保持完好有效,Enhanced
1287,损坏、挪用或者擅自拆除、停用消防设施、器材的,Enhanced
1288,占用、堵塞、封闭疏散通道、安全出口或者有其他妨碍安全疏散行为的,Enhanced
1289,埋压、圈占、遮挡消火栓或者占用防火间距的,Enhanced
1290,占用、堵塞、封闭消防车通道，妨碍消防车通行的,Enhanced
1291,人员密集场所在门窗上设置影响逃生和灭火救援的障碍物的,Enhanced
1292,对火灾隐患经公安机关消防机构通知后不及时采取措施消除的,Enhanced
1293,个人,Enhanced
1294,前款第二项、第三项、第四项、第五项行为之一,Enhanced
1295,前款第二项、第三项、第四项、第五项行为,Enhanced
1296,责令改正拒不改正,Enhanced
1297,强制执行,Enhanced
1298,违法行为人,Enhanced
1299,费用,Enhanced
1300,埋压,Enhanced
1301,圈占,Enhanced
1302,遮挡,Enhanced
1303,消火栓,Enhanced
1304,消防设施,Enhanced
1305,火灾隐患,Enhanced
1306,公安机关消防机构,Enhanced
1307,西安市公安局出入境管理处,Enhanced
1308,中华人民共和国出境入境管理法,Enhanced
1309,一万元以上五万元以下罚款,Enhanced
1310,外国人,Enhanced
1311,五千元以上一万元以下罚款,Enhanced
1312,所邀请外国人的出境费用,Enhanced
1313,承担,Enhanced
1314,区（县）级,Enhanced
1315,《中华人民共和国网络安全法》,Enhanced
1316,中共中央办公厅,Enhanced
1317,网络安全信息汇集,Enhanced
1318,网络安全信息通报,Enhanced
1319,网络安全信息研判,Enhanced
1320,网络安全检查,Enhanced
1321,未向施工单位、监理单位提供施工图设计文件,Enhanced
1322,未在施工现场公示使用的节能技术、产品信息和节能措施,Enhanced
1323,未委托具有相应资质的建筑节能检测机构对进入施工现场的节能材料进行检测,Enhanced
1324,用能单位,Enhanced
1325,能源计量器具,Enhanced
1326,1万至5万元,Enhanced
1327,西安市民族宗教事务委员会,Enhanced
1328,民族一处,Enhanced
1329,宗教一处,Enhanced
1330,宗教二处,Enhanced
1331,国务院令第426号公布,Enhanced
1332,"2017年8月26日由,国务院令第686号修订",Enhanced
1333,宗教事务部门,Enhanced
1334,工商,Enhanced
1335,规划,Enhanced
1336,建设,Enhanced
1337,投资、承包经营宗教活动场所或者大型露天宗教造像,Enhanced
1338,由登记管理机关吊销该宗教活动场所的登记证书,Enhanced
1339,依法追究相关人员的责任,Enhanced
1340,情节严重的投资、承包经营宗教活动场所或者大型露天宗教造像,Enhanced
1341,投资、承包经营宗教活动场所或者大型露天宗教造像的处罚,Enhanced
1342,服务,Enhanced
1343,西安市商务局,Enhanced
1344,《旧电器电子产品流通管理办法》,Enhanced
1345,商务部,Enhanced
1346,市场体系建设处,Enhanced
1347,待售的旧电器电子产品,Enhanced
1348,旧货,Enhanced
1349,本办法第九条、第十一条、第十二条、第十三条、第十八条,Enhanced
1350,县级以上地方商务主管部门,Enhanced
1351,二千元以上一万元以下罚款,Enhanced
1352,依法追究刑事责任,Enhanced
1353,商务部令2013年第1号,Enhanced
1354,法规编号,Enhanced
1355,商品,Enhanced
1356,《旧电器电子产品流通管理办法》第九条、第十一条、第十二条、第十三条、第十八条,Enhanced
1357,罚款金额,Enhanced
1358,处罚措施,Enhanced
1359,家电维修企业的监督检查,Enhanced
1360,商贸服务业处,Enhanced
1361,家电维修服务业的行业管理工作,Enhanced
1362,各级商务主管部门,Enhanced
1363,本行政区域内的家电维修服务业的指导,Enhanced
1364,本行政区域内的家电维修服务业的协调,Enhanced
1365,本行政区域内的家电维修服务业的监督管理,Enhanced
1366,西安市商务局的一部分,Enhanced
1367,拒绝或者妨碍普查办公室、普查人员依法进行调查的,Enhanced
1368,提供虚假或者不完整的农业普查资料的,Enhanced
1369,未按时提供与农业普查有关的资料，经催报后仍未提供的,Enhanced
1370,拒绝、推诿和阻挠依法进行的农业普查执法检查的,Enhanced
1371,在接受农业普查执法检查时，转移、隐匿、篡改、毁弃原始记录、统计台账、普查表、会计资料及其他相关资料的,Enhanced
1372,《全国农业普查条例》,Enhanced
1373,农业生产经营单位,Enhanced
1374,处5万元以下罚款,Enhanced
1375,农业生产经营户,Enhanced
1376,处1万元以下罚款,Enhanced
1377,地质灾害治理责任认定,Enhanced
1378,《地质灾害防治条例》,Enhanced
1379,《陕西省地质灾害防治条例》,Enhanced
1380,责任单位,Enhanced
1381,地质灾害发生地的县级以上人民政府自然资源主管部门负责组织专家对地质灾害的成因进行分析论证后认定,Enhanced
1382,可以依法申请行政复议或者提起行政诉讼,Enhanced
1383,地质灾害成因与责任认定办法,Enhanced
1384,省人民政府另行制定,Enhanced
1385,省人民政府,Enhanced
1386,本法,Enhanced
1387,个人有前款第二项、第三项、第四项、第五项行为之一的,Enhanced
1388,处警告或者五百元以下罚款,Enhanced
1389,所需费用由违法行为人承担,Enhanced
1390,中华人民共和国消防法,Enhanced
1391,两个以上生产经营单位,Enhanced
1392,可能危及对方安全生产的生产经营活动,Enhanced
1393,处五万元以下的罚款,Enhanced
1394,对其直接负责的主管人员和其他直接责任人员处一万元以下的罚款,Enhanced
1395,由应急管理部门和其他负有安全生产监督管理职责的部门按照职责分工决定,Enhanced
1396,"根据本法第九十五条、第一百一十条、第一百一十四条的规定应当给予民航、铁路、电力行业的生产经营单位及其主要负责人行政惩罚的,也可以由主管的负有安全生产监督管理职责的部门进行处罚",Enhanced
1397,"予以关闭的行政惩罚,由负有安全生产监督管理职责的部门报请县级以上人民政府按照国务院规定的权限决定",Enhanced
1398,"给予拘留的行政惩罚,由公安机关依照治安管理处罚的规定决定",Enhanced
1399,《中华人民共和国安全生产法》第一百零四条,Enhanced
1400,《中华人民共和国安全生产法》第一百一十五条,Enhanced
1401,有治理能力的单位,Enhanced
1402,十日以上十五日以下,Enhanced
1403,五日以上十日以下,Enhanced
1404,水污染事故,Enhanced
1405,直接损失的百分之二十,Enhanced
1406,直接损失的百分之三十,Enhanced
1407,上一年度从本单位取得的收入百分之五十以下（含）,Enhanced
1408,广告牌匾管理处,Enhanced
1409,未按要求设置门头牌匾,Enhanced
1410,《陕西省城市公共空间管理条例》第三十七条第三款,Enhanced
1411,城市公共空间主管部门,Enhanced
1412,《陕西省城市公共空间管理条例》第四十九条,Enhanced
1413,一千元以上五千元以下,Enhanced
1414,对未按要求设置门头牌匾的行政处罚,Enhanced
1415,由城市公共空间主管部门责令限期改正，逾期未改正的，处一千元以上五千元以下罚款,Enhanced
1416,《西安市建筑垃圾管理条例》,Enhanced
1417,《定量包装商品计量监督管理办法》,Enhanced
1418,国家市场监督管理总局令,Enhanced
1419,本办法第八条,Enhanced
1420,本办法第九条,Enhanced
1421,县级以上地方市场监督管理部门,Enhanced
1422,三万元,Enhanced
1423,批量定量包装商品的平均实际含量,Enhanced
1424,其标注净含量,Enhanced
1425,用抽样的方法评定一个检验批的定量包装商品,Enhanced
1426,定量包装商品净含量计量检验规则等系列计量技术规范,Enhanced
1427,单件定量包装商品的实际含量,Enhanced
1428,"其标注净含量之差,不得大于,本办法附件3规定的允许短缺量",Enhanced
1429,监管市政府工作事项,Enhanced
1430,某街道办事处,Enhanced
1431,《性病防治管理办法》,Enhanced
1432,卫生部,Enhanced
1433,2012年6月,Enhanced
1434,对医疗机构提供性病诊疗服务时违反诊疗规范的处罚,Enhanced
1435,性病,Enhanced
1436,性病诊疗服务,Enhanced
1437,其他单位或者个人,Enhanced
1438,牲畜,Enhanced
1439,注水,Enhanced
1440,注入其他物质,Enhanced
1441,屠宰厂,Enhanced
1442,动物,Enhanced
1443,执法支队,Enhanced
1444,国务院关于加强食品等产品安全监督管理的特别规定,Enhanced
1445,吊销许可证照,Enhanced
1446,行政惩罚,Enhanced
1447,《化工和危险化学品生产经营单位重大生产安全事故隐患判定标准（试行）》,Enhanced
1448,"特种作业人员未按照规定经专门的安全作业培训并取得相应资格,上岗作业的",Enhanced
1449,特种作业人员未持证上岗的行为,Enhanced
1450,特种作业人员未持证上岗,Enhanced
1451,违法出售、收购国家和省重点保护野生植物,Enhanced
1452,《中华人民共和国野生植物保护条例》,Enhanced
1453,《陕西省野生植物保护条例》,Enhanced
1454,对违法出售、收购国家和省重点保护野生植物的行政处罚,Enhanced
1455,西安市野生动植物保护管理站,Enhanced
1456,野生植物和违法所得,Enhanced
1457,野生植物行政主管部门,Enhanced
1458,违法所得10倍以下的罚款,Enhanced
1459,非法出售、收购的野生植物和违法所得,Enhanced
1460,违法所得五倍以上十倍以下罚款,Enhanced
1461,行政主管部门,Enhanced
1462,国务院令第204号公布 2017年10月国务院令第687号修正,Enhanced
1463,2010年7月29日陕西省第十一届人民代表大会常务委员会第十六次会议通过 2018年5月陕西省人民代表大会常务委员会公告〔13届〕第3号修正,Enhanced
1464,未取得道路运输经营许可,Enhanced
1465,未取得道路危险货物运输许可,Enhanced
1466,使用失效、伪造、变造、被注销等无效道路危险货物运输许可证件,Enhanced
1467,非经营性道路危险货物运输单位从事道路危险货物运输经营,Enhanced
1468,建设单位,Enhanced
1469,竣工总平面图,Enhanced
1470,物业服务企业,Enhanced
1471,单体建筑、结构、设备竣工图,Enhanced
1472,配套设施、地下管网工程竣工图,Enhanced
1473,竣工验收资料,Enhanced
1474,设施设备的安装、使用和维护保养等技术资料,Enhanced
1475,物业质量保修文件,Enhanced
1476,物业使用说明文件,Enhanced
1477,物业管理所必需的其他资料,Enhanced
1478,建筑物及其附属设施质量保修文件,Enhanced
1479,使用说明文件,Enhanced
1480,物业服务区域划分的相关文件,Enhanced
1481,文件,Enhanced
1482,医疗器械使用单位,Enhanced
1483,医疗器械产品说明书和标签标示要求,Enhanced
1484,贮存医疗器械,Enhanced
1485,转让或者捐赠过期、失效、淘汰、检验不合格的在用医疗器械,Enhanced
1486,公共服务,Enhanced
1487,医疗设备,Enhanced
1488,行政管理,Enhanced
1489,文档,Enhanced
1490,服务类别,Enhanced
1491,监测单位,Enhanced
1492,《危险性较大的分部分项工程安全管理规定》,Enhanced
1493,质安站,Enhanced
1494,2018年住建部令第37号,Enhanced
1495,法规版本,Enhanced
1496,2019年住建部令第47号,Enhanced
1497,相应资质,Enhanced
1498,监测方案,Enhanced
1499,监测方案开展监测,Enhanced
1500,未及时报告,Enhanced
1501,罚款1万元以上3万元以下,Enhanced
1502,罚款1000元以上5000元以下,Enhanced
1503,植树造林处,Enhanced
1504,《陕西省古树名木保护条例》,Enhanced
1505,移植古树名木,Enhanced
1506,《陕西省古树名木保护条例》第十六条,Enhanced
1507,特级、一级保护古树和名木移植,Enhanced
1508,设区的市古树名木行政主管部门,Enhanced
1509,二级保护古树移植请求,Enhanced
1510,省古树名木行政主管部门,Enhanced
1511,二级保护古树移植,Enhanced
1512,三级保护古树移植请求,Enhanced
1513,本级人民政府,Enhanced
1514,三级保护古树移植,Enhanced
1515,特级、一级保护古树和名木移植请求,Enhanced
1516,移植古树名木检查,Enhanced
1517,销售授权品种,Enhanced
1518,其注册登记的名称,Enhanced
1519,县级以上人民政府农业、林业行政部门,Enhanced
1520,各自的职权责令限期改正,Enhanced
1521,《中华人民共和国植物新品种保护条例》,Enhanced
1522,1997年3月国务院令第213号，2014年7月国务院令第653号,Enhanced
1523,采矿权人,Enhanced
1524,伪报矿种,Enhanced
1525,产量,Enhanced
1526,销售数量,Enhanced
1527,销售价格,Enhanced
1528,实际开采回采率,Enhanced
1529,矿产资源补偿费,Enhanced
1530,征收机关,Enhanced
1531,应当缴纳的矿产资源补偿费,Enhanced
1532,应当缴纳的矿产资源补偿费5倍以下,Enhanced
1533,采矿许可证颁发机关,Enhanced
1534,采矿许可证,Enhanced
1535,《矿产资源补偿费征收管理规定》,Enhanced
1536,国务院令第150号,Enhanced
1537,国务院令第222号,Enhanced
1538,管理机构,Enhanced
1539,全国慈善工作,Enhanced
1540,本行政区域内的慈善工作,Enhanced
1541,县级以上人民政府有关部门,Enhanced
1542,慈善活动的监督、管理和服务,Enhanced
1543,中华人民共和国慈善法,Enhanced
1544,2016年,Enhanced
1545,税务机关,Enhanced
1546,依法查处,Enhanced
1547,县级以上人民政府民政部门,Enhanced
1548,吊销登记证书并予以公告,Enhanced
1549,有业务主管单位的慈善组织,Enhanced
1550,县级以上人民政府广播电视行政部门,Enhanced
1551,违反本细则,Enhanced
1552,《卫星电视广播地面接收设施管理规定》实施细则,Enhanced
1553,第八条,Enhanced
1554,未持有《许可证》的单位和不符合第六条规定的个人设置、使用卫星地面接收设施接收卫星传送的电视节目,Enhanced
1555,未持有《许可证》的单位和不符合第六条规定的个人,Enhanced
1556,违反细则,Enhanced
1557,自然发火危险的金属非金属地下矿山,Enhanced
1558,未安装井下环境瞧瞧系统,Enhanced
1559,未安装井下环境监控系统,Enhanced
1560,市体育局,Enhanced
1561,体育赛事活动,Enhanced
1562,《中华人民共和国体育法》,Enhanced
1563,县级以上人民政府体育行政部门,Enhanced
1564,监管,Enhanced
1565,现场检查,Enhanced
1566,复制有关合同,Enhanced
1567,复制票据,Enhanced
1568,复制账簿,Enhanced
1569,赛事活动组织方案,Enhanced
1570,安全应急预案,Enhanced
1571,县级以上人民政府公安部门,Enhanced
1572,监督管理,Enhanced
1573,县级以上人民政府市场监管部门,Enhanced
1574,县级以上人民政府应急管理等部门,Enhanced
1575,体育赛事活动组织者,Enhanced
1576,安全保障义务,Enhanced
1577,安全条件,Enhanced
1578,风险防范及应急处置预案,Enhanced
1579,不具备办赛条件,Enhanced
1580,县级以上人民政府公安、市场监管、应急管理等部门,Enhanced
1581,组织者,Enhanced
1582,县级以上人民政府,Enhanced
1583,监管体育赛事活动,Enhanced
1584,现场检查体育赛事活动,Enhanced
1585,监督管理体育赛事活动,Enhanced
1586,安全保障义务以保障体育赛事活动的安全,Enhanced
1587,安全条件以保障体育赛事活动的安全,Enhanced
1588,风险防范及应急处置预案以保障体育赛事活动的安全,Enhanced
1589,《中华人民共和国防洪法》,Enhanced
1590,违反本法第二十七条规定,Enhanced
1591,行政措施,Enhanced
1592,责令限期拆除,Enhanced
1593,强行拆除,Enhanced
1594,影响行洪但尚可采取补救措施,Enhanced
1595,违法行为后果,Enhanced
1596,供水管理处,Enhanced
1597,实验室,Enhanced
1598,生物安全实验室,Enhanced
1599,国务院卫生主管部门,Enhanced
1600,兽医主管部门,Enhanced
1601,政府机构部门,Enhanced
1602,对实验室的处罚,Enhanced
1603,生物危险标识,Enhanced
1604,生物安全实验室级别标志,Enhanced
1605,升放无人驾驶自由气球、系留气球单位资质认定,Enhanced
1606,《国务院对确需保留的行政审批项目设定行政许可的决定》,Enhanced
1607,实施机关,Enhanced
1608,省、自治区直辖市及地（市）气象主管机构,Enhanced
1609,地市级气象部门,Enhanced
1610,《陕西省人民政府关于第五批取消和调整行政审批项目的决定》,Enhanced
1611,该项目,Enhanced
1612,省、自治区、直辖市及地（市）气象主管机构,Enhanced
1613,陕西省人民政府,Enhanced
1614,第五批取消和调整行政审批项目,Enhanced
1615,已废止的某某规定,Enhanced
1616,相关文件,Enhanced
1617,水利领域招标代理机构,Enhanced
1618,招标人,Enhanced
1619,投标人,Enhanced
1620,国家利益,Enhanced
1621,社会公共利益,Enhanced
1622,他人合法权益,Enhanced
1623,审批部门,Enhanced
1624,信用记录,Enhanced
1625,相关信息,Enhanced
1626,国家有关信用信息系统,Enhanced
1627,排污许可技术机构,Enhanced
1628,禁止从事排污许可技术服务,Enhanced
1629,全国排污许可证管理信息平台,Enhanced
1630,排污许可技术服务,Enhanced
1631,不符合强制性标准或者不符合经注册或者备案的产品技术要求的医疗器械,Enhanced
1632,无合格证明文件、过期、失效、淘汰的医疗器械,Enhanced
1633,未依法注册的医疗器械,Enhanced
1634,园林绿化管理处,Enhanced
1635,古树名木保护行政主管部门,Enhanced
1636,造成树木死亡的行为,Enhanced
1637,西安市古树名木保护条例,Enhanced
1638,第二十二条,Enhanced
1639,是,Enhanced
1640,临时建设工程规划许可,Enhanced
1641,建设工程规划许可,Enhanced
1642,《中华人民共和国城乡规划法》（2019年修订）,Enhanced
1643,车辆所有人,Enhanced
1644,拼装或达到报废标准的机动车,Enhanced
1645,机动车,Enhanced
1646,驾驶人,Enhanced
1647,2000元以上5000元以下,Enhanced
1648,机动车驾驶证,Enhanced
1649,8万元以上10万元以下,Enhanced
1650,国务院617号令,Enhanced
1651,《校车安全管理条例》,Enhanced
1652,交警支队、大队,Enhanced
1653,《校车安全管理条例》第四十四条,Enhanced
1654,工程处,Enhanced
1655,第六十二条,Enhanced
1656,未依照本条例规定公布化妆品功效宣称依据的摘要,Enhanced
1657,未依照本条例规定建立并执行进货查验记录制度、产品销售记录制度,Enhanced
1658,未依照本条例规定对化妆品生产质量管理规范的执行情况进行自查,Enhanced
1659,未依照本条例规定贮存、运输化妆品,Enhanced
1660,未依照本条例规定监测、报告化妆品不良反应，或者对化妆品不良反应监测机构、负责药品监督管理的部门开展的化妆品不良反应调查不予配合,Enhanced
1661,使用伪造的财政票据监制章,Enhanced
1662,转让,Enhanced
1663,财政票据,Enhanced
1664,出借,Enhanced
1665,伪造的财政票据监制章,Enhanced
1666,买卖,Enhanced
1667,擅自销毁,Enhanced
1668,提供虚假信息,Enhanced
1669,骗取和冒领财政票据,Enhanced
1670,未按规定使用,Enhanced
1671,财政票据监制章,Enhanced
1672,在境外印制,Enhanced
1673,其他违反,Enhanced
1674,财政票据管理规定的行为,Enhanced
1675,违反财政票据管理规定的行为,Enhanced
1676,中华人民共和国道路交通安全法,Enhanced
1677,公安机关交通管理部门负责机动车驾驶证的核发与审验,Enhanced
1678,交警支队车辆管理处,Enhanced
1679,传染病防治工作监督检查,Enhanced
1680,中华人民共和国传染病防治法,Enhanced
1681,传染病菌种、毒种和传染病检测样本的采集、保藏、携带、运输、使用,Enhanced
1682,公共场所和有关单位的卫生条件和传染病预防、控制措施,Enhanced
1683,地质勘查管理处,Enhanced
1684,中华人民共和国矿产资源法,Enhanced
1685,探矿权,Enhanced
1686,探矿权人,Enhanced
1687,采矿权,Enhanced
1688,已取得采矿权的矿山企业,Enhanced
1689,勘查许可证,Enhanced
1690,第八十六条,Enhanced
1691,畜禽养殖场,Enhanced
1692,养殖档案,Enhanced
1693,保存养殖档案,Enhanced
1694,一万元以下罚款,Enhanced
1695,未建立养殖档案,Enhanced
1696,未按照规定保存养殖档案,Enhanced
1697,未经注册在村医疗卫生机构从事医疗活动,Enhanced
1698,违法所得以及药品、医疗器械,Enhanced
1699,5000元,Enhanced
1700,违法所得1倍以上3倍以下的罚款,Enhanced
1701,1000元以上3000元以下的罚款,Enhanced
1702,民事赔偿责任,Enhanced
1703,基层卫生处,Enhanced
1704,乡村医生从业管理条例,Enhanced
1705,国务院令第386号,Enhanced
1706,物品,Enhanced
1707,金额,Enhanced
1708,法律责任,Enhanced
1709,地质灾害危险性评估单位,Enhanced
1710,1倍以上2倍以下,Enhanced
1711,地质灾害治理工程勘查单位,Enhanced
1712,地质灾害治理或者监理单位,Enhanced
1713,地质灾害治理工程施工单位,Enhanced
1714,2%以上4%以下,Enhanced
1715,有违法所得,Enhanced
1716,降低资质等级,Enhanced
1717,吊销,Enhanced
1718,地质灾害防治条例,Enhanced
1719,国务院令第394号,Enhanced
1720,地质灾害治理工程设计单位,Enhanced
1721,地质灾害治理工程监理单位,Enhanced
1722,县级以上人民政府国土资源主管部门,Enhanced
1723,未办理变更注册仍执业的行为,Enhanced
1724,建设工程消防验收,Enhanced
1725,国务院公安部门,Enhanced
1726,大型的人员密集场所和其他特殊建设工程,Enhanced
1727,审核结果,Enhanced
1728,消防验收,Enhanced
1729,抽查,Enhanced
1730,公安机关消防机构申请消防验收,Enhanced
1731,验收后备案,Enhanced
1732,《中华人民共和国招标投标法实施条例》,Enhanced
1733,中华人民共和国国务院令第613号,Enhanced
1734,中华人民共和国国务院令第709号,Enhanced
1735,评标委员会成员,Enhanced
1736,有关行政监督部门确定或更换,Enhanced
1737,有关行政监督部门,Enhanced
1738,单位直接负责的主管人员,Enhanced
1739,违法确定或者更换的评标委员会成员,Enhanced
1740,重新进行评审,Enhanced
1741,国家工作人员,Enhanced
1742,选取评标委员会成员,Enhanced
1743,中华人民共和国招标投标法实施条例,Enhanced
1744,政府官员,Enhanced
1745,《娱乐场所管理条例》第五十二条,Enhanced
1746,未成年人,Enhanced
1747,劳动保障行政部门,Enhanced
1748,《未成年人保护法》第六十一条第二款,Enhanced
1749,"""对认证委托人提供的样品与实际生产的产品不一致的""",Enhanced
1750,"""未按照规定向认证机构申请认证证书变更，擅自出厂、销售、进口或者在其他经营活动中使用列入目录产品的""",Enhanced
1751,"""未按照规定向认证机构申请认证证书扩展，擅自出厂、销售、进口或者在其他经营活动中使用列入目录产品的""",Enhanced
1752,"""行政处罚""",Enhanced
1753,"""西安市市场监督管理局""",Enhanced
1754,"""综合执法支队""",Enhanced
1755,认证委托人,Enhanced
1756,个人或组织,Enhanced
1757,产品样本,Enhanced
1758,实际生产的产品,Enhanced
1759,认证机构,Enhanced
1760,认证组织,Enhanced
1761,对承储政府粮食储备的企业或者其他组织拒不执行或者违反政府粮食储备的收购、销售、轮换、动用等规定,Enhanced
1762,未对政府粮食储备的收购、销售、轮换、动用等进行全过程记录,Enhanced
1763,未按照规定保障政府粮食储备数量、质量安全的处罚,Enhanced
1764,承储政府粮食储备的企业或者其他组织,Enhanced
1765,政府粮食储备,Enhanced
1766,类型,Enhanced
1767,对单位和其他生产经营者违反固体废物管理其他要求，污染环境、破坏生态的行政处罚,Enhanced
1768,《中华人民共和国固体废物污染环境防治法》,Enhanced
1769,2020年,Enhanced
1770,餐饮业和单位,Enhanced
1771,市容环境卫生行政主管部门的规定,Enhanced
1772,二十元以上二百元以下罚款,Enhanced
1773,二百元以上二千元以下罚款,Enhanced
1774,泔水,Enhanced
1775,下水道,Enhanced
1776,公共厕所,Enhanced
1777,垃圾收集设施,Enhanced
1778,违反规定,Enhanced
1779,陕西省城市市容环境卫生条例,Enhanced
1780,法律条例,Enhanced
1781,组织或个体,Enhanced
1782,个体,Enhanced
1783,物质,Enhanced
1784,市容环境卫生行政主管部门,Enhanced
1785,未经批准擅自进行滚动勘探开发、边探边采或者试采的,Enhanced
1786,更改机动车发动机号码、车架号码的处罚,Enhanced
1787,《机动车修理业、报废机动车回收业治安管理办法》（公安部令第38号）,Enhanced
1788,更改发动机号码、车架号码的处罚,Enhanced
1789,机动车修理企业和个体工商户,Enhanced
1790,机动车修理企业和报废机动车回收企业直接负责的主管人员和其他直接责任人员,Enhanced
1791,机动车驾驶人,Enhanced
1792,校车,Enhanced
1793,200元罚款,Enhanced
1794,617号令,Enhanced
1795,本条例规定,Enhanced
1796,工商行政管理机关,Enhanced
1797,单位或者个人,Enhanced
1798,"擅自从事,境外就业中介活动",Enhanced
1799,经营物品和违法所得,Enhanced
1800,"当事人,造成损害",Enhanced
1801,当事人,Enhanced
1802,赔偿责任,Enhanced
1803,非国有不可移动文物转让、抵押或者改变用途的,Enhanced
1804,相应的文物行政部门备案,Enhanced
1805,《中华人民共和国文物保护法》,Enhanced
1806,2017,Enhanced
1807,市级非国有不可移动文物转让、抵押或者改变用途的备案,Enhanced
1808,非国有不可移动文物转让、抵押或者改变用途的备案,Enhanced
1809,对不动产权证登记内容有异议或损害申请人利益的情况,Enhanced
1810,婴幼儿配方乳粉生产销售者,Enhanced
1811,《婴幼儿配方乳粉产品配方注册管理办法》第三十三条至第三十七条,Enhanced
1812,对社区矫正对象提请撤销缓刑、假释的建议,Enhanced
1813,社区矫正管理处,Enhanced
1814,社区矫正对象,Enhanced
1815,中级人民法院,Enhanced
1816,法院,Enhanced
1817,建议,Enhanced
1818,对公路水运工程质量的监督检查,Enhanced
1819,公路水运工程质量,Enhanced
1820,监督检查对象,Enhanced
1821,具体服务事项,Enhanced
1822,对危险废物意外事故的防范措施和应急预案的行政检查,Enhanced
1823,《中华人民共和国民办教育促进法》,Enhanced
1824,《民办教育促进法实施条例》,Enhanced
1825,未取得船员培训许可证擅自从事船员培训,Enhanced
1826,《中华人民共和国船员条例》,Enhanced
1827,海事管理机构,Enhanced
1828,中华人民共和国船员条例,Enhanced
1829,5万到25万,Enhanced
1830,机动车生产企业,Enhanced
1831,机动车国家安全技术标准,Enhanced
1832,机动车成品质量检验,Enhanced
1833,质量不合格的机动车,Enhanced
1834,由质量技术监督部门处罚,Enhanced
1835,擅自生产,Enhanced
1836,没收非法生产,Enhanced
1837,可以并处非法产品价值三倍以上五倍以下罚款,Enhanced
1838,由工商行政管理部门吊销营业执照,Enhanced
1839,予以查封,Enhanced
1840,直接责任人员,Enhanced
1841,机动车产品主管部门,Enhanced
1842,不合格机动车型投入生产,Enhanced
1843,机动车国家安全技术标准严格审查,Enhanced
1844,质量技术监督部门处罚,Enhanced
1845,行政机关给予行政处分,Enhanced
1846,吊销计量证书,Enhanced
1847,陕西省计量监督管理条例,Enhanced
1848,事故隐患排查治理制度,Enhanced
1849,重大事故隐患排查治理情况,Enhanced
1850,处十万元以下的罚款,Enhanced
1851,对其直接负责的主管人员和其他直接责任人员处二万元以上五万元以下的罚款,Enhanced
1852,由主管的负有安全生产监督管理职责的部门进行处罚,Enhanced
1853,报请县级以上人民政府按照国务院规定的权限决定,Enhanced
1854,由公安机关依照治安管理处罚的规定决定,Enhanced
1855,其他负有安全生产监督管理职责的部门,Enhanced
1856,《房屋建筑工程抗震设防管理规定》,Enhanced
1857,擅自使用没有国家技术标准又未经审定的新技术、新材料的行为,Enhanced
1858,县级以上地方人民政府住房城乡建设主管部门,Enhanced
1859,建设部令第148号,Enhanced
1860,住房和城乡建设部令第23号,Enhanced
1861,水利工程,Enhanced
1862,水库大坝注册登记,Enhanced
1863,水库大坝（水闸）,Enhanced
1864,水库大坝（水闸）注册登记,Enhanced
1865,国务院水行政主管部门,Enhanced
1866,全国的大坝安全实施监督,Enhanced
1867,县级以上地方人民政府水行政主管部门,Enhanced
1868,本行政区域内的大坝安全实施监督,Enhanced
1869,水利、能源、建设、交通、农业等有关部门,Enhanced
1870,其所管辖的大坝的主管部门,Enhanced
1871,水库大坝主管部门,Enhanced
1872,按期注册登记,Enhanced
1873,大坝注册登记办法,Enhanced
1874,国务院水行政部门会同有关部门制定,Enhanced
1875,《水库大坝安全管理条例》,Enhanced
1876,国务院1991年第77号令2018修订,Enhanced
1877,国务院有关主管部门,Enhanced
1878,国务院水行政部门,Enhanced
1879,1万元以上5万元以下,Enhanced
1880,1个月至3个月,Enhanced
1881,国务院令第550号,Enhanced
1882,国务院令第732号,Enhanced
1883,对违反挥发性有机物治理相关规定行为的行政处罚,Enhanced
1884,"未及时调离原工作岗位,并妥善安置的,处罚",Enhanced
1885,职业禁忌,Enhanced
1886,健康状况,Enhanced
1887,使用有毒物品作业场所劳动保护条例,Enhanced
1888,重大责任事故罪,Enhanced
1889,刑法罪名,Enhanced
1890,未经培训考核合格的劳动者从事高毒作业的,Enhanced
1891,有职业禁忌的劳动者从事所禁忌的作业的,Enhanced
1892,"有职业禁忌或者有与所从事职业相关的健康损害的劳动者, 未及时调离原工作岗位,并妥善安置的",Enhanced
1893,未成年人或者孕期、哺乳期的女职工从事使用有毒物品作业的,Enhanced
1894,童工,Enhanced
1895,《矿产资源开采登记管理办法》,Enhanced
1896,不按期缴纳,Enhanced
1897,责令限期缴纳,Enhanced
1898,滞纳金,Enhanced
1899,从滞纳之日起每日加收千分之二,Enhanced
1900,原发证机关,Enhanced
1901,吊销采矿许可证,Enhanced
1902,对化工企业未取得危险化学品安全使用许可证使用危险化学品从事生产的行政教育,Enhanced
1903,市应急管理局的分支机构,Enhanced
1904,危险化学品安全管理条例,Enhanced
1905,危险化学品安全使用许可证实施办法,Enhanced
1906,西安市环境噪声污染防治条例,Enhanced
1907,违反本条例规定的行为,Enhanced
1908,营业性文化娱乐场所场界噪声,Enhanced
1909,规定排放标准的行为,Enhanced
1910,营业性文化娱乐场所场界噪声超过规定排放标准的行为,Enhanced
1911,竣工联合验收档案验收,Enhanced
1912,城建档案管理机构,Enhanced
1913,"工程档案,进行验收",Enhanced
1914,"城建档案馆,验收建设工程档案",Enhanced
1915,重点建设项目,Enhanced
1916,同级档案主管部门和城建档案馆,Enhanced
1917,城建档案馆,Enhanced
1918,《城市建设档案管理规定》,Enhanced
1919,《西安市城建档案管理条例》,Enhanced
1920,省内融资担保公司在本省设立分支机构备案,Enhanced
1921,市地方金融管理局,Enhanced
1922,金融监管一处,Enhanced
1923,伪造检验结果,Enhanced
1924,出具虚假证明,Enhanced
1925,检验结果不实,Enhanced
1926,赔偿责任承担,Enhanced
1927,认证资格取消,Enhanced
1928,连带责任承担,Enhanced
1929,安全生产基础处,Enhanced
1930,危险化学品安全监管处（行政审批处）,Enhanced
1931,国家,Enhanced
1932,在改善安全生产条件、防止生产安全事故、参加抢险救护等方面取得显著成绩的单位和个人,Enhanced
1933,陕西省第十届人民代表大会常务委员会第二十一次会议,Enhanced
1934,陕西省安全生产条例,Enhanced
1935,陕西省第十四届人民代表大会常务委员会第五次会议,Enhanced
1936,省级相关部门,Enhanced
1937,排污单位,Enhanced
1938,处2万元以上20万元以下的罚款,Enhanced
1939,责令停产整治,Enhanced
1940,未按照排污许可证规定公开或者不如实公开污染物排放信息,Enhanced
1941,国务院令第736号公布,Enhanced
1942,《医疗机构管理条例》,Enhanced
1943,国务院令第752号,Enhanced
1944,县级以上人民政府卫生行政部门,Enhanced
1945,改正,Enhanced
1946,"处以,罚款",Enhanced
1947,"吊销,《医疗机构执业许可证》",Enhanced
1948,"责令,停止执业活动",Enhanced
1949,核准登记或者备案的诊疗科目,Enhanced
1950,《已废止的某某规定》,Enhanced
1951,不存在,Enhanced
1952,国务院令第149号,Enhanced
1953,农村集体经济组织负责人,Enhanced
1954,财会人员,Enhanced
1955,《陕西省农村集体资产管理条例》,Enhanced
1956,县级农业行政主管部门,Enhanced
1957,市农业综合执法支队的上级机构,Enhanced
1958,对价格违法行为的监督检查,Enhanced
1959,价格与反不正当竞争处,Enhanced
1960,公路水运工程监理企业,Enhanced
1961,省内创业投资企业备案,Enhanced
1962,财政金融处（利用外资和境外投资处）,Enhanced
1963,《创业投资企业管理暂行办法》,Enhanced
1964,创业投资企业,Enhanced
1965,所在地省级（含副省级城市）管理部门申请备案,Enhanced
1966,省级及省级以下工商行政管理部门注册登记的创业投资企业,Enhanced
1967,所在地省级（含副省级城市）管理部门,Enhanced
1968,国家发展改革委等10部委令2005年第39号,Enhanced
1969,对假冒专利行为的行政处罚,Enhanced
1970,营业性演出管理条例,Enhanced
1971,国务院令第439号,Enhanced
1972,吊销营业性演出许可证,Enhanced
1973,《营业性演出管理条例 第五十一条第二款》,Enhanced
1974,西安市退役军人事务局,Enhanced
1975,双拥工作处,Enhanced
1976,市双拥模范区（县）,Enhanced
1977,双拥模范单位、个人表彰,Enhanced
1978,《西安市城市市容和环境卫生管理条例》,Enhanced
1979,责任人,Enhanced
1980,清理,Enhanced
1981,城市道路,Enhanced
1982,市政公用设施,Enhanced
1983,公共场所,Enhanced
1984,市政公用设施损坏不及时维修、更换,Enhanced
1985,工伤职工,Enhanced
1986,辅助器具,Enhanced
1987,市劳动能力鉴定中心,Enhanced
1988,工伤保险条例,Enhanced
1989,工伤保险辅助器具配置管理办法,Enhanced
1990,劳动能力鉴定委员会,Enhanced
1991,工伤保险辅助器具配置确认工作,Enhanced
1992,辅助器具配置,Enhanced
1993,配置辅助器具,Enhanced
1994,未对可能意外启动的设备和涌入的物料、高温气体、有毒有害气体等采取隔离措施，或者未落实防止高处坠落、坍塌等安全措施,Enhanced
1995,《工贸企业重大事故隐患判定标准》,Enhanced
1996,责令立即消除或者限期消除,Enhanced
1997,对其直接负责的主管人员和其他直接责任人员处五万元以上十万元以下的罚款,Enhanced
1998,"构成犯罪的,依照刑法有关规定追究刑事责任",Enhanced
1999,应急管理部令第10号,Enhanced
2000,中华人民共和国,Enhanced
2001,已废止的法规,Enhanced
2002,法规或标准,Enhanced
2003,紧急情况下封存或者扣押非法研究、试验、生产、加工、经营或者进口、出口的农业转基因生物,Enhanced
2004,《农业转基因生物安全管理条例》,Enhanced
2005,农业行政主管部门,Enhanced
2006,"在紧急情况下,对非法研究、试验、生产、加工,经营或者进口、出口的农业转基因生物实施封存或者扣押",Enhanced
2007,紧急情况,Enhanced
2008,具体事件,Enhanced
2009,农业转基因生物,Enhanced
2010,生物,Enhanced
2011,具体权力,Enhanced
2012,国务院令,Enhanced
2013,具体机构,Enhanced
2014,具体行为,Enhanced
2015,封存,Enhanced
2016,非法研究,Enhanced
2017,试验,Enhanced
2018,加工,Enhanced
2019,进口,Enhanced
2020,出口,Enhanced
2021,对标准实施的监督检查,Enhanced
2022,标准化处,Enhanced
2023,金融企业国有资产评估项目备案,Enhanced
2024,《金融企业国有资产评估监督管理暂行办法》,Enhanced
2025,中央直接管理的金融企业,Enhanced
2026,资产评估项目报财政部备案,Enhanced
2027,中央直接管理的金融企业子公司、省级分公司或分行、金融资产管理公司办事处,Enhanced
2028,"资产评估项目报财政部备案,条件是,账面资产总额大于或者等于5000万元人民币",Enhanced
2029,"资产评估项目报中央直接管理的金融企业备案,条件是,账面资产总额小于5000万元人民币",Enhanced
2030,地方金融企业,Enhanced
2031,"资产评估项目备案,由,省级财政部门根据本地区实际情况具体确定",Enhanced
2032,金融企业,Enhanced
2033,自评估基准日起9个月内向财政部门(或者金融企业,Enhanced
2034,资产评估项目备案申请,Enhanced
2035,《机动车驾驶员培训管理规定》,Enhanced
2036,《西安市机动车驾驶员培训管理办法》,Enhanced
2037,交通运输主管部门,Enhanced
2038,原许可机关,Enhanced
2039,吊销其经营许可,Enhanced
2040,机动车驾驶员培训机构,Enhanced
2041,建筑起重机械,Enhanced
2042,建筑起重机械安全监督管理规定,Enhanced
2043,张三,Enhanced
2044,县级以上地方人民政府建设主管部门,Enhanced
2045,塔式起重机,Enhanced
2046,对以政府或者政府部门的名义举办营业性演出,Enhanced
2047,"或者营业性演出冠以""中国""、""中华""、""全国""、""国际""等字样的行政处罚",Enhanced
2048,2020年11月,Enhanced
2049,县级人民政府文化主管部门,Enhanced
2050,违法所得3倍以上5倍以下的罚款,Enhanced
2051,3万元以上5万元以下的罚款,Enhanced
2052,营业性演出许可证,Enhanced
2053,第四十八条第一款,Enhanced
2054,市级文化市场综合执法支队,Enhanced
2055,临街建筑物的外墙安装的防护栏、空调外机、遮阳棚,Enhanced
2056,可以并处五十元以上二百元以下罚款,Enhanced
2057,临街建筑物,Enhanced
2058,市容环境卫生管理的规定,Enhanced
2059,临街建筑物的搭建,Enhanced
2060,西安市城市市容和环境卫生管理条例,Enhanced
2061,对象,Enhanced
2062,五十元,Enhanced
2063,二百元,Enhanced
2064,统一规范并保持安全、整洁,Enhanced
2065,可以并处50元以上200元以下罚款,Enhanced
2066,并处50元以上200元以下罚款,Enhanced
2067,对电器线路的设计、敷设、维护保养、检测不符合规定的处罚,Enhanced
2068,电器产品、燃气用具的安装、使用及其线路、管路的设计、敷设、维护保养、检测不符合消防技术标准和管理规定的,Enhanced
2069,责令停止使用,Enhanced
2070,可以并处一千元以上五千元以下罚款,Enhanced
2071,电器线路,Enhanced
2072,安装、使用及其线路,Enhanced
2073,设计,Enhanced
2074,敷设,Enhanced
2075,维护保养,Enhanced
2076,检测,Enhanced
2077,第六十六条,Enhanced
2078,行政审批与政策法规处,Enhanced
2079,《宗教事务部分行政许可项目实施办法》,Enhanced
2080,境外组织和个人,Enhanced
2081,宗教院校,Enhanced
2082,宗教活动场所,Enhanced
2083,涉密地理信息获取、应用情况监督检查,Enhanced
2084,测绘地理信息局,Enhanced
2085,测绘行政主管部门,Enhanced
2086,本行政区域测绘成果工作的统一监督管理,Enhanced
2087,省测绘地理信息主管部门,Enhanced
2088,全省测绘成果的统一监督管理工作,Enhanced
2089,设区的市、县（市、区）测绘地理信息主管部门,Enhanced
2090,本行政区域内测绘成果的统一监督管理工作,Enhanced
2091,《中华人民共和国测绘成果管理条例》,Enhanced
2092,测绘行政主管部门职责,Enhanced
2093,对旅馆未按照规定向公安机关报送外国人住宿登记信息的处罚,Enhanced
2094,旅馆,Enhanced
2095,报送外国人住宿登记信息,Enhanced
2096,外国人住宿登记信息,Enhanced
2097,第76条第2款,Enhanced
2098,情节轻微的旅馆,Enhanced
2099,情节严重的旅馆,Enhanced
2100,民族、性别、宗教信仰,Enhanced
2101,《人才市场管理规定》,Enhanced
2102,县级以上政府人力资源和社会保障部门,Enhanced
2103,《消防监督检查规定》,Enhanced
2104,对公众聚集场所在投入使用、营业前的消防安全检查,Enhanced
2105,对单位履行法定消防安全职责情况的监督抽查,Enhanced
2106,对举报投诉的消防安全违法行为的核查,Enhanced
2107,对大型群众性活动举办前的消防安全检查,Enhanced
2108,市新闻出版局,Enhanced
2109,印刷业经营者变更、终止备案,Enhanced
2110,印制发行管理处,Enhanced
2111,印刷业管理条例,Enhanced
2112,《印刷业管理条例》,Enhanced
2113,国务院令第315号,Enhanced
2114,网络餐饮服务第三方平台提供者提供的食品配送容器、餐具和包装材料不符合规定行为,Enhanced
2115,养老机构未建立入院评估制度或者未按照规定开展评估活动,Enhanced
2116,未与老年人或者其代理人签订服务协议，或者未按照协议约定提供服务,Enhanced
2117,未按照有关强制性国家标准提供服务,Enhanced
2118,工作人员的资格不符合规定,Enhanced
2119,利用养老机构的房屋、场地、设施开展与养老服务宗旨无关的活动,Enhanced
2120,未依照本办法规定预防和处置突发事件,Enhanced
2121,歧视、侮辱、虐待老年人以及其他侵害老年人人身和财产权益行为,Enhanced
2122,向负责监督检查的民政部门隐瞒有关情况、提供虚假材料或者拒绝提供反映其活动情况真实材料,Enhanced
2123,法律、法规、规章规定的其他违法行为,Enhanced
2124,养老服务处,Enhanced
2125,发现文物隐匿不报或者拒不上交的,Enhanced
2126,未按照规定移交拣选文物的,Enhanced
2127,县级以上人民政府文物主管部门,Enhanced
2128,文物,Enhanced
2129,生活垃圾分类投放管理责任人,Enhanced
2130,将生活垃圾交由有资质的单位进行收集运输,Enhanced
2131,责令立即改正,Enhanced
2132,《西安市生活垃圾分类管理条例》第二十四条第一款第六项,Enhanced
2133,一万元以上十万元以下,Enhanced
2134,西安市生活垃圾分类管理条例,Enhanced
2135,生活垃圾管理处,Enhanced
2136,市政府的事务,Enhanced
2137,个人信息保护,Enhanced
2138,个人信息权益,Enhanced
2139,向农用地排放重金属或者其他有毒有害物质含量超标的污水、污泥，以及可能造成土壤污染的清淤底泥、尾矿、矿渣等行为,Enhanced
2140,《中华人民共和国土壤污染防治法》第八十七条,Enhanced
2141,对向农用地排放重金属或者其他有毒有害物质含量超标的污水、污泥，以及可能造成土壤污染的清淤底泥、尾矿、矿渣等行为的行政处罚,Enhanced
2142,承办机构的一部分,Enhanced
2143,疾病诊断书,Enhanced
2144,健康证明书,Enhanced
2145,死亡证明书,Enhanced
2146,出生证明书,Enhanced
2147,死产报告书,Enhanced
2148,出具疾病诊断书、健康证明书、死亡证明书、出生证明书、死产报告书,Enhanced
2149,《新化学物质环境管理登记办法》,Enhanced
2150,生态环境部令第12号公布,Enhanced
2151,2021年施行,Enhanced
2152,"未取得登记证生产或者进口新化学物质,或者加工使用未取得登记证的新化学物质",Enhanced
2153,未按规定办理重新登记生产或者进口新化学物质,Enhanced
2154,"将未经国务院生态环境主管部门新用途环境管理登记审查或者审查后未予批准的化学物质,用于允许用途以外的其他工业用途",Enhanced
2155,设区的市级以上地方生态环境主管部门,Enhanced
2156,一万元以上三万元以下的罚款,Enhanced
2157,依法依规开展失信联合惩戒,Enhanced
2158,一年内不再受理其新化学物质环境管理登记申请,Enhanced
2159,新化学物质环境管理登记办法,Enhanced
2160,生态环境部,Enhanced
2161,失信联合惩戒,Enhanced
2162,新化学物质,Enhanced
2163,化学物质,Enhanced
2164,法规引用,Enhanced
2165,下一年度市本级土地储备资金收支项目预、决算草案编制,Enhanced
2166,西安市土地储备交易中心,Enhanced
2167,许可请求人,Enhanced
2168,对许可请求人,Enhanced
2169,财政部关于印发行政事业单位内部控制规范（试行）的通知（财会【2012】21号）,Enhanced
2170,对行政事业单位内部控制的建立和实施情况的检查,Enhanced
2171,国务院财政部门及其派出机构,Enhanced
2172,对单位内部控制的建立和实施情况进行监督检查,Enhanced
2173,县级以上地方各级人民政府财政部门,Enhanced
2174,国务院审计机关及其派出机构,Enhanced
2175,县级以上地方各级人民政府审计机关,Enhanced
2176,县级以上人民政府文化主管部门,Enhanced
2177,受捐单位,Enhanced
2178,演出举办单位,Enhanced
2179,违法行为人的名称或者姓名,Enhanced
2180,国务院文化主管部门或者省、自治区、直辖市人民政府文化主管部门,Enhanced
2181,对网络交易平台经营者违反规定，不履行法定核验、登记义务，有关信息报送义务，商品和服务信息、交易信息保存义务的行政处罚,Enhanced
2182,中国足球协会,Enhanced
2183,对网络交易平台经营者,Enhanced
2184,市场监管部门,Enhanced
2185,中华人民共和国水下文物保护管理条例,Enhanced
2186,文物督察与安全处,Enhanced
2187,水下文物,Enhanced
2188,考古调查,Enhanced
2189,勘探,Enhanced
2190,发掘,Enhanced
2191,化妆品未按规定标注净含量的的行政处罚,Enhanced
2192,属性,Enhanced
2193,无尾实体,Enhanced
2194,未知权力,Enhanced
2195,管理范畴,Enhanced
2196,西安市住房和城乡建设局行驶,Enhanced
2197,执法监察队承办,Enhanced
2198,2019年3月国国务院令第709号修正,Enhanced
2199,2011年12月20日,Enhanced
2200,2019年3月国国务院令第709号,Enhanced
2201,《畜禽规模养殖污染防治条例》,Enhanced
2202,畜禽养殖废弃物用作肥料,Enhanced
2203,行政责骂,Enhanced
2204,畜禽规模养殖污染防治条例,Enhanced
2205,国务院令第643号,Enhanced
2206,2014年,Enhanced
2207,饮用水供水单位卫生许可,Enhanced
2208,饮用水供水单位从事生产或者供应活动,Enhanced
2209,国务院卫生计生主管部门,Enhanced
2210,全国饮用水卫生监督工作,Enhanced
2211,县级以上地方人民政府卫生计生主管部门,Enhanced
2212,本行政区域内饮用水卫生监督工作,Enhanced
2213,卫生许可制度,Enhanced
2214,生活饮用水卫生监督管理办法,Enhanced
2215,1996年7月9日建设部、卫生部令第53号,Enhanced
2216,2016年4月17日建设部、卫生计生委令第31号,Enhanced
2217,已经取得危险化学品经营许可证的企业,Enhanced
2218,安全生产条件,Enhanced
2219,《危险化学品经营许可证管理办法》,Enhanced
2220,生产经营单位主要负责人,Enhanced
2221,生产经营单位存在特定情形且情节严重,Enhanced
2222,具体执行行政处罚,Enhanced
2223,安全生产条件不再具备,Enhanced
2224,安全生产条件不再具备且逾期不改正,Enhanced
2225,安全生产条件不再具备且停产停业整顿后仍不具备条件,Enhanced
2226,生产经营单位存在特定情形,Enhanced
2227,人的生物医学研究伦理审查工作监督检查,Enhanced
2228,《涉及人的生物医学研究伦理审查办法》,Enhanced
2229,国家卫生计生委,Enhanced
2230,组织全国涉及人的生物医学研究伦理审查工作的检查、督导,Enhanced
2231,县级以上地方卫生计生行政部门,Enhanced
2232,加强对本行政区域涉及人的生物医学研究伦理审查工作的日常监督管理,Enhanced
2233,设立伦理委员会,Enhanced
2234,伦理委员会,Enhanced
2235,伦理审查制度,Enhanced
2236,伦理审查内容和程序,Enhanced
2237,要求,Enhanced
2238,审查的研究项目,Enhanced
2239,我国医学研究登记备案信息系统进行登记,Enhanced
2240,国家中医药管理局,Enhanced
2241,组织全国中医药研究伦理审查工作的检查、督导,Enhanced
2242,国家卫生和计划生育委员会公布,Enhanced
2243,国家卫生和计划生育委员会,Enhanced
2244,有害作业与无害作业分开,Enhanced
2245,工作场所与生活场所分开,Enhanced
2246,未接受职业卫生培训,Enhanced
2247,《工作场所职业卫生管理规定》,Enhanced
2248,国家卫生健康委员会令第5号公布,Enhanced
2249,下列情形之一,Enhanced
2250,工作场所职业卫生管理规定,Enhanced
2251,国家卫生健康委员会,Enhanced
2252,第四十七条,Enhanced
2253,《工作场所职业卫生管理规定》的处罚依据,Enhanced
2254,对用人单位的处罚,Enhanced
2255,对偷捕、抢夺他人养殖的水产品的，或者破坏他人养殖水体、养殖设施的行政处罚,Enhanced
2256,中华人民共和国渔业法,Enhanced
2257,改变原设计或不达最低人均租住面积,Enhanced
2258,《商品房屋租赁管理办法》,Enhanced
2259,出租住房,Enhanced
2260,原设计的房间为最小出租单位,Enhanced
2261,具体执行,Enhanced
2262,住建部,Enhanced
2263,厨房,Enhanced
2264,卫生间,Enhanced
2265,阳台,Enhanced
2266,地下储藏室,Enhanced
2267,当地人民政府规定的最低人均租住面积,Enhanced
2268,陕西省城市房地产市场管理条例,Enhanced
2269,房地产,Enhanced
2270,资产,Enhanced
2271,房地产成交价格,Enhanced
2272,出租汽车行政主管部门,Enhanced
2273,政府监管平台,Enhanced
2274,网约车平台,Enhanced
2275,车辆,Enhanced
2276,驾驶员,Enhanced
2277,服务质量,Enhanced
2278,乘客评价信息,Enhanced
2279,网约车市场监管,Enhanced
2280,网约车平台公司,Enhanced
2281,资质,Enhanced
2282,网约车服务质量测评,Enhanced
2283,基本信息,Enhanced
2284,网约车平台公司登记,Enhanced
2285,网约车平台公司运营,Enhanced
2286,网约车平台公司交易,Enhanced
2287,服务质量测评结果,Enhanced
2288,乘客投诉处理情况,Enhanced
2289,体育卫生与艺术教育处,Enhanced
2290,学校卫生工作条例,Enhanced
2291,教育行政部门,Enhanced
2292,学校卫生工作行政管理,Enhanced
2293,学校卫生工作监督指导,Enhanced
2294,"教育行政部门,给予行政处分",Enhanced
2295,教育部门,Enhanced
2296,《学校卫生工作条例》,Enhanced
2297,卫生监督员,Enhanced
2298,"直接责任单位或者个人,给予警告",Enhanced
2299,"直接责任单位或者个人,给予行政处分",Enhanced
2300,"直接责任单位或者个人,处以罚款",Enhanced
2301,广告经营者,Enhanced
2302,广告发布者,Enhanced
2303,"建立、健全广告业务的承接登记、审核、档案管理制度的,广告经营者",Enhanced
2304,"建立、健全广告业务的承接登记、审核、档案管理制度的,广告发布者",Enhanced
2305,广告经营者、广告发布者进行处罚,Enhanced
2306,陕西省水土保持条例,Enhanced
2307,县级以上水行政主管部门,Enhanced
2308,破坏或者擅自占用、填堵、拆除水土保持设施,Enhanced
2309,条例第二十九条,Enhanced
2310,水土保持设施造价一至二倍的罚款,Enhanced
2311,违反本条例第二十九条,Enhanced
2312,条款,Enhanced
2313,法规与行政审批处,Enhanced
2314,取水许可,Enhanced
2315,中华人民共和国水法,Enhanced
2316,直接从江河、湖泊或者地下取用水资源,Enhanced
2317,全国取水许可制度和水资源有偿使用制度的组织实施,Enhanced
2318,水行政主管部门或者流域管理机构,Enhanced
2319,直接从江河、湖泊或者地下取用水资源的单位和个人,Enhanced
2320,取水许可制度的组织实施和监督管理,Enhanced
2321,分级审批,Enhanced
2322,《取水许可和水资源费征收管理条例》,Enhanced
2323,申请领取取水许可证,Enhanced
2324,报废机动车回收拆解企业,Enhanced
2325,资质认定条件情况,Enhanced
2326,合规情况,Enhanced
2327,资质认定书,Enhanced
2328,报废机动车回收证明,Enhanced
2329,五大总成及其他零部件,Enhanced
2330,检查,Enhanced
2331,相关部门,Enhanced
2332,双随机、一公开方式,Enhanced
2333,从事报废机动车回收拆解活动的有关场所,Enhanced
2334,与监督检查事项有关的单位和个人,Enhanced
2335,说明情况,Enhanced
2336,有关文件、资料,Enhanced
2337,相关数据信息系统,Enhanced
2338,相关信息数据,Enhanced
2339,报废机动车回收管理办法实施细则,Enhanced
2340,政策或规定,Enhanced
2341,经营者收购旧电器电子产品未对收购产品进行登记,Enhanced
2342,未建立旧电器电子产品档案资料,Enhanced
2343,旧电器电子产品市场未建立旧电器电子经营者档案,Enhanced
2344,法律分类,Enhanced
2345,政策法规与执法处,Enhanced
2346,《中华人民共和国人民防空法》,Enhanced
2347,《陕西省实施〈中华人民共和国人民防空法办法〉》,Enhanced
2348,西安市国防动员办公室的承办机构,Enhanced
2349,欺诈,Enhanced
2350,伪造证明材料,Enhanced
2351,其他手段,Enhanced
2352,骗取社会保险基金支出,Enhanced
2353,政策,Enhanced
2354,扣留违法的枪支,Enhanced
2355,嫌疑赃物,Enhanced
2356,《中华人民共和国枪支管理法》,Enhanced
2357,《机动车修理业、报废机动车回收业治安管理办法》,Enhanced
2358,枪支,Enhanced
2359,赃物,Enhanced
2360,处理决定,Enhanced
2361,承修单位,Enhanced
2362,正常业务,Enhanced
2363,《互联网广告管理办法》第六条,Enhanced
2364,《互联网广告管理办法》第十二条,Enhanced
2365,损坏公路附属设施,Enhanced
2366,擅自移动公路附属设施,Enhanced
2367,涂改公路附属设施,Enhanced
2368,遮挡公路附属设施,Enhanced
2369,利用公路附属设施架设管道,Enhanced
2370,悬挂物品于公路附属设施,Enhanced
2371,损坏建筑控制区标桩,Enhanced
2372,擅自挪动建筑控制区标桩,Enhanced
2373,可能危及公路安全的行为,Enhanced
2374,危险化学品,Enhanced
2375,化学品,Enhanced
2376,完成关系国家利益或者公共利益并有重大应用价值的植物新品种育种的单位或者个人,Enhanced
2377,县级以上人民政府或者有关部门,Enhanced
2378,科技与种业处,Enhanced
2379,定居,Enhanced
2380,中国公民已取得住在国长期或者永久居留权，并已在住在国连续居留两年，两年内累计居留不少于18个月,Enhanced
2381,中国公民虽未取得住在国长期或者永久居留权，但已取得住在国连续5年以上(含5年,Enhanced
2382,中国公民出国留学(包括公派和自费,Enhanced
2383,中国公民因公务出国(包括外派劳务人员,Enhanced
2384,华侨,Enhanced
2385,定居在国外的中国公民,Enhanced
2386,华侨身份认定,Enhanced
2387,西安市人民政府侨务办公室,Enhanced
2388,侨务处,Enhanced
2389,国务院侨办《关于界定华侨外籍华人归侨侨眷身份的规定》（国侨发〔2009〕5号）,Enhanced
2390,未经批准擅自取水,Enhanced
2391,未依照批准的取水许可规定条件取水,Enhanced
2392,县级以上地方人民政府水行政主管部门或者黄河流域管理机构及其所属管理机构,Enhanced
2393,黄河流域,Enhanced
2394,法律处罚,Enhanced
2395,《中华人民共和国黄河保护法》第一百一十三条,Enhanced
2396,统计机构,Enhanced
2397,统计调查证管理办法,Enhanced
2398,国家统计局,Enhanced
2399,对任何单位和有关责任人员伪造、变造或者冒用统计调查证的处罚,Enhanced
2400,《统计调查证管理办法》,Enhanced
2401,治安管理处罚,Enhanced
2402,水利工程建设项目验收的监督检查,Enhanced
2403,《水利工程建设项目验收管理规定》,Enhanced
2404,2006年,Enhanced
2405,《西安市生活饮用水二次供水管理和卫生监督规定》,Enhanced
2406,市政府令第96号公布,Enhanced
2407,市水行政管理部门,Enhanced
2408,"新建、改建、扩建二次供水设施不符合国家和本省、市的相关标准投入使用的单位,进行,责令限期改正",Enhanced
2409,"新建、改建、扩建二次供水设施不符合国家和本省、市的相关标准投入使用的单位,进行,罚款",Enhanced
2410,新建、改建、扩建二次供水设施不符合国家和本省、市的相关标准投入使用的单位,Enhanced
2411,未经批准擅自从事戒毒治疗业务,Enhanced
2412,中华人民共和国戒毒法,Enhanced
2413,假冒授权品种违法行为的处罚,Enhanced
2414,对假冒授权品种违法行为的处罚,Enhanced
2415,西安市林木种苗工作站,Enhanced
2416,《中华人民共和国职业教育法》,Enhanced
2417,职业学校,Enhanced
2418,职业培训机构,Enhanced
2419,共同负责,Enhanced
2420,非法从事人力资源服务的单位或个人,Enhanced
2421,学生实习,Enhanced
2422,非法从事劳务派遣业务的单位或个人,Enhanced
2423,一万元,Enhanced
2424,一万元计算,Enhanced
2425,人力资源服务机构,Enhanced
2426,劳务派遣单位,Enhanced
2427,计算机信息网络国际联网安全保护管理办法,Enhanced
2428,《计算机信息网络国际联网安全保护管理办法》（公安部令第33号）,Enhanced
2429,公安部令第33号,Enhanced
2430,《计算机信息网络国际联网安全保护管理办法》,Enhanced
2431,农产品质量安全检测机构,Enhanced
2432,虚假检测报告,Enhanced
2433,刑事处罚,Enhanced
2434,重大农产品质量安全事故,Enhanced
2435,县级以上人民政府农业农村主管部门,Enhanced
2436,检测费用,Enhanced
2437,"农产品生产经营者,承担连带责任",Enhanced
2438,农产品质量安全检测工作,Enhanced
2439,上述人员,Enhanced
2440,授予其资质的主管部门或者机构,Enhanced
2441,农产品质量安全检测机构的资质证书,Enhanced
2442,农产品,Enhanced
2443,因农产品质量安全违法行为受到刑事处罚或者因出具虚假检测报告导致发生重大农产品质量安全事故的检测人员,Enhanced
2444,在建工程抵押首次登记,Enhanced
2445,《不动产登记暂行条例》,Enhanced
2446,《公共租赁住房管理办法》,Enhanced
2447,第三十七条,Enhanced
2448,第三十二条,Enhanced
2449,房地产经纪机构,Enhanced
2450,公共租赁住房出租,Enhanced
2451,公共租赁住房转租,Enhanced
2452,公共租赁住房出售,Enhanced
2453,房地产经纪人员,Enhanced
2454,县级以上地方人民政府住房城乡建设（房地产）主管部门,Enhanced
2455,1万元,Enhanced
2456,3万元,Enhanced
2457,网上签约资格,Enhanced
2458,房地产经纪机构及其人员,Enhanced
2459,中华人民共和国大气污染防治法,Enhanced
2460,对律师和律师事务所的表彰,Enhanced
2461,《律师事务所管理办法》,Enhanced
2462,设区的市级司法行政机关,Enhanced
2463,《律师执业管理办法》,Enhanced
2464,司法部令第142号2018年12月5日修订,Enhanced
2465,司法部令第134号2016年9月18日修订,Enhanced
2466,化妆品生产企业,Enhanced
2467,质量安全负责人,Enhanced
2468,职位,Enhanced
2469,联系方式,Enhanced
2470,信息,Enhanced
2471,化妆品生产企业许可条件发生变化,Enhanced
2472,未按规定申请变更,Enhanced
2473,质量安全负责人发生变化,Enhanced
2474,未按规定报告,Enhanced
2475,预留的联系方式发生变化,Enhanced
2476,非营业性爆破作业单位许可,Enhanced
2477,民用爆炸物品安全管理条例,Enhanced
2478,申请从事爆破作业的单位,Enhanced
2479,有关人民政府公安机关提出申请,Enhanced
2480,受理申请的公安机关,Enhanced
2481,自受理申请之日起20日内进行审查,Enhanced
2482,符合条件的单位,Enhanced
2483,《爆破作业单位许可证》,Enhanced
2484,不符合条件的单位,Enhanced
2485,《民用爆炸物品安全管理条例》,Enhanced
2486,国务院令第466号,Enhanced
2487,爆破作业单位许可证,Enhanced
2488,许可证,Enhanced
2489,申请人,Enhanced
2490,符合条件的单位核发《爆破作业单位许可证》,Enhanced
2491,涂改,Enhanced
2492,出租,Enhanced
2493,《河道采砂许可证》,Enhanced
2494,不超过一年,Enhanced
2495,开办外籍人员子女学校审批,Enhanced
2496,对外合作与交流处,Enhanced
2497,《陕西省人民政府关于委托一批行政许可事项的决定》,Enhanced
2498,省教育厅,Enhanced
2499,省教育厅部分权限,Enhanced
2500,城市房屋白蚁防治管理规定,Enhanced
2501,房地产开发企业,Enhanced
2502,《白蚁预防合同》,Enhanced
2503,《住宅质量保证书》,Enhanced
2504,房屋所在地的县级以上地方人民政府房地产行政主管部门,Enhanced
2505,业务类型,Enhanced
2506,新建电厂兴建永久性储灰场,Enhanced
2507,环境造成污染,Enhanced
2508,环境保护部门,Enhanced
2509,对环境造成污染的行为,Enhanced
2510,新建电厂,Enhanced
2511,周边粉煤灰利用能力,Enhanced
2512,永久性粉煤灰堆场（库）,Enhanced
2513,粉煤灰堆场（库）,Enhanced
2514,粉煤灰堆场（库）选址,Enhanced
2515,《一般工业固体废物贮存、处置场污染控制标准》,Enhanced
2516,粉煤灰堆场（库）设计,Enhanced
2517,粉煤灰堆场（库）建设,Enhanced
2518,粉煤灰堆场（库）运行管理,Enhanced
2519,渭河流域各类保护、开发、建设活动进行监督检查,Enhanced
2520,《陕西省渭河保护条例》,Enhanced
2521,县级以上水利、自然资源、生态环境等行政主管部门应当依照职责分工，对渭河流域各类保护、开发、建设活动进行监督检查,Enhanced
2522,根据渭河生态区保护的需要，设区的市、县（市、区）人民政府可以建立综合执法机构，或者依法委托有关保护管理机构进行执法,Enhanced
2523,渭河流域,Enhanced
2524,房屋征收决定备案,Enhanced
2525,《城镇燃气管理条例》,Enhanced
2526,2010年11月19日,Enhanced
2527,2016年2月6日,Enhanced
2528,燃气经营者,Enhanced
2529,拒绝向市政燃气管网覆盖范围内符合用气条件的单位或者个人供气,Enhanced
2530,燃气管理部门,Enhanced
2531,所收取的检测费用,Enhanced
2532,中华人民共和国农产品质量安全法,Enhanced
2533,消费者,Enhanced
2534,报告,Enhanced
2535,证书,Enhanced
2536,"农产品生产经营者,承担连带责任关系",Enhanced
2537,《中华人民共和国体育法》（2022修订）第八十七条,Enhanced
2538,公共体育场地设施及其建设用地,Enhanced
2539,公共体育场地设施,Enhanced
2540,公共体育场地设施的功能、用途或者妨碍其正常使用,Enhanced
2541,特殊需要,Enhanced
2542,特殊需要临时占用公共体育场地设施超过十日,Enhanced
2543,经本级人民政府体育行政部门同意,Enhanced
2544,特殊需要临时占用公共体育场地设施超过三个月,Enhanced
2545,报上一级人民政府体育行政部门批准,Enhanced
2546,临时占用公共体育设施或改变公共体育场地设施的功能、用途审批,Enhanced
2547,特殊需要临时占用公共体育场地设施超过十日但不满三个月,Enhanced
2548,利用职权压价发包或者低价出租集体资产或者非法确定承包人、承租人,Enhanced
2549,应当进行资产评估而未评估,Enhanced
2550,平调、截留集体资产,Enhanced
2551,陕西省农村集体资产管理条例,Enhanced
2552,对故意破坏、伪造火灾现场的处罚,Enhanced
2553,事项类型,Enhanced
2554,法律类型,Enhanced
2555,70周岁以上老年人生活保健补贴,Enhanced
2556,行政给付,Enhanced
2557,老龄健康处,Enhanced
2558,重点用能工业企业,Enhanced
2559,能源统计岗位,Enhanced
2560,计量岗位,Enhanced
2561,技术和综合管理岗位,Enhanced
2562,能源管理负责人,Enhanced
2563,西安市节能监管中心,Enhanced
2564,《西安市工业节能条例》,Enhanced
2565,西安市工业节能条例,Enhanced
2566,岗位,Enhanced
2567,对未按照规定采取防护性措施，或者利用无防渗漏措施的沟渠、坑塘等输送或者存贮含有毒污染物的废水、含病原体的污水或者其他废弃物的行政处罚,Enhanced
2568,《医师资格考试暂行办法》,Enhanced
2569,"由,国家卫生健康委员会国卫办发〔2018〕15号",Enhanced
2570,2018年6月7日第三次修订,Enhanced
2571,国家卫生健康委员会国卫办发〔2018〕15号,Enhanced
2572,伪造、变造、买卖、转借、冒用船舶检验证书、船舶登记证书、船员适任证书或者其他适任证件,Enhanced
2573,有关的证书或者证件,Enhanced
2574,没有违法所得或者违法所得不足2万元,Enhanced
2575,中华人民共和国内河交通安全管理条例,Enhanced
2576,《中华人民共和国内河交通安全管理条例》,Enhanced
2577,没收有关的证书或者证件,Enhanced
2578,伪造、变造、买卖国家机关公文、证件罪或者其他罪,Enhanced
2579,未经批准擅自进口或者转让放射性同位素、未取得辐射安全许可证或未按规定办理重新申请、延续、变更、注销手续从事放射性同位素和射线装置生产、销售、使用活动的行为进行的行政处罚,Enhanced
2580,货运经营者,Enhanced
2581,道路危险货物运输企业或者单位,Enhanced
2582,放射性物品道路运输企业或者单位,Enhanced
2583,道路运输相关业务经营者,Enhanced
2584,已撤销,Enhanced
2585,道路运输相关企业,Enhanced
2586,正常,Enhanced
2587,《体育传统项目学校管理办法》,Enhanced
2588,各级体育,Enhanced
2589,传统项目校及个人,Enhanced
2590,各级教育,Enhanced
2591,国家体育总局,Enhanced
2592,教育部,Enhanced
2593,概念,Enhanced
2594,对危险化学品生产企业未按规定时限提出安全生产许可证变更申请等行为的行政处罚,Enhanced
2595,安全评价检测检验机构,Enhanced
2596,机构名称、注册地址、实验室条件、法定代表人、专职技术负责人、授权签字人发生变化,Enhanced
2597,未按规定向原资质认可机关提出变更申请,Enhanced
2598,《安全评价检测检验机构管理办法》,Enhanced
2599,应急管理部令第1号,Enhanced
2600,应急管理部,Enhanced
2601,第二类精神药品零售业务审批,Enhanced
2602,《中华人民共和国禁毒法》,Enhanced
2603,第二类精神药品零售业务,Enhanced
2604,所在地设区的市级药品监督管理部门批准,Enhanced
2605,国务院令第442号,Enhanced
2606,实行统一进货、统一配送、统一管理的药品零售连锁企业,Enhanced
2607,第二类精神药品零售业务（经所在地设区的市级药品监督管理部门批准）,Enhanced
2608,违法排放水不干净物等造成或可能造成严重不干净的不干净物排放设施、设备,Enhanced
2609,设施、设备,Enhanced
2610,没有车辆营运证又无法当场提供其他有效证明的非法营运出租车辆,Enhanced
2611,《西安市出租汽车管理条例》,Enhanced
2612,未取得出租汽车经营权非法营运,Enhanced
2613,未依法取得道路运输经营许可证和出租汽车道路运输证，从事出租汽车营运,Enhanced
2614,伪造、涂改出租汽车经营权证书、道路运输经营许可证、出租汽车道路运输证,Enhanced
2615,出租汽车行业管理机构,Enhanced
2616,非法营运车辆,Enhanced
2617,被扣车辆,Enhanced
2618,拍卖所得,Enhanced
2619,在15日内到指定地点,Enhanced
2620,排放水污染物的单位,Enhanced
2621,移民安置规划报告,Enhanced
2622,移民安置规划审核,Enhanced
2623,实物调查报告,Enhanced
2624,征求移民和移民安置区居民意见的有关材料,Enhanced
2625,县级人民政府对实物调查成果和移民安置规划出具的书面确认意见,Enhanced
2626,必要的附表及附图,Enhanced
2627,《陕西省小型水库移民安置管理办法》（陕水发〔2013〕65号）,Enhanced
2628,《中华人民共和国环境保护法》,Enhanced
2629,《中华人民共和国噪声污染防治法》,Enhanced
2630,《西安市环境噪声污染防治条例》,Enhanced
2631,被检查者,Enhanced
2632,如实反映情况,Enhanced
2633,提供必要的资料,Enhanced
2634,实施现场检查的部门,Enhanced
2635,为被检查者保守商业秘密,Enhanced
2636,实施检查的部门、人员,Enhanced
2637,对现场检查中知悉的商业秘密应当保密,Enhanced
2638,被检查的单位和个人,Enhanced
2639,提供真实资料,Enhanced
2640,生态环境部门,Enhanced
2641,市政府,Enhanced
2642,西安市户外广告设置管理条例 (2020修正),Enhanced
2643,户外广告设置权人,Enhanced
2644,安全检测,Enhanced
2645,户外广告设置行政主管部门,Enhanced
2646,检测报告,Enhanced
2647,未进行安全检测,Enhanced
2648,未提交检测报告,Enhanced
2649,《西安市户外广告设置管理条例》（2020修正）,Enhanced
2650,进行安全检测或提交检测报告,Enhanced
2651,广播电台,Enhanced
2652,媒体,Enhanced
2653,电视台,Enhanced
2654,《广播电视管理条例》,Enhanced
2655,广播电台设立审批,Enhanced
2656,电视台设立审批,Enhanced
2657,未按规定更正剧毒化学品购买许可证回执填写错误,Enhanced
2658,500元以上1000元以下,Enhanced
2659,《剧毒化学品购买和公路运输许可证件管理办法》,Enhanced
2660,剧毒化学品,Enhanced
2661,剧毒化学品购买凭证,Enhanced
2662,凭证,Enhanced
2663,剧毒化学品准购证,Enhanced
2664,被许可人,Enhanced
2665,食品生产许可,Enhanced
2666,1万元以上3万元以下罚款,Enhanced
2667,《食品生产许可管理办法》,Enhanced
2668,国务院建设行政主管部门,Enhanced
2669,全国的建设工程安全生产实施监督管理,Enhanced
2670,国务院铁路、交通、水利等有关部门,Enhanced
2671,有关专业建设工程安全生产的监督管理,Enhanced
2672,县级以上人民政府负有建设工程安全生产监督管理职责的部门,Enhanced
2673,要求被检查单位提供有关建设工程安全生产的文件和资料,Enhanced
2674,进入被检查单位施工现场进行检查,Enhanced
2675,纠正施工中违反安全生产要求的行为,Enhanced
2676,"对检查中发现的安全事故隐患,责令立即排除",Enhanced
2677,"重大安全事故隐患排除前或者排除过程中无法保证安全的,责令从危险区域内撤出作业人员或者暂时停止施工",Enhanced
2678,县级以上地方人民政府建设行政主管部门,Enhanced
2679,本行政区域内的建设工程安全生产实施监督管理,Enhanced
2680,县级以上地方人民政府交通、水利等有关部门,Enhanced
2681,本行政区域内的专业建设工程安全生产的监督管理,Enhanced
2682,安全监督检查职责,Enhanced
2683,堆放阻碍农田水利工程设施蓄水、输水、排水的物体,Enhanced
2684,建设妨碍农田水利工程设施蓄水、输水、排水的建筑物和构筑物,Enhanced
2685,擅自占用农业灌溉水源、农田水利工程设施行为,Enhanced
2686,《农田水利条例》,Enhanced
2687,获证产品及其销售包装,Enhanced
2688,认证证书所含内容,Enhanced
2689,认证证书,Enhanced
2690,认证标志,Enhanced
2691,获证产品,Enhanced
2692,产品及其包装,Enhanced
2693,广告,Enhanced
2694,产品介绍,Enhanced
2695,认证标志使用管理制度,Enhanced
2696,《强制性产品认证管理规定》,Enhanced
2697,国家质量监督检验检疫总局,Enhanced
2698,行政处罚的具体实施,Enhanced
2699,认证证书内容一致,Enhanced
2700,婴幼儿配方乳粉产品配方注册申请人,Enhanced
2701,未依法申请变更的,Enhanced
2702,申请人变更可能影响产品配方科学性、安全性的事项,Enhanced
2703,变更事项,Enhanced
2704,《道路交通安全法》,Enhanced
2705,《道路交通安全法》第九十条,Enhanced
2706,机动车违反道路通行规定的处罚,Enhanced
2707,环境卫生管理处,Enhanced
2708,城市人民政府环境卫生行政主管部门,Enhanced
2709,表彰和奖励,Enhanced
2710,《城市公厕管理办法》,Enhanced
2711,城市公厕,Enhanced
2712,荣誉,Enhanced
2713,在城市公厕的规划、建设和管理中取得显著成绩的单位和个人,Enhanced
2714,国家安全生产监督管理总局,Enhanced
2715,生产经营单位安全培训规定,Enhanced
2716,安全生产培训管理办法的一部分,Enhanced
2717,从业人员,Enhanced
2718,生产经营单位主要负责人和安全生产管理人员,Enhanced
2719,煤矿,Enhanced
2720,矿山行业,Enhanced
2721,非煤矿山,Enhanced
2722,化工行业,Enhanced
2723,危险品行业,Enhanced
2724,金属冶炼,Enhanced
2725,冶金行业,Enhanced
2726,公安机关代履行,Enhanced
2727,指导督促开展防震减灾知识宣传教育工作,Enhanced
2728,西安市地震局,Enhanced
2729,宣传法规处,Enhanced
2730,蚕种,Enhanced
2731,《蚕种管理办法》,Enhanced
2732,农业农村部,Enhanced
2733,全国蚕种的管理工作,Enhanced
2734,县级以上地方人民政府农业农村（蚕业）主管部门,Enhanced
2735,本行政区域内的蚕种管理工作,Enhanced
2736,蚕种的监督检查,Enhanced
2737,蚕种管理办法,Enhanced
2738,"""土地复垦验收确认""",Enhanced
2739,"""其他权力类型""",Enhanced
2740,"""西安市自然资源和规划局""",Enhanced
2741,"""国土空间生态修复处""",Enhanced
2742,土地复垦验收确认,Enhanced
2743,国土空间生态修复处,Enhanced
2744,水资源配置和节约使用,Enhanced
2745,水政水资源管理处（执法监督处） 西安市节约用水服务中心,Enhanced
2746,《中华人民共和国水法》,Enhanced
2747,《陕西省节约用水办法》,Enhanced
2748,县级以上地方人民政府水行政主管部门或者流域管理机构,Enhanced
2749,水量分配方案和年度预测来水量,Enhanced
2750,新建、扩建、改建建设项目,Enhanced
2751,节水措施方案,Enhanced
2752,供水企业和自建供水设施的单位,Enhanced
2753,供水设施的维护管理,Enhanced
2754,西安市节约用水服务中心,Enhanced
2755,政府服务机构,Enhanced
2756,道桥管理处,Enhanced
2757,灯饰照明管理处,Enhanced
2758,排水管理处,Enhanced
2759,市(地区)、县(市、区)建设行政主管部门或市政工程、公用事业行政主管部门,Enhanced
2760,城市市政公用设施的建设、养护、管理和监督工作,Enhanced
2761,各级人民政府或建设行政主管部门,Enhanced
2762,检举人或保护市政公用设施的有功人员给以表彰和奖励,Enhanced
2763,对检举人或保护市政公用设施有功人员的奖励,Enhanced
2764,陕西省城市市政公用设施管理条例,Enhanced
2765,省政府,Enhanced
2766,社区,Enhanced
2767,生产、销售伪劣产品罪,Enhanced
2768,非法经营罪,Enhanced
2769,"""查封登记""",Enhanced
2770,"""行政确认""",Enhanced
2771,查封登记,Enhanced
2772,国有土地上房屋征收与补偿条例,Enhanced
2773,西安市国有土地上房屋征收与补偿办法,Enhanced
2774,房地产价格评估机构,Enhanced
2775,房地产估价师,Enhanced
2776,发证机关,Enhanced
2777,城市,Enhanced
2778,擅自拆除绿篱、花坛或者铲除草坪,Enhanced
2779,《西安市城市绿化条例》,Enhanced
2780,每平方米500元以上1000元以下罚款,Enhanced
2781,建设项目的节水设施没有建成或者没有达到国家规定的要求擅自投入使用行为,Enhanced
2782,西安市城市节约用水条例,Enhanced
2783,县级以上人民政府有关部门或者流域管理机构,Enhanced
2784,城市节约用水行政主管部门,Enhanced
2785,出租汽车经营者,Enhanced
2786,西安市出租汽车管理条例,Enhanced
2787,巡游出租汽车经营者,Enhanced
2788,县级以上地方人民政府出租汽车行政主管部门,Enhanced
2789,巡游出租汽车驾驶员,Enhanced
2790,补证登记,Enhanced
2791,国土资源部令第63号公布,Enhanced
2792,2019年7月自然资源部令第5号修正,Enhanced
2793,不动产权属证书或者不动产登记证明,Enhanced
2794,不动产权利人,Enhanced
2795,补发,Enhanced
2796,不动产登记机构,Enhanced
2797,其门户网站刊发不动产权利人的遗失、灭失声明,Enhanced
2798,不动产权利人的遗失、灭失声明,Enhanced
2799,"15个工作日后,予以补发",Enhanced
2800,不动产权属证书,Enhanced
2801,证书类型,Enhanced
2802,不动产登记证明,Enhanced
2803,法规依据,Enhanced
2804,不动产权属证书或不动产登记证明,Enhanced
2805,铸造用熔炼炉,Enhanced
2806,精炼炉,Enhanced
2807,压铸机,Enhanced
2808,氧枪,Enhanced
2809,对未设置监测报警装置的行为进行处罚,Enhanced
2810,烟花爆竹生产经营企业在用涉药机械设备未经安全性论证或者擅自更改、改变用途,Enhanced
2811,补充依据,Enhanced
2812,同等法律条款,Enhanced
2813,《刑法》,Enhanced
2814,违规行为,Enhanced
2815,零售商供应商公平交易管理办法,Enhanced
2816,涉嫌犯罪者,Enhanced
2817,县级以上商务主管部门,Enhanced
2818,零售商供应商公平交易行为,Enhanced
2819,举报,Enhanced
2820,零售商或供应商,Enhanced
2821,违反本办法规定的行为,Enhanced
2822,县级以上商务、价格、税务、工商等部门,Enhanced
2823,涉嫌犯罪的线索,Enhanced
2824,国家发改委,Enhanced
2825,公安部,Enhanced
2826,国家税务总局,Enhanced
2827,国家工商行政管理总局,Enhanced
2828,三级、四级实验室,Enhanced
2829,未经批准从事某种高致病性病原微生物或者疑似高致病性病原微生物实验活动,Enhanced
2830,县级以上地方人民政府卫生主管部门,Enhanced
2831,有关活动,Enhanced
2832,县级以上地方人民政府兽医主管部门,Enhanced
2833,用于实验活动的病原微生物,Enhanced
2834,三级、四级实验室未经批准从事某种高致病性病原微生物或者疑似高致病性病原微生物实验活动的处罚,Enhanced
2835,实验室的设立单位,Enhanced
2836,撤职、开除,Enhanced
2837,三级实验室,Enhanced
2838,实验室类型,Enhanced
2839,四级实验室,Enhanced
2840,防空地下室质量监督,Enhanced
2841,竣工验收,Enhanced
2842,人防工程质量监督站,Enhanced
2843,化学品单位,Enhanced
2844,物理危险性鉴定或者分类,Enhanced
2845,未按照本办法规定对化学品进行物理危险性鉴定或者分类,Enhanced
2846,未按照本办法规定建立化学品物理危险性鉴定与分类管理档案,Enhanced
2847,在办理化学品物理危险性的鉴定过程中，隐瞒化学品的危险性成 分、含量等相关信息或者提供虚假材料,Enhanced
2848,《化学品物理危险性鉴定与分类管理办法》,Enhanced
2849,国家安全生产监督管理总局令第60号,Enhanced
2850,过程,Enhanced
2851,对违反宅基地法律法规的行为的监督检查,Enhanced
2852,《中华人民共和国土地管理法》(2019年8月修正,Enhanced
2853,监督检查职责,Enhanced
2854,"要求被检查的单位或者个人提供有关土地权利的文件和资料,进行查阅或者予以复制",Enhanced
2855,要求被检查的单位或者个人就有关土地权利的问题作出说明,Enhanced
2856,进入被检查单位或者个人非法占用的土地现场进行勘测,Enhanced
2857,责令非法占用土地的单位或者个人停止违反土地管理法律、法规的行为,Enhanced
2858,《中华人民共和国土地管理法》(2019年8月修正),Enhanced
2859,三侨考生,Enhanced
2860,华侨子女,Enhanced
2861,中华人民共和国归侨侨眷权益保护法实施办法,Enhanced
2862,归侨,Enhanced
2863,负责侨务工作的机构,Enhanced
2864,侨眷,Enhanced
2865,归侨学生,Enhanced
2866,教育等有关部门,Enhanced
2867,归侨子女,Enhanced
2868,华侨在国内的子女,Enhanced
2869,住房分配货币化方案审核,Enhanced
2870,住房制度改革处,Enhanced
2871,职工住房情况,Enhanced
2872,住房补贴对象,Enhanced
2873,职工住房补贴,Enhanced
2874,关于申请核定住房补贴的报告,Enhanced
2875,市、区房改行政管理部门,Enhanced
2876,《关于申请核定住房补贴的报告》,Enhanced
2877,市、区财政行政管理部门,Enhanced
2878,一次性住房补贴,Enhanced
2879,个人住房补贴账户,Enhanced
2880,职工,Enhanced
2881,住房补贴,Enhanced
2882,购房合同及首付款凭证,Enhanced
2883,西安住房公积金管理中心,Enhanced
2884,西安市住房分配货币化实施办法,Enhanced
2885,职工住房补贴申请,Enhanced
2886,职工个人住房补贴账户,Enhanced
2887,售房单位,Enhanced
2888,对在作业场所使用国家明令禁止使用的有毒物品或者使用不符合国家标准的有毒物品的处罚,Enhanced
2889,在作业场所使用国家明令禁止使用的有毒物品或者使用不符合国家标准的有毒物品的,Enhanced
2890,责令立即停止使用,Enhanced
2891,"情节严重时,责令停止使用有毒物品作业",Enhanced
2892,"情节严重时,提请有关人民政府按照国务院规定的权限予以关闭",Enhanced
2893,"情节严重时,对负有责任的主管人员和其他直接责任人员依法追究刑事责任",Enhanced
2894,宅基地使用权首次登记,Enhanced
2895,融资担保公司设立,Enhanced
2896,合并,Enhanced
2897,分立,Enhanced
2898,减少注册资本,Enhanced
2899,跨省设立分支机构审核转报,Enhanced
2900,执业医师,Enhanced
2901,本条例,Enhanced
2902,麻醉药品和第一类精神药品,Enhanced
2903,第二类精神药品,Enhanced
2904,未取得麻醉药品和第一类精神药品处方资格的执业医师擅自开具麻醉药品和第一类精神药品处方的行为,Enhanced
2905,业务范围,Enhanced
2906,职业,Enhanced
2907,药品,Enhanced
2908,专用处方,Enhanced
2909,中华人民共和国土壤污染防治法,Enhanced
2910,金属非金属地下矿山重大事故隐患,Enhanced
2911,巷道或者采场顶板未按设计采取支护措施,Enhanced
2912,"处罚措施,违法行为",Enhanced
2913,五万元以下,Enhanced
2914,基金会,Enhanced
2915,基金会分支机构,Enhanced
2916,基金会代表机构,Enhanced
2917,境外基金会代表机构,Enhanced
2918,《陕西省计量监督管理条例》,Enhanced
2919,未使用国家法定计量单位行为,Enhanced
2920,第三十五条,Enhanced
2921,第六条,Enhanced
2922,从事下列活动必须使用国家法定计量单位,Enhanced
2923,2021年修订,Enhanced
2924,制发公文、公报、统计报表,Enhanced
2925,国家法定计量单位,Enhanced
2926,制定标准、规程及技术文件,Enhanced
2927,出具检定、校准、测试、检验数据,Enhanced
2928,编播广播、影视节目,Enhanced
2929,进行教学、科研，发表研究报告、学术论文及技术资料,Enhanced
2930,出版、发行图书、报刊、音像制品和电子出版物,Enhanced
2931,制作、发布广告和网页，提供信息服务,Enhanced
2932,生产产品，进口、销售商品，标注商品标识、标签，编制产品使用说明书,Enhanced
2933,印制票据、票证、账册、包装、装潢、技术图样及相关资料,Enhanced
2934,签订合同、协议,Enhanced
2935,开具处方，填写病历,Enhanced
2936,国家和本省规定应当明示计量单位的其他活动,Enhanced
2937,公路安全保护条例,Enhanced
2938,公路建筑控制区,Enhanced
2939,区域,Enhanced
2940,公路标志,Enhanced
2941,公路,Enhanced
2942,道路设施,Enhanced
2943,公路管理机构,Enhanced
2944,Municipal facility construction approval,Enhanced
2945,Administrative permit,Enhanced
2946,Xian City Management and Comprehensive Law Enforcement Bureau,Enhanced
2947,Administrative approval department,Enhanced
2948,市政设施建设类审批,Enhanced
2949,监管市政府工作,Enhanced
2950,无证无照经营查处办法,Enhanced
2951,《无证无照经营查处办法》,Enhanced
2952,履行工商行政管理职责的部门,Enhanced
2953,违法经营者,Enhanced
2954,从事无照经营的经营者,Enhanced
2955,国务院令684号公布,Enhanced
2956,医疗器械经营企业,Enhanced
2957,处5万元以上10万元以下罚款,Enhanced
2958,医疗器械经营监督管理办法,Enhanced
2959,罚款金额范围,Enhanced
2960,医疗器械经营企业未按照要求提交质量管理体系年度自查报告,Enhanced
2961,医疗器械经营企业违反规定为其他医疗器械生产经营企业专门提供贮存、运输服务,Enhanced
2962,非煤矿山承包单位,Enhanced
2963,《非煤矿山外包工程安全管理暂行办法》,Enhanced
2964,行政处罚措施,Enhanced
2965,处1万元以上3万元以下罚款,Enhanced
2966,第三十七条第一款,Enhanced
2967,组织编制国土空间城市设计导则,Enhanced
2968,城市设计处,Enhanced
2969,对不符合规定条件经营饲料、饲料添加剂的行政处罚,Enhanced
2970,饲料和饲料添加剂管理条例,Enhanced
2971,饲料添加剂,Enhanced
2972,饲料,Enhanced
2973,对当事人逾期不执行停产、停业使用、停止施工决定的强制执行,Enhanced
2974,本法规定的行政处罚,Enhanced
2975,"《中华人民共和国治安管理处罚法》,传唤消防安全违法行为人",Enhanced
2976,被责令停止施工、停止使用、停产停业的,Enhanced
2977,"向公安机关消防机构,报告",Enhanced
2978,合格,Enhanced
2979,"方可,恢复施工、使用、生产、经营",Enhanced
2980,停产停业、停止使用、停止施工决定,Enhanced
2981,作出决定的公安机关消防机构,Enhanced
2982,当事人逾期不执行的决定,Enhanced
2983,并由公安机关报请本级人民政府依法决定,Enhanced
2984,实施,Enhanced
2985,《中华人民共和国消防法》第七十条,Enhanced
2986,"公安机关等部门, 实施",Enhanced
2987,第八十条,Enhanced
2988,船舶、浮动设施的所有人或者经营人,Enhanced
2989,船员,Enhanced
2990,责令停航或者停止作业,Enhanced
2991,刑法中的罪名,Enhanced
2992,停航或者停止作业,Enhanced
2993,《西安市限制养犬条例》,Enhanced
2994,2011年11月24日,Enhanced
2995,2011年12月21日,Enhanced
2996,2012年2月1日,Enhanced
2997,养犬、购犬和受赠的个人、单位,Enhanced
2998,变更登记手续,Enhanced
2999,养犬人、养犬单位,Enhanced
3000,注销手续,Enhanced
3001,养犬人,Enhanced
3002,《养犬登记证》,Enhanced
3003,犬只,Enhanced
3004,犬牌,Enhanced
3005,运营企业,Enhanced
3006,第二十九条规定,Enhanced
3007,《西安市公共汽车客运条例》,Enhanced
3008,运营企业未在规定期限内开展运营,Enhanced
3009,违反国家有关规定或者标准，向水体排放含低放射性物质的废水、热废水或者含病原体的污水,Enhanced
3010,禁止,Enhanced
3011,在道路、桥涵保护范围内取土、采砂、爆破、取石、打井、倾倒垃圾和存放易燃、易爆物品,Enhanced
3012,处以警告,Enhanced
3013,处以五十元以上一千元以下罚款,Enhanced
3014,情节严重的处以一千元以上一万元以下罚款,Enhanced
3015,造成重大危害后果的处以一万元以上二万元以下罚款,Enhanced
3016,行政,Enhanced
3017,违反禁止的行为,Enhanced
3018,禁止在道路、桥涵保护范围内取土、采砂、爆破、取石、打井、倾倒垃圾和存放易燃、易爆物品,Enhanced
3019,机动车抵押登记,Enhanced
3020,机动车登记规定,Enhanced
3021,《机动车登记规定》,Enhanced
3022,机动车所有人,Enhanced
3023,抵押登记,Enhanced
3024,抵押权人,Enhanced
3025,身份证明,Enhanced
3026,主合同,Enhanced
3027,证明,Enhanced
3028,抵押合同,Enhanced
3029,车辆管理所,Enhanced
3030,《机动车登记规定》（公安部124号令）,Enhanced
3031,机动车登记证书,Enhanced
3032,户外广告设施维护管理责任人,Enhanced
3033,户外广告设施安全保障责任人,Enhanced
3034,日常维护管理,Enhanced
3035,定期安全检查,Enhanced
3036,户外广告设施,Enhanced
3037,更新,Enhanced
3038,保障房建设计划审核,Enhanced
3039,住房保障处,Enhanced
3040,保障中心,Enhanced
3041,《中华人民共和国特种设备安全法》,Enhanced
3042,特种设备安装、改造、修理的施工单位,Enhanced
3043,特种设备使用单位,Enhanced
3044,相关技术资料和文件,Enhanced
3045,娱乐场所管理条例（国务院令第458号）,Enhanced
3046,未按规定建立娱乐场所从业人员名簿、营业日志,Enhanced
3047,进行行政处罚,Enhanced
3048,对依法应当进行消防设计审查的建设工程,Enhanced
3049,"未经依法审查或者审查不合格,擅自施工或者依法应当进行消防验收的建设工程",Enhanced
3050,"未经消防验收或者消防验收不合格,擅自投入使用或者《消防法》第十三条规定的其他建设工程验收后经依法抽查不合格,不停止使用",Enhanced
3051,对企业,Enhanced
3052,《企业环境信息依法披露管理办法》,Enhanced
3053,对在广场、公园、旅游景点、车站、机场、医院等公共场所进行传教，有违法所得、非法财物的处罚,Enhanced
3054,《陕西省宗教事务条例》第四十条 第二款,Enhanced
3055,《陕西省宗教事务条例》第五十九条,Enhanced
3056,第四十条第二款,Enhanced
3057,"民族一处,宗教一处,宗教二处",Enhanced
3058,在广场、公园、旅游景点、车站、机场、医院等公共场所通过散发宗教宣传品等方式进行传教,Enhanced
3059,没收违法所得和非法财物,Enhanced
3060,未进行计算机信息网络国际联网备案的行政处罚,Enhanced
3061,《国务院关于加强食品等产品安全监督管理的特别规定》,Enhanced
3062,2007年7月26日,Enhanced
3063,生产者,Enhanced
3064,原料,Enhanced
3065,辅料,Enhanced
3066,添加剂,Enhanced
3067,农业投入品,Enhanced
3068,农业、卫生、质检、商务、药品等监督管理部门,Enhanced
3069,第四条,Enhanced
3070,政府法规,Enhanced
3071,对在艾滋病防治工作中做出显著成绩和贡献的单位和个人表彰和奖励,Enhanced
3072,《艾滋病防治条例》,Enhanced
3073,国务院条例,Enhanced
3074,陕西省条例,Enhanced
3075,《小型露天采石场安全管理与监督检查规定》,Enhanced
3076,国家安全生产监督管理总局公布,Enhanced
3077,2015年5月26日修正,Enhanced
3078,废石,Enhanced
3079,废石场,Enhanced
3080,废碴,Enhanced
3081,废石场的设置,Enhanced
3082,设计要求,Enhanced
3083,有关安全规定,Enhanced
3084,"处以,2万元以下的罚款",Enhanced
3085,并处2万元以下的罚款,Enhanced
3086,废石和废碴的排放要求,Enhanced
3087,《护士条例》,Enhanced
3088,未取得护士执业证书的人员,Enhanced
3089,未依照规定办理执业地点变更手续、延续执业注册有效期的护士,Enhanced
3090,国务院卫生主管部门规定的护士配备标准,Enhanced
3091,护士配备标准,Enhanced
3092,网络餐饮服务第三方平台提供者,Enhanced
3093,投诉举报处理制度,Enhanced
3094,投诉举报方式,Enhanced
3095,涉及消费者食品安全的投诉举报及时进行处理,Enhanced
3096,违反本办法第十七条规定的行为,Enhanced
3097,拒不改正的违反本办法第十七条规定的行为,Enhanced
3098,《网络餐饮服务食品安全监督管理办法》,Enhanced
3099,国家食品药品监督管理总局,Enhanced
3100,平台,Enhanced
3101,制度,Enhanced
3102,方式,Enhanced
3103,严重违法行为,Enhanced
3104,县级以上商务行政主管部门,Enhanced
3105,牲畜定点屠宰厂(场,Enhanced
3106,一千元以上一万元以下罚款,Enhanced
3107,牲畜定点屠宰厂(场),Enhanced
3108,信息报送制度,Enhanced
3109,国家有关屠宰统计报表制度,Enhanced
3110,屠宰、销售等相关信息,Enhanced
3111,西安市人民政府关于改革完善市级食品药品监督管理体制的实施意见,Enhanced
3112,市商务局的畜禽屠宰监管职能划入市农业委员会,Enhanced
3113,西安市人民政府关于改革完善区县食品药品监督管理体制的意见,Enhanced
3114,区县经贸部门承担的牲畜屠宰管理职能划转到区县农业部门,Enhanced
3115,市农业委员会,Enhanced
3116,市商务局,Enhanced
3117,区县农业部门,Enhanced
3118,区县经贸部门,Enhanced
3119,陕西省牲畜屠宰管理条例,Enhanced
3120,《陕西省牲畜屠宰管理条例》,Enhanced
3121,"校车未运载学生上道路行驶,使用校车标牌、校车标志灯及使用停车指示标志的处罚",Enhanced
3122,校车驾驶人,Enhanced
3123,"公安机关交通管理部门,责令改正",Enhanced
3124,道路交通安全法律法规关于道路通行规定,Enhanced
3125,"校车驾驶人,从重处罚",Enhanced
3126,校车未运载学生上道路行驶，使用校车标牌、校车标志灯及使用停车指示标志的处罚,Enhanced
3127,《校车安全管理条例》（国务院617号令）,Enhanced
3128,市容环境容环境卫生主管部门,Enhanced
3129,时间,Enhanced
3130,路线,Enhanced
3131,处理场所,Enhanced
3132,市容环境卫生主管部门,Enhanced
3133,处理方案,Enhanced
3134,建筑垃圾管理处,Enhanced
3135,市容环境卫生主管部门指定的时间、路线和处理场所,Enhanced
3136,责令改正，并处以一千元以上一万元以下罚款,Enhanced
3137,经营性或非经营性互联网文化单位,Enhanced
3138,非经营性互联网文化单位,Enhanced
3139,经营性互联网文化单位,Enhanced
3140,互联网文化单位,Enhanced
3141,互联网文化产品,Enhanced
3142,行政级别,Enhanced
3143,含有禁止内容的或未经批准进口的互联网文化产品,Enhanced
3144,对慈善组织违反《中华人民共和国慈善法》第十四条规定造成慈善财产损失的,Enhanced
3145,《中华人民共和国标准化法》,Enhanced
3146,企业未依照规定公开其执行的标准的处理,Enhanced
3147,第三十八条,Enhanced
3148,旅行社责任险,Enhanced
3149,"旅行社,进行行政处罚",Enhanced
3150,保险,Enhanced
3151,扣押涉案的财物,Enhanced
3152,林业有害生物预测预报信息发布,Enhanced
3153,陕西省林业有害生物防治检疫条例,Enhanced
3154,县级以上林业行政主管部门,Enhanced
3155,林业有害生物预警预报发布制度,Enhanced
3156,预警预报信息,Enhanced
3157,广播、电视、报刊、网络等媒体,Enhanced
3158,林业有害生物预警预报信息,Enhanced
3159,"不得以任何形式向社会发布,预警预报信息",Enhanced
3160,不得以任何形式向社会发布预警预报信息,Enhanced
3161,未经批准擅自在野外进行放射性同位素示踪试验的行政处罚,Enhanced
3162,《放射性同位素与射线装置安全和防护条例》,Enhanced
3163,未经批准擅自在野外进行放射性同位素示踪试验的,Enhanced
3164,true,Enhanced
3165,国务院令第449号,Enhanced
3166,对违规收取和退还投标保证金的处罚,Enhanced
3167,2019年3月,Enhanced
3168,国务院令第494号公布,Enhanced
3169,国务院令第764号修正,Enhanced
3170,第四十九条,Enhanced
3171,住房公积金管理中心,Enhanced
3172,准予贷款,Enhanced
3173,不准贷款,Enhanced
3174,住房公积金贷款核准,Enhanced
3175,住房公积金贷款服务,Enhanced
3176,其他,Enhanced
3177,《住房公积金管理条例》,Enhanced
3178,《西安市住房公积金管理条例》,Enhanced
3179,受委托银行,Enhanced
3180,贷款,Enhanced
3181,凹陷露天矿山未按设计建设防洪、排洪设施,Enhanced
3182,事故隐患,Enhanced
3183,金属非金属矿山重大事故隐患判定标准,Enhanced
3184,中华人民共和国森林法,Enhanced
3185,《中华人民共和国森林法》（2019年修订）,Enhanced
3186,医疗机构设置审查,Enhanced
3187,节能处,Enhanced
3188,科技促进中心,Enhanced
3189,建设领域推广应用新技术管理规定,Enhanced
3190,《建设领域推广应用新技术管理规定》,Enhanced
3191,某企业环保部,Enhanced
3192,指导生态环境部政策,Enhanced
3193,第七十六条第二项,Enhanced
3194,噪声重点排污单位未按照国家规定安装、使用、维护噪声自动监测设备，或者未与生态环境主管部门的监控设备联网的,Enhanced
3195,对招摇撞骗的处罚,Enhanced
3196,街道办事处,Enhanced
3197,政府服务,Enhanced
3198,政府工作,Enhanced
3199,权力分类,Enhanced
3200,粮食收购者,Enhanced
3201,粮食储存企业,Enhanced
3202,违法销售出库的粮食,Enhanced
3203,不足1万元,Enhanced
3204,1万元以上的1倍以上5倍以下,Enhanced
3205,霉变,Enhanced
3206,色泽、气味异常,Enhanced
3207,储存期间使用储粮药剂未满安全间隔期,Enhanced
3208,被包装材料、容器、运输工具等污染,Enhanced
3209,其他法律、法规或者国家有关规定明确不得作为食用用途销售的,Enhanced
3210,中华人民共和国国务院令第407号,Enhanced
3211,已经领取勘查许可证的勘查项目,Enhanced
3212,满6个月未开始施工,Enhanced
3213,施工后无故停止勘查工作满6个月,Enhanced
3214,县级以上人民政府负责地质矿产管理工作的部门,Enhanced
3215,矿产资源勘查区块登记管理办法,Enhanced
3216,地质矿产主管部门,Enhanced
3217,满6个月未开始施工或施工后无故停止勘查工作满6个月,Enhanced
3218,设计进行开采,Enhanced
3219,《矿产资源监督管理暂行办法》,Enhanced
3220,矿山企业必须按照设计进行开采,Enhanced
3221,对开采应当加强监督检查,Enhanced
3222,追究有关人员的责任,Enhanced
3223,由地质矿产主管部门责令其限期改正,Enhanced
3224,可处以相当于矿石损失50％以下的罚款,Enhanced
3225,"情节严重的,应当责令停产整顿或者吊销采矿许可证",Enhanced
3226,本办法第十三条、第十四条、第十七条、第十九条、第二十一条的规定,Enhanced
3227,资源破坏损失,Enhanced
3228,国发[1987]42号,Enhanced
3229,第十四条、第十七条等,Enhanced
3230,第三类医疗器械经营企业,Enhanced
3231,办理企业名称、法定代表人、企业负责人变更,Enhanced
3232,《医疗器械经营监督管理办法》,Enhanced
3233,国家市场监督管理总局令第54号,Enhanced
3234,2022年5月1日,Enhanced
3235,监管机构,Enhanced
3236,法令,Enhanced
3237,日期,Enhanced
3238,《网络食品安全违法行为查处办法》,Enhanced
3239,网络食品交易第三方平台提供者,Enhanced
3240,入网食品生产经营者,Enhanced
3241,对生态环境主管部门组织的对环境影响评价文件进行评估的技术单位违规收取费用的行政处罚,Enhanced
3242,建设项目环境保护管理条例,Enhanced
3243,违反本条例规定，技术机构向建设单位、从事环境影响评价工作的单位收取费用的行政处罚,Enhanced
3244,未经注册擅自以注册安全工程师名义执业的行为,Enhanced
3245,由县级以上安全生产监督管理部门、有关主管部门或者煤矿安全监察机构责令其停止违法活动，没收违法所得，并处三万元以下的罚款,Enhanced
3246,县级以上安全生产监督管理部门,Enhanced
3247,处三万元以下的罚款,Enhanced
3248,责令当事人改正或者限期改正违法行为,Enhanced
3249,注册安全工程师管理规定,Enhanced
3250,规范性文件,Enhanced
3251,中华人民共和国行政处罚法,Enhanced
3252,注册安全工程师,Enhanced
3253,民办学校举办者及实际控制人,Enhanced
3254,学校法人财产,Enhanced
3255,学校获取利益,Enhanced
3256,县级以上人民政府教育行政部门,Enhanced
3257,所收费用,Enhanced
3258,没收,Enhanced
3259,1至5年内不得新成为民办学校举办者或实际控制人,Enhanced
3260,社会影响恶劣,Enhanced
3261,财产,Enhanced
3262,利益,Enhanced
3263,情节特别严重,Enhanced
3264,未遵守值班规则擅自离开工作岗位的,Enhanced
3265,未按照水上交通安全和防治船舶污染操作规则操纵、控制和管理船舶的,Enhanced
3266,发现或者发生险情、事故、保安事件或者影响航行安全的情况未及时报告的,Enhanced
3267,未如实填写或者记载有关船舶、船员法定文书的,Enhanced
3268,不依法履行救助义务或者肇事逃逸的,Enhanced
3269,利用船舶私载旅客、货物或者携带违禁物品的行为,Enhanced
3270,暂扣船员适任证书,Enhanced
3271,隐匿、篡改或者销毁有关船舶、船员法定证书、文书的行为,Enhanced
3272,地方工商行政管理部门,Enhanced
3273,处十万元罚款,Enhanced
3274,生产经营者,Enhanced
3275,“驰名商标”字样用于商品、商品包装或者容器上,Enhanced
3276,“驰名商标”字样用于广告宣传,Enhanced
3277,“驰名商标”字样用于展览,Enhanced
3278,“驰名商标”字样用于其他商业活动,Enhanced
3279,中华人民共和国商标法,Enhanced
3280,驰名商标字样,Enhanced
3281,商品包装或者容器,Enhanced
3282,容器,Enhanced
3283,广告宣传,Enhanced
3284,其他商业活动,Enhanced
3285,《中华人民共和国商标法》（2019年修订）,Enhanced
3286,未取得相应从业资格证件,Enhanced
3287,使用失效、伪造、变造的从业资格证件,Enhanced
3288,超越从业资格证件核定范围,Enhanced
3289,《道路运输从业人员管理规定》,Enhanced
3290,设区的市级交通运输主管部门,Enhanced
3291,5万元以上10万元以下的罚款,Enhanced
3292,药品上市许可持有人,Enhanced
3293,药品生产企业,Enhanced
3294,药品经营企业,Enhanced
3295,药物非临床安全性评价研究机构,Enhanced
3296,药物临床试验机构,Enhanced
3297,未遵守药品生产质量管理规范,Enhanced
3298,未开具标明药品名称,Enhanced
3299,经营企业知道或者应当知道他人从事无证生产,Enhanced
3300,药品生产质量管理规范,Enhanced
3301,规范,Enhanced
3302,药品经营质量管理规范,Enhanced
3303,药物非临床研究质量管理规范,Enhanced
3304,药物临床试验质量管理规范,Enhanced
3305,药品零售企业,Enhanced
3306,销售凭证,Enhanced
3307,无证生产,Enhanced
3308,无证经营,Enhanced
3309,西安市市场监督管理局的承办机构,Enhanced
3310,五千元以下的罚款,Enhanced
3311,公路、公路用地范围内,Enhanced
3312,将公路作为检验机动车制动性能的试车场地,Enhanced
3313,二千元以上五千元以下罚款,Enhanced
3314,机动车制造厂,Enhanced
3315,违反本法第四十六条的规定,Enhanced
3316,造成公路路面损坏、污染或者影响公路畅通,Enhanced
3317,违反本法第五十一条规定,Enhanced
3318,将公路作为试车场地,Enhanced
3319,将公路作为检验机动车制动性能的试车场地和驾驶培训、考试场地,Enhanced
3320,围湖造地,Enhanced
3321,未经批准围垦河道,Enhanced
3322,在长江、黄河、珠江、辽河、淮河、海河入海河口范围内违反河口整治规划围海造地,Enhanced
3323,代为恢复原状,Enhanced
3324,中华人民共和国防洪法,Enhanced
3325,第二十三条,Enhanced
3326,第五十六条,Enhanced
3327,第六十三条,Enhanced
3328,法律执行,Enhanced
3329,在湖泊周围进行土地开发,Enhanced
3330,围垦河道,Enhanced
3331,在河流周围进行土地开发,Enhanced
3332,由相关部门代替违法者恢复原状,Enhanced
3333,恢复原状,Enhanced
3334,将被破坏的环境恢复到原状,Enhanced
3335,对违法行为进行经济处罚,Enhanced
3336,要求违法行为立即停止,Enhanced
3337,"""棉花复验仲裁""",Enhanced
3338,"""纤检所""",Enhanced
3339,土地储备计划编制,Enhanced
3340,制造、修理、销售以欺骗消费者为目的的计量器具的,Enhanced
3341,没收计量器具和全部违法所得,Enhanced
3342,并处二千元以下罚款,Enhanced
3343,国家技术监督局,Enhanced
3344,计量违法行为处罚细则,Enhanced
3345,出售,Enhanced
3346,购买,Enhanced
3347,利用国家重点保护水生野生动物及其制品审批,Enhanced
3348,委托西安市农业农村局（市乡村振兴局）行使,Enhanced
3349,《水行政许可实施办法》,Enhanced
3350,2005年7月8日,Enhanced
3351,2023年,Enhanced
3352,涂改、倒卖、出租、出借水行政许可证件,Enhanced
3353,以其他形式非法转让水行政许可,Enhanced
3354,超越行政许可范围进行活动,Enhanced
3355,向负责监督检查的行政机关隐瞒有关情况,Enhanced
3356,提供虚假材料,Enhanced
3357,拒绝提供反映其活动情况的真实材料,Enhanced
3358,水行政许可实施机关,Enhanced
3359,降低水行政许可资格等级,Enhanced
3360,一千元,Enhanced
3361,西安市汽车客运站场管理办法,Enhanced
3362,站场经营者,Enhanced
3363,《西安市汽车客运站场管理办法》,Enhanced
3364,西安市人民政府令第14号,Enhanced
3365,西安市人民政府令第144号,Enhanced
3366,食品添加剂生产许可,Enhanced
3367,行政征收,Enhanced
3368,违反我国法律、法规和社会公德的项目或者活动,Enhanced
3369,二千元以上二万元以下罚款,Enhanced
3370,导游证,Enhanced
3371,主席令,Enhanced
3372,对旅行社安排旅游者参观或者参与违反我国法律、法规和社会公德的项目或者活动的行政处罚,Enhanced
3373,森林防火条例,Enhanced
3374,县级以上人民政府森林防火指挥机构,Enhanced
3375,森林防火区内有关单位,Enhanced
3376,有关单位或个人,Enhanced
3377,森林防火检查,Enhanced
3378,森林火灾隐患整改通知书,Enhanced
3379,县级以上地方人民政府林业主管部门,Enhanced
3380,有关单位,Enhanced
3381,森林防火检查活动,Enhanced
3382,拒绝接受森林防火检查的行为,Enhanced
3383,《森林防火条例》（1988年1月16日国务院发布 2008年11月国务院令第541号修订）,Enhanced
3384,200元以上2000元以下,Enhanced
3385,5000元以上1万元以下,Enhanced
3386,重大事故隐患判定,Enhanced
3387,安全生产违法行为,Enhanced
3388,安全设备安装、使用、检测、改造和报废不符合国家标准或者行业标准的行为,Enhanced
3389,水泥企业电石渣原料筒型储库,Enhanced
3390,重大事故隐患判定权力,Enhanced
3391,《西安市城乡规划条例》,Enhanced
3392,资源规划主管部门,Enhanced
3393,规划实施监督巡查制度,Enhanced
3394,违法建设,Enhanced
3395,要求有关单位或者人员提供与监督事项有关的文件、资料,Enhanced
3396,要求有关单位或者人员就监督事项涉及的问题作出解释和说明,Enhanced
3397,进入现场进行检查,Enhanced
3398,有关单位或者人员停止违反有关城乡规划的法律、法规和规章的行为,Enhanced
3399,对违法建设的监督检查,Enhanced
3400,西安市第十四届人民代表大会常务委员会第二十三次会议,Enhanced
3401,2020年11月西安市人民代表大会常务委员会公告〔16届〕第95号,Enhanced
3402,消防技术服务机构管理规定,Enhanced
3403,未取得资质,Enhanced
3404,"违反,本规定",Enhanced
3405,资质被依法注销,Enhanced
3406,《社会消防技术服务机构管理规定》,Enhanced
3407,冒名从事社会消防技术服务活动,Enhanced
3408,虚假文件、资料,Enhanced
3409,安全使用许可证,Enhanced
3410,"取得,安全使用许可证",Enhanced
3411,1年内,Enhanced
3412,该行政许可,Enhanced
3413,"取得,行政许可",Enhanced
3414,3年内,Enhanced
3415,"追究,刑事责任",Enhanced
3416,监管市政府,Enhanced
3417,监管对象,Enhanced
3418,《危险化学品安全使用许可证实施办法》,Enhanced
3419,《中华人民共和国行政许可法》,Enhanced
3420,相关业务处室,Enhanced
3421,《中华人民共和国大气污染防治法》,Enhanced
3422,企业事业单位和其他生产经营者,Enhanced
3423,"可以对,有关设施、设备、物品采取查封、扣押等行政强制措施",Enhanced
3424,其他负有大气环境保护监督管理职责的部门,Enhanced
3425,造成医疗保障基金损失,Enhanced
3426,责令退回,Enhanced
3427,参保人员,Enhanced
3428,暂停其医疗费用联网结算,Enhanced
3429,医疗保障行政部门,Enhanced
3430,处骗取金额2倍以上5倍以下的罚款,Enhanced
3431,医疗保障基金使用监督管理条例（国务院令第735号发布）,Enhanced
3432,骗取医疗保障基金,Enhanced
3433,金属非金属地下矿山企业,Enhanced
3434,领导带班下井制度,Enhanced
3435,《金属非金属地下矿山企业领导带班下井及监督检查暂行规定》,Enhanced
3436,国家安全生产监督管理总局令第34号,Enhanced
3437,国家安全生产监督管理总局令第78号,Enhanced
3438,责令限期整改,Enhanced
3439,矿山企业主要负责人,Enhanced
3440,罚款1万元,Enhanced
3441,罚款3万元,Enhanced
3442,未制定领导带班下井制度的企业,Enhanced
3443,档案馆,Enhanced
3444,综合档案馆,Enhanced
3445,专门档案馆,Enhanced
3446,部门档案馆,Enhanced
3447,西安市档案局,Enhanced
3448,档案馆设置备案,Enhanced
3449,档案事业发展处,Enhanced
3450,省档案行政管理部门,Enhanced
3451,档案馆建立,Enhanced
3452,其他社会组织,Enhanced
3453,所在地县级以上档案行政管理部门,Enhanced
3454,档案,Enhanced
3455,设奖规则,Enhanced
3456,公示信息,Enhanced
3457,兑奖结果,Enhanced
3458,获奖人员,Enhanced
3459,《规范促销行为暂行规定》,Enhanced
3460,规范促销行为暂行规定,Enhanced
3461,两年,Enhanced
3462,《规范促销行为暂行规定》第十三条第二款,Enhanced
3463,《规范促销行为暂行规定》第十九条,Enhanced
3464,县级以上市场监督管理部门责令改正,Enhanced
3465,可以处一万元以下罚款,Enhanced
3466,麻醉药品和精神药品管理条例,Enhanced
3467,麻醉药品药用原植物,Enhanced
3468,植物,Enhanced
3469,麻醉药品药用原植物的种植以及麻醉药品和精神药品的实验研究、生产、经营、使用、储存、运输活动,Enhanced
3470,污水处理设施、再生水利用设施设计方案,Enhanced
3471,污水处理监管处,Enhanced
3472,有色企业,Enhanced
3473,生产期间冶炼、精炼、铸造生产区域的事故坑、炉下渣坑，以及熔融金属泄漏、喷溅影响范围内的炉前平台、炉基区域、厂房内吊运和地面运输通道等区域存在非生产性积水,Enhanced
3474,生产活动,Enhanced
3475,经营活动,Enhanced
3476,炉前平台,Enhanced
3477,生产设施,Enhanced
3478,炉基区域,Enhanced
3479,厂房,Enhanced
3480,吊运,Enhanced
3481,运输通道,Enhanced
3482,积水,Enhanced
3483,物理现象,Enhanced
3484,棉花经营者,Enhanced
3485,按照国家标准和技术规范,Enhanced
3486,排除异性纤维和其他有害物质后确定所收购棉花的类别、等级、数量,Enhanced
3487,对所收购的超出国家规定水分标准的棉花进行技术处理,Enhanced
3488,分类别、分等级置放所收购的棉花,Enhanced
3489,棉花质量监督机构,Enhanced
3490,3万元以下的罚款,Enhanced
3491,《棉花质量监督管理条例》,Enhanced
3492,对棉花经营者收购棉花不按照国家标准和技术规范的行为的行政处罚,Enhanced
3493,国家标准和技术规范,Enhanced
3494,未按规定回交剧毒化学品购买证件回执,Enhanced
3495,未按规定缴交已使用剧毒化学品购买凭证存根,Enhanced
3496,未按规定缴交不再需要使用的剧毒化学品购买凭证,Enhanced
3497,未按规定作废、缴交填写错误的剧毒化学品购买凭证,Enhanced
3498,原发证公安机关,Enhanced
3499,不可抗力,Enhanced
3500,违反本办法的规定,Enhanced
3501,单位供水或用水设施、设备、器具,Enhanced
3502,造成漏损严重,Enhanced
3503,《西安市城市节约用水条例》（2006修正）,Enhanced
3504,漏损严重,Enhanced
3505,对水利领域依法必须进行招标的项目，招标人向他人透露已获取招标文件的潜在投标人名称、数量或者可能影响公平竞争的有关招标投标其他情况，或者泄露标底行为的行政处罚。,Enhanced
3506,粮食和储备行政管理等部门,Enhanced
3507,粮食流通管理条例,Enhanced
3508,对粮食收购者、粮食储存企业未按照规定使用仓储设施、运输工具的处罚,Enhanced
3509,养殖小区,Enhanced
3510,未经无害化处理的厨余垃圾,Enhanced
3511,饲喂畜禽,Enhanced
3512,对实施危害航标、危害航标辅助设施或者影响航标工作效能行为的行政处罚,Enhanced
3513,对与违反治安管理行为有关的场所、物品、人身的检查,Enhanced
3514,公安机关对与违反治安管理行为有关的场所、物品、人身可以进行检查,Enhanced
3515,《中华人民共和国公司法》,Enhanced
3516,第二百一十三条,Enhanced
3517,利用公司名义从事危害国家安全、社会公共利益的严重违法行为,Enhanced
3518,对外劳务合作企业,Enhanced
3519,国际经济合作处,Enhanced
3520,吊销对外劳务合作经营资格证书,Enhanced
3521,对外劳务合作经营资格证书,Enhanced
3522,文艺表演团体,Enhanced
3523,未向原发证机关申请换发营业性演出许可证,Enhanced
3524,市级人民政府文化主管部门,Enhanced
3525,经营性人力资源服务机构监督检查,Enhanced
3526,《人力资源市场暂行条例》,Enhanced
3527,进入被检查单位进行检查,Enhanced
3528,"询问有关人员,查阅服务台账等服务信息档案",Enhanced
3529,要求被检查单位提供与检查事项相关的文件资料,Enhanced
3530,采取记录、录音、录像、照相或者复制等方式收集有关情况和资料,Enhanced
3531,监督检查人员不得少于2人,Enhanced
3532,应当出示执法证件,Enhanced
3533,对被检查单位的商业秘密予以保密,Enhanced
3534,被检查单位,Enhanced
3535,人力资源社会保障行政部门依法进行的监督检查,Enhanced
3536,相关资料和信息,Enhanced
3537,隐瞒、拒绝、阻碍,Enhanced
3538,地图审核,Enhanced
3539,《地图管理条例》,Enhanced
3540,县级以上地方人民政府负责管理测绘地理信息工作的行政部门,Enhanced
3541,本行政区域地图工作的统一监督管理,Enhanced
3542,有关的地图工作,Enhanced
3543,省、自治区、直辖市人民政府测绘地理信息行政主管部门,Enhanced
3544,主要表现地在本行政区域范围内的地图,Enhanced
3545,设区的市级人民政府测绘地理信息行政主管部门,Enhanced
3546,主要表现地在设区的市行政区域范围内不涉及国界线的地图,Enhanced
3547,土地复垦费,Enhanced
3548,西安市工业和信息化局,Enhanced
3549,市节能监察机构,Enhanced
3550,政府机构或组织,Enhanced
3551,节能利用与执法处,Enhanced
3552,民办技工学校,Enhanced
3553,技师学院,Enhanced
3554,民办技工学校、技师学院筹设审批,Enhanced
3555,职业能力建设处,Enhanced
3556,中华人民共和国民办教育促进法,Enhanced
3557,陕西省人民政府关于委托一批行政同意事项的决定,Enhanced
3558,2022年6月29日陕西省人民政府令第235号,Enhanced
3559,设区的市级人力资源社会保障部门,Enhanced
3560,省人力资源社会保障厅,Enhanced
3561,部分权限至设区的市级人力资源社会保障部门,Enhanced
3562,未经登记,Enhanced
3563,《旅馆业治安管理办法》,Enhanced
3564,200元以下,Enhanced
3565,申请开办旅馆,Enhanced
3566,主管部门审查批准,Enhanced
3567,当地公安机关签署意见,Enhanced
3568,工商行政管理部门申请登记,Enhanced
3569,营业执照,Enhanced
3570,开办旅馆,Enhanced
3571,经主管部门审查批准,Enhanced
3572,经当地公安机关签署意见,Enhanced
3573,工商行政管理部门办理变更登记后3日内,Enhanced
3574,当地的县、市公安局、公安分局,Enhanced
3575,旅馆业治安管理办法,Enhanced
3576,国务院令第588号,Enhanced
3577,私自开业,Enhanced
3578,对未被指定经营大陆居民赴台旅游业务，或者旅行社及从业人员违反《大陆居民赴台湾地区旅游管理办法》规定的行政处罚,Enhanced
3579,大陆居民赴台旅游业务,Enhanced
3580,业务,Enhanced
3581,大陆居民赴台湾地区旅游管理办法,Enhanced
3582,旧电器电子产品市场,Enhanced
3583,对故意制作、传播计算机破坏性程序影响运行的处罚,Enhanced
3584,公安局,Enhanced
3585,《企业事业单位突发环境事件应急预案备案管理办法（试行）》,Enhanced
3586,档案检查,Enhanced
3587,实地核查,Enhanced
3588,专业技术服务机构,Enhanced
3589,抽查结果,Enhanced
3590,环境应急预案问题清单,Enhanced
3591,环境应急预案范例,Enhanced
3592,环境应急预案指导性要求,Enhanced
3593,对备案的环境应急预案行政检查,Enhanced
3594,抽查环境应急预案,Enhanced
3595,对食品相关产品生产者未建立并实施规定的食品相关产品质量安全管理制度的,Enhanced
3596,未按照规定制定食品相关产品质量安全事故处置方案的,Enhanced
3597,未按照规定实施原辅料控制以及开展相关安全评估验证的,Enhanced
3598,未按照规定建立并实施不合格产品管理制度、对检验结果不合格的产品进行相应处置的,Enhanced
3599,未按照规定建立并实施进货查验制度的行政处罚,Enhanced
3600,统计调查对象,Enhanced
3601,国家机关,Enhanced
3602,其他组织,Enhanced
3603,县级以上人民政府统计机构,Enhanced
3604,迟报统计资料,Enhanced
3605,国家机关、企业事业单位或其他组织,Enhanced
3606,营利性组织,Enhanced
3607,非营利性组织,Enhanced
3608,个体工商户,Enhanced
3609,企业事业单位或其他组织,Enhanced
3610,《国家矿山安全监察局关于印发〈金属非金属矿山重大事故隐患判定标准〉的通知》(矿安〔2022〕88号),Enhanced
3611,《国家矿山安全监察局关于印发〈金属非金属矿山重大事故隐患判定标准〉的通知》(矿安〔2022〕88号,Enhanced
3612,矿山年产量超过矿山设计年生产能力幅度在20%及以上,Enhanced
3613,"判定标准依据,《国家矿山安全监察局关于印发〈金属非金属矿山重大事故隐患判定标准〉的通知》(矿安〔2022〕88号",Enhanced
3614,生产经营单位未采取措施消除事故隐患的,Enhanced
3615,"处五万元以下的罚款,实施依据,《中华人民共和国安全生产法》",Enhanced
3616,生产经营单位拒不执行的,Enhanced
3617,"对其直接负责的主管人员和其他直接责任人员处五万元以上十万元以下的罚款,实施依据,《中华人民共和国安全生产法》",Enhanced
3618,"实施依据,《中华人民共和国安全生产法》",Enhanced
3619,金属非金属矿山重大事故隐患,Enhanced
3620,出租汽车经营者、驾驶员,Enhanced
3621,管理省政府事务,Enhanced
3622,《建设工程安全生产管理条例》,Enhanced
3623,处20万元以上50万元以下的罚款,Enhanced
3624,重大安全事故,Enhanced
3625,依照刑法有关规定,Enhanced
3626,损失,Enhanced
3627,金融机构营业场所,Enhanced
3628,金库,Enhanced
3629,二、三级风险金融机构营业场所,Enhanced
3630,二、三级风险金库,Enhanced
3631,经济保卫支队,Enhanced
3632,金融机构,Enhanced
3633,营业场所,Enhanced
3634,二、三级风险金融机构营业场所和金库,Enhanced
3635,病原微生物实验室及其实验活动的生物安全监督检查,Enhanced
3636,国务院令第355号公布,Enhanced
3637,国务院令第709号修订,Enhanced
3638,船舶、浮动设施,Enhanced
3639,合格的检验证书,Enhanced
3640,登记证书,Enhanced
3641,船舶,Enhanced
3642,必要的航行资料,Enhanced
3643,停止航行或者作业,Enhanced
3644,予以没收,Enhanced
3645,不具有相应资质的工程质量检测单位,Enhanced
3646,建设工程质量安全监督机构,Enhanced
3647,建设单位改正,Enhanced
3648,具有相应资质的工程质量检测单位,Enhanced
3649,陕西省建设工程质量和安全生产管理条例,Enhanced
3650,建设工程质量检测单位,Enhanced
3651,状态,Enhanced
3652,对建设单位的处罚,Enhanced
3653,建设单位委托了不具有相应资质的工程质量检测单位,Enhanced
3654,行人违反道路通行规定的处罚,Enhanced
3655,《中华人民共和国道路交通安全法》第八十九条,Enhanced
3656,对特殊时段未按照排污许可证规定停止或者限制排放有毒物的行政处罚,Enhanced
3657,"排污单位有下列行为之一的,由生态环境主管部门责令改正，处5万元以上20万元以下的罚款；情节严重的，处20万元以上100万元以下的罚款，责令限制生产、停产整治",Enhanced
3658,行政处罚内容,Enhanced
3659,行政处罚分类,Enhanced
3660,特殊时段未按照排污许可证规定停止或者限制排放有毒物的行政处罚,Enhanced
3661,对违法排放大气污染物被责令改正拒不改正的行政处罚,Enhanced
3662,违法排放大气污染物,Enhanced
3663,对不需送审的地图不符合国家有关标准和规定的处罚,Enhanced
3664,向社会公开的地图,Enhanced
3665,景区图,Enhanced
3666,街区图,Enhanced
3667,地铁线路图,Enhanced
3668,不需送审的地图不符合国家有关标准和规定的处罚,Enhanced
3669,地图管理条例,Enhanced
3670,地图,Enhanced
3671,机动车转移登记,Enhanced
3672,机动车交付之日起三十日内,Enhanced
3673,申请转移登记时间要求,Enhanced
3674,道路交通安全违法行为和交通事故,Enhanced
3675,处理完毕,Enhanced
3676,现机动车所有人的身份证明,Enhanced
3677,申请转移登记所需证明之一,Enhanced
3678,机动车所有权转移的证明、凭证,Enhanced
3679,机动车行驶证,Enhanced
3680,《中华人民共和国海关监管车辆解除监管证明书》或者海关批准的转让证明,Enhanced
3681,机动车安全技术检验合格证明和交通事故责任强制保险凭证,Enhanced
3682,建筑起重机械首次出租前(首次安装前)备案,Enhanced
3683,《建筑起重机械安全监督管理规定》,Enhanced
3684,《建筑起重机械备案登记办法》,Enhanced
3685,《陕西省建设工程质量和安全生产管理条例》,Enhanced
3686,出租单位,Enhanced
3687,建筑起重机械首次出租前,Enhanced
3688,自购建筑起重机械的使用单位,Enhanced
3689,建筑起重机械首次安装前,Enhanced
3690,建筑起重机械特种设备制造许可证,Enhanced
3691,产品合格证,Enhanced
3692,制造监督检验证明,Enhanced
3693,产权单位,Enhanced
3694,建筑起重机械首次出租或安装前,Enhanced
3695,"设备备案机关,办理备案",Enhanced
3696,建筑起重机械的产权单位,Enhanced
3697,"应当到,本单位市场主体登记所在地县级以上建设工程质量安全监督机构,办理备案",Enhanced
3698,2008年,Enhanced
3699,2008年1月28日,Enhanced
3700,开采设计、采掘计划的决策错误,Enhanced
3701,"可以,责令停产整顿或者吊销采矿许可证",Enhanced
3702,矿石损失,Enhanced
3703,中华人民共和国畜牧法,Enhanced
3704,《中华人民共和国畜牧法》,Enhanced
3705,蓄滞洪区避洪设施建设审批,Enhanced
3706,各级人民政府水行政主管部门,Enhanced
3707,对生产不合格的卫生杀灭病媒生物药品的处罚,Enhanced
3708,卫生杀灭病媒生物药品,Enhanced
3709,中文标明的名称,Enhanced
3710,许可证号,Enhanced
3711,生产日期,Enhanced
3712,有效期限,Enhanced
3713,厂名,Enhanced
3714,厂址,Enhanced
3715,鼠药,Enhanced
3716,明显警示标志,Enhanced
3717,灭鼠毒饵,Enhanced
3718,健康促进处,Enhanced
3719,《陕西省爱国卫生条例》第三十二条,Enhanced
3720,《陕西省消防条例》,Enhanced
3721,陕西省人民代表大会常务委员会,Enhanced
3722,2009年7月24日,Enhanced
3723,2009年9月1日,Enhanced
3724,焚烧秸秆,Enhanced
3725,第四十条,Enhanced
3726,焚烧麦茬,Enhanced
3727,县（市、区）、乡（镇）人民政府,Enhanced
3728,防火措施和责任,Enhanced
3729,村民委员会,Enhanced
3730,消防安全检查,Enhanced
3731,公安派出所,Enhanced
3732,农业收获季节,Enhanced
3733,对燃气燃烧器具的安装、维修不符合国家有关标准的行政处罚,Enhanced
3734,燃气燃烧器具的安装、维修,Enhanced
3735,国家有关标准,Enhanced
3736,10万元以下罚款,Enhanced
3737,1000元以下罚款,Enhanced
3738,燃气燃烧器具的安装、维修不符合国家有关标准,Enhanced
3739,违反《城镇燃气管理条例》,Enhanced
3740,不具有相应资质等级的施工单位,Enhanced
3741,不具有相应资质等级的工程监理单位,Enhanced
3742,《建设工程质量管理条例》,Enhanced
3743,2000年1月30日,Enhanced
3744,2019年4月23日,Enhanced
3745,违反本条例,Enhanced
3746,处50万元以上100万元以下的罚款,Enhanced
3747,陕西省政府,Enhanced
3748,文化和旅游厅,Enhanced
3749,陕西省人民政府的一部分,Enhanced
3750,设区的市级文化和旅游部门,Enhanced
3751,政策法规处,Enhanced
3752,对施工单位,Enhanced
3753,危险性较大的分部分项工程安全管理规定,Enhanced
3754,超过一定规模的危大工程专项施工方案,Enhanced
3755,道路交通事故复核,Enhanced
3756,烟花爆竹生产企业,Enhanced
3757,烟花爆竹批发企业,Enhanced
3758,生产企业,Enhanced
3759,工（库）房没有设置准确、清晰、醒目的定员、定量、定级标识,Enhanced
3760,批发企业,Enhanced
3761,《烟花爆竹生产经营安全规定》,Enhanced
3762,10000-30000元,Enhanced
3763,对非演出场所经营单位擅自举办演出的行政处罚,Enhanced
3764,对违反利用互联网发布、发送广告，不得影响用户正常使用网络；在互联网页面以弹出等形式发布的广告，应当显著标明关闭标志，确保一键关闭；不得以欺骗方式诱使用户点击广告内容；未经允许，不得在用户发送的电子邮件中附加广告或者广告链接规定行为的行政处罚。,Enhanced
3765,对违反利用互联网发布、发送广告，不得影响用户正常使用网络；在互联网页面以弹出等形式发布的广告，应当显著标明关闭标志，确保一键关闭；不得以欺骗方式诱使用户点击广告内容；未经允许，不得在用户发送的电子邮件中附加广告或者广告链接规定行为的行政处罚,Enhanced
3766,国家市场监督管理总局令第58号,Enhanced
3767,药品网络销售企业,Enhanced
3768,药品批发企业,Enhanced
3769,3万元以上5万元以下,Enhanced
3770,药品生产许可证,Enhanced
3771,药品经营许可证,Enhanced
3772,《药品网络销售监督管理办法》,Enhanced
3773,2022年12月1日,Enhanced
3774,互联网新闻信息服务提供者,Enhanced
3775,畜牧兽医部门,Enhanced
3776,质量监督部门,Enhanced
3777,向有关人员调查、了解有关情况,Enhanced
3778,查阅、复制有关合同、票据、账簿、检验报告等资料,Enhanced
3779,查封、扣押有证据证明不符合乳品质量安全国家标准的乳品以及违法使用的生鲜乳、辅料、添加剂,Enhanced
3780,"查封涉嫌违法从事乳品生产经营活动的场所,扣押用于违法生产经营的工具、设备",Enhanced
3781,法律、行政法规,Enhanced
3782,《乳品质量安全监督管理条例》,Enhanced
3783,行使职权,Enhanced
3784,组织申报、审查、推荐省级建设科技项目,Enhanced
3785,陕西省住房和城乡建设厅,Enhanced
3786,陕西省住房城乡建设科技计划项目管理办法,Enhanced
3787,陕建发〔2015〕193号,Enhanced
3788,陕西省住房城乡建设科技计划项目管理办法的文件编号,Enhanced
3789,设区市住房城乡建设部门,Enhanced
3790,组织申报、审查和推荐建设科技项目,Enhanced
3791,省直单位,Enhanced
3792,省住房和城乡建设行政主管部门申报,Enhanced
3793,高等院校,Enhanced
3794,中央驻陕单位,Enhanced
3795,道路运输监督检查,Enhanced
3796,实施道路运输监督检查过程中,Enhanced
3797,没有车辆营运证又无法当场提供其他有效证明的车辆,Enhanced
3798,没有随车携带《道路运输证》又无法当场提供其他有效证明文件的危险货物运输专用车辆,Enhanced
3799,机动车污损不洁的,Enhanced
3800,司乘人员沿途抛撒杂物的,Enhanced
3801,西安市城市市容和环境卫生管理条例（2020修正）,Enhanced
3802,危险化学品经营企业,Enhanced
3803,"""两重点一重大""",Enhanced
3804,储存设施,Enhanced
3805,不符合国家标准要求,Enhanced
3806,《烟花爆竹生产经营单位重大生产安全事故隐患判定标准（试行）》,Enhanced
3807,依照刑法有关规定追究刑事责任,Enhanced
3808,五万元以下的罚款,Enhanced
3809,两重点一重大,Enhanced
3810,生产装置、储存设施,Enhanced
3811,餐饮服务经营者,Enhanced
3812,食品生产经营者,Enhanced
3813,对餐饮服务经营者未主动对消费者进行防止食品浪费提示提醒行为的,Enhanced
3814,餐饮服务经营者诱导、误导消费者超量点餐造成明显浪费的,Enhanced
3815,食品生产经营者在食品生产经营过程中造成严重食品浪费的,Enhanced
3816,县级以上地方人民政府市场监督管理部门或县级以上地方人民政府指定的部门,Enhanced
3817,西安市市场监督管理局的下属机构,Enhanced
3818,《中华人民共和国反食品浪费法》,Enhanced
3819,职业病危害预评价,Enhanced
3820,放射性职业病危害,Enhanced
3821,建设项目,Enhanced
3822,放射性职业病危害预评价报告,Enhanced
3823,未与主体工程同时设计,Enhanced
3824,不符合国家职业卫生标准,Enhanced
3825,职业病危害控制效果评价,Enhanced
3826,职业病防护设施验收,Enhanced
3827,评估,Enhanced
3828,危害,Enhanced
3829,验收,Enhanced
3830,职业病防护设施设计,Enhanced
3831,《中华人民共和国药品管理法》,Enhanced
3832,代理人,Enhanced
3833,负责人,Enhanced
3834,药品采购人员,Enhanced
3835,药师,Enhanced
3836,有关人员,Enhanced
3837,卫生健康主管部门,Enhanced
3838,本单位,Enhanced
3839,液化烃,Enhanced
3840,液氨,Enhanced
3841,液氯,Enhanced
3842,《化工和危险监管总局关于印发〈化工和危险化学品生产经营单位重大生产安全事故隐患判定标准（试行）〉和〈烟花爆竹生产经营单位重大生产安全事故隐患判定标准（试行）〉的通知》,Enhanced
3843,"生产经营单位未采取措施消除事故隐患的,责令立即消除或者限期消除,处五万元以下的罚款",Enhanced
3844,"生产经营单位拒不执行的,责令停产停业整顿,对其直接负责的主管人员和其他直接责任人员处五万元以上十万元以下的罚款",Enhanced
3845,易燃易爆、有毒有害液化气体,Enhanced
3846,"未使用万向管道充装系统,行政处罚",Enhanced
3847,义务教育家庭经济困难学生生活补助,Enhanced
3848,财务管理处,Enhanced
3849,社会救助暂行办法,Enhanced
3850,国务院办公厅关于印发教育领域中央与地方财政事权和支出责任划分改革方案的通知,Enhanced
3851,教育领域中央与地方财政事权和支出责任划分改革方案,Enhanced
3852,未按照规定对矿山、金属冶炼建设项目或者用于生产、储存、装卸危险物品的建设项目进行安全评价的,Enhanced
3853,按照职责分工决定行政处罚,Enhanced
3854,治安管理处罚的规定决定,Enhanced
3855,具体事项,Enhanced
3856,描述权力的类别,Enhanced
3857,对使用不符合强制性国家标准、技术规范的原料、直接接触化妆品的包装材料,Enhanced
3858,应当备案但未备案的新原料生产化妆品,Enhanced
3859,不按照强制性国家标准或者技术规范使用原料,Enhanced
3860,生产经营不符合强制性国家标准、技术规范或者不符合化妆品注册、备案资料载明的技术要求的化妆品,Enhanced
3861,未按照化妆品生产质量管理规范的要求组织生产,Enhanced
3862,更改化妆品使用期限,Enhanced
3863,"化妆品经营者擅自配制化妆品,或者经营变质、超过使用期限的化妆品",Enhanced
3864,在负责药品监督管理的部门责令其实施召回后拒不召回,Enhanced
3865,在负责药品监督管理的部门责令停止或者暂停生产、经营后拒不停止或者暂停生产、经营行为,Enhanced
3866,不符合强制性国家标准、技术规范的原料、直接接触化妆品的包装材料,Enhanced
3867,新原料,Enhanced
3868,不符合化妆品注册、备案资料载明的技术要求的化妆品,Enhanced
3869,化妆品使用期限,Enhanced
3870,变质、超过使用期限的化妆品,Enhanced
3871,监管事项,Enhanced
3872,占用国防交通控制范围土地审批,Enhanced
3873,国防交通处,Enhanced
3874,《中华人民共和国国防交通法》,Enhanced
3875,《国防交通条例》,Enhanced
3876,国务院和中央军事委员会,Enhanced
3877,西安市交通运输局的下属机构,Enhanced
3878,《西安市民用建筑节能条例》,Enhanced
3879,建设工程质量检测机构,Enhanced
3880,建筑节能强制性标准进行检测,Enhanced
3881,节能检测,Enhanced
3882,民用建筑工程及建筑节能材料、产品,Enhanced
3883,民用建筑节能强制性标准,Enhanced
3884,检测机构,Enhanced
3885,标准,Enhanced
3886,节能检测的执行标准,Enhanced
3887,社会团体的活动违反其他法律、法规,Enhanced
3888,有关国家机关认为应当撤销登记的处罚,Enhanced
3889,陕西省实施&lt;中华人民共和国母婴保健法&gt;办法,Enhanced
3890,县级以上卫生和计划生育行政部门,Enhanced
3891,未取得母婴保健技术服务执业许可证的机构,Enhanced
3892,未取得母婴保健技术考核合格证的人员,Enhanced
3893,婚前医学检查,Enhanced
3894,遗传病诊断,Enhanced
3895,产前诊断,Enhanced
3896,接生,Enhanced
3897,终止妊娠手术,Enhanced
3898,进行胎儿性别鉴定,Enhanced
3899,出具婚前医学检查证明,Enhanced
3900,出具新生儿出生医学证明,Enhanced
3901,对未取得导游证或者不具备领队条件而从事导游、领队活动的行政处罚,Enhanced
3902,《中华人民共和国旅游法》,Enhanced
3903,2018年10月第二次修正,Enhanced
3904,违反本法规定,Enhanced
3905,由旅游主管部门责令改正，没收违法所得，并处一千元以上一万元以下罚款，予以公告,Enhanced
3906,《中华人民共和国旅游法》第一百零二条第一款,Enhanced
3907,学前教育阶段家庭经济困难幼儿生活补助,Enhanced
3908,《社会救助暂行办法》,Enhanced
3909,《陕西省财政厅等五部门关于印发&lt;陕西省学生资助专项资金管理办法&gt;的通知》,Enhanced
3910,资助范围,Enhanced
3911,接受普惠性学前教育的家庭经济困难在园幼儿,Enhanced
3912,建档立卡家庭幼儿,Enhanced
3913,低保家庭幼儿,Enhanced
3914,特困救助供养儿童,Enhanced
3915,儿童福利机构孤儿及社会散居孤儿,Enhanced
3916,父母双残或单残、家庭主要成员长期患病或丧失劳动能力造成生活困难的幼儿,Enhanced
3917,残疾幼儿,Enhanced
3918,因重大自然灾害或其他突发事件造成家庭经济困难的幼儿,Enhanced
3919,补助标准,Enhanced
3920,学前一年每生每年750元,Enhanced
3921,《陕西省财政厅等五部门关于印发<陕西省学生资助专项资金管理办法>的通知》,Enhanced
3922,保安从业单位,Enhanced
3923,保安工作管理处,Enhanced
3924,保安服务管理条例,Enhanced
3925,国务院令第564号,Enhanced
3926,政府文件,Enhanced
3927,保安员,Enhanced
3928,客户单位,Enhanced
3929,北京市,Enhanced
3930,保安服务,Enhanced
3931,《生活饮用水卫生监督管理办法》,Enhanced
3932,饮用水水源保护区,Enhanced
3933,新建、改建、扩建的饮用水供水项目,Enhanced
3934,卫生许可证,Enhanced
3935,国家规定的生活饮用水卫生标准,Enhanced
3936,卫生和计划生育委员会,Enhanced
3937,饮用水,Enhanced
3938,供水单位,Enhanced
3939,体育组织,Enhanced
3940,《中华人民共和国体育法》(2022修订),Enhanced
3941,负有责任的领导人员和直接责任人员,Enhanced
3942,"予以撤销登记,体育组织",Enhanced
3943,中华人民共和国体育法,Enhanced
3944,予以撤销登记,Enhanced
3945,对擅自进入铁路防护网、违法在铁路线上行走坐卧、抢越铁路的处罚,Enhanced
3946,在尘肺病防治工作中做出显著成绩的单位和个人,Enhanced
3947,企业、事业单位的尘肺病防治工作,Enhanced
3948,劳动部门,Enhanced
3949,工会组织,Enhanced
3950,《中华人民共和国尘肺病防治条例》（国发〔1987〕105号）,Enhanced
3951,上级卫生行政部门,Enhanced
3952,省外注册设立的地方金融组织,Enhanced
3953,地方金融组织,Enhanced
3954,金融监管二处,Enhanced
3955,陕西省地方金融条例,Enhanced
3956,地方金融监督管理部门,Enhanced
3957,张条例,Enhanced
3958,组团社,Enhanced
3959,旅游行政部门,Enhanced
3960,"非法套汇行为,旅游行政部门",Enhanced
3961,"骗取护照,旅游行政部门",Enhanced
3962,"签证等出入境证件,旅游行政部门",Enhanced
3963,"送他人出境,旅游行政部门",Enhanced
3964,经营出国旅游业务,Enhanced
3965,取消出国旅游业务经营资格,Enhanced
3966,中国公民出国旅游管理办法,Enhanced
3967,2002年5月国务院第354号令,Enhanced
3968,2017年3月国务院第676号令,Enhanced
3969,出国旅游业务,Enhanced
3970,北京,Enhanced
3971,地名,Enhanced
3972,出国旅游业务经营资格,Enhanced
3973,对非法种植罂粟不满五百株或者其他少量毒品原植物的,Enhanced
3974,非法买卖、运输、携带、持有少量未经灭活的罂粟等毒品原植物种子或者幼苗的,Enhanced
3975,非法运输、买卖、储存、使用少量罂粟壳的处罚,Enhanced
3976,禁毒支队,Enhanced
3977,第七十一条,Enhanced
3978,非法种植罂粟不满五百株或者其他少量毒品原植物的,Enhanced
3979,非法运输、买卖、储存、使用少量罂粟壳的,Enhanced
3980,有前款第一项行为，在成熟前自行铲除的，不予处罚,Enhanced
3981,非法种植罂粟,Enhanced
3982,罂粟,Enhanced
3983,毒品原植物,Enhanced
3984,运载砂石,Enhanced
3985,运载泥土,Enhanced
3986,运载垃圾,Enhanced
3987,运载其他散装物品,Enhanced
3988,运载液体,Enhanced
3989,未采取密闭措施,Enhanced
3990,沿途抛撒杂物,Enhanced
3991,乱贴乱挂,Enhanced
3992,处2000元以上20000元以下罚款,Enhanced
3993,"条件,拒不改正",Enhanced
3994,车辆不得上道路行驶,Enhanced
3995,2000元以上20000元以下罚款,Enhanced
3996,处罚标准,Enhanced
3997,商业特许经营活动,Enhanced
3998,《商业特许经营管理条例》,Enhanced
3999,《商业特许经营备案管理办法》,Enhanced
4000,国务院商务主管部门,Enhanced
4001,对全国范围内的特许经营活动实施监督管理,Enhanced
4002,省、自治区、直辖市人民政府商务主管部门,Enhanced
4003,对本行政区域内的特许经营活动实施监督管理,Enhanced
4004,设区的市级人民政府商务主管部门,Enhanced
4005,对全国特许经营活动实施监督管理,Enhanced
4006,对辖区内的特许经营活动实施监督管理,Enhanced
4007,已废止的法律法规,Enhanced
4008,文物收藏单位,Enhanced
4009,国有文物收藏单位,Enhanced
4010,注册消防工程师,Enhanced
4011,两个以上社会组织执业,Enhanced
4012,处五千元以上一万元以下罚款,Enhanced
4013,注册消防工程师同时在两个以上社会组织执业的处罚,Enhanced
4014,公安部令第129号,Enhanced
4015,直销企业,Enhanced
4016,至少应当按月支付直销员报酬,Enhanced
4017,直销企业支付给直销员的报酬,Enhanced
4018,直销员本人直接向消费者销售产品的收入计算,Enhanced
4019,直销企业的报酬总额,Enhanced
4020,直销员本人直接向消费者销售产品收入的30％,Enhanced
4021,完善的换货和退货制度,Enhanced
4022,5万元以上30万元以下的罚款,Enhanced
4023,情节严重的,Enhanced
4024,30万元以上50万元以下的罚款,Enhanced
4025,直销企业分支机构的营业执照,Enhanced
4026,直销企业的直销经营许可证,Enhanced
4027,直销管理条例,Enhanced
4028,国务院令第443号 (2005年8月25日发布),Enhanced
4029,2017年3月1日国务院令第676号 (第一次修订),Enhanced
4030,对食品作虚假宣传且情节严重行为的行政处罚,Enhanced
4031,中华人民共和国食品安全法,Enhanced
4032,省级以上人民政府食品药品监督管理部门,Enhanced
4033,食品,Enhanced
4034,县级以上人民政府食品药品监督管理部门,Enhanced
4035,违法销售的食品,Enhanced
4036,二万元以上五万元以下,Enhanced
4037,虚假宣传,Enhanced
4038,铝加工深井铸造工艺的浇铸炉铝液出口流槽,Enhanced
4039,液位监测报警装置,Enhanced
4040,铝加工深井铸造工艺的固定式浇铸炉铝液出口,Enhanced
4041,机械锁紧装置,Enhanced
4042,铝加工深井铸造工艺的浇铸炉铝液出口流槽、流槽与模盘(分配流槽,Enhanced
4043,安全设备的安装、使用、检测、改造和报废不符合国家标准或者行业标准,Enhanced
4044,工贸企业重大事故隐患判定标准,Enhanced
4045,法律或标准,Enhanced
4046,工艺或设备,Enhanced
4047,铝加工深井铸造工艺,Enhanced
4048,安全设备,Enhanced
4049,铝加工深井铸造工艺的浇铸炉铝液出口流槽、流槽与模盘（分配流槽）入口连接处未设置液位监测报警装置，或者固定式浇铸炉的铝液出口未设置机械锁紧装置的行为,Enhanced
4050,粉尘爆炸,Enhanced
4051,工贸企业,Enhanced
4052,粉尘爆炸危险场所电气设备不符合防爆要求,Enhanced
4053,未取得职业卫生技术服务资质认可擅自从事职业卫生技术服务或者医疗机构未经批准擅自从事放射工作人员职业健康检查的处罚,Enhanced
4054,销售失效、变质的产品的行政处罚,Enhanced
4055,《中华人民共和国产品质量法》,Enhanced
4056,中等职业教育学校,Enhanced
4057,国家助学金,Enhanced
4058,免学费补助资金,Enhanced
4059,中等职业学校全日制学历教育正式学籍一、二、三年级在校生中所有农村（含县镇）学生,Enhanced
4060,学费,Enhanced
4061,中等职业学校全日制学历教育正式学籍一、二年级在校涉农专业学生和非涉农专业家庭经济困难学生,Enhanced
4062,中等职业学校全日制学历教育正式学籍一、二年级在校涉农专业学生,Enhanced
4063,中等职业学校全日制学历教育正式学籍一、二年级在校非涉农专业家庭经济困难学生,Enhanced
4064,43个国家集中连片特殊困难县中等职业学校农村学生,Enhanced
4065,政策文件,Enhanced
4066,国家助学金给中等职业学校全日制学历教育正式学籍一、二年级在校涉农专业学生和非涉农专业家庭经济困难学生,Enhanced
4067,免学费补助资金给中等职业学校全日制学历教育正式学籍一、二、三年级在校生中所有农村（含县镇）学生,Enhanced
4068,国务院令第279号,Enhanced
4069,国务院令第714号,Enhanced
4070,吊销资质证书,Enhanced
4071,委托方,Enhanced
4072,《汽车销售管理办法》,Enhanced
4073,经销商,Enhanced
4074,销售汽车、配件及其他相关产品的价格和各项服务收费标准,Enhanced
4075,3万元以下罚款,Enhanced
4076,违反本办法,Enhanced
4077,汽车,Enhanced
4078,配件,Enhanced
4079,《陕西省林业有害生物防治检疫条例》,Enhanced
4080,立法机构,Enhanced
4081,省生态环境厅,Enhanced
4082,某县环保所,Enhanced
4083,监管省生态环境厅工作,Enhanced
4084,培训机构,Enhanced
4085,经营场所、教练车辆、教学场地随意变更或者不符合要求,Enhanced
4086,未按规定悬挂经营许可证件,Enhanced
4087,未按规定建立和保管学员、教练员、教练车档案,Enhanced
4088,未在规定时限内向交通运输主管部门备案相关事项,Enhanced
4089,未按规定对教练车辆进行维护和检测,Enhanced
4090,执法,Enhanced
4091,西安市机动车驾驶员培训管理办法,Enhanced
4092,《中华人民共和国黄河保护法》第一百一十条,Enhanced
4093,淤地坝,Enhanced
4094,限期治理或者采取补救措施,Enhanced
4095,损坏、擅自占用淤地坝,Enhanced
4096,技术服务合同,Enhanced
4097,法规标准规定,Enhanced
4098,安全评价报告,Enhanced
4099,安全生产检测检验报告相关信息,Enhanced
4100,现场勘验图像影像资料,Enhanced
4101,项目实施地资质认可机关,Enhanced
4102,有关法规标准的强制性规定,Enhanced
4103,不到现场,Enhanced
4104,《兽药管理条例》,Enhanced
4105,擅自转移、使用、销毁、销售被查封或者扣押的兽药及有关材料,Enhanced
4106,责令其停止违法行为,Enhanced
4107,"并处5万元以上10万元以下罚款,处罚措施,违法行为",Enhanced
4108,县级以上人民政府兽医行政管理部门,Enhanced
4109,条例规定,Enhanced
4110,发证、批准、备案部门,Enhanced
4111,城镇,Enhanced
4112,城镇污水排入排水管网许可,Enhanced
4113,大气污染防治监督检查,Enhanced
4114,监督检查活动,Enhanced
4115,政府职能,Enhanced
4116,拒绝、阻挠大气污染防治监督检查，或者在接受监督检查时弄虚作假的行为,Enhanced
4117,乡村医生,Enhanced
4118,规定的执业范围,Enhanced
4119,规定进行转诊,Enhanced
4120,规定使用乡村医生基本用药目录以外的处方药品,Enhanced
4121,规定出具医学证明,Enhanced
4122,卫生统计资料,Enhanced
4123,中毒事件,Enhanced
4124,县级人民政府卫生行政主管部门,Enhanced
4125,暂停执业活动,Enhanced
4126,乡村医生执业证书,Enhanced
4127,《中华人民共和国粮食安全保障法》（2023年12月公布）,Enhanced
4128,发展改革,Enhanced
4129,农业农村,Enhanced
4130,粮食和储备,Enhanced
4131,自然资源,Enhanced
4132,水行政,Enhanced
4133,生态环境,Enhanced
4134,市场监督管理,Enhanced
4135,工业和信息化,Enhanced
4136,粮食生产经营场所,Enhanced
4137,涉嫌违法活动的场所,Enhanced
4138,有关文件,Enhanced
4139,账簿,Enhanced
4140,电子设备,Enhanced
4141,法定代表人,Enhanced
4142,其他工作人员,Enhanced
4143,擅自在出租汽车车体上设置、张贴或者悬挂广告,Enhanced
4144,未按规定张贴或喷印营运标志、租价标签、经营企业名称和监督电话,Enhanced
4145,载客途中计价器发生故障或者失准，未立即告知乘客,Enhanced
4146,转借、撕毁、混用专用票据，打印票据不清晰可辨或者票据丢失不向出租汽车行业管理机构上报,Enhanced
4147,扰乱营运秩序，不服从管理和调度,Enhanced
4148,本规定第十五条,Enhanced
4149,国产互联网文化产品,Enhanced
4150,文化行政部门备案,Enhanced
4151,县级以上人民政府文化行政部门或者文化市场综合执法机构,Enhanced
4152,并可根据情节轻重处20000元以下罚款,Enhanced
4153,文化部,Enhanced
4154,《互联网文化管理暂行规定》,Enhanced
4155,经营进口互联网文化产品的活动,Enhanced
4156,取得文化行政部门核发的《网络文化经营许可证》的经营性互联网文化单位实施,Enhanced
4157,进口互联网文化产品,Enhanced
4158,文化部进行内容审查,Enhanced
4159,做出批准或者不批准的决定,Enhanced
4160,批准的进口互联网文化产品,Enhanced
4161,文化部的批准文号,Enhanced
4162,进口单位,Enhanced
4163,备案并说明原因,Enhanced
4164,批准文号,Enhanced
4165,应当自正式经营起30日内报省级以上文化行政部门备案,Enhanced
4166,省级以上文化行政部门,Enhanced
4167,经营性互联网文化单位的国产互联网文化产品,Enhanced
4168,文化部备案编号,Enhanced
4169,互联网文化管理暂行规定,Enhanced
4170,互联网文化经营许可证,Enhanced
4171,20000元,Enhanced
4172,20日内,Enhanced
4173,未取得取水要求批准文件擅自建设取水工程或者设施的处罚措施,Enhanced
4174,取水许可和水资源费征收管理条例,Enhanced
4175,取水申请批准文件,Enhanced
4176,取水工程或者设施,Enhanced
4177,流域管理机构,Enhanced
4178,小型露天采石场电气设备设置不符合规定,Enhanced
4179,变电所,Enhanced
4180,独立的避雷系统,Enhanced
4181,防火、防潮与防止小动物窜入带电部位的措施,Enhanced
4182,电气设备,Enhanced
4183,接地,Enhanced
4184,过流,Enhanced
4185,漏电保护装置,Enhanced
4186,第二十四条,Enhanced
4187,第二十五条,Enhanced
4188,第二十八条,Enhanced
4189,处 2 万元以下的罚款,Enhanced
4190,中医药服务监督检查,Enhanced
4191,《中华人民共和国中医药法》第二十条,Enhanced
4192,县级以上人民政府中医药主管部门,Enhanced
4193,加强对中医药服务的监督检查,Enhanced
4194,中医医疗机构,Enhanced
4195,是否超出规定的范围开展医疗活动,Enhanced
4196,中医医师,Enhanced
4197,中医药服务,Enhanced
4198,是否符合国务院中医药主管部门制定的中医药服务基本要求,Enhanced
4199,中医医疗广告发布行为,Enhanced
4200,是否符合本法的规定,Enhanced
4201,有关单位和个人,Enhanced
4202,"不得拒绝或者阻挠,对象,中医药主管部门依法开展监督检查",Enhanced
4203,中医药主管部门依法开展监督检查,Enhanced
4204,渔业捕捞许可,Enhanced
4205,公路养护作业单位,Enhanced
4206,1万元以上5万元以下的罚款,Enhanced
4207,吊销其资质证书,Enhanced
4208,《公路安全保护条例》,Enhanced
4209,公路养护作业单位的行为,Enhanced
4210,国务院交通运输主管部门规定的技术规范和操作规程,Enhanced
4211,人才中介活动违反工商行政管理规定,Enhanced
4212,工商行政管理部门查处,Enhanced
4213,人事部和国家工商行政管理总局,Enhanced
4214,2019年12月31日,Enhanced
4215,宗教极端主义,Enhanced
4216,违法活动,Enhanced
4217,生活垃圾收集、运输、处理单位,Enhanced
4218,收集、运输、处理活动,Enhanced
4219,生活垃圾的收集、运输和处理,Enhanced
4220,生活垃圾收集、运输单位,Enhanced
4221,生活垃圾处理单位,Enhanced
4222,统筹安排生活垃圾的收集、运输和处理,Enhanced
4223,条例的单位进行处罚,Enhanced
4224,生活垃圾收集、运输单位进行处罚,Enhanced
4225,生活垃圾处理单位进行处罚,Enhanced
4226,条例第三十八条,Enhanced
4227,生活垃圾收集、运输、处理单位不得擅自停止活动,Enhanced
4228,生产、经营非药品类易制毒化学品的单位或者个人,Enhanced
4229,安全生产监督管理部门监督检查,Enhanced
4230,负有监督管理职责的行政主管部门,Enhanced
4231,直接负责的主管人员以及其他直接责任人员给予警告,Enhanced
4232,"单位处,1万元以上5万元以下的罚款",Enhanced
4233,"直接负责的主管人员以及其他直接责任人员处,1000元以上5000元以下的罚款",Enhanced
4234,县级以上人民政府安全生产监督管理部门,Enhanced
4235,直接负责的主管人员以及其他直接责任人员,Enhanced
4236,国有林地使用权及森林、林木所有权首次登记,Enhanced
4237,项目经理,Enhanced
4238,总监理工程师,Enhanced
4239,造价中心,Enhanced
4240,陕西省房屋建筑和市政基础设施工程施工、监理招标投标办法,Enhanced
4241,陕西省住房和城乡建设厅关于加强房屋建筑和市政基础设施工程施工、监理招标投标监管的通知,Enhanced
4242,县级以上医院证明,Enhanced
4243,重病或者重伤的证明,Enhanced
4244,不称职,Enhanced
4245,中标单位,Enhanced
4246,特殊原因,Enhanced
4247,项目经理、总监理工程师不能继续履行职责,Enhanced
4248,相应建设工程监督管理机构,Enhanced
4249,变更信息,Enhanced
4250,施工现场关键岗位实名制管理系统,Enhanced
4251,建设工程招投标监管部门,Enhanced
4252,项目管理,Enhanced
4253,监理管理,Enhanced
4254,侵占、毁坏水工程及堤防、护岸等有关设施,Enhanced
4255,毁坏防汛、水文监测、水文地质监测设施,Enhanced
4256,在水工程保护范围内从事影响水工程运行和危害水工程安全的活动,Enhanced
4257,侵占,Enhanced
4258,毁坏,Enhanced
4259,水工程,Enhanced
4260,堤防,Enhanced
4261,防汛,Enhanced
4262,水文监测,Enhanced
4263,水文地质监测设施,Enhanced
4264,维护水工程安全,Enhanced
4265,《城市轨道交通运营管理规定》,Enhanced
4266,运营单位,Enhanced
4267,城市轨道交通运营相关信息,Enhanced
4268,运营安全重大故障和事故,Enhanced
4269,城市轨道交通运营主管部门,Enhanced
4270,5000元以上3万元以下,Enhanced
4271,城市轨道交通运营信息统计分析制度,Enhanced
4272,城市轨道交通运营安全重大故障和事故报送制度,Enhanced
4273,采供血活动监督检查,Enhanced
4274,签订专门的安全生产管理协议,Enhanced
4275,明确各自的安全生产管理职责,Enhanced
4276,安全生产统一协调、管理,Enhanced
4277,予以关闭的行政处罚,Enhanced
4278,给予拘留的行政处罚,Enhanced
4279,安全生产监督管理职责,Enhanced
4280,代办领事认证,Enhanced
4281,市贸促会法律事务部,Enhanced
4282,《代办领事认证管理办法》,Enhanced
4283,中国贸促会所代办的领事认证,Enhanced
4284,我国外交机构和域外国驻我国使领馆在涉外文件上确认我国公证、认证机关或某些特殊机关的签字或印章属实,Enhanced
4285,经过认证的文件,Enhanced
4286,境外法律效力,Enhanced
4287,文件使用国有关当局所承认,Enhanced
4288,代办领事认证服务,Enhanced
4289,其他权力,Enhanced
4290,委托中国贸促会或其授权分会搞定领事认证的当事人,Enhanced
4291,尾矿库运营、管理单位,Enhanced
4292,安全管理义务,Enhanced
4293,污染环境的生产安全事故,Enhanced
4294,地方人民政府安全生产监督管理部门,Enhanced
4295,地方人民政府生态环境主管部门,Enhanced
4296,尾矿库土壤污染防治情况的监督检查和定期评估,Enhanced
4297,地方人民政府及其有关部门,Enhanced
4298,向沙漠、滩涂、盐碱地、沼泽地等未利用地非法排放有毒有害物质等行为的监督检查,Enhanced
4299,采取措施防止土壤污染,Enhanced
4300,地方人民政府生态环境主管部门或其他负有土壤污染防治监督管理职责的部门,Enhanced
4301,对发卡企业开展单用途预付卡的监督检查,Enhanced
4302,《单用途商业预付卡管理办法（试行）》,Enhanced
4303,全国单用途卡行业管理工作,Enhanced
4304,县级以上地方人民政府商务主管部门,Enhanced
4305,本行政区域内单用途卡监督管理工作,Enhanced
4306,发卡企业,Enhanced
4307,开展单用途卡业务之日起30日内备案,Enhanced
4308,集团发卡企业和品牌发卡企业,Enhanced
4309,其工商登记注册地省、自治区、直辖市人民政府商务主管部门备案,Enhanced
4310,规模发卡企业,Enhanced
4311,其工商登记注册地设区的市人民政府商务主管部门备案,Enhanced
4312,其他发卡企业,Enhanced
4313,其工商登记注册地县（市、区）人民政府商务主管部门备案,Enhanced
4314,商务部和地方人民政府商务主管部门,Enhanced
4315,发卡企业和售卡企业的单用途卡业务活动、内部控制和风险状况等进行定期或不定期的现场及非现场检查,Enhanced
4316,发卡企业和售卡企业,Enhanced
4317,商务主管部门的检查,Enhanced
4318,12312商务举报投诉服务平台接受与本办法有关的举报和投诉,Enhanced
4319,全国单用途卡行业管理,Enhanced
4320,本行政区域内单用途卡监督管理,Enhanced
4321,企业基本信息、业务范围等,Enhanced
4322,12312商务举报投诉服务平台,Enhanced
4323,服务平台,Enhanced
4324,政府级别,Enhanced
4325,互联网上网服务营业场所管理条例,Enhanced
4326,文化行政部门,Enhanced
4327,以行政管理部门设置、授权或者确认的质量检验机构名义向社会推荐产品,Enhanced
4328,以行政管理部门设置、授权或者确认的质量检验机构名义组织产品评比、排序、挂牌或者颁发优质标志等活动,Enhanced
4329,以对产品进行监制、监销等方式参与产品经营活动,Enhanced
4330,陕西省质量检验机构管理条例（2019年修订）,Enhanced
4331,质量检验机构及其工作人员不得以行政管理部门设置、授权或者确认的质量检验机构名义实施下列行为,Enhanced
4332,《计量认证合格证书》、资质确认证书,Enhanced
4333,计量认证合格证书,Enhanced
4334,资质确认证书,Enhanced
4335,对非法携带枪支、弹药、管制器具的处罚,Enhanced
4336,未按照规定的技术标准制造民用枪支的行为,Enhanced
4337,在禁止携带枪支的区域、场所携带枪支的行为,Enhanced
4338,非法携带枪支、弹药或者弩、匕首等国家规定的管制器具的行为,Enhanced
4339,非法携带枪支、弹药或者弩、匕首等国家规定的管制器具进入公共场所或者公共交通工具的行为,Enhanced
4340,十五日以下拘留,Enhanced
4341,五百元以下罚款,Enhanced
4342,人才中介服务机构,Enhanced
4343,传染性非典型肺炎防治监督检查,Enhanced
4344,各级卫生监督机构,Enhanced
4345,"卫生行政部门,领导下",Enhanced
4346,医疗机构和疾病预防控制机构的疫情报告,Enhanced
4347,监督检查事项,Enhanced
4348,医疗机构、留验站（所）的隔离、消毒、防护和医疗废弃物处理,Enhanced
4349,公共场所的消毒,Enhanced
4350,密切接触者的医学观察、疫点的环境消毒,Enhanced
4351,生产、经营和使用单位的消毒产品、防护用品的质量,Enhanced
4352,依法开展其他监督检查工作,Enhanced
4353,具体实体,Enhanced
4354,建设主管部门,Enhanced
4355,安装单位,Enhanced
4356,安装使用说明书,Enhanced
4357,安装、拆卸工程,Enhanced
4358,伪造产品产地的,Enhanced
4359,伪造或者冒用他人厂名、厂址的,Enhanced
4360,伪造或者冒用认证标志等质量标志的,Enhanced
4361,没收违法生产、销售的产品,Enhanced
4362,并处违法生产、销售产品货值金额等值以下的罚款,Enhanced
4363,有违法所得的,Enhanced
4364,并处没收违法所得,Enhanced
4365,伪造产品产地,Enhanced
4366,伪造或者冒用他人厂名、厂址,Enhanced
4367,伪造或者冒用认证标志等质量标志,Enhanced
4368,《新兽药研制管理办法》,Enhanced
4369,2020年3月国务院令第726号,Enhanced
4370,2019年4月农业农村部令2019年第2号,Enhanced
4371,《新兽药研制管理办法》第十七条第二款,Enhanced
4372,《新兽药研制管理办法》第二十五条,Enhanced
4373,防治职业病成绩显著的单位和个人奖励,Enhanced
4374,《中华人民共和国职业病防治法》第十三条,Enhanced
4375,违反本法的行为进行检举和控告,Enhanced
4376,相关的检举和控告,Enhanced
4377,及时处理,Enhanced
4378,防治职业病,Enhanced
4379,中华人民共和国职业病防治法,Enhanced
4380,防治职业病成绩显著的单位和个人,Enhanced
4381,任何单位和个人有权对违反本法的行为进行检举和控告,Enhanced
4382,擅自占用、损坏综合管廊,Enhanced
4383,危害综合管廊安全的行为,Enhanced
4384,在综合管廊内及出入口、通风口、吊装口堆（投）放垃圾、杂物,Enhanced
4385,向综合管廊内倾倒或者排放污水、泥浆,Enhanced
4386,覆盖、涂改、移动、损坏综合管廊的安全警示等标志和工程质量责任永久性标牌,Enhanced
4387,擅自进入综合管廊,Enhanced
4388,《西安市城市地下综合管廊条例》,Enhanced
4389,禁止危害综合管廊安全的行为,Enhanced
4390,西安市城市地下综合管廊条例,Enhanced
4391,水路旅客运输业务经营者,Enhanced
4392,承运人责任保险或者取得相应的财务担保,Enhanced
4393,负责水路运输管理的部门,Enhanced
4394,客运船舶的船舶营运许可证件,Enhanced
4395,水路运输管理,Enhanced
4396,国内水路运输管理条例,Enhanced
4397,对未按规定标注农作物品种名称的行政处罚,Enhanced
4398,陕西省实施〈中华人民共和国种子法〉办法,Enhanced
4399,《中华人民共和国种子法》,Enhanced
4400,船舶国籍登记,Enhanced
4401,《中华人民共和国海上交通安全法》第十条,Enhanced
4402,《中华人民共和国船舶登记条例》,Enhanced
4403,国籍证书,Enhanced
4404,可悬挂中华人民共和国国旗航行、停泊、作业,Enhanced
4405,中华人民共和国国旗,Enhanced
4406,未经登记的船舶,Enhanced
4407,悬挂中华人民共和国国旗航行,Enhanced
4408,国务院令第155号,Enhanced
4409,2014年7月29日《国务院关于修改部分行政法规的决定》,Enhanced
4410,取得国籍证书,Enhanced
4411,对损毁古树名木行为的行政处罚,Enhanced
4412,野生动物及其制品,Enhanced
4413,野生动物保护主管部门,Enhanced
4414,野生动物及其制品价值,Enhanced
4415,社会信用记录,Enhanced
4416,国务院林业草原主管部门,Enhanced
4417,陆生野生动物保护工作,Enhanced
4418,国务院渔业主管部门,Enhanced
4419,水生野生动物保护工作,Enhanced
4420,野生动物保护工作,Enhanced
4421,林业草原主管部门,Enhanced
4422,渔业主管部门,Enhanced
4423,野生动物保护相关工作,Enhanced
4424,野生动物保护,Enhanced
4425,中华人民共和国野生动物保护法,Enhanced
4426,罚款基数,Enhanced
4427,县政府决定,Enhanced
4428,行使权力,Enhanced
4429,《商品条码管理办法》,Enhanced
4430,国家质量监督检验检疫总局发布,Enhanced
4431,2005年5月16日,Enhanced
4432,经销的商品,Enhanced
4433,"则,被责令改正并处以10000元以下罚款",Enhanced
4434,2018年,Enhanced
4435,违反行为,Enhanced
4436,警告或处一百元以上三千元以下罚款,Enhanced
4437,《西安市城市饮用水源污染防治管理条例》第三十五条,Enhanced
4438,进口、销售超过污染物排放标准的机动车、非道路移动机械,Enhanced
4439,县级以上人民政府市场监督管理部门,Enhanced
4440,海关,Enhanced
4441,进口行为构成走私的进口、销售超过污染物排放标准的机动车、非道路移动机械,Enhanced
4442,货值金额一倍以上三倍以下,Enhanced
4443,无法达到污染物排放标准的机动车、非道路移动机械,Enhanced
4444,大气污染防治法,Enhanced
4445,"排污单位拒不配合生态环境主管部门监督检查，或者在接受监督检查时弄虚作假的,由生态环境主管部门责令改正,处2万元以上20万元以下的罚款",Enhanced
4446,生态环境局,Enhanced
4447,执法大队,Enhanced
4448,对排污单位拒不配合生态环境主管部门监督检查或者在接受监督检查时弄虚作假的行政处罚,Enhanced
4449,国内水路运输经营许可,Enhanced
4450,旅游行业组织,Enhanced
4451,证件,Enhanced
4452,国家旅游局,Enhanced
4453,导游管理办法,Enhanced
4454,《导游管理办法》,Enhanced
4455,移植古树名木审批,Enhanced
4456,生产、储存危险化学品建设项目安全条件审查,Enhanced
4457,产生工业固体废物的单位,Enhanced
4458,处罚情形,Enhanced
4459,超越资质许可范围从事社会消防技术服务活动,Enhanced
4460,不再符合资质条件,Enhanced
4461,涂改、倒卖、出租、出借或者以其他形式非法转让资质证书,Enhanced
4462,所属注册消防工程师同时在两个以上社会组织执业,Enhanced
4463,指派无相应资格从业人员从事社会消防技术服务活动,Enhanced
4464,转包、分包消防技术服务项目,Enhanced
4465,一万元以上二万元以下,Enhanced
4466,五千元以上一万元以下,Enhanced
4467,建设行政主管部门,Enhanced
4468,建设工程质量监督机构,Enhanced
4469,建设工程质量监督管理,Enhanced
4470,县级以上人民政府建设行政主管部门,Enhanced
4471,建设工程质量和安全生产,Enhanced
4472,其所属的建设工程质量安全监督机构,Enhanced
4473,具体监督管理工作,Enhanced
4474,市、县人民政府建设主管部门,Enhanced
4475,质量检测活动实施监督管理,Enhanced
4476,政府机构或部门,Enhanced
4477,对公共场所的处罚,Enhanced
4478,依法必须进行招标的项目,Enhanced
4479,无正当理由不发出中标通知书,Enhanced
4480,不按照规定确定中标人,Enhanced
4481,中标通知书发出后无正当理由改变中标结果,Enhanced
4482,无正当理由不与中标人订立合同,Enhanced
4483,在订立合同时向中标人提出附加条件,Enhanced
4484,给他人造成损失,Enhanced
4485,单位直接负责的主管人员和其他直接责任人员,Enhanced
4486,依法给予处分,Enhanced
4487,"公布,中华人民共和国招标投标法实施条例",Enhanced
4488,"修正,中华人民共和国招标投标法实施条例",Enhanced
4489,《安全生产违法行为行政处罚办法》,Enhanced
4490,主要负责人,Enhanced
4491,其他人员,Enhanced
4492,对生产经营单位及其主要负责人或者其他人员有违反操作规程或者安全管理规定作业等行为的行政处罚,Enhanced
4493,陕西周至国家级自然保护区管理局,Enhanced
4494,《森林防火条例》,Enhanced
4495,"由县级以上地方人民政府林业主管部门责令停止违法行为,给予警告,对个人并处200元以上3000元以下罚款,对单位并处1万元以上5万元以下罚款",Enhanced
4496,"由县级以上地方人民政府林业主管部门责令停止违法行为,给予警告,并处5万元以上10万元以下罚款",Enhanced
4497,1988年1月16日国务院发布,Enhanced
4498,2008年11月国务院令第541号,Enhanced
4499,法律条文,Enhanced
4500,中国人民解放军,Enhanced
4501,森林防火区内进行实弹演习、爆破等活动,Enhanced
4502,中国人民武装警察部队,Enhanced
4503,留足生态基流,Enhanced
4504,设置生态基流口,Enhanced
4505,水行政部门,Enhanced
4506,五万元,Enhanced
4507,《西安市秦岭生态环境保护条例》,Enhanced
4508,秦岭范围内,Enhanced
4509,应当留足生态基流,Enhanced
4510,应当设置生态基流口,Enhanced
4511,秦岭范围内调度水资源,Enhanced
4512,秦岭范围内建设水库,Enhanced
4513,销售的种畜禽未附具种畜禽合格证明、家畜系谱,Enhanced
4514,销售、收购国务院农业农村主管部门规定应当加施标识而没有标识的畜禽,Enhanced
4515,重复使用畜禽标识的,Enhanced
4516,销售的蚕种未附具蚕种检疫证明、质量合格证的,Enhanced
4517,2022年10月,Enhanced
4518,2022年1月,Enhanced
4519,法规公布日期,Enhanced
4520,法规条款,Enhanced
4521,对农用地土壤污染监督管理中，被检查者拒不配合检查，或者在接受检查时弄虚作假的行政处罚,Enhanced
4522,农用地,Enhanced
4523,土地类型,Enhanced
4524,土壤污染监督管理,Enhanced
4525,第九十三条,Enhanced
4526,对被检查者拒不配合检查或弄虚作假的行为进行处罚,Enhanced
4527,出租汽车车辆运营证核发,Enhanced
4528,西安市出租汽车管理处,Enhanced
4529,危险化学品生产企业,Enhanced
4530,经营企业,Enhanced
4531,《无偿献血证》,Enhanced
4532,《陕西省实施<中华人民共和国献血法>办法》,Enhanced
4533,2003年5月1日,Enhanced
4534,第三十三条,Enhanced
4535,陕西省实施《中华人民共和国献血法》办法,Enhanced
4536,中华人民共和国献血法,Enhanced
4537,土壤污染责任人或者土地使用权人,Enhanced
4538,将修复方案、效果评估报告报地方人民政府农业农村主管部门备案,Enhanced
4539,地方人民政府有关部门,Enhanced
4540,处一万元以上五万元以下的罚款,Enhanced
4541,《中华人民共和国土壤污染防治法》(2018年8月公布),Enhanced
4542,地方人民政府生态环境、农业农村、林业草原主管部门,Enhanced
4543,地方人民政府农业农村主管部门,Enhanced
4544,陕西省治理货物运输车辆超限超载条例,Enhanced
4545,陕西省治理公路超限运输办法,Enhanced
4546,货物运输源头单位,Enhanced
4547,号牌不全的货物运输车辆装载、配载,Enhanced
4548,装载、配载,Enhanced
4549,货物运输车辆提供虚假装载证明,Enhanced
4550,县级以上交通运输综合执法机构,Enhanced
4551,县级以上交通运输主管部门,Enhanced
4552,停产停业,Enhanced
4553,条例第十四条,Enhanced
4554,县（市、区）道路运输管理机构,Enhanced
4555,超标准装载、配载,Enhanced
4556,号牌不全的货物运输车辆,Enhanced
4557,提供工程周边环境等资料,Enhanced
4558,在招标文件中列出危大工程清单,Enhanced
4559,及时支付危大工程施工技术措施费,Enhanced
4560,并处1万元以上3万元以下的罚款,Enhanced
4561,处1000元以上5000元以下的罚款,Enhanced
4562,政府机构中的部门,Enhanced
4563,第三方监测单位报告的异常情况处置措施,Enhanced
4564,委托具有相应勘察资质的单位进行第三方监测的单位,Enhanced
4565,《中华人民共和国档案法》（2020年修订）,Enhanced
4566,《中华人民共和国档案法实施办法》,Enhanced
4567,对在档案中作出显著成绩的或者向国家捐赠重要珍贵档案的单位和个人的表彰或者奖励,Enhanced
4568,各级人民政府,Enhanced
4569,在档案的收集、整理、保护和提供利用等方面成绩显著的单位或者个人,Enhanced
4570,人民政府、档案行政管理部门或者本单位,Enhanced
4571,对档案的收集、整理、提供利用做出显著成绩的,Enhanced
4572,对档案的保护和现代化管理做出显著成绩的,Enhanced
4573,对档案学研究做出重要贡献的,Enhanced
4574,将重要的或者珍贵的档案捐赠给国家的,Enhanced
4575,"同违反档案法律、法规的行为作斗争,表现突出的",Enhanced
4576,各级人民政府、档案行政管理部门或者本单位,Enhanced
4577,对档案的收集、整理、提供利用做出显著成绩的单位或者个人,Enhanced
4578,对档案的保护和现代化管理做出显著成绩的单位或者个人,Enhanced
4579,对档案学研究做出重要贡献的单位或者个人,Enhanced
4580,将重要的或者珍贵的档案捐赠给国家的单位或者个人,Enhanced
4581,"同违反档案法律、法规的行为作斗争,表现突出的单位或者个人",Enhanced
4582,《易制毒化学品管理条例》,Enhanced
4583,《非药品类易制毒化学品生产、经营许可办法》,Enhanced
4584,限期停产停业整顿,Enhanced
4585,相应的许可证,Enhanced
4586,国务院关于修改部分行政法规的决定,Enhanced
4587,土地储备管理权,Enhanced
4588,储备土地来源范围,Enhanced
4589,城镇污水排入排水管网许可管理办法,Enhanced
4590,被监督检查的单位和个人,Enhanced
4591,予以配合,Enhanced
4592,城镇排水主管部门,Enhanced
4593,组织或者委托排水监测机构等技术服务单位,Enhanced
4594,排水监测机构等技术服务单位,Enhanced
4595,为排水许可监督检查工作提供技术服务,Enhanced
4596,违反本办法规定,Enhanced
4597,拒不接受水质、水量监测,Enhanced
4598,妨碍、阻挠城镇排水主管部门依法监督检查,Enhanced
4599,拒不接受水质、水量监测或者妨碍、阻挠城镇排水主管部门依法监督检查,Enhanced
4600,住房和城乡建设部,Enhanced
4601,技术服务,Enhanced
4602,金属非金属地下矿山工程项目,Enhanced
4603,国家规定的数量,Enhanced
4604,承包单位项目部的负责人,Enhanced
4605,承包单位正式职工,Enhanced
4606,承包单位项目部的安全生产管理人员,Enhanced
4607,承包单位项目部的专业技术人员,Enhanced
4608,承包单位项目部的特种作业人员,Enhanced
4609,市生态环境局分（县）局,Enhanced
4610,《陕西省城镇绿化条例》,Enhanced
4611,城镇绿化主管部门,Enhanced
4612,责令停止侵害,Enhanced
4613,100元以上500元以下,Enhanced
4614,借用树木作为支撑物或者固定物、在树木上悬挂物体,Enhanced
4615,承担资产评估、验资或者验证的机构,Enhanced
4616,虚假材料,Enhanced
4617,有重大遗漏的报告,Enhanced
4618,公司登记机关,Enhanced
4619,《中华人民共和国公司法》（2018修订）,Enhanced
4620,未经卫生行政部门指定的血站供应的血液,Enhanced
4621,《医疗机构临床用血管理办法》,Enhanced
4622,《工程建设项目勘察设计招标投标办法》,Enhanced
4623,国家发展改革委、中华人民共和国建设部、中华人民共和国铁道部、中华人民共和国交通部、中华人民共和国信息产业部、中华人民共和国水利部、民航总局、广电总局令第2号,Enhanced
4624,国家发改委、工信部、财政部、住建部、交通运输部、铁道部、水利部、国家广播电视总局、民航局令第23号,Enhanced
4625,工程建设项目勘察设计招标人,Enhanced
4626,可以处10万元以下的罚款,Enhanced
4627,违法确定或者更换的评标委员会成员作出的评审结论,Enhanced
4628,国家发展改革委,Enhanced
4629,中华人民共和国建设部,Enhanced
4630,中华人民共和国铁道部,Enhanced
4631,中华人民共和国交通部,Enhanced
4632,中华人民共和国信息产业部,Enhanced
4633,中华人民共和国水利部,Enhanced
4634,民航总局,Enhanced
4635,广电总局,Enhanced
4636,运动员技术等级管理办法,Enhanced
4637,审批单位,Enhanced
4638,3年内不接受其等级称号请求的决定,Enhanced
4639,运动员,Enhanced
4640,提供虚假请求材料的运动员,Enhanced
4641,撤销已授予的等级称号,Enhanced
4642,提供虚假申请材料的运动员,Enhanced
4643,矿山企业对矿产储量的圈定、计算及开采必须以批准的计算矿产储量的工业指标为依据,Enhanced
4644,矿山企业违反规定造成资源破坏损失应受处罚,Enhanced
4645,矿产储量的工业指标,Enhanced
4646,矿产储量,Enhanced
4647,矿石,Enhanced
4648,罚款五万元以下,Enhanced
4649,正压煤气输配管线水封式排水器,Enhanced
4650,危险化学品登记,Enhanced
4651,危险化学品进口企业,Enhanced
4652,登记企业,Enhanced
4653,新的危险特性,Enhanced
4654,危险化学品登记内容变更手续,Enhanced
4655,市级应急管理部门,Enhanced
4656,危险化学品登记管理办法,Enhanced
4657,对不再具备规定条件的生猪定点屠宰厂（场）的行政处罚,Enhanced
4658,《生猪屠宰管理条例》,Enhanced
4659,农业农村主管部门,Enhanced
4660,生猪定点屠宰厂（场）,Enhanced
4661,限期整改,Enhanced
4662,本条例规定条件,Enhanced
4663,城建费用征收处,Enhanced
4664,西安市人民政府,Enhanced
4665,西安市建设项目城建费用统一征收办法,Enhanced
4666,政府规章,Enhanced
4667,西安市人民政府办公厅,Enhanced
4668,市财政局,Enhanced
4669,城市基础设施配套费,Enhanced
4670,《西安市人民政府办公厅转发市财政局等三部门关于调整城市基础设施配套费征收标准有关问题的意见的通知》,Enhanced
4671,传染性非典型肺炎防治管理办法,Enhanced
4672,卫生部令第35号,Enhanced
4673,县级以上人民政府体育行政主管部门,Enhanced
4674,举办健身气功活动审批,Enhanced
4675,体育行政部门,Enhanced
4676,健身气功活动,Enhanced
4677,健身气功站点,Enhanced
4678,特种设备经营单位,Enhanced
4679,国家明令淘汰、已经报废的特种设备,Enhanced
4680,未按照安全技术规范的要求进行维护保养的特种设备,Enhanced
4681,检查验收和销售记录制度,Enhanced
4682,未履行提前告知义务的特种设备,Enhanced
4683,中华人民共和国特种设备安全法,Enhanced
4684,特种设备销售单位,Enhanced
4685,未取得许可生产的特种设备,Enhanced
4686,未经检验或者检验不合格的特种设备,Enhanced
4687,检查验收和销售记录制度（违法行为）,Enhanced
4688,特种设备生产单位,Enhanced
4689,未经检验或者检验不合格的特种设备（违法行为）,Enhanced
4690,对感染临床症状或者体征等情形未依照规定报告或者未依照规定采取控制措施的行政处罚,Enhanced
4691,开除,Enhanced
4692,实验室主要负责人,Enhanced
4693,吊销有关许可证件,Enhanced
4694,实验室负责人,Enhanced
4695,实验室工作人员,Enhanced
4696,负责实验室感染控制的专门机构或者人员,Enhanced
4697,对实验室负责人、实验室工作人员、负责实验室感染控制的专门机构或者人员进行处罚,Enhanced
4698,水路运输经营者,Enhanced
4699,未取得船舶营运证件的船舶,Enhanced
4700,船舶状态,Enhanced
4701,水路运输,Enhanced
4702,《国内水路运输管理条例》,Enhanced
4703,国务院令第625号,Enhanced
4704,国务院令第764号,Enhanced
4705,未取得船舶营运证件的船舶从事水路运输,Enhanced
4706,水路运输经营者使用未取得船舶营运证件的船舶从事水路运输,Enhanced
4707,国务院令第625号公布,Enhanced
4708,"有关单位,对风险管控效果进行评估",Enhanced
4709,"有关单位,对修复效果进行评估",Enhanced
4710,地方人民政府生态环境主管部门或者其他负有土壤污染防治监督管理职责的部门,Enhanced
4711,"罚款,土壤污染责任人或者土地使用权人",Enhanced
4712,土壤污染状况调查,Enhanced
4713,土壤污染风险评估,Enhanced
4714,风险管控措施,Enhanced
4715,修复,Enhanced
4716,《中华人民共和国出境入境管理法》第77条,Enhanced
4717,某某规定,Enhanced
4718,《注册监理工程师管理规定》,Enhanced
4719,逾期不改的行为,Enhanced
4720,建设部发布,Enhanced
4721,未按照规定进行土壤污染状况调查,Enhanced
4722,未按照规定进行土壤污染风险评估,Enhanced
4723,未按照规定采取风险管控措施,Enhanced
4724,未按照规定实施修复,Enhanced
4725,风险管控、修复活动完成后，未另行委托有关单位对风险管控效果、修复效果进行评估,Enhanced
4726,代履行,Enhanced
4727,台湾居民来往大陆通行证签发,Enhanced
4728,中国公民往来台湾地区管理办法,Enhanced
4729,台湾居民在大陆遗失旅行证件,Enhanced
4730,台湾居民来往大陆通行证,Enhanced
4731,对拒绝或者妨碍学校卫生监督员依照本条例实施卫生监督的单位或个人的处罚,Enhanced
4732,《陕西省地方病防治条例》,Enhanced
4733,2014年11月,Enhanced
4734,地方病病区的单位和个人,Enhanced
4735,地方病防治部门的查询、检验、监测、调查、取证以及采取的各项预防和控制措施,Enhanced
4736,县级以上卫生行政主管部门,Enhanced
4737,三千元,Enhanced
4738,生产经营活动,Enhanced
4739,商业活动,Enhanced
4740,生产销售不符合法定要求的产品,Enhanced
4741,集中交易市场开办者,Enhanced
4742,对在黄河流域违法进行生产建设活动的行政处罚,Enhanced
4743,任何组织和个人,Enhanced
4744,社会保险个人权益记录,Enhanced
4745,社会保险服务机构、信息技术服务商,Enhanced
4746,社会保险基金、用人单位或者个人,Enhanced
4747,构成违反治安管理行为,Enhanced
4748,犯罪人员,Enhanced
4749,对任何组织和个人非法提供、复制、公布、出售或者变相交易社会保险个人权益记录的处罚,Enhanced
4750,《社会保险个人权益记录管理办法》,Enhanced
4751,第三十条,Enhanced
4752,非法生产烟花爆竹,Enhanced
4753,按照规定应由专业燃放人员燃放的烟花爆竹,Enhanced
4754,2万元以上10万元以下的罚款,Enhanced
4755,非法经营的物品及违法所得,Enhanced
4756,国务院令第455号,Enhanced
4757,烟花爆竹经营许可实施办法,Enhanced
4758,国家安全生产监督管理总局令第65号,Enhanced
4759,非法生产、经营的烟花爆竹,Enhanced
4760,礼花弹等按照国家标准规定应当由专业人员燃放的烟花爆竹,Enhanced
4761,烟花爆竹批发,Enhanced
4762,烟花爆竹零售经营者,Enhanced
4763,烟花爆竹零售,Enhanced
4764,批发许可证,Enhanced
4765,从事烟花爆竹批发的企业,Enhanced
4766,未经批准擅自进入森林高火险区活动,Enhanced
4767,对未经批准擅自进入森林高火险区活动的行政处罚,Enhanced
4768,200元以上2000元以下罚款,Enhanced
4769,2000元以上5000元以下罚款,Enhanced
4770,对在运输过程中沿途丢弃、遗撒危险废物的行政处罚,Enhanced
4771,《中华人民共和国固体废物污染环境防治法》（2020年修订）,Enhanced
4772,对将房屋出租给无身份证件人居住,Enhanced
4773,不按规定登记承租人信息,Enhanced
4774,明知承租人利用出租屋犯罪不报的处罚,Enhanced
4775,市,Enhanced
4776,治安,Enhanced
4777,未经许可,Enhanced
4778,由电力管理部门责令改正,Enhanced
4779,可以并处违法所得五倍以下的罚款,Enhanced
4780,能源管理和执法监督处,Enhanced
4781,对未经许可从事供电或者变更供电营业区的处罚,Enhanced
4782,中华人民共和国电力法,Enhanced
4783,供电企业,Enhanced
4784,供电营业区的设立、变更,Enhanced
4785,电力管理部门,Enhanced
4786,会同同级有关部门审查批准供电营业区的设立、变更,Enhanced
4787,国务院电力管理部门,Enhanced
4788,供电营业区设立、变更的具体办法,Enhanced
4789,道路危险货物运输监督检查,Enhanced
4790,道路危险货物运输的监督检查,Enhanced
4791,小型露天采石场,Enhanced
4792,爆破作业,Enhanced
4793,爆破警戒范围,Enhanced
4794,国家有关民用爆炸物品和爆破作业的安全规定,Enhanced
4795,具有相应资格的爆破作业人员,Enhanced
4796,爆破,Enhanced
4797,雷雨,Enhanced
4798,进行爆破作业,Enhanced
4799,大雾,Enhanced
4800,大风,Enhanced
4801,雷电高发地区,Enhanced
4802,非电起爆系统,Enhanced
4803,爆破后产生的大块矿岩,Enhanced
4804,进行破碎,Enhanced
4805,使用爆破方式进行二次破碎,Enhanced
4806,违反本规定,Enhanced
4807,采矿企业,Enhanced
4808,小型露天采石场安全管理与监督检查规定,Enhanced
4809,不得在爆破警戒范围内避炮,Enhanced
4810,机械方式,Enhanced
4811,爆破方式进行二次破碎,Enhanced
4812,警告和罚款,Enhanced
4813,存量房交易资金监管,Enhanced
4814,《关于进一步规范和加强房屋网签备案工作的指导意见》,Enhanced
4815,《关于加强商品房预售资金、二手房交易资金监管的通知》,Enhanced
4816,二手房交易,Enhanced
4817,交易资金监管,Enhanced
4818,房地产经纪机构或经纪人员,Enhanced
4819,代收代管交易资金,Enhanced
4820,西安市房产交易管理中心,Enhanced
4821,二手房交易资金监管,Enhanced
4822,交易资金监管协议,Enhanced
4823,房地产中介,Enhanced
4824,网约车经营者,Enhanced
4825,《网络预约出租汽车运输证》,Enhanced
4826,《网络预约出租汽车驾驶员证》,Enhanced
4827,车辆技术状况良好,Enhanced
4828,起讫点均不在许可的经营区域,Enhanced
4829,"服务所在地交通运输主管部门报备,提供服务的车辆、驾驶员相关信息",Enhanced
4830,服务质量标准,Enhanced
4831,投诉举报制度,Enhanced
4832,行业管理服务监管平台,Enhanced
4833,甩客、故意绕道、违规收费等严重违反相关运营服务标准行为,Enhanced
4834,"网约车经营者,进行,责令改正",Enhanced
4835,"网约车经营者,进行,罚款",Enhanced
4836,西安市网络预约出租汽车经营服务管理,Enhanced
4837,《西安市网络预约出租汽车经营服务管理暂行办法》,Enhanced
4838,人体器官移植条例,Enhanced
4839,国务院令第491号公布,Enhanced
4840,《人体器官移植条例》（国务院令第491号公布）,Enhanced
4841,未成年工劳动保护相关规定的处罚,Enhanced
4842,市农业农村局,Enhanced
4843,社会保险行政部门,Enhanced
4844,调查核实,Enhanced
4845,举证责任,Enhanced
4846,工伤认定办法,Enhanced
4847,对艺术水平等级活动的检查,Enhanced
4848,《社会艺术水平考级管理办法》,Enhanced
4849,县级以上地方人民政府文化行政部门,Enhanced
4850,监督检查艺术考级活动,Enhanced
4851,贯彻执行国家关于艺术考级的政策、法规,Enhanced
4852,市级政府,Enhanced
4853,具体承办机构,Enhanced
4854,血站,Enhanced
4855,单采血浆站,Enhanced
4856,人体血液,Enhanced
4857,血浆,Enhanced
4858,违法使用原料、辅料、添加剂、农业投入品,Enhanced
4859,原料、辅料、添加剂、农业投入品,Enhanced
4860,生产、销售伪劣商品罪,Enhanced
4861,生产者生产产品所使用的原料、辅料、添加剂、农业投入品,Enhanced
4862,突发环境事件应急预案备案,Enhanced
4863,环境保护部令第34号公布,Enhanced
4864,2015年施行,Enhanced
4865,按照国务院环境保护主管部门的规定,Enhanced
4866,突发环境事件应急预案,Enhanced
4867,县级以上环境保护主管部门备案,Enhanced
4868,突发环境事件风险评估和应急资源调查,Enhanced
4869,突发环境事件应急管理办法,Enhanced
4870,环境保护部令第34号,Enhanced
4871,应急预案,Enhanced
4872,服务项目,Enhanced
4873,依据,Enhanced
4874,按照国务院环境保护主管部门的规定制定突发环境事件应急预案,Enhanced
4875,《陕西省移民（脱贫）搬迁工作实施细则》,Enhanced
4876,国土部门,Enhanced
4877,年度搬迁安置任务完成情况考核,Enhanced
4878,发展改革部门,Enhanced
4879,住房城乡建设部门,Enhanced
4880,审计部门,Enhanced
4881,扶贫部门,Enhanced
4882,第三方评估机制,Enhanced
4883,严考实核,Enhanced
4884,行政机构,Enhanced
4885,农村经济处,Enhanced
4886,2021年12月,Enhanced
4887,县级以上人民政府农业农村、林业草原主管部门,Enhanced
4888,侵犯植物新品种权案件,Enhanced
4889,责令侵权人,Enhanced
4890,侵权行为,Enhanced
4891,侵权人,Enhanced
4892,违法所得和种子,Enhanced
4893,货值金额不足五万元,Enhanced
4894,一万元以上二十五万元以下,Enhanced
4895,对侵犯植物新品种权行为的行政处罚,Enhanced
4896,货值金额五倍以上十倍以下,Enhanced
4897,货值金额五万元以上的侵犯植物新品种权案件,Enhanced
4898,责令项目停工,Enhanced
4899,处5万元以上10万元以下的罚款,Enhanced
4900,对建设单位未按约定及时足额向农民工工资专用账户拨付工程款中的人工费用，经责令改正后逾期不改正的处罚。,Enhanced
4901,对保障农民工工资支付情况的监督检查,Enhanced
4902,对保障农民工工资支付有关制度的监督检查,Enhanced
4903,保障农民工工资支付工作的组织协调,Enhanced
4904,保障农民工工资支付工作的管理指导,Enhanced
4905,农民工工资支付情况的监督检查,Enhanced
4906,有关拖欠农民工工资案件,Enhanced
4907,用人单位与农民工签订劳动合同的监督检查,Enhanced
4908,工资支付的监督检查,Enhanced
4909,工程建设项目实行农民工实名制管理的监督检查,Enhanced
4910,农民工工资专用账户管理的监督检查,Enhanced
4911,施工总承包单位代发工资的监督检查,Enhanced
4912,工资保证金存储的监督检查,Enhanced
4913,维权信息公示的监督检查,Enhanced
4914,保障农民工工资支付工作,Enhanced
4915,蛋白同化制剂,Enhanced
4916,"规定渠道供应,蛋白同化制剂",Enhanced
4917,县级以上人民政府负责药品监督管理的部门,Enhanced
4918,非法生产,Enhanced
4919,反兴奋剂条例,Enhanced
4920,2004年1月13日,Enhanced
4921,2018年9月18日,Enhanced
4922,肽类激素,Enhanced
4923,国务院药品监督管理部门,Enhanced
4924,反兴奋剂条例规定,Enhanced
4925,建设工程消防设计审核,Enhanced
4926,消防部门,Enhanced
4927,消防部门申请消防验收,Enhanced
4928,报消防部门备案,Enhanced
4929,对公共场所经营管理人员违反安全规定的处罚,Enhanced
4930,第三十九条,Enhanced
4931,使用拖拉机、联合收割机违反规定载人,Enhanced
4932,《农业机械安全监督管理条例》,Enhanced
4933,县级以上地方人民政府农业机械化主管部门,Enhanced
4934,拖拉机,Enhanced
4935,农业机械,Enhanced
4936,联合收割机,Enhanced
4937,驾驶员或操作人员,Enhanced
4938,拖拉机、联合收割机的证书、牌照,Enhanced
4939,有关人员的操作证件,Enhanced
4940,非法从事经营性道路旅客运输的处罚,Enhanced
4941,道路运输管理法律和行政法规,Enhanced
4942,对网络运营者建立网络信息安全措施的检查,Enhanced
4943,网络安全协调和技术处,Enhanced
4944,网络信息安全投诉、举报制度,Enhanced
4945,投诉、举报方式等信息,Enhanced
4946,网信部门和有关部门依法实施的监督检查,Enhanced
4947,使用未经检验合格的有关航行、作业和人身财产安全以及防止污染环境的重要设备、部件和材料，制造、改造、维修渔业船舶的,Enhanced
4948,擅自拆除渔业船舶上有关航行、作业和人身财产安全以及防止污染环境的重要设备、部件的,Enhanced
4949,擅自改变渔业船舶的吨位、载重线、主机功率、人员定额和适航区域的,Enhanced
4950,处2000元以上2万元以下的罚款,Enhanced
4951,正在作业的,Enhanced
4952,责令立即停止作业,Enhanced
4953,拒不改正或者拒不停止作业的,Enhanced
4954,强制拆除非法使用的重要设备、部件和材料或者暂扣渔业船舶检验证书,Enhanced
4955,县级以上人民政府渔业行政主管部门,Enhanced
4956,第三十八条第一款,Enhanced
4957,其所属的渔业行政执法机构,Enhanced
4958,中华人民共和国渔业船舶检验条例,Enhanced
4959,中标的测绘单位,Enhanced
4960,测绘项目,Enhanced
4961,处测绘约定报酬一倍以上二倍以下的罚款,Enhanced
4962,可以责令停业整顿或者降低测绘资质等级,Enhanced
4963,"情节严重时,吊销测绘资质证书",Enhanced
4964,对中标的测绘单位向他人转让测绘项目的处罚,Enhanced
4965,测绘约定报酬,Enhanced
4966,排水用户,Enhanced
4967,排水设施,Enhanced
4968,城市排水管网,Enhanced
4969,排水设施连接修复费用,Enhanced
4970,排水单位,Enhanced
4971,排水个人,Enhanced
4972,市政工程设施管理部门批准,Enhanced
4973,对汽车供应商、经销商未按规定受理投诉的处罚,Enhanced
4974,汽车供应商,Enhanced
4975,《中国公民往来台湾地区管理办法》,Enhanced
4976,逾期非法居留,Enhanced
4977,台湾居民,Enhanced
4978,人群,Enhanced
4979,中华人民共和国国务院令第661号,Enhanced
4980,法律法规编号,Enhanced
4981,《中国公民往来台湾地区管理办法》第35条,Enhanced
4982,违法建设项目,Enhanced
4983,违建治理处,Enhanced
4984,《西安市城乡规划条例》（2020修正）,Enhanced
4985,未取得建设工程规划许可证的建设项目,Enhanced
4986,设计单位,Enhanced
4987,城市管理综合执法主管部门责令停止施工,Enhanced
4988,城市管理综合执法主管部门,Enhanced
4989,对施工单位进行处罚,Enhanced
4990,取消施工单位投标资格,Enhanced
4991,规划审查要求和设计,Enhanced
4992,有关部门不得核发施工许可证,Enhanced
4993,设计单位不得进行施工图设计,Enhanced
4994,施工单位不得承揽施工建设,Enhanced
4995,虚假证明文件,Enhanced
4996,欺诈手段,Enhanced
4997,办学许可证,Enhanced
4998,民办教育促进法实施条例,Enhanced
4999,学校决策机构负责人予以警告,Enhanced
5000,校长予以警告,Enhanced
5001,直接责任人予以警告,Enhanced
5002,国务院令第399号,Enhanced
5003,国务院令第741号,Enhanced
5004,部分区审批局,Enhanced
5005,自贸区生态环境部门,Enhanced
5006,擅自倾倒、堆放危险废物的,Enhanced
5007,处十万元以上一百万元以下的罚款,Enhanced
5008,处所需处置费用三倍以上五倍以下的罚款,Enhanced
5009,按二十万元计算,Enhanced
5010,排污单位有下列行为之一的,Enhanced
5011,发现污染物排放自动监测设备传输数据异常或者污染物排放超过污染物排放标准等异常情况不报告,Enhanced
5012,排污许可管理条例,Enhanced
5013,购房资格审核,Enhanced
5014,转基因植物种子,Enhanced
5015,单位和个人,Enhanced
5016,种畜禽,Enhanced
5017,水产苗种,Enhanced
5018,县级以上人民政府农业行政主管部门,Enhanced
5019,制作、保存生产、经营档案,Enhanced
5020,未按照规定制作、保存生产、经营档案,Enhanced
5021,企事业单位,Enhanced
5022,法规税政处,Enhanced
5023,规定披露环境信息不符合准则要求,Enhanced
5024,设区的市级以上生态环境主管部门,Enhanced
5025,伤残抚恤关系接收,Enhanced
5026,转移办理,Enhanced
5027,优抚褒扬处,Enhanced
5028,伤残抚恤关系接收、转移办理,Enhanced
5029,贪污,Enhanced
5030,挪用,Enhanced
5031,私分,Enhanced
5032,截留,Enhanced
5033,拖欠,Enhanced
5034,征地补偿安置费用,Enhanced
5035,资金,Enhanced
5036,耕地保护监督处,Enhanced
5037,内河,Enhanced
5038,暂扣适任证书或者其他适任证件,Enhanced
5039,吊销适任证书或者其他适任证件,Enhanced
5040,民办学校的年检,Enhanced
5041,发展规划处(行政审批处,Enhanced
5042,民办学校年检,Enhanced
5043,发展规划处(行政审批处),Enhanced
5044,排水许可,Enhanced
5045,《陕西省实施&lt;中华人民共和国职业教育法&gt;办法》,Enhanced
5046,《西安市中等职业教育条例》,Enhanced
5047,2022年,Enhanced
5048,2000年8月4日,Enhanced
5049,2010年3月26日,Enhanced
5050,1994年4月15日,Enhanced
5051,2017年3月30日,Enhanced
5052,市人民政府,Enhanced
5053,单位、团体、个人,Enhanced
5054,区人民政府,Enhanced
5055,县人民政府,Enhanced
5056,公共停车场项目设计方案并联审查,Enhanced
5057,《西安市人民政府办公厅关于印发进一步加快公共停车场建设实施意见的通知》（市政办发〔2014〕37号）,Enhanced
5058,规划设计条件,Enhanced
5059,总平面图,Enhanced
5060,绿化,Enhanced
5061,管线,Enhanced
5062,修建性详细规划内容,Enhanced
5063,综合方案设计,Enhanced
5064,交通,Enhanced
5065,环境,Enhanced
5066,四邻影响的评估说明,Enhanced
5067,消防,Enhanced
5068,人防,Enhanced
5069,配套设施设计,Enhanced
5070,市建委,Enhanced
5071,专家,Enhanced
5072,综合方案,Enhanced
5073,并联审查,Enhanced
5074,会议纪要,Enhanced
5075,各有关部门,Enhanced
5076,市规划局,Enhanced
5077,设计方案,Enhanced
5078,15天,Enhanced
5079,建设工程规划许可证,Enhanced
5080,《广告管理条例》,Enhanced
5081,广告客户或者广告经营者,Enhanced
5082,《广告管理条例》（国发[1987]94号发布，1987.12.01施行）,Enhanced
5083,医疗器械临床试验机构,Enhanced
5084,违法单位,Enhanced
5085,其他责任人员,Enhanced
5086,医疗器械监督管理条例,Enhanced
5087,被试验对象,Enhanced
5088,临床试验质量管理规范,Enhanced
5089,规范文件,Enhanced
5090,药品监督管理的部门,Enhanced
5091,染疫或者疑似染疫的动物,Enhanced
5092,动物产品,Enhanced
5093,及相关物品,Enhanced
5094,隔离,Enhanced
5095,处理,Enhanced
5096,动物卫生监督机构,Enhanced
5097,监督检查任务,Enhanced
5098,拒绝或者阻碍,Enhanced
5099,《中华人民共和国动物防疫法》(2021年1月修订),Enhanced
5100,隐瞒情况,Enhanced
5101,消防技术服务资质处罚,Enhanced
5102,隐瞒有关情况,Enhanced
5103,不予受理,Enhanced
5104,不予许可,Enhanced
5105,一年内不得再次申请,Enhanced
5106,原许可公安机关消防机构,Enhanced
5107,撤销资质,Enhanced
5108,以欺骗,Enhanced
5109,以贿赂,Enhanced
5110,三年内不得再次申请,Enhanced
5111,消防技术服务资质,Enhanced
5112,对实验室工作人员出现该实验室从事的病原微生物相关实验活动有关的感染临床症状或者体征，以及实验室发生高致病性病原微生物泄漏时，实验室负责人、实验室工作人员、负责实验室感染控制的专门机构或者人员未依照规定报告，或者未依照规定采取控制措施的处罚。,Enhanced
5113,事件,Enhanced
5114,对未按照国家有关规定制定危险废物管理计划或者申报危险废物有关资料的行政处罚,Enhanced
5115,中华人民共和国固体废物污染环境防治法,Enhanced
5116,导游执业许可申请人,Enhanced
5117,县级以上旅游主管部门,Enhanced
5118,导游,Enhanced
5119,导游人员资格证,Enhanced
5120,所在地旅游主管部门,Enhanced
5121,个人工作室,Enhanced
5122,对导游执业许可申请人隐瞒有关情况或者提供虚假材料申请取得导游人员资格证、导游证及导游以欺骗、贿赂等不正当手段取得导游人员资格证、导游证行为的行政处罚,Enhanced
5123,在监理过程中实施商业贿赂,Enhanced
5124,涂改、伪造、出借、转让工程监理企业资质证书,Enhanced
5125,《工程监理企业资质管理规定》,Enhanced
5126,工程监理企业,Enhanced
5127,县级以上地方人民政府住房城乡建设主管部门或者有关部门,Enhanced
5128,造成损失时依法承担赔偿责任,Enhanced
5129,构成犯罪时依法追究刑事责任,Enhanced
5130,工程监理企业违法行为,Enhanced
5131,建设部,Enhanced
5132,建设部令第158号,Enhanced
5133,住建部令第45号,Enhanced
5134,责令其改正,Enhanced
5135,处1万元以上3万元以下的罚款,Enhanced
5136,托儿所幼儿园卫生保健工作规范,Enhanced
5137,托儿所幼儿园卫生保健管理办法的一部分,Enhanced
5138,具体事务,Enhanced
5139,法律效力,Enhanced
5140,处罚中国人民钱庄不对行为,Enhanced
5141,某村镇银行,Enhanced
5142,中国人民钱庄,Enhanced
5143,县级以上人民政府生态环境主管部门,Enhanced
5144,占用耕地建窑,Enhanced
5145,建坟,Enhanced
5146,擅自在耕地上建房,Enhanced
5147,挖砂,Enhanced
5148,采石,Enhanced
5149,采矿,Enhanced
5150,取土,Enhanced
5151,破坏种植条件,Enhanced
5152,开发土地,Enhanced
5153,造成土地荒漠化,Enhanced
5154,造成土地盐渍化,Enhanced
5155,《中华人民共和国土地管理法》,Enhanced
5156,第七十五条,Enhanced
5157,占用耕地建窑、建坟或者擅自在耕地上建房、挖砂、采石、采矿、取土等,Enhanced
5158,政府投资建设管理的公园和依托历史建筑建设的公园,Enhanced
5159,会所、夜总会等高档商业设施,Enhanced
5160,公园行政主管部门,Enhanced
5161,违反本条例第二十一条规定的行为,Enhanced
5162,三万元以上五万元以下罚款,Enhanced
5163,《西安市公园条例》,Enhanced
5164,政府投资建设管理的公园,Enhanced
5165,依托历史建筑建设的公园,Enhanced
5166,《陕西省城市市容环境卫生条例》,Enhanced
5167,从事车辆清洗维修、废品收购等行业的经营者,Enhanced
5168,经营场所周边的环境卫生整洁,Enhanced
5169,处以二百元以上五百元以下罚款,Enhanced
5170,"社会影响恶劣,永久不得新成为民办学校举办者或实际控制人",Enhanced
5171,公安机关依法给予治安管理处罚,Enhanced
5172,其他危害学校稳定和安全、侵犯学校法人权利或者损害教职工、受教育者权益的行为,Enhanced
5173,对违反野生动物保护法律、法规，出售、收购、运输、携带国家重点保护的或者地方重点保护的水生野生动物或者其产品行为的行政处罚,Enhanced
5174,中华人民共和国水生野生动物保护实施条例,Enhanced
5175,渔业行政主管部门,Enhanced
5176,违反野生动物保护法律、法规，出售、收购、运输、携带国家重点保护的或者地方重点保护的水生野生动物或者其产品行为,Enhanced
5177,收购,Enhanced
5178,运输,Enhanced
5179,携带,Enhanced
5180,对安全评价机构和检测检验机构的监督检查,Enhanced
5181,城市轨道交通工程项目,Enhanced
5182,未经安全评估投入运营,Enhanced
5183,甩项工程,Enhanced
5184,使用不符合食品安全标准及相关公告的原辅料和添加剂,Enhanced
5185,食品相关产品,Enhanced
5186,超范围、超限量使用添加剂,Enhanced
5187,"生产,食品相关产品",Enhanced
5188,《食品相关产品质量安全监督管理暂行办法》,Enhanced
5189,十万元以下,Enhanced
5190,二十万元以下,Enhanced
5191,国务院负责管理拍卖业的部门,Enhanced
5192,全国拍卖业实施监督管理,Enhanced
5193,省、自治区、直辖市的人民政府和设区的市的人民政府负责管理拍卖业的部门,Enhanced
5194,本行政区域内的拍卖业实施监督管理,Enhanced
5195,拍卖企业,Enhanced
5196,设区的市设立,Enhanced
5197,设立拍卖企业,Enhanced
5198,所在地的省、自治区、直辖市人民政府负责管理拍卖业的部门审核许可,Enhanced
5199,审核许可,Enhanced
5200,省、自治区、直辖市的人民政府负责管理拍卖业的部门,Enhanced
5201,设立拍卖企业实施监督管理,Enhanced
5202,污水处理费征收,Enhanced
5203,城镇排水与污水处理条例,Enhanced
5204,污水处理费征收使用管理办法,Enhanced
5205,财政部、国家发展改革委、住房城乡建设部,Enhanced
5206,财税〔2014〕151号,Enhanced
5207,在绿地内取土、焚烧的行政处罚,Enhanced
5208,在绿地内取土、焚烧,Enhanced
5209,城镇绿地范围内禁止下列行为：在绿地内取土、焚烧,Enhanced
5210,违反本条例第三十四条规定的行为,Enhanced
5211,城市绿地范围内禁止下列行为：取土、焚烧,Enhanced
5212,违反本条例第三十一条规定的取土、焚烧行为,Enhanced
5213,中华人民共和国招标投标法,Enhanced
5214,中标人,Enhanced
5215,履约保证金,Enhanced
5216,工商行政管理机关吊销营业执照,Enhanced
5217,集体土地所有权首次登记,Enhanced
5218,不动产登记暂行条例,Enhanced
5219,中华人民共和国野生植物保护条例,Enhanced
5220,未取得采集证或者未按照采集证的规定采集国家重点保护野生植物的处罚,Enhanced
5221,陕西省野生植物保护条例,Enhanced
5222,未取得采集证或者未按照采集证的规定采集省重点保护野生植物的处罚,Enhanced
5223,集中式供水单位,Enhanced
5224,未取得体检合格证的人员,Enhanced
5225,患有有碍饮用水卫生疾病的或病原携带者,Enhanced
5226,供水单位处以罚款,Enhanced
5227,体检合格证,Enhanced
5228,20元,Enhanced
5229,1000元,Enhanced
5230,水政水资源管理处(执法监督处,Enhanced
5231,职业中毒危害因素不符合国家职业卫生标准和卫生要求,Enhanced
5232,未依照规定维护、检修存在高毒物品的生产装置,Enhanced
5233,未采取规定的措施，安排劳动者进入存在高毒物品的设备、容器或者狭窄封闭场所作业,Enhanced
5234,移动式压力容器,Enhanced
5235,气瓶充装许可,Enhanced
5236,许可事项,Enhanced
5237,气瓶,Enhanced
5238,定点医药机构,Enhanced
5239,违法违规使用医疗保障基金,Enhanced
5240,医疗保障基金（医疗救助基金）,Enhanced
5241,查封、扣押,Enhanced
5242,《消耗臭氧层物质管理条例》,Enhanced
5243,扣押、查封违法生产、销售、使用、进出口的消耗臭氧层物质及其生产设备、设施、原料及产品,Enhanced
5244,《消耗臭氧层物质管理条例》第二十五条第一款第五项,Enhanced
5245,对用人单位违反规定对劳动者生命健康造成严重损害的处罚,Enhanced
5246,责令停止产生职业病危害的作业,Enhanced
5247,提请有关人民政府按照国务院规定的权限责令关闭,Enhanced
5248,处十万元以上五十万元以下的罚款,Enhanced
5249,《中华人民共和国职业病防治法》,Enhanced
5250,营业性爆破作业单位,Enhanced
5251,跨省,Enhanced
5252,地理范围,Enhanced
5253,县级人民政府公安机关,Enhanced
5254,跨省、自治区、直辖市行政区域实施爆破作业,Enhanced
5255,未按照规定事先向爆破作业所在地的县级人民政府公安机关报告,Enhanced
5256,十元以上五十元以下,Enhanced
5257,二百元以上二千元以下,Enhanced
5258,禁止下列影响环境卫生的行为,Enhanced
5259,在露天场所和垃圾收集容器内焚烧树叶、垃圾或者其他废弃物,Enhanced
5260,前款第(四,Enhanced
5261,前款第(四项,Enhanced
5262,特种设备生产单位许可,Enhanced
5263,《陕西省人民政府关于委托一批行政许可事项的决定》第三十八条,Enhanced
5264,《中华人民共和国特种设备安全法》第十八条,Enhanced
5265,《特种设备安全监察条例》第十条,Enhanced
5266,环境保护执法,Enhanced
5267,对非法生产军服、军服专用材料、买卖军服、军服专用材料、生产、销售军服仿制品行为的行政处罚,Enhanced
5268,教育处罚事项,Enhanced
5269,弄虚作假,Enhanced
5270,骗取教师资格,Enhanced
5271,品行不良,Enhanced
5272,侮辱学生,Enhanced
5273,对向水体倾倒船舶垃圾或者排放船舶的残油、废油等行为,Enhanced
5274,《中华人民共和国水污染防治法》第九十条,Enhanced
5275,户口登记,Enhanced
5276,户口,Enhanced
5277,宗教活动场所内改建或者新建建筑物许可,Enhanced
5278,家庭服务机构,Enhanced
5279,家庭服务业管理暂行办法,Enhanced
5280,经营规范,Enhanced
5281,《家庭服务业管理暂行办法》,Enhanced
5282,管理办法,Enhanced
5283,《电力设施保护条例》,Enhanced
5284,根据2011年1月8日国务院令第588号《国务院关于废止和修改部分行政法规的决定》,Enhanced
5285,《电力设施保护条例》（1987年9月15日国务院发布 根据2011年1月8日国务院令第588号《国务院关于废止和修改部分行政法规的决定》第二次修订）,Enhanced
5286,电力管理部门责令停止作业、恢复原状并赔偿损失,Enhanced
5287,城镇排水与污水处理设施建设工程竣工备案,Enhanced
5288,《城镇排水与污水处理条例》,Enhanced
5289,驾驶校车不按照规定放置校车标牌,Enhanced
5290,驾驶校车不按照经审核确定的线路行驶,Enhanced
5291,校车上下学生不按照规定在校车停靠站点停靠,Enhanced
5292,"校车未运载学生上道路行驶,使用校车标牌、校车标志灯和停车指示标志",Enhanced
5293,"驾驶校车上道路行驶前,未对校车车况是否符合安全技术要求进行检查,或者驾驶存在安全隐患的校车上道路行驶",Enhanced
5294,"在校车载有学生时给车辆加油,或者在校车发动机引擎熄灭前离开驾驶座位",Enhanced
5295,由公安机关交通管理部门责令改正,Enhanced
5296,可以处200元罚款,Enhanced
5297,由公安机关交通管理部门依法从重处罚,Enhanced
5298,在申请建设项目安全审查时提供虚假文件、资料,Enhanced
5299,未组织有关单位和专家研究提出试生产(使用,Enhanced
5300,未制定周密的试生产(使用,Enhanced
5301,未组织有关专家对试生产(使用,Enhanced
5302,《危险化学品建设项目安全监督管理办法》,Enhanced
5303,建设项目安全设施竣工后未进行检验、检测的行为,Enhanced
5304,在申请建设项目安全审查时提供虚假文件、资料的行为,Enhanced
5305,未组织有关单位和专家研究提出试生产(使用)可能出现的安全问题及对策的行为,Enhanced
5306,未制定周密的试生产(使用)方案的行为,Enhanced
5307,未组织有关专家对试生产(使用)条件进行检查确认的行为,Enhanced
5308,企业境外投资,Enhanced
5309,非敏感国家和地区,Enhanced
5310,非敏感行业,Enhanced
5311,备案管理,Enhanced
5312,备案和核准管理,Enhanced
5313,省级商务主管部门,Enhanced
5314,西安市境外投资企业备案,Enhanced
5315,《境外投资管理办法》,Enhanced
5316,企业境外投资备案管理,Enhanced
5317,企业境外投资核准管理,Enhanced
5318,《陕西省商务厅关于部分下放西安市境外投资企业权限的通知》,Enhanced
5319,西安市境外投资企业备案权限下放,Enhanced
5320,营利性实体,Enhanced
5321,西安市境外投资企业,Enhanced
5322,投资额5000万元以下,Enhanced
5323,对有证据证明可能危害人体健康的药品及其有关材料的查封、扣押,Enhanced
5324,查封扣押权,Enhanced
5325,制造、销售仿真枪行为,Enhanced
5326,仿真枪,Enhanced
5327,未安装计量设施,Enhanced
5328,计量设施不合格,Enhanced
5329,运行不正常,Enhanced
5330,责令限期更换或者修复,Enhanced
5331,逾期不更换或者不修复的行为的行政处罚,Enhanced
5332,县级以上各级人民政府及其卫生行政部门,Enhanced
5333,2006年8月22日,Enhanced
5334,卫生应急办公室,Enhanced
5335,做出贡献的人员,Enhanced
5336,对在申请化妆品行政许可时提供虚假资料或者采取其他欺骗手段的或伪造、变造、出租、出借或者转让化妆品许可证件的行政处罚,Enhanced
5337,伪造、变造、出租、出借或者转让化妆品许可证件的处罚,Enhanced
5338,作出行政许可决定的部门,Enhanced
5339,撤销行政许可,Enhanced
5340,构成违反治安管理行为的处罚,Enhanced
5341,国务院令第727号,Enhanced
5342,化妆品许可证件,Enhanced
5343,在林区采伐林木不依法采取防止水土流失措施的处罚,Enhanced
5344,《中华人民共和国水土保持法》(2010修订),Enhanced
5345,水行政主管部门,Enhanced
5346,造成水土流失的处罚,Enhanced
5347,造成水土流失的行为,Enhanced
5348,专用航标,Enhanced
5349,《中华人民共和国水污染防治法》第八十九条第一款,Enhanced
5350,船舶未配置相应的防污染设备和器材，或者未持有合法有效的防止水域环境污染的证书与文书的，由海事管理机构、渔业主管部门按照职责分工责令限期改正，处二千元以上二万元以下的罚款；逾期不改正的，责令船舶临时停航。,Enhanced
5351,第八十九条第一款,Enhanced
5352,申报动物检疫隐瞒有关情况或者提供虚假材料的,Enhanced
5353,《动物检疫管理办法》(2022年9月农业农村部令2022年第7号公布 ),Enhanced
5354,《中华人民共和国行政许可法》(2019年4月修正 ),Enhanced
5355,隐瞒有关情况或者提供虚假材料,Enhanced
5356,欺骗、贿赂等不正当手段,Enhanced
5357,船员服务簿记载的事项,Enhanced
5358,国务院令第494号,Enhanced
5359,劳动行政部门,Enhanced
5360,《中华人民共和国劳动法》第九十条,Enhanced
5361,《劳动保障监察条例》第二十五条,Enhanced
5362,劳动者,Enhanced
5363,自取得户外广告设置权之日起六十日内按照许可的地点、位置、形式、规格等要求完成户外广告设施设置,Enhanced
5364,户外广告设置期限届满,Enhanced
5365,"设置权人,应当自期限届满之日起七日内自行拆除户外广告或者户外广告设施",Enhanced
5366,限期拆除,Enhanced
5367,未标注产品标准号或者未标注质量检验合格证明,Enhanced
5368,《化妆品标识管理规定》,Enhanced
5369,1万元以下罚款,Enhanced
5370,经营第二类非药品类易制毒化学品备案,Enhanced
5371,危险化学品安全监督管理处（行政审批处）,Enhanced
5372,无导游证进行导游活动,Enhanced
5373,《导游人员管理条例》,Enhanced
5374,由旅游行政部门责令改正并予以公告,Enhanced
5375,处1000元以上3万元以下的罚款,Enhanced
5376,有违法所得的，并处没收违法所得,Enhanced
5377,1999年5月国务院令第263号,Enhanced
5378,无导游证进行导游活动的行政处罚,Enhanced
5379,工贸企业有限空间作业安全规定,Enhanced
5380,有限空间安全警示标志,Enhanced
5381,有限空间作业安全仪器、设备、装备和器材,Enhanced
5382,《工贸企业有限空间作业安全规定》,Enhanced
5383,西安市城市管理和综合执法局执行,Enhanced
5384,建筑垃圾管理处承办,Enhanced
5385,社区居民委员会,Enhanced
5386,监督、指导,Enhanced
5387,个人住宅装饰装修废弃物,Enhanced
5388,袋装收集,Enhanced
5389,定点投放,Enhanced
5390,个人住宅装饰装修废弃物临时堆放点,Enhanced
5391,社区居民委员会设置,Enhanced
5392,村民委员会设置,Enhanced
5393,物业服务企业设置,Enhanced
5394,从事爆破作业的单位,Enhanced
5395,爆破作业单位,Enhanced
5396,西安市生态环境局下属机构,Enhanced
5397,从事环境监测、环境影响评价文件和竣工验收报告编制、技术评估、环保设施运维以及自动监控设施运维、碳咨询、碳核查等有关技术服务单位,Enhanced
5398,违法行为主体,Enhanced
5399,药品使用单位,Enhanced
5400,假药,Enhanced
5401,劣药,Enhanced
5402,保安培训机构,Enhanced
5403,依法由公安机关、国家安全机关、检察机关专有的侦察技术、手段,Enhanced
5404,设区的市级人民政府公安机关,Enhanced
5405,保安培训机构取消教员授课资格,Enhanced
5406,"保安培训机构处以,二千元以上一万元以下罚款",Enhanced
5407,保安培训机构管理办法,Enhanced
5408,未按规定建立专门的流行病学调查队伍,Enhanced
5409,未按规定进行传染病疫情的流行病学调查工作,Enhanced
5410,未按规定派人进行现场调查,Enhanced
5411,未按规定上报疫情,Enhanced
5412,报告突发公共卫生事件,Enhanced
5413,电子出版物制作业务许可,Enhanced
5414,《音像制品管理条例》,Enhanced
5415,《陕西省人民政府关于委托一批行政允许事项的决定》,Enhanced
5416,省新闻出版局,Enhanced
5417,设区的市级新闻出版部门,Enhanced
5418,陕西省,Enhanced
5419,外商投资企业,Enhanced
5420,音像制品发行业务,Enhanced
5421,"""工伤认定""",Enhanced
5422,"""西安市人力资源和社会保障局""",Enhanced
5423,"""工伤保险处""",Enhanced
5424,工伤认定,Enhanced
5425,工伤保险处,Enhanced
5426,金属非金属地下矿山地表设施未按设计采取有效安全措施保护,Enhanced
5427,金属非金属地下矿山,Enhanced
5428,《房屋建筑和市政基础设施工程施工招标投标管理办法》,Enhanced
5429,不具备自行办理施工招标事宜条件而自行招标,Enhanced
5430,1万元以下的罚款,Enhanced
5431,1000元以上5000元以下的罚款,Enhanced
5432,"未采取,应急处置措施",Enhanced
5433,本规定建立危大工程安全管理档案,Enhanced
5434,下属机构,Enhanced
5435,项目负责人,Enhanced
5436,《危险性较大的分部分项工程安全管理规定》（2018年住建部令第37号发布，2019年3月13日住建部令第47号修正）,Enhanced
5437,进行施工监测和安全巡视,Enhanced
5438,组织危大工程验收,Enhanced
5439,应急处置措施,Enhanced
5440,互联网,Enhanced
5441,标注,Enhanced
5442,含有按照国家有关规定在地图上不得表示的内容,Enhanced
5443,通过互联网上传标注含有按照国家有关规定在地图上不得表示的内容,Enhanced
5444,通过互联网上传标注了含有按照国家有关规定在地图上不得表示的内容,Enhanced
5445,处10万元以下的罚款,Enhanced
5446,颁发资质证书的部门决定,Enhanced
5447,县级以上人民政府测绘地理信息行政主管部门决定,Enhanced
5448,县级以上人民政府测绘地理信息行政主管部门,Enhanced
5449,《西安市城市污水处理和再生水利用条例》第三十一条,Enhanced
5450,用水,Enhanced
5451,再生水,Enhanced
5452,扣减计划用水指标,Enhanced
5453,查封取水设施,Enhanced
5454,责成停止供水,Enhanced
5455,二千元以下,Enhanced
5456,应当使用再生水的用水类型,Enhanced
5457,对工程施工单位未及时清运施工过程中产生的建筑垃圾等固体废物的行政处罚,Enhanced
5458,房产测绘成果备案,Enhanced
5459,《房产测绘管理办法》,Enhanced
5460,《商品房销售管理办法》,Enhanced
5461,2001年5月1日,Enhanced
5462,房地产行政主管部门,Enhanced
5463,施测单位的资格,Enhanced
5464,测绘成果的适用性,Enhanced
5465,界址点准确性,Enhanced
5466,面积测算依据与方法,Enhanced
5467,"委托,具有房产测绘资格的单位实施测绘",Enhanced
5468,测绘成果,Enhanced
5469,房屋权属登记,Enhanced
5470,房产测绘,Enhanced
5471,燃气设施,Enhanced
5472,安全检查,Enhanced
5473,对拒绝对燃气设施进行安全检查,Enhanced
5474,对非法转让和倒卖出租汽车经营权行为的处罚,Enhanced
5475,转让人或者倒卖人,Enhanced
5476,建材企业,Enhanced
5477,筒型储库人工清库作业,Enhanced
5478,安全措施,Enhanced
5479,事故隐患消除措施,Enhanced
5480,重大事故隐患判定标准,Enhanced
5481,专职安全管理人员,Enhanced
5482,《道路危险货物运输管理规定》,Enhanced
5483,交通运输部2013年第2号令,Enhanced
5484,交通运输部2023年第13号令,Enhanced
5485,县级以上地方人民政府卫生主管部门之一,Enhanced
5486,机场,Enhanced
5487,服务站点之一,Enhanced
5488,车站,Enhanced
5489,码头,Enhanced
5490,对土壤污染防治的行政检查,Enhanced
5491,土壤污染防治的行政检查,Enhanced
5492,排放噪声的场所、设施、设备、工具和物品,Enhanced
5493,对排放噪声造成严重污染被责令改正拒不改正的行为,Enhanced
5494,生态环境主管部门或者其他负有噪声污染防治监督管理职责的部门,Enhanced
5495,房屋建筑和市政基础设施,Enhanced
5496,房屋建筑和市政基础设施可以不进行施工招标的批准,Enhanced
5497,施工企业,Enhanced
5498,施工企业自建自用的工程,Enhanced
5499,该施工企业,Enhanced
5500,工程要求,Enhanced
5501,工程,Enhanced
5502,在建工程,Enhanced
5503,占用农业灌溉水源、灌排工程设施审批,Enhanced
5504,中国公民,Enhanced
5505,香港,Enhanced
5506,中国特别行政区,Enhanced
5507,澳门,Enhanced
5508,台湾地区,Enhanced
5509,中国地区,Enhanced
5510,儿童福利处,Enhanced
5511,华侨以及居住在香港、澳门、台湾地区的中国公民收养登记,Enhanced
5512,擅自在道路、桥涵上牵引、吊装作业,Enhanced
5513,违反条例,Enhanced
5514,五十元以上五百元以下,Enhanced
5515,五百元以上五千元以下,Enhanced
5516,条例行为,Enhanced
5517,对露天焚烧秸秆、落叶、枯草的行政处罚,Enhanced
5518,综合管理处,Enhanced
5519,西安市城市管理和综合执法局的一部分,Enhanced
5520,中华人民共和国公司法,Enhanced
5521,未依法登记为有限责任公司或者股份有限公司而冒用名义行为,Enhanced
5522,由公司登记机关责令改正或者予以取缔,Enhanced
5523,可以并处十万元以下的罚款,Enhanced
5524,财务与社会保险基金监督处,Enhanced
5525,隐匿、转移、侵占、挪用社会保险基金,Enhanced
5526,财政部门,Enhanced
5527,审计机关,Enhanced
5528,《中华人民共和国社会保险法》第九十一条,Enhanced
5529,违规投资运营,Enhanced
5530,社会保险经办机构及其工作人员,Enhanced
5531,"或者继续使用经检修仍不能达到使用安全标准的医疗器械,服务事项",Enhanced
5532,医疗器械使用违规行为,Enhanced
5533,或者继续使用经检修仍不能达到使用安全标准的医疗器械,Enhanced
5534,使用安全标准,Enhanced
5535,病历,Enhanced
5536,城管部门,Enhanced
5537,办公室,Enhanced
5538,对城管部门职责范围内的拆除施工未按规定要求采取扬尘污染防治措施的行政处罚,Enhanced
5539,转让肥料登记证或登记证号,Enhanced
5540,登记证有效期满未经批准续展登记而继续生产该肥料产品,Enhanced
5541,生产、销售包装上未附标签、标签残缺不清或者擅自修改标签内容,Enhanced
5542,《肥料登记管理办法》,Enhanced
5543,肥料登记证,Enhanced
5544,登记证号,Enhanced
5545,标识,Enhanced
5546,《肥料登记管理办法》第27条,Enhanced
5547,侵占公园用地,Enhanced
5548,擅自改变用地性质,Enhanced
5549,西安市公园条例,Enhanced
5550,城市轨道交通运营管理规定,Enhanced
5551,运营服务质量承诺,Enhanced
5552,运行图,Enhanced
5553,向乘客提供运营服务和安全应急等信息,Enhanced
5554,投诉受理制度,Enhanced
5555,乘客投诉,Enhanced
5556,采取的限流、甩站、封站、暂停运营等措施,Enhanced
5557,"城市轨道交通运营主管部门,采取的限流、甩站、封站、暂停运营等措施",Enhanced
5558,运营服务和安全应急等信息,Enhanced
5559,《西安市地下水资源管理条例》,Enhanced
5560,县级以上人民政府水行政主管部门、财政部门和价格主管部门,Enhanced
5561,水资源费征收、使用情况的监督管理,Enhanced
5562,本市行政区域内地下水资源管理的行政主管部门,Enhanced
5563,区、县水行政管理部门,Enhanced
5564,本辖区内地下水资源的管理工作,Enhanced
5565,开发地下水的单位和个人及其委托的凿井施工单位,Enhanced
5566,取水许可审批文件批准的取水地点、凿井深度、开采层段和有关技术规范组织施工,Enhanced
5567,取用地下水的单位和个人,Enhanced
5568,水资源费,Enhanced
5569,取用城市地下水的单位和个人,Enhanced
5570,城市污水处理费,Enhanced
5571,水资源费和城市污水处理费的征收,Enhanced
5572,有关规定执行,Enhanced
5573,符合质量技术标准的取水计量设施,Enhanced
5574,取水计量设施,Enhanced
5575,取用地下水,Enhanced
5576,不得擅自改变用途,Enhanced
5577,西安市地下水资源管理条例,Enhanced
5578,取水许可实施和水资源费征收、使用情况的监督检查,Enhanced
5579,乳品质量安全监督检查,Enhanced
5580,对乳品质量安全的监督检查,Enhanced
5581,乳品质量安全监督管理条例,Enhanced
5582,畜牧兽医,Enhanced
5583,质量监督,Enhanced
5584,工商行政管理,Enhanced
5585,调查了解情况,Enhanced
5586,合同,Enhanced
5587,查阅复制,Enhanced
5588,票据,Enhanced
5589,检验报告,Enhanced
5590,不符合乳品质量安全国家标准的乳品,Enhanced
5591,查封扣押,Enhanced
5592,违法使用的生鲜乳,Enhanced
5593,涉嫌违法从事乳品生产经营活动的场所,Enhanced
5594,用于违法生产经营的工具,Enhanced
5595,用于违法生产经营的设备,Enhanced
5596,2008年10月9日,Enhanced
5597,国务院令第536号,Enhanced
5598,国务院令第580号,Enhanced
5599,古生物化石保护条例,Enhanced
5600,国务院令第709号,Enhanced
5601,国土资源部令第57号,Enhanced
5602,古生物化石保护条例实施办法,Enhanced
5603,自然资源部令第5号,Enhanced
5604,《医疗事故处理条例》,Enhanced
5605,参加医疗事故技术鉴定工作的人员,Enhanced
5606,申请鉴定双方或者一方当事人的财物或者其他利益,Enhanced
5607,虚假医疗事故技术鉴定书,Enhanced
5608,执业证书或者资格证书之一,Enhanced
5609,《陕西省质量检验机构管理条例》,Enhanced
5610,第三十四条,Enhanced
5611,质量检验机构,Enhanced
5612,第三十四条第(四,Enhanced
5613,县级以上质量技术监督部门,Enhanced
5614,《计量认证合格证书》,Enhanced
5615,出具虚假结果,Enhanced
5616,对《计量认证合格证书》和资质确认证书界定的检验项目拒绝检验,Enhanced
5617,超出《计量认证合格证书》和资质确认证书界定的质量检验范围进行检验,Enhanced
5618,《计量认证合格证书》失效后仍然向社会出具公证数据和结果,Enhanced
5619,"未经委托方同意,泄露数据或者结果",Enhanced
5620,泄露或者非法利用在质量检验过程中知悉的国家秘密和商业秘密,Enhanced
5621,执行机关,Enhanced
5622,处罚对象,Enhanced
5623,规模单用途商业预付卡发卡企业备案,Enhanced
5624,《单用途商业预付卡管理办法（试行）》（2016修正）（商务部令2012年第9号）,Enhanced
5625,安全隐患,Enhanced
5626,人体健康和生命安全造成损害,Enhanced
5627,农业,Enhanced
5628,卫生,Enhanced
5629,质检,Enhanced
5630,商务,Enhanced
5631,有关信息,Enhanced
5632,销售者停止销售,Enhanced
5633,消费者停止使用,Enhanced
5634,"有关监督管理部门,报告",Enhanced
5635,该产品,Enhanced
5636,生产企业或者供货商,Enhanced
5637,前款规定义务,Enhanced
5638,监督管理部门,Enhanced
5639,生产企业召回产品,Enhanced
5640,"生产企业,并处货值金额3倍的罚款",Enhanced
5641,"销售者,并处,1000元以上5万元以下的罚款",Enhanced
5642,许可证照,Enhanced
5643,有关监督管理部门,Enhanced
5644,从事道路货物运输站（场）经营、机动车驾驶员培训业务,Enhanced
5645,"属于,服务事项",Enhanced
5646,从事道路货物运输站（场）经营,Enhanced
5647,机动车驾驶员培训业务,Enhanced
5648,备案时提供虚假材料情节严重,Enhanced
5649,从事机动车驾驶员培训业务未按规定办理备案变更拒不改正的,Enhanced
5650,对开挖、扩建地下室或者在屋面违章搭建的行政处罚,Enhanced
5651,国家矿山安全监察局,Enhanced
5652,尾矿堆积坝,Enhanced
5653,文物商店,Enhanced
5654,前款规定,Enhanced
5655,吊销许可证书,Enhanced
5656,金属非金属露天矿山重大事故隐患,Enhanced
5657,国家矿山安全监察局通知,Enhanced
5658,金属非金属露天矿山工作帮坡角,Enhanced
5659,金属非金属露天矿山最终边坡台阶高度,Enhanced
5660,中华人民共和国安全生产法第一百零二条,Enhanced
5661,机动车变更登记,Enhanced
5662,变更登记,Enhanced
5663,登记地车辆管理所,Enhanced
5664,变更登记申请,Enhanced
5665,机动车所有人的身份证明,Enhanced
5666,机动车安全技术检验合格证明,Enhanced
5667,因质量问题更换整车,Enhanced
5668,营运机动车改为非营运机动车或者非营运机动车改为营运机动车等使用性质改变,Enhanced
5669,机动车所有人的住所迁出或者迁入车辆管理所管辖区域,Enhanced
5670,公安部124号令,Enhanced
5671,变更登记情形之一,Enhanced
5672,县级以上人民政府食品安全监督管理部门,Enhanced
5673,发布未依法取得资质认定的食品检验机构出具的食品检验信息,Enhanced
5674,《食品安全法实施条例》,Enhanced
5675,国务院令第721号,Enhanced
5676,国务院令第557号,Enhanced
5677,人员密集场所发生火灾,Enhanced
5678,现场工作人员,Enhanced
5679,组织、引导在场人员疏散的义务,Enhanced
5680,现场工作人员不履行组织、引导在场人员疏散的义务,Enhanced
5681,内河交通安全的监督检查,Enhanced
5682,内河交通安全监督检查制度,Enhanced
5683,建筑垃圾排放人,Enhanced
5684,建筑垃圾排放管理人员,Enhanced
5685,管理人员,Enhanced
5686,施工现场未配备建筑垃圾排放管理人员或者建筑垃圾运输人未配备管理人员,Enhanced
5687,《西安市建筑垃圾管理条例》（2020修正）,Enhanced
5688,建筑垃圾运输管理人员,Enhanced
5689,淘汰落后安全技术工艺、设备目录列出的工艺、设备,Enhanced
5690,使用应当淘汰的危及生产安全的工艺、设备,Enhanced
5691,无使用配额许可证使用消耗臭氧层物质行为,Enhanced
5692,违法将已淘汰的消耗臭氧层物质用于制冷剂等用途,Enhanced
5693,定期审验,Enhanced
5694,客运、货运车辆（含危险品运输车辆）,Enhanced
5695,需要进一步澄清,Enhanced
5696,黏土实心砖,Enhanced
5697,施工图审查单位,Enhanced
5698,施工图设计文件,Enhanced
5699,使用黏土实心砖,Enhanced
5700,工程监理单位,Enhanced
5701,禁止使用黏土实心砖规定,Enhanced
5702,规定予以处罚,Enhanced
5703,每立方米五十元罚款,Enhanced
5704,十万元以上二十万元以下罚款,Enhanced
5705,禁止使用黏土实心砖的区域,Enhanced
5706,禁止使用黏土实心砖的规定，审查通过施工图设计文件,Enhanced
5707,使用黏土实心砖进行施工，应予拆除；不能拆除的，按使用黏土实心砖量处以每立方米五十元罚款,Enhanced
5708,未取得计量认证合格证书的产品质量检验机构,Enhanced
5709,为社会提供公证数据,Enhanced
5710,《中华人民共和国计量法实施细则》,Enhanced
5711,第664号,Enhanced
5712,颁发资质证书的部门,Enhanced
5713,西安市销售燃放烟花爆竹安全管理条例,Enhanced
5714,违反本条例第十二条规定,Enhanced
5715,烟花爆竹采购、销售档案,Enhanced
5716,法律援助补贴发放,Enhanced
5717,县级以上人民政府司法行政部门,Enhanced
5718,法律援助机构,Enhanced
5719,组织实施法律援助工作,Enhanced
5720,法律援助申请,Enhanced
5721,法律援助人员,Enhanced
5722,法律援助补贴,Enhanced
5723,律师,Enhanced
5724,基层法律服务工作者,Enhanced
5725,法律援助志愿者,Enhanced
5726,内地公民因私往来港、澳、台地区审批,Enhanced
5727,大陆居民因私往来台湾地区通行证申领、签注,Enhanced
5728,内地公民,Enhanced
5729,公民,Enhanced
5730,港,Enhanced
5731,地区,Enhanced
5732,澳,Enhanced
5733,台地区,Enhanced
5734,通行证,Enhanced
5735,台湾地区通行证,Enhanced
5736,对外劳务合作经营,Enhanced
5737,对粮食收购者有未按照规定告知、公示粮食收购价格或者收购粮食压级压价，操纵价格等价格违法行为的行政惩罚,Enhanced
5738,粮食收购价格,Enhanced
5739,价格,Enhanced
5740,粮食收购收购、储存、运输活动和政策性粮食购销活动中的质量安全状况的监督检查,Enhanced
5741,粮食经营者,Enhanced
5742,个体或组织,Enhanced
5743,建设工程勘察设计管理条例,Enhanced
5744,建设工程勘察、设计注册执业人员和其他专业技术人员,Enhanced
5745,一个建设工程勘察、设计单位,Enhanced
5746,两个以上建设工程勘察、设计单位,Enhanced
5747,建设工程勘察、设计活动,Enhanced
5748,《建设工程勘察设计管理条例》,Enhanced
5749,2倍以上5倍以下,Enhanced
5750,责令停止执行业务,Enhanced
5751,吊销资格证书,Enhanced
5752,省政府事务,Enhanced
5753,水土保持设施验收备案,Enhanced
5754,《中华人民共和国水土保持法》,Enhanced
5755,生产建设项目水土保持监督管理办法,Enhanced
5756,《生产建设项目水土保持监督管理办法》,Enhanced
5757,生产建设项目,Enhanced
5758,水土保持设施验收材料,Enhanced
5759,审批水土保持方案的水行政主管部门,Enhanced
5760,审批水土保持方案的水行政主管部门的同级水行政主管部门,Enhanced
5761,未经批准在水产种质资源保护区内从事捕捞活动行为,Enhanced
5762,责令立即停止捕捞,Enhanced
5763,没收渔获物和渔具,Enhanced
5764,可以并处一万元以下的罚款,Enhanced
5765,《中华人民共和国渔业法》(2013年12月修正),Enhanced
5766,不具有接待服务能力,Enhanced
5767,县级以上旅游行政管理部门,Enhanced
5768,违法所得的3倍以下但最高不超过3万元,Enhanced
5769,1万元以下,Enhanced
5770,旅行社条例实施细则,Enhanced
5771,2009年4月国家旅游局令第30号,Enhanced
5772,2016年12月国家旅游局令第42号,Enhanced
5773,有机配料,Enhanced
5774,加工产品,Enhanced
5775,有机产品认证管理办法,Enhanced
5776,有机配料含量低于95%的加工产品,Enhanced
5777,有机认证,Enhanced
5778,法律制裁,Enhanced
5779,执业医师开具麻醉药品和精神药品处方的情况监督检查,Enhanced
5780,无直接相关实体,Enhanced
5781,县级以上人民政府卫生主管部门,Enhanced
5782,执业医师开具麻醉药品和精神药品处方的情况,Enhanced
5783,"处罚措施,第一百零二条",Enhanced
5784,金属非金属露天矿山运输道路坡度大于设计坡度10%以上,Enhanced
5785,《国家矿山安全监察局关于印发〈金属非金属矿山重大事故隐患判定标准〉的通知》（矿安〔2022〕88号）,Enhanced
5786,具体概念,Enhanced
5787,负责机构,Enhanced
5788,医疗废物管理制度,Enhanced
5789,直辖市或者设区的市的特种设备安全监督管理部门,Enhanced
5790,场（厂）内专用机动车辆的改造、维修单位,Enhanced
5791,特种设备,Enhanced
5792,对未建设畜禽养殖污染防治配套设施等行为的行政处罚,Enhanced
5793,责令停止生产或者使用,Enhanced
5794,秦岭,Enhanced
5795,西安市生态环境局下属单位,Enhanced
5796,特种设备过户使用未进行变更登记,Enhanced
5797,特种设备重新安装未进行登记,Enhanced
5798,县级以上特种设备监督管理部门,Enhanced
5799,特种设备过户使用的,Enhanced
5800,办理注销登记,Enhanced
5801,重新申请登记,Enhanced
5802,特种设备重新安装的,Enhanced
5803,陕西省特种设备安全监察条例,Enhanced
5804,国务院有关部门,Enhanced
5805,全国卫生系统先进工作者荣誉称号,Enhanced
5806,白求恩奖章,Enhanced
5807,具体办法,Enhanced
5808,表彰,Enhanced
5809,县级以上地方人民政府的有关部门,Enhanced
5810,国务院令第517号,Enhanced
5811,国务院令第726号,Enhanced
5812,有关政府部门,Enhanced
5813,财务会计报告,Enhanced
5814,接受和使用捐赠情况,Enhanced
5815,财务、资产、会计制度,Enhanced
5816,会计核算制度,Enhanced
5817,财务报告制度,Enhanced
5818,财务管理,Enhanced
5819,财务状况,Enhanced
5820,收支情况,Enhanced
5821,接受、使用捐赠情况,Enhanced
5822,"所在地的县级以上人民政府宗教事务部门,报告",Enhanced
5823,"信教公民,公布",Enhanced
5824,所在地的县级以上人民政府宗教事务部门,Enhanced
5825,信教公民,Enhanced
5826,对教唆、引诱、欺骗吸毒的处罚,Enhanced
5827,教唆,Enhanced
5828,引诱,Enhanced
5829,欺骗,Enhanced
5830,吸毒,Enhanced
5831,对拍卖人采用财物或者其他手段进行贿赂以争揽业务,Enhanced
5832,利用拍卖公告或者其他方法，对拍卖标的作引人误解的虚假宣传,Enhanced
5833,捏造、散布虚假事实，损害其他拍卖人的商业信誉,Enhanced
5834,以不正当手段侵犯他人的商业秘密,Enhanced
5835,拍卖人及其工作人员以竞买人的身份参与自己组织的拍卖活动，或者委托他人代为竞买,Enhanced
5836,在自己组织的拍卖活动中拍卖自己的物品或者财产权利,Enhanced
5837,电梯维护保养单位,Enhanced
5838,现场维护保养,Enhanced
5839,应急救援,Enhanced
5840,具有相应资格的电梯维护保养人员,Enhanced
5841,二人,Enhanced
5842,现场安全防护措施,Enhanced
5843,西安市电梯安全管理办法,Enhanced
5844,2020年12月31日,Enhanced
5845,《西安市电梯安全管理办法》,Enhanced
5846,"""耕地保护激励奖补""",Enhanced
5847,"""行政奖励""",Enhanced
5848,"""耕地保护监督处""",Enhanced
5849,耕地保护激励奖补,Enhanced
5850,传染病病人,Enhanced
5851,疑似传染病病人,Enhanced
5852,密切接触者,Enhanced
5853,传染病,Enhanced
5854,传染病预防,Enhanced
5855,《建筑工程施工许可管理办法》,Enhanced
5856,住建部令第18号,Enhanced
5857,住建部令第52号,Enhanced
5858,施工许可证,Enhanced
5859,伪造或者涂改施工许可,Enhanced
5860,对生产、销售利用残次零配件或者报废农业机械的发动机、方向机、变速器、车架等部件拼装的农业机械的行政处罚,Enhanced
5861,50元以上200元以下,Enhanced
5862,在营运车辆上粘贴、悬挂违反治安管理要求的遮挡物,Enhanced
5863,未按照有关规定安装安全防范装置,Enhanced
5864,2021年,Enhanced
5865,未依照本条例规定填报排污信息的企业事业单位和其他生产经营者,Enhanced
5866,"由生态环境主管部门责令改正,可以处5万元以下的罚款",Enhanced
5867,综合业务部,Enhanced
5868,分中心,Enhanced
5869,管理部,Enhanced
5870,降低住房公积金缴存比例,Enhanced
5871,缓缴或补缴核准,Enhanced
5872,普通护照核发及加注,Enhanced
5873,中华人民共和国护照法,Enhanced
5874,公安部出入境管理机构,Enhanced
5875,普通护照,Enhanced
5876,县级以上地方人民政府公安机关出入境管理机构,Enhanced
5877,中华人民共和国驻外使馆,Enhanced
5878,外交部委托的其他驻外机构,Enhanced
5879,护照持有人,Enhanced
5880,护照变更加注,Enhanced
5881,护照签发机关,Enhanced
5882,职业病防治的法律、法规、规章和国家职业卫生标准的情况,Enhanced
5883,行政事业单位,Enhanced
5884,企业会计帐簿设置,Enhanced
5885,会计核算,Enhanced
5886,从业人员专业能力,Enhanced
5887,职业道德的检查,Enhanced
5888,会计资料真实性,Enhanced
5889,会计资料完整性情况,Enhanced
5890,基础教育三处,Enhanced
5891,对违反规定擅自举办民办学校的处罚,Enhanced
5892,民政,Enhanced
5893,房地产估价机构及执行房地产估价业的估价人员与委托人或者估价业务相对人有利害关系的,Enhanced
5894,回避未回避的处罚,Enhanced
5895,对房地产估价机构及执行房地产估价业的估价人员与委托人或者估价业务相对人有利害关系的,Enhanced
5896,网络交易经营者,Enhanced
5897,对网络交易经营者未按照要求提供特定时段、特定品类、特定区域的商品或者服务的价格、销量、销售额等数据信息的行政处罚,Enhanced
5898,国家市场监督管理总局及其授权的省级市场监督管理部门,Enhanced
5899,特定时段、特定品类、特定区域的商品或者服务的价格、销量、销售额等数据信息,Enhanced
5900,房屋建筑工程抗震设防管理规定,Enhanced
5901,处以1万元以下罚款,Enhanced
5902,未对抗震能力受损、荷载增加或者需提高抗震设防类别的房屋建筑工程,Enhanced
5903,租赁合同网签备案,Enhanced
5904,西安市规范住房租赁市场管理办法,Enhanced
5905,《西安市规范住房租赁市场管理办法》,Enhanced
5906,住房租赁合同,Enhanced
5907,《关于整顿规范住房租赁市场秩序的意见》,Enhanced
5908,住房租赁交易,Enhanced
5909,住房租赁合同网签备案相关手续,Enhanced
5910,租赁当事人,Enhanced
5911,租赁处,Enhanced
5912,房屋租赁服务中心,Enhanced
5913,产品质量检验机构,Enhanced
5914,向社会推荐生产者的产品,Enhanced
5915,监制、监销等方式参与产品经营活动,Enhanced
5916,违法收入一倍以下的罚款,Enhanced
5917,撤销其质量检验资格,Enhanced
5918,产品质量监督部门,Enhanced
5919,建设工程实施单位,Enhanced
5920,古生物化石,Enhanced
5921,"单位或者个人,处1万元以下罚款",Enhanced
5922,古生物化石损毁,Enhanced
5923,相应法律责任,Enhanced
5924,建设工程质量管理条例,Enhanced
5925,水利工程质量管理规定,Enhanced
5926,建设项目档案,Enhanced
5927,单位罚款数额百分之五以上百分之十以下,Enhanced
5928,1万元以上10万元以下的罚款,Enhanced
5929,水利领域建设单位,Enhanced
5930,水利工程竣工验收后未移交建设项目档案行为,Enhanced
5931,2023年1月12日,Enhanced
5932,生产、销售、使用放射性同位素和射线装置的单位,Enhanced
5933,生产、销售、使用、贮存放射性同位素和射线装置的场所,Enhanced
5934,安全和防护设施以及放射性标志,Enhanced
5935,《中华人民共和国放射性污染防治法》,Enhanced
5936,对不按照规定设置放射性标识、标志、中文警示说明的行政处罚,Enhanced
5937,县级以上人民政府环境保护行政主管部门,Enhanced
5938,生态环境保护综合执法体系,Enhanced
5939,《陕西省实施&lt;中华人民共和国献血法&gt;办法》,Enhanced
5940,表彰或者奖励,Enhanced
5941,红十字会,Enhanced
5942,个人无偿献血量累计一千毫升以上,Enhanced
5943,给予表彰或者奖励,Enhanced
5944,单位在组织献血工作中成绩突出,Enhanced
5945,在医疗临床用血新技术的研究和推广工作中成绩突出,Enhanced
5946,在采血、供血或者用血管理工作中成绩突出,Enhanced
5947,在同血液违法犯罪行为斗争中表现突出,Enhanced
5948,开展无偿献血的社会公益性宣传成效显著,Enhanced
5949,为献血事业捐赠款物数额较大,Enhanced
5950,其他为献血事业做出特殊贡献,Enhanced
5951,建筑工地农民工业余学校备案,Enhanced
5952,指导意见,Enhanced
5953,中央精神文明建设指导委员会办公室,Enhanced
5954,中华全国总工会,Enhanced
5955,中国共产主义青年团中央委员会,Enhanced
5956,合理确定,Enhanced
5957,调整修订,Enhanced
5958,农民工业余学校建校标准和要求,Enhanced
5959,建校,Enhanced
5960,应当建立农民工业余学校的工程项目,Enhanced
5961,当地住房城乡建设主管部门,Enhanced
5962,农民工业余学校运行情况,Enhanced
5963,检查指导,Enhanced
5964,注销,Enhanced
5965,责令整改,Enhanced
5966,建人〔2012〕200号,Enhanced
5967,"""涉案财物价格认定复核""",Enhanced
5968,"""西安市发展和改革委员会""",Enhanced
5969,"""市价格认证服务中心""",Enhanced
5970,涉案财物价格认定复核,Enhanced
5971,权力行使主体,Enhanced
5972,市价格认证服务中心,Enhanced
5973,谎报火警,Enhanced
5974,虚构事实扰乱公共秩序,Enhanced
5975,散布谣言,Enhanced
5976,谎报险情,Enhanced
5977,谎报疫情,Enhanced
5978,谎报警情,Enhanced
5979,一级、二级重大危险源的危险化学品罐区,Enhanced
5980,一百零二条,Enhanced
5981,构成一级、二级重大危险源的危险化学品罐区未实现紧急切断功能,Enhanced
5982,重大生产安全事故隐患判定标准,Enhanced
5983,毒性气体,Enhanced
5984,重大危险源,Enhanced
5985,液化气体,Enhanced
5986,剧毒液体,Enhanced
5987,未经文化主管部门批准的营业性演出活动,Enhanced
5988,本办法第二十二条第一款规定,Enhanced
5989,娱乐场所管理办法,Enhanced
5990,2013年2月文化部令第55号,Enhanced
5991,2022年4月文化和旅游部令第9号,Enhanced
5992,外国人从事演出活动,Enhanced
5993,文化市场执法机构,Enhanced
5994,娱乐场所不得为未经文化主管部门批准的营业性演出活动提供场地,Enhanced
5995,国务院令第669号公布,Enhanced
5996,擅自占用农业灌溉水源、农田水利工程设施,Enhanced
5997,未经考试合格并取得适任证书或者其他适任证件的人员,Enhanced
5998,立即离岗,Enhanced
5999,聘用单位,Enhanced
6000,国务院令第355号,Enhanced
6001,未经考试合格并取得适任证书的人员不得擅自从事船舶航行,Enhanced
6002,条例版本号,Enhanced
6003,《职工带薪年休假条例》,Enhanced
6004,县级以上地方人民政府人事部门,Enhanced
6005,职工的年休假权利,Enhanced
6006,国务院令第514号,Enhanced
6007,县级以上地方人民政府劳动行政部门,Enhanced
6008,人力资源社会保障部令第1号,Enhanced
6009,商品现货市场经营者,Enhanced
6010,规定职责,Enhanced
6011,业务规则和规章制度,Enhanced
6012,市场经营者,Enhanced
6013,第十一条,Enhanced
6014,第十二条,Enhanced
6015,第十八条,Enhanced
6016,《商品现货市场交易特别规定（试行）》,Enhanced
6017,中国人民银行,Enhanced
6018,中国证券监督管理委员会,Enhanced
6019,《特种设备安全监督检查办法》,Enhanced
6020,特种设备生产、经营、使用单位和检验、检测机构,Enhanced
6021,本办法第二十九条第一款,Enhanced
6022,特种设备安全监察指令,Enhanced
6023,予以改正,Enhanced
6024,整改报告,Enhanced
6025,五千元以上十万元以下罚款,Enhanced
6026,丢失,Enhanced
6027,擅自提供,Enhanced
6028,抄录,Enhanced
6029,复制,Enhanced
6030,公布,Enhanced
6031,非法转让,Enhanced
6032,篡改,Enhanced
6033,损毁,Enhanced
6034,出卖,Enhanced
6035,赠送给外国人,Enhanced
6036,外国组织,Enhanced
6037,擅自运送,Enhanced
6038,邮寄,Enhanced
6039,通过互联网传输,Enhanced
6040,档案管理,Enhanced
6041,送给外国人,Enhanced
6042,1997年5月国务院令第216号,Enhanced
6043,2022年3月国务院令第752号,Enhanced
6044,不执行农药使用记录制度的行为,Enhanced
6045,由县级人民政府农业主管部门责令改正,Enhanced
6046,拒不改正或者情节严重的行为,Enhanced
6047,处2000元以上2万元以下罚款,Enhanced
6048,县级人民政府农业主管部门,Enhanced
6049,《农药管理条例》（1997年5月国务院令第216号发布，2022年3月国务院令第752号第二次修订）,Enhanced
6050,"""对销售的农作物种子应当包装而没有包装的""",Enhanced
6051,"""销售的种子没有使用说明或者标签内容不符合规定的""",Enhanced
6052,"""涂改标签的""",Enhanced
6053,"""未按规定建立、保存种子生产经营档案的""",Enhanced
6054,"""种子生产经营者在异地设立分支机构、专门经营不再分装的包装种子或者受委托生产、代销种子，未按规定备案的""",Enhanced
6055,"""西安市农业农村局（市乡村振兴局）""",Enhanced
6056,陕西省文物保护条例,Enhanced
6057,对擅自复制和对外展示尚未移交的出土文物的责令改正,Enhanced
6058,《陕西省人民政府关于取消和下放一批行政审批项目的决定》,Enhanced
6059,博物馆与社会文物处,Enhanced
6060,文物行政主管部门,Enhanced
6061,陕西省人民政府关于取消和下放一批行政审批项目的决定,Enhanced
6062,出土文物在移交国有文物收藏单位前复制和对外展示的许可,Enhanced
6063,县级以上文物行政主管部门,Enhanced
6064,违反本条例第三十一条第二款规定,Enhanced
6065,出土文物在移交国有文物收藏单位前复制和对外展示的审批,Enhanced
6066,撤销资格,Enhanced
6067,采取其他欺骗手段,Enhanced
6068,5年,Enhanced
6069,不得提出有关麻醉药品和精神药品的要求,Enhanced
6070,有药品生产许可证,Enhanced
6071,依法吊销其许可证明文件,Enhanced
6072,有药品经营许可证,Enhanced
6073,有医疗机构执业许可证,Enhanced
6074,麻醉药品,Enhanced
6075,精神药品,Enhanced
6076,撤销其已取得的资格,Enhanced
6077,5年内不得提出有关麻醉药品和精神药品的要求,Enhanced
6078,道路施工不设置安全防护设施，故意损毁、移动道路施工安全防护设施的处罚,Enhanced
6079,有下列行为之一的，处五日以下拘留或者五百元以下罚款；情节严重的，处五日以上十日以下拘留，可以并处五百元以下罚款： (二) 在车辆、行人通行的地方施工，对沟井坎穴不设覆盖物、防围和警示标志的，或者故意损毁、移动覆盖物、防围和警示标志的；,Enhanced
6080,设立典当行及分支机构审核转报,Enhanced
6081,《检验检测机构资质认定管理办法》,Enhanced
6082,国家质量监督检验检疫总局公布,Enhanced
6083,国家市场监督管理总局修改,Enhanced
6084,检验检测机构,Enhanced
6085,基本条件和技术能力不能持续符合资质认定条件和要求,Enhanced
6086,超出资质认定证书规定的检验检测能力范围,Enhanced
6087,使用毒药,Enhanced
6088,爆炸物,Enhanced
6089,电击,Enhanced
6090,电子诱捕装置,Enhanced
6091,猎套,Enhanced
6092,猎夹,Enhanced
6093,捕鸟网,Enhanced
6094,地枪,Enhanced
6095,排铳,Enhanced
6096,工具猎捕野生动物,Enhanced
6097,工具,Enhanced
6098,野生动物的行政处罚,Enhanced
6099,"未经批准擅自使用""120""院前医疗急救呼叫号码或者其他带有院前医疗急救呼叫性质号码的医疗机构",Enhanced
6100,未经批准擅自使用救护车开展院前医疗急救服务的医疗机构,Enhanced
6101,急救中心（站）因指挥调度或者费用等因素拒绝、推诿或者延误院前医疗急救服务的医疗机构,Enhanced
6102,对从事国际联网业务的单位及个人的检查,Enhanced
6103,国际组织,Enhanced
6104,其他部门,Enhanced
6105,地质灾害治理工程勘查、设计或者监理单位,Enhanced
6106,县级以上人民政府水行政主管部门或者流域管理机构,Enhanced
6107,先进的科学技术和管理方法,Enhanced
6108,勘察,Enhanced
6109,施工,Enhanced
6110,监理,Enhanced
6111,提升水利工程质量做出突出贡献的单位和个人,Enhanced
6112,《水利工程质量管理规定》,Enhanced
6113,水利部令第52号,Enhanced
6114,2019年12月30日,Enhanced
6115,未编制工资支付台账并依法保存,Enhanced
6116,未向农民工提供工资清单,Enhanced
6117,2万元以上5万元以下,Enhanced
6118,法定代表人或者主要负责人、直接负责的主管人员和其他直接责任人员,Enhanced
6119,变更企业主要负责人,Enhanced
6120,名称变更,Enhanced
6121,安全生产许可证变更手续,Enhanced
6122,变更企业主要负责人或者名称，未办理安全生产许可证变更手续等行为,Enhanced
6123,对导游在执业中安排旅游者参观或者参与涉及色情、赌博、毒品等违反我国法律法规和社会公德的项目或者活动,Enhanced
6124,擅自变更旅游行程或者拒绝履行旅游合同,Enhanced
6125,擅自安排购物活动或者另行付费旅游项目,Enhanced
6126,以隐瞒事实、提供虚假情况等方式，诱骗旅游者违背自己的真实意愿，参加购物活动或者另行付费旅游项目,Enhanced
6127,以殴打、弃置、限制活动自由、恐吓、侮辱、咒骂等方式，强迫或者变相强迫旅游者参加购物活动、另行付费等消费项目,Enhanced
6128,获取购物场所、另行付费旅游项目等相关经营者以回扣、佣金、人头费或者奖励费等名义给予的不正当利益,Enhanced
6129,推荐或者安排不合格的经营场所,Enhanced
6130,向旅游者兜售物品,Enhanced
6131,向旅游者索取小费,Enhanced
6132,未经旅行社同意委托他人代为提供导游服务,Enhanced
6133,法律法规规定其他行为的行政处罚,Enhanced
6134,旅游局,Enhanced
6135,旅游局执法大队,Enhanced
6136,表彰奖励,Enhanced
6137,医疗卫生服务工作中,Enhanced
6138,《中华人民共和国医师法》第五条第二款,Enhanced
6139,对在医疗卫生服务工作中做出突出贡献的医师，按照国家有关规定给予表彰、奖励。,Enhanced
6140,县级以上广播电视行政部门,Enhanced
6141,可以并处1万元以上3万元以下的罚款,Enhanced
6142,擅自开办视频点播业务,Enhanced
6143,由县级以上广播电视行政部门予以取缔,Enhanced
6144,《广播电视视频点播业务管理办法》,Enhanced
6145,予以取缔,Enhanced
6146,对未经批准，擅自开办视频点播业务的行政处罚,Enhanced
6147,海域或者内河通航水域、岸线施工作业许可,Enhanced
6148,市级孵化基地,Enhanced
6149,市级返乡园区孵化基地,Enhanced
6150,西安市就业服务中心,Enhanced
6151,陕西省人社厅,Enhanced
6152,陕西省创业孵化基地（返乡创业园区）认定管理办法,Enhanced
6153,省财政厅,Enhanced
6154,市级孵化基地（返乡园区）的评估认定工作,Enhanced
6155,县,Enhanced
6156,县级孵化基地（返乡园区）的评估认定工作,Enhanced
6157,市委宣传部,Enhanced
6158,文艺（电影）处,Enhanced
6159,县级以上人民政府电影主管部门,Enhanced
6160,对违反本法规定的行为的投诉、举报,Enhanced
6161,《中华人民共和国电影产业促进法》,Enhanced
6162,县级以上人民政府电影主管部门应当加强对电影活动的日常监督管理,Enhanced
6163,电影活动,Enhanced
6164,散装水泥中心,Enhanced
6165,工程预、决算,Enhanced
6166,按规定应当使用散装水泥或预拌混凝土、预拌砂浆的建设工程,Enhanced
6167,建设工程应使用预拌混凝土、预拌砂浆,Enhanced
6168,监理单位,Enhanced
6169,施工单位使用散装水泥或预拌混凝土、预拌砂浆的情况进行监督,Enhanced
6170,散装水泥或预拌混凝土、预拌砂浆,Enhanced
6171,办学许可范围,Enhanced
6172,办学地址,Enhanced
6173,地理位置,Enhanced
6174,持用伪造、涂改等无效的或者冒用他人的前往港澳通行证,Enhanced
6175,无效证件,Enhanced
6176,往来港澳通行证,Enhanced
6177,有效证件,Enhanced
6178,港澳同胞回乡证,Enhanced
6179,入出境通行证,Enhanced
6180,出入境管理处,Enhanced
6181,中国公民因私事往来香港地区或者澳门地区的暂行管理办法,Enhanced
6182,国务院批准,Enhanced
6183,公安部公布,Enhanced
6184,《中华人民共和国水土保持法》(2010修订,Enhanced
6185,采取退耕、恢复植被等补救措施,Enhanced
6186,个人处每平方米二元以下的罚款,Enhanced
6187,单位处每平方米十元以下的罚款,Enhanced
6188,对在禁止开垦坡度以上陡坡地开垦种植农作物，或者在禁止开垦、开发的植物保护带内开垦、开发行为的处罚,Enhanced
6189,对个人处每平方米二元以下的罚款,Enhanced
6190,对单位处每平方米十元以下的罚款,Enhanced
6191,《中华人民共和国噪声污染防治法》第七十七条第二项,Enhanced
6192,《西安市环境噪声污染防治条例》（2020年修正）第四十九条第六项,Enhanced
6193,监管省生态环境厅,Enhanced
6194,伪造、变造或使用伪造、变造的车辆证件、标牌,Enhanced
6195,使用其他车辆证件、标牌的处罚,Enhanced
6196,交警大队公安分局,Enhanced
6197,收缴,Enhanced
6198,扣留,Enhanced
6199,检验合格标志,Enhanced
6200,伪造、变造或者使用伪造、变造的检验合格标志、保险标志,Enhanced
6201,保险标志,Enhanced
6202,号牌,Enhanced
6203,行驶证,Enhanced
6204,驾驶证,Enhanced
6205,及时退还机动车,Enhanced
6206,工程建设强制性标准进行设计,Enhanced
6207,设计单位应当按照工程建设强制性标准进行设计,Enhanced
6208,设计单位未按照工程建设强制性标准进行设计,Enhanced
6209,一万元以上三万元以下,Enhanced
6210,十万元以上三十万元以下,Enhanced
6211,监理单位未履行职责,Enhanced
6212,实施强制性清洁生产审核的企业,Enhanced
6213,县级以上地方人民政府负责清洁生产综合协调的部门,Enhanced
6214,县级以上地方人民政府环境保护部门,Enhanced
6215,不报告或者不如实报告审核结果,Enhanced
6216,不实施强制性清洁生产审核或者在清洁生产审核中弄虚作假,Enhanced
6217,强制性清洁生产审核,Enhanced
6218,法律主体,Enhanced
6219,中华人民共和国清洁生产促进法,Enhanced
6220,清洁生产,Enhanced
6221,公众,Enhanced
6222,五万,Enhanced
6223,五十万,Enhanced
6224,《劳动保障监察条例》,Enhanced
6225,销售没有再利用产品标识的再利用电器电子产品,Enhanced
6226,地方人民政府市场监督管理部门,Enhanced
6227,销售没有再制造或者翻新产品标识的再制造或者翻新产品,Enhanced
6228,《中华人民共和国循环经济促进法》,Enhanced
6229,可以处五千元以上五万元以下的罚款,Enhanced
6230,依法吊销营业执照,Enhanced
6231,对检验检测机构违反规定，转让、出租、出借资质认定证书或者标志，伪造、变造、冒用资质认定证书或者标志，使用已经过期或者被撤销、注销的资质认定证书或者标志的行政处罚。,Enhanced
6232,转让资质认定证书或者标志,Enhanced
6233,出租资质认定证书或者标志,Enhanced
6234,出借资质认定证书或者标志,Enhanced
6235,伪造资质认定证书或者标志,Enhanced
6236,变造资质认定证书或者标志,Enhanced
6237,冒用,Enhanced
6238,冒用资质认定证书或者标志,Enhanced
6239,使用,Enhanced
6240,使用资质认定证书或者标志,Enhanced
6241,已经过期,Enhanced
6242,资质认定证书或者标志已经过期,Enhanced
6243,被撤销,Enhanced
6244,资质认定证书或者标志被撤销,Enhanced
6245,资质认定证书或者标志被注销,Enhanced
6246,城市人民政府市政工程设施行政主管部门,Enhanced
6247,擅自在城市桥梁施工控制范围内从事相关施工活动的单位和个人,Enhanced
6248,第十四条第二款,Enhanced
6249,河道疏浚、挖掘、打桩、地下管道顶进、爆破等作业,Enhanced
6250,取得施工许可证前应当先经城市人民政府市政工程设施行政主管部门同意,Enhanced
6251,与城市桥梁的产权人签订保护协议,Enhanced
6252,"采取保护措施后,方可施工",Enhanced
6253,第二十七条,Enhanced
6254,单位和个人擅自在城市桥梁施工控制范围内从事本办法第十四条第二款规定的活动,Enhanced
6255,对擅自在城市桥梁施工控制范围内从事相关施工活动的行政处罚,Enhanced
6256,《城市桥梁检测和养护维修管理办法》,Enhanced
6257,收缴《社会团体登记证书》,Enhanced
6258,收缴印章,Enhanced
6259,收缴财务凭证,Enhanced
6260,《社会团体登记管理条例》,Enhanced
6261,《社会团体法人登记证书》,Enhanced
6262,印章,Enhanced
6263,财务凭证,Enhanced
6264,收缴社会团体登记证书、印章、财务凭证,Enhanced
6265,《社会团体登记证书》,Enhanced
6266,社会团体登记证书,Enhanced
6267,社会团体法人登记证书,Enhanced
6268,社会团体登记管理条例,Enhanced
6269,对代理记账机构未办理未公示许可证书、为办理变更登记、未办理备案登记、未履行法定义务的处罚,Enhanced
6270,代理记账机构,Enhanced
6271,标价签、价目表中的品名、产地、规格、等级等内容,Enhanced
6272,实际出售的商品或者提供的服务不符,Enhanced
6273,原价、降价原因,Enhanced
6274,以次充好、以假充真、短尺少秤、混充规格等级、偷工减料、掺杂使假、虚假用工用料等手段,Enhanced
6275,"损害,其他经营者或者消费者的合法权益",Enhanced
6276,具有竞争关系的经营者、经营者与交易相对人,Enhanced
6277,价格垄断协议,Enhanced
6278,具有市场支配地位的经营者,Enhanced
6279,价格手段排除、限制市场竞争,Enhanced
6280,涨价信息,Enhanced
6281,囤积商品,Enhanced
6282,哄抬价格,Enhanced
6283,交易对方接受高价,Enhanced
6284,价格欺诈行为,Enhanced
6285,某一商品或者服务的价格超过同一地区、同一期间、同一档次、同种商品或者服务的市场平均价格的合理幅度,Enhanced
6286,某一商品或者服务的差价率,Enhanced
6287,同一地区、同一期间、同一档次、同种商品或者服务的平均差价率的合理幅度,Enhanced
6288,某一商品或者服务的利润率,Enhanced
6289,同一地区、同一期间、同一档次、同种商品或者服务的平均利润率的合理幅度,Enhanced
6290,个体或企业,Enhanced
6291,加价出售商品或者收取未标明的费用,Enhanced
6292,捏造、散布涨价信息,Enhanced
6293,扰乱市场价格秩序,Enhanced
6294,某一商品或者服务的价格,Enhanced
6295,同一地区、同一期间、同一档次、同种商品或者服务的市场平均价格的合理幅度,Enhanced
6296,合理幅度,Enhanced
6297,10%~20%,Enhanced
6298,对生产经营单位未将应急预案报送备案的行政处罚,Enhanced
6299,应急预案报送备案,Enhanced
6300,涉路工程设施,Enhanced
6301,计算机信息系统安全检查,Enhanced
6302,《中华人民共和国计算机信息系统安全保护条例》,Enhanced
6303,计算机信息系统安全保护工作,Enhanced
6304,危害计算机信息系统安全的违法犯罪案件,Enhanced
6305,监督职责,Enhanced
6306,中华人民共和国计算机信息系统安全保护条例,Enhanced
6307,技术系统,Enhanced
6308,监督职权,Enhanced
6309,行政职责,Enhanced
6310,监督、检查、指导计算机信息系统安全保护工作,Enhanced
6311,查处危害计算机信息系统安全的违法犯罪案件,Enhanced
6312,履行计算机信息系统安全保护工作的其他监督职责,Enhanced
6313,药物政策与基本药物制度处,Enhanced
6314,《土地复垦条例》,Enhanced
6315,土地复垦义务人,Enhanced
6316,国土资源主管部门,Enhanced
6317,处2万元以上5万元以下的罚款,Enhanced
6318,追究,Enhanced
6319,社会团体印章,Enhanced
6320,章程规定的宗旨和业务范围进行活动,Enhanced
6321,或者对分支机构、代表机构疏于管理,Enhanced
6322,营利性的经营活动,Enhanced
6323,社会团体资产或者所接受的捐赠、资助,Enhanced
6324,捐赠、资助,Enhanced
6325,社会组织,Enhanced
6326,登记,Enhanced
6327,资助,Enhanced
6328,章程规定的宗旨和业务范围进行活动的,Enhanced
6329,分支机构、代表机构,Enhanced
6330,盗窃、损毁公共设施,Enhanced
6331,移动、损毁边境、领土、领海标志设施,Enhanced
6332,非法进行影响国(边)界线走向的活动,Enhanced
6333,非法修建有碍国(边)境管理的设施,Enhanced
6334,中华人民共和国枪支管理法,Enhanced
6335,盗窃,Enhanced
6336,移动,Enhanced
6337,油气管道设施,Enhanced
6338,公共设施,Enhanced
6339,电力电信设施,Enhanced
6340,广播电视设施,Enhanced
6341,水利防汛工程设施,Enhanced
6342,测量,Enhanced
6343,气象测报,Enhanced
6344,环境监测,Enhanced
6345,地质监测,Enhanced
6346,地震监测,Enhanced
6347,国家边境的界碑,Enhanced
6348,边境标志设施,Enhanced
6349,界桩,Enhanced
6350,其他边境标志,Enhanced
6351,移动、损毁公共设施,Enhanced
6352,第五十三条,Enhanced
6353,胁迫,Enhanced
6354,诱骗,Enhanced
6355,煽动,Enhanced
6356,从事,Enhanced
6357,邪教,Enhanced
6358,会道门,Enhanced
6359,迷信,Enhanced
6360,组织、教唆、胁迫、诱骗、煽动从事邪教、会道门活动,Enhanced
6361,利用邪教、会道门、迷信活动危害社会,Enhanced
6362,组织、教唆、胁迫、诱骗、煽动他人从事邪教、会道门活动或者利用邪教、会道门、迷信活动，扰乱社会秩序、损害他人身体健康的,Enhanced
6363,中华人民共和国道路运输条例,Enhanced
6364,道路运输车辆技术管理规定,Enhanced
6365,道路运输经营者,Enhanced
6366,对客运经营者、货运经营者不按规定维护和检测运输车辆或者道路运输经营者未按照规定的周期和频次进行车辆检验检测或者未按规定维护道路运输车辆的处罚,Enhanced
6367,国务院令第406号公布，国务院令第764号修订,Enhanced
6368,法律法规修订,Enhanced
6369,第六十九条第一款,Enhanced
6370,法律法规条款,Enhanced
6371,《道路运输车辆技术管理规定》,Enhanced
6372,交通运输部令2023年第3号,Enhanced
6373,第三十一条,Enhanced
6374,全国污染源普查条例,Enhanced
6375,《全国污染源普查条例》,Enhanced
6376,工伤职工康复鉴定,Enhanced
6377,陕西省工伤康复管理试行办法,Enhanced
6378,陕西省工伤保险经办规程 （试行）,Enhanced
6379,先康复治疗,Enhanced
6380,工伤康复工作,Enhanced
6381,后评残补偿,Enhanced
6382,定点医疗机构,Enhanced
6383,康复治疗,Enhanced
6384,工伤保险协议机构,Enhanced
6385,康复申请,Enhanced
6386,工伤职工或者其近亲属,Enhanced
6387,《陕西省工伤职工康复申请表》,Enhanced
6388,原则,Enhanced
6389,《关于禁止非法拼（组）装汽车、摩托车的通告》,Enhanced
6390,国函〔1996〕69号,Enhanced
6391,公安交通管理部门,Enhanced
6392,非法拼（组）装的车辆,Enhanced
6393,不予核发牌证,Enhanced
6394,律师事务所设立,Enhanced
6395,设区的市级或者直辖市的区人民政府司法行政部门受理,Enhanced
6396,省、自治区、直辖市人民政府司法行政部门审核,Enhanced
6397,律师事务所执业证书,Enhanced
6398,律师事务所分所设立,Enhanced
6399,拟设立分所所在地的省、自治区、直辖市人民政府司法行政部门审核,Enhanced
6400,律师事务所变更名称,Enhanced
6401,原审核部门批准,Enhanced
6402,律师事务所变更负责人,Enhanced
6403,律师事务所变更章程,Enhanced
6404,律师事务所变更合伙协议,Enhanced
6405,律师事务所变更住所,Enhanced
6406,原审核部门备案,Enhanced
6407,律师事务所变更合伙人,Enhanced
6408,公共法律服务管理处,Enhanced
6409,中华人民共和国律师法,Enhanced
6410,律师事务所变更,Enhanced
6411,律师事务所注销,Enhanced
6412,先行登记保存,Enhanced
6413,公安机关办案部门负责人,Enhanced
6414,证据持有人及其他人员,Enhanced
6415,损毁或者转移证据,Enhanced
6416,《公安机关办理行政案件程序规定》,Enhanced
6417,先行登记保存的证据,Enhanced
6418,七日内作出处理决定,Enhanced
6419,对有关公路的法律、法规执行情况的监督检查,Enhanced
6420,《中华人民共和国公路法》（2017年修正）,Enhanced
6421,古生物化石收藏单位,Enhanced
6422,2万元,Enhanced
6423,国土资源部,Enhanced
6424,对未按照规定弄好登记手续并取得相应的证书和牌照，擅自将拖拉机、联合收割机投入使用，或者未按照规定弄好变更登记手续的行政处罚,Enhanced
6425,未按照规定办理登记手续并取得相应的证书和牌照，擅自将拖拉机、联合收割机投入使用，或者未按照规定办理变更登记手续的,Enhanced
6426,责令限期补办相关手续,Enhanced
6427,扣押拖拉机、联合收割机,Enhanced
6428,并处200元以上2000元以下罚款,Enhanced
6429,药品监督检查,Enhanced
6430,"高风险药品,实施,重点监督检查",Enhanced
6431,"可能存在安全隐患的药品,采取,告诫",Enhanced
6432,"可能存在安全隐患的药品,采取,约谈",Enhanced
6433,"可能存在安全隐患的药品,采取,限期整改",Enhanced
6434,"可能存在安全隐患的药品,采取,暂停生产",Enhanced
6435,"可能存在安全隐患的药品,采取,暂停销售",Enhanced
6436,"可能存在安全隐患的药品,采取,暂停使用",Enhanced
6437,"可能存在安全隐患的药品,采取,暂停进口",Enhanced
6438,"知悉,商业秘密",Enhanced
6439,药品流通监管处,Enhanced
6440,监督检查中知悉的商业秘密,Enhanced
6441,国务院令第550号发布,Enhanced
6442,国务院令第732号修订,Enhanced
6443,指定的认证机构,Enhanced
6444,指定的业务范围,Enhanced
6445,列入目录产品的认证,Enhanced
6446,与认证有关的检查,Enhanced
6447,与认证有关的检测活动,Enhanced
6448,指定的认证业务,Enhanced
6449,处10万元以上50万元以下的罚款,Enhanced
6450,撤销指定,Enhanced
6451,予以公布,Enhanced
6452,指定的认证机构、检查机构、实验室,Enhanced
6453,国务院令第390号,Enhanced
6454,2023年7月20日国务院令第764号,Enhanced
6455,《电子出版物出版管理规定》,Enhanced
6456,新闻出版总署令第34号,Enhanced
6457,2015年新闻出版广电总局令第3号,Enhanced
6458,出版行政部门对从事电子出版物制作的单位实行备案制管理,Enhanced
6459,电子出版物制作单位应当于单位设立登记以及有关变更登记之日起30日内，将单位名称、地址、法定代表人或者主要负责人的姓名及营业执照复印件、法定代表人或主要负责人身份证明报所在地省、自治区、直辖市新闻出版行政部门备案,Enhanced
6460,第4项,Enhanced
6461,"电子出版物制作业务许可,省新闻出版局权限依法委托至设区的市级新闻出版部门",Enhanced
6462,新闻出版部门,Enhanced
6463,新闻出版总署,Enhanced
6464,2015年新闻出版广电总局,Enhanced
6465,电子出版物,Enhanced
6466,出版物,Enhanced
6467,陕西省人民政府令第235号,Enhanced
6468,政府令,Enhanced
6469,电子出版物制作单位的备案管理权力,Enhanced
6470,《企业事业单位内部治安保卫条例》,Enhanced
6471,县级以上地方各级人民政府公安机关,Enhanced
6472,县级以上地方各级人民政府有关部门,Enhanced
6473,单位内部治安保卫工作,Enhanced
6474,特种作业人员未按照规定经专门的安全作业培训并取得相应资格，上岗作业的,Enhanced
6475,治安管理处罚的规定决定给予拘留的行政处罚,Enhanced
6476,故意损坏文物,Enhanced
6477,违法实施危及文物安全的活动,Enhanced
6478,刻划、涂污或者以其他方式故意损坏国家保护的文物、名胜古迹,Enhanced
6479,"违反国家规定,在文物保护单位附近进行爆破、挖掘等活动,危及文物安全",Enhanced
6480,故意损坏文物、名胜古迹,Enhanced
6481,8类区域,Enhanced
6482,保温炉,Enhanced
6483,炉底,Enhanced
6484,炉坑,Enhanced
6485,事故坑,Enhanced
6486,造型地坑,Enhanced
6487,浇注作业坑,Enhanced
6488,熔融金属转运通道,Enhanced
6489,执行行政处罚的权力,Enhanced
6490,重大事故隐患的判定范围,Enhanced
6491,中国贸促会,Enhanced
6492,内设机构,Enhanced
6493,职责,Enhanced
6494,签发国际商事证明书,Enhanced
6495,签发国际商事证明书的权力,Enhanced
6496,《中国国际贸易促进委员会章程》第八条,Enhanced
6497,《地质灾害防治单位资质管理办法》,Enhanced
6498,个人或单位,Enhanced
6499,改善幼儿园的办园条件成绩显著的,Enhanced
6500,保育、教育工作成绩显著的,Enhanced
6501,幼儿园管理工作成绩显著的,Enhanced
6502,教育行政部门和有关部门,Enhanced
6503,具备下列条件之一的单位或者个人,Enhanced
6504,《幼儿园管理条例》,Enhanced
6505,危险废物经营许可,Enhanced
6506,危险废物经营许可证管理办法,Enhanced
6507,西安市人民政府关于中国(陕西)自由贸易试验区西安各片区管委会实施部分市级行政管理事项的决定,Enhanced
6508,西安市人民政府令2017年第128号,Enhanced
6509,决定,Enhanced
6510,公路建设项目设计文件审批,Enhanced
6511,建设管理处,Enhanced
6512,公路管理处,Enhanced
6513,开发地下水的单位和个人,Enhanced
6514,违法主体,Enhanced
6515,造成严重后果,Enhanced
6516,县级以上人民政府卫生健康主管部门,Enhanced
6517,天气市政府工作,Enhanced
6518,工程建设项目邀请招标审批,Enhanced
6519,权力事项,Enhanced
6520,西安市住房和城乡建设局下属机构,Enhanced
6521,接受土地调查的单位和个人,Enhanced
6522,现场指界义务,Enhanced
6523,转移、隐匿、篡改、毁弃原始记录和土地登记簿等相关资料,Enhanced
6524,接受调查的单位和个人,Enhanced
6525,5万元以下罚款,Enhanced
6526,国务院令第518号,Enhanced
6527,国务院令第698号,Enhanced
6528,土地调查条例,Enhanced
6529,实体或个人,Enhanced
6530,拒绝或者阻挠土地调查人员依法进行调查,Enhanced
6531,提供虚假调查资料,Enhanced
6532,拒绝提供调查资料,Enhanced
6533,转移、隐匿、篡改、毁弃原始记录、土地登记簿等相关资料,Enhanced
6534,给予治安管理处罚,Enhanced
6535,对外贸易处,Enhanced
6536,国际货运代理企业备案,Enhanced
6537,国际货运代理企业备案(暂行,Enhanced
6538,地方商务主管部门,Enhanced
6539,办理本地区国际货代企业备案手续,Enhanced
6540,书面委托函,Enhanced
6541,备案印章,Enhanced
6542,备案机关,Enhanced
6543,信息管理系统,Enhanced
6544,《地下水管理条例》,Enhanced
6545,2021年10月21日,Enhanced
6546,地下水取水工程,Enhanced
6547,以监测、勘探为目的的地下水取水工程,Enhanced
6548,不符合安全标准的设施,Enhanced
6549,违法储存的危险物品,Enhanced
6550,违法使用的危险物品,Enhanced
6551,违法经营的危险物品,Enhanced
6552,违法存储的作业场所,Enhanced
6553,有关安全的法律、法规和国家标准或者行业标准的情况,Enhanced
6554,职权,Enhanced
6555,对有根据认为不符合保障安全生产的国家或者行业标准的设施、设备、器材予以查封或者扣押,Enhanced
6556,对违法生产、储存、使用、经营、运输的危险物品予以查封或者扣押,Enhanced
6557,对违法生产、储存、使用、经营危险物品的作业场所予以查封,Enhanced
6558,对医疗、保健机构或者人员未取得母婴保健技术许可，擅自从事婚前医学检查、遗传病诊断、产前诊断、终止妊娠手术和医学技术鉴定或者出具有关医学证明的处罚,Enhanced
6559,医疗,Enhanced
6560,健康,Enhanced
6561,保健,Enhanced
6562,母婴保健技术许可,Enhanced
6563,诊断,Enhanced
6564,手术,Enhanced
6565,医学技术鉴定,Enhanced
6566,鉴定,Enhanced
6567,医学证明,Enhanced
6568,执业证,Enhanced
6569,县级以上安全生产监督管理部门、有关主管部门或者煤矿安全监察机构,Enhanced
6570,三万元以下的罚款,Enhanced
6571,执业证颁发机关,Enhanced
6572,注册,Enhanced
6573,三年内不得再次请求注册,Enhanced
6574,取得的行政批准,Enhanced
6575,直接关系公共安全、人身健康、生命财产安全事项,Enhanced
6576,请求人,Enhanced
6577,三年内不得再次请求该行政批准,Enhanced
6578,《注册安全工程师管理规定》,Enhanced
6579,《中华人民共和国行政批准法》,Enhanced
6580,政府机构或监管机构,Enhanced
6581,设置戒毒医疗机构或者医疗机构从事戒毒治疗业务许可,Enhanced
6582,《陕西省人民政府关于委托一批行政许可事项的决定》（2022年6月29日省政府令第235号公布）,Enhanced
6583,行政许可权力,Enhanced
6584,《中华人民共和国禁毒法》第三十六条第二款，国务院卫生行政部门规定的条件,Enhanced
6585,委托决定,Enhanced
6586,"设置戒毒医疗机构或者医疗机构从事戒毒治疗业务许可,委托至,设区的市级卫生健康部门",Enhanced
6587,西安市限制养犬条例,Enhanced
6588,中华人民共和国动物防疫法,Enhanced
6589,从事犬只经营活动不符合国家规定的动物防疫条件,Enhanced
6590,开办动物饲养场和隔离场所、动物屠宰加工场所以及动物和动物产品无害化处理场所，未取得动物防疫条件合格证,Enhanced
6591,第一百零一条第（五）项,Enhanced
6592,设立的停靠点未按照规定备案,Enhanced
6593,交通运输部令2020年第17号公布,Enhanced
6594,交通运输部令2023年第18号修正,Enhanced
6595,广电事业管理处,Enhanced
6596,市级行政机关,Enhanced
6597,设置卫星电视广播地面接收设施审批（初审）,Enhanced
6598,矿山地质环境整理恢复的验收,Enhanced
6599,《矿山地质环境保护规定》,Enhanced
6600,《陕西省自然资源厅关于印发&lt;陕西省历史遗留废弃矿山生态修复项目管理办法&gt;的通知》,Enhanced
6601,第十六条,Enhanced
6602,采矿权人在要求办理闭坑手续时,Enhanced
6603,经自然资源主管部门验收合格,Enhanced
6604,自然资源主管部门,Enhanced
6605,验收合格文件,Enhanced
6606,项目验收,Enhanced
6607,批复的实施方案,Enhanced
6608,预算,Enhanced
6609,绩效目标,Enhanced
6610,组织验收的项目主管部门,Enhanced
6611,验收通过的批复,Enhanced
6612,验收不合格的项目,Enhanced
6613,项目竣工验收后,Enhanced
6614,应及时将项目移交给当地人民政府或者有关单位,Enhanced
6615,项目管护单位,Enhanced
6616,《陕西省自然资源厅关于印发<陕西省历史遗留废弃矿山生态修复项目管理办法>的通知》,Enhanced
6617,《陕西省矿山地质环境治理恢复技术要求与验收办法》,Enhanced
6618,明码标价和禁止价格欺诈规定,Enhanced
6619,交易场所提供者提供的标价模板,Enhanced
6620,《环境保护主管部门实施查封、扣押办法》,Enhanced
6621,排污者,Enhanced
6622,较大、重大和特别重大突发环境事件发生后未执行停产、停排措施，继续违法排放污染物的行为,Enhanced
6623,环境保护主管部门实施查封、扣押办法,Enhanced
6624,环境保护主管部门实施查封、扣押,Enhanced
6625,行政强制权力,Enhanced
6626,开展新生儿疾病筛查工作的医疗机构进行监督检查,Enhanced
6627,新生儿疾病筛查工作的医疗机构的监督检查,Enhanced
6628,开展新生儿疾病筛查工作的医疗机构,Enhanced
6629,卫生部令第64号,Enhanced
6630,《新生儿疾病筛查管理办法》,Enhanced
6631,从国外引进或者向国外提供菌（毒）种或者样本,Enhanced
6632,《动物病原微生物菌（毒）种保藏管理办法》,Enhanced
6633,县级以上地方人民政府畜牧兽医主管部门,Enhanced
6634,销毁或者送交保藏机构,Enhanced
6635,处一万元以上三万元以下罚款,Enhanced
6636,处五百元以上一千元以下罚款,Enhanced
6637,对未经批准，从国外引进或者向国外提供菌（毒）种或者样本的行政处罚,Enhanced
6638,主管部门,Enhanced
6639,拒不改正的后果,Enhanced
6640,责令停工整治或者停业整治,Enhanced
6641,向大气排放持久性有机污染物,Enhanced
6642,废弃物焚烧设施的运营单位未采取有利于减少持久性有机污染物排放的技术方法和工艺,Enhanced
6643,持久性有机污染物,Enhanced
6644,环境污染物,Enhanced
6645,公司在清算期间开展与清算无关的经营活动行为的行政责骂,Enhanced
6646,《中华人民共和国公司法》第二百零五条,Enhanced
6647,主体责任,Enhanced
6648,第三条,Enhanced
6649,第十六条第一款,Enhanced
6650,第十九条第一款,Enhanced
6651,第二十条第二款,Enhanced
6652,国家互联网信息办公室,Enhanced
6653,国家和地方互联网信息办公室,Enhanced
6654,新闻信息更新,Enhanced
6655,监督管理制度,Enhanced
6656,举报受理方式,Enhanced
6657,处置,Enhanced
6658,有关个人,Enhanced
6659,互联网上网服务营业场所,Enhanced
6660,15000元以下的罚款,Enhanced
6661,停业整顿,Enhanced
6662,《网络文化经营许可证》,Enhanced
6663,《互联网上网服务营业场所管理条例》,Enhanced
6664,2011年1月8日《国务院关于废止和修改部分行政法规的决定》,Enhanced
6665,国务院制定,Enhanced
6666,演出场所经营单位,Enhanced
6667,未经批准的营业性演出,Enhanced
6668,违法所得的3倍以上5倍以下,Enhanced
6669,并处3万元以上5万元以下的罚款,Enhanced
6670,3倍以上5倍以下的违法所得,Enhanced
6671,无正当理由不与招标人订立合同,Enhanced
6672,在签订合同时向招标人提出附加条件,Enhanced
6673,不按照招标文件要求提交履约保证金,Enhanced
6674,中标项目金额10&permil;以下的罚款,Enhanced
6675,未按规定制定和实施医疗质量安全管理制度,Enhanced
6676,未按规定告知患者病情、医疗措施、医疗风险、替代医疗方案等,Enhanced
6677,开展具有较高医疗风险的诊疗活动，未提前预备应对方案防范突发风险,Enhanced
6678,未按规定填写、保管病历资料，或者未按规定补记抢救病历,Enhanced
6679,拒绝为患者提供查阅、复制病历资料服务,Enhanced
6680,未建立投诉接待制度、设置统一投诉管理部门或者配备专（兼）职人员,Enhanced
6681,未按规定封存、保管、启封病历资料和现场实物,Enhanced
6682,未按规定向卫生主管部门报告重大医疗纠纷,Enhanced
6683,未取得许可生产,Enhanced
6684,未经检验或者检验不合格,Enhanced
6685,国家明令淘汰,Enhanced
6686,已经报废,Enhanced
6687,出现故障或者发生异常情况,Enhanced
6688,未对其进行全面检查,Enhanced
6689,未消除事故隐患,Enhanced
6690,继续使用,Enhanced
6691,存在严重事故隐患,Enhanced
6692,无改造、修理价值,Enhanced
6693,达到安全技术规范规定的其他报废条件,Enhanced
6694,未依法履行报废义务,Enhanced
6695,办理使用登记证书注销手续,Enhanced
6696,《中华人民共和国特种设备安全法》第八十四条,Enhanced
6697,违反《中华人民共和国特种设备安全法》第八十四条,Enhanced
6698,特种设备安全法,Enhanced
6699,《医疗器械监督管理条例》,Enhanced
6700,2020年12月21日,Enhanced
6701,临床试验,Enhanced
6702,违法单位的法定代表人,Enhanced
6703,收入,Enhanced
6704,国务院令第739号,Enhanced
6705,不按照规定为校车配备安全设备的处罚,Enhanced
6706,市级体育社会团体,Enhanced
6707,成立登记,Enhanced
6708,注销登记,Enhanced
6709,初审,Enhanced
6710,成立社会团体,Enhanced
6711,社会团体变更登记,Enhanced
6712,社会团体注销登记,Enhanced
6713,违法获得或者不能证明合法来源的重点保护古生物化石,Enhanced
6714,《古生物化石保护条例实施办法》,Enhanced
6715,国土资源部发布,Enhanced
6716,《古生物化石保护条例实施办法》第五十四条,Enhanced
6717,安全风险分级管控制度,Enhanced
6718,安全风险分级采取相应管控措施,Enhanced
6719,行政处罚决定,Enhanced
6720,民航,Enhanced
6721,铁路,Enhanced
6722,电力,Enhanced
6723,关闭行政处罚决定,Enhanced
6724,关闭行政处罚,Enhanced
6725,电力行业,Enhanced
6726,拘留行政处罚,Enhanced
6727,城市轨道交通设施安全防护方案审查,Enhanced
6728,《西安市城市轨道交通条例》,Enhanced
6729,施工作业活动,Enhanced
6730,项目建设单位或者个人,Enhanced
6731,城市轨道交通设施安全防护方案,Enhanced
6732,市住房建设行政主管部门,Enhanced
6733,市住房建设行政主管部门意见,Enhanced
6734,轨道处,Enhanced
6735,方案,Enhanced
6736,延期向社会开放档案审批,Enhanced
6737,《医疗广告管理办法》,Enhanced
6738,《广告法》,Enhanced
6739,《反不正当竞争法》,Enhanced
6740,卫生部令,Enhanced
6741,对违反《医疗广告管理办法》的行政处罚,Enhanced
6742,《医疗广告管理办法》修订,Enhanced
6743,对违反《广告法》和《反不正当竞争法》的处罚,Enhanced
6744,暂停发布医疗广告,Enhanced
6745,取消广告经营者、广告发布者的医疗广告经营和发布资格,Enhanced
6746,社会公用计量标准,Enhanced
6747,部门、企业、事业单位各项最高计量标准,Enhanced
6748,未按照规定申请检定的或超过检定周期而继续使用的计量器具,Enhanced
6749,属于强制检定的工作计量器具,Enhanced
6750,属于非强制检定的计量器具,Enhanced
6751,在经销活动中,Enhanced
6752,"涉及,服务事项",Enhanced
6753,使用不合格的计量器具给国家或消费者造成损失的,Enhanced
6754,使用以欺骗消费者为目的的计量器具或者破坏计量器具准确度、伪造数据,Enhanced
6755,在经销活动中使用非法定计量单位计量器具,Enhanced
6756,使用不合格的计量器具给国家或消费者造成损失,Enhanced
6757,未依照规定提交年度报告的,Enhanced
6758,未按照登记机关登记的名称从事业务活动的,Enhanced
6759,未按照中国政府有关部门要求调整驻在场所的,Enhanced
6760,未依照规定公告其设立、变更情况的,Enhanced
6761,未依照规定办理有关变更登记、注销登记或者备案的,Enhanced
6762,外国企业常驻代表机构登记管理条例,Enhanced
6763,外国企业应当备案,Enhanced
6764,外国企业的有权签字人应当备案,Enhanced
6765,企业责任形式应当备案,Enhanced
6766,资本(资产)应当备案,Enhanced
6767,经营范围应当备案,Enhanced
6768,代表应当备案,Enhanced
6769,《特种设备作业人员监督管理办法》,Enhanced
6770,电影行政部门,Enhanced
6771,电影发行经营许可证,Enhanced
6772,电影发行单位,Enhanced
6773,工商行政管理部门登记,Enhanced
6774,电影放映单位,Enhanced
6775,省电影局,Enhanced
6776,设区的市级电影部门,Enhanced
6777,病原微生物实验室新(改、扩)建备案,Enhanced
6778,备案类型,Enhanced
6779,西安市农业农村局（市乡村振兴局,Enhanced
6780,一级,Enhanced
6781,实验室分类,Enhanced
6782,二级,Enhanced
6783,三级,Enhanced
6784,四级,Enhanced
6785,"""慈善信托备案""",Enhanced
6786,"""西安市民政局""",Enhanced
6787,"""慈善事业促进处""",Enhanced
6788,慈善信托备案,Enhanced
6789,慈善信托备案类型,Enhanced
6790,民政局,Enhanced
6791,西安市民政局的部门,Enhanced
6792,放射工作单位,Enhanced
6793,《放射工作人员职业健康管理办法》,Enhanced
6794,烟花爆竹生产经营企业职工,Enhanced
6795,工器具,Enhanced
6796,机器设备,Enhanced
6797,化工和危险化学品生产经营单位重大生产安全事故隐患判定标准（试行）,Enhanced
6798,安监总管三〔2017〕121号,Enhanced
6799,烟花爆竹生产经营单位重大生产安全事故隐患判定标准（试行）,Enhanced
6800,"对其直接负责的主管人员和其他直接责任人员,罚款",Enhanced
6801,"构成犯罪,追究刑事责任",Enhanced
6802,整改,Enhanced
6803,暂扣或吊销许可证,Enhanced
6804,国务院地质矿产主管部门,Enhanced
6805,县级以上人民政府自然资源行政主管部门,Enhanced
6806,矿产资源开采登记管理办法,Enhanced
6807,矿产资源管理条例,Enhanced
6808,补充编制土地复垦方案,Enhanced
6809,县级以上地方人民政府国土资源主管部门,Enhanced
6810,第592号,Enhanced
6811,对未按规定补充编制土地复垦方案的行政处罚,Enhanced
6812,原发证的市场监督管理部门,Enhanced
6813,《食品经营许可和备案管理办法》,Enhanced
6814,生产经营单位未采取措施消除事故隐患的法律责任,Enhanced
6815,应急管理部公布,Enhanced
6816,境外企业,Enhanced
6817,兽药,Enhanced
6818,吊销兽药生产许可证,Enhanced
6819,吊销兽药经营许可证,Enhanced
6820,撤销兽药批准证明文件,Enhanced
6821,责令停止兽药研究试验,Enhanced
6822,隐瞒真实情况,Enhanced
6823,隐瞒登记事实,Enhanced
6824,伪造、涂改船舶登记证书,Enhanced
6825,船籍港船舶登记机关,Enhanced
6826,吊销其船舶国籍证书,Enhanced
6827,生态保护红线区域,Enhanced
6828,需要特别保护的区域,Enhanced
6829,永久基本农田集中区域,Enhanced
6830,对被检查单位未按要求进行自查自纠的处罚,Enhanced
6831,对被检查单位在检查中隐匿证据的处罚,Enhanced
6832,对被检查单位提供虚假材料的处罚,Enhanced
6833,对被检查单位未在通知期限内提供材料的处罚,Enhanced
6834,自查自纠,Enhanced
6835,隐匿证据,Enhanced
6836,通知期限内提供有关材料,Enhanced
6837,国家市场监督管理总局公布,Enhanced
6838,2022年7月1日起施行,Enhanced
6839,企业或个人,Enhanced
6840,证据,Enhanced
6841,通知期限内提供材料,Enhanced
6842,采购人,Enhanced
6843,质疑供应商在法定质疑期内发出的质疑函,Enhanced
6844,采购代理机构,Enhanced
6845,财政部门处理投诉事宜,Enhanced
6846,政府采购管理处,Enhanced
6847,《政府采购质疑和投诉办法》,Enhanced
6848,财政部门采取行动,Enhanced
6849,《中华人民共和国清洁生产促进法》,Enhanced
6850,省、自治区、直辖市人民政府负责清洁生产综合协调的部门、环境保护部门,Enhanced
6851,未达到能源消耗控制指标、重点污染物排放控制指标的企业的名单,Enhanced
6852,列入前款规定名单的企业,Enhanced
6853,能源消耗或者重点污染物产生、排放情况,Enhanced
6854,县级以上地方人民政府负责清洁生产综合协调的部门、环境保护部门,Enhanced
6855,违反本法第十七条第二款规定的企业,Enhanced
6856,十万元以下的罚款,Enhanced
6857,排放方式,Enhanced
6858,尾矿物化特性,Enhanced
6859,坝体防渗,Enhanced
6860,排渗及反滤层的设置,Enhanced
6861,排洪系统的型式,Enhanced
6862,排洪系统的布置,Enhanced
6863,排洪系统的尺寸,Enhanced
6864,尾矿库安全监督管理规定,Enhanced
6865,责令停产整顿,Enhanced
6866,关闭,Enhanced
6867,筑坝方式,Enhanced
6868,《尾矿库安全监督管理规定》,Enhanced
6869,危害信息网络安全的活动,Enhanced
6870,网络游戏或者其他方式进行赌博或者变相赌博活动,Enhanced
6871,电信管理机构,Enhanced
6872,许可证件,Enhanced
6873,安全管理,Enhanced
6874,中华人民共和国统计法,Enhanced
6875,职务晋升,Enhanced
6876,作出有关决定的单位或者其上级单位、监察机关,Enhanced
6877,食品经营许可证,Enhanced
6878,自动设备,Enhanced
6879,食品经营许可和备案管理办法,Enhanced
6880,食品经营者,Enhanced
6881,粮油仓储单位,Enhanced
6882,备案管辖的粮食行政管理部门,Enhanced
6883,依法予以警告或者罚款,Enhanced
6884,粮油仓储物流设施发生重大损失、损坏,Enhanced
6885,政策性粮油储存任务,Enhanced
6886,《国有粮油仓储物流设施保护办法》,Enhanced
6887,高危行业企业负责人,Enhanced
6888,安全管理人员,Enhanced
6889,安全生产知识和管理能力考核合格证核发,Enhanced
6890,危险化学品安全监督管理处,Enhanced
6891,组织人事处,Enhanced
6892,安全生产宣传教育中心,Enhanced
6893,用水单位,Enhanced
6894,西安市城市节约用水行政主管部门,Enhanced
6895,用水计划指标,Enhanced
6896,临时用水指标,Enhanced
6897,计划用水指标审批及调整,Enhanced
6898,《西安市城市节约用水条例》（2020修正）,Enhanced
6899,对水利领域建设单位迫使承包方以低于成本的价格竞标,Enhanced
6900,任意压缩合理工期,Enhanced
6901,明示或者暗示设计单位或者施工单位违反工程建设强制性标准，降低工程质量,Enhanced
6902,施工图设计文件未经审查或者审查不合格，擅自施工,Enhanced
6903,建设项目必须实行工程监理而未实行工程监理,Enhanced
6904,未按照国家规定办理工程质量监督手续,Enhanced
6905,明示或者暗示施工单位使用不合格的建筑材料、建筑构配件和设备,Enhanced
6906,未按照国家规定将竣工验收报告、有关认可文件或者准许使用文件报送备案行为的行政处罚,Enhanced
6907,供热企业和供热设施管理单位,Enhanced
6908,供热保护装置和安全警示标志,Enhanced
6909,集中供热行政主管部门或者开发区管理委员会,Enhanced
6910,逾期未改正或者拒不改正,Enhanced
6911,五百元以上二千元以下罚款,Enhanced
6912,西安市集中供热条例,Enhanced
6913,集中供热行政主管部门,Enhanced
6914,开发区管理委员会,Enhanced
6915,机动车违反规定停放的处罚,Enhanced
6916,污染物排放自动监测设备,Enhanced
6917,排污企业,Enhanced
6918,监测设备,Enhanced
6919,子部门,Enhanced
6920,第一类精神药品,Enhanced
6921,麻醉药品运输许可,Enhanced
6922,第一类精神药品运输许可,Enhanced
6923,省、自治区、直辖市人民政府药品监督管理部门,Enhanced
6924,发货人,Enhanced
6925,收货人所在地的同级药品监督管理部门,Enhanced
6926,跨省、自治区、直辖市运输信息,Enhanced
6927,收货人所在地设区的市级药品监督管理部门,Enhanced
6928,本省、自治区、直辖市行政区域内运输信息,Enhanced
6929,麻醉药品和第一类精神药品运输许可,Enhanced
6930,畜牧兽医处,Enhanced
6931,种畜禽生产经营许可,Enhanced
6932,独生子女家庭特别扶助,Enhanced
6933,经济补助,Enhanced
6934,人口监测与家庭发展处,Enhanced
6935,利用公路桥梁进行牵拉、吊装等危及公路桥梁安全的施工作业行为,Enhanced
6936,禁止利用公路桥梁进行牵拉、吊装等危及公路桥梁安全的施工作业,Enhanced
6937,处 2 万元以上 10 万元以下的罚款,Enhanced
6938,对利用公路桥梁进行牵拉、吊装等危及公路桥梁安全的施工作业行为的行政处罚,Enhanced
6939,虚假招生广告,Enhanced
6940,《保安培训机构管理办法》,Enhanced
6941,发布招生广告,Enhanced
6942,夸大事实,Enhanced
6943,以安排工作等名义诱骗学员入学,Enhanced
6944,《财政票据领用证》核发,Enhanced
6945,建设工程勘察、设计单位,Enhanced
6946,应当招标而未招标的建设工程项目勘察、设计,Enhanced
6947,西安市建设工程勘察设计管理条例（2021年修正）,Enhanced
6948,责令停止勘察、设计,Enhanced
6949,并处合同约定勘察费、设计费1倍以下罚款,Enhanced
6950,慈善信托,Enhanced
6951,信托,Enhanced
6952,委托人,Enhanced
6953,受托人,Enhanced
6954,信托财产及其收益,Enhanced
6955,民政部门,Enhanced
6956,冶金企业,Enhanced
6957,转炉,Enhanced
6958,炼钢炉,Enhanced
6959,电弧炉,Enhanced
6960,AOD炉,Enhanced
6961,LF炉,Enhanced
6962,RH炉,Enhanced
6963,VOD炉,Enhanced
6964,国家标准或者行业标准,Enhanced
6965,处一万元以上二万元以下的罚款,Enhanced
6966,安全设备标准,Enhanced
6967,炼钢炉的水冷元件未设置监测报警装置,Enhanced
6968,实施行政处罚,Enhanced
6969,内河交通密集区域,Enhanced
6970,多发事故水域,Enhanced
6971,货物装卸,Enhanced
6972,港口,Enhanced
6973,乘客上下,Enhanced
6974,客渡船,Enhanced
6975,滚装客船,Enhanced
6976,高速客轮,Enhanced
6977,旅游船,Enhanced
6978,载运危险货物的船舶,Enhanced
6979,"""涉路施工许可""",Enhanced
6980,"""行政许可""",Enhanced
6981,"""西安市交通运输局""",Enhanced
6982,"""行政审批处""",Enhanced
6983,利用城乡建设档案的单位和个人,Enhanced
6984,《西安市城乡建设档案管理条例》,Enhanced
6985,建设行政管理部门,Enhanced
6986,五百元以上五千元以下罚款,Enhanced
6987,赔偿损失,Enhanced
6988,化妆品包装物（容器）分离,Enhanced
6989,化妆品最小销售单元（包装）上,Enhanced
6990,化妆品有说明书的,Enhanced
6991,产品最小销售单元（包装）内,Enhanced
6992,乡村兽医,Enhanced
6993,规定备案区域,Enhanced
6994,对销售、使用未获得生物制品批签发证明的生物制品行为的行政处罚,Enhanced
6995,未经批准擅自经营客运站场,Enhanced
6996,对未经批准擅自经营客运站场的处罚,Enhanced
6997,有下列行为之一,Enhanced
6998,未办理备案手续,Enhanced
6999,本规定第十三条,Enhanced
7000,名称,Enhanced
7001,地址,Enhanced
7002,域名,Enhanced
7003,法定代表人或者主要负责人,Enhanced
7004,所在地省、自治区、直辖市人民政府文化行政部门,Enhanced
7005,文化部令第51号,Enhanced
7006,文化部令第57号,Enhanced
7007,互联网文化活动,Enhanced
7008,文化活动,Enhanced
7009,文化部令,Enhanced
7010,应当履行承诺,Enhanced
7011,交易场所提供者,Enhanced
7012,应当依法采取必要处置措施,Enhanced
7013,有关信息记录,Enhanced
7014,相应义务和责任,Enhanced
7015,市场监督管理部门查处违法行为,Enhanced
7016,必须符合国家有关规定,Enhanced
7017,不得以侵权或者不合格产品、国家明令淘汰并停止销售的商品等作为奖品或者赠品,Enhanced
7018,违法所得三倍以下罚款,Enhanced
7019,三万元罚款,Enhanced
7020,国家市场监督管理总局令第32号,Enhanced
7021,市场监督管理局,Enhanced
7022,人名,Enhanced
7023,iPhone,Enhanced
7024,对民办非企业单位的处罚,Enhanced
7025,民办非企业单位年度检查办法,Enhanced
7026,民政部,Enhanced
7027,《民办非企业单位年度检查办法》,Enhanced
7028,无许可证或超过噪声排放标准排放工业噪声,Enhanced
7029,二万元以上二十万元以下的罚款,Enhanced
7030,对无许可证或超过噪声排放标准排放工业噪声的行政处罚,Enhanced
7031,船员服务机构,Enhanced
7032,虚假信息,Enhanced
7033,举行跨区县集会游行示威许可,Enhanced
7034,《中华人民共和国集会游行示威法》,Enhanced
7035,是集会、游行、示威举行地的市、县公安局、城市公安分局,Enhanced
7036,游行,Enhanced
7037,示威,Enhanced
7038,游行、示威路线经过两个以上区、县的主管机关,Enhanced
7039,所经过区、县的公安机关的共同上一级公安机关,Enhanced
7040,游行、示威路线经过两个以上区、县的,Enhanced
7041,共同上一级公安机关,Enhanced
7042,西安市审计局,Enhanced
7043,封存被审计单位有关资料和违反国家规定取得的资产,Enhanced
7044,《中华人民共和国审计法》,Enhanced
7045,《审计机关封存资料资产规定》,Enhanced
7046,制止被审计单位违反前款规定的行为,Enhanced
7047,封存有关资料和违反国家规定取得的资产,Enhanced
7048,封存措施,Enhanced
7049,被审计单位正在或者可能转移、隐匿、篡改、毁弃会计凭证、会计账簿、财务会计报告以及其他与财政收支或者财务收支有关的资料,Enhanced
7050,被审计单位正在或者可能转移、隐匿违反国家规定取得的资产,Enhanced
7051,各业务处室,Enhanced
7052,审计服务,Enhanced
7053,部门规章,Enhanced
7054,社会团体印章样式、银行账号备案,Enhanced
7055,本级人民政府的社会团体登记管理机关,Enhanced
7056,印章式样和银行账号报登记管理机关备案,Enhanced
7057,社会团体的印章,Enhanced
7058,资产管理处,Enhanced
7059,《行政事业性国有资产管理条例》,Enhanced
7060,本级各部门及其所属单位行政事业性国有资产管理情况进行监督检查,Enhanced
7061,国务院令第738号,Enhanced
7062,本级各部门及其所属单位,Enhanced
7063,回扣,Enhanced
7064,医疗机构的负责人,Enhanced
7065,药品上市许可持有人营业执照,Enhanced
7066,药品生产企业营业执照,Enhanced
7067,药品经营企业营业执照,Enhanced
7068,药品批准证明文件,Enhanced
7069,从事药品生产经营活动,Enhanced
7070,擅自对外转供、销售地热水,Enhanced
7071,从事职业卫生技术服务的机构和承担职业病诊断的医疗卫生机构,Enhanced
7072,资质认可或者诊疗项目登记范围,Enhanced
7073,不按照职业病防治法规定履行法定职责,Enhanced
7074,出具虚假证明文件,Enhanced
7075,不按照职业病防治法规定,Enhanced
7076,不履行法定职责,Enhanced
7077,对计量器具的配备和使用不符合国家和本省有关规定的行政处罚,Enhanced
7078,《陕西省秦岭生态环境保护条例》,Enhanced
7079,施工单位应当在交通设施投入使用后三个月内，对施工现场及其附属设施进行清理拆除，并及时恢复植被,Enhanced
7080,违反本条例第四十九条第三款规定的，由县级以上生态环境行政主管部门依法实施代履行，处以五万元以上二十万元以下的罚款,Enhanced
7081,对超标或超总量排放水有毒物的行政处罚,Enhanced
7082,超标,Enhanced
7083,排放量,Enhanced
7084,超总量,Enhanced
7085,水有毒物,Enhanced
7086,污染物,Enhanced
7087,统计执法监督检查办法,Enhanced
7088,国家调查队,Enhanced
7089,赠送,Enhanced
7090,交换,Enhanced
7091,省档案局,Enhanced
7092,委托至,Enhanced
7093,中华人民共和国档案法实施办法,Enhanced
7094,省、自治区、直辖市人民政府档案行政管理部门,Enhanced
7095,赠送、交换、出卖国有档案复制件审批,Enhanced
7096,承办赠送、交换、出卖国有档案复制件审批,Enhanced
7097,设区的市级档案主管部门,Enhanced
7098,城市供水,Enhanced
7099,供气,Enhanced
7100,供热,Enhanced
7101,污水处理,Enhanced
7102,垃圾处理企业特许经营确认,Enhanced
7103,《市政公用事业特许经营管理办法》,Enhanced
7104,直辖市、市、县人民政府市政公用事业主管部门,Enhanced
7105,行政区域内的市政公用事业特许经营的具体实施,Enhanced
7106,水域滩涂养殖证核发,Enhanced
7107,县级以上地方人民政府渔业行政主管部门,Enhanced
7108,核发养殖证,Enhanced
7109,核发养殖证的具体办法,Enhanced
7110,集体所有的或者全民所有由农业集体经济组织使用的水域,Enhanced
7111,个人或集体使用,Enhanced
7112,社会保险服务机构,Enhanced
7113,"处,1万元以上5万元以下的罚款",Enhanced
7114,社会保险经办条例,Enhanced
7115,"规定,拒不改正的处罚",Enhanced
7116,国务院令第765号,Enhanced
7117,对被传染病病原体污染的污水、污物、场所和物品强制消毒,Enhanced
7118,《中华人民共和国传染病防治法》(2013年修正,Enhanced
7119,《中华人民共和国传染病防治法》(2013年修正),Enhanced
7120,对被传染病病原体污染的污水、污物、场所和物品，有关单位和个人必须在疾病预防控制机构的指导下或者按照其提出的卫生要求，进行严格消毒处理；拒绝消毒处理的，由当地卫生行政部门或者疾病预防控制机构进行强制消毒处理,Enhanced
7121,强制消毒,Enhanced
7122,《兽药进口管理办法》,Enhanced
7123,提供虚假的资料,Enhanced
7124,其主要负责人和直接负责的主管人员终身不得从事兽药的生产,Enhanced
7125,其主要负责人和直接负责的主管人员终身不得从事兽药的经营,Enhanced
7126,其主要负责人和直接负责的主管人员终身不得从事兽药的进出口活动,Enhanced
7127,2022年1月农业农村部令2022年第1号,Enhanced
7128,各支出处室,Enhanced
7129,文化市场管理处,Enhanced
7130,县级以上人民政府文化行政部门,Enhanced
7131,对生产、销售劣药行为的行政处罚,Enhanced
7132,生产、销售劣药行为,Enhanced
7133,生产、销售假劣麻醉药品和精神药品行为,Enhanced
7134,虚假资料,Enhanced
7135,企业方,Enhanced
7136,上年度生产经营收入,Enhanced
7137,工资总额,Enhanced
7138,经营费用,Enhanced
7139,设备更新计划,Enhanced
7140,社会保险费缴纳情况,Enhanced
7141,职业培训经费使用情况,Enhanced
7142,陕西省企业工资集体协商条例,Enhanced
7143,县级以上人力资源和社会保障行政主管部门,Enhanced
7144,国家安全监管总局关于印发〈化工和危险化学品生产经营单位重大生产安全事故隐患判定标准（试行）〉和〈烟花爆竹生产经营单位重大生产安全事故隐患判定标准（试行）〉的通知,Enhanced
7145,烟花爆竹类,Enhanced
7146,组织生产经营,Enhanced
7147,未经登记的司法鉴定机构从事司法鉴定活动,Enhanced
7148,司法鉴定管理处,Enhanced
7149,《陕西省司法鉴定管理条例》,Enhanced
7150,2010年9月29日,Enhanced
7151,陕西省第十一届人民代表大会常务委员会第十八次会议,Enhanced
7152,未经登记的机构,Enhanced
7153,司法鉴定活动,Enhanced
7154,省、设区的市司法行政部门,Enhanced
7155,违法所得一倍以上三倍以下,Enhanced
7156,对未经登记的司法鉴定机构从事司法鉴定活动的处罚,Enhanced
7157,建设工程质量和安全生产水平,Enhanced
7158,对提高质量和安全生产水平做出突出贡献的单位和个人,Enhanced
7159,建筑业管理处,Enhanced
7160,权利,Enhanced
7161,陕西省建设工程质量和安全生产管理条例（2021年修正）,Enhanced
7162,修正案,Enhanced
7163,对提高质量和安全生产水平做出突出贡献的单位和个人的奖励,Enhanced
7164,约束,Enhanced
7165,外科手术,Enhanced
7166,实验性临床医疗,Enhanced
7167,通讯,Enhanced
7168,会见探访者,Enhanced
7169,非精神障碍患者为精神障碍患者,Enhanced
7170,《中华人民共和国精神卫生法》,Enhanced
7171,强迫劳动,Enhanced
7172,侵害通讯,Enhanced
7173,侵害会见探访者,Enhanced
7174,诊断标准,Enhanced
7175,诊断非精神障碍患者为精神障碍患者,Enhanced
7176,医疗机构及其工作人员,Enhanced
7177,2018年4月,Enhanced
7178,职业中介机构,Enhanced
7179,居民身份证,Enhanced
7180,对违规设置排污口或排放口的行政处罚,Enhanced
7181,未取得药品生产许可证、药品经营许可证或者医疗机构制剂许可证生产、销售药品的行为,Enhanced
7182,没收违法生产、销售的药品和违法所得,Enhanced
7183,申请人隐瞒有关情况或者提供虚假材料骗取取水申请批准文件或者取水许可证,Enhanced
7184,对申请人给予警告,Enhanced
7185,责令其限期补缴应当缴纳的水资源费,Enhanced
7186,处2万元以上10万元以下罚款,Enhanced
7187,"构成犯罪的,依法追究刑事责任",Enhanced
7188,由县级以上人民政府水行政主管部门或者流域管理机构按照规定的权限决定,Enhanced
7189,取水申请批准文件或者取水许可证,Enhanced
7190,公共场所卫生许可,Enhanced
7191,《公共场所卫生管理条例》,Enhanced
7192,《公共场所卫生管理条例实施细则》,Enhanced
7193,卫生计生行政部门,Enhanced
7194,非法买卖流通人民币,Enhanced
7195,制作、仿制、买卖人民币图样,Enhanced
7196,中国人民银行规定的其他损害人民币的行为,Enhanced
7197,《人民币管理条例》,Enhanced
7198,国务院令第280号,Enhanced
7199,非法使用的人民币图样,Enhanced
7200,故意毁损人民币,Enhanced
7201,损害人民币的行为,Enhanced
7202,未经中国人民银行批准,Enhanced
7203,"属于,损害人民币的行为",Enhanced
7204,工商行政管理机关和其他有关行政执法机关,Enhanced
7205,违法所得和非法财物,Enhanced
7206,违法所得1倍以上3倍以下,Enhanced
7207,1000元以上5万元以下,Enhanced
7208,人民币图样,Enhanced
7209,放大、缩小和同样大小的人民币图样,Enhanced
7210,司法行政部门,Enhanced
7211,公证机构,Enhanced
7212,公证员,Enhanced
7213,司法行政机关,Enhanced
7214,《中华人民共和国公证法》,Enhanced
7215,《公证机构执业管理办法》,Enhanced
7216,《公证员执业管理办法》,Enhanced
7217,对计量器具强制检定的行政确认,Enhanced
7218,抵押权注销登记,Enhanced
7219,公共场所经营者,Enhanced
7220,清洗,Enhanced
7221,消毒,Enhanced
7222,保洁,Enhanced
7223,县级以上地方人民政府卫生计生行政部门,Enhanced
7224,卫生检测,Enhanced
7225,成品油零售经营资格审批,Enhanced
7226,《国务院关于取消和下放一批行政许可事项的决定》（国发〔2020〕13号）,Enhanced
7227,设区的市级人民政府指定部门,Enhanced
7228,成品油零售经营资格审查,Enhanced
7229,陕西省商务厅,Enhanced
7230,制定省级成品油零售经营资格审查管理办法,Enhanced
7231,市级审查部门承接成品油零售经营资格审查工作,Enhanced
7232,市级审查部门,Enhanced
7233,成品油零售经营资格审查工作,Enhanced
7234,县（区）级人民政府确定具体执行部门,Enhanced
7235,本辖区内成品油零售经营资格审查的初审工作,Enhanced
7236,设区的市级人民政府,Enhanced
7237,地质灾害防治工作,Enhanced
7238,人民政府,Enhanced
7239,做出突出贡献的单位和个人,Enhanced
7240,对采用不正当手段垄断种苗市场，或者哄抬种苗价格的行政处罚,Enhanced
7241,《退耕还林条例》,Enhanced
7242,第五十九条,Enhanced
7243,《退耕还林条例》第五十九条,Enhanced
7244,强迫交易罪,Enhanced
7245,反不正当竞争法,Enhanced
7246,由工商行政管理机关处以非法经营额2倍以上5倍以下的罚款,Enhanced
7247,对水利生产经营单位执行有关安全生产的法律、法规和国家标准或者行业标准的情况的监督检查,Enhanced
7248,水利生产经营单位,Enhanced
7249,对转移放射性同位素未办理登记、注销或者备案手续的行政颜色,Enhanced
7250,转移放射性同位素,Enhanced
7251,《放射性物品道路运输管理规定》,Enhanced
7252,未取得有关放射性物品道路运输资质许可,Enhanced
7253,违法所得超过2万元的,Enhanced
7254,没有违法所得或者违法所得不足2万元的,Enhanced
7255,3万元以上10万元以下的罚款,Enhanced
7256,无资质许可擅自从事放射性物品道路运输的,Enhanced
7257,使用失效、伪造、变造、被注销等无效放射性物品道路运输许可证件从事放射性物品道路运输的,Enhanced
7258,超越资质许可事项,Enhanced
7259,"关系,处罚",Enhanced
7260,非经营性放射性物品道路运输单位从事放射性物品道路运输经营的,Enhanced
7261,交通运输部令2010年第6号发布,Enhanced
7262,交通运输部令2023年第17号修订,Enhanced
7263,注册监理工程师,Enhanced
7264,"从事执业活动的,处罚",Enhanced
7265,建设部令第147号,Enhanced
7266,住建部令第32号,Enhanced
7267,签订集体合同,Enhanced
7268,劳动关系处,Enhanced
7269,集体合同,Enhanced
7270,十五日内未提出异议,Enhanced
7271,中华人民共和国劳动合同法,Enhanced
7272,陕西省企业集体合同条例,Enhanced
7273,权力类别,Enhanced
7274,对用人单位签订集体合同的审查登记,Enhanced
7275,《中华人民共和国劳动合同法》,Enhanced
7276,集体合同订立后，应当报送劳动行政部门,Enhanced
7277,《陕西省企业集体合同条例》,Enhanced
7278,集体合同签订后，企业应当在七日内将集体合同及附件报送企业工商登记机关的同级劳动行政主管部门审查登记,Enhanced
7279,集体合同需报送劳动行政部门,Enhanced
7280,集体合同需报送劳动行政主管部门审查登记,Enhanced
7281,有证据表明属于违反规定生产、销售或者在经营活动中使用的列入目录产品,Enhanced
7282,水利领域施工单位未对建筑材料、建筑构配件、原材料、中间产品、设备和商品混凝土进行检验，或者未对涉及结构安全的试块、试件以及有关材料取样检测行为,Enhanced
7283,2010年7月29日,Enhanced
7284,2018年5月,Enhanced
7285,县级野生植物行政主管部门,Enhanced
7286,书面申请,Enhanced
7287,初审意见,Enhanced
7288,省野生植物行政主管部门,Enhanced
7289,陕西省第十一届人民代表大会常务委员会,Enhanced
7290,国家二级保护野生植物,Enhanced
7291,野生植物,Enhanced
7292,省重点保护野生植物,Enhanced
7293,审核转报,Enhanced
7294,野生植物种类、数量、来源、用途,Enhanced
7295,对严重危害社会治安秩序或者威胁公共安全的人员强行带离现场,Enhanced
7296,学校决策机构负责人,Enhanced
7297,校长,Enhanced
7298,保障适龄儿童接种免疫规划疫苗,Enhanced
7299,《中华人民共和国疫苗管理法》,Enhanced
7300,国家实行免疫规划制度,Enhanced
7301,居住在中国境内的居民,Enhanced
7302,接种免疫规划疫苗的权利,Enhanced
7303,接种免疫规划疫苗的义务,Enhanced
7304,免疫规划疫苗,Enhanced
7305,县级以上人民政府及其有关部门,Enhanced
7306,适龄儿童接种免疫规划疫苗,Enhanced
7307,监护人,Enhanced
7308,适龄儿童按时接种免疫规划疫苗,Enhanced
7309,服务内容,Enhanced
7310,法律规定,Enhanced
7311,义务,Enhanced
7312,疫苗,Enhanced
7313,第七项,Enhanced
7314,第二十八条第三款,Enhanced
7315,第二十九条,Enhanced
7316,对将垃圾抛撒在垃圾收集容器外的行政处罚,Enhanced
7317,将垃圾抛撒在垃圾收集容器外,Enhanced
7318,向垃圾收集站倾倒垃圾的规定,Enhanced
7319,未经县级以上地方人民政府卫生健康主管部门指定擅自从事免疫规划疫苗接种工作、从事非免疫规划疫苗接种工作不符合条件或者未备案的,Enhanced
7320,疾病预防控制机构、接种单位以外的单位或者个人擅自进行群体性预防接种的,Enhanced
7321,中华人民共和国疫苗管理法,Enhanced
7322,对疾病预防控制机构、接种单位以外的单位或者个人擅自进行群体性预防接种的处罚,Enhanced
7323,对工程建设项目勘察设计招标人以不合理的条件限制或者排斥潜在投标人的行为,Enhanced
7324,对潜在投标人实行歧视待遇的行为,Enhanced
7325,强制要求投标人组成联合体共同投标的行为,Enhanced
7326,限制投标人之间竞争的行为,Enhanced
7327,必须进行招标的项目而不招标的行为,Enhanced
7328,将必须进行招标的项目化整为零或者以其他任何方式规避招标的行为,Enhanced
7329,潜在投标人,Enhanced
7330,《西安市城市市容和环境卫生管理条例》(2020修正),Enhanced
7331,第五十条,Enhanced
7332,广告、画廊、牌匾、标语、霓虹灯、灯箱等,Enhanced
7333,封闭阳台,Enhanced
7334,停车场、点,Enhanced
7335,组织清理,Enhanced
7336,农药经营者,Enhanced
7337,农药经营许可证,Enhanced
7338,未附具产品质量检验合格证或者包装、标签不符合规定的农药,Enhanced
7339,依法应当召回的农药,Enhanced
7340,县级以上地方人民政府农业主管部门,Enhanced
7341,养老保险处,Enhanced
7342,企业职工,Enhanced
7343,国家规定的正常退休年龄,Enhanced
7344,退休审批权,Enhanced
7345,退休审批,Enhanced
7346,未经水行政许可擅自从事依法应取得水行政许可的活动行为,Enhanced
7347,法人,Enhanced
7348,非经营活动,Enhanced
7349,纤维检验的复验仲裁,Enhanced
7350,行政裁决,Enhanced
7351,《国务院关于加强专业纤维检验工作的通知》,Enhanced
7352,各级专业纤维检验机构,Enhanced
7353,纤维质量检验,Enhanced
7354,监督检验,Enhanced
7355,复验仲裁,Enhanced
7356,复验仲裁结果,Enhanced
7357,交接结算的依据,Enhanced
7358,对生产经营单位安全设备的安装、使用、检测、改造和报废不符合国家标准 或者行业标准的行政处罚,Enhanced
7359,不符合体育赛事活动审批规定,Enhanced
7360,不符合对境外非政府组织在中国境内举办体育赛事活动规定,Enhanced
7361,不符合体育赛事活动名称规定,Enhanced
7362,造成人身财产伤害事故或重大不良社会影响的体育赛事活动的行政处罚,Enhanced
7363,在电力设施周围或者电力设施保护区内进行可能危及电力设施安全作业审批,Enhanced
7364,电力设施,Enhanced
7365,事物,Enhanced
7366,化妆品名称,Enhanced
7367,通用名,Enhanced
7368,属性名,Enhanced
7369,商标名,Enhanced
7370,国家有关法律,Enhanced
7371,"""奇特名称""",Enhanced
7372,"化妆品标识,未标注化妆品名称或者标注名称不符合规定要求",Enhanced
7373,逾期未改正的,Enhanced
7374,商标名、通用名和属性名三部分组成,Enhanced
7375,应当准确、科学,Enhanced
7376,不得使用明示或者暗示医疗作用的文字,Enhanced
7377,应当表明产品的客观形态,Enhanced
7378,国家标准,Enhanced
7379,"产品名称,有规定",Enhanced
7380,应当标注标准规定的名称,Enhanced
7381,同一名称的化妆品,Enhanced
7382,"在名称中或明显位置,予以标明",Enhanced
7383,法人验收监督管理机关,Enhanced
7384,项目的法人验收工作实施监督管理,Enhanced
7385,当由水行政主管部门或者流域管理机构组建项目法人时,Enhanced
7386,地方人民政府水行政主管部门,Enhanced
7387,当由地方人民政府组建项目法人时,Enhanced
7388,验收主管部门,Enhanced
7389,项目法人,Enhanced
7390,根据国家和部颁验收规程,Enhanced
7391,水利工程建设项目竣工验收,Enhanced
7392,《水利工程建设程序管理暂行规定》,Enhanced
7393,对重点用能工业企业开展工业节能监察,Enhanced
7394,对向水体扔掉或在水体最高水位线以下滩地、岸坡堆放、存贮固体废物和其他污染物的代履行,Enhanced
7395,违规收费行为,Enhanced
7396,将国家机关的职能转移、分解到下属事业单位或者经济实体,Enhanced
7397,将国家机关的职能转移、分解到下属事业单位或者经济实体进行有偿服务收取费用,Enhanced
7398,利用管理职权和行业垄断地位强行服务从中谋利和搭车收费的,Enhanced
7399,利用管理职权和行业垄断地位强行服务从中谋利和搭车收费,Enhanced
7400,以保证金、抵押金、储蓄金和集资、赞助等形式变相收费的,Enhanced
7401,以保证金、抵押金、储蓄金和集资、赞助等形式变相收费,Enhanced
7402,惩罚,Enhanced
7403,对生活垃圾处理单位未遵守规定的行政惩罚,Enhanced
7404,对在饮用水水源保护区使用农药，丢弃农药、农药包装物或者清洗施药器械的行政处罚,Enhanced
7405,《陕西省饮用水水源保护条例》,Enhanced
7406,违反本条例规定，在饮用水水源保护区使用农药，丢弃农药、农药包装物或者清洗施药器械的，由县级以上生态环境行政主管部门责令改正，对个人处以一千元以上一万元以下的罚款，对单位处以五万元以上十万元以下的罚款,Enhanced
7407,保健用品注册,Enhanced
7408,《陕西省保健用品管理条例》(2010年修订),Enhanced
7409,企业所在地的设区的市食品药品监督管理部门,Enhanced
7410,设区的市食品药品监督管理部门,Enhanced
7411,省食品药品监督管理部门,Enhanced
7412,进口药品备案,Enhanced
7413,《基本农田保护条例》,Enhanced
7414,2011年,Enhanced
7415,占用城市道路,Enhanced
7416,挖掘城市道路,Enhanced
7417,西安市农业农村局(市乡村振兴局,Enhanced
7418,饲料添加剂产品批准文号管理办法,Enhanced
7419,饲料添加剂产品,Enhanced
7420,添加剂预混合饲料,Enhanced
7421,县级以上地方人民政府饲料管理部门,Enhanced
7422,违法生产的产品,Enhanced
7423,用于违法生产饲料的饲料原料,Enhanced
7424,单一饲料,Enhanced
7425,药物饲料添加剂,Enhanced
7426,用于违法生产饲料添加剂的原料,Enhanced
7427,违法生产的产品货值金额,Enhanced
7428,生产许可证,Enhanced
7429,《中华人民共和国反不正当竞争法》,Enhanced
7430,本法第十二条,Enhanced
7431,实施妨碍、破坏行为,Enhanced
7432,从事生产经营活动,Enhanced
7433,本法的各项规定,Enhanced
7434,"未经其他经营者同意,插入链接",Enhanced
7435,强制进行目标跳转,Enhanced
7436,误导、欺骗、强迫用户修改、关闭、卸载,Enhanced
7437,恶意对其他经营者合法提供的网络产品或者服务实施不兼容,Enhanced
7438,其他妨碍、破坏行为,Enhanced
7439,妨碍、破坏行为,Enhanced
7440,相关材料,Enhanced
7441,犯罪行为,Enhanced
7442,拒绝阻碍监督检查,Enhanced
7443,毁灭转移相关材料,Enhanced
7444,设区的市、县（市、区）地方金融监管部门,Enhanced
7445,《西安市道路交通安全条例》,Enhanced
7446,处二百元以上二千元以下罚款,Enhanced
7447,责任单位或者个人,Enhanced
7448,擅自增加或者减少旅游项目,Enhanced
7449,擅自变更接待计划,Enhanced
7450,擅自中止导游活动行为,Enhanced
7451,导游人员,Enhanced
7452,省、自治区、直辖市人民政府旅游行政部门,Enhanced
7453,尾矿库,Enhanced
7454,安全现状评价,Enhanced
7455,尾矿库安全现状评价工作,Enhanced
7456,专业技术人员参加,Enhanced
7457,尾矿坝稳定性验算,Enhanced
7458,专业技术人员进行,Enhanced
7459,尾矿库水文计算,Enhanced
7460,构筑物计算,Enhanced
7461,执行,Enhanced
7462,2002年9月国务院令第363号,Enhanced
7463,文化行政部门或者由文化行政部门会同公安机关,Enhanced
7464,违法所得及其从事违法经营活动的专用工具、设备,Enhanced
7465,违法经营额5倍以上10倍以下,Enhanced
7466,擅自从事互联网上网服务经营活动,Enhanced
7467,从事违法经营活动的场所,Enhanced
7468,从事违法经营活动的专用工具、设备,Enhanced
7469,触犯刑律,Enhanced
7470,取缔,Enhanced
7471,《互联网上网服务营业场所管理条例》第27条,Enhanced
7472,对擅自在城市道路上建设建筑物、构筑物的行政处罚,Enhanced
7473,《城市道路管理条例》,Enhanced
7474,市政工程行政主管部门,Enhanced
7475,2万元以下,Enhanced
7476,《陕西省城市市政公用设施管理条例》,Enhanced
7477,禁止在道路、桥涵及其保护范围内修筑建筑物、构筑物,Enhanced
7478,五十元以上一千元以下,Enhanced
7479,一千元以上一万元以下,Enhanced
7480,城市道路管理处,Enhanced
7481,第四十二条,Enhanced
7482,清算组成员,Enhanced
7483,徇私舞弊,Enhanced
7484,非法收入,Enhanced
7485,公司财产,Enhanced
7486,组织或个人,Enhanced
7487,诊疗活动,Enhanced
7488,动物诊疗机构,Enhanced
7489,下列行为之一,Enhanced
7490,未取得动物诊疗许可证从事动物诊疗活动,Enhanced
7491,使用伪造、变造、受让、租用、借用的动物诊疗许可证,Enhanced
7492,超出动物诊疗许可证核定的诊疗活动范围从事动物诊疗活动,Enhanced
7493,变更从业地点、诊疗活动范围未重新办理动物诊疗许可证的,Enhanced
7494,《动物诊疗机构管理办法》,Enhanced
7495,收缴伪造、变造、受让、租用、借用的动物诊疗许可证,Enhanced
7496,违法所得一倍以上三倍以下罚款,Enhanced
7497,进行可能危及危险化学品管道安全的施工作业,Enhanced
7498,市人民政府或者城市节约用水行政主管部门,Enhanced
7499,节约用水义务,Enhanced
7500,检举浪费用水的行为,Enhanced
7501,在节水工作中成绩突出的单位或个人,Enhanced
7502,在城市节约用水科学技术研究中有发明创造的单位或个人,Enhanced
7503,推广应用节约用水先进技术成效显著的单位或个人,Enhanced
7504,在节约用水工作中成绩突出的单位或个人,Enhanced
7505,西安市城市节约用水条例（2020修正）,Enhanced
7506,检举浪费用水行为,Enhanced
7507,对侮辱国徽的处罚,Enhanced
7508,《中华人民共和国国徽法》,Enhanced
7509,中华人民共和国国徽法,Enhanced
7510,焚烧,Enhanced
7511,毁损,Enhanced
7512,涂划,Enhanced
7513,玷污,Enhanced
7514,践踏,Enhanced
7515,重点排水户,Enhanced
7516,储存剧毒化学品,Enhanced
7517,易制爆危险化学品,Enhanced
7518,县政府,Enhanced
7519,国务院令第613号,Enhanced
7520,单位自备水源,Enhanced
7521,公共卫生设施,Enhanced
7522,传染病病原体污染的污水,Enhanced
7523,病原携带者,Enhanced
7524,消毒药剂,Enhanced
7525,消毒器械,Enhanced
7526,卫生用品,Enhanced
7527,卫生材料,Enhanced
7528,一次性医疗器材,Enhanced
7529,隐形眼镜,Enhanced
7530,人造器官,Enhanced
7531,流动人员,Enhanced
7532,用工单位,Enhanced
7533,狂犬病,Enhanced
7534,艾滋病,Enhanced
7535,肺炭疽,Enhanced
7536,供水,Enhanced
7537,《放射性同位素与射线装置安全和防护管理办法》,Enhanced
7538,生猪定点屠宰厂,Enhanced
7539,疫情监测,Enhanced
7540,发生动物疫情时,Enhanced
7541,生猪定点屠宰证书,Enhanced
7542,由设区的市级人民政府,Enhanced
7543,生猪屠宰厂,Enhanced
7544,生猪屠宰企业,Enhanced
7545,对通过逃避监管方式排放大气污染物的行政处罚,Enhanced
7546,西安市生态环境个体户,Enhanced
7547,校车安全管理条例,Enhanced
7548,拦河截溪,Enhanced
7549,取土采石,Enhanced
7550,设置垃圾堆场,Enhanced
7551,排放污水,Enhanced
7552,其他对城市生态环境造成破坏活动,Enhanced
7553,城市园林绿化行政主管部门,Enhanced
7554,城市绿线管理办法,Enhanced
7555,其他负有固体废物污染环境防治监督管理职责的部门,Enhanced
7556,拒绝、阻挠监督检查,Enhanced
7557,在接受监督检查时弄虚作假,Enhanced
7558,处五万元以上二十万元以下的罚款,Enhanced
7559,对直接负责的主管人员和其他直接责任人员,Enhanced
7560,处二万元以上十万元以下的罚款,Enhanced
7561,拒绝、阻挠固体废物污染环境防治监督检查,Enhanced
7562,县级以上住房和城乡建设主管部门,Enhanced
7563,《陕西省物业服务管理条例》（2021年修订）,Enhanced
7564,房屋买受人,Enhanced
7565,临时管理规约,Enhanced
7566,房屋买卖合同,Enhanced
7567,非法销售,Enhanced
7568,倒卖,Enhanced
7569,变卖,Enhanced
7570,国家免费提供的避孕药具,Enhanced
7571,安全生产,Enhanced
7572,公路工程施工单位,Enhanced
7573,造成重大安全事故,Enhanced
7574,尚未竣工的建筑物内设置集体宿舍,Enhanced
7575,施工现场临时搭建的建筑物不符合安全使用要求,Enhanced
7576,因建设工程施工可能造成损害的毗邻建筑物、构筑物和地下管线等采取专项防护措施,Enhanced
7577,自然资源开发利用处,Enhanced
7578,《中华人民共和国城市房地产管理法》,Enhanced
7579,县级以上人民政府土地管理部门,Enhanced
7580,土地使用权出让金,Enhanced
7581,责令缴纳土地使用权出让金,Enhanced
7582,对在自然保护地、禁猎渔区、禁渔期猎捕国家重点保护（水生）野生动物,Enhanced
7583,未取得特许猎捕证、未按照特许猎捕证规定猎捕、杀害国家重点保护（水生）野生动物,Enhanced
7584,使用禁用的工具、方法猎捕国家重点保护（水生）野生动物,Enhanced
7585,自然保护地,Enhanced
7586,自然保护区,Enhanced
7587,禁猎渔区,Enhanced
7588,禁猎区,Enhanced
7589,禁渔期,Enhanced
7590,水生,Enhanced
7591,水生动物,Enhanced
7592,"""计量器具型式批准""",Enhanced
7593,计量器具型式批准,Enhanced
7594,超限运输车辆行驶公路管理规定,Enhanced
7595,道路运输管理机构,Enhanced
7596,指使、强令车辆驾驶人超限运输货物行为,Enhanced
7597,指使、强令货物运输车辆驾驶人违法超限超载运输,Enhanced
7598,指使、强令车辆驾驶人超限运输货物,Enhanced
7599,货物运输源头单位违反第十四条规定,Enhanced
7600,30000元以下,Enhanced
7601,给予单位和个人因选育林木良种建立测定林、实验林、优树收集区、基因库等而减少经济收入的经济补偿,Enhanced
7602,《中华人民共和国种子法》（2021年修正）第十四条,Enhanced
7603,选育林木良种建立相关林区,Enhanced
7604,经济补偿,Enhanced
7605,补偿,Enhanced
7606,行政补偿类型,Enhanced
7607,棉花质量凭证,Enhanced
7608,具体凭证类型,Enhanced
7609,棉花质量标识,Enhanced
7610,具体标识类型,Enhanced
7611,公证检验证书,Enhanced
7612,具体证书类型,Enhanced
7613,公证检验标志,Enhanced
7614,具体标志类型,Enhanced
7615,棉花质量监督管理条例,Enhanced
7616,查封与违法牲畜屠宰活动有关的场所、设施,Enhanced
7617,扣押与违法牲畜屠宰活动有关的牲畜、畜类产品以及屠宰工具和设备,Enhanced
7618,《西安市人民政府关于改革完善市级食品药品监督管理体制的实施意见》,Enhanced
7619,《西安市人民政府关于改革完善区县食品药品监督管理体制的意见》,Enhanced
7620,生猪屠宰管理条例,Enhanced
7621,市政发〔2013〕56号,Enhanced
7622,市政发〔2013〕58号,Enhanced
7623,《西安市黑河引水系统保护条例》（2016修正）,Enhanced
7624,违反本条例第十二条规定的处罚,Enhanced
7625,采取补救措施,Enhanced
7626,违反本条例第十二条规定的行为,Enhanced
7627,禁止从事爆破、打井、采石、采矿、挖砂、取土、修建墓地等危害大坝安全的活动,Enhanced
7628,未按规定使用教练车的处罚,Enhanced
7629,第六十条,Enhanced
7630,教练车,Enhanced
7631,规定的时间、路段和场地行驶,Enhanced
7632,学员,Enhanced
7633,非教学活动,Enhanced
7634,与教学无关的人员,Enhanced
7635,违反本条例第三十四条规定,Enhanced
7636,处二百元罚款,Enhanced
7637,公安机关交通管理部门核发的教练车号牌,Enhanced
7638,假冒宗教教职人员进行宗教活动或者骗取钱财等违法活动的,Enhanced
7639,扣留的车辆,Enhanced
7640,公路管理机构依法处理,Enhanced
7641,基础设施,Enhanced
7642,公路附属设施,Enhanced
7643,交通工具,Enhanced
7644,扣留的工具,Enhanced
7645,应当淘汰的危及生产安全的工艺、设备,Enhanced
7646,禁止传销条例,Enhanced
7647,国务院令第444号,Enhanced
7648,县级以上工商行政管理部门,Enhanced
7649,查处,Enhanced
7650,西安市计量监督管理办法,Enhanced
7651,西安市人民政府令第115号,Enhanced
7652,使用强制检定计量器具的单位和个人,Enhanced
7653,报所在地区、县或者开发区计量行政主管部门,Enhanced
7654,商品交易市场、集贸市场、商场（超市）内使用的强制检定计量器具,Enhanced
7655,报计量行政主管部门,Enhanced
7656,《西安市计量监督管理办法》,Enhanced
7657,对药师未按照规定调剂处方药品，情节严重的处罚,Enhanced
7658,《处方管理办法》,Enhanced
7659,纪律处分,Enhanced
7660,处方管理办法,Enhanced
7661,所在医疗机构或者其上级单位,Enhanced
7662,生产经营掺假掺杂、混有异物的食盐行为的行政处罚,Enhanced
7663,对停车场、点的环境卫生不符合规定的行政处罚,Enhanced
7664,停车场,Enhanced
7665,执行行政处罚的主体,Enhanced
7666,回收拆解企业,Enhanced
7667,《资质认定书》,Enhanced
7668,陕西省新型墙体材料产品认定初审,Enhanced
7669,《陕西省新型墙体材料发展应用条例》,Enhanced
7670,认定申报书,Enhanced
7671,提交资料,Enhanced
7672,生产原料、工艺、结构和执行标准等说明书,Enhanced
7673,产品质量检测报告,Enhanced
7674,其他必备的技术资料,Enhanced
7675,设区的市墙体材料改革管理机构,Enhanced
7676,审核,Enhanced
7677,省墙体材料改革管理机构,Enhanced
7678,认定,Enhanced
7679,认定证书,Enhanced
7680,符合认定条件的企业,Enhanced
7681,书面通知,Enhanced
7682,认定条件,Enhanced
7683,新型墙体材料产品认定证书,Enhanced
7684,交通运输部令2013年第2号发布,Enhanced
7685,交通运输部令2023年第13号修订,Enhanced
7686,"道路危险化学品运输托运人,进行,责令改正",Enhanced
7687,"道路危险化学品运输托运人,进行,处10万元以上20万元以下的罚款",Enhanced
7688,"道路危险化学品运输托运人,进行,没收违法所得",Enhanced
7689,"道路危险化学品运输托运人,进行,责令停产停业整顿",Enhanced
7690,"道路危险化学品运输托运人,进行,追究刑事责任",Enhanced
7691,道路危险货物运输托运人,Enhanced
7692,处10万元以上20万元以下的罚款,Enhanced
7693,地名命名、更名审批,Enhanced
7694,区划地名勘界处,Enhanced
7695,地名管理条例,Enhanced
7696,本市轨道交通车站及车辆基地命名工作,Enhanced
7697,市民发〔2023〕112号,Enhanced
7698,《地名管理条例》,Enhanced
7699,国发〔1986〕11号,Enhanced
7700,2022年3月国务院令第753号,Enhanced
7701,《西安市民政局关于印发西安市轨道交通车站命名规则的通知》,Enhanced
7702,《计量违法行为处罚细则》,Enhanced
7703,责令停止销售,Enhanced
7704,2022年9月29日,Enhanced
7705,《西安市物业管理条例》,Enhanced
7706,物业管理区域的范围,Enhanced
7707,共用部位的名称、位置和面积,Enhanced
7708,共用设施设备的名称、用途,Enhanced
7709,物业管理用房的位置和面积,Enhanced
7710,区县物业管理行政主管部门或者开发区管理委员会,Enhanced
7711,逾期不改正,Enhanced
7712,处二万元以上五万元以下罚款,Enhanced
7713,区县物业管理行政主管部门,Enhanced
7714,从事拍卖业务许可,Enhanced
7715,拍卖管理办法,Enhanced
7716,企业及分公司,Enhanced
7717,从事拍卖业务的许可,Enhanced
7718,市级商务主管部门,Enhanced
7719,拍卖经营批准证书,Enhanced
7720,《拍卖管理办法》,Enhanced
7721,听证方式,Enhanced
7722,二手车交易市场经营者和经营主体的监督检查,Enhanced
7723,二手车流通管理办法,Enhanced
7724,工商总局,Enhanced
7725,税务总局,Enhanced
7726,加强对二手车交易市场经营者和经营主体的监督管理,Enhanced
7727,二手车交易市场经营者和经营主体,Enhanced
7728,由商务主管部门和工商行政管理部门,Enhanced
7729,商务部关于废止和修改部分规章的决定,Enhanced
7730,未经批准采集或者采伐省重点保护的天然果树种质资源,Enhanced
7731,县级以上农业、林业行政主管部门,Enhanced
7732,没收非法采集的繁育材料和违法所得,Enhanced
7733,《陕西省果业条例》(2018年5月修正),Enhanced
7734,违反本条例第十三条第三款规定,Enhanced
7735,省果业行政主管部门,Enhanced
7736,因科研等特殊情况需要采集或者采伐省重点保护的天然果树种质资源,Enhanced
7737,行政检查权力,Enhanced
7738,县级人民政府野生植物行政主管部门,Enhanced
7739,1996年9月国务院令第204号,Enhanced
7740,2017年10月国务院令第687号,Enhanced
7741,林业,Enhanced
7742,野生植物保护的综合协调管理工作,Enhanced
7743,草原上的野生植物保护管理工作,Enhanced
7744,生产、销售没有注册商标的卷烟,Enhanced
7745,停止生产、销售,Enhanced
7746,责令停止生产、销售,Enhanced
7747,责令停止侵权行为,Enhanced
7748,赔偿被侵权人的损失,Enhanced
7749,并处罚款,Enhanced
7750,中华人民共和国烟草专卖法,Enhanced
7751,《中华人民共和国烟草专卖法》,Enhanced
7752,处罚款,Enhanced
7753,会展业发展处,Enhanced
7754,道路运输企业动态监控平台,Enhanced
7755,西安市交通运输局考核,Enhanced
7756,道路运输车辆动态信息公共服务平台,Enhanced
7757,纳入年度预算,Enhanced
7758,逐级考核和通报制度,Enhanced
7759,联网联控系统长期稳定运行,Enhanced
7760,《道路运输车辆动态监督管理办法》,Enhanced
7761,维护经费,Enhanced
7762,《城市商品房预售管理办法》,Enhanced
7763,开发企业,Enhanced
7764,采用欺骗,Enhanced
7765,贿赂,Enhanced
7766,商品房预售许可,Enhanced
7767,由房地产管理部门,Enhanced
7768,房地产管理部门,Enhanced
7769,责令停止预售,Enhanced
7770,撤销商品房预售许可,Enhanced
7771,未采取相应防范措施，造成危险废物扬散、流失、渗漏或者其他环境污染的,Enhanced
7772,责令停业或者关闭,Enhanced
7773,十万元以上一百万元以下,Enhanced
7774,所需处置费用三倍以上五倍以下,Enhanced
7775,所需处置费用,Enhanced
7776,二十万元,Enhanced
7777,行政处罚行为,Enhanced
7778,建设工程安全生产管理条例,Enhanced
7779,施工起重机械,Enhanced
7780,自升式架设设施,Enhanced
7781,整体提升脚手架,Enhanced
7782,模板,Enhanced
7783,开展气象信息服务的单位,Enhanced
7784,气象主管机构所属的气象台提供的基本气象资料,Enhanced
7785,建站单位,Enhanced
7786,拟建气象探测站(点,Enhanced
7787,探测站(点,Enhanced
7788,气象主管机构,Enhanced
7789,汇交凭证,Enhanced
7790,按照国家有关规定汇交所获得的气象探测资料,Enhanced
7791,备案权,Enhanced
7792,设区的市级以上气象主管机构,Enhanced
7793,拟建气象探测站（点）,Enhanced
7794,探测站（点）所在地,Enhanced
7795,所获得的气象探测资料,Enhanced
7796,违法破坏重点保护野生植物保护点的保护设施和保护标志,Enhanced
7797,县级以上野生植物行政主管部门,Enhanced
7798,破坏野生植物保护点的保护设施和保护标志,Enhanced
7799,固定资产投资项目,Enhanced
7800,风景名胜区,Enhanced
7801,重要工程设施,Enhanced
7802,爆破作业许可,Enhanced
7803,批准的决定,Enhanced
7804,不予批准的决定,Enhanced
7805,具有相应资质的安全评估企业出具的爆破设计、施工方案评估报告,Enhanced
7806,设施类型,Enhanced
7807,许可证类型,Enhanced
7808,"对宠物在公共场所排放的粪便,饲养人应当即时清除",Enhanced
7809,五元以上五十元以下罚款,Enhanced
7810,五十元以上一百元以下罚款,Enhanced
7811,地下水监测设施设备及其标志,Enhanced
7812,侵占、毁坏或者擅自移动,Enhanced
7813,县级以上地方人民政府水行政、自然资源、生态环境主管部门,Enhanced
7814,2021年10月21日公布,Enhanced
7815,变更股东,Enhanced
7816,股权结构变更,Enhanced
7817,上市融资,Enhanced
7818,重大资产变动,Enhanced
7819,未建立健全节目运营规范,Enhanced
7820,未采取版权保护措施,Enhanced
7821,对传播有害内容未履行提示、删除、报告义务,Enhanced
7822,未在播出界面显著位置标注播出标识、名称、《许可证》和备案编号,Enhanced
7823,未履行保留节目记录、向主管部门如实提供查询义务,Enhanced
7824,向未持有《许可证》或备案的单位提供代收费及信号传输、服务器托管等与互联网视听节目服务有关的服务,Enhanced
7825,未履行查验义务,Enhanced
7826,向互联网视听节目服务单位提供其《许可证》或备案载明事项范围以外的接入服务,Enhanced
7827,进行虚假宣传或者误导用户,Enhanced
7828,未经用户同意,Enhanced
7829,拒绝、阻挠、拖延广播电影电视主管部门依法进行监督检查或者在监督检查过程中弄虚作假,Enhanced
7830,以虚假证明、文件等手段骗取《许可证》,Enhanced
7831,擅自在互联网上使用广播电视专有名称开展业务,Enhanced
7832,"未经用户同意,擅自泄露用户信息秘密的行为",Enhanced
7833,互联网视听服务单位在同一年度内三次出现违规行为的行为,Enhanced
7834,非法制造,Enhanced
7835,非法买卖,Enhanced
7836,非法运输,Enhanced
7837,非法储存,Enhanced
7838,有违反治安管理行为,Enhanced
7839,依法给予治安管理处罚,Enhanced
7840,未经许可购买,Enhanced
7841,未经许可运输,Enhanced
7842,从事爆破作业,Enhanced
7843,非法购买,Enhanced
7844,爆破作业活动,Enhanced
7845,非法购买的民用爆炸物品,Enhanced
7846,运输的民用爆炸物品,Enhanced
7847,从事爆破作业使用的民用爆炸物品,Enhanced
7848,责令停止非法购买、运输、爆破作业活动,Enhanced
7849,饲料添加剂产品批准文号核发,Enhanced
7850,国务院农业行政主管部门,Enhanced
7851,全国饲料、饲料添加剂的监督管理工作,Enhanced
7852,本行政区域饲料、饲料添加剂的监督管理工作,Enhanced
7853,《陕西省人民政府关于委托一批行政批准事项的决定》,Enhanced
7854,设区的市级农业农村部门,Enhanced
7855,省农业农村厅权限委托,Enhanced
7856,《饲料和饲料添加剂管理条例》,Enhanced
7857,"饲料添加剂、添加剂预混合饲料生产企业取得生产许可证后,由省、自治区、直辖市人民政府饲料管理部门核发相应的产品批准文号",Enhanced
7858,饲料添加剂产品批准文号核发权限委托至设区的市级农业农村部门,Enhanced
7859,陕西省农业农村厅,Enhanced
7860,饲料添加剂、添加剂预混合饲料生产企业,Enhanced
7861,生产许可证后，由省、自治区、直辖市人民政府饲料管理部门核发相应的产品批准文号,Enhanced
7862,管理规定,Enhanced
7863,所在地粮食行政管理部门,Enhanced
7864,粮油储存事故,Enhanced
7865,安全生产事故,Enhanced
7866,有关法律法规,Enhanced
7867,《粮油仓储管理办法》,Enhanced
7868,《粮油仓储单位》,Enhanced
7869,阻碍、妨碍内河交通事故调查取证,Enhanced
7870,谎报、隐匿、毁灭证据,Enhanced
7871,1000元以上1万元以下,Enhanced
7872,暂扣适任证书或者其他适任证件12个月以上直至吊销适任证书或者其他适任证件,Enhanced
7873,以暴力、威胁方法阻碍内河交通事故调查取证,Enhanced
7874,依照刑法关于妨害公务罪的规定,Enhanced
7875,暂扣适任证书,Enhanced
7876,暂扣适任证书或其他适任证件的处罚,Enhanced
7877,对尾矿库运行到设计最终标高或者不再进行排尾作业的，未按规定实施闭库的行政处罚,Enhanced
7878,尾矿库运行到设计最终标高或者不再进行排尾作业的,Enhanced
7879,"规定于,《尾矿库安全监督管理规定》",Enhanced
7880,本规定第二十八条第一款规定不主动实施闭库,Enhanced
7881,违反规定的生产经营单位,Enhanced
7882,警告和3万元罚款,Enhanced
7883,对重点限养区内个人饲养烈性犬、大型犬的处罚,Enhanced
7884,重点限养区,Enhanced
7885,市农业行政管理部门,Enhanced
7886,市公安机关,Enhanced
7887,烈性犬、大型犬名录,Enhanced
7888,对违反条例的行为进行处罚,Enhanced
7889,依法给予或者责令给予降低岗位等级或者撤职、开除的处分,Enhanced
7890,有关医务人员,Enhanced
7891,责令暂停一个月以上六个月以下执业活动,Enhanced
7892,严重精神障碍患者,Enhanced
7893,诊断结论、病情评估表明,Enhanced
7894,已经发生伤害自身的行为,Enhanced
7895,"由,诊断结论、病情评估表明",Enhanced
7896,已经发生危害他人安全的行为,Enhanced
7897,县级以上人民政府卫生行政部门实施处罚,Enhanced
7898,第72条,Enhanced
7899,对重点领域网络和信息安全检查,Enhanced
7900,国家网信部门,Enhanced
7901,"关键信息基础设施,采取措施",Enhanced
7902,对关键信息基础设施的安全风险进行抽查检测,Enhanced
7903,定期组织关键信息基础设施的运营者进行网络安全应急演练,Enhanced
7904,促进有关部门、关键信息基础设施的运营者以及有关研究机构、网络安全服务机构等之间的网络安全信息共享,Enhanced
7905,"对网络安全事件的应急处置与网络功能的恢复等,提供技术支持和协助",Enhanced
7906,政府信息系统安全检查办法,Enhanced
7907,各级政府及其部门每半年进行一次全面的安全检查,Enhanced
7908,关键信息基础设施,Enhanced
7909,国务院办公厅,Enhanced
7910,各级政府及其部门,Enhanced
7911,一次全面的安全检查,Enhanced
7912,国家规定范围以外的计量器具,Enhanced
7913,规定场所从事经营活动,Enhanced
7914,中华人民共和国计量法实施细则,Enhanced
7915,制造,Enhanced
7916,修理,Enhanced
7917,全部违法所得,Enhanced
7918,500元以下的罚款,Enhanced
7919,国家计量局,Enhanced
7920,制造、修理国家规定范围以外的计量器具,Enhanced
7921,慈善组织公开募捐资格审批,Enhanced
7922,慈善组织,Enhanced
7923,内部治理结构健全,Enhanced
7924,运作规范,Enhanced
7925,公开募捐资格证书,Enhanced
7926,其他法律,Enhanced
7927,可以公开募捐的非营利性组织,Enhanced
7928,2023年12月,Enhanced
7929,违反机动车停放、临时停车规定,Enhanced
7930,指出违法行为,Enhanced
7931,予以口头警告,Enhanced
7932,令其立即驶离,Enhanced
7933,机动车驾驶人不在现场或者虽在现场但拒绝立即驶离,Enhanced
7934,处二十元以上二百元以下罚款,Enhanced
7935,将该机动车拖移至不妨碍交通的地点或者公安机关交通管理部门指定的地点停放,Enhanced
7936,拖车,Enhanced
7937,停放地点,Enhanced
7938,因采取不正确的方法拖车,Enhanced
7939,机动车损坏,Enhanced
7940,补偿责任,Enhanced
7941,烟花爆竹生产经营企业工（库）房,Enhanced
7942,核定人数,Enhanced
7943,处五万元以上十万元以下的罚款,Enhanced
7944,责令立即消除或者限期消除，处五万元以下的罚款,Enhanced
7945,化工和危险化学品生产经营单位,Enhanced
7946,烟花爆竹生产经营单位,Enhanced
7947,艾滋病监测职责,Enhanced
7948,免费提供咨询和初筛检测,Enhanced
7949,临时应急采集的血液,Enhanced
7950,艾滋病检测,Enhanced
7951,临床用血,Enhanced
7952,未进行核查,Enhanced
7953,艾滋病检测阳性的血液,Enhanced
7954,临床,Enhanced
7955,未遵守标准防护原则,Enhanced
7956,"发生,艾滋病医院感染或者医源性感染",Enhanced
7957,对,Enhanced
7958,"未提供,咨询、诊断和治疗服务",Enhanced
7959,艾滋病病毒感染者或者艾滋病病人,Enhanced
7960,医学随访,Enhanced
7961,感染艾滋病病毒的孕产妇及其婴儿,Enhanced
7962,提供预防艾滋病母婴传播技术指导,Enhanced
7963,发生艾滋病医院感染或者医源性感染,Enhanced
7964,咨询、诊断和治疗服务,Enhanced
7965,推诿、拒绝治疗,Enhanced
7966,未提供咨询、诊断和治疗服务,Enhanced
7967,未采取有效的卫生防护措施和医疗保健措施,Enhanced
7968,采取有效的卫生防护措施和医疗保健措施,Enhanced
7969,对在汛期内水库、闸坝和其他水工程设施的运用监督检查,Enhanced
7970,水灾害防御处,Enhanced
7971,汛期,Enhanced
7972,水库,Enhanced
7973,水工程设施,Enhanced
7974,闸坝,Enhanced
7975,泄密案件的调查处理,Enhanced
7976,市保密局,Enhanced
7977,2018,Enhanced
7978,向用人单位提供可能产生职业病危害的设备、材料,Enhanced
7979,强制检定范围的计量器具,Enhanced
7980,非强制检定范围的计量器具,Enhanced
7981,未按照规定申请检定和未自行定期检定或者送其他计量检定机构定期检定的,Enhanced
7982,责令其停止使用,Enhanced
7983,可并处一千元以下的罚款,Enhanced
7984,经检定不合格继续使用的,Enhanced
7985,地方人民政府各级出版行政主管部门,Enhanced
7986,网络出版服务,Enhanced
7987,省级电信主管部门,Enhanced
7988,网络出版服务单位,Enhanced
7989,出版活动,Enhanced
7990,各地出版行政主管部门,Enhanced
7991,日常监督管理,Enhanced
7992,网络出版物内容和质量,Enhanced
7993,网络出版从业人员,Enhanced
7994,网络接入服务,Enhanced
7995,《网络出版服务管理规定》,Enhanced
7996,不履行清扫保洁责任,Enhanced
7997,街道,Enhanced
7998,不符合要求,Enhanced
7999,机关,Enhanced
8000,内部清扫保洁,Enhanced
8001,团体,Enhanced
8002,部队,Enhanced
8003,专人,Enhanced
8004,公共厕所清扫保洁,Enhanced
8005,组织清理费用,Enhanced
8006,奥运会,Enhanced
8007,国际体育赛事,Enhanced
8008,冬奥会,Enhanced
8009,亚运会,Enhanced
8010,亚洲体育赛事,Enhanced
8011,亚冬会,Enhanced
8012,青奥会,Enhanced
8013,冬青奥会,Enhanced
8014,全运会,Enhanced
8015,全国性体育赛事,Enhanced
8016,冬运会,Enhanced
8017,青运会,Enhanced
8018,政策类型,Enhanced
8019,奖励类型,Enhanced
8020,获奖运动员,Enhanced
8021,教练员,Enhanced
8022,训练单位,Enhanced
8023,有功人员,Enhanced
8024,施工图审查机构,Enhanced
8025,审查机构,Enhanced
8026,房屋建筑和市政基础设施工程施工图设计文件审查管理办法,Enhanced
8027,施工图审查合格书,Enhanced
8028,省、自治区、直辖市人民政府住房城乡建设主管部门,Enhanced
8029,责令停止使用有关特种设备,Enhanced
8030,处一万元以上十万元以下罚款,Enhanced
8031,使用单位,Enhanced
8032,煤炭、水泥等货物集散地以及货运站等场所的经营人、管理人,Enhanced
8033,有效措施,Enhanced
8034,煤炭、水泥等货物集散地以及货运站等场所的监督检查,Enhanced
8035,道路运输管理机构依法进行监督检查,Enhanced
8036,对未经授权开展强制检定或者向社会开展其他检定、测试业务的行政处罚,Enhanced
8037,《陕西省计量监督管理条例》(2021年修订),Enhanced
8038,任何单位,Enhanced
8039,"不得开展,强制检定或者向社会开展其他检定、测试业务",Enhanced
8040,具体行政处罚,Enhanced
8041,强制检定或者向社会开展其他检定、测试业务 (未经授权),Enhanced
8042,水利工程建设项目招标实施方案审批,Enhanced
8043,审批权限,Enhanced
8044,西安市水务局行使,Enhanced
8045,擅自销售卫星地面接收设施行为,Enhanced
8046,卫星电视广播地面接收设施管理规定,Enhanced
8047,医疗机构执业登记,Enhanced
8048,医疗机构管理条例,Enhanced
8049,诊所,Enhanced
8050,国务院卫生行政部门,Enhanced
8051,河道采砂许可,Enhanced
8052,中华人民共和国河道管理条例,Enhanced
8053,陕西省河道采砂管理办法,Enhanced
8054,渭河干流渭南市行政区域内河道,Enhanced
8055,渭河干流,Enhanced
8056,洛河干流状头水文站以下河道,Enhanced
8057,洛河干流,Enhanced
8058,省三门峡库区管理机构,Enhanced
8059,设区市人民政府水行政主管部门,Enhanced
8060,设区市,Enhanced
8061,县级人民政府水行政主管部门,Enhanced
8062,县级,Enhanced
8063,发布机构,Enhanced
8064,警示标志,Enhanced
8065,商务主管部门监督检查,Enhanced
8066,定期检查及不定期抽查制度,Enhanced
8067,内部机构,Enhanced
8068,监督检查行为,Enhanced
8069,县级以上地方商务主管部门监督检查,Enhanced
8070,县级以上地方人民政府卫生主管部门、兽医主管部门,Enhanced
8071,病原微生物实验室生物安全管理条例,Enhanced
8072,人员角色,Enhanced
8073,公园内的各类设施,Enhanced
8074,《公园设计规范》等技术规范进行设置,Enhanced
8075,违反本条例第二十条规定的行为,Enhanced
8076,对公园内的各类设施未按照《公园设计规范》等技术规范设置的行为的行政处罚,Enhanced
8077,公务员,Enhanced
8078,公务员辞去公职或者退休的,Enhanced
8079,从事与原工作业务直接相关的营利性活动,Enhanced
8080,未按照设计要求,Enhanced
8081,未按设计要求的处理方式或者时间对采空区进行处理,Enhanced
8082,行业,Enhanced
8083,《金属非金属矿山重大事故隐患判定标准》,Enhanced
8084,未按照设计要求的处理方式或者时间对采空区进行治理,Enhanced
8085,场内食用农产品,Enhanced
8086,食品安全标准,Enhanced
8087,监管要求,Enhanced
8088,食用农产品,Enhanced
8089,行政物品,Enhanced
8090,食用农产品相关信息,Enhanced
8091,拒不执行火灾现场指挥员指挥的处罚,Enhanced
8092,对拒不执行火灾现场指挥员指挥的处罚,Enhanced
8093,在火灾发生后阻拦报警,Enhanced
8094,"违反本法规定,对拒不执行火灾现场指挥员指挥的处罚",Enhanced
8095,扰乱火灾现场秩序,Enhanced
8096,"影响灭火救援的,违反本法规定,对拒不执行火灾现场指挥员指挥的处罚",Enhanced
8097,"扰乱火灾现场秩序, 或者拒不执行火灾现场指挥员指挥, 影响灭火救援的",Enhanced
8098,县政府做出的决定,Enhanced
8099,具体类型未明确,Enhanced
8100,涉案财物价格认定,Enhanced
8101,涉案财物价格认定的监督管理工作,Enhanced
8102,涉案财物价格认定工作,Enhanced
8103,陕西省涉案财物价格认定条例,Enhanced
8104,国家发展改革委关于印发《价格认定规定》的通知,Enhanced
8105,县级以上各级政府价格主管部门,Enhanced
8106,价格认定机构,Enhanced
8107,县级人民政府价格主管部门,Enhanced
8108,内河通航水域,Enhanced
8109,对未按规定缴纳城市生活垃圾处理费的行政处罚,Enhanced
8110,《城市生活垃圾管理办法》,Enhanced
8111,城市生活垃圾处理费,Enhanced
8112,直辖市、市、县人民政府建设（环境卫生）主管部门,Enhanced
8113,逾期不改正的单位,Enhanced
8114,应交城市生活垃圾处理费三倍以下且不超过3万元,Enhanced
8115,逾期不改正的个人,Enhanced
8116,应交城市生活垃圾处理费三倍以下且不超过1000元,Enhanced
8117,基础测绘条例,Enhanced
8118,国务院令第556号,Enhanced
8119,县级以上人民政府测绘行政主管部门,Enhanced
8120,人力资源服务企业,Enhanced
8121,《陕西省人力资源市场条例》,Enhanced
8122,经营性人力资源服务机构,Enhanced
8123,人力资源供求信息的收集和发布,Enhanced
8124,就业和创业指导,Enhanced
8125,人力资源管理咨询,Enhanced
8126,人力资源测评,Enhanced
8127,人力资源培训,Enhanced
8128,承接人力资源服务外包,Enhanced
8129,自开展业务之日起15日内,Enhanced
8130,登记注册地的县（市、区）或者设区的市,Enhanced
8131,人力资源服务企业备案,Enhanced
8132,备案主体,Enhanced
8133,人力资源服务业务,Enhanced
8134,人力资源服务备案,Enhanced
8135,陕西省人力资源市场条例,Enhanced
8136,备案登记地,Enhanced
8137,中标通知书备案,Enhanced
8138,《陕西省房屋建筑和市政基础设施工程施工、监理招标投标办法》,Enhanced
8139,建设工程招标投标监督管理机构,Enhanced
8140,书面报告之日起5日内未通知,Enhanced
8141,全省统一格式的中标通知书时,Enhanced
8142,相应建设工程招标投标监督管理机构,Enhanced
8143,工程项目发包申请备案,Enhanced
8144,通过,Enhanced
8145,资审文件备案,Enhanced
8146,招标文件备案,Enhanced
8147,施工合同备案,Enhanced
8148,工程项目负责人更换备案,Enhanced
8149,公共资源交易监管平台,Enhanced
8150,出租、出借、倒卖本条例规定的行政许可证件或者以其他方式非法转让本条例规定的行政许可,Enhanced
8151,没收违法所得，并处违法所得1倍以上5倍以下的罚款,Enhanced
8152,处3万元以上15万元以下的罚款,Enhanced
8153,"处罚措施,由原许可机关吊销相应的许可证件",Enhanced
8154,伪造、变造、涂改本条例规定的行政许可证件,Enhanced
8155,没收伪造、变造、涂改的许可证件,Enhanced
8156,"有违法所得的,没收违法所得",Enhanced
8157,由原许可机关吊销相应的许可证件,Enhanced
8158,生产安全事故隐患排查治理制度,Enhanced
8159,未建立事故隐患排查治理制度,Enhanced
8160,监理费一倍以上三倍以下罚款,Enhanced
8161,一项建设工程监理合同的总监理工程师,Enhanced
8162,三项,Enhanced
8163,农药经营者设立分支机构备案,Enhanced
8164,设立分支机构备案,Enhanced
8165,监管证监会工作失误,Enhanced
8166,未按照规定对民用爆炸物品做出警示标识、登记标识或者未对雷管编码打号的,Enhanced
8167,超出购买许可的品种、数量购买民用爆炸物品的,Enhanced
8168,使用现金或者实物进行民用爆炸物品交易的,Enhanced
8169,未按照规定保存购买单位的许可证、银行账户转账凭证、经办人的身份证明复印件的,Enhanced
8170,销售、购买、进出口民用爆炸物品,Enhanced
8171,"属于,违反本条例规定",Enhanced
8172,未按照规定建立民用爆炸物品登记制度,Enhanced
8173,未按照规定将《民用爆炸物品运输许可证》交回发证机关核销的,Enhanced
8174,某证券营业部,Enhanced
8175,《民用爆炸物品运输许可证》,Enhanced
8176,未如实将本单位生产、销售、购买、运输、储存、使用民用爆炸物品的品种、数量和流向信息输入计算机系统,Enhanced
8177,处5万元以上20万元以下的罚款,Enhanced
8178,旅游主管部门,Enhanced
8179,"旅行社,执行,责令改正",Enhanced
8180,"旅行社,执行,没收违法所得",Enhanced
8181,"旅行社,执行,罚款",Enhanced
8182,"直接负责的主管人员和其他直接责任人员,执行,罚款",Enhanced
8183,"旅行社,人员",Enhanced
8184,"未取得导游证的人员,提供导游服务",Enhanced
8185,"不具备领队条件的人员,提供领队服务",Enhanced
8186,"临时聘用的导游,支付导游服务费用",Enhanced
8187,"导游,垫付费用",Enhanced
8188,"导游,收取费用",Enhanced
8189,中华人民共和国旅游法,Enhanced
8190,2013年4月25日,Enhanced
8191,2018年10月,Enhanced
8192,未取得导游证的人员,Enhanced
8193,不具备领队条件的人员,Enhanced
8194,临时聘用的导游,Enhanced
8195,垫付费用,Enhanced
8196,收取费用,Enhanced
8197,县级以上地方人民政府环境保护主管部门,Enhanced
8198,处3万元以上10万元以下的罚款,Enhanced
8199,报县级以上人民政府责令拆除或者关闭,Enhanced
8200,在饮用水水源保护区建设畜禽养殖场、养殖小区的责令停止违法行为,Enhanced
8201,报经有批准权的人民政府批准责令拆除或者关闭,Enhanced
8202,数据安全保护义务,Enhanced
8203,五万元以上二十万元以下,Enhanced
8204,入网食品经营者或者食品生产者要求赔偿,Enhanced
8205,入网食品经营者或者食品生产者追偿,Enhanced
8206,作出更有利于消费者承诺,Enhanced
8207,网络食品交易第三方平台提供者未对入网食品经营者进行实名登记、审查许可证，或者未履行报告、停止提供网络交易平台服务等义务,Enhanced
8208,县级以上人民政府食品安全监督管理部门责令改正,Enhanced
8209,县级以上人民政府食品安全监督管理部门没收违法所得,Enhanced
8210,县级以上人民政府食品安全监督管理部门处以罚款五万元以上二十万元以下,Enhanced
8211,县级以上人民政府食品安全监督管理部门责令停业,Enhanced
8212,县级以上人民政府食品安全监督管理部门吊销许可证,Enhanced
8213,网络食品交易第三方平台购买食品,Enhanced
8214,对涉嫌不正当竞争行为的监督检查,Enhanced
8215,《中华人民共和国反不正当竞争法》（2019年修订）,Enhanced
8216,涉嫌不正当竞争行为,Enhanced
8217,进入涉嫌不正当竞争行为的经营场所进行检查,Enhanced
8218,询问被调查的经营者、利害关系人及其他有关单位、个人，要求其说明有关情况或者提供与被调查行为有关的其他资料,Enhanced
8219,查询、复制与涉嫌不正当竞争行为有关的协议、账簿、单据、文件、记录、业务函电和其他资料,Enhanced
8220,查封、扣押与涉嫌不正当竞争行为有关的财物,Enhanced
8221,查询涉嫌不正当竞争行为的经营者的银行账户,Enhanced
8222,采取措施,Enhanced
8223,向监督检查部门主要负责人书面报告,Enhanced
8224,经批准,Enhanced
8225,向设区的市级以上人民政府监督检查部门主要负责人书面报告,Enhanced
8226,《中华人民共和国行政强制法》,Enhanced
8227,其他有关法律、行政法规,Enhanced
8228,查处结果,Enhanced
8229,向社会公开,Enhanced
8230,向主要负责人书面报告,Enhanced
8231,农村集体经济组织,Enhanced
8232,谁投资建设谁管理和谁受益的原则,Enhanced
8233,纺织企业保险粉、双氧水、次氯酸钠、亚氯酸钠、雕白粉（吊白块）与禁忌物料混合储存，或者保险粉储存场所未采取防水防潮措施,Enhanced
8234,纺织企业,Enhanced
8235,保险粉、双氧水、次氯酸钠、亚氯酸钠、雕白粉（吊白块）与禁忌物料混合储存，或者保险粉储存场所未采取防水防潮措施,Enhanced
8236,生产、经营、运输、储存、使用危险物品或者处置废弃危险物品，未建立专门安全管理制度、未采取可靠的安全措施,Enhanced
8237,对纺织企业保险粉、双氧水、次氯酸钠、亚氯酸钠、雕白粉（吊白块）与禁忌物料混合储存，或者保险粉储存场所未采取防水防潮措施的行政处罚,Enhanced
8238,西安市城市饮用水源污染防治管理条例,Enhanced
8239,森林资源管理处,Enhanced
8240,国家重点陆生野生动物造成人身或财产损害的补偿,Enhanced
8241,环境影响后评价备案,Enhanced
8242,《中华人民共和国环境影响评价法》,Enhanced
8243,"在项目建设、运行过程中产生不符合经审批的环境影响评价文件的情形时,建设单位应当组织环境影响的后评价,采取改进措施,并报原环境影响评价文件审批部门和建设项目审批部门备案",Enhanced
8244,"原环境影响评价文件审批部门也可以责成建设单位进行环境影响的后评价,采取改进措施",Enhanced
8245,《中华人民共和国环境影响评价法》第二十七条,Enhanced
8246,《陕西省物业服务管理条例》,Enhanced
8247,2021年5月,Enhanced
8248,停车位,Enhanced
8249,不得出售,Enhanced
8250,不得附赠,Enhanced
8251,县级以上人民防空主管部门,Enhanced
8252,逾期不改正者,Enhanced
8253,对违反区域规定将物业服务内依法配建的人民防空工程平时用作停车位出售、附赠的处罚,Enhanced
8254,修订时间,Enhanced
8255,第八十三条第二款,Enhanced
8256,第一百零九条,Enhanced
8257,《电力供应与使用条例》,Enhanced
8258,可以并处违法所得5倍以下的罚款,Enhanced
8259,电力业务许可证,Enhanced
8260,电力供应与使用条例,Enhanced
8261,未按照规定取得《电力业务许可证》，从事电力供应业务,Enhanced
8262,擅自伸入或者跨越供电营业区供电,Enhanced
8263,擅自向外转供电,Enhanced
8264,不合格或国家有关部门规定淘汰的放射诊疗设备,Enhanced
8265,安全防护装置和个人防护用品,Enhanced
8266,放射诊疗设备、工作场所及防护设施进行检测和检查,Enhanced
8267,放射诊疗工作人员进行个人剂量监测、健康检查、建立个人剂量和健康档案,Enhanced
8268,放射事件并造成人员健康严重损害,Enhanced
8269,放射事件未立即采取应急救援和控制措施或者未按照规定及时报告,Enhanced
8270,一万元以下的罚款,Enhanced
8271,《放射诊疗管理规定》,Enhanced
8272,卫生部令第46号,Enhanced
8273,国家卫生和计划生育委员会令第8号,Enhanced
8274,《中华人民共和国居民身份证法》,Enhanced
8275,《中华人民共和国刑事诉讼法》的上位法,Enhanced
8276,人民警察,Enhanced
8277,火车站,Enhanced
8278,长途汽车站,Enhanced
8279,安装,Enhanced
8280,安全设备的行为之一,Enhanced
8281,改造,Enhanced
8282,报废,Enhanced
8283,批发市场开办者,Enhanced
8284,进入该批发市场销售的食用农产品,Enhanced
8285,批发市场,Enhanced
8286,市场,Enhanced
8287,未依法对进入该批发市场销售的食用农产品进行抽样检验,Enhanced
8288,未按要求向入场销售者提供统一格式的销售凭证,Enhanced
8289,指导入场销售者自行印制符合要求的销售凭证,Enhanced
8290,国务院财政部门,Enhanced
8291,全国的会计工作,Enhanced
8292,本行政区域内的会计工作,Enhanced
8293,继续教育管理部门,Enhanced
8294,会计继续教育机构,Enhanced
8295,进入汽车客运站场的车辆,Enhanced
8296,进站证,Enhanced
8297,交通运输主管部门科学、合理地安排客运车辆班次,Enhanced
8298,客运车辆的流量、流向合理安排客运车辆进站,Enhanced
8299,国务院令第592号,Enhanced
8300,拟损毁的耕地,Enhanced
8301,林地,Enhanced
8302,牧草地,Enhanced
8303,县级以上地方人民政府国土资源主管部门责令改正,Enhanced
8304,县级以上地方人民政府国土资源主管部门处以每公顷1万元的罚款,Enhanced
8305,领队信息及变更情况,Enhanced
8306,领队条件,Enhanced
8307,不具备领队条件的领队信息,Enhanced
8308,具备领队条件的领队信息及变更情况,Enhanced
8309,全国旅游监管服务信息系统,Enhanced
8310,信息系统,Enhanced
8311,领队,Enhanced
8312,条件,Enhanced
8313,华侨回国定居审批,Enhanced
8314,对公路工程施工单位,Enhanced
8315,接种单位,Enhanced
8316,疫苗上市许可持有人,Enhanced
8317,疫苗配送单位,Enhanced
8318,地震应急预案备案,Enhanced
8319,《民办非企业单位登记管理暂行条例》,Enhanced
8320,非营利组织,Enhanced
8321,对企业不为职工协商代表支付工资,Enhanced
8322,企业违反本条例第十四条第一款规定,Enhanced
8323,劳动行政主管部门,Enhanced
8324,职工协商代表,Enhanced
8325,根据《陕西省企业集体合同条例》第十四条第一款,Enhanced
8326,全国农业转基因生物安全的监督管理工作,Enhanced
8327,县级以上地方各级人民政府农业行政主管部门,Enhanced
8328,本行政区域内的农业转基因生物安全的监督管理工作,Enhanced
8329,县级以上各级人民政府有关部门,Enhanced
8330,转基因食品安全的监督管理工作,Enhanced
8331,被检查的研究、试验、生产、加工、经营或者进口、出口的单位和个人、利害关系人、证明人,Enhanced
8332,农业转基因生物研究、试验、生产、加工、经营或者进口、出口的有关档案、账册和资料等,Enhanced
8333,违反农业转基因生物安全管理的单位和个人,Enhanced
8334,非法研究、试验、生产、加工,Enhanced
8335,"被实施封存或者扣押,农业行政主管部门",Enhanced
8336,询问,Enhanced
8337,查阅,Enhanced
8338,要求说明,Enhanced
8339,国有建设用地使用权出让后土地使用权分割转让批准,Enhanced
8340,中华人民共和国城镇国有土地使用权出让和转让暂行条例,Enhanced
8341,从事畜禽规模养殖未及时收集、贮存、利用或者处置养殖过程中产生的畜禽粪污等固体废物的行为,Enhanced
8342,《西安市大气污染防治条例》,Enhanced
8343,十万元,Enhanced
8344,有批准权的人民政府批准,Enhanced
8345,公路超限运输许可,Enhanced
8346,特种设备安全管理和作业人员资格认定,Enhanced
8347,"对食品生产经营者未按照规定在显著位置张贴或者公开展示相关监督检查结果记录表,撕毁、涂改监督检查结果记录表，或者未保持日常监督检查结果记录表至下次日常监督检查的行政处罚",Enhanced
8348,《食品生产经营监督检查管理办法》,Enhanced
8349,对印刷经营中发现违法犯罪行为未报告的处罚；对单位内部设立印刷厂（所）未备案的处罚,Enhanced
8350,印刷业经营者,Enhanced
8351,县级以上地方人民政府出版行政部门,Enhanced
8352,对印刷业经营者进行处罚,Enhanced
8353,单位内部设立印刷厂（所）,Enhanced
8354,所在地县级以上地方人民政府出版行政部门,Enhanced
8355,对单位内部设立印刷厂（所）进行处罚,Enhanced
8356,保密工作部门,Enhanced
8357,专门安全管理制度,Enhanced
8358,可靠的安全措施,Enhanced
8359,"运输,储存,使用危险物品或者处置废弃危险物品,未建立,专门安全管理制度",Enhanced
8360,"运输,储存,使用危险物品或者处置废弃危险物品,未采取,可靠的安全措施",Enhanced
8361,"安全生产监督管理职责的部门,按照职责分工决定行政处罚",Enhanced
8362,主管的负有,Enhanced
8363,"也可以决定,行政处罚",Enhanced
8364,负有,Enhanced
8365,"报请,县级以上人民政府,决定,行政处罚",Enhanced
8366,市应急管理综合执法支队的上级部门,Enhanced
8367,向水体倾倒船舶垃圾或者排放船舶的残油、废油,Enhanced
8368,未经作业地海事管理机构批准，船舶进行散装液体污染危害性货物的过驳作业,Enhanced
8369,船舶及有关作业单位从事有污染风险的作业活动，未按照规定采取污染防治措施的,Enhanced
8370,以冲滩方式进行船舶拆解的,Enhanced
8371,进入中华人民共和国内河的国际航线船舶，排放不符合规定的船舶压载水的行为,Enhanced
8372,一万元以上十万元以下的罚款,Enhanced
8373,有治理能力的单位代为治理,Enhanced
8374,"承担,所需费用",Enhanced
8375,船舶垃圾排放监管,Enhanced
8376,第九十条,Enhanced
8377,金属冶炼建设项目,Enhanced
8378,用于生产储存危险化学品的建设项目,Enhanced
8379,用于储存烟花爆竹的建设项目,Enhanced
8380,责令停止建设,Enhanced
8381,停产停业整顿,Enhanced
8382,十万元以上五十万元以下的罚款,Enhanced
8383,罚款范围,Enhanced
8384,五十万元以上一百万元以下的罚款,Enhanced
8385,"按照职责分工决定,行政处罚",Enhanced
8386,"电力行业,由,主管的负有安全生产监督管理职责的部门,进行处罚",Enhanced
8387,"县级以上人民政府,决定",Enhanced
8388,"治安管理处罚的规定,决定",Enhanced
8389,储存,Enhanced
8390,主管的负有安全生产监督管理职责的部门,Enhanced
8391,《中华人民共和国土壤污染防治法》,Enhanced
8392,未单独收集、存放开发建设过程中剥离的表土等土壤污染防治法第九十一条规定的行为,Enhanced
8393,二万元以下的罚款,Enhanced
8394,未单独收集、存放剥离的表土,Enhanced
8395,燃气总管,Enhanced
8396,管道压力监测报警装置,Enhanced
8397,监测报警装置,Enhanced
8398,紧急自动切断装置联锁,Enhanced
8399,装置,Enhanced
8400,对利用会议、讲座、健康咨询等方式对食品进行虚假宣传行为的行政处罚,Enhanced
8401,责令消除影响,Enhanced
8402,食品生产经营企业等单位,Enhanced
8403,出售、购买、利用水生野生动物或其制品的单位和个人备案,Enhanced
8404,《中华人民共和国水生野生动物利用特许办法》,Enhanced
8405,省级人民政府渔业主管部门,Enhanced
8406,本行政区域内除国务院对审批机关另有规定的国家重点保护水生野生动物或其制品利用特许审批,Enhanced
8407,本行政区域内水生野生动物或其制品特许申请的审核,Enhanced
8408,经批准出售、购买、利用水生野生动物或其制品的单位和个人,Enhanced
8409,《经营利用证》,Enhanced
8410,到出售、收购所在地的县级以上渔业行政主管部门备案,Enhanced
8411,县级以上渔业行政主管部门,Enhanced
8412,备案后的出售、购买、利用活动,Enhanced
8413,地方各级渔业行政主管部门,Enhanced
8414,监督检查制度,Enhanced
8415,经营利用水生野生动物或其制品的监督管理,Enhanced
8416,市事业单位登记管理局,Enhanced
8417,人民币管理条例,Enhanced
8418,人民币,Enhanced
8419,货币,Enhanced
8420,对拍卖人雇佣非拍卖师主持拍卖活动行为的行政处罚,Enhanced
8421,拍卖人,Enhanced
8422,《拍卖监督管理办法》,Enhanced
8423,国家工商行政管理局,Enhanced
8424,10000元,Enhanced
8425,蚕种生产经营许可,Enhanced
8426,供热企业,Enhanced
8427,用户报修或者投诉,Enhanced
8428,供热企业进行行政处罚,Enhanced
8429,家庭服务业信息报送系统,Enhanced
8430,传染性非典型肺炎病原体污染的污水,Enhanced
8431,传染性非典型肺炎的医源性感染,Enhanced
8432,医院内感染,Enhanced
8433,实验室感染,Enhanced
8434,致病性微生物扩散,Enhanced
8435,消毒产品,Enhanced
8436,隔离防护用品,Enhanced
8437,现场调查,Enhanced
8438,资料收集,Enhanced
8439,采样检验,Enhanced
8440,病人,Enhanced
8441,疑似病人,Enhanced
8442,传染性非典型肺炎,Enhanced
8443,中外、内地与港澳、大陆与台湾合作职业技能培训项目审批,Enhanced
8444,《中华人民共和国中外合作办学条例》,Enhanced
8445,《中外合作职业技能培训办学管理办法》,Enhanced
8446,中外,Enhanced
8447,内地与港澳,Enhanced
8448,大陆与台湾,Enhanced
8449,陕西省人力资源社会保障厅,Enhanced
8450,2003年3月1日,Enhanced
8451,2019年3月2日,Enhanced
8452,2006年7月26日,Enhanced
8453,2015年4月30日,Enhanced
8454,2022年6月29日,Enhanced
8455,虚报注册资本,Enhanced
8456,提交虚假材料,Enhanced
8457,采取其他欺诈手段隐瞒重要事实,Enhanced
8458,虚报注册资本的公司,Enhanced
8459,提交虚假材料或者采取其他欺诈手段隐瞒重要事实的公司,Enhanced
8460,公司,Enhanced
8461,对虚报注册资本的公司处以虚报注册资本金额百分之五以上百分之十五以下的罚款,Enhanced
8462,对提交虚假材料或者采取其他欺诈手段隐瞒重要事实的公司处以五万元以上五十万元以下的罚款,Enhanced
8463,"情节严重的,撤销公司登记或者吊销营业执照",Enhanced
8464,消毒剂,Enhanced
8465,洗涤剂,Enhanced
8466,《西安市扬尘污染防治条例》,Enhanced
8467,未按要求采取扬尘污染防治措施进行园林绿化作业,Enhanced
8468,对工作场所职业病危害因素检测、评价结果没有存档、上报、公布,Enhanced
8469,未采取《中华人民共和国职业病防治法》第二十条规定的职业病防治管理措施,Enhanced
8470,未按照规定公布有关职业病防治的规章制度、操作规程、职业病危害事故应急救援措施,Enhanced
8471,未按照规定组织劳动者进行职业卫生培训，或者未对劳动者个人职业病防护采取指导、督促措施,Enhanced
8472,国内首次使用或者首次进口与职业病危害有关的化学材料，未按照规定报送毒性鉴定资料以及经有关部门登记注册或者批准进口的文件,Enhanced
8473,拒绝放射工作人员查阅、复印其个人剂量监测档案和职业健康监护档案的颜色,Enhanced
8474,对工作场所职业病危害因素检测、评价结果没有存档、上报、公布；未采取《中华人民共和国职业病防治法》第二十条规定的职业病防治管理措施；未按照规定公布有关职业病防治的规章制度、操作规程、职业病危害事故应急救援措施；未按照规定组织劳动者进行职业卫生培训，或者未对劳动者个人职业病防护采取指导、督促措施；国内首次使用或者首次进口与职业病危害有关的化学材料，未按照规定报送毒性鉴定资料以及经有关部门登记注册或者批准进口的文件；拒绝放射工作人员查阅、复印其个人剂量监测档案和职业健康监护档案的颜色。,Enhanced
8475,抗菌药物管理组织机构,Enhanced
8476,专（兼）职技术人员,Enhanced
8477,抗菌药物管理规章制度,Enhanced
8478,混乱,Enhanced
8479,《抗菌药物临床应用管理办法》,Enhanced
8480,卫生部令第84号,Enhanced
8481,抗菌药物临床应用管理办法,Enhanced
8482,大气污染物排放单位,Enhanced
8483,重点排污单位,Enhanced
8484,向大气排放污染物的单位,Enhanced
8485,污染物排放情况,Enhanced
8486,县级以上生态环境行政主管部门,Enhanced
8487,排放污染物单位,Enhanced
8488,中华人民共和国环境保护法,Enhanced
8489,陕西省大气污染防治条例,Enhanced
8490,公众媒体平台,Enhanced
8491,直接用于生产、销售该项产品的原辅材料,Enhanced
8492,包装物,Enhanced
8493,生产工具,Enhanced
8494,原辅材料,Enhanced
8495,擅自从事经营性互联网文化活动,Enhanced
8496,责令停止经营性互联网文化活动,Enhanced
8497,并处30000元以下罚款,Enhanced
8498,拒不停止经营活动,Enhanced
8499,依法列入文化市场黑名单,Enhanced
8500,予以信用惩戒,Enhanced
8501,对未经批准，擅自从事经营性互联网文化活动的行政处罚,Enhanced
8502,文化市场综合执法机构,Enhanced
8503,文化市场黑名单,Enhanced
8504,信用惩戒,Enhanced
8505,《房地产经纪管理办法》,Enhanced
8506,人社部,Enhanced
8507,2011年1月20日,Enhanced
8508,2016年3月1日,Enhanced
8509,房地产交易资金支付方,Enhanced
8510,交易资金划转,Enhanced
8511,房地产交易当事人,Enhanced
8512,房地产经纪机构代收代付交易资金,Enhanced
8513,对网络信息内容服务平台未履行主体责任的处罚,Enhanced
8514,科研和教学用毒性药品购用审批,Enhanced
8515,医疗用毒性药品管理办法,Enhanced
8516,陕西省人民政府关于取消和下放41项行政审批项目的决定,Enhanced
8517,西安市食药监行政主管部门,Enhanced
8518,各设区市食药监行政主管部门,Enhanced
8519,《医疗用毒性药品管理办法》,Enhanced
8520,《陕西省人民政府关于取消和下放41项行政审批项目的决定》,Enhanced
8521,城区和近郊居民区,Enhanced
8522,违法饲养家禽家畜,Enhanced
8523,鸡,Enhanced
8524,禁止饲养,Enhanced
8525,鸭,Enhanced
8526,鹅,Enhanced
8527,兔,Enhanced
8528,猪,Enhanced
8529,羊,Enhanced
8530,责令限期处理,Enhanced
8531,逾期未处理,Enhanced
8532,50元以下,Enhanced
8533,教学,Enhanced
8534,不受上述规定限制,Enhanced
8535,科研,Enhanced
8536,陕西省果业条例,Enhanced
8537,县级以上人民政府果业行政主管部门,Enhanced
8538,果品生产、加工、贮藏、流通与出口的综合协调和监督管理工作,Enhanced
8539,县级人民政府,Enhanced
8540,果业投入品电子信息盯着平台和服务体系建设,Enhanced
8541,加强对果业投入品市场的监督管理,Enhanced
8542,监督抽查,Enhanced
8543,县级果业行政主管部门,Enhanced
8544,果品质量安全的检验检测体系和可追溯体系,Enhanced
8545,果品生产过程中质量安全的监督管理,Enhanced
8546,农民专业合作社和果农加强果品质量安全管理,Enhanced
8547,对果品生产、加工、贮藏、流通与出口、果业投入品、果品生产过程中质量安全的监督检查,Enhanced
8548,果业投入品电子信息平台和服务体系建设,Enhanced
8549,"""抵押权首次登记""",Enhanced
8550,"""西安市不动产登记服务中心""",Enhanced
8551,抵押权首次登记,Enhanced
8552,县级以上特种设备安全监督管理部门,Enhanced
8553,违反本条例第二十七条第二款规定的行为,Enhanced
8554,特种设备检验检测单位,Enhanced
8555,检验检测国家明令淘汰、禁止生产或者强制报废的特种设备,Enhanced
8556,责令改正并处罚款,Enhanced
8557,撤销其相应资格,Enhanced
8558,不得检验检测国家明令淘汰、禁止生产或者强制报废的特种设备,Enhanced
8559,水路运输、船舶管理业务经营者,Enhanced
8560,《国内水路运输管理条例》规定的许可条件,Enhanced
8561,经营许可,Enhanced
8562,行政处罚（对不再具备许可条件的经营者）,Enhanced
8563,职业健康检查机构,Enhanced
8564,职业健康检查,Enhanced
8565,职业健康检查工作,Enhanced
8566,本辖区职业健康检查工作的监督管理,Enhanced
8567,具体管理办法,Enhanced
8568,《职业健康检查管理办法》,Enhanced
8569,涂改、伪造、转让《供血浆证》,Enhanced
8570,收缴《供血浆证》,Enhanced
8571,并处违法所得3倍以上5倍以下的罚款,Enhanced
8572,没有违法所得的，并处1万元以下的罚款,Enhanced
8573,构成犯罪的，依法追究刑事责任,Enhanced
8574,《血液制品管理条例》,Enhanced
8575,县级人民政府卫生行政部门,Enhanced
8576,涂改、伪造、转让《供血浆证》的处罚,Enhanced
8577,城镇排水与污水处理设施维护运营单位,Enhanced
8578,城镇排水与污水处理安全事故或者突发事件发生后未及时采取防护措施、组织事故抢修的行政处罚,Enhanced
8579,未进行型式试验的,Enhanced
8580,处三万元以上三十万元以下罚款,Enhanced
8581,未进行型式试验的处罚依据,Enhanced
8582,责令限期改正和处三万元以上三十万元以下罚款,Enhanced
8583,无合法证照的用人单位,Enhanced
8584,伪造、涂改、转让职业中介许可证,Enhanced
8585,能源利用状况报告,Enhanced
8586,用能设备能源效率检测,Enhanced
8587,能源审计,Enhanced
8588,伪造、倒卖、转让采集证、允许进出口证明书或者有关批准文件、标签行为,Enhanced
8589,野生植物行政主管部门或者工商行政管理部门,Enhanced
8590,国务院令第204号,Enhanced
8591,伪造、倒卖、转让采集证、允许进出口证明书或者有关批准文件、标签行为的行政处罚,Enhanced
8592,保修义务,Enhanced
8593,《公路水运工程质量监督管理规定》,Enhanced
8594,返工处理,Enhanced
8595,10万元以上20万元以下,Enhanced
8596,公路水运工程质量监督管理规定,Enhanced
8597,因质量问题造成的损失赔偿责任,Enhanced
8598,对水利领域勘察单位未按照工程建设强制性标准进行勘察,Enhanced
8599,设计单位未根据勘察成果文件进行工程设计,Enhanced
8600,未按照工程建设强制性标准进行设计,Enhanced
8601,设计单位指定建筑材料、建筑构配件的生产厂、供应商行为,Enhanced
8602,水利领域勘察单位,Enhanced
8603,勘察单位,Enhanced
8604,管理处,Enhanced
8605,被监理工程的施工承包单位以及建筑材料、建筑构配件和设备供应单位有隶属关系或者其他利害关系,Enhanced
8606,该项建设工程的监理业务,Enhanced
8607,工程监理单位与被监理工程的施工承包单位以及建筑材料、建筑构配件和设备供应单位有隶属关系或者其他利害关系,Enhanced
8608,建筑垃圾储运消纳场,Enhanced
8609,工业垃圾,Enhanced
8610,生活垃圾,Enhanced
8611,有毒有害垃圾,Enhanced
8612,城市人民政府市容环境卫生主管部门,Enhanced
8613,《城市建筑垃圾管理规定》,Enhanced
8614,2005年3月23日,Enhanced
8615,建设部令第139号,Enhanced
8616,已公布,Enhanced
8617,拒绝接受依法进行的产品质量监督检查的处罚规定,Enhanced
8618,拒绝接受依法进行的产品质量监督检查行为,Enhanced
8619,国防交通工程设施建设项目,Enhanced
8620,中华人民共和国国防交通法,Enhanced
8621,县级以上人民政府国防交通主管机构,Enhanced
8622,交通工程设施建设情况,Enhanced
8623,贯彻国防要求的意见,Enhanced
8624,国防交通主管机构,Enhanced
8625,有关贯彻国防要求的建设项目,Enhanced
8626,国防交通工程设施建设项目和有关贯彻国防要求建设项目竣工验收,Enhanced
8627,设计审定,Enhanced
8628,对破坏集会、游行、示威的处罚,Enhanced
8629,中华人民共和国集会游行示威法,Enhanced
8630,机动车维修质量纠纷调解,Enhanced
8631,驾驶擅自改装的车辆上道路行驶的处罚,Enhanced
8632,违反本条例第十二条规定，驾驶擅自改装的机动车辆上道路行驶的，对机动车驾驶人处二百元以上一千元以下罚款,Enhanced
8633,《中华人民共和国土地管理法》(2019年修正,Enhanced
8634,《中华人民共和国土地管理法》(2019年修正),Enhanced
8635,项目批准文件,Enhanced
8636,城乡规划及专业规划,Enhanced
8637,国家规定的建设工程勘察、设计深度要求,Enhanced
8638,建设工程勘察、设计文件,Enhanced
8639,建设工程勘察、设计单位编制,Enhanced
8640,建设工程勘察设计单位,Enhanced
8641,处10万元以上30万元以下的罚款,Enhanced
8642,国务院令第293号,Enhanced
8643,国务院令第687号,Enhanced
8644,未取得采矿许可证擅自采矿,Enhanced
8645,擅自进入国家规划矿区,Enhanced
8646,对国民经济具有重要价值的矿区范围采矿,Enhanced
8647,他人矿区范围内采矿,Enhanced
8648,擅自开采国家规定实行保护性开采的特定矿种,Enhanced
8649,药品零售企业筹建审批,Enhanced
8650,开办药品零售企业,Enhanced
8651,县级以上地方人民政府药品监督管理部门,Enhanced
8652,道路危险货物运输企业或者单位以及托运人,Enhanced
8653,驾驶人员、装卸管理人员、押运人员,Enhanced
8654,托运人,Enhanced
8655,所托运的危险化学品的种类、数量、危险特性以及发生危险情况的应急处置措施,Enhanced
8656,所托运的危险化学品妥善包装并在外包装上设置相应标志,Enhanced
8657,危险化学品的危险特性采取相应的安全防护措施,Enhanced
8658,必要的防护用品和应急救援器材,Enhanced
8659,抑制剂或者稳定剂,Enhanced
8660,"道路危险货物运输企业或者单位以及托运人,进行处罚",Enhanced
8661,交通运输部令2013年第2号,Enhanced
8662,交通运输部令2023年第13号,Enhanced
8663,道路危险货物运输企业或单位以及托运人,Enhanced
8664,驾驶人员,Enhanced
8665,装卸管理人员,Enhanced
8666,押运人员,Enhanced
8667,抑制剂,Enhanced
8668,稳定剂,Enhanced
8669,道路危险货物运输管理规定,Enhanced
8670,对违反药品网络销售企业展示的药品相关信息应当真实、准确、合法,Enhanced
8671,"从事处方药销售的药品网络零售企业,应当在每个药品展示页面下突出显示""处方药须凭处方在药师指导下购买和使用""等风险警示信息",Enhanced
8672,"处方药销售前,应当向消费者充分告知相关风险警示信息",Enhanced
8673,"药品网络零售企业,应当将处方药与非处方药区分展示",Enhanced
8674,"药品网络零售企业,应当在相关网页上显著标示处方药、非处方药",Enhanced
8675,药品网络零售企业在处方药销售主页面、首页面不得直接公开展示处方药包装、标签等信息,Enhanced
8676,"通过处方审核前,不得展示说明书等信息",Enhanced
8677,不得提供处方药购买的相关服务,Enhanced
8678,药品网络销售管理规定,Enhanced
8679,处方药,Enhanced
8680,药品网络零售企业,Enhanced
8681,设施技术规范设置户外广告,Enhanced
8682,西安市户外广告设置管理条例,Enhanced
8683,《西安市户外广告设置管理条例》,Enhanced
8684,《陕西省爱国卫生条例》第三十三条,Enhanced
8685,条例内容,Enhanced
8686,不得生产、销售和使用国家禁止用于环境卫生的急性剧毒杀鼠药剂,Enhanced
8687,农业农村、林业草原主管部门,Enhanced
8688,拒绝、阻挠农业主管部门依法实施监督检查的行政处罚,Enhanced
8689,食用或者为食用非法购买本法规定保护的野生动物及其制品,Enhanced
8690,生产、经营使用国家重点保护野生动物及其制品或者没有合法来源证明的非国家重点保护野生动物及其制品制作食品,Enhanced
8691,为食用非法购买国家重点保护的野生动物及其制品行为,Enhanced
8692,生产、经营使用国家重点保护野生动物及其制品或者没有合法来源证明的非国家重点保护野生动物及其制品制作食品，或者为食用非法购买国家重点保护的野生动物及其制品行为,Enhanced
8693,擅自倾倒、堆放、丢弃、遗撒工业固体废物,Enhanced
8694,未采取相应防范措施,Enhanced
8695,统计局,Enhanced
8696,第二款,Enhanced
8697,对擅自倾倒、堆放、丢弃、遗撒工业固体废物，或者未采取相应防范措施，造成工业固体废物扬散、流失、渗漏或者其他环境污染的行政处罚,Enhanced
8698,生态环境主管部门的下属机构,Enhanced
8699,对为赌博提供条件、参与赌博的处罚,Enhanced
8700,赌博,Enhanced
8701,法律或法规,Enhanced
8702,服务类型,Enhanced
8703,依据法律,Enhanced
8704,陕西省固体废物污染环境防治条例,Enhanced
8705,危险废物,Enhanced
8706,卫星定位装置,Enhanced
8707,其他单位,Enhanced
8708,对疫苗上市许可持有人或者其他单位违反药品相关质量管理规范的行政处罚,Enhanced
8709,碘盐加工,Enhanced
8710,碘盐运输,Enhanced
8711,碘盐储存,Enhanced
8712,碘盐销售,Enhanced
8713,《食盐加碘消除碘缺乏危害管理条例》,Enhanced
8714,《陕西省实施<食盐加碘消除碘缺乏危害管理条例>办法》,Enhanced
8715,对垃圾收集容器不密闭、乱摆乱放的行政处罚,Enhanced
8716,各类垃圾收集容器,Enhanced
8717,完善密闭设施,Enhanced
8718,随时清扫落地垃圾,Enhanced
8719,保持场地清洁,Enhanced
8720,及时密闭垃圾收集容器,Enhanced
8721,保持垃圾收集容器的整洁完好,Enhanced
8722,垃圾收集容器不密闭、乱摆乱放,Enhanced
8723,处50元以上500元以下罚款,Enhanced
8724,"组织清理,违反本条例规定",Enhanced
8725,"所需费用,违反本条例规定",Enhanced
8726,《西安市城市管理综合行政执法条例》,Enhanced
8727,城管执法部门负责人,Enhanced
8728,查封、扣押涉嫌违法的工具、物品,Enhanced
8729,土地损毁情况,Enhanced
8730,土地复垦费用使用情况,Enhanced
8731,土地复垦工程实施情况,Enhanced
8732,土地复垦义务人应当于每年12月31日前向县级以上地方人民政府国土资源主管部门报告当年的土地损毁情况、土地复垦费用使用情况以及土地复垦工程实施情况,Enhanced
8733,土地复垦义务人未按照规定报告土地损毁情况、土地复垦费用使用情况或者土地复垦工程实施情况的,Enhanced
8734,对土地复垦义务人的行政处罚,Enhanced
8735,土地复垦条例,Enhanced
8736,外国人非法居留,Enhanced
8737,监护人或者其他负有监护责任的人,Enhanced
8738,对外国人非法居留的处罚,Enhanced
8739,《中华人民共和国出境入境管理法》第78条,Enhanced
8740,生产列入目录产品的企业,Enhanced
8741,核查人员,Enhanced
8742,检验机构,Enhanced
8743,检验人员,Enhanced
8744,《娱乐场所管理条例》规定悬挂警示标志、未成年人禁入或者限入标志,Enhanced
8745,法律法规内容,Enhanced
8746,县级以上古树名木行政主管部门,Enhanced
8747,损毁古树名木标志、保护牌等设施的行为,Enhanced
8748,损毁古树名木标志和其他附属设施的行为,Enhanced
8749,对损毁古树名木标志、保护牌等设施的行政处罚,Enhanced
8750,古树名木保护和管理,Enhanced
8751,100元以上500元以下罚款,Enhanced
8752,违反关于社会生活噪声污染防治的法律规定,Enhanced
8753,处警告,Enhanced
8754,警告后不改正,Enhanced
8755,处二百元以上五百元以下罚款,Enhanced
8756,制造噪声,Enhanced
8757,他人正常生活,Enhanced
8758,第五十八条,Enhanced
8759,制造噪声干扰他人正常生活,Enhanced
8760,"未达到覆土厚度要求,影响乔木正常生长的行为",Enhanced
8761,西安市城市绿化条例,Enhanced
8762,违反本条例第二十三条规定,Enhanced
8763,由城市管理部门责令限期改正,Enhanced
8764,处以2万元以上10万元以下罚款,Enhanced
8765,城市绿地建设处,Enhanced
8766,对医疗卫生机构未按照规定备案开展职业病诊断的处罚,Enhanced
8767,《职业病诊断与鉴定管理办法》,Enhanced
8768,国家卫生健康委员会令第6号公布,Enhanced
8769,开展职业病诊断,Enhanced
8770,"医疗卫生机构未按照规定备案开展职业病诊断的行为,进行处罚",Enhanced
8771,可以并处三万元以下罚款,Enhanced
8772,备案开展职业病诊断的行为,Enhanced
8773,对鉴定人和鉴定机构的行政检查,Enhanced
8774,【十一届】第35号,Enhanced
8775,省司法行政部门,Enhanced
8776,本省司法鉴定工作,Enhanced
8777,司法鉴定机构和司法鉴定人的登记、备案、名册编制和公告,Enhanced
8778,司法鉴定监督管理工作,Enhanced
8779,设区的市司法行政部门,Enhanced
8780,本行政区域内的司法鉴定监督管理工作,Enhanced
8781,司法鉴定机构和司法鉴定人的登记、备案,Enhanced
8782,未按照劳动合同的约定或者国家规定及时足额支付劳动者劳动报酬,Enhanced
8783,低于当地最低工资标准支付劳动者工资,Enhanced
8784,安排加班不支付加班费,Enhanced
8785,未依法向劳动者支付经济补偿,Enhanced
8786,责令改正后拒不改正的处罚,Enhanced
8787,劳动合同,Enhanced
8788,最低工资标准,Enhanced
8789,法律标准,Enhanced
8790,法律补偿,Enhanced
8791,法律命令,Enhanced
8792,户外广告设置许可证号,Enhanced
8793,五平方米以上的户外广告设施,Enhanced
8794,"设置权人,发出,责令限期改正",Enhanced
8795,"设置权人,处以,罚款",Enhanced
8796,设置权人,Enhanced
8797,未在五平方米以上的户外广告设施上标明《户外广告设置许可证》号或者户外广告设施空置超过二十日未发布公益广告的行为,Enhanced
8798,业主单位或者其委托的从事建设项目水资源论证工作的单位,Enhanced
8799,骗取取水申请批准文件或者取水许可证,Enhanced
8800,3倍以下，最高不超过3万元,Enhanced
8801,未经登记或者渔业船舶登记证书失效航行和作业,Enhanced
8802,未按规定配备船员,Enhanced
8803,未按规定配备合格的消防、救生和信号设备,Enhanced
8804,《陕西省渔业船舶管理办法》,Enhanced
8805,陕西省人民政府令第159号公布,Enhanced
8806,2012年7月1日起施行,Enhanced
8807,陕西省人民政府发布,Enhanced
8808,《陕西省渔业船舶管理办法》第十九条,Enhanced
8809,食品安全培训和管理,Enhanced
8810,入网餐饮服务提供者,Enhanced
8811,送餐单位,Enhanced
8812,送餐人员,Enhanced
8813,食品安全培训,Enhanced
8814,培训记录,Enhanced
8815,网络餐饮服务第三方平台提供者和入网餐饮服务提供者,Enhanced
8816,非营利组织免税资格认定,Enhanced
8817,交换、出馆展览馆藏文物,Enhanced
8818,医疗机构的医疗器械使用行为监督检查,Enhanced
8819,有关档案,Enhanced
8820,有关记录,Enhanced
8821,其他有关资料,Enhanced
8822,违规使用,Enhanced
8823,与大型医用设备相关的过度检查,Enhanced
8824,与大型医用设备相关的过度治疗,Enhanced
8825,"""小型水库除险加固竣工验收""",Enhanced
8826,"""西安市水务局""",Enhanced
8827,"""建设与运行管理处""",Enhanced
8828,小型水库除险加固竣工验收,Enhanced
8829,建设项目所在地县级以上环境保护行政主管部门,Enhanced
8830,环境保护设施,Enhanced
8831,环境影响后评价,Enhanced
8832,《西安市保护消费者合法权益条例》,Enhanced
8833,供水、供电、供热、供气、邮政、电信、交通运输等公用企业、事业单位和其他依法具有独占地位的经营者,Enhanced
8834,对消费者不公平、不合理的规定,Enhanced
8835,违反国家有关规定增加收费项目或者提高收费标准,Enhanced
8836,消费者承担户外管线或者其他设施被他人盗用、盗窃、损坏造成的损失,Enhanced
8837,对不接受其不合理条件的消费者拒绝、中断、削减供应相关商品或者提供服务,Enhanced
8838,市市场监督管理部门,Enhanced
8839,企业或事业单位,Enhanced
8840,西安市生活饮用水二次供水管理和卫生监督规定,Enhanced
8841,二次供水单位,Enhanced
8842,5000元以上20000元以下,Enhanced
8843,清洗消毒,Enhanced
8844,研制新兽药不具备规定的条件擅自使用一类病原微生物或者在实验室阶段前未经批准,Enhanced
8845,对研制新兽药不具备规定的条件擅自使用一类病原微生物或者在实验室阶段前未经批准的行政处罚,Enhanced
8846,《兽药管理条例》规定的行政处罚,Enhanced
8847,吊销兽药生产许可证、兽药经营许可证、撤销兽药批准证明文件或者责令停止兽药研究试验,Enhanced
8848,不可移动文物修缮审批,Enhanced
8849,房屋建筑和市政基础设施工程竣工验收备案,Enhanced
8850,质安处,Enhanced
8851,《房屋建筑和市政工程基础设施工程竣工验收备案管理办法》,Enhanced
8852,《野生药材资源保护管理条例》第十三条,Enhanced
8853,《野生药材资源保护管理条例》第十四条,Enhanced
8854,《野生药材资源保护管理条例》第十五条,Enhanced
8855,野生药材资源保护管理条例,Enhanced
8856,违法经营的农药,Enhanced
8857,用于违法经营的工具、设备等,Enhanced
8858,国务院令第216号,Enhanced
8859,《危险化学品安全管理条例》,Enhanced
8860,1992-05-09,Enhanced
8861,2013-12-07,Enhanced
8862,工商行政部门,Enhanced
8863,未经许可违法从事危险化学品生产、经营活动的企业,Enhanced
8864,危险化学品经营许可证,Enhanced
8865,危险废物利用处置单位,Enhanced
8866,生活垃圾焚烧处置单位,Enhanced
8867,填埋方式处置,Enhanced
8868,地下水,Enhanced
8869,县级生态环境行政主管部门,Enhanced
8870,自行或者委托有资质的监测机构,Enhanced
8871,有资质的监测机构,Enhanced
8872,利用处置单位,Enhanced
8873,所在地县级生态环境行政主管部门,Enhanced
8874,异常监测结果,Enhanced
8875,特种设备的生产、使用单位或者检验检测机构,Enhanced
8876,安全监察,Enhanced
8877,特种设备安全监督管理部门依法实施的安全监察,Enhanced
8878,特种设备生产、使用单位,Enhanced
8879,对水利领域招标人,Enhanced
8880,水利领域,Enhanced
8881,领域,Enhanced
8882,评标委员会,Enhanced
8883,中标候选人,Enhanced
8884,候选人,Enhanced
8885,在所有投标被评标委员会否决后自行确定中标人等行为,Enhanced
8886,机动车违反载客规定的地点,Enhanced
8887,对电熔制品电炉的水冷设备失效的行政惩罚,Enhanced
8888,书面结论文件,Enhanced
8889,签名,Enhanced
8890,盖章,Enhanced
8891,社会消防技术服务机构管理规定,Enhanced
8892,对消防技术服务机构出具书面结论文件未签名、盖章的处罚,Enhanced
8893,公路工程从业单位,Enhanced
8894,《中华人民共和国母婴保健法实施办法》,Enhanced
8895,医疗、保健机构,Enhanced
8896,在市场上销售,Enhanced
8897,医疗机构将其配制的制剂在市场上销售的处罚,Enhanced
8898,违法销售的制剂和违法所得,Enhanced
8899,违法销售制剂货值金额,Enhanced
8900,情节严重的违法销售制剂货值金额,Enhanced
8901,货值金额不足五万元的,Enhanced
8902,铁轮车,Enhanced
8903,机具,Enhanced
8904,履带车,Enhanced
8905,可能损害路面的机具,Enhanced
8906,公路行驶行为,Enhanced
8907,路面,Enhanced
8908,道路,Enhanced
8909,在公路上行驶的行为,Enhanced
8910,使用未取得校车标牌的车辆提供校车服务,Enhanced
8911,使用未取得校车驾驶资格驾驶校车,Enhanced
8912,伪造、变造或使用伪造、变造校车号牌,Enhanced
8913,行为规定,Enhanced
8914,档案及其复制件出境审批,Enhanced
8915,《西安市民用建筑节能条例》（2022年修正）,Enhanced
8916,改正令,Enhanced
8917,民用建筑节能强制性标准、规范和施工图设计文件,Enhanced
8918,节能材料、产品,Enhanced
8919,第二十二条规定,Enhanced
8920,应急值班制度,Enhanced
8921,应急值班人员,Enhanced
8922,县级以上人民政府及其负有安全生产监督管理职责的部门,Enhanced
8923,危险物品的生产、经营、储存、运输单位以及矿山、金属冶炼、城市轨道交通运营、建筑施工单位,Enhanced
8924,应急救援队伍,Enhanced
8925,规模较大、危险性较高的易燃易爆物品、危险化学品等危险物品的生产、经营、储存、运输单位,Enhanced
8926,应急处置技术组,Enhanced
8927,县级以上人民政府负有安全生产监督管理职责的部门,Enhanced
8928,道路货物运输代理经营者,Enhanced
8929,具有经营资格的货运经营者,Enhanced
8930,无经营资格的承运人,Enhanced
8931,县级以上道路运输管理机构,Enhanced
8932,陕西省道路运输管理条例,Enhanced
8933,日用玻璃制造企业玻璃窑炉的冷却保护系统,Enhanced
8934,对其直接负责的主管人员和其他直接责任人员,Enhanced
8935,一万元以上二万元以下的罚款,Enhanced
8936,日用玻璃制造企业玻璃窑炉的冷却保护系统未设置监测报警装置,Enhanced
8937,日用玻璃制造企业,Enhanced
8938,砂石,Enhanced
8939,泥土,Enhanced
8940,其他散装物品,Enhanced
8941,液体,Enhanced
8942,密闭,Enhanced
8943,覆盖,Enhanced
8944,其他措施防止泄漏遗撒,Enhanced
8945,垃圾,Enhanced
8946,城市管理部门指定的垃圾消纳场,Enhanced
8947,将运载的砂石,Enhanced
8948,"垃圾及其他散装物品和液体,沿途,泄漏遗撒",Enhanced
8949,2000元以上10000元以下罚款,Enhanced
8950,泄漏遗撒,Enhanced
8951,责令清除,Enhanced
8952,互联网平台经营者,Enhanced
8953,记录、保存利用其信息服务发布广告的用户真实身份信息,Enhanced
8954,"发现违法广告的,应当采取通知改正,西安市市场监督管理局",Enhanced
8955,通知改正、删除、屏蔽、断开发布链接等必要措施,Enhanced
8956,相关记录,Enhanced
8957,有效的投诉、举报受理和处置机制,Enhanced
8958,便捷的投诉举报入口或者公布投诉举报方式,Enhanced
8959,受理和处理投诉举报,Enhanced
8960,以技术手段或者其他手段阻挠、妨碍市场监督管理部门开展广告监测,Enhanced
8961,市场监督管理部门调查互联网广告违法行为,Enhanced
8962,及时采取技术手段保存涉嫌违法广告的证据材料,Enhanced
8963,相关广告发布者的真实身份信息、广告修改记录以及相关商品或者服务的交易信息,Enhanced
8964,互联网平台,Enhanced
8965,《小微型客车租赁经营服务管理办法》,Enhanced
8966,小微型客车租赁经营者,Enhanced
8967,本办法,Enhanced
8968,小微型客车租赁行政主管部门,Enhanced
8969,"导致,罚款",Enhanced
8970,《中华人民共和国道路交通安全法》规定的上路行驶条件,Enhanced
8971,法规文件,Enhanced
8972,教师工作处,Enhanced
8973,中华人民共和国教师法,Enhanced
8974,教师,Enhanced
8975,所在学校,Enhanced
8976,国务院和地方各级人民政府及其有关部门,Enhanced
8977,有突出贡献的教师,Enhanced
8978,有重大贡献的教师,Enhanced
8979,砍伐,Enhanced
8980,放牧,Enhanced
8981,狩猎,Enhanced
8982,捕捞,Enhanced
8983,开垦,Enhanced
8984,烧荒,Enhanced
8985,开矿,Enhanced
8986,挖沙,Enhanced
8987,限期恢复原状,Enhanced
8988,采取其他补救措施,Enhanced
8989,自然保护区管理机构,Enhanced
8990,中华人民共和国自然保护区条例,Enhanced
8991,违法所得3倍的罚款,Enhanced
8992,30000元,Enhanced
8993,县级以上政府人事行政部门,Enhanced
8994,人才中介服务机构予以警告,Enhanced
8995,10000元以下罚款,Enhanced
8996,吊装,Enhanced
8997,动火,Enhanced
8998,临时用电,Enhanced
8999,其他危险作业,Enhanced
9000,业务事项,Enhanced
9001,劳务派遣经营许可,Enhanced
9002,艺术品经营管理办法,Enhanced
9003,2015年12月文化部令第56号,Enhanced
9004,《艺术品经营管理办法》,Enhanced
9005,设立从事艺术品经营活动的经营单位,Enhanced
9006,"到其住所地县级以上人民政府工商行政管理部门申领营业执照，并在领取营业执照之日起15日内,到其住所地县级以上人民政府文化行政部门备案",Enhanced
9007,依法授权的文化市场综合执法机构,Enhanced
9008,《网络交易监督管理办法》,Enhanced
9009,网络交易平台经营者,Enhanced
9010,平台内经营者出具网络经营场所相关材料,Enhanced
9011,2021.05.01,Enhanced
9012,平台内经营者,Enhanced
9013,网络经营场所登记为经营场所,Enhanced
9014,网络交易平台,Enhanced
9015,平台内经营者出具符合登记机关要求的网络经营场所相关材料,Enhanced
9016,对从境外进口或者向境外出口艺术品，未按照《艺术品经营管理办法》规定办理相关手续行为的行政处罚,Enhanced
9017,对从境外进口或者向境外出口艺术品，未按照《艺术品经营管理办法》规定办理相关手续行为,Enhanced
9018,艺术品经营行为,Enhanced
9019,《矿产资源勘查区块登记管理办法》,Enhanced
9020,《陕西省矿产资源管理条例》,Enhanced
9021,2020年6月,Enhanced
9022,2‰,Enhanced
9023,2014年7月,Enhanced
9024,1999年11月30日,Enhanced
9025,逾期仍不缴纳,Enhanced
9026,对企业委托未取得与委托加工产品相应的生产许可的企业生产列入目录产品的行政处罚,Enhanced
9027,中华人民共和国工业产品生产许可证管理条例实施办法,Enhanced
9028,被委托企业,Enhanced
9029,与委托加工产品相应的生产许可,Enhanced
9030,文物保护单位保护范围,Enhanced
9031,挖砂取土取石,Enhanced
9032,修建坟墓,Enhanced
9033,堆放垃圾,Enhanced
9034,其他可能损害文物安全的行为,Enhanced
9035,责令限期改正或者恢复原状,Enhanced
9036,《陕西省文物保护条例》（2019修正）,Enhanced
9037,权力行使,Enhanced
9038,第十三条第二项,Enhanced
9039,《西安市周丰镐、秦阿房宫、汉长安城和唐大明宫遗址保护管理条例》（2020修正）,Enhanced
9040,遗址保护范围,Enhanced
9041,第二十二条第三项,Enhanced
9042,改装,Enhanced
9043,拆除,Enhanced
9044,迁移,Enhanced
9045,连接燃气管道设施的批准,Enhanced
9046,需要改装,Enhanced
9047,市政公用行政主管部门批准,Enhanced
9048,须经市政公用行政主管部门批准后,Enhanced
9049,专业队伍进行施工,Enhanced
9050,需要改装、拆除、迁移、连接供水、供热、燃气管道设施,Enhanced
9051,"对水利领域中标人不履行与招标人订立的合同,不按照与招标人订立的合同履行义务等行为的行政处罚",Enhanced
9052,不得与强制性认证标志相同或者近似,Enhanced
9053,不得妨碍社会管理秩序,Enhanced
9054,不得将公众熟知的社会公共资源作为组成部分,Enhanced
9055,不得将容易误导公众的文字作为组成部分,Enhanced
9056,其他法律规定的行政处罚,Enhanced
9057,认证标志管理规定,Enhanced
9058,强制性认证标志,Enhanced
9059,标志,Enhanced
9060,国家统一的自愿性认证标志,Enhanced
9061,其他认证机构自行制定并公布的认证标志,Enhanced
9062,社会管理秩序,Enhanced
9063,社会公共资源,Enhanced
9064,认证名称,Enhanced
9065,群体,Enhanced
9066,社会道德风尚,Enhanced
9067,其他法律、行政法规，或者国家制定的相关技术规范、标准规定的具体条款,Enhanced
9068,印刷品,Enhanced
9069,"1万元,罚款5倍以上10倍以下",Enhanced
9070,"1万元,罚款1万元以上5万元以下",Enhanced
9071,印刷企业,Enhanced
9072,注册商标标识和广告宣传品,Enhanced
9073,接受委托印刷注册商标标识和广告宣传品，违反国家有关注册商标、广告印刷管理规定,Enhanced
9074,基层行政组织,Enhanced
9075,外国留学人员在中国境内参加考古调查、勘探、发掘的审核,Enhanced
9076,西安市文物保护考古研究院,Enhanced
9077,《中华人民共和国考古涉外工作管理办法》,Enhanced
9078,1991年国家文物局令第1号公布,Enhanced
9079,2016年2月6日《国务院关于修改部分行政法规的决定》第二次修订,Enhanced
9080,外国留学人员,Enhanced
9081,考古调查、勘探、发掘活动,Enhanced
9082,其学习、研究所在单位征得考古调查、勘探、发掘单位的同意,Enhanced
9083,国家文物局批准,Enhanced
9084,市文物局所属的考古调查、勘探、发掘单位,Enhanced
9085,《西安市人民政府办公厅关于做好中省下放行政审批项目承接工作的通知》,Enhanced
9086,研究机构,Enhanced
9087,本科生,Enhanced
9088,研究生,Enhanced
9089,进修生,Enhanced
9090,国家文物局,Enhanced
9091,《国务院关于修改部分行政法规的决定》,Enhanced
9092,农业机械维修者,Enhanced
9093,维修记录,Enhanced
9094,年度维修情况统计表,Enhanced
9095,农业机械化主管部门,Enhanced
9096,《农业机械维修管理规定》,Enhanced
9097,2006年5月农业部、工商总局令第57号,Enhanced
9098,维修者,Enhanced
9099,记录,Enhanced
9100,统计表,Enhanced
9101,配备与销售、经营业务相适应的验光、瞳距、顶焦度、透过率、厚度等计量检测设备,Enhanced
9102,从事角膜接触镜配戴的经营者,Enhanced
9103,与经营业务相适应的眼科计量检测设备,Enhanced
9104,《再生资源回收管理办法》,Enhanced
9105,制定和实施再生资源回收产业政策,Enhanced
9106,制定和实施回收标准,Enhanced
9107,制定和实施回收行业发展规划,Enhanced
9108,制定和实施本行政区域内具体的行业发展规划和其他具体措施,Enhanced
9109,负责管理再生资源回收行业的机构,Enhanced
9110,相应人员,Enhanced
9111,县级以上城市商务主管部门,Enhanced
9112,发展改革（经贸）、公安、工商、环保、建设、城乡规划等行政管理部门,Enhanced
9113,再生资源回收网点规划,Enhanced
9114,县级以上城市商务主管部门制定,Enhanced
9115,再生资源回收网点,Enhanced
9116,社区回收、中转、集散、加工处理等回收过程中再生资源停留的各类场所,Enhanced
9117,再生资源回收产业政策,Enhanced
9118,大件运输车辆的监督检查,Enhanced
9119,大件运输车辆,Enhanced
9120,有效的《超限运输车辆通行证》,Enhanced
9121,公路管理机构的监督检查,Enhanced
9122,《超限运输车辆行驶公路管理规定》,Enhanced
9123,交通运输部令2021年第12号,Enhanced
9124,交通运输部令2016年第62号,Enhanced
9125,对违反规定，发布药品、医疗器械、保健食品和特殊医学用途配方食品广告行为的行政处罚,Enhanced
9126,发布药品、医疗器械、保健食品和特殊医学用途配方食品广告,Enhanced
9127,行使行政处罚,Enhanced
9128,2010年5月,Enhanced
9129,污染,Enhanced
9130,治理费用,Enhanced
9131,有批准权的人民政府,Enhanced
9132,停业,Enhanced
9133,城市饮用水地下水源二级保护区,Enhanced
9134,设置无防渗漏设施的城市垃圾、工业废渣、粪便和其他有毒有害废弃物的消纳场所,Enhanced
9135,城市饮用水地表水源准保护区,Enhanced
9136,倾倒、排放含有汞、镉、铬、砷、铅、镍、苯并芘、氰化物、黄磷等可溶性剧毒废渣和污水,Enhanced
9137,排放油类、酸液、碱液及其他剧毒废液和含放射性物质的废水,Enhanced
9138,保护区域,Enhanced
9139,报废机动车回收企业,Enhanced
9140,治安检查,Enhanced
9141,治安管理,Enhanced
9142,所在地市、县公安局、城市公安分局,Enhanced
9143,《西安市黑河引水系统保护条例》,Enhanced
9144,对管辖范围内的排污单位进行检查,Enhanced
9145,环境保护行政管理部门制定饮用水源污染防治长远规划和年度计划,Enhanced
9146,黑河引水系统水污染的防治与监督检查,Enhanced
9147,建筑节能信息,Enhanced
9148,商品房买卖合同,Enhanced
9149,住宅质量保证书,Enhanced
9150,住宅使用说明书,Enhanced
9151,权利人,Enhanced
9152,申请查询、复制不动产登记资料的人,Enhanced
9153,权利人查询,Enhanced
9154,西安市不动产信息档案管理中心,Enhanced
9155,第二百一十条,Enhanced
9156,第二百一十八条,Enhanced
9157,《不动产登记资料查询暂行办法》,Enhanced
9158,国土资源部令第80号,Enhanced
9159,地质勘探单位,Enhanced
9160,未按照规定向工作区域所在地县级安全生产监督管理部门书面报告,Enhanced
9161,2万元以下的罚款,Enhanced
9162,金属与非金属矿产资源地质勘探安全生产监督管理暂行规定,Enhanced
9163,国家安全生产监督管理总局令第35号,Enhanced
9164,工作区域所在地县级安全生产监督管理部门,Enhanced
9165,侵犯植物新品种权纠纷调解,Enhanced
9166,侵犯植物新品种权行为,Enhanced
9167,植物新品种权所有人或者利害关系人,Enhanced
9168,人民法院提起诉讼,Enhanced
9169,对侵犯植物新品种权所造成的损害赔偿进行调解,Enhanced
9170,调解达成协议的当事人,Enhanced
9171,协议,Enhanced
9172,"植物新品种权所有人或者利害关系人,依法向人民法院提起诉讼",Enhanced
9173,调解服务,Enhanced
9174,植物新品种权,Enhanced
9175,知识产权,Enhanced
9176,法律程序,Enhanced
9177,国家教育考试违纪作弊行为处罚,Enhanced
9178,市教育考试中心,Enhanced
9179,国家教育考试,Enhanced
9180,考试,Enhanced
9181,考试机构,Enhanced
9182,危险化学品安全监管处,Enhanced
9183,市安全生产宣传教育中心,Enhanced
9184,政府权力,Enhanced
9185,非药品类易制毒化学品生产、经营企业,Enhanced
9186,对企业环境信息依法披露活动的行政检查,Enhanced
9187,企业环境信息依法披露管理办法,Enhanced
9188,社会公众,Enhanced
9189,社会公众举报,Enhanced
9190,企业未按规定披露环境信息的行为,Enhanced
9191,国家安全生产监督管理总局令第93号公布,Enhanced
9192,对工(库)房,Enhanced
9193,"检修,维修,改造作业前",Enhanced
9194,未切断,Enhanced
9195,"维修的电气线路和机械设备电源,安全作业方案,未制定",Enhanced
9196,"受安全生产监督管理部门委托的专业技术服务机构,开展检验,检测",Enhanced
9197,国家安全生产监督管理总局发布,Enhanced
9198,对伪造、盗用、倒卖强制检定印、证的行政处罚,Enhanced
9199,伪造、盗用、倒卖强制检定印、证的,Enhanced
9200,没收其非法检定印、证和全部违法所得,Enhanced
9201,2000元以下,Enhanced
9202,代征绿地移交,Enhanced
9203,《西安市城市绿化条例》(2020修正),Enhanced
9204,代征绿地,Enhanced
9205,政府储备项目或建设单位,Enhanced
9206,代征绿地移交城市管理部门,Enhanced
9207,《代征绿地移交书》,Enhanced
9208,陕西省物业服务管理条例（2021年修订）,Enhanced
9209,擅自变动房屋建筑主体和承重结构的行为,Enhanced
9210,改变房屋外貌或者在外墙体开设、扩大门窗的行为,Enhanced
9211,五万元以上十万元以下的罚款,Enhanced
9212,物业服务区域内,Enhanced
9213,擅自变动房屋建筑主体和承重结构,Enhanced
9214,改变房屋外貌或者在外墙体开设、扩大门窗,Enhanced
9215,陕西省物业服务管理条例,Enhanced
9216,《中华人民共和国劳动合同法》第九十二条第一款,Enhanced
9217,《劳务派遣行政许可实施办法》第三十一条,Enhanced
9218,未经许可擅自经营劳务派遣业务的单位,Enhanced
9219,违法所得一倍以上五倍以下,Enhanced
9220,没有违法所得的五万元以下,Enhanced
9221,处3000元以上1万元以下的罚款,Enhanced
9222,道路货物运输经营者,Enhanced
9223,处1000元以上3000元以下的罚款,Enhanced
9224,《道路货物运输及站场管理规定》,Enhanced
9225,道路货物运输及站场管理规定,Enhanced
9226,集体建设用地使用权及房屋所有权变更登记,Enhanced
9227,基层法律服务工作者执业核准,Enhanced
9228,人民参与和促进法治处,Enhanced
9229,《国务院对确需保留的行政审批项目设定行政许可的决定》（国务院令412号）,Enhanced
9230,《国务院关于第六批取消和调整行政审批项目的决定》（国发〔2012〕52号）,Enhanced
9231,省级或其授权的下一级人民政府司法行政主管部门,Enhanced
9232,设区的市级人民政府司法行政部门,Enhanced
9233,国务院令412号,Enhanced
9234,国发〔2012〕52号,Enhanced
9235,生态环境部政策,Enhanced
9236,医疗机构执业活动检查,Enhanced
9237,医疗机构的执业活动检查,Enhanced
9238,本行政区域内医疗机构的监督管理工作,Enhanced
9239,监督管理职权,Enhanced
9240,医疗机构设置审批,Enhanced
9241,医疗机构执业活动检查指导,Enhanced
9242,医疗机构评审,Enhanced
9243,违反本条例的行为,Enhanced
9244,执行国家有关法律、法规、规章和标准情况,Enhanced
9245,执行医疗机构内部各项规章制度和各级各类人员岗位责任制情况,Enhanced
9246,医德医风情况,Enhanced
9247,服务质量和服务水平情况,Enhanced
9248,执行医疗收费标准情况,Enhanced
9249,组织管理情况,Enhanced
9250,人员任用情况,Enhanced
9251,省、自治区、直辖市卫生计生行政部门规定的其他检查、指导项目,Enhanced
9252,勘察、设计单位,Enhanced
9253,相关规划,Enhanced
9254,国家规定的勘察、设计深度要求,Enhanced
9255,县级以上自然资源主管部门,Enhanced
9256,矿山地质环境治理恢复基金,Enhanced
9257,颁发采矿许可证的自然资源主管部门,Enhanced
9258,采矿活动年度报告,Enhanced
9259,采矿权延续变更申请,Enhanced
9260,国土资源部令第44号,Enhanced
9261,2019年7月自然资源部令第5号,Enhanced
9262,国土资源部令第44号 (国土资源部),Enhanced
9263,2019年7月自然资源部令第5号 (自然资源部),Enhanced
9264,擅自安装、使用电网,Enhanced
9265,安装、使用电网不符合安全规定,Enhanced
9266,法律文本,Enhanced
9267,《中华人民共和国城市房地产管理法》(2019年修正),Enhanced
9268,《城市商品房预售管理办法》(1994年11月15日建设部令第40号发布,Enhanced
9269,"是,实施依据",Enhanced
9270,商品房预售人,Enhanced
9271,按照国家有关规定将预售合同报县级以上人民政府房产管理部门和土地管理部门登记备案,Enhanced
9272,与承购人签订商品房预售合同,Enhanced
9273,"自签约之日起30日内,向房地产管理部门和市、县人民政府土地管理部门办理商品房预售合同登记备案手续",Enhanced
9274,商品房买卖合同网签备案,Enhanced
9275,商品房预售合同,Enhanced
9276,商品房预售合同登记备案手续,Enhanced
9277,市、县人民政府土地管理部门,Enhanced
9278,动物诊疗场所,Enhanced
9279,不按照批准的用途使用国土地,Enhanced
9280,不按照批准的用途使用国有土地,Enhanced
9281,已注销企业,Enhanced
9282,对城市的建筑物、构筑物、公共设施、路面和树木等处刻画、涂写、喷涂等影响市容行为的行政处罚,Enhanced
9283,放射性同位素,Enhanced
9284,射线装置,Enhanced
9285,国务院生态环境主管部门,Enhanced
9286,国务院卫生部门,Enhanced
9287,县级以上地方人民政府生态环境主管部门,Enhanced
9288,对参加突发事件应急处理作出贡献的人员表彰奖励,Enhanced
9289,《突发公共卫生事件应急条例》,Enhanced
9290,国务院令第376号公布,Enhanced
9291,"2011年1月8日由,国务院令第588号修订",Enhanced
9292,县级以上各级人民政府及其卫生行政主管部门,Enhanced
9293,"参加突发事件应急处理的医疗卫生人员,给予适当补助和保健津贴",Enhanced
9294,"参加突发事件应急处理作出贡献的人员,给予表彰和奖励",Enhanced
9295,"因参与应急处理工作致病、致残、死亡的人员,给予相应的补助和抚恤",Enhanced
9296,国务院令第376号,Enhanced
9297,给予适当补助和保健津贴,Enhanced
9298,给予表彰和奖励,Enhanced
9299,给予相应的补助和抚恤,Enhanced
9300,用户,Enhanced
9301,供热设施正常运行的行为,Enhanced
9302,单位用户,Enhanced
9303,个人用户,Enhanced
9304,五百元以上二千元以下,Enhanced
9305,室内供热设施,Enhanced
9306,供热企业提出申请,Enhanced
9307,供热设施,Enhanced
9308,有关设施、设备、物品,Enhanced
9309,造成或者可能造成严重土壤污染的行为,Enhanced
9310,生态环境主管部门和其他负有土壤污染防治监督管理职责的部门,Enhanced
9311,查封、扣押有关设施、设备、物品,Enhanced
9312,有关证据,Enhanced
9313,灭失或被隐匿,Enhanced
9314,《中华人民共和国招标投标法》,Enhanced
9315,必须进行招标的项目,Enhanced
9316,项目合同金额千分之五以上千分之十以下的罚款,Enhanced
9317,全部或者部分使用国有资金的项目,Enhanced
9318,从事含消耗臭氧层物质的制冷设备、制冷系统或者灭火系统的维修、报废处理等经营活动的单位,Enhanced
9319,所在地生态环境主管部门,Enhanced
9320,制冷设备,Enhanced
9321,制冷系统,Enhanced
9322,灭火系统,Enhanced
9323,消耗臭氧层物质,Enhanced
9324,对违反规定的行为进行处罚,Enhanced
9325,负责执行该权力的机构,Enhanced
9326,具体执行该权力的部门,Enhanced
9327,采集证,Enhanced
9328,允许进出口证明书,Enhanced
9329,有关批准文件,Enhanced
9330,标签,Enhanced
9331,林业行政主管部门,Enhanced
9332,西安市乡村振兴局,Enhanced
9333,洗漱设施,Enhanced
9334,洗澡设施,Enhanced
9335,运动项目,Enhanced
9336,生理承受能力,Enhanced
9337,运动强度,Enhanced
9338,体质健康状况,Enhanced
9339,学校教学建筑,Enhanced
9340,环境噪声,Enhanced
9341,室内微小气候,Enhanced
9342,采光,Enhanced
9343,照明,Enhanced
9344,黑板,Enhanced
9345,课桌椅,Enhanced
9346,厕所,Enhanced
9347,有关规定,Enhanced
9348,洗手设施,Enhanced
9349,体育场地,Enhanced
9350,卫生和安全要求,Enhanced
9351,器材,Enhanced
9352,《中华人民共和国粮食安全保障法》,Enhanced
9353,违反本法规定的行为,Enhanced
9354,"单位,处以,罚款",Enhanced
9355,"个人,处以,罚款",Enhanced
9356,《农药广告审查发布规定》,Enhanced
9357,广告法,Enhanced
9358,其他法律法规,Enhanced
9359,负有责任的广告主,Enhanced
9360,违法所得三倍以下但不超过三万元,Enhanced
9361,一万元以下,Enhanced
9362,工商总局令第81号,Enhanced
9363,国家市场监督管理总局令第31号,Enhanced
9364,中华人民共和国市场主体登记管理条例,Enhanced
9365,2022年3月1日起施行,Enhanced
9366,公布之日起施行,Enhanced
9367,《中华人民共和国工业产品生产许可证管理条例》,Enhanced
9368,工业产品生产许可证主管部门,Enhanced
9369,检验结论,Enhanced
9370,虚假证明,Enhanced
9371,检验资格,Enhanced
9372,出租无房屋所有权证或者其他合法权属证明,Enhanced
9373,共有房屋未取得其他共有人同意,Enhanced
9374,房屋权属有争议,Enhanced
9375,属于违法、违章建筑,Enhanced
9376,不符合房屋安全标准的,Enhanced
9377,已抵押而未经抵押权人同意的处罚,Enhanced
9378,已抵押而未经抵押权人同意的,Enhanced
9379,未取得机动车驾驶证、驾驶证被吊销或暂扣期间驾驶机动车的处罚,Enhanced
9380,公安分局,Enhanced
9381,县级以上人民政府工商行政管理部门,Enhanced
9382,房地产中介服务业务活动,Enhanced
9383,未取得营业执照擅自从事房地产中介服务业务行为,Enhanced
9384,房地产中介服务机构,Enhanced
9385,不按照规定建立内部财务管理制度,Enhanced
9386,内部财务管理制度明显与国家法律、法规和统一的财务管理规章制度相抵触,Enhanced
9387,不按照规定提供财务信息,Enhanced
9388,拒绝、阻扰依法实施的财务监督,Enhanced
9389,金融合作处,Enhanced
9390,《金融企业财务规则》（2006年财政部令第42号）,Enhanced
9391,放射性废物处理、贮存和处置等活动的安全性进行监督检查,Enhanced
9392,国务院令第612号,Enhanced
9393,《放射性废物安全管理条例》,Enhanced
9394,最高限价及其成果文件备案,Enhanced
9395,《建筑工程施工发包与承包计价管理办法》,Enhanced
9396,最高投标限价及其成果文件,Enhanced
9397,招标人报工程所在地县级以上地方人民政府住房城乡建设主管部门备案,Enhanced
9398,行政权力类型,Enhanced
9399,中外合作职业技能培训办学管理办法,Enhanced
9400,举办该项目的中国教育机构,Enhanced
9401,劳动保障部,Enhanced
9402,人力资源和社会保障部,Enhanced
9403,中外合作职业技能培训办学项目,Enhanced
9404,将病原微生物菌（毒）种和样本就地销毁或者送交保藏机构保管,Enhanced
9405,使用新技术、新方法从事高致病性病原微生物相关实验活动,Enhanced
9406,擅自从事在我国尚未发现或者已经宣布消灭的病原微生物相关实验活动,Enhanced
9407,从事在我国尚未发现或者已经宣布消灭的病原微生物相关实验活动,Enhanced
9408,同时从事两种或者两种以上高致病性病原微生物的相关实验活动,Enhanced
9409,实验室所在地的设区的市级以上地方人民政府卫生主管部门,Enhanced
9410,将病原微生物销毁或者送交保藏机构,Enhanced
9411,撤职,Enhanced
9412,病原微生物,Enhanced
9413,未依照规定销毁或送交保管病原微生物,Enhanced
9414,违法行为停止,Enhanced
9415,对燃气经营者未履行必要告知义务擅自停止供气、调整供气量的行政处罚,Enhanced
9416,房屋所有权首次登记,Enhanced
9417,申请人应当将建筑区划内依法属于业主共有的道路、绿地、其他公共场所、公用设施和物业服务用房及其占用范围内的建设用地使用权,Enhanced
9418,集体建设用地使用权及房屋所有权首次登记,Enhanced
9419,国务院令第656号,Enhanced
9420,国务院令第710号,Enhanced
9421,国土资源部令第63号,Enhanced
9422,建筑区划内依法属于业主共有的道路、绿地、其他公共场所、公用设施和物业服务用房及其占用范围内的建设用地使用权,Enhanced
9423,对特种设备的设计文件未经鉴定，擅自用于制造行为的行政处罚,Enhanced
9424,古生物化石保护工作,Enhanced
9425,古生物化石保护知识的宣传教育,Enhanced
9426,古生物化石保护工作所需经费,Enhanced
9427,电力设施保护条例,Enhanced
9428,陕西省电力设施和电能保护条例,Enhanced
9429,表彰或一次性物质奖励,Enhanced
9430,任何单位或个人,Enhanced
9431,破坏电力设施或哄抢、盗窃电力设施器材的行为检举、揭发,Enhanced
9432,有功,Enhanced
9433,破坏电力设施或哄抢、盗窃电力设施器材的行为进行斗争,Enhanced
9434,有效地防止事故发生,Enhanced
9435,为保护电力设施而同自然灾害作斗争,Enhanced
9436,成绩突出,Enhanced
9437,为维护电力设施安全,Enhanced
9438,"行为,成绩",Enhanced
9439,县级以上人民政府及有关部门,Enhanced
9440,《陕西省电力设施和电能保护条例》,Enhanced
9441,检举有功,Enhanced
9442,斗争防止事故,Enhanced
9443,保护设施作斗争,Enhanced
9444,维护设施安全,Enhanced
9445,公共租赁住房管理办法,Enhanced
9446,市、县级人民政府住房保障主管部门,Enhanced
9447,公共租赁住房所有权人及其委托的运营单位,Enhanced
9448,承租人使用公共租赁住房的情况,Enhanced
9449,各级财政部门,Enhanced
9450,租赁型保障房资产管理,Enhanced
9451,保障性住房管理部门,Enhanced
9452,财政部门定期对资产使用情况进行专项检查,Enhanced
9453,国家禁止使用的农业投入品,Enhanced
9454,含有国家禁止使用的农药的农产品,Enhanced
9455,含有国家禁止使用的兽药的农产品,Enhanced
9456,含有其他化合物的农产品,Enhanced
9457,病死的动物产品,Enhanced
9458,毒死的动物产品,Enhanced
9459,死因不明的动物产品,Enhanced
9460,对电子出版物出版活动的监督检查,Enhanced
9461,全国电子出版物出版活动的监督管理工作,Enhanced
9462,县级以上地方新闻出版行政部门,Enhanced
9463,本行政区域内电子出版物出版活动的监督管理工作,Enhanced
9464,新闻出版广电总局,Enhanced
9465,《关于修订部分规章和规范性文件的决定》,Enhanced
9466,对未经许可经营旅行社业务的行政处罚,Enhanced
9467,"由旅游主管部门或者市场监督管理部门责令改正,没收违法所得,并处一万元以上十万元以下罚款",Enhanced
9468,违法所得超过十万元,Enhanced
9469,并处违法所得一倍以上五倍以下罚款,Enhanced
9470,处二千元以上二万元以下罚款,Enhanced
9471,控制室或机柜间,Enhanced
9472,具有火灾、爆炸危险性装置一侧,Enhanced
9473,国家标准关于防火防爆要求,Enhanced
9474,立即消除或者限期消除,Enhanced
9475,"处,五万元以上十万元以下的罚款",Enhanced
9476,刑法有关规定追究刑事责任,Enhanced
9477,火灾,Enhanced
9478,危险类型,Enhanced
9479,爆炸,Enhanced
9480,中华人民共和国国家发展和改革委员会,Enhanced
9481,2016年6月30日,Enhanced
9482,任何公民,Enhanced
9483,"粮油仓储物流设施所在地粮食行政管理部门,责令其限期改正",Enhanced
9484,任何法人,Enhanced
9485,任何其他组织,Enhanced
9486,予以警告或者罚款,Enhanced
9487,"违法所得,没收违法所得",Enhanced
9488,"财产损失,依法承担民事赔偿责任",Enhanced
9489,"犯罪,依法追究刑事责任",Enhanced
9490,粮食行政管理部门,Enhanced
9491,对侵占、损坏、擅自拆除粮油仓储物流设施，擅自改变粮油仓储物流设施用途，危害粮油仓储物流设施安全和粮油储存安全的违法行为予以依法制止和查处,Enhanced
9492,拆除、迁移粮油仓储物流设施，非法侵占、损坏粮油仓储物流设施或者擅自改变其用途,Enhanced
9493,水利,Enhanced
9494,招标投标法,Enhanced
9495,中国法律,Enhanced
9496,招标投标法实施条例,Enhanced
9497,招标人确定更换,Enhanced
9498,招标人组建,Enhanced
9499,《报废机动车回收管理办法实施细则》,Enhanced
9500,拆解报废机动车,Enhanced
9501,报废机动车整车、拼装车,Enhanced
9502,回收的报废大型客、货车等营运车辆和校车,Enhanced
9503,公安机关现场或者视频监督下解体,Enhanced
9504,报废机动车,Enhanced
9505,报废大型客、货车,Enhanced
9506,金属非金属露天矿山,Enhanced
9507,自上而下的开采顺序分台阶或者分层开采,Enhanced
9508,相关法律法规规定,Enhanced
9509,相关许可证件,Enhanced
9510,对外劳务合作经营资格核准,Enhanced
9511,《中华人民共和国对外贸易法》(2022修正),Enhanced
9512,从事国际服务贸易,Enhanced
9513,本法和其他有关法律、行政法规,Enhanced
9514,从事对外劳务合作的单位,Enhanced
9515,相应的资质,Enhanced
9516,省级或者设区的市级人民政府商务主管部门,Enhanced
9517,对外劳务合作经营资格,Enhanced
9518,申请对外劳务合作经营资格,Enhanced
9519,符合企业法人条件,Enhanced
9520,实缴注册资本不低于600万元人民币,Enhanced
9521,有3名以上熟悉对外劳务合作业务的管理人员,Enhanced
9522,有健全的内部管理制度和突发事件应急处置制度,Enhanced
9523,法定代表人没有故意犯罪记录,Enhanced
9524,申请对外劳务合作经营资格的企业,Enhanced
9525,符合本条例第六条规定条件的证明材料,Enhanced
9526,负责审批的商务主管部门,Enhanced
9527,审查并决定是否批准,Enhanced
9528,不予批准的申请人,Enhanced
9529,国务院令第620号,Enhanced
9530,《对外劳务合作管理条例}',Enhanced
9531,20个工作日内审查并决定是否批准,Enhanced
9532,印制特种作业操作证,Enhanced
9533,伪造特种作业操作证,Enhanced
9534,倒卖特种作业操作证,Enhanced
9535,非法印制的特种作业操作证,Enhanced
9536,伪造的特种作业操作证,Enhanced
9537,倒卖的特种作业操作证,Enhanced
9538,《特种作业人员安全技术培训考核管理规定》,Enhanced
9539,国家安全生产监督管理总局令第30号,Enhanced
9540,国家安全生产监督管理总局令第80号,Enhanced
9541,特种作业操作证,Enhanced
9542,非法印制特种作业操作证,Enhanced
9543,使用非法印制的特种作业操作证,Enhanced
9544,使用伪造的特种作业操作证,Enhanced
9545,使用倒卖的特种作业操作证,Enhanced
9546,未经批准、未取得或者未按照规定使用专用标识,Enhanced
9547,未持有、未附有人工繁育许可证、批准文件的副本或者专用标识出售、购买、利用、运输、携带、寄递国家重点保护野生动物及其制品或者依照规定调出野生动物及其制品行为,Enhanced
9548,未持有合法来源证明或者专用标识出售、利用、运输、携带、寄递有重要生态、科学、社会价值的陆生野生动物、地方重点保护野生动物或者依照规定调出有重要生态、科学、社会价值的陆生野生动物名录的野生动物及其制品,Enhanced
9549,专用标识,Enhanced
9550,野生动物,Enhanced
9551,物种,Enhanced
9552,陆生野生动物,Enhanced
9553,有重要生态、科学、社会价值的陆生野生动物名录,Enhanced
9554,名录,Enhanced
9555,水生野生动物及其制品利用活动的监督检查,Enhanced
9556,全国陆生野生动物保护工作,Enhanced
9557,全国水生野生动物保护工作,Enhanced
9558,本行政区域内野生动物保护工作,Enhanced
9559,县级以上地方人民政府林业草原主管部门,Enhanced
9560,本行政区域内陆生野生动物保护工作,Enhanced
9561,县级以上地方人民政府渔业主管部门,Enhanced
9562,本行政区域内水生野生动物保护工作,Enhanced
9563,县级以上人民政府野生动物保护主管部门,Enhanced
9564,科学研究等利用野生动物及其制品的活动的规范和监督管理,Enhanced
9565,规范和监督管理,Enhanced
9566,公路路产,Enhanced
9567,公路养护单位,Enhanced
9568,破坏、损坏、非法占用或者非法利用公路路产的行为,Enhanced
9569,法律、法规、规章规定的其他事项,Enhanced
9570,《陕西省公路路政管理条例》,Enhanced
9571,西安市交通运输局行使行政检查,Enhanced
9572,农作物种子质量和生产经营场所的监督检查,Enhanced
9573,从事生活垃圾经营性清扫、收集、运输、处理服务审批,Enhanced
9574,未经设立登记从事经营活动的行为,Enhanced
9575,"拒不改正的,处1万元以上10万元以下的罚款",Enhanced
9576,"情节严重的,依法责令关闭停业",Enhanced
9577,并处10万元以上50万元以下的罚款,Enhanced
9578,对未经设立登记从事经营活动的行政处罚,Enhanced
9579,《中华人民共和国市场主体登记管理条例》,Enhanced
9580,未经设立登记从事经营活动的行政处罚,Enhanced
9581,中华人民共和国国务院令第746号,Enhanced
9582,政府法令,Enhanced
9583,由登记机关责令改正,Enhanced
9584,体育类民办非企业单位,Enhanced
9585,监督管理职责,Enhanced
9586,《全国人民代表大会常务委员会关于严禁卖淫嫖娼的决定》,Enhanced
9587,第七条,Enhanced
9588,政府采购投诉处理决定,Enhanced
9589,提供虚假的证明、数据、资料、样品或者采取其他手段骗取临床试验许可,Enhanced
9590,故意瞒报影响产品质量的重大变更情况，骗取生物制品批签发证明或请疫苗批签发提供虚假数据、资料、样品或者有其他欺骗行为的伪造生物制品批签发证明的行政处罚,Enhanced
9591,批签发,Enhanced
9592,批签发证明,Enhanced
9593,生物制品批签发证明,Enhanced
9594,农产品生产企业,Enhanced
9595,未按照规定开具承诺达标合格证,Enhanced
9596,农民专业合作社,Enhanced
9597,从事农产品收购的单位或者个人,Enhanced
9598,未按照规定收取、保存承诺达标合格证,Enhanced
9599,未按照规定收取、保存其他合格证明,Enhanced
9600,批评教育,Enhanced
9601,承诺达标合格证,Enhanced
9602,其他合格证明,Enhanced
9603,粉尘涉爆企业,Enhanced
9604,负责粉尘涉爆企业安全监管的部门,Enhanced
9605,新建、改建、扩建工程项目,Enhanced
9606,粉尘防爆安全设计,Enhanced
9607,按照设计进行施工,Enhanced
9608,牵引挂车,Enhanced
9609,公共汽车,Enhanced
9610,营运客车,Enhanced
9611,执行任务的警车,Enhanced
9612,执行任务的消防车,Enhanced
9613,执行任务的救护车,Enhanced
9614,执行任务的工程救险车,Enhanced
9615,载有爆炸物品的机动车,Enhanced
9616,载有易燃易爆化学物品的机动车,Enhanced
9617,载有剧毒的机动车,Enhanced
9618,载有放射性等危险物品的机动车,Enhanced
9619,原机动车驾驶证,Enhanced
9620,《机动车驾驶证申领和使用规定》（公安部123号令）,Enhanced
9621,实习期的机动车驾驶人驾驶,Enhanced
9622,存款,Enhanced
9623,经营许可证或者批准文件,Enhanced
9624,吊销相关经营证件,Enhanced
9625,设区的市,Enhanced
9626,县（市、区）地方金融监管部门,Enhanced
9627,不召回其不安全畜类产品的行政处罚,Enhanced
9628,对易制毒化学品进出口违法行为的强制,Enhanced
9629,易制毒化学品进出口违法行为,Enhanced
9630,责令停止生产,Enhanced
9631,吊销生产许可证,Enhanced
9632,已经取得生产许可证但不再具备规定的条件的饲料、饲料添加剂生产企业,Enhanced
9633,有效通风装置,Enhanced
9634,自动报警装置,Enhanced
9635,事故通风设施,Enhanced
9636,职业卫生防护设备,Enhanced
9637,不正常状态,Enhanced
9638,应急救援设施,Enhanced
9639,通讯报警装置,Enhanced
9640,使用有毒物品作业场所,Enhanced
9641,重大劳动安全事故罪,Enhanced
9642,流动回收废旧物品经营者,Enhanced
9643,城市主要街道,Enhanced
9644,文物园林景点,Enhanced
9645,城市广场,Enhanced
9646,废旧物品收购经营场所,Enhanced
9647,环境整洁,Enhanced
9648,整齐,Enhanced
9649,围挡遮盖,Enhanced
9650,在城市主要街道,Enhanced
9651,在文物园林景点,Enhanced
9652,在城市广场,Enhanced
9653,流动收购废旧物品,Enhanced
9654,对生产、储存危险化学品的企业或者使用危险化学品从事生产的企业未按规 定将安全评价报告、整改方案落实情况报备，或者储存危险化学品的单位未将其剧毒化学品以及储存数量构成重大危险源的其他危险化学品的储存数量、储存地点以及管理人员的情况报备的行政处罚,Enhanced
9655,城市轨道交通运营单位,Enhanced
9656,条例第三十七条,Enhanced
9657,条例第三十九条,Enhanced
9658,条例第五十八条,Enhanced
9659,条例第六十条,Enhanced
9660,条例第六十二条,Enhanced
9661,条例第六十三条,Enhanced
9662,条例第六十四条,Enhanced
9663,市交通运输主管部门,Enhanced
9664,公交车未按规定进出站点的处罚,Enhanced
9665,公交车驾驶人,Enhanced
9666,一百元罚款,Enhanced
9667,公交车,Enhanced
9668,市政府审批的改制企业的国有土地资产处置,Enhanced
9669,自然资源所有者权益处,Enhanced
9670,养殖者,Enhanced
9671,未取得新饲料、新饲料添加剂证书的新饲料,Enhanced
9672,未取得饲料、饲料添加剂进口登记证的进口饲料,Enhanced
9673,无产品标签的饲料,Enhanced
9674,无生产许可证的饲料,Enhanced
9675,无产品质量标准的饲料,Enhanced
9676,无产品质量检验合格证的饲料添加剂,Enhanced
9677,无产品批准文号的饲料添加剂,Enhanced
9678,自行配制的饲料,Enhanced
9679,限制使用的物质,Enhanced
9680,乳和乳制品以外的动物源性成分,Enhanced
9681,县级人民政府饲料管理部门,Enhanced
9682,违法使用的产品和非法添加物质,Enhanced
9683,1万元以上5万元以下罚款,Enhanced
9684,饲料添加剂安全使用规范,Enhanced
9685,自行配制饲料使用规范,Enhanced
9686,限制性规定,Enhanced
9687,1999年5月国务院令第266号,Enhanced
9688,2017年3月国务院令第676号,Enhanced
9689,新饲料,Enhanced
9690,新饲料添加剂,Enhanced
9691,进口饲料,Enhanced
9692,进口饲料添加剂,Enhanced
9693,产品标签,Enhanced
9694,产品质量标准,Enhanced
9695,产品质量检验合格证,Enhanced
9696,合格证,Enhanced
9697,提供医疗卫生服务或者开展医学临床研究,Enhanced
9698,未按照规定履行告知义务或者取得知情同意,Enhanced
9699,需要紧急救治的患者,Enhanced
9700,"拒绝急救处置,或者由于不负责任延误诊治",Enhanced
9701,自然灾害,Enhanced
9702,不服从卫生健康主管部门调遣,Enhanced
9703,事故灾难,Enhanced
9704,公共卫生事件,Enhanced
9705,社会安全事件,Enhanced
9706,医师执业证书,Enhanced
9707,"在提供医疗卫生服务或者开展医学临床研究中,未按照规定履行告知义务或者取得知情同意",Enhanced
9708,"对需要紧急救治的患者,拒绝急救处置,或者由于不负责任延误诊治",Enhanced
9709,"遇有自然灾害、事故灾难、公共卫生事件和社会安全事件等严重威胁人民生命健康的突发事件时,不服从卫生健康主管部门调遣",Enhanced
9710,未按照规定报告有关情形,Enhanced
9711,"违反法律、法规、规章或者执业规范,造成医疗事故或者其他严重后果",Enhanced
9712,宣传与稳定安全办公室,Enhanced
9713,学生伤害事故处理办法,Enhanced
9714,《学生伤害事故处理办法》,Enhanced
9715,西安市教育行政管理部门,Enhanced
9716,市教育行政管理部门,Enhanced
9717,区、县教育行政管理部门,Enhanced
9718,《西安市中小学生人身伤害事故预防与处理条例》,Enhanced
9719,教育行政主管部门,Enhanced
9720,人民法院,Enhanced
9721,对学生发生伤害事故的调解,Enhanced
9722,"""异议登记""",Enhanced
9723,异议登记,Enhanced
9724,《陕西省节约能源条例》,Enhanced
9725,用能产品,Enhanced
9726,用能设备,Enhanced
9727,市场监督行政管理部门,Enhanced
9728,没收违法生产,Enhanced
9729,发展改革行政主管部门,Enhanced
9730,没收国家明令淘汰的用能设备,Enhanced
9731,提出意见,Enhanced
9732,禁止生产,Enhanced
9733,第十四条第一款,Enhanced
9734,禁止进口,Enhanced
9735,禁止销售,Enhanced
9736,禁止使用,Enhanced
9737,个人独资企业分支机构设立备案,Enhanced
9738,中华人民共和国个人独资企业法,Enhanced
9739,未经批准举办营业性演出的行政处罚,Enhanced
9740,国家统一法律职业资格考试违纪行为的处理,Enhanced
9741,大型露天宗教造像,Enhanced
9742,由宗教事务部门会同国土、规划、建设、旅游等部门,Enhanced
9743,宗教事务条例,Enhanced
9744,修建大型露天宗教造像,Enhanced
9745,责令停止施工,Enhanced
9746,并处造像建设工程造价百分之五以上百分之十以下的罚款,Enhanced
9747,国务院令第426号,Enhanced
9748,国务院令第686号,Enhanced
9749,宗教事务部门会同国土、规划、建设、旅游等部门,Enhanced
9750,隐瞒在境内或者境外的登记事实,Enhanced
9751,双重国籍船舶,Enhanced
9752,船舶国籍证书,Enhanced
9753,500总吨以下的船舶,Enhanced
9754,2000元以上、10000元以下,Enhanced
9755,501总吨以上、10000总吨以下的船舶,Enhanced
9756,10000元以上、50000元以下,Enhanced
9757,10001总吨以上的船舶,Enhanced
9758,50000元以上、200000元以下,Enhanced
9759,中华人民共和国船舶登记条例,Enhanced
9760,隐瞒在境内或者境外的登记事实，造成双重国籍船舶,Enhanced
9761,故意损毁、移动、涂改交通设施,Enhanced
9762,危害后果,Enhanced
9763,造成交通事故后逃逸,Enhanced
9764,机动车行驶超过规定时速百分之五十,Enhanced
9765,强迫机动车驾驶人违反道路交通安全法律、法规和机动车安全驾驶要求驾驶机动车,Enhanced
9766,违反交通管制的规定强行通行,Enhanced
9767,"处罚方式,处二百元以上二千元以下罚款",Enhanced
9768,非法拦截、扣留机动车辆,Enhanced
9769,"造成交通严重阻塞或者较大财产损失,处罚方式,处二百元以上二千元以下罚款",Enhanced
9770,未取得机动车驾驶证、机动车驾驶证被吊销或者机动车驾驶证被暂扣期间驾驶机动车,Enhanced
9771,将机动车交由未取得机动车驾驶证或者机动车驾驶证被吊销、暂扣的人驾驶,Enhanced
9772,"处罚方式,可以并处十五日以下拘留",Enhanced
9773,"造成交通严重阻塞或者较大财产损失,处罚方式,可以并处十五日以下拘留",Enhanced
9774,利用堤顶、戗台兼做公路审批,Enhanced
9775,《中华人民共和国河道管理条例》,Enhanced
9776,确需利用堤顶或者戗台兼做公路的,Enhanced
9777,县级以上地方人民政府河道主管机关批准,Enhanced
9778,堤身和堤顶公路的管理和维护办法,Enhanced
9779,河道主管机关商交通部门制定,Enhanced
9780,安全信息卡,Enhanced
9781,安全信息卡交由旅游者,Enhanced
9782,旅游者相关信息,Enhanced
9783,2000元,Enhanced
9784,出境旅游,Enhanced
9785,旅游者姓名,Enhanced
9786,出境证件号码,Enhanced
9787,国籍,Enhanced
9788,紧急情况下的联系人,Enhanced
9789,紧急情况下的联系方式,Enhanced
9790,中文,Enhanced
9791,目的地官方语言,Enhanced
9792,英文,Enhanced
9793,旅游者,Enhanced
9794,血型,Enhanced
9795,过敏药物,Enhanced
9796,重大疾病,Enhanced
9797,旅游安全管理办法,Enhanced
9798,2016年国家旅游局令第41号,Enhanced
9799,旅游,Enhanced
9800,市人防工程质量监督站,Enhanced
9801,城市和经济目标的人民防空建设,Enhanced
9802,情况和必要的资料,Enhanced
9803,中华人民共和国人民防空法,Enhanced
9804,陕西省实施中华人民共和国人民防空法办法,Enhanced
9805,生产、储存危险化学品的单位,Enhanced
9806,通信、报警装置,Enhanced
9807,5万元以下的罚款,Enhanced
9808,情节严重的生产、储存危险化学品的单位,Enhanced
9809,国务院令第344号,Enhanced
9810,条例公布依据,Enhanced
9811,危险化学品作业场所,Enhanced
9812,未按要求进行食品贮存、运输和装卸行为,Enhanced
9813,《中华人民共和国食品安全法》（2021年修订）第一百三十二条,Enhanced
9814,县级以上人民政府食品安全监督管理等部门,Enhanced
9815,经济适用房建设标准备案,Enhanced
9816,第八十二条第二款,Enhanced
9817,处置方案,Enhanced
9818,所在地县级人民政府安全生产监督管理部门,Enhanced
9819,所在地县级人民政府工业和信息化主管部门,Enhanced
9820,所在地县级人民政府环境保护主管部门,Enhanced
9821,所在地县级人民政府公安机关,Enhanced
9822,可以处1万元以下的罚款,Enhanced
9823,处1万元以上5万元以下的罚款,Enhanced
9824,未取得许可从事犬类经营活动的行为,Enhanced
9825,从事犬类养殖、诊疗等经营活动的单位,Enhanced
9826,防疫条件合格证,Enhanced
9827,动物诊疗许可证,Enhanced
9828,公安机关备案,Enhanced
9829,对放射性物品运输过程中托运人、承运人未按要求做好事故应急工作并报告事故的行政处罚,Enhanced
9830,《放射性物品运输安全管理条例》,Enhanced
9831,托运人、承运人未按照核与辐射事故应急响应指南的要求，做好事故应急工作并报告事故的，由县级以上地方人民政府环境保护主管部门处5万元以上20万元以下的罚款,Enhanced
9832,"三等及以上尾矿库及""头顶库""",Enhanced
9833,未按设计设置通往坝顶、排洪系统附近的应急道路等行为,Enhanced
9834,电力建设项目,Enhanced
9835,电力发展规划,Enhanced
9836,发展规划,Enhanced
9837,产业政策,Enhanced
9838,国家明令淘汰的电力设备和技术,Enhanced
9839,设备和技术,Enhanced
9840,国家电力产业政策,Enhanced
9841,国家明令淘汰的电力设备,Enhanced
9842,电力发展规划和产业政策,Enhanced
9843,不符合电力发展规划和产业政策的电力建设项目,Enhanced
9844,使用国家明令淘汰的电力设备和技术的电力建设项目,Enhanced
9845,使用国家明令淘汰的电力设备和技术的电力建设项目中的设备,Enhanced
9846,对健身气功工作中做出贡献的单位和个人的奖励,Enhanced
9847,职业中介服务,Enhanced
9848,所收取的中介服务费,Enhanced
9849,一千元以下的罚款,Enhanced
9850,《就业服务与就业管理规定》,Enhanced
9851,职业中介服务机构,Enhanced
9852,2007年11月5日劳动保障部令第28号公布，2022年1月7日人力资源和社会保障部令第47号第四次修订,Enhanced
9853,尾矿库运行到设计最终标高的前12个月内,Enhanced
9854,闭库前的安全现状评价和闭库设计,Enhanced
9855,生产经营单位或者尾矿库管理单位,Enhanced
9856,第八条第二款、第十九条、第二十条、第二十一条、第二十二条、第二十四条、第二十六条、第二十九条第一款规定,Enhanced
9857,主管人员和直接责任人员,Enhanced
9858,电梯改造单位,Enhanced
9859,电梯使用单位,Enhanced
9860,具有不低于原制造单位资质等级的单位,Enhanced
9861,电梯改造、修理单位,Enhanced
9862,未在电梯改造完成后更换铭牌,Enhanced
9863,电梯修理单位,Enhanced
9864,未在电梯修理完成后更换铭牌,Enhanced
9865,在城市建成区内设立烟花爆竹储存仓库,Enhanced
9866,在批发（展示）场所摆放有药样品,Enhanced
9867,《烟花爆竹经营许可实施办法》,Enhanced
9868,责令其限期改正,Enhanced
9869,未建立和保管消防技术服务档案,Enhanced
9870,消防支队、大队,Enhanced
9871,对不按规定送交贮存或擅自处置废旧放射源或其他放射性固体废物的代履行,Enhanced
9872,强制清除,Enhanced
9873,所有人或者经营人,Enhanced
9874,恢复航道通航能力,Enhanced
9875,边境旅游业务,Enhanced
9876,具体条件,Enhanced
9877,旅行社业务经营许可,Enhanced
9878,乡(镇)村企业使用集体建设用地审批,Enhanced
9879,乡(镇,Enhanced
9880,乡,Enhanced
9881,镇,Enhanced
9882,民航、铁路、电力行业的生产经营单位及其主要负责人,Enhanced
9883,主管的负有安全生产监督管理职责的部门进行处罚,Enhanced
9884,县级以上人民政府决定,Enhanced
9885,行政教育,Enhanced
9886,县级以上人民政府决定关闭,Enhanced
9887,治安管理处罚的规定决定拘留,Enhanced
9888,故意毁损人民币的处罚,Enhanced
9889,《中华人民共和国人民币管理条例》,Enhanced
9890,第280号,Enhanced
9891,擅自举行大型宗教活动,Enhanced
9892,对擅自举行大型宗教活动的处罚,Enhanced
9893,由宗教事务部门会同有关部门责令停止活动，可以并处10万元以上30万元以下的罚款；有违法所得、非法财物的，没收违法所得和非法财物。其中，大型宗教活动是宗教团体、宗教活动场所擅自举办的，登记管理机关还可以责令该宗教团体、宗教活动场所撤换直接负责的主管人员。,Enhanced
9894,突发公共卫生事件与传染病疫情监测信息报告管理工作监督检查,Enhanced
9895,劳务派遣单位设立分公司经营劳务派遣业务备案,Enhanced
9896,劳动关系处（科）,Enhanced
9897,劳务派遣行政许可实施办法,Enhanced
9898,大型群众性活动,Enhanced
9899,对未经许可举办大型活动的处罚,Enhanced
9900,大型群众性活动安全管理条例,Enhanced
9901,承办者,Enhanced
9902,10万元以上30万元以下,Enhanced
9903,律师执业年度考核结果,Enhanced
9904,《中华人民共和国律师法》,Enhanced
9905,组织律师业务培训和职业道德、执业纪律教育,Enhanced
9906,对律师的执业活动进行考核,Enhanced
9907,对律师事务所的律师执业年度考核结果实行备案监督,Enhanced
9908,年度执业情况报告和律师执业考核结果,Enhanced
9909,伪造、变造、买卖公文、证件、证明文件、印章,Enhanced
9910,买卖、使用伪造、变造的公文、证件、证明文件,Enhanced
9911,伪造、变造、倒卖有价票证、凭证,Enhanced
9912,伪造、变造船舶户牌,Enhanced
9913,涂改船舶发动机号码,Enhanced
9914,伪造、变造或者买卖国家机关、人民团体、企业、事业单位或者其他组织的公文、证件、证明文件、印章的,Enhanced
9915,买卖或者使用伪造、变造的国家机关、人民团体、企业、事业单位或者其他组织的公文、证件、证明文件的,Enhanced
9916,伪造、变造、倒卖车票、船票、航空客票、文艺演出票、体育比赛入场券或者其他有价票证、凭证的,Enhanced
9917,买卖或者使用伪造、变造的船舶户牌,Enhanced
9918,"关系,拘留",Enhanced
9919,"买卖或者使用伪造、变造的船舶户牌, 或者涂改船舶发动机号码的",Enhanced
9920,责令给予降低岗位等级或者撤职的处分,Enhanced
9921,责令给予开除的处分,Enhanced
9922,责令暂停6个月以上1年以下执业活动,Enhanced
9923,由原发证部门吊销执业证书,Enhanced
9924,进口产品,Enhanced
9925,我国国家技术规范的强制性要求,Enhanced
9926,我国与出口国（地区）签订的协议规定的检验要求,Enhanced
9927,质检、药品监督管理部门,Enhanced
9928,生产经营者的诚信度和质量管理水平,Enhanced
9929,进口产品风险评估的结果,Enhanced
9930,进口产品的收货人,Enhanced
9931,进口产品流向,Enhanced
9932,进口产品的流向,Enhanced
9933,不得少于2年,Enhanced
9934,不符合法定要求产品,Enhanced
9935,进货人、报检人、代理人列入不良记录名单,Enhanced
9936,进口产品的进货人、销售者,Enhanced
9937,"由,质检、药品监督管理部门",Enhanced
9938,"没收,违法所得和产品",Enhanced
9939,"并处,货值金额3倍的罚款",Enhanced
9940,进口产品的报检人、代理人,Enhanced
9941,"并处,货值金额等值的罚款",Enhanced
9942,对进口产品的进货人、销售者、报检人、代理人弄虚作假的行政处罚,Enhanced
9943,国务院令第503号,Enhanced
9944,西安市会展业促进条例,Enhanced
9945,会展业行政主管部门,Enhanced
9946,会展举办单位,Enhanced
9947,扶持补助和奖励资金,Enhanced
9948,扶持资金,Enhanced
9949,穿着、佩带仿制警用制式服装、标志,Enhanced
9950,《人民警察制式服装及其标志管理规定》,Enhanced
9951,《人民警察法》,Enhanced
9952,处罚方式,Enhanced
9953,罚款上限,Enhanced
9954,穿着,Enhanced
9955,佩带,Enhanced
9956,《民警察法》,Enhanced
9957,应当报废的船舶,Enhanced
9958,航行或者作业,Enhanced
9959,应当报废的船舶、浮动设施,Enhanced
9960,国务院令第355号公布　国务院令第709号修订,Enhanced
9961,进口不符合强制性标准的产品,Enhanced
9962,监督销毁或作必要技术处理,Enhanced
9963,进口不符合强制性标准的产品的封存,Enhanced
9964,进口不符合强制性标准的产品的进口商或相关责任人,Enhanced
9965,有关责任者,Enhanced
9966,中华人民共和国标准化法实施条例,Enhanced
9967,违反捕捞许可证关于作业类型、场所、时限和渔具数量的规定进行捕捞的,Enhanced
9968,对违反捕捞许可证关于作业类型、场所、时限和渔具数量的规定进行捕捞的行政处罚,Enhanced
9969,没收渔获物和违法所得,Enhanced
9970,可以并处五万元以下的罚款,Enhanced
9971,并可以没收渔具,Enhanced
9972,并可以吊销捕捞许可证,Enhanced
9973,相关责任单位,Enhanced
9974,因工程建设活动对地质环境造成影响,Enhanced
9975,相关责任单位未履行地质环境监测义务,Enhanced
9976,《地质环境监测管理办法》,Enhanced
9977,因工程建设活动对地质环境造成影响的相关责任单位未履行地质环境监测义务的法律责任,Enhanced
9978,以隐瞒、欺骗手段补领机动车驾驶证,Enhanced
9979,补领机动车驾驶证后，继续使用原机动车驾驶证的处罚,Enhanced
9980,承租人,Enhanced
9981,公共租赁住房,Enhanced
9982,所承租公共租赁住房,Enhanced
9983,所承租公共租赁住房用途,Enhanced
9984,房产,Enhanced
9985,集体土地所有权转移登记,Enhanced
9986,统一登记的范围,Enhanced
9987,法律、行政法规规定,Enhanced
9988,农民集体,Enhanced
9989,集体土地所有权转移,Enhanced
9990,请求,Enhanced
9991,应当提交下列材料,Enhanced
9992,提交材料之一,Enhanced
9993,互换、调整协议等集体土地所有权转移的材料,Enhanced
9994,本集体经济组织三分之二以上成员或者三分之二以上村民代表同意的材料,Enhanced
9995,不动产所在地的登记机构负责,Enhanced
9996,不动产统一登记制度,Enhanced
9997,提交材料,Enhanced
9998,请求集体土地所有权转移登记的必要条件,Enhanced
9999,野生植物资源保护,Enhanced
10000,科学研究,Enhanced
10001,培育利用,Enhanced
10002,宣传教育,Enhanced
10003,对劳务派遣单位隐瞒真实情况或者提交虚假材料取得劳务派遣行政许可的行为,Enhanced
10004,对城市饮用水地下水源二级保护区内利用未做防渗处理的污水管道穿越保护区或利用渗坑、渗井、渠道等排放有毒有害污水的行政处罚,Enhanced
10005,第十条第一项,Enhanced
10006,在城市饮用水地下水源二级保护区内禁止下列行为,Enhanced
10007,未做防渗处理的污水管道穿越保护区，利用渗坑、渗井、渠道等排放有毒有害污水,Enhanced
10008,由环境保护行政管理部门责令改正或者责令限制生产、停产整治,Enhanced
10009,并处十万元以上一百万元以下罚款,Enhanced
10010,"情节严重的,报经有批准权的人民政府批准,责令停业、关闭",Enhanced
10011,西安市城市污水处理和再生水利用条例,Enhanced
10012,市、区、县人民政府,Enhanced
10013,城市污水处理和再生水利用设施,Enhanced
10014,城市污水处理和再生水利用设施的安全保护范围,Enhanced
10015,水行政管理部门或城市污水处理行政管理部门,Enhanced
10016,占用污水处理设施或未经批准在其安全保护范围内违章施工的行为,Enhanced
10017,占用污水处理设施或未经批准在其安全保护范围内违章施工,Enhanced
10018,对非法获取、持有国家秘密载体的处罚,Enhanced
10019,监督检查处,Enhanced
10020,保密行政管理部门,Enhanced
10021,保密检查中发现的非法获取、持有的国家秘密载体,Enhanced
10022,予以收缴,Enhanced
10023,进行登记并出具清单,Enhanced
10024,密级、数量、来源、扩散范围等,Enhanced
10025,相应的保密措施,Enhanced
10026,《中华人民共和国保守国家秘密法》第四十五条,Enhanced
10027,《中华人民共和国保守国家秘密法实施条例》第三十六条,Enhanced
10028,可移动文物定级的备案,Enhanced
10029,《文物认定管理暂行办法》,Enhanced
10030,文物行政部门,Enhanced
10031,民间收藏文物定级的工作机制,Enhanced
10032,民间收藏文物的定级工作,Enhanced
10033,文物认定管理暂行办法,Enhanced
10034,地方文物行政部门,Enhanced
10035,定级的民间收藏文物,Enhanced
10036,主管的文物行政部门备案,Enhanced
10037,建筑起重机械安装、拆卸告知备案,Enhanced
10038,《建筑起重机械安全监督管理规定》（2008年1月28日建设部令第166号）第十二条第五项,Enhanced
10039,建筑起重机械安装、拆卸工程专项施工方案,Enhanced
10040,施工总承包单位和监理单位审核,Enhanced
10041,建筑起重机械使用单位,Enhanced
10042,到建设工程所在地县级以上建设工程质量安全监督机构搞定使用登记,Enhanced
10043,《陕西省建设工程质量和安全生产管理条例》（2021年修正）第四十三条第二款,Enhanced
10044,建筑起重机械使用登记,Enhanced
10045,到建设工程所在地县级以上建设工程质量安全监督机构进行使用登记,Enhanced
10046,县级以上燃气行政主管部门,Enhanced
10047,从事瓶装燃气经营的企业,Enhanced
10048,给未取得燃气经营许可证的站点提供燃气,Enhanced
10049,违反本条例第二十二条第（一）项规定,Enhanced
10050,由县级以上燃气行政主管部门处以五千元以上二万元以下罚款,Enhanced
10051,由发证机关吊销燃气经营许可证,Enhanced
10052,对集市主办者违反对集市使用的属于强制检定的计量器具登记造册，向当地市场监督管理部门备案，并配合市场监督管理部门及其指定的法定计量检定机构做好强制检定工作规定,Enhanced
10053,国家明令淘汰的计量器具禁止使用,Enhanced
10054,国家限制使用的计量器具，应当遵守有关规定,Enhanced
10055,未申请检定、超过检定周期或者经检定不合格的计量器具不得使用,Enhanced
10056,集市应当设置符合要求的公平秤，并负责保管、维护和监督检查，定期送当地市场监督管理部门所属的法定计量检定机构进行检定规定,Enhanced
10057,集市主办者,Enhanced
10058,法定计量检定机构,Enhanced
10059,公平秤,Enhanced
10060,集市,Enhanced
10061,为用血者提供虚假用血证明,Enhanced
10062,处以一千元以上五千元以下的罚款,Enhanced
10063,"行政处分,直接负责的主管人员和其他直接责任人员",Enhanced
10064,2003年4月2日,Enhanced
10065,法律法规或政策,Enhanced
10066,对沿街建设工程施工现场不按规定围挡的行政处罚,Enhanced
10067,沿街建设工程施工现场,Enhanced
10068,规定围挡,Enhanced
10069,不按规定围挡,Enhanced
10070,处20000元以上50000元以下罚款,Enhanced
10071,超越资质等级许可的范围从事测绘活动,Enhanced
10072,以其他测绘单位的名义从事测绘活动,Enhanced
10073,允许其他单位以本单位名义从事测绘活动,Enhanced
10074,测绘资质证书,Enhanced
10075,城镇排水设施维护或者检修,Enhanced
10076,城镇排水设施维护运营单位,Enhanced
10077,相关排水户,Enhanced
10078,城镇排水主管部门报告,Enhanced
10079,城镇排水主管部门报告，采取应急处理措施,Enhanced
10080,城镇排水主管部门报告，采取应急处理措施，并向社会公告,Enhanced
10081,贩卖,Enhanced
10082,持有,Enhanced
10083,县级以上人民政府及其建设行政主管部门,Enhanced
10084,新型墙体材料发展应用工作中,Enhanced
10085,显著成绩,Enhanced
10086,西安市散装水泥管理条例（2021年修正）,Enhanced
10087,对监理单位未履行对施工单位使用散装水泥或预拌混凝土、预拌砂浆进行监督职责的处罚,Enhanced
10088,公路建筑控制区外修建的建筑物,Enhanced
10089,安全视距,Enhanced
10090,公路建筑控制区外修建的地面构筑物,Enhanced
10091,公路建筑控制区外修建的其他设施,Enhanced
10092,在公路建筑控制区内修建的建筑物,Enhanced
10093,在公路建筑控制区内埋设的管线、电缆等设施,Enhanced
10094,在公路建筑控制区内扩建的建筑物,Enhanced
10095,在公路建筑控制区外修建的建筑物,Enhanced
10096,在公路建筑控制区外修建的地面构筑物,Enhanced
10097,在公路建筑控制区外修建的其他设施,Enhanced
10098,逾期不拆除的建筑物,Enhanced
10099,逾期不拆除的地面构筑物,Enhanced
10100,逾期不拆除的其他设施,Enhanced
10101,建筑者承担,Enhanced
10102,构筑者承担,Enhanced
10103,违法行为人承担,Enhanced
10104,中华人民共和国公路法,Enhanced
10105,公路法,Enhanced
10106,教育移动互联网应用程序备案,Enhanced
10107,《教育部办公厅关于印发教育移动互联网应用程序备案管理办法的通知》(教技厅〔2019〕3号),Enhanced
10108,各单位,Enhanced
10109,教育移动应用管理工作,Enhanced
10110,各省级教育行政部门,Enhanced
10111,本地区的企业、社会机构等单位,Enhanced
10112,学校和所属单位的使用者备案信息,Enhanced
10113,备案管理办法,Enhanced
10114,教育行政部门的使用者备案信息,Enhanced
10115,各单位自主开发、自主选用和上级部门要求使用的教育APP,Enhanced
10116,违规使用、疏于管理并造成不良影响的教育行政部门、学校和教师,Enhanced
10117,《教育移动互联网应用程序备案管理办法》(教技厅〔2019〕3号),Enhanced
10118,《陕西省教育厅办公室关于落实教育移动互联网应用程序备案工作的通知》(陕教信办〔2019〕12号),Enhanced
10119,组织机构代码,Enhanced
10120,印章样式,Enhanced
10121,银行账号,Enhanced
10122,税务登记证书备案,Enhanced
10123,数字串,Enhanced
10124,图形,Enhanced
10125,擅自印刷特种印刷品的处罚,Enhanced
10126,擅自再委托他人印刷特种印刷品的处罚,Enhanced
10127,擅自承印特种印刷品的处罚,Enhanced
10128,擅自委托印刷特种印刷品的处罚,Enhanced
10129,委托非指定印刷企业印刷特种印刷品的处罚,Enhanced
10130,情节严重者,Enhanced
10131,没收印刷品,Enhanced
10132,县级以上地方人民政府水行政,Enhanced
10133,侵占、毁坏或者擅自移动地下水监测设施设备及其标志的行为,Enhanced
10134,逾期不采取补救措施的行为,Enhanced
10135,补救费用,Enhanced
10136,对涉嫌侵犯世界博览会标志专有权行为的监督检查,Enhanced
10137,《世界博览会标志保护条例》,Enhanced
10138,查阅、复制,Enhanced
10139,查封或者扣押,Enhanced
10140,未取得农药生产许可证生产农药或者生产假农药,Enhanced
10141,用于违法生产的工具、设备、原材料等,Enhanced
10142,5万元,Enhanced
10143,10万元,Enhanced
10144,货值金额1万元以上的违法生产的产品,Enhanced
10145,货值金额10倍,Enhanced
10146,货值金额20倍,Enhanced
10147,货值金额,Enhanced
10148,农药生产许可证和相应的农药登记证,Enhanced
10149,取消投标资格,Enhanced
10150,管道燃气经营者,Enhanced
10151,承包经营权注销登记,Enhanced
10152,不动产首次登记,Enhanced
10153,转移登记,Enhanced
10154,更正登记,Enhanced
10155,预告登记,Enhanced
10156,对体育类社会团体的行政检查,Enhanced
10157,船舶、浮动设施发生内河交通事故后逃逸的,Enhanced
10158,责任船员,Enhanced
10159,适任证书或者其他适任证件,Enhanced
10160,5年内,Enhanced
10161,未随车携带超限运输车辆通行证,Enhanced
10162,护送方案,Enhanced
10163,承运人,Enhanced
10164,作出行政许可决定的交通运输主管部门进行护送,Enhanced
10165,不能自行组织护送的承运人,Enhanced
10166,超限运输车辆,Enhanced
10167,未经许可擅自行驶公路,Enhanced
10168,车辆及装载物品的有关情况与《超限运输车辆通行证》记载的内容不一致,Enhanced
10169,未按许可的时间、路线、速度行驶公路,Enhanced
10170,未按许可的护送方案采取护送措施,Enhanced
10171,经批准的超限运输许可证件和护送方案,Enhanced
10172,交通运输主管部门进行护送,Enhanced
10173,中国烹饪协会,Enhanced
10174,饲料、饲料添加剂拆包、分装,Enhanced
10175,本条例规定实行产品购销台账制度,Enhanced
10176,失效、霉变或者超过保质期,Enhanced
10177,违法所得和违法经营的产品,Enhanced
10178,饲料、饲料添加剂经营者,Enhanced
10179,对病原微生物实验室未依照规定在明显位置标示国务院卫生主管部门和兽医主管部门规定的生物危险标识和生物安全实验室级别标志的,Enhanced
10180,未向原批准部门报告实验活动结果以及工作情况的,Enhanced
10181,未依照规定采集病原微生物样本，或者对所采集样本的来源、采集过程和方法等未作详细记录的,Enhanced
10182,新建、改建或者扩建一级、二级实验室未向设区的市级人民政府卫生主管部门或者兽医主管部门备案的,Enhanced
10183,未依照规定定期对工作人员进行培训，或者工作人员考核不合格允许其上岗，或者批准未采取防护措施的人员进入实验室的,Enhanced
10184,实验室工作人员未遵守实验室生物安全技术规范和操作规程的,Enhanced
10185,未依照规定建立或者保存实验档案的,Enhanced
10186,未依照规定制定实验室感染应急处置预案并备案的,Enhanced
10187,提交虚假材料或者采取其他欺诈手段隐瞒重要事实取得市场主体登记的,Enhanced
10188,情节严重的处20万元以上100万元以下的罚款,Enhanced
10189,机关、团体、企业、事业等单位,Enhanced
10190,本法第十六条、第十七条、第十八条、第二十一条第二款,Enhanced
10191,消防大队,Enhanced
10192,第六十七条,Enhanced
10193,警告处罚,Enhanced
10194,擅自向社会发布农作物病虫害预报或者灾情信息,Enhanced
10195,由县级以上人民政府农业农村主管部门处5000元以上5万元以下罚款,Enhanced
10196,从事农作物病虫害研究、饲养、繁殖、运输、展览等活动未采取有效措施,Enhanced
10197,"行为,由县级以上人民政府农业农村主管部门处5000元以上5万元以下罚款",Enhanced
10198,开展农作物病虫害预防控制航空作业未按照国家有关规定进行公告,Enhanced
10199,农作物病虫害防治条例,Enhanced
10200,农作物病虫害,Enhanced
10201,未取得校车驾驶资格驾驶校车的处罚,Enhanced
10202,吊销机动车驾驶证,Enhanced
10203,对建筑垃圾消纳场擅自关闭或者拒绝消纳建筑垃圾的行政处罚,Enhanced
10204,建筑垃圾消纳场,Enhanced
10205,建筑垃圾消纳人,Enhanced
10206,违反《西安市建筑垃圾管理条例》的建筑垃圾消纳场,Enhanced
10207,第三十条规定,Enhanced
10208,二万元罚款,Enhanced
10209,《中华人民共和国种子法》(2021年12月修正),Enhanced
10210,生产经营假种子,Enhanced
10211,种子生产经营许可证,Enhanced
10212,二万元以上二十万元以下罚款,Enhanced
10213,货值金额十倍以上二十倍以下罚款,Enhanced
10214,种子企业或者其他单位的法定代表人、直接负责的主管人员,Enhanced
10215,种子企业的法定代表人、高级管理人员,Enhanced
10216,非种子,Enhanced
10217,种子或者以此种品种种子冒充其他品种种子,Enhanced
10218,种子种类、品种,Enhanced
10219,不符或者没有标签,Enhanced
10220,质量,Enhanced
10221,国家规定标准,Enhanced
10222,标签标注指标,Enhanced
10223,假种子,Enhanced
10224,种子法中的假种子,Enhanced
10225,劣种子,Enhanced
10226,种子法中的劣种子,Enhanced
10227,带有国家规定的检疫性有害生物,Enhanced
10228,对中小学幼儿园安全管理的检查,Enhanced
10229,行政检查权,Enhanced
10230,药品监督管理部门和卫生主管部门,Enhanced
10231,发生麻醉药品和精神药品被盗、被抢、丢失案件的单位,Enhanced
10232,情节严重的发生麻醉药品和精神药品被盗、被抢、丢失案件的单位,Enhanced
10233,对发生麻醉药品和精神药品被盗、被抢、丢失案件的单位,Enhanced
10234,治理恢复措施,Enhanced
10235,对矿山地质环境与土地复垦方案确立的治理恢复措施落实情况和矿山地质环境监测情况进行现场检查,Enhanced
10236,"制止并依法查处,违反本规定的行为",Enhanced
10237,本规定第二十一条,Enhanced
10238,"限期改正,探矿权人",Enhanced
10239,不受理其新的探矿权、采矿权申请,Enhanced
10240,矿山地质环境保护规定,Enhanced
10241,自然资源部令第44号,Enhanced
10242,对所经营的艺术品未标明作者、年代、尺寸、材料、保存状况和销售价格等信息,Enhanced
10243,未按法律法规规定保留交易有关的原始凭证、销售合同、台账、账簿等销售记录,Enhanced
10244,对所经营的艺术品未标明作者、年代、尺寸、材料、保存状况和销售价格等信息；未按法律法规规定保留交易有关的原始凭证、销售合同、台账、账簿等销售记录；保存期不得少5年行为的行政处罚。,Enhanced
10245,艺术品,Enhanced
10246,经营对象,Enhanced
10247,交易记录,Enhanced
10248,保存期不得少5年行为的行政处罚,Enhanced
10249,对单位燃用不符合质量标准的煤炭、石油焦的行政处罚,Enhanced
10250,第一百零五条,Enhanced
10251,由县级以上人民政府生态环境主管部门责令改正,Enhanced
10252,处货值金额一倍以上三倍以下的罚款,Enhanced
10253,《中华人民共和国大气污染防治法》（2018年修正）第一百零五条,Enhanced
10254,未经许可擅自从事机动车驾驶员培训业务,Enhanced
10255,"超越许可事项,非法从事机动车驾驶员培训业务",Enhanced
10256,西安市人民政府令第86号,Enhanced
10257,机动车驾驶员培训许可证件,Enhanced
10258,机动车驾驶员培训,Enhanced
10259,培训,Enhanced
10260,农药使用者,Enhanced
10261,农药的标签标注的使用范围、使用方法和剂量、使用技术要求和注意事项、安全间隔期使用农药,Enhanced
10262,禁用的农药,Enhanced
10263,剧毒、高毒农药用于防治卫生害虫,Enhanced
10264,剧毒、高毒农药用于蔬菜、瓜果、茶叶、菌类、中草药材生产或者用于水生植物的病虫害防治,Enhanced
10265,饮用水水源保护区内使用农药,Enhanced
10266,农药毒鱼、虾、鸟、兽等,Enhanced
10267,饮用水水源保护区、河道内丢弃农药、农药包装物或者清洗施药器械,Enhanced
10268,"农药使用者进行,责令改正",Enhanced
10269,"农产品生产企业、食品和食用农产品仓储企业、专业化病虫害防治服务组织和从事农产品生产的农民专业合作社等单位的农药使用者处,5万元以上10万元以下罚款",Enhanced
10270,"个人的农药使用者处,1万元以下罚款",Enhanced
10271,"有前款第二项规定的行为的农药使用者,没收,禁用的农药",Enhanced
10272,权力的行使主体,Enhanced
10273,违法行为进行处罚,Enhanced
10274,农产品生产企业、食品和食用农产品仓储企业、专业化病虫害防治服务组织和从事农产品生产的农民专业合作社等单位以及个人,Enhanced
10275,烟花爆竹仓库存放其它爆炸物等危险物品或者生产经营违禁超标产品,Enhanced
10276,在河道、湖泊管理范围内建设妨碍行洪的建筑物、构筑物或者从事影响河势稳定、危害河岸堤防安全和其他妨碍河道行洪的活动,Enhanced
10277,违法利用、占用黄河流域河道、湖泊水域和岸线,Enhanced
10278,建设跨河、穿河、穿堤、临河的工程设施，降低行洪和调蓄能力或者缩小水域面积，未建设等效替代工程或者采取其他功能补救措施,Enhanced
10279,侵占黄河备用入海流路,Enhanced
10280,《中华人民共和国黄河保护法》第一百一十八条,Enhanced
10281,安全生产管理机构,Enhanced
10282,专职安全生产管理人员,Enhanced
10283,"无专职安全生产管理人员,现场监督",Enhanced
10284,施工单位的主要负责人,Enhanced
10285,或经考核不合格,Enhanced
10286,施工单位的项目负责人,Enhanced
10287,施工单位的专职安全生产管理人员,Enhanced
10288,施工单位的作业人员,Enhanced
10289,施工单位的特种作业人员,Enhanced
10290,施工现场的危险部位,Enhanced
10291,明显的安全警示标志,Enhanced
10292,施工现场,Enhanced
10293,消防通道,Enhanced
10294,消防水源,Enhanced
10295,灭火器材,Enhanced
10296,安全防护用具,Enhanced
10297,安全防护服装,Enhanced
10298,施工起重机械和整体提升脚手架,Enhanced
10299,未登记,Enhanced
10300,乡村建设规划许可,Enhanced
10301,村镇规划处,Enhanced
10302,将污染源自动监控设施有关情况交有管辖权的监督检查机构登记备案,Enhanced
10303,向有管辖权的监督检查机构变更登记备案,Enhanced
10304,污染源自动监控设施的主要设备或者核心部件更换、采样位置或者主要设备安装位置等发生重大变化的,Enhanced
10305,排污单位或者其他污染源自动监控设施所有权单位,Enhanced
10306,污染源自动监控设施,Enhanced
10307,有管辖权的监督检查机构,Enhanced
10308,污染源自动监控设施有关情况,Enhanced
10309,污染源自动监控设施验收后五个工作日内将污染源自动监控设施有关情况交有管辖权的监督检查机构登记备案,Enhanced
10310,重新验收合格后五个工作日内向有管辖权的监督检查机构变更登记备案,Enhanced
10311,重新组织验收,Enhanced
10312,第七十六条第一项,Enhanced
10313,生态环境主管部门责令改正，处二万元以上二十万元以下的罚款,Enhanced
10314,拒不改正的，责令限制生产、停产整治,Enhanced
10315,实行排污许可管理的单位未按照规定对工业噪声开展自行监测，未保存原始监测记录，或者未向社会公开监测结果的行为,Enhanced
10316,市环境局下属单位,Enhanced
10317,出租场地或设备者,Enhanced
10318,陕西省产品质量监督管理条例,Enhanced
10319,《陕西省产品质量监督管理条例》,Enhanced
10320,拒绝提供统计资料或者经催报后仍未按时提供统计资料的,Enhanced
10321,提供不真实或者不完整的统计资料的,Enhanced
10322,拒绝答复或者不如实答复统计检查查询书的,Enhanced
10323,拒绝、阻碍统计调查、统计检查的,Enhanced
10324,转移、隐匿、篡改、毁弃或者拒绝提供原始记录和凭证、统计台账、统计调查表及其他相关证明和资料的,Enhanced
10325,《中华人民共和国统计法》第四十一条,Enhanced
10326,统计检查查询书,Enhanced
10327,统计文件,Enhanced
10328,统计调查表,Enhanced
10329,原始记录和凭证,Enhanced
10330,统计台账,Enhanced
10331,任免机关,Enhanced
10332,监察机关,Enhanced
10333,暂扣或者吊销执业许可证件或者经营许可证件,Enhanced
10334,《医疗废物管理条例》,Enhanced
10335,《医疗废物管理行政处罚办法》,Enhanced
10336,在建工程抵押注销登记,Enhanced
10337,本法和其他有关法律法规,Enhanced
10338,有关机关查处,Enhanced
10339,公告,Enhanced
10340,有关机关,Enhanced
10341,慈善组织从事、资助危害国家安全或者社会公共利益活动,Enhanced
10342,登记证书吊销,Enhanced
10343,非物质文化遗产项目代表性传承人认定,Enhanced
10344,代表性项目认定,Enhanced
10345,《陕西省非物质文化遗产条例》第十八条,Enhanced
10346,县级以上文化主管部门,Enhanced
10347,《陕西省非物质文化遗产条例》第二十条,Enhanced
10348,专家评审委员会,Enhanced
10349,非物质文化遗产代表性项目名录申请,Enhanced
10350,非物质文化遗产代表性项目名录,Enhanced
10351,国务院文化主管部门和省、自治区、直辖市人民政府文化主管部门,Enhanced
10352,《中华人民共和国非物质文化遗产法》第二十九条,Enhanced
10353,非物质文化遗产项目认定,Enhanced
10354,江河,Enhanced
10355,湖泊,Enhanced
10356,排污口,Enhanced
10357,设施实体,Enhanced
10358,权力类型实体,Enhanced
10359,排污口审批,Enhanced
10360,"""洗染业经营者备案""",Enhanced
10361,"""西安市商务局""",Enhanced
10362,"""商贸服务业处""",Enhanced
10363,"""《洗染业管理办法》""",Enhanced
10364,洗染业管理办法,Enhanced
10365,洗染业经营者备案,Enhanced
10366,《洗染业管理办法》,Enhanced
10367,登记注册地工商行政管理部门的同级商务主管部门办理备案,Enhanced
10368,对生产经营单位主要负责人未履行安全生产管理职责导致发生生产安全事故的行政处罚,Enhanced
10369,第九十五条,Enhanced
10370,生产经营单位的主要负责人,Enhanced
10371,本法规定的安全生产管理职责,Enhanced
10372,下列规定处以罚款,Enhanced
10373,一般事故,Enhanced
10374,上一年年收入百分之四十的罚款,Enhanced
10375,较大事故,Enhanced
10376,上一年年收入百分之六十的罚款,Enhanced
10377,重大事故,Enhanced
10378,上一年年收入百分之八十的罚款,Enhanced
10379,特别重大事故,Enhanced
10380,上一年年收入百分之一百的罚款,Enhanced
10381,应急管理部门和其他负有安全生产监督管理职责的部门按照职责分工决定,Enhanced
10382,负有安全生产监督管理职责的部门报请县级以上人民政府按照国务院规定的权限决定,Enhanced
10383,拘留的行政处罚,Enhanced
10384,公安机关依照治安管理处罚的规定决定,Enhanced
10385,工程设计图纸或者施工技术标准施工,Enhanced
10386,公路建设监督管理办法,Enhanced
10387,不合格的建筑材料、建筑构配件和设备,Enhanced
10388,本办法规定,Enhanced
10389,交通部,Enhanced
10390,《公路建设监督管理办法》,Enhanced
10391,《公路工程设计变更管理办法》,Enhanced
10392,审核建筑起重机械特种设备制造许可证,Enhanced
10393,审核建筑起重机械安装单位、使用单位的资质证书,Enhanced
10394,监督安装单位执行建筑起重机械安装、拆卸工程专项施工方案情况,Enhanced
10395,监督检查建筑起重机械的使用情况,Enhanced
10396,某街道办事处的工作,Enhanced
10397,对监理单位的处罚措施,Enhanced
10398,不符合《中华人民共和国精神卫生法》规定条件的医疗机构,Enhanced
10399,擅自从事精神障碍诊断、治疗,Enhanced
10400,责令停止相关诊疗活动,Enhanced
10401,吊销其执业证书,Enhanced
10402,中华人民共和国精神卫生法,Enhanced
10403,《西安建筑垃圾管理条例》,Enhanced
10404,西安市第十五届人民代表大会常务委员会第二次会议,Enhanced
10405,2012年6月27日,Enhanced
10406,陕西省第十一届人民代表大会常务委员会第三十次会议,Enhanced
10407,2012年7月12日,Enhanced
10408,城管执法部门,Enhanced
10409,一千元以上三千元以下罚款,Enhanced
10410,建筑垃圾运输车,Enhanced
10411,违反本条例第二十条第（三）项规定,Enhanced
10412,畜牧兽医主管部门,Enhanced
10413,违法乳品,Enhanced
10414,乳品货值金额,Enhanced
10415,晾晒、吊挂杂物,Enhanced
10416,处以二十元以上五十元以下罚款,Enhanced
10417,对在道路两侧的护栏、电线杆、树木、绿篱和公共场所等处晾晒、吊挂杂物的行政处罚,Enhanced
10418,《陕西省城市市容环境卫生条例》(2010修正),Enhanced
10419,禁止在道路两侧的护栏、电线杆、树木、绿篱和公共场所等处晾晒、吊挂杂物,Enhanced
10420,责令停止违法行为，并处以二十元以上五十元以下罚款,Enhanced
10421,地方金融组织负有责任的董事、监事、高级管理人员、实际控制人、法定代表人和其他直接责任人员,Enhanced
10422,本行政区域内金融风险防范处置的具体工作,Enhanced
10423,地方金融监管机构,Enhanced
10424,律师执业,Enhanced
10425,变更执业机构许可,Enhanced
10426,2017年9月1日,Enhanced
10427,设区的市级或者直辖市的区人民政府司法行政部门,Enhanced
10428,律师执业申请,Enhanced
10429,申请人实习考核合格材料,Enhanced
10430,申请人的身份证明,Enhanced
10431,申请律师执业材料,Enhanced
10432,同意接收申请人的证明,Enhanced
10433,受理申请的部门,Enhanced
10434,审查申请,Enhanced
10435,省、自治区、直辖市人民政府司法行政部门,Enhanced
10436,审核申请,Enhanced
10437,是否准予执业的决定,Enhanced
10438,准予执业的,Enhanced
10439,律师执业证书,Enhanced
10440,不准予执业的,Enhanced
10441,书面说明理由,Enhanced
10442,城市供水条例,Enhanced
10443,城市自来水供水企业,Enhanced
10444,不间断供水,Enhanced
10445,自建设施对外供水企业,Enhanced
10446,城市供水行政主管部门,Enhanced
10447,停止供水,Enhanced
10448,用水单位和个人,Enhanced
10449,恢复供水,Enhanced
10450,供水企业,Enhanced
10451,抢修,Enhanced
10452,未履行《中华人民共和国国际海运条例》规定的备案手续行为,Enhanced
10453,国务院交通主管部门,Enhanced
10454,其授权的地方人民政府交通主管部门,Enhanced
10455,逾期不补办,Enhanced
10456,中华人民共和国国际海运条例,Enhanced
10457,环境保护主管部门和公安机关共同进行监督检查,Enhanced
10458,对核技术利用单位不按照规定建立健全安全保卫制度和制定事故应急计划或者应急措施的行政处罚,Enhanced
10459,不按照规定建立健全安全保卫制度和制定事故应急计划或者应急措施,Enhanced
10460,《中华人民共和国放射性污染防治法》第五十五条第二项,Enhanced
10461,经营销售残次计量器具零配件的,Enhanced
10462,对经营销售残次计量器具零配件的行政处罚,Enhanced
10463,责令其停止经营销售,Enhanced
10464,没收残次计量器具零配件和全部违法所得,Enhanced
10465,可并处2000元以下的罚款,Enhanced
10466,由工商行政管理部门吊销其营业执照,Enhanced
10467,重金属污染物或者其他有毒有害物质用作回填或者充填材料,Enhanced
10468,治理措施,Enhanced
10469,法规执行,Enhanced
10470,未经审核同意擅自改变林地用途的行为,Enhanced
10471,县级以上人民政府林业主管部门,Enhanced
10472,限期恢复植被和林业生产条件,Enhanced
10473,恢复植被和林业生产条件所需费用三倍以下,Enhanced
10474,虽经县级以上人民政府林业主管部门审核同意但未办理建设用地审批手续擅自占用林地的行为,Enhanced
10475,临时使用的林地上修建永久性建筑物或者临时使用林地期满后一年内未恢复植被或者林业生产条件的行为,Enhanced
10476,本条第一款,Enhanced
10477,恢复植被和林业生产条件,Enhanced
10478,地名行政主管部门,Enhanced
10479,法定代表人或主要负责人,Enhanced
10480,退耕还林工作的先进单位与个人的表彰,Enhanced
10481,退耕还林条例,Enhanced
10482,对未依法取得排污许可证排放水污染物的行政处罚,Enhanced
10483,未依法取得排污许可证排放水污染物的行政处罚,Enhanced
10484,《中华人民共和国反不正当竞争法》(2019年修订),Enhanced
10485,"询问被调查的经营者、利害关系人及其他有关单位、个人,要求其说明有关情况或者提供与被调查行为有关的其他资料",Enhanced
10486,采取前款第四项、第五项规定的措施,Enhanced
10487,出租、出借、转让、买卖、冒用或者伪造许可证,Enhanced
10488,烟花爆竹经营企业,Enhanced
10489,渭河干流及其支流河道堤防工程安全,Enhanced
10490,渭河干流及其支流河道堤防工程安全的监督检查,Enhanced
10491,陕西省渭河保护条例,Enhanced
10492,《陕西省渭河保护条例》（2022修订）第五十条,Enhanced
10493,渭河干流及其支流河道,Enhanced
10494,地下水取水工程施工方案审查和疏干排水方案审批,Enhanced
10495,《陕西省地下水条例》,Enhanced
10496,《陕西省地下水取水工程管理办法》,Enhanced
10497,矿产资源开采,Enhanced
10498,地下工程建设,Enhanced
10499,取水单位或者个人,Enhanced
10500,施工单位资质证明,Enhanced
10501,地下水取水工程施工方案,Enhanced
10502,采矿单位或者建设单位,Enhanced
10503,疏干排水方案,Enhanced
10504,建设地下水取水工程的,Enhanced
10505,施工方案,Enhanced
10506,国务院令第748号,Enhanced
10507,企业年金方案备案,Enhanced
10508,人力资源社会保障部,Enhanced
10509,中央所属企业企业年金方案备案,Enhanced
10510,省级人民政府人力资源社会保障行政部门,Enhanced
10511,跨省企业企业年金方案备案,Enhanced
10512,市级以上人民政府人力资源社会保障行政部门,Enhanced
10513,省内跨地区企业企业年金方案备案,Enhanced
10514,《企业年金办法》,Enhanced
10515,一般建设工程抗震设防要求备案,Enhanced
10516,《陕西省防震减灾条例》,Enhanced
10517,建设工程项目选址,Enhanced
10518,抗震设防要求,Enhanced
10519,可行性论证或者申请报告,Enhanced
10520,所在地县级以上地震工作主管部门,Enhanced
10521,一般建设工程,Enhanced
10522,建设工程不符合抗震设防要求,Enhanced
10523,同级有关项目审批部门,Enhanced
10524,地震工作主管部门提出的纠正意见,Enhanced
10525,地震安全性评价报告或者地震动参数复核的审定意见,Enhanced
10526,没有审定意见的建设工程,Enhanced
10527,地震工作主管部门,Enhanced
10528,职业病诊断机构,Enhanced
10529,职业病诊断管理制度,Enhanced
10530,向劳动者公开职业病诊断程序,Enhanced
10531,劳动者涉及个人隐私的有关信息、资料,Enhanced
10532,参加质量控制评估,Enhanced
10533,卫生健康主管部门监督检查,Enhanced
10534,"处以,三万元以下罚款",Enhanced
10535,职业病诊断机构限期改正,Enhanced
10536,职业病诊断机构警告,Enhanced
10537,大型游乐设施改造单位,Enhanced
10538,设计文件鉴定,Enhanced
10539,型式试验,Enhanced
10540,《大型游乐设施安全监察规定》,Enhanced
10541,对开发企业擅自预售商品房的处罚,Enhanced
10542,《陕西省城市房地产市场管理条例》(2004年修正),Enhanced
10543,县级以上人民政府房产管理部门,Enhanced
10544,预售活动,Enhanced
10545,县级以上房产管理部门,Enhanced
10546,销售活动,Enhanced
10547,商品房预售,Enhanced
10548,已交付全部土地使用权出让金,Enhanced
10549,持有建设工程规划许可证,Enhanced
10550,投入开发建设的资金达到工程建设总投资的百分之二十五以上,Enhanced
10551,向县级以上人民政府房产管理部门办理预售登记,Enhanced
10552,将预售合同报县级以上人民政府房产管理部门和土地管理部门登记备案,Enhanced
10553,"商品房预售所得款项,必须用于有关的工程建设",Enhanced
10554,对未按照规定设置危险废物识别标志的行政处罚,Enhanced
10555,《机动车维修管理规定》,Enhanced
10556,交通行政执法证件,Enhanced
10557,检查情况和处理结果,Enhanced
10558,监督检查记录,Enhanced
10559,五职矿长或专业技术人员,Enhanced
10560,未配备具有矿山相关专业的专职矿长、总工程师以及分管安全、生产、机电的副矿长，或者未配备具有采矿、地质、测量、机电等专业的技术人员,Enhanced
10561,出具虚假调查报告,Enhanced
10562,受委托从事土壤污染状况调查和土壤污染风险评估、风险管控效果评估、修复效果评估活动的单位,Enhanced
10563,出具虚假风险评估报告,Enhanced
10564,出具虚假风险管控效果评估报告,Enhanced
10565,出具虚假修复效果评估报告,Enhanced
10566,风险评估报告,Enhanced
10567,风险管控效果评估报告,Enhanced
10568,修复效果评估报告,Enhanced
10569,连带责任,Enhanced
10570,责任,Enhanced
10571,出具虚假报告的单位,Enhanced
10572,与出具虚假报告的单位恶意串通,Enhanced
10573,对未经批准擅自经营高危险性体育项目经营者的处罚,Enhanced
10574,对勘察设计企业资质及勘察设计活动的监督检查,Enhanced
10575,勘察设计处,Enhanced
10576,《建设工程勘察设计资质管理规定》,Enhanced
10577,国务院建设主管部门,Enhanced
10578,全国的建设工程勘察、设计资质实施统一的监督管理,Enhanced
10579,对本行政区域内的建设工程勘察、设计资质实施监督管理,Enhanced
10580,县级以上人民政府交通、水利、信息产业等有关部门,Enhanced
10581,对相应的行业资质进行监督管理,Enhanced
10582,上级建设主管部门,Enhanced
10583,下级建设主管部门资质管理工作的监督检查,Enhanced
10584,国务院铁路、交通、水利、信息产业、民航等有关部门,Enhanced
10585,铁路、交通、水利、信息产业、民航等行业的资质,Enhanced
10586,《西安市城市污水处理和再生水利用条例》,Enhanced
10587,第四十四条,Enhanced
10588,专利法实施情况的监督检查,Enhanced
10589,知识产权相关业务处,Enhanced
10590,《中华人民共和国专利法》,Enhanced
10591,负责专利执法的部门,Enhanced
10592,询问有关当事人,Enhanced
10593,对当事人涉嫌违法行为的场所实施现场检查,Enhanced
10594,查阅、复制与涉嫌违法行为有关的合同、发票、账簿以及其他有关资料,Enhanced
10595,检查与涉嫌违法行为有关的产品,Enhanced
10596,查封或者扣押有证据证明是假冒专利的产品,Enhanced
10597,管理专利工作的部门,Enhanced
10598,第七十条第一款,Enhanced
10599,《西安市生活垃圾分类管理条例》,Enhanced
10600,西安市机动车和非道路移动机械排气污染防治条例,Enhanced
10601,生态环境等主管部门,Enhanced
10602,处五千元罚款,Enhanced
10603,非道路移动机械所有人或者使用人,Enhanced
10604,对违法行为进行处罚,Enhanced
10605,对非道路移动机械所有人或者使用人未按照规定加装、更换污染控制装置的行政处罚,Enhanced
10606,"市生态环境保护综合执法支队,县（区）生态环境保护综合执法大队",Enhanced
10607,《西安市机动车和非道路移动机械排气污染防治条例》（2020年修订）,Enhanced
10608,生态环境等相关部门,Enhanced
10609,改正违法行为,Enhanced
10610,罚款五千元,Enhanced
10611,本规定第十八条,Enhanced
10612,尾矿库管理单位,Enhanced
10613,实物调查,Enhanced
10614,移民安置规划的编制,Enhanced
10615,移民安置规划的审核,Enhanced
10616,移民安置规划的实施,Enhanced
10617,规划实施情况的验收,Enhanced
10618,移民后期扶助,Enhanced
10619,规划计划处,Enhanced
10620,《陕西省小型水库移民安置管理办法》,Enhanced
10621,承担移民安置任务的县级人民政府组织实施,Enhanced
10622,市级水库移民行政管理机关组织实施,Enhanced
10623,省级水库移民行政主管部门组织实施,Enhanced
10624,验收条件和验收内容,Enhanced
10625,《水利水电工程移民安置验收规程》,Enhanced
10626,小型水库移民安置验收,Enhanced
10627,《陕西省小型水库移民安置管理办法》 (陕水发〔2013〕65号),Enhanced
10628,《水利水电工程移民安置验收规程》 (SL682-2014),Enhanced
10629,货物运输源头单位未履行有关规定的处罚,Enhanced
10630,对集中采购机构内部监督管理制度不健全的处罚,Enhanced
10631,将集中采购项目委托其他采购代理机构采购的处罚,Enhanced
10632,从事盈利活动的处罚,Enhanced
10633,集中采购机构,Enhanced
10634,内部监督管理制度不健全,Enhanced
10635,将集中采购项目委托其他采购代理机构采购,Enhanced
10636,从事营利活动,Enhanced
10637,对依法应当分设、分离的岗位、人员未分设、分离,Enhanced
10638,《中华人民共和国政府采购法实施条例》,Enhanced
10639,国务院令第658号,Enhanced
10640,对违反国家有关规定，改变人民防空工程主体结构、拆除人民防空工程设备设施或者采用其他方法危害人民防空工程的安全和使用效能的处罚,Enhanced
10641,处罚类型,Enhanced
10642,权力事项类型,Enhanced
10643,具体类型,Enhanced
10644,县级以上人民政府人民防空主管部门,Enhanced
10645,违反规定聘用人员,Enhanced
10646,吊销许可证行政处罚,Enhanced
10647,逾期未办理变更登记或者注销登记的行政处罚,Enhanced
10648,机动车排放黑烟或其他明显可视污染物的处罚,Enhanced
10649,责令限期维护,Enhanced
10650,处200元罚款,Enhanced
10651,安管人员,Enhanced
10652,安全生产考核合格证书,Enhanced
10653,《建筑施工企业主要负责人、项目负责人和专职安全生产管理人员安全生产管理规定》,Enhanced
10654,安全生产管理人员,Enhanced
10655,建筑施工企业主要负责人、项目负责人和专职安全生产管理人员安全生产管理规定,Enhanced
10656,采集发菜,Enhanced
10657,在水土流失重点预防区和重点治理区铲草皮,Enhanced
10658,挖树兜,Enhanced
10659,滥挖虫草,Enhanced
10660,2010,Enhanced
10661,2010年,Enhanced
10662,骗取中标,Enhanced
10663,中华人民共和国招标投标法（2017年修正）,Enhanced
10664,中标项目金额,Enhanced
10665,依法必须进行招标的项目投标人,Enhanced
10666,一年至三年内参加依法必须进行招标的项目的投标资格,Enhanced
10667,取消,Enhanced
10668,对拒绝、阻挠依法开展的农产品质量安全监督检查、事故调查处理、抽样检测和风险评估的行政处罚,Enhanced
10669,拒绝、阻挠依法开展的农产品质量安全监督检查、事故调查处理、抽样检测和风险评估,Enhanced
10670,二千元以上五万元以下,Enhanced
10671,"""西安市国防动员办公室""",Enhanced
10672,"""政策法规与执法处""",Enhanced
10673,《动物检疫管理办法》,Enhanced
10674,农业农村部公布,Enhanced
10675,违反本办法规定运输畜禽的行为,Enhanced
10676,运输畜禽的行为,Enhanced
10677,由县级以上地方人民政府农业农村主管部门,Enhanced
10678,建设工程文物保护许可,Enhanced
10679,《中华人民共和国文物保护法实施条例》,Enhanced
10680,省、自治区、直辖市人民政府文物行政主管部门,Enhanced
10681,批准或者不批准的决定,Enhanced
10682,国务院文物行政主管部门,Enhanced
10683,省、自治区、直辖市人民政府文物行政主管部门作出的批准或者不批准的决定,Enhanced
10684,国务院文物行政主管部门作出的批准或者不批准的决定,Enhanced
10685,取得道路货物运输经营许可的道路货物运输经营者,Enhanced
10686,原许可,Enhanced
10687,道路货物运输经营许可,Enhanced
10688,盗窃、损毁路面公共设施的行为,Enhanced
10689,五日以下拘留或者五百元以下罚款,Enhanced
10690,对盗窃、损毁路面公共设施的处罚,Enhanced
10691,盗窃、损毁路面井盖、照明等公共设施的行为,Enhanced
10692,耕地破坏程度鉴定意见,Enhanced
10693,农药生产企业,Enhanced
10694,未依法附具产品质量检验合格证的原材料,Enhanced
10695,未依法取得有关许可证明文件的原材料,Enhanced
10696,出厂销售,Enhanced
10697,包装、标签、说明书,Enhanced
10698,危险化学品运输许可,Enhanced
10699,各交警大队,Enhanced
10700,生鲜乳生产环节,Enhanced
10701,收购环节,Enhanced
10702,奶畜饲养以及生鲜乳生产环节,Enhanced
10703,生鲜乳收购环节,Enhanced
10704,质量监督检验检疫部门,Enhanced
10705,乳制品生产环节,Enhanced
10706,乳品进出口环节,Enhanced
10707,乳制品销售环节,Enhanced
10708,食品药品监督部门,Enhanced
10709,乳制品餐饮服务环节,Enhanced
10710,乳品质量安全监督管理的综合协调,Enhanced
10711,组织查处食品安全重大事故,Enhanced
10712,乳品质量安全监督管理的其他工作,Enhanced
10713,生鲜乳生产环节和收购环节的监督检查,Enhanced
10714,押金,Enhanced
10715,限期退还劳动者,Enhanced
10716,每人五百元以上二千元以下,Enhanced
10717,《中华人民共和国就业促进法》,Enhanced
10718,"没有违法所得的,可处以一万元以下的罚款",Enhanced
10719,"有违法所得的,可处以不超过违法所得三倍的罚款,但最高不得超过三万元",Enhanced
10720,"情节严重的,提请工商部门依法吊销营业执照",Enhanced
10721,"对当事人造成损害的,应当承担赔偿责任",Enhanced
10722,扣押劳动者的居民身份证和其他证件,Enhanced
10723,向劳动者收取押金,Enhanced
10724,中华人民共和国就业促进法,Enhanced
10725,就业服务与就业管理规定,Enhanced
10726,烟花爆竹生产经营企业,Enhanced
10727,特种作业人员,Enhanced
10728,带药检维修设备设施,Enhanced
10729,对土壤污染重点监管单位未制定、实施自行监测方案，或者未将监测数据报生态环境主管部门等《土壤污染防治法》第八十六条规定的行为的行政处罚,Enhanced
10730,市本级土地储备专项债券资金审核管理,Enhanced
10731,西安市土地储备专项债券资金管理办法,Enhanced
10732,市资源发〔2020〕208号,Enhanced
10733,市级土地储备机构,Enhanced
10734,市本级申请发债项目实施方案,Enhanced
10735,各区县,Enhanced
10736,本地区申请发债项目实施方案,Enhanced
10737,开发区资源规划部门,Enhanced
10738,开发区发改部门,Enhanced
10739,开发区财政部门,Enhanced
10740,区县申请发债项目,Enhanced
10741,区县,Enhanced
10742,开发区申请发债项目,Enhanced
10743,开发区,Enhanced
10744,《西安市土地储备条例》（市人发〔2022〕15号）,Enhanced
10745,西安市土地储备条例,Enhanced
10746,市级代发专项债券项目,Enhanced
10747,市级和区县开发区共同负责,Enhanced
10748,药品检验机构,Enhanced
10749,虚假检验报告,Enhanced
10750,批签发机构,Enhanced
10751,规定处罚,Enhanced
10752,"并处,罚款",Enhanced
10753,"依法给予,处分",Enhanced
10754,"依法给予,罚款",Enhanced
10755,"《药品管理法》第一百三十八条,规定",Enhanced
10756,检验结果,Enhanced
10757,《药品管理法》第一百三十八条,Enhanced
10758,《生物制品批签发管理办法》,Enhanced
10759,国有博物馆,Enhanced
10760,"与,自然资源主管部门",Enhanced
10761,科学研究单位,Enhanced
10762,其他收藏单位,Enhanced
10763,发掘单位,Enhanced
10764,文化机构,Enhanced
10765,科研机构,Enhanced
10766,收藏机构,Enhanced
10767,考古机构,Enhanced
10768,化石,Enhanced
10769,县级以上地方卫生行政部门,Enhanced
10770,医疗机构主要负责人,Enhanced
10771,机动车第三者责任强制保险,Enhanced
10772,机动车管理人,Enhanced
10773,未按规定投保机动车第三者强制保险的处罚,Enhanced
10774,机动车所有人依照规定投保后,Enhanced
10775,机动车所有人依照规定投保最低责任限额应缴纳的保险费的二倍,Enhanced
10776,网络平台,Enhanced
10777,班车客运经营者,Enhanced
10778,定制客运,Enhanced
10779,保安员资格证核发,Enhanced
10780,《保安服务管理条例》,Enhanced
10781,国国务院令第564号,Enhanced
10782,申领保安员证,Enhanced
10783,设区的市级人民政府公安机关考试,Enhanced
10784,设区的市级人民政府公安机关审查,Enhanced
10785,保安员证,Enhanced
10786,设区的市级人民政府公安机关发给,Enhanced
10787,保安员资格证,Enhanced
10788,年满18周岁，身体健康，品行良好，具有初中以上学历的中国公民,Enhanced
10789,申请人资格,Enhanced
10790,对受地表水倒灌威胁的金属非金属地下矿山矿井在强降雨天气或其来水上游发生洪水期间，未实施停产撤人的行政处罚,Enhanced
10791,第一百零二条 生产经营单位未采取措施消除事故隐患的，责令立即消除或者限期消除，处五万元以下的罚款；生产经营单位拒不执行的，责令停产停业整顿，对其直接负责的主管人员和其他直接责任人员处五万元以上十万元以下的罚款；构成犯罪的，依照刑法有关规定追究刑事责任,Enhanced
10792,性病防治工作督导检查,Enhanced
10793,对本行政区域内性病防治工作进行监督管理,Enhanced
10794,性病防治工作绩效考核与督导检查,Enhanced
10795,被检查,Enhanced
10796,开展性病诊疗业务的医疗机构,Enhanced
10797,不具备开展性病诊疗资质的医疗机构,Enhanced
10798,卫生部令第89号,Enhanced
10799,公路建设项目竣工验收,Enhanced
10800,未按照国家有关规定填写、运行危险废物转移联单或者未经批准擅自转移危险废物,Enhanced
10801,由生态环境主管部门责令改正,Enhanced
10802,可以责令停业或者关闭,Enhanced
10803,对擅自移植古树名木的行政处罚,Enhanced
10804,自然资源调查监测工作,Enhanced
10805,自然资源调查监测处,Enhanced
10806,具体工作,Enhanced
10807,《直销管理条例》,Enhanced
10808,国务院令第443号发布,Enhanced
10809,2017年3月1日国务院令第676号第一次修订,Enhanced
10810,直销产品,Enhanced
10811,违法销售收入,Enhanced
10812,直销经营许可证,Enhanced
10813,审批县政府决定的事项,Enhanced
10814,"县级以上地方卫生计生行政部门,责令限期整改",Enhanced
10815,"县级以上地方卫生计生行政部门,予以警告",Enhanced
10816,"县级以上地方卫生计生行政部门,处以3万元以下罚款",Enhanced
10817,机构主要负责人和其他责任人员,Enhanced
10818,收缴被取缔非法民间组织的印章、标识、资料、财务凭证,Enhanced
10819,行政强制权,Enhanced
10820,跨区作业中介服务组织,Enhanced
10821,相应的服务设施和技术人员,Enhanced
10822,服务承诺,Enhanced
10823,不服务,Enhanced
10824,少服务,Enhanced
10825,县级以上农机管理部门,Enhanced
10826,退还服务费,Enhanced
10827,500元以上1000元以下的罚款,Enhanced
10828,《联合收割机跨区作业管理办法》,Enhanced
10829,2003年7月农业部令第29号,Enhanced
10830,中介服务组织,Enhanced
10831,农机管理部门,Enhanced
10832,县级以上价格主管部门,Enhanced
10833,农业部,Enhanced
10834,公证机构设立许可初审,Enhanced
10835,中华人民共和国公证法,Enhanced
10836,集中交易市场的开办者,Enhanced
10837,未依法取得许可的食品经营者,Enhanced
10838,食用农产品批发市场,Enhanced
10839,检验设备,Enhanced
10840,食品检验机构,Enhanced
10841,进行抽样检验,Enhanced
10842,要求停止销售,Enhanced
10843,柜台出租者,Enhanced
10844,展销会的举办者,Enhanced
10845,冶金企业重大事故隐患判定,Enhanced
10846,事故隐患处罚,Enhanced
10847,高炉,Enhanced
10848,炉顶工作压力监测装置,Enhanced
10849,炉顶放散阀,Enhanced
10850,档案服务企业备案,Enhanced
10851,《陕西省档案条例》,Enhanced
10852,档案中介服务机构,Enhanced
10853,注册机关所在地的档案行政管理部门备案,Enhanced
10854,注册机关所在地的档案行政管理部门,Enhanced
10855,监督和指导,Enhanced
10856,国务院令第424号,Enhanced
10857,2018年9月,Enhanced
10858,拒绝接受卫生主管部门,Enhanced
10859,拒绝接受兽医主管部门,Enhanced
10860,"""生产经营单位生产安全事故应急预案备案""",Enhanced
10861,"""市应急管理局""",Enhanced
10862,"""危险化学品安全监督管理处（行政审批处）""",Enhanced
10863,政务服务,Enhanced
10864,生产经营单位生产安全事故应急预案备案,Enhanced
10865,未按照国家环境保护标准贮存、利用、处置危险废物或者将危险废物混入非危险废物中贮存的行为,Enhanced
10866,有前款第一项、第二项、第五项、第六项、第七项、第八项、第九项、第十二项、第十三项行为之一,Enhanced
10867,有前款第三项、第四项、第十项、第十一项行为之一,Enhanced
10868,所需处置费用不足二十万元的,Enhanced
10869,"处罚标准,所需处置费用不足二十万元的,按二十万元计算",Enhanced
10870,住房公积金缴存管理,Enhanced
10871,违法排放水污染物,Enhanced
10872,对违法排放水污染物被责令改正拒不改正的行政处罚,Enhanced
10873,对食品生产经营者未按规定履行相关报告义务行为的行政处罚,Enhanced
10874,对改变燃气用途或者转供燃气的行政处罚,Enhanced
10875,中华人民共和国政府采购法,Enhanced
10876,财政部令第18号,Enhanced
10877,财政部令第87号,Enhanced
10878,《工贸企业粉尘防爆安全规定》,Enhanced
10879,第十五条第二款,Enhanced
10880,"对其直接负责的主管人员和其他直接责任人员处,5万元以上10万元以下的罚款",Enhanced
10881,工贸企业粉尘防爆安全规定,Enhanced
10882,应急管理部令第6号,Enhanced
10883,粉尘防爆安全规程,Enhanced
10884,国家标准或行业标准之一,Enhanced
10885,法律条文之一,Enhanced
10886,监管部门,Enhanced
10887,行政处罚形式,Enhanced
10888,对危险化学品生产企业有未提供化学品安全技术说明书，或者未在包装（包括外包装件）上粘贴、拴挂化学品安全标签等行为的行政处罚,Enhanced
10889,化学品安全技术说明书,Enhanced
10890,化学品安全标签,Enhanced
10891,权力类型：行政处罚,Enhanced
10892,消防产品质量认证,Enhanced
10893,虚假文件,Enhanced
10894,消防设施检测,Enhanced
10895,失实文件,Enhanced
10896,相应资格,Enhanced
10897,给他人造成损失的机构,Enhanced
10898,特许人,Enhanced
10899,第十七条第二款规定,Enhanced
10900,特许人在推广、宣传活动中,Enhanced
10901,欺骗、误导的行为,Enhanced
10902,宣传被特许人从事特许经营活动收益的内容,Enhanced
10903,3万元以上10万元以下,Enhanced
10904,市级部门,Enhanced
10905,机动车经营者,Enhanced
10906,相关信息或者记录,Enhanced
10907,调查,Enhanced
10908,《机动车排放召回管理规定》,Enhanced
10909,机动车生产者,Enhanced
10910,排放零部件生产者,Enhanced
10911,中华人民共和国生态环境部,Enhanced
10912,防静电、防火、防雷设备设施缺失或者失效,Enhanced
10913,宗教教职人员备案,Enhanced
10914,宗教教职人员管理办法,Enhanced
10915,宗教教职人员,Enhanced
10916,设区的市级人民政府宗教事务部门,Enhanced
10917,设区的市（地、州、盟）宗教团体认定的宗教教职人员,Enhanced
10918,国家宗教事务局,Enhanced
10919,宗教教职人员备案表,Enhanced
10920,对有违法犯罪嫌疑的人员当场盘问及继续盘问,Enhanced
10921,计量标准器具核准,Enhanced
10922,《中华人民共和国计量法》,Enhanced
10923,县级以上人民政府计量行政部门,Enhanced
10924,社会公用计量标准器具,Enhanced
10925,部门和企业、事业单位使用的最高计量标准器具,Enhanced
10926,用于贸易结算、安全防护、医疗卫生、环境监测方面的列入强制检定目录的工作计量器具,Enhanced
10927,实行强制检定的工作计量器具的目录和管理办法,Enhanced
10928,采取形式授权其他单位的计量检定机构和技术机构,Enhanced
10929,授权专业性或区域性计量检定机构,Enhanced
10930,授权,Enhanced
10931,授权某一部门或某一单位的计量检定机构,Enhanced
10932,"执行,强制检定",Enhanced
10933,授权有关技术机构,Enhanced
10934,法律规定的其他检定、测试任务,Enhanced
10935,专业性或区域性计量检定机构,Enhanced
10936,某一部门或某一单位的计量检定机构,Enhanced
10937,有关技术机构,Enhanced
10938,对向水体排放、倾倒放射性固体废物或者含有高放射性、中放射性物质的废水的行政处罚,Enhanced
10939,发包单位,Enhanced
10940,船舶、浮动设施遇险后未履行报告义务或者不积极施救的,Enhanced
10941,暂扣适任证书或者其他适任证件3个月至6个月直至吊销适任证书或者其他适任证件的处罚,Enhanced
10942,外国人非法就业,Enhanced
10943,五千元以上二万元以下罚款,Enhanced
10944,五日以上十五日以下拘留,Enhanced
10945,中华人民共和国出境入境管理法第80条,Enhanced
10946,外国人非法就业的处罚,Enhanced
10947,未在地图的适当位置显著标注审图号,Enhanced
10948,未按照有关规定送交样本,Enhanced
10949,未在地图的适当位置显著标注审图号，或者未按照有关规定送交样本,Enhanced
10950,陕西省饮用水水源保护条例,Enhanced
10951,拒绝依照规定提供有关材料、信息,Enhanced
10952,提供虚假材料、信息,Enhanced
10953,隐匿、销毁、转移证据,Enhanced
10954,其他拒绝、阻碍监管执法的行为,Enhanced
10955,监管执法活动,Enhanced
10956,提供有关材料、信息,Enhanced
10957,五千元以上三万元以下罚款,Enhanced
10958,国家级文物保护单位保护工程验收的申报,Enhanced
10959,省级文物保护单位保护工程验收的申报,Enhanced
10960,《文物保护工程管理办法》,Enhanced
10961,工程竣工后,Enhanced
10962,业主单位会同设计单位、施工单位、监理单位对工程质量进行验评,Enhanced
10963,提交,Enhanced
10964,业主单位,Enhanced
10965,原申报机关,Enhanced
10966,初验,Enhanced
10967,审查机关,Enhanced
10968,国家级文物保护单位,Enhanced
10969,省级文物保护单位,Enhanced
10970,特殊建设工程消防验收,Enhanced
10971,消防处,Enhanced
10972,《陕西省大气污染防治条例》,Enhanced
10973,违反本条例第五十三条规定,Enhanced
10974,公共场所建筑物室内装修竣工后未经监测或者监测不合格投入使用,Enhanced
10975,停止使用,Enhanced
10976,镇级环保部门,Enhanced
10977,物业服务人,Enhanced
10978,物业服务档案和资料,Enhanced
10979,未按规定建立和保存与业主权益相关的物业服务档案和资料,Enhanced
10980,物业服务人应当建立和保存与业主权益相关的物业服务档案和资料,Enhanced
10981,小区共有部分经营管理档案,Enhanced
10982,小区监控系统、电梯、水泵、消防设施等共有部分、共用设施设备档案及其管理、运行、维修、养护记录,Enhanced
10983,水箱清洗记录及水箱水质检测报告,Enhanced
10984,住宅装饰装修相关资料,Enhanced
10985,业主名册及联系方式,Enhanced
10986,签订的供水、供电、垃圾清运等书面协议,Enhanced
10987,物业服务活动中形成的与业主权益相关的其他资料,Enhanced
10988,全国人大常委会,Enhanced
10989,上岗作业,Enhanced
10990,安监总管三〔2017〕121 号,Enhanced
10991,违法所得不足1万元的,Enhanced
10992,5万元以上10万元以下,Enhanced
10993,违法所得1万元以上的,Enhanced
10994,10倍以上30倍以下,Enhanced
10995,相关责任人以及单位提出的大型医用设备配置许可申请,Enhanced
10996,对违法单位的法定代表人、主要负责人、直接负责的主管人员和其他责任人员,Enhanced
10997,没收违法行为发生期间自本单位所获收入,Enhanced
10998,所获收入30%以上3倍以下,Enhanced
10999,未经许可擅自配置使用大型医用设备的行为,Enhanced
11000,大型医用设备,Enhanced
11001,电影发行、放映单位注销备案,Enhanced
11002,电影管理条例,Enhanced
11003,设立电影发行单位,Enhanced
11004,设立跨省、自治区、直辖市的电影发行单位,Enhanced
11005,国务院广播电影电视行政部门,Enhanced
11006,所在地省、自治区、直辖市人民政府电影行政部门,Enhanced
11007,"工商行政管理部门,登记",Enhanced
11008,变更登记或者注销登记,Enhanced
11009,电影发行单位、电影放映单位变更,Enhanced
11010,陕西省电影局,Enhanced
11011,"依法委托至,设区的市级电影部门",Enhanced
11012,《电影发行经营许可证》,Enhanced
11013,医疗机构名称裁定,Enhanced
11014,《医疗机构管理条例实施细则》,Enhanced
11015,两个以上希望人,Enhanced
11016,同一核准机关,Enhanced
11017,核准机关,Enhanced
11018,希望在先原则,Enhanced
11019,医疗机构名称,Enhanced
11020,两个以上医疗机构,Enhanced
11021,已经核准登记的医疗机构名称相同,Enhanced
11022,登记在先原则处理,Enhanced
11023,医疗机构管理条例实施细则,Enhanced
11024,已废止的法律文件,Enhanced
11025,两个以上希望人希望的医疗机构名称,Enhanced
11026,新建民用建筑工程执行建筑节能标准及规范情况的监督检查,Enhanced
11027,新建民用建筑节能标准执行情况进行监督检查,Enhanced
11028,西安市民用建筑节能条例,Enhanced
11029,新建民用建筑工程执行建筑节能标准及规范情况,Enhanced
11030,新建民用建筑节能标准执行情况,Enhanced
11031,《废旧金属收购业治安管理办法》,Enhanced
11032,收购生产性废旧金属,Enhanced
11033,查验证明,Enhanced
11034,如实登记,Enhanced
11035,违反本办法第八条规定,Enhanced
11036,处以2000元以上5000元以下的罚款,Enhanced
11037,吊销特种行业许可证,Enhanced
11038,公安部令第16号,Enhanced
11039,法律文件编号,Enhanced
11040,收购生产性废旧金属时未如实登记,Enhanced
11041,投放虚假的爆炸性、毒害性、放射性、腐蚀性物质或者传染病病原体等危险物质扰乱公共秩序,Enhanced
11042,处五日以上十日以下拘留，可以并处五百元以下罚款,Enhanced
11043,情节较轻的，处五日以下拘留或者五百元以下罚款,Enhanced
11044,医疗质量管理部门或者未指定专（兼）职人员负责医疗质量管理,Enhanced
11045,医疗质量管理相关规章制度,Enhanced
11046,导致医疗质量管理混乱,Enhanced
11047,隐匿不报,Enhanced
11048,医疗质量安全相关信息,Enhanced
11049,县级以上卫生计生行政部门,Enhanced
11050,公立医疗机构,Enhanced
11051,政府部门处室,Enhanced
11052,医疗质量管理部门,Enhanced
11053,规章制度,Enhanced
11054,医疗质量管理制度不落实或者落实不到位,Enhanced
11055,重大医疗质量安全事件隐匿不报,Enhanced
11056,建立健全安全生产管理制度,Enhanced
11057,加强对窨井盖等城镇排水与污水处理设施的日常巡查、维修和养护,Enhanced
11058,设施安全运行,Enhanced
11059,10万元以上50万元以下罚款,Enhanced
11060,企业或单位,Enhanced
11061,手段,Enhanced
11062,代表机构登记,Enhanced
11063,年度报告,Enhanced
11064,登记证,Enhanced
11065,代表证,Enhanced
11066,未经许可超限运输不可解体物品,Enhanced
11067,超限超载运输可解体物品,Enhanced
11068,固定超限超载检测站,Enhanced
11069,交通运输综合执法机构和公安机关交通管理部门联合执法,Enhanced
11070,交通运输综合执法机构,Enhanced
11071,扣留车辆,Enhanced
11072,责令承运人自行卸载、分装,Enhanced
11073,可以委托第三方或者由交通运输综合执法机构协助卸载、分装,Enhanced
11074,第三方代为卸载、分装,Enhanced
11075,卸载、分装费用,Enhanced
11076,交通运输综合执法机构或公安机关交通管理部门,Enhanced
11077,第三方或者由交通运输综合执法机构协助卸载、分装,Enhanced
11078,未按规定取得道路货物运输经营许可,Enhanced
11079,使用失效、伪造、变造、被注销等无效的道路运输经营许可证件,Enhanced
11080,超越许可的事项,Enhanced
11081,违规出售、收购国家重点保护野生植物,Enhanced
11082,对违规出售、收购国家重点保护野生植物的行政处罚,Enhanced
11083,《中华人民共和国野生植物保护条例》（1996年9月国务院令第204号发布，2017年10月国务院令第687号修订）,Enhanced
11084,《陕西省野生植物保护条例》（2018年5月修正）,Enhanced
11085,抗菌药物,Enhanced
11086,药物,Enhanced
11087,抗菌药物临床应用情况,Enhanced
11088,产生、收集、贮存、运输、利用、处置固体废物的单位,Enhanced
11089,未依法及时公开固体废物污染环境防治信息,Enhanced
11090,固体废物污染环境防治法,Enhanced
11091,对未依法及时公开固体废物污染环境防治信息的行政处罚,Enhanced
11092,第一百零二条第一款第一项,Enhanced
11093,第一百零二条第二款,Enhanced
11094,《中华人民共和国社会保险法》,Enhanced
11095,以欺诈、伪造证明材料或者其他手段骗取社会保险待遇的处罚,Enhanced
11096,中华人民共和国社会保险法,Enhanced
11097,以欺诈、伪造证明材料或者其他手段骗取社会保险待遇,Enhanced
11098,骗取社会保险待遇,Enhanced
11099,对以欺诈、伪造证明材料或者其他手段骗取社会保险待遇的处罚,Enhanced
11100,由社会保险行政部门责令退回骗取的社会保险金，处骗取金额二倍以上五倍以下的罚款,Enhanced
11101,医疗广告审查,Enhanced
11102,发布医疗,Enhanced
11103,保健食品,Enhanced
11104,广告内容,Enhanced
11105,广告主,Enhanced
11106,广告审查,Enhanced
11107,有关证明文件,Enhanced
11108,医疗广告的监督管理,Enhanced
11109,医疗广告的审查,Enhanced
11110,中医药管理部门,Enhanced
11111,医疗广告,Enhanced
11112,医疗机构发布医疗广告,Enhanced
11113,未取得《医疗广告审查证明》,Enhanced
11114,不得发布医疗广告,Enhanced
11115,工商行政管理机关负责医疗广告的监督管理,Enhanced
11116,卫生行政部门负责医疗广告的审查,Enhanced
11117,中医药管理部门负责医疗广告的审查,Enhanced
11118,省卫生健康委权限,Enhanced
11119,设区的市级卫生健康部门,Enhanced
11120,承办医疗广告审查,Enhanced
11121,发布医疗广告,Enhanced
11122,发布药品广告,Enhanced
11123,发布医疗器械广告,Enhanced
11124,发布农药广告,Enhanced
11125,发布兽药广告,Enhanced
11126,发布保健食品广告,Enhanced
11127,"""印刷企业年度报告""",Enhanced
11128,"""市新闻出版局""",Enhanced
11129,"""印制发行管理处""",Enhanced
11130,印刷企业年度报告,Enhanced
11131,对易制毒化学品进出口的监督检查,Enhanced
11132,进出口,Enhanced
11133,贸易,Enhanced
11134,司法鉴定人执业,Enhanced
11135,变更,Enhanced
11136,延续,Enhanced
11137,《西安市机动车停车条例》第三十一条,Enhanced
11138,违反本条例第三十一条规定,Enhanced
11139,《西安市机动车停车条例》第六十条,Enhanced
11140,违反本条例第六十条规定,Enhanced
11141,一千元以上二千元以下,Enhanced
11142,五百元,Enhanced
11143,本行政区域内各级文物保护单位,Enhanced
11144,《文物保护单位执法巡查办法》,Enhanced
11145,文物督发〔2011〕21号,Enhanced
11146,各设区市的文物行政部门,Enhanced
11147,市级以上(含市级,Enhanced
11148,各设区市的文物执法机构,Enhanced
11149,县级文物保护单位抽查,Enhanced
11150,县(市、区,Enhanced
11151,市级以上文物保护单位巡查,Enhanced
11152,行政巡查,Enhanced
11153,县（市、区）文物行政部门、文物执法机构开展的文物保护单位执法巡查工作,Enhanced
11154,在饮用水水源保护区内堆放化工原料、危险化学品、矿物油类以及有毒有害矿产品的人,Enhanced
11155,危险废物产生者,Enhanced
11156,代为处置费用,Enhanced
11157,超越资质许可范围,Enhanced
11158,处一万元以上二万元以下罚款,Enhanced
11159,擅自将农民集体所有的土地通过出让、转让使用权或者出租等方式用于非农业建设,Enhanced
11160,违反本法规定，将集体经营性建设用地通过出让、出租等方式交由单位或者个人使用,Enhanced
11161,《中华人民共和国土地管理法实施条例》,Enhanced
11162,罚款额,Enhanced
11163,违法所得的10%以上30%以下,Enhanced
11164,擅自将农民集体所有的土地通过出让、转让使用权或者出租等方式用于非农业建设，或者违反本法规定，将集体经营性建设用地通过出让、出租等方式交由单位或者个人使用,Enhanced
11165,矿山地质环境保护与土地复垦方案审查,Enhanced
11166,具体权力类型,Enhanced
11167,未取得培训许可擅自从事拖拉机驾驶培训业务的,Enhanced
11168,责令停办,Enhanced
11169,"有违法所得的,处违法所得三倍以下罚款",Enhanced
11170,但最高不超过三万元,Enhanced
11171,"无违法所得的,处一万元以下罚款",Enhanced
11172,未按统一的教学计划、教学大纲和规定教材进行培训的,Enhanced
11173,处二千元以下罚款,Enhanced
11174,聘用未经省级人民政府农机主管部门考核合格的人员从事拖拉机驾驶员培训教学工作的,Enhanced
11175,处五千元以下罚款,Enhanced
11176,《拖拉机驾驶培训管理办法》,Enhanced
11177,非法安装警报器、标志灯具或者其他设备的处罚,Enhanced
11178,非法安装警报器、标志灯具的处罚,Enhanced
11179,强制拆除,Enhanced
11180,生产、使用消耗臭氧层物质数量较大,Enhanced
11181,"违法行为,服务事项",Enhanced
11182,"处罚对象,行政处罚",Enhanced
11183,自动监测设备,Enhanced
11184,生态环境主管部门的监控设备联网,Enhanced
11185,未保证监测设备正常运行,Enhanced
11186,监测数据不真实、不准确,Enhanced
11187,"罚款金额,2万元以上20万元以下",Enhanced
11188,责令停产整治或者停业整治,Enhanced
11189,"生产、使用消耗臭氧层物质数量较大, 以及生产过程中附带产生消耗臭氧层物质数量较大的单位",Enhanced
11190,建筑工地扬尘污染防治现场的督导检查,Enhanced
11191,建筑业处,Enhanced
11192,负有扬尘污染防治管理监督职责的部门,Enhanced
11193,《西安市扬尘污染防治条例》第四十一条,Enhanced
11194,非道路移动机械,Enhanced
11195,交通运输部门,Enhanced
11196,农业行政部门,Enhanced
11197,交通部门,Enhanced
11198,住建部门,Enhanced
11199,农业部门,Enhanced
11200,资源规划部门,Enhanced
11201,监督抽测,Enhanced
11202,不依法向捐赠人开具捐赠票据,Enhanced
11203,不依法向志愿者出具志愿服务记录证明,Enhanced
11204,不及时主动向捐赠人反馈有关情况,Enhanced
11205,做好相关工作,Enhanced
11206,业务主管单位指导,Enhanced
11207,限期停止活动,Enhanced
11208,相关工作,Enhanced
11209,慈善组织不依法向捐赠人开具捐赠票据、不依法向志愿者出具志愿服务记录证明或者不及时主动向捐赠人反馈有关情况,Enhanced
11210,特种设备使用单位的主要负责人,Enhanced
11211,不立即组织抢救,Enhanced
11212,擅离职守或者逃匿,Enhanced
11213,隐瞒不报,Enhanced
11214,拖延不报,Enhanced
11215,处5万元以上20万元以下罚款,Enhanced
11216,处4000元以上2万元以下罚款,Enhanced
11217,国务院令第373号,Enhanced
11218,国务院令第549号,Enhanced
11219,拒不执行紧急状态下的决定、命令,Enhanced
11220,阻碍执行职务,Enhanced
11221,阻碍特种车辆通行,Enhanced
11222,冲闯警戒带、警戒区,Enhanced
11223,(一,Enhanced
11224,(二,Enhanced
11225,(三,Enhanced
11226,(四,Enhanced
11227,参照执行,Enhanced
11228,相关法律条文,Enhanced
11229,行政处罚种类,Enhanced
11230,(一),Enhanced
11231,(二),Enhanced
11232,集中供热专项资金,Enhanced
11233,区县人民政府,Enhanced
11234,西安市集中供热条例（2020修正）,Enhanced
11235,集中供热企业,Enhanced
11236,行政区域,Enhanced
11237,集中供热的奖励和补贴,Enhanced
11238,涉嫌计量违法的物品,Enhanced
11239,涉嫌计量违法的物品、证据,Enhanced
11240,物品或证据,Enhanced
11241,民办非企业单位登记管理机关,Enhanced
11242,紧急排放和应急储存设施,Enhanced
11243,应急管理部令第10号公布,Enhanced
11244,游艺娱乐场所,Enhanced
11245,游戏游艺设备,Enhanced
11246,奖品目录,Enhanced
11247,除国家法定节假日外,Enhanced
11248,"向未成年人提供,",Enhanced
11249,5000元以上1万元以下的罚款,Enhanced
11250,"《条例》第四十八条,予以处罚",Enhanced
11251,《娱乐场所管理办法》,Enhanced
11252,安全生产许可证条例,Enhanced
11253,外部安全防护距离,Enhanced
11254,国家标准要求,Enhanced
11255,取得安全生产许可证的企业,Enhanced
11256,暂扣或者吊销安全生产许可证,Enhanced
11257,对产生可燃性气体的活动未按规定进行回收利用或未进行防止污染处理的行政处罚,Enhanced
11258,工业生产、垃圾填埋或者其他活动中产生的可燃性气体未回收利用，不具备回收利用条件未进行防治污染处理，或者可燃性气体回收利用装置不能正常作业，未及时修复或者更新,Enhanced
11259,未按《尾矿库安全规程》(GB39496-2020)第6.1.9条规定对尾矿坝做全面的安全性复核,Enhanced
11260,采用尾矿堆坝的尾矿库,Enhanced
11261,生产经营单位拒不执行,Enhanced
11262,更衣室,Enhanced
11263,可能发生煤气泄漏、积聚的场所和部位,Enhanced
11264,固定式一氧化碳浓度监测报警装置,Enhanced
11265,监测数据,Enhanced
11266,24小时有人值守场所,Enhanced
11267,安全生产行为的处罚标准,Enhanced
11268,3次警告或者罚款,Enhanced
11269,停业整顿3个月至6个月,Enhanced
11270,《中华人民共和国水污染防治法》（2017年修正）,Enhanced
11271,对未经消费者在购买时确认，擅自以商品不适用七日无理由退货为由拒绝退货，或者以消费者已拆封、查验影响商品完好为由拒绝退货的,Enhanced
11272,自收到消费者退货要求之日起超过十五日未办理退货手续，或者未向消费者提供真实、准确的退货地址、退货联系人等有效联系信息，致使消费者无法办理退货手续的,Enhanced
11273,在收到退回商品之日起超过十五日未向消费者返还已支付的商品价款的,Enhanced
11274,对医疗机构及有医疗卫生人员执业证书的人员未取得药品批准证明文件生产、进口药品,Enhanced
11275,使用采取欺骗手段取得的药品批准证明文件生产、进口药品,Enhanced
11276,使用未经审评审批的原料药生产药品,Enhanced
11277,应当检验而未经检验即销售药品,Enhanced
11278,生产、销售国务院药品监督管理部门禁止使用的药品的处罚,Enhanced
11279,医疗卫生人员,Enhanced
11280,欺骗手段取得的药品批准证明文件,Enhanced
11281,原料药,Enhanced
11282,采取欺骗手段取得的药品批准证明文件,Enhanced
11283,对未经安全条件审查或者安全条件审查未通过，新建、改建、扩建生产、储存危险化学品建设项目的行政处罚,Enhanced
11284,西安市林木病虫害防治检疫站,Enhanced
11285,擅自向社会发布林业有害生物预警预报或者灾情信息的行为,Enhanced
11286,地质灾害危险性评估,Enhanced
11287,配套的地质灾害治理工程,Enhanced
11288,主体工程,Enhanced
11289,对地质灾害易发区内的建设工程进行地质灾害危险性评估,Enhanced
11290,主体工程即投入生产或者使用,Enhanced
11291,政府行为,Enhanced
11292,评估行为,Enhanced
11293,擅自在文物保护单位的保护范围内进行建设工程或者爆破、钻探、挖掘等作业,Enhanced
11294,在文物保护单位的建设控制地带内进行建设工程，其工程设计方案未经文物行政部门同意、报城乡建设规划部门批准，对文物保护单位的历史风貌造成破坏的,Enhanced
11295,擅自迁移、拆除不可移动文物的,Enhanced
11296,擅自修缮不可移动文物，明显改变文物原状的,Enhanced
11297,擅自在原址重建已全部毁坏的不可移动文物，造成文物破坏的,Enhanced
11298,施工单位未取得文物保护工程资质证书，擅自从事文物修缮、迁移、重建的处罚,Enhanced
11299,保护对象,Enhanced
11300,爆破、钻探、挖掘等作业,Enhanced
11301,文物保护工程资质证书,Enhanced
11302,在文物保护单位的建设控制地带内进行建设工程,Enhanced
11303,对文物保护单位的历史风貌造成破坏,Enhanced
11304,擅自修缮不可移动文物,Enhanced
11305,明显改变文物原状,Enhanced
11306,运输畜类产品不符合要求,Enhanced
11307,动物防疫法,Enhanced
11308,专用的密闭运载工具,Enhanced
11309,牲畜胴体或者片鲜肉吊挂运输,Enhanced
11310,畜类分割产品专用容器或者专用包装,Enhanced
11311,相应低温运输工具,Enhanced
11312,畜禽屠宰监管职能,Enhanced
11313,牲畜屠宰管理职能,Enhanced
11314,专业技术人员,Enhanced
11315,未按国家规定配备专职安全生产管理人员、专业技术人员和特种作业人员,Enhanced
11316,未按照规定设置安全生产管理机构或者配备安全生产管理人员、注册安全工程师,Enhanced
11317,专职安全生产管理人员、专业技术人员,Enhanced
11318,未按国家规定配备专职安全生产管理人员、专业技术人员,Enhanced
11319,《商标印制管理办法》第七条至第十条,Enhanced
11320,违反《商标印制管理办法》第七条至第十条规定,Enhanced
11321,未经批准擅自进入保护区或者在保护区内不服从管理机构管理,Enhanced
11322,陕西周至国家级自然保护区,Enhanced
11323,对排放污染物的企事业单位及其他生产经营者的行政检查,Enhanced
11324,集中交易市场,Enhanced
11325,对到站不停、拒载乘客、中途甩客或者在站点外随意停车上下客的行政处罚,Enhanced
11326,对未按照核准票价收费或者未执行优惠乘车规定的行政处罚,Enhanced
11327,对未按照规定播报线路名称、走向和停靠站名称以及提示安全注意事项的行政处罚,Enhanced
11328,对未按照相关规定使用车内空调设备的行政处罚,Enhanced
11329,对车辆因故障不能正常行驶，未组织乘客免费转乘同线路后续车辆的行政处罚,Enhanced
11330,肺结核疫情,Enhanced
11331,非结核病定点医疗机构,Enhanced
11332,确诊肺结核患者,Enhanced
11333,疑似肺结核患者,Enhanced
11334,转诊,Enhanced
11335,结核病定点医疗机构,Enhanced
11336,肺结核患者诊断治疗,Enhanced
11337,疑似肺结核患者诊断治疗,Enhanced
11338,接诊,Enhanced
11339,隔离消毒制度,Enhanced
11340,结核菌污染的痰液进行卫生处理,Enhanced
11341,结核菌污染的污物进行卫生处理,Enhanced
11342,结核菌污染的污水进行卫生处理,Enhanced
11343,涉及肺结核患者个人隐私的有关信息和资料,Enhanced
11344,涉及疑似肺结核患者个人隐私的有关信息和资料,Enhanced
11345,涉及密切接触者个人隐私的有关信息和资料,Enhanced
11346,结核病防治管理办法,Enhanced
11347,卫生部令第93号,Enhanced
11348,肺结核传播,Enhanced
11349,疾病传播,Enhanced
11350,肺结核流行,Enhanced
11351,疾病流行,Enhanced
11352,肺结核患者,Enhanced
11353,患者,Enhanced
11354,医疗行为,Enhanced
11355,医疗制度,Enhanced
11356,卫生处理,Enhanced
11357,隐私信息,Enhanced
11358,结核菌污染的痰液,Enhanced
11359,结核菌污染的污物,Enhanced
11360,结核菌污染的污水,Enhanced
11361,商品房,Enhanced
11362,停止销售,Enhanced
11363,2万元以上3万元以下,Enhanced
11364,不符合销售条件的商品房,Enhanced
11365,物业服务区域划分资料,Enhanced
11366,物业服务区域内建筑物面积清册,Enhanced
11367,建筑规划总平面图,Enhanced
11368,共用设施设备的交接资料,Enhanced
11369,物业服务用房配置确认资料,Enhanced
11370,其他有关的文件资料,Enhanced
11371,住房和城乡建设局,Enhanced
11372,物业服务区域,Enhanced
11373,本条例第三十二条规定的,Enhanced
11374,县（市、区）住房和城乡建设主管部门,Enhanced
11375,街道办事处或者乡（镇）人民政府,Enhanced
11376,筹备首次业主大会会议所需资料,Enhanced
11377,建设单位未按规定书面告知并报送相关资料的处罚,Enhanced
11378,互联网信息服务提供者,Enhanced
11379,其他法律、法规,Enhanced
11380,新闻、出版、教育、卫生、药品监督管理和工商行政管理等有关主管部门,Enhanced
11381,有关法律、法规,Enhanced
11382,《互联网信息服务管理办法》,Enhanced
11383,国务院令第292号,Enhanced
11384,校车载人超过核定人数的处罚,Enhanced
11385,道路交通安全法律、法规关于道路通行规定,Enhanced
11386,公路客运车辆,Enhanced
11387,二百元以上五百元以下罚款,Enhanced
11388,货运机动车,Enhanced
11389,运输单位的车辆,Enhanced
11390,对直接负责的主管人员处二千元以上五千元以下罚款,Enhanced
11391,2013年12月7日,Enhanced
11392,《危险化学品安全管理条例},Enhanced
11393,生产、储存、使用危险化学品的单位,Enhanced
11394,校车车况,Enhanced
11395,校车标牌,Enhanced
11396,校车标志灯,Enhanced
11397,按照经审核确定的线路,Enhanced
11398,停靠,Enhanced
11399,使用校车标牌、校车标志灯和停车指示标志,Enhanced
11400,符合安全技术要求,Enhanced
11401,在校车载有学生时,Enhanced
11402,在校车,Enhanced
11403,交通法律法规,Enhanced
11404,在校车载有学生时给车辆加油,Enhanced
11405,在校车发动机引擎熄灭前离开驾驶座位,Enhanced
11406,藏品档案,Enhanced
11407,主管的文物行政部门,Enhanced
11408,文物收藏单位藏品档案备案,Enhanced
11409,《陕西省文物保护条例》,Enhanced
11410,2019,Enhanced
11411,博物馆,Enhanced
11412,图书馆,Enhanced
11413,其他文物收藏单位,Enhanced
11414,县级以上地方人民政府文物行政部门,Enhanced
11415,本行政区域内的馆藏文物档案,Enhanced
11416,国家一级文物藏品档案,Enhanced
11417,其主管的国有文物收藏单位馆藏文物档案,Enhanced
11418,主管的文物行政主管部门,Enhanced
11419,文物藏品档案副本,Enhanced
11420,省文物行政主管部门,Enhanced
11421,文物藏品档案,Enhanced
11422,机械铲装作业,Enhanced
11423,人工装运矿岩,Enhanced
11424,自卸汽车,Enhanced
11425,易燃、易爆物品,Enhanced
11426,超载运输,Enhanced
11427,装载与运输作业时,Enhanced
11428,在驾驶室外侧、车斗内站人,Enhanced
11429,1万元以上3万元以下的罚款,Enhanced
11430,作业,Enhanced
11431,《人体器官移植条例》,Enhanced
11432,国务院令第491号,Enhanced
11433,医务人员,Enhanced
11434,《人体器官移植条例》第二十八条,Enhanced
11435,吊销执业证书,Enhanced
11436,封存可能被转移、隐匿或者损毁的文件、资料、账簿、凭证、电子设备等,Enhanced
11437,封存可能被转移、隐匿或者损毁的文件、资料、账簿、凭证、电子设备等.,Enhanced
11438,行政强制.,Enhanced
11439,对偷开他人机动车的处罚,Enhanced
11440,未取得户外广告设置权,Enhanced
11441,任何单位和个人不得设置户外广告,Enhanced
11442,未经许可擅自设置户外广告,Enhanced
11443,被检查单位或者个人,Enhanced
11444,造成严重水土流失,Enhanced
11445,水政监督检查人员,Enhanced
11446,要求被检查单位或者个人提供有关文件、证照、资料,Enhanced
11447,要求被检查单位或者个人就预防和治理水土流失的有关情况作出说明,Enhanced
11448,进入现场进行调查、取证,Enhanced
11449,导游活动,Enhanced
11450,禁止吸烟,Enhanced
11451,禁止吸烟场所,Enhanced
11452,必要的处置措施,Enhanced
11453,组织出境旅游的旅游者,Enhanced
11454,滞留境外,Enhanced
11455,报告非法滞留者信息,Enhanced
11456,非法滞留者信息,Enhanced
11457,接待入境旅游的旅游者,Enhanced
11458,滞留境内,Enhanced
11459,危及旅游者人身安全的情形,Enhanced
11460,非法聘用外国人的处罚,Enhanced
11461,责令限期登记,Enhanced
11462,《中华人民共和国公司法》（2018年修订）,Enhanced
11463,县级以上人民政府住房城乡建设主管部门,Enhanced
11464,安管人员持证上岗,Enhanced
11465,安管人员教育培训,Enhanced
11466,安管人员履行职责,Enhanced
11467,2014住房建设部令第17号,Enhanced
11468,县级文化主管部门,Enhanced
11469,《营业性演出管理条例实施细则》,Enhanced
11470,2002年7月文化部令第25号,Enhanced
11471,营业性演出,Enhanced
11472,以假唱、假演奏等手段欺骗观众,Enhanced
11473,假唱,Enhanced
11474,假唱、假演奏,Enhanced
11475,假演奏,Enhanced
11476,演唱、演奏行为,Enhanced
11477,监督人员,Enhanced
11478,演出举办单位负责人,Enhanced
11479,监督记录,Enhanced
11480,建设项目环境保护设施设计,Enhanced
11481,建设项目环境保护设施施工,Enhanced
11482,建设项目环境保护设施验收,Enhanced
11483,建设项目投入生产或者使用情况,Enhanced
11484,有关环境影响评价文件确定的其他环境保护措施的落实情况,Enhanced
11485,船舶污染损害责任、沉船打捞责任保险文书或者财务担保证明,Enhanced
11486,未取得船舶污染损害责任、沉船打捞责任保险文书或者财务担保证明的船舶的所有人或者经营人,Enhanced
11487,责令停航,Enhanced
11488,废弃电器电子产品处理企业,Enhanced
11489,不按照废弃电器电子产品处理资格证书的规定处理废弃电器电子产品,Enhanced
11490,将废弃电器电子产品提供或者委托给无废弃电器电子产品处理资格证书的单位和个人从事处理活动,Enhanced
11491,不按照资格证书的规定处理废弃电器电子产品行为,Enhanced
11492,《废弃电器电子产品处理资格许可管理办法》,Enhanced
11493,照明灯饰管理处,Enhanced
11494,西安市市政工程设施管理条例,Enhanced
11495,城市市政设施,Enhanced
11496,重大灾害的气象成因鉴定,Enhanced
11497,《陕西省气象条例》第二十一条,Enhanced
11498,各级气象主管机构,Enhanced
11499,重大灾害,Enhanced
11500,陕西省气象条例,Enhanced
11501,鉴定事项,Enhanced
11502,未按标准检测,Enhanced
11503,维修,Enhanced
11504,保养消防设施,Enhanced
11505,灭火器,Enhanced
11506,消防服务事项,Enhanced
11507,消防设备,Enhanced
11508,《中华人民共和国人民警察法》第十七条第一款,Enhanced
11509,上级公安机关和同级人民政府批准,Enhanced
11510,现场管制,Enhanced
11511,上级公安机关和同级人民政府,Enhanced
11512,实习标志或者残疾人机动车专用标志,Enhanced
11513,按规定粘贴、悬挂,Enhanced
11514,相应或者更高准驾车型驾驶证三年以上的驾驶人陪同,Enhanced
11515,由公安机关交通管理部门,Enhanced
11516,持有大型客车、牵引车、城市公交车、中型客车、大型货车驾驶证的驾驶人，未按照第七十条规定申报变更信息,Enhanced
11517,对建（构）筑物外立面不整洁、完好的经责令限期改正逾期未改正的代为修饰粉刷,Enhanced
11518,建筑物、构筑物,Enhanced
11519,整洁、完好,Enhanced
11520,主要街道两侧和重点区域的建筑物、构筑物的外立面,Enhanced
11521,逾期未改正,Enhanced
11522,专业企业按照规定代为修饰粉刷,Enhanced
11523,责任人承担,Enhanced
11524,市、县（区）人民政府,Enhanced
11525,主要街道和重点区域的范围,Enhanced
11526,消费者人身权利,Enhanced
11527,娱乐经营许可证,Enhanced
11528,国务院令第 458 号,Enhanced
11529,旅客班轮运输业务经营者,Enhanced
11530,"由,负责水路运输管理的部门责令改正",Enhanced
11531,原许可机关撤销该项经营许可,Enhanced
11532,旅客班轮运输业务经营者自取得班轮航线经营许可之日起60日内未开航的行政处罚,Enhanced
11533,自取得班轮航线经营许可之日起60日内,Enhanced
11534,对在禁止吸烟场所违规吸烟者的处罚,Enhanced
11535,《西安市控制吸烟管理办法》,Enhanced
11536,控制吸烟监督管理部门,Enhanced
11537,《西安市控制吸烟管理办法》第二十五条,Enhanced
11538,机械企业使用非水性漆的调漆间、喷漆室未设置固定式可燃气体浓度监测报警装置或者通风设施,Enhanced
11539,《废弃电器电子产品回收处理管理条例》,Enhanced
11540,对废弃电器电子产品回收处理企业未建立废弃电器电子产品的数据信息管理系统等行为的行政处罚,Enhanced
11541,处理企业,Enhanced
11542,未建立废弃电器电子产品的数据信息管理系统,Enhanced
11543,未按规定报送基本数据和有关情况或者报送基本数据、有关情况不真实,Enhanced
11544,未按规定期限保存基本数据,Enhanced
11545,所在地的设区的市级人民政府生态环境主管部门,Enhanced
11546,可以处5万元以下的罚款,Enhanced
11547,国务院令第551号,Enhanced
11548,具体部门名称,Enhanced
11549,公司的发起人、股东,Enhanced
11550,虚假出资,Enhanced
11551,第一百九十九条,Enhanced
11552,虚假出资的股东,Enhanced
11553,虚报注册资本金额,Enhanced
11554,虚假出资金额,Enhanced
11555,5%以上15%以下,Enhanced
11556,吸毒成瘾认定,Enhanced
11557,市公安局禁毒支队,Enhanced
11558,在饮用水水源一级保护区内游泳,Enhanced
11559,在饮用水水源一级保护区内垂钓,Enhanced
11560,在饮用水水源一级保护区内从事其他可能污染饮用水水体的活动,Enhanced
11561,县级以上生态环境主管部门,Enhanced
11562,盗窃、损坏、擅自移动航空设施,Enhanced
11563,强行进入航空器驾驶舱,Enhanced
11564,盗窃、损坏、擅自移动使用中的航空设施,Enhanced
11565,在使用中的航空器上使用可能影响导航系统正常功能的器具、工具,Enhanced
11566,"处,五日以下拘留或者五百元以下罚款",Enhanced
11567,损坏,Enhanced
11568,擅自移动,Enhanced
11569,强行进入,Enhanced
11570,在航空器上使用禁用物品,Enhanced
11571,对网络交易经营者虚假或者引人误解的商业宣传,Enhanced
11572,欺骗、误导消费者,Enhanced
11573,实施混淆行为,Enhanced
11574,引人误认为是他人商品、服务或者与他人存在特定联系,Enhanced
11575,编造、传播虚假信息或者误导性信息,Enhanced
11576,损害竞争对手的商业信誉、商品声誉,Enhanced
11577,医疗机构或者其他有关机构,Enhanced
11578,行政处分或者纪律处分,Enhanced
11579,执业证书或者资格证书,Enhanced
11580,拒绝进行尸检,Enhanced
11581,偷越国(边),Enhanced
11582,对为偷越国(边)境人员提供条件,Enhanced
11583,偷越国(边)境的处罚,Enhanced
11584,偷越国(边)境,Enhanced
11585,县级以上人民政府交通运输主管部门,Enhanced
11586,道路运输及其相关业务经营者和从业人员,Enhanced
11587,劣质农药,Enhanced
11588,2000元以上2万元以下罚款,Enhanced
11589,货值金额2倍以上5倍以下罚款,Enhanced
11590,"并处,2000元以上2万元以下罚款",Enhanced
11591,"并处,货值金额2倍以上5倍以下罚款",Enhanced
11592,直销员,Enhanced
11593,没收违法销售收入,Enhanced
11594,责令撤销直销员资格,Enhanced
11595,直销员证,Enhanced
11596,推销合同,Enhanced
11597,消费者住所,Enhanced
11598,强行推销产品,Enhanced
11599,停止推销活动,Enhanced
11600,退货制度,Enhanced
11601,发票,Enhanced
11602,售货凭证,Enhanced
11603,一般建设项目环境影响评价审批,Enhanced
11604,内河交通安全隐患,Enhanced
11605,强制性措施,Enhanced
11606,海事管理机构的工作人员,Enhanced
11607,执法证件,Enhanced
11608,身份,Enhanced
11609,有关单位或者个人,Enhanced
11610,安全监督检查,Enhanced
11611,降级、撤职、开除,Enhanced
11612,出具虚假检验报告,Enhanced
11613,二十万元以上一百万元以下,Enhanced
11614,外包工程技术交底,Enhanced
11615,未按规定进行外包工程技术交底或未按约定提供资料,Enhanced
11616,发包单位进行,Enhanced
11617,外包工程相关的勘察、设计、风险评价、检测检验和应急救援等资料,Enhanced
11618,发包单位提供,Enhanced
11619,外包工程技术,Enhanced
11620,外包工程安全生产相关,Enhanced
11621,技术文档,Enhanced
11622,城市建设填堵水域、废除围堤审核,Enhanced
11623,《中华人民共和国防洪法》(2016修正),Enhanced
11624,城市建设,Enhanced
11625,《中华人民共和国防洪法》(2016修正) 第三十四条,Enhanced
11626,卫生主管部门或者兽医主管部门,Enhanced
11627,关于实验室发生工作人员感染事故或者病原微生物泄漏事件的报告,Enhanced
11628,实验室从事病原微生物相关实验活动造成实验室感染事故,Enhanced
11629,预防、控制措施,Enhanced
11630,流行病学调查,Enhanced
11631,动物防疫监督机构,Enhanced
11632,病人进行隔离治疗,Enhanced
11633,相关人员进行医学检查,Enhanced
11634,密切接触者进行医学观察,Enhanced
11635,现场消毒,Enhanced
11636,染疫或者疑似染疫的动物采取隔离、扑杀等措施,Enhanced
11637,餐饮服务提供者的食品经营许可证,Enhanced
11638,餐饮服务提供者的名称、地址、量化分级信息,Enhanced
11639,菜品名称和主要原料名称,Enhanced
11640,网络餐饮服务食品安全监督管理办法,Enhanced
11641,列入矿业权人异常名录或严重违法名单,Enhanced
11642,处3万元以下的罚款,Enhanced
11643,不受理其申请新的采矿许可证或者申请采矿许可证延续、变更、注销,Enhanced
11644,国土资源部令第44号公布,Enhanced
11645,2019年7月自然资源部令第5号第三次修正,Enhanced
11646,未开具处方,Enhanced
11647,处方笺,Enhanced
11648,处方,Enhanced
11649,诊断书,Enhanced
11650,动物诊疗有关证明文件,Enhanced
11651,诊断结果,Enhanced
11652,虚假动物诊疗证明文件,Enhanced
11653,《执业兽医和乡村兽医管理办法》,Enhanced
11654,对执业兽医的行政处罚,Enhanced
11655,农业农村部令2022年第6号,Enhanced
11656,县级以上地方人民政府农业农村主管部门的行政处罚,Enhanced
11657,对外劳务合作管理条例,Enhanced
11658,由商务主管部门吊销其对外劳务合作经营资格证书,Enhanced
11659,有违法所得的予以没收,Enhanced
11660,吊销其对外劳务合作经营资格证书,Enhanced
11661,以商务、旅游、留学等名义组织劳务人员赴国外工作,Enhanced
11662,允许其他单位或者个人以本企业的名义组织劳务人员赴国外工作,Enhanced
11663,组织劳务人员赴国外从事与赌博、色情活动相关的工作,Enhanced
11664,2021年8月1日,Enhanced
11665,综合管廊工程竣工后,Enhanced
11666,水产苗种生产经营审批,Enhanced
11667,存量房买卖合同网签备案,Enhanced
11668,对粮食收购者未执行国家粮食质量标准,Enhanced
11669,粮食收购者未及时向售粮者支付售粮款,Enhanced
11670,粮食收购者违反本条例规定代扣、代缴税、费和其他款项,Enhanced
11671,粮食收购者收购粮食，未按照国家有关规定进行质量安全检验，或者对不符合食品安全标准的粮食未作为非食用用途单独储存,Enhanced
11672,从事粮食收购、销售、储存、加工的粮食经营者以及饲料、工业用粮企业未建立粮食经营台账，或者未按照规定报送粮食基本数据和有关情况,Enhanced
11673,粮食储存企业未按照规定进行粮食销售出库质量安全检验的处罚,Enhanced
11674,对强迫交易的处罚,Enhanced
11675,《中华人民共和国治安管理处罚法》第四十六条,Enhanced
11676,中华人民共和国矿产资源法实施细则,Enhanced
11677,《旅行社条例实施细则》,Enhanced
11678,国家旅游局令第30号发布2016年12月国家旅游局令第42号第二次修改,Enhanced
11679,违反本实施细则第三十五条第二款的规定,Enhanced
11680,"由县级以上旅游行政管理部门责令改正,可以处1万元以下的罚款",Enhanced
11681,市级旅游行政管理部门,Enhanced
11682,委托他人代为提供领队服务,Enhanced
11683,第一百二十二条,Enhanced
11684,违法生产经营的食品,Enhanced
11685,违法生产经营的食品添加剂,Enhanced
11686,《中华人民共和国食品安全法》,Enhanced
11687,明知从事前款规定的违法行为，仍为其提供生产经营场所或者其他条件,Enhanced
11688,历史建筑,Enhanced
11689,历史建筑实施原址保护审批,Enhanced
11690,《历史文化名城名镇名村保护条例》,Enhanced
11691,历史建筑实施原址保护审批的实施,Enhanced
11692,收费标准,Enhanced
11693,投诉监督电话,Enhanced
11694,第九条,Enhanced
11695,特种设备生产、经营、使用单位,Enhanced
11696,具有相应资格的人员,Enhanced
11697,特种设备检测人员,Enhanced
11698,特种设备作业人员,Enhanced
11699,安全教育和技能培训,Enhanced
11700,使用未取得相应资格的人员,Enhanced
11701,特种设备安全管理,Enhanced
11702,特种设备检测,Enhanced
11703,特种设备作业,Enhanced
11704,乡镇设立广播电视站和机关、部队、团体、企业事业单位设立有线广播电视站审批（初审）,Enhanced
11705,对利用无防渗漏措施的沟渠、坑塘等输送或者存贮含有毒污染物的废水、含病原体的污水和其他废弃物的代履行,Enhanced
11706,擅自占用、处置未经核准报废的公路、公路用地,Enhanced
11707,公路经核准报废后,Enhanced
11708,公路所在地的国土资源行政主管部门,Enhanced
11709,公路和公路用地,Enhanced
11710,负有直接责任的主管人员和其他直接责任人员,Enhanced
11711,违反本条例第十三条规定,Enhanced
11712,公路用地,Enhanced
11713,土地变更登记手续,Enhanced
11714,移交安置处,Enhanced
11715,县级以上地方人民政府退役士兵安置工作主管部门,Enhanced
11716,退役士兵安置工作,Enhanced
11717,退役士兵,Enhanced
11718,《退役士兵安置条例》,Enhanced
11719,符合政府安排工作退役士兵接收安置,Enhanced
11720,《退役士兵安置条例》（国务院、中央军委令第608号）,Enhanced
11721,退役士兵安置条例,Enhanced
11722,《学生伤害事故预防处理办法》,Enhanced
11723,2002年6月25日,Enhanced
11724,2010年12月31日,Enhanced
11725,市人大常委会,Enhanced
11726,2006年10月27日,Enhanced
11727,西安市第十六届人民代表大会常务委员会,Enhanced
11728,2020年10月21日,Enhanced
11729,对学校管理存在混乱，存在重大安全隐患，情节严重或拒不改正的处罚,Enhanced
11730,对学校处1万元以上3万元以下罚款,Enhanced
11731,对直接负责的主管人员和其他直接责任人员给予行政处分,Enhanced
11732,电梯及其安全保护装置经营单位,Enhanced
11733,无设计文件,Enhanced
11734,不符合安全技术规范要求,Enhanced
11735,明知存在安全性能缺陷的电梯,Enhanced
11736,电梯及其安全保护装置,Enhanced
11737,未经许可生产、未经检验或者检验不合格、不符合安全技术规范要求的产品,Enhanced
11738,无设计文件、型式试验报告、安装及使用维修说明、产品质量合格证明的产品,Enhanced
11739,淘汰、报废的产品,Enhanced
11740,明知或者应当知道存在缺陷的产品,Enhanced
11741,以假充真、以次充好、以旧充新、翻新拼装的产品,Enhanced
11742,法律法规禁止经营的其他电梯及其安全保护装置,Enhanced
11743,对擅自改变、利用物业管理区域公共建筑、公共设施或者擅自占用、挖掘公共道路、场地的处罚,Enhanced
11744,特种设备检验检测机构,Enhanced
11745,特种设备的生产、销售,Enhanced
11746,特种设备检验检测人员,Enhanced
11747,县级以上人民政府卫生、司法行政部门,Enhanced
11748,尸检机构,Enhanced
11749,虚假尸检报告,Enhanced
11750,出具虚假尸检报告,Enhanced
11751,通知有关单位,Enhanced
11752,书面形式,Enhanced
11753,本部门主要负责人,Enhanced
11754,"""档案执法监督检查""",Enhanced
11755,"""行政检查""",Enhanced
11756,"""西安市档案局""",Enhanced
11757,"""档案事业发展处""",Enhanced
11758,档案执法监督检查,Enhanced
11759,1994年11月15日,Enhanced
11760,2004年7月20日,Enhanced
11761,商品房预售款项,Enhanced
11762,限期纠正,Enhanced
11763,违法所得3倍以下,Enhanced
11764,政府下属机构,Enhanced
11765,对通过网络销售国家实行特殊管理的药品的行政处罚,Enhanced
11766,从业单位,Enhanced
11767,安全生产责任,Enhanced
11768,从业单位及相关责任人,Enhanced
11769,《公路水运工程安全生产监督管理办法》,Enhanced
11770,移送司法部门,Enhanced
11771,对公路工程从业单位未全面履行安全生产责任等行为的行政处罚,Enhanced
11772,依法移送司法部门追究刑事责任,Enhanced
11773,对企业从其他企业购买烟花爆竹半成品加工后销售等行为,Enhanced
11774,对企业从其他企业购买烟花爆竹半成品加工后销售等行为的行政处罚,Enhanced
11775,《烟花爆竹生产企业安全生产许可证实施办法》,Enhanced
11776,安全生产监督管理部门的下属机构,Enhanced
11777,暂扣或吊销安全生产许可证,Enhanced
11778,保安培训机构管理办法（公安部令第85号）,Enhanced
11779,保安培训机构学员,Enhanced
11780,培训时间的三分之一,Enhanced
11781,培训合同,Enhanced
11782,培训合同式样,Enhanced
11783,保安培训机构所在地设区的市级人民政府公安机关,Enhanced
11784,《保安培训机构管理办法》（公安部令第85号）,Enhanced
11785,保安学员,Enhanced
11786,保安培训合同,Enhanced
11787,保安培训合同式样,Enhanced
11788,保安培训机构违反本办法,Enhanced
11789,五千元以上三万元以下,Enhanced
11790,重点排污单位不公开或者不如实公开自动监测数据,Enhanced
11791,《中华人民共和国大气污染防治法》第一百条第四项,Enhanced
11792,处二万元以上二十万元以下的罚款,Enhanced
11793,"未经消除污染处理,将收集、贮存、运输、处置危险废物的场所、设施、设备和容器、包装物及其他物品转作他用",Enhanced
11794,对外劳务合作经营企业,Enhanced
11795,对外劳务合作经营企业未依法履行备案义务的处罚,Enhanced
11796,认证证书编号,Enhanced
11797,自行编制,Enhanced
11798,《有机产品认证管理办法》,Enhanced
11799,《中华人民共和国政府采购法》,Enhanced
11800,政府采购监督管理部门,Enhanced
11801,"集中采购机构,进行,业绩考核",Enhanced
11802,"有虚假陈述,隐瞒真实情况,则,应当及时纠正",Enhanced
11803,"不作定期考核和公布考核结果,则,应当及时纠正",Enhanced
11804,其上级机关或者监察机关,Enhanced
11805,"负责人,进行,通报",Enhanced
11806,"直接负责的人员,依法给予,行政处分",Enhanced
11807,"虚报业绩,隐瞒真实情况,则,处以,二万元以上二十万元以下的罚款",Enhanced
11808,"虚报业绩,隐瞒真实情况,则,予以,通报",Enhanced
11809,"情节严重,则,取消,代理采购资格",Enhanced
11810,电力管理部门责令,Enhanced
11811,停止作业,Enhanced
11812,第466号,Enhanced
11813,安全管理责任,Enhanced
11814,重大伤亡事故,Enhanced
11815,其他严重后果,Enhanced
11816,给予撤职处分,Enhanced
11817,个人经营的投资人,Enhanced
11818,2万元以上20万元以下,Enhanced
11819,金属非金属地下矿山企业领导,Enhanced
11820,矿山企业领导,Enhanced
11821,"处,1万元罚款",Enhanced
11822,企业领导,Enhanced
11823,《计划生育药具工作管理办法（试 行）》,Enhanced
11824,国家人口和计划生育委员会,Enhanced
11825,县级以上人口和计划生育行政部门,Enhanced
11826,对典当行收当禁当财物；发现禁当财物不报的处罚,Enhanced
11827,《典当管理办法》,Enhanced
11828,典当行,Enhanced
11829,《典当管理办法》第二十七条,Enhanced
11830,供血浆者,Enhanced
11831,原料血浆的采集,Enhanced
11832,血液制品经营单位,Enhanced
11833,省、自治区直辖市人民政府卫生行政部门,Enhanced
11834,抽取样品,Enhanced
11835,索取有关资料,Enhanced
11836,拒绝和隐瞒,Enhanced
11837,原料血浆,Enhanced
11838,生物制品,Enhanced
11839,省、自治区、直辖市人民政府卫生行政部门,Enhanced
11840,血液制品生产单位,Enhanced
11841,县级以上地方各级人民政府卫生行政部门,Enhanced
11842,设区的市、自治州人民政府卫生行政部门,Enhanced
11843,省、自治区人民政府设立的派出机关的卫生行政机构,Enhanced
11844,《陕西省消费者权益保护条例》第二十四条第二款,Enhanced
11845,《陕西省消费者权益保护条例》第三十三条第一项至第十三项,Enhanced
11846,《陕西省消费者权益保护条例》第三十四条,Enhanced
11847,陕西省消费者权益保护条例,Enhanced
11848,《中小学幼儿园安全管理办法》,Enhanced
11849,教育、公安、司法行政、建设、交通、文化、卫生、工商、质检、新闻出版等部门,Enhanced
11850,"依法履行学校周边治理和学校安全的监督与管理职责,权力类型",Enhanced
11851,"应当视情况联合或者分别给予表彰、奖励,权力类型",Enhanced
11852,教育,Enhanced
11853,公安,Enhanced
11854,司法行政,Enhanced
11855,文化,Enhanced
11856,新闻出版,Enhanced
11857,在学校安全工作中成绩显著或者做出突出贡献的单位和个人,Enhanced
11858,表彰、奖励,Enhanced
11859,收购者,Enhanced
11860,计量器具,Enhanced
11861,《商品量计量违法行为处罚规定》,Enhanced
11862,国家质量技术监督局发布,Enhanced
11863,国家市场监督管理总局修订,Enhanced
11864,2020年10月23日,Enhanced
11865,国家质量技术监督局,Enhanced
11866,职业卫生技术服务机构监督检查,Enhanced
11867,拆除历史建筑以外的建筑物,Enhanced
11868,拆除构筑物,Enhanced
11869,拆除其他设施,Enhanced
11870,名城保护和风景名胜处,Enhanced
11871,历史文化街区,Enhanced
11872,名镇,Enhanced
11873,名村核心保护范围内,Enhanced
11874,对宗教活动场所遵守法律、法规、规章情况检查,Enhanced
11875,对建立和执行场所管理制度情况检查,Enhanced
11876,对登记项目变更情况检查,Enhanced
11877,对宗教活动和涉外活动情况检查,Enhanced
11878,宗教事务部门的监督检查,Enhanced
11879,检查事项,Enhanced
11880,检查类型,Enhanced
11881,在学校卫生工作中成绩显著的单位或者个人,Enhanced
11882,国家教育委员会,Enhanced
11883,监测仪器定期检定合格证明,Enhanced
11884,专用车辆投保危险货物承运人责任险情况,Enhanced
11885,交通运输部,Enhanced
11886,"从事服装干洗和机动车维修等服务活动,未设置异味和废气处理装置等污染防治设施并保持正常使用,影响周边环境的,由县级以上地方人民政府生态环境主管部门责令改正,处二千元以上二万元以下的罚款；拒不改正的,责令停业整治",Enhanced
11887,环保机构,Enhanced
11888,违反本条例第二十一条规定,Enhanced
11889,拒不校验的,Enhanced
11890,其《医疗机构执业许可证》,Enhanced
11891,《医疗机构执业许可证》,Enhanced
11892,由原登记机关办理,Enhanced
11893,床位不满100张的医疗机构,Enhanced
11894,每年校验1次,Enhanced
11895,床位在100张以上的医疗机构,Enhanced
11896,每3年校验1次,Enhanced
11897,2022年3月29日国务院令第752号,Enhanced
11898,原登记机关,Enhanced
11899,《医疗机构执业许可证》校验,Enhanced
11900,升放无人驾驶自由气球或者系留气球活动审批,Enhanced
11901,《通用航空飞行管制条例》,Enhanced
11902,《国务院关于第六批取消和调整行政审批项目的决定》,Enhanced
11903,国务院气象主管机构制定,Enhanced
11904,审批项目,Enhanced
11905,地市级、县级气象部门,Enhanced
11906,经营广播电视节目传送业务检查（初审）,Enhanced
11907,危害交通安全,Enhanced
11908,造成环境污染,Enhanced
11909,破坏自然资源,Enhanced
11910,中华人民共和国行政强制法,Enhanced
11911,行政机关作出要求当事人履行排除妨碍、恢复原状等义务的行政决定,Enhanced
11912,在铁路线上放置障碍物,Enhanced
11913,故意向列车投掷物品,Enhanced
11914,在铁路沿线非法挖掘坑穴、采石取沙,Enhanced
11915,在铁路线路上私设道口、平交过道,Enhanced
11916,盗窃、损毁或者擅自移动铁路设施、设备、机车车辆配件或者安全标志,Enhanced
11917,国有建设用地使用权及房屋所有权注销登记,Enhanced
11918,《巡游出租汽车经营服务管理规定》,Enhanced
11919,"未经批准,擅自变更许可证事项、股东及持股比例或者需终止开办视频点播业务",Enhanced
11920,播放不符合本办法规定的广播电视节目,Enhanced
11921,未按本办法规定播放视频点播节目的,Enhanced
11922,"违反本办法规定,有重要事项发生变更未在规定期限内通知原发证机关",Enhanced
11923,"违反本办法规定,播出前端未按规定与广播电视行政部门监控系统进行联网行为的行政处罚",Enhanced
11924,未按广播电视视频点播业务许可证载明的事项从事视频点播业务,Enhanced
11925,未经批准，擅自变更许可证事项、股东及持股比例或者需终止开办视频点播业务,Enhanced
11926,未按本办法规定播放视频点播节目,Enhanced
11927,违反本办法规定，有重要事项发生变更未在规定期限内通知原发证机关,Enhanced
11928,违反本办法规定，播出前端未按规定与广播电视行政部门监控系统进行联网行为,Enhanced
11929,行为类别,Enhanced
11930,对疫苗安全的监督检查,Enhanced
11931,药品生产监管处,Enhanced
11932,疫苗研制进行监督管理,Enhanced
11933,疫苗生产进行监督管理,Enhanced
11934,疫苗流通进行监督管理,Enhanced
11935,预防接种进行监督管理,Enhanced
11936,免疫规划制度的实施进行监督检查,Enhanced
11937,预防接种活动进行监督检查,Enhanced
11938,疫苗上市许可持有人进行现场检查,Enhanced
11939,为疫苗研制提供产品或者服务的单位和个人进行延伸检查,Enhanced
11940,加强对疫苗上市许可持有人的现场检查,Enhanced
11941,买卖或者伪造、变造《报废汽车回收证明},Enhanced
11942,由公安机关没收违法所得,Enhanced
11943,并处1万元以上5万元以下的罚款,Enhanced
11944,"属报废汽车回收企业,情节严重的,由原审批发证部门分别吊销《资格认定书》、《特种行业许可证》、营业执照",Enhanced
11945,买卖或者伪造、变造《报废汽车回收证明}',Enhanced
11946,对买卖、伪造、变造报废汽车回收证明处罚,Enhanced
11947,《报废汽车回收管理办法》,Enhanced
11948,《报废汽车回收管理办法》（国务院令第307号）,Enhanced
11949,报废汽车回收企业,Enhanced
11950,原审批发证部门,Enhanced
11951,吊销《资格认定书》、《特种行业许可证》、营业执照,Enhanced
11952,爆破作业人员进行专业技术培训,Enhanced
11953,爆破作业人员进行考核,Enhanced
11954,爆破作业人员,Enhanced
11955,《爆破作业人员许可证》,Enhanced
11956,考核合格后的结果,Enhanced
11957,爆破作业人员资格许可,Enhanced
11958,对兽用生物制品生产、经营和使用的监督检查,Enhanced
11959,《兽用生物制品经营管理办法》,Enhanced
11960,本行政区域内兽用生物制品的监督管理工作,Enhanced
11961,兽用生物制品生产、经营企业和使用者监督检查,Enhanced
11962,有违反《兽药管理条例》和本办法规定情形,Enhanced
11963,电梯存在严重事故隐患,Enhanced
11964,特种设备安全监督管理的部门,Enhanced
11965,负责特种设备安全监督管理的部门,Enhanced
11966,施工图设计文件审查机构,Enhanced
11967,虚假审查合格书,Enhanced
11968,3万元罚款,Enhanced
11969,审查机构名录,Enhanced
11970,审查人员,Enhanced
11971,签字,Enhanced
11972,《建设工程质量管理条例》第七十二条,Enhanced
11973,《建设工程安全生产管理条例》第五十八条,Enhanced
11974,禁止利用公路桥梁堆放物品,Enhanced
11975,禁止铺设高压电线,Enhanced
11976,禁止铺设输送易燃、易爆或者其他有毒有害气体、液体的管道,Enhanced
11977,陕西省公路路政管理条例,Enhanced
11978,禁止在桥梁、隧道、涵洞内铺设输送易燃、易爆和有害气体、液体的管道,Enhanced
11979,公路桥梁,Enhanced
11980,公路隧道,Enhanced
11981,涵洞,Enhanced
11982,高压电线,Enhanced
11983,易燃,Enhanced
11984,易爆,Enhanced
11985,有毒有害气体,Enhanced
11986,开采回采率,Enhanced
11987,选矿回收率,Enhanced
11988,共伴生矿产综合利用率,Enhanced
11989,破坏性的开采方法,Enhanced
11990,矿产资源法,Enhanced
11991,矿产资源严重破坏,Enhanced
11992,采取破坏性的开采方法开采矿产资源,Enhanced
11993,开采回采率、采矿贫化率和选矿回收率长期达不到设计要求,Enhanced
11994,不超过50%,Enhanced
11995,矿产资源利用指标,Enhanced
11996,归侨、侨眷身份认定,Enhanced
11997,县级以上地方人民政府负责侨务工作的机构,Enhanced
11998,归侨、侨眷身份,Enhanced
11999,收藏条件,Enhanced
12000,国务院自然资源主管部门,Enhanced
12001,符合条件的收藏单位,Enhanced
12002,《古生物化石保护条例》,Enhanced
12003,自然资源部,Enhanced
12004,符合本办法规定的收藏条件的收藏单位,Enhanced
12005,工程施工单位,Enhanced
12006,建筑垃圾处理方案,Enhanced
12007,县级以上地方人民政府环境卫生主管部门,Enhanced
12008,第六十三条第一款,Enhanced
12009,第一百一十一条,Enhanced
12010,施工过程中产生的固体废物,Enhanced
12011,提供虚假的证明、数据、资料、样品或者采取其他手段骗取临床试验许可、药品生产许可、药品经营许可、医疗机构制剂许可或者药品注册等许可行为的行政处罚,Enhanced
12012,提供虚假的证明、数据、资料、样品或者采取其他手段骗取临床试验许可、药品生产许可、药品经营许可、医疗机构制剂许可或者药品注册等许可行为的行政处罚的责任人,Enhanced
12013,《中华人民共和国价格法》,Enhanced
12014,"拒绝按照规定提供监督检查所需资料或者提供虚假资料的,责令改正,予以警告；逾期不改正的,可以处以罚款",Enhanced
12015,《中华人民共和国价格法》第四十四条,Enhanced
12016,违法嫌疑证据或者举报,Enhanced
12017,涉嫌侵犯他人注册商标专用权的行为,Enhanced
12018,有证据证明是侵犯他人注册商标专用权的物品,Enhanced
12019,协助、配合,Enhanced
12020,拒绝、阻挠,Enhanced
12021,案件的查处,Enhanced
12022,中止原因消除后,Enhanced
12023,案件查处程序,Enhanced
12024,县级以上特种设备安全监督部门,Enhanced
12025,充装单位,Enhanced
12026,无电子标识的移动式压力容器,Enhanced
12027,非重复充装气瓶,Enhanced
12028,残液量超标准的移动式压力容器,Enhanced
12029,未经检验的移动式压力容器,Enhanced
12030,检验不合格的移动式压力容器,Enhanced
12031,残液量超标准的气瓶,Enhanced
12032,未经检验的气瓶,Enhanced
12033,检验不合格的气瓶,Enhanced
12034,对擅自修建水工程，或者建设桥梁、码头和其他拦河、跨河、临河建筑物、构筑物，铺设跨河管道、电缆造成环境污染和生态破坏的行政处罚,Enhanced
12035,环境污染和生态破坏,Enhanced
12036,后果,Enhanced
12037,社会组织专项抽查,Enhanced
12038,生产经营劣种子违法行为的处罚,Enhanced
12039,对未及时向保藏机构提供菌(毒,Enhanced
12040,《动物病原微生物菌(毒,Enhanced
12041,《动物病原微生物菌(毒)种保藏管理办法》,Enhanced
12042,2008年11月农业部令第16号公布,Enhanced
12043,2022年1月农业农村部令2022年第1号修订,Enhanced
12044,对网络餐饮服务第三方平台提供者未对入网餐饮服务提供者的食品经营许可证进行审查,Enhanced
12045,未登记入网餐饮服务提供者的名称、地址、法定代表人或者负责人及联系方式等信息,Enhanced
12046,入网餐饮服务提供者食品经营许可证载明的经营场所等许可信息不真实,Enhanced
12047,未与入网餐饮服务提供者签订食品安全协议行为的行政处罚,Enhanced
12048,涉及人的生物医学研究伦理审查办法,Enhanced
12049,项目研究者,Enhanced
12050,擅自设立文物商店,Enhanced
12051,经营文物拍卖的拍卖企业,Enhanced
12052,擅自从事文物的商业经营活动,Enhanced
12053,非法经营的文物,Enhanced
12054,对未经许可，擅自设立文物商店、经营文物拍卖的拍卖企业，或者擅自从事文物的商业经营活动的行政处罚,Enhanced
12055,依法予以制止,Enhanced
12056,没收非法经营的文物,Enhanced
12057,二倍以上五倍以下,Enhanced
12058,对扰乱、阻碍矿山地质环境保护与治理恢复工作，侵占、损坏、损毁矿山地质环境监测设施或者矿山地质环境保护与治理恢复设施的行政处罚,Enhanced
12059,执行依据,Enhanced
12060,责令恢复原状,Enhanced
12061,警告或者五百元以下罚款,Enhanced
12062,承接业务,Enhanced
12063,未依法与委托人签订消防技术服务合同,Enhanced
12064,对未依法签订消防技术服务合同的处罚,Enhanced
12065,国家安全监视总局关于印发〈化工和危险化学品生产经营单位重大生产安全事故隐患判定标准（试行）〉和〈烟花爆竹生产经营单位重大生产安全事故隐患判定标准（试行）〉的通知,Enhanced
12066,零售点与居民居住场所设置在同一建筑物内或者在零售场所使用明火,Enhanced
12067,烟花爆竹类重大生产安全事故隐患,Enhanced
12068,"是,处罚措施",Enhanced
12069,〈化工和危险化学品生产经营单位重大生产安全事故隐患判定标准（试行）〉和〈烟花爆竹生产经营单位重大生产安全事故隐患判定标准（试行）〉的通知,Enhanced
12070,市级或者分县局出入境管理部门,Enhanced
12071,《中华人民共和国出境入境管理法》,Enhanced
12072,遣送出境,Enhanced
12073,"被处限期出境,未在规定期限内离境",Enhanced
12074,有不准入境情形,Enhanced
12075,非法居留、非法就业,Enhanced
12076,违反本法或者其他法律、行政法规需要遣送出境,Enhanced
12077,其他境外人员,Enhanced
12078,有前款所列情形之一,Enhanced
12079,被遣送出境的人员,Enhanced
12080,一至五年内不准入境,Enhanced
12081,来大陆的台湾居民,Enhanced
12082,本办法的规定或者有其他违法犯罪行为,Enhanced
12083,缩短停留期限,Enhanced
12084,限期离境,Enhanced
12085,有本办法第19条规定不予批准情形之一的,Enhanced
12086,立即遣送出境,Enhanced
12087,境外人员,Enhanced
12088,第62条,Enhanced
12089,第37条,Enhanced
12090,隐瞒有关情况或者提供虚假材料申请建设项目安全审查,Enhanced
12091,采用欺骗、贿赂等不正当手段取得建设项目安全审查,Enhanced
12092,建设单位隐瞒有关情况或者提供虚假材料申请建设项目安全审查,Enhanced
12093,建设项目安全审查,Enhanced
12094,隐瞒有关情况或者提供虚假材料申请行政许可,Enhanced
12095,行政许可申请人,Enhanced
12096,行政许可申请人隐瞒有关情况或者提供虚假材料申请行政许可,Enhanced
12097,属于直接关系公共安全、人身健康、生命财产安全事项,Enhanced
12098,在一年内不得再次申请该审查,Enhanced
12099,以欺骗、贿赂等不正当手段取得行政许可,Enhanced
12100,被许可人以欺骗、贿赂等不正当手段取得行政许可,Enhanced
12101,在三年内不得再次申请该行政许可,Enhanced
12102,采用欺骗、贿赂等不正当手段取得行政许可,Enhanced
12103,违反出境入境管理,Enhanced
12104,拘留审查,Enhanced
12105,限制活动范围,Enhanced
12106,患有严重疾病,Enhanced
12107,怀孕或者哺乳自己不满一周岁婴儿,Enhanced
12108,未满十六周岁或者已满七十周岁,Enhanced
12109,不宜适用拘留审查的其他情形,Enhanced
12110,《中华人民共和国出境入境管理法》第60条,Enhanced
12111,《中华人民共和国出境入境管理法》第61条,Enhanced
12112,违反本条例第二十九条第六项规定,Enhanced
12113,由城市管理部门责令改正并处以罚款,Enhanced
12114,已经分类投放的生活垃圾,Enhanced
12115,"法规条款,第二十九条第六项",Enhanced
12116,混合收集、运输,Enhanced
12117,第二十九条第六项,Enhanced
12118,水土流失活动,Enhanced
12119,崩塌,Enhanced
12120,滑坡,Enhanced
12121,泥石流,Enhanced
12122,滑坡危险区,Enhanced
12123,泥石流易发区,Enhanced
12124,汽车销售供应商,Enhanced
12125,汽车销售供应商和经销商,Enhanced
12126,国务院商务主管部门全国汽车流通信息管理系统,Enhanced
12127,打击报复举报人、投诉人,Enhanced
12128,运输人,Enhanced
12129,消纳人,Enhanced
12130,设有食堂的单位,Enhanced
12131,未制定或者未实施防止食品浪费措施,Enhanced
12132,中华人民共和国反食品浪费法,Enhanced
12133,县级以上地方人民政府指定的部门,Enhanced
12134,设有食堂的单位未制定或者未实施防止食品浪费措施行为,Enhanced
12135,防止食品浪费措施,Enhanced
12136,危险化学品安全使用许可,Enhanced
12137,超载运输的船舶,Enhanced
12138,船舶所有人或者经营人,Enhanced
12139,卸货费、存货费、旅客安置费和船舶监管费,Enhanced
12140,不具备安全技术条件从事货物、旅客运输,Enhanced
12141,超载运输货物、旅客,Enhanced
12142,《中华人民共和国内河交通安全管理条例》（国务院令第355号公布　国务院令第709号修订）,Enhanced
12143,对非宗教团体、非宗教院校、非宗教活动场所、非指定的临时活动地点组织、举行宗教活动，接受宗教性捐赠的处罚,Enhanced
12144,第六十九条第二款,Enhanced
12145,公安、民政、建设、教育、文化、旅游、文物等有关部门,Enhanced
12146,宗教活动,Enhanced
12147,任意倾倒垃圾,Enhanced
12148,堆放杂物,Enhanced
12149,公安机关或者消防救援机构,Enhanced
12150,占用、堵塞、封闭消防通道或者疏散通道,Enhanced
12151,城市管理综合执法部门,Enhanced
12152,占用、堵塞、封闭其他共有部分,Enhanced
12153,擅自引进外商投资,Enhanced
12154,设立服务网点未在规定期限内备案,Enhanced
12155,旅行社及其分社、服务网点未悬挂旅行社业务经营许可证、备案登记证明,Enhanced
12156,外商投资旅行社,Enhanced
12157,《条例》第三章的规定,Enhanced
12158,"不得,引进外商投资",Enhanced
12159,设立社,Enhanced
12160,向服务网点所在地工商行政管理部门办理服务网点设立登记,Enhanced
12161,"在3个工作日内,向服务网点所在地与工商登记同级的旅游行政管理部门备案",Enhanced
12162,服务网点经理,Enhanced
12163,"提供,履历表和身份证明",Enhanced
12164,服务网点的《营业执照》,Enhanced
12165,"提交,服务网点所在地与工商登记同级的旅游行政管理部门备案",Enhanced
12166,没有同级的旅游行政管理部门,Enhanced
12167,旅游行政管理部门备案,Enhanced
12168,"悬挂在,经营场所的显要位置",Enhanced
12169,旅行社分社备案登记证明,Enhanced
12170,旅行社服务网点备案登记证明,Enhanced
12171,对擅自引进外商投资、设立服务网点未在规定期限内备案，或者旅行社及其分社、服务网点未悬挂旅行社业务经营许可证、备案登记证明的行政处罚,Enhanced
12172,提供履历表和身份证明,Enhanced
12173,提交服务网点所在地与工商登记同级的旅游行政管理部门备案,Enhanced
12174,向上一级旅游行政管理部门备案,Enhanced
12175,违法生产、储存、使用、经营危险化学品的场所,Enhanced
12176,"有关部门,实施安全监督管理",Enhanced
12177,"有关部门的许可证件,核发危险化学品生产、储存、经营、运输企业营业执照",Enhanced
12178,危险化学品经营企业违法采购危险化学品的行为,Enhanced
12179,危险化学品的生产、储存、使用、经营、运输,Enhanced
12180,"负有危险化学品安全监督管理职责的部门,实施安全监督管理",Enhanced
12181,负有危险化学品安全监督管理职责的部门,Enhanced
12182,"主要负责人批准,查封违法生产、储存、使用、经营危险化学品的场所",Enhanced
12183,"主要负责人批准,扣押违法生产、储存、使用、经营、运输的危险化学品以及用于违法生产、使用、运输危险化学品的原材料、设备、运输工具",Enhanced
12184,危险化学品生产、储存、经营、运输企业,Enhanced
12185,"工商行政管理部门,核发营业执照",Enhanced
12186,查封违法生产、储存、使用、经营危险化学品的场所,Enhanced
12187,扣押违法生产、储存、使用、经营、运输的危险化学品以及用于违法生产、使用、运输危险化学品的原材料、设备、运输工具,Enhanced
12188,国家秘密,Enhanced
12189,保密信息,Enhanced
12190,测绘成果提供,Enhanced
12191,测绘成果保管单位,Enhanced
12192,保障测绘成果完整和安全,Enhanced
12193,数据,Enhanced
12194,适用保密法律,Enhanced
12195,按照国务院和中央军事委员会规定审批,Enhanced
12196,不属于国家秘密的测绘成果提供,Enhanced
12197,对违反规定发布广告的行政处罚,Enhanced
12198,音像复制单位变更,Enhanced
12199,音像复制单位终止,Enhanced
12200,音像制品管理条例,Enhanced
12201,陕西省人民政府关于委托一批行政许可事项的决定,Enhanced
12202,音像制品、电子出版物复制单位设立、变更、兼并、合并、分立审批,Enhanced
12203,在街道两侧和公共场地堆放物料,Enhanced
12204,搭建建筑物、构筑物或者其他设施,Enhanced
12205,城市人民政府市容环境卫生行政主管部门,Enhanced
12206,办理审批手续,Enhanced
12207,临时性建筑物搭建,Enhanced
12208,堆放物料,Enhanced
12209,占道施工审批,Enhanced
12210,城市市容和环境卫生管理条例,Enhanced
12211,在街道两侧和公共场地搭建建筑物,Enhanced
12212,在街道两侧和公共场地搭建构筑物,Enhanced
12213,在街道两侧和公共场地搭建其他设施,Enhanced
12214,必须,Enhanced
12215,药品类易制毒化学品生产企业,Enhanced
12216,连续停产,Enhanced
12217,所在地省、自治区、直辖市食品药品监督管理部门现场检查,Enhanced
12218,未经所在地省、自治区、直辖市食品药品监督管理部门现场检查,Enhanced
12219,渠道购销药品类易制毒化学品,Enhanced
12220,药品类易制毒化学品经营企业,Enhanced
12221,麻醉药品区域性批发企业,Enhanced
12222,调剂药品类易制毒化学品,Enhanced
12223,药品类易制毒化学品,Enhanced
12224,购用单位,Enhanced
12225,供货单位,Enhanced
12226,县级以上食品药品监督管理部门,Enhanced
12227,《药品类易制毒化学品管理办法》,Enhanced
12228,2010年5月1日起施行,Enhanced
12229,部门和企业,Enhanced
12230,计量检定,Enhanced
12231,事业单位,Enhanced
12232,各项最高计量标准,Enhanced
12233,人民政府计量行政部门,Enhanced
12234,未经考核合格而开展计量检定,Enhanced
12235,立案阶段责任,Enhanced
12236,检查中发现或者接到举报,Enhanced
12237,调查阶段责任,Enhanced
12238,对立案的案件,Enhanced
12239,审查阶段责任,Enhanced
12240,应当对案件违法事实,Enhanced
12241,告知阶段责任,Enhanced
12242,书面告知当事人违法事实,Enhanced
12243,决定阶段责任,Enhanced
12244,根据审理情况决定是否予以行政惩罚,Enhanced
12245,送达阶段责任,Enhanced
12246,行政惩罚决定书按法律规定的方式和时限送达当事人,Enhanced
12247,执行阶段责任,Enhanced
12248,"监督当事人在决定的期限内,履行生效的行政惩罚决定",Enhanced
12249,行政惩罚决定书,Enhanced
12250,撤销,Enhanced
12251,取得资质,Enhanced
12252,对涉嫌特殊标志侵权行为的监督检查,Enhanced
12253,知识产权相关处室,Enhanced
12254,《特殊标志管理条例》,Enhanced
12255,特殊标志侵权案件,Enhanced
12256,"可以行使,下列职权",Enhanced
12257,有关当事人,Enhanced
12258,"协助,工商行政管理部门",Enhanced
12259,检查与侵权活动有关的物品,Enhanced
12260,调查与侵权活动有关的行为,Enhanced
12261,查阅、复制与侵权活动有关的合同、帐册等业务资料,Enhanced
12262,西安市水务工程质量与安全监督站,Enhanced
12263,《水利工程质量管理规定（水利部令52号）第五十七条,Enhanced
12264,《水利工程建设项目验收管理规定》（水利部令第30号，2017修正）,Enhanced
12265,法人验收后质量评定结论,Enhanced
12266,水利工程法人验收质量评定结论核备,Enhanced
12267,承担项目质量监督的水行政主管部门或者流域机构,Enhanced
12268,重要隐蔽单元工程及关键部位单元工程、分部工程、单位工程质量验收结论报送,Enhanced
12269,质量监督机构,Enhanced
12270,法人验收后质量评定结论核备,Enhanced
12271,法人验收鉴定书,Enhanced
12272,政府验收的备查资料,Enhanced
12273,法定代表人（负责人）,Enhanced
12274,因食品安全犯罪被判处有期徒刑以上刑罚人员,Enhanced
12275,生猪屠宰管理活动,Enhanced
12276,2021年6月国务院令第742号,Enhanced
12277,《家用汽车产品修理、更换、退货责任规定》,Enhanced
12278,国家市场监督管理总局令第43号,Enhanced
12279,2022年1月1日,Enhanced
12280,卫星地面接收设施安装服务机构,Enhanced
12281,卫星地面接收设施生产企业,Enhanced
12282,卫星电视广播地面接收设施安装服务暂行办法,Enhanced
12283,2009年8月国家广播电影电视总局令第60号,Enhanced
12284,2015年8月国家新闻出版广电总局令第3号,Enhanced
12285,市级广播电视行政部门,Enhanced
12286,国家广播电影电视总局,Enhanced
12287,国家新闻出版广电总局,Enhanced
12288,生鲜乳收购者,Enhanced
12289,非食品用化学物质,Enhanced
12290,乳制品生产企业,Enhanced
12291,加入非食品用化学物质,Enhanced
12292,没收违法所得和违法生产的乳品,Enhanced
12293,违法所得和违法生产的乳品,Enhanced
12294,相关的工具、设备等物品,Enhanced
12295,代理记账机构资格,Enhanced
12296,代理记账资格,Enhanced
12297,代理记账公司,Enhanced
12298,不正当行为,Enhanced
12299,资格证书,Enhanced
12300,承办相关事务,Enhanced
12301,客运班车,Enhanced
12302,客运标志牌,Enhanced
12303,监督举报电话,Enhanced
12304,《陕西省道路运输管理条例》,Enhanced
12305,"《建设项目安全设施""三同时""监督管理办法》",Enhanced
12306,非煤矿矿山建设项目,Enhanced
12307,生产经营单位应当进行安全预评价,Enhanced
12308,生产、储存危险化学品的建设项目,Enhanced
12309,生产、储存烟花爆竹的建设项目,Enhanced
12310,使用危险化学品从事生产并且使用量达到规定数量的化工建设项目,Enhanced
12311,法律、行政法规和国务院规定的其他建设项目,Enhanced
12312,有关生产经营单位,Enhanced
12313,5000元以上3万元以下的罚款,Enhanced
12314,没有安全设施设计的,Enhanced
12315,安全设施设计未组织审查,Enhanced
12316,"情形之一,第三十条",Enhanced
12317,施工单位未按照安全设施设计施工的,Enhanced
12318,投入生产或者使用前,Enhanced
12319,"并形成书面报告的,情形之一,第三十条",Enhanced
12320,医疗机构投诉管理工作监督检查,Enhanced
12321,《医疗机构投诉管理办法》,Enhanced
12322,第3号,Enhanced
12323,日常管理和考评,Enhanced
12324,日常管理和考评（针对医疗机构）,Enhanced
12325,《中华人民共和国野生植物保护条例》第二十七条,Enhanced
12326,《陕西省野生植物保护条例》第六条,Enhanced
12327,机械企业,Enhanced
12328,对其直接负责的主管人员和其他直接责任人员处一万元以上二万元以下的罚款,Enhanced
12329,未设置紧急排放和应急储存设施,Enhanced
12330,责令改进,Enhanced
12331,30000元（但不超过违法所得3倍）,Enhanced
12332,500元以上10000元以下,Enhanced
12333,未公示促销规则,Enhanced
12334,本规定第七条,Enhanced
12335,国家市场监督管理总局令第32号公布,Enhanced
12336,违反本规定第七条,Enhanced
12337,《中华人民共和国传染病防治法实施办法》,Enhanced
12338,不报、漏报、迟报传染病疫情,Enhanced
12339,县级以上政府卫生行政部门,Enhanced
12340,不报、漏报、迟报传染病疫情的执行职务的医疗保健人员、卫生防疫人员和责任单位,Enhanced
12341,不报、漏报、迟报传染病疫情的个体行医人员,Enhanced
12342,不报、漏报、迟报传染病疫情且造成传染病传播流行的个体行医人员,Enhanced
12343,出租、转让频率、频段，擅自变更广播电视发射台、转播台技术参数,Enhanced
12344,广播电视发射台、转播台擅自播放自办节目、插播广告,Enhanced
12345,未经批准，擅自利用卫星方式传输广播电视节目,Enhanced
12346,未经批准，擅自以卫星等传输方式进口、转播境外广播电视节目,Enhanced
12347,未经批准，擅自利用有线广播电视传输覆盖网播放节目,Enhanced
12348,未经批准，擅自进行广播电视传输覆盖网的工程选址、设计、施工、安装,Enhanced
12349,侵占、干扰广播电视专用频率，擅自截传、干扰、解扰广播电视信号,Enhanced
12350,违法所得和从事违法活动的专用工具、设备,Enhanced
12351,原批准机关,Enhanced
12352,国务院令第228号,Enhanced
12353,伪造、变造、出租、出借、买卖营业性演出许可证、批准文件,Enhanced
12354,原取得的营业性演出许可证,Enhanced
12355,伪造、变造、出租、出借或者买卖营业性演出许可证、批准文件或者营业执照,Enhanced
12356,伪造、变造营业性演出门票或者倒卖伪造、变造的营业性演出门票,Enhanced
12357,任何单位或者个人,Enhanced
12358,营业性演出许可证、批准文件或者营业执照,Enhanced
12359,营业性演出门票,Enhanced
12360,伪造、变造的营业性演出门票,Enhanced
12361,营业性演出批准文件,Enhanced
12362,道路危险货物运输企业,Enhanced
12363,对客运经营者、货运经营者擅自改装已取得车辆营运证的车辆的；道路危险货物运输企业擅自改装已取得《道路运输证》的专用车辆及罐式专用车辆罐体的；放射性物品道路运输企业或者单位擅自改装已取得《道路运输证》的专用车辆的处罚。,Enhanced
12364,文物商店设立审批,Enhanced
12365,省文物局,Enhanced
12366,设区的市级文物部门,Enhanced
12367,省、自治区、直辖市人民政府文物行政部门,Enhanced
12368,共有产权房租金标准审核,Enhanced
12369,《西安市深化住房供给侧结构性改革实施方案》,Enhanced
12370,《西安市共有产权住房建设管理实施细则》,Enhanced
12371,代持机构,Enhanced
12372,具有一级资质的房地产估价机构评估,Enhanced
12373,市住房保障部门,Enhanced
12374,评估结果,Enhanced
12375,市场评估租金,Enhanced
12376,由代持机构,Enhanced
12377,市场评估价,Enhanced
12378,产权份额,Enhanced
12379,政府或其指定的代持机构,Enhanced
12380,政府产权,Enhanced
12381,购房人,Enhanced
12382,购房合同,Enhanced
12383,租金标准,Enhanced
12384,房屋使用维护,Enhanced
12385,转让限制,Enhanced
12386,市政办发〔2018〕85号,Enhanced
12387,市场评估租金的70%,Enhanced
12388,共有产权住房土地,Enhanced
12389,限房价、竞地价,Enhanced
12390,全国体育事业及在发展全民健身事业中做出突出贡献的组织和个人的奖励,Enhanced
12391,《中华人民共和国体育法》（2022修订）第十三条,Enhanced
12392,全国体育事业,Enhanced
12393,体育事业,Enhanced
12394,全民健身事业,Enhanced
12395,体育局,Enhanced
12396,"""集体建设用地使用权及房屋所有权转移登记""",Enhanced
12397,集体建设用地使用权及房屋所有权转移登记,Enhanced
12398,与认证有关的检查机构,Enhanced
12399,渭河流域治理和保护工作,Enhanced
12400,《陕西省渭河流域管理条例》（2018修正）,Enhanced
12401,在渭河流域治理和保护工作中做出显著成绩的单位和个人,Enhanced
12402,特殊工种退休条件,Enhanced
12403,西安市人力资源和社会保障局的一部分,Enhanced
12404,《医疗质量管理办法》,Enhanced
12405,《陕西省实施&lt;中华人民共和国野生动物保护法&gt;办法》,Enhanced
12406,县级以上人民政府林业、农业农村行政主管部门,Enhanced
12407,野生动物生态廊道,Enhanced
12408,农业农村行政主管部门,Enhanced
12409,野生动物保护管理的专管或者兼管机构,Enhanced
12410,陕西省实施&lt;中华人民共和国野生动物保护法&gt;办法,Enhanced
12411,《中华人民共和国野生动物保护法》,Enhanced
12412,森林草原防火期内在森林草原防火区爆破、勘察和施工等活动审批,Enhanced
12413,森林防火期,Enhanced
12414,野外用火,Enhanced
12415,防治病虫鼠害、冻害等特殊情况,Enhanced
12416,野外用火审批,Enhanced
12417,防火措施,Enhanced
12418,《草原防火条例》,Enhanced
12419,草原防火期,Enhanced
12420,草原上使用枪械狩猎,Enhanced
12421,草原上进行爆破、勘察和施工等活动,Enhanced
12422,县级以上地方人民政府草原防火主管部门,Enhanced
12423,实弹演习、处置突发性事件和执行其他任务,Enhanced
12424,部队在草原上进行,Enhanced
12425,林业改革发展处,Enhanced
12426,2008年11月国务院令第541号修订,Enhanced
12427,国务院令第130号公布,Enhanced
12428,2008年11月国务院令第542号修订,Enhanced
12429,具有药品生产、经营资格的企业购进药品,Enhanced
12430,违法购进药品货值金额,Enhanced
12431,违法购进的药品,Enhanced
12432,未经定点从事牲畜屠宰活动等行为,Enhanced
12433,未经定点从事牲畜屠宰活动等行为的行政处罚,Enhanced
12434,责令暂停导致职业病危害事故的作业,Enhanced
12435,封存造成职业病危害事故或者可能导致职业病危害事故发生的材料和设备,Enhanced
12436,组织控制职业病危害事故现场,Enhanced
12437,卫生行政部门可以采取临时控制措施,Enhanced