start_id,end_id,relation_type,source
1,2,行驶主体,enhanced_extraction
1,2,承办机构,enhanced_extraction
3,2,实施依据,enhanced_extraction
1,2,执行,enhanced_extraction
1,4,行驶主体,enhanced_extraction
1,4,承办机构,enhanced_extraction
5,4,导致,enhanced_extraction
4,2,属于,enhanced_extraction
1,4,执行,enhanced_extraction
4,6,依据,enhanced_extraction
7,8,是,enhanced_extraction
9,8,依据,enhanced_extraction
10,9,是,enhanced_extraction
11,12,是,enhanced_extraction
13,2,是,enhanced_extraction
4,14,包含,enhanced_extraction
15,2,是,enhanced_extraction
7,16,是,enhanced_extraction
9,4,行驶主体和承办机构,enhanced_extraction
16,17,是,enhanced_extraction
18,19,涉及问题,enhanced_extraction
20,21,是,enhanced_extraction
22,21,是,enhanced_extraction
7,23,是,enhanced_extraction
18,2,类型,enhanced_extraction
21,24,类型,enhanced_extraction
19,25,类型,enhanced_extraction
15,26,类型,enhanced_extraction
2,27,类型,enhanced_extraction
20,10,类型,enhanced_extraction
22,28,类型,enhanced_extraction
7,17,类型,enhanced_extraction
21,21,既是行驶主体也是承办机构,enhanced_extraction
2,15,属于,enhanced_extraction
12,4,是,enhanced_extraction
4,29,包括,enhanced_extraction
15,2,是,enhanced_extraction
20,30,是,enhanced_extraction
22,30,是,enhanced_extraction
4,2,类型,enhanced_extraction
30,2,行使,enhanced_extraction
30,4,承办,enhanced_extraction
4,31,涉及事项,enhanced_extraction
15,2,是,enhanced_extraction
7,6,是,enhanced_extraction
9,9,既是行驶主体也是承办机构,enhanced_extraction
4,2,类型,enhanced_extraction
9,32,类型,enhanced_extraction
33,34,类型,enhanced_extraction
31,35,类型,enhanced_extraction
15,26,类型,enhanced_extraction
2,15,类型,enhanced_extraction
20,26,类型,enhanced_extraction
22,26,类型,enhanced_extraction
7,26,类型,enhanced_extraction
4,36,涉及事项,enhanced_extraction
30,4,行使行政处罚权力,enhanced_extraction
4,8,依据,enhanced_extraction
1,2,行驶主体,enhanced_extraction
1,2,承办机构,enhanced_extraction
4,37,针对,enhanced_extraction
4,2,属于,enhanced_extraction
1,2,实施,enhanced_extraction
38,2,依据,enhanced_extraction
4,39,包含,enhanced_extraction
15,2,是,enhanced_extraction
7,40,是,enhanced_extraction
4,2,类型,enhanced_extraction
39,35,类型,enhanced_extraction
2,15,类型,enhanced_extraction
41,42,类型,enhanced_extraction
40,43,类型,enhanced_extraction
41,4,行驶主体,enhanced_extraction
41,4,承办机构,enhanced_extraction
4,44,涉及内容,enhanced_extraction
15,2,类型,enhanced_extraction
20,45,为,enhanced_extraction
22,45,为,enhanced_extraction
7,3,依据,enhanced_extraction
4,46,针对,enhanced_extraction
47,2,行使,enhanced_extraction
47,20,是,enhanced_extraction
47,22,是,enhanced_extraction
38,7,作为,enhanced_extraction
4,5,包含,enhanced_extraction
2,4,类型,enhanced_extraction
48,2,行驶主体,enhanced_extraction
48,2,承办机构,enhanced_extraction
49,50,补充依据,enhanced_extraction
4,2,类型,enhanced_extraction
4,48,行使主体,enhanced_extraction
4,48,承办机构,enhanced_extraction
4,49,实施依据,enhanced_extraction
4,5,针对,enhanced_extraction
49,50,补充,enhanced_extraction
4,51,涉及内容,enhanced_extraction
2,4,权力类型,enhanced_extraction
1,4,行驶主体,enhanced_extraction
1,4,承办机构,enhanced_extraction
4,2,类型,enhanced_extraction
1,4,执行,enhanced_extraction
4,52,依据,enhanced_extraction
48,4,行驶主体,enhanced_extraction
48,4,承办机构,enhanced_extraction
53,4,涉及,enhanced_extraction
4,2,权力类型,enhanced_extraction
48,20,是,enhanced_extraction
48,22,是,enhanced_extraction
4,8,依据,enhanced_extraction
4,54,涉及问题,enhanced_extraction
2,4,权力类型,enhanced_extraction
55,4,行驶主体,enhanced_extraction
55,4,承办机构,enhanced_extraction
4,2,类型,enhanced_extraction
4,56,依据,enhanced_extraction
4,14,包含,enhanced_extraction
4,2,类型,enhanced_extraction
14,4,是,enhanced_extraction
41,4,行驶主体,enhanced_extraction
41,4,承办机构,enhanced_extraction
23,4,实施依据,enhanced_extraction
48,2,行驶主体,enhanced_extraction
57,2,实施依据,enhanced_extraction
48,2,行使主体和承办机构,enhanced_extraction
4,58,涉及事项,enhanced_extraction
2,4,权力类型,enhanced_extraction
21,2,行驶主体,enhanced_extraction
21,2,承办机构,enhanced_extraction
6,2,实施依据,enhanced_extraction
4,2,类型,enhanced_extraction
21,32,类型,enhanced_extraction
6,34,类型,enhanced_extraction
58,35,类型,enhanced_extraction
21,2,执行,enhanced_extraction
6,2,依据,enhanced_extraction
12,4,是,enhanced_extraction
4,59,包含,enhanced_extraction
15,2,是,enhanced_extraction
4,2,类型,enhanced_extraction
59,35,类型,enhanced_extraction
2,15,类型,enhanced_extraction
45,60,类型,enhanced_extraction
23,43,类型,enhanced_extraction
45,2,行使,enhanced_extraction
23,2,依据,enhanced_extraction
12,4,是,enhanced_extraction
4,19,涉及问题,enhanced_extraction
20,30,是,enhanced_extraction
22,61,是,enhanced_extraction
30,4,行使权力,enhanced_extraction
4,2,权力类型,enhanced_extraction
62,31,涉及事项,enhanced_extraction
41,2,行驶主体,enhanced_extraction
41,41,承办机构,enhanced_extraction
41,57,实施依据,enhanced_extraction
4,5,包括,enhanced_extraction
20,55,是,enhanced_extraction
7,23,是,enhanced_extraction
15,2,等同于,enhanced_extraction
55,23,依据,enhanced_extraction
12,12,是,enhanced_extraction
15,2,是,enhanced_extraction
20,30,是,enhanced_extraction
7,16,是,enhanced_extraction
30,2,行使,enhanced_extraction
2,16,依据,enhanced_extraction
4,14,包含,enhanced_extraction
7,16,是,enhanced_extraction
63,64,既是行驶主体也是承办机构,enhanced_extraction
63,2,行使,enhanced_extraction
2,15,包含,enhanced_extraction
48,2,行驶主体,enhanced_extraction
48,2,承办机构,enhanced_extraction
8,2,实施依据,enhanced_extraction
48,24,类型,enhanced_extraction
8,43,类型,enhanced_extraction
48,2,执行,enhanced_extraction
20,9,是,enhanced_extraction
22,9,是,enhanced_extraction
4,65,涉及,enhanced_extraction
15,2,是,enhanced_extraction
7,16,依据,enhanced_extraction
4,66,涉及事项,enhanced_extraction
2,4,权力类型,enhanced_extraction
47,2,行驶主体,enhanced_extraction
47,2,承办机构,enhanced_extraction
40,2,实施依据,enhanced_extraction
47,2,负责,enhanced_extraction
4,67,涉及事项,enhanced_extraction
2,4,权力类型,enhanced_extraction
21,2,行使主体,enhanced_extraction
61,2,承办机构,enhanced_extraction
4,2,类型,enhanced_extraction
67,25,类型,enhanced_extraction
2,15,类型,enhanced_extraction
21,60,类型,enhanced_extraction
61,22,类型,enhanced_extraction
68,7,类型,enhanced_extraction
21,40,依据,enhanced_extraction
4,69,涉及内容,enhanced_extraction
2,4,权力类型,enhanced_extraction
70,2,实施依据,enhanced_extraction
4,2,类型,enhanced_extraction
21,2,行使主体,enhanced_extraction
21,2,承办机构,enhanced_extraction
71,72,涉及业务,enhanced_extraction
41,20,是,enhanced_extraction
41,22,是,enhanced_extraction
73,7,是,enhanced_extraction
71,74,涉及业务,enhanced_extraction
2,41,行使权力类型,enhanced_extraction
41,75,是,enhanced_extraction
4,5,涉及事项,enhanced_extraction
30,30,行驶主体,enhanced_extraction
30,30,承办机构,enhanced_extraction
30,76,实施依据,enhanced_extraction
4,2,类型,enhanced_extraction
30,28,类型,enhanced_extraction
49,77,类型,enhanced_extraction
30,4,行驶主体,enhanced_extraction
30,4,承办机构,enhanced_extraction
4,53,涉及,enhanced_extraction
4,2,类型,enhanced_extraction
53,25,类型,enhanced_extraction
41,32,类型,enhanced_extraction
8,34,类型,enhanced_extraction
4,2,属于,enhanced_extraction
7,8,依据,enhanced_extraction
4,65,包含,enhanced_extraction
15,2,是,enhanced_extraction
4,2,类型,enhanced_extraction
65,78,类型,enhanced_extraction
2,15,类型,enhanced_extraction
41,4,行使主体,enhanced_extraction
41,4,承办机构,enhanced_extraction
57,4,作为依据,enhanced_extraction
4,5,涉及事项,enhanced_extraction
2,4,权力类型,enhanced_extraction
45,4,行驶主体,enhanced_extraction
45,4,承办机构,enhanced_extraction
4,2,类型,enhanced_extraction
4,73,实施依据,enhanced_extraction
4,67,涉及事项,enhanced_extraction
2,4,权力类型,enhanced_extraction
45,2,执行主体,enhanced_extraction
70,45,依据来源,enhanced_extraction
48,4,行驶主体,enhanced_extraction
48,4,承办机构,enhanced_extraction
51,4,被处罚,enhanced_extraction
4,2,属于,enhanced_extraction
4,40,依据,enhanced_extraction
48,4,行使主体,enhanced_extraction
4,66,涉及事项,enhanced_extraction
2,4,权力类型,enhanced_extraction
2,57,实施依据,enhanced_extraction
4,2,类型,enhanced_extraction
47,2,执行主体,enhanced_extraction
57,77,类型,enhanced_extraction
4,79,针对行为,enhanced_extraction
48,2,行使权力类型,enhanced_extraction
48,4,行使权力,enhanced_extraction
23,7,作为依据,enhanced_extraction
4,79,包含行为,enhanced_extraction
15,2,是,enhanced_extraction
20,41,是,enhanced_extraction
22,41,是,enhanced_extraction
4,2,类型,enhanced_extraction
79,35,类型,enhanced_extraction
2,15,类型,enhanced_extraction
41,42,类型,enhanced_extraction
6,43,类型,enhanced_extraction
41,4,行驶主体,enhanced_extraction
41,4,承办机构,enhanced_extraction
7,6,依据,enhanced_extraction
4,80,针对,enhanced_extraction
41,15,行使,enhanced_extraction
41,2,行使,enhanced_extraction
41,20,作为,enhanced_extraction
41,22,作为,enhanced_extraction
4,58,涉及,enhanced_extraction
15,2,是,enhanced_extraction
20,30,是,enhanced_extraction
22,30,是,enhanced_extraction
7,70,是,enhanced_extraction
4,2,类型,enhanced_extraction
30,24,类型,enhanced_extraction
70,81,类型,enhanced_extraction
58,25,类型,enhanced_extraction
15,82,类型,enhanced_extraction
30,4,行驶主体,enhanced_extraction
30,4,承办机构,enhanced_extraction
4,83,包括,enhanced_extraction
15,2,等同于,enhanced_extraction
20,22,等同于,enhanced_extraction
7,16,引用,enhanced_extraction
12,4,是,enhanced_extraction
4,84,包括,enhanced_extraction
15,2,是,enhanced_extraction
20,85,是,enhanced_extraction
22,41,是,enhanced_extraction
7,86,是,enhanced_extraction
41,4,行驶主体,enhanced_extraction
4,86,实施依据,enhanced_extraction
4,79,涉及行为,enhanced_extraction
15,2,是,enhanced_extraction
20,63,是,enhanced_extraction
22,63,是,enhanced_extraction
4,2,类型,enhanced_extraction
79,35,类型,enhanced_extraction
2,15,类型,enhanced_extraction
63,87,类型,enhanced_extraction
40,34,类型,enhanced_extraction
63,63,既是行驶主体也是承办机构,enhanced_extraction
7,88,是,enhanced_extraction
4,69,涉及内容,enhanced_extraction
2,4,权力类型,enhanced_extraction
9,4,行驶主体,enhanced_extraction
9,4,承办机构,enhanced_extraction
9,2,行使主体,enhanced_extraction
9,2,承办机构,enhanced_extraction
41,2,行驶主体,enhanced_extraction
41,2,承办机构,enhanced_extraction
41,2,执行,enhanced_extraction
73,4,法律依据,enhanced_extraction
4,44,涉及内容,enhanced_extraction
15,2,类型,enhanced_extraction
20,41,为,enhanced_extraction
22,41,为,enhanced_extraction
7,89,来自,enhanced_extraction
41,64,既是行驶主体也是承办机构,enhanced_extraction
4,19,涉及事项,enhanced_extraction
2,4,权力类型,enhanced_extraction
47,2,行驶主体,enhanced_extraction
47,2,承办机构,enhanced_extraction
4,90,类型,enhanced_extraction
19,25,类型,enhanced_extraction
2,15,类型,enhanced_extraction
47,87,类型,enhanced_extraction
76,34,类型,enhanced_extraction
47,47,合作关系,enhanced_extraction
76,4,实施依据,enhanced_extraction
12,80,涉及问题,enhanced_extraction
20,45,是,enhanced_extraction
22,45,是,enhanced_extraction
12,4,涉及,enhanced_extraction
15,91,是,enhanced_extraction
7,76,依据,enhanced_extraction
12,4,是,enhanced_extraction
15,2,是,enhanced_extraction
7,23,是,enhanced_extraction
92,93,是,enhanced_extraction
21,94,类型,enhanced_extraction
4,39,针对,enhanced_extraction
21,95,行驶主体且承办机构,enhanced_extraction
93,96,类型,enhanced_extraction
21,2,行使,enhanced_extraction
21,23,实施,enhanced_extraction
21,93,执行,enhanced_extraction
2,47,由,enhanced_extraction
4,2,类型,enhanced_extraction
47,40,执行,enhanced_extraction
40,7,类型,enhanced_extraction
30,4,行驶主体,enhanced_extraction
4,70,实施依据,enhanced_extraction
4,37,针对违规行为,enhanced_extraction
4,2,属于,enhanced_extraction
30,4,执行,enhanced_extraction
70,4,作为依据,enhanced_extraction
12,4,是,enhanced_extraction
4,97,涉及,enhanced_extraction
15,2,是,enhanced_extraction
20,21,是,enhanced_extraction
22,21,是,enhanced_extraction
7,23,是,enhanced_extraction
21,4,执行,enhanced_extraction
21,23,依据,enhanced_extraction
4,97,针对,enhanced_extraction
20,9,是,enhanced_extraction
22,9,是,enhanced_extraction
7,6,依据,enhanced_extraction
4,97,涉及,enhanced_extraction
9,2,执行,enhanced_extraction
15,2,是,enhanced_extraction
55,2,行驶主体,enhanced_extraction
55,2,承办机构,enhanced_extraction
55,2,执行,enhanced_extraction
12,98,包括,enhanced_extraction
15,2,是,enhanced_extraction
20,99,是,enhanced_extraction
22,45,是,enhanced_extraction
7,70,是,enhanced_extraction
92,93,是,enhanced_extraction
1,98,行驶主体,enhanced_extraction
1,99,授予权力,enhanced_extraction
45,70,执行,enhanced_extraction
4,53,基于,enhanced_extraction
15,2,是,enhanced_extraction
4,2,类型,enhanced_extraction
21,2,执行,enhanced_extraction
7,57,依据,enhanced_extraction
4,29,包含,enhanced_extraction
4,2,类型,enhanced_extraction
29,100,类型,enhanced_extraction
21,42,类型,enhanced_extraction
73,77,类型,enhanced_extraction
15,101,类型,enhanced_extraction
2,15,类型,enhanced_extraction
20,101,类型,enhanced_extraction
22,101,类型,enhanced_extraction
7,101,类型,enhanced_extraction
21,4,行驶主体,enhanced_extraction
21,4,承办机构,enhanced_extraction
15,2,类型,enhanced_extraction
20,21,执行,enhanced_extraction
22,21,执行,enhanced_extraction
7,86,法律依据,enhanced_extraction
102,51,涉及内容,enhanced_extraction
9,102,行驶主体,enhanced_extraction
9,102,承办机构,enhanced_extraction
9,2,行使主体,enhanced_extraction
9,2,承办机构,enhanced_extraction
102,2,类型,enhanced_extraction
102,103,实施依据,enhanced_extraction
102,2,权力类型,enhanced_extraction
12,4,是,enhanced_extraction
4,36,包含,enhanced_extraction
15,2,是,enhanced_extraction
20,45,是,enhanced_extraction
22,45,是,enhanced_extraction
7,76,是,enhanced_extraction
4,2,类型,enhanced_extraction
36,25,类型,enhanced_extraction
2,15,类型,enhanced_extraction
45,42,类型,enhanced_extraction
49,77,类型,enhanced_extraction
12,62,类型,enhanced_extraction
15,104,类型,enhanced_extraction
20,42,类型,enhanced_extraction
22,42,类型,enhanced_extraction
7,104,类型,enhanced_extraction
2,4,权力类型,enhanced_extraction
45,4,承办机构,enhanced_extraction
105,4,受处罚对象,enhanced_extraction
4,2,权力类型,enhanced_extraction
1,20,是,enhanced_extraction
1,22,也是,enhanced_extraction
76,7,是,enhanced_extraction
1,4,负责,enhanced_extraction
1,76,依据,enhanced_extraction
4,106,涉及违规行为,enhanced_extraction
15,2,是,enhanced_extraction
20,48,是,enhanced_extraction
22,48,是,enhanced_extraction
7,16,是,enhanced_extraction
1,4,行驶主体,enhanced_extraction
1,4,承办机构,enhanced_extraction
4,107,实施依据,enhanced_extraction
20,9,是,enhanced_extraction
22,9,是,enhanced_extraction
4,80,针对,enhanced_extraction
15,2,是,enhanced_extraction
7,6,依据,enhanced_extraction
4,83,涉及事项,enhanced_extraction
2,4,权力类型,enhanced_extraction
63,2,行驶主体,enhanced_extraction
63,2,承办机构,enhanced_extraction
63,2,执行,enhanced_extraction
4,36,涉及事项,enhanced_extraction
30,40,依据,enhanced_extraction
30,4,执行,enhanced_extraction
4,40,依据,enhanced_extraction
4,65,涉及,enhanced_extraction
15,2,是,enhanced_extraction
7,40,是,enhanced_extraction
92,93,是,enhanced_extraction
9,4,行驶主体,enhanced_extraction
9,4,承办机构,enhanced_extraction
40,17,是,enhanced_extraction
4,83,涉及事项,enhanced_extraction
15,2,类型,enhanced_extraction
20,55,是,enhanced_extraction
22,55,是,enhanced_extraction
55,38,依据,enhanced_extraction
38,55,是实施依据,enhanced_extraction
12,4,是,enhanced_extraction
4,69,包含,enhanced_extraction
15,2,是,enhanced_extraction
20,21,是,enhanced_extraction
22,21,是,enhanced_extraction
7,57,是,enhanced_extraction
4,2,类型,enhanced_extraction
21,87,类型,enhanced_extraction
108,77,类型,enhanced_extraction
69,35,类型,enhanced_extraction
21,64,既是行驶主体也是承办机构,enhanced_extraction
21,109,参照执行,enhanced_extraction
4,65,涉及问题,enhanced_extraction
15,2,类型,enhanced_extraction
20,4,执行,enhanced_extraction
22,110,涉及,enhanced_extraction
7,70,依据,enhanced_extraction
1,20,是,enhanced_extraction
1,4,执行,enhanced_extraction
4,70,依据,enhanced_extraction
15,2,是,enhanced_extraction
20,63,是,enhanced_extraction
22,63,是,enhanced_extraction
63,4,执行,enhanced_extraction
63,4,处理,enhanced_extraction
7,57,来源于,enhanced_extraction
2,4,权力类型,enhanced_extraction
1,2,行驶主体,enhanced_extraction
2,37,针对,enhanced_extraction
1,2,执行,enhanced_extraction
1,38,依据,enhanced_extraction
55,4,行驶主体,enhanced_extraction
55,4,承办机构,enhanced_extraction
4,111,法律依据,enhanced_extraction
55,4,负责,enhanced_extraction
4,97,涉及,enhanced_extraction
45,20,是,enhanced_extraction
45,22,也是,enhanced_extraction
38,7,是,enhanced_extraction
45,4,是执行主体,enhanced_extraction
38,7,是依据,enhanced_extraction
4,80,包含,enhanced_extraction
15,2,是,enhanced_extraction
20,41,是,enhanced_extraction
22,41,是,enhanced_extraction
7,76,是,enhanced_extraction
92,93,是,enhanced_extraction
4,2,类型,enhanced_extraction
80,25,类型,enhanced_extraction
41,87,类型,enhanced_extraction
76,34,类型,enhanced_extraction
41,4,行驶主体,enhanced_extraction
41,4,承办机构,enhanced_extraction
4,66,涉及事项,enhanced_extraction
2,4,权力类型,enhanced_extraction
4,2,类型,enhanced_extraction
45,2,行驶主体,enhanced_extraction
45,2,承办机构,enhanced_extraction
45,4,执行,enhanced_extraction
70,4,依据,enhanced_extraction
4,36,涉及领域,enhanced_extraction
2,4,权力类型,enhanced_extraction
63,2,执行,enhanced_extraction
63,2,权力类型,enhanced_extraction
63,70,依据,enhanced_extraction
1,4,行驶主体,enhanced_extraction
1,4,承办机构,enhanced_extraction
5,4,导致,enhanced_extraction
4,2,权力类型,enhanced_extraction
1,2,行驶主体,enhanced_extraction
1,2,承办机构,enhanced_extraction
4,23,依据,enhanced_extraction
4,39,包含,enhanced_extraction
15,2,是,enhanced_extraction
20,9,是,enhanced_extraction
22,9,是,enhanced_extraction
7,6,是,enhanced_extraction
4,2,类型,enhanced_extraction
39,35,类型,enhanced_extraction
2,15,类型,enhanced_extraction
9,60,类型,enhanced_extraction
6,7,类型,enhanced_extraction
4,39,针对,enhanced_extraction
6,43,属于,enhanced_extraction
15,2,是,enhanced_extraction
48,112,监管,enhanced_extraction
2,15,是,enhanced_extraction
4,44,涉及,enhanced_extraction
7,23,是,enhanced_extraction
4,2,类型,enhanced_extraction
21,32,类型,enhanced_extraction
44,35,类型,enhanced_extraction
15,26,类型,enhanced_extraction
2,15,类型,enhanced_extraction
20,26,类型,enhanced_extraction
22,26,类型,enhanced_extraction
7,26,类型,enhanced_extraction
23,34,类型,enhanced_extraction
21,64,既是行驶主体又是承办机构,enhanced_extraction
15,2,类型,enhanced_extraction
4,36,包含,enhanced_extraction
15,2,是,enhanced_extraction
7,86,是,enhanced_extraction
63,2,行使,enhanced_extraction
4,12,属于,enhanced_extraction
4,51,涉及事项,enhanced_extraction
2,4,权力类型,enhanced_extraction
48,4,行驶主体,enhanced_extraction
48,4,承办机构,enhanced_extraction
2,48,执行者,enhanced_extraction
4,2,类型,enhanced_extraction
38,77,类型,enhanced_extraction
51,4,违法行为,enhanced_extraction
38,4,依据,enhanced_extraction
12,97,涉及问题,enhanced_extraction
15,2,是,enhanced_extraction
20,21,是,enhanced_extraction
7,70,是,enhanced_extraction
113,78,类型,enhanced_extraction
114,115,类型,enhanced_extraction
21,42,类型,enhanced_extraction
70,96,类型,enhanced_extraction
21,2,行使,enhanced_extraction
21,70,依据,enhanced_extraction
15,2,是,enhanced_extraction
20,112,是,enhanced_extraction
22,41,是,enhanced_extraction
48,116,监管,enhanced_extraction
48,112,监管,enhanced_extraction
6,2,作为依据,enhanced_extraction
4,53,涉及内容,enhanced_extraction
2,4,权力类型,enhanced_extraction
21,4,行驶主体,enhanced_extraction
21,4,承办机构,enhanced_extraction
4,2,类型,enhanced_extraction
4,86,实施依据,enhanced_extraction
4,54,涉及问题,enhanced_extraction
15,2,是,enhanced_extraction
7,111,是,enhanced_extraction
63,64,既是行驶主体也是承办机构,enhanced_extraction
63,117,具有,enhanced_extraction
63,94,类型,enhanced_extraction
118,77,类型,enhanced_extraction
2,15,属于,enhanced_extraction
4,79,涉及行为,enhanced_extraction
2,63,执行主体,enhanced_extraction
63,2,行使权力,enhanced_extraction
57,4,提供依据,enhanced_extraction
15,91,是,enhanced_extraction
7,23,是,enhanced_extraction
9,7,是,enhanced_extraction
4,14,包含,enhanced_extraction
15,2,是,enhanced_extraction
20,30,是,enhanced_extraction
7,40,是,enhanced_extraction
4,2,类型,enhanced_extraction
14,35,类型,enhanced_extraction
2,15,类型,enhanced_extraction
30,87,类型,enhanced_extraction
68,34,类型,enhanced_extraction
30,2,行使,enhanced_extraction
30,40,依据,enhanced_extraction
41,2,执行,enhanced_extraction
4,58,涉及事项,enhanced_extraction
2,4,权力类型,enhanced_extraction
45,4,行驶主体,enhanced_extraction
45,4,承办机构,enhanced_extraction
4,2,类型,enhanced_extraction
119,4,实施依据,enhanced_extraction
45,4,执行,enhanced_extraction
4,120,参照执行,enhanced_extraction
12,4,是,enhanced_extraction
4,19,包含,enhanced_extraction
12,4,包含,enhanced_extraction
2,15,是,enhanced_extraction
9,4,行驶主体,enhanced_extraction
9,4,承办机构,enhanced_extraction
23,7,是,enhanced_extraction
30,2,执行,enhanced_extraction
46,4,导致,enhanced_extraction
30,121,既是,enhanced_extraction
111,7,包含,enhanced_extraction
12,98,是,enhanced_extraction
15,2,是,enhanced_extraction
20,99,是,enhanced_extraction
22,63,是,enhanced_extraction
1,24,类型,enhanced_extraction
99,122,类型,enhanced_extraction
63,123,类型,enhanced_extraction
1,63,包含,enhanced_extraction
7,124,依据,enhanced_extraction
4,84,涉及违规行为,enhanced_extraction
15,91,属于,enhanced_extraction
20,22,等于,enhanced_extraction
16,4,支持,enhanced_extraction
15,2,是,enhanced_extraction
20,21,是,enhanced_extraction
22,21,是,enhanced_extraction
7,111,是,enhanced_extraction
21,2,执行,enhanced_extraction
21,125,实施依据,enhanced_extraction
12,4,是,enhanced_extraction
4,83,包括,enhanced_extraction
15,2,是,enhanced_extraction
20,30,是,enhanced_extraction
30,2,执行,enhanced_extraction
4,126,依据,enhanced_extraction
67,4,违规行为,enhanced_extraction
4,2,类型,enhanced_extraction
30,4,行使主体,enhanced_extraction
30,4,承办机构,enhanced_extraction
4,6,实施依据,enhanced_extraction
12,4,是,enhanced_extraction
4,127,包含,enhanced_extraction
15,2,是,enhanced_extraction
20,21,是,enhanced_extraction
22,21,是,enhanced_extraction
7,57,是,enhanced_extraction
4,2,类型,enhanced_extraction
127,25,类型,enhanced_extraction
15,2,类型,enhanced_extraction
20,21,类型,enhanced_extraction
22,21,类型,enhanced_extraction
7,57,类型,enhanced_extraction
21,12,行驶主体,enhanced_extraction
21,12,承办机构,enhanced_extraction
21,15,行使,enhanced_extraction
21,7,依据,enhanced_extraction
2,63,由,enhanced_extraction
63,20,是,enhanced_extraction
63,22,同时也是,enhanced_extraction
46,4,导致,enhanced_extraction
63,2,执行,enhanced_extraction
86,7,作为,enhanced_extraction
112,128,行使主体,enhanced_extraction
21,128,承办机构,enhanced_extraction
112,48,被监管,enhanced_extraction
21,129,负责,enhanced_extraction
113,127,涉及,enhanced_extraction
48,20,是,enhanced_extraction
48,22,是,enhanced_extraction
16,7,是,enhanced_extraction
113,130,类型,enhanced_extraction
127,35,类型,enhanced_extraction
2,131,类型,enhanced_extraction
48,24,类型,enhanced_extraction
132,34,类型,enhanced_extraction
20,10,类型,enhanced_extraction
22,28,类型,enhanced_extraction
7,17,类型,enhanced_extraction
84,4,涉及,enhanced_extraction
4,2,类型,enhanced_extraction
1,4,行使主体并承办机构,enhanced_extraction
4,52,实施依据,enhanced_extraction
48,2,行驶主体,enhanced_extraction
4,66,涉及事项,enhanced_extraction
2,4,权力类型,enhanced_extraction
48,2,行使主体,enhanced_extraction
48,2,承办机构,enhanced_extraction
16,2,实施依据,enhanced_extraction
4,105,涉及事项,enhanced_extraction
2,4,权力类型,enhanced_extraction
30,4,行驶主体,enhanced_extraction
30,4,承办机构,enhanced_extraction
4,2,类型,enhanced_extraction
30,4,执行,enhanced_extraction
4,52,实施依据,enhanced_extraction
4,58,涉及事项,enhanced_extraction
2,4,权力类型,enhanced_extraction
86,2,实施依据,enhanced_extraction
4,2,类型,enhanced_extraction
55,2,行使主体,enhanced_extraction
55,86,实施依据,enhanced_extraction
2,4,权力类型,enhanced_extraction
1,2,行驶主体,enhanced_extraction
1,2,承办机构,enhanced_extraction
59,133,是,enhanced_extraction
4,2,类型,enhanced_extraction
1,2,行使主体,enhanced_extraction
57,7,是,enhanced_extraction
4,79,包含行为,enhanced_extraction
15,2,是,enhanced_extraction
4,2,类型,enhanced_extraction
79,35,类型,enhanced_extraction
41,32,类型,enhanced_extraction
118,77,类型,enhanced_extraction
41,64,既是行驶主体也是承办机构,enhanced_extraction
7,57,是,enhanced_extraction
12,4,是,enhanced_extraction
4,97,涉及问题,enhanced_extraction
15,2,是,enhanced_extraction
4,2,类型,enhanced_extraction
47,134,行使,enhanced_extraction
7,135,是,enhanced_extraction
4,65,涉及问题,enhanced_extraction
2,4,权力类型,enhanced_extraction
47,2,行驶主体,enhanced_extraction
47,2,承办机构,enhanced_extraction
70,2,实施依据,enhanced_extraction
4,2,类型,enhanced_extraction
65,78,类型,enhanced_extraction
2,15,类型,enhanced_extraction
4,58,涉及事项,enhanced_extraction
2,4,权力类型,enhanced_extraction
55,2,行驶主体,enhanced_extraction
55,2,承办机构,enhanced_extraction
4,2,类型,enhanced_extraction
55,2,既是行驶主体也是承办机构,enhanced_extraction
4,23,实施依据,enhanced_extraction
4,29,服务事项,enhanced_extraction
2,4,权力类型,enhanced_extraction
9,4,行驶主体,enhanced_extraction
9,4,承办机构,enhanced_extraction
4,40,实施依据,enhanced_extraction
4,2,类型,enhanced_extraction
9,40,制定,enhanced_extraction
12,4,是,enhanced_extraction
4,65,涉及问题,enhanced_extraction
15,2,是,enhanced_extraction
20,30,是,enhanced_extraction
7,8,是,enhanced_extraction
4,2,类型,enhanced_extraction
30,24,类型,enhanced_extraction
136,43,类型,enhanced_extraction
12,137,类型,enhanced_extraction
65,78,类型,enhanced_extraction
15,26,类型,enhanced_extraction
2,15,类型,enhanced_extraction
20,138,类型,enhanced_extraction
7,43,类型,enhanced_extraction
30,2,行使,enhanced_extraction
8,7,是,enhanced_extraction
63,2,行驶主体,enhanced_extraction
63,2,承办机构,enhanced_extraction
80,4,问题,enhanced_extraction
4,2,类型,enhanced_extraction
63,63,同一,enhanced_extraction
2,120,实施依据,enhanced_extraction
4,66,涉及事项,enhanced_extraction
2,4,权力类型,enhanced_extraction
4,2,类型,enhanced_extraction
55,4,行驶主体,enhanced_extraction
55,4,承办机构,enhanced_extraction
4,23,实施依据,enhanced_extraction
4,23,补充依据,enhanced_extraction
4,31,涉及事项,enhanced_extraction
4,2,类型,enhanced_extraction
31,35,类型,enhanced_extraction
41,32,类型,enhanced_extraction
70,34,类型,enhanced_extraction
41,4,行驶主体,enhanced_extraction
41,4,承办机构,enhanced_extraction
2,4,权力类型,enhanced_extraction
70,4,实施依据,enhanced_extraction
15,2,是,enhanced_extraction
20,45,是,enhanced_extraction
22,45,是,enhanced_extraction
7,76,是,enhanced_extraction
18,2,类型,enhanced_extraction
15,2,类型,enhanced_extraction
45,87,类型,enhanced_extraction
49,34,类型,enhanced_extraction
45,51,处理,enhanced_extraction
45,76,依据,enhanced_extraction
18,51,涉及问题,enhanced_extraction
4,54,涉及事项,enhanced_extraction
2,4,权力类型,enhanced_extraction
45,4,行驶主体,enhanced_extraction
45,4,承办机构,enhanced_extraction
4,2,类型,enhanced_extraction
4,38,依据,enhanced_extraction
4,105,涉及,enhanced_extraction
15,2,属于,enhanced_extraction
20,9,执行,enhanced_extraction
4,53,涉及内容,enhanced_extraction
2,4,权力类型,enhanced_extraction
45,4,行驶主体,enhanced_extraction
45,4,承办机构,enhanced_extraction
4,57,实施依据,enhanced_extraction
4,2,类型,enhanced_extraction
45,4,执行,enhanced_extraction
4,57,依据,enhanced_extraction
4,54,针对,enhanced_extraction
15,2,属于,enhanced_extraction
48,2,行使,enhanced_extraction
7,8,基于,enhanced_extraction
4,97,涉及方面,enhanced_extraction
15,2,类型,enhanced_extraction
21,2,执行,enhanced_extraction
21,139,依据,enhanced_extraction
140,31,针对,enhanced_extraction
15,2,类型,enhanced_extraction
20,47,行使,enhanced_extraction
22,47,负责,enhanced_extraction
7,70,依据,enhanced_extraction
4,66,涉及,enhanced_extraction
63,24,类型,enhanced_extraction
4,2,类型,enhanced_extraction
66,25,类型,enhanced_extraction
2,15,类型,enhanced_extraction
12,137,类型,enhanced_extraction
15,141,类型,enhanced_extraction
20,142,类型,enhanced_extraction
22,24,类型,enhanced_extraction
63,4,行驶主体,enhanced_extraction
63,4,承办机构,enhanced_extraction
4,12,属于,enhanced_extraction
2,15,属于,enhanced_extraction
63,15,行使,enhanced_extraction
63,12,承办,enhanced_extraction
2,63,由,enhanced_extraction
63,2,执行,enhanced_extraction
7,8,来源于,enhanced_extraction
2,8,基于,enhanced_extraction
4,84,涉及领域,enhanced_extraction
2,4,权力类型,enhanced_extraction
63,2,行驶主体,enhanced_extraction
63,2,承办机构,enhanced_extraction
2,49,实施依据,enhanced_extraction
63,24,类型,enhanced_extraction
49,77,类型,enhanced_extraction
4,2,类型,enhanced_extraction
84,25,类型,enhanced_extraction
2,15,类型,enhanced_extraction
63,2,实施,enhanced_extraction
4,5,涉及事项,enhanced_extraction
15,2,是,enhanced_extraction
20,1,是,enhanced_extraction
22,110,是,enhanced_extraction
7,38,是,enhanced_extraction
4,2,类型,enhanced_extraction
1,143,监管,enhanced_extraction
1,144,实施依据,enhanced_extraction
4,51,涉及事项,enhanced_extraction
2,4,权力类型,enhanced_extraction
63,4,行驶主体,enhanced_extraction
63,4,承办机构,enhanced_extraction
4,2,类型,enhanced_extraction
2,63,执行者,enhanced_extraction
2,118,依据,enhanced_extraction
15,2,是,enhanced_extraction
7,23,是,enhanced_extraction
2,145,基于,enhanced_extraction
9,64,既是行驶主体也是承办机构,enhanced_extraction
23,7,是,enhanced_extraction
4,31,涉及事项,enhanced_extraction
15,2,是,enhanced_extraction
7,16,是,enhanced_extraction
4,2,类型,enhanced_extraction
9,42,类型,enhanced_extraction
31,25,类型,enhanced_extraction
15,26,类型,enhanced_extraction
2,15,类型,enhanced_extraction
20,26,类型,enhanced_extraction
22,26,类型,enhanced_extraction
7,26,类型,enhanced_extraction
16,77,类型,enhanced_extraction
9,16,实施依据,enhanced_extraction
9,4,行驶主体且承办机构,enhanced_extraction
15,2,是,enhanced_extraction
20,45,是,enhanced_extraction
22,45,是,enhanced_extraction
7,57,是,enhanced_extraction
4,14,涉及,enhanced_extraction
45,2,执行,enhanced_extraction
41,41,行驶主体,enhanced_extraction
41,41,承办机构,enhanced_extraction
146,58,针对,enhanced_extraction
41,41,行驶主体,enhanced_extraction
41,41,承办机构,enhanced_extraction
146,2,类型,enhanced_extraction
58,35,类型,enhanced_extraction
2,147,类型,enhanced_extraction
41,32,类型,enhanced_extraction
16,77,类型,enhanced_extraction
41,58,负责,enhanced_extraction
7,76,来自,enhanced_extraction
4,59,涉及内容,enhanced_extraction
55,4,行驶主体,enhanced_extraction
55,4,承办机构,enhanced_extraction
4,57,依据,enhanced_extraction
4,2,类型,enhanced_extraction
57,77,类型,enhanced_extraction
55,4,执行,enhanced_extraction
15,2,是,enhanced_extraction
4,145,涉及问题,enhanced_extraction
2,4,权力类型,enhanced_extraction
55,2,执行,enhanced_extraction
55,86,依据,enhanced_extraction
4,86,依据,enhanced_extraction
41,20,是,enhanced_extraction
41,22,是,enhanced_extraction
8,7,是,enhanced_extraction
41,148,负责,enhanced_extraction
41,24,类型,enhanced_extraction
8,34,类型,enhanced_extraction
4,83,涉及事项,enhanced_extraction
20,1,为,enhanced_extraction
22,1,为,enhanced_extraction
15,2,为,enhanced_extraction
7,149,为,enhanced_extraction
1,150,包含,enhanced_extraction
1,151,包含,enhanced_extraction
15,2,是,enhanced_extraction
20,152,是,enhanced_extraction
22,47,是,enhanced_extraction
7,23,是,enhanced_extraction
152,153,处罚,enhanced_extraction
47,23,负责实施,enhanced_extraction
4,65,涉及问题,enhanced_extraction
2,4,类型,enhanced_extraction
21,2,行驶主体,enhanced_extraction
21,2,承办机构,enhanced_extraction
2,6,依据,enhanced_extraction
4,2,类型,enhanced_extraction
6,2,实施依据,enhanced_extraction
4,58,涉及事项,enhanced_extraction
2,4,权力类型,enhanced_extraction
48,4,行驶主体,enhanced_extraction
48,4,承办机构,enhanced_extraction
4,2,类型,enhanced_extraction
48,2,执行,enhanced_extraction
58,76,适用,enhanced_extraction
9,2,行驶主体,enhanced_extraction
9,2,承办机构,enhanced_extraction
38,2,实施依据,enhanced_extraction
54,4,涉及问题,enhanced_extraction
4,2,权力类型,enhanced_extraction
9,38,实施依据,enhanced_extraction
15,2,类型,enhanced_extraction
20,45,为,enhanced_extraction
22,45,为,enhanced_extraction
7,70,来源,enhanced_extraction
4,2,类型,enhanced_extraction
79,35,类型,enhanced_extraction
45,87,类型,enhanced_extraction
70,34,类型,enhanced_extraction
79,4,属于,enhanced_extraction
45,45,既是行驶主体也是承办机构,enhanced_extraction
4,80,涉及问题,enhanced_extraction
12,4,包含,enhanced_extraction
20,22,等同于,enhanced_extraction
15,2,等同于,enhanced_extraction
7,23,依据,enhanced_extraction
4,67,包含,enhanced_extraction
15,2,是,enhanced_extraction
20,21,是,enhanced_extraction
22,21,是,enhanced_extraction
4,2,类型,enhanced_extraction
21,87,类型,enhanced_extraction
49,77,类型,enhanced_extraction
21,4,行驶主体,enhanced_extraction
21,4,承办机构,enhanced_extraction
4,12,属于,enhanced_extraction
154,7,作为,enhanced_extraction
22,48,是,enhanced_extraction
7,57,是,enhanced_extraction
4,29,针对,enhanced_extraction
15,2,包含,enhanced_extraction
48,57,依据,enhanced_extraction
12,155,是,enhanced_extraction
155,2,类型,enhanced_extraction
20,9,是,enhanced_extraction
7,76,是,enhanced_extraction
9,32,类型,enhanced_extraction
49,34,类型,enhanced_extraction
12,62,类型,enhanced_extraction
2,15,类型,enhanced_extraction
15,26,类型,enhanced_extraction
20,32,类型,enhanced_extraction
7,34,类型,enhanced_extraction
155,2,属于,enhanced_extraction
9,155,执行,enhanced_extraction
15,2,属于,enhanced_extraction
30,30,承办机构,enhanced_extraction
30,4,行使主体,enhanced_extraction
30,4,承办机构,enhanced_extraction
4,19,涉及事项,enhanced_extraction
2,4,权力类型,enhanced_extraction
48,2,行驶主体,enhanced_extraction
48,2,承办机构,enhanced_extraction
4,70,依据,enhanced_extraction
4,2,类型,enhanced_extraction
48,2,发起,enhanced_extraction
70,81,类型,enhanced_extraction
156,8,基于,enhanced_extraction
1,20,是,enhanced_extraction
1,22,也是,enhanced_extraction
156,2,类型,enhanced_extraction
145,35,类型,enhanced_extraction
2,15,类型,enhanced_extraction
1,24,类型,enhanced_extraction
8,34,类型,enhanced_extraction
1,156,行使主体,enhanced_extraction
4,44,涉及内容,enhanced_extraction
20,63,实施主体,enhanced_extraction
22,63,实施主体,enhanced_extraction
7,57,依据,enhanced_extraction
4,2,类型,enhanced_extraction
63,20,角色,enhanced_extraction
63,22,角色,enhanced_extraction
4,5,涉及事项,enhanced_extraction
2,4,权力类型,enhanced_extraction
21,2,行驶主体,enhanced_extraction
21,2,执行,enhanced_extraction
4,2,类型,enhanced_extraction
21,4,执行,enhanced_extraction
15,2,是,enhanced_extraction
20,48,为,enhanced_extraction
22,48,为,enhanced_extraction
48,2,执行,enhanced_extraction
4,65,涉及问题,enhanced_extraction
30,2,行使权力,enhanced_extraction
30,118,实施依据,enhanced_extraction
12,157,是,enhanced_extraction
15,2,是,enhanced_extraction
20,152,是,enhanced_extraction
22,41,是,enhanced_extraction
7,3,是,enhanced_extraction
41,157,行驶主体,enhanced_extraction
3,7,是,enhanced_extraction
4,106,包含,enhanced_extraction
15,2,是,enhanced_extraction
20,48,是,enhanced_extraction
22,48,是,enhanced_extraction
7,3,是,enhanced_extraction
48,4,承办机构,enhanced_extraction
48,2,行驶主体,enhanced_extraction
3,48,由,enhanced_extraction
4,79,涉及行为,enhanced_extraction
2,15,属于,enhanced_extraction
48,20,是,enhanced_extraction
48,22,是,enhanced_extraction
4,2,类型,enhanced_extraction
79,35,类型,enhanced_extraction
2,15,类型,enhanced_extraction
48,24,类型,enhanced_extraction
48,4,行使,enhanced_extraction
4,51,涉及内容,enhanced_extraction
2,4,权力类型,enhanced_extraction
41,4,行驶主体,enhanced_extraction
4,3,依据,enhanced_extraction
4,2,类型,enhanced_extraction
51,25,类型,enhanced_extraction
2,15,类型,enhanced_extraction
3,43,类型,enhanced_extraction
41,4,行使主体和承办机构,enhanced_extraction
4,66,涉及事项,enhanced_extraction
2,4,权力类型,enhanced_extraction
4,2,类型,enhanced_extraction
45,2,执行,enhanced_extraction
4,108,依据,enhanced_extraction
20,45,是,enhanced_extraction
22,45,是,enhanced_extraction
155,83,针对,enhanced_extraction
7,111,依据,enhanced_extraction
4,58,涉及问题,enhanced_extraction
2,4,权力类型,enhanced_extraction
45,2,执行主体,enhanced_extraction
45,3,依据,enhanced_extraction
3,2,提供依据,enhanced_extraction
93,158,状态,enhanced_extraction
4,2,类型,enhanced_extraction
58,4,是,enhanced_extraction
3,45,提供依据,enhanced_extraction
21,4,行驶主体,enhanced_extraction
21,4,承办机构,enhanced_extraction
21,4,执行,enhanced_extraction
21,4,承办,enhanced_extraction
2,4,权力类型,enhanced_extraction
41,4,行驶主体,enhanced_extraction
4,2,类型,enhanced_extraction
67,4,是,enhanced_extraction
41,2,行使主体,enhanced_extraction
4,38,实施依据,enhanced_extraction
4,83,基于,enhanced_extraction
55,4,行使主体,enhanced_extraction
4,57,依据,enhanced_extraction
4,2,类型,enhanced_extraction
55,57,依据,enhanced_extraction
4,80,针对,enhanced_extraction
15,2,包含,enhanced_extraction
20,45,为,enhanced_extraction
22,45,为,enhanced_extraction
7,111,依据,enhanced_extraction
7,86,是,enhanced_extraction
65,4,由,enhanced_extraction
48,2,行使,enhanced_extraction
48,2,承办,enhanced_extraction
48,86,依据,enhanced_extraction
4,37,涉及行为,enhanced_extraction
15,2,类型,enhanced_extraction
20,41,执行,enhanced_extraction
22,41,由,enhanced_extraction
7,108,依据,enhanced_extraction
4,2,类型,enhanced_extraction
41,32,类型,enhanced_extraction
108,34,类型,enhanced_extraction
20,22,是,enhanced_extraction
41,4,执行,enhanced_extraction
41,7,依据,enhanced_extraction
4,97,涉及方面,enhanced_extraction
15,2,类型,enhanced_extraction
20,41,为,enhanced_extraction
22,41,为,enhanced_extraction
7,6,依据,enhanced_extraction
4,2,类型,enhanced_extraction
114,114,类型,enhanced_extraction
2,15,类型,enhanced_extraction
41,4,行驶主体,enhanced_extraction
41,4,承办机构,enhanced_extraction
4,6,依据,enhanced_extraction
7,23,依据,enhanced_extraction
155,67,针对,enhanced_extraction
15,2,是,enhanced_extraction
1,1,既是行驶主体也是承办机构,enhanced_extraction
2,4,权力类型,enhanced_extraction
83,4,涉及事项,enhanced_extraction
21,4,行驶主体,enhanced_extraction
21,4,承办机构,enhanced_extraction
4,40,依据,enhanced_extraction
2,4,权力类型,enhanced_extraction
105,4,涉及行为,enhanced_extraction
63,4,行使主体和承办机构,enhanced_extraction
63,2,行使权力类型,enhanced_extraction
23,63,实施依据,enhanced_extraction
41,2,权力类型,enhanced_extraction
41,41,行驶主体,enhanced_extraction
41,41,承办机构,enhanced_extraction
41,2,执行,enhanced_extraction
4,69,涉及内容,enhanced_extraction
2,4,权力类型,enhanced_extraction
9,4,行驶主体,enhanced_extraction
9,4,承办机构,enhanced_extraction
9,2,执行,enhanced_extraction
2,70,依据,enhanced_extraction
15,2,是,enhanced_extraction
21,117,行使,enhanced_extraction
76,159,由,enhanced_extraction
7,57,是,enhanced_extraction
4,39,针对,enhanced_extraction
30,64,既是行驶主体也是承办机构,enhanced_extraction
2,15,是,enhanced_extraction
1,2,行驶主体,enhanced_extraction
111,2,实施依据,enhanced_extraction
36,4,被金融监管处罚,enhanced_extraction
4,2,权力类型,enhanced_extraction
1,2,行使和承办,enhanced_extraction
2,111,实施依据,enhanced_extraction
3,7,关系,enhanced_extraction
4,67,涉及事项,enhanced_extraction
2,4,权力类型,enhanced_extraction
9,2,行使主体,enhanced_extraction
9,2,承办机构,enhanced_extraction
2,3,依据,enhanced_extraction
160,50,补充依据,enhanced_extraction
4,54,涉及,enhanced_extraction
15,2,是,enhanced_extraction
7,111,是,enhanced_extraction
4,2,类型,enhanced_extraction
9,24,类型,enhanced_extraction
118,34,类型,enhanced_extraction
54,25,类型,enhanced_extraction
15,26,类型,enhanced_extraction
2,15,类型,enhanced_extraction
20,138,类型,enhanced_extraction
22,138,类型,enhanced_extraction
7,34,类型,enhanced_extraction
9,4,实施,enhanced_extraction
9,20,行使,enhanced_extraction
9,22,承担,enhanced_extraction
12,4,是,enhanced_extraction
4,161,涉及领域,enhanced_extraction
15,91,是,enhanced_extraction
7,6,是,enhanced_extraction
47,4,执行主体,enhanced_extraction
4,2,类型,enhanced_extraction
67,25,类型,enhanced_extraction
91,15,类型,enhanced_extraction
47,32,类型,enhanced_extraction
6,34,类型,enhanced_extraction
6,4,依据,enhanced_extraction
12,15,涉及,enhanced_extraction
4,31,涉及事项,enhanced_extraction
9,2,行驶主体,enhanced_extraction
9,2,承办机构,enhanced_extraction
2,8,实施依据,enhanced_extraction
9,2,执行,enhanced_extraction
4,2,类型,enhanced_extraction
8,34,类型,enhanced_extraction
2,31,涉及事项,enhanced_extraction
30,4,行使主体,enhanced_extraction
30,30,承办机构,enhanced_extraction
30,3,依据,enhanced_extraction
3,43,类型,enhanced_extraction
4,44,针对,enhanced_extraction
4,2,类型,enhanced_extraction
21,42,类型,enhanced_extraction
33,43,类型,enhanced_extraction
12,4,类型,enhanced_extraction
65,78,类型,enhanced_extraction
15,2,类型,enhanced_extraction
7,43,类型,enhanced_extraction
12,4,属于,enhanced_extraction
4,65,针对问题,enhanced_extraction
15,2,属于,enhanced_extraction
20,21,属于,enhanced_extraction
22,21,属于,enhanced_extraction
7,6,依据,enhanced_extraction
4,19,涉及事项,enhanced_extraction
2,4,权力类型,enhanced_extraction
23,2,实施依据,enhanced_extraction
4,2,类型,enhanced_extraction
19,25,类型,enhanced_extraction
2,15,类型,enhanced_extraction
41,23,制定,enhanced_extraction
41,2,执行主体,enhanced_extraction
41,2,承办机构,enhanced_extraction
4,65,涉及问题,enhanced_extraction
2,4,权力类型,enhanced_extraction
4,2,类型,enhanced_extraction
65,78,类型,enhanced_extraction
2,15,类型,enhanced_extraction
6,43,类型,enhanced_extraction
4,97,涉及,enhanced_extraction
2,15,属于,enhanced_extraction
63,2,执行,enhanced_extraction
4,162,类型,enhanced_extraction
114,114,类型,enhanced_extraction
2,15,类型,enhanced_extraction
63,24,类型,enhanced_extraction
97,163,类型,enhanced_extraction
4,2,属于,enhanced_extraction
4,53,涉及,enhanced_extraction
15,2,是,enhanced_extraction
7,57,是,enhanced_extraction
45,4,是行驶主体,enhanced_extraction
45,4,是承办机构,enhanced_extraction
57,4,是法律依据,enhanced_extraction
2,63,由,enhanced_extraction
63,6,依据,enhanced_extraction
46,4,是原因,enhanced_extraction
4,2,类型,enhanced_extraction
63,2,实施主体,enhanced_extraction
4,105,涉及事项,enhanced_extraction
2,4,类别,enhanced_extraction
63,2,行使主体,enhanced_extraction
63,2,承办机构,enhanced_extraction
2,4,包含,enhanced_extraction
4,108,实施依据,enhanced_extraction
20,41,为,enhanced_extraction
22,41,为,enhanced_extraction
4,53,涉及内容,enhanced_extraction
2,15,类型,enhanced_extraction
7,6,来源,enhanced_extraction
12,128,涉及,enhanced_extraction
15,2,是,enhanced_extraction
20,112,是,enhanced_extraction
22,47,是,enhanced_extraction
7,3,是,enhanced_extraction
112,128,负责,enhanced_extraction
47,128,协助,enhanced_extraction
12,3,依据,enhanced_extraction
20,63,是,enhanced_extraction
22,63,是,enhanced_extraction
7,16,是,enhanced_extraction
92,93,是,enhanced_extraction
46,4,基于,enhanced_extraction
20,2,执行,enhanced_extraction
22,2,执行,enhanced_extraction
63,2,执行,enhanced_extraction
20,63,是,enhanced_extraction
22,63,是,enhanced_extraction
7,23,是,enhanced_extraction
46,4,导致,enhanced_extraction
63,20,是,enhanced_extraction
63,22,是,enhanced_extraction
2,15,是,enhanced_extraction
4,53,涉及,enhanced_extraction
15,2,是,enhanced_extraction
20,21,是,enhanced_extraction
7,3,是,enhanced_extraction
4,2,类型,enhanced_extraction
21,32,类型,enhanced_extraction
164,34,类型,enhanced_extraction
15,26,类型,enhanced_extraction
2,26,类型,enhanced_extraction
20,32,类型,enhanced_extraction
7,34,类型,enhanced_extraction
21,3,依据,enhanced_extraction
4,2,类型,enhanced_extraction
55,165,类型,enhanced_extraction
12,62,类型,enhanced_extraction
15,2,类型,enhanced_extraction
20,55,属于,enhanced_extraction
22,55,属于,enhanced_extraction
12,4,涉及,enhanced_extraction
4,55,执行,enhanced_extraction
15,2,属于,enhanced_extraction
4,14,包含,enhanced_extraction
15,2,是,enhanced_extraction
20,41,是,enhanced_extraction
7,38,是,enhanced_extraction
41,38,实施依据,enhanced_extraction
4,41,行使权力,enhanced_extraction
4,51,涉及事项,enhanced_extraction
38,4,实施依据,enhanced_extraction
4,2,类型,enhanced_extraction
30,24,类型,enhanced_extraction
51,25,类型,enhanced_extraction
2,15,类型,enhanced_extraction
38,34,类型,enhanced_extraction
30,4,执行,enhanced_extraction
4,2,权力类型,enhanced_extraction
20,21,是,enhanced_extraction
22,21,是,enhanced_extraction
155,145,涉及,enhanced_extraction
15,2,属于,enhanced_extraction
21,2,执行,enhanced_extraction
21,2,处理,enhanced_extraction
7,8,依据,enhanced_extraction
38,7,是,enhanced_extraction
48,2,行使,enhanced_extraction
4,127,涉及领域,enhanced_extraction
2,4,权力类型,enhanced_extraction
4,2,类型,enhanced_extraction
127,35,类型,enhanced_extraction
2,15,类型,enhanced_extraction
86,34,类型,enhanced_extraction
48,4,执行,enhanced_extraction
48,2,执行,enhanced_extraction
86,2,支持,enhanced_extraction
4,80,涉及问题,enhanced_extraction
15,2,类型,enhanced_extraction
22,41,机构名称,enhanced_extraction
7,70,依据,enhanced_extraction
4,2,类型,enhanced_extraction
80,78,类型,enhanced_extraction
41,42,类型,enhanced_extraction
70,96,类型,enhanced_extraction
4,41,实施主体,enhanced_extraction
4,70,依据,enhanced_extraction
41,95,承办机构,enhanced_extraction
4,19,涉及事项,enhanced_extraction
2,4,类型,enhanced_extraction
55,2,行使主体,enhanced_extraction
38,2,实施依据,enhanced_extraction
93,2,相关文件,enhanced_extraction
4,38,法律依据,enhanced_extraction
48,4,行驶主体,enhanced_extraction
48,4,承办机构,enhanced_extraction
44,4,被处罚对象,enhanced_extraction
4,2,属于,enhanced_extraction
48,4,执行,enhanced_extraction
4,3,依据,enhanced_extraction
4,145,基于,enhanced_extraction
7,111,是,enhanced_extraction
63,117,具有,enhanced_extraction
4,2,属于,enhanced_extraction
7,70,是,enhanced_extraction
155,69,针对,enhanced_extraction
15,2,属于,enhanced_extraction
4,79,涉及行为,enhanced_extraction
2,55,行使主体,enhanced_extraction
55,111,实施依据,enhanced_extraction
4,2,类型,enhanced_extraction
2,4,权力类型,enhanced_extraction
55,2,行驶主体,enhanced_extraction
55,2,承办机构,enhanced_extraction
58,4,原因,enhanced_extraction
55,2,执行,enhanced_extraction
55,166,依据,enhanced_extraction
4,19,涉及事项,enhanced_extraction
15,2,是,enhanced_extraction
20,167,是,enhanced_extraction
22,41,是,enhanced_extraction
7,111,是,enhanced_extraction
1,4,行驶主体,enhanced_extraction
168,4,实施依据,enhanced_extraction
169,4,接受,enhanced_extraction
4,66,涉及,enhanced_extraction
15,2,是,enhanced_extraction
21,4,执行,enhanced_extraction
12,4,包含,enhanced_extraction
2,15,是,enhanced_extraction
7,6,依据,enhanced_extraction
4,39,针对,enhanced_extraction
15,2,是,enhanced_extraction
30,20,是,enhanced_extraction
30,22,是,enhanced_extraction
7,3,依据,enhanced_extraction
4,66,涉及事项,enhanced_extraction
73,4,实施依据,enhanced_extraction
4,2,类型,enhanced_extraction
66,25,类型,enhanced_extraction
45,42,类型,enhanced_extraction
73,34,类型,enhanced_extraction
45,4,执行,enhanced_extraction
2,15,类型,enhanced_extraction
15,2,是,enhanced_extraction
22,47,是,enhanced_extraction
1,143,监管,enhanced_extraction
1,2,权力类型,enhanced_extraction
99,2,行使,enhanced_extraction
1,8,实施依据,enhanced_extraction
4,36,涉及事项,enhanced_extraction
30,30,行驶主体,enhanced_extraction
38,170,是法律文件,enhanced_extraction
2,38,依据,enhanced_extraction
4,145,涉及问题,enhanced_extraction
2,4,权力类型,enhanced_extraction
21,2,行使主体,enhanced_extraction
3,2,实施依据,enhanced_extraction
4,2,类型,enhanced_extraction
21,32,类型,enhanced_extraction
164,43,类型,enhanced_extraction
171,43,类型,enhanced_extraction
145,78,类型,enhanced_extraction
2,15,类型,enhanced_extraction
12,157,包含,enhanced_extraction
15,2,包含,enhanced_extraction
7,70,是,enhanced_extraction
9,172,类型,enhanced_extraction
152,172,类型,enhanced_extraction
45,172,类型,enhanced_extraction
152,2,行使,enhanced_extraction
45,12,承办,enhanced_extraction
60,152,是,enhanced_extraction
22,45,是,enhanced_extraction
4,31,涉及事项,enhanced_extraction
2,4,权力类型,enhanced_extraction
47,2,行使主体,enhanced_extraction
4,2,类型,enhanced_extraction
31,173,是,enhanced_extraction
45,2,执行,enhanced_extraction
45,117,行使,enhanced_extraction
45,86,依据,enhanced_extraction
4,106,包含,enhanced_extraction
15,2,是,enhanced_extraction
20,48,是,enhanced_extraction
22,48,是,enhanced_extraction
4,174,由,enhanced_extraction
86,7,作为,enhanced_extraction
2,4,权力类型,enhanced_extraction
9,4,行驶主体,enhanced_extraction
9,4,承办机构,enhanced_extraction
5,4,违规行为,enhanced_extraction
4,2,权力类型,enhanced_extraction
4,105,涉及事项,enhanced_extraction
2,4,权力类型,enhanced_extraction
21,4,行驶主体,enhanced_extraction
21,4,承办机构,enhanced_extraction
4,2,类型,enhanced_extraction
4,175,依据,enhanced_extraction
4,29,包含行为,enhanced_extraction
2,47,行使主体,enhanced_extraction
2,47,承办机构,enhanced_extraction
47,38,依据,enhanced_extraction
4,2,类型,enhanced_extraction
29,100,类型,enhanced_extraction
2,15,类型,enhanced_extraction
38,77,类型,enhanced_extraction
47,4,行使主体,enhanced_extraction
47,4,承办机构,enhanced_extraction
4,105,涉及事项,enhanced_extraction
2,4,权力类型,enhanced_extraction
45,4,行驶主体,enhanced_extraction
45,4,承办机构,enhanced_extraction
4,2,类型,enhanced_extraction
45,4,执行,enhanced_extraction
4,73,实施依据,enhanced_extraction
45,4,行驶主体,enhanced_extraction
45,4,承办机构,enhanced_extraction
4,111,依据,enhanced_extraction
45,4,负责,enhanced_extraction
4,2,权力类型,enhanced_extraction
30,4,行驶主体,enhanced_extraction
30,4,承办机构,enhanced_extraction
59,4,处罚原因,enhanced_extraction
4,2,类型,enhanced_extraction
4,111,实施依据,enhanced_extraction
30,4,执行者,enhanced_extraction
4,30,被执行者,enhanced_extraction
4,39,涉及,enhanced_extraction
15,2,是,enhanced_extraction
21,15,执行,enhanced_extraction
21,57,依据,enhanced_extraction
4,2,类型,enhanced_extraction
39,35,类型,enhanced_extraction
2,15,类型,enhanced_extraction
21,32,类型,enhanced_extraction
57,77,类型,enhanced_extraction
4,14,针对,enhanced_extraction
15,2,类型,enhanced_extraction
48,20,行使,enhanced_extraction
48,22,负责,enhanced_extraction
23,7,作为,enhanced_extraction
48,22,行使,enhanced_extraction
12,4,是,enhanced_extraction
4,47,由,enhanced_extraction
47,20,是,enhanced_extraction
47,22,是,enhanced_extraction
176,12,是,enhanced_extraction
47,2,行使,enhanced_extraction
57,7,是,enhanced_extraction
4,83,涉及内容,enhanced_extraction
15,2,类型,enhanced_extraction
177,12,行驶主体,enhanced_extraction
63,12,承办机构,enhanced_extraction
12,111,依据,enhanced_extraction
177,24,类型,enhanced_extraction
63,24,类型,enhanced_extraction
12,2,类型,enhanced_extraction
4,2,类型,enhanced_extraction
63,177,隶属于,enhanced_extraction
177,111,依据,enhanced_extraction
63,111,依据,enhanced_extraction
12,4,是,enhanced_extraction
4,67,涉及,enhanced_extraction
20,45,是,enhanced_extraction
22,45,是,enhanced_extraction
45,64,既是行驶主体也是承办机构,enhanced_extraction
12,4,是,enhanced_extraction
4,58,涉及问题,enhanced_extraction
15,2,是,enhanced_extraction
20,30,是,enhanced_extraction
4,2,类型,enhanced_extraction
30,24,类型,enhanced_extraction
70,34,类型,enhanced_extraction
70,7,是,enhanced_extraction
58,178,是,enhanced_extraction
4,66,涉及事项,enhanced_extraction
2,4,权力类型,enhanced_extraction
21,2,承办机构,enhanced_extraction
2,70,依据,enhanced_extraction
4,2,类型,enhanced_extraction
66,25,类型,enhanced_extraction
2,15,类型,enhanced_extraction
21,87,类型,enhanced_extraction
70,34,类型,enhanced_extraction
21,2,执行,enhanced_extraction
21,2,执行者,enhanced_extraction
4,29,服务事项,enhanced_extraction
2,4,权力类型,enhanced_extraction
9,2,行驶主体,enhanced_extraction
4,2,类型,enhanced_extraction
9,2,行使,enhanced_extraction
132,9,实施依据,enhanced_extraction
4,127,涉及领域,enhanced_extraction
9,2,行使主体,enhanced_extraction
76,2,依据,enhanced_extraction
4,127,针对,enhanced_extraction
9,2,执行,enhanced_extraction
76,77,类型,enhanced_extraction
4,51,涉及内容,enhanced_extraction
2,4,权力类型,enhanced_extraction
45,4,执行,enhanced_extraction
4,86,实施依据,enhanced_extraction
4,19,涉及事项,enhanced_extraction
2,4,权力类型,enhanced_extraction
45,4,行驶主体,enhanced_extraction
45,4,承办机构,enhanced_extraction
4,73,依据,enhanced_extraction
4,2,类型,enhanced_extraction
45,32,类型,enhanced_extraction
73,34,类型,enhanced_extraction
19,35,类型,enhanced_extraction
2,15,类型,enhanced_extraction
4,51,涉及内容,enhanced_extraction
2,4,权力类型,enhanced_extraction
4,2,类型,enhanced_extraction
30,24,类型,enhanced_extraction
136,43,类型,enhanced_extraction
51,35,类型,enhanced_extraction
2,15,类型,enhanced_extraction
8,43,类型,enhanced_extraction
30,4,执行,enhanced_extraction
4,8,依据,enhanced_extraction
12,4,是,enhanced_extraction
4,14,包含,enhanced_extraction
15,2,是,enhanced_extraction
7,57,是,enhanced_extraction
4,14,包含类型,enhanced_extraction
15,2,包含类型,enhanced_extraction
4,44,涉及,enhanced_extraction
15,2,是,enhanced_extraction
20,21,是,enhanced_extraction
22,21,是,enhanced_extraction
7,3,是,enhanced_extraction
21,172,类型,enhanced_extraction
4,2,类型,enhanced_extraction
3,34,类型,enhanced_extraction
21,4,执行,enhanced_extraction
4,54,涉及问题,enhanced_extraction
22,9,承办,enhanced_extraction
7,3,依据,enhanced_extraction
9,4,负责,enhanced_extraction
4,2,类型,enhanced_extraction
3,7,是,enhanced_extraction
12,4,是,enhanced_extraction
4,84,涉及领域,enhanced_extraction
15,2,是,enhanced_extraction
20,45,是,enhanced_extraction
22,45,是,enhanced_extraction
7,40,是,enhanced_extraction
4,2,类型,enhanced_extraction
84,4,违规类型,enhanced_extraction
45,45,行使主体,enhanced_extraction
45,45,承办机构,enhanced_extraction
40,7,依据,enhanced_extraction
4,37,涉及内容,enhanced_extraction
15,2,类型,enhanced_extraction
20,21,执行主体,enhanced_extraction
22,21,机构,enhanced_extraction
4,2,类型,enhanced_extraction
37,35,类型,enhanced_extraction
21,4,负责,enhanced_extraction
2,15,类型,enhanced_extraction
76,7,是,enhanced_extraction
12,4,是,enhanced_extraction
4,14,包含,enhanced_extraction
20,63,是,enhanced_extraction
22,63,是,enhanced_extraction
7,16,是,enhanced_extraction
63,63,既是行驶主体也是承办机构,enhanced_extraction
22,1,是,enhanced_extraction
7,3,是,enhanced_extraction
1,179,审查,enhanced_extraction
1,15,行使,enhanced_extraction
1,2,行使,enhanced_extraction
12,4,包含,enhanced_extraction
15,2,是,enhanced_extraction
20,180,是,enhanced_extraction
22,48,是,enhanced_extraction
7,23,是,enhanced_extraction
4,2,类型,enhanced_extraction
37,35,类型,enhanced_extraction
2,15,类型,enhanced_extraction
180,60,类型,enhanced_extraction
48,22,类型,enhanced_extraction
23,7,类型,enhanced_extraction
37,4,属于,enhanced_extraction
180,4,行使主体,enhanced_extraction
48,4,承办机构,enhanced_extraction
4,29,包含行为,enhanced_extraction
15,2,是,enhanced_extraction
20,41,是,enhanced_extraction
22,41,是,enhanced_extraction
4,2,类型,enhanced_extraction
29,35,类型,enhanced_extraction
2,15,类型,enhanced_extraction
41,41,行使主体,enhanced_extraction
41,41,承办机构,enhanced_extraction
3,4,支持,enhanced_extraction
4,67,包括,enhanced_extraction
4,2,类型,enhanced_extraction
67,25,类型,enhanced_extraction
2,15,类型,enhanced_extraction
47,42,类型,enhanced_extraction
12,181,类型,enhanced_extraction
15,182,类型,enhanced_extraction
20,183,类型,enhanced_extraction
22,42,类型,enhanced_extraction
20,4,行驶,enhanced_extraction
22,4,承办,enhanced_extraction
12,4,涉及,enhanced_extraction
15,2,类型,enhanced_extraction
20,4,行使,enhanced_extraction
41,4,行驶主体,enhanced_extraction
41,4,承办机构,enhanced_extraction
2,66,涉及事项,enhanced_extraction
63,2,行驶主体,enhanced_extraction
63,2,承办机构,enhanced_extraction
63,2,行使,enhanced_extraction
63,2,承办,enhanced_extraction
12,4,是,enhanced_extraction
4,58,涉及问题,enhanced_extraction
15,2,是,enhanced_extraction
20,9,是,enhanced_extraction
9,184,依据,enhanced_extraction
9,185,行使,enhanced_extraction
12,186,具体化为,enhanced_extraction
12,4,是,enhanced_extraction
4,127,包含,enhanced_extraction
20,21,是,enhanced_extraction
22,21,是,enhanced_extraction
4,2,类型,enhanced_extraction
15,2,是,enhanced_extraction
7,86,是,enhanced_extraction
4,51,涉及内容,enhanced_extraction
2,4,权力类型,enhanced_extraction
45,4,行驶主体,enhanced_extraction
45,4,承办机构,enhanced_extraction
23,4,实施依据,enhanced_extraction
4,2,类型,enhanced_extraction
20,48,是,enhanced_extraction
22,48,是,enhanced_extraction
46,4,可能导致,enhanced_extraction
48,2,执行,enhanced_extraction
2,15,属于,enhanced_extraction
38,7,作为,enhanced_extraction
20,30,实施主体,enhanced_extraction
22,30,实施主体,enhanced_extraction
59,4,被处罚对象,enhanced_extraction
2,15,属于,enhanced_extraction
30,187,既是行驶主体也是承办机构,enhanced_extraction
23,7,作为依据,enhanced_extraction
4,106,涉及,enhanced_extraction
15,2,是,enhanced_extraction
20,55,是,enhanced_extraction
22,55,是,enhanced_extraction
7,23,是,enhanced_extraction
55,22,负责,enhanced_extraction
55,20,负责,enhanced_extraction
4,15,属于,enhanced_extraction
55,23,依据,enhanced_extraction
4,67,涉及事项,enhanced_extraction
21,2,承办机构,enhanced_extraction
2,38,实施依据,enhanced_extraction
4,2,类型,enhanced_extraction
67,25,类型,enhanced_extraction
2,15,类型,enhanced_extraction
21,87,类型,enhanced_extraction
38,34,类型,enhanced_extraction
21,2,执行,enhanced_extraction
4,2,属于,enhanced_extraction
4,67,涉及事项,enhanced_extraction
2,4,权力类型,enhanced_extraction
21,4,行驶主体,enhanced_extraction
21,4,承办机构,enhanced_extraction
4,6,依据,enhanced_extraction
4,2,类型,enhanced_extraction
21,188,是,enhanced_extraction
21,2,执行,enhanced_extraction
4,54,涉及问题,enhanced_extraction
20,55,是,enhanced_extraction
22,55,是,enhanced_extraction
15,189,包括,enhanced_extraction
20,22,是,enhanced_extraction
7,6,引用,enhanced_extraction
4,53,涉及,enhanced_extraction
15,2,是,enhanced_extraction
7,3,是,enhanced_extraction
9,2,行使,enhanced_extraction
15,2,类型,enhanced_extraction
7,3,依据,enhanced_extraction
4,69,涉及内容,enhanced_extraction
15,2,类型,enhanced_extraction
7,3,依据,enhanced_extraction
4,2,类型,enhanced_extraction
69,25,类型,enhanced_extraction
2,15,类型,enhanced_extraction
9,24,类型,enhanced_extraction
3,43,类型,enhanced_extraction
9,9,执行者,enhanced_extraction
4,29,包含行为,enhanced_extraction
15,2,是,enhanced_extraction
7,111,是,enhanced_extraction
55,4,行驶主体,enhanced_extraction
55,4,承办机构,enhanced_extraction
111,7,是,enhanced_extraction
4,14,包含,enhanced_extraction
15,2,是,enhanced_extraction
20,9,是,enhanced_extraction
22,9,是,enhanced_extraction
4,2,类型,enhanced_extraction
7,190,是,enhanced_extraction
12,4,是,enhanced_extraction
4,80,涉及问题,enhanced_extraction
15,2,是,enhanced_extraction
20,9,是,enhanced_extraction
7,8,是,enhanced_extraction
4,2,类型,enhanced_extraction
80,191,是,enhanced_extraction
4,8,依据,enhanced_extraction
22,48,为,enhanced_extraction
48,192,是,enhanced_extraction
48,193,是,enhanced_extraction
15,2,是,enhanced_extraction
55,4,执行,enhanced_extraction
55,4,负责,enhanced_extraction
7,125,是,enhanced_extraction
58,4,是原因,enhanced_extraction
4,2,是,enhanced_extraction
47,2,执行,enhanced_extraction
47,4,承办,enhanced_extraction
8,4,实施依据,enhanced_extraction
2,4,权力类型,enhanced_extraction
45,4,行驶主体,enhanced_extraction
45,4,承办机构,enhanced_extraction
127,4,是,enhanced_extraction
4,2,权力类型,enhanced_extraction
45,45,同一,enhanced_extraction
45,40,依据,enhanced_extraction
4,105,包含,enhanced_extraction
15,2,是,enhanced_extraction
7,38,是,enhanced_extraction
4,2,类型,enhanced_extraction
9,4,行驶主体,enhanced_extraction
9,4,承办机构,enhanced_extraction
38,77,类型,enhanced_extraction
4,127,涉及领域,enhanced_extraction
2,4,权力类型,enhanced_extraction
1,2,行驶主体,enhanced_extraction
1,2,承办机构,enhanced_extraction
4,2,类型,enhanced_extraction
1,2,既是行驶主体也是承办机构,enhanced_extraction
1,23,依据,enhanced_extraction
2,23,实施依据,enhanced_extraction
12,98,包括,enhanced_extraction
15,2,是,enhanced_extraction
20,99,是,enhanced_extraction
22,47,是,enhanced_extraction
7,111,是,enhanced_extraction
1,98,行驶主体,enhanced_extraction
1,99,授予权力,enhanced_extraction
1,98,承办机构,enhanced_extraction
15,2,是,enhanced_extraction
20,152,是,enhanced_extraction
22,48,是,enhanced_extraction
7,38,是,enhanced_extraction
2,38,依据,enhanced_extraction
194,2,受到,enhanced_extraction
9,4,执行,enhanced_extraction
58,4,导致,enhanced_extraction
2,15,是,enhanced_extraction
9,20,作为,enhanced_extraction
9,22,作为,enhanced_extraction
23,7,是,enhanced_extraction
4,83,涉及事项,enhanced_extraction
15,2,是,enhanced_extraction
4,2,类型,enhanced_extraction
83,25,类型,enhanced_extraction
2,15,类型,enhanced_extraction
47,87,类型,enhanced_extraction
3,34,类型,enhanced_extraction
7,52,是,enhanced_extraction
47,64,既是行驶主体也是承办机构,enhanced_extraction
48,2,行驶主体,enhanced_extraction
2,73,实施依据,enhanced_extraction
4,145,包含,enhanced_extraction
4,2,权力类型,enhanced_extraction
48,2,行使主体,enhanced_extraction
48,2,承办机构,enhanced_extraction
4,58,涉及事项,enhanced_extraction
2,4,权力类型,enhanced_extraction
45,4,行驶主体,enhanced_extraction
45,4,承办机构,enhanced_extraction
4,70,依据,enhanced_extraction
4,106,涉及,enhanced_extraction
15,2,是,enhanced_extraction
20,47,是,enhanced_extraction
22,47,是,enhanced_extraction
47,4,负责,enhanced_extraction
7,86,是,enhanced_extraction
4,5,涉及事项,enhanced_extraction
2,4,权力类型,enhanced_extraction
4,2,类型,enhanced_extraction
45,2,执行,enhanced_extraction
2,8,依据,enhanced_extraction
4,105,包含,enhanced_extraction
15,2,是,enhanced_extraction
4,2,类型,enhanced_extraction
9,24,类型,enhanced_extraction
195,43,类型,enhanced_extraction
105,35,类型,enhanced_extraction
15,26,类型,enhanced_extraction
2,15,类型,enhanced_extraction
20,26,类型,enhanced_extraction
22,26,类型,enhanced_extraction
7,26,类型,enhanced_extraction
9,64,既是行驶主体又是承办机构,enhanced_extraction
7,23,来源于,enhanced_extraction
4,31,包含,enhanced_extraction
15,2,是,enhanced_extraction
7,3,是,enhanced_extraction
4,12,包含,enhanced_extraction
3,2,是实施依据,enhanced_extraction
2,4,权力类型,enhanced_extraction
41,4,行驶主体,enhanced_extraction
41,4,承办机构,enhanced_extraction
111,4,实施依据,enhanced_extraction
4,2,权力类型,enhanced_extraction
41,4,负责,enhanced_extraction
4,111,实施依据,enhanced_extraction
15,2,是,enhanced_extraction
1,143,监管,enhanced_extraction
1,15,行使,enhanced_extraction
1,2,承办,enhanced_extraction
1,6,依据,enhanced_extraction
4,58,涉及,enhanced_extraction
15,2,是,enhanced_extraction
20,41,是,enhanced_extraction
7,111,是,enhanced_extraction
41,76,依据,enhanced_extraction
58,4,是,enhanced_extraction
4,97,涉及方面,enhanced_extraction
15,2,类型,enhanced_extraction
20,41,为,enhanced_extraction
7,16,依据,enhanced_extraction
4,2,类型,enhanced_extraction
22,196,是,enhanced_extraction
41,4,行使主体,enhanced_extraction
16,7,来源,enhanced_extraction
15,2,是,enhanced_extraction
7,76,是,enhanced_extraction
4,2,是,enhanced_extraction
2,4,包含,enhanced_extraction
4,14,包含,enhanced_extraction
55,76,依据,enhanced_extraction
55,64,行驶主体兼承办机构,enhanced_extraction
4,31,涉及事项,enhanced_extraction
2,4,权力类型,enhanced_extraction
41,2,行驶主体,enhanced_extraction
41,2,承办机构,enhanced_extraction
4,2,类型,enhanced_extraction
31,35,类型,enhanced_extraction
2,15,类型,enhanced_extraction
41,24,类型,enhanced_extraction
3,43,类型,enhanced_extraction
3,197,依据,enhanced_extraction
41,4,行使主体,enhanced_extraction
41,4,承办机构,enhanced_extraction
4,44,涉及内容,enhanced_extraction
15,2,类型,enhanced_extraction
20,21,实施主体,enhanced_extraction
22,21,实施主体,enhanced_extraction
7,76,依据,enhanced_extraction
4,2,类型,enhanced_extraction
21,21,实施主体,enhanced_extraction
4,145,涉及问题,enhanced_extraction
15,2,类型,enhanced_extraction
20,47,为,enhanced_extraction
7,23,依据,enhanced_extraction
4,2,类型,enhanced_extraction
47,32,类型,enhanced_extraction
195,43,类型,enhanced_extraction
145,78,类型,enhanced_extraction
15,82,类型,enhanced_extraction
22,32,类型,enhanced_extraction
61,42,类型,enhanced_extraction
7,43,类型,enhanced_extraction
47,4,行使权力,enhanced_extraction
61,4,承办,enhanced_extraction
4,69,涉及内容,enhanced_extraction
2,4,权力类型,enhanced_extraction
63,4,行驶主体,enhanced_extraction
63,4,承办机构,enhanced_extraction
4,198,是,enhanced_extraction
63,4,负责,enhanced_extraction
4,23,依据,enhanced_extraction
4,5,涉及事项,enhanced_extraction
41,41,行驶主体,enhanced_extraction
41,6,依据,enhanced_extraction
4,2,类型,enhanced_extraction
5,25,类型,enhanced_extraction
2,15,类型,enhanced_extraction
41,42,类型,enhanced_extraction
6,43,类型,enhanced_extraction
41,4,行使主体,enhanced_extraction
15,2,是,enhanced_extraction
20,47,是,enhanced_extraction
22,47,是,enhanced_extraction
47,4,执行,enhanced_extraction
4,67,涉及事项,enhanced_extraction
2,4,权力类型,enhanced_extraction
30,4,行驶主体,enhanced_extraction
30,4,承办机构,enhanced_extraction
4,2,类型,enhanced_extraction
4,86,实施依据,enhanced_extraction
30,134,行驶,enhanced_extraction
12,199,属于,enhanced_extraction
30,60,是,enhanced_extraction
4,2,类型,enhanced_extraction
47,42,类型,enhanced_extraction
70,96,类型,enhanced_extraction
12,4,类型,enhanced_extraction
19,35,类型,enhanced_extraction
15,2,类型,enhanced_extraction
47,4,行驶主体,enhanced_extraction
47,4,承办机构,enhanced_extraction
4,127,包含,enhanced_extraction
4,12,属于,enhanced_extraction
2,15,属于,enhanced_extraction
48,4,行使主体,enhanced_extraction
48,4,承办机构,enhanced_extraction
4,57,依据,enhanced_extraction
4,2,类型,enhanced_extraction
108,77,类型,enhanced_extraction
48,4,实施主体,enhanced_extraction
12,128,涉及,enhanced_extraction
15,2,是,enhanced_extraction
20,112,是,enhanced_extraction
22,21,是,enhanced_extraction
7,57,是,enhanced_extraction
48,24,类型,enhanced_extraction
112,200,类型,enhanced_extraction
21,32,类型,enhanced_extraction
108,34,类型,enhanced_extraction
12,201,类型,enhanced_extraction
15,182,类型,enhanced_extraction
20,10,类型,enhanced_extraction
22,28,类型,enhanced_extraction
7,17,类型,enhanced_extraction
92,202,类型,enhanced_extraction
57,93,替代,enhanced_extraction
128,2,导致,enhanced_extraction
4,36,涉及领域,enhanced_extraction
55,4,行驶主体,enhanced_extraction
55,4,承办机构,enhanced_extraction
4,6,依据,enhanced_extraction
4,2,类型,enhanced_extraction
36,25,类型,enhanced_extraction
2,15,类型,enhanced_extraction
55,42,类型,enhanced_extraction
33,43,类型,enhanced_extraction
6,43,类型,enhanced_extraction
55,4,既是行驶主体也是承办机构,enhanced_extraction
4,2,类型,enhanced_extraction
65,4,原因,enhanced_extraction
21,4,行驶主体,enhanced_extraction
21,4,承办机构,enhanced_extraction
70,4,依据,enhanced_extraction
156,106,针对,enhanced_extraction
55,2,行使主体,enhanced_extraction
55,2,承办机构,enhanced_extraction
2,49,依据,enhanced_extraction
55,55,行使主体,enhanced_extraction
55,55,承办机构,enhanced_extraction
2,4,权力类型,enhanced_extraction
1,4,行驶主体,enhanced_extraction
4,2,处罚类型,enhanced_extraction
1,2,实施主体,enhanced_extraction
4,83,涉及内容,enhanced_extraction
2,4,权力类型,enhanced_extraction
55,4,行驶主体,enhanced_extraction
4,2,类型,enhanced_extraction
4,83,依据,enhanced_extraction
55,4,执行,enhanced_extraction
4,58,涉及事项,enhanced_extraction
2,4,权力类型,enhanced_extraction
47,2,行驶主体,enhanced_extraction
47,2,承办机构,enhanced_extraction
4,2,类型,enhanced_extraction
47,2,执行,enhanced_extraction
3,4,实施依据,enhanced_extraction
12,157,是,enhanced_extraction
15,2,是,enhanced_extraction
20,152,是,enhanced_extraction
22,1,是,enhanced_extraction
7,3,是,enhanced_extraction
1,157,行驶主体,enhanced_extraction
3,157,是依据,enhanced_extraction
12,127,涉及,enhanced_extraction
15,2,是,enhanced_extraction
7,16,是,enhanced_extraction
127,12,属于,enhanced_extraction
16,7,是,enhanced_extraction
23,2,实施依据,enhanced_extraction
4,2,权力类型,enhanced_extraction
41,4,行驶主体,enhanced_extraction
41,4,承办机构,enhanced_extraction
23,41,来源,enhanced_extraction
4,69,涉及内容,enhanced_extraction
2,4,权力类型,enhanced_extraction
21,2,行驶主体,enhanced_extraction
21,2,承办机构,enhanced_extraction
40,2,实施依据,enhanced_extraction
4,2,类型,enhanced_extraction
40,34,类型,enhanced_extraction
69,100,类型,enhanced_extraction
12,157,是,enhanced_extraction
15,2,是,enhanced_extraction
20,152,是,enhanced_extraction
22,21,是,enhanced_extraction
12,3,依据,enhanced_extraction
21,9,监管,enhanced_extraction
4,36,针对,enhanced_extraction
4,2,类型,enhanced_extraction
36,25,类型,enhanced_extraction
2,15,类型,enhanced_extraction
45,42,类型,enhanced_extraction
40,43,类型,enhanced_extraction
20,138,类型,enhanced_extraction
22,138,类型,enhanced_extraction
7,43,类型,enhanced_extraction
45,121,既是,enhanced_extraction
203,7,是,enhanced_extraction
4,54,涉及问题,enhanced_extraction
2,4,类型,enhanced_extraction
45,4,行驶主体,enhanced_extraction
45,4,承办机构,enhanced_extraction
45,4,执行,enhanced_extraction
30,2,行驶主体,enhanced_extraction
30,2,承办机构,enhanced_extraction
4,37,针对行为,enhanced_extraction
4,2,属于,enhanced_extraction
30,2,行使主体,enhanced_extraction
4,3,依据,enhanced_extraction
1,2,行驶主体,enhanced_extraction
1,2,承办机构,enhanced_extraction
83,4,涉及事项,enhanced_extraction
4,2,权力类型,enhanced_extraction
1,2,执行者,enhanced_extraction
4,2,类型,enhanced_extraction
21,4,行驶主体,enhanced_extraction
21,4,承办机构,enhanced_extraction
23,4,实施依据,enhanced_extraction
4,145,涉及问题,enhanced_extraction
2,4,权力类型,enhanced_extraction
4,2,类型,enhanced_extraction
30,2,行驶主体,enhanced_extraction
30,2,承办机构,enhanced_extraction
8,2,实施依据,enhanced_extraction
41,2,行驶主体,enhanced_extraction
40,2,实施依据,enhanced_extraction
41,2,行使主体,enhanced_extraction
4,31,处罚事项,enhanced_extraction
4,40,实施依据,enhanced_extraction
4,79,包括,enhanced_extraction
20,21,是,enhanced_extraction
22,21,是,enhanced_extraction
15,2,等同于,enhanced_extraction
20,22,等同于,enhanced_extraction
7,86,依据,enhanced_extraction
2,4,权力类型,enhanced_extraction
21,2,行驶主体,enhanced_extraction
21,2,承办机构,enhanced_extraction
2,6,依据,enhanced_extraction
2,4,类型,enhanced_extraction
21,2,执行,enhanced_extraction
6,2,实施依据,enhanced_extraction
4,105,涉及内容,enhanced_extraction
15,2,类型,enhanced_extraction
20,41,执行,enhanced_extraction
7,23,依据,enhanced_extraction
4,2,类型,enhanced_extraction
105,35,类型,enhanced_extraction
2,15,类型,enhanced_extraction
41,204,类型,enhanced_extraction
23,43,类型,enhanced_extraction
41,23,依据,enhanced_extraction
15,2,是,enhanced_extraction
20,45,是,enhanced_extraction
22,61,是,enhanced_extraction
4,14,涉及,enhanced_extraction
7,76,依据,enhanced_extraction
45,4,执行,enhanced_extraction
4,80,涉及问题,enhanced_extraction
2,15,类型,enhanced_extraction
45,4,行驶主体,enhanced_extraction
45,4,承办机构,enhanced_extraction
4,6,依据,enhanced_extraction
4,2,类型,enhanced_extraction
45,4,负责,enhanced_extraction
15,2,类型,enhanced_extraction
1,2,行驶主体,enhanced_extraction
1,2,承办机构,enhanced_extraction
4,84,涉及,enhanced_extraction
2,15,类型,enhanced_extraction
1,2,执行,enhanced_extraction
2,38,实施依据,enhanced_extraction
7,111,关系类型,enhanced_extraction
30,2,行使,enhanced_extraction
15,2,具体类型,enhanced_extraction
15,2,是,enhanced_extraction
20,9,是,enhanced_extraction
22,9,是,enhanced_extraction
9,2,行使权力,enhanced_extraction
9,2,行使主体,enhanced_extraction
9,2,承办机构,enhanced_extraction
4,97,涉及问题,enhanced_extraction
15,2,是,enhanced_extraction
7,111,是,enhanced_extraction
4,2,类型,enhanced_extraction
21,87,类型,enhanced_extraction
118,77,类型,enhanced_extraction
12,4,类型,enhanced_extraction
97,78,类型,enhanced_extraction
15,2,类型,enhanced_extraction
2,15,类型,enhanced_extraction
20,21,类型,enhanced_extraction
22,21,类型,enhanced_extraction
7,77,类型,enhanced_extraction
21,64,既是行驶主体又是承办机构,enhanced_extraction
12,4,属于,enhanced_extraction
12,55,由,enhanced_extraction
15,2,属于,enhanced_extraction
4,39,包含,enhanced_extraction
15,2,是,enhanced_extraction
20,9,是,enhanced_extraction
22,110,是,enhanced_extraction
205,4,行驶主体,enhanced_extraction
4,39,针对,enhanced_extraction
12,4,是,enhanced_extraction
4,127,包括,enhanced_extraction
15,2,是,enhanced_extraction
4,2,类型,enhanced_extraction
127,25,类型,enhanced_extraction
2,15,类型,enhanced_extraction
21,42,类型,enhanced_extraction
40,43,类型,enhanced_extraction
40,7,包含,enhanced_extraction
4,80,涉及问题,enhanced_extraction
15,189,类型,enhanced_extraction
4,3,依据,enhanced_extraction
169,4,被处罚,enhanced_extraction
4,2,权力类型,enhanced_extraction
3,4,是依据,enhanced_extraction
41,2,行驶主体,enhanced_extraction
41,2,承办机构,enhanced_extraction
41,2,执行,enhanced_extraction
4,44,涉及内容,enhanced_extraction
15,2,是,enhanced_extraction
7,57,是,enhanced_extraction
57,9,是法律依据,enhanced_extraction
4,127,涉及领域,enhanced_extraction
2,4,权力类型,enhanced_extraction
47,4,行驶主体,enhanced_extraction
47,4,承办机构,enhanced_extraction
4,2,类型,enhanced_extraction
127,25,类型,enhanced_extraction
70,4,依据,enhanced_extraction
2,15,属于,enhanced_extraction
3,7,作为依据,enhanced_extraction
29,4,是,enhanced_extraction
55,121,是,enhanced_extraction
3,7,是,enhanced_extraction
4,65,包含,enhanced_extraction
15,2,是,enhanced_extraction
20,21,是,enhanced_extraction
22,21,是,enhanced_extraction
7,23,是,enhanced_extraction
4,2,类型,enhanced_extraction
21,32,类型,enhanced_extraction
195,43,类型,enhanced_extraction
65,78,类型,enhanced_extraction
15,115,类型,enhanced_extraction
2,15,类型,enhanced_extraction
20,115,类型,enhanced_extraction
22,115,类型,enhanced_extraction
7,115,类型,enhanced_extraction
206,53,涉及,enhanced_extraction
7,23,是,enhanced_extraction
53,206,属于,enhanced_extraction
21,2,行使,enhanced_extraction
2,15,属于,enhanced_extraction
21,23,依据,enhanced_extraction
20,30,是,enhanced_extraction
22,30,是,enhanced_extraction
4,65,涉及,enhanced_extraction
2,15,属于,enhanced_extraction
86,7,作为,enhanced_extraction
4,97,涉及,enhanced_extraction
63,117,行使,enhanced_extraction
15,2,具体类型,enhanced_extraction
7,16,具体依据,enhanced_extraction
41,20,是,enhanced_extraction
41,22,也是,enhanced_extraction
155,2,类型,enhanced_extraction
65,78,类型,enhanced_extraction
2,15,类型,enhanced_extraction
41,42,类型,enhanced_extraction
6,43,类型,enhanced_extraction
20,207,类型,enhanced_extraction
22,207,类型,enhanced_extraction
7,208,类型,enhanced_extraction
41,22,是,enhanced_extraction
65,155,导致,enhanced_extraction
6,7,是,enhanced_extraction
12,4,是,enhanced_extraction
4,19,包含,enhanced_extraction
7,16,是,enhanced_extraction
21,4,执行,enhanced_extraction
4,16,依据,enhanced_extraction
19,209,是,enhanced_extraction
21,4,负责,enhanced_extraction
21,2,执行,enhanced_extraction
4,83,涉及内容,enhanced_extraction
15,2,类型,enhanced_extraction
20,41,是,enhanced_extraction
22,41,是,enhanced_extraction
7,111,来自,enhanced_extraction
4,2,类型,enhanced_extraction
7,77,是,enhanced_extraction
41,2,行使,enhanced_extraction
111,7,是,enhanced_extraction
41,2,行驶主体,enhanced_extraction
41,2,承办机构,enhanced_extraction
4,19,具体事项,enhanced_extraction
4,2,属于,enhanced_extraction
41,2,执行者,enhanced_extraction
4,23,依据,enhanced_extraction
12,4,是,enhanced_extraction
4,14,包含,enhanced_extraction
15,2,是,enhanced_extraction
20,1,是,enhanced_extraction
22,1,是,enhanced_extraction
7,23,是,enhanced_extraction
4,2,类型,enhanced_extraction
14,35,类型,enhanced_extraction
2,15,类型,enhanced_extraction
1,24,类型,enhanced_extraction
23,43,类型,enhanced_extraction
21,2,行使主体,enhanced_extraction
21,3,依据,enhanced_extraction
65,4,导致,enhanced_extraction
21,2,执行,enhanced_extraction
4,79,涉及行为,enhanced_extraction
2,63,由行使主体,enhanced_extraction
2,57,依据,enhanced_extraction
63,20,是,enhanced_extraction
63,22,同时也是,enhanced_extraction
63,210,类型,enhanced_extraction
4,2,类型,enhanced_extraction
79,35,类型,enhanced_extraction
63,2,实施,enhanced_extraction
63,121,身份,enhanced_extraction
1,2,行驶主体,enhanced_extraction
1,2,承办机构,enhanced_extraction
4,127,针对,enhanced_extraction
4,2,权力类型,enhanced_extraction
1,2,执行,enhanced_extraction
38,2,实施依据,enhanced_extraction
4,79,涉及行为,enhanced_extraction
2,21,执行主体,enhanced_extraction
21,2,行使权力,enhanced_extraction
21,21,承办机构,enhanced_extraction
21,40,依据,enhanced_extraction
4,2,类型,enhanced_extraction
79,35,类型,enhanced_extraction
2,211,类型,enhanced_extraction
40,43,类型,enhanced_extraction
21,2,执行主体,enhanced_extraction
4,37,涉及内容,enhanced_extraction
2,4,权力类型,enhanced_extraction
48,4,行驶主体,enhanced_extraction
48,4,承办机构,enhanced_extraction
4,2,类型,enhanced_extraction
2,73,实施依据,enhanced_extraction
48,2,执行,enhanced_extraction
2,140,权力类型,enhanced_extraction
21,2,行驶主体,enhanced_extraction
21,2,承办机构,enhanced_extraction
212,140,服务事项,enhanced_extraction
2,38,实施依据,enhanced_extraction
20,30,是,enhanced_extraction
4,66,涉及,enhanced_extraction
30,2,执行,enhanced_extraction
12,4,是,enhanced_extraction
15,2,是,enhanced_extraction
7,57,依据,enhanced_extraction
4,58,涉及事项,enhanced_extraction
2,4,权力类型,enhanced_extraction
55,4,行驶主体,enhanced_extraction
55,4,承办机构,enhanced_extraction
4,2,类型,enhanced_extraction
68,43,类型,enhanced_extraction
4,213,依据,enhanced_extraction
4,2,类型,enhanced_extraction
65,78,类型,enhanced_extraction
9,42,类型,enhanced_extraction
40,43,类型,enhanced_extraction
20,9,属于,enhanced_extraction
22,9,属于,enhanced_extraction
4,65,针对,enhanced_extraction
15,2,属于,enhanced_extraction
20,9,行使,enhanced_extraction
22,9,负责,enhanced_extraction
7,40,依据,enhanced_extraction
4,84,服务事项,enhanced_extraction
2,4,权力类型,enhanced_extraction
1,2,行驶主体,enhanced_extraction
1,2,承办机构,enhanced_extraction
2,38,法律依据,enhanced_extraction
4,198,是,enhanced_extraction
47,2,负责,enhanced_extraction
4,6,实施依据,enhanced_extraction
4,53,涉及,enhanced_extraction
15,2,是,enhanced_extraction
7,16,是,enhanced_extraction
21,4,负责,enhanced_extraction
16,7,是,enhanced_extraction
12,4,是,enhanced_extraction
4,31,包含,enhanced_extraction
20,21,是,enhanced_extraction
22,21,是,enhanced_extraction
4,2,类型,enhanced_extraction
31,35,类型,enhanced_extraction
21,87,类型,enhanced_extraction
118,77,类型,enhanced_extraction
21,4,行使主体,enhanced_extraction
21,4,承办机构,enhanced_extraction
4,2,权力类型,enhanced_extraction
4,111,实施依据,enhanced_extraction
2,4,权力类型,enhanced_extraction
63,4,行驶主体,enhanced_extraction
63,4,承办机构,enhanced_extraction
4,76,依据,enhanced_extraction
4,127,针对违规行为,enhanced_extraction
63,2,执行,enhanced_extraction
4,44,涉及内容,enhanced_extraction
15,2,类型,enhanced_extraction
7,3,依据,enhanced_extraction
4,2,类型,enhanced_extraction
44,100,类型,enhanced_extraction
2,15,类型,enhanced_extraction
9,42,类型,enhanced_extraction
3,43,类型,enhanced_extraction
9,4,行驶主体,enhanced_extraction
9,4,承办机构,enhanced_extraction
156,51,涉及内容,enhanced_extraction
2,156,权力类型,enhanced_extraction
21,2,行驶主体,enhanced_extraction
21,2,承办机构,enhanced_extraction
2,70,实施依据,enhanced_extraction
156,2,类型,enhanced_extraction
51,25,类型,enhanced_extraction
2,15,类型,enhanced_extraction
70,81,类型,enhanced_extraction
21,2,执行,enhanced_extraction
2,4,权力类型,enhanced_extraction
63,2,行驶主体,enhanced_extraction
63,2,承办机构,enhanced_extraction
2,8,实施依据,enhanced_extraction
63,2,实施,enhanced_extraction
12,18,包括,enhanced_extraction
18,97,涉及问题,enhanced_extraction
15,2,是,enhanced_extraction
20,48,是,enhanced_extraction
22,48,是,enhanced_extraction
7,70,是,enhanced_extraction
18,214,类型,enhanced_extraction
97,78,类型,enhanced_extraction
2,15,类型,enhanced_extraction
48,42,类型,enhanced_extraction
70,96,类型,enhanced_extraction
12,181,类型,enhanced_extraction
15,215,类型,enhanced_extraction
20,207,类型,enhanced_extraction
22,207,类型,enhanced_extraction
7,208,类型,enhanced_extraction
48,2,行使权力,enhanced_extraction
48,12,承办,enhanced_extraction
58,156,导致,enhanced_extraction
156,2,是,enhanced_extraction
216,156,实施,enhanced_extraction
48,156,执行,enhanced_extraction
156,73,依据,enhanced_extraction
63,112,监管,enhanced_extraction
48,112,监管,enhanced_extraction
4,58,涉及事项,enhanced_extraction
2,4,权力类型,enhanced_extraction
55,2,行驶主体,enhanced_extraction
55,2,承办机构,enhanced_extraction
4,2,类型,enhanced_extraction
58,78,类型,enhanced_extraction
68,34,类型,enhanced_extraction
55,213,实施依据,enhanced_extraction
4,79,包含行为,enhanced_extraction
15,2,是,enhanced_extraction
4,2,类型,enhanced_extraction
79,35,类型,enhanced_extraction
2,15,类型,enhanced_extraction
9,42,类型,enhanced_extraction
118,77,类型,enhanced_extraction
9,4,行驶主体,enhanced_extraction
9,4,承办机构,enhanced_extraction
7,57,是,enhanced_extraction
4,2,类型,enhanced_extraction
4,69,涉及内容,enhanced_extraction
55,4,行驶主体,enhanced_extraction
55,4,承办机构,enhanced_extraction
4,57,实施依据,enhanced_extraction
15,2,是,enhanced_extraction
20,152,是,enhanced_extraction
152,2,执行,enhanced_extraction
9,152,监管对象,enhanced_extraction
4,67,涉及事项,enhanced_extraction
2,4,权力类型,enhanced_extraction
45,4,行驶主体,enhanced_extraction
45,4,承办机构,enhanced_extraction
4,2,类型,enhanced_extraction
217,77,类型,enhanced_extraction
4,217,依据,enhanced_extraction
4,19,涉及事项,enhanced_extraction
2,4,权力类型,enhanced_extraction
55,4,行驶主体,enhanced_extraction
55,4,承办机构,enhanced_extraction
55,4,执行,enhanced_extraction
12,4,是,enhanced_extraction
15,2,是,enhanced_extraction
20,63,是,enhanced_extraction
22,63,是,enhanced_extraction
63,218,依据,enhanced_extraction
4,106,涉及行为,enhanced_extraction
4,2,类型,enhanced_extraction
106,25,类型,enhanced_extraction
55,42,类型,enhanced_extraction
6,219,类型,enhanced_extraction
55,4,行驶主体,enhanced_extraction
55,4,承办机构,enhanced_extraction
4,6,依据,enhanced_extraction
4,39,包含,enhanced_extraction
15,2,是,enhanced_extraction
20,48,是,enhanced_extraction
22,48,是,enhanced_extraction
7,3,是,enhanced_extraction
92,93,是,enhanced_extraction
39,35,类型,enhanced_extraction
2,15,类型,enhanced_extraction
48,4,行使主体,enhanced_extraction
48,4,承办机构,enhanced_extraction
4,3,依据,enhanced_extraction
4,65,涉及问题,enhanced_extraction
220,2,行使主体,enhanced_extraction
4,2,权力类型,enhanced_extraction
220,4,行使,enhanced_extraction
73,4,实施依据,enhanced_extraction
2,4,权力类型,enhanced_extraction
45,4,行驶主体,enhanced_extraction
45,4,承办机构,enhanced_extraction
45,4,负责,enhanced_extraction
83,4,违规行为,enhanced_extraction
4,2,权力类型,enhanced_extraction
4,38,实施依据,enhanced_extraction
4,69,涉及内容,enhanced_extraction
2,4,权力类型,enhanced_extraction
4,111,实施依据,enhanced_extraction
4,2,类型,enhanced_extraction
21,4,行驶主体和承办机构,enhanced_extraction
111,77,类型,enhanced_extraction
4,79,涉及行为,enhanced_extraction
2,15,属于,enhanced_extraction
4,2,类型,enhanced_extraction
45,2,执行,enhanced_extraction
45,86,依据,enhanced_extraction
12,157,是,enhanced_extraction
15,2,是,enhanced_extraction
20,152,是,enhanced_extraction
22,63,是,enhanced_extraction
63,221,处罚,enhanced_extraction
63,152,监管,enhanced_extraction
7,56,是,enhanced_extraction
15,2,是,enhanced_extraction
20,48,是,enhanced_extraction
22,48,是,enhanced_extraction
7,3,是,enhanced_extraction
18,2,类型,enhanced_extraction
65,18,问题,enhanced_extraction
48,2,行使主体,enhanced_extraction
48,2,承办机构,enhanced_extraction
3,2,依据,enhanced_extraction
222,4,承办机构,enhanced_extraction
3,4,实施依据,enhanced_extraction
106,4,服务事项,enhanced_extraction
48,2,行使权力,enhanced_extraction
15,2,是,enhanced_extraction
4,2,类型,enhanced_extraction
55,24,类型,enhanced_extraction
68,43,类型,enhanced_extraction
171,43,类型,enhanced_extraction
80,4,导致,enhanced_extraction
55,2,执行,enhanced_extraction
40,7,作为,enhanced_extraction
4,145,涉及问题,enhanced_extraction
2,4,权力类型,enhanced_extraction
63,2,行驶主体,enhanced_extraction
63,2,承办机构,enhanced_extraction
2,23,实施依据,enhanced_extraction
4,2,类型,enhanced_extraction
145,78,类型,enhanced_extraction
2,15,类型,enhanced_extraction
63,42,类型,enhanced_extraction
23,43,类型,enhanced_extraction
12,4,是,enhanced_extraction
4,127,包含,enhanced_extraction
15,2,是,enhanced_extraction
20,47,是,enhanced_extraction
22,47,是,enhanced_extraction
4,2,类型,enhanced_extraction
127,25,类型,enhanced_extraction
2,15,类型,enhanced_extraction
47,95,既是行驶主体也是承办机构,enhanced_extraction
7,223,是,enhanced_extraction
4,79,涉及行为,enhanced_extraction
15,2,是,enhanced_extraction
20,63,是,enhanced_extraction
7,6,是,enhanced_extraction
4,2,类型,enhanced_extraction
79,35,类型,enhanced_extraction
2,15,类型,enhanced_extraction
63,24,类型,enhanced_extraction
6,34,类型,enhanced_extraction
63,6,实施依据,enhanced_extraction
4,54,涉及问题,enhanced_extraction
2,4,类型,enhanced_extraction
45,2,行驶主体,enhanced_extraction
45,2,承办机构,enhanced_extraction
45,2,负责,enhanced_extraction
47,2,行使主体,enhanced_extraction
47,47,承办机构,enhanced_extraction
40,2,实施依据,enhanced_extraction
40,2,是依据,enhanced_extraction
4,58,涉及事项,enhanced_extraction
2,4,权力类型,enhanced_extraction
45,4,行驶主体,enhanced_extraction
45,4,承办机构,enhanced_extraction
4,2,类型,enhanced_extraction
4,58,原因,enhanced_extraction
4,86,实施依据,enhanced_extraction
45,45,行驶主体,enhanced_extraction
45,45,承办机构,enhanced_extraction
55,2,行使主体,enhanced_extraction
55,55,承办机构,enhanced_extraction
4,65,针对问题,enhanced_extraction
4,3,依据,enhanced_extraction
55,2,既是行使主体也是承办机构,enhanced_extraction
2,102,权力类型,enhanced_extraction
63,102,行驶主体,enhanced_extraction
63,102,承办机构,enhanced_extraction
76,102,实施依据,enhanced_extraction
63,102,执行,enhanced_extraction
224,102,违反,enhanced_extraction
63,2,承办机构,enhanced_extraction
63,76,依据,enhanced_extraction
4,19,涉及事项,enhanced_extraction
2,4,权力类型,enhanced_extraction
45,4,行驶主体,enhanced_extraction
45,4,承办机构,enhanced_extraction
4,6,依据,enhanced_extraction
4,2,类型,enhanced_extraction
6,43,类型,enhanced_extraction
4,65,包含,enhanced_extraction
15,2,是,enhanced_extraction
20,30,是,enhanced_extraction
22,30,是,enhanced_extraction
7,3,是,enhanced_extraction
30,24,类型,enhanced_extraction
4,2,类型,enhanced_extraction
65,78,类型,enhanced_extraction
2,15,类型,enhanced_extraction
20,138,类型,enhanced_extraction
22,138,类型,enhanced_extraction
7,43,类型,enhanced_extraction
30,4,行驶主体,enhanced_extraction
30,4,承办机构,enhanced_extraction
4,39,包含,enhanced_extraction
15,2,是,enhanced_extraction
20,63,为,enhanced_extraction
22,63,为,enhanced_extraction
63,22,既是行驶主体也是,enhanced_extraction
7,225,是,enhanced_extraction
4,69,涉及内容,enhanced_extraction
2,4,权力类型,enhanced_extraction
55,4,行驶主体,enhanced_extraction
55,4,承办机构,enhanced_extraction
4,8,依据,enhanced_extraction
55,4,执行,enhanced_extraction
8,136,名称,enhanced_extraction
4,37,涉及内容,enhanced_extraction
2,4,权力类型,enhanced_extraction
63,4,行驶主体,enhanced_extraction
63,4,承办机构,enhanced_extraction
4,2,类型,enhanced_extraction
63,4,既是行驶主体也是承办机构,enhanced_extraction
4,23,实施依据,enhanced_extraction
4,67,服务事项,enhanced_extraction
2,4,权力类型,enhanced_extraction
86,4,实施依据,enhanced_extraction
4,2,类型,enhanced_extraction
21,86,实施依据来源,enhanced_extraction
4,66,涉及事项,enhanced_extraction
2,4,权力类型,enhanced_extraction
55,4,行驶主体,enhanced_extraction
55,4,承办机构,enhanced_extraction
4,2,类型,enhanced_extraction
4,6,实施依据,enhanced_extraction
12,2,是,enhanced_extraction
7,40,是,enhanced_extraction
45,2,行驶主体,enhanced_extraction
45,2,承办机构,enhanced_extraction
45,40,依据,enhanced_extraction
4,39,包含,enhanced_extraction
15,2,是,enhanced_extraction
20,48,是,enhanced_extraction
22,48,是,enhanced_extraction
7,40,是,enhanced_extraction
48,2,执行,enhanced_extraction
48,40,依据,enhanced_extraction
1,2,行驶主体,enhanced_extraction
1,2,承办机构,enhanced_extraction
4,19,具体内容,enhanced_extraction
4,2,属于,enhanced_extraction
1,2,执行,enhanced_extraction
4,70,实施依据,enhanced_extraction
4,97,涉及方面,enhanced_extraction
15,2,类型,enhanced_extraction
220,4,行驶主体,enhanced_extraction
9,4,承办机构,enhanced_extraction
4,6,依据,enhanced_extraction
9,4,行使主体,enhanced_extraction
4,2,类型,enhanced_extraction
6,219,类型,enhanced_extraction
4,80,基于,enhanced_extraction
15,2,是,enhanced_extraction
20,45,是,enhanced_extraction
22,45,是,enhanced_extraction
7,6,是,enhanced_extraction
4,2,类型,enhanced_extraction
80,4,原因,enhanced_extraction
15,2,类型,enhanced_extraction
20,45,行使,enhanced_extraction
22,45,承担,enhanced_extraction
7,6,依据,enhanced_extraction
4,58,涉及事项,enhanced_extraction
2,4,权力类型,enhanced_extraction
4,2,类型,enhanced_extraction
30,4,执行主体,enhanced_extraction
4,76,依据,enhanced_extraction
58,4,导致,enhanced_extraction
2,4,权力类型,enhanced_extraction
47,2,行驶主体,enhanced_extraction
47,2,承办机构,enhanced_extraction
47,2,负责,enhanced_extraction
127,4,涉及,enhanced_extraction
38,226,适用领域,enhanced_extraction
4,105,涉及事项,enhanced_extraction
2,4,权力类型,enhanced_extraction
63,4,行驶主体,enhanced_extraction
63,4,承办机构,enhanced_extraction
63,4,负责,enhanced_extraction
47,2,行驶主体,enhanced_extraction
47,2,承办机构,enhanced_extraction
4,2,是,enhanced_extraction
47,2,负责,enhanced_extraction
47,6,依据,enhanced_extraction
156,227,服务事项,enhanced_extraction
48,48,行驶主体,enhanced_extraction
48,48,承办机构,enhanced_extraction
156,181,类型,enhanced_extraction
72,228,类型,enhanced_extraction
2,15,类型,enhanced_extraction
16,77,类型,enhanced_extraction
48,187,既是行驶主体也是承办机构,enhanced_extraction
16,156,实施依据,enhanced_extraction
7,76,是,enhanced_extraction
21,76,实施,enhanced_extraction
15,2,是,enhanced_extraction
20,9,是,enhanced_extraction
22,9,是,enhanced_extraction
9,229,依据,enhanced_extraction
106,4,是,enhanced_extraction
4,127,涉及领域,enhanced_extraction
2,4,权力类型,enhanced_extraction
63,4,行驶主体,enhanced_extraction
63,4,承办机构,enhanced_extraction
4,2,类型,enhanced_extraction
4,108,依据,enhanced_extraction
2,4,权力类型,enhanced_extraction
41,2,行驶主体,enhanced_extraction
41,2,承办机构,enhanced_extraction
40,2,实施依据,enhanced_extraction
4,2,是,enhanced_extraction
31,4,被处罚,enhanced_extraction
41,2,执行,enhanced_extraction
68,43,类型,enhanced_extraction
4,79,包含行为,enhanced_extraction
15,2,是,enhanced_extraction
7,23,是,enhanced_extraction
4,2,类型,enhanced_extraction
79,35,类型,enhanced_extraction
2,15,类型,enhanced_extraction
9,42,类型,enhanced_extraction
23,43,类型,enhanced_extraction
9,4,行使主体,enhanced_extraction
9,4,承办机构,enhanced_extraction
4,83,涉及事项,enhanced_extraction
2,4,权力类型,enhanced_extraction
55,4,行驶主体,enhanced_extraction
55,4,承办机构,enhanced_extraction
4,2,类型,enhanced_extraction
8,136,名称,enhanced_extraction
4,8,依据,enhanced_extraction
4,58,涉及事项,enhanced_extraction
2,4,权力类型,enhanced_extraction
4,2,类型,enhanced_extraction
30,2,执行,enhanced_extraction
2,57,依据,enhanced_extraction
4,105,涉及事项,enhanced_extraction
15,2,类型,enhanced_extraction
41,4,行驶主体,enhanced_extraction
41,4,承办机构,enhanced_extraction
4,2,类型,enhanced_extraction
41,40,依据,enhanced_extraction
41,4,执行,enhanced_extraction
2,4,权力类型,enhanced_extraction
63,2,行驶主体,enhanced_extraction
63,2,承办机构,enhanced_extraction
2,83,涉及事项,enhanced_extraction
63,2,执行者,enhanced_extraction
111,2,实施依据,enhanced_extraction
4,84,针对,enhanced_extraction
55,4,行使主体,enhanced_extraction
55,4,承办机构,enhanced_extraction
55,4,负责,enhanced_extraction
4,84,包括,enhanced_extraction
20,47,是,enhanced_extraction
22,47,是,enhanced_extraction
15,2,等同于,enhanced_extraction
20,22,等同于,enhanced_extraction
7,57,引用,enhanced_extraction
12,4,是,enhanced_extraction
4,58,涉及问题,enhanced_extraction
20,47,是,enhanced_extraction
22,47,是,enhanced_extraction
7,86,是,enhanced_extraction
4,2,类型,enhanced_extraction
58,78,类型,enhanced_extraction
86,34,类型,enhanced_extraction
58,4,原因,enhanced_extraction
47,199,行使,enhanced_extraction
47,4,执行,enhanced_extraction
4,83,涉及事项,enhanced_extraction
30,30,行驶主体,enhanced_extraction
30,30,承办机构,enhanced_extraction
4,230,依据,enhanced_extraction
30,4,行驶主体,enhanced_extraction
30,4,承办机构,enhanced_extraction
4,44,包含,enhanced_extraction
15,2,是,enhanced_extraction
7,70,是,enhanced_extraction
63,70,执行,enhanced_extraction
4,12,属于,enhanced_extraction
48,2,行驶主体,enhanced_extraction
48,2,承办机构,enhanced_extraction
48,2,行使主体,enhanced_extraction
20,63,为,enhanced_extraction
22,63,为,enhanced_extraction
7,40,是,enhanced_extraction
231,53,被监管局表扬,enhanced_extraction
63,63,既是行驶主体也是承办机构,enhanced_extraction
2,15,属于,enhanced_extraction
63,40,根据,enhanced_extraction
21,2,行驶主体,enhanced_extraction
21,2,承办机构,enhanced_extraction
2,3,实施依据,enhanced_extraction
21,2,具有权力,enhanced_extraction
4,127,涉及领域,enhanced_extraction
2,4,权力类型,enhanced_extraction
45,4,行驶主体,enhanced_extraction
45,4,承办机构,enhanced_extraction
4,38,依据,enhanced_extraction
4,2,类型,enhanced_extraction
217,77,类型,enhanced_extraction
45,4,执行主体,enhanced_extraction
4,44,涉及内容,enhanced_extraction
15,2,类型,enhanced_extraction
20,45,为,enhanced_extraction
22,45,为,enhanced_extraction
7,38,来源,enhanced_extraction
4,2,类型,enhanced_extraction
45,32,类型,enhanced_extraction
217,34,类型,enhanced_extraction
44,35,类型,enhanced_extraction
2,15,类型,enhanced_extraction
20,32,类型,enhanced_extraction
22,32,类型,enhanced_extraction
7,34,类型,enhanced_extraction
45,4,既是行驶主体也是承办机构,enhanced_extraction
4,127,涉及,enhanced_extraction
2,15,属于,enhanced_extraction
4,2,类型,enhanced_extraction
127,25,类型,enhanced_extraction
2,15,类型,enhanced_extraction
48,24,类型,enhanced_extraction
4,2,属于,enhanced_extraction
48,4,行使,enhanced_extraction
48,4,承办,enhanced_extraction
140,66,涉及,enhanced_extraction
15,2,是,enhanced_extraction
140,2,类型,enhanced_extraction
66,25,类型,enhanced_extraction
15,82,类型,enhanced_extraction
20,42,类型,enhanced_extraction
22,42,类型,enhanced_extraction
41,140,行驶主体,enhanced_extraction
41,140,承办机构,enhanced_extraction
140,83,针对,enhanced_extraction
2,232,由,enhanced_extraction
1,20,是,enhanced_extraction
1,22,也是,enhanced_extraction
1,60,是,enhanced_extraction
76,7,作为,enhanced_extraction
12,4,是,enhanced_extraction
12,67,涉及领域,enhanced_extraction
15,199,是,enhanced_extraction
20,4,处理,enhanced_extraction
22,4,处理,enhanced_extraction
48,4,行驶主体,enhanced_extraction
48,4,执行,enhanced_extraction
4,53,涉及事项,enhanced_extraction
21,4,行驶主体,enhanced_extraction
21,4,承办机构,enhanced_extraction
4,3,依据,enhanced_extraction
4,2,类型,enhanced_extraction
21,32,类型,enhanced_extraction
164,34,类型,enhanced_extraction
53,35,类型,enhanced_extraction
3,34,类型,enhanced_extraction
21,3,依据,enhanced_extraction
4,69,基于,enhanced_extraction
20,47,是,enhanced_extraction
22,47,是,enhanced_extraction
7,16,是,enhanced_extraction
4,2,类型,enhanced_extraction
47,87,类型,enhanced_extraction
132,77,类型,enhanced_extraction
69,35,类型,enhanced_extraction
15,26,类型,enhanced_extraction
2,15,类型,enhanced_extraction
20,233,类型,enhanced_extraction
22,233,类型,enhanced_extraction
7,233,类型,enhanced_extraction
47,20,是,enhanced_extraction
47,22,是,enhanced_extraction
15,82,是,enhanced_extraction
2,45,由,enhanced_extraction
45,2,执行,enhanced_extraction
23,234,是,enhanced_extraction
2,4,权力类型,enhanced_extraction
1,2,行驶主体,enhanced_extraction
1,2,承办机构,enhanced_extraction
6,2,实施依据,enhanced_extraction
4,2,类型,enhanced_extraction
1,2,执行,enhanced_extraction
4,66,涉及事项,enhanced_extraction
15,2,类型,enhanced_extraction
20,41,为,enhanced_extraction
22,41,为,enhanced_extraction
41,41,等同于,enhanced_extraction
7,86,来自,enhanced_extraction
112,64,是行驶主体,enhanced_extraction
55,64,是承办机构,enhanced_extraction
112,2,执行,enhanced_extraction
55,2,承办,enhanced_extraction
23,112,是实施依据,enhanced_extraction
23,2,实施依据,enhanced_extraction
5,4,涉及事项,enhanced_extraction
4,2,权力类型,enhanced_extraction
30,2,既是行驶主体也是承办机构,enhanced_extraction
156,2,类型,enhanced_extraction
39,156,受处罚,enhanced_extraction
41,156,行使主体,enhanced_extraction
41,156,承办机构,enhanced_extraction
8,156,依据,enhanced_extraction
4,29,涉及行为,enhanced_extraction
2,21,执行主体,enhanced_extraction
21,22,是,enhanced_extraction
86,7,是,enhanced_extraction
21,2,执行主体,enhanced_extraction
4,86,依据,enhanced_extraction
4,54,涉及问题,enhanced_extraction
2,4,权力类型,enhanced_extraction
4,2,类型,enhanced_extraction
30,4,执行,enhanced_extraction
4,76,依据,enhanced_extraction
7,23,依据,enhanced_extraction
80,4,原因,enhanced_extraction
2,15,类型,enhanced_extraction
41,4,行驶主体,enhanced_extraction
41,4,承办机构,enhanced_extraction
1,4,行驶主体,enhanced_extraction
1,2,执行主体,enhanced_extraction
1,2,承办机构,enhanced_extraction
58,4,原因,enhanced_extraction
38,2,法律依据,enhanced_extraction
12,4,是,enhanced_extraction
4,66,涉及,enhanced_extraction
15,2,是,enhanced_extraction
20,30,是,enhanced_extraction
22,30,是,enhanced_extraction
7,57,是,enhanced_extraction
4,2,类型,enhanced_extraction
66,25,类型,enhanced_extraction
30,24,类型,enhanced_extraction
108,34,类型,enhanced_extraction
30,2,既是行驶主体也是承办机构,enhanced_extraction
12,4,是,enhanced_extraction
4,54,涉及问题,enhanced_extraction
15,91,是,enhanced_extraction
20,45,是,enhanced_extraction
22,45,是,enhanced_extraction
7,38,是,enhanced_extraction
4,2,类型,enhanced_extraction
45,32,类型,enhanced_extraction
217,34,类型,enhanced_extraction
12,235,类型,enhanced_extraction
54,78,类型,enhanced_extraction
15,236,类型,enhanced_extraction
91,236,类型,enhanced_extraction
20,32,类型,enhanced_extraction
22,32,类型,enhanced_extraction
7,34,类型,enhanced_extraction
45,4,行驶主体,enhanced_extraction
45,4,承办机构,enhanced_extraction
4,69,涉及内容,enhanced_extraction
2,4,权力类型,enhanced_extraction
55,4,行驶主体,enhanced_extraction
55,4,承办机构,enhanced_extraction
4,2,类型,enhanced_extraction
76,77,类型,enhanced_extraction
4,76,实施依据,enhanced_extraction
4,97,涉及,enhanced_extraction
63,4,执行,enhanced_extraction
63,40,依据,enhanced_extraction
12,4,包含,enhanced_extraction
15,2,是,enhanced_extraction
7,40,是,enhanced_extraction
20,21,是,enhanced_extraction
22,21,是,enhanced_extraction
4,145,涉及,enhanced_extraction
21,2,执行,enhanced_extraction
15,82,是,enhanced_extraction
7,6,依据,enhanced_extraction
41,20,是,enhanced_extraction
41,22,是,enhanced_extraction
41,4,执行,enhanced_extraction
4,57,依据,enhanced_extraction
4,54,涉及问题,enhanced_extraction
2,4,权力类型,enhanced_extraction
47,2,行使主体,enhanced_extraction
86,2,依据,enhanced_extraction
4,2,类型,enhanced_extraction
47,2,执行,enhanced_extraction
73,77,类型,enhanced_extraction
4,65,涉及问题,enhanced_extraction
30,57,依据,enhanced_extraction
4,2,类型,enhanced_extraction
65,78,类型,enhanced_extraction
2,15,类型,enhanced_extraction
30,42,类型,enhanced_extraction
57,77,类型,enhanced_extraction
30,4,行使主体,enhanced_extraction
30,4,承办机构,enhanced_extraction
4,14,针对,enhanced_extraction
15,2,属于,enhanced_extraction
20,47,是,enhanced_extraction
22,47,是,enhanced_extraction
7,40,依据,enhanced_extraction
4,2,属于,enhanced_extraction
4,69,针对,enhanced_extraction
15,2,包含,enhanced_extraction
20,45,是,enhanced_extraction
22,45,是,enhanced_extraction
7,57,依据,enhanced_extraction
12,4,是,enhanced_extraction
20,55,是,enhanced_extraction
7,23,是,enhanced_extraction
4,44,针对,enhanced_extraction
15,2,等同于,enhanced_extraction
55,23,依据,enhanced_extraction
4,37,涉及行为,enhanced_extraction
2,4,权力类型,enhanced_extraction
4,2,类型,enhanced_extraction
30,4,执行,enhanced_extraction
4,86,依据,enhanced_extraction
12,4,是,enhanced_extraction
4,84,包括,enhanced_extraction
15,2,是,enhanced_extraction
20,21,是,enhanced_extraction
22,21,是,enhanced_extraction
4,2,类型,enhanced_extraction
84,25,类型,enhanced_extraction
2,15,类型,enhanced_extraction
21,87,类型,enhanced_extraction
108,77,类型,enhanced_extraction
21,95,既是行驶主体也是承办机构,enhanced_extraction
21,57,依据,enhanced_extraction
84,4,是,enhanced_extraction
21,57,补充依据,enhanced_extraction
12,157,是,enhanced_extraction
15,2,是,enhanced_extraction
20,152,是,enhanced_extraction
22,41,是,enhanced_extraction
7,3,是,enhanced_extraction
9,237,是,enhanced_extraction
41,238,是,enhanced_extraction
4,69,涉及内容,enhanced_extraction
2,4,权力类型,enhanced_extraction
47,4,行驶主体,enhanced_extraction
47,4,承办机构,enhanced_extraction
40,4,实施依据,enhanced_extraction
4,2,类型,enhanced_extraction
47,40,制定,enhanced_extraction
12,4,是,enhanced_extraction
15,91,是,enhanced_extraction
1,64,既是行驶主体也是承办机构,enhanced_extraction
4,84,涉及违规行为,enhanced_extraction
7,239,依据,enhanced_extraction
20,240,是,enhanced_extraction
22,1,是,enhanced_extraction
1,24,类型,enhanced_extraction
12,241,类型,enhanced_extraction
2,134,类型,enhanced_extraction
20,32,类型,enhanced_extraction
22,32,类型,enhanced_extraction
1,2,行使主体,enhanced_extraction
4,66,涉及事项,enhanced_extraction
47,2,执行主体,enhanced_extraction
4,2,是,enhanced_extraction
2,108,依据,enhanced_extraction
4,54,涉及问题,enhanced_extraction
2,15,属于,enhanced_extraction
47,2,执行,enhanced_extraction
38,47,提供依据,enhanced_extraction
4,2,类型,enhanced_extraction
54,4,问题,enhanced_extraction
2,15,类型,enhanced_extraction
38,4,用于,enhanced_extraction
4,59,基于,enhanced_extraction
4,2,类型,enhanced_extraction
59,35,类型,enhanced_extraction
41,32,类型,enhanced_extraction
70,34,类型,enhanced_extraction
4,2,权力类型,enhanced_extraction
4,70,实施依据,enhanced_extraction
2,4,权力类型,enhanced_extraction
48,2,行驶主体,enhanced_extraction
48,2,承办机构,enhanced_extraction
48,70,依据,enhanced_extraction
2,48,行使主体,enhanced_extraction
2,48,承办机构,enhanced_extraction
4,19,涉及事项,enhanced_extraction
1,4,行驶主体,enhanced_extraction
16,4,实施依据,enhanced_extraction
4,242,类型,enhanced_extraction
1,16,依据,enhanced_extraction
4,59,涉及内容,enhanced_extraction
15,2,类型,enhanced_extraction
20,48,是,enhanced_extraction
22,48,是,enhanced_extraction
7,70,依据,enhanced_extraction
48,4,执行机构,enhanced_extraction
4,70,依据,enhanced_extraction
12,4,是,enhanced_extraction
20,63,是,enhanced_extraction
22,63,是,enhanced_extraction
7,111,是,enhanced_extraction
4,80,涉及,enhanced_extraction
15,2,属于,enhanced_extraction
63,2,负责,enhanced_extraction
4,80,涉及问题,enhanced_extraction
20,9,是,enhanced_extraction
22,9,是,enhanced_extraction
80,243,问题描述,enhanced_extraction
9,4,执行,enhanced_extraction
9,4,处理,enhanced_extraction
57,4,依据,enhanced_extraction
4,66,涉及事项,enhanced_extraction
2,4,权力类型,enhanced_extraction
47,4,行驶主体,enhanced_extraction
47,4,承办机构,enhanced_extraction
4,2,类型,enhanced_extraction
66,25,类型,enhanced_extraction
4,244,依据,enhanced_extraction
2,4,权力类型,enhanced_extraction
55,4,行驶主体,enhanced_extraction
55,4,承办机构,enhanced_extraction
67,4,违规行为,enhanced_extraction
4,2,权力类型,enhanced_extraction
55,4,执行,enhanced_extraction
4,38,实施依据,enhanced_extraction
4,53,涉及,enhanced_extraction
55,4,行使主体,enhanced_extraction
55,4,承办机构,enhanced_extraction
4,2,类型,enhanced_extraction
4,136,依据,enhanced_extraction
4,5,涉及事项,enhanced_extraction
2,4,权力类型,enhanced_extraction
55,4,行驶主体,enhanced_extraction
55,4,承办机构,enhanced_extraction
4,2,类型,enhanced_extraction
16,77,类型,enhanced_extraction
4,16,实施依据,enhanced_extraction
4,19,涉及事项,enhanced_extraction
2,4,权力类型,enhanced_extraction
45,2,行使主体,enhanced_extraction
45,2,行使了,enhanced_extraction
4,2,类型,enhanced_extraction
19,209,是,enhanced_extraction
20,55,是,enhanced_extraction
22,55,是,enhanced_extraction
7,86,是,enhanced_extraction
4,39,针对,enhanced_extraction
15,2,是,enhanced_extraction
55,20,负责,enhanced_extraction
55,22,负责,enhanced_extraction
4,79,包含行为,enhanced_extraction
15,2,是,enhanced_extraction
20,41,是,enhanced_extraction
22,41,是,enhanced_extraction
7,86,是,enhanced_extraction
4,2,类型,enhanced_extraction
79,35,类型,enhanced_extraction
2,15,类型,enhanced_extraction
41,42,类型,enhanced_extraction
86,77,类型,enhanced_extraction
41,4,行驶主体,enhanced_extraction
41,4,承办机构,enhanced_extraction
12,2,是,enhanced_extraction
20,30,是,enhanced_extraction
22,30,是,enhanced_extraction
7,86,是,enhanced_extraction
30,24,类型,enhanced_extraction
86,77,类型,enhanced_extraction
12,2,涉及,enhanced_extraction
20,22,等于,enhanced_extraction
7,86,依据,enhanced_extraction
4,86,基于,enhanced_extraction
45,4,执行,enhanced_extraction
4,161,涉及领域,enhanced_extraction
15,2,类型,enhanced_extraction
4,2,类型,enhanced_extraction
67,25,类型,enhanced_extraction
45,32,类型,enhanced_extraction
45,2,执行,enhanced_extraction
73,77,类型,enhanced_extraction
4,46,涉及事项,enhanced_extraction
41,3,依据,enhanced_extraction
4,2,类型,enhanced_extraction
46,4,类型,enhanced_extraction
41,42,类型,enhanced_extraction
3,43,类型,enhanced_extraction
93,43,类型,enhanced_extraction
41,41,既是行驶主体也是承办机构,enhanced_extraction
4,14,包含,enhanced_extraction
15,2,是,enhanced_extraction
4,2,类型,enhanced_extraction
15,2,类型,enhanced_extraction
2,15,类型,enhanced_extraction
20,21,类型,enhanced_extraction
22,21,类型,enhanced_extraction
7,77,类型,enhanced_extraction
21,4,执行,enhanced_extraction
7,245,依据,enhanced_extraction
4,44,涉及内容,enhanced_extraction
15,2,类型,enhanced_extraction
20,21,为,enhanced_extraction
22,21,为,enhanced_extraction
7,16,来自,enhanced_extraction
4,2,类型,enhanced_extraction
21,32,类型,enhanced_extraction
132,77,类型,enhanced_extraction
44,100,类型,enhanced_extraction
15,26,类型,enhanced_extraction
2,15,类型,enhanced_extraction
20,26,类型,enhanced_extraction
22,32,类型,enhanced_extraction
7,104,类型,enhanced_extraction
4,59,基于,enhanced_extraction
15,2,是,enhanced_extraction
7,23,是,enhanced_extraction
9,4,行驶主体,enhanced_extraction
9,4,承办机构,enhanced_extraction
4,23,实施依据,enhanced_extraction
4,84,包括,enhanced_extraction
15,2,是,enhanced_extraction
7,23,是,enhanced_extraction
47,64,既是行驶主体又是承办机构,enhanced_extraction
47,2,行使权力类型,enhanced_extraction
47,23,实施依据,enhanced_extraction
41,4,行驶主体,enhanced_extraction
41,4,承办机构,enhanced_extraction
4,2,是,enhanced_extraction
9,2,行驶主体,enhanced_extraction
2,111,实施依据,enhanced_extraction
80,4,涉及问题,enhanced_extraction
4,2,类型,enhanced_extraction
111,2,实施依据,enhanced_extraction
2,4,权力类型,enhanced_extraction
70,4,实施依据,enhanced_extraction
4,2,类型,enhanced_extraction
58,25,类型,enhanced_extraction
2,15,类型,enhanced_extraction
70,34,类型,enhanced_extraction
2,70,实施依据,enhanced_extraction
4,127,涉及事项,enhanced_extraction
30,30,行驶主体,enhanced_extraction
30,30,承办机构,enhanced_extraction
4,2,类型,enhanced_extraction
127,25,类型,enhanced_extraction
2,15,类型,enhanced_extraction
30,4,执行,enhanced_extraction
30,38,实施依据,enhanced_extraction
47,47,承办机构,enhanced_extraction
47,4,负责,enhanced_extraction
4,40,依据,enhanced_extraction
12,98,是,enhanced_extraction
15,2,是,enhanced_extraction
20,99,是,enhanced_extraction
22,21,是,enhanced_extraction
7,111,是,enhanced_extraction
1,98,行驶主体,enhanced_extraction
21,98,承办机构,enhanced_extraction
1,2,行驶主体,enhanced_extraction
4,51,涉及内容,enhanced_extraction
2,4,权力类型,enhanced_extraction
41,4,行驶主体,enhanced_extraction
41,4,承办机构,enhanced_extraction
4,2,类型,enhanced_extraction
41,4,实施主体,enhanced_extraction
4,16,依据,enhanced_extraction
30,2,行使权力,enhanced_extraction
30,20,是,enhanced_extraction
30,22,等同于,enhanced_extraction
30,22,是,enhanced_extraction
30,60,是,enhanced_extraction
12,4,是,enhanced_extraction
4,31,涉及,enhanced_extraction
15,2,是,enhanced_extraction
20,85,是,enhanced_extraction
22,47,是,enhanced_extraction
47,4,行驶主体,enhanced_extraction
4,16,依据,enhanced_extraction
71,246,涉及事项,enhanced_extraction
55,2,行驶主体,enhanced_extraction
55,2,承办机构,enhanced_extraction
2,6,依据,enhanced_extraction
55,2,执行,enhanced_extraction
4,31,涉及,enhanced_extraction
15,2,是,enhanced_extraction
7,76,是,enhanced_extraction
55,4,行驶主体,enhanced_extraction
55,4,承办机构,enhanced_extraction
55,117,具有,enhanced_extraction
4,83,涉及事项,enhanced_extraction
2,4,权力类型,enhanced_extraction
30,4,行驶主体,enhanced_extraction
30,4,承办机构,enhanced_extraction
111,4,实施依据,enhanced_extraction
50,4,补充依据,enhanced_extraction
4,2,类型,enhanced_extraction
30,4,行使主体,enhanced_extraction
50,111,补充依据,enhanced_extraction
15,2,是,enhanced_extraction
7,6,是,enhanced_extraction
1,143,监管,enhanced_extraction
55,247,负责,enhanced_extraction
1,99,监管,enhanced_extraction
4,80,包含原因,enhanced_extraction
7,86,是,enhanced_extraction
63,63,行驶主体,enhanced_extraction
63,63,承办机构,enhanced_extraction
63,117,具有,enhanced_extraction
15,2,类型,enhanced_extraction
4,83,涉及事项,enhanced_extraction
2,2,权力类型,enhanced_extraction
45,2,行使主体,enhanced_extraction
132,4,实施依据,enhanced_extraction
4,5,涉及事项,enhanced_extraction
2,49,实施依据,enhanced_extraction
4,49,实施依据,enhanced_extraction
63,2,执行者,enhanced_extraction
4,97,涉及方面,enhanced_extraction
15,2,类型,enhanced_extraction
55,76,实施依据,enhanced_extraction
4,2,类型,enhanced_extraction
114,114,类型,enhanced_extraction
2,2,类型,enhanced_extraction
4,106,包含,enhanced_extraction
15,2,是,enhanced_extraction
20,48,是,enhanced_extraction
22,48,是,enhanced_extraction
48,4,行使权力,enhanced_extraction
38,4,作为依据,enhanced_extraction
4,69,涉及内容,enhanced_extraction
30,4,行驶主体,enhanced_extraction
30,4,承办机构,enhanced_extraction
4,2,属于,enhanced_extraction
8,4,实施依据,enhanced_extraction
30,4,执行,enhanced_extraction
4,19,包含,enhanced_extraction
15,2,是,enhanced_extraction
7,3,是,enhanced_extraction
4,12,包含,enhanced_extraction
9,3,实施依据,enhanced_extraction
4,14,包含,enhanced_extraction
15,2,是,enhanced_extraction
7,16,是,enhanced_extraction
4,2,类型,enhanced_extraction
9,24,类型,enhanced_extraction
132,77,类型,enhanced_extraction
14,35,类型,enhanced_extraction
15,82,类型,enhanced_extraction
2,15,类型,enhanced_extraction
20,42,类型,enhanced_extraction
22,42,类型,enhanced_extraction
7,77,类型,enhanced_extraction
9,4,行驶主体,enhanced_extraction
9,4,承办机构,enhanced_extraction
16,4,实施依据,enhanced_extraction
9,4,行驶主体和承办机构,enhanced_extraction
2,4,类型,enhanced_extraction
41,2,行使,enhanced_extraction
73,2,依据,enhanced_extraction
41,2,执行,enhanced_extraction
9,4,行驶主体,enhanced_extraction
9,4,承办机构,enhanced_extraction
67,4,导致,enhanced_extraction
4,2,是,enhanced_extraction
9,4,实施,enhanced_extraction
4,52,依据,enhanced_extraction
4,80,包含,enhanced_extraction
15,2,是,enhanced_extraction
7,40,是,enhanced_extraction
4,2,类型,enhanced_extraction
80,25,类型,enhanced_extraction
41,87,类型,enhanced_extraction
40,34,类型,enhanced_extraction
41,40,依据,enhanced_extraction
20,48,是,enhanced_extraction
48,2,行使,enhanced_extraction
48,6,依据,enhanced_extraction
156,69,针对,enhanced_extraction
15,2,是,enhanced_extraction
20,1,是,enhanced_extraction
22,1,是,enhanced_extraction
7,6,是,enhanced_extraction
156,2,类型,enhanced_extraction
69,25,类型,enhanced_extraction
2,15,类型,enhanced_extraction
1,42,类型,enhanced_extraction
6,43,类型,enhanced_extraction
1,156,行驶主体,enhanced_extraction
1,156,承办机构,enhanced_extraction
15,2,是,enhanced_extraction
20,63,是,enhanced_extraction
22,63,是,enhanced_extraction
63,4,执行,enhanced_extraction
4,79,涉及行为,enhanced_extraction
2,30,执行主体,enhanced_extraction
30,2,行使权力,enhanced_extraction
30,22,负责,enhanced_extraction
30,187,"既是行使权力的主体, 也是承办机构",enhanced_extraction
2,52,依据,enhanced_extraction
4,79,包含行为,enhanced_extraction
15,2,是,enhanced_extraction
7,3,是,enhanced_extraction
4,2,类型,enhanced_extraction
79,35,类型,enhanced_extraction
2,15,类型,enhanced_extraction
41,42,类型,enhanced_extraction
3,43,类型,enhanced_extraction
41,4,行驶主体,enhanced_extraction
41,4,承办机构,enhanced_extraction
4,127,涉及,enhanced_extraction
55,20,是,enhanced_extraction
55,22,是,enhanced_extraction
55,4,执行,enhanced_extraction
12,4,是,enhanced_extraction
4,39,包含,enhanced_extraction
15,2,包含,enhanced_extraction
20,45,包含,enhanced_extraction
7,38,包含,enhanced_extraction
12,4,定义,enhanced_extraction
12,4,是,enhanced_extraction
4,53,包含,enhanced_extraction
15,2,是,enhanced_extraction
20,47,是,enhanced_extraction
22,47,是,enhanced_extraction
7,23,是,enhanced_extraction
4,2,类型,enhanced_extraction
47,32,类型,enhanced_extraction
23,43,类型,enhanced_extraction
12,62,类型,enhanced_extraction
53,100,类型,enhanced_extraction
15,26,类型,enhanced_extraction
2,27,类型,enhanced_extraction
20,248,类型,enhanced_extraction
22,248,类型,enhanced_extraction
7,43,类型,enhanced_extraction
15,2,是,enhanced_extraction
20,48,是,enhanced_extraction
22,48,是,enhanced_extraction
7,23,是,enhanced_extraction
4,2,类型,enhanced_extraction
65,4,是,enhanced_extraction
48,2,行使,enhanced_extraction
48,2,承办,enhanced_extraction
7,23,依据,enhanced_extraction
152,2,行使权力,enhanced_extraction
63,2,执行,enhanced_extraction
4,105,涉及事项,enhanced_extraction
55,4,行驶主体,enhanced_extraction
55,4,承办机构,enhanced_extraction
4,2,类型,enhanced_extraction
68,170,类型,enhanced_extraction
55,4,实施,enhanced_extraction
55,40,依据,enhanced_extraction
4,39,包含,enhanced_extraction
15,2,是,enhanced_extraction
20,1,是,enhanced_extraction
22,1,是,enhanced_extraction
7,3,是,enhanced_extraction
1,4,执行,enhanced_extraction
1,3,依据,enhanced_extraction
4,106,包含,enhanced_extraction
20,21,是,enhanced_extraction
7,86,是,enhanced_extraction
15,2,等同于,enhanced_extraction
21,86,执行,enhanced_extraction
2,4,权力类型,enhanced_extraction
1,2,行驶主体,enhanced_extraction
1,2,承办机构,enhanced_extraction
73,2,实施依据,enhanced_extraction
1,2,行使权力,enhanced_extraction
37,4,是行为,enhanced_extraction
4,105,涉及事项,enhanced_extraction
2,4,权力类型,enhanced_extraction
21,4,行驶主体,enhanced_extraction
21,4,承办机构,enhanced_extraction
4,40,依据,enhanced_extraction
4,2,类型,enhanced_extraction
21,4,执行,enhanced_extraction
40,170,类型,enhanced_extraction
