id,name,node_type
1,市公安局,Unknown
2,消防支队,Unknown
3,大队,Unknown
4,《中华人民共和国消防法》,Unknown
5,处罚,Unknown
6,电器产品,Unknown
7,消防技术标准和管理规定,Unknown
8,燃气用具,Unknown
9,责令限期改正,Unknown
10,电器产品、燃气用具的安装、使用及其线路、管路的设计、敷设、维护保养、检测不符合消防技术标准和管理规定,Unknown
11,责令停止使用,Unknown
12,可以并处一千元以上五千元以下罚款,Unknown
13,营业性演出广告的内容,Unknown
14,行政处罚,Unknown
15,工商行政管理部门,Unknown
16,西安市市场监督管理局,Unknown
17,对营业性演出广告的内容误导、欺骗公众或者含有其他违法内容行为的行政处罚,Unknown
18,《营业性演出管理条例》,Unknown
19,擅自停用、拆除消防设施、器材,Unknown
20,《中华人民共和国消防法》第六十条,Unknown
21,对擅自停用、拆除消防设施、器材的处罚,Unknown
22,消防设施、器材或者消防安全标志的配置、设置不符合国家标准、行业标准，或者未保持完好有效,Unknown
23,损坏、挪用或者擅自拆除、停用消防设施、器材,Unknown
24,占用、堵塞、封闭疏散通道、安全出口或者有其他妨碍安全疏散行为,Unknown
25,埋压、圈占、遮挡消火栓或者占用防火间距,Unknown
26,占用、堵塞、封闭消防车通道，妨碍消防车通行,Unknown
27,人员密集场所在门窗上设置影响逃生和灭火救援的障碍物,Unknown
28,火灾隐患经公安机关消防机构通知后不及时采取措施消除,Unknown
29,文物保护单位,Unknown
30,原址保护措施,Unknown
31,建设单位,Unknown
32,保护措施,Unknown
33,文物保护单位的级别,Unknown
34,相应的文物行政部门,Unknown
35,未经批准,Unknown
36,开工建设,Unknown
37,省、自治区、直辖市人民政府,Unknown
38,无法实施原址保护,Unknown
39,国务院文物行政部门,Unknown
40,全国重点文物保护单位,Unknown
41,拆除,Unknown
42,国务院,Unknown
43,具有收藏价值的壁画、雕塑、建筑构件等,Unknown
44,文物行政部门指定的文物收藏单位收藏,Unknown
45,原址保护、迁移、拆除所需费用,Unknown
46,建设工程预算,Unknown
47,西安市自然资源和规划局,Unknown
48,服务事项,Unknown
49,西安市自然资源和规划执法监察队,Unknown
50,未经批准或者采取欺骗手段骗取批准,Unknown
51,非法占用土地,Unknown
52,县级以上人民政府自然资源主管部门,Unknown
53,责令退还非法占用的土地,Unknown
54,没收在非法占用的土地上新建的建筑物和其他设施,Unknown
55,可以并处罚款,Unknown
56,依法给予处分,Unknown
57,追究刑事责任,Unknown
58,违反土地利用总体规划擅自将农用地改为建设用地,Unknown
59,违反本条例规定,Unknown
60,在国土空间规划确定的禁止开垦的范围内从事土地开发活动,Unknown
61,特种设备安全管理人员,Unknown
62,岗位职责,Unknown
63,操作规程,Unknown
64,有关安全规章制度,Unknown
65,事故,Unknown
66,检测人员,Unknown
67,作业人员,Unknown
68,行政处罚权力,Unknown
69,《中华人民共和国特种设备安全法》第九十二条,Unknown
70,相关人员资格,Unknown
71,药品零售企业经营许可,Unknown
72,行政许可,Unknown
73,行政审批处,Unknown
74,中华人民共和国药品管理法,Unknown
75,中华人民共和国药品管理法实施条例,Unknown
76,设区的市级药品监督管理机构或者省、自治区直辖市人民政府药品监督管理部门直接设置的县级药品监督管理机构,Unknown
77,原审批机构,Unknown
78,国务院药品监督管理部门的规定,Unknown
79,审查药品零售企业经营许可,Unknown
80,《药品管理法》第十五条规定的开办条件,Unknown
81,验收药品零售企业经营许可,Unknown
82,当地常住人口数量、地域、交通状况和实际需要,Unknown
83,对违规举办大型活动的处罚,Unknown
84,权力类型,Unknown
85,行驶主体,Unknown
86,承办机构,Unknown
87,治安局,Unknown
88,实施依据,Unknown
89,《中华人民共和国治安管理处罚法》,Unknown
90,西安市生态环境局,Unknown
91,市生态环境保护综合执法支队,Unknown
92,县（区）生态环境保护综合执法大队,Unknown
93,生态环境主管部门,Unknown
94,噪声敏感建筑物集中区域,Unknown
95,工业企业的,Unknown
96,在噪声敏感建筑物集中区域新建排放噪声,Unknown
97,工业企业,Unknown
98,在噪声敏感建筑物集中区域改建、扩建,Unknown
99,中华人民共和国噪声污染防治法,Unknown
100,停止违法行为,Unknown
101,违反本法规定，在噪声敏感建筑物集中区域新建排放噪声的工业企业的,Unknown
102,处十万元以上五十万元以下的罚款,Unknown
103,责令关闭,Unknown
104,改正,Unknown
105,违反本法规定，在噪声敏感建筑物集中区域改建、扩建工业企业，未采取有效措施防止工业噪声污染的,Unknown
106,国有建设用地使用权首次登记,Unknown
107,行政确认,Unknown
108,西安市不动产登记服务中心,Unknown
109,中华人民共和国民法典,Unknown
110,不动产登记暂行条例实施细则,Unknown
111,国有建设用地使用权登记,Unknown
112,不动产权属证书或者土地权属来源材料,Unknown
113,建设工程符合规划的材料,Unknown
114,房屋已经竣工的材料,Unknown
115,房地产调查或者测绘报告,Unknown
116,相关税费缴纳凭证,Unknown
117,其他必要材料,Unknown
118,西安市卫生健康委员会,Unknown
119,对非医师行医的处罚,Unknown
120,综合监督处,Unknown
121,中华人民共和国医师法,Unknown
122,院前医疗急救管理办法,Unknown
123,执业医师法,Unknown
124,医疗机构管理条例,Unknown
125,护士条例,Unknown
126,台湾地区医师在大陆短期行医管理规定,Unknown
127,卫生部令第63号,Unknown
128,港澳医师在内地短期行医管理规定,Unknown
129,卫生部令第62号,Unknown
130,因建设需要必须拆迁、改建、封闭环境卫生设施的审批,Unknown
131,西安市城市管理和综合执法局,Unknown
132,西安市水务局,Unknown
133,西安市水利水土保持工作总站,Unknown
134,中华人民共和国水土保持法,Unknown
135,2010,Unknown
136,违反,Unknown
137,拒不缴纳水土保持补偿费,Unknown
138,县级以上人民政府水行政主管部门,Unknown
139,限期缴纳,Unknown
140,逾期不缴纳,Unknown
141,加收滞纳金,Unknown
142,滞纳之日起,Unknown
143,万分之五,Unknown
144,可以处,Unknown
145,应缴水土保持补偿费三倍以下,Unknown
146,施工单位,Unknown
147,因建设工程施工可能造成损害的综合管廊采取专项防护措施的地点,Unknown
148,西安市住房和城乡建设局,Unknown
149,执法监察队,Unknown
150,审批市环境局决定,Unknown
151,某镇环保站,Unknown
152,市容秩序管理处,Unknown
153,《陕西省城市市容环境卫生条例》（2010修正）,Unknown
154,违反规定的处罚,Unknown
155,市应急管理局,Unknown
156,市应急管理综合执法支队,Unknown
157,危险化学品输送管道安全管理规定,Unknown
158,安全生产监督管理部门,Unknown
159,责令改正,Unknown
160,处以罚款,Unknown
161,管道单位,Unknown
162,及时、妥善处置,Unknown
163,处置方案,Unknown
164,金属非金属露天矿山未按有关国家标准或者行业标准对采场边坡、排土场边坡进行稳定性分析的行政处罚,Unknown
165,信息公开,Unknown
166,《国家矿山安全监察局关于印发〈金属非金属矿山重大事故隐患判定标准〉的通知》（矿安〔2022〕88 号）,Unknown
167,《中华人民共和国安全生产法》,Unknown
168,生产经营单位未采取措施消除事故隐患的,Unknown
169,对开展募捐活动有通过虚构事实等方式欺骗、诱导募捐对象实施捐赠的,Unknown
170,向单位或者个人摊派或者变相摊派的,Unknown
171,妨碍公共秩序、企业生产经营或者居民生活的,Unknown
172,与不具有公开募捐资格的组织或者个人合作，违反《中华人民共和国慈善法》第二十六条规定的,Unknown
173,通过互联网开展公开募捐，违反《中华人民共和国慈善法》第二十七条规定的,Unknown
174,为应对重大突发事件开展公开募捐，不及时分配、使用募得款物,Unknown
175,不具有公开募捐资格的组织或者个人擅自开展公开募捐的处罚,Unknown
176,西安市民政局,Unknown
177,社会组织管理局,Unknown
178,市贸促会,Unknown
179,签发ATA单证册,Unknown
180,《中华人民共和国海关暂时进出境货物管理办法》,Unknown
181,《西安市机构编制委员会关于印发中国国际贸易促进委员会西安市分会主要职责内设机构和人员编制规定的通知》,Unknown
182,中国国际贸易促进委员会,Unknown
183,ATA单证册,Unknown
184,所签发单证册的中文电子文本,Unknown
185,确认ATA单证册的真伪,Unknown
186,承担相关税费、罚款,Unknown
187,法律事务部,Unknown
188,暂准进口货物海关单证册(ATA,Unknown
189,中国国际贸易促进委员会西安市分会,Unknown
190,冒领,Unknown
191,隐匿,Unknown
192,毁弃,Unknown
193,私自开拆,Unknown
194,非法检查,Unknown
195,第四十八条,Unknown
196,水利工程项目法人,Unknown
197,水利水电施工企业,Unknown
198,水利工程管理单位,Unknown
199,农村水电站,Unknown
200,建设与运行管理处,Unknown
201,《西安市散装水泥管理条例》,Unknown
202,2021年,Unknown
203,建设单位或者施工单位,Unknown
204,使用袋装水泥,Unknown
205,住房建设行政主管部门,Unknown
206,罚款金额,Unknown
207,一万元以上五万元以下,Unknown
208,一般污染水源行为的代履行,Unknown
209,行政强制,Unknown
210,《西安市城市饮用水源污染防治管理条例》,Unknown
211,禁止行为,Unknown
212,城市饮用水地下水源二级保护区内,Unknown
213,城市饮用水地表水源准保护区内,Unknown
214,责令停止违法行为,Unknown
215,环境保护行政管理部门,Unknown
216,限期采取治理措施,Unknown
217,消除污染,Unknown
218,处二万元以上二十万元以下罚款,Unknown
219,指定有治理能力的单位代为治理,Unknown
220,所需费用,Unknown
221,违法者承担,Unknown
222,排水户,Unknown
223,污水排入排水管网许可证,Unknown
224,已撤销的部门,Unknown
225,旅行社委派的导游人员和领队人员,Unknown
226,国家规定的导游证或者不具备领队条件,Unknown
227,旅游行政管理部门,Unknown
228,旅行社,Unknown
229,"旅行社,处以罚款",Unknown
230,罚款,Unknown
231,2万元以上10万元以下,Unknown
232,西安市文化市场综合执法支队,Unknown
233,市级,Unknown
234,《旅行社条例》,Unknown
235,2009年2月国务院令第550号,Unknown
236,2020年11月国务院令第732号,Unknown
237,西安市互联网信息办公室,Unknown
238,网络综合协调管理和执法督查处,Unknown
239,中华人民共和国数据安全法,Unknown
240,有关主管部门,Unknown
241,违反本法第三十六条规定的组织或个人,Unknown
242,十万元以上一百万元以下罚款,Unknown
243,一万元以上十万元以下罚款,Unknown
244,直接负责的主管人员和其他直接责任人员,Unknown
245,五万元以上五十万元以下罚款,Unknown
246,中华人民共和国主管机关,Unknown
247,有关法律和中华人民共和国缔结或者参加的国际条约、协定,Unknown
248,平等互惠原则,Unknown
249,境内的组织、个人,Unknown
250,向外国司法或者执法机构提供存储于中华人民共和国境内的数据,Unknown
251,综合执法支队,Unknown
252,《特种设备安全监察条例》,Unknown
253,特种设备检验检测机构和检验检测人员,Unknown
254,特种设备安全监督管理部门,Unknown
255,取得法律职业资格人员档案的管理,Unknown
256,其他权力类型,Unknown
257,西安市司法局,Unknown
258,律师工作处,Unknown
259,《法律职业资格管理办法》,Unknown
260,司法部公布,Unknown
261,2021年1月1日起施行,Unknown
262,对定点医药机构使用医疗保障基金（医疗救助基金）行为的监督检查,Unknown
263,行政检查,Unknown
264,西安市医疗保障局,Unknown
265,西安市医疗保障局法规与监督处,Unknown
266,《医疗保障基金使用监督管理条例》,Unknown
267,国务院医疗保障行政部门,Unknown
268,全国的医疗保障基金使用监督管理工作,Unknown
269,国务院其他有关部门,Unknown
270,有关的医疗保障基金使用监督管理工作,Unknown
271,县级以上地方人民政府医疗保障行政部门,Unknown
272,本行政区域的医疗保障基金使用监督管理工作,Unknown
273,县级以上地方人民政府其他有关部门,Unknown
274,未经批准擅自取水,Unknown
275,未依照批准的取水许可规定条件取水行为的行政处罚,Unknown
276,水政水资源管理处,Unknown
277,执法监督处,Unknown
278,矿山,Unknown
279,不按照开采设计,Unknown
280,矿山企业,Unknown
281,资源破坏损失,Unknown
282,地质矿产主管部门,Unknown
283,限期改正,Unknown
284,相当于矿石损失50％以下的罚款,Unknown
285,停产整顿,Unknown
286,采矿许可证,Unknown
287,已注销企业,Unknown
288,矿产资源保护监督管理处,Unknown
289,矿产资源监督管理暂行办法,Unknown
290,《矿产资源监督管理暂行办法》,Unknown
291,矿山的开拓,Unknown
292,开采设计,Unknown
293,矿山的采,Unknown
294,矿山的采矿工程,Unknown
295,第十三条,Unknown
296,第十四条,Unknown
297,第十七条,Unknown
298,第十九条,Unknown
299,第二十一条,Unknown
300,《网络交易监督管理办法》,Unknown
301,国家市场监督管理总局令第37号,Unknown
302,2021.05.01,Unknown
303,《中华人民共和国电子商务法》,Unknown
304,第七十七条,Unknown
305,网络交易经营者,Unknown
306,第十八条第一款,Unknown
307,显著方式提醒消费者注意,Unknown
308,不得将搭售商品或者服务的任何选项设定为消费者默认同意,Unknown
309,不得将消费者以往交易中选择的选项在后续独立交易中设定为消费者默认选择,Unknown
310,提供搜索结果,Unknown
311,搭售商品、服务,Unknown
312,市场监督管理部门,Unknown
313,没收违法所得,Unknown
314,可以并处五万元以上二十万元以下的罚款,Unknown
315,"情节严重的,并处二十万元以上五十万元以下的罚款",Unknown
316,《中华人民共和国认证认可条例》,Unknown
317,境外认证机构,Unknown
318,取缔,Unknown
319,经登记设立的境外认证机构代表机构,Unknown
320,撤销批准文件,Unknown
321,人民防空工程,Unknown
322,兼顾人民防空需要的地下工程,Unknown
323,西安市国防动员办公室,Unknown
324,某不存在的机构,Unknown
325,陕西省实施〈中华人民共和国人民防空法办法〉,Unknown
326,人民防空主管部门,Unknown
327,防空地下室的质量监督和竣工验收,Unknown
328,人民防空工程的档案,Unknown
329,人民防空主管部门备案,Unknown
330,人民防空工程竣工验收,Unknown
331,备案制度,Unknown
332,人民防空工程建设单位,Unknown
333,将工程竣工验收报告和接受委托的工程质量监督机构及有关部门出具的认可文件报人民防空主管部门备案,Unknown
334,客运经营者,Unknown
335,不具备安全生产条件,Unknown
336,客运站经营者,Unknown
337,交通运输主管部门,Unknown
338,相应许可,Unknown
339,放射性物品道路运输企业或者单位,Unknown
340,许可要求的有关安全条件,Unknown
341,停产停业整顿,Unknown
342,相关许可证件,Unknown
343,西安市交通运输局,Unknown
344,西安市交通运输综合执法支队,Unknown
345,道路旅客运输及客运站管理规定,Unknown
346,第一百条,Unknown
347,放射性物品道路运输管理规定,Unknown
348,第四十三条,Unknown
349,中华人民共和国安全生产法,Unknown
350,规定,Unknown
351,消防设施维护保养检测机构,Unknown
352,本规定,Unknown
353,国家标准,Unknown
354,行业标准,Unknown
355,处一万元以上三万元以下罚款,Unknown
356,处五千元以下罚款,Unknown
357,消防技术服务信息,Unknown
358,经其维修、保养的消防设施所在建筑的醒目位置,Unknown
359,灭火器上,Unknown
360,公开募捐方案备案,Unknown
361,慈善事业促进处,Unknown
362,《中华人民共和国慈善法》,Unknown
363,募捐方案,Unknown
364,募捐目的,Unknown
365,起止时间和地域,Unknown
366,活动负责人姓名和办公地址,Unknown
367,接受捐赠方式,Unknown
368,银行账户,Unknown
369,受益人,Unknown
370,募得款物用途,Unknown
371,募捐成本,Unknown
372,剩余财产的处理,Unknown
373,慈善组织登记的民政部门备案,Unknown
374,黄河干流,Unknown
375,重要支流,Unknown
376,水政水资源管理处（执法监督处）,Unknown
377,《中华人民共和国黄河保护法》第一百一十一条,Unknown
378,《陕西省价格条例》,Unknown
379,第五十七条,Unknown
380,行业组织,Unknown
381,第十七条第二款第三项,Unknown
382,水利工程质量检测人员,Unknown
383,质量检测活动,Unknown
384,1千元以下罚款,Unknown
385,检测数据,Unknown
386,伪造数据,Unknown
387,法律,Unknown
388,法规,Unknown
389,强制性标准,Unknown
390,《水利工程质量检测管理规定》,Unknown
391,水利部,Unknown
392,2019年,Unknown
393,《工贸企业重大事故隐患判定标准》,Unknown
394,会议室,Unknown
395,重大事故隐患,Unknown
396,活动室,Unknown
397,休息室,Unknown
398,操作室,Unknown
399,交接班室,Unknown
400,更衣室,Unknown
401,澡堂,Unknown
402,熔融金属吊运跨的地坪区域,Unknown
403,人员聚集场所,Unknown
404,对污染物扔掉方式或者扔掉去向不符合排污许可证规定的行政处罚,Unknown
405,《排污许可管理条例》,Unknown
406,国务院令第736号公布,Unknown
407,2021年施行,Unknown
408,生态环境主管部门责令改正,Unknown
409,2万元以上20万元以下,Unknown
410,拒不改正,Unknown
411,责令停产整治,Unknown
412,对渔业的监督检查,Unknown
413,西安市农业农村局,Unknown
414,市乡村振兴局,Unknown
415,市农业综合执法支队,Unknown
416,渔业船舶船员证书核发,Unknown
417,无,Unknown
418,西安市农业农村局（市乡村振兴局）,Unknown
419,渔业渔政处,Unknown
420,违反治安管理行为人接受调查的传唤、强制传唤,Unknown
421,各业务部门,Unknown
422,销售者,Unknown
423,食用农产品进货查验记录制度,Unknown
424,进货凭证,Unknown
425,采购,Unknown
426,相关证明文件,Unknown
427,销售,Unknown
428,食用农产品销售企业,Unknown
429,食用农产品销售记录制度,Unknown
430,对网络交易平台经营者对平台内经营者在平台内的交易、交易价格以及与其他经营者的交易等进行不合理限制或者附加不合理条件，干涉平台内经营者的自主经营的行政处罚,Unknown
431,市场主体登记备案事项,Unknown
432,监督检查,Unknown
433,公示信息情况,Unknown
434,市场秩序监管处,Unknown
435,信用监管处,Unknown
436,中华人民共和国市场主体登记管理条例实施细则,Unknown
437,登记机关,Unknown
438,检查对象,Unknown
439,执法检查人员,Unknown
440,市场主体的登记备案事项,Unknown
441,抽查,Unknown
442,市场主体的公示信息情况,Unknown
443,抽查检查结果,Unknown
444,国家企业信用信息公示系统,Unknown
445,会计师事务所,Unknown
446,审计,Unknown
447,税务师事务所,Unknown
448,验资,Unknown
449,律师事务所,Unknown
450,咨询,Unknown
451,其他政府部门,Unknown
452,检查结果,Unknown
453,专业机构,Unknown
454,核查结果,Unknown
455,专业结论,Unknown
456,对选育林木良种成绩显著的单位或者个人的奖励,Unknown
457,行政奖励,Unknown
458,审批县政府决定,Unknown
459,某村委会,Unknown
460,《中华人民共和国道路交通安全法》,Unknown
461,吊销机动车驾驶证,Unknown
462,拘留,Unknown
463,宾馆、洗浴、美容美发等经营场所,Unknown
464,《陕西省艾滋病防治条例》,Unknown
465,2017年13月,Unknown
466,《陕西省艾滋病防治条例》第六十三条,Unknown
467,经营场所的经营者,Unknown
468,第三十六条,Unknown
469,旅游合同约定,Unknown
470,旅游者合法权益受到损害,Unknown
471,必要的补救措施行为,Unknown
472,列入目录的产品,Unknown
473,擅自出厂,Unknown
474,擅自销售,Unknown
475,擅自进口,Unknown
476,在其他经营活动中使用,Unknown
477,中华人民共和国认证认可条例,Unknown
478,处5万元以上20万元以下的罚款,Unknown
479,《中华人民共和国测绘法》,Unknown
480,2017年,Unknown
481,未取得测绘执业资格擅自从事测绘活动,Unknown
482,没收违法所得和测绘成果,Unknown
483,对其所在单位可以处违法所得二倍以下的罚款,Unknown
484,没收测绘工具,Unknown
485,"造成损失的,依法承担赔偿责任",Unknown
486,颁发测绘资质证书的部门,Unknown
487,降低测绘资质等级,Unknown
488,暂扣测绘资质证书,Unknown
489,吊销测绘资质证书,Unknown
490,县级以上人民政府测绘地理信息主管部门,Unknown
491,其他行政处罚,Unknown
492,化工和危险化学品企业,Unknown
493,可燃和有毒有害气体泄漏的场所,Unknown
494,检测报警装置,Unknown
495,爆炸危险场所,Unknown
496,防爆电气设备,Unknown
497,未成立的办公室,Unknown
498,承办机构职责,Unknown
499,国家安全监管总局,Unknown
500,通知,Unknown
501,化工和危险化学品类,Unknown
502,直接负责的主管人员,Unknown
503,直接责任人员,Unknown
504,安全生产法,Unknown
505,生产经营单位,Unknown
506,对在托幼机构卫生保健工作中做出显著成绩的单位和个人的表彰奖励,Unknown
507,妇幼健康处,Unknown
508,《托儿所幼儿园卫生保健管理办法》,Unknown
509,被抽样产品,Unknown
510,严重质量问题,Unknown
511,被抽样生产者,Unknown
512,拒绝或者不配合依法进行的监督抽查,Unknown
513,认定复查合格而恢复生产、销售同一产品,Unknown
514,样品,Unknown
515,县级市场监督管理部门,Unknown
516,被抽样生产者、销售者,Unknown
517,三万元以下罚款,Unknown
518,涉嫌构成犯罪的被抽样生产者、销售者,Unknown
519,对互联网上网服务营业场所经营单位制作、下载、复制、查阅、发布、传播或者以其他方式使用违法信息的处罚,Unknown
520,网络安全保卫支队,Unknown
521,查封,Unknown
522,扣押,Unknown
523,违法生产,Unknown
524,违法经营,Unknown
525,违法使用,Unknown
526,工具,Unknown
527,设备,Unknown
528,原材料,Unknown
529,场所,Unknown
530,《农药管理条例》,Unknown
531,应急管理部门,Unknown
532,其他负有安全生产监督管理职责的部门,Unknown
533,主管的负有安全生产监督管理职责的部门,Unknown
534,负有安全生产监督管理职责的部门,Unknown
535,县级以上人民政府,Unknown
536,公安机关,Unknown
537,"治安管理处罚的规定决定,行政处罚",Unknown
538,医疗机构,Unknown
539,重大医疗纠纷事件应急处置预案,Unknown
540,混乱,Unknown
541,医患沟通机制,Unknown
542,投诉并反馈患者,Unknown
543,当地公安机关报告,Unknown
544,违背或者夸大事实、渲染事件处理过程的信息,Unknown
545,县级以上地方卫生健康主管部门,Unknown
546,限期整改,Unknown
547,警告,Unknown
548,一万元以下罚款,Unknown
549,一万元以上三万元以下罚款,Unknown
550,处分,Unknown
551,权力,Unknown
552,医政医管处,Unknown
553,医疗机构投诉管理办法第四十四条,Unknown
554,《中华人民共和国网络安全法》,Unknown
555,网络运营者,Unknown
556,第六十九条,Unknown
557,一万元至十万元以下罚款,Unknown
558,西安市农业农村局(市乡村振兴局),Unknown
559,种质资源,Unknown
560,私自采集或者采伐国家重点保护的天然种质资源,Unknown
561,《中华人民共和国种子法》,Unknown
562,县级以上人民政府农业农村、林业草原主管部门,Unknown
563,违法行为,Unknown
564,违法所得,Unknown
565,五千元以上五万元以下,Unknown
566,依法承担赔偿责任,Unknown
567,任何单位和个人,Unknown
568,采集或者采伐国家重点保护的天然种质资源,Unknown
569,国务院或者省、自治区、直辖市人民政府的农业农村、林业草原主管部门,Unknown
570,因科研等特殊情况需要采集或者采伐,Unknown
571,《烟花爆竹安全管理条例》,Unknown
572,西安市公安局治安管理局,Unknown
573,《西安市城市污水处理和再生水利用条例》第三十七条,Unknown
574,禁止擅自占压、拆卸、移动再生水利用设施,Unknown
575,禁止擅自接入再生水管网,Unknown
576,禁止向再生水管网排放污水、有毒有害物质,Unknown
577,禁止在污水处理和再生水利用设施的保护范围内挖坑取土、爆破、打桩、埋设线杆、植树、倾倒垃圾、堆物,Unknown
578,其他损害城市污水处理和再生水利用设施的行为,Unknown
579,第四十六条,Unknown
580,水行政管理部门或城市污水处理行政管理部门,Unknown
581,责令其消除危害,Unknown
582,赔偿损失,Unknown
583,"构成犯罪的,由司法机关依法追究刑事责任",Unknown
584,经批准在河道管理范围内采砂的单位或个人,Unknown
585,西安市河道采砂管理办法,Unknown
586,水行政管理部门,Unknown
587,新建,Unknown
588,改建,Unknown
589,扩建,Unknown
590,燃气热力管理处,Unknown
591,《陕西省燃气管理条例》,Unknown
592,燃气专项规划,Unknown
593,所在地燃气行政主管部门核准,Unknown
594,相关审批手续,Unknown
595,拒绝或者妨碍接受经济普查机构、经济普查人员依法进行的调查,Unknown
596,提供虚假或者不完整的经济普查资料,Unknown
597,未按时提供与经济普查有关的资料，经催报后仍未提供,Unknown
598,西安市统计局,Unknown
599,《全国经济普查条例》,Unknown
600,经济普查对象,Unknown
601,企业事业单位或者其他组织,Unknown
602,个体经营户,Unknown
603,化妆品生产经营者,Unknown
604,不得从事化妆品生产经营活动的人员,Unknown
605,化妆品检验机构,Unknown
606,不得从事化妆品检验工作的人员,Unknown
607,负责药品监督管理的部门,Unknown
608,《化妆品监督管理条例》,Unknown
609,2021年1月1日,Unknown
610,城市公园内举办展览、文体表演等活动审批,Unknown
611,园林绿化处,Unknown
612,《陕西省城市公共空间管理条例》,Unknown
613,乘车人,Unknown
614,通行规定,Unknown
615,对乘车人违反通行规定的处罚,Unknown
616,西安市道路交通安全条例,Unknown
617,非机动车驾驶人,Unknown
618,本条例第三十八条,Unknown
619,行人,Unknown
620,本条例第三十九条,Unknown
621,本条例第四十条,Unknown
622,给予警告,Unknown
623,二十元以上五十元以下罚款,Unknown
624,隐瞒真实情况或者提供虚假材料申请广告审查的,Unknown
625,不予受理或者不予批准,Unknown
626,予以警告,Unknown
627,一年内不受理该申请人的广告审查申请,Unknown
628,以欺骗、贿赂等不正当手段取得广告审查批准的,Unknown
629,予以撤销,Unknown
630,处十万元以上二十万元以下的罚款,Unknown
631,三年内不受理该申请人的广告审查申请,Unknown
632,中华人民共和国广告法,Unknown
633,"实施依据,行政处罚",Unknown
634,用人单位,Unknown
635,医疗卫生机构,Unknown
636,职业病,Unknown
637,疑似职业病,Unknown
638,职业健康处,Unknown
639,维修资金,Unknown
640,未缴纳维修资金,Unknown
641,房屋交付买受人,Unknown
642,对生产、经营未经备案的第一类医疗器械、未经备案从事第一类医疗器械生产、经营第二类医疗器械，应当备案但未备案、已经备案的资料不符合要求的行政处罚,Unknown
643,行政教育,Unknown
644,《中华人民共和国水污染防治法》,Unknown
645,由县级以上人民政府环境保护主管部门责令改正,Unknown
646,处二万元以上二十万元以下的罚款,Unknown
647,对大型活动发生安全事故不处置,Unknown
648,大型群众性活动组织者举办过程中发生公共安全事故不报的处罚,Unknown
649,《大型群众性活动安全管理条例》,Unknown
650,公共安全事故,Unknown
651,安全责任人不立即启动应急救援预案,Unknown
652,安全责任人不立即向公安机关报告,Unknown
653,安全责任人和其他直接责任人员,Unknown
654,《工贸企业重大事故隐患判定标准》（应急管理部令第10号公布）,Unknown
655,铝镁等金属粉尘,Unknown
656,粉尘爆炸危险,Unknown
657,木质粉尘,Unknown
658,干式除尘系统,Unknown
659,锁气卸灰装置,Unknown
660,行为,Unknown
661,安全设备的安装、使用、检测、改造和报废,Unknown
662,国家标准或者行业标准,Unknown
663,医疗废物集中处置单位,Unknown
664,卫生行政主管部门,Unknown
665,执行职务,Unknown
666,环境保护行政主管部门,Unknown
667,县级以上地方人民政府卫生行政主管部门,Unknown
668,原发证部门,Unknown
669,执业许可证件,Unknown
670,原发证的卫生行政主管部门,Unknown
671,医疗卫生机构的执业许可证件,Unknown
672,构成违反治安管理行为的,Unknown
673,《条例》第五十条,Unknown
674,《使用有毒物品作业场所劳动保护条例》,Unknown
675,国务院令第352号,Unknown
676,《国务院关于取消和调整一批罚款事项的决定》,Unknown
677,国发〔2023〕20号,Unknown
678,职业病防治法,Unknown
679,可能产生职业中毒危害的建设项目,Unknown
680,职业卫生防护设施,Unknown
681,主体工程同时设计,Unknown
682,主体工程同时施工,Unknown
683,主体工程同时投入生产和使用,Unknown
684,建设项目,Unknown
685,未进行职业中毒危害控制效果评价,Unknown
686,卫生行政部门,Unknown
687,主管人员,Unknown
688,疾病预防控制处,Unknown
689,县级以上卫生行政部门,Unknown
690,执业证书,Unknown
691,主要领导,Unknown
692,行政处分,Unknown
693,直接责任人,Unknown
694,司法机关,Unknown
695,刑事责任,Unknown
696,《突发公共卫生事件与传染病疫情监测信息报告管理办法》,Unknown
697,中小学学科类培训机构,Unknown
698,各类外语培训机构,Unknown
699,西安市教育局,Unknown
700,擅自拆封、使用被公安机关消防机构查封场所、部位,Unknown
701,第六十四条,Unknown
702,"指使或者强令他人违反消防安全规定,冒险作业",Unknown
703,过失引起火灾,Unknown
704,"在火灾发生后阻拦报警,或者负有报告职责的人员不及时报警",Unknown
705,"扰乱火灾现场秩序,或者拒不执行火灾现场指挥员指挥,影响灭火救援",Unknown
706,故意破坏或者伪造火灾现场,Unknown
707,擅自拆封或者使用被公安机关消防机构查封的场所、部位,Unknown
708,县级以上地方人民政府农业农村主管部门,Unknown
709,动物疫病强制免疫计划,Unknown
710,饲养动物的单位和个人履行强制免疫义务的情况,Unknown
711,《中华人民共和国动物防疫法》(2021年1月修订),Unknown
712,医疗机构篡改、伪造、隐匿、毁灭病历资料,Unknown
713,《医疗纠纷预防和处理条例》,Unknown
714,国务院令第701号,Unknown
715,降低岗位等级或者撤职,Unknown
716,开除,Unknown
717,有关医务人员,Unknown
718,暂停6个月以上1年以下执业活动,Unknown
719,吊销执业证书,Unknown
720,构成犯罪的,Unknown
721,依法追究刑事责任,Unknown
722,《注册房地产估价师管理办法》,Unknown
723,建设部令151号,Unknown
724,住建部令第32号,Unknown
725,未经注册,Unknown
726,以注册房地产估价师名义从事房地产估价活动,Unknown
727,县级以上地方人民政府建设(房地产)主管部门,Unknown
728,停止违法活动,Unknown
729,1万元以上3万元以下,Unknown
730,违法活动,Unknown
731,估价报告无效,Unknown
732,造成损失,Unknown
733,道路交通事故认定,Unknown
734,交警支队,Unknown
735,交警大队,Unknown
736,水路运输辅助业务经营者,Unknown
737,管理部门,Unknown
738,有关资料,Unknown
739,有关情况,Unknown
740,其所在地县级以上人民政府水路运输管理部门,Unknown
741,2000元以上1万元以下,Unknown
742,《国内水路运输辅助业管理规定》,Unknown
743,统计违法行为和核查统计数据的行政检查,Unknown
744,国民经济核算处,Unknown
745,工业统计处,Unknown
746,能源与环境统计处,Unknown
747,固定资产投资统计处,Unknown
748,贸易外经统计处,Unknown
749,人口与就业统计处,Unknown
750,服务业与社会科技统计处,Unknown
751,农村社会经济统计处,Unknown
752,普查中心,Unknown
753,调查中心,Unknown
754,电梯制造单位,Unknown
755,对电梯进行校验、调试,Unknown
756,特种设备安全监督管理部门报告,Unknown
757,电梯制造单位改正,Unknown
758,电梯安装、改造、维修活动,Unknown
759,其他单位进行电梯安装、改造、维修活动,Unknown
760,电梯进行校验和调试,Unknown
761,电梯的安全运行情况进行跟踪调查和了解,Unknown
762,校验和调试的结果,Unknown
763,中等职业学校学生申诉,Unknown
764,高教职教与成人教育处,Unknown
765,《中华人民共和国教育法》,Unknown
766,《陕西省中等职业学校学生学籍管理实施细则》,Unknown
767,学生,Unknown
768,学校,Unknown
769,教育主管部门,Unknown
770,申诉申请,Unknown
771,学籍主管部门,Unknown
772,学生申诉的程序与机构,Unknown
773,分包单位,Unknown
774,施工总承包单位,Unknown
775,西安市人力资源和社会保障局,Unknown
776,人力资源社会保障行政部门,Unknown
777,相关行业工程建设主管部门,Unknown
778,处5万元以上10万元以下的罚款,Unknown
779,对学校食堂（或者供餐单位）未按规定建立食品安全管理制度,Unknown
780,未按规定制定、实施餐饮服务经营过程控制要求,Unknown
781,未查验或者留存食用农产品生产者、集中交易市场开办者或者经营者的社会信用代码或者身份证复印件或者购货凭证、合格证明文件,Unknown
782,尾矿库坝体,Unknown
783,《国家矿山安全监察局关于印发〈金属非金属矿山重大事故隐患判定标准〉的通知》,Unknown
784,尾矿库重大事故隐患,Unknown
785,未采取措施消除事故隐患,Unknown
786,测绘作业证办理,Unknown
787,测绘作业证管理规定,Unknown
788,《测绘作业证管理规定》,Unknown
789,国家测绘局,Unknown
790,统一管理工作,Unknown
791,省、自治区、直辖市人民政府测绘行政主管部门,Unknown
792,审核、发放和监督管理工作,Unknown
793,受理、审核、发放、注册核准等工作,Unknown
794,市（地）级人民政府测绘行政主管部门,Unknown
795,中华人民共和国测绘法,Unknown
796,陕西省测绘地理信息局,Unknown
797,乙、丙、丁级测绘资质单位测绘作业证核发工作,Unknown
798,乙、丙、丁级测绘资质单位,Unknown
799,作业证,Unknown
800,省局,Unknown
801,2015年9月1日起,Unknown
802,各市级测管部门,Unknown
803,乙、丙、丁级测绘资质单位的测绘作业证核发工作,Unknown
804,对违反食品安全相关规定行为的处罚,Unknown
805,食品药品犯罪侦查支队,Unknown
806,第六十一条,Unknown
807,建筑物内,Unknown
808,生产,Unknown
809,储存,Unknown
810,经营,Unknown
811,其他物品,Unknown
812,居住场所,Unknown
813,删改、未按规定留存娱乐场所监控录像资料进行行政处罚,Unknown
814,中华人民共和国治安管理处罚法,Unknown
815,单位,Unknown
816,计算机信息系统,Unknown
817,娱乐场所,Unknown
818,县级公安部门,Unknown
819,民办学校,Unknown
820,规定招生,Unknown
821,弄虚作假,Unknown
822,劳动保障监察执法处,Unknown
823,燃气燃烧器具安装维修许可,Unknown
824,未经设立登记从事一般经营活动,Unknown
825,《中华人民共和国市场主体登记管理条例实施细则》,Unknown
826,1万元,Unknown
827,10万元,Unknown
828,50万元,Unknown
829,不符合强制性国家标准、技术规范或者有证据证明可能危害人体健康的化妆品及其原料,Unknown
830,直接解除化妆品的包装材料,Unknown
831,有证据证明用于违法生产经营的工具、设备,Unknown
832,查封、扣押不符合强制性国家标准、技术规范或者有证据证明可能危害人体健康的化妆品及其原料,Unknown
833,查封、扣押直接解除化妆品的包装材料,Unknown
834,查封、扣押有证据证明用于违法生产经营的工具、设备,Unknown
835,查封违法从事生产经营活动的场所,Unknown
836,社会团体成立变更注销登记及修改章程核准,Unknown
837,石油天然气管道停止运行、封存、报废备案,Unknown
838,西安市发展和改革委员会,Unknown
839,《中华人民共和国石油天然气管道保护法》,Unknown
840,管道企业,Unknown
841,必要的安全防护措施,Unknown
842,县级以上地方人民政府主管管道保护工作的部门,Unknown
843,对外商投资旅行社,Unknown
844,中国内地居民出国旅游业务,Unknown
845,赴香港特别行政区旅游业务,Unknown
846,赴澳门特别行政区旅游业务,Unknown
847,赴台湾地区旅游业务,Unknown
848,经营出境旅游业务,Unknown
849,1倍以上5倍以下,Unknown
850,10万元以上50万元以下,Unknown
851,旅行社业务经营许可证,Unknown
852,国务院令第550号,Unknown
853,国务院令第732号,Unknown
854,企业事业单位,Unknown
855,县级以上环境保护主管部门,Unknown
856,《突发环境事件应急管理办法》,Unknown
857,伪造、涂改、倒卖、出租、出借、转让婴幼儿配方乳粉产品配方注册证书行为,Unknown
858,婴幼儿配方乳粉产品配方注册管理办法,Unknown
859,县级以上市场监督管理部门,Unknown
860,造成危害后果,Unknown
861,涉嫌犯罪,Unknown
862,依法移送公安机关,Unknown
863,西安市公安局出入境管理处,Unknown
864,中华人民共和国出境入境管理法,Unknown
865,外国人,Unknown
866,为外国人出具邀请函件或者其他申请材料,Unknown
867,五千元以上一万元以下罚款,Unknown
868,外国人出境费用,Unknown
869,单位有前款行为,Unknown
870,一万元以上五万元以下罚款,Unknown
871,其他直接责任人员,Unknown
872,市级、区（县）级网信部门,Unknown
873,国家网信部门,Unknown
874,有关部门,Unknown
875,中共中央办公厅,Unknown
876,《党委（党组）网络安全工作责任制实施办法》,Unknown
877,各级网络安全和信息化领导机构,Unknown
878,网络安全信息汇集,Unknown
879,有关单位和机构,Unknown
880,网络安全通报机构,Unknown
881,开展网络安全检查,Unknown
882,《陕西省节约能源条例》,Unknown
883,第五十二条,Unknown
884,第十八条,Unknown
885,用能单位,Unknown
886,市场监督行政管理部门,Unknown
887,西安市商务局,Unknown
888,待售的旧电器电子产品,Unknown
889,显著位置标识为旧货,Unknown
890,县级以上地方商务主管部门,Unknown
891,经营者,Unknown
892,本办法第九条,Unknown
893,本办法第十一条,Unknown
894,本办法第十二条,Unknown
895,本办法第十三条,Unknown
896,本办法第十八条,Unknown
897,商务部,Unknown
898,《旧电器电子产品流通管理办法》,Unknown
899,市场体系建设处,Unknown
900,家电维修企业的监督检查,Unknown
901,商贸服务业处,Unknown
902,家电维修服务业的行业管理工作,Unknown
903,各级商务主管部门,Unknown
904,本行政区域内的家电维修服务业的指导,Unknown
905,本行政区域内的家电维修服务业的协调,Unknown
906,本行政区域内的家电维修服务业的监督管理,Unknown
907,地质灾害治理责任认定,Unknown
908,《地质灾害防治条例》,Unknown
909,《陕西省地质灾害防治条例》,Unknown
910,责任单位,Unknown
911,地质灾害发生地的县级以上人民政府自然资源主管部门,Unknown
912,可以依法申请行政复议或者提起行政诉讼,Unknown
913,地质灾害成因与责任认定办法,Unknown
914,省人民政府另行制定,Unknown
915,本法规定,Unknown
916,县级以上人民政府环境保护主管部门,Unknown
917,环境保护主管部门,Unknown
918,有治理能力的单位,Unknown
919,违法者,Unknown
920,费用,Unknown
921,建筑垃圾运输人,Unknown
922,第十九条第五项规定,Unknown
923,城市管理部门,Unknown
924,未采取密闭或者其他措施防止泄漏遗撒,Unknown
925,泄漏、遗撒,Unknown
926,西安市建筑垃圾管理条例,Unknown
927,广告牌匾管理处,Unknown
928,未按要求设置门头牌匾,Unknown
929,门头牌匾的设置应当符合城市公共空间主管部门的具体要求,Unknown
930,出现污浊、破损的，应当及时清洗、更换,Unknown
931,违反本条例第三十七条第三款规定，未按要求设置门头牌匾的，由城市公共空间主管部门责令限期改正，逾期未改正的，处一千元以上五千元以下罚款,Unknown
932,特种作业人员未持证上岗,Unknown
933,行政惩罚,Unknown
934,《化工和危险化学品生产经营单位重大生产安全事故隐患判定标准（试行）》,Unknown
935,《烟花爆竹生产经营单位重大生产安全事故隐患判定标准（试行）》,Unknown
936,"特种作业人员未按照规定经专门的安全作业培训并取得相应资格,上岗作业",Unknown
937,牲畜定点屠宰厂（场）,Unknown
938,其他单位或者个人,Unknown
939,牲畜,Unknown
940,畜类产品,Unknown
941,注水,Unknown
942,注入其他物质,Unknown
943,《性病防治管理办法》,Unknown
944,卫生部,Unknown
945,2012年6月,Unknown
946,诊疗规范,Unknown
947,"处以,三万元以下罚款",Unknown
948,违法出售、收购国家和省重点保护野生植物,Unknown
949,《中华人民共和国野生植物保护条例》,Unknown
950,《陕西省野生植物保护条例》,Unknown
951,西安市野生动植物保护管理站,Unknown
952,2017年10月国务院令第687号,Unknown
953,2010年7月29日陕西省第十一届人民代表大会常务委员会第十六次会议,Unknown
954,2018年5月陕西省人民代表大会常务委员会,Unknown
955,竣工总平面图,Unknown
956,物业服务企业,Unknown
957,单体建筑、结构、设备竣工图,Unknown
958,配套设施、地下管网工程竣工图,Unknown
959,竣工验收资料,Unknown
960,设施设备的安装、使用和维护保养等技术资料,Unknown
961,物业质量保修文件,Unknown
962,物业使用说明文件,Unknown
963,物业管理所必需的其他资料,Unknown
964,建筑物及其附属设施质量保修文件,Unknown
965,使用说明文件,Unknown
966,物业服务区域划分的相关文件,Unknown
967,移植古树名木检查,Unknown
968,植树造林处,Unknown
969,《陕西省古树名木保护条例》,Unknown
970,移植古树名木,Unknown
971,《陕西省古树名木保护条例》第十六条,Unknown
972,省古树名木行政主管部门,Unknown
973,特级、一级保护古树和名木移植请求,Unknown
974,省人民政府,Unknown
975,特级、一级保护古树和名木移植,Unknown
976,设区的市古树名木行政主管部门,Unknown
977,二级保护古树移植请求,Unknown
978,二级保护古树移植,Unknown
979,三级保护古树移植请求,Unknown
980,本级人民政府,Unknown
981,三级保护古树移植,Unknown
982,监测单位,Unknown
983,相应勘察资质,Unknown
984,监测方案,Unknown
985,监测方案开展监测,Unknown
986,未及时报告,Unknown
987,《危险性较大的分部分项工程安全管理规定》,Unknown
988,2018年住建部令第37号,Unknown
989,2019年3月13日住建部令第47号,Unknown
990,医疗器械使用单位,Unknown
991,医疗器械产品说明书和标签标示要求,Unknown
992,贮存医疗器械,Unknown
993,转让或者捐赠过期、失效、淘汰、检验不合格的在用医疗器械,Unknown
994,公共服务,Unknown
995,销售授权品种,Unknown
996,其注册登记的名称,Unknown
997,县级以上人民政府农业、林业行政部门,Unknown
998,各自的职权责令限期改正,Unknown
999,1000元以下的罚款,Unknown
1000,《中华人民共和国植物新品种保护条例》,Unknown
1001,1997年3月国务院令第213号,Unknown
1002,2014年7月国务院令第653号,Unknown
1003,对有自然发火危险的金属非金属地下矿山，未安装井下环境瞧瞧系统的行政处罚,Unknown
1004,中国足球协会,Unknown
1005,县级以上人民政府广播电视行政部门,Unknown
1006,未持有《许可证》的单位和不符合规定的个人,Unknown
1007,卫星地面接收设施,Unknown
1008,卫星传送电视节目,Unknown
1009,《卫星电视广播地面接收设施管理规定》实施细则,Unknown
1010,第八条,Unknown
1011,禁止未持有《许可证》的单位和不符合第六条规定的个人设置、使用卫星地面接收设施接收卫星传送的电视节目,Unknown
1012,升放无人驾驶自由气球、系留气球单位资质认定,Unknown
1013,《国务院对确需保留的行政审批项目设定行政许可的决定》,Unknown
1014,实施机关,Unknown
1015,省、自治区直辖市及地（市）气象主管机构,Unknown
1016,地市级气象部门,Unknown
1017,《陕西省人民政府关于第五批取消和调整行政审批项目的决定》,Unknown
1018,该项目,Unknown
1019,相关文件,Unknown
1020,《已废止的某某规定》,Unknown
1021,《中华人民共和国防洪法》,Unknown
1022,未经水行政主管部门对其工程建设方案审查同意或者未按照有关水行政主管部门审查批准的位置、界限，在河道、湖泊管理范围内从事工程设施建设活动,Unknown
1023,补办审查同意或者审查批准手续,Unknown
1024,"工程设施建设严重影响防洪的,责令限期拆除,逾期不拆除的,强行拆除,所需费用由建设单位承担",Unknown
1025,"影响行洪但尚可采取补救措施的,责令限期采取补救措施,可以处一万元以上十万元以下的罚款",Unknown
1026,行政处罚和行政措施,Unknown
1027,县级以上人民政府水行政主管部门决定,Unknown
1028,流域管理机构按照国务院水行政主管部门规定的权限决定,Unknown
1029,供水管理处,Unknown
1030,市体育局,Unknown
1031,体育赛事活动,Unknown
1032,《中华人民共和国体育法》,Unknown
1033,县级以上人民政府体育行政部门,Unknown
1034,监管,Unknown
1035,现场检查,Unknown
1036,复制有关合同,Unknown
1037,复制有关票据,Unknown
1038,复制有关账簿,Unknown
1039,赛事活动组织方案,Unknown
1040,安全应急预案,Unknown
1041,县级以上人民政府公安部门,Unknown
1042,监督管理,Unknown
1043,县级以上人民政府市场监管部门,Unknown
1044,县级以上人民政府应急管理等部门,Unknown
1045,体育赛事活动组织者,Unknown
1046,安全保障义务,Unknown
1047,安全条件,Unknown
1048,风险防范及应急处置预案,Unknown
1049,不具备办赛条件,Unknown
1050,实验室未依照规定在明显位置标示生物危险标识和生物安全实验室级别标志,Unknown
1051,未向原批准部门报告实验活动结果以及工作情况,Unknown
1052,未依照规定采集病原微生物样本,Unknown
1053,新建、改建或者扩建一级、二级实验室未向设区的市级人民政府卫生主管部门或者兽医主管部门备案,Unknown
1054,未依照规定定期对工作人员进行培训,Unknown
1055,工作人员考核不合格允许其上岗,Unknown
1056,批准未采取防护措施的人员进入实验室,Unknown
1057,实验室工作人员未遵守实验室生物安全技术规范和操作规程,Unknown
1058,未依照规定建立或者保存实验档案,Unknown
1059,未依照规定制定实验室感染应急处置预案并备案,Unknown
1060,科技教育处,Unknown
1061,审批部门,Unknown
1062,排污许可技术机构,Unknown
1063,信用记录,Unknown
1064,相关信息,Unknown
1065,国家有关信用信息系统,Unknown
1066,禁止从事排污许可技术服务,Unknown
1067,建设工程,Unknown
1068,建设工程规划许可,Unknown
1069,中华人民共和国城乡规划法,Unknown
1070,城市、县人民政府城乡规划主管部门,Unknown
1071,建设工程规划许可证,Unknown
1072,省、自治区、直辖市人民政府确定的镇人民政府,Unknown
1073,临时建设,Unknown
1074,近期建设规划或者控制性详细规划,Unknown
1075,交通,Unknown
1076,市容,Unknown
1077,安全,Unknown
1078,使用不符合强制性标准或者不符合经注册或者备案的产品技术要求的医疗器械,Unknown
1079,使用无合格证明文件、过期、失效、淘汰的医疗器械,Unknown
1080,使用未依法注册的医疗器械,Unknown
1081,园林绿化管理处,Unknown
1082,古树名木保护措施,Unknown
1083,第二十二条,Unknown
1084,第二十六条,Unknown
1085,古树名木保护行政主管部门,Unknown
1086,造成树木死亡的建设单位,Unknown
1087,水利领域招标代理机构,Unknown
1088,招标人,Unknown
1089,投标人,Unknown
1090,国家利益,Unknown
1091,社会公共利益,Unknown
1092,他人合法权益,Unknown
1093,工程处,Unknown
1094,机动车驾驶证,Unknown
1095,交警支队车辆管理处,Unknown
1096,公安机关交通管理部门,Unknown
1097,对未依照本条例规定公布化妆品功效宣称依据的摘要,Unknown
1098,未依照本条例规定建立并执行进货查验记录制度、产品销售记录制度,Unknown
1099,未依照本条例规定对化妆品生产质量管理规范的执行情况进行自查,Unknown
1100,未依照本条例规定贮存、运输化妆品,Unknown
1101,未依照本条例规定监测、报告化妆品不良反应，或者对化妆品不良反应监测机构、负责药品监督管理的部门开展的化妆品不良反应调查不予配合,Unknown
1102,第六十二条,Unknown
1103,《乡村医生从业管理条例》,Unknown
1104,未经注册在村医疗卫生机构从事医疗活动,Unknown
1105,没收,Unknown
1106,没有违法所得或者违法所得不足5000元,Unknown
1107,造成患者人身损害,Unknown
1108,构成犯罪,Unknown
1109,基层卫生处,Unknown
1110,《中华人民共和国畜牧法》,Unknown
1111,第八十六条,Unknown
1112,畜禽养殖场,Unknown
1113,养殖档案,Unknown
1114,保存养殖档案,Unknown
1115,地质勘查管理处,Unknown
1116,中华人民共和国矿产资源法,Unknown
1117,探矿权,Unknown
1118,采矿权,Unknown
1119,吊销勘查许可证,Unknown
1120,违反本法第六条的规定将探矿权、采矿权倒卖牟利,Unknown
1121,未办理变更注册仍执业的行为,Unknown
1122,5000元以下罚款,Unknown
1123,2006年12月25日,Unknown
1124,2016年9月13日,Unknown
1125,《中华人民共和国招标投标法实施条例》,Unknown
1126,依法必须进行招标的项目的招标人,Unknown
1127,有关行政监督部门,Unknown
1128,单位直接负责的主管人员和其他直接责任人员,Unknown
1129,违法确定或者更换的评标委员会成员作出的评审结论,Unknown
1130,重新进行评审,Unknown
1131,国家工作人员,Unknown
1132,"法律责任,追究",Unknown
1133,建设工程消防验收,Unknown
1134,国务院公安部门,Unknown
1135,大型的人员密集场所和其他特殊建设工程,Unknown
1136,公安机关消防机构,Unknown
1137,审核结果,Unknown
1138,消防验收,Unknown
1139,公安机关消防机构申请消防验收,Unknown
1140,验收后备案,Unknown
1141,对水利领域勘察、设计、施工、监理、质量检测单位超越本单位资质等级承揽工程,Unknown
1142,未取得资质证书承揽工程,Unknown
1143,以欺骗手段取得资质证书承揽工程行为的行政处罚,Unknown
1144,外国政府,Unknown
1145,国务院地质矿产主管部门,Unknown
1146,县级以上人民政府负责地质矿产管理工作的部门,Unknown
1147,县级以上人民政府自然资源行政主管部门,Unknown
1148,"违法行为,行政处罚",Unknown
1149,餐饮业和单位,Unknown
1150,市容环境卫生行政主管部门的规定,Unknown
1151,个人,Unknown
1152,二十元以上二百元以下罚款,Unknown
1153,二百元以上二千元以下罚款,Unknown
1154,泔水,Unknown
1155,下水道,Unknown
1156,河道,Unknown
1157,公共厕所,Unknown
1158,垃圾收集设施,Unknown
1159,与其他垃圾混倒,Unknown
1160,对单位和其他生产经营者违反固体废物管理其他要求，污染环境、破坏生态的行政处罚,Unknown
1161,《中华人民共和国固体废物污染环境防治法》,Unknown
1162,2020年,Unknown
1163,承储政府粮食储备的企业或者其他组织,Unknown
1164,拒不执行或者违反政府粮食储备的收购、销售、轮换、动用等规定,Unknown
1165,未对政府粮食储备的收购、销售、轮换、动用等进行全过程记录,Unknown
1166,未按照规定保障政府粮食储备数量、质量安全,Unknown
1167,粮食执法督查处,Unknown
1168,对认证委托人提供的样品与实际生产的产品不一致的,Unknown
1169,未按照规定向认证机构申请认证证书变更，擅自出厂、销售、进口或者在其他经营活动中使用列入目录产品的,Unknown
1170,未按照规定向认证机构申请认证证书扩展，擅自出厂、销售、进口或者在其他经营活动中使用列入目录产品的,Unknown
1171,更改机动车发动机号码、车架号码的处罚,Unknown
1172,《机动车修理业、报废机动车回收业治安管理办法》（公安部令第38号）,Unknown
1173,机动车修理企业和个体工商户,Unknown
1174,五千元以上三万元以下罚款,Unknown
1175,机动车修理企业和报废机动车回收企业直接负责的主管人员和其他直接责任人员,Unknown
1176,警告或二千元以下罚款,Unknown
1177,不动产权证登记内容,Unknown
1178,申请国家赔偿相关,Unknown
1179,机动车驾驶人,Unknown
1180,校车,Unknown
1181,200元罚款,Unknown
1182,《校车安全管理条例》,Unknown
1183,617号令,Unknown
1184,本条例规定,Unknown
1185,市级非国有不可移动文物转让、抵押或者改变用途的备案,Unknown
1186,西安市文物局,Unknown
1187,文物保护与考古处,Unknown
1188,《中华人民共和国文物保护法》,Unknown
1189,非国有不可移动文物,Unknown
1190,"文物行政部门,备案",Unknown
1191,劳动保障行政部门,Unknown
1192,工商行政管理机关,Unknown
1193,单位或者个人,Unknown
1194,"擅自从事,境外就业中介活动",Unknown
1195,经营物品和违法所得,Unknown
1196,"当事人,造成损害",Unknown
1197,对危险废物意外事故的防范措施和应急预案的行政检查,Unknown
1198,对公路水运工程质量的监督检查,Unknown
1199,婴幼儿配方乳粉生产销售者,Unknown
1200,《婴幼儿配方乳粉产品配方注册管理办法》第三十三条至第三十七条,Unknown
1201,对社区矫正对象提请撤销缓刑、假释的建议,Unknown
1202,社区矫正管理处,Unknown
1203,机动车国家安全技术标准,Unknown
1204,机动车型,Unknown
1205,机动车成品质量检验,Unknown
1206,质量不合格的机动车,Unknown
1207,质量技术监督部门处罚,Unknown
1208,非法生产、销售的机动车成品及配件,Unknown
1209,非法产品价值,Unknown
1210,三倍以上五倍以下,Unknown
1211,有营业执照的,Unknown
1212,吊销营业执照,Unknown
1213,没有营业执照的,Unknown
1214,国家机动车产品主管部门,Unknown
1215,机动车国家安全技术标准严格审查,Unknown
1216,主管人员和其他直接责任人员,Unknown
1217,未取得船员培训许可证擅自从事船员培训的行为,Unknown
1218,海事管理机构,Unknown
1219,《中华人民共和国船员条例》,Unknown
1220,国务院令第494号,Unknown
1221,国务院令第764号,Unknown
1222,对擅自使用没有国家技术标准又未经审定的新技术、新材料的处罚,Unknown
1223,《房屋建筑工程抗震设防管理规定》,Unknown
1224,县级以上地方人民政府住房城乡建设主管部门,Unknown
1225,擅自使用没有国家技术标准又未经审定的新技术、新材料的行为,Unknown
1226,旅行社条例,Unknown
1227,1万元以上5万元以下,Unknown
1228,1个月至3个月,Unknown
1229,对旅行社组织中国内地居民出境旅游,Unknown
1230,"行驶主体,市级",Unknown
1231,"实施依据,旅行社条例",Unknown
1232,安排有职业禁忌的劳动者,Unknown
1233,发现有职业禁忌或者有与所从事职业相关的健康损害的劳动者,Unknown
1234,"并妥善安置的,处罚",Unknown
1235,安排未成年人或者孕期、哺乳期的女职工,Unknown
1236,依据,Unknown
1237,《矿产资源开采登记管理办法》,Unknown
1238,国务院令第241号,Unknown
1239,国务院令第653号,Unknown
1240,安全生产基础处,Unknown
1241,危险化学品安全监管处,Unknown
1242,《陕西省安全生产条例》,Unknown
1243,国家和本省有关规定,Unknown
1244,省级相关部门,Unknown
1245,省内融资担保公司在本省设立分支机构备案,Unknown
1246,市地方金融管理局,Unknown
1247,金融监管一处,Unknown
1248,竣工联合验收档案验收,Unknown
1249,城建档案馆,Unknown
1250,《城市建设档案管理规定》,Unknown
1251,《西安市城建档案管理条例》,Unknown
1252,城建档案管理机构,Unknown
1253,工程档案验收,Unknown
1254,城建档案馆验收建设工程档案,Unknown
1255,同级档案主管部门,Unknown
1256,城建档案馆参加,Unknown
1257,对价格违法行为的监督检查,Unknown
1258,价格与反不正当竞争处,Unknown
1259,公路水运工程监理企业,Unknown
1260,县级以上人民政府卫生行政部门,Unknown
1261,《医疗机构管理条例》,Unknown
1262,国务院令第149号,Unknown
1263,国务院令第752号,Unknown
1264,诊疗科目,Unknown
1265,按照核准登记或者备案的诊疗科目开展诊疗活动,Unknown
1266,农村集体经济组织负责人,Unknown
1267,财会人员,Unknown
1268,《陕西省农村集体资产管理条例》,Unknown
1269,县级农业行政主管部门,Unknown
1270,排污单位,Unknown
1271,条例规定,Unknown
1272,国务院令第736号,Unknown
1273,营业性演出管理条例,Unknown
1274,国务院令第439号,Unknown
1275,吊销营业性演出许可证,Unknown
1276,《西安市城市市容和环境卫生管理条例》(2020修正),Unknown
1277,市政公用设施,Unknown
1278,设置单位,Unknown
1279,影响市容环境卫生,Unknown
1280,对假冒专利行为的行政处罚,Unknown
1281,《中华人民共和国专利法》,Unknown
1282,省内创业投资企业备案,Unknown
1283,财政金融处（利用外资和境外投资处）,Unknown
1284,《创业投资企业管理暂行办法》,Unknown
1285,创业投资企业,Unknown
1286,所在地省级（含副省级城市）管理部门申请备案,Unknown
1287,金融企业国有资产评估项目备案,Unknown
1288,西安市财政局,Unknown
1289,《金融企业国有资产评估监督管理暂行办法》,Unknown
1290,中央直接管理的金融企业,Unknown
1291,资产评估项目报财政部备案,Unknown
1292,中央直接管理的金融企业子公司、省级分公司或分行、金融资产管理公司办事处,Unknown
1293,"资产评估项目报财政部备案,条件是,账面资产总额大于或者等于5000万元人民币",Unknown
1294,"资产评估项目报中央直接管理的金融企业备案,条件是,账面资产总额小于5000万元人民币",Unknown
1295,地方金融企业,Unknown
1296,"资产评估项目备案,由,省级财政部门根据本地区实际情况具体确定",Unknown
1297,金融企业,Unknown
1298,自评估基准日起9个月内向财政部门(或者金融企业,Unknown
1299,对标准实施的监督检查,Unknown
1300,标准化处,Unknown
1301,未对可能意外启动的设备和涌入的物料、高温气体、有毒有害气体等采取隔离措施，或者未落实防止高处坠落、坍塌等安全措施,Unknown
1302,应急管理部令第10号,Unknown
1303,建材企业,Unknown
1304,进入筒型储库、焙烧窑、预热器旋风筒、分解炉、竖炉、篦冷机、磨机、破碎机前，未对可能意外启动的设备和涌入的物料、高温气体、有毒有害气体等采取隔离措施，或者未落实防止高处坠落、坍塌等安全措施,Unknown
1305,第一百零二条,Unknown
1306,责令立即消除或者限期消除,Unknown
1307,处五万元以下的罚款,Unknown
1308,紧急情况下封存或者扣押非法研究、试验、生产、加工、经营或者进口、出口的农业转基因生物,Unknown
1309,《农业转基因生物安全管理条例》,Unknown
1310,农业行政主管部门,Unknown
1311,监督检查职责,Unknown
1312,"在紧急情况下,对非法研究、试验、生产、加工、经营或者进口、出口的农业转基因生物实施封存或者扣押",Unknown
1313,市劳动能力鉴定中心,Unknown
1314,工伤保险条例,Unknown
1315,工伤保险辅助器具配置管理办法,Unknown
1316,劳动能力鉴定委员会,Unknown
1317,工伤保险辅助器具配置的确认工作,Unknown
1318,工伤职工,Unknown
1319,可以安装假肢,Unknown
1320,可以安装矫形器,Unknown
1321,可以安装假眼,Unknown
1322,可以安装假牙,Unknown
1323,可以配置轮椅,Unknown
1324,中华人民共和国消防法,Unknown
1325,电器产品燃气用具的安装使用及其线路管路的设计敷设维护保养检测不符合消防技术标准和管理规定,Unknown
1326,临街建筑物的外墙安装的防护栏、空调外机、遮阳棚,Unknown
1327,可以并处五十元以上二百元以下罚款,Unknown
1328,临街建筑物,Unknown
1329,市容环境卫生管理的规定,Unknown
1330,临街建筑物的搭建,Unknown
1331,可以并处50元以上200元以下罚款,Unknown
1332,"对以政府或者政府部门的名义举办营业性演出，或者营业性演出冠以""中国""、""中华""、""全国""、""国际""等字样的行政处罚",Unknown
1333,国务院发布,Unknown
1334,2020年11月,Unknown
1335,县级人民政府文化主管部门,Unknown
1336,"以政府或者政府部门的名义举办营业性演出，或者营业性演出冠以""中国""、""中华""、""全国""、""国际""等字样",Unknown
1337,违法所得3倍以上5倍以下的罚款,Unknown
1338,3万元以上5万元以下的罚款,Unknown
1339,原发证机关,Unknown
1340,营业性演出许可证,Unknown
1341,《机动车驾驶员培训管理规定》,Unknown
1342,《西安市机动车驾驶员培训管理办法》,Unknown
1343,责令停业整顿,Unknown
1344,原许可机关,Unknown
1345,吊销其经营许可,Unknown
1346,《中华人民共和国测绘成果管理条例》,Unknown
1347,《陕西省测绘成果管理条例》,Unknown
1348,测绘地理信息局,Unknown
1349,测绘行政主管部门,Unknown
1350,本行政区域测绘成果工作的统一监督管理,Unknown
1351,省测绘地理信息主管部门,Unknown
1352,全省测绘成果的统一监督管理工作,Unknown
1353,设区的市、县（市、区）测绘地理信息主管部门,Unknown
1354,本行政区域内测绘成果的统一监督管理工作,Unknown
1355,旅馆,Unknown
1356,外国人住宿登记信息,Unknown
1357,《中华人民共和国出境入境管理法》第76条第2款,Unknown
1358,未按照本法第三十九条第二款规定办理登记,Unknown
1359,外国人住宿登记,Unknown
1360,未按照规定向公安机关报送外国人住宿登记信息,Unknown
1361,情节严重,Unknown
1362,一千元以上五千元以下罚款,Unknown
1363,《人才市场管理规定》,Unknown
1364,县级以上政府人事行政部门,Unknown
1365,印刷业经营者变更、终止备案,Unknown
1366,市新闻出版局,Unknown
1367,印制发行管理处,Unknown
1368,《印刷业管理条例》,Unknown
1369,国务院令第315号,Unknown
1370,印刷业经营者,Unknown
1371,出版行政部门,Unknown
1372,消防安全的监督检查,Unknown
1373,《消防监督检查规定》,Unknown
1374,公安部令第107号发布,Unknown
1375,公安部令第120号修改,Unknown
1376,消防监督检查形式,Unknown
1377,公众聚集场所在投入使用、营业前的消防安全检查,Unknown
1378,单位履行法定消防安全职责情况的监督抽查,Unknown
1379,举报投诉的消防安全违法行为的核查,Unknown
1380,大型群众性活动举办前的消防安全检查,Unknown
1381,根据需要进行的其他消防监督检查,Unknown
1382,发现文物隐匿不报或者拒不上交的,Unknown
1383,未按照规定移交拣选文物的,Unknown
1384,县级以上人民政府文物主管部门,Unknown
1385,文物,Unknown
1386,处五千元以上五万元以下的罚款,Unknown
1387,养老机构,Unknown
1388,老年人,Unknown
1389,其代理人,Unknown
1390,工作人员,Unknown
1391,房屋,Unknown
1392,场地,Unknown
1393,设施,Unknown
1394,民政部门,Unknown
1395,养老服务处,Unknown
1396,生活垃圾分类投放管理责任人,Unknown
1397,将生活垃圾交由有资质的单位进行收集运输,Unknown
1398,责令立即改正,Unknown
1399,《西安市生活垃圾分类管理条例》第二十四条第一款第六项,Unknown
1400,一万元以上十万元以下,Unknown
1401,向农用地排放重金属或者其他有毒有害物质含量超标的污水、污泥，以及可能造成土壤污染的清淤底泥、尾矿、矿渣等行为,Unknown
1402,《中华人民共和国土壤污染防治法》第八十七条,Unknown
1403,对医疗机构出具虚假证明文件的处罚,Unknown
1404,1万元以上10万元以下,Unknown
1405,疾病诊断书,Unknown
1406,健康证明书,Unknown
1407,死亡证明书,Unknown
1408,出生证明书,Unknown
1409,死产报告书,Unknown
1410,未经医师(士)亲自诊查病人,Unknown
1411,"不得出具,疾病诊断书",Unknown
1412,"不得出具,健康证明书",Unknown
1413,"不得出具,死亡证明书",Unknown
1414,未经医师(士)、助产人员亲自接产,Unknown
1415,"不得出具,出生证明书",Unknown
1416,"不得出具,死产报告书",Unknown
1417,会计处,Unknown
1418,财政部关于印发行政事业单位内部控制规范（试行）的通知（财会【2012】21号）,Unknown
1419,对行政事业单位内部控制的建立和实施情况的检查,Unknown
1420,国务院财政部门及其派出机构,Unknown
1421,对单位内部控制的建立和实施情况进行监督检查,Unknown
1422,县级以上地方各级人民政府财政部门,Unknown
1423,国务院审计机关及其派出机构,Unknown
1424,县级以上地方各级人民政府审计机关,Unknown
1425,许可请求人,Unknown
1426,下一年度市本级土地储备资金收支项目预、决算草案编制,Unknown
1427,西安市土地储备交易中心,Unknown
1428,《新化学物质环境管理登记办法》,Unknown
1429,生态环境部令第12号公布,Unknown
1430,"未取得登记证生产或者进口新化学物质,或者加工使用未取得登记证的新化学物质",Unknown
1431,未按规定办理重新登记生产或者进口新化学物质,Unknown
1432,将未经国务院生态环境主管部门新用途环境管理登记审查或者审查后未予批准的化学物质，用于允许用途以外的其他工业用途,Unknown
1433,处罚措施,Unknown
1434,处一万元以上三万元以下的罚款,Unknown
1435,依法依规开展失信联合惩戒,Unknown
1436,时间,Unknown
1437,不再受理其新化学物质环境管理登记申请,Unknown
1438,住宅专项维修资金交存,Unknown
1439,化妆品未按规定标注净含量的的行政处罚,Unknown
1440,未经批准进行水下文物的考古调查、勘探、发掘活动,Unknown
1441,本条例,Unknown
1442,考古调查、勘探、发掘活动结束后,Unknown
1443,"违反,本条例",Unknown
1444,未事先报请有关主管部门组织进行考古调查、勘探，在中国管辖水域内进行大型基本建设工程,Unknown
1445,发现水下文物后未及时报告,Unknown
1446,县级以上人民政府文物主管部门或者海上执法机关,Unknown
1447,违反行为,Unknown
1448,有关文物,Unknown
1449,违法经营额,Unknown
1450,资质证书,Unknown
1451,文物督察与安全处,Unknown
1452,机构,Unknown
1453,对网络交易平台经营者违反规定，不履行法定核验、登记义务，有关信息报送义务，商品和服务信息、交易信息保存义务的行政处罚,Unknown
1454,演出举办单位,Unknown
1455,经济利益,Unknown
1456,县级以上人民政府文化主管部门,Unknown
1457,受捐单位,Unknown
1458,违法行为人的名称或者姓名,Unknown
1459,演出举办单位的营业性演出许可证,Unknown
1460,中华人民共和国国务院令第613号,Unknown
1461,中华人民共和国国务院令第709号,Unknown
1462,中标人,Unknown
1463,畜禽养殖废弃物用作肥料,Unknown
1464,县级以上地方人民政府环境保护主管部门,Unknown
1465,《畜禽规模养殖污染防治条例》,Unknown
1466,土地消纳能力,Unknown
1467,畜禽养殖废弃物,Unknown
1468,人的生物医学研究伦理审查工作监督检查,Unknown
1469,《涉及人的生物医学研究伦理审查办法》,Unknown
1470,国家卫生计生委,Unknown
1471,组织全国涉及人的生物医学研究伦理审查工作的检查、督导,Unknown
1472,国家省西安市中医药管理局,Unknown
1473,组织全国中医药研究伦理审查工作的检查、督导,Unknown
1474,县级以上地方卫生计生行政部门,Unknown
1475,加强对本行政区域涉及人的生物医学研究伦理审查工作的日常监督管理,Unknown
1476,设立伦理委员会,Unknown
1477,伦理委员会,Unknown
1478,伦理审查制度,Unknown
1479,伦理审查内容和程序,Unknown
1480,要求,Unknown
1481,审查的研究项目,Unknown
1482,我国医学研究登记备案信息系统进行登记,Unknown
1483,已经取得危险化学品经营许可证的企业,Unknown
1484,安全生产条件,Unknown
1485,《危险化学品经营许可证管理办法》,Unknown
1486,已经取得经营许可证的企业,Unknown
1487,责令停产停业整顿,Unknown
1488,法律、法规、规章、国家标准和行业标准规定的安全生产条件,Unknown
1489,地方人民政府予以关闭,Unknown
1490,其有关证照,Unknown
1491,生产经营单位主要负责人,Unknown
1492,任何生产经营单位的主要负责人,Unknown
1493,"终身不得担任,本行业生产经营单位的主要负责人",Unknown
1494,有害作业与无害作业分开,Unknown
1495,工作场所与生活场所分开,Unknown
1496,职业卫生培训,Unknown
1497,《工作场所职业卫生管理规定》,Unknown
1498,公布,Unknown
1499,违反本规定的行为,Unknown
1500,偷捕,Unknown
1501,抢夺他人养殖的水产品,Unknown
1502,破坏他人养殖水体,Unknown
1503,破坏他人养殖设施,Unknown
1504,《中华人民共和国渔业法》,Unknown
1505,2013年12月,Unknown
1506,《陕西省城市房地产市场管理条例》,Unknown
1507,不申报或瞒报房地产成交价格的处罚,Unknown
1508,陕西省城市房地产市场管理条例,Unknown
1509,2010年,Unknown
1510,房地产权利人,Unknown
1511,应当如实申报成交价格,Unknown
1512,房地产转让,Unknown
1513,以申报的房地产成交价格作为缴纳税费的依据,Unknown
1514,成交价格明显低于正常市场价格的房地产转让,Unknown
1515,以评估价格作为缴纳税费的依据,Unknown
1516,县级以上房产管理部门,Unknown
1517,责令申报,Unknown
1518,县级以上土地管理部门,Unknown
1519,不申报或瞒报房地产成交价格,Unknown
1520,处以二千元至二万元的罚款,Unknown
1521,报废机动车回收拆解企业,Unknown
1522,资质认定条件情况,Unknown
1523,合规情况,Unknown
1524,资质认定书,Unknown
1525,报废机动车回收证明,Unknown
1526,五大总成及其他零部件,Unknown
1527,检查,Unknown
1528,报废机动车回收管理办法实施细则,Unknown
1529,相关部门,Unknown
1530,双随机、一公开方式,Unknown
1531,从事报废机动车回收拆解活动的有关场所,Unknown
1532,与监督检查事项有关的单位和个人,Unknown
1533,说明情况,Unknown
1534,有关文件、资料,Unknown
1535,相关数据信息系统,Unknown
1536,相关信息数据,Unknown
1537,取水许可,Unknown
1538,法规与行政审批处,Unknown
1539,中华人民共和国水法,Unknown
1540,直接从江河、湖泊或者地下取用水资源,Unknown
1541,国务院水行政主管部门,Unknown
1542,全国取水许可制度和水资源有偿使用制度的组织实施,Unknown
1543,水行政主管部门或者流域管理机构,Unknown
1544,直接从江河、湖泊或者地下取用水资源的单位和个人,Unknown
1545,取水许可制度的组织实施和监督管理,Unknown
1546,分级审批,Unknown
1547,《陕西省水土保持条例》,Unknown
1548,县级以上水行政主管部门,Unknown
1549,水土保持设施造价,Unknown
1550,体育卫生与艺术教育处,Unknown
1551,学校卫生工作条例,Unknown
1552,教育行政部门,Unknown
1553,学校卫生工作行政管理,Unknown
1554,学校卫生工作监督指导,Unknown
1555,"直接责任单位或者个人,给予警告",Unknown
1556,"教育行政部门,给予行政处分",Unknown
1557,"直接责任单位或者个人,处以罚款",Unknown
1558,广告经营者,Unknown
1559,广告发布者,Unknown
1560,价格主管部门,Unknown
1561,"建立、健全广告业务的承接登记、审核、档案管理制度的,广告经营者",Unknown
1562,"建立、健全广告业务的承接登记、审核、档案管理制度的,广告发布者",Unknown
1563,"核对广告内容的,广告经营者",Unknown
1564,"核对广告内容的,广告发布者",Unknown
1565,政策法规与执法处,Unknown
1566,城市新建民用建筑,Unknown
1567,国家有关规定不修建战时可用于防空的地下室,Unknown
1568,县级以上人民政府人民防空主管部门,Unknown
1569,限期修建,Unknown
1570,十万元以下的罚款,Unknown
1571,防空地下室,Unknown
1572,人民防空工程易地建设费,Unknown
1573,易地建设,Unknown
1574,本办法规定不修建或者未按规定的面积修建防空地下室,Unknown
1575,建设单位限期修建、补建,Unknown
1576,应建防空地下室工程造价的百分之五、总额不超过十万元的罚款,Unknown
1577,市政府,Unknown
1578,某街道办事处,Unknown
1579,无直接关联,Unknown
1580,县级以上地方卫生行政部门,Unknown
1581,通报批评,Unknown
1582,对主要负责人行政处分,Unknown
1583,对负有责任的主管人员行政处分,Unknown
1584,对其他责任人员行政处分,Unknown
1585,刑法,Unknown
1586,经营者收购旧电器电子产品未对收购产品进行登记,Unknown
1587,未建立旧电器电子产品档案资料,Unknown
1588,旧电器电子产品市场未建立旧电器电子经营者档案,Unknown
1589,扣留违法的枪支,Unknown
1590,嫌疑赃物,Unknown
1591,《中华人民共和国枪支管理法》,Unknown
1592,《机动车修理业、报废机动车回收业治安管理办法》,Unknown
1593,携带枪支必须同时携带持枪证件,Unknown
1594,"未携带持枪证件的,由公安机关扣留枪支",Unknown
1595,"对有赃物嫌疑的,公安机关应当予以扣留",Unknown
1596,"公安机关在接到报告后,应在48小时内作出处理决定",Unknown
1597,运输的枪支,Unknown
1598,有赃物嫌疑的物品,Unknown
1599,不是赃物的物品,Unknown
1600,欺诈,Unknown
1601,伪造证明材料,Unknown
1602,其他手段,Unknown
1603,骗取社会保险基金支出,Unknown
1604,《互联网广告管理办法》第六条,Unknown
1605,《互联网广告管理办法》第十二条,Unknown
1606,华侨身份认定,Unknown
1607,西安市人民政府侨务办公室,Unknown
1608,侨务处,Unknown
1609,国务院侨办《关于界定华侨外籍华人归侨侨眷身份的规定》（国侨发〔2009〕5号）,Unknown
1610,定居,Unknown
1611,中国公民已取得住在国长期或者永久居留权，并已在住在国连续居留两年，两年内累计居留不少于18个月,Unknown
1612,中国公民虽未取得住在国长期或者永久居留权，但已取得住在国连续5年以上(含5年,Unknown
1613,中国公民出国留学(包括公派和自费,Unknown
1614,中国公民因公务出国(包括外派劳务人员,Unknown
1615,科技与种业处,Unknown
1616,完成关系国家利益或者公共利益并有重大应用价值的植物新品种育种的单位或者个人,Unknown
1617,县级以上人民政府或者有关部门,Unknown
1618,市政府工作,Unknown
1619,未依照批准的取水许可规定条件取水,Unknown
1620,《中华人民共和国黄河保护法》第一百一十三条,Unknown
1621,对水利工程建设项目验收的监督检查,Unknown
1622,《水利工程建设项目验收管理规定》,Unknown
1623,2017修正,Unknown
1624,某社区,Unknown
1625,《中华人民共和国职业教育法》,Unknown
1626,接纳职业学校和职业培训机构学生实习的单位,Unknown
1627,相应的法律责任,Unknown
1628,共同负责,Unknown
1629,职业学校,Unknown
1630,职业培训机构,Unknown
1631,人力资源服务机构,Unknown
1632,组织、安排、管理学生实习实训,Unknown
1633,劳务派遣单位,Unknown
1634,非法从事人力资源服务、劳务派遣业务的单位或个人,Unknown
1635,假冒授权品种违法行为的处罚,Unknown
1636,西安市林木种苗工作站,Unknown
1637,《中华人民共和国戒毒法》第六十六条,Unknown
1638,责令停止违法业务活动,Unknown
1639,没收违法所得和使用的药品、医疗器械等物品,Unknown
1640,已废止,Unknown
1641,对新建、改建、扩建二次供水设施不符合国家和本省、市的相关标准投入使用的行政处罚,Unknown
1642,《西安市生活饮用水二次供水管理和卫生监督规定》,Unknown
1643,市政府令第96号公布,Unknown
1644,市水行政管理部门,Unknown
1645,"违反本规定的行为,进行,责令限期改正",Unknown
1646,"违反本规定的行为,进行,罚款",Unknown
1647,1000元以下,Unknown
1648,"包括,经营性行为",Unknown
1649,30000元以下,Unknown
1650,公共租赁住房管理办法,Unknown
1651,房地产经纪机构,Unknown
1652,公共租赁住房出租,Unknown
1653,公共租赁住房转租,Unknown
1654,公共租赁住房出售,Unknown
1655,房地产经纪人员,Unknown
1656,县级以上地方人民政府住房城乡建设(房地产)主管部门,Unknown
1657,第三十二条,Unknown
1658,农产品质量安全检测机构,Unknown
1659,虚假检测报告,Unknown
1660,刑事处罚,Unknown
1661,重大农产品质量安全事故,Unknown
1662,县级以上人民政府农业农村主管部门,Unknown
1663,所收取的检测费用,Unknown
1664,"农产品生产经营者,承担连带责任",Unknown
1665,农产品质量安全检测工作,Unknown
1666,上述人员,Unknown
1667,授予其资质的主管部门或者机构,Unknown
1668,农产品质量安全检测机构的资质证书,Unknown
1669,县政府决定,Unknown
1670,《中华人民共和国大气污染防治法》,Unknown
1671,2018年,Unknown
1672,生产、进口、销售或者使用不符合规定标准或者要求的锅炉,Unknown
1673,罚款范围,Unknown
1674,二万元以上二十万元以下,Unknown
1675,伪造、转让、涂改、买卖、出租、出借《河道采砂许可证》,Unknown
1676,《西安市河道采砂管理办法》,Unknown
1677,《河道采砂许可证》,Unknown
1678,西安市人民政府,Unknown
1679,非营业性爆破作业单位许可,Unknown
1680,民用爆炸物品安全管理条例,Unknown
1681,申请从事爆破作业的单位,Unknown
1682,有关人民政府公安机关提出申请,Unknown
1683,受理申请的公安机关,Unknown
1684,自受理申请之日起20日内进行审查,Unknown
1685,符合条件的单位,Unknown
1686,《爆破作业单位许可证》,Unknown
1687,不符合条件的单位,Unknown
1688,化妆品生产企业许可条件,Unknown
1689,未按规定申请变更,Unknown
1690,质量安全负责人,Unknown
1691,未按规定报告,Unknown
1692,预留的联系方式,Unknown
1693,对律师和律师事务所的表彰,Unknown
1694,《律师事务所管理办法》,Unknown
1695,对律师事务所进行表彰,Unknown
1696,设区的市级司法行政机关,Unknown
1697,《律师执业管理办法》,Unknown
1698,对律师进行表彰,Unknown
1699,房地产开发企业,Unknown
1700,《白蚁预防合同》,Unknown
1701,其他实施房屋白蚁预防的证明文件,Unknown
1702,白蚁预防质量保证的内容,Unknown
1703,房屋所在地的县级以上地方人民政府房地产行政主管部门,Unknown
1704,本规定第十一条第一款,Unknown
1705,本规定进行白蚁预防,Unknown
1706,房地产行政主管部门,Unknown
1707,按照本规定实施房屋白蚁预防的证明文件,Unknown
1708,开办外籍人员子女学校审批,Unknown
1709,对外合作与交流处,Unknown
1710,国务院对确需保留的行政审批项目设定行政许可的决定,Unknown
1711,教育部,Unknown
1712,陕西省人民政府,Unknown
1713,省政府令第235号,Unknown
1714,省教育厅,Unknown
1715,省教育厅部分权限,Unknown
1716,《陕西省人民政府关于委托一批行政许可事项的决定》,Unknown
1717,渭河流域各类保护、开发、建设活动监督检查,Unknown
1718,《陕西省渭河保护条例》,Unknown
1719,县级以上水利、自然资源、生态环境等行政主管部门应当依照职责分工，对渭河流域各类保护、开发、建设活动进行监督检查,Unknown
1720,根据渭河生态区保护的需要，设区的市、县（市、区）人民政府可以建立综合执法机构，或者依法委托有关保护管理机构进行执法,Unknown
1721,"""行政处罚""",Unknown
1722,"""西安市人力资源和社会保障局""",Unknown
1723,"""劳动保障监察执法处""",Unknown
1724,临时占用公共体育设施或改变公共体育场地设施的功能、用途审批,Unknown
1725,《中华人民共和国体育法》（2022修订）第八十七条,Unknown
1726,公共体育场地设施及其建设用地,Unknown
1727,公共体育场地设施,Unknown
1728,公共体育场地设施的功能、用途或者妨碍其正常使用,Unknown
1729,"由,任何单位和个人",Unknown
1730,"需经,本级人民政府体育行政部门同意",Unknown
1731,"需报,上一级人民政府体育行政部门批准",Unknown
1732,《城镇燃气管理条例》,Unknown
1733,2010年11月19日,Unknown
1734,2016年2月6日,Unknown
1735,燃气经营者,Unknown
1736,拒绝向市政燃气管网覆盖范围内符合用气条件的单位或者个人供气,Unknown
1737,燃气管理部门,Unknown
1738,处1万元以上10万元以下罚款,Unknown
1739,吊销燃气经营许可证,Unknown
1740,构成犯罪的燃气经营者,Unknown
1741,五万元以上十万元以下罚款,Unknown
1742,检测费用五倍以上十倍以下罚款,Unknown
1743,利用职权压价发包或者低价出租集体资产或者非法确定承包人、承租人,Unknown
1744,应当进行资产评估而未评估,Unknown
1745,平调、截留集体资产,Unknown
1746,70周岁以上老年人生活保健补贴,Unknown
1747,行政给付,Unknown
1748,老龄健康处,Unknown
1749,重点用能工业企业,Unknown
1750,能源统计岗位,Unknown
1751,计量岗位,Unknown
1752,技术和综合管理岗位,Unknown
1753,能源管理负责人,Unknown
1754,西安市节能监管中心,Unknown
1755,西安市工业节能条例,Unknown
1756,《医师资格考试暂行办法》,Unknown
1757,卫生部令第4号发布,Unknown
1758,2018年6月7日第三次修订,Unknown
1759,"由,国家卫生健康委员会国卫办发〔2018〕15号",Unknown
1760,考试工作人员,Unknown
1761,县级以上卫生行政部门给予警告或取消考试工作人员资格,Unknown
1762,"可以给予,记过、记大过、降级、降职、撤职、开除等处分",Unknown
1763,犯罪,Unknown
1764,条例,Unknown
1765,使用有毒物品作业场所劳动保护条例,Unknown
1766,职业卫生医师和护士,Unknown
1767,淋浴间,Unknown
1768,清洗、存放和处理工作服、工作鞋帽等物品的专用间,Unknown
1769,从事使用高毒物品作业一定年限的劳动者进行岗位轮换,Unknown
1770,未经批准擅自进口或者转让放射性同位素,Unknown
1771,未取得辐射安全许可证或未按规定办理重新申请、延续、变更、注销手续从事放射性同位素和射线装置生产、销售、使用活动,Unknown
1772,伪造、变造、买卖、转借、冒用船舶检验证书、船舶登记证书、船员适任证书或者其他适任证件,Unknown
1773,有关的证书或者证件,Unknown
1774,有违法所得,Unknown
1775,没有违法所得或者违法所得不足2万元,Unknown
1776,1万元以上5万元以下的罚款,Unknown
1777,触犯刑律的,Unknown
1778,伪造、变造、买卖国家机关公文、证件罪或者其他罪,Unknown
1779,牲畜定点屠宰厂(场),Unknown
1780,陕西省牲畜屠宰管理条例,Unknown
1781,县级以上商务行政主管部门,Unknown
1782,牲畜定点屠宰厂(场,Unknown
1783,向所在地县级商务行政主管部门报告,Unknown
1784,设区的市人民政府审查,Unknown
1785,市商务局,Unknown
1786,市农业委员会,Unknown
1787,区县经贸部门,Unknown
1788,区县农业部门,Unknown
1789,市政发〔2013〕56号,Unknown
1790,市政发〔2013〕58号,Unknown
1791,《安全评价检测检验机构管理办法》,Unknown
1792,安全评价检测检验机构,Unknown
1793,机构名称、注册地址、实验室条件、法定代表人、专职技术负责人、授权签字人发生变化,Unknown
1794,情形之一,Unknown
1795,机构名称、注册地址、实验室条件、法定代表人、专职技术负责人、授权签字人发生变化之日起三十日内未向原资质认可机关提出变更申请,Unknown
1796,逾期未改正的,Unknown
1797,一万元以上三万元以下,Unknown
1798,相关责任人,Unknown
1799,一千元以上五千元以下,Unknown
1800,情节严重的,Unknown
1801,五千元以上一万元以下,Unknown
1802,各级体育、教育行政部门,Unknown
1803,表彰或奖励,Unknown
1804,传统项目校及个人,Unknown
1805,《体育传统项目学校管理办法》,Unknown
1806,货运经营者,Unknown
1807,道路危险货物运输企业或者单位,Unknown
1808,道路运输相关业务经营者,Unknown
1809,已撤销,Unknown
1810,出租汽车行业管理机构,Unknown
1811,非法营运车辆,Unknown
1812,当事人,Unknown
1813,处理,Unknown
1814,车辆,Unknown
1815,被扣车辆,Unknown
1816,抵缴罚款,Unknown
1817,第二类精神药品零售业务审批,Unknown
1818,《中华人民共和国禁毒法》,Unknown
1819,《麻醉药品和精神药品管理条例》,Unknown
1820,实行统一进货、统一配送、统一管理的药品零售连锁企业,Unknown
1821,第二类精神药品零售业务,Unknown
1822,所在地设区的市级药品监督管理部门批准,Unknown
1823,对排放水污染物的单位未按规定安装自动监测设备、未按规定与环保部门联网或未保证监测设备正常运行的行政处罚,Unknown
1824,西安市户外广告设置管理条例,Unknown
1825,户外广告设置权人,Unknown
1826,安全检测,Unknown
1827,检测报告,Unknown
1828,户外广告设置行政主管部门,Unknown
1829,中华人民共和国环境保护法,Unknown
1830,西安市环境噪声污染防治条例,Unknown
1831,排放污染物的企业事业单位和其他生产经营者,Unknown
1832,排放噪声的单位或者场所,Unknown
1833,企业事业单位和其他生产经营者产生环境噪声的现场,Unknown
1834,《剧毒化学品购买和公路运输许可证件管理办法》,Unknown
1835,未按规定更正剧毒化学品购买许可证回执填写错误,Unknown
1836,对违反《营业性演出管理条例》的处罚,Unknown
1837,婴幼儿配方乳粉产品配方注册申请人,Unknown
1838,未依法申请变更的事项,Unknown
1839,县级以上地方市场监督管理部门,Unknown
1840,获证产品及其销售包装,Unknown
1841,认证证书所含内容,Unknown
1842,认证证书,Unknown
1843,认证标志,Unknown
1844,认证标志使用管理制度,Unknown
1845,认证委托人,Unknown
1846,认证规则,Unknown
1847,认证标志使用方式,Unknown
1848,产品及其包装,Unknown
1849,广告,Unknown
1850,产品介绍等宣传材料,Unknown
1851,国务院建设行政主管部门,Unknown
1852,全国的建设工程安全生产实施监督管理,Unknown
1853,国务院铁路、交通、水利等有关部门,Unknown
1854,有关专业建设工程安全生产的监督管理,Unknown
1855,县级以上地方人民政府建设行政主管部门,Unknown
1856,本行政区域内的建设工程安全生产实施监督管理,Unknown
1857,县级以上地方人民政府交通、水利等有关部门,Unknown
1858,本行政区域内的专业建设工程安全生产的监督管理,Unknown
1859,县级以上人民政府负有建设工程安全生产监督管理职责的部门,Unknown
1860,安全监督检查职责,Unknown
1861,要求被检查单位提供有关建设工程安全生产的文件和资料,Unknown
1862,进入被检查单位施工现场进行检查,Unknown
1863,纠正施工中违反安全生产要求的行为,Unknown
1864,"对检查中发现的安全事故隐患,责令立即排除",Unknown
1865,"重大安全事故隐患排除前或者排除过程中无法保证安全的,责令从危险区域内撤出作业人员或者暂时停止施工",Unknown
1866,《道路交通安全法》,Unknown
1867,《道路交通安全法》第九十条,Unknown
1868,指导督促开展防震减灾知识宣传教育工作,Unknown
1869,西安市地震局,Unknown
1870,宣传法规处,Unknown
1871,环境卫生管理处,Unknown
1872,城市人民政府环境卫生行政主管部门,Unknown
1873,表彰和奖励,Unknown
1874,《城市公厕管理办法》,Unknown
1875,公安机关代履行,Unknown
1876,蚕种的监督检查,Unknown
1877,《蚕种管理办法》,Unknown
1878,农业农村部,Unknown
1879,全国蚕种的管理工作,Unknown
1880,县级以上地方人民政府农业农村（蚕业）主管部门,Unknown
1881,本行政区域内的蚕种管理工作,Unknown
1882,道桥管理处,Unknown
1883,灯饰照明管理处,Unknown
1884,排水管理处,Unknown
1885,陕西省城市市政公用设施管理条例,Unknown
1886,市(地区)、县(市、区)建设行政主管部门或市政工程、公用事业行政主管部门,Unknown
1887,城市市政公用设施的建设、养护、管理和监督工作,Unknown
1888,各级人民政府或建设行政主管部门,Unknown
1889,检举人或保护市政公用设施的有功人员给以表彰和奖励,Unknown
1890,土地复垦验收确认,Unknown
1891,国土空间生态修复处,Unknown
1892,水资源配置和节约使用,Unknown
1893,西安市节约用水服务中心,Unknown
1894,陕西省节约用水办法,Unknown
1895,县级以上地方人民政府水行政主管部门,Unknown
1896,节约用水工作,Unknown
1897,流域管理机构,Unknown
1898,节约用水政策和标准,Unknown
1899,节约用水规划,Unknown
1900,用水总量控制和定额管理等制度,Unknown
1901,节水型社会建设,Unknown
1902,实体,Unknown
1903,《西安市城市绿化条例》,Unknown
1904,擅自拆除绿篱、花坛或者铲除草坪,Unknown
1905,第三十一条,Unknown
1906,城市绿地范围内,Unknown
1907,"""查封登记""",Unknown
1908,"""行政确认""",Unknown
1909,"""西安市自然资源和规划局""",Unknown
1910,补证登记,Unknown
1911,《不动产登记暂行条例实施细则》,Unknown
1912,国土资源部令第63号公布,Unknown
1913,2019年7月自然资源部令第5号修正,Unknown
1914,不动产权利人,Unknown
1915,补发,Unknown
1916,不动产登记机构,Unknown
1917,不动产权利人的遗失、灭失声明,Unknown
1918,15个工作日后,Unknown
1919,机械企业,Unknown
1920,冷却水系统,Unknown
1921,铸造用熔炼炉,Unknown
1922,精炼炉,Unknown
1923,压铸机,Unknown
1924,氧枪,Unknown
1925,建设项目的节水设施没有建成或者没有达到国家规定的要求擅自投入使用行为,Unknown
1926,县级以上人民政府有关部门或者流域管理机构,Unknown
1927,城市节约用水行政主管部门,Unknown
1928,西安市城市节约用水条例,Unknown
1929,出租汽车经营者,Unknown
1930,驾驶员,Unknown
1931,巡游出租汽车经营者,Unknown
1932,县级以上地方人民政府出租汽车行政主管部门,Unknown
1933,《西安市出租汽车管理条例》,Unknown
1934,《巡游出租汽车经营服务管理规定》,Unknown
1935,烟花爆竹生产经营企业,Unknown
1936,未经安全性论证或者擅自更改、改变用途的机械设备使用,Unknown
1937,行政处罚权,Unknown
1938,行政处罚实施,Unknown
1939,生产经营单位未采取措施消除事故隐患的法律责任,Unknown
1940,《国家安全监管总局关于印发〈化工和危险化学品生产经营单位重大生产安全事故隐患判定标准（试行）〉和〈烟花爆竹生产经营单位重大生产安全事故隐患判定标准（试行）〉的通知》,Unknown
1941,对违反宅基地法律法规的行为的监督检查,Unknown
1942,《中华人民共和国土地管理法》(2019年8月修正,Unknown
1943,《中华人民共和国土地管理法》(2019年8月修正),Unknown
1944,违反农村宅基地管理法律、法规的行为,Unknown
1945,本法关于自然资源主管部门监督检查的规定,Unknown
1946,"要求被检查的单位或者个人提供有关土地权利的文件和资料,进行查阅或者予以复制",Unknown
1947,要求被检查的单位或者个人就有关土地权利的问题作出说明,Unknown
1948,进入被检查单位或者个人非法占用的土地现场进行勘测,Unknown
1949,责令非法占用土地的单位或者个人停止违反土地管理法律、法规的行为,Unknown
1950,防空地下室质量监督,Unknown
1951,竣工验收,Unknown
1952,人防工程质量监督站,Unknown
1953,零售商供应商公平交易管理办法,Unknown
1954,2006年10月,Unknown
1955,各地商务、价格、税务、工商等部门,Unknown
1956,法律法规及本办法,Unknown
1957,县级以上商务主管部门,Unknown
1958,零售商供应商公平交易行为,Unknown
1959,上述部门,Unknown
1960,举报,Unknown
1961,零售商或供应商,Unknown
1962,本办法规定,Unknown
1963,法律法规,Unknown
1964,有规定,Unknown
1965,三倍以下,Unknown
1966,没有违法所得,Unknown
1967,一万元以下,Unknown
1968,涉嫌犯罪线索,Unknown
1969,县级以上商务、价格、税务、工商等部门,Unknown
1970,当地公安机关,Unknown
1971,三级、四级实验室,Unknown
1972,未经批准从事某种高致病性病原微生物或者疑似高致病性病原微生物实验活动,Unknown
1973,县级以上地方人民政府卫生主管部门,Unknown
1974,有关活动,Unknown
1975,用于实验活动的病原微生物销毁或者送交保藏机构,Unknown
1976,实验室的设立单位,Unknown
1977,主要负责人、直接负责的主管人员和其他直接责任人员撤职、开除的处分,Unknown
1978,主要负责人、直接负责的主管人员和其他直接责任人员,Unknown
1979,撤职、开除的处分,Unknown
1980,"""宅基地使用权首次登记""",Unknown
1981,"""西安市不动产登记服务中心""",Unknown
1982,住房分配货币化方案审核,Unknown
1983,住房制度改革处,Unknown
1984,西安市住房分配货币化实施办法,Unknown
1985,职工住房情况,Unknown
1986,住房补贴对象,Unknown
1987,市、区房改行政管理部门,Unknown
1988,《关于申请核定住房补贴的报告》,Unknown
1989,市、区财政行政管理部门,Unknown
1990,住房资金,Unknown
1991,职工,Unknown
1992,住房补贴,Unknown
1993,房改行政管理部门,Unknown
1994,职工购房申请,Unknown
1995,西安住房公积金管理中心,Unknown
1996,职工住房补贴,Unknown
1997,三侨考生,Unknown
1998,归侨学生,Unknown
1999,华侨子女,Unknown
2000,归侨子女,Unknown
2001,中华人民共和国归侨侨眷权益保护法实施办法,Unknown
2002,归侨,Unknown
2003,其常住户口所在地的县级以上地方人民政府负责侨务工作的机构,Unknown
2004,侨眷,Unknown
2005,教育等有关部门,Unknown
2006,华侨在国内的子女,Unknown
2007,融资担保公司设立,Unknown
2008,合并,Unknown
2009,分立,Unknown
2010,减少注册资本,Unknown
2011,跨省设立分支机构审核转报,Unknown
2012,对具有麻醉药品和第一类精神药品处方资格的执业医师,Unknown
2013,违反本条例的规定开具麻醉药品和第一类精神药品处方,Unknown
2014,未按照临床应用指导原则的要求使用麻醉药品和第一类精神药品,Unknown
2015,未按照临床应用指导原则的要求使用第二类精神药品,Unknown
2016,未使用专用处方开具第二类精神药品,Unknown
2017,严重后果,Unknown
2018,对未取得麻醉药品和第一类精神药品处方资格的执业医师擅自开具麻醉药品和第一类精神药品处方的处罚,Unknown
2019,被检查者,Unknown
2020,拒不配合检查,Unknown
2021,在接受检查时弄虚作假,Unknown
2022,地方人民政府生态环境主管部门,Unknown
2023,"其他负有土壤污染防治监督管理职责的部门,责令改正",Unknown
2024,处五千元以上二万元以下的罚款,Unknown
2025,基金会,Unknown
2026,弄虚作假骗取登记,Unknown
2027,基金会分支机构,Unknown
2028,基金会代表机构,Unknown
2029,境外基金会代表机构,Unknown
2030,自取得登记证书之日起12个月内未按章程规定开展活动,Unknown
2031,"符合注销条件,不按照本条例的规定办理注销登记仍继续开展活动",Unknown
2032,金属非金属地下矿山重大事故隐患,Unknown
2033,公路建筑控制区外修建的建筑物、地面构筑物以及其他设施,Unknown
2034,公路标志,Unknown
2035,安全视距,Unknown
2036,公路管理机构,Unknown
2037,违法行为人,Unknown
2038,医疗器械经营企业,Unknown
2039,质量管理体系年度自查报告,Unknown
2040,为其他医疗器械生产经营企业专门提供贮存、运输服务,Unknown
2041,药品监督管理部门,Unknown
2042,处1万元以上5万元以下罚款,Unknown
2043,处5万元以上10万元以下罚款,Unknown
2044,医疗器械经营监督管理办法,Unknown
2045,Municipal facility construction approval,Unknown
2046,Administrative permit,Unknown
2047,Xi'an City Management and Comprehensive Law Enforcement Bureau,Unknown
2048,Administrative approval department,Unknown
2049,非煤矿山承包单位,Unknown
2050,《非煤矿山外包工程安全管理暂行办法》,Unknown
2051,承包单位,Unknown
2052,法律、法规、规章的规定以及承包合同和安全生产管理协议的约定,Unknown
2053,本办法第二十二条的规定,Unknown
2054,责令,Unknown
2055,给予,Unknown
2056,处,Unknown
2057,《中华人民共和国内河交通安全管理条例》,Unknown
2058,第八十条,Unknown
2059,国土空间城市设计导则,Unknown
2060,城市设计处,Unknown
2061,对当事人逾期不执行停产、停业使用、停止施工决定的强制执行,Unknown
2062,消防支队、大队,Unknown
2063,除本法另有规定的外的行政处罚,Unknown
2064,"《中华人民共和国治安管理处罚法》,传唤消防安全违法行为人",Unknown
2065,被责令停止施工、停止使用、停产停业的,Unknown
2066,"向公安机关消防机构,报告",Unknown
2067,"方可,恢复施工、使用、生产、经营",Unknown
2068,停产停业、停止使用、停止施工决定,Unknown
2069,作出决定的公安机关消防机构,Unknown
2070,当事人逾期不执行的决定,Unknown
2071,责令停产停业,Unknown
2072,由公安机关消防机构提出意见,Unknown
2073,"依法决定,责令停产停业",Unknown
2074,"公安机关等部门,实施,责令停产停业",Unknown
2075,《西安市公共汽车客运条例》,Unknown
2076,取得公共汽车线路运营权的运营企业,Unknown
2077,运营企业,Unknown
2078,禁止,Unknown
2079,在道路、桥涵保护范围内取土、采砂、爆破、取石、打井、倾倒垃圾和存放易燃、易爆物品,Unknown
2080,处以警告,Unknown
2081,处以五十元以上一千元以下罚款,Unknown
2082,情节严重的处以一千元以上一万元以下罚款,Unknown
2083,造成重大危害后果的处以一万元以上二万元以下罚款,Unknown
2084,对依法应当进行消防设计审查的建设工程,Unknown
2085,"未经依法审查或者审查不合格,擅自施工",Unknown
2086,依法应当进行消防验收的建设工程,Unknown
2087,"未经消防验收或者消防验收不合格,擅自投入使用",Unknown
2088,"《消防法》第十三条规定的其他建设工程验收后经依法抽查不合格,不停止使用",Unknown
2089,娱乐场所管理条例（国务院令第 458 号）,Unknown
2090,责令停业整顿1个月至3个月,Unknown
2091,特种设备安装,Unknown
2092,特种设备改造,Unknown
2093,特种设备修理,Unknown
2094,《中华人民共和国特种设备安全法》,Unknown
2095,特种设备安全监督管理的部门,Unknown
2096,特种设备使用单位,Unknown
2097,书面告知,Unknown
2098,技术资料和文件,Unknown
2099,三十日,Unknown
2100,户外广告设施安全隐患,Unknown
2101,户外广告设施维护管理,Unknown
2102,户外广告设施安全保障,Unknown
2103,户外广告设施维护管理责任人,Unknown
2104,户外广告设施安全保障责任人,Unknown
2105,日常维护管理,Unknown
2106,定期安全检查,Unknown
2107,户外广告设施,Unknown
2108,"设计使用年限,设置权人,予以更新",Unknown
2109,"户外广告设置权人,责令限期改正",Unknown
2110,"户外广告设置权人,处以罚款",Unknown
2111,对企业,Unknown
2112,企业环境信息依法披露管理办法,Unknown
2113,设区的市级以上生态环境主管部门,Unknown
2114,艾滋病防治条例,Unknown
2115,陕西省艾滋病防治条例,Unknown
2116,政府有关部门,Unknown
2117,县级以上人民政府及其有关行政主管部门,Unknown
2118,《国务院关于加强食品等产品安全监督管理的特别规定》,Unknown
2119,2007年7月26日,Unknown
2120,生产者,Unknown
2121,原料,Unknown
2122,辅料,Unknown
2123,添加剂,Unknown
2124,农业投入品,Unknown
2125,农业、卫生、质检、商务、药品等监督管理部门,Unknown
2126,吊销许可证照,Unknown
2127,已废止的某某规定,Unknown
2128,未进行计算机信息网络国际联网备案的行政处罚,Unknown
2129,小型露天采石场安全管理与监督检查规定,Unknown
2130,废石场的设置,Unknown
2131,设计要求和有关安全规定,Unknown
2132,违反本规定,Unknown
2133,2万元以下的罚款,Unknown
2134,《护士条例》,Unknown
2135,国务院卫生主管部门,Unknown
2136,护士配备标准,Unknown
2137,国务院卫生主管部门规定的护士配备标准和在医疗卫生机构合法执业的护士数量,Unknown
2138,国家举办的医疗卫生机构,Unknown
2139,"校车未运载学生上道路行驶,使用校车标牌、校车标志灯及使用停车指示标志的处罚",Unknown
2140,校车驾驶人,Unknown
2141,公安机关交通管理部门责令改正,Unknown
2142,道路交通安全法律法规关于道路通行规定,Unknown
2143,从重处罚,Unknown
2144,牲畜定点屠宰厂,Unknown
2145,屠宰、销售等相关信息,Unknown
2146,信息报送制度,Unknown
2147,"划入,市农业委员会",Unknown
2148,"划转,区县农业部门",Unknown
2149,网络餐饮服务第三方平台提供者,Unknown
2150,投诉举报处理制度,Unknown
2151,投诉举报方式,Unknown
2152,及时进行处理,Unknown
2153,违反本办法第十七条规定的行为,Unknown
2154,拒不改正的行为,Unknown
2155,5000元以上3万元以下,Unknown
2156,《网络餐饮服务食品安全监督管理办法》,Unknown
2157,对慈善组织违反《中华人民共和国慈善法》第十四条规定造成慈善财产损失的,Unknown
2158,指定或者变相指定捐赠人、慈善组织管理人员的利害关系人作为受益人的,Unknown
2159,将不得用于投资的财产用于投资的,Unknown
2160,擅自改变捐赠财产用途的,Unknown
2161,因管理不善造成慈善财产重大损失的,Unknown
2162,开展慈善活动的年度支出、管理费用或者募捐成本违反规定的,Unknown
2163,未依法履行信息公开义务的,Unknown
2164,未依法报送年度工作报告、财务会计报告或者报备募捐方案的,Unknown
2165,泄露捐赠人、志愿者、受益人个人隐私以及捐赠人、慈善信托的委托人不同意公开的姓名、名称、住所、通讯方式等信息的,Unknown
2166,旅行社责任险,Unknown
2167,旅游行政管理部门责令改正,Unknown
2168,对旅行社不投保旅行社责任险的行政处罚,Unknown
2169,企业未依照规定公开其执行的标准的处理,Unknown
2170,标准化行政主管部门,Unknown
2171,企业未依照规定公开其执行的标准,Unknown
2172,标准信息公共服务平台,Unknown
2173,逾期不改正的企业,Unknown
2174,经营性或非经营性互联网文化单位,Unknown
2175,非经营性互联网文化单位,Unknown
2176,经营性互联网文化单位,Unknown
2177,林业有害生物预测预报信息发布,Unknown
2178,陕西省林业有害生物防治检疫条例,Unknown
2179,陕西省人民代表大会常务委员会,Unknown
2180,县级以上林业行政主管部门,Unknown
2181,林业有害生物预警预报发布制度,Unknown
2182,预警预报信息,Unknown
2183,广播,Unknown
2184,林业有害生物预警预报信息,Unknown
2185,电视,Unknown
2186,报刊,Unknown
2187,网络,Unknown
2188,未经授权,Unknown
2189,"不得发布,预警预报信息",Unknown
2190,未经批准擅自在野外进行放射性同位素示踪试验的行政处罚,Unknown
2191,《放射性同位素与射线装置安全和防护条例》,Unknown
2192,未经批准擅自在野外进行放射性同位素示踪试验的,Unknown
2193,"""扣押涉案的财物""",Unknown
2194,"""行政强制""",Unknown
2195,"""市公安局""",Unknown
2196,"""各业务部门""",Unknown
2197,对违规收取和退还投标保证金的处罚,Unknown
2198,2011年12月20日,Unknown
2199,2019年3月,Unknown
2200,超过本条例规定的比例收取投标保证金、履约保证金或者不按照规定退还投标保证金及银行同期存款利息,Unknown
2201,住房公积金贷款核准,Unknown
2202,住房公积金管理条例,Unknown
2203,西安市住房公积金管理条例,Unknown
2204,住房公积金管理中心,Unknown
2205,申请人,Unknown
2206,管理中心,Unknown
2207,金属非金属凹陷露天矿山,Unknown
2208,防洪、排洪设施,Unknown
2209,凹陷露天矿山未按设计建设防洪、排洪设施,Unknown
2210,生产经营单位未采取措施消除事故隐患,Unknown
2211,节能处,Unknown
2212,科技促进中心,Unknown
2213,建设领域推广应用新技术管理规定,Unknown
2214,主管部门,Unknown
2215,单位和个人,Unknown
2216,医疗机构设置审查,Unknown
2217,县级以上地方人民政府卫生行政部门,Unknown
2218,粮食收购者,Unknown
2219,真菌毒素,Unknown
2220,粮食储存企业,Unknown
2221,霉变,Unknown
2222,粮食和储备行政管理部门,Unknown
2223,并处1万元以上5万元以下罚款,Unknown
2224,并处货值金额1倍以上5倍以下罚款,Unknown
2225,储存期间使用储粮药剂未满安全间隔期的,Unknown
2226,被包装材料、容器、运输工具等污染的,Unknown
2227,其他法律、法规或者国家有关规定明确不得作为食用用途销售的,Unknown
2228,指导生态环境部政策,Unknown
2229,某企业环保部,Unknown
2230,《中华人民共和国噪声污染防治法》,Unknown
2231,噪声重点排污单位未按照国家规定安装、使用、维护噪声自动监测设备，或者未与生态环境主管部门的监控设备联网的,Unknown
2232,对招摇撞骗的处罚,Unknown
2233,西安市生态环境个体户,Unknown
2234,县级以上环境保护行政主管部门,Unknown
2235,所收费用,Unknown
2236,所收费用1倍以上3倍以下,Unknown
2237,《建设项目环境保护管理条例》,Unknown
2238,网络食品交易第三方平台提供者,Unknown
2239,入网食品生产经营者,Unknown
2240,《网络食品安全违法行为查处办法》,Unknown
2241,第三类医疗器械经营企业,Unknown
2242,《医疗器械经营监督管理办法》,Unknown
2243,国家市场监督管理总局令第54号,Unknown
2244,企业名称变更,Unknown
2245,法定代表人变更,Unknown
2246,企业负责人变更,Unknown
2247,地方工商行政管理部门,Unknown
2248,处十万元罚款,Unknown
2249,生产经营者,Unknown
2250,“驰名商标”字样用于商品、商品包装或者容器上,Unknown
2251,“驰名商标”字样用于广告宣传,Unknown
2252,“驰名商标”字样用于展览,Unknown
2253,“驰名商标”字样用于其他商业活动,Unknown
2254,中华人民共和国商标法,Unknown
2255,驰名商标字样,Unknown
2256,商品,Unknown
2257,商品包装或者容器,Unknown
2258,容器,Unknown
2259,广告宣传,Unknown
2260,展览,Unknown
2261,其他商业活动,Unknown
2262,未经注册擅自以注册安全工程师名义执业的行为,Unknown
2263,由县级以上安全生产监督管理部门、有关主管部门或者煤矿安全监察机构责令其停止违法活动，没收违法所得，并处三万元以下的罚款,Unknown
2264,赔偿责任,Unknown
2265,县级以上安全生产监督管理部门、有关主管部门或者煤矿安全监察机构,Unknown
2266,责令其停止违法活动,Unknown
2267,处三万元以下的罚款,Unknown
2268,《注册安全工程师管理规定》,Unknown
2269,《中华人民共和国行政处罚法》,Unknown
2270,民办学校举办者及实际控制人,Unknown
2271,学校法人财产,Unknown
2272,学校获取利益,Unknown
2273,县级以上人民政府教育行政部门,Unknown
2274,1至5年内不得新成为民办学校举办者或实际控制人,Unknown
2275,"社会影响恶劣,永久不得新成为民办学校举办者或实际控制人",Unknown
2276,违反治安管理行为,Unknown
2277,治安管理处罚,Unknown
2278,《中华人民共和国公路法》,Unknown
2279,《陕西省公路路政管理条例》,Unknown
2280,机动车制造厂和其他单位,Unknown
2281,造成公路路面损坏、污染或者影响公路畅通的,Unknown
2282,"将公路作为试车场地的,违法行为,责令停止违法行为",Unknown
2283,交通主管部门,Unknown
2284,五百元以下的罚款,Unknown
2285,公路、公路用地范围内,Unknown
2286,二千元以上五千元以下罚款,Unknown
2287,药品上市许可持有人,Unknown
2288,药品生产企业,Unknown
2289,药品经营企业,Unknown
2290,药物非临床安全性评价研究机构,Unknown
2291,药物临床试验机构,Unknown
2292,药品生产质量管理规范,Unknown
2293,药品经营质量管理规范,Unknown
2294,药物非临床研究质量管理规范,Unknown
2295,药物临床试验质量管理规范,Unknown
2296,销售凭证,Unknown
2297,未取得相应从业资格证件,Unknown
2298,人员,Unknown
2299,使用失效、伪造、变造的从业资格证件,Unknown
2300,超越从业资格证件核定范围,Unknown
2301,设区的市级交通运输主管部门,Unknown
2302,《道路运输从业人员管理规定》,Unknown
2303,对列入目录的产品经过认证后，不按照法定条件、要求从事生产经营活动或者生产、销售不符合法定要求的产品的行政处罚,Unknown
2304,土地储备计划编制,Unknown
2305,"""棉花复验仲裁""",Unknown
2306,"""西安市市场监督管理局""",Unknown
2307,"""纤检所""",Unknown
2308,出售,Unknown
2309,购买,Unknown
2310,利用国家重点保护水生野生动物及其制品审批,Unknown
2311,委托西安市农业农村局(市乡村振兴局,Unknown
2312,西安市汽车客运站场管理办法,Unknown
2313,西安市人民政府令第14号,Unknown
2314,西安市人民政府令第144号,Unknown
2315,站场经营者,Unknown
2316,站场经营者因合并、分立、转让不进行变更登记,Unknown
2317,食品添加剂生产许可,Unknown
2318,行政征收,Unknown
2319,陕西周至国家级自然保护区管理局,Unknown
2320,森林防火条例,Unknown
2321,县级以上地方人民政府林业主管部门,Unknown
2322,森林火灾隐患整改通知书,Unknown
2323,森林防火区内的有关单位或者个人,Unknown
2324,森林防火检查,Unknown
2325,200元以上2000元以下,Unknown
2326,5000元以上1万元以下,Unknown
2327,《危险化学品安全使用许可证实施办法》,Unknown
2328,《中华人民共和国行政许可法》,Unknown
2329,发证机关,Unknown
2330,企业,Unknown
2331,该企业,Unknown
2332,行政机关,Unknown
2333,行政许可申请人,Unknown
2334,申请人在一年内不得再次申请该行政许可,Unknown
2335,被许可人,Unknown
2336,申请人在三年内不得再次申请该行政许可,Unknown
2337,消防技术服务机构管理规定,Unknown
2338,冒用其他社会消防技术服务机构名义,Unknown
2339,消防技术服务机构,Unknown
2340,未取得资质,Unknown
2341,资质被依法注销,Unknown
2342,《西安市城乡规划条例》,Unknown
2343,西安市第十四届人民代表大会常务委员会第二十三次会议,Unknown
2344,西安市人民代表大会常务委员会公告〔16届〕第95号,Unknown
2345,资源规划主管部门,Unknown
2346,规划实施监督巡查制度,Unknown
2347,违法建设,Unknown
2348,要求有关单位或者人员提供与监督事项有关的文件、资料,Unknown
2349,要求有关单位或者人员就监督事项涉及的问题作出解释和说明,Unknown
2350,根据需要进入现场进行检查,Unknown
2351,有关单位或者人员停止违反有关城乡规划的法律、法规和规章的行为,Unknown
2352,相关业务处室,Unknown
2353,企业事业单位和其他生产经营者,Unknown
2354,"可以对,有关设施、设备、物品采取查封、扣押等行政强制措施",Unknown
2355,水泥企业电石渣原料筒型储库,Unknown
2356,固定式可燃气体浓度监测报警装置,Unknown
2357,事故通风装置联锁,Unknown
2358,重大事故隐患判定,Unknown
2359,安全生产违法行为处罚,Unknown
2360,安全设备安装、使用、检测、改造和报废不符合国家标准或者行业标准的行为,Unknown
2361,对麻醉药品药用原植物的种植以及麻醉药品和精神药品的实验研究、生产、经营、使用、储存、运输活动的监督检查,Unknown
2362,造成医疗保障基金损失,Unknown
2363,责令退回,Unknown
2364,参保人员,Unknown
2365,暂停其医疗费用联网结算,Unknown
2366,医疗保障行政部门,Unknown
2367,处骗取金额2倍以上5倍以下的罚款,Unknown
2368,暂停其医疗费用联网结算3个月至12个月,Unknown
2369,违反本规定第十三条第二款,Unknown
2370,违反本规定第十九条,Unknown
2371,档案,Unknown
2372,设奖规则,Unknown
2373,公示信息,Unknown
2374,兑奖结果,Unknown
2375,获奖人员,Unknown
2376,两年,Unknown
2377,《规范促销行为暂行规定》,Unknown
2378,国家市场监督管理总局,Unknown
2379,金属非金属地下矿山企业领导带班下井及监督检查暂行规定,Unknown
2380,《金属非金属地下矿山企业领导带班下井及监督检查暂行规定》,Unknown
2381,未制定领导带班下井制度,Unknown
2382,责令限期整改,Unknown
2383,处3万元的罚款,Unknown
2384,矿山企业主要负责人,Unknown
2385,处1万元的罚款,Unknown
2386,档案馆设置备案,Unknown
2387,西安市档案局,Unknown
2388,档案事业发展处,Unknown
2389,《陕西省档案条例》,Unknown
2390,各级各类档案馆的总体布局,Unknown
2391,省档案行政管理部门统一规划,Unknown
2392,综合档案馆的建立,Unknown
2393,档案行政管理部门提出意见,Unknown
2394,专门档案馆和部门档案馆的建立,Unknown
2395,其业务主管部门提出意见,Unknown
2396,档案行政管理部门同意,Unknown
2397,企业事业单位、其他社会组织和个人,Unknown
2398,建立档案馆,Unknown
2399,所在地县级以上档案行政管理部门备案,Unknown
2400,污水处理设施,Unknown
2401,再生水利用设施设计方案审查,Unknown
2402,污水处理监管处,Unknown
2403,《西安市城市污水处理和再生水利用条例》,Unknown
2404,未经水行政管理部门审查同意,Unknown
2405,不予审核工程项目设计,Unknown
2406,有色企业,Unknown
2407,生产期间冶炼、精炼、铸造生产区域的事故坑、炉下渣坑，以及熔融金属泄漏、喷溅影响范围内的炉前平台、炉基区域、厂房内吊运和地面运输通道等区域存在非生产性积水,Unknown
2408,对其直接负责的主管人员和其他直接责任人员处五万元以上十万元以下的罚款,Unknown
2409,棉花经营者,Unknown
2410,按照国家标准和技术规范,Unknown
2411,排除异性纤维和其他有害物质,Unknown
2412,确定所收购棉花的类别、等级、数量,Unknown
2413,对所收购的超出国家规定水分标准的棉花进行技术处理,Unknown
2414,分类别、分等级置放所收购的棉花,Unknown
2415,棉花质量监督机构,Unknown
2416,3万元以下的罚款,Unknown
2417,《棉花质量监督管理条例》,Unknown
2418,314号公布,Unknown
2419,687号第二次修正,Unknown
2420,本条例第七条第二款、第三款的规定,Unknown
2421,单位供水或用水设施、设备、器具,Unknown
2422,造成漏损严重,Unknown
2423,逾期不改,Unknown
2424,每处2000元以下,Unknown
2425,《西安市城市节约用水条例》（2006修正）,Unknown
2426,未按规定回交剧毒化学品购买证件回执,Unknown
2427,未按规定缴交已使用剧毒化学品购买凭证存根,Unknown
2428,未按规定缴交不再需要使用的剧毒化学品购买凭证,Unknown
2429,未按规定作废、缴交填写错误的剧毒化学品购买凭证,Unknown
2430,原发证公安机关,Unknown
2431,第二十五条,Unknown
2432,农民工工作量,Unknown
2433,工资支付表,Unknown
2434,《保障农民工工资支付条例》,Unknown
2435,2019年12月30日,Unknown
2436,国务院令第724号,Unknown
2437,第五十六条,Unknown
2438,对实施危害航标、危害航标辅助设施或者影响航标工作效能行为的行政处罚,Unknown
2439,粮食和储备行政管理等部门,Unknown
2440,《粮食流通管理条例》,Unknown
2441,中华人民共和国国务院,Unknown
2442,对与违反治安管理行为有关的场所、物品、人身的检查,Unknown
2443,与违反治安管理行为有关的场所、物品、人身,Unknown
2444,由公安机关,Unknown
2445,对外劳务合作经营企业,Unknown
2446,不按规定缴纳或者补足备用金,Unknown
2447,国际经济合作处,Unknown
2448,对外劳务合作管理条例,Unknown
2449,商务主管部门,Unknown
2450,对外劳务合作企业,Unknown
2451,未依照本条例规定缴存或者补足备用金,Unknown
2452,对外劳务合作经营资格证书,Unknown
2453,利用公司名义从事危害国家安全、社会公共利益的严重违法行为,Unknown
2454,《中华人民共和国公司法》（2018年修订）,Unknown
2455,经营性人力资源服务机构,Unknown
2456,人力资源市场处,Unknown
2457,《人力资源市场暂行条例》,Unknown
2458,进入被检查单位进行检查,Unknown
2459,"询问有关人员,查阅服务台账等服务信息档案",Unknown
2460,"要求被检查单位提供与检查事项相关的文件资料,并作出解释和说明",Unknown
2461,采取记录、录音、录像、照相或者复制等方式收集有关情况和资料,Unknown
2462,"监督检查人员不得少于2人,应当出示执法证件,并对被检查单位的商业秘密予以保密",Unknown
2463,被检查单位,Unknown
2464,人力资源社会保障行政部门依法进行的监督检查,Unknown
2465,对旅馆变更登记未备案的处罚,Unknown
2466,《旅馆业治安管理办法》,Unknown
2467,国务院令第588号发布,Unknown
2468,申请开办旅馆,Unknown
2469,主管部门审查批准,Unknown
2470,当地公安机关签署意见,Unknown
2471,工商行政管理部门申请登记,Unknown
2472,营业执照后方准开业,Unknown
2473,经批准开业的旅馆,Unknown
2474,歇业、转业、合并、迁移、改变名称等情况,Unknown
2475,工商行政管理部门办理变更登记后3日内,Unknown
2476,当地的县、市公安局、公安分局备案,Unknown
2477,违反本办法第四条规定开办旅馆,Unknown
2478,可以酌情给予警告或者处以200元以下罚款,Unknown
2479,应当协助工商行政管理部门依法处理,Unknown
2480,未经登记,Unknown
2481,"公安机关,应当协助工商行政管理部门依法处理",Unknown
2482,西安市工业和信息化局,Unknown
2483,节能监察,Unknown
2484,节能利用与执法处,Unknown
2485,被监察单位,Unknown
2486,配合节能监察人员,Unknown
2487,拒绝节能监察,Unknown
2488,阻碍节能监察,Unknown
2489,隐瞒事实,Unknown
2490,伪造相关资料,Unknown
2491,隐匿相关资料,Unknown
2492,销毁相关资料,Unknown
2493,篡改相关资料,Unknown
2494,市节能监察机构,Unknown
2495,阻碍依法实施节能监察,Unknown
2496,《西安市工业节能条例》,Unknown
2497,某民间组织,Unknown
2498,备案的环境应急预案,Unknown
2499,档案检查,Unknown
2500,实地核查,Unknown
2501,专业技术服务机构,Unknown
2502,抽查结果,Unknown
2503,环境应急预案问题清单,Unknown
2504,环境应急预案范例,Unknown
2505,环境应急预案指导性要求,Unknown
2506,企业事业单位突发环境事件应急预案备案管理办法（试行）,Unknown
2507,对故意制作、传播计算机破坏性程序影响运行的处罚,Unknown
2508,对未被指定经营大陆居民赴台旅游业务，或者旅行社及从业人员违反《大陆居民赴台湾地区旅游管理办法》规定的行政处罚,Unknown
2509,《建设工程安全生产管理条例》,Unknown
2510,20万元以上50万元以下,Unknown
2511,重大安全事故,Unknown
2512,损失,Unknown
2513,出租汽车经营者、驾驶员,Unknown
2514,对迟报统计资料的处罚,Unknown
2515,未按照国家有关规定设置原始记录、统计台账的处罚,Unknown
2516,《中华人民共和国统计法》第四十二条,Unknown
2517,县级以上人民政府统计机构,Unknown
2518,国家机关处罚,Unknown
2519,企业事业单位处罚,Unknown
2520,其他组织处罚,Unknown
2521,企业事业单位或其他组织,Unknown
2522,一万元以下的罚款,Unknown
2523,个体工商户,Unknown
2524,一千元以下的罚款,Unknown
2525,病原微生物实验室及其实验活动的生物安全监督检查,Unknown
2526,国务院令第355号公布,Unknown
2527,国务院令第709号修订,Unknown
2528,船舶、浮动设施,Unknown
2529,合格的检验证书,Unknown
2530,登记证书,Unknown
2531,船舶,Unknown
2532,必要的航行资料,Unknown
2533,停止航行或者作业,Unknown
2534,"拒不停止的,采取,暂扣船舶、浮动设施",Unknown
2535,"情节严重的,采取,予以没收",Unknown
2536,对不需送审的地图不符合国家有关标准和规定的处罚,Unknown
2537,地图管理条例,Unknown
2538,向社会公开的地图,Unknown
2539,报送有审核权的测绘地理信息行政主管部门审核,Unknown
2540,但是,Unknown
2541,除外,Unknown
2542,"行为,责令改正",Unknown
2543,"行为,给予警告",Unknown
2544,"行为,没收违法地图或者附着地图图形的产品",Unknown
2545,"行为,可以处10万元以下的罚款",Unknown
2546,有违法所得的,Unknown
2547,可以向社会通报,Unknown
2548,降低资质等级,Unknown
2549,颁发资质证书的部门决定,Unknown
2550,吊销测绘资质证书的行政处罚,Unknown
2551,县级以上人民政府测绘地理信息行政主管部门决定,Unknown
2552,违法排放大气污染物被责令改正拒不改正的行政处罚,Unknown
2553,对特殊时段未按照排污许可证规定停止或者限制排放有毒物的行政处罚,Unknown
2554,"排污单位有下列行为之一的,由生态环境主管部门责令改正,处5万元以上20万元以下的罚款；情节严重的,处20万元以上100万元以下的罚款,责令限制生产、停产整治",Unknown
2555,行人违反道路通行规定的处罚,Unknown
2556,《中华人民共和国道路交通安全法》第八十九条,Unknown
2557,《陕西省建设工程质量和安全生产管理条例》,Unknown
2558,不具有相应资质的工程质量检测单位,Unknown
2559,建设工程质量检测,Unknown
2560,建设工程质量安全监督机构,Unknown
2561,建设单位改正,Unknown
2562,二万元以上五万元以下,Unknown
2563,具有相应资质的工程质量检测单位,Unknown
2564,第二十三条,Unknown
2565,开采设计、采掘计划的决策错误,Unknown
2566,资源损失,Unknown
2567,责令停产整顿或者吊销采矿许可证,Unknown
2568,《矿产资源监督管理暂行办法》第十三条、第十四条、第十七条、第十九条、第二十一条的规定,Unknown
2569,蓄滞洪区避洪设施建设审批,Unknown
2570,各级人民政府水行政主管部门,Unknown
2571,畜禽屠宰企业,Unknown
2572,畜禽屠宰质量安全制度,Unknown
2573,畜禽屠宰经营者,Unknown
2574,国家有关规定处理经检验不合格的畜禽产品,Unknown
2575,情节严重的畜禽屠宰企业,Unknown
2576,定点屠宰证书,Unknown
2577,畜禽屠宰质量安全管理,Unknown
2578,畜禽屠宰质量安全管理制度,Unknown
2579,地方各级人民政府,Unknown
2580,对无害化处理的费用和损失给予补助,Unknown
2581,机动车转移登记,Unknown
2582,《机动车登记规定》（公安部124号令）,Unknown
2583,现机动车所有人,Unknown
2584,将涉及该车的道路交通安全违法行为和交通事故处理完毕,Unknown
2585,转移登记,Unknown
2586,申请表,Unknown
2587,现机动车所有人填写,Unknown
2588,机动车,Unknown
2589,交验,Unknown
2590,现机动车所有人的身份证明,Unknown
2591,证明、凭证之一,Unknown
2592,机动车所有权转移的证明、凭证,Unknown
2593,机动车登记证书,Unknown
2594,机动车行驶证,Unknown
2595,《中华人民共和国海关监管车辆解除监管证明书》或者海关批准的转让证明,Unknown
2596,机动车安全技术检验合格证明和交通事故责任强制保险凭证,Unknown
2597,建筑起重机械首次出租前(首次安装前)备案,Unknown
2598,《建筑起重机械安全监督管理规定》,Unknown
2599,《建筑起重机械备案登记办法》,Unknown
2600,出租单位,Unknown
2601,建筑起重机械首次出租前,Unknown
2602,自购建筑起重机械的使用单位,Unknown
2603,建筑起重机械首次安装前,Unknown
2604,建筑起重机械特种设备制造许可证,Unknown
2605,产品合格证,Unknown
2606,制造监督检验证明,Unknown
2607,建筑起重机械出租单位或者自购建筑起重机械使用单位,Unknown
2608,产权单位,Unknown
2609,建筑起重机械首次出租或安装前,Unknown
2610,"设备备案机关,办理备案",Unknown
2611,设备备案机关,Unknown
2612,本单位工商注册所在地县级以上地方人民政府,Unknown
2613,建筑起重机械的产权单位,Unknown
2614,"应当到,本单位市场主体登记所在地县级以上建设工程质量安全监督机构,办理备案",Unknown
2615,对生产不合格的卫生杀灭病媒生物药品的处罚,Unknown
2616,健康促进处,Unknown
2617,《陕西省爱国卫生条例》第三十二条,Unknown
2618,生产不合格的卫生杀灭病媒生物药品的处罚,Unknown
2619,卫生杀灭病媒生物药品,Unknown
2620,中文标明的名称,Unknown
2621,许可证号,Unknown
2622,使用说明,Unknown
2623,注意事项,Unknown
2624,生产日期,Unknown
2625,有效期限,Unknown
2626,厂名,Unknown
2627,厂址,Unknown
2628,鼠药,Unknown
2629,明显警示标志,Unknown
2630,灭鼠毒饵,Unknown
2631,不具有相应资质等级的施工单位,Unknown
2632,不具有相应资质等级的工程监理单位,Unknown
2633,质安站,Unknown
2634,《建设工程质量管理条例》,Unknown
2635,2000年1月30日,Unknown
2636,2019年4月23日,Unknown
2637,违反本条例,Unknown
2638,处50万元以上100万元以下的罚款,Unknown
2639,对燃气燃烧器具的安装、维修不符合国家有关标准的行政处罚,Unknown
2640,燃气燃烧器具的安装、维修,Unknown
2641,国家有关标准,Unknown
2642,燃气燃烧器具的安装、维修不符合国家有关标准的行政处罚,Unknown
2643,10万元以下罚款,Unknown
2644,1000元以下罚款,Unknown
2645,造成损失的,Unknown
2646,承担赔偿责任,Unknown
2647,不得影响用户正常使用网络,Unknown
2648,应当显著标明关闭标志,Unknown
2649,确保一键关闭,Unknown
2650,不得以欺骗方式诱使用户点击广告内容,Unknown
2651,"未经允许,不得在用户发送的电子邮件中附加广告或者广告链接",Unknown
2652,专家论证,Unknown
2653,修改专项施工方案,Unknown
2654,施工,Unknown
2655,暂扣安全生产许可证,Unknown
2656,专项施工方案,Unknown
2657,超过一定规模的危大工程专项施工方案,Unknown
2658,修改,Unknown
2659,对非演出场所经营单位擅自举办演出的行政处罚,Unknown
2660,烟花爆竹生产企业,Unknown
2661,烟花爆竹批发企业,Unknown
2662,《烟花爆竹生产经营安全规定》,Unknown
2663,生产企业,Unknown
2664,批发企业,Unknown
2665,工（库）房,Unknown
2666,定员、定量、定级标识,Unknown
2667,非煤矿山外包工程安全管理暂行办法,Unknown
2668,作业所在地县级人民政府安全生产监督管理部门,Unknown
2669,本办法第二十七条,Unknown
2670,组织申报,Unknown
2671,审查,Unknown
2672,推荐省级建设科技项目,Unknown
2673,设区市住房城乡建设部门,Unknown
2674,本地区建设科技项目的组织申报,Unknown
2675,本地区建设科技项目的审查,Unknown
2676,本地区建设科技项目的推荐工作,Unknown
2677,省直单位,Unknown
2678,省住房和城乡建设行政主管部门申报,Unknown
2679,高等院校,Unknown
2680,中央驻陕单位,Unknown
2681,陕西省住房和城乡建设厅,Unknown
2682,《陕西省住房城乡建设科技计划项目管理办法》,Unknown
2683,行政强制权力,Unknown
2684,《乳品质量安全监督管理条例》,Unknown
2685,畜牧兽医、质量监督、工商行政管理等部门,Unknown
2686,向有关人员调查了解情况,Unknown
2687,查阅复制有关资料,Unknown
2688,查封扣押不符合乳品质量安全国家标准的乳品,Unknown
2689,查封涉嫌违法从事乳品生产经营活动的场所,Unknown
2690,扣押用于违法生产经营的工具设备,Unknown
2691,互联网新闻信息服务提供者,Unknown
2692,道路运输监督检查,Unknown
2693,机动车污损不洁的,Unknown
2694,5元以上50元以下罚款,Unknown
2695,司乘人员沿途抛撒杂物的,Unknown
2696,危险化学品经营企业,Unknown
2697,"""两重点一重大""",Unknown
2698,储存设施,Unknown
2699,不符合国家标准要求,Unknown
2700,依照刑法有关规定追究刑事责任,Unknown
2701,县级以上地方人民政府市场监督管理部门,Unknown
2702,餐饮服务经营者,Unknown
2703,食品生产经营者,Unknown
2704,《中华人民共和国反食品浪费法》,Unknown
2705,职业病危害预评价,Unknown
2706,放射性职业病危害,Unknown
2707,放射性职业病危害预评价报告,Unknown
2708,未与主体工程同时设计,Unknown
2709,不符合国家职业卫生标准,Unknown
2710,职业病危害控制效果评价,Unknown
2711,职业病防护设施验收,Unknown
2712,义务教育家庭经济困难学生生活补助,Unknown
2713,财务管理处,Unknown
2714,中华人民共和国教育法,Unknown
2715,社会救助暂行办法,Unknown
2716,国务院办公厅关于印发教育领域中央与地方财政事权和支出责任划分改革方案的通知,Unknown
2717,教育领域中央与地方财政事权和支出责任划分改革方案,Unknown
2718,《中华人民共和国药品管理法》(2019年修订),Unknown
2719,财物或者其他不正当利益,Unknown
2720,代理人,Unknown
2721,医疗机构的负责人,Unknown
2722,药品采购人员,Unknown
2723,医师,Unknown
2724,药师,Unknown
2725,《西安市民用建筑节能条例》,Unknown
2726,建设工程质量检测机构,Unknown
2727,建筑节能强制性标准进行检测,Unknown
2728,节能检测,Unknown
2729,民用建筑工程及建筑节能材料、产品,Unknown
2730,民用建筑节能强制性标准,Unknown
2731,对使用不符合强制性国家标准、技术规范的原料、直接接触化妆品的包装材料,Unknown
2732,应当备案但未备案的新原料生产化妆品,Unknown
2733,不按照强制性国家标准或者技术规范使用原料,Unknown
2734,生产经营不符合强制性国家标准、技术规范或者不符合化妆品注册、备案资料载明的技术要求的化妆品,Unknown
2735,未按照化妆品生产质量管理规范的要求组织生产,Unknown
2736,更改化妆品使用期限,Unknown
2737,"化妆品经营者擅自配制化妆品,或者经营变质、超过使用期限的化妆品",Unknown
2738,在负责药品监督管理的部门责令其实施召回后拒不召回,Unknown
2739,在负责药品监督管理的部门责令停止或者暂停生产、经营后拒不停止或者暂停生产、经营行为的行政处罚,Unknown
2740,未按照规定对矿山、金属冶炼建设项目或者用于生产、储存、装卸危险物品的建设项目进行安全评价的,Unknown
2741,按照职责分工决定行政处罚,Unknown
2742,治安管理处罚的规定决定,Unknown
2743,社会团体,Unknown
2744,陕西省实施&lt;中华人民共和国母婴保健法&gt;办法,Unknown
2745,县级以上卫生和计划生育行政部门,Unknown
2746,未取得母婴保健技术服务执业许可证的机构,Unknown
2747,未取得母婴保健技术考核合格证的人员,Unknown
2748,婚前医学检查,Unknown
2749,遗传病诊断,Unknown
2750,产前诊断,Unknown
2751,接生,Unknown
2752,终止妊娠手术,Unknown
2753,进行胎儿性别鉴定,Unknown
2754,出具婚前医学检查证明,Unknown
2755,新生儿出生医学证明,Unknown
2756,《生活饮用水卫生监督管理办法》,Unknown
2757,县级以上地方人民政府卫生计生主管部门,Unknown
2758,饮用水水源保护区,Unknown
2759,饮用水供水项目,Unknown
2760,供水单位,Unknown
2761,国家规定的生活饮用水卫生标准,Unknown
2762,省外注册设立的地方金融组织,Unknown
2763,未按规定报告业务开展情况,Unknown
2764,金融监管二处,Unknown
2765,陕西省地方金融条例,Unknown
2766,设区的市,Unknown
2767,本行政区域内金融风险防范处置,Unknown
2768,县（市、区）地方金融监管部门,Unknown
2769,地方金融监督管理部门,Unknown
2770,第十条第一款,Unknown
2771,处五万元以上二十万元以下罚款,Unknown
2772,吊销相关经营证件,Unknown
2773,在尘肺病防治工作中做出显著成绩的单位和个人,Unknown
2774,《中华人民共和国尘肺病防治条例》,Unknown
2775,企业、事业单位的尘肺病防治工作,Unknown
2776,劳动部门,Unknown
2777,工会组织,Unknown
2778,上级主管部门,Unknown
2779,对擅自进入铁路防护网、违法在铁路线上行走坐卧、抢越铁路的处罚,Unknown
2780,《中华人民共和国体育法》(2022修订),Unknown
2781,体育组织,Unknown
2782,负有责任的领导人员和直接责任人员,Unknown
2783,"予以撤销登记,体育组织",Unknown
2784,文物收藏单位,Unknown
2785,国有文物收藏单位,Unknown
2786,"或者所移交的馆藏文物与馆藏文物档案不符的,服务事项",Unknown
2787,国有馆藏文物,Unknown
2788,依法调拨、交换、出借文物所得补偿费用,Unknown
2789,对商业特许经营活动的监督检查,Unknown
2790,《商业特许经营管理条例》,Unknown
2791,《商业特许经营备案管理办法》,Unknown
2792,国务院商务主管部门,Unknown
2793,对全国范围内的特许经营活动实施监督管理,Unknown
2794,省、自治区、直辖市人民政府商务主管部门,Unknown
2795,对本行政区域内的特许经营活动实施监督管理,Unknown
2796,设区的市级人民政府商务主管部门,Unknown
2797,对全国特许经营活动实施监督管理,Unknown
2798,对辖区内的特许经营活动实施监督管理,Unknown
2799,非法种植罂粟不满五百株或者其他少量毒品原植物,Unknown
2800,非法买卖、运输、携带、持有少量未经灭活的罂粟等毒品原植物种子或者幼苗,Unknown
2801,非法运输、买卖、储存、使用少量罂粟壳,Unknown
2802,禁毒支队,Unknown
2803,第七十一条,Unknown
2804,存在粉尘爆炸危险的工贸企业,Unknown
2805,除尘器、收尘仓等划分为20区的粉尘爆炸危险场所电气设备不符合防爆要求,Unknown
2806,五万元以下罚款,Unknown
2807,下列行为,Unknown
2808,安全设备的安装、使用、检测、改造和报废不符合国家标准或者行业标准,Unknown
2809,五万元以上二十万元以下罚款,Unknown
2810,铝加工深井铸造工艺的浇铸炉铝液出口流槽,Unknown
2811,液位监测报警装置,Unknown
2812,铝加工深井铸造工艺的固定式浇铸炉铝液出口,Unknown
2813,机械锁紧装置,Unknown
2814,安全设备的安装、使用、检测、改造和报废不符合国家标准或者行业标准的行为,Unknown
2815,铝加工深井铸造工艺的浇铸炉铝液出口流槽、流槽与模盘(分配流槽,Unknown
2816,对食品作虚假宣传且情节严重行为的行政处罚,Unknown
2817,中华人民共和国食品安全法,Unknown
2818,省级以上人民政府食品药品监督管理部门,Unknown
2819,暂停销售该食品,Unknown
2820,向社会公布,Unknown
2821,县级以上人民政府食品药品监督管理部门,Unknown
2822,违法销售的食品,Unknown
2823,注册消防工程师,Unknown
2824,两个以上社会组织执业,Unknown
2825,《社会消防技术服务机构管理规定》,Unknown
2826,超越资质许可范围,Unknown
2827,社会消防技术服务活动,Unknown
2828,不再符合资质条件,Unknown
2829,指派,Unknown
2830,从事社会消防技术服务活动,Unknown
2831,处五千元以上一万元以下罚款,Unknown
2832,对水利领域委托方委托未取得相应资质的检测单位进行检测,Unknown
2833,明示或暗示检测单位出具虚假检测报告,Unknown
2834,篡改或伪造检测报告,Unknown
2835,送检试样弄虚作假行为,Unknown
2836,2008年11月3日,Unknown
2837,并处1万元以上3万元以下的罚款,Unknown
2838,委托方,Unknown
2839,委托未取得相应资质的检测单位进行检测,Unknown
2840,送检试样弄虚作假,Unknown
2841,《中华人民共和国黄河保护法》第一百一十条,Unknown
2842,黄河流域,Unknown
2843,淤地坝,Unknown
2844,县级以上地方人民政府水行政主管部门或者黄河流域管理机构及其所属管理机构,Unknown
2845,限期治理或者采取补救措施,Unknown
2846,培训机构,Unknown
2847,经营场所、教练车辆、教学场地随意变更或者不符合要求,Unknown
2848,未按规定悬挂经营许可证件,Unknown
2849,未按规定建立和保管学员、教练员、教练车档案,Unknown
2850,未在规定时限内向交通运输主管部门备案相关事项,Unknown
2851,未按规定对教练车辆进行维护和检测,Unknown
2852,西安市机动车驾驶员培训管理办法,Unknown
2853,违反本办法规定,Unknown
2854,省生态环境厅,Unknown
2855,某县环保所,Unknown
2856,《陕西省林业有害生物防治检疫条例》,Unknown
2857,《汽车销售管理办法》,Unknown
2858,商务部令2017年第1号,Unknown
2859,汽车经销商,Unknown
2860,收费,Unknown
2861,加价销售,Unknown
2862,额外费用,Unknown
2863,3万元,Unknown
2864,经销商,Unknown
2865,价格,Unknown
2866,收费标准,Unknown
2867,第十条,Unknown
2868,经销商不得在标价之外加价销售,Unknown
2869,经销商不得收取额外费用,Unknown
2870,由县级以上地方商务主管部门责令改正,Unknown
2871,由县级以上地方商务主管部门可给予警告,Unknown
2872,由县级以上地方商务主管部门可给予3万元以下罚款,Unknown
2873,《兽药管理条例》,Unknown
2874,擅自转移、使用、销毁、销售被查封或者扣押的兽药及有关材料,Unknown
2875,县级以上人民政府兽医行政管理部门,Unknown
2876,发证、批准、备案部门,Unknown
2877,乡村医生,Unknown
2878,规定的执业范围,Unknown
2879,乡村医生基本用药目录以外的处方药品,Unknown
2880,医学证明,Unknown
2881,卫生统计资料,Unknown
2882,传染病疫情,Unknown
2883,不按规定,Unknown
2884,乡村医生从业管理条例,Unknown
2885,技术服务合同,Unknown
2886,法规标准,Unknown
2887,安全评价报告,Unknown
2888,项目实施地资质认可机关,Unknown
2889,法规标准规定,Unknown
2890,现场技术服务,Unknown
2891,现场勘验,Unknown
2892,设备检测检验,Unknown
2893,城镇污水排入排水管网许可,Unknown
2894,《取水许可和水资源费征收管理条例》,Unknown
2895,本规定第十五条,Unknown
2896,国产互联网文化产品,Unknown
2897,文化行政部门,Unknown
2898,内容审查申请,Unknown
2899,批准或者不批准的决定,Unknown
2900,文化部,Unknown
2901,《互联网文化管理暂行规定》,Unknown
2902,20日内做出批准或者不批准的决定,Unknown
2903,批准文号,Unknown
2904,省级以上文化行政部门备案,Unknown
2905,并可根据情节轻重处20000元以下罚款,Unknown
2906,中医药服务监督检查,Unknown
2907,《中华人民共和国中医药法》第二十条,Unknown
2908,县级以上人民政府中医药主管部门,Unknown
2909,加强对中医药服务的监督检查,Unknown
2910,中医医疗机构,Unknown
2911,是否超出规定的范围开展医疗活动,Unknown
2912,中医医师,Unknown
2913,中医药服务,Unknown
2914,是否符合国务院中医药主管部门制定的中医药服务基本要求,Unknown
2915,中医医疗广告发布行为,Unknown
2916,是否符合本法的规定,Unknown
2917,有关单位和个人,Unknown
2918,中医药主管部门依法开展监督检查,Unknown
2919,2019年12月31日,Unknown
2920,1999年,Unknown
2921,人才中介活动,Unknown
2922,工商行政管理规定,Unknown
2923,有关规定,Unknown
2924,渔业捕捞许可,Unknown
2925,侵占、毁坏水工程及堤防、护岸等有关设施,Unknown
2926,毁坏防汛、水文监测、水文地质监测设施,Unknown
2927,在水工程保护范围内从事影响水工程运行和危害水工程安全的活动行为,Unknown
2928,项目经理,Unknown
2929,总监理工程师,Unknown
2930,造价中心,Unknown
2931,陕西省房屋建筑和市政基础设施工程施工、监理招标投标办法,Unknown
2932,陕西省住房和城乡建设厅关于加强房屋建筑和市政基础设施工程施工、监理招标投标监管的通知,Unknown
2933,县级以上医院证明,Unknown
2934,不能继续履行职责的证明,Unknown
2935,重病或者重伤,Unknown
2936,不能继续履行职责,Unknown
2937,辞职或者调离中标单位,Unknown
2938,招标人认为不称职,Unknown
2939,被中标单位责令停职或者开除公职,Unknown
2940,不可抗力特殊原因,Unknown
2941,不能继续履职,Unknown
2942,5个工作日内,Unknown
2943,网上变更,Unknown
2944,施工现场关键岗位实名制管理系统,Unknown
2945,建设工程招投标监管部门,Unknown
2946,国有林地使用权及森林、林木所有权首次登记,Unknown
2947,生活垃圾管理处,Unknown
2948,西安市生活垃圾分类管理条例,Unknown
2949,生活垃圾收集、运输、处理单位,Unknown
2950,收集、运输、处理活动,Unknown
2951,生活垃圾的收集、运输和处理,Unknown
2952,生活垃圾收集、运输单位,Unknown
2953,生活垃圾处理单位,Unknown
2954,第三十八条,Unknown
2955,采供血活动监督检查,Unknown
2956,签订专门的安全生产管理协议,Unknown
2957,明确各自的安全生产管理职责,Unknown
2958,安全生产统一协调、管理,Unknown
2959,非法携带枪支、弹药、管制器具的处罚,Unknown
2960,个人或者单位负有直接责任的主管人员和其他直接责任人员处警告或者十五日以下拘留,Unknown
2961,个人或者单位负有直接责任的主管人员和其他直接责任人员,Unknown
2962,非法携带枪支、弹药或者弩、匕首等国家规定的管制器具的,Unknown
2963,"五日以下拘留,可以并处五百元以下罚款",Unknown
2964,警告或者二百元以下罚款,Unknown
2965,非法携带枪支、弹药或者弩、匕首等国家规定的管制器具进入公共场所或者公共交通工具的,Unknown
2966,"五日以上十日以下拘留,可以并处五百元以下罚款",Unknown
2967,一倍以下罚款,Unknown
2968,《计量认证合格证书》,Unknown
2969,资质确认证书,Unknown
2970,质量检验机构及其工作人员,Unknown
2971,以各种方式向社会推荐产品,Unknown
2972,组织产品评比、排序、挂牌或者颁发优质标志等活动,Unknown
2973,以对产品进行监制、监销等方式参与产品经营活动,Unknown
2974,《陕西省质量检验机构管理条例》（2019年修订）,Unknown
2975,互联网上网服务营业场所经营单位,Unknown
2976,《互联网上网服务营业场所管理条例》,Unknown
2977,"或者未悬挂禁止吸烟标志的,由公安机关给予警告",Unknown
2978,由公安机关给予警告,Unknown
2979,15000元以下的罚款,Unknown
2980,"由文化行政部门吊销,《网络文化经营许可证》",Unknown
2981,《网络文化经营许可证》,Unknown
2982,安装单位,Unknown
2983,安全技术标准及安装使用说明书等,Unknown
2984,建筑起重机械安装、拆卸工程生产安全事故应急救援预案,Unknown
2985,建筑起重机械安装、拆卸工程专项施工方案，安装、拆卸人员名单，安装、拆卸时间等材料报施工总承包单位和监理单位审核后，告知工程所在地县级以上地方人民政府建设主管部门,Unknown
2986,建筑起重机械安装、拆卸工程档案,Unknown
2987,建筑起重机械安装、拆卸工程专项施工方案及安全操作规程组织安装、拆卸作业,Unknown
2988,县级以上地方人民政府建设主管部门,Unknown
2989,对安装单位的处罚,Unknown
2990,第十二条第（二）、（四）、（五）项安全职责,Unknown
2991,按照安全技术标准及安装使用说明书等检查建筑起重机械及现场施工条件,Unknown
2992,制定建筑起重机械安装、拆卸工程生产安全事故应急救援预案,Unknown
2993,将建筑起重机械安装、拆卸工程专项施工方案，安装、拆卸人员名单，安装、拆卸时间等材料报施工总承包单位和监理单位审核后，告知工程所在地县级以上地方人民政府建设主管部门,Unknown
2994,人才中介服务机构,Unknown
2995,传染性非典型肺炎防治监督检查,Unknown
2996,各级卫生监督机构,Unknown
2997,"卫生行政部门,领导下",Unknown
2998,医疗机构和疾病预防控制机构的疫情报告,Unknown
2999,监督检查事项,Unknown
3000,医疗机构、留验站（所）的隔离、消毒、防护和医疗废弃物处理,Unknown
3001,公共场所的消毒,Unknown
3002,密切接触者的医学观察、疫点的环境消毒,Unknown
3003,生产、经营和使用单位的消毒产品、防护用品的质量,Unknown
3004,依法开展其他监督检查工作,Unknown
3005,防治职业病成绩显著的单位和个人,Unknown
3006,奖励,Unknown
3007,中华人民共和国职业病防治法,Unknown
3008,对防治职业病成绩显著的单位和个人奖励,Unknown
3009,检举和控告,Unknown
3010,相关的检举和控告,Unknown
3011,伪造产品产地的,Unknown
3012,伪造或者冒用他人厂名、厂址的,Unknown
3013,伪造或者冒用认证标志等质量标志的,Unknown
3014,中华人民共和国产品质量法,Unknown
3015,没收违法生产、销售的产品,Unknown
3016,并处违法生产、销售产品货值金额等值以下的罚款,Unknown
3017,并处没收违法所得,Unknown
3018,《新兽药研制管理办法》,Unknown
3019,2020年3月国务院令第726号,Unknown
3020,2019年4月农业农村部令2019年第2号,Unknown
3021,水路旅客运输业务经营者,Unknown
3022,承运人责任保险或者取得相应的财务担保,Unknown
3023,负责水路运输管理的部门,Unknown
3024,客运船舶的船舶营运许可证件,Unknown
3025,野生动物及其制品,Unknown
3026,野生动物保护主管部门,Unknown
3027,社会信用记录,Unknown
3028,违法信息,Unknown
3029,构成犯罪的行为,Unknown
3030,国务院林业草原主管部门,Unknown
3031,全国陆生野生动物保护工作,Unknown
3032,国务院渔业主管部门,Unknown
3033,全国水生野生动物保护工作,Unknown
3034,县级以上地方人民政府,Unknown
3035,本行政区域内野生动物保护工作,Unknown
3036,林业草原主管部门,Unknown
3037,本行政区域内陆生野生动物保护工作,Unknown
3038,渔业主管部门,Unknown
3039,本行政区域内水生野生动物保护工作,Unknown
3040,野生动物保护相关工作,Unknown
3041,船舶国籍登记,Unknown
3042,《中华人民共和国海上交通安全法》第十条,Unknown
3043,《中华人民共和国船舶登记条例》,Unknown
3044,国籍证书,Unknown
3045,悬挂中华人民共和国国旗航行、停泊、作业,Unknown
3046,中华人民共和国国籍,Unknown
3047,悬挂中华人民共和国国旗航行,Unknown
3048,对未按规定标注农作物品种名称的行政处罚,Unknown
3049,《陕西省实施〈中华人民共和国种子法〉办法》,Unknown
3050,2020年3月,Unknown
3051,违反本办法第二十七条第二款规定,Unknown
3052,"由县级以上农业农村行政主管部门责令改正,处二千元以上二万元以下的罚款",Unknown
3053,农作物品种名称的标注位置,Unknown
3054,"应当显著、突出,字体颜色与背底形成明显反差",Unknown
3055,不得在品种名称前后添加修饰性文字,Unknown
3056,警告或处一百元以上三千元以下罚款,Unknown
3057,行使权力,Unknown
3058,《商品条码管理办法》,Unknown
3059,国家质量监督检验检疫总局发布,Unknown
3060,2005年5月16日,Unknown
3061,经销的商品,Unknown
3062,"则,被责令改正并处以10000元以下罚款",Unknown
3063,国内水路运输经营许可,Unknown
3064,对排污单位拒不配合生态环境主管部门监督检查或者在接受监督检查时弄虚作假的行政处罚,Unknown
3065,"排污单位拒不配合生态环境主管部门监督检查，或者在接受监督检查时弄虚作假的,由生态环境主管部门责令改正,处2万元以上20万元以下的罚款",Unknown
3066,县级以上人民政府市场监督管理部门,Unknown
3067,无法达到污染物排放标准的机动车,Unknown
3068,无法达到污染物排放标准的非道路移动机械,Unknown
3069,海关,Unknown
3070,进口行为构成走私的进口行为,Unknown
3071,旅游行业组织,Unknown
3072,导游证申请人,Unknown
3073,县级以上旅游主管部门,Unknown
3074,《导游管理办法》,Unknown
3075,国家旅游局,Unknown
3076,2017年11月,Unknown
3077,移植古树名木审批,Unknown
3078,处罚情形,Unknown
3079,超越资质许可范围从事社会消防技术服务活动,Unknown
3080,涂改、倒卖、出租、出借或者以其他形式非法转让资质证书,Unknown
3081,所属注册消防工程师同时在两个以上社会组织执业,Unknown
3082,指派无相应资格从业人员从事社会消防技术服务活动,Unknown
3083,转包、分包消防技术服务项目,Unknown
3084,第五千元以上一万元以下罚款,Unknown
3085,产生工业固体废物的单位,Unknown
3086,五万元以上二十万元以下的罚款,Unknown
3087,十万元以上一百万元以下的罚款,Unknown
3088,生产、储存危险化学品建设项目安全条件审查,Unknown
3089,《森林防火条例》,Unknown
3090,森林防火期内未经批准擅自在森林防火区内野外用火的行为,Unknown
3091,第五十条,Unknown
3092,森林防火期内未经批准在森林防火区内进行实弹演习、爆破等活动的行为,Unknown
3093,第五十一条,Unknown
3094,无正当理由不发出中标通知书,Unknown
3095,不按照规定确定中标人,Unknown
3096,中标通知书发出后无正当理由改变中标结果,Unknown
3097,无正当理由不与中标人订立合同,Unknown
3098,在订立合同时向中标人提出附加条件,Unknown
3099,中标项目金额10&permil;以下的罚款,Unknown
3100,中华人民共和国招标投标法实施条例,Unknown
3101,2011年12月20日中华人民共和国国务院令第613号,Unknown
3102,2019年3月国国务院令第709号,Unknown
3103,公共场所经营者,Unknown
3104,卫生管理制度,Unknown
3105,卫生管理部门或者配备专（兼）职卫生管理人员,Unknown
3106,建立卫生管理档案,Unknown
3107,从业人员进行相关卫生法律知识和公共场所卫生知识培训,Unknown
3108,未经相关卫生法律知识和公共场所卫生知识培训考核的从业人员上岗,Unknown
3109,与其经营规模、项目相适应的清洗、消毒、保洁、盥洗等设施设备和公共卫生间,Unknown
3110,上述设施设备,Unknown
3111,将设施设备挪作他用,Unknown
3112,预防控制鼠、蚊、蝇、蟑螂和其他病媒生物的设施设备以及废弃物存放专用设施设备,Unknown
3113,公共卫生用品检验合格证明和其他相关资料,Unknown
3114,办理预防性卫生审查手续,Unknown
3115,投入使用,Unknown
3116,公示公共场所卫生许可证、卫生检测结果和卫生信誉度等级,Unknown
3117,权力行使主体,Unknown
3118,建设行政主管部门,Unknown
3119,其他有关部门,Unknown
3120,建设工程质量监督机构,Unknown
3121,建设工程质量监督管理,Unknown
3122,县级以上人民政府建设行政主管部门,Unknown
3123,建设工程质量和安全生产,Unknown
3124,其所属的建设工程质量安全监督机构,Unknown
3125,具体监督管理工作,Unknown
3126,市、县人民政府建设主管部门,Unknown
3127,《中华人民共和国土壤污染防治法》,Unknown
3128,其他负有土壤污染防治监督管理职责的部门,Unknown
3129,出租汽车车辆运营证核发,Unknown
3130,西安市出租汽车管理处,Unknown
3131,留足生态基流,Unknown
3132,设置生态基流口,Unknown
3133,水行政部门,Unknown
3134,《西安市秦岭生态环境保护条例》,Unknown
3135,秦岭范围内调度水资源,Unknown
3136,秦岭范围内建设水库等水工程,Unknown
3137,县级以上地方人民政府农业农村主管部门和市场监督管理部门,Unknown
3138,县级以上地方人民政府农业农村(蚕业)主管部门,Unknown
3139,销售的蚕种未附具蚕种检疫证明、质量合格证,Unknown
3140,销售的种畜禽未附具种畜禽合格证明、家畜系谱,Unknown
3141,销售、收购国务院农业农村主管部门规定应当加施标识而没有标识的畜禽,Unknown
3142,或者重复使用畜禽标识的,Unknown
3143,销售的蚕种未附具蚕种检疫证明、质量合格证的,Unknown
3144,管理省政府事务,Unknown
3145,《陕西省实施<中华人民共和国献血法>办法》,Unknown
3146,《无偿献血证》,Unknown
3147,有关责任人员,Unknown
3148,2003年4月2日,Unknown
3149,2003年5月1日,Unknown
3150,第十七条第二款,Unknown
3151,第三十三条,Unknown
3152,工程周边环境等资料,Unknown
3153,危大工程清单,Unknown
3154,危大工程施工技术措施费,Unknown
3155,相应的安全防护文明施工措施费,Unknown
3156,具有相应勘察资质的单位,Unknown
3157,第三方监测单位报告的异常情况采取处置措施,Unknown
3158,陕西省治理货物运输车辆超限超载条例,Unknown
3159,陕西省治理公路超限运输办法,Unknown
3160,货物运输源头单位,Unknown
3161,号牌不全的货物运输车辆装载、配载,Unknown
3162,货物运输车辆提供虚假装载证明,Unknown
3163,装载、配载,Unknown
3164,县级以上交通运输综合执法机构,Unknown
3165,县级以上交通运输主管部门,Unknown
3166,停产停业,Unknown
3167,条例第十四条,Unknown
3168,县（市、区）道路运输管理机构,Unknown
3169,车辆超标准装载、配载,Unknown
3170,城镇污水排入排水管网许可管理办法,Unknown
3171,被监督检查的单位和个人,Unknown
3172,予以配合,Unknown
3173,城镇排水主管部门,Unknown
3174,组织或者委托排水监测机构,Unknown
3175,排水监测机构,Unknown
3176,对排水户排放污水的水质、水量进行监测,Unknown
3177,处3万元以下罚款,Unknown
3178,《易制毒化学品管理条例》,Unknown
3179,《非药品类易制毒化学品生产、经营许可办法》,Unknown
3180,《国务院关于修改部分行政法规的决定》,Unknown
3181,生产、经营易制毒化学品的单位,Unknown
3182,不如实或者不按时向有关行政主管部门和公安机关报告年度生产、经销和库存等情况,Unknown
3183,县级以上人民政府安全生产监督管理部门,Unknown
3184,生产、经营非药品类易制毒化学品的单位,Unknown
3185,不如实或者不按时向安全生产监督管理部门报告年度生产、经营等情况,Unknown
3186,对生态环境恢复打扫方案备案,Unknown
3187,市生态环境局分（县）局,Unknown
3188,储备土地来源范围,Unknown
3189,金属非金属地下矿山工程项目的承包单位数量,Unknown
3190,国家规定的数量,Unknown
3191,承包单位项目部的负责人,Unknown
3192,国家规定的数量、条件,Unknown
3193,承包单位项目部的安全生产管理人员,Unknown
3194,承包单位项目部的专业技术人员,Unknown
3195,承包单位项目部的特种作业人员,Unknown
3196,承包单位正式职工,Unknown
3197,承担资产评估、验资或者验证的机构,Unknown
3198,虚假材料,Unknown
3199,有重大遗漏的报告,Unknown
3200,公司登记机关,Unknown
3201,中华人民共和国公司法,Unknown
3202,承担资产评估、验资或者验证的机构提供虚假材料的处罚,Unknown
3203,承担资产评估、验资或者验证的机构因过失提供有重大遗漏的报告的处罚,Unknown
3204,《陕西省城镇绿化条例》,Unknown
3205,城镇绿化主管部门,Unknown
3206,禁止借用树木作为支撑物或者固定物、在树木上悬挂物体,Unknown
3207,处一百元以上五百元以下的罚款,Unknown
3208,处以100元以上500元以下罚款,Unknown
3209,运动员技术等级管理办法,Unknown
3210,提供虚假请求材料的运动员,Unknown
3211,审批单位,Unknown
3212,3年内不接受其等级称号请求的决定,Unknown
3213,医疗机构使用未经卫生行政部门指定的血站供应的血液,Unknown
3214,3万元以下罚款,Unknown
3215,负有责任的主管人员和其他直接责任人员,Unknown
3216,《医疗机构临床用血管理办法》,Unknown
3217,城市基础设施配套费收取,Unknown
3218,城建费用征收处,Unknown
3219,西安市建设项目城建费用统一征收办法,Unknown
3220,各类城建费用由市建设行政管理部门所属的城建费用统收机构征收,Unknown
3221,西安市建设行政管理部门,Unknown
3222,组织实施城建费用的统一收取,Unknown
3223,对建设单位的缴纳情况进行检查、监督,Unknown
3224,查收违反本办法的行为,Unknown
3225,西安市人民政府办公厅转发市财政局等三部门关于调整城市基础设施配套费征收标准有关问题的意见的通知,Unknown
3226,市政办发〔2016〕47号,Unknown
3227,《危险化学品安全管理条例》,Unknown
3228,《危险化学品登记管理办法》,Unknown
3229,登记企业,Unknown
3230,危险化学品登记,Unknown
3231,新的危险特性,Unknown
3232,水路运输经营者,Unknown
3233,未取得船舶营运证件的船舶,Unknown
3234,水路运输,Unknown
3235,《国内水路运输管理条例》,Unknown
3236,国务院令第625号,Unknown
3237,疾病预防控制机构和医疗机构及其人员,Unknown
3238,疫情报告职责,Unknown
3239,疫情,Unknown
3240,卫生行政部门调遣,Unknown
3241,采取预防控制措施,Unknown
3242,接诊病人,Unknown
3243,履行监测职责,Unknown
3244,传染性非典型肺炎防治管理办法,Unknown
3245,卫生部令第35号,Unknown
3246,2003年5月,Unknown
3247,县级以上地方人民政府兽医主管部门,Unknown
3248,实验室负责人,Unknown
3249,感染临床症状或者体征,Unknown
3250,实验室工作人员,Unknown
3251,负责实验室感染控制的专门机构或者人员,Unknown
3252,撤职,Unknown
3253,实验室主要负责人,Unknown
3254,实验室,Unknown
3255,高致病性病原微生物泄漏,Unknown
3256,病原微生物相关实验活动,Unknown
3257,举办健身气功活动审批,Unknown
3258,《健身气功管理办法》,Unknown
3259,举办健身气功活动及设立站点审批,Unknown
3260,县级以上人民政府体育行政主管部门审批,Unknown
3261,举办健身气功活动或设立健身气功站点,Unknown
3262,体育行政部门的批准,Unknown
3263,台湾居民来往大陆通行证签发,Unknown
3264,中国公民往来台湾地区管理办法,Unknown
3265,台湾居民在大陆遗失旅行证件,Unknown
3266,当地的市、县公安机关,Unknown
3267,台湾居民,Unknown
3268,旅行证件,Unknown
3269,一次有效的出境通行证件,Unknown
3270,外国人未经批准擅自进入限制区域,Unknown
3271,《中华人民共和国出境入境管理法》第77条,Unknown
3272,土壤污染责任人或者土地使用权人,Unknown
3273,土壤污染状况调查,Unknown
3274,土壤污染风险评估,Unknown
3275,风险管控措施,Unknown
3276,修复,Unknown
3277,"有关单位,对风险管控效果进行评估",Unknown
3278,"有关单位,对修复效果进行评估",Unknown
3279,地方人民政府生态环境主管部门或者其他负有土壤污染防治监督管理职责的部门,Unknown
3280,"罚款,土壤污染责任人或者土地使用权人",Unknown
3281,未按照规定进行土壤污染状况调查,Unknown
3282,未按照规定进行土壤污染风险评估,Unknown
3283,未按照规定采取风险管控措施,Unknown
3284,未按照规定实施修复,Unknown
3285,风险管控、修复活动完成后，未另行委托有关单位对风险管控效果、修复效果进行评估,Unknown
3286,对土壤污染责任人或者土地使用权人进行处罚,Unknown
3287,被移送公安机关,Unknown
3288,陕西省地方病防治条例,Unknown
3289,地方病病区的单位和个人,Unknown
3290,地方病防治部门的查询、检验、监测、调查、取证以及采取的各项预防和控制措施,Unknown
3291,县级以上卫生行政主管部门,Unknown
3292,违反本条例第二十条第三款规定的行为,Unknown
3293,对拒绝或者妨碍学校卫生监督员依照本条例实施卫生监督的单位或个人的处罚,Unknown
3294,《学校卫生工作条例》,Unknown
3295,生产建设活动,Unknown
3296,地方人民政府生态环境、自然资源等主管部门,Unknown
3297,强制拆除或者代为恢复原状所需费用,Unknown
3298,有批准权的人民政府,Unknown
3299,黄河干支流岸线管控范围,Unknown
3300,化工园区或者化工项目,Unknown
3301,黄河干流岸线或者重要支流岸线的管控范围,Unknown
3302,"改建,扩建尾矿库",Unknown
3303,生态环境准入清单规定,Unknown
3304,对集中交易市场开办者未按规定建立健全食品安全管理制度，或者未按规定配备、培训、考核食品安全总监、食品安全员等食品安全管理人员的行政处罚,Unknown
3305,任何组织和个人,Unknown
3306,社会保险个人权益记录,Unknown
3307,社会保险服务机构、信息技术服务商,Unknown
3308,社会保险基金、用人单位或者个人,Unknown
3309,构成违反治安管理行为,Unknown
3310,犯罪人员,Unknown
3311,对在运输过程中沿途丢弃、遗撒危险废物的行政处罚,Unknown
3312,《中华人民共和国固体废物污染环境防治法》（2020年修订）,Unknown
3313,对将房屋出租给无身份证件人居住,Unknown
3314,不按规定登记承租人信息,Unknown
3315,明知承租人利用出租屋犯罪不报的处罚,Unknown
3316,未经许可,Unknown
3317,供电,Unknown
3318,供电营业区,Unknown
3319,电力管理部门,Unknown
3320,能源管理和执法监督处,Unknown
3321,中华人民共和国电力法,Unknown
3322,供电企业,Unknown
3323,供电营业区设立,Unknown
3324,同级有关部门,Unknown
3325,国务院电力管理部门,Unknown
3326,供电营业区设立变更具体办法,Unknown
3327,小型露天采石场,Unknown
3328,爆破作业,Unknown
3329,国家有关民用爆炸物品和爆破作业的安全规定,Unknown
3330,具有相应资格的爆破作业人员,Unknown
3331,爆破,Unknown
3332,爆破警戒范围,Unknown
3333,定时爆破制度,Unknown
3334,在爆破警戒范围内避炮,Unknown
3335,1万元以上3万元以下的罚款,Unknown
3336,道路危险货物运输监督检查,Unknown
3337,存量房交易资金监管,Unknown
3338,西安市房产交易管理中心,Unknown
3339,《关于进一步规范和加强房屋网签备案工作的指导意见》,Unknown
3340,《关于加强商品房预售资金、二手房交易资金监管的通知》,Unknown
3341,商品房预售资金监管制度,Unknown
3342,商品房预售资金监管,Unknown
3343,房屋完成转移登记后应立即划转,Unknown
3344,交易资金监管的要求,Unknown
3345,纳税人自愿委托房地产开发企业代缴契税而预付的款项,Unknown
3346,资金监管范围,Unknown
3347,由房地产中介撮合成交的存量房买卖,Unknown
3348,"也应纳入,资金监管范围",Unknown
3349,二手房交易,Unknown
3350,交易资金监管,Unknown
3351,房地产经纪机构或经纪人员,Unknown
3352,二手房交易资金,Unknown
3353,《人体器官移植条例》,Unknown
3354,从事人体器官移植的医务人员,Unknown
3355,尸体器官捐献人的死亡判定,Unknown
3356,执业活动,Unknown
3357,网约车经营者,Unknown
3358,《网络预约出租汽车运输证》,Unknown
3359,《网络预约出租汽车驾驶员证》,Unknown
3360,车辆技术状况良好,Unknown
3361,起讫点均不在许可的经营区域的网约车经营活动,Unknown
3362,"服务所在地交通运输主管部门报备,提供服务的车辆、驾驶员相关信息",Unknown
3363,服务质量标准,Unknown
3364,投诉举报制度,Unknown
3365,行业管理服务监管平台,Unknown
3366,甩客、故意绕道、违规收费等严重违反相关运营服务标准行为,Unknown
3367,"网约车经营者,进行,责令改正",Unknown
3368,"网约车经营者,进行,罚款",Unknown
3369,西安市网络预约出租汽车经营服务管理,Unknown
3370,《西安市网络预约出租汽车经营服务管理暂行办法》,Unknown
3371,血站,Unknown
3372,单采血浆站,Unknown
3373,人体血液,Unknown
3374,血浆,Unknown
3375,艾滋病检测,Unknown
3376,对艺术水平等级活动的检查,Unknown
3377,《社会艺术水平考级管理办法》,Unknown
3378,县级以上地方人民政府文化行政部门,Unknown
3379,监督检查艺术考级活动,Unknown
3380,违法使用原料、辅料、添加剂、农业投入品,Unknown
3381,国务院关于加强食品等产品安全监督管理的特别规定,Unknown
3382,原料、辅料、添加剂、农业投入品,Unknown
3383,生产、销售伪劣商品罪,Unknown
3384,《工伤保险条例》,Unknown
3385,《工伤认定办法》,Unknown
3386,社会保险行政部门,Unknown
3387,工伤,Unknown
3388,职工或者其近亲属认为是工伤,Unknown
3389,用人单位违反本条例第十九条的规定,Unknown
3390,用人单位拒不协助社会保险行政部门对事故进行调查核实,Unknown
3391,蛋白同化制剂,Unknown
3392,"规定渠道供应,蛋白同化制剂",Unknown
3393,药品批发企业,Unknown
3394,药品零售企业,Unknown
3395,县级以上人民政府负责药品监督管理的部门,Unknown
3396,非法生产经营的蛋白同化制剂,Unknown
3397,违法生产经营药品货值金额2倍以上5倍以下,Unknown
3398,《药品生产许可证》,Unknown
3399,《药品经营许可证》,Unknown
3400,《反兴奋剂条例》,Unknown
3401,责令项目停工,Unknown
3402,对侵犯植物新品种权行为的行政处罚,Unknown
3403,中华人民共和国种子法,Unknown
3404,侵犯植物新品种权案件,Unknown
3405,侵权人,Unknown
3406,侵权行为,Unknown
3407,违法所得和种子,Unknown
3408,一万元以上二十五万元以下,Unknown
3409,货值金额五倍以上十倍以下,Unknown
3410,货值金额,Unknown
3411,并处一万元以上二十五万元以下罚款,Unknown
3412,并处货值金额五倍以上十倍以下罚款,Unknown
3413,对易地扶贫搬迁工程项目的监督检查,Unknown
3414,农村经济处,Unknown
3415,《陕西省移民（脱贫）搬迁工作实施细则》,Unknown
3416,加强督查考核,Unknown
3417,国土部门,Unknown
3418,年度搬迁安置任务完成情况,Unknown
3419,发展改革,Unknown
3420,督促考核,Unknown
3421,住房城乡建设,Unknown
3422,扶贫,Unknown
3423,引入,Unknown
3424,第三方评估机制,Unknown
3425,保障农民工工资支付条例,Unknown
3426,保障农民工工资支付工作的组织协调,Unknown
3427,保障农民工工资支付工作的管理指导,Unknown
3428,农民工工资支付情况的监督检查,Unknown
3429,有关拖欠农民工工资案件,Unknown
3430,用人单位与农民工签订劳动合同的监督检查,Unknown
3431,工资支付的监督检查,Unknown
3432,工程建设项目实行农民工实名制管理的监督检查,Unknown
3433,农民工工资专用账户管理的监督检查,Unknown
3434,施工总承包单位代发工资的监督检查,Unknown
3435,工资保证金存储的监督检查,Unknown
3436,维权信息公示的监督检查,Unknown
3437,建设工程消防设计审核,Unknown
3438,报公安机关消防机构备案,Unknown
3439,艺术考级机构,Unknown
3440,文化行政部门或者文化市场综合执法机构工作人员,Unknown
3441,文化行政部门或者文化市场综合执法机构,Unknown
3442,对公共场所经营管理人员违反安全规定的处罚,Unknown
3443,第三十九条,Unknown
3444,《农业机械安全监督管理条例》,Unknown
3445,使用拖拉机、联合收割机违反规定载人,Unknown
3446,县级以上地方人民政府农业机械化主管部门,Unknown
3447,批评教育,Unknown
3448,扣押拖拉机、联合收割机的证书、牌照,Unknown
3449,吊销有关人员的操作证件,Unknown
3450,非法从事经营性道路旅客运输,Unknown
3451,道路运输管理法律、行政法规,Unknown
3452,中标的测绘单位,Unknown
3453,测绘项目,Unknown
3454,处测绘约定报酬一倍以上二倍以下的罚款,Unknown
3455,可以责令停业整顿或者降低测绘资质等级,Unknown
3456,"情节严重时,吊销测绘资质证书",Unknown
3457,使用未经检验合格的有关航行、作业和人身财产安全以及防止污染环境的重要设备、部件和材料，制造、改造、维修渔业船舶的,Unknown
3458,擅自拆除渔业船舶上有关航行、作业和人身财产安全以及防止污染环境的重要设备、部件的,Unknown
3459,擅自改变渔业船舶的吨位、载重线、主机功率、人员定额和适航区域的,Unknown
3460,责令立即停止作业,Unknown
3461,强制拆除非法使用的重要设备、部件和材料或者暂扣渔业船舶检验证书,Unknown
3462,县级以上人民政府渔业行政主管部门或者其所属的渔业行政执法机构,Unknown
3463,汽车供应商,Unknown
3464,未按规定受理投诉,Unknown
3465,供应商,Unknown
3466,违反本办法,Unknown
3467,消费者投诉制度,Unknown
3468,具体部门和人员,Unknown
3469,投诉渠道,Unknown
3470,排水用户,Unknown
3471,排水设施,Unknown
3472,城市排水管网,Unknown
3473,市政工程设施管理部门批准,Unknown
3474,排水设施连接修复费用,Unknown
3475,第三十七条,Unknown
3476,排水单位,Unknown
3477,排水个人,Unknown
3478,违法建设项目,Unknown
3479,规划审批要求和设计,Unknown
3480,违建治理处,Unknown
3481,城市管理综合执法主管部门,Unknown
3482,由城市管理综合执法主管部门,Unknown
3483,由住房建设行政主管部门,Unknown
3484,未取得建设工程规划许可证的建设项目,Unknown
3485,设计单位,Unknown
3486,对逾期非法居留的台湾居民的处罚,Unknown
3487,《中国公民往来台湾地区管理办法》,Unknown
3488,中华人民共和国国务院发布,Unknown
3489,第35条,Unknown
3490,监管省生态环境厅工作,Unknown
3491,擅自倾倒、堆放危险废物的行为,Unknown
3492,情节严重时可责令停业或者关闭,Unknown
3493,罚款金额范围,Unknown
3494,补充依据,Unknown
3495,同等法律条款,Unknown
3496,放射性核素排放许可,Unknown
3497,部分区审批局,Unknown
3498,自贸区生态环境部门,Unknown
3499,《中华人民共和国放射性污染防治法》第四十一条,Unknown
3500,规定披露环境信息不符合准则要求,Unknown
3501,《企业环境信息依法披露管理办法》,Unknown
3502,对企业违反规定披露环境信息不符合准则要求的行政处罚,Unknown
3503,对排污单位发现污染物排放自动监测设备传输数据异常或者污染物排放超过污染物排放标准等异常情况不报告的行政处罚,Unknown
3504,转基因植物种子,Unknown
3505,种畜禽,Unknown
3506,水产苗种,Unknown
3507,县级以上人民政府农业行政主管部门,Unknown
3508,制作保存生产经营档案,Unknown
3509,购房资格审核,Unknown
3510,企事业单位,Unknown
3511,其他社会组织,Unknown
3512,法规税政处,Unknown
3513,伤残抚恤关系接收,Unknown
3514,转移办理,Unknown
3515,西安市退役军人事务局,Unknown
3516,优抚褒扬处,Unknown
3517,内河,Unknown
3518,中华人民共和国内河交通安全管理条例,Unknown
3519,内河交通事故,Unknown
3520,重大内河交通事故,Unknown
3521,排污许可管理条例,Unknown
3522,民办学校年检,Unknown
3523,普通中学,Unknown
3524,职业中学,Unknown
3525,发展规划处(行政审批处),Unknown
3526,监管市政府工作,Unknown
3527,《广告管理条例》,Unknown
3528,国发[1987]94号发布,Unknown
3529,1987.12.01施行,Unknown
3530,排水许可,Unknown
3531,对医疗器械临床试验机构开展医疗器械临床试验未遵守临床试验质量管理规范的处罚,Unknown
3532,《医疗器械监督管理条例》,Unknown
3533,医疗器械临床试验机构开展医疗器械临床试验未遵守临床试验质量管理规范的处罚,Unknown
3534,责令改正或者立即停止临床试验,Unknown
3535,卫生主管部门,Unknown
3536,违法单位的法定代表人、主要负责人、直接负责的主管人员和其他责任人员,Unknown
3537,"实验室工作人员,负责实验室感染控制的专门机构或者人员",Unknown
3538,隐瞒情况,Unknown
3539,提供虚假材料,Unknown
3540,消防技术服务资质处罚,Unknown
3541,隐瞒有关情况,Unknown
3542,不予受理,Unknown
3543,一年内不得再次申请,Unknown
3544,原许可公安机关消防机构,Unknown
3545,撤销资质,Unknown
3546,以欺骗,Unknown
3547,贿赂,Unknown
3548,不正当手段取得资质,Unknown
3549,处二万元以上三万元以下罚款,Unknown
3550,申请人在三年内,Unknown
3551,不得再次申请,Unknown
3552,隔离,Unknown
3553,处理染疫或者疑似染疫的动物、动物产品及相关物品,Unknown
3554,《中华人民共和国动物防疫法》,Unknown
3555,2021年1月,Unknown
3556,导游执业许可申请人,Unknown
3557,导游人员资格证,Unknown
3558,导游证,Unknown
3559,导游,Unknown
3560,"贿赂等不正当手段取得,导游人员资格证",Unknown
3561,"贿赂等不正当手段取得,导游证",Unknown
3562,所在地旅游主管部门,Unknown
3563,处罚中国人民钱庄不对行为,Unknown
3564,某村镇银行,Unknown
3565,工程监理企业资质管理规定,Unknown
3566,建设部令第158号,Unknown
3567,住建部令第45号,Unknown
3568,工程监理企业,Unknown
3569,本规定第十六条第七项行为,Unknown
3570,本规定第十六条第八项行为,Unknown
3571,县级以上地方人民政府住房城乡建设主管部门或者有关部门,Unknown
3572,商业贿赂,Unknown
3573,"伪造,出借,转让,工程监理企业资质证书",Unknown
3574,未按照国家有关规定制定危险废物管理计划或者申报危险废物有关资料,Unknown
3575,有前款第一项、第二项、第五项、第六项、第七项、第八项、第九项、第十二项、第十三项行为之一,Unknown
3576,有前款第三项、第四项、第十项、第十一项行为之一,Unknown
3577,生产、销售、使用放射性同位素和射线装置的单位,Unknown
3578,安全和防护评估,Unknown
3579,安全隐患,Unknown
3580,县级以上人民政府生态环境主管部门,Unknown
3581,国务院令第449号,Unknown
3582,对医师未按照注册的执业地点、执业类别、执业范围执业的处罚,Unknown
3583,《陕西省城市市容环境卫生条例》,Unknown
3584,从事车辆清洗维修、废品收购等行业的经营者,Unknown
3585,处以二百元以上五百元以下罚款,Unknown
3586,陕西省城市市容环境卫生条例,Unknown
3587,占用耕地建窑,Unknown
3588,建坟,Unknown
3589,擅自在耕地上建房,Unknown
3590,挖砂,Unknown
3591,采石,Unknown
3592,采矿,Unknown
3593,取土,Unknown
3594,破坏种植条件,Unknown
3595,土地荒漠化,Unknown
3596,土地盐渍化,Unknown
3597,《中华人民共和国土地管理法》,Unknown
3598,2019,Unknown
3599,第七十五条,Unknown
3600,政府投资建设管理的公园和依托历史建筑建设的公园,Unknown
3601,会所、夜总会等高档商业设施,Unknown
3602,公园行政主管部门,Unknown
3603,违反本条例第二十一条规定的行为,Unknown
3604,三万元以上五万元以下罚款,Unknown
3605,《食品相关产品质量安全监督管理暂行办法》,Unknown
3606,使用不符合食品安全标准及相关公告的原辅料和添加剂，以及其他可能危害人体健康的物质作为原辅料生产食品相关产品,Unknown
3607,处十万元以下罚款,Unknown
3608,处二十万元以下罚款,Unknown
3609,超范围、超限量使用添加剂生产食品相关产品,Unknown
3610,城市轨道交通工程项目,Unknown
3611,未经安全评估投入运营,Unknown
3612,出售国家重点保护的水生野生动物,Unknown
3613,收购国家重点保护的水生野生动物,Unknown
3614,运输国家重点保护的水生野生动物,Unknown
3615,携带国家重点保护的水生野生动物,Unknown
3616,出售地方重点保护的水生野生动物,Unknown
3617,收购地方重点保护的水生野生动物,Unknown
3618,运输地方重点保护的水生野生动物,Unknown
3619,携带地方重点保护的水生野生动物,Unknown
3620,个人工作室,Unknown
3621,中华人民共和国水生野生动物保护实施条例,Unknown
3622,农业部,Unknown
3623,与招标人订立的合同,Unknown
3624,招标人造成损失,Unknown
3625,超过履约保证金数额的损失,Unknown
3626,超过部分予以赔偿,Unknown
3627,中华人民共和国招标投标法,Unknown
3628,中标人不履行与招标人订立的合同的后果,Unknown
3629,情节严重的中标人,Unknown
3630,营业执照,Unknown
3631,污水处理费征收,Unknown
3632,城镇排水与污水处理条例,Unknown
3633,财政部,Unknown
3634,国家发展改革委,Unknown
3635,住房城乡建设部,Unknown
3636,财税,Unknown
3637,污水处理费征收使用管理办法,Unknown
3638,排水单位和个人,Unknown
3639,污水处理费,Unknown
3640,地方国库,Unknown
3641,对在绿地内取土、焚烧的行政处罚,Unknown
3642,在绿地内取土、焚烧,Unknown
3643,违反本条例第三十四条规定,Unknown
3644,取土、焚烧,Unknown
3645,集体土地所有权首次登记,Unknown
3646,《中华人民共和国民法典》,Unknown
3647,主席令第45号,Unknown
3648,不动产登记,Unknown
3649,不动产所在地的登记机构办理,Unknown
3650,国家,Unknown
3651,统一登记制度,Unknown
3652,统一登记的范围、登记机构和登记办法,Unknown
3653,法律、行政法规规定,Unknown
3654,不动产首次登记,Unknown
3655,《不动产登记暂行条例》,Unknown
3656,国务院令第656号,Unknown
3657,2019年3月国务院令第710号,Unknown
3658,不动产登记暂行条例,Unknown
3659,国土资源部令第63号,Unknown
3660,2019年7月自然资源部令第5号,Unknown
3661,政府组织的集体土地所有权登记,Unknown
3662,涉及国家秘密的,Unknown
3663,公告,Unknown
3664,违法采集国家和省重点保护野生植物,Unknown
3665,中华人民共和国野生植物保护条例,Unknown
3666,未取得采集证或者未按照采集证的规定采集国家重点保护野生植物的处罚,Unknown
3667,陕西省野生植物保护条例,Unknown
3668,未取得采集证或者未按照采集证的规定采集省重点保护野生植物的处罚,Unknown
3669,集中式供水单位,Unknown
3670,未取得体检合格证的人员,Unknown
3671,患有有碍饮用水卫生疾病的或病原携带者,Unknown
3672,限期改进,Unknown
3673,供水单位处以罚款,Unknown
3674,20元以上1000元以下,Unknown
3675,水政水资源管理处(执法监督处,Unknown
3676,移动式压力容器,Unknown
3677,气瓶充装许可,Unknown
3678,劳动者生命健康造成严重损害,Unknown
3679,国家卫生健康委员会令第5号公布,Unknown
3680,非法生产军服,Unknown
3681,军服专用材料的买卖,Unknown
3682,生产、销售军服仿制品行为,Unknown
3683,特种设备生产单位许可,Unknown
3684,《中华人民共和国特种设备安全法》第十八条,Unknown
3685,《特种设备安全监察条例》第十条,Unknown
3686,《陕西省人民政府关于委托一批行政许可事项的决定》第三十八条,Unknown
3687,禁止在露天场所和垃圾收集容器内焚烧树叶、垃圾或者其他废弃物,Unknown
3688,对个人处以十元以上五十元以下罚款,Unknown
3689,对单位处以二百元以上二千元以下罚款,Unknown
3690,营业性爆破作业单位,Unknown
3691,跨省、自治区、直辖市行政区域实施爆破作业,Unknown
3692,事先向爆破作业所在地的县级人民政府公安机关报告,Unknown
3693,对向水体倾倒船舶垃圾或者排放船舶的残油、废油等行为,Unknown
3694,骗取教师资格,Unknown
3695,品行不良,Unknown
3696,侮辱学生,Unknown
3697,影响恶劣,Unknown
3698,"""宗教活动场所内改建或者新建建筑物许可""",Unknown
3699,"""行政许可""",Unknown
3700,"""西安市民族宗教事务委员会""",Unknown
3701,"""行政审批与政策法规处""",Unknown
3702,户口登记（投资纳税落户）,Unknown
3703,建设项目安全设施竣工后未进行检验、检测,Unknown
3704,在申请建设项目安全审查时提供虚假文件、资料,Unknown
3705,未组织有关单位和专家研究提出试生产(使用,Unknown
3706,未制定周密的试生产(使用,Unknown
3707,未组织有关专家对试生产(使用,Unknown
3708,《危险化学品建设项目安全监督管理办法》,Unknown
3709,不按照规定放置校车标牌,Unknown
3710,不按照规定开启校车标志灯,Unknown
3711,不按照经审核确定的线路行驶,Unknown
3712,在校车停靠站点不按规定停靠,Unknown
3713,未运载学生上道路行驶时使用校车标牌、校车标志灯和停车指示标志,Unknown
3714,上道路行驶前未对校车车况进行检查,Unknown
3715,驾驶存在安全隐患的车辆上道路行驶,Unknown
3716,在校车载有学生时给车辆加油,Unknown
3717,在校车发动机引擎熄灭前离开驾驶座位,Unknown
3718,《电力设施保护条例》,Unknown
3719,《国务院关于废止和修改部分行政法规的决定》修订,Unknown
3720,违反本条例规定的行为,Unknown
3721,电力管理部门处理,Unknown
3722,停止作业,Unknown
3723,恢复原状,Unknown
3724,爆破或其他作业,Unknown
3725,电力设施安全,Unknown
3726,企业境外投资,Unknown
3727,非敏感国家和地区,Unknown
3728,非敏感行业,Unknown
3729,《境外投资管理办法》,Unknown
3730,《陕西省商务厅关于部分下放西安市境外投资企业权限的通知》,Unknown
3731,2014年9月6日,Unknown
3732,陕西省商务厅,Unknown
3733,陕商函〔2017〕712号,Unknown
3734,投资额5000万元以下的西安市境外投资企业备案,Unknown
3735,对有证据证明可能危害人体健康的药品及其有关材料的查封、扣押,Unknown
3736,县级以上各级人民政府及其卫生行政部门,Unknown
3737,在突发公共卫生事件与传染病疫情监测信息报告管理工作中做出贡献的人员,Unknown
3738,制造、销售仿真枪行为,Unknown
3739,出入境通行证核发,Unknown
3740,《中华人民共和国水污染防治法》第八十九条第一款,Unknown
3741,船舶未配置相应的防污染设备和器材,Unknown
3742,未持有合法有效的防止水域环境污染的证书与文书,Unknown
3743,二千元以上二万元以下,Unknown
3744,逾期不改正,Unknown
3745,责令船舶临时停航,Unknown
3746,"""专用航标的设置、撤除、位置移动和其他状况改变审批""",Unknown
3747,"""西安市农业农村局（市乡村振兴局）""",Unknown
3748,"""行政审批处""",Unknown
3749,"""渔业渔政处""",Unknown
3750,《中华人民共和国水土保持法》,Unknown
3751,《中华人民共和国水土保持法》(2010修订),Unknown
3752,在林区采伐林木不依法采取防止水土流失措施的处罚,Unknown
3753,水行政主管部门,Unknown
3754,申报动物检疫隐瞒有关情况或者提供虚假材料的,Unknown
3755,《动物检疫管理办法》(2022年9月农业农村部令2022年第7号公布),Unknown
3756,《中华人民共和国行政许可法》(2019年4月修正),Unknown
3757,劳动行政部门,Unknown
3758,《中华人民共和国劳动法》第九十条,Unknown
3759,《劳动保障监察条例》第二十五条,Unknown
3760,劳动者,Unknown
3761,船员服务簿记载的事项,Unknown
3762,船员,Unknown
3763,无导游证进行导游活动,Unknown
3764,由旅游行政部门责令改正并予以公告,Unknown
3765,处1000元以上3万元以下的罚款,Unknown
3766,"有违法所得的,并处没收违法所得",Unknown
3767,《导游人员管理条例》,Unknown
3768,经营第二类非药品类易制毒化学品备案,Unknown
3769,危险化学品安全监督管理处（行政审批处）,Unknown
3770,药品使用单位,Unknown
3771,假药,Unknown
3772,劣药,Unknown
3773,电子出版物制作业务许可,Unknown
3774,《音像制品管理条例》,Unknown
3775,省新闻出版局,Unknown
3776,设区的市级新闻出版部门,Unknown
3777,从事环境监测、环境影响评价文件和竣工验收报告编制、技术评估、环保设施运维以及自动监控设施运维、碳咨询、碳核查等有关技术服务单位,Unknown
3778,弄虚作假或者伪造、虚报、瞒报有关数据,Unknown
3779,陕西省大气污染防治条例,Unknown
3780,瞒报,Unknown
3781,缓报,Unknown
3782,谎报,Unknown
3783,未按规定建立专门的流行病学调查队伍,Unknown
3784,未按规定进行传染病疫情的流行病学调查工作,Unknown
3785,未按规定派人进行现场调查,Unknown
3786,未按规定上报疫情,Unknown
3787,报告突发公共卫生事件,Unknown
3788,保安工作管理处,Unknown
3789,《保安培训机构管理办法》,Unknown
3790,保安培训机构,Unknown
3791,依法由公安机关、国家安全机关、检察机关专有的侦察技术、手段,Unknown
3792,设区的市级人民政府公安机关,Unknown
3793,保安培训机构取消教员授课资格,Unknown
3794,"保安培训机构,处以,二千元以上一万元以下罚款",Unknown
3795,对通过互联网上传标注了含有按照国家有关规定在地图上不得表示的内容的处罚,Unknown
3796,《地图管理条例》（国务院令第664号）,Unknown
3797,含有按照国家有关规定在地图上不得表示的内容,Unknown
3798,可以处10万元以下的罚款,Unknown
3799,"构成犯罪的,依法追究刑事责任",Unknown
3800,施工单位项目负责人,Unknown
3801,处1万元以上3万元以下的罚款,Unknown
3802,1000元以上5000元以下的罚款,Unknown
3803,招标人不具备自行办理施工招标事宜条件而自行招标的处罚,Unknown
3804,招标人不具备自行办理施工招标事宜条件而自行招标的,Unknown
3805,1万元以下,Unknown
3806,《房屋建筑和市政基础设施工程施工招标投标管理办法》,Unknown
3807,金属非金属地下矿山地表设施未按设计采取有效安全措施保护,Unknown
3808,对工程施工单位未及时清运施工过程中产生的建筑垃圾等固体废物的行政处罚,Unknown
3809,建筑垃圾管理处,Unknown
3810,对土壤污染防治的行政检查,Unknown
3811,非法转让和倒卖出租汽车经营权行为,Unknown
3812,西安市出租汽车管理条例,Unknown
3813,对非法转让和倒卖出租汽车经营权行为的处罚,Unknown
3814,转让人或者倒卖人,Unknown
3815,专职安全管理人员,Unknown
3816,《道路危险货物运输管理规定》,Unknown
3817,交通运输部令2013年第2号,Unknown
3818,交通运输部令2023年第13号,Unknown
3819,国务院令第457号,Unknown
3820,国务院令第709号,Unknown
3821,初筛检测,Unknown
3822,自愿咨询和自愿检测制度,Unknown
3823,国家有关艾滋病咨询和检测的规定,Unknown
3824,卫生和计划生育行政部门,Unknown
3825,交通、铁路、民航等有关部门,Unknown
3826,服务站点,Unknown
3827,筒型储库人工清库作业,Unknown
3828,安全措施,Unknown
3829,事故隐患处罚,Unknown
3830,消除事故隐患,Unknown
3831,华侨以及居住在香港、澳门、台湾地区的中国公民收养登记,Unknown
3832,行使主体,Unknown
3833,儿童福利处,Unknown
3834,占用农业灌溉水源、灌排工程设施审批,Unknown
3835,对擅自在道路、桥涵上牵引、吊装作业的行政处罚,Unknown
3836,《陕西省城市市政公用设施管理条例》,Unknown
3837,禁止下列损害城市道路、桥涵的行为,Unknown
3838,擅自在道路、桥涵上设置广告，牵引、吊装作业,Unknown
3839,违反本条例第十八条第（三）项、第（四）项、第（五）项、第（八）项，第二十六条第（二）项，第三十条第（三）项、第（四）项，第三十三条第（二）项、第（四）项规定的处罚,Unknown
3840,并可处以五十元以上五百元以下的罚款,Unknown
3841,处以五百元以上五千元以下的罚款,Unknown
3842,排放噪声的场所、设施、设备、工具和物品,Unknown
3843,对排放噪声造成严重污染被责令改正拒不改正的行为,Unknown
3844,生态环境主管部门或者其他负有噪声污染防治监督管理职责的部门,Unknown
3845,城管部门,Unknown
3846,"或者继续使用经检修仍不能达到使用安全标准的医疗器械,服务事项",Unknown
3847,"不能保障医疗质量安全行为的行政处罚,服务事项",Unknown
3848,露天焚烧秸秆、落叶、枯草的行政处罚,Unknown
3849,综合管理处,Unknown
3850,中华人民共和国大气污染防治法,Unknown
3851,西安市大气污染防治条例,Unknown
3852,镇人民政府,Unknown
3853,露天焚烧行为,Unknown
3854,街道办事处,Unknown
3855,露天焚烧秸秆、落叶、枯草,Unknown
3856,取水许可实施和水资源费征收、使用情况的监督检查,Unknown
3857,《西安市地下水资源管理条例》,Unknown
3858,取水许可制度实施的监督管理,Unknown
3859,县级以上人民政府水行政主管部门或者流域管理机构,Unknown
3860,取水许可审批文件,Unknown
3861,取水地点,Unknown
3862,凿井深度,Unknown
3863,开采层段,Unknown
3864,取用地下水的单位和个人,Unknown
3865,水资源费,Unknown
3866,取用城市地下水的单位和个人,Unknown
3867,城市污水处理费,Unknown
3868,水资源费和城市污水处理费的征收,Unknown
3869,有关规定执行,Unknown
3870,取水计量设施,Unknown
3871,正常运行,Unknown
3872,取用地下水,Unknown
3873,不得擅自改变用途,Unknown
3874,运营服务质量承诺或者定期报告履行情况,Unknown
3875,运行图,Unknown
3876,"影响服务质量,行政处罚",Unknown
3877,乘客,Unknown
3878,投诉受理制度,Unknown
3879,乘客投诉,Unknown
3880,限流、甩站、封站、暂停运营等措施,Unknown
3881,封站、暂停运营等措施,Unknown
3882,城市轨道交通运营管理规定,Unknown
3883,规模单用途商业预付卡发卡企业备案,Unknown
3884,单用途商业预付卡管理办法（试行）,Unknown
3885,商务部令2012年第9号,Unknown
3886,集团发卡企业和品牌发卡企业,Unknown
3887,其工商登记注册地省、自治区、直辖市人民政府商务主管部门备案,Unknown
3888,规模发卡企业,Unknown
3889,其工商登记注册地设区的市人民政府商务主管部门备案,Unknown
3890,其他发卡企业,Unknown
3891,其工商登记注册地县（市、区）人民政府商务主管部门备案,Unknown
3892,乳品质量安全监督检查,Unknown
3893,对乳品质量安全的监督检查,Unknown
3894,乳品质量安全监督管理条例,Unknown
3895,畜牧兽医,Unknown
3896,质量监督,Unknown
3897,工商行政管理,Unknown
3898,有关人员,Unknown
3899,调查、了解有关情况,Unknown
3900,合同,Unknown
3901,查阅、复制,Unknown
3902,票据,Unknown
3903,账簿,Unknown
3904,检验报告,Unknown
3905,不符合乳品质量安全国家标准的乳品,Unknown
3906,查封、扣押,Unknown
3907,违法使用的生鲜乳,Unknown
3908,违法从事乳品生产经营活动的场所,Unknown
3909,用于违法生产经营的工具,Unknown
3910,用于违法生产经营的设备,Unknown
3911,尾矿堆积坝上升速率大于设计堆积上升速率,Unknown
3912,对开挖、扩建地下室或者在屋面违章搭建的行政处罚,Unknown
3913,人体健康和生命安全造成损害,Unknown
3914,农业、卫生、质检、商务、工商、药品等监督管理部门,Unknown
3915,责令生产企业召回产品,Unknown
3916,责令销售者停止销售,Unknown
3917,"销售者并处,1000元以上5万元以下的罚款",Unknown
3918,"生产企业并处,货值金额3倍的罚款",Unknown
3919,生产企业和销售者,Unknown
3920,前款规定义务,Unknown
3921,许可证照,Unknown
3922,从事道路货物运输站（场）经营,Unknown
3923,机动车驾驶员培训业务,Unknown
3924,备案时提供虚假材料情节严重,Unknown
3925,从事机动车驾驶员培训业务未按规定办理备案变更,Unknown
3926,机动车变更登记,Unknown
3927,机动车登记规定,Unknown
3928,《机动车登记规定》,Unknown
3929,机动车所有人,Unknown
3930,已注册登记的机动车,Unknown
3931,登记地车辆管理所,Unknown
3932,机动车所有人的身份证明,Unknown
3933,机动车安全技术检验合格证明,Unknown
3934,车辆管理所管辖区域,Unknown
3935,对内河交通安全的监督检查,Unknown
3936,内河交通安全监督检查制度,Unknown
3937,金属非金属露天矿山工作帮坡角,Unknown
3938,金属非金属露天矿山最终边坡台阶高度,Unknown
3939,国家矿山安全监察局,Unknown
3940,金属非金属矿山重大事故隐患判定标准,Unknown
3941,人员密集场所发生火灾,Unknown
3942,现场工作人员,Unknown
3943,组织、引导在场人员疏散的义务,Unknown
3944,县级以上人民政府食品安全监督管理部门,Unknown
3945,发布未依法取得资质认定的食品检验机构出具的食品检验信息,Unknown
3946,拒不改正的利用上述检验信息对食品、食品生产经营者进行等级评定的行为,Unknown
3947,建筑垃圾排放人,Unknown
3948,建筑垃圾排放管理人员,Unknown
3949,管理人员,Unknown
3950,施工现场未配备建筑垃圾排放管理人员或者建筑垃圾运输人未配备管理人员,Unknown
3951,《西安市建筑垃圾管理条例》（2020修正）,Unknown
3952,淘汰落后安全技术工艺、设备目录列出的工艺、设备,Unknown
3953,使用应当淘汰的危及生产安全的工艺、设备,Unknown
3954,设计使用黏土实心砖,Unknown
3955,施工图审查单位,Unknown
3956,禁止使用黏土实心砖的规定,Unknown
3957,规定使用黏土实心砖进行施工,Unknown
3958,工程监理单位,Unknown
3959,禁止使用黏土实心砖规定实施监理,Unknown
3960,规定予以处罚,Unknown
3961,《陕西省新型墙体材料发展应用条例(2019年修正)》,Unknown
3962,违反本条例第二十条第一款规定,Unknown
3963,违反本条例第二十条第二款规定,Unknown
3964,无使用配额许可证使用消耗臭氧层物质行为,Unknown
3965,违法将已淘汰的消耗臭氧层物质用于制冷剂等用途,Unknown
3966,未经批准擅自转让探矿权、采矿权,Unknown
3967,《探矿权采矿权转让管理办法》,Unknown
3968,法律援助补贴发放,Unknown
3969,《中华人民共和国法律援助法》,Unknown
3970,法律援助机构,Unknown
3971,法律援助工作,Unknown
3972,法律援助申请,Unknown
3973,法律援助人员,Unknown
3974,法律援助补贴,Unknown
3975,法律援助,Unknown
3976,律师,Unknown
3977,基层法律服务工作者,Unknown
3978,法律援助志愿者,Unknown
3979,法律援助事项承办人员的费用,Unknown
3980,陕西省法律援助补贴办法,Unknown
3981,《西安市销售燃放烟花爆竹安全管理条例》,Unknown
3982,"烟花爆竹批发企业,进行,责令限期改正",Unknown
3983,"烟花爆竹批发企业,进行,罚款",Unknown
3984,五千元以上三万元以下,Unknown
3985,粮食经营者从事粮食收购收购、储存、运输活动和政策性粮食购销活动中的质量安全状况的监督检查,Unknown
3986,对游客违反公园规定的行为的行政地点,Unknown
3987,未经批准在水产种质资源保护区内从事捕捞活动行为,Unknown
3988,《中华人民共和国渔业法》（2013年12月修正）,Unknown
3989,建设工程勘察设计管理条例,Unknown
3990,建设工程勘察、设计注册执业人员,Unknown
3991,一个建设工程勘察、设计单位或者同时受聘于两个以上建设工程勘察、设计单位,Unknown
3992,建设工程勘察、设计活动,Unknown
3993,2倍以上5倍以下,Unknown
3994,国务院令第293号,Unknown
3995,国务院令第687号,Unknown
3996,水土保持设施验收备案,Unknown
3997,生产建设项目水土保持监督管理办法,Unknown
3998,生产建设单位,Unknown
3999,报备水土保持设施验收材料,Unknown
4000,水土保持设施验收通过3个月内,Unknown
4001,审批水土保持方案的水行政主管部门或者水土保持方案审批机关的同级水行政主管部门,Unknown
4002,水土保持设施验收材料,Unknown
4003,省政府事务,Unknown
4004,金属非金属露天矿山运输道路坡度大于设计坡度10%以上,Unknown
4005,《国家矿山安全监察局关于印发〈金属非金属矿山重大事故隐患判定标准〉的通知》（矿安〔2022〕88号）,Unknown
4006,"处罚措施,第一百零二条",Unknown
4007,执业医师开具麻醉药品和精神药品处方的情况监督检查,Unknown
4008,无直接相关实体,Unknown
4009,县级以上人民政府卫生主管部门,Unknown
4010,执业医师开具麻醉药品和精神药品处方的情况,Unknown
4011,有机配料含量低于95%的加工产品进行有机认证的行政处罚,Unknown
4012,《有机产品认证管理办法》,Unknown
4013,国家质量监督检验检疫总局令第155号公布,Unknown
4014,2022年9月29日国家市场监督管理总局令第61号第二次修订,Unknown
4015,认证机构,Unknown
4016,第十六条,Unknown
4017,认证机构对有机配料含量低于95％的加工产品进行有机认证,Unknown
4018,住宿,Unknown
4019,餐饮,Unknown
4020,景区,Unknown
4021,旅游者,Unknown
4022,旅行社选择的交通,Unknown
4023,旅行社选择的住宿,Unknown
4024,旅行社选择的餐饮,Unknown
4025,旅行社选择的景区,Unknown
4026,"不具有,接待服务能力",Unknown
4027,县级以上旅游行政管理部门,Unknown
4028,违法所得的3倍以下但最高不超过3万元,Unknown
4029,《旅行社条例实施细则》,Unknown
4030,旅行社选择的交通、住宿、餐饮、景区应当符合具有合法经营资格和接待服务能力的要求,Unknown
4031,2009年4月国家旅游局令第30号,Unknown
4032,2016年12月国家旅游局令第42号,Unknown
4033,对未建设畜禽养殖污染防治配套设施等行为的行政处罚,Unknown
4034,未建设污染防治配套设施或者自行建设的配套设施不合格，也未委托他人对畜禽养殖废弃物进行综合利用和无害化处理，畜禽养殖场、养殖小区即投入生产、使用，或者建设的污染防治配套设施未正常运行的，由县级以上人民政府环境保护主管部门责令停止生产或者使用，可以处10 万元以下的罚款,Unknown
4035,监管市政府,Unknown
4036,特种设备安全监察条例,Unknown
4037,直辖市或者设区的市的特种设备安全监督管理部门,Unknown
4038,锅炉、压力容器、电梯、起重机械、客运索道、大型游乐设施的使用单位,Unknown
4039,特种设备过户使用未进行变更登记,Unknown
4040,特种设备重新安装未进行登记,Unknown
4041,县级以上特种设备监督管理部门,Unknown
4042,特种设备过户使用的,Unknown
4043,办理注销登记,Unknown
4044,重新申请登记,Unknown
4045,特种设备重新安装的,Unknown
4046,环境质量监测,Unknown
4047,环境脏乱防治,Unknown
4048,环境影响评价,Unknown
4049,负有秦岭生态环境保护监督管理职责的部门,Unknown
4050,监督检查制度,Unknown
4051,科技手段,Unknown
4052,破坏秦岭生态环境的违法行为,Unknown
4053,查处,Unknown
4054,制止,Unknown
4055,有权处理部门,Unknown
4056,反馈移交部门,Unknown
4057,市人民政府有关部门,Unknown
4058,履行监督管理和行政执法职责,Unknown
4059,生态环境部门,Unknown
4060,环境污染防治,Unknown
4061,阻拦、不及时报告火警,Unknown
4062,国务院公布,Unknown
4063,具体办法,Unknown
4064,做出突出贡献的护士,Unknown
4065,省、自治区、直辖市人民政府的有关规定,Unknown
4066,表彰、奖励,Unknown
4067,受到表彰、奖励的护士,Unknown
4068,省部级劳动模范、先进工作者待遇,Unknown
4069,国务院有关部门,Unknown
4070,全国卫生系统先进工作者荣誉称号,Unknown
4071,白求恩奖章,Unknown
4072,在护理工作中做出杰出贡献的护士,Unknown
4073,对教唆、引诱、欺骗吸毒的处罚,Unknown
4074,西安市民族宗教事务委员会,Unknown
4075,宗教团体,Unknown
4076,宗教活动场所,Unknown
4077,民族一处,Unknown
4078,宗教一处,Unknown
4079,宗教二处,Unknown
4080,《宗教事务条例》,Unknown
4081,《宗教活动场所财务管理办法》,Unknown
4082,《宗教团体管理办法》,Unknown
4083,宗教事务部门,Unknown
4084,财政部门,Unknown
4085,有关政府部门,Unknown
4086,财务会计报告,Unknown
4087,接受和使用捐赠情况,Unknown
4088,所在地的县级以上人民政府宗教事务部门,Unknown
4089,"信教公民,公布,财务状况,收支情况和接受,使用捐赠情况",Unknown
4090,对拍卖人采用财物或者其他手段进行贿赂以争揽业务,Unknown
4091,"利用拍卖公告或者其他方法,对拍卖标的作引人误解的虚假宣传",Unknown
4092,"捏造、散布虚假事实,损害其他拍卖人的商业信誉",Unknown
4093,以不正当手段侵犯他人的商业秘密,Unknown
4094,"拍卖人及其工作人员以竞买人的身份参与自己组织的拍卖活动,或者委托他人代为竞买",Unknown
4095,在自己组织的拍卖活动中拍卖自己的物品或者财产权利,Unknown
4096,传染病预防,Unknown
4097,传染病病人,Unknown
4098,疑似传染病病人,Unknown
4099,密切接触者,Unknown
4100,"""耕地保护激励奖补""",Unknown
4101,"""行政奖励""",Unknown
4102,"""耕地保护监督处""",Unknown
4103,电梯维护保养单位,Unknown
4104,现场维护保养,Unknown
4105,应急救援,Unknown
4106,具有相应资格的电梯维护保养人员,Unknown
4107,二人,Unknown
4108,现场安全防护措施,Unknown
4109,安全技术规范的要求,Unknown
4110,《西安市电梯安全管理办法》,Unknown
4111,第三十七条第二项,Unknown
4112,第三十七条第三项,Unknown
4113,第三十七条第十项,Unknown
4114,律师工作处承办,Unknown
4115,需要填报排污登记表的企业事业单位和其他生产经营者,Unknown
4116,未依照本条例规定填报排污信息的企业事业单位和其他生产经营者,Unknown
4117,未依照本条例规定填报排污信息的企业事业单位和其他生产经营者进行处罚,Unknown
4118,处罚方式,Unknown
4119,处5万元以下的罚款,Unknown
4120,50元以上200元以下,Unknown
4121,在营运车辆上粘贴、悬挂违反治安管理要求的遮挡物,Unknown
4122,未按照有关规定安装安全防范装置,Unknown
4123,降低住房公积金缴存比例,Unknown
4124,缓缴或补缴核准,Unknown
4125,综合业务部,Unknown
4126,分中心,Unknown
4127,管理部,Unknown
4128,普通护照核发及加注,Unknown
4129,中华人民共和国护照法,Unknown
4130,公安部出入境管理机构,Unknown
4131,普通护照,Unknown
4132,县级以上地方人民政府公安机关出入境管理机构,Unknown
4133,中华人民共和国驻外使馆,Unknown
4134,外交部委托的其他驻外机构,Unknown
4135,护照持有人,Unknown
4136,护照变更加注,Unknown
4137,护照签发机关,Unknown
4138,基础教育三处,Unknown
4139,发展规划处,Unknown
4140,中华人民共和国民办教育促进法,Unknown
4141,中华人民共和国民办教育促进法实施条例,Unknown
4142,撤销,Unknown
4143,有关行政部门,Unknown
4144,公安,Unknown
4145,民政,Unknown
4146,市场监督管理,Unknown
4147,举办者,Unknown
4148,行政事业单位,Unknown
4149,企业会计帐簿设置,Unknown
4150,会计资料真实性,Unknown
4151,会计资料完整性情况,Unknown
4152,会计核算,Unknown
4153,从业人员专业能力,Unknown
4154,职业道德的检查,Unknown
4155,财政政策与风险管理处,Unknown
4156,对网络交易经营者未按照要求提供特定时段、特定品类、特定区域的商品或者服务的价格、销量、销售额等数据信息的行政处罚,Unknown
4157,网络交易监督管理办法,Unknown
4158,处五千元以上三万元以下罚款,Unknown
4159,本办法第二十二条,Unknown
4160,国家市场监督管理总局及其授权的省级市场监督管理部门,Unknown
4161,提供特定时段、特定品类、特定区域的商品或者服务的价格、销量、销售额等数据信息,Unknown
4162,房地产估价机构,Unknown
4163,估价人员,Unknown
4164,产品质量检验机构违法向社会推荐生产者的产品或者以监制、监销等方式参与产品经营活动行为的行政处罚,Unknown
4165,产品质量监督部门,Unknown
4166,产品质量检验机构,Unknown
4167,生产者的产品,Unknown
4168,监制、监销等方式参与产品经营活动,Unknown
4169,违法收入,Unknown
4170,违法收入一倍以下的罚款,Unknown
4171,质量检验资格,Unknown
4172,租赁合同网签备案,Unknown
4173,租赁处,Unknown
4174,房屋租赁服务中心,Unknown
4175,《关于整顿规范住房租赁市场秩序的意见》,Unknown
4176,《西安市规范住房租赁市场管理办法》,Unknown
4177,住房租赁交易,Unknown
4178,合同网签备案,Unknown
4179,房屋建筑工程抗震设防管理规定,Unknown
4180,未对抗震能力受损、荷载增加或者需提高抗震设防类别的房屋建筑工程,Unknown
4181,在生产、建设活动中发现古生物化石不报告,Unknown
4182,古生物化石损毁,Unknown
4183,建设工程质量管理条例,Unknown
4184,水利工程质量管理规定,Unknown
4185,水利工程竣工验收后未移交建设项目档案行为的行政处罚,Unknown
4186,放射性污染防治法,Unknown
4187,放射性同位素与射线装置安全和防护条例,Unknown
4188,县级以上人民政府环境保护行政主管部门,Unknown
4189,伪造、出售伪造的增值税专用发票,Unknown
4190,非法出售增值税专用发票,Unknown
4191,非法购买增值税专用发票,Unknown
4192,购买伪造的增值税专用发票,Unknown
4193,非法制造、出售非法制造的可以用于骗取出口退税、抵扣税款的其他发票,Unknown
4194,非法制造、出售非法制造的发票,Unknown
4195,非法出售可以用于骗取出口退税、抵扣税款的其他发票,Unknown
4196,非法出售发票,Unknown
4197,《陕西省实施&lt;中华人民共和国献血法&gt;办法》,Unknown
4198,表彰或者奖励,Unknown
4199,红十字会,Unknown
4200,个人无偿献血量累计一千毫升以上,Unknown
4201,有下列情形之一,Unknown
4202,单位在组织献血工作中成绩突出,Unknown
4203,在医疗临床用血新技术的研究和推广工作中成绩突出,Unknown
4204,在采血、供血或者用血管理工作中成绩突出,Unknown
4205,在同血液违法犯罪行为斗争中表现突出,Unknown
4206,开展无偿献血的社会公益性宣传成效显著,Unknown
4207,为献血事业捐赠款物数额较大,Unknown
4208,其他为献血事业做出特殊贡献,Unknown
4209,建筑工地农民工业余学校备案,Unknown
4210,住房和城乡建设部,Unknown
4211,指导意见,Unknown
4212,中央精神文明建设指导委员会办公室,Unknown
4213,中华全国总工会,Unknown
4214,中国共产主义青年团中央委员会,Unknown
4215,建人〔2012〕200号,Unknown
4216,合理确定,Unknown
4217,标准,Unknown
4218,调整修订,Unknown
4219,农民工业余学校建校标准和要求,Unknown
4220,农民工业余学校项目备案和注销制度,Unknown
4221,制度,Unknown
4222,当地住房城乡建设主管部门,Unknown
4223,建校情况和计划,Unknown
4224,运行情况,Unknown
4225,责令整改,Unknown
4226,构成一级、二级重大危险源的危险化学品罐区,Unknown
4227,紧急切断功能,Unknown
4228,化工和危险化学品生产经营单位重大生产安全事故隐患判定标准,Unknown
4229,烟花爆竹生产经营单位重大生产安全事故隐患判定标准,Unknown
4230,生产经营单位未采取措施消除事故隐患的处罚,Unknown
4231,虚构事实扰乱公共秩序,Unknown
4232,散布谣言,Unknown
4233,谎报险情,Unknown
4234,谎报疫情,Unknown
4235,谎报警情,Unknown
4236,谎报火警,Unknown
4237,商品现货市场经营者,Unknown
4238,规定职责,Unknown
4239,业务规则和规章制度,Unknown
4240,应急预案,Unknown
4241,市场经营者,Unknown
4242,第十一条,Unknown
4243,第十二条,Unknown
4244,《商品现货市场交易特别规定（试行）》,Unknown
4245,商务部、中国人民银行、中国证券监督管理委员会,Unknown
4246,《职工带薪年休假条例》,Unknown
4247,县级以上地方人民政府人事部门,Unknown
4248,县级以上地方人民政府劳动行政部门,Unknown
4249,职工的年休假权利,Unknown
4250,未经考试合格并取得适任证书或者其他适任证件的人员,Unknown
4251,立即离岗,Unknown
4252,聘用单位,Unknown
4253,国务院令第355号,Unknown
4254,未经文化主管部门批准的营业性演出活动,Unknown
4255,娱乐场所管理办法,Unknown
4256,本办法第二十二条第一款规定,Unknown
4257,娱乐场所招用外国人从事演出活动,Unknown
4258,营业性演出管理条例实施细则,Unknown
4259,《农田水利条例》（2016年5月17日国务院令第669号公布）,Unknown
4260,对擅自复制和对外展示尚未移交的出土文物的责令改正,Unknown
4261,博物馆与社会文物处,Unknown
4262,陕西省文物保护条例,Unknown
4263,县级以上文物行政主管部门,Unknown
4264,违反本条例第三十一条第二款规定,Unknown
4265,《陕西省人民政府关于取消和下放一批行政审批项目的决定》,Unknown
4266,出土文物在移交国有文物收藏单位前复制和对外展示的许可,Unknown
4267,1997年5月国务院令第216号,Unknown
4268,2022年3月国务院令第752号,Unknown
4269,不执行农药使用记录制度的主体,Unknown
4270,由县级人民政府农业主管部门责令改正,Unknown
4271,拒不改正或者情节严重的不执行农药使用记录制度的主体,Unknown
4272,处2000元以上2万元以下罚款,Unknown
4273,道路施工,Unknown
4274,安全防护设施,Unknown
4275,故意损毁,Unknown
4276,道路施工安全防护设施,Unknown
4277,有下列行为之一,Unknown
4278,在车辆、行人通行的地方施工,Unknown
4279,对沟井坎穴不设覆盖物、防围和警示标志,Unknown
4280,或者故意损毁、移动覆盖物、防围和警示标志,Unknown
4281,五日以下拘留,Unknown
4282,五百元以下罚款,Unknown
4283,五日以上十日以下拘留,Unknown
4284,可以并处五百元以下罚款,Unknown
4285,设立典当行及分支机构审核转报,Unknown
4286,撤销资格,Unknown
4287,采取其他欺骗手段,Unknown
4288,原审批部门,Unknown
4289,5年,Unknown
4290,不得提出有关麻醉药品和精神药品的要求,Unknown
4291,有药品生产许可证,Unknown
4292,依法吊销其许可证明文件,Unknown
4293,有药品经营许可证,Unknown
4294,有医疗机构执业许可证,Unknown
4295,麻醉药品和精神药品管理条例,Unknown
4296,未经批准擅自变更台名,Unknown
4297,未经批准擅自变更台标,Unknown
4298,未经批准变更节目设置范围或者节目套数,Unknown
4299,未经批准出租、转让播出时段,Unknown
4300,转播、播放广播电视节目违反规定,Unknown
4301,播放境外广播电视节目或者广告的时间超出规定,Unknown
4302,播放未取得广播电视节目制作经营许可的单位制作的广播电视节目,Unknown
4303,播放未取得电视剧制作许可的单位制作的电视剧,Unknown
4304,播放未经批准的境外电影、电视剧和其他广播电视节目,Unknown
4305,教育电视台播放本条例第四十四条规定禁止播放的节目,Unknown
4306,未经批准擅自举办广播电视节目交流、交易活动行为的行政处罚,Unknown
4307,国际组织,Unknown
4308,"未经批准擅自使用""120""院前医疗急救呼叫号码或者其他带有院前医疗急救呼叫性质号码的医疗机构",Unknown
4309,未经批准擅自使用救护车开展院前医疗急救服务的医疗机构,Unknown
4310,急救中心（站）因指挥调度或者费用等因素拒绝、推诿或者延误院前医疗急救服务的医疗机构,Unknown
4311,对从事国际联网业务的单位及个人的检查,Unknown
4312,对检验检测机构基本条件和技术能力不能持续符合资质认定条件和要求，擅自向社会出具具有证明作用的检验检测数据、结果的,Unknown
4313,超出资质认定证书规定的检验检测能力范围，擅自向社会出具具有证明作用的数据、结果的,Unknown
4314,《检验检测机构资质认定管理办法》,Unknown
4315,检验检测机构,Unknown
4316,基本条件和技术能力不能持续符合资质认定条件和要求，擅自向社会出具具有证明作用的检验检测数据、结果的,Unknown
4317,先进的科学技术和管理方法,Unknown
4318,勘察,Unknown
4319,设计,Unknown
4320,监理,Unknown
4321,全面质量管理,Unknown
4322,工程质量水平,Unknown
4323,优质工程,Unknown
4324,水利工程项目,Unknown
4325,对导游在执业中安排旅游者参观或者参与涉及色情、赌博、毒品等违反我国法律法规和社会公德的项目或者活动,Unknown
4326,擅自变更旅游行程或者拒绝履行旅游合同,Unknown
4327,擅自安排购物活动或者另行付费旅游项目,Unknown
4328,以隐瞒事实、提供虚假情况等方式，诱骗旅游者违背自己的真实意愿，参加购物活动或者另行付费旅游项目,Unknown
4329,以殴打、弃置、限制活动自由、恐吓、侮辱、咒骂等方式，强迫或者变相强迫旅游者参加购物活动、另行付费等消费项目,Unknown
4330,获取购物场所、另行付费旅游项目等相关经营者以回扣、佣金、人头费或者奖励费等名义给予的不正当利益,Unknown
4331,推荐或者安排不合格的经营场所,Unknown
4332,向旅游者兜售物品,Unknown
4333,向旅游者索取小费,Unknown
4334,未经旅行社同意委托他人代为提供导游服务,Unknown
4335,法律法规规定其他行为的行政处罚,Unknown
4336,对烟花爆竹生产企业有变更企业主要负责人或者名称，未搞定安全生产许可证变更手续等,Unknown
4337,地质灾害危险性评估单位,Unknown
4338,地质灾害治理工程勘查,Unknown
4339,地质灾害治理或者监理单位,Unknown
4340,地质灾害治理工程施工单位,Unknown
4341,海域或者内河通航水域、岸线施工作业许可,Unknown
4342,《中华人民共和国医师法》,Unknown
4343,《中华人民共和国医师法》第五条第二款,Unknown
4344,"医德高尚,事迹突出",Unknown
4345,"在医学研究、教育中开拓创新,对医学专业技术有重大突破,做出显著贡献",Unknown
4346,"遇有突发事件时,在预防预警、救死扶伤等工作中表现突出",Unknown
4347,长期在艰苦边远地区的县级以下医疗卫生机构努力工作,Unknown
4348,在疾病预防控制、健康促进工作中做出突出贡献,Unknown
4349,法律、法规规定的其他情形,Unknown
4350,擅自开办视频点播业务,Unknown
4351,县级以上广播电视行政部门,Unknown
4352,予以取缔,Unknown
4353,可以并处1万元以上3万元以下的罚款,Unknown
4354,视频点播业务管理办法,Unknown
4355,发布,Unknown
4356,第二次修订,Unknown
4357,国家广播电影电视总局令第35号,Unknown
4358,国家广播电视总局令第9号,Unknown
4359,市级孵化基地（返乡园区）评估认定,Unknown
4360,西安市就业服务中心,Unknown
4361,陕西省人社厅、省财政厅《关于印发〈陕西省创业孵化基地（返乡创业园区）认定管理办法〉的通知》,Unknown
4362,市人力资源社会保障和财政部门,Unknown
4363,组织实施本级孵化基地（返乡园区）的评估认定工作,Unknown
4364,县人力资源社会保障和财政部门,Unknown
4365,县、乡（镇）标准化创业中心,Unknown
4366,上一级人力资源社会保障部门,Unknown
4367,申报单位,Unknown
4368,各地人力资源社会保障部门根据实际自行规定,Unknown
4369,孵化基地,Unknown
4370,返乡园区互斥,Unknown
4371,对电影活动的监督管理,Unknown
4372,市委宣传部,Unknown
4373,文艺（电影）处,Unknown
4374,《中华人民共和国电影产业促进法》,Unknown
4375,县级以上人民政府电影主管部门,Unknown
4376,电影活动的日常监督管理,Unknown
4377,对违反本法规定的行为的投诉、举报,Unknown
4378,投诉、举报,Unknown
4379,财务、资产管理混乱问题,Unknown
4380,法律、法规,Unknown
4381,收费项目,Unknown
4382,禁止开垦坡度以上陡坡地,Unknown
4383,禁止开垦、开发的植物保护带,Unknown
4384,办学许可范围,Unknown
4385,办学地址,Unknown
4386,分校,Unknown
4387,事项,Unknown
4388,持用伪造、涂改等无效的或者冒用他人的前往港澳通行证、往来港澳通行证、港澳同胞回乡证、入出境通行证,Unknown
4389,出入境管理处,Unknown
4390,《中国公民因私事往来香港地区或者澳门地区的暂行管理办法》,Unknown
4391,国务院批准,Unknown
4392,公安部公布,Unknown
4393,没收证件,Unknown
4394,工程建设强制性标准进行设计,Unknown
4395,设计单位应当按照工程建设强制性标准进行设计,Unknown
4396,设计单位未按照工程建设强制性标准进行设计,Unknown
4397,十万元以上三十万元以下,Unknown
4398,监理单位,Unknown
4399,《劳动保障监察条例》,Unknown
4400,经劳动保障行政部门责令改正拒不改正，或者拒不履行劳动保障行政部门行政处理决定的处罚,Unknown
4401,实施强制性清洁生产审核的企业,Unknown
4402,生态环境部门报告审核结果,Unknown
4403,县级以上地方人民政府负责清洁生产综合协调的部门,Unknown
4404,报告审核结果,Unknown
4405,县级以上地方人民政府环境保护部门,Unknown
4406,不报告或者不如实报告审核结果,Unknown
4407,第二十七条第二款、第四款规定,Unknown
4408,第三十九条第一款,Unknown
4409,城市人民政府市政工程设施行政主管部门,Unknown
4410,河道疏浚、挖掘、打桩、地下管道顶进、爆破等作业,Unknown
4411,对允许未取得消防职业资格证书人员上岗作业的处罚,Unknown
4412,涉路工程设施,Unknown
4413,公路完好,Unknown
4414,公路安全,Unknown
4415,公路畅通,Unknown
4416,《公路安全保护条例》,Unknown
4417,对代理记账机构未办理未公示许可证书、为办理变更登记、未办理备案登记、未履行法定义务的处罚,Unknown
4418,《中华人民共和国药品管理法》,Unknown
4419,计算机信息系统安全检查,Unknown
4420,《中华人民共和国计算机信息系统安全保护条例》,Unknown
4421,监督职权,Unknown
4422,计算机信息系统安全保护工作,Unknown
4423,危害计算机信息系统安全的违法犯罪案件,Unknown
4424,监督职责,Unknown
4425,《土地复垦条例》,Unknown
4426,药物政策与基本药物制度处,Unknown
4427,县级以上地方人民政府交通运输主管部门,Unknown
4428,道路运输经营者,Unknown
4429,中华人民共和国道路运输条例,Unknown
4430,道路运输车辆技术管理规定,Unknown
4431,国务院令第406号,Unknown
4432,交通运输部令2023年第3号,Unknown
4433,组织,Unknown
4434,教唆,Unknown
4435,胁迫,Unknown
4436,诱骗,Unknown
4437,煽动,Unknown
4438,邪教,Unknown
4439,会道门活动,Unknown
4440,迷信活动,Unknown
4441,会道门,Unknown
4442,利用邪教,Unknown
4443,扰乱社会秩序,Unknown
4444,损害他人身体健康,Unknown
4445,第五十三条,Unknown
4446,不具有相应资质的单位或者个人,Unknown
4447,盗窃、损毁公共设施,Unknown
4448,移动、损毁边境、领土、领海标志设施,Unknown
4449,非法进行影响国(边)界线走向的活动,Unknown
4450,非法修建有碍国(边)境管理的设施,Unknown
4451,《中华人民共和国枪支管理法》第三十三条,Unknown
4452,工伤职工康复鉴定,Unknown
4453,《陕西省工伤康复管理试行办法》（陕人社发[2008]89号）,Unknown
4454,《陕西省工伤保险经办规程 （试行）》（陕人社发〔2024〕15号）,Unknown
4455,工伤职工或者其近亲属,Unknown
4456,工伤保险协议机构,Unknown
4457,工伤保险康复协议机构,Unknown
4458,非法拼（组）装汽车、摩托车的处罚,Unknown
4459,《关于禁止非法拼（组）装汽车、摩托车的通告》,Unknown
4460,公安交通管理部门,Unknown
4461,"非法拼（组）装的车辆,不予核发牌证",Unknown
4462,"非法拼（组）装的车辆,予以没收",Unknown
4463,先行登记保存,Unknown
4464,《公安机关办理行政案件程序规定》,Unknown
4465,公安机关办案部门负责人,Unknown
4466,证据持有人及其他人员,Unknown
4467,损毁或者转移证据,Unknown
4468,先行登记保存的证据,Unknown
4469,作出处理决定,Unknown
4470,逾期不作出处理决定,Unknown
4471,自动解除,Unknown
4472,律师事务所设立许可,Unknown
4473,律师事务所及分所设立,Unknown
4474,律师事务所变更许可,Unknown
4475,律师事务所及分所设立、变更,Unknown
4476,律师事务所注销许可,Unknown
4477,公共法律服务管理处,Unknown
4478,中华人民共和国律师法,Unknown
4479,设立律师事务所,Unknown
4480,设立分所,Unknown
4481,律师事务所变更名称,Unknown
4482,律师事务所变更负责人,Unknown
4483,律师事务所变更章程,Unknown
4484,律师事务所变更合伙协议,Unknown
4485,律师事务所变更住所,Unknown
4486,律师事务所变更合伙人,Unknown
4487,《中华人民共和国公路法》(2017年修正),Unknown
4488,药品监督检查,Unknown
4489,药品流通监管处,Unknown
4490,"高风险药品,实施,重点监督检查",Unknown
4491,"措施,对,有证据证明可能存在安全隐患的药品",Unknown
4492,"证明文件,进行,监督检查",Unknown
4493,"对,监督检查中知悉的商业秘密",Unknown
4494,对未按照规定弄好登记手续并取得相应的证书和牌照，擅自将拖拉机、联合收割机投入使用，或者未按照规定弄好变更登记手续的行政处罚,Unknown
4495,未按照规定办理登记手续并取得相应的证书和牌照，擅自将拖拉机、联合收割机投入使用，或者未按照规定办理变更登记手续的,Unknown
4496,古生物化石收藏单位,Unknown
4497,未按照规定建立本单位收藏的古生物化石档案,Unknown
4498,没收有关古生物化石,Unknown
4499,指定的认证机构,Unknown
4500,指定的业务范围,Unknown
4501,列入目录产品的认证,Unknown
4502,与认证有关的检查,Unknown
4503,与认证有关的检测活动,Unknown
4504,指定的认证业务,Unknown
4505,处10万元以上50万元以下的罚款,Unknown
4506,撤销指定,Unknown
4507,予以公布,Unknown
4508,《电子出版物出版管理规定》,Unknown
4509,"电子出版物制作单位,实行,备案制管理",Unknown
4510,电子出版物制作单位,Unknown
4511,"单位设立登记以及有关变更登记之日起30日内,进行,备案",Unknown
4512,备案内容,Unknown
4513,"单位名称,地址,法定代表人或者主要负责人的姓名及营业执照复印件,法定代表人或主要负责人身份证明",Unknown
4514,所在地省、自治区、直辖市新闻出版行政部门,Unknown
4515,备案,Unknown
4516,"依法委托,设区的市级新闻出版部门",Unknown
4517,县级以上人民政府国土资源主管部门,Unknown
4518,《地质灾害防治单位资质管理办法》,Unknown
4519,地质灾害治理工程勘查单位,Unknown
4520,地质灾害治理工程设计单位,Unknown
4521,地质灾害治理工程监理单位,Unknown
4522,无资质证书或者超越其资质等级许可的范围承揽地质灾害危险性评估、地质灾害治理工程勘查、设计、施工及监理业务的单位,Unknown
4523,有违法所得的单位,Unknown
4524,情节严重的单位,Unknown
4525,构成犯罪的个人或单位,Unknown
4526,给他人造成损失的单位,Unknown
4527,中国贸促会,Unknown
4528,西安市机构编制委员会,Unknown
4529,内设机构,Unknown
4530,市贸促会法律事务部,Unknown
4531,特种作业人员,Unknown
4532,"特种作业人员未按照规定经专门的安全作业培训并取得相应资格,上岗作业的",Unknown
4533,"按照职责分工决定,本法规定的行政处罚",Unknown
4534,根据本法第九十五条、第一百一十条、第一百一十四条的规定应当给予行政处罚,Unknown
4535,公路建设项目设计文件审批,Unknown
4536,建设管理处,Unknown
4537,公路管理处,Unknown
4538,危险废物经营许可,Unknown
4539,中华人民共和国固体废物污染环境防治法,Unknown
4540,危险废物经营许可证管理办法,Unknown
4541,西安市人民政府关于中国（陕西）自由贸易试验区西安各片区管委会实施部分市级行政管理事项的决定,Unknown
4542,市生态环境局,Unknown
4543,中国（陕西）自由贸易试验区西安各片区管委会,Unknown
4544,改善幼儿园的办园条件成绩显著的,Unknown
4545,保育、教育工作成绩显著的,Unknown
4546,幼儿园管理工作成绩显著的,Unknown
4547,教育行政部门和有关部门,Unknown
4548,凡具备下列条件之一的单位或者个人,Unknown
4549,天气市政府工作,Unknown
4550,接受土地调查的单位和个人,Unknown
4551,现场指界义务,Unknown
4552,转移、隐匿、篡改、毁弃原始记录和土地登记簿等相关资料,Unknown
4553,接受调查的有关单位和个人,Unknown
4554,如实回答询问,Unknown
4555,履行现场指界义务,Unknown
4556,接受调查的单位和个人,Unknown
4557,土地调查人员依法进行调查,Unknown
4558,虚假调查资料,Unknown
4559,调查资料,Unknown
4560,原始记录、土地登记簿等相关资料,Unknown
4561,未履行报告职责,Unknown
4562,由县级以上人民政府卫生健康主管部门给予警告,Unknown
4563,医疗卫生机构未履行报告职责,Unknown
4564,工程建设项目邀请招标审批,Unknown
4565,对以监测、勘探为目的的地下水取水工程应当备案而未备案，且逾期不封井或者回填的封井或回填,Unknown
4566,《地下水管理条例》,Unknown
4567,以监测、勘探为目的的地下水取水工程在施工前应当备案而未备案的，由县级以上地方人民政府水行政主管部门责令限期补办备案手续,Unknown
4568,逾期不补办备案手续的，责令限期封井或者回填，处2万元以上10万元以下罚款,Unknown
4569,逾期不封井或者回填的，由县级以上地方人民政府水行政主管部门组织封井或者回填，所需费用由违法行为人承担,Unknown
4570,对医疗、保健机构或者人员未取得母婴保健技术许可，擅自从事婚前医学检查、遗传病诊断、产前诊断、终止妊娠手术和医学技术鉴定或者出具有关医学证明的处罚,Unknown
4571,对不符合安全标准的设施、设备、器材或者违法储存、使用、经营的危险物品查封或者扣押,Unknown
4572,对违法存储、使用、经营危险物品的作业场所的查封,Unknown
4573,《中华人民共和国安全生产法》(2012修正,Unknown
4574,《中华人民共和国安全生产法》(2012修正),Unknown
4575,应急管理部门和其他负有安全生产监督管理职责的部门依法开展安全生产行政执法工作,Unknown
4576,应急管理部门和其他负有安全生产监督管理职责的部门,Unknown
4577,以下职权,Unknown
4578,职权,Unknown
4579,对有根据认为不符合保障安全生产的国家或者行业标准的设施、设备、器材以及违法生产、储存、使用、经营、运输的危险物品予以查封或者扣押,Unknown
4580,对违法生产、储存、使用、经营危险物品的作业场所予以查封,Unknown
4581,设置戒毒医疗机构或者医疗机构从事戒毒治疗业务许可,Unknown
4582,《中华人民共和国禁毒法》第三十六条第二款,Unknown
4583,《陕西省人民政府关于委托一批行政许可事项的决定》（2022年6月29日省政府令第235号公布）,Unknown
4584,委托决定,Unknown
4585,"设置戒毒医疗机构或者医疗机构从事戒毒治疗业务许可,委托至,设区的市级卫生健康部门",Unknown
4586,注册安全工程师,Unknown
4587,执业证,Unknown
4588,三万元以下的罚款,Unknown
4589,执业证颁发机关,Unknown
4590,注册,Unknown
4591,三年内不得再次请求注册,Unknown
4592,取得的行政批准,Unknown
4593,公共安全、人身健康、生命财产安全事项,Unknown
4594,请求人,Unknown
4595,三年内不得再次请求该行政批准,Unknown
4596,《西安市限制养犬条例》,Unknown
4597,设置卫星电视广播地面接收设施审批（初审）,Unknown
4598,广电事业管理处,Unknown
4599,设立的停靠点未按照规定备案,Unknown
4600,《道路旅客运输及客运站管理规定》,Unknown
4601,《环境保护主管部门实施查封、扣押办法》,Unknown
4602,较大、重大和特别重大突发环境事件,Unknown
4603,企业事业单位未按要求执行停产、停排措施,Unknown
4604,停产、停排措施,Unknown
4605,新生儿疾病筛查工作的医疗机构的监督检查,Unknown
4606,对本行政区域内开展新生儿疾病筛查工作的医疗机构进行监督检查,Unknown
4607,《新生儿疾病筛查管理办法》,Unknown
4608,对向大气排放持久性有机污染物的企业事业单位和其他生产经营者以及废弃物焚烧设施的运营单位未采取国家规定的减少排放措施的行政处罚,Unknown
4609,《中华人民共和国大气污染防治法》（2018年修正）,Unknown
4610,违反本法规定，有下列行为之一的，由县级以上人民政府生态环境等主管部门按照职责责令改正，处一万元以上十万元以下的罚款；拒不改正的，责令停工整治或者停业整治,Unknown
4611,向大气排放持久性有机污染物的企业事业单位和其他生产经营者以及废弃物焚烧设施的运营单位，未按照国家有关规定采取有利于减少持久性有机污染物排放的技术方法和工艺，配备净化装置的,Unknown
4612,从国外引进或者向国外提供菌(毒,Unknown
4613,动物病原微生物菌(毒)种保藏管理办法,Unknown
4614,县级以上地方人民政府畜牧兽医主管部门,Unknown
4615,销毁或者送交保藏机构,Unknown
4616,五百元以上一千元以下,Unknown
4617,行政责骂,Unknown
4618,《中华人民共和国公司法》,Unknown
4619,公司在清算期间开展与清算无关的经营活动行为的行政责骂,Unknown
4620,演出场所经营单位,Unknown
4621,未经批准的营业性演出,Unknown
4622,违法所得3倍以上5倍以下,Unknown
4623,3万元以上5万元以下,Unknown
4624,互联网上网服务营业场所,Unknown
4625,互联网上网服务营业场所管理条例,Unknown
4626,吊销《网络文化经营许可证》,Unknown
4627,主体责任,Unknown
4628,第三条,Unknown
4629,第十六条第一款,Unknown
4630,第十九条第一款,Unknown
4631,第二十条第二款,Unknown
4632,国家和地方互联网信息办公室,Unknown
4633,职责,Unknown
4634,新闻信息更新,Unknown
4635,二万元以上三万元以下,Unknown
4636,监督管理制度,Unknown
4637,有关单位,Unknown
4638,配合,Unknown
4639,举报受理方式,Unknown
4640,市级体育社会团体,Unknown
4641,成立登记,Unknown
4642,变更登记,Unknown
4643,注销登记,Unknown
4644,年度检查,Unknown
4645,初审,Unknown
4646,社会团体登记管理条例,Unknown
4647,"向登记管理机关,申请变更登记",Unknown
4648,"向登记管理机关,申请注销登记",Unknown
4649,工作报告,Unknown
4650,业务主管单位,Unknown
4651,登记管理机关,Unknown
4652,不按照规定为校车配备安全设备,Unknown
4653,1000元以上3000元以下,Unknown
4654,医疗质量安全管理制度,Unknown
4655,患者病情,Unknown
4656,医疗措施,Unknown
4657,医疗风险,Unknown
4658,替代医疗方案,Unknown
4659,防范突发风险,Unknown
4660,保管病历资料,Unknown
4661,抢救病历,Unknown
4662,查阅复制病历资料服务,Unknown
4663,投诉接待制度,Unknown
4664,统一投诉管理部门,Unknown
4665,专兼职人员,Unknown
4666,现场实物,Unknown
4667,病历资料,Unknown
4668,卫生主管部门报告重大医疗纠纷,Unknown
4669,2020年12月21日,Unknown
4670,临床试验,Unknown
4671,违法单位的法定代表人,Unknown
4672,收入,Unknown
4673,第八十四条,Unknown
4674,"使用未取得许可生产,未经检验或者检验不合格的特种设备,或者国家明令淘汰、已经报废的特种设备的",Unknown
4675,"特种设备出现故障或者发生异常情况,未对其进行全面检查、消除事故隐患,继续使用的",Unknown
4676,"特种设备存在严重事故隐患,无改造、修理价值,或者达到安全技术规范规定的其他报废条件,未依法履行报废义务,并办理使用登记证书注销手续的",Unknown
4677,安全风险分级管控制度,Unknown
4678,安全风险分级采取相应管控措施,Unknown
4679,处十万元以下的罚款,Unknown
4680,对其直接负责的主管人员和其他直接责任人员处二万元以上五万元以下的罚款,Unknown
4681,行政处罚决定,Unknown
4682,关闭行政处罚决定,Unknown
4683,延期向社会开放档案审批,Unknown
4684,城市轨道交通设施安全防护方案审查,Unknown
4685,《西安市城市轨道交通条例》,Unknown
4686,施工作业活动,Unknown
4687,项目建设单位或者个人,Unknown
4688,城市轨道交通设施安全防护方案,Unknown
4689,市住房建设行政主管部门,Unknown
4690,市住房建设行政主管部门意见,Unknown
4691,《古生物化石保护条例实施办法》,Unknown
4692,违法获得或者不能证明合法来源的重点保护古生物化石,Unknown
4693,外国企业常驻代表机构登记管理条例,Unknown
4694,外国企业的有权签字人,Unknown
4695,企业责任形式,Unknown
4696,资本（资产）,Unknown
4697,经营范围,Unknown
4698,代表,Unknown
4699,未依照本条例规定提交年度报告的,Unknown
4700,处以1万元以上3万元以下的罚款,Unknown
4701,未按照登记机关登记的名称从事业务活动的,Unknown
4702,未按照中国政府有关部门要求调整驻在场所的,Unknown
4703,未依照本条例规定公告其设立、变更情况的,Unknown
4704,未依照本条例规定办理有关变更登记、注销登记或者备案的,Unknown
4705,社会公用计量标准,Unknown
4706,未按照规定申请检定,Unknown
4707,部门,Unknown
4708,事业单位,Unknown
4709,工作计量器具,Unknown
4710,计量器具,Unknown
4711,未按照规定自行定期检定,Unknown
4712,送其他有权对社会开展检定工作的计量检定机构定期检定,Unknown
4713,使用非法定计量单位,Unknown
4714,不合格的计量器具,Unknown
4715,以欺骗消费者为目的的计量器具,Unknown
4716,破坏计量器具准确度、伪造数据的计量器具,Unknown
4717,电影发行,Unknown
4718,放映单位变更备案,Unknown
4719,《电影管理条例》,Unknown
4720,电影发行单位,Unknown
4721,所在地省、自治区、直辖市人民政府电影行政部门提出申请,Unknown
4722,国务院广播电影电视行政部门提出申请,Unknown
4723,国务院广播电影电视行政部门,Unknown
4724,60日内作出批准或者不批准的决定,Unknown
4725,《电影发行经营许可证》,Unknown
4726,工商行政管理部门登记,Unknown
4727,电影发行单位、电影放映单位,Unknown
4728,原登记的工商行政管理部门办理变更登记或者注销登记,Unknown
4729,原审批的电影行政部门备案,Unknown
4730,电影发行单位设立、变更业务范围、兼并、合并、分立审批事项,Unknown
4731,设区的市级电影部门,Unknown
4732,《特种设备作业人员监督管理办法》,Unknown
4733,违章指挥特种设备作业,Unknown
4734,作业人员违反特种设备的操作规程和有关的安全规章制度操作,Unknown
4735,作业过程中发现事故隐患或者其他不安全因素未立即向现场管理人员和单位有关负责人报告,Unknown
4736,"""慈善信托备案""",Unknown
4737,"""其他权力类型""",Unknown
4738,"""西安市民政局""",Unknown
4739,"""慈善事业促进处""",Unknown
4740,病原微生物实验室新(改、扩)建备案,Unknown
4741,病原微生物实验室新(改、扩,Unknown
4742,《病原微生物实验室生物安全管理条例》,Unknown
4743,新建、改建或者扩建一级、二级实验室应当向设区的市级人民政府卫生主管部门或者兽医主管部门备案,Unknown
4744,设区的市级人民政府卫生主管部门或者兽医主管部门,Unknown
4745,省、自治区、直辖市人民政府卫生主管部门或者兽医主管部门汇总备案情况,Unknown
4746,放射工作单位,Unknown
4747,放射工作单位的放射工作人员职业健康管理监督检查,Unknown
4748,放射工作单位的放射工作人员,Unknown
4749,有关法规和标准执行情况,Unknown
4750,放射工作单位的放射工作人员职业健康管理,Unknown
4751,放射防护措施落实情况,Unknown
4752,人员培训、职业健康检查、个人剂量监测及其档案管理情况,Unknown
4753,《放射工作人员证》持证及相关信息记录情况,Unknown
4754,放射工作人员其他职业健康权益保障情况,Unknown
4755,生产、销售、使用放射性同位素和射线装置的单位有不符合原发证条件的情形,Unknown
4756,许可证,Unknown
4757,由原发证机关暂扣或者吊销许可证,Unknown
4758,烟花爆竹生产经营企业职工,Unknown
4759,工器具,Unknown
4760,机器设备,Unknown
4761,事故隐患,Unknown
4762,"处,五万元以上十万元以下的罚款",Unknown
4763,原发证的市场监督管理部门,Unknown
4764,三万元以上二十万元以下,Unknown
4765,三年内,Unknown
4766,具体内容,Unknown
4767,勘查许可证,Unknown
4768,对被检查单位未按要求进行自查自纠的处罚,Unknown
4769,对被检查单位在检查中隐匿证据的处罚,Unknown
4770,对被检查单位提供虚假材料的处罚,Unknown
4771,对被检查单位未在通知期限内提供材料的处罚,Unknown
4772,自查自纠,Unknown
4773,隐匿证据,Unknown
4774,通知期限内提供有关材料,Unknown
4775,《特种设备安全监督检查办法》,Unknown
4776,国家市场监督管理总局令第57号,Unknown
4777,可以责令停业或者关闭,Unknown
4778,第五条,Unknown
4779,隐瞒真实情况,Unknown
4780,隐瞒登记事实,Unknown
4781,伪造、涂改船舶登记证书,Unknown
4782,隐瞒在境内或者境外的登记事实,Unknown
4783,吊销其船舶国籍证书,Unknown
4784,境外企业,Unknown
4785,兽药,Unknown
4786,兽药管理条例,Unknown
4787,吊销兽药生产许可证,Unknown
4788,"""植树造林处""",Unknown
4789,网络安全管理,Unknown
4790,危害信息网络安全的活动,Unknown
4791,网络游戏或者其他方式进行赌博或者变相赌博活动,Unknown
4792,电信管理机构,Unknown
4793,许可证件,Unknown
4794,采购人,Unknown
4795,质疑供应商在法定质疑期内发出的质疑函,Unknown
4796,采购代理机构,Unknown
4797,财政部门处理投诉事宜,Unknown
4798,政府采购管理处,Unknown
4799,财政部令第94号发布,Unknown
4800,《政府采购质疑和投诉办法》,Unknown
4801,统计调查对象,Unknown
4802,荣誉称号,Unknown
4803,物质利益,Unknown
4804,职务晋升,Unknown
4805,中华人民共和国统计法,Unknown
4806,计划用水指标审批及调整,Unknown
4807,《西安市城市节约用水条例》,Unknown
4808,用水单位,Unknown
4809,西安市城市节约用水行政主管部门,Unknown
4810,用水计划指标,Unknown
4811,临时用水指标,Unknown
4812,粮油仓储单位,Unknown
4813,备案管辖的粮食行政管理部门,Unknown
4814,依法予以警告或者罚款,Unknown
4815,粮油仓储物流设施发生重大损失、损坏,Unknown
4816,政策性粮油储存任务,Unknown
4817,《国有粮油仓储物流设施保护办法》,Unknown
4818,污染物排放自动监测设备,Unknown
4819,排污单位进行行政处罚,Unknown
4820,停产整治,Unknown
4821,机动车违反规定停放的处罚,Unknown
4822,供热企业和供热设施管理单位,Unknown
4823,设置供热保护装置和安全警示标志,Unknown
4824,供热保护装置和安全警示标志,Unknown
4825,集中供热行政主管部门或者开发区管理委员会,Unknown
4826,逾期未改正或者拒不改正,Unknown
4827,五百元以上二千元以下罚款,Unknown
4828,《西安市集中供热条例》,Unknown
4829,供热企业和供热设施管理单位应当建立供热设施巡检制度,Unknown
4830,违反本条例第五十四条规定,Unknown
4831,麻醉药品,Unknown
4832,第一类精神药品,Unknown
4833,麻醉药品运输许可,Unknown
4834,第一类精神药品运输许可,Unknown
4835,定点生产企业,Unknown
4836,全国性批发企业,Unknown
4837,区域性批发企业,Unknown
4838,所在地省、自治区、直辖市人民政府药品监督管理部门,Unknown
4839,收货人所在地的同级药品监督管理部门,Unknown
4840,收货人所在地设区的市级药品监督管理部门,Unknown
4841,种畜禽生产经营许可,Unknown
4842,畜牧兽医处,Unknown
4843,《财政票据领用证》,Unknown
4844,独生子女家庭特别扶助,Unknown
4845,为空,Unknown
4846,人口监测与家庭发展处,Unknown
4847,公路桥梁安全,Unknown
4848,施工作业,Unknown
4849,公路安全保护条例,Unknown
4850,禁止利用公路桥梁进行牵拉、吊装等危及公路桥梁安全的施工作业,Unknown
4851,处 2 万元以上 10 万元以下的罚款,Unknown
4852,冶金企业,Unknown
4853,转炉,Unknown
4854,炼钢炉,Unknown
4855,电弧炉,Unknown
4856,AOD炉,Unknown
4857,LF炉,Unknown
4858,RH炉,Unknown
4859,VOD炉,Unknown
4860,安全设备,Unknown
4861,对其直接负责的主管人员和其他直接责任人员处一万元以上二万元以下的罚款,Unknown
4862,"情节严重的,责令停产停业整顿",Unknown
4863,"构成犯罪的,依照刑法有关规定追究刑事责任",Unknown
4864,委托人,Unknown
4865,受托人,Unknown
4866,信托财产及其收益,Unknown
4867,非慈善目的,Unknown
4868,"指定或者变相指定,委托人、受托人及其工作人员的利害关系人",Unknown
4869,未按照规定将信托事务处理情况及财务状况向民政部门报告,Unknown
4870,违反慈善信托的年度支出或者管理费用标准,Unknown
4871,未依法履行信息公开义务,Unknown
4872,涉路施工许可,Unknown
4873,安全巡查,Unknown
4874,内河交通密集区域,Unknown
4875,多发事故水域,Unknown
4876,客渡船,Unknown
4877,监督检查对象,Unknown
4878,滚装客船,Unknown
4879,高速客轮,Unknown
4880,旅游船,Unknown
4881,载运危险货物的船舶,Unknown
4882,建设工程勘察、设计单位,Unknown
4883,应当招标而未招标的建设工程项目勘察、设计,Unknown
4884,《西安市建设工程勘察设计管理条例》(2021年修正),Unknown
4885,行政处罚实施依据,Unknown
4886,利用城乡建设档案的单位和个人,Unknown
4887,《西安市城乡建设档案管理条例》,Unknown
4888,《西安市城乡建设档案管理条例》(2021年修正),Unknown
4889,建设行政管理部门,Unknown
4890,五百元以上五千元以下,Unknown
4891,化妆品标识,Unknown
4892,化妆品包装物（容器）分离,Unknown
4893,化妆品最小销售单元（包装）上,Unknown
4894,化妆品有说明书的,Unknown
4895,产品最小销售单元（包装）内,Unknown
4896,违反本规定第十七条、第十八条的,Unknown
4897,1万元以下罚款,Unknown
4898,《化妆品标识管理规定》,Unknown
4899,2008年9月1日,Unknown
4900,乡村兽医,Unknown
4901,规定备案区域,Unknown
4902,《执业兽医和乡村兽医管理办法》,Unknown
4903,《中华人民共和国环境保护法》,Unknown
4904,无许可证或超过噪声排放标准排放工业噪声,Unknown
4905,西安市审计局,Unknown
4906,封存被审计单位有关资料和违反国家规定取得的资产,Unknown
4907,《中华人民共和国审计法》,Unknown
4908,《审计机关封存资料资产规定》,Unknown
4909,审计机关,Unknown
4910,制止被审计单位违反前款规定的行为,Unknown
4911,封存有关资料和违反国家规定取得的资产,Unknown
4912,采取封存措施,Unknown
4913,封存措施,Unknown
4914,被审计单位正在或者可能转移、隐匿、篡改、毁弃会计凭证、会计账簿、财务会计报告以及其他与财政收支或者财务收支有关的资料,Unknown
4915,被审计单位正在或者可能转移、隐匿违反国家规定取得的资产,Unknown
4916,举行跨区县集会游行示威许可,Unknown
4917,《中华人民共和国集会游行示威法》,Unknown
4918,集会,Unknown
4919,是集会、游行、示威举行地的市、县公安局、城市公安分局,Unknown
4920,游行,Unknown
4921,示威,Unknown
4922,游行、示威路线经过两个以上区、县的主管机关,Unknown
4923,所经过区、县的公安机关的共同上一级公安机关,Unknown
4924,资产管理处,Unknown
4925,《行政事业性国有资产管理条例》,Unknown
4926,县级以上人民政府财政部门,Unknown
4927,本级各部门及其所属单位行政事业性国有资产管理情况进行监督检查,Unknown
4928,社会团体印章样式、银行账号备案,Unknown
4929,国务院民政部门和县级以上地方各级人民政府民政部门,Unknown
4930,本级人民政府的社会团体登记管理机关,Unknown
4931,《社会团体法人登记证书》,Unknown
4932,印章,Unknown
4933,印章式样和银行账号报登记管理机关备案,Unknown
4934,社会团体的印章,Unknown
4935,"社团登记管理机关和有关业务主管部门备案后,方可启用",Unknown
4936,代履行,Unknown
4937,《陕西省秦岭生态环境保护条例》,Unknown
4938,施工单位应当在交通设施投入使用后三个月内，对施工现场及其附属设施进行清理拆除，并及时恢复植被,Unknown
4939,违反本条例第四十九条第三款规定的，由县级以上生态环境行政主管部门依法实施代履行，处以五万元以上二十万元以下的罚款,Unknown
4940,对计量器具的配备和使用不符合国家和本省有关规定的行政处罚,Unknown
4941,从事职业卫生技术服务的机构和承担职业病诊断的医疗卫生机构,Unknown
4942,资质认可或者诊疗项目登记范围,Unknown
4943,职业卫生技术服务或者职业病诊断,Unknown
4944,出具,Unknown
4945,不按照职业病防治法规定,Unknown
4946,《西安市地下水资源管理条例》（2020修正）,Unknown
4947,擅自对外转供、销售地热水的行为,Unknown
4948,回扣,Unknown
4949,药品上市许可持有人营业执照,Unknown
4950,药品生产企业营业执照,Unknown
4951,药品经营企业营业执照,Unknown
4952,药品批准证明文件,Unknown
4953,药品生产许可证,Unknown
4954,药品经营许可证,Unknown
4955,法定代表人,Unknown
4956,从事药品生产经营活动,Unknown
4957,主要负责人,Unknown
4958,其他责任人员,Unknown
4959,水域滩涂养殖证核发,Unknown
4960,《中华人民共和国渔业法》(2013年12月修正,Unknown
4961,《中华人民共和国渔业法》(2013年12月修正),Unknown
4962,核发养殖证的具体办法由国务院规定,Unknown
4963,城市供水,Unknown
4964,供气,Unknown
4965,供热,Unknown
4966,污水处理,Unknown
4967,垃圾处理企业特许经营确认,Unknown
4968,《市政公用事业特许经营管理办法》,Unknown
4969,具体实施,Unknown
4970,人民政府授权,Unknown
4971,赠送,Unknown
4972,交换,Unknown
4973,出卖,Unknown
4974,《中华人民共和国档案法实施办法》,Unknown
4975,行政许可事项,Unknown
4976,设区的市级档案主管部门,Unknown
4977,社会保险服务机构,Unknown
4978,"约谈,有关负责人",Unknown
4979,"处,1万元以上5万元以下的罚款",Unknown
4980,《社会保险经办条例》,Unknown
4981,对被传染病病原体污染的污水、污物、场所和物品强制消毒,Unknown
4982,《中华人民共和国传染病防治法》(2013年修正,Unknown
4983,《中华人民共和国传染病防治法》(2013年修正),Unknown
4984,"对被传染病病原体污染的污水、污物、场所和物品,有关单位和个人必须在疾病预防控制机构的指导下或者按照其提出的卫生要求,进行严格消毒处理",Unknown
4985,"拒绝消毒处理的,由当地卫生行政部门或者疾病预防控制机构进行强制消毒处理",Unknown
4986,对互联网上网服务营业场所经营单位经营活动的监督检查,Unknown
4987,文化市场管理处,Unknown
4988,2002年9月国务院令第363号,Unknown
4989,县级以上人民政府文化行政部门,Unknown
4990,对依法设立的互联网上网服务营业场所经营单位经营活动的监督管理,Unknown
4991,生产、销售劣药行为的行政处罚,Unknown
4992,定点生产企业、定点批发企业和第二类精神药品零售企业,Unknown
4993,被处罚,Unknown
4994,定点批发企业,Unknown
4995,第二类精神药品零售企业,Unknown
4996,上年度生产经营收入,Unknown
4997,工资总额,Unknown
4998,经营费用,Unknown
4999,财务状况,Unknown
5000,设备更新计划,Unknown
5001,社会保险费缴纳情况,Unknown
5002,职业培训经费使用情况,Unknown
5003,"与协商有关的资料或者提供虚假资料,西安市人力资源和社会保障局",Unknown
5004,《陕西省企业工资集体协商条例》第二十三条,Unknown
5005,"本条例第二十三条,西安市人力资源和社会保障局",Unknown
5006,"县级以上人力资源和社会保障行政主管部门,处以一万元以上二万元以下的罚款",Unknown
5007,"如实提供与协商有关的资料,县级以上人力资源和社会保障行政主管部门",Unknown
5008,烟花爆竹类,Unknown
5009,建设工程质量和安全生产水平,Unknown
5010,对提高建设工程质量和安全生产水平做出突出贡献的单位和个人,Unknown
5011,建筑业管理处,Unknown
5012,陕西省建设工程质量和安全生产管理条例（2021年修正）,Unknown
5013,《陕西省建设工程质量和安全生产管理条例》第十条,Unknown
5014,未取得药品生产许可证,Unknown
5015,未取得药品经营许可证,Unknown
5016,未取得医疗机构制剂许可证,Unknown
5017,未取得药品生产许可证、药品经营许可证或者医疗机构制剂许可证生产、销售药品的行为,Unknown
5018,没收违法生产、销售的药品和违法所得,Unknown
5019,违法生产、销售的药品货值金额十五倍以上三十倍以下,Unknown
5020,货值金额不足十万元,Unknown
5021,十万元计算,Unknown
5022,对违规设置排污口或排放口的行政处罚,Unknown
5023,《中华人民共和国精神卫生法》,Unknown
5024,约束,Unknown
5025,外科手术,Unknown
5026,实验性临床医疗,Unknown
5027,精神障碍患者的通讯和会见探访者等权利,Unknown
5028,强迫劳动,Unknown
5029,通讯和会见探访者等权利,Unknown
5030,诊断标准,Unknown
5031,申请人隐瞒有关情况或者提供虚假材料骗取取水申请批准文件或者取水许可证,Unknown
5032,取水申请批准文件或者取水许可证无效,Unknown
5033,对申请人给予警告,Unknown
5034,责令其限期补缴应当缴纳的水资源费,Unknown
5035,处2万元以上10万元以下罚款,Unknown
5036,由县级以上人民政府水行政主管部门或者流域管理机构按照规定的权限决定,Unknown
5037,公共场所卫生许可,Unknown
5038,《公共场所卫生管理条例》,Unknown
5039,国务院令第714号,Unknown
5040,卫生许可证,Unknown
5041,县以上卫生行政部门,Unknown
5042,《公共场所卫生管理条例实施细则》,Unknown
5043,国家卫生和计划生育委员会令第18号,Unknown
5044,公共场所,Unknown
5045,卫生许可证管理,Unknown
5046,县级以上地方人民政府卫生计生行政部门,Unknown
5047,工商行政管理部门颁发的营业执照后,Unknown
5048,公共场所卫生监督的具体范围,Unknown
5049,省、自治区、直辖市人民政府卫生计生行政部门,Unknown
5050,对计量器具强制检定的行政确认,Unknown
5051,司法行政部门,Unknown
5052,公证机构,Unknown
5053,公证员,Unknown
5054,公证协会,Unknown
5055,司法行政机关,Unknown
5056,非法买卖流通人民币,Unknown
5057,行政处罚事项,Unknown
5058,制作、仿制、买卖人民币图样,Unknown
5059,中国人民银行规定的其他损害人民币的行为,Unknown
5060,《人民币管理条例》,Unknown
5061,非法财物,Unknown
5062,1倍以上3倍以下,Unknown
5063,其他有关行政执法机关,Unknown
5064,1000元以上5万元以下,Unknown
5065,非法使用的人民币图样,Unknown
5066,损害人民币的行为,Unknown
5067,未经中国人民银行批准,Unknown
5068,"属于,损害人民币的行为",Unknown
5069,故意毁损人民币,Unknown
5070,成品油零售经营资格审批,Unknown
5071,《国务院关于取消和下放一批行政许可事项的决定》（国发〔2020〕13号）,Unknown
5072,省级商务部门,Unknown
5073,成品油零售经营资格审查,Unknown
5074,设区的市级人民政府指定部门,Unknown
5075,制定省级成品油零售经营资格审查管理办法,Unknown
5076,市级审查部门,Unknown
5077,成品油零售经营资格审查工作,Unknown
5078,县（区）级人民政府,Unknown
5079,县级初审部门,Unknown
5080,初审工作,Unknown
5081,旅游团队领队,Unknown
5082,组团社,Unknown
5083,中国驻所在国家使领馆,Unknown
5084,旅游行政部门,Unknown
5085,暂扣导游证,Unknown
5086,暂停出国旅游业务经营资格,Unknown
5087,中国公民出国旅游管理办法,Unknown
5088,国务院第354号令,Unknown
5089,国务院第676号令,Unknown
5090,协助,Unknown
5091,卫生检测,Unknown
5092,清洗,Unknown
5093,消毒,Unknown
5094,保洁,Unknown
5095,卫生部令第80号,Unknown
5096,人民政府,Unknown
5097,地质灾害防治条例,Unknown
5098,给予奖励,Unknown
5099,抵押权注销登记,Unknown
5100,对水利生产经营单位执行有关安全生产的法律、法规和国家标准或者行业标准的情况的监督检查,Unknown
5101,采用不正当手段垄断种苗市场,Unknown
5102,哄抬种苗价格,Unknown
5103,非法经营额2倍以上5倍以下的罚款,Unknown
5104,对转移放射性同位素未办理登记、注销或者备案手续的行政颜色,Unknown
5105,注册监理工程师,Unknown
5106,规章,Unknown
5107,放射性物品道路运输管理,Unknown
5108,未取得有关放射性物品道路运输资质许可的行为,Unknown
5109,超过2万元的,Unknown
5110,违法所得2倍以上10倍以下,Unknown
5111,3万元以上10万元以下,Unknown
5112,交通运输部令2010年第6号,Unknown
5113,交通运输部令2023年第17号,Unknown
5114,劳动关系处,Unknown
5115,《中华人民共和国劳动合同法》,Unknown
5116,《陕西省企业集体合同条例》,Unknown
5117,水利领域施工单位,Unknown
5118,建筑材料,Unknown
5119,建筑构配件,Unknown
5120,中间产品,Unknown
5121,商品混凝土,Unknown
5122,试块,Unknown
5123,试件,Unknown
5124,有关材料,Unknown
5125,对严重危害社会治安秩序或者威胁公共安全的人员强行带离现场,Unknown
5126,对出售、收购省重点保护野生植物的审核转报,Unknown
5127,陕西省第十一届人民代表大会常务委员会第十六次会议,Unknown
5128,陕西省人民代表大会常务委员会公告〔13届〕第3号,Unknown
5129,出售、收购国家二级保护野生植物和省重点保护野生植物,Unknown
5130,向所在地县级野生植物行政主管部门提交书面申请,Unknown
5131,书面申请,Unknown
5132,野生植物种类、数量、来源、用途等,Unknown
5133,县级野生植物行政主管部门,Unknown
5134,十个工作日内签署初审意见,Unknown
5135,初审意见,Unknown
5136,省野生植物行政主管部门审批,Unknown
5137,省野生植物行政主管部门,Unknown
5138,"十个工作日内,对符合规定的,予以批准",Unknown
5139,"对不符合规定的,不予批准并书面告知申请人并说明理由",Unknown
5140,民办学校决策机构负责人进行警告,Unknown
5141,县级以上人民政府人力资源社会保障行政部门,Unknown
5142,学校决策机构负责人、校长及直接责任人,Unknown
5143,民办教育促进法实施条例,Unknown
5144,未经县级以上地方人民政府卫生健康主管部门指定擅自从事免疫规划疫苗接种工作、从事非免疫规划疫苗接种工作不符合条件或者未备案的,Unknown
5145,县级以上人民政府卫生健康主管部门,Unknown
5146,疾病预防控制机构、接种单位以外的单位或者个人擅自进行群体性预防接种的,Unknown
5147,中华人民共和国疫苗管理法,Unknown
5148,没收违法所得和违法持有的疫苗,Unknown
5149,对将垃圾抛撒在垃圾收集容器外的行政处罚,Unknown
5150,《西安市城市市容和环境卫生管理条例》,Unknown
5151,向垃圾收集站倾倒垃圾的时间、地点、方式,Unknown
5152,不得随意抛撒垃圾,Unknown
5153,违反条例的行为及处罚,Unknown
5154,2020,Unknown
5155,第二十八条第三款,Unknown
5156,第二十九条,Unknown
5157,未经水行政许可擅自从事依法应取得水行政许可的活动行为,Unknown
5158,《水行政许可实施办法》,Unknown
5159,公民,Unknown
5160,法人,Unknown
5161,其他组织,Unknown
5162,水行政许可实施机关,Unknown
5163,非经营活动的当事人,Unknown
5164,一千元,Unknown
5165,从事经营活动且有违法所得的当事人,Unknown
5166,"违法所得的三倍,但是最高不得超过三万元",Unknown
5167,从事经营活动且没有违法所得的当事人,Unknown
5168,一万元,Unknown
5169,构成犯罪的当事人,Unknown
5170,农药经营者,Unknown
5171,农药经营许可证,Unknown
5172,农药,Unknown
5173,依法应当召回的农药,Unknown
5174,县级以上地方人民政府农业主管部门,Unknown
5175,违法所得和违法经营的农药,Unknown
5176,5000元以上5万元以下罚款,Unknown
5177,国务院令第216号,Unknown
5178,企业职工,Unknown
5179,退休审批,Unknown
5180,养老保险处,Unknown
5181,画廊,Unknown
5182,牌匾,Unknown
5183,标语,Unknown
5184,霓虹灯,Unknown
5185,灯箱,Unknown
5186,封闭阳台,Unknown
5187,停车场,Unknown
5188,对工程建设项目勘察设计招标人以不合理的条件限制或者排斥潜在投标人的,Unknown
5189,对潜在投标人实行歧视待遇的,Unknown
5190,强制要求投标人组成联合体共同投标的,Unknown
5191,或者限制投标人之间竞争的,Unknown
5192,或者必须进行招标的项目而不招标的,Unknown
5193,将必须进行招标的项目化整为零或者以其他任何方式规避招标的,Unknown
5194,纤维检验的复验仲裁,Unknown
5195,行政裁决,Unknown
5196,《国务院关于加强专业纤维检验工作的通知》,Unknown
5197,各级专业纤维检验机构,Unknown
5198,纤维质量检验,Unknown
5199,监督检验,Unknown
5200,复验仲裁,Unknown
5201,复验仲裁结果,Unknown
5202,交接结算的凭证,Unknown
5203,在电力设施周围或者电力设施保护区内进行可能危及电力设施安全作业审批,Unknown
5204,对不符合体育赛事活动审批规定的或不符合对境外非政府组织在中国境内举办体育赛事活动规定的或不符合体育赛事活动名称规定的或造成人身财产伤害事故或重大不良社会影响的体育赛事活动的行政处罚,Unknown
5205,水利工程建设项目竣工验收,Unknown
5206,法人验收监督管理机关,Unknown
5207,项目的法人验收工作实施监督管理,Unknown
5208,当由水行政主管部门或者流域管理机构组建项目法人时,Unknown
5209,地方人民政府水行政主管部门,Unknown
5210,当由地方人民政府组建项目法人时,Unknown
5211,验收主管部门,Unknown
5212,项目法人,Unknown
5213,根据国家和部颁验收规程,Unknown
5214,对向水体扔掉或在水体最高水位线以下滩地、岸坡堆放、存贮固体废物和其他污染物的代履行,Unknown
5215,对重点用能工业企业开展工业节能监察,Unknown
5216,进口药品备案,Unknown
5217,保健用品注册,Unknown
5218,陕西省保健用品管理条例（2010年修订）,Unknown
5219,企业所在地的设区的市食品药品监督管理部门,Unknown
5220,设区的市食品药品监督管理部门,Unknown
5221,省食品药品监督管理部门,Unknown
5222,特定农产品禁止生产区域,Unknown
5223,农产品,Unknown
5224,对在饮用水水源保护区使用农药，丢弃农药、农药包装物或者清洗施药器械的行政处罚,Unknown
5225,《陕西省饮用水水源保护条例》,Unknown
5226,违反本条例规定，在饮用水水源保护区使用农药，丢弃农药、农药包装物或者清洗施药器械的，由县级以上生态环境行政主管部门责令改正，对个人处以一千元以上一万元以下的罚款，对单位处以五万元以上十万元以下的罚款,Unknown
5227,饲料和饲料添加剂管理条例,Unknown
5228,西安市农业农村局(市乡村振兴局,Unknown
5229,饲料添加剂产品批准文号管理办法,Unknown
5230,饲料添加剂,Unknown
5231,饲料添加剂预混合饲料,Unknown
5232,饲料,Unknown
5233,养殖者,Unknown
5234,饲料、饲料添加剂生产企业,Unknown
5235,饲料、饲料添加剂经营者,Unknown
5236,定制企业,Unknown
5237,《中华人民共和国反不正当竞争法》,Unknown
5238,本法第十二条,Unknown
5239,监督检查部门,Unknown
5240,实施,Unknown
5241,从事生产经营活动,Unknown
5242,本法的各项规定,Unknown
5243,妨碍、破坏,Unknown
5244,地方金融组织,Unknown
5245,相关材料,Unknown
5246,违反治安管理行为的地方金融组织,Unknown
5247,构成犯罪的地方金融组织,Unknown
5248,对擅自在城市道路上建设建筑物、构筑物的行政处罚,Unknown
5249,《城市道路管理条例》,Unknown
5250,市政工程行政主管部门,Unknown
5251,2万元,Unknown
5252,禁止在道路、桥涵及其保护范围内修筑建筑物、构筑物,Unknown
5253,五十元,Unknown
5254,二万元,Unknown
5255,擅自从事互联网上网服务经营活动的行为,Unknown
5256,从事违法经营活动的场所,Unknown
5257,从事违法经营活动的专用工具、设备,Unknown
5258,违法所得及其从事违法经营活动的专用工具、设备,Unknown
5259,违法经营额1万元以上的,Unknown
5260,违法经营额不足1万元的,Unknown
5261,清算组成员,Unknown
5262,徇私舞弊,Unknown
5263,非法收入,Unknown
5264,公司财产,Unknown
5265,第二百零六条第二款,Unknown
5266,《尾矿库安全监督管理规定》,Unknown
5267,尾矿库,Unknown
5268,安全现状评价,Unknown
5269,能够进行尾矿坝稳定性验算的专业技术人员,Unknown
5270,能够进行尾矿库水文计算的专业技术人员,Unknown
5271,能够进行构筑物计算的专业技术人员,Unknown
5272,生产经营单位或者尾矿库管理单位,Unknown
5273,主管人员和直接责任人员,Unknown
5274,其所在单位或者上级主管单位给予行政处分,Unknown
5275,擅自增加或者减少旅游项目,Unknown
5276,擅自变更接待计划,Unknown
5277,擅自中止导游活动行为,Unknown
5278,1999年5月国务院令第263号,Unknown
5279,2017年3月国务院第676号令,Unknown
5280,导游人员,Unknown
5281,省、自治区、直辖市人民政府旅游行政部门吊销,Unknown
5282,对侮辱国徽的处罚,Unknown
5283,《中华人民共和国国徽法》,Unknown
5284,对在节水工作中成绩突出的单位或个人的表彰和奖励,Unknown
5285,市人民政府或者城市节约用水行政主管部门,Unknown
5286,表彰奖励,Unknown
5287,节约用水义务,Unknown
5288,检举浪费用水的行为,Unknown
5289,在城市节约用水科学技术研究中有发明创造的单位或个人,Unknown
5290,推广应用节约用水先进技术成效显著的单位或个人,Unknown
5291,在节约用水工作中成绩突出的单位或个人,Unknown
5292,动物诊疗机构,Unknown
5293,《动物诊疗机构管理办法》,Unknown
5294,伪造、变造、受让、租用、借用的动物诊疗许可证,Unknown
5295,诊疗活动,Unknown
5296,"下列行为之一的,超出动物诊疗许可证核定的诊疗活动范围从事动物诊疗活动",Unknown
5297,"下列行为之一的,变更从业地点、诊疗活动范围未重新办理动物诊疗许可证",Unknown
5298,使用伪造、变造、受让、租用、借用的动物诊疗许可证的,Unknown
5299,《中华人民共和国动物防疫法》第一百零五条第一款,Unknown
5300,未取得动物诊疗许可证从事动物诊疗活动的,Unknown
5301,三万元,Unknown
5302,"生产经营单位拒不执行的,责令停产停业整顿",Unknown
5303,生产、销售、使用放射性同位素与射线装置的单位,Unknown
5304,原辐射安全许可证发证机关,Unknown
5305,《放射性同位素与射线装置安全和防护管理办法》,Unknown
5306,生猪屠宰厂,Unknown
5307,疫情监测,Unknown
5308,农业农村主管部门,Unknown
5309,生猪定点屠宰厂,Unknown
5310,《生猪屠宰管理条例》,Unknown
5311,生猪定点屠宰证书,Unknown
5312,不按照规定对校车进行安全维护的处罚,Unknown
5313,对通过逃避监管方式排放大气污染物的行政处罚,Unknown
5314,其他负有固体废物污染环境防治监督管理职责的部门,Unknown
5315,拒绝、阻挠监督检查,Unknown
5316,在接受监督检查时弄虚作假,Unknown
5317,处五万元以上二十万元以下的罚款,Unknown
5318,对直接负责的主管人员和其他直接责任人员,Unknown
5319,二万元以上十万元以下的罚款,Unknown
5320,城市绿线管理办法,Unknown
5321,拦河截溪,Unknown
5322,取土采石,Unknown
5323,设置垃圾堆场,Unknown
5324,排放污水,Unknown
5325,其他对城市生态环境造成破坏活动,Unknown
5326,城市园林绿化行政主管部门,Unknown
5327,违反本办法规定的行为,Unknown
5328,公路工程施工单位,Unknown
5329,施工前未对有关安全施工的技术要求作出详细说明,Unknown
5330,50000元以上100000元以下罚款,Unknown
5331,造成重大安全事故,Unknown
5332,尚未竣工的建筑物内设置集体宿舍,Unknown
5333,施工现场临时搭建的建筑物不符合安全使用要求,Unknown
5334,因建设工程施工可能造成损害的毗邻建筑物、构筑物和地下管线等采取专项防护措施,Unknown
5335,自然资源开发利用处,Unknown
5336,《中华人民共和国城市房地产管理法》,Unknown
5337,转让房地产时未经批准,Unknown
5338,第四十条第一款,Unknown
5339,经过批准转让,Unknown
5340,未按规定缴纳土地使用权出让金,Unknown
5341,县级以上人民政府土地管理部门,Unknown
5342,土地使用权出让金,Unknown
5343,产品种类,Unknown
5344,危险等级,Unknown
5345,许可范围,Unknown
5346,违禁药物,Unknown
5347,非法销售,Unknown
5348,倒卖,Unknown
5349,变卖,Unknown
5350,国家免费提供的避孕药具,Unknown
5351,县级以上住房和城乡建设主管部门,Unknown
5352,《陕西省物业服务管理条例》（2021年修订）,Unknown
5353,房屋买受人,Unknown
5354,本条例第十一条的规定,Unknown
5355,5万元以上10万元以下的罚款,Unknown
5356,工商行政管理机关吊销营业执照,Unknown
5357,棉花质量监督管理条例,Unknown
5358,国务院令第314号,Unknown
5359,选育林木良种建立测定林、试验林、优树收集区、基因库等,Unknown
5360,经济收入,Unknown
5361,经济补偿,Unknown
5362,自然保护地,Unknown
5363,禁猎渔区,Unknown
5364,禁渔期,Unknown
5365,国家重点保护(水生,Unknown
5366,未取得特许猎捕证,Unknown
5367,未按照特许猎捕证规定猎捕、杀害国家重点保护(水生,Unknown
5368,使用禁用的工具、方法猎捕国家重点保护(水生,Unknown
5369,"""计量器具型式批准""",Unknown
5370,指使、强令车辆驾驶人超限运输货物行为的处罚,Unknown
5371,指使、强令货物运输车辆驾驶人违法超限超载运输,Unknown
5372,货物运输源头单位违反本条例第十四条规定,Unknown
5373,道路运输管理机构,Unknown
5374,指使、强令车辆驾驶人超限运输货物的,Unknown
5375,违反本规定，指使、强令车辆驾驶人超限运输货物的,Unknown
5376,查封与违法牲畜屠宰活动有关的场所、设施,Unknown
5377,扣押与违法牲畜屠宰活动有关的牲畜、畜类产品以及屠宰工具和设备,Unknown
5378,《陕西省牲畜屠宰管理条例》,Unknown
5379,《西安市人民政府关于改革完善市级食品药品监督管理体制的实施意见》,Unknown
5380,《西安市人民政府关于改革完善区县食品药品监督管理体制的意见》,Unknown
5381,市商务局的畜禽屠宰监管职能,Unknown
5382,区县经贸部门承担的牲畜屠宰管理职能,Unknown
5383,西安市黑河引水系统保护条例（2016修正）,Unknown
5384,打井,Unknown
5385,修建墓地,Unknown
5386,采取补救措施,Unknown
5387,10000元以上50000元以下罚款,Unknown
5388,依法予以赔偿,Unknown
5389,扣留的车辆,Unknown
5390,公路管理机构依法处理,Unknown
5391,西安市计量监督管理办法,Unknown
5392,西安市人民政府令第115号,Unknown
5393,使用强制检定计量器具的单位和个人,Unknown
5394,报所在地区、县或者开发区计量行政主管部门,Unknown
5395,商品交易市场、集贸市场、商场（超市）内使用的强制检定计量器具,Unknown
5396,报计量行政主管部门,Unknown
5397,涉嫌专门用于传销的产品(商品,Unknown
5398,原材料等财物,Unknown
5399,有关的经营场所,Unknown
5400,禁止传销条例,Unknown
5401,2005.11.01,Unknown
5402,县级以上工商行政管理部门,Unknown
5403,涉嫌传销行为,Unknown
5404,查封涉嫌传销的经营场所,Unknown
5405,对药师未按照规定调剂处方药品，情节严重的处罚,Unknown
5406,《处方管理办法》,Unknown
5407,所在医疗机构或者其上级单位,Unknown
5408,地名命名、更名审批,Unknown
5409,区划地名勘界处,Unknown
5410,地名管理条例,Unknown
5411,街路巷的命名、更名,Unknown
5412,直辖市、市、县人民政府批准,Unknown
5413,具有重要地理方位意义的交通运输、水利、电力、通信、气象等设施的命名、更名,Unknown
5414,有关主管部门批准,Unknown
5415,市民政局(市地名办),Unknown
5416,本市轨道交通车站及车辆基地命名工作,Unknown
5417,西安市民政局关于印发西安市轨道交通车站命名规则的通知,Unknown
5418,交通运输部令2013年第2号发布,Unknown
5419,交通运输部令2023年第13号修订,Unknown
5420,"道路危险化学品运输托运人,进行,责令改正",Unknown
5421,"道路危险化学品运输托运人,进行,处10万元以上20万元以下的罚款",Unknown
5422,"道路危险化学品运输托运人,进行,没收违法所得",Unknown
5423,"道路危险化学品运输托运人,进行,责令停产停业整顿",Unknown
5424,"道路危险化学品运输托运人,进行,追究刑事责任",Unknown
5425,回收拆解企业,Unknown
5426,《资质认定书》,Unknown
5427,《报废机动车回收管理办法实施细则》,Unknown
5428,回收拆解企业不得涂改、出租、出借《资质认定书》，或者以其他形式非法转让《资质认定书》,Unknown
5429,回收拆解企业涂改、出租、出借或者以其他形式非法转让《资质认定书》的，由县级以上地方商务主管部门责令改正，并处1万元以上3万元以下的罚款,Unknown
5430,点,Unknown
5431,从事拍卖业务许可,Unknown
5432,拍卖管理办法,Unknown
5433,企业及分公司,Unknown
5434,从事拍卖业务的许可,Unknown
5435,市级商务主管部门,Unknown
5436,省级商务主管部门,Unknown
5437,拍卖经营批准证书,Unknown
5438,听证方式,Unknown
5439,省级商务主管部门统一印制,Unknown
5440,对出版物使用非法定计量单位的行政处罚,Unknown
5441,《计量违法行为处罚细则》,Unknown
5442,国家技术监督局令第14号,Unknown
5443,2022年9月29日国家市场监督管理总局令第61号,Unknown
5444,非出版物,Unknown
5445,"按以下规定处罚,责令其改正",Unknown
5446,出版物,Unknown
5447,"按以下规定处罚,责令其停止销售,可并处一千元以下罚款",Unknown
5448,不存在,Unknown
5449,未经批准采集或者采伐省重点保护的天然果树种质资源,Unknown
5450,《陕西省果业条例》,Unknown
5451,县级以上农业、林业行政主管部门,Unknown
5452,省果业行政主管部门,Unknown
5453,因科研等特殊情况需要采集或者采伐省重点保护的天然果树种质资源,Unknown
5454,《二手车流通管理办法》,Unknown
5455,二手车交易市场经营者和经营主体,Unknown
5456,公安部,Unknown
5457,工商总局,Unknown
5458,税务总局,Unknown
5459,《西安市物业管理条例》,Unknown
5460,物业管理区域范围,Unknown
5461,共用部位名称,Unknown
5462,共用部位位置,Unknown
5463,共用部位面积,Unknown
5464,共用设施设备名称,Unknown
5465,共用设施设备用途,Unknown
5466,物业管理用房位置,Unknown
5467,物业管理用房面积,Unknown
5468,区县物业管理行政主管部门,Unknown
5469,开发区管理委员会,Unknown
5470,二万元以上五万元以下罚款,Unknown
5471,《城市商品房预售管理办法》,Unknown
5472,房地产管理部门,Unknown
5473,责令停止预售,Unknown
5474,撤销商品房预售许可,Unknown
5475,1994年11月15日,Unknown
5476,2004年7月20日,Unknown
5477,道路运输企业动态监控平台,Unknown
5478,道路运输车辆动态信息公共服务平台,Unknown
5479,维护经费,Unknown
5480,纳入年度预算,Unknown
5481,逐级考核和通报制度,Unknown
5482,联网联控系统长期稳定运行,Unknown
5483,《道路运输车辆动态监督管理办法》,Unknown
5484,对道路运输企业动态监控平台的考核,Unknown
5485,交通运输部、公安部、国家安全生产监督管理总局令2014年第5号,Unknown
5486,交通运输部 公安部 应急管理部令2022年第10号,Unknown
5487,责令停止生产、销售,Unknown
5488,处罚款,Unknown
5489,责令停止侵权行为,Unknown
5490,赔偿被侵权人的损失,Unknown
5491,并处罚款,Unknown
5492,《中华人民共和国烟草专卖法》,Unknown
5493,行政检查权力,Unknown
5494,县级人民政府野生植物行政主管部门,Unknown
5495,野生植物行政主管部门,Unknown
5496,1996年9月国务院令第204号,Unknown
5497,2018年5月,Unknown
5498,对未采取相应防范措施，造成危险废物扬散、流失、渗漏或者其他环境污染的行政处罚,Unknown
5499,违反本法规定，有下列行为之一，由生态环境主管部门责令改正，处以罚款，没收违法所得；情节严重的，报经有批准权的人民政府批准，可以责令停业或者关闭,Unknown
5500,有前款第一项、第二项、第五项、第六项、第七项、第八项、第九项、第十二项、第十三项行为之一，处十万元以上一百万元以下的罚款,Unknown
5501,有前款第三项、第四项、第十项、第十一项行为之一，处所需处置费用三倍以上五倍以下的罚款，所需处置费用不足二十万元的，按二十万元计算,Unknown
5502,对企业投资建设固定资产投资项目的监督检查,Unknown
5503,违法破坏重点保护野生植物保护点的保护设施和保护标志,Unknown
5504,野生植物保护点的保护设施和保护标志,Unknown
5505,县级以上野生植物行政主管部门,Unknown
5506,破坏野生植物保护点的保护设施和保护标志,Unknown
5507,开展气象信息服务的单位,Unknown
5508,气象主管机构所属的气象台提供的基本气象资料,Unknown
5509,建站单位,Unknown
5510,拟建气象探测站(点,Unknown
5511,探测站(点,Unknown
5512,气象主管机构,Unknown
5513,汇交凭证,Unknown
5514,汇交所获得的气象探测资料,Unknown
5515,非法制造,Unknown
5516,《民用爆炸物品安全管理条例》,Unknown
5517,非法买卖,Unknown
5518,非法运输,Unknown
5519,非法储存,Unknown
5520,未经许可购买,Unknown
5521,未经许可运输,Unknown
5522,从事爆破作业,Unknown
5523,非法购买,Unknown
5524,责令停止非法购买、运输、爆破作业活动,Unknown
5525,没收非法购买、运输以及从事爆破作业使用的民用爆炸物品及其违法所得,Unknown
5526,西安市限制养犬条例,Unknown
5527,城市居民,Unknown
5528,宠物,Unknown
5529,粪便,Unknown
5530,饲养人,Unknown
5531,宠物粪便,Unknown
5532,污物,Unknown
5533,城市,Unknown
5534,风景名胜区,Unknown
5535,重要工程设施附近爆破作业许可,Unknown
5536,具有相应资质的安全评估企业出具的爆破设计、施工方案评估报告,Unknown
5537,符合条件的申请人,Unknown
5538,不符合条件的申请人,Unknown
5539,国务院令第748号公布,Unknown
5540,侵占、毁坏或者擅自移动地下水监测设施设备及其标志,Unknown
5541,限期采取补救措施,Unknown
5542,县级以上地方人民政府水行政、自然资源、生态环境主管部门组织补救,Unknown
5543,违法行为人承担,Unknown
5544,对尾矿库运行到设计最终标高或者不再进行排尾作业的，未按规定实施闭库的行政处罚,Unknown
5545,尾矿库运行到设计最终标高或者不再进行排尾作业的,Unknown
5546,"规定于,《尾矿库安全监督管理规定》",Unknown
5547,本规定第二十八条第一款规定不主动实施闭库,Unknown
5548,管理规定,Unknown
5549,所在地粮食行政管理部门,Unknown
5550,粮油储存事故,Unknown
5551,安全生产事故,Unknown
5552,有关法律法规,Unknown
5553,国家有关规定,Unknown
5554,《粮油仓储管理办法》,Unknown
5555,阻碍、妨碍内河交通事故调查取证,Unknown
5556,谎报、隐匿、毁灭证据,Unknown
5557,1000元以上1万元以下,Unknown
5558,暂扣适任证书或者其他适任证件12个月以上直至吊销适任证书或者其他适任证件,Unknown
5559,以暴力、威胁方法阻碍内河交通事故调查取证,Unknown
5560,妨害公务罪,Unknown
5561,饲料添加剂产品批准文号核发,Unknown
5562,《饲料和饲料添加剂管理条例》,Unknown
5563,国务院农业行政主管部门,Unknown
5564,全国饲料、饲料添加剂的监督管理工作,Unknown
5565,本行政区域饲料、饲料添加剂的监督管理工作,Unknown
5566,省、自治区、直辖市人民政府饲料管理部门,Unknown
5567,相应的产品批准文号,Unknown
5568,《陕西省人民政府关于委托一批行政批准事项的决定》,Unknown
5569,设区的市级农业农村部门,Unknown
5570,省农业农村厅权限委托,Unknown
5571,网络安全协调和技术处,Unknown
5572,关键信息基础设施的安全保护,Unknown
5573,关键信息基础设施的运营者,Unknown
5574,网络安全应急演练,Unknown
5575,有关部门、关键信息基础设施的运营者以及有关研究机构、网络安全服务机构等,Unknown
5576,网络安全信息,Unknown
5577,网络安全事件的应急处置与网络功能的恢复,Unknown
5578,国务院办公厅,Unknown
5579,各级政府及其部门,Unknown
5580,安全检查,Unknown
5581,办公系统,Unknown
5582,业务系统,Unknown
5583,网站系统,Unknown
5584,国家规定范围以外的计量器具,Unknown
5585,规定场所从事经营活动,Unknown
5586,中华人民共和国计量法实施细则,Unknown
5587,停止制造、修理,Unknown
5588,全部违法所得,Unknown
5589,500元以下的罚款,Unknown
5590,医疗机构及其工作人员,Unknown
5591,诊断结论,Unknown
5592,就诊者为严重精神障碍患者,Unknown
5593,病情评估,Unknown
5594,就诊者,Unknown
5595,"并且有下列情形之一,应当实施住院治疗",Unknown
5596,已经发生伤害自身的行为,Unknown
5597,"是,应当实施住院治疗的情形之一",Unknown
5598,已经发生危害他人安全的行为,Unknown
5599,慈善组织公开募捐资格审批,Unknown
5600,中华人民共和国慈善法,Unknown
5601,慈善组织,Unknown
5602,内部治理结构健全,Unknown
5603,运作规范,Unknown
5604,县级以上人民政府民政部门,Unknown
5605,公开募捐资格证书,Unknown
5606,对协助他人非法出境入境的处罚,Unknown
5607,《中华人民共和国出境入境管理法》第72条,Unknown
5608,协助他人非法出境入境的处罚,Unknown
5609,烟花爆竹生产经营企业工（库）房,Unknown
5610,核定人数,Unknown
5611,艾滋病监测职责,Unknown
5612,规定免费提供咨询和初筛检测,Unknown
5613,临时应急采集的血液,Unknown
5614,临床用血,Unknown
5615,未进行核查,Unknown
5616,临床用血艾滋病检测结果,Unknown
5617,艾滋病检测阳性血液,Unknown
5618,标准防护原则,Unknown
5619,操作规程和消毒管理制度,Unknown
5620,艾滋病医院感染或者医源性感染,Unknown
5621,有效的卫生防护措施和医疗保健措施,Unknown
5622,治疗艾滋病病毒感染者或者艾滋病病人的其他疾病,Unknown
5623,艾滋病病毒感染者或者艾滋病病人咨询、诊断和治疗服务,Unknown
5624,艾滋病病毒感染者或者艾滋病病人进行医学随访,Unknown
5625,规定对感染艾滋病病毒的孕产妇及其婴儿提供预防艾滋病母婴传播技术指导,Unknown
5626,违反机动车停放、临时停车规定,Unknown
5627,指出违法行为,Unknown
5628,予以口头警告,Unknown
5629,令其立即驶离,Unknown
5630,机动车驾驶人不在现场或者虽在现场但拒绝立即驶离,Unknown
5631,处二十元以上二百元以下罚款,Unknown
5632,将该机动车拖移至不妨碍交通的地点或者公安机关交通管理部门指定的地点停放,Unknown
5633,拖车,Unknown
5634,停放地点,Unknown
5635,因采取不正确的方法拖车,Unknown
5636,机动车损坏,Unknown
5637,补偿责任,Unknown
5638,《中华人民共和国道路交通安全法》第九十三条,Unknown
5639,泄密案件的调查处理,Unknown
5640,市保密局,Unknown
5641,对在汛期内水库、闸坝和其他水工程设施的运用监督检查,Unknown
5642,水灾害防御处,Unknown
5643,获奖运动员,Unknown
5644,教练员,Unknown
5645,训练单位,Unknown
5646,有功人员,Unknown
5647,不履行清扫保洁责任,Unknown
5648,街道、公共厕所清扫保洁不符合要求,Unknown
5649,50元以上500元以下罚款,Unknown
5650,组织清理,Unknown
5651,责任人,Unknown
5652,承担费用,Unknown
5653,强制检定范围的计量器具,Unknown
5654,非强制检定范围的计量器具,Unknown
5655,《中华人民共和国计量法实施细则》,Unknown
5656,责令其停止使用,Unknown
5657,行政处罚措施,Unknown
5658,可并处一千元以下的罚款,Unknown
5659,《网络出版服务管理规定》,Unknown
5660,地方人民政府各级出版行政主管部门,Unknown
5661,网络出版服务单位及其出版活动,Unknown
5662,省级电信主管部门,Unknown
5663,网络出版服务单位,Unknown
5664,网络出版服务,Unknown
5665,网络出版物内容和质量,Unknown
5666,网络出版从业人员,Unknown
5667,各地出版行政主管部门,Unknown
5668,上级出版行政主管部门,Unknown
5669,施工图审查机构,Unknown
5670,施工图审查,Unknown
5671,不符合条件审查人员,Unknown
5672,进行审查,Unknown
5673,上报审查过程中发现的违法违规行为,Unknown
5674,填写审查意见告知书,Unknown
5675,在审查合格书和施工图上签字盖章,Unknown
5676,审查合格书,Unknown
5677,法律、法规和工程建设强制性标准,Unknown
5678,煤炭、水泥等货物集散地以及货运站等场所的经营人、管理人,Unknown
5679,有效措施,Unknown
5680,煤炭、水泥等货物集散地以及货运站等场所的监督检查,Unknown
5681,道路运输管理机构依法进行监督检查,Unknown
5682,水利工程建设项目招标实施方案审批,Unknown
5683,西安市水务局行驶,Unknown
5684,《陕西省计量监督管理条例》,Unknown
5685,第四十一条,Unknown
5686,第二十四条,Unknown
5687,违反本条例第二十四条第三款规定,Unknown
5688,处三千元以上三万元以下罚款,Unknown
5689,旧电器电子产品市场,Unknown
5690,定期检查及不定期抽查制度,Unknown
5691,商务主管部门监督检查,Unknown
5692,办法第九条,Unknown
5693,办法第十一条,Unknown
5694,办法第十二条,Unknown
5695,办法第十三条,Unknown
5696,办法第十八条,Unknown
5697,未按规定悬挂娱乐场所警示标志,Unknown
5698,《娱乐场所管理条例》,Unknown
5699,娱乐场所管理条例,Unknown
5700,国务院令第458号,Unknown
5701,擅自销售卫星地面接收设施行为,Unknown
5702,责令停止销售,Unknown
5703,没收卫星地面接收设施,Unknown
5704,销售额,Unknown
5705,《卫星电视广播地面接收设施管理规定》,Unknown
5706,河道采砂许可,Unknown
5707,中华人民共和国河道管理条例,Unknown
5708,陕西省河道采砂管理办法,Unknown
5709,渭河干流渭南市行政区域内河道,Unknown
5710,采砂地点,Unknown
5711,洛河干流状头水文站以下河道,Unknown
5712,渭河干流渭南市行政区域外河道,Unknown
5713,三门峡库区管理机构,Unknown
5714,受理单位,Unknown
5715,设区市人民政府水行政主管部门,Unknown
5716,县级人民政府水行政主管部门,Unknown
5717,医疗机构执业登记,Unknown
5718,国务院卫生行政部门,Unknown
5719,诊所备案,Unknown
5720,县级人民政府卫生行政部门,Unknown
5721,诊所,Unknown
5722,公园内的各类设施,Unknown
5723,《公园设计规范》等技术规范进行设置,Unknown
5724,公园,Unknown
5725,健步道、绿道等设施,Unknown
5726,违反本条例第二十条规定的行为,Unknown
5727,病原微生物实验室生物安全管理条例,Unknown
5728,公务员辞去公职或者退休的,Unknown
5729,从事与原工作业务直接相关的营利性活动,Unknown
5730,集中交易市场开办者,Unknown
5731,场内食用农产品,Unknown
5732,食品安全标准,Unknown
5733,行政物品,Unknown
5734,拒不执行火灾现场指挥员指挥,Unknown
5735,涉案财物价格认定,Unknown
5736,市价格认证服务中心,Unknown
5737,陕西省涉案财物价格认定条例,Unknown
5738,国家发展改革委关于印发《价格认定规定》的通知,Unknown
5739,对未按规定缴纳城市生活垃圾处理费的行政处罚,Unknown
5740,《城市生活垃圾管理办法》,Unknown
5741,直辖市、市、县人民政府建设（环境卫生）主管部门,Unknown
5742,1000元,Unknown
5743,中标通知书备案,Unknown
5744,《陕西省房屋建筑和市政基础设施工程施工、监理招标投标办法》,Unknown
5745,《关于加强房屋建筑和市政基础设施工程施工、监理招标投标监管的通知》,Unknown
5746,"招标人应当在向中标人发出全省统一格式的中标通知书时,向相应建设工程招标投标监督管理机构备案",Unknown
5747,"依托公共资源交易监管平台,通过对工程项目发包申请备案、资审文件备案、招标文件备案、中标通知书备案、施工合同备案、工程项目负责人（项目经理/总监理工程师）更换备案等环节审核，严格监督规范建设工程项目招投标交易活动",Unknown
5748,人力资源服务企业备案,Unknown
5749,人力资源社会保障行政部门备案,Unknown
5750,人力资源供求信息的收集和发布,Unknown
5751,就业和创业指导,Unknown
5752,人力资源管理咨询,Unknown
5753,人力资源测评,Unknown
5754,人力资源培训,Unknown
5755,承接人力资源服务外包,Unknown
5756,登记注册地的县（市、区）或者设区的市人力资源社会保障行政部门,Unknown
5757,人力资源供求信息的收集、发布和咨询服务,Unknown
5758,业务,Unknown
5759,就业创业指导,Unknown
5760,人力资源管理咨询服务,Unknown
5761,法律、法规规定的其他人力资源服务,Unknown
5762,《基础测绘条例》,Unknown
5763,基础测绘项目,Unknown
5764,全国统一的测绘基准和测绘系统,Unknown
5765,国家规定的测绘技术规范和标准,Unknown
5766,负有直接责任的主管人员,Unknown
5767,"依法给予,处分",Unknown
5768,颁发资质证书的部门,Unknown
5769,县级以上人民政府测绘行政主管部门,Unknown
5770,其他行政教育,Unknown
5771,三个以上建设工程项目的监理,Unknown
5772,监理费一倍以上三倍以下罚款,Unknown
5773,一项建设工程监理合同的总监理工程师,Unknown
5774,三项建设工程监理合同的总监理工程师,Unknown
5775,监管证监会工作失误,Unknown
5776,某证券营业部,Unknown
5777,466号,Unknown
5778,未按照规定对民用爆炸物品做出警示标识、登记标识或者未对雷管编码打号的,Unknown
5779,超出购买许可的品种、数量购买民用爆炸物品的,Unknown
5780,使用现金或者实物进行民用爆炸物品交易的,Unknown
5781,未按照规定保存购买单位的许可证、银行账户转账凭证、经办人的身份证明复印件的,Unknown
5782,销售、购买、进出口民用爆炸物品,Unknown
5783,"违反,第四十六条",Unknown
5784,未按照规定建立民用爆炸物品登记制度,Unknown
5785,未按照规定将《民用爆炸物品运输许可证》交回发证机关核销的,Unknown
5786,《中华人民共和国旅游法》,Unknown
5787,2018年10月第二次修正,Unknown
5788,旅游主管部门,Unknown
5789,"旅行社,进行,责令改正",Unknown
5790,"违法所得,进行,没收",Unknown
5791,"旅行社,进行,罚款",Unknown
5792,"直接负责的主管人员和其他直接责任人员,进行,罚款",Unknown
5793,"对,旅行社,进行,罚款的对象",Unknown
5794,"旅行社,的处罚措施",Unknown
5795,吊销旅行社业务经营许可证,Unknown
5796,"提供,导游服务的对象",Unknown
5797,领队,Unknown
5798,"提供,领队服务的对象",Unknown
5799,"临时聘用的导游,支付,导游服务费用",Unknown
5800,"导游,垫付,费用",Unknown
5801,"导游,收取,费用",Unknown
5802,农药经营者设立分支机构备案,Unknown
5803,对在禁止养殖区域内建设畜禽养殖场、养殖小区的行政处罚,Unknown
5804,国务院令第643号公布,Unknown
5805,2014年施行,Unknown
5806,对涉嫌不正当竞争行为的监督检查,Unknown
5807,《中华人民共和国反不正当竞争法》（2019年修订）,Unknown
5808,农村集体经济组织,Unknown
5809,水库,Unknown
5810,农村集体经济组织修建水库审批,Unknown
5811,《中华人民共和国水法》,Unknown
5812,谁投资建设谁管理和谁受益的原则,Unknown
5813,西安市城市饮用水源污染防治管理条例,Unknown
5814,纺织企业,Unknown
5815,保险粉,Unknown
5816,双氧水,Unknown
5817,次氯酸钠,Unknown
5818,亚氯酸钠,Unknown
5819,雕白粉,Unknown
5820,吊白块,Unknown
5821,"禁忌物料,混合储存",Unknown
5822,"未采取,防水防潮措施",Unknown
5823,第10号公布,Unknown
5824,纺织企业重大事故隐患,Unknown
5825,"生产、经营、运输、储存、使用危险物品或者处置废弃危险物品,未建立专门安全管理制度、未采取可靠的安全措施",Unknown
5826,相同法律规定,Unknown
5827,国家重点陆生野生动物造成人身或财产损害的补偿,Unknown
5828,森林资源管理处,Unknown
5829,医院感染管理的规章制度、工作规范,Unknown
5830,医院感染管理部门、分管部门,Unknown
5831,专（兼）职人员负责医院感染预防与控制工作,Unknown
5832,医疗器械、器具的消毒工作技术规范,Unknown
5833,无菌操作技术规范和隔离技术规范,Unknown
5834,消毒药械和一次性医疗器械、器具的相关证明进行审核,Unknown
5835,医务人员职业暴露提供职业卫生防护,Unknown
5836,警告并通报批评,Unknown
5837,医政医管处承办,Unknown
5838,未按照规定取得《电力业务许可证》，从事电力供应业务,Unknown
5839,擅自伸入或者跨越供电营业区供电,Unknown
5840,擅自向外转供电,Unknown
5841,《电力供应与使用条例》,Unknown
5842,可以并处违法所得5倍以下的罚款,Unknown
5843,卫生计生行政部门,Unknown
5844,《陕西省物业服务管理条例》,Unknown
5845,2021年5月,Unknown
5846,停车位,Unknown
5847,不得出售,Unknown
5848,不得附赠,Unknown
5849,县级以上人民防空主管部门,Unknown
5850,逾期不改正者,Unknown
5851,环境影响后评价备案,Unknown
5852,《中华人民共和国环境影响评价法》,Unknown
5853,第二十七条,Unknown
5854,不合格或国家有关部门规定淘汰的放射诊疗设备,Unknown
5855,安全防护装置和个人防护用品,Unknown
5856,放射诊疗设备、工作场所及防护设施进行检测和检查,Unknown
5857,放射诊疗工作人员进行个人剂量监测、健康检查、建立个人剂量和健康档案,Unknown
5858,放射事件并造成人员健康严重损害,Unknown
5859,放射事件未立即采取应急救援和控制措施或者未按照规定及时报告,Unknown
5860,《放射诊疗管理规定》,Unknown
5861,卫生部令第46号,Unknown
5862,国家卫生和计划生育委员会令第8号,Unknown
5863,会计继续教育机构,Unknown
5864,国务院财政部门,Unknown
5865,全国的会计工作,Unknown
5866,本行政区域内的会计工作,Unknown
5867,继续教育管理部门,Unknown
5868,批发市场开办者,Unknown
5869,进入该批发市场销售的食用农产品,Unknown
5870,未依法对进入该批发市场销售的食用农产品进行抽样检验,Unknown
5871,未按要求向入场销售者提供统一格式的销售凭证,Unknown
5872,指导入场销售者自行印制符合要求的销售凭证,Unknown
5873,玻璃窑炉,Unknown
5874,玻璃锡槽,Unknown
5875,不符合国家标准或者行业标准,Unknown
5876,居民身份证查验,Unknown
5877,《中华人民共和国居民身份证法》第十五条,Unknown
5878,人民警察,Unknown
5879,有前款所列情形之一,Unknown
5880,采取措施,Unknown
5881,居民身份证,Unknown
5882,任何组织或者个人,Unknown
5883,扣押居民身份证,Unknown
5884,土地复垦义务人,Unknown
5885,对拟损毁的耕地、林地、牧草地进行表土剥离,Unknown
5886,县级以上地方人民政府国土资源主管部门,Unknown
5887,按照应当进行表土剥离的土地面积处每公顷1万元的罚款,Unknown
5888,进入汽车客运站场的车辆,Unknown
5889,进站证,Unknown
5890,客运车辆的流量、流向合理安排客运车辆进站,Unknown
5891,交通运输主管部门科学、合理地安排客运车辆班次,Unknown
5892,华侨回国定居审批,Unknown
5893,领队信息及变更情况,Unknown
5894,领队条件,Unknown
5895,不具备领队条件的领队信息,Unknown
5896,由旅游主管部门处罚,Unknown
5897,具备领队条件的领队,Unknown
5898,报旅游主管部门备案,Unknown
5899,疾病预防控制机构,Unknown
5900,接种单位,Unknown
5901,疫苗上市许可持有人,Unknown
5902,疫苗配送单位,Unknown
5903,对企业不为职工协商代表支付工资，经责令改正后拒不改正的处罚,Unknown
5904,企业不为职工协商代表支付工资,Unknown
5905,劳动行政主管部门,Unknown
5906,企业违反本条例第十四条第一款规定，不为职工协商代表支付工资,Unknown
5907,有下列行为之一的企业,Unknown
5908,经劳动保障行政部门责令改正拒不改正，或者拒不履行劳动保障行政部门的行政处理决定的企业,Unknown
5909,"""地震应急预案备案""",Unknown
5910,"""市应急管理局""",Unknown
5911,从事畜禽规模养殖未及时收集、贮存、利用或者处置养殖过程中产生的畜禽粪污等固体废物,Unknown
5912,《西安市大气污染防治条例》,Unknown
5913,从事畜禽规模养殖未及时收集、贮存、利用或者处置养殖过程中产生的畜禽粪污等固体废物的行为,Unknown
5914,十万元,Unknown
5915,五千元以上十万元以下,Unknown
5916,责令停业或者关闭,Unknown
5917,情节严重的行为,Unknown
5918,未,Unknown
5919,国有建设用地使用权出让后土地使用权分割转让批准,Unknown
5920,中华人民共和国城镇国有土地使用权出让和转让暂行条例,Unknown
5921,对农业转基因生物安全的监督检查,Unknown
5922,全国农业转基因生物安全的监督管理工作,Unknown
5923,县级以上地方各级人民政府农业行政主管部门,Unknown
5924,本行政区域内的农业转基因生物安全的监督管理工作,Unknown
5925,县级以上各级人民政府有关部门,Unknown
5926,转基因食品安全的监督管理工作,Unknown
5927,特种设备安全管理和作业人员资格认定,Unknown
5928,对向水体倾倒船舶垃圾或者排放船舶的残油、废油,Unknown
5929,未经作业地海事管理机构批准,Unknown
5930,"违反本法规定,西安市交通运输局",Unknown
5931,船舶及有关作业单位从事有污染风险的作业活动,Unknown
5932,以冲滩方式进行船舶拆解的,Unknown
5933,进入中华人民共和国内河的国际航线船舶,Unknown
5934,中华人民共和国水污染防治法,Unknown
5935,专门安全管理制度,Unknown
5936,可靠的安全措施,Unknown
5937,"运输,储存,使用危险物品或者处置废弃危险物品,未建立,专门安全管理制度",Unknown
5938,"运输,储存,使用危险物品或者处置废弃危险物品,未采取,可靠的安全措施",Unknown
5939,"安全生产监督管理职责的部门,按照职责分工决定行政处罚",Unknown
5940,主管的负有,Unknown
5941,"也可以决定,行政处罚",Unknown
5942,负有,Unknown
5943,"报请,县级以上人民政府,决定,予以关闭的行政处罚",Unknown
5944,对印刷经营中发现违法犯罪行为未报告的处罚,Unknown
5945,对单位内部设立印刷厂（所）未备案的处罚,Unknown
5946,没有建立承印验证制度,Unknown
5947,在印刷经营活动中发现违法犯罪行为没有及时向公安部门或者出版行政部门报告,Unknown
5948,变更名称、法定代表人或者负责人、住所或者经营场所等主要登记事项，或者终止印刷经营活动，不向原批准设立的出版行政部门备案,Unknown
5949,未依照本条例的规定留存备查的材料,Unknown
5950,单位内部设立印刷厂（所）,Unknown
5951,违反本条例的规定,Unknown
5952,没有向所在地县级以上地方人民政府出版行政部门、保密工作部门办理登记手续,Unknown
5953,按照国家有关规定向公安部门备案,Unknown
5954,对食品生产经营者未按照规定在显著位置张贴或者公开展示相关监督检查结果记录表，撕毁、涂改监督检查结果记录表，或者未保持日常监督检查结果记录表至下次日常监督检查的行政处罚,Unknown
5955,《食品生产经营监督检查管理办法》,Unknown
5956,出售、购买、利用水生野生动物或其制品的单位和个人,Unknown
5957,持《经营利用证》到出售、收购所在地的县级以上渔业行政主管部门备案,Unknown
5958,《中华人民共和国水生野生动物利用特许办法》,Unknown
5959,省级人民政府渔业主管部门,Unknown
5960,本行政区域内除国务院对审批机关另有规定的国家重点保护水生野生动物或其制品利用特许审批,Unknown
5961,县级以上地方人民政府渔业行政主管部门,Unknown
5962,本行政区域内水生野生动物或其制品特许申请的审核,Unknown
5963,地方各级渔业行政主管部门,Unknown
5964,对食品进行虚假宣传行为,Unknown
5965,食品安全法第一百四十条第五款,Unknown
5966,单位的法定代表人,Unknown
5967,单位的主要负责人,Unknown
5968,故意实施违法行为,Unknown
5969,违法行为性质恶劣,Unknown
5970,违法行为造成严重后果,Unknown
5971,燃气总管未设置管道压力监测报警装置,Unknown
5972,监测报警装置未与紧急自动切断装置联锁,Unknown
5973,未单独收集、存放开发建设过程中剥离的表土,Unknown
5974,第九十一条,Unknown
5975,实施风险管控、修复活动对土壤、周边环境造成新的污染,Unknown
5976,转运污染土壤,Unknown
5977,"违法行为,第九十一条",Unknown
5978,未达到土壤污染风险评估报告确定的风险管控、修复目标的建设用地地块,Unknown
5979,金属冶炼建设项目,Unknown
5980,用于生产储存危险化学品的建设项目,Unknown
5981,用于储存危险化学品的建设项目,Unknown
5982,用于生产储存烟花爆竹的建设项目,Unknown
5983,矿山、金属冶炼建设项目或者用于生产、储存危险物品的建设项目的施工单位未按照批准的安全设施设计施工的行为,Unknown
5984,拍卖人,Unknown
5985,采用财物或者其他手段进行贿赂以争揽业务,Unknown
5986,雇佣非拍卖师主持拍卖活动,Unknown
5987,其他违反法律法规及规章的行为,Unknown
5988,10000元以下的罚款,Unknown
5989,违法所得1倍以上3倍以下,Unknown
5990,印制人民币所特有的防伪材料、防伪技术、防伪工艺和专用设备,Unknown
5991,中国人民银行指定的印制人民币的企业,Unknown
5992,国务院令第280号,Unknown
5993,国务院令第698号,Unknown
5994,市事业单位登记管理局,Unknown
5995,中外、内地与港澳、大陆与台湾合作职业技能培训项目审批,Unknown
5996,职业能力建设处,Unknown
5997,中华人民共和国中外合作办学条例,Unknown
5998,中外合作职业技能培训办学管理办法,Unknown
5999,陕西省人民政府关于委托一批行政许可事项的决定,Unknown
6000,省人力资源社会保障厅,Unknown
6001,设区的市级人力资源社会保障部门,Unknown
6002,家庭服务机构,Unknown
6003,县级以上商务主管部门要求,Unknown
6004,家庭服务业信息报送系统,Unknown
6005,及时报送经营情况信息,Unknown
6006,具体报送内容,Unknown
6007,农产品生产经营者,Unknown
6008,设施、设备,Unknown
6009,消毒剂,Unknown
6010,洗涤剂,Unknown
6011,国家有关质量安全规定,Unknown
6012,保鲜剂,Unknown
6013,防腐剂,Unknown
6014,包装材料,Unknown
6015,国家有关强制性标准,Unknown
6016,其他质量安全规定,Unknown
6017,"有毒有害物质,一同储存",Unknown
6018,"有毒有害物质,一同运输",Unknown
6019,大气污染物排放单位,Unknown
6020,重点排污单位,Unknown
6021,向大气排放污染物的单位,Unknown
6022,污染物排放情况,Unknown
6023,县级以上生态环境行政主管部门,Unknown
6024,排放污染物单位,Unknown
6025,2014年,Unknown
6026,2023年,Unknown
6027,抗菌药物管理组织机构,Unknown
6028,专（兼）职技术人员,Unknown
6029,抗菌药物管理规章制度,Unknown
6030,《抗菌药物临床应用管理办法》,Unknown
6031,卫生部令第84号,Unknown
6032,对工作场所职业病危害因素检测、评价结果没有存档、上报、公布,Unknown
6033,未采取《中华人民共和国职业病防治法》第二十条规定的职业病防治管理措施,Unknown
6034,未按照规定公布有关职业病防治的规章制度、操作规程、职业病危害事故应急救援措施,Unknown
6035,未按照规定组织劳动者进行职业卫生培训，或者未对劳动者个人职业病防护采取指导、督促措施,Unknown
6036,国内首次使用或者首次进口与职业病危害有关的化学材料，未按照规定报送毒性鉴定资料以及经有关部门登记注册或者批准进口的文件,Unknown
6037,拒绝放射工作人员查阅、复印其个人剂量监测档案和职业健康监护档案的颜色,Unknown
6038,直接用于生产、销售该项产品的原辅材料,Unknown
6039,包装物,Unknown
6040,生产工具,Unknown
6041,对房地产经纪机构擅自划转客户交易结算资金的处罚,Unknown
6042,《房地产经纪管理办法》,Unknown
6043,违反本办法第二十四条,Unknown
6044,房地产交易当事人,Unknown
6045,由房地产经纪机构代收代付交易资金,Unknown
6046,房地产经纪机构在银行开设的客户交易结算资金专用存款账户,Unknown
6047,客户交易结算资金,Unknown
6048,西安市互联网信息办公室行驶,Unknown
6049,擅自从事经营性互联网文化活动,Unknown
6050,责令停止经营性互联网文化活动,Unknown
6051,并处30000元以下罚款,Unknown
6052,拒不停止经营活动,Unknown
6053,依法列入文化市场黑名单,Unknown
6054,予以信用惩戒,Unknown
6055,互联网文化管理暂行规定,Unknown
6056,未经批准擅自从事经营性互联网文化活动的行政处罚,Unknown
6057,水路运输、船舶管理业务经营者,Unknown
6058,许可,Unknown
6059,许可条件,Unknown
6060,经营许可,Unknown
6061,违反规定,Unknown
6062,鸡,Unknown
6063,家禽家畜,Unknown
6064,鸭,Unknown
6065,鹅,Unknown
6066,兔,Unknown
6067,猪,Unknown
6068,羊,Unknown
6069,《陕西省城市市容环境卫生条例》(2010修正),Unknown
6070,城区,Unknown
6071,近郊居民区,Unknown
6072,责令限期处理,Unknown
6073,违法饲养家禽家畜,Unknown
6074,"""抵押权首次登记""",Unknown
6075,未进行型式试验的,Unknown
6076,处三万元以上三十万元以下罚款,Unknown
6077,城镇排水与污水处理设施维护运营单位,Unknown
6078,本单位应急预案,Unknown
6079,防护措施,Unknown
6080,事故抢修,Unknown
6081,职业中介机构,Unknown
6082,无合法证照的用人单位,Unknown
6083,职业健康检查机构,Unknown
6084,职业健康检查工作,Unknown
6085,加强,Unknown
6086,能源利用状况报告,Unknown
6087,节能管理制度不健全,Unknown
6088,节能措施不落实,Unknown
6089,能源利用效率低,Unknown
6090,保修义务,Unknown
6091,《公路水运工程质量监督管理规定》,Unknown
6092,因质量问题造成的损失承担赔偿责任,Unknown
6093,返工处理,Unknown
6094,10万元以上 20万元以下,Unknown
6095,1万元以上 3万元以下,Unknown
6096,对水利领域勘察单位未按照工程建设强制性标准进行勘察,Unknown
6097,设计单位未根据勘察成果文件进行工程设计,Unknown
6098,未按照工程建设强制性标准进行设计,Unknown
6099,设计单位指定建筑材料、建筑构配件的生产厂、供应商行为,Unknown
6100,伪造、变造或者出租、出借、转让安全使用许可证,Unknown
6101,使用伪造、变造的安全使用许可证,Unknown
6102,伪造、倒卖、转让采集证、允许进出口证明书或者有关批准文件、标签行为,Unknown
6103,野生植物行政主管部门或者工商行政管理部门,Unknown
6104,收缴,Unknown
6105,《中华人民共和国产品质量法》,Unknown
6106,拒绝接受依法进行的产品质量监督检查的处罚规定,Unknown
6107,拒绝接受依法进行的产品质量监督检查行为,Unknown
6108,国防交通工程设施建设项目,Unknown
6109,国防交通工程设施建设项目竣工验收,Unknown
6110,国防交通处,Unknown
6111,《中华人民共和国国防交通法》,Unknown
6112,《国防交通条例》,Unknown
6113,县级以上人民政府国防交通主管机构,Unknown
6114,有关军事机关,Unknown
6115,县级以上人民政府国防交通主管机构关于交通工程设施建设情况,Unknown
6116,国防交通工程设施建设项目和有关贯彻国防要求建设项目,Unknown
6117,金融机构营业场所,Unknown
6118,金库,Unknown
6119,二、三级风险金融机构营业场所,Unknown
6120,二、三级风险金库,Unknown
6121,经济保卫支队,Unknown
6122,《建设工程勘察设计管理条例》,Unknown
6123,2000年9月25日,Unknown
6124,2017年10月7日,Unknown
6125,建设工程勘察、设计文件,Unknown
6126,项目批准文件,Unknown
6127,城乡规划及专业规划,Unknown
6128,国家规定的建设工程勘察、设计深度要求,Unknown
6129,勘察、设计单位,Unknown
6130,处10万元以上30万元以下的罚款,Unknown
6131,吊销资质证书,Unknown
6132,对驾驶擅自改装的车辆上道路行驶的处罚,Unknown
6133,《西安市道路交通安全条例》,Unknown
6134,"驾驶擅自改装的机动车辆上道路行驶的,对机动车驾驶人处二百元以上一千元以下罚款",Unknown
6135,《中华人民共和国土地管理法》(2019年修正,Unknown
6136,机动车维修质量纠纷调解,Unknown
6137,对破坏集会、游行、示威的处罚,Unknown
6138,十五日以下拘留,Unknown
6139,对违反药品网络销售企业展示的药品相关信息应当真实、准确、合法,Unknown
6140,"从事处方药销售的药品网络零售企业,应当在每个药品展示页面下突出显示""处方药须凭处方在药师指导下购买和使用""等风险警示信息",Unknown
6141,"处方药销售前,应当向消费者充分告知相关风险警示信息，并经消费者确认知情",Unknown
6142,"药品网络零售企业,应当将处方药与非处方药区分展示，并在相关网页上显著标示处方药、非处方药",Unknown
6143,药品网络零售企业在处方药销售主页面、首页面不得直接公开展示处方药包装、标签等信息,Unknown
6144,"通过处方审核前,不得展示说明书等信息，不得提供处方药购买的相关服务",Unknown
6145,道路危险货物运输企业或者单位以及托运人,Unknown
6146,驾驶人员、装卸管理人员、押运人员,Unknown
6147,托运人,Unknown
6148,所托运的危险化学品的种类、数量、危险特性以及发生危险情况的应急处置措施,Unknown
6149,所托运的危险化学品妥善包装并在外包装上设置相应标志,Unknown
6150,危险化学品的危险特性采取相应的安全防护措施,Unknown
6151,必要的防护用品和应急救援器材,Unknown
6152,抑制剂或者稳定剂,Unknown
6153,"道路危险货物运输企业或者单位以及托运人,进行处罚",Unknown
6154,药品零售企业筹建审批,Unknown
6155,拟办企业所在地设区的市级药品监督管理机构或者省、自治区、直辖市人民政府药品监督管理部门直接设置的县级药品监督管理机构,Unknown
6156,开办药品零售企业,Unknown
6157,药品监督管理机构,Unknown
6158,对未取得采矿许可证擅自采矿,Unknown
6159,擅自进入国家规划矿区,Unknown
6160,对国民经济具有重要价值的矿区范围采矿,Unknown
6161,他人矿区范围内采矿,Unknown
6162,擅自开采国家规定实行保护性开采的特定矿种,Unknown
6163,拒绝、阻挠农业主管部门依法实施监督检查的,Unknown
6164,处二千元以上五万元以下罚款,Unknown
6165,农业农村、林业草原主管部门,Unknown
6166,种子行政执法机关,Unknown
6167,种子执法人员,Unknown
6168,公务,Unknown
6169,生产经营场所,Unknown
6170,有关合同、票据、账簿、生产经营档案及其他有关资料,Unknown
6171,违法生产经营的种子,Unknown
6172,用于违法生产经营的工具、设备及运输工具等,Unknown
6173,违法从事种子生产经营活动的场所,Unknown
6174,综合执法机构或者受其委托的种子管理机构,Unknown
6175,种子执法相关工作,Unknown
6176,违反设施技术规范设置户外广告的行为,Unknown
6177,设施技术规范设置户外广告,Unknown
6178,食用或者为食用非法购买本法规定保护的野生动物及其制品,Unknown
6179,生产、经营使用国家重点保护野生动物及其制品或者没有合法来源证明的非国家重点保护野生动物及其制品制作食品,Unknown
6180,为食用非法购买国家重点保护的野生动物及其制品行为,Unknown
6181,《陕西省爱国卫生条例》第三十三条,Unknown
6182,条例内容,Unknown
6183,第二十四条第三款,Unknown
6184,生产、销售和使用国家禁止用于环境卫生的急性剧毒杀鼠药剂,Unknown
6185,陕西省固体废物污染环境防治条例,Unknown
6186,违反本条例第三十八条、第三十九条规定,Unknown
6187,擅自倾倒、堆放、丢弃、遗撒工业固体废物,Unknown
6188,未采取相应防范措施,Unknown
6189,统计局,Unknown
6190,造成工业固体废物扬散、流失、渗漏或者其他环境污染,Unknown
6191,为赌博提供条件,Unknown
6192,参与赌博,Unknown
6193,其他单位,Unknown
6194,登记保存,Unknown
6195,当事人销毁或转移证据,Unknown
6196,义务,Unknown
6197,人身健康,Unknown
6198,公共安全,Unknown
6199,环境资源,Unknown
6200,城管执法部门,Unknown
6201,涉嫌违法的工具、物品,Unknown
6202,西安市城市管理综合行政执法条例,Unknown
6203,对垃圾收集容器不密闭、乱摆乱放的行政处罚,Unknown
6204,各类垃圾收集容器,Unknown
6205,完善密闭设施,Unknown
6206,随时清扫落地垃圾,Unknown
6207,保持场地清洁,Unknown
6208,及时密闭垃圾收集容器,Unknown
6209,保持垃圾收集容器的整洁完好,Unknown
6210,垃圾收集容器不密闭、乱摆乱放,Unknown
6211,处50元以上500元以下罚款,Unknown
6212,"组织清理,违反本条例规定",Unknown
6213,"所需费用,违反本条例规定",Unknown
6214,外国人非法居留,Unknown
6215,监护人或者其他负有监护责任的人,Unknown
6216,《中华人民共和国出境入境管理法》第78条,Unknown
6217,对外国人非法居留的处罚,Unknown
6218,碘盐加工,Unknown
6219,碘盐运输,Unknown
6220,碘盐储存,Unknown
6221,碘盐销售,Unknown
6222,《食盐加碘消除碘缺乏危害管理条例》,Unknown
6223,国务院令第163号,Unknown
6224,国务院令第678号,Unknown
6225,《陕西省实施<食盐加碘消除碘缺乏危害管理条例>办法》,Unknown
6226,陕西省人民政府令第40号,Unknown
6227,陕西省人民政府令第148号,Unknown
6228,对损毁古树名木标志、保护牌等设施的行政处罚,Unknown
6229,县级以上古树名木行政主管部门,Unknown
6230,损毁古树名木标志、保护牌等设施的行为,Unknown
6231,损毁古树名木标志和其他附属设施的行为,Unknown
6232,生产列入目录产品的企业,Unknown
6233,核查人员,Unknown
6234,检验机构,Unknown
6235,检验人员,Unknown
6236,对排污单位伪造、变造、转让排污许可证的行政处罚,Unknown
6237,没收相关证件或者吊销排污许可证,Unknown
6238,伪造、变造、转让排污许可证,Unknown
6239,《娱乐场所管理条例》规定悬挂警示标志、未成年人禁入或者限入标志,Unknown
6240,法定职权责令改正,Unknown
6241,《西安市扬尘污染防治条例》(2020修正),Unknown
6242,《西安市扬尘污染防治条例》(2020修正,Unknown
6243,不具备采取相应措施条件的施工单位,Unknown
6244,违反本条例的施工单位,Unknown
6245,未按照劳动合同的约定或者国家规定及时足额支付劳动者劳动报酬,Unknown
6246,低于当地最低工资标准支付劳动者工资,Unknown
6247,安排加班不支付加班费,Unknown
6248,未依法向劳动者支付经济补偿,Unknown
6249,责令改正后拒不改正的处罚,Unknown
6250,制造噪声,Unknown
6251,他人正常生活,Unknown
6252,第五十八条,Unknown
6253,对医疗卫生机构未按照规定备案开展职业病诊断的处罚,Unknown
6254,《职业病诊断与鉴定管理办法》,Unknown
6255,国家卫生健康委员会,Unknown
6256,医疗卫生机构未按照规定备案开展职业病诊断的处罚,Unknown
6257,城市绿地建设处,Unknown
6258,《西安市城市绿化条例》(2020修正),Unknown
6259,违反本条例第二十三条规定,Unknown
6260,未达到覆土厚度要求,Unknown
6261,乔木正常生长,Unknown
6262,非营利组织免税资格认定,Unknown
6263,处5000元以上3万元以下罚款,Unknown
6264,送餐人员食品安全培训和管理,Unknown
6265,入网餐饮服务提供者,Unknown
6266,送餐单位,Unknown
6267,送餐人员,Unknown
6268,培训记录,Unknown
6269,未经登记或者渔业船舶登记证书失效航行和作业的,Unknown
6270,未按规定配备船员的,Unknown
6271,未按规定配备合格的消防、救生和信号设备的,Unknown
6272,《陕西省渔业船舶管理办法》,Unknown
6273,陕西省人民政府令第159号公布,Unknown
6274,2012年7月1日起施行,Unknown
6275,业主单位或者其委托的从事建设项目水资源论证工作的单位,Unknown
6276,建设项目水资源论证管理办法,Unknown
6277,取水申请批准文件或者取水许可证,Unknown
6278,国务院令第253号,Unknown
6279,建设项目所在地县级以上环境保护行政主管部门,Unknown
6280,"""小型水库除险加固竣工验收""",Unknown
6281,"""西安市水务局""",Unknown
6282,"""建设与运行管理处""",Unknown
6283,陕西省文物保护条例（2019修正）,Unknown
6284,交换、出馆展览馆藏文物,Unknown
6285,国有文物收藏单位之间交换馆藏文物,Unknown
6286,第四十条,Unknown
6287,省文物行政主管部门,Unknown
6288,博物馆、纪念馆、图书馆、文化馆等文物收藏单位,Unknown
6289,《西安市保护消费者合法权益条例》,Unknown
6290,供水,Unknown
6291,消费者,Unknown
6292,邮政,Unknown
6293,电信,Unknown
6294,交通运输,Unknown
6295,公用企业、事业单位和其他依法具有独占地位的经营者,Unknown
6296,市市场监督管理部门,Unknown
6297,"依据,《西安市保护消费者合法权益条例》",Unknown
6298,二次供水单位,Unknown
6299,清洗消毒,Unknown
6300,西安市生活饮用水二次供水管理和卫生监督规定,Unknown
6301,5000元以上20000元以下,Unknown
6302,房屋建筑和市政基础设施工程竣工验收备案,Unknown
6303,质安处,Unknown
6304,《房屋建筑和市政工程基础设施工程竣工验收备案管理办法》,Unknown
6305,"实施依据,《建设工程质量管理条例》",Unknown
6306,"依照本办法规定,向工程所在地的县级以上地方人民政府建设主管部门备案,实施依据,《房屋建筑和市政工程基础设施工程竣工验收备案管理办法》",Unknown
6307,"实施依据,《陕西省建设工程质量和安全生产管理条例》",Unknown
6308,县级以上住房城乡建设行政主管部门,Unknown
6309,不可移动文物修缮审批,Unknown
6310,研制新兽药不具备规定的条件擅自使用一类病原微生物或者在实验室阶段前未经批准,Unknown
6311,对研制新兽药不具备规定的条件擅自使用一类病原微生物或者在实验室阶段前未经批准的行政处罚,Unknown
6312,《兽药管理条例》规定的行政处罚,Unknown
6313,吊销兽药生产许可证、兽药经营许可证、撤销兽药批准证明文件或者责令停止兽药研究试验,Unknown
6314,未经许可违法从事危险化学品生产、经营活动的企业,Unknown
6315,工商行政部门,Unknown
6316,危险化学品经营许可证,Unknown
6317,违法经营的农药,Unknown
6318,用于违法经营的工具、设备等,Unknown
6319,《野生药材资源保护管理条例》第十三条,Unknown
6320,《野生药材资源保护管理条例》第十四条,Unknown
6321,《野生药材资源保护管理条例》第十五条,Unknown
6322,机动车违反载客规定的地点,Unknown
6323,对水利领域招标人,Unknown
6324,依法必须进行招标的项目,Unknown
6325,"自行确定中标人等行为,受到",Unknown
6326,书面结论文件,Unknown
6327,签名,Unknown
6328,盖章,Unknown
6329,社会消防技术服务机构管理规定,Unknown
6330,公安部令第129号,Unknown
6331,电熔制品电炉的水冷设备失效,Unknown
6332,在市场上销售,Unknown
6333,医疗机构将其配制的制剂在市场上销售的处罚,Unknown
6334,违法销售的制剂和违法所得,Unknown
6335,违法销售制剂货值金额,Unknown
6336,情节严重的货值金额,Unknown
6337,货值金额不足五万元的,Unknown
6338,日用玻璃制造企业玻璃窑炉的冷却保护系统,Unknown
6339,监测报警装置,Unknown
6340,轻工企业,Unknown
6341,对其直接负责的主管人员和其他直接责任人员,Unknown
6342,一万元以上二万元以下的罚款,Unknown
6343,档案及其复制件出境审批,Unknown
6344,应急值班制度,Unknown
6345,应急值班人员,Unknown
6346,县级以上人民政府及其负有安全生产监督管理职责的部门,Unknown
6347,危险物品的生产,Unknown
6348,"储存,运输单位以及矿山,金属冶炼,城市轨道交通运营,建筑施工单位,应当建立,应急值班制度",Unknown
6349,应急救援队伍,Unknown
6350,规模较大,Unknown
6351,"易燃易爆物品,危险化学品等危险物品的生产,经营,储存,运输单位,应当成立,应急处置技术组",Unknown
6352,实行,Unknown
6353,24小时应急值班,Unknown
6354,县级以上人民政府负有安全生产监督管理职责的部门,Unknown
6355,2022年,Unknown
6356,未经查验或者查验不合格的节能材料、产品,Unknown
6357,教师工作处,Unknown
6358,中华人民共和国教师法,Unknown
6359,教师,Unknown
6360,有重大贡献的教师,Unknown
6361,地方各级人民政府及其有关部门,Unknown
6362,有突出贡献的教师,Unknown
6363,小微型客车租赁经营者,Unknown
6364,《小微型客车租赁经营服务管理办法》,Unknown
6365,小微型客车租赁行政主管部门,Unknown
6366,"导致,行政处罚",Unknown
6367,互联网平台经营者,Unknown
6368,保存利用其信息服务发布广告的用户真实身份信息,Unknown
6369,利用其信息服务发布的广告内容,Unknown
6370,排查,Unknown
6371,发现,Unknown
6372,应当采取通知改正,Unknown
6373,应当采取删除,Unknown
6374,应当采取屏蔽,Unknown
6375,应当采取断开发布链接,Unknown
6376,应当,Unknown
6377,保留相关记录,Unknown
6378,有效的投诉、举报受理和处置机制,Unknown
6379,设置,Unknown
6380,投诉举报入口,Unknown
6381,及时受理和处理投诉举报,Unknown
6382,不得,Unknown
6383,或者其他手段阻挠、妨碍市场监督管理部门开展广告监测,Unknown
6384,调查互联网广告违法行为,Unknown
6385,根据,Unknown
6386,及时采取技术手段保存涉嫌违法广告的证据材料,Unknown
6387,如实提供,Unknown
6388,广告修改记录以及相关商品或者服务的交易信息,Unknown
6389,车容整洁美观,Unknown
6390,沿途抛撒杂物,Unknown
6391,运载砂石、泥土及其他散装物品或液体的车辆,Unknown
6392,密闭、覆盖或者采取其他措施防止泄漏遗撒,Unknown
6393,运输垃圾的车辆,Unknown
6394,密闭、覆盖,Unknown
6395,规定的时间、路线行驶,Unknown
6396,城市管理部门指定的垃圾消纳场,Unknown
6397,将运载的砂石、泥土、垃圾及其他散装物品和液体沿途泄漏遗撒的行为,Unknown
6398,违反《西安市城市市容和环境卫生管理条例》的行为,Unknown
6399,2000元以上10000元以下,Unknown
6400,吊装,Unknown
6401,动火,Unknown
6402,临时用电,Unknown
6403,其他危险作业,Unknown
6404,网络交易平台经营者,Unknown
6405,平台内经营者出具网络经营场所相关材料,Unknown
6406,《矿产资源勘查区块登记管理办法》,Unknown
6407,《陕西省矿产资源管理条例》,Unknown
6408,1999年11月30日陕西省第九届人民代表大会常务委员会第十二次会议,Unknown
6409,2020年6月陕西省人民代表大会常务委员会,Unknown
6410,对从境外进口或者向境外出口艺术品，未按照《艺术品经营管理办法》规定办理相关手续行为的行政处罚,Unknown
6411,印刷企业,Unknown
6412,注册商标标识,Unknown
6413,广告宣传品,Unknown
6414,印刷品,Unknown
6415,违法经营额5倍以上10倍以下,Unknown
6416,第315号,Unknown
6417,第732号,Unknown
6418,不得与强制性认证标志相同或者近似,Unknown
6419,不得妨碍社会管理秩序,Unknown
6420,不得将公众熟知的社会公共资源作为组成部分,Unknown
6421,不得将容易误导公众的文字作为组成部分,Unknown
6422,其他法律规定的行政处罚,Unknown
6423,"对水利领域中标人不履行与招标人订立的合同,不按照与招标人订立的合同履行义务等行为的行政处罚",Unknown
6424,改装,Unknown
6425,迁移,Unknown
6426,连接供热,Unknown
6427,连接燃气管道设施,Unknown
6428,大件运输车辆的监督检查,Unknown
6429,《超限运输车辆行驶公路管理规定》,Unknown
6430,大件运输车辆应当随车携带有效的《超限运输车辆通行证》，主动接受公路管理机构的监督检查,Unknown
6431,农业机械维修者,Unknown
6432,维修记录,Unknown
6433,年度维修情况统计表,Unknown
6434,农业机械化主管部门,Unknown
6435,《农业机械维修管理规定》,Unknown
6436,《再生资源回收管理办法》,Unknown
6437,制定和实施全国范围内再生资源回收的产业政策,Unknown
6438,制定和实施全国范围内再生资源回收的回收标准,Unknown
6439,制定和实施全国范围内再生资源回收行业发展规划,Unknown
6440,制定和实施本行政区域内具体的行业发展规划和其他具体措施,Unknown
6441,负责管理再生资源回收行业的机构,Unknown
6442,相应人员,Unknown
6443,县级以上城市商务主管部门,Unknown
6444,发展改革（经贸）、公安、工商、环保、建设、城乡规划等行政管理部门,Unknown
6445,再生资源回收网点规划,Unknown
6446,本地经济发展水平、人口密度、环境和资源等具体情况,Unknown
6447,再生资源回收网点,Unknown
6448,社区回收、中转、集散、加工处理等回收过程中再生资源停留的各类场所,Unknown
6449,外国留学人员在中国境内参加考古调查、勘探、发掘的审核,Unknown
6450,西安市文物保护考古研究院,Unknown
6451,《中华人民共和国考古涉外工作管理办法》,Unknown
6452,外国留学人员,Unknown
6453,考古调查、勘探、发掘活动,Unknown
6454,西安市人民政府办公厅,Unknown
6455,《西安市人民政府办公厅关于做好中省下放行政审批项目承接工作的通知》,Unknown
6456,市文物局所属的考古调查、勘探、发掘单位,Unknown
6457,《陕西省农村集体资产管理条例》(2010年5月修正),Unknown
6458,污染,Unknown
6459,十万元以上一百万元以下,Unknown
6460,有治理能力的单位代为治理,Unknown
6461,治理费用,Unknown
6462,责令停业,Unknown
6463,城市饮用水地下水源二级保护区,Unknown
6464,设置无防渗漏设施的城市垃圾、工业废渣、粪便和其他有毒有害废弃物的消纳场所,Unknown
6465,城市饮用水地表水源准保护区,Unknown
6466,倾倒、排放含有汞、镉、铬、砷、铅、镍、苯并芘、氰化物、黄磷等可溶性剧毒废渣和污水,Unknown
6467,排放油类、酸液、碱液及其他剧毒废液和含放射性物质的废水,Unknown
6468,《西安市黑河引水系统保护条例》,Unknown
6469,如实反映,Unknown
6470,提供资料,Unknown
6471,拒绝或者妨碍检查人员执行公务,Unknown
6472,对管辖范围内的排污单位进行检查,Unknown
6473,如实反映情况,Unknown
6474,提供必要的资料,Unknown
6475,加强黑河引水系统水污染的防治与监督检查,Unknown
6476,黑河引水系统水污染,Unknown
6477,防治与监督检查,Unknown
6478,报废机动车回收企业,Unknown
6479,治安检查,Unknown
6480,治安管理,Unknown
6481,所在地市、县公安局、城市公安分局,Unknown
6482,权利人查询,Unknown
6483,西安市不动产信息档案管理中心,Unknown
6484,中华人民共和国主席令第45号,Unknown
6485,不动产登记资料查询暂行办法,Unknown
6486,国土资源部令第80号,Unknown
6487,国务院国土资源主管部门,Unknown
6488,不动产登记工作,Unknown
6489,上级人民政府不动产登记主管部门,Unknown
6490,上级人民政府不动产登记主管部门的指导,Unknown
6491,权利人,Unknown
6492,不动产登记资料,Unknown
6493,利害关系人,Unknown
6494,有关国家机关,Unknown
6495,县级以上人民政府不动产登记机构,Unknown
6496,不动产登记资料查询管理工作,Unknown
6497,侵犯植物新品种权纠纷调解,Unknown
6498,"对侵犯植物新品种权所造成的损害赔偿可以进行调解,实施依据",Unknown
6499,植物新品种权所有人或者利害关系人,Unknown
6500,人民法院提起诉讼,Unknown
6501,对伪造、盗用、倒卖强制检定印、证的行政处罚,Unknown
6502,伪造、盗用、倒卖强制检定印、证的,Unknown
6503,没收其非法检定印、证和全部违法所得,Unknown
6504,可并处2000元以下的罚款,Unknown
6505,对企业环境信息依法披露活动的行政检查,Unknown
6506,生态环境部令第24号公布,Unknown
6507,国家安全生产监督管理总局令第93号公布,Unknown
6508,被责令改正,Unknown
6509,被处一万元以上三万元以下的罚款,Unknown
6510,对其直接负责的主管人员和其他直接责任人员处五千元以上一万元以下的罚款,Unknown
6511,行为之一,Unknown
6512,对工(库,Unknown
6513,拒绝、阻挠受安全生产监督管理部门委托的专业技术服务机构开展检验、检测,Unknown
6514,危险化学品安全监管处（行政审批处）,Unknown
6515,市安全生产宣传教育中心,Unknown
6516,国家教育考试违纪作弊行为处罚,Unknown
6517,市教育考试中心,Unknown
6518,代征绿地移交,Unknown
6519,代征绿地,Unknown
6520,代征绿地用地审批,Unknown
6521,土地登记,Unknown
6522,绿化任务,Unknown
6523,政府储备项目或建设单位,Unknown
6524,将已完成征地补偿、拆迁安置、达到土地平整条件的代征绿地移交城市管理部门,Unknown
6525,集体建设用地使用权及房屋所有权变更登记,Unknown
6526,处3000元以上1万元以下的罚款,Unknown
6527,道路货物运输经营者,Unknown
6528,处1000元以上3000元以下的罚款,Unknown
6529,《道路货物运输及站场管理规定》,Unknown
6530,未经许可擅自经营劳务派遣业务,Unknown
6531,对未经许可擅自经营劳务派遣业务的处罚,Unknown
6532,《劳务派遣行政许可实施办法》,Unknown
6533,陕西省物业服务管理条例（2021年修订）,Unknown
6534,物业服务区域内,Unknown
6535,擅自变动房屋建筑主体和承重结构,Unknown
6536,改变房屋外貌或者在外墙体开设、扩大门窗,Unknown
6537,一千元以上一万元以下,Unknown
6538,五万元以上十万元以下,Unknown
6539,生态环境部政策,Unknown
6540,基层法律服务工作者执业核准,Unknown
6541,人民参与和促进法治处,Unknown
6542,国务院令412号,Unknown
6543,省级或其授权的下一级人民政府司法行政主管部门,Unknown
6544,设区的市级人民政府司法行政部门,Unknown
6545,国务院关于第六批取消和调整行政审批项目的决定,Unknown
6546,相关规划,Unknown
6547,国家规定的勘察、设计深度要求,Unknown
6548,第九条,Unknown
6549,通过自建网站交易的食品生产经营者,Unknown
6550,第三十条,Unknown
6551,网络食品交易第三方平台提供者和通过自建网站交易的食品生产经营者,Unknown
6552,动物诊疗场所,Unknown
6553,规定条件,Unknown
6554,商品房买卖合同网签备案,Unknown
6555,《中华人民共和国城市房地产管理法》(2019年修正),Unknown
6556,《城市商品房预售管理办法》(1994年11月15日建设部令第40号发布,Unknown
6557,"实施依据,商品房买卖合同网签备案",Unknown
6558,商品房预售人,Unknown
6559,商品房预售合同,Unknown
6560,开发企业,Unknown
6561,"向房地产管理部门和市、县人民政府土地管理部门办理商品房预售合同登记备案手续,商品房预售合同",Unknown
6562,县级以上自然资源主管部门,Unknown
6563,矿山地质环境治理恢复基金,Unknown
6564,颁发采矿许可证的自然资源主管部门,Unknown
6565,其采矿活动年度报告,Unknown
6566,其采矿权延续变更申请,Unknown
6567,《矿山地质环境保护规定》,Unknown
6568,未按规定计提矿山地质环境治理恢复基金的行政处罚,Unknown
6569,擅自安装、使用电网,Unknown
6570,安装、使用电网不符合安全规定,Unknown
6571,未取得处方权的人员,Unknown
6572,被取消处方权的医师,Unknown
6573,未取得麻醉药品和第一类精神药品处方资格的医师,Unknown
6574,未取得药学专业技术职务任职资格的人员,Unknown
6575,2007年5月1日,Unknown
6576,2022年3月29日,Unknown
6577,对参加突发事件应急处理作出贡献的人员表彰奖励,Unknown
6578,卫生应急办公室,Unknown
6579,《突发公共卫生事件应急条例》,Unknown
6580,国务院令第376号公布,Unknown
6581,"2011年1月8日由,国务院令第588号修订",Unknown
6582,县级以上各级人民政府及其卫生行政主管部门,Unknown
6583,"参加突发事件应急处理的医疗卫生人员,给予适当补助和保健津贴",Unknown
6584,"参加突发事件应急处理作出贡献的人员,给予表彰和奖励",Unknown
6585,"因参与应急处理工作致病、致残、死亡的人员,给予相应的补助和抚恤",Unknown
6586,依法收回国有土地使用权当事人拒不交出土地,Unknown
6587,临时使用土地期满拒不归还土地,Unknown
6588,不按照批准的用途使用国土地,Unknown
6589,从事含消耗臭氧层物质的制冷设备,Unknown
6590,对消耗臭氧层物质进行回收,Unknown
6591,所在地生态环境主管部门,Unknown
6592,责令停产整治或者停业整治,Unknown
6593,《消耗臭氧层物质管理条例》,Unknown
6594,《中华人民共和国招标投标法》（2017年修正）,Unknown
6595,必须进行招标的项目而不招标的,Unknown
6596,必须进行招标的项目化整为零或者以其他任何方式规避招标的,Unknown
6597,项目合同金额千分之五以上千分之十以下的罚款,Unknown
6598,全部或者部分使用国有资金的项目,Unknown
6599,暂停项目执行或者暂停资金拨付,Unknown
6600,《中华人民共和国粮食安全保障法》,Unknown
6601,县级以上人民政府有关部门,Unknown
6602,学校教学建筑,Unknown
6603,环境噪声,Unknown
6604,室内微小气候,Unknown
6605,采光,Unknown
6606,照明,Unknown
6607,黑板,Unknown
6608,符合国家有关标准,Unknown
6609,课桌椅,Unknown
6610,厕所,Unknown
6611,符合有关规定,Unknown
6612,洗手设施,Unknown
6613,洗漱,Unknown
6614,寄宿制学校学生,Unknown
6615,洗澡,Unknown
6616,饮用水,Unknown
6617,符合卫生标准,Unknown
6618,体育场地,Unknown
6619,卫生和安全要求,Unknown
6620,器材,Unknown
6621,运动项目,Unknown
6622,学生生理承受能力,Unknown
6623,运动强度,Unknown
6624,学生体质健康状况,Unknown
6625,国家教育委员会,Unknown
6626,第六条第一款,Unknown
6627,第七条,Unknown
6628,伪造,Unknown
6629,对伪造、倒卖、转让农业部门颁发的采集证、允许进出口证明书或者有关批准文件、标签的行为,Unknown
6630,对伪造、倒卖、转让农业部门颁发的采集证、允许进出口证明书或者有关批准文件、标签的行政惩罚,Unknown
6631,野生植物行政主管部门或者工商行政管理部门按照职责分工收缴,Unknown
6632,5万元以下的罚款,Unknown
6633,林业行政主管部门,Unknown
6634,野生植物保护的综合协调管理工作,Unknown
6635,草原上的野生植物保护管理工作,Unknown
6636,《中华人民共和国民办教育促进法》,Unknown
6637,对学校决策机构负责人、校长及直接责任人予以警告,Unknown
6638,责令停止招生,Unknown
6639,吊销办学许可证,Unknown
6640,1至5年内不得新成为民办学校决策机构负责人或者校长,Unknown
6641,永久不得新成为民办学校决策机构负责人或者校长,Unknown
6642,《农药广告审查发布规定》,Unknown
6643,广告法,Unknown
6644,其他法律法规,Unknown
6645,负有责任的广告主,Unknown
6646,违法所得三倍以下但不超过三万元,Unknown
6647,中国烹饪协会,Unknown
6648,市场主体未按规定办理变更登记的行政处罚,Unknown
6649,市场主体登记管理条例,Unknown
6650,市场主体,Unknown
6651,中华人民共和国市场主体登记管理条例,Unknown
6652,2022-03-01,Unknown
6653,未依照本条例办理变更登记,Unknown
6654,市场主体登记管理条例实施细则,Unknown
6655,未取得营业执照擅自从事房地产中介服务业务行为,Unknown
6656,县级以上人民政府工商行政管理部门,Unknown
6657,房地产中介服务业务活动,Unknown
6658,设立房地产中介服务机构,Unknown
6659,工商行政管理部门申请设立登记,Unknown
6660,领取营业执照,Unknown
6661,开业,Unknown
6662,对出租无房屋所有权证或者其他合法权属证明,Unknown
6663,共有房屋未取得其他共有人同意,Unknown
6664,房屋权属有争议,Unknown
6665,属于违法、违章建筑,Unknown
6666,不符合房屋安全标准的,Unknown
6667,已抵押而未经抵押权人同意的处罚,Unknown
6668,《中华人民共和国工业产品生产许可证管理条例》,Unknown
6669,工业产品生产许可证主管部门,Unknown
6670,检验结论,Unknown
6671,虚假证明,Unknown
6672,检验资格,Unknown
6673,烧毛,Unknown
6674,开幅,Unknown
6675,烘干,Unknown
6676,热定型工艺,Unknown
6677,汽化室,Unknown
6678,加工工艺,Unknown
6679,燃气贮罐,Unknown
6680,储油罐,Unknown
6681,热媒炉,Unknown
6682,生产加工等人员聚集场所,Unknown
6683,金融合作处,Unknown
6684,《金融企业财务规则》（2006年财政部令第42号）,Unknown
6685,县级以上人民政府环境保护主管部门和其他有关部门,Unknown
6686,放射性废物处理、贮存和处置等活动,Unknown
6687,《放射性废物安全管理条例》,Unknown
6688,《中华人民共和国放射性污染防治法》,Unknown
6689,举办该项目的中国教育机构,Unknown
6690,中外合作职业技能培训办学项目,Unknown
6691,剩余违法所得,Unknown
6692,违法所得3倍以下且总额3万元以下的罚款,Unknown
6693,未按照城市生活垃圾治理规划和环境卫生设施标准配套建设城市生活垃圾收集设施,Unknown
6694,本办法第十条,Unknown
6695,相关实验活动,Unknown
6696,将病原微生物菌（毒）种和样本就地销毁或者送交保藏机构保管,Unknown
6697,从事高致病性病原微生物相关实验活动,Unknown
6698,论证,Unknown
6699,擅自从事在我国尚未发现或者已经宣布消灭的病原微生物相关实验活动,Unknown
6700,从事在我国尚未发现或者已经宣布消灭的病原微生物相关实验活动,Unknown
6701,同时从事两种或者两种以上高致病性病原微生物的相关实验活动,Unknown
6702,"科技教育处,实施",Unknown
6703,实验室所在地的设区的市级以上地方人民政府卫生主管部门、兽医主管部门,Unknown
6704,有关单位立即停止违法活动,Unknown
6705,病原微生物销毁或者送交保藏机构,Unknown
6706,有关许可证件,Unknown
6707,吊销,Unknown
6708,集体建设用地使用权及房屋所有权首次登记,Unknown
6709,建筑区划内依法属于业主共有的道路,Unknown
6710,业主共有,Unknown
6711,建筑区划内依法属于业主共有的绿地,Unknown
6712,建筑区划内依法属于业主共有的其他公共场所,Unknown
6713,建筑区划内依法属于业主共有的公用设施,Unknown
6714,建筑区划内依法属于业主共有的物业服务用房,Unknown
6715,建设用地使用权,Unknown
6716,电力设施保护条例,Unknown
6717,陕西省电力设施和电能保护条例,Unknown
6718,表彰或一次性物质奖励,Unknown
6719,任何单位或个人,Unknown
6720,下列行为之一,Unknown
6721,破坏电力设施或哄抢、盗窃电力设施器材的行为检举、揭发,Unknown
6722,有功,Unknown
6723,破坏电力设施或哄抢、盗窃电力设施器材的行为进行斗争,Unknown
6724,有效地防止事故发生,Unknown
6725,为保护电力设施而同自然灾害作斗争,Unknown
6726,成绩突出,Unknown
6727,为维护电力设施安全,Unknown
6728,"行为,成绩",Unknown
6729,县级以上人民政府及有关部门,Unknown
6730,古生物化石保护条例,Unknown
6731,古生物化石保护工作,Unknown
6732,本级财政预算,Unknown
6733,古生物化石保护知识的宣传教育,Unknown
6734,在古生物化石保护工作中做出突出成绩的单位和个人,Unknown
6735,特种设备的设计文件未经鉴定，擅自用于制造行为,Unknown
6736,酒醒,Unknown
6737,对公共租赁住房使用的监督检查,Unknown
6738,保障中心,Unknown
6739,《公共租赁住房管理办法》,Unknown
6740,市、县级人民政府住房保障主管部门,Unknown
6741,公共租赁住房的所有权人及其委托的运营单位,Unknown
6742,承租人使用公共租赁住房的情况进行巡查,Unknown
6743,各级财政部门,Unknown
6744,租赁型保障房资产管理的监督,Unknown
6745,保障性住房管理部门,Unknown
6746,各级财政部门定期对资产使用情况进行专项检查,Unknown
6747,对未经许可经营旅行社业务的行政处罚,Unknown
6748,违反本法规定,Unknown
6749,"由旅游主管部门或者市场监督管理部门责令改正,没收违法所得,并处一万元以上十万元以下罚款",Unknown
6750,违法所得十万元以上,Unknown
6751,并处违法所得一倍以上五倍以下罚款,Unknown
6752,处二千元以上二万元以下罚款,Unknown
6753,控制室或机柜间,Unknown
6754,具有火灾、爆炸危险性装置一侧,Unknown
6755,国家安全监管总局的通知,Unknown
6756,对电子出版物出版活动的监督检查,Unknown
6757,新闻出版总署,Unknown
6758,全国电子出版物出版活动的监督管理工作,Unknown
6759,县级以上地方新闻出版行政部门,Unknown
6760,本行政区域内电子出版物出版活动的监督管理工作,Unknown
6761,国家禁止使用的农业投入品,Unknown
6762,含有国家禁止使用的农药的农产品,Unknown
6763,含有国家禁止使用的兽药的农产品,Unknown
6764,含有其他化合物的农产品,Unknown
6765,病死的动物产品,Unknown
6766,毒死的动物产品,Unknown
6767,死因不明的动物产品,Unknown
6768,水利领域,Unknown
6769,线上线下服务能力或者有严重违法行为,Unknown
6770,相关法律法规规定,Unknown
6771,中华人民共和国国家发展和改革委员会,Unknown
6772,2016年6月30日,Unknown
6773,任何公民,Unknown
6774,"粮油仓储物流设施所在地粮食行政管理部门,责令其限期改正",Unknown
6775,任何法人,Unknown
6776,任何其他组织,Unknown
6777,警告或者罚款,Unknown
6778,民事赔偿责任,Unknown
6779,金属非金属露天矿山,Unknown
6780,自上而下的开采顺序分台阶或者分层开采,Unknown
6781,金属非金属露天矿山重大事故隐患,Unknown
6782,资质认定的拆解经营场地,Unknown
6783,回收的报废机动车,Unknown
6784,报废机动车整车、拼装车,Unknown
6785,在公安机关监督下,Unknown
6786,处3万元罚款,Unknown
6787,吊销《资质认定书》,Unknown
6788,非法印制,Unknown
6789,非法印制的特种作业操作证,Unknown
6790,伪造的特种作业操作证,Unknown
6791,倒卖的特种作业操作证,Unknown
6792,《特种作业人员安全技术培训考核管理规定》,Unknown
6793,国家安全生产监督管理总局,Unknown
6794,2015年5月29日,Unknown
6795,公路路产,Unknown
6796,公路养护单位,Unknown
6797,破坏、损坏、非法占用或者非法利用公路路产的行为,Unknown
6798,公路建筑控制区,Unknown
6799,法律、法规、规章规定的其他事项,Unknown
6800,未经批准、未取得或者未按照规定使用专用标识，或者未持有、未附有人工繁育许可证、批准文件的副本或者专用标识出售、购买、利用、运输、携带、寄递国家重点保护野生动物及其制品或者依照规定调出野生动物及其制品行为,Unknown
6801,未持有合法来源证明或者专用标识出售、利用、运输、携带、寄递有重要生态、科学、社会价值的陆生野生动物、地方重点保护野生动物或者依照规定调出有重要生态、科学、社会价值的陆生野生动物名录的野生动物及其制品的行为,Unknown
6802,水生野生动物及其制品利用活动的监督检查,Unknown
6803,县级以上地方人民政府林业草原主管部门,Unknown
6804,县级以上地方人民政府渔业主管部门,Unknown
6805,县级以上人民政府野生动物保护主管部门,Unknown
6806,科学研究等利用野生动物及其制品的活动的规范和监督管理,Unknown
6807,规范和监督管理,Unknown
6808,对外劳务合作经营资格核准,Unknown
6809,《中华人民共和国对外贸易法》(2022修正),Unknown
6810,从事国际服务贸易,Unknown
6811,本法和其他有关法律、行政法规,Unknown
6812,从事对外劳务合作的单位,Unknown
6813,相应的资质,Unknown
6814,省级或者设区的市级人民政府商务主管部门,Unknown
6815,对外劳务合作经营资格,Unknown
6816,申请对外劳务合作经营资格,Unknown
6817,符合企业法人条件,Unknown
6818,实缴注册资本不低于600万元人民币,Unknown
6819,有3名以上熟悉对外劳务合作业务的管理人员,Unknown
6820,有健全的内部管理制度和突发事件应急处置制度,Unknown
6821,法定代表人没有故意犯罪记录,Unknown
6822,申请对外劳务合作经营资格的企业,Unknown
6823,符合本条例第六条规定条件的证明材料,Unknown
6824,负责审批的商务主管部门,Unknown
6825,审查并决定是否批准,Unknown
6826,不予批准的申请人,Unknown
6827,从事生活垃圾经营性清扫、收集、运输、处理服务审批,Unknown
6828,未经设立登记从事经营活动的行为,Unknown
6829,由登记机关责令改正,Unknown
6830,"拒不改正的,处1万元以上10万元以下的罚款",Unknown
6831,"情节严重的,依法责令关闭停业",Unknown
6832,并处10万元以上50万元以下的罚款,Unknown
6833,对未经设立登记从事经营活动的行政处罚,Unknown
6834,《中华人民共和国市场主体登记管理条例》,Unknown
6835,未经设立登记从事经营活动的行政处罚,Unknown
6836,农作物种子质量和生产经营场所的监督检查,Unknown
6837,对体育类民办非企业单位的行政检查,Unknown
6838,《民办非企业单位登记管理暂行条例》,Unknown
6839,监督管理职责,Unknown
6840,民办非企业单位成立、变更、注销登记前的审查,Unknown
6841,"民办非企业单位遵守宪法、法律、法规和国家政策,按照章程开展活动",Unknown
6842,民办非企业单位年度检查的初审,Unknown
6843,登记管理机关和其他有关部门查处民办非企业单位的违法行为,Unknown
6844,有关机关指导民办非企业单位的清算事宜,Unknown
6845,牵引挂车,Unknown
6846,公共汽车,Unknown
6847,营运客车,Unknown
6848,执行任务的警车,Unknown
6849,执行任务的消防车,Unknown
6850,执行任务的救护车,Unknown
6851,执行任务的工程救险车,Unknown
6852,载有爆炸物品的机动车,Unknown
6853,载有易燃易爆化学物品的机动车,Unknown
6854,载有剧毒的机动车,Unknown
6855,载有放射性等危险物品的机动车,Unknown
6856,原机动车驾驶证,Unknown
6857,《机动车驾驶证申领和使用规定》（公安部123号令）,Unknown
6858,政府采购投诉处理决定,Unknown
6859,粉尘涉爆企业,Unknown
6860,负责粉尘涉爆企业安全监管的部门,Unknown
6861,处3万元以下的罚款,Unknown
6862,对其直接负责的主管人员和其他直接责任人员处1万元以下的罚款,Unknown
6863,工程项目安全设施,Unknown
6864,工程项目安全设施没有进行粉尘防爆安全设计,Unknown
6865,进行施工,Unknown
6866,农产品生产企业,Unknown
6867,未按照规定开具承诺达标合格证,Unknown
6868,农民专业合作社,Unknown
6869,从事农产品收购的单位或者个人,Unknown
6870,未按照规定收取、保存承诺达标合格证,Unknown
6871,未按照规定收取、保存其他合格证明,Unknown
6872,中华人民共和国农产品质量安全法,Unknown
6873,2022年9月,Unknown
6874,2006年4月,Unknown
6875,提供虚假的证明、数据、资料、样品或者采取其他手段骗取临床试验许可,Unknown
6876,故意瞒报影响产品质量的重大变更情况，骗取生物制品批签发证明或请疫苗批签发提供虚假数据、资料、样品或者有其他欺骗行为的伪造生物制品批签发证明的行政处罚,Unknown
6877,有效通风装置,Unknown
6878,自动报警装置,Unknown
6879,事故通风设施,Unknown
6880,职业卫生防护设备,Unknown
6881,不正常状态,Unknown
6882,应急救援设施,Unknown
6883,通讯报警装置,Unknown
6884,使用有毒物品作业场所,Unknown
6885,提请有关人民政府按照国务院规定的权限予以关闭,Unknown
6886,造成严重职业中毒危害,Unknown
6887,导致职业中毒事故发生,Unknown
6888,不安全畜类产品,Unknown
6889,存款,Unknown
6890,经营许可证或者批准文件,Unknown
6891,自营或者受托发放贷款,Unknown
6892,法律、行政法规和国家禁止从事的其他活动,Unknown
6893,条例第十二条规定,Unknown
6894,相关经营证件,Unknown
6895,对易制毒化学品进出口违法行为的强制,Unknown
6896,对外贸易处,Unknown
6897,公交车未按规定进出站点的处罚,Unknown
6898,公交车,Unknown
6899,流动收购废旧物品的行政处罚,Unknown
6900,城市主要街道,Unknown
6901,流动收购废旧物品,Unknown
6902,文物园林景点,Unknown
6903,城市广场,Unknown
6904,废旧物品收购经营场所,Unknown
6905,环境整洁,Unknown
6906,物品堆放整齐,Unknown
6907,围挡遮盖,Unknown
6908,"在城市主要街道、文物园林景点、城市广场等场所,流动收购废旧物品",Unknown
6909,城市轨道交通运营单位,Unknown
6910,条例第三十七条,Unknown
6911,条例第三十九条,Unknown
6912,条例第五十八条,Unknown
6913,条例第六十条,Unknown
6914,条例第六十二条,Unknown
6915,条例第六十三条,Unknown
6916,条例第六十四条,Unknown
6917,市交通运输主管部门,Unknown
6918,对生产、储存危险化学品的企业或者使用危险化学品从事生产的企业未按规 定将安全评价报告、整改方案落实情况报备，或者储存危险化学品的单位未将其剧毒化学品以及储存数量构成重大危险源的其他危险化学品的储存数量、储存地点以及管理人员的情况报备的行政处罚,Unknown
6919,"""异议登记""",Unknown
6920,对学生发生伤害事故的调解,Unknown
6921,宣传与稳定安全办公室,Unknown
6922,《学生伤害事故处理办法》,Unknown
6923,主管教育行政部门,Unknown
6924,受伤害学生或者学生家长,Unknown
6925,成年学生或者未成年学生的监护人,Unknown
6926,市教育行政管理部门,Unknown
6927,《西安市中小学生人身伤害事故预防与处理条例》,Unknown
6928,区、县教育行政管理部门,Unknown
6929,教育行政主管部门,Unknown
6930,调解申请,Unknown
6931,专门人员,Unknown
6932,人民法院,Unknown
6933,调解不成,Unknown
6934,当事人提起诉讼,Unknown
6935,受理申请之日起60日内,Unknown
6936,提供医疗卫生服务或者开展医学临床研究,Unknown
6937,未按照规定履行告知义务或者取得知情同意,Unknown
6938,需要紧急救治的患者,Unknown
6939,"拒绝急救处置,或者由于不负责任延误诊治",Unknown
6940,自然灾害,Unknown
6941,严重威胁人民生命健康,Unknown
6942,事故灾难,Unknown
6943,公共卫生事件,Unknown
6944,社会安全事件,Unknown
6945,医师执业证书,Unknown
6946,个人独资企业分支机构设立备案,Unknown
6947,中华人民共和国个人独资企业法,Unknown
6948,投资人或者其委托的代理人,Unknown
6949,分支机构所在地的登记机关申请登记,Unknown
6950,分支机构,Unknown
6951,个人独资企业,Unknown
6952,登记情况,Unknown
6953,分支机构隶属的个人独资企业的登记机关备案,Unknown
6954,分支机构的民事责任,Unknown
6955,设立该分支机构的个人独资企业承担,Unknown
6956,对未经批准举办营业性演出的行政处罚,Unknown
6957,国家统一法律职业资格考试违纪行为的处理,Unknown
6958,对违规修建大型露天宗教造像的处罚,Unknown
6959,国务院令第426号,Unknown
6960,国务院令第686号,Unknown
6961,修建大型露天宗教造像,Unknown
6962,国土,Unknown
6963,规划,Unknown
6964,建设,Unknown
6965,旅游,Unknown
6966,责令停止施工,Unknown
6967,限期拆除,Unknown
6968,安全信息卡,Unknown
6969,安全信息卡交由旅游者,Unknown
6970,旅游者相关信息,Unknown
6971,2000元以下,Unknown
6972,"应当制作,安全信息卡",Unknown
6973,旅游者姓名,Unknown
6974,出境证件号码,Unknown
6975,国籍,Unknown
6976,紧急情况下的联系人,Unknown
6977,紧急情况下的联系方式,Unknown
6978,中文,Unknown
6979,目的地官方语言,Unknown
6980,英文,Unknown
6981,"安全信息卡交由,旅游者随身携带",Unknown
6982,"旅游者,自行填写血型",Unknown
6983,"旅游者,自行填写过敏药物",Unknown
6984,"旅游者,自行填写重大疾病信息",Unknown
6985,利用堤顶、戗台兼做公路审批,Unknown
6986,《中华人民共和国河道管理条例》,Unknown
6987,第十五条,Unknown
6988,确需利用堤顶或者戗台兼做公路的,Unknown
6989,县级以上地方人民政府河道主管机关批准,Unknown
6990,堤身和堤顶公路的管理和维护办法,Unknown
6991,河道主管机关商交通部门制定,Unknown
6992,双重国籍船舶,Unknown
6993,船籍港船舶登记机关,Unknown
6994,船舶国籍证书,Unknown
6995,500总吨以下的船舶,Unknown
6996,2000元以上、10000元以下,Unknown
6997,501总吨以上、10000总吨以下的船舶,Unknown
6998,10000元以上、50000元以下,Unknown
6999,10001总吨以上的船舶,Unknown
7000,50000元以上、200000元以下,Unknown
7001,中华人民共和国船舶登记条例,Unknown
7002,道路旅客运输站（场）经营者,Unknown
7003,对无证经营的车辆进站从事经营活动,Unknown
7004,道路货物运输站（场）经营者,Unknown
7005,超载车辆,Unknown
7006,出站,Unknown
7007,未经安全检查的车辆,Unknown
7008,道路运输车辆,Unknown
7009,无正当理由拒绝进站从事经营活动,Unknown
7010,人民防空建设,Unknown
7011,市人防工程质量监督站,Unknown
7012,城市和经济目标的人民防空建设,Unknown
7013,情况和必要的资料,Unknown
7014,中华人民共和国人民防空法,Unknown
7015,陕西省实施〈中华人民共和国人民防空法办法,Unknown
7016,县级以上人民政府和同级军事机关,Unknown
7017,生产、储存危险化学品的单位,Unknown
7018,通信、报警装置,Unknown
7019,情节严重的生产、储存危险化学品的单位,Unknown
7020,国务院令第344号,Unknown
7021,危险化学品安全管理条例,Unknown
7022,2013年12月7日《国务院关于修改部分行政法规的决定》,Unknown
7023,未按要求进行食品贮存、运输和装卸行为,Unknown
7024,县级以上人民政府食品安全监督管理等部门,Unknown
7025,吊销许可证,Unknown
7026,《中华人民共和国食品安全法》（2021年修订）第一百三十二条,Unknown
7027,未制定操作规程和工艺控制指标,Unknown
7028,五万元以下的罚款,Unknown
7029,生产经营单位拒不执行,Unknown
7030,对放射性物品运输过程中托运人、承运人未按要求做好事故应急工作并报告事故的行政处罚,Unknown
7031,《放射性物品运输安全管理条例》,Unknown
7032,托运人、承运人未按照核与辐射事故应急响应指南的要求，做好事故应急工作并报告事故的，由县级以上地方人民政府环境保护主管部门处5万元以上20万元以下的罚款,Unknown
7033,经济适用房建设标准备案,Unknown
7034,住房保障处,Unknown
7035,未取得许可从事犬类经营违法行为,Unknown
7036,由农业行政主管部门依法处理,Unknown
7037,从事犬类养殖、诊疗等经营活动的,Unknown
7038,防疫条件合格证,Unknown
7039,动物诊疗许可证,Unknown
7040,到公安机关备案,Unknown
7041,重点限养区,Unknown
7042,从事犬类养殖活动,Unknown
7043,第八十二条第二款,Unknown
7044,"处置情况,监督检查",Unknown
7045,健身气功工作中做出贡献的单位和个人的奖励,Unknown
7046,"三等及以上尾矿库及""头顶库""",Unknown
7047,未按设计设置通往坝顶、排洪系统附近的应急道路等行为,Unknown
7048,电梯改造单位,Unknown
7049,标明有关信息,Unknown
7050,2020年12月31日,Unknown
7051,西安市电梯安全管理办法,Unknown
7052,安装,Unknown
7053,改造,Unknown
7054,修理,Unknown
7055,电梯使用单位,Unknown
7056,具有不低于原制造单位资质等级的单位,Unknown
7057,电梯改造、修理单位,Unknown
7058,改造日期,Unknown
7059,改造单位的名称,Unknown
7060,资质许可证件编号,Unknown
7061,消防技术服务档案,Unknown
7062,第二十九条第一款,Unknown
7063,尾矿库运行到设计最终标高的前12个月内,Unknown
7064,生产经营单位或者尾矿库管理单位违反本规定,Unknown
7065,第八条第二款、第十九条、第二十条、第二十一条、第二十二条、第二十四条、第二十六条、第二十九条第一款,Unknown
7066,本规定第八条第二款、第十九条、第二十条、第二十一条、第二十二条、第二十四条、第二十六条、第二十九条第一款,Unknown
7067,对不按规定送交贮存或擅自处置废旧放射源或其他放射性固体废物的代履行,Unknown
7068,应当淘汰的危及生产安全的工艺、设备,Unknown
7069,"逾期未改正的,处五万元以上二十万元以下的罚款",Unknown
7070,按照职责分工决定行政教育,Unknown
7071,关闭行政教育,Unknown
7072,"治安管理处罚的规定决定,拘留行政教育",Unknown
7073,乡(镇)村企业使用集体建设用地审批,Unknown
7074,乡(镇,Unknown
7075,对故意毁损人民币的处罚,Unknown
7076,《中华人民共和国人民币管理条例》,Unknown
7077,国务院令第280号发布,Unknown
7078,故意毁损人民币的行为,Unknown
7079,处1万元以下的罚款,Unknown
7080,内河通航水域的航道,Unknown
7081,强制清除,Unknown
7082,所有人或者经营人,Unknown
7083,劳务派遣单位设立分公司经营劳务派遣业务备案,Unknown
7084,劳动关系处（科）,Unknown
7085,擅自举行大型宗教活动,Unknown
7086,对擅自举行大型宗教活动的处罚,Unknown
7087,撤换直接负责的主管人员,Unknown
7088,突发公共卫生事件与传染病疫情监测信息报告管理工作监督检查,Unknown
7089,进口产品的进货人,Unknown
7090,报检人,Unknown
7091,质检、药品监督管理部门,Unknown
7092,进口产品的销售者,Unknown
7093,进口产品的报检人,Unknown
7094,进口产品的代理人,Unknown
7095,进口产品的收货人,Unknown
7096,给予处分,Unknown
7097,责令暂停执业活动,Unknown
7098,将未通过技术评估和伦理审查的医疗新技术应用于临床,Unknown
7099,律师执业年度考核结果,Unknown
7100,律师协会,Unknown
7101,组织律师业务培训和职业道德、执业纪律教育,Unknown
7102,对律师的执业活动进行考核,Unknown
7103,设区的市级或者直辖市的区人民政府司法行政部门,Unknown
7104,律师事务所年度执业情况报告和律师执业考核结果,Unknown
7105,律师事务所的律师执业年度考核结果,Unknown
7106,2017年9月1日,Unknown
7107,律师执业管理办法,Unknown
7108,2016年9月18日,Unknown
7109,对穿着、佩带仿制警用制式服装、标志的处罚,Unknown
7110,《人民警察制式服装及其标志管理规定》,Unknown
7111,《人民警察法》,Unknown
7112,处警告,Unknown
7113,处一千元以下罚款,Unknown
7114,因工程建设活动对地质环境造成影响,Unknown
7115,相关责任单位未履行地质环境监测义务,Unknown
7116,《地质环境监测管理办法》,Unknown
7117,违反捕捞许可证关于作业类型、场所、时限和渔具数量的规定进行捕捞,Unknown
7118,没收渔获物和违法所得,Unknown
7119,可以并处五万元以下的罚款,Unknown
7120,可以没收渔具,Unknown
7121,吊销捕捞许可证,Unknown
7122,应当报废的船舶,Unknown
7123,航行或者作业,Unknown
7124,应当报废的船舶、浮动设施,Unknown
7125,以隐瞒、欺骗手段补领机动车驾驶证,Unknown
7126,补领机动车驾驶证后，继续使用原机动车驾驶证的处罚,Unknown
7127,承租人,Unknown
7128,所承租公共租赁住房,Unknown
7129,公共租赁住房,Unknown
7130,隐瞒真实情况或者提交虚假材料,Unknown
7131,野生植物资源保护,Unknown
7132,科学研究,Unknown
7133,培育利用,Unknown
7134,宣传教育,Unknown
7135,集体土地所有权转移登记,Unknown
7136,互换,Unknown
7137,集体土地所有权转移,Unknown
7138,调整,Unknown
7139,农民集体,Unknown
7140,不动产权属证书,Unknown
7141,提交材料,Unknown
7142,互换协议,Unknown
7143,调整协议,Unknown
7144,本集体经济组织三分之二以上成员,Unknown
7145,本集体经济组织三分之二以上村民代表,Unknown
7146,对非法获取、持有国家秘密载体的处罚,Unknown
7147,监督检查处,Unknown
7148,《中华人民共和国保守国家秘密法》(2010修订,Unknown
7149,《中华人民共和国保守国家秘密法实施条例》(国务院令第646号公布,Unknown
7150,保密行政管理部门,Unknown
7151,保密检查中发现的非法获取、持有的国家秘密载体,Unknown
7152,予以收缴,Unknown
7153,进行登记并出具清单,Unknown
7154,密级、数量、来源、扩散范围等,Unknown
7155,相应的保密措施,Unknown
7156,对城市饮用水地下水源二级保护区内利用未做防渗处理的污水管道穿越保护区或利用渗坑、渗井、渠道等排放有毒有害污水的行政处罚,Unknown
7157,在城市饮用水地下水源二级保护区内禁止下列行为,Unknown
7158,由环境保护行政管理部门责令改正或者责令限制生产、停产整治,Unknown
7159,并处十万元以上一百万元以下罚款,Unknown
7160,"情节严重的,报经有批准权的人民政府批准,责令停业、关闭",Unknown
7161,《西安市城市污水处理和再生水利用条例》第三十四条,Unknown
7162,《西安市城市污水处理和再生水利用条例》第三十五条,Unknown
7163,《西安市城市污水处理和再生水利用条例》第四十五条,Unknown
7164,城市污水处理行政管理部门,Unknown
7165,占用污水处理设施或未经批准在其安全保护范围内违章施工,Unknown
7166,对集市主办者违反对集市使用的属于强制检定的计量器具登记造册，向当地市场监督管理部门备案，并配合市场监督管理部门及其指定的法定计量检定机构做好强制检定工作规定,Unknown
7167,国家明令淘汰的计量器具禁止使用,Unknown
7168,国家限制使用的计量器具，应当遵守有关规定,Unknown
7169,未申请检定、超过检定周期或者经检定不合格的计量器具不得使用,Unknown
7170,集市应当设置符合要求的公平秤，并负责保管、维护和监督检查，定期送当地市场监督管理部门所属的法定计量检定机构进行检定规定的行政地点,Unknown
7171,县级以上燃气行政主管部门,Unknown
7172,燃气经营许可证,Unknown
7173,违反本条例第二十二条第（一）项规定,Unknown
7174,给未取得燃气经营许可证的站点提供燃气,Unknown
7175,从事瓶装燃气经营的企业不得给未取得燃气经营许可证的站点提供燃气,Unknown
7176,"违反本条例第二十二条第（一）项规定,由县级以上燃气行政主管部门处以五千元以上二万元以下罚款",Unknown
7177,"情节严重的,由发证机关吊销燃气经营许可证",Unknown
7178,建筑起重机械安装、拆卸告知备案,Unknown
7179,《建筑起重机械安全监督管理规定》（2008年1月28日建设部令第166号）,Unknown
7180,《陕西省建设工程质量和安全生产管理条例》（2021年修正）,Unknown
7181,建筑起重机械安装、拆卸工程专项施工方案,Unknown
7182,安装、拆卸人员名单,Unknown
7183,安装、拆卸时间,Unknown
7184,工程所在地县级以上地方人民政府建设主管部门,Unknown
7185,建筑起重机械使用单位,Unknown
7186,到建设工程所在地县级以上建设工程质量安全监督机构搞定使用登记,Unknown
7187,可移动文物定级的备案,Unknown
7188,《文物认定管理暂行办法》,Unknown
7189,文物行政部门,Unknown
7190,民间收藏文物定级的工作机制,Unknown
7191,主管的文物行政部门,Unknown
7192,文物收藏单位收藏文物的定级,Unknown
7193,主管的地方文物行政部门,Unknown
7194,定级的民间收藏文物,Unknown
7195,城镇排水设施维护或者检修,Unknown
7196,排水造成影响,Unknown
7197,排水造成严重影响,Unknown
7198,城镇排水设施维护运营单位,Unknown
7199,相关排水户,Unknown
7200,城镇排水主管部门报告,Unknown
7201,应急处理措施,Unknown
7202,10万元以上20万元以下罚款,Unknown
7203,超越资质等级许可的范围从事测绘活动,Unknown
7204,以其他测绘单位的名义从事测绘活动,Unknown
7205,允许其他单位以本单位名义从事测绘活动,Unknown
7206,贩卖,Unknown
7207,持有,Unknown
7208,使用,Unknown
7209,对沿街建设工程施工现场不按规定围挡的行政处罚,Unknown
7210,沿街建设工程施工现场,Unknown
7211,规定围挡,Unknown
7212,处20000元以上50000元以下罚款,Unknown
7213,责令停工整治,Unknown
7214,县级以上人民政府及其建设行政主管部门,Unknown
7215,《陕西省新型墙体材料发展应用条例》(2019年修正),Unknown
7216,公路建筑控制区外修建的建筑物,Unknown
7217,公路建筑控制区外修建的地面构筑物,Unknown
7218,公路建筑控制区外修建的其他设施,Unknown
7219,建筑物,Unknown
7220,地面构筑物,Unknown
7221,有关费用,Unknown
7222,中华人民共和国公路法,Unknown
7223,西安市散装水泥管理条例,Unknown
7224,施工单位使用散装水泥或预拌混凝土、预拌砂浆的情况进行监督,Unknown
7225,散装水泥或预拌混凝土、预拌砂浆,Unknown
7226,组织机构代码,Unknown
7227,印章样式,Unknown
7228,银行账号,Unknown
7229,税务登记证书备案,Unknown
7230,监督检查权,Unknown
7231,对涉嫌侵犯世界博览会标志专有权行为的监督检查,Unknown
7232,知识产权相关处室,Unknown
7233,已经取得的违法嫌疑证据或者举报,Unknown
7234,询问权,Unknown
7235,查阅权,Unknown
7236,复制权,Unknown
7237,现场检查权,Unknown
7238,检查权,Unknown
7239,查封权,Unknown
7240,扣押权,Unknown
7241,地下水监测设施设备及其标志,Unknown
7242,县级以上地方人民政府水行政、自然资源、生态环境主管部门,Unknown
7243,侵占、毁坏或者擅自移动地下水监测设施设备及其标志的违法行为人,Unknown
7244,船舶、浮动设施发生内河交通事故后逃逸的船员,Unknown
7245,吊销适任证书或者其他适任证件,Unknown
7246,责任船员,Unknown
7247,证书或者证件吊销后,Unknown
7248,交通肇事罪或者其他罪,Unknown
7249,触犯刑律,Unknown
7250,《社会团体登记管理条例》,Unknown
7251,宪法、法律、法规和国家政策,Unknown
7252,社会团体年度检查,Unknown
7253,社会团体违法行为,Unknown
7254,社会团体清算事宜,Unknown
7255,承包经营权注销登记,Unknown
7256,首次登记,Unknown
7257,更正登记,Unknown
7258,异议登记,Unknown
7259,预告登记,Unknown
7260,查封登记,Unknown
7261,未随车携带超限运输车辆通行证,Unknown
7262,车辆驾驶人,Unknown
7263,超限运输车辆通行证,Unknown
7264,超限运输许可证件,Unknown
7265,大件运输车辆,Unknown
7266,护送方案,Unknown
7267,作出行政许可决定的交通运输主管部门,Unknown
7268,护送,Unknown
7269,未经许可擅自行驶公路,Unknown
7270,违法超限运输,Unknown
7271,车辆及装载物品的有关情况与《超限运输车辆通行证》记载的内容不一致,Unknown
7272,未按许可的时间、路线、速度行驶公路,Unknown
7273,未按许可的护送方案采取护送措施,Unknown
7274,对病原微生物实验室未依照规定在明显位置标示国务院卫生主管部门和兽医主管部门规定的生物危险标识和生物安全实验室级别标志的,Unknown
7275,未向原批准部门报告实验活动结果以及工作情况的,Unknown
7276,未依照规定采集病原微生物样本，或者对所采集样本的来源、采集过程和方法等未作详细记录的,Unknown
7277,新建、改建或者扩建一级、二级实验室未向设区的市级人民政府卫生主管部门或者兽医主管部门备案的,Unknown
7278,未依照规定定期对工作人员进行培训，或者工作人员考核不合格允许其上岗，或者批准未采取防护措施的人员进入实验室的,Unknown
7279,实验室工作人员未遵守实验室生物安全技术规范和操作规程的,Unknown
7280,未依照规定建立或者保存实验档案的,Unknown
7281,未依照规定制定实验室感染应急处置预案并备案的,Unknown
7282,饲料、饲料添加剂拆包、分装,Unknown
7283,本条例规定实行产品购销台账制度,Unknown
7284,饲料、饲料添加剂,Unknown
7285,县级人民政府饲料管理部门,Unknown
7286,违法经营的产品,Unknown
7287,对未取得人工繁育许可证，繁育国家重点保护（水生）野生动物或者依照本法第二十九条第二款规定调出国家重点保护（水生）野生动物名录的野生动物的行政教育,Unknown
7288,未取得校车驾驶资格驾驶校车的处罚,Unknown
7289,未取得校车驾驶资格驾驶校车,Unknown
7290,对通过逃避监管方式排放污染物的行政处罚,Unknown
7291,《西安市建筑垃圾管理条例》(2020修正),Unknown
7292,建筑垃圾消纳场,Unknown
7293,建筑垃圾,Unknown
7294,二万元罚款,Unknown
7295,机关、团体、企业、事业等单位,Unknown
7296,本法第十六条、第十七条、第十八条、第二十一条第二款,Unknown
7297,第六十七条,Unknown
7298,依法给予处分或者给予警告处罚,Unknown
7299,擅自向社会发布农作物病虫害预报或者灾情信息,Unknown
7300,由县级以上人民政府农业农村主管部门处5000元以上5万元以下罚款,Unknown
7301,从事农作物病虫害研究、饲养、繁殖、运输、展览等活动未采取有效措施,Unknown
7302,开展农作物病虫害预防控制航空作业未按照国家有关规定进行公告,Unknown
7303,5万元以上10万元以下罚款,Unknown
7304,对中小学幼儿园安全管理的检查,Unknown
7305,发生麻醉药品和精神药品被盗、被抢、丢失案件的单位,Unknown
7306,规定未采取必要的控制措施或者未依照规定报告,Unknown
7307,药品监督管理部门和卫生主管部门,Unknown
7308,情节严重的发生麻醉药品和精神药品被盗、被抢、丢失案件的单位,Unknown
7309,有上级主管部门的直接负责的主管人员和其他直接责任人员,Unknown
7310,探矿权人,Unknown
7311,治理恢复措施,Unknown
7312,对矿山地质环境与土地复垦方案确立的治理恢复措施落实情况和矿山地质环境监测情况进行现场检查,Unknown
7313,违反本规定的行为制止并依法查处,Unknown
7314,本规定第二十一条,Unknown
7315,不受理其新的探矿权、采矿权申请,Unknown
7316,对企业事业单位,Unknown
7317,西安市人民政府令第86号,Unknown
7318,未经许可擅自从事机动车驾驶员培训业务者,Unknown
7319,2万元以上5万元以下,Unknown
7320,强制拆除或者代为恢复原状,Unknown
7321,乡村建设规划许可,Unknown
7322,村镇规划处,Unknown
7323,第七十六条第一项,Unknown
7324,生态环境主管部门责令改正，处二万元以上二十万元以下的罚款,Unknown
7325,拒不改正的，责令限制生产、停产整治,Unknown
7326,实行排污许可管理的单位未按照规定对工业噪声开展自行监测，未保存原始监测记录，或者未向社会公开监测结果的行为,Unknown
7327,在建工程抵押注销登记,Unknown
7328,拒绝提供统计资料或者经催报后仍未按时提供统计资料的,Unknown
7329,提供不真实或者不完整的统计资料的,Unknown
7330,拒绝答复或者不如实答复统计检查查询书的,Unknown
7331,拒绝、阻碍统计调查、统计检查的,Unknown
7332,转移、隐匿、篡改、毁弃或者拒绝提供原始记录和凭证、统计台账、统计调查表及其他相关证明和资料的,Unknown
7333,《中华人民共和国统计法》第四十一条,Unknown
7334,《医疗废物管理条例》,Unknown
7335,《医疗废物管理行政处罚办法》,Unknown
7336,县级以上地方人民政府环境保护行政主管部门,Unknown
7337,国务院民政部门,Unknown
7338,全国慈善工作,Unknown
7339,县级以上地方各级人民政府民政部门,Unknown
7340,本行政区域内的慈善工作,Unknown
7341,做好相关工作,Unknown
7342,业务主管单位指导,Unknown
7343,慈善组织进行指导和监督,Unknown
7344,有关机关,Unknown
7345,吊销登记证书,Unknown
7346,非物质文化遗产项目代表性传承人认定,Unknown
7347,代表性项目认定,Unknown
7348,《中华人民共和国非物质文化遗产法》第二十九条,Unknown
7349,《陕西省非物质文化遗产条例》第十八条,Unknown
7350,县级以上文化主管部门,Unknown
7351,《陕西省非物质文化遗产条例》第二十条,Unknown
7352,专家评审委员会,Unknown
7353,非物质文化遗产代表性项目名录,Unknown
7354,上一级人民政府,Unknown
7355,"""洗染业经营者备案""",Unknown
7356,"""西安市商务局""",Unknown
7357,"""商贸服务业处""",Unknown
7358,"""《洗染业管理办法》""",Unknown
7359,登记注册地工商行政管理部门的同级商务主管部门办理备案,Unknown
7360,江河,Unknown
7361,排污口,Unknown
7362,湖泊,Unknown
7363,公路建设监督管理办法,Unknown
7364,工程合同价款,Unknown
7365,公路工程技术标准,Unknown
7366,公路建设项目,Unknown
7367,公路工程设计变更管理办法,Unknown
7368,设计变更,Unknown
7369,安全职责,Unknown
7370,备案证明,Unknown
7371,建筑起重机械安装单位资质证书,Unknown
7372,使用单位资质证书,Unknown
7373,特种作业人员特种作业操作资格证书,Unknown
7374,安装单位执行建筑起重机械安装、拆卸工程专项施工方案情况,Unknown
7375,建筑起重机械使用情况,Unknown
7376,2008年建设部第166号令,Unknown
7377,不符合《中华人民共和国精神卫生法》规定条件的医疗机构,Unknown
7378,由县级以上人民政府卫生行政部门责令停止相关诊疗活动,Unknown
7379,并处五千元以上一万元以下罚款,Unknown
7380,对直接负责的主管人员和其他直接责任人员依法给予或者责令给予降低岗位等级或者撤职、开除的处分,Unknown
7381,"对有关医务人员,吊销其执业证书",Unknown
7382,《中华人民共和国精神卫生法》(2018年4月修正),Unknown
7383,建筑垃圾运输车,Unknown
7384,《西安建筑垃圾管理条例》,Unknown
7385,西安市第十五届人民代表大会常务委员会第二次会议,Unknown
7386,2012年6月27日,Unknown
7387,陕西省第十一届人民代表大会常务委员会第三十次会议,Unknown
7388,2012年7月12日,Unknown
7389,由于工程施工、设备维修等原因确需停止供水的审批,Unknown
7390,《城市供水条例》,Unknown
7391,"国务院令第158号,2020修订",Unknown
7392,城市自来水供水企业和自建设施对外供水的企业,Unknown
7393,不间断供水,Unknown
7394,城市供水行政主管部门批准,Unknown
7395,提前24小时通知用水单位和个人,Unknown
7396,因发生灾害或者紧急事故,Unknown
7397,"应当在抢修的同时,通知用水单位和个人",Unknown
7398,对在道路两侧的护栏、电线杆、树木、绿篱和公共场所等处晾晒、吊挂杂物的行政处罚,Unknown
7399,道路两侧的护栏、电线杆、树木、绿篱和公共场所等处,Unknown
7400,晾晒、吊挂杂物,Unknown
7401,畜牧兽医主管部门,Unknown
7402,质量监督部门,Unknown
7403,违法乳品,Unknown
7404,律师执业,Unknown
7405,变更执业机构许可,Unknown
7406,《中华人民共和国律师法》,Unknown
7407,律师执业申请,Unknown
7408,申请人实习考核合格的材料,Unknown
7409,申请人的身份证明,Unknown
7410,申请律师执业的材料,Unknown
7411,同意接收申请人的证明,Unknown
7412,受理申请的部门,Unknown
7413,"审查,申请材料",Unknown
7414,省、自治区、直辖市人民政府司法行政部门,Unknown
7415,"审核,申请材料",Unknown
7416,是否准予执业的决定,Unknown
7417,准予执业的,Unknown
7418,律师执业证书,Unknown
7419,不准予执业的,Unknown
7420,理由,Unknown
7421,对核技术利用单位不按照规定建立健全安全保卫制度和制定事故应急计划或者应急措施的行政处罚,Unknown
7422,不按照规定建立健全安全保卫制度和制定事故应急计划或者应急措施,Unknown
7423,未履行《中华人民共和国国际海运条例》规定的备案手续行为,Unknown
7424,国务院交通主管部门,Unknown
7425,其授权的地方人民政府交通主管部门,Unknown
7426,逾期不补办备案手续,Unknown
7427,处1万元以上5万元以下的罚款,Unknown
7428,撤销其相应资格,Unknown
7429,《中华人民共和国国际海运条例》,Unknown
7430,所在地县级人民政府安全生产监督管理部门,Unknown
7431,所在地县级人民政府工业和信息化主管部门,Unknown
7432,所在地县级人民政府环境保护主管部门,Unknown
7433,所在地县级人民政府公安机关,Unknown
7434,经营销售残次计量器具零配件的,Unknown
7435,对经营销售残次计量器具零配件的行政处罚,Unknown
7436,责令其停止经营销售,Unknown
7437,没收残次计量器具零配件,Unknown
7438,没收全部违法所得,Unknown
7439,"情节严重的,由工商行政管理部门吊销其营业执照",Unknown
7440,退耕还林工作的先进单位与个人的表彰,Unknown
7441,退耕还林条例,Unknown
7442,国务院有关部门和地方各级人民政府,Unknown
7443,退耕还林工作,Unknown
7444,由国务院有关部门和地方各级人民政府给予表彰和奖励,Unknown
7445,未经审核同意擅自改变林地用途的行为,Unknown
7446,县级以上人民政府林业主管部门,Unknown
7447,责令限期恢复植被和林业生产条件,Unknown
7448,处恢复植被和林业生产条件所需费用三倍以下的罚款,Unknown
7449,《中华人民共和国森林法》,Unknown
7450,未经县级以上人民政府林业主管部门审核同意,Unknown
7451,"受到处罚,县级以上人民政府林业主管部门",Unknown
7452,虽经县级以上人民政府林业主管部门审核同意,Unknown
7453,"受到处罚,《中华人民共和国土地管理法》",Unknown
7454,在临时使用的林地上修建永久性建筑物,Unknown
7455,"受到处罚,本条第一款规定",Unknown
7456,重金属污染物或者其他有毒有害物质用作回填或者充填材料,Unknown
7457,治理措施,Unknown
7458,渭河干流及其支流河道堤防工程安全,Unknown
7459,《陕西省渭河保护条例》（2022修订）,Unknown
7460,烟花爆竹经营企业,Unknown
7461,对直接负责的主管人员和其他直接责任人员处五万元以上十万元以下的罚款,Unknown
7462,查封、扣押与涉嫌不正当竞争行为有关的财物,Unknown
7463,《中华人民共和国反不正当竞争法》(2019年修订),Unknown
7464,对未依法取得排污许可证排放水污染物的行政处罚,Unknown
7465,职业病诊断机构,Unknown
7466,职业病诊断管理制度,Unknown
7467,职业病诊断程序,Unknown
7468,劳动者涉及个人隐私的有关信息、资料,Unknown
7469,质量控制评估,Unknown
7470,卫生健康主管部门,Unknown
7471,卫生健康主管部门监督检查,Unknown
7472,一般建设工程抗震设防要求备案,Unknown
7473,《陕西省防震减灾条例》,Unknown
7474,建设工程抗震设防要求管理应当纳入基本建设管理程序,Unknown
7475,建设工程项目选址、可行性论证或者申请报告、设计,Unknown
7476,必须进行地震安全性评价和地震动参数复核的建设工程,Unknown
7477,应当取得地震安全性评价报告或者地震动参数复核的审定意见,Unknown
7478,没有审定意见的建设工程,Unknown
7479,一般建设工程,Unknown
7480,所在地县级以上地震工作主管部门,Unknown
7481,地震工作主管部门,Unknown
7482,对建设工程不符合抗震设防要求,Unknown
7483,同级有关项目审批部门,Unknown
7484,项目审批部门,Unknown
7485,建设工程不符合抗震设防要求,Unknown
7486,企业年金方案备案,Unknown
7487,企业年金办法,Unknown
7488,人力资源社会保障部,Unknown
7489,中央所属企业企业年金方案,Unknown
7490,省级人民政府人力资源社会保障行政部门,Unknown
7491,跨省企业企业年金方案,Unknown
7492,市级以上人民政府人力资源社会保障行政部门,Unknown
7493,省内跨地区企业企业年金方案,Unknown
7494,对开发企业擅自预售商品房的处罚,Unknown
7495,《中华人民共和国城市房地产管理法》（2019年修正）,Unknown
7496,《陕西省城市房地产市场管理条例》（2004年修正）,Unknown
7497,商品房预售,Unknown
7498,已交付全部土地使用权出让金,Unknown
7499,持有建设工程规划许可证,Unknown
7500,投入开发建设的资金达到工程建设总投资的百分之二十五以上,Unknown
7501,向县级以上人民政府房产管理部门办理预售登记,Unknown
7502,商品房预售人应当按照国家有关规定将预售合同报县级以上人民政府房产管理部门和土地管理部门登记备案,Unknown
7503,"商品房预售所得款项,必须用于有关的工程建设",Unknown
7504,县级以上人民政府房产管理部门,Unknown
7505,责令停止预售活动,Unknown
7506,责令停止销售活动,Unknown
7507,补办许可证,Unknown
7508,可处销售价款百分之三至百分之十的罚款,Unknown
7509,大型游乐设施改造单位,Unknown
7510,设计文件鉴定,Unknown
7511,型式试验,Unknown
7512,《大型游乐设施安全监察规定》,Unknown
7513,国家质量监督检验检疫总局,Unknown
7514,2021年4月2日,Unknown
7515,第38号,Unknown
7516,对未按照规定设置危险废物识别标志的行政处罚,Unknown
7517,出具虚假调查报告,Unknown
7518,出具虚假风险评估报告,Unknown
7519,出具虚假风险管控效果评估报告,Unknown
7520,出具虚假修复效果评估报告,Unknown
7521,出具虚假报告,Unknown
7522,恶意串通的单位,Unknown
7523,再生水管道与生活饮用水管道连接,Unknown
7524,水行政主管部门责令拆除,Unknown
7525,十万元以上五十万元以下罚款,Unknown
7526,西安市城市污水处理和再生水利用条例,Unknown
7527,黑河引水系统水源保护区范围内,Unknown
7528,已建成的对水源有污染的项目,Unknown
7529,违反本条例第三十二条规定,Unknown
7530,5000元以上50000元以下罚款,Unknown
7531,对勘察设计企业资质及勘察设计活动的监督检查,Unknown
7532,勘察设计处,Unknown
7533,《建设工程勘察设计资质管理规定》,Unknown
7534,国务院建设主管部门,Unknown
7535,"全国的建设工程勘察、设计资质,实施统一的监督管理",Unknown
7536,"对本行政区域内的建设工程勘察、设计资质,实施监督管理",Unknown
7537,县级以上人民政府交通、水利、信息产业等有关部门,Unknown
7538,"建设主管部门,对相应的行业资质进行监督管理",Unknown
7539,上级建设主管部门,Unknown
7540,资质管理工作的监督检查,Unknown
7541,资质管理中的违法行为,Unknown
7542,未经批准擅自经营高危险性体育项目经营者,Unknown
7543,专利法实施情况的监督检查,Unknown
7544,知识产权相关业务处,Unknown
7545,中华人民共和国专利法,Unknown
7546,负责专利执法的部门,Unknown
7547,询问有关当事人,Unknown
7548,对当事人涉嫌违法行为的场所实施现场检查,Unknown
7549,查阅、复制与涉嫌违法行为有关的合同、发票、账簿以及其他有关资料,Unknown
7550,检查与涉嫌违法行为有关的产品,Unknown
7551,查封或者扣押有证据证明是假冒专利的产品,Unknown
7552,管理专利工作的部门,Unknown
7553,协助、配合,Unknown
7554,拒绝、阻挠,Unknown
7555,《西安市生活垃圾分类管理条例》,Unknown
7556,非道路移动机械所有人或者使用人,Unknown
7557,加装、更换污染控制装置,Unknown
7558,西安市机动车和非道路移动机械排气污染防治条例,Unknown
7559,生态环境等主管部门,Unknown
7560,第四十条规定,Unknown
7561,小型水库移民安置验收,Unknown
7562,规划计划处,Unknown
7563,《陕西省小型水库移民安置管理办法》 (陕水发〔2013〕65号),Unknown
7564,实物调查,Unknown
7565,移民安置工作,Unknown
7566,移民安置规划的编制,Unknown
7567,移民安置规划的审核,Unknown
7568,移民安置规划的实施,Unknown
7569,规划实施情况的验收,Unknown
7570,移民后期扶助,Unknown
7571,水库工程下闸蓄水阶段验收,Unknown
7572,移民安置验收,Unknown
7573,工程竣工验收,Unknown
7574,自验,Unknown
7575,终验,Unknown
7576,承担移民安置任务的县级人民政府,Unknown
7577,市级水库移民行政管理机关,Unknown
7578,省级水库移民行政主管部门,Unknown
7579,《水利水电工程移民安置验收规程》(SL682-2014),Unknown
7580,移民安置验收条件,Unknown
7581,移民安置验收内容,Unknown
7582,尾矿库管理单位,Unknown
7583,责令停产整顿,Unknown
7584,情节严重的生产经营单位或者尾矿库管理单位,Unknown
7585,关闭,Unknown
7586,西安市交通运输局行驶,Unknown
7587,西安市交通运输综合执法支队承办,Unknown
7588,单位被处以吊销许可证行政处罚,Unknown
7589,逾期未办理变更登记或者注销登记的行政处罚,Unknown
7590,对违反国家有关规定，改变人民防空工程主体结构、拆除人民防空工程设备设施或者采用其他方法危害人民防空工程的安全和使用效能的处罚,Unknown
7591,《中华人民共和国人民防空法》,Unknown
7592,《陕西省实施〈中华人民共和国人民防空法办法〉》,Unknown
7593,2009年,Unknown
7594,《陕西省实施〈中华人民共和国人民防空法办法〉,Unknown
7595,农产品质量安全监督检查,Unknown
7596,拒绝、阻挠依法开展的农产品质量安全监督检查、事故调查处理、抽样检测和风险评估,Unknown
7597,事故调查处理,Unknown
7598,抽样检测,Unknown
7599,风险评估,Unknown
7600,构成违反治安管理行为的拒绝、阻挠依法开展的农产品质量安全监督检查、事故调查处理、抽样检测和风险评估,Unknown
7601,《中华人民共和国农产品质量安全法》(2006年4月公布,Unknown
7602,"实施依据,对拒绝、阻挠依法开展的农产品质量安全监督检查、事故调查处理、抽样检测和风险评估的行政处罚",Unknown
7603,机动车排放黑烟或其他明显可视污染物的处罚,Unknown
7604,西安市机动车排气污染防治条例,Unknown
7605,责令限期维护,Unknown
7606,处200元罚款,Unknown
7607,骗取中标,Unknown
7608,中华人民共和国招标投标法（2017年修正）,Unknown
7609,中标项目金额千分之五以上千分之十以下的罚款,Unknown
7610,单位罚款数额百分之五以上百分之十以下的罚款,Unknown
7611,取消其一年至三年内参加依法必须进行招标的项目的投标资格,Unknown
7612,予以公告,Unknown
7613,由工商行政管理机关吊销营业执照,Unknown
7614,采集发菜,Unknown
7615,在水土流失重点预防区和重点治理区铲草皮,Unknown
7616,挖树兜,Unknown
7617,滥挖虫草,Unknown
7618,滥挖甘草,Unknown
7619,滥挖麻黄,Unknown
7620,《中华人民共和国水土保持法》(2010修订,Unknown
7621,安管人员,Unknown
7622,1000元以上5000元以下,Unknown
7623,《建筑施工企业主要负责人、项目负责人和专职安全生产管理人员安全生产管理规定》,Unknown
7624,原许可,Unknown
7625,取得道路货物运输经营许可的道路货物运输经营者,Unknown
7626,取得道路货物运输经营许可的道路货物运输经营者不再具备开业要求的安全生产条件,Unknown
7627,看管市政府工作,Unknown
7628,《动物检疫管理办法》,Unknown
7629,农业农村部公布,Unknown
7630,运输畜禽的行为,Unknown
7631,办法规定,Unknown
7632,危险化学品运输许可,Unknown
7633,各交警大队,Unknown
7634,生鲜乳生产环节,Unknown
7635,生鲜乳收购环节,Unknown
7636,奶畜饲养以及生鲜乳生产环节,Unknown
7637,质量监督检验检疫部门,Unknown
7638,乳制品生产环节,Unknown
7639,乳品进出口环节,Unknown
7640,乳制品销售环节,Unknown
7641,食品药品监督部门,Unknown
7642,乳制品餐饮服务环节,Unknown
7643,乳品质量安全监督管理的综合协调,Unknown
7644,组织查处食品安全重大事故,Unknown
7645,乳品质量安全监督管理的其他工作,Unknown
7646,盗窃、损毁路面公共设施的处罚,Unknown
7647,盗窃、损毁路面井盖、照明等公共设施,Unknown
7648,农药生产企业,Unknown
7649,未依法附具产品质量检验合格证、未依法取得有关许可证明文件的原材料,Unknown
7650,未经质量检验合格并附具产品质量检验合格证的农药,Unknown
7651,不符合规定,Unknown
7652,耕地破坏程度鉴定意见,Unknown
7653,政策法规处,Unknown
7654,《中华人民共和国就业促进法》,Unknown
7655,退还劳动者,Unknown
7656,每人,Unknown
7657,五百元,Unknown
7658,二千元,Unknown
7659,《就业服务与就业管理规定》,Unknown
7660,没有违法所得的一万元以下,Unknown
7661,违法所得的不超过违法所得三倍但最高不超过三万元,Unknown
7662,提请工商部门依法吊销营业执照,Unknown
7663,第五十八条第（一）、（三）、（四）、（八）项规定,Unknown
7664,第五十八条第（五）项规定,Unknown
7665,带药检维修设备设施,Unknown
7666,烟花爆竹生产经营企业特种作业人员带药检维修设备设施的行政处罚,Unknown
7667,安监总管三〔2017〕121 号,Unknown
7668,对土壤污染重点监管单位未制定、实施自行监测方案，或者未将监测数据报生态环境主管部门等《土壤污染防治法》第八十六条规定的行为的行政处罚,Unknown
7669,自然资源主管部门,Unknown
7670,国有博物馆,Unknown
7671,科学研究单位,Unknown
7672,其他收藏单位,Unknown
7673,发掘单位,Unknown
7674,网络平台,Unknown
7675,班车客运经营者,Unknown
7676,定制客运,Unknown
7677,交通运输部令2020年第17号公布,Unknown
7678,交通运输部令2023年第18号修正,Unknown
7679,机动车管理人,Unknown
7680,机动车第三者责任强制保险,Unknown
7681,未按规定投保机动车第三者强制保险的行为,Unknown
7682,《中华人民共和国道路交通安全法》第九十八条,Unknown
7683,对医疗机构管理混乱导致医疗技术临床应用造成严重不良后果的处罚,Unknown
7684,《医疗技术临床应用管理办法》,Unknown
7685,国家卫生健康委员会公布,Unknown
7686,医疗技术临床应用造成严重不良后果,Unknown
7687,对医疗机构管理混乱导致医疗技术临床应用造成严重不良后果,Unknown
7688,保安员资格证核发,Unknown
7689,《保安服务管理条例》,Unknown
7690,国国务院令第564号,Unknown
7691,年满18周岁,Unknown
7692,申领保安员证的条件之一,Unknown
7693,身体健康,Unknown
7694,品行良好,Unknown
7695,具有初中以上学历,Unknown
7696,设区的市级人民政府公安机关考试,Unknown
7697,设区的市级人民政府公安机关审查,Unknown
7698,留存指纹等人体生物信息,Unknown
7699,保安员证,Unknown
7700,未按照国家有关规定填写、运行危险废物转移联单或者未经批准擅自转移危险废物,Unknown
7701,公路建设项目竣工验收,Unknown
7702,性病防治工作督导检查,Unknown
7703,性病防治管理办法,Unknown
7704,性病防治工作监督管理,Unknown
7705,性病防治工作绩效考核与督导检查,Unknown
7706,督导检查内容,Unknown
7707,开展性病诊疗业务的医疗机构,Unknown
7708,不具备开展性病诊疗资质的医疗机构,Unknown
7709,"受地表水倒灌威胁的矿井在强降雨天气或者其来水上游发生洪水期间,未实施停产撤人",Unknown
7710,自然资源调查监测工作,Unknown
7711,自然资源调查监测处,Unknown
7712,收缴被取缔非法民间组织的印章、标识、资料、财务凭证,Unknown
7713,对医疗卫生机构未按照规定设立伦理委员会擅自开展涉及人的生物医学研究的处罚,Unknown
7714,国家卫生和计划生育委员会令第11号公布,Unknown
7715,"由,县级以上地方卫生计生行政部门责令限期整改",Unknown
7716,"医疗卫生机构,进行,责令限期整改",Unknown
7717,"由,县级以上地方卫生计生行政部门,予以警告",Unknown
7718,"医疗卫生机构,进行,予以警告",Unknown
7719,"由,县级以上地方卫生计生行政部门,处以,3万元以下罚款",Unknown
7720,"医疗卫生机构,进行,处以,3万元以下罚款",Unknown
7721,"对,机构主要负责人和其他责任人员,依法给予,处分",Unknown
7722,"机构主要负责人和其他责任人员,进行,依法给予,处分",Unknown
7723,《直销管理条例》,Unknown
7724,国务院令第443号发布,Unknown
7725,2017年3月1日第一次修订,Unknown
7726,直销企业,Unknown
7727,直销产品,Unknown
7728,违法销售收入,Unknown
7729,直销经营许可证,Unknown
7730,档案服务企业备案,Unknown
7731,档案中介服务机构,Unknown
7732,注册机关所在地的档案行政管理部门备案,Unknown
7733,档案行政管理部门,Unknown
7734,监督和指导,Unknown
7735,公证机构设立许可初审,Unknown
7736,中华人民共和国公证法,Unknown
7737,处五万元以上十万元以下的罚款,Unknown
7738,生产经营单位生产安全事故应急预案备案,Unknown
7739,违法排放水污染物被责令改正拒不改正的行政处罚,Unknown
7740,住房公积金缴存管理,Unknown
7741,对未按照国家环境保护标准贮存、利用、处置危险废物或者将危险废物混入非危险废物中贮存的行政处罚,Unknown
7742,未按照国家环境保护标准贮存、利用、处置危险废物或者将危险废物混入非危险废物中贮存的,Unknown
7743,处十万元以上一百万元以下的罚款,Unknown
7744,处所需处置费用三倍以上五倍以下的罚款，所需处置费用不足二十万元的，按二十万元计算,Unknown
7745,国务院令第424号,Unknown
7746,2018年9月,Unknown
7747,拒绝接受卫生主管部门,Unknown
7748,拒绝接受兽医主管部门,Unknown
7749,"造成,传染病传播",Unknown
7750,"造成,传染病流行",Unknown
7751,"依法给予,降级",Unknown
7752,"依法给予,撤职",Unknown
7753,"依法给予,开除",Unknown
7754,"由,实验室的设立单位",Unknown
7755,"由原发证部门,吊销,有关许可证件",Unknown
7756,《工贸企业粉尘防爆安全规定》,Unknown
7757,立即消除或者限期消除,Unknown
7758,机动车生产者,Unknown
7759,相关信息或者记录,Unknown
7760,机动车经营者,Unknown
7761,调查,Unknown
7762,排放零部件生产者,Unknown
7763,召回计划,Unknown
7764,召回计划实施召回,Unknown
7765,"通知,机动车经营者",Unknown
7766,"通知,机动车所有人",Unknown
7767,"发布,召回信息",Unknown
7768,租赁,Unknown
7769,召回阶段性报告,Unknown
7770,召回总结报告,Unknown
7771,机动车排放召回管理规定,Unknown
7772,计量标准器具核准,Unknown
7773,《中华人民共和国计量法》,Unknown
7774,县级以上人民政府计量行政部门,Unknown
7775,社会公用计量标准器具,Unknown
7776,部门和企业、事业单位使用的最高计量标准器具,Unknown
7777,用于贸易结算、安全防护、医疗卫生、环境监测方面的列入强制检定目录的工作计量器具,Unknown
7778,实行强制检定的工作计量器具的目录和管理办法,Unknown
7779,采取以下形式授权其他单位的计量检定机构和技术机构,Unknown
7780,授权专业性或区域性计量检定机构,Unknown
7781,法定计量检定机构,Unknown
7782,授权某一部门或某一单位的计量检定机构,Unknown
7783,"执行,强制检定",Unknown
7784,授权有关技术机构,Unknown
7785,法律规定的其他检定、测试任务,Unknown
7786,宗教教职人员备案,Unknown
7787,宗教事务条例,Unknown
7788,宗教教职人员管理办法,Unknown
7789,宗教教职人员,Unknown
7790,设区的市级人民政府宗教事务部门,Unknown
7791,设区的市（地、州、盟）宗教团体认定的宗教教职人员,Unknown
7792,外国人非法就业的处罚,Unknown
7793,对外国人非法就业的处罚,Unknown
7794,中华人民共和国出境入境管理法第80条,Unknown
7795,船舶、浮动设施遇险后未履行报告义务或者不积极施救的,Unknown
7796,暂扣适任证书或者其他适任证件3个月至6个月直至吊销适任证书或者其他适任证件的处罚,Unknown
7797,检查县政府决定,Unknown
7798,发包单位,Unknown
7799,外包工程合同约定的工期,Unknown
7800,违章指挥或者强令承包单位及其从业人员冒险作业,Unknown
7801,本办法第六条的规定,Unknown
7802,违章指挥或者强令承包单位及其从业人员冒险作业的行为,Unknown
7803,2万元以上3万元以下,Unknown
7804,对向水体排放、倾倒放射性固体废物或者含有高放射性、中放射性物质的废水的行政处罚,Unknown
7805,未在地图的适当位置显著标注审图号,Unknown
7806,未按照有关规定送交样本,Unknown
7807,国家级文物保护单位保护工程验收的申报,Unknown
7808,省级文物保护单位保护工程验收的申报,Unknown
7809,《文物保护工程管理办法》,Unknown
7810,工程竣工后,Unknown
7811,业主单位会同设计单位、施工单位、监理单位对工程质量进行验评,Unknown
7812,业主单位,Unknown
7813,工程总结报告,Unknown
7814,竣工报告,Unknown
7815,竣工图纸,Unknown
7816,财务决算书及说明等资料,Unknown
7817,原申报机关,Unknown
7818,初验,Unknown
7819,审查机关,Unknown
7820,验收小组,Unknown
7821,审查机关视工程项目的实际情况成立或者委托有关单位组织,Unknown
7822,拒绝依照规定提供有关材料、信息,Unknown
7823,提供虚假材料、信息,Unknown
7824,隐匿、销毁、转移证据,Unknown
7825,其他拒绝、阻碍监管执法的行为,Unknown
7826,市场监督管理部门责令改正,Unknown
7827,可以处五千元以上三万元以下罚款,Unknown
7828,对在饮用水水源一级保护区使用化肥的行政处罚,Unknown
7829,陕西省饮用水水源保护条例,Unknown
7830,未经许可擅自配置使用大型医用设备的行为,Unknown
7831,违法所得不足1万元的,Unknown
7832,违法所得1万元以上的,Unknown
7833,违法所得10倍以上30倍以下罚款,Unknown
7834,违法行为发生期间自本单位所获收入,Unknown
7835,所获收入30%以上3倍以下罚款,Unknown
7836,特殊建设工程消防验收,Unknown
7837,消防处,Unknown
7838,投放虚假的爆炸性、毒害性、放射性、腐蚀性物质或者传染病病原体等危险物质扰乱公共秩序的,Unknown
7839,处五日以上十日以下拘留,Unknown
7840,"情节较轻的,处五日以下拘留或者五百元以下罚款",Unknown
7841,对收购生产性废旧金属未如实登记的处罚,Unknown
7842,《废旧金属收购业治安管理办法》,Unknown
7843,收购废旧金属的企业,Unknown
7844,收购生产性废旧金属,Unknown
7845,"违反本办法第八条规定,收购生产性废旧金属时未如实登记的行为",Unknown
7846,吊销特种行业许可证,Unknown
7847,对建筑节能法律、法规和节能标准执行情况的监督检查,Unknown
7848,加强对新建民用建筑工程执行建筑节能标准及规范情况的监督检查,Unknown
7849,对新建民用建筑节能标准执行情况进行监督检查,Unknown
7850,《西安市民用建筑节能条例》(2022年修正),Unknown
7851,住房建设行政主管部门应当加强对新建民用建筑工程执行建筑节能标准及规范情况的监督检查,Unknown
7852,建设工程质量监督机构应当对新建民用建筑节能标准执行情况进行监督检查,Unknown
7853,医疗机构名称裁定,Unknown
7854,《医疗机构管理条例实施细则》,Unknown
7855,两个以上希望人,Unknown
7856,同一核准机关,Unknown
7857,核准机关,Unknown
7858,希望在先原则,Unknown
7859,医疗机构名称,Unknown
7860,两个以上医疗机构,Unknown
7861,已经核准登记的医疗机构名称相同,Unknown
7862,登记在先原则,Unknown
7863,电影发行、放映单位注销备案,Unknown
7864,设立电影发行单位,Unknown
7865,设立跨省、自治区、直辖市的电影发行单位,Unknown
7866,所在地省、自治区、直辖市人民政府电影行政部门或者国务院广播电影电视行政部门,Unknown
7867,"工商行政管理部门,登记",Unknown
7868,"到原登记的工商行政管理部门,处理变更登记或者注销登记",Unknown
7869,"原审批的电影行政部门,备案",Unknown
7870,"委托至,设区的市级电影部门",Unknown
7871,市应急管理局执行,Unknown
7872,市应急管理综合执法支队实施,Unknown
7873,对提交虚假材料或者采取其他欺诈手段隐瞒真实情况，取得代表机构登记或者备案的,Unknown
7874,代表机构提交的年度报告隐瞒真实情况、弄虚作假的,Unknown
7875,伪造、涂改、出租、出借、转让登记证、代表证的,Unknown
7876,《陕西省治理货物运输车辆超限超载条例》,Unknown
7877,固定超限超载检测站,Unknown
7878,交通运输综合执法机构和公安机关交通管理部门联合执法,Unknown
7879,交通运输综合执法机构或公安机关交通管理部门,Unknown
7880,承运人自行卸载、分装,Unknown
7881,承运人,Unknown
7882,自行卸载、分装,Unknown
7883,交通运输综合执法机构,Unknown
7884,第三方,Unknown
7885,卸载、分装,Unknown
7886,"第三方代为,卸载、分装",Unknown
7887,承运人承担,Unknown
7888,建立健全安全生产管理制度,Unknown
7889,加强对窨井盖等城镇排水与污水处理设施的日常巡查、维修和养护,Unknown
7890,设施安全运行,Unknown
7891,未按照国家有关规定履行日常巡查、维修和养护责任，保障设施安全运行的情形,Unknown
7892,10万元以上50万元以下罚款,Unknown
7893,医疗质量管理部门或者未指定专（兼）职人员负责医疗质量管理,Unknown
7894,医疗质量管理相关规章制度,Unknown
7895,导致医疗质量管理混乱,Unknown
7896,隐匿不报,Unknown
7897,医疗质量安全相关信息,Unknown
7898,县级以上卫生计生行政部门,Unknown
7899,公立医疗机构负有责任的主管人员和其他直接责任人员,Unknown
7900,违规出售、收购国家重点保护野生植物,Unknown
7901,工商行政管理部门或者野生植物行政主管部门,Unknown
7902,野生植物和违法所得,Unknown
7903,违法所得10倍以下的罚款,Unknown
7904,陕西省,Unknown
7905,未取得道路运输经营许可,Unknown
7906,未按规定取得道路货物运输经营许可,Unknown
7907,使用失效、伪造、变造、被注销等无效的道路运输经营许可证件,Unknown
7908,超越许可的事项,Unknown
7909,民航、铁路、电力行业的生产经营单位及其主要负责人,Unknown
7910,拘留行政处罚决定,Unknown
7911,抗菌药物临床应用情况,Unknown
7912,"""印刷企业年度报告""",Unknown
7913,"""市新闻出版局""",Unknown
7914,"""印制发行管理处""",Unknown
7915,医疗广告审查,Unknown
7916,广告审查机关,Unknown
7917,广告内容审查,Unknown
7918,广告主,Unknown
7919,广告审查,Unknown
7920,有关证明文件,Unknown
7921,医疗广告的监督管理,Unknown
7922,医疗广告的审查,Unknown
7923,中医药管理部门,Unknown
7924,医疗广告,Unknown
7925,医疗机构的监督管理,Unknown
7926,省卫生健康委,Unknown
7927,设区的市级卫生健康部门,Unknown
7928,医疗广告审查委托,Unknown
7929,《中华人民共和国社会保险法》,Unknown
7930,以欺诈、伪造证明材料或者其他手段骗取社会保险待遇的处罚,Unknown
7931,第一百零二条第一款第一项,Unknown
7932,第一百零二条第二款,Unknown
7933,对在饮用水水源保护区内堆放化工原料、危险化学品、矿物油类以及有毒有害矿产品的代履行,Unknown
7934,在饮用水水源保护区内堆放化工原料、危险化学品、矿物油类以及有毒有害矿产品的,Unknown
7935,生态环境行政主管部门,Unknown
7936,堆放化工原料、危险化学品、矿物油类以及有毒有害矿产品的行为,Unknown
7937,堆放化工原料、危险化学品、矿物油类以及有毒有害矿产品的行为情节严重,Unknown
7938,堆放化工原料、危险化学品、矿物油类以及有毒有害矿产品的行为被责令改正后拒不改正,Unknown
7939,危险废物产生者,Unknown
7940,代为处置费用,Unknown
7941,各级文物保护单位,Unknown
7942,《文物保护单位执法巡查办法》,Unknown
7943,文物督发〔2011〕21号,Unknown
7944,各设区市的文物行政部门,Unknown
7945,市级以上文物保护单位巡查,Unknown
7946,各设区市的文物执法机构,Unknown
7947,每年,Unknown
7948,每个市级以上文物保护单位至少巡查一次,Unknown
7949,县级文物保护单位抽查,Unknown
7950,县（市、区）文物行政部门督察,Unknown
7951,《西安市机动车停车条例》,Unknown
7952,或者以其他方式阻碍、影响道路路内停车泊位的使用,Unknown
7953,公安机关交通管理部门或者城市管理部门,Unknown
7954,第六十条,Unknown
7955,一千元以上二千元以下罚款,Unknown
7956,五百元罚款,Unknown
7957,对易制毒化学品进出口的监督检查,Unknown
7958,矿山地质环境保护与土地复垦方案审查,Unknown
7959,非法安装警报器、标志灯具或者其他设备的处罚,Unknown
7960,非法安装警报器、标志灯具的处罚,Unknown
7961,未取得培训许可擅自从事拖拉机驾驶培训业务的,Unknown
7962,责令停办,Unknown
7963,"有违法所得的,处违法所得三倍以下罚款,但最高不超过三万元",Unknown
7964,"无违法所得的,处一万元以下罚款",Unknown
7965,未按统一的教学计划、教学大纲和规定教材进行培训的,Unknown
7966,处二千元以下罚款,Unknown
7967,聘用未经省级人民政府农机主管部门考核合格的人员从事拖拉机驾驶员培训教学工作的,Unknown
7968,《拖拉机驾驶培训管理办法》,Unknown
7969,擅自将农民集体所有的土地通过出让、转让使用权或者出租等方式用于非农业建设，或者违反本法规定，将集体经营性建设用地通过出让、出租等方式交由单位或者个人使用,Unknown
7970,《中华人民共和国土地管理法实施条例》(国务院令第256号发布  2021年7月国务院令第743号第三次修订,Unknown
7971,建筑工地扬尘污染防治现场的督导检查,Unknown
7972,建筑业处,Unknown
7973,负有扬尘污染防治管理监督职责的部门,Unknown
7974,《西安市扬尘污染防治条例》第四十一条,Unknown
7975,特种设备使用单位的主要负责人,Unknown
7976,不立即组织抢救,Unknown
7977,擅离职守或者逃匿,Unknown
7978,处5万元以上20万元以下罚款,Unknown
7979,处4000元以上2万元以下罚款,Unknown
7980,2023年12月,Unknown
7981,慈善工作,Unknown
7982,本法和其他有关法律法规,Unknown
7983,"慈善组织,进行指导、监督",Unknown
7984,非道路移动机械大气污染防治,Unknown
7985,非道路移动机械的大气污染物排放状况,Unknown
7986,非道路移动机械,Unknown
7987,非道路移动机械使用地,Unknown
7988,非道路移动机械停放地,Unknown
7989,监督抽测,Unknown
7990,生产、使用消耗臭氧层物质数量较大,Unknown
7991,未按照规定安装自动监测设备并与生态环境主管部门的监控设备联网,Unknown
7992,应急管理部令第10号公布,Unknown
7993,熔融金属铸造环节未设置紧急排放和应急储存设施,Unknown
7994,五万元以上十万元以下的罚款,Unknown
7995,民办非企业单位,Unknown
7996,登记,Unknown
7997,涉嫌计量违法的物品,Unknown
7998,证据,Unknown
7999,对集中供热企业奖励,Unknown
8000,市、区县人民政府和开发区管理委员会,Unknown
8001,集中供热专项资金,Unknown
8002,集中供热的奖励和补贴,Unknown
8003,《西安市集中供热条例》（2020修正）,Unknown
8004,拒不执行紧急状态下的决定,Unknown
8005,阻碍执行职务,Unknown
8006,阻碍特种车辆通行,Unknown
8007,冲闯警戒带,Unknown
8008,警戒区,Unknown
8009,法律条文,Unknown
8010,一,Unknown
8011,二,Unknown
8012,三,Unknown
8013,四,Unknown
8014,"对危险化学品生产企业涉及""两重点一重大""的生产装置、储存设施外部安全防护距离不符合国家标准要求的行政处罚",Unknown
8015,《国家安全监管总局关于印发〈化工和危险化学品生产经营单位重大生产安全事故隐患判定标准（试行）〉和〈烟花爆竹生产经营单位重大生产安全事故隐患判定标准（试行）〉的通知》（安监总管三〔2017〕121 号）,Unknown
8016,《安全生产许可证条例》（国务院令第397号公布，2014年7月29日国务院令第653号修正）,Unknown
8017,游艺娱乐场所,Unknown
8018,设置未经文化主管部门内容核查的游戏游艺设备,Unknown
8019,奖品目录未报所在地县级文化主管部门备案,Unknown
8020,电子游戏机,Unknown
8021,游艺娱乐场所处以罚款,Unknown
8022,《条例》第四十八条予以处罚,Unknown
8023,《娱乐场所管理办法》,Unknown
8024,2013年2月文化部令第55号,Unknown
8025,2022年4月文化和旅游部令第9号,Unknown
8026,可能发生煤气泄漏的场所,Unknown
8027,可能发生煤气积聚的场所,Unknown
8028,固定式一氧化碳浓度监测报警装置,Unknown
8029,监测数据,Unknown
8030,24小时有人值守场所,Unknown
8031,应急管理部公布,Unknown
8032,全国人民代表大会常务委员会公布,Unknown
8033,处五万元以下罚款,Unknown
8034,处一万元以上二万元以下罚款,Unknown
8035,构成犯罪的人员,Unknown
8036,工业生产,Unknown
8037,可燃性气体,Unknown
8038,垃圾填埋,Unknown
8039,其他活动,Unknown
8040,回收利用,Unknown
8041,防治污染处理,Unknown
8042,可燃性气体回收利用装置,Unknown
8043,正常作业,Unknown
8044,《中华人民共和国水污染防治法》（2017年修正）,Unknown
8045,强制拆除,Unknown
8046,对医疗机构及有医疗卫生人员执业证书的人员未取得药品批准证明文件生产、进口药品,Unknown
8047,使用采取欺骗手段取得的药品批准证明文件生产、进口药品,Unknown
8048,使用未经审评审批的原料药生产药品,Unknown
8049,应当检验而未经检验即销售药品,Unknown
8050,生产、销售国务院药品监督管理部门禁止使用的药品的处罚,Unknown
8051,吊销娱乐经营许可证,Unknown
8052,对在学校卫生工作中成绩显著的单位和个人的奖励,Unknown
8053,西安市林木病虫害防治检疫站,Unknown
8054,擅自向社会发布林业有害生物预警预报或者灾情信息的行为,Unknown
8055,使用专用的密闭运载工具,Unknown
8056,牲畜胴体或者片鲜肉应当吊挂运输,Unknown
8057,畜类分割产品应当使用专用容器或者专用包装,Unknown
8058,运输有温度要求的畜类产品应当使用相应的低温运输工具,Unknown
8059,擅自在文物保护单位的保护范围内进行建设工程或者爆破、钻探、挖掘等作业,Unknown
8060,在文物保护单位的建设控制地带内进行建设工程，其工程设计方案未经文物行政部门同意、报城乡建设规划部门批准，对文物保护单位的历史风貌造成破坏的,Unknown
8061,擅自迁移、拆除不可移动文物的,Unknown
8062,擅自修缮不可移动文物，明显改变文物原状的,Unknown
8063,擅自在原址重建已全部毁坏的不可移动文物，造成文物破坏的,Unknown
8064,施工单位未取得文物保护工程资质证书，擅自从事文物修缮、迁移、重建的,Unknown
8065,地质灾害危险性评估,Unknown
8066,地质灾害治理工程,Unknown
8067,主体工程,Unknown
8068,第394号国务院令,Unknown
8069,专职安全生产管理人员,Unknown
8070,专业技术人员,Unknown
8071,未按照规定设置安全生产管理机构或者配备安全生产管理人员、注册安全工程师,Unknown
8072,对排放污染物的企事业单位及其他生产经营者的行政检查,Unknown
8073,《商标印制管理办法》第七条至第十条,Unknown
8074,物业服务区域划分资料,Unknown
8075,物业服务区域内建筑物面积清册,Unknown
8076,业主名册及联系方式,Unknown
8077,建筑规划总平面图,Unknown
8078,共用设施设备的交接资料,Unknown
8079,物业服务用房配置确认资料,Unknown
8080,其他有关的文件资料,Unknown
8081,陕西省物业服务管理条例,Unknown
8082,物业服务区域,Unknown
8083,"本条例第三十二条规定的,建设单位",Unknown
8084,县（市、区）住房和城乡建设主管部门,Unknown
8085,街道办事处或者乡（镇）人民政府,Unknown
8086,物业服务区域内公告,Unknown
8087,房地产中介服务机构,Unknown
8088,房地产中介服务机构代理销售不符合销售条件的商品房,Unknown
8089,停止销售,Unknown
8090,《商品房销售管理办法》,Unknown
8091,商品房现售应当符合的条件,Unknown
8092,商品房现售,Unknown
8093,"包括,现售商品房的房地产开发企业应当具有企业法人营业执照和房地产开发企业资质证书",Unknown
8094,"包括,取得土地使用权证书或者使用土地的批准文件",Unknown
8095,"包括,持有建设工程规划许可证和施工许可证",Unknown
8096,"包括,已通过竣工验收",Unknown
8097,"包括,拆迁安置已经落实",Unknown
8098,"包括,供水、供电、供热、燃气、通讯等配套基础设施具备交付使用条件,其他配套基础设施和公共设施具备交付使用条件或者已确定施工进度和交付日期",Unknown
8099,"包括,物业管理方案已经落实",Unknown
8100,肺结核疫情,Unknown
8101,非结核病定点医疗机构,Unknown
8102,确诊肺结核患者,Unknown
8103,疑似肺结核患者,Unknown
8104,转诊,Unknown
8105,结核病定点医疗机构,Unknown
8106,肺结核患者诊断治疗,Unknown
8107,疑似肺结核患者诊断治疗,Unknown
8108,接诊,Unknown
8109,隔离消毒制度,Unknown
8110,结核菌污染的痰液进行卫生处理,Unknown
8111,结核菌污染的污物进行卫生处理,Unknown
8112,结核菌污染的污水进行卫生处理,Unknown
8113,涉及肺结核患者个人隐私的有关信息和资料,Unknown
8114,涉及疑似肺结核患者个人隐私的有关信息和资料,Unknown
8115,涉及密切接触者个人隐私的有关信息和资料,Unknown
8116,对到站不停、拒载乘客、中途甩客或者在站点外随意停车上下客的行政处罚,Unknown
8117,对未按照核准票价收费或者未执行优惠乘车规定的行政处罚,Unknown
8118,对未按照规定播报线路名称、走向和停靠站名称以及提示安全注意事项的行政处罚,Unknown
8119,对未按照相关规定使用车内空调设备的行政处罚,Unknown
8120,对车辆因故障不能正常行驶，未组织乘客免费转乘同线路后续车辆的行政处罚,Unknown
8121,互联网信息服务提供者,Unknown
8122,其他法律、法规,Unknown
8123,新闻、出版、教育、卫生、药品监督管理和工商行政管理等有关主管部门,Unknown
8124,有关法律、法规,Unknown
8125,《互联网信息服务管理办法》,Unknown
8126,藏品档案,Unknown
8127,文物收藏单位藏品档案备案,Unknown
8128,2017,Unknown
8129,《陕西省文物保护条例》,Unknown
8130,博物馆,Unknown
8131,图书馆,Unknown
8132,其他文物收藏单位,Unknown
8133,县级以上地方人民政府文物行政部门,Unknown
8134,本行政区域内的馆藏文物档案,Unknown
8135,国家一级文物藏品档案,Unknown
8136,主管的文物行政主管部门,Unknown
8137,文物藏品档案副本,Unknown
8138,校车载人超过核定人数的处罚,Unknown
8139,校车安全管理条例,Unknown
8140,道路交通安全法律、法规关于道路通行规定,Unknown
8141,公路客运车辆,Unknown
8142,货运机动车,Unknown
8143,运输单位的车辆,Unknown
8144,对直接负责的主管人员处二千元以上五千元以下罚款,Unknown
8145,生产、储存、使用危险化学品的单位,Unknown
8146,未采取有效措施及时、妥善处置其危险化学品生产装置、储存设施以及库存的危险化学品，或者丢弃危险化学品的行为,Unknown
8147,5 万元以上 10 万元以下,Unknown
8148,国务院令第491号,Unknown
8149,医务人员,Unknown
8150,机械铲装作业,Unknown
8151,人工装运矿岩,Unknown
8152,自卸汽车,Unknown
8153,易燃、易爆物品,Unknown
8154,超载运输,Unknown
8155,装载与运输作业时,Unknown
8156,在驾驶室外侧、车斗内站人,Unknown
8157,"处,1万元以上3万元以下的罚款",Unknown
8158,《西安市户外广告设置管理条例》,Unknown
8159,未经许可擅自设置户外广告,Unknown
8160,"由城市管理部门责令限期拆除,没收违法所得,处1万元以上5万元以下罚款",Unknown
8161,户外广告设置权,Unknown
8162,招标、拍卖或者申请,Unknown
8163,对偷开他人机动车的处罚,Unknown
8164,封存可能被转移、隐匿或者损毁的文件、资料、账簿、凭证、电子设备等,Unknown
8165,被检查单位或者个人,Unknown
8166,造成严重水土流失,Unknown
8167,水政监督检查人员,Unknown
8168,要求被检查单位或者个人提供有关文件、证照、资料,Unknown
8169,要求被检查单位或者个人就预防和治理水土流失的有关情况作出说明,Unknown
8170,进入现场进行调查、取证,Unknown
8171,查封、扣押实施违法行为的工具及施工机械、设备等,Unknown
8172,非法聘用外国人的处罚,Unknown
8173,导游活动,Unknown
8174,欺骗,Unknown
8175,省、自治区、直辖市人民政府旅游行政部门,Unknown
8176,食品生产许可,Unknown
8177,《营业性演出管理条例实施细则》,Unknown
8178,第一款,Unknown
8179,第二十八条,Unknown
8180,县级文化主管部门,Unknown
8181,假唱,Unknown
8182,假唱、假演奏,Unknown
8183,假演奏,Unknown
8184,演员,Unknown
8185,演唱、演奏行为,Unknown
8186,监督人员,Unknown
8187,演出举办单位负责人,Unknown
8188,记录,Unknown
8189,县级以上人民政府住房城乡建设主管部门,Unknown
8190,安管人员持证上岗,Unknown
8191,安管人员教育培训,Unknown
8192,安管人员履行职责,Unknown
8193,限期登记,Unknown
8194,《中华人民共和国公司法》(2018年修订),Unknown
8195,公司成立后无正当理由超过六个月未开业的，或者开业后自行停业连续六个月以上的,Unknown
8196,公司登记事项发生变更时，未依照规定办理有关变更登记行为,Unknown
8197,船舶污染损害责任、沉船打捞责任保险文书或者财务担保证明,Unknown
8198,未取得,Unknown
8199,责令停航,Unknown
8200,重大灾害的气象成因鉴定,Unknown
8201,《陕西省气象条例》,Unknown
8202,各级气象主管机构,Unknown
8203,照明灯饰管理处,Unknown
8204,擅自迁移,Unknown
8205,损害城市道路照明设施的行为,Unknown
8206,拆卸,Unknown
8207,改动,Unknown
8208,《西安市市政工程设施管理条例》,Unknown
8209,损害城市照明设施的行为,Unknown
8210,废弃电器电子产品处理企业,Unknown
8211,不按照废弃电器电子产品处理资格证书的规定处理废弃电器电子产品的,Unknown
8212,废弃电器电子产品处理资格证书,Unknown
8213,将废弃电器电子产品提供或者委托给无废弃电器电子产品处理资格证书的单位和个人从事处理活动,Unknown
8214,《废弃电器电子产品处理资格许可管理办法》,Unknown
8215,旅客班轮运输业务经营者,Unknown
8216,"由,负责水路运输管理的部门责令改正",Unknown
8217,"对,拒不改正者撤销该项经营许可",Unknown
8218,对旅客班轮运输业务经营者自取得班轮航线经营许可之日起60日内未开航的行政处罚,Unknown
8219,旅客班轮运输业务经营者自取得班轮航线经营许可之日起60日内未开航的行政处罚,Unknown
8220,第四十五条,Unknown
8221,从业人员,Unknown
8222,消费者人身权利,Unknown
8223,民事责任,Unknown
8224,由原发证机关吊销娱乐经营许可证,Unknown
8225,相应或者更高准驾车型驾驶证三年以上的驾驶人陪同,Unknown
8226,机动车驾驶证申领和使用规定,Unknown
8227,公安部123号令,Unknown
8228,粘贴、悬挂实习标志或者残疾人机动车专用标志,Unknown
8229,驾驶人,Unknown
8230,大型客车、牵引车、城市公交车、中型客车、大型货车驾驶证,Unknown
8231,对建（构）筑物外立面不整洁、完好的经责令限期改正逾期未改正的代为修饰粉刷,Unknown
8232,建筑物、构筑物,Unknown
8233,整洁、完好,Unknown
8234,主要街道两侧和重点区域的建筑物、构筑物的外立面,Unknown
8235,逾期未改正,Unknown
8236,专业企业按照规定代为修饰粉刷,Unknown
8237,责任人承担,Unknown
8238,主要街道和重点区域的范围,Unknown
8239,市、县（区）人民政府确定并公布,Unknown
8240,《中华人民共和国人民警察法》第十七条第一款,Unknown
8241,县级以上人民政府公安机关,Unknown
8242,非水性漆,Unknown
8243,通风设施,Unknown
8244,受罚款,Unknown
8245,对废弃电器电子产品回收处理企业未建立废弃电器电子产品的数据信息管理系统等行为的行政处罚,Unknown
8246,《废弃电器电子产品回收处理管理条例》,Unknown
8247,所在地的设区的市级人民政府生态环境主管部门,Unknown
8248,由所在地的设区的市级人民政府生态环境主管部门责令限期改正,Unknown
8249,处理企业,Unknown
8250,未建立废弃电器电子产品的数据信息管理系统,Unknown
8251,未按规定报送基本数据和有关情况或者报送基本数据、有关情况不真实,Unknown
8252,未按规定期限保存基本数据,Unknown
8253,在禁止吸烟场所违规吸烟者,Unknown
8254,《西安市控制吸烟管理办法》第二十五条,Unknown
8255,控制吸烟监督管理部门,Unknown
8256,吸烟者给予警告,Unknown
8257,吸烟者处以罚款,Unknown
8258,盗窃、损坏、擅自移动航空设施,Unknown
8259,强行进入航空器驾驶舱,Unknown
8260,在航空器上使用禁用物品,Unknown
8261,盗窃、损坏、擅自移动使用中的航空设施,Unknown
8262,十日以上十五日以下拘留,Unknown
8263,在使用中的航空器上使用可能影响导航系统正常功能的器具、工具,Unknown
8264,"处,五日以下拘留或者五百元以下罚款",Unknown
8265,"县级以上地方人民政府环境保护主管部门,责令停止",Unknown
8266,"县级以上生态环境行政主管部门,责令停止",Unknown
8267,吸毒成瘾认定,Unknown
8268,市公安局禁毒支队,Unknown
8269,《吸毒成瘾认定办法》,Unknown
8270,有资质的戒毒医疗机构,Unknown
8271,虚报注册资本金额5%以上15%以下的罚款,Unknown
8272,虚假出资金额5%以上15%以下的罚款,Unknown
8273,发起人,Unknown
8274,股东,Unknown
8275,取得市场主体登记,Unknown
8276,未交付或者未按期交付作为出资的货币或者非货币财产,Unknown
8277,公司的发起人、股东,Unknown
8278,虚假出资金额,Unknown
8279,第一百九十九条,Unknown
8280,公司法,Unknown
8281,劣质农药,Unknown
8282,道路运输及其相关业务经营者和从业人员,Unknown
8283,将道路运输及其相关业务经营者和从业人员的违法行为记入信用记录，并公示,Unknown
8284,县级以上人民政府交通运输主管部门,Unknown
8285,《中华人民共和国道路运输条例》,Unknown
8286,对为偷越国(边,Unknown
8287,偷越国(边,Unknown
8288,虚假或者引人误解的商业宣传,Unknown
8289,欺骗、误导消费者,Unknown
8290,实施混淆行为,Unknown
8291,他人商品,Unknown
8292,他人服务,Unknown
8293,与他人存在特定联系,Unknown
8294,虚假信息,Unknown
8295,误导性信息,Unknown
8296,竞争对手的商业信誉,Unknown
8297,竞争对手的商品声誉,Unknown
8298,一般建设项目环境影响评价审批,Unknown
8299,直销管理条例,Unknown
8300,直销员,Unknown
8301,本条例第二十二条,Unknown
8302,直销员资格,Unknown
8303,1万元以上10万元以下的罚款,Unknown
8304,直销员证,Unknown
8305,推销合同,Unknown
8306,"不得进入,消费者住所",Unknown
8307,停止推销活动,Unknown
8308,"并离开,消费者住所",Unknown
8309,成交前,Unknown
8310,"向消费者详细介绍,本企业的退货制度",Unknown
8311,成交后,Unknown
8312,"向消费者提供,发票",Unknown
8313,"向消费者提供,售货凭证",Unknown
8314,售货凭证,Unknown
8315,退货制度,Unknown
8316,直销企业当地服务网点地址,Unknown
8317,电话号码,Unknown
8318,浮动设施,Unknown
8319,通航安全环境,Unknown
8320,海事管理机构的工作人员,Unknown
8321,有关单位或者个人,Unknown
8322,安全监督检查,Unknown
8323,执法证件,Unknown
8324,国土资源部令第44号公布,Unknown
8325,2019年7月自然资源部令第5号第三次修正,Unknown
8326,外包工程的技术交底,Unknown
8327,与外包工程安全生产相关的资料,Unknown
8328,第十三条的规定,Unknown
8329,外包工程技术交底,Unknown
8330,发包单位进行,Unknown
8331,发包单位提供,Unknown
8332,外包工程相关的资料,Unknown
8333,餐饮服务提供者的食品经营许可证,Unknown
8334,餐饮服务提供者的名称,Unknown
8335,餐饮服务提供者的地址,Unknown
8336,餐饮服务提供者的量化分级信息,Unknown
8337,菜品名称,Unknown
8338,主要原料名称,Unknown
8339,网络餐饮服务第三方平台提供者和入网餐饮服务提供者,Unknown
8340,城市建设填堵水域、废除围堤审核,Unknown
8341,《中华人民共和国防洪法》(2016修正),Unknown
8342,卫生主管部门或者兽医主管部门,Unknown
8343,关于实验室发生工作人员感染事故或者病原微生物泄漏事件的报告,Unknown
8344,实验室从事病原微生物相关实验活动造成实验室感染事故,Unknown
8345,预防、控制措施,Unknown
8346,流行病学调查,Unknown
8347,动物防疫监督机构,Unknown
8348,病人进行隔离治疗,Unknown
8349,相关人员进行医学检查,Unknown
8350,密切接触者进行医学观察,Unknown
8351,现场,Unknown
8352,现场消毒,Unknown
8353,染疫或者疑似染疫的动物,Unknown
8354,隔离、扑杀等措施,Unknown
8355,以商务、旅游、留学等名义组织劳务人员赴国外工作,Unknown
8356,允许其他单位或者个人以本企业的名义组织劳务人员赴国外工作,Unknown
8357,组织劳务人员赴国外从事与赌博、色情活动相关的处罚,Unknown
8358,《对外劳务合作管理条例》,Unknown
8359,由商务主管部门吊销其对外劳务合作经营资格证书,Unknown
8360,有,Unknown
8361,予以没收,Unknown
8362,执业兽医,Unknown
8363,2022年第6号令,Unknown
8364,"""存量房买卖合同网签备案""",Unknown
8365,"""西安市住房和城乡建设局""",Unknown
8366,水产苗种生产经营审批,Unknown
8367,《西安市城市地下综合管廊条例》,Unknown
8368,2021年8月1日,Unknown
8369,综合管廊工程,Unknown
8370,交付使用,Unknown
8371,百分之二以上百分之四以下,Unknown
8372,组织竣工验收,Unknown
8373,方可交付使用,Unknown
8374,违法生产经营的食品,Unknown
8375,食品添加剂,Unknown
8376,食品、食品添加剂货值金额不足一万元的,Unknown
8377,食品、食品添加剂货值金额一万元以上的,Unknown
8378,"食品、食品添加剂生产经营者,承担连带责任",Unknown
8379,国家旅游局发布,Unknown
8380,2016年12月国家旅游局第二次修改,Unknown
8381,提供领队服务,Unknown
8382,中华人民共和国矿产资源法实施细则,Unknown
8383,对强迫交易的处罚,Unknown
8384,《家庭服务业管理暂行办法》,Unknown
8385,家庭服务业处,Unknown
8386,服务项目,Unknown
8387,投诉监督电话,Unknown
8388,第556号,Unknown
8389,不使用全国统一的测绘基准和测绘系统或者不执行国家规定的测绘技术规范和标准,Unknown
8390,可以并处10万元以下罚款,Unknown
8391,负有直接责任的主管人员和其他直接责任人员,Unknown
8392,乡镇设立广播电视站和机关、部队、团体、企业事业单位设立有线广播电视站审批（初审）,Unknown
8393,历史建筑,Unknown
8394,审批,Unknown
8395,历史建筑实施原址保护审批,Unknown
8396,《历史文化名城名镇名村保护条例》,Unknown
8397,国务院令第524号,Unknown
8398,同级文物主管部门,Unknown
8399,对利用无防渗漏措施的沟渠、坑塘等输送或者存贮含有毒污染物的废水、含病原体的污水和其他废弃物的代履行,Unknown
8400,对学校管理存在混乱，存在重大安全隐患，情节严重或拒不改正的处罚,Unknown
8401,《学生伤害事故预防处理办法》,Unknown
8402,责令其限期整顿,Unknown
8403,给予相应的行政教育,Unknown
8404,对学校处1万元以上3万元以下罚款,Unknown
8405,给予行政处分,Unknown
8406,移交安置处,Unknown
8407,县级以上地方人民政府退役士兵安置工作主管部门,Unknown
8408,退役士兵,Unknown
8409,《退役士兵安置条例》,Unknown
8410,擅自占用、处置未经核准报废的公路、公路用地,Unknown
8411,违反本条例第十三条规定,Unknown
8412,公路所在地的国土资源行政主管部门,Unknown
8413,公路经核准报废后,Unknown
8414,停止施工,Unknown
8415,停止使用相关设施或者设备的决定,Unknown
8416,通知有关单位停止供电,Unknown
8417,通知有关单位停止供应民用爆炸物品,Unknown
8418,保证安全,Unknown
8419,本部门主要负责人批准,Unknown
8420,对尸检机构出具虚假尸检报告的处罚,Unknown
8421,县级以上人民政府卫生、司法行政部门,Unknown
8422,责令暂停尸检业务,Unknown
8423,给予或责令给予处分,Unknown
8424,尸检机构出具虚假尸检报告的处罚措施,Unknown
8425,特种设备检验检测机构和检验检测人员的资格,Unknown
8426,电梯及其安全保护装置经营单位,Unknown
8427,无设计文件,Unknown
8428,不符合安全技术规范要求,Unknown
8429,明知存在安全性能缺陷的电梯,Unknown
8430,经营单位,Unknown
8431,未经许可生产、未经检验或者检验不合格、不符合安全技术规范要求的产品,Unknown
8432,无设计文件、型式试验报告、安装及使用维修说明、产品质量合格证明的产品,Unknown
8433,淘汰、报废的产品,Unknown
8434,明知或者应当知道存在缺陷的产品,Unknown
8435,以假充真、以次充好、以旧充新、翻新拼装的产品,Unknown
8436,法律法规禁止经营的其他电梯及其安全保护装置,Unknown
8437,从业单位,Unknown
8438,安全生产责任,Unknown
8439,从业单位及相关责任人,Unknown
8440,《公路水运工程安全生产监督管理办法》,Unknown
8441,移送司法部门,Unknown
8442,《烟花爆竹生产企业安全生产许可证实施办法》,Unknown
8443,暂扣,Unknown
8444,吊销安全生产许可证,Unknown
8445,建设部,Unknown
8446,商品房预售款项,Unknown
8447,限期纠正,Unknown
8448,违法所得3倍以下但不超过3万元的罚款,Unknown
8449,"""档案执法监督检查""",Unknown
8450,"""行政检查""",Unknown
8451,"""西安市档案局""",Unknown
8452,"""档案事业发展处""",Unknown
8453,未经消除污染处理，将收集、贮存、运输、处置危险废物的场所、设施、设备和容器、包装物及其他物品转作他用,Unknown
8454,所需处置费用三倍以上五倍以下，所需处置费用不足二十万元的，按二十万元计算,Unknown
8455,重点排污单位不公开或者不如实公开自动监测数据,Unknown
8456,变造,Unknown
8457,冒用,Unknown
8458,转让,Unknown
8459,涂改,Unknown
8460,在其出具的认证证书上自行编制认证证书编号,Unknown
8461,有机产品认证管理办法,Unknown
8462,按要求及时向信息系统报送有机产品认证相关信息,Unknown
8463,认证证书编号,Unknown
8464,未依法履行备案义务的处罚,Unknown
8465,保安培训机构管理办法,Unknown
8466,名称,Unknown
8467,住所,Unknown
8468,校长,Unknown
8469,投资主体,Unknown
8470,培训类型,Unknown
8471,保安学员实习时间,Unknown
8472,培训时间的三分之一,Unknown
8473,保安服务,Unknown
8474,"以实习名义变相提供,保安服务",Unknown
8475,规范的培训合同,Unknown
8476,"如实告知,可能存在的就业风险",Unknown
8477,保安培训合同式样,Unknown
8478,保安培训机构所在地设区的市级人民政府公安机关,Unknown
8479,"限期改正,保安培训机构",Unknown
8480,县级以上人口和计划生育行政部门,Unknown
8481,挤占、截留、挪用、贪污药具专项经费,Unknown
8482,收受计划生育药具生产企业或者计划生育药具供应商回扣、贿赂,Unknown
8483,将国家免费提供的计划生育药具流入市场销售,Unknown
8484,由于管理不善，造成计划生育药具变质、损毁、过期、积压、浪费,Unknown
8485,虚报计划生育药具需求计划和统计报表，套取计划生育药具和经费,Unknown
8486,为计划生育药具生产企业或者计划生育药具供应商出具虚假质量检测报告,Unknown
8487,违反本办法规定的其他行为,Unknown
8488,矿山企业领导,Unknown
8489,罚款3万元,Unknown
8490,按照擅离职守处理,Unknown
8491,罚款1万元,Unknown
8492,烧窑,Unknown
8493,烧荒,Unknown
8494,抛锚,Unknown
8495,拖锚,Unknown
8496,炸鱼,Unknown
8497,挖沙作业,Unknown
8498,《中华人民共和国政府采购法》,Unknown
8499,政府采购监督管理部门,Unknown
8500,"集中采购机构,进行,业绩考核",Unknown
8501,"进行,通报",Unknown
8502,直接负责的人员,Unknown
8503,集中采购机构,Unknown
8504,"政府采购监督管理部门,考核中,虚报业绩",Unknown
8505,"政府采购监督管理部门,考核中,隐瞒真实情况",Unknown
8506,通报,Unknown
8507,取消代理采购资格,Unknown
8508,无理抗拒、阻挠劳动保障行政部门实施劳动保障监察的处罚,Unknown
8509,典当行,Unknown
8510,依法被查封、扣押或者已经被采取其他保全措施的财产,Unknown
8511,赃物和来源不明的物品,Unknown
8512,易燃、易爆、剧毒、放射性物品及其容器,Unknown
8513,管制刀具，枪支、弹药，军、警用标志、制式服装和器械,Unknown
8514,国家机关公文、印章及其管理的财物,Unknown
8515,国家机关核发的除物权证书以外的证照及有效身份证件,Unknown
8516,当户没有所有权或者未能依法取得处分权的财产,Unknown
8517,法律、法规及国家有关规定禁止流通的自然资源或者其他财物,Unknown
8518,《典当管理办法》,Unknown
8519,典当行不得收当的财物,Unknown
8520,典当行的处罚,Unknown
8521,典当行违反第二十七条,Unknown
8522,典当行违反第五十二条,Unknown
8523,《中小学幼儿园安全管理办法》,Unknown
8524,教育、公安、司法行政、建设、交通、文化、卫生、工商、质检、新闻出版等部门,Unknown
8525,"依法履行学校周边治理和学校安全的监督与管理职责,权力类型",Unknown
8526,"应当视情况联合或者分别给予表彰、奖励,权力类型",Unknown
8527,《陕西省消费者权益保护条例》第二十四条第二款,Unknown
8528,《陕西省消费者权益保护条例》第三十三条第一项至第十三项,Unknown
8529,《陕西省消费者权益保护条例》第三十四条,Unknown
8530,职业卫生技术服务机构监督检查,Unknown
8531,《商品量计量违法行为处罚规定》,Unknown
8532,收购者,Unknown
8533,实际量,Unknown
8534,贸易结算量,Unknown
8535,20000元,Unknown
8536,历史文化街区,Unknown
8537,名镇,Unknown
8538,名村核心保护范围内,Unknown
8539,拆除历史建筑以外的建筑物,Unknown
8540,拆除构筑物,Unknown
8541,拆除其他设施,Unknown
8542,名城保护和风景名胜处,Unknown
8543,对在学校卫生工作中成绩显著的单位或者个人的表彰奖励,Unknown
8544,各级教育、卫生行政部门和学校,Unknown
8545,在学校卫生工作中成绩显著的单位或者个人,Unknown
8546,法律、法规、规章,Unknown
8547,场所管理制度,Unknown
8548,宗教活动场所登记项目变更情况,Unknown
8549,宗教活动和涉外活动情况,Unknown
8550,"从事服装干洗和机动车维修等服务活动,未设置异味和废气处理装置等污染防治设施并保持正常使用,影响周边环境",Unknown
8551,从事服装干洗和机动车维修等服务活动的企业,Unknown
8552,拒不改正的企业,Unknown
8553,监测仪器定期检定合格证明,Unknown
8554,专用车辆投保危险货物承运人责任险情况,Unknown
8555,《放射性物品道路运输管理规定》,Unknown
8556,排除妨碍,Unknown
8557,危害交通安全,Unknown
8558,造成环境污染,Unknown
8559,破坏自然资源,Unknown
8560,《中华人民共和国行政强制法》,Unknown
8561,经营广播电视节目传送业务检查（初审）,Unknown
8562,国有建设用地使用权及房屋所有权注销登记,Unknown
8563,疫苗安全的监督检查,Unknown
8564,疫苗研制、生产、流通和预防接种全过程进行监督管理,Unknown
8565,疫苗研制、生产、储存、运输以及预防接种中的疫苗质量进行监督检查,Unknown
8566,免疫规划制度的实施、预防接种活动进行监督检查,Unknown
8567,疫苗上市许可持有人的现场检查,Unknown
8568,为疫苗研制、生产、流通等活动提供产品或者服务的单位和个人进行延伸检查,Unknown
8569,拒绝和隐瞒,Unknown
8570,盗窃、损毁、擅自移动铁路设施、设备、机车车辆配件、安全标志,Unknown
8571,在铁路线上放置障碍物,Unknown
8572,故意向列车投掷物品,Unknown
8573,在铁路沿线非法挖掘坑穴、采石取沙,Unknown
8574,在铁路线路上私设道口、平交过道,Unknown
8575,盗窃、损毁或者擅自移动铁路设施、设备、机车车辆配件或者安全标志,Unknown
8576,对未按广播电视视频点播业务许可证载明的事项从事视频点播业务,Unknown
8577,"未经批准,擅自变更许可证事项、股东及持股比例或者需终止开办视频点播业务",Unknown
8578,播放不符合本办法规定的广播电视节目,Unknown
8579,未按本办法规定播放视频点播节目的,Unknown
8580,"违反本办法规定,有重要事项发生变更未在规定期限内通知原发证机关",Unknown
8581,"违反本办法规定,播出前端未按规定与广播电视行政部门监控系统进行联网行为的行政处罚",Unknown
8582,巡游出租汽车经营服务管理规定,Unknown
8583,完成政府指令性运输任务成绩突出的经营者和驾驶员,Unknown
8584,经营管理、品牌建设、文明服务成绩显著的经营者和驾驶员,Unknown
8585,拾金不昧、救死扶伤、见义勇为的经营者和驾驶员,Unknown
8586,施工图设计文件审查机构,Unknown
8587,虚假审查合格书,Unknown
8588,审查合格书无效,Unknown
8589,3万元罚款,Unknown
8590,省、自治区、直辖市人民政府住房城乡建设主管部门,Unknown
8591,审查机构名录,Unknown
8592,审查人员,Unknown
8593,签字,Unknown
8594,已实行执业注册制度的专业的审查人员,Unknown
8595,《建设工程质量管理条例》第七十二条,Unknown
8596,《建设工程安全生产管理条例》第五十八条,Unknown
8597,未按照安全技术规范的要求对电梯进行校验、调试的,Unknown
8598,对电梯的安全运行情况进行跟踪调查和了解时，发现存在严重事故隐患，未及时告知电梯使用单位并向负责特种设备安全监督管理的部门报告的,Unknown
8599,《中华人民共和国特种设备安全法》第八十条,Unknown
8600,电梯制造单位的法律责任,Unknown
8601,兽用生物制品生产,Unknown
8602,兽用生物制品经营,Unknown
8603,兽用生物制品使用,Unknown
8604,《兽用生物制品经营管理办法》,Unknown
8605,全国兽用生物制品的监督管理工作,Unknown
8606,本行政区域内兽用生物制品的监督管理工作,Unknown
8607,兽用生物制品生产、经营企业和使用者监督检查,Unknown
8608,发现有违反,Unknown
8609,《兽药管理条例》和本办法规定情形,Unknown
8610,爆破作业人员资格许可,Unknown
8611,爆破作业单位,Unknown
8612,爆破作业人员进行专业技术培训,Unknown
8613,爆破作业人员进行考核,Unknown
8614,爆破作业人员,Unknown
8615,《爆破作业人员许可证》,Unknown
8616,考核合格后的结果,Unknown
8617,买卖或者伪造、变造《报废汽车回收证明},Unknown
8618,由公安机关没收违法所得,Unknown
8619,并处1万元以上5万元以下的罚款,Unknown
8620,"属报废汽车回收企业,情节严重的,由原审批发证部门分别吊销《资格认定书》、《特种行业许可证》、营业执照",Unknown
8621,公路桥梁（含桥下空间）,Unknown
8622,公路隧道,Unknown
8623,涵洞,Unknown
8624,开采回采率,Unknown
8625,选矿回收率,Unknown
8626,共伴生矿产综合利用率,Unknown
8627,破坏性的开采方法,Unknown
8628,矿产资源法,Unknown
8629,矿产资源严重破坏,Unknown
8630,采矿贫化率,Unknown
8631,矿石损失,Unknown
8632,责令其限期改正,Unknown
8633,吊销采矿许可证,Unknown
8634,收藏条件,Unknown
8635,国务院自然资源主管部门,Unknown
8636,代为收藏,Unknown
8637,自然资源部,Unknown
8638,原收藏单位,Unknown
8639,代为收藏费用,Unknown
8640,归侨、侨眷身份认定,Unknown
8641,归侨、侨眷的身份认定,Unknown
8642,其常住户口所在地的县级以上地方人民政府负责侨务工作的机构根据本人申请审核认定,Unknown
8643,查封扣押权,Unknown
8644,《中华人民共和国商标法》(2019年修订),Unknown
8645,查处权,Unknown
8646,违法嫌疑证据,Unknown
8647,案件查处,Unknown
8648,《中华人民共和国价格法》,Unknown
8649,"拒绝按照规定提供监督检查所需资料或者提供虚假资料的,责令改正,予以警告；逾期不改正的,可以处以罚款",Unknown
8650,对工程施工单位未编制建筑垃圾处理方案报备案的行政处罚,Unknown
8651,工程施工单位,Unknown
8652,建筑垃圾处理方案,Unknown
8653,县级以上地方人民政府环境卫生主管部门,Unknown
8654,违反本法规定的行为,Unknown
8655,工程施工单位未编制建筑垃圾处理方案报备案,Unknown
8656,未及时清运施工过程中产生的固体废物,Unknown
8657,五万元以上五十万元以下,Unknown
8658,一百元以上五百元以下,Unknown
8659,擅自修建水工程,Unknown
8660,建设桥梁,Unknown
8661,码头,Unknown
8662,拦河建筑物,Unknown
8663,跨河建筑物,Unknown
8664,临河构筑物,Unknown
8665,铺设跨河管道,Unknown
8666,电缆,Unknown
8667,环境污染,Unknown
8668,生态破坏,Unknown
8669,生产经营劣种子违法行为的处罚,Unknown
8670,社会组织专项抽查,Unknown
8671,对未及时向保藏机构提供菌(毒,Unknown
8672,《动物病原微生物菌(毒,Unknown
8673,《动物病原微生物菌(毒)种保藏管理办法》,Unknown
8674,2008年11月,Unknown
8675,2022年1月,Unknown
8676,未及时向保藏机构提供菌(毒,Unknown
8677,"单位,一万元以上三万元以下罚款",Unknown
8678,"个人,五百元以上一千元以下罚款",Unknown
8679,对扰乱、阻碍矿山地质环境保护与治理恢复工作，侵占、损坏、损毁矿山地质环境监测设施或者矿山地质环境保护与治理恢复设施的行政处罚,Unknown
8680,项目研究者,Unknown
8681,涉及人的生物医学研究伦理审查办法,Unknown
8682,中华人民共和国文物保护法,Unknown
8683,第七十二条,Unknown
8684,予以制止,Unknown
8685,没收非法经营的文物,Unknown
8686,违法经营额五万元以上的,Unknown
8687,违法经营额二倍以上五倍以下,Unknown
8688,违法经营额不足五万元的,Unknown
8689,二万元以上十万元以下,Unknown
8690,对网络餐饮服务第三方平台提供者未对入网餐饮服务提供者的食品经营许可证进行审查,Unknown
8691,未登记入网餐饮服务提供者的名称、地址、法定代表人或者负责人及联系方式等信息,Unknown
8692,入网餐饮服务提供者食品经营许可证载明的经营场所等许可信息不真实,Unknown
8693,未与入网餐饮服务提供者签订食品安全协议行为的行政处罚,Unknown
8694,《国家安全监视总局关于印发〈化工和危险化学品生产经营单位重大生产安全事故隐患判定标准（试行）〉和〈烟花爆竹生产经营单位重大生产安全事故隐患判定标准（试行）〉的通知》,Unknown
8695,零售点与居民居住场所设置在同一建筑物内或者在零售场所使用明火,Unknown
8696,违反出境入境管理,Unknown
8697,拘留审查,Unknown
8698,《中华人民共和国出境入境管理法》第60条,Unknown
8699,本法第五十九条第一款规定情形之一,Unknown
8700,拘留审查决定书,Unknown
8701,二十四小时内进行询问,Unknown
8702,不应当拘留审查,Unknown
8703,立即解除拘留审查,Unknown
8704,拘留审查期限,Unknown
8705,可以延长至六十日,Unknown
8706,国籍、身份不明的外国人,Unknown
8707,自查清其国籍、身份之日起计算,Unknown
8708,下列情形之一,Unknown
8709,患有严重疾病的,Unknown
8710,怀孕或者哺乳自己不满一周岁婴儿的,Unknown
8711,未满十六周岁或者已满七十周岁的,Unknown
8712,不宜适用拘留审查的其他情形,Unknown
8713,被限制活动范围的外国人,Unknown
8714,接受审查,Unknown
8715,"不得离开,限定的区域",Unknown
8716,限制活动范围期限,Unknown
8717,六十日,Unknown
8718,对未依法签订消防技术服务合同的处罚,Unknown
8719,承接业务未依法与委托人签订消防技术服务合同的处罚,Unknown
8720,承接业务,Unknown
8721,消防技术服务合同,Unknown
8722,隐瞒有关情况或者提供虚假材料申请建设项目安全审查,Unknown
8723,采用欺骗、贿赂等不正当手段取得建设项目安全审查,Unknown
8724,建设单位隐瞒有关情况或者提供虚假材料申请建设项目安全审查,Unknown
8725,建设单位采用欺骗、贿赂等不正当手段取得建设项目安全审查,Unknown
8726,隐瞒有关情况或者提供虚假材料申请行政许可,Unknown
8727,行政许可申请人隐瞒有关情况或者提供虚假材料申请行政许可,Unknown
8728,行政许可申请,Unknown
8729,属于直接关系公共安全、人身健康、生命财产安全事项,Unknown
8730,申请人在一年内,Unknown
8731,以欺骗、贿赂等不正当手段取得行政许可,Unknown
8732,被许可人以欺骗、贿赂等不正当手段取得行政许可,Unknown
8733,取得的行政许可,Unknown
8734,缩短停留期限,Unknown
8735,限期离境,Unknown
8736,遣送出境,Unknown
8737,市级或者分县局出入境管理部门,Unknown
8738,《中华人民共和国出境入境管理法》,Unknown
8739,"被处限期出境,未在规定期限内离境",Unknown
8740,有不准入境情形,Unknown
8741,非法居留、非法就业,Unknown
8742,违反本法或者其他法律、行政法规需要遣送出境,Unknown
8743,其他境外人员,Unknown
8744,被遣送出境的人员,Unknown
8745,不准入境,Unknown
8746,来大陆的台湾居民,Unknown
8747,本办法的规定或者有其他违法犯罪行为,Unknown
8748,不予批准情形之一,Unknown
8749,打击报复举报人、投诉人,Unknown
8750,汽车销售供应商,Unknown
8751,国务院商务主管部门全国汽车流通信息管理系统,Unknown
8752,崩塌,Unknown
8753,滑坡危险区,Unknown
8754,泥石流易发区,Unknown
8755,水土流失,Unknown
8756,生活垃圾收集,Unknown
8757,生活垃圾,Unknown
8758,生活垃圾运输,Unknown
8759,违反本条例第二十九条第六项规定,Unknown
8760,将已经分类投放的生活垃圾混合收集、运输,Unknown
8761,危险化学品安全使用许可,Unknown
8762,设有食堂的单位,Unknown
8763,未制定或者未实施防止食品浪费措施,Unknown
8764,县级以上地方人民政府指定的部门,Unknown
8765,中华人民共和国反食品浪费法,Unknown
8766,对非宗教团体、非宗教院校、非宗教活动场所、非指定的临时活动地点组织、举行宗教活动，接受宗教性捐赠的处罚,Unknown
8767,民族一处、宗教一处、宗教二处,Unknown
8768,非宗教团体、非宗教院校、非宗教活动场所、非指定的临时活动地点组织、举行宗教活动，接受宗教性捐赠的，由宗教事务部门会同公安、民政、建设、教育、文化、旅游、文物等有关部门责令停止活动；有违法所得、非法财物的，没收违法所得和非法财物，可以并处违法所得1倍以上3倍以下的罚款；违法所得无法确定的，处5万元以下的罚款；构成犯罪的，依法追究刑事责任,Unknown
8769,处2万元以上10万元以下的罚款,Unknown
8770,责任船员给予暂扣适任证书或者其他适任证件6个月以上直至吊销适任证书或者其他适任证件的处罚,Unknown
8771,超载运输的船舶强制卸载,Unknown
8772,"船舶所有人或者经营人承担,卸货费、存货费、旅客安置费和船舶监管费",Unknown
8773,重大伤亡事故或者造成其他严重后果,Unknown
8774,对违反规定发布广告的行政处罚,Unknown
8775,测绘成果提供,Unknown
8776,测绘成果保管单位,Unknown
8777,保障测绘成果完整和安全,Unknown
8778,测绘成果,Unknown
8779,适用保密法律、行政法规,Unknown
8780,按照国务院和中央军事委员会规定审批程序执行,Unknown
8781,擅自引进外商投资,Unknown
8782,设立服务网点未在规定期限内备案,Unknown
8783,旅行社及其分社、服务网点未悬挂旅行社业务经营许可证、备案登记证明,Unknown
8784,擅自引进外商投资、设立服务网点未在规定期限内备案，或者旅行社及其分社、服务网点未悬挂旅行社业务经营许可证、备案登记证明,Unknown
8785,外商投资旅行社,Unknown
8786,《条例》第三章的规定,Unknown
8787,不得引进外商投资,Unknown
8788,设立社,Unknown
8789,服务网点的《营业执照》及服务网点经理的履历表和身份证明,Unknown
8790,服务网点所在地工商行政管理部门,Unknown
8791,服务网点设立登记,Unknown
8792,服务网点所在地与工商登记同级的旅游行政管理部门,Unknown
8793,没有同级的旅游行政管理部门,Unknown
8794,旅行社业务经营许可证、《旅行社分社备案登记证明》或者《旅行社服务网点备案登记证明》,Unknown
8795,经营场所的显要位置,Unknown
8796,违法生产、储存、使用、经营危险化学品的场所,Unknown
8797,违法生产、储存、使用、经营、运输的危险化学品以及用于违法生产、使用、运输危险化学品的原材料、设备、运输工具,Unknown
8798,危险化学品,Unknown
8799,危险化学品生产、储存、经营、运输企业,Unknown
8800,危险化学品经营企业违法采购危险化学品的行为,Unknown
8801,危险化学品的生产、储存、使用、经营、运输,Unknown
8802,对危险化学品的生产、储存、使用、经营、运输实施安全监督管理的有关部门,Unknown
8803,危险化学品的生产、储存、使用、经营、运输实施安全监督管理的有关部门,Unknown
8804,第六条,Unknown
8805,查封违法生产、储存、使用、经营危险化学品的场所,Unknown
8806,扣押违法生产、储存、使用、经营、运输的危险化学品以及用于违法生产、使用、运输危险化学品的原材料、设备、运输工具,Unknown
8807,立案阶段责任,Unknown
8808,检查中发现或者接到举报,Unknown
8809,调查阶段责任,Unknown
8810,对立案的案件,Unknown
8811,审查阶段责任,Unknown
8812,应当对案件违法事实,Unknown
8813,告知阶段责任,Unknown
8814,书面告知当事人,Unknown
8815,决定阶段责任,Unknown
8816,根据审理情况决定是否予以行政惩罚,Unknown
8817,送达阶段责任,Unknown
8818,行政惩罚决定书按法律规定的方式和时限送达当事人,Unknown
8819,执行阶段责任,Unknown
8820,"监督当事人在决定的期限内,履行生效的行政惩罚决定",Unknown
8821,药品类易制毒化学品生产企业,Unknown
8822,麻醉药品区域性批发企业,Unknown
8823,药品类易制毒化学品,Unknown
8824,县级以上食品药品监督管理部门,Unknown
8825,《药品类易制毒化学品管理办法》,Unknown
8826,生猪定点屠宰厂(场),Unknown
8827,生猪定点屠宰厂(场)的法定代表人(负责人),Unknown
8828,生猪定点屠宰厂(场)的直接负责的主管人员和其他直接责任人员,Unknown
8829,生猪屠宰管理活动,Unknown
8830,因食品安全犯罪被判处有期徒刑以上刑罚的人员,Unknown
8831,水利工程法人验收质量评定结论核备,Unknown
8832,西安市水务工程质量与安全监督站,Unknown
8833,《水利工程质量管理规定（水利部令52号）第五十七条},Unknown
8834,《水利工程建设项目验收管理规定》（水利部令第30号，2017修正）第十六条,Unknown
8835,《水利工程建设项目验收管理规定》（水利部令第30号，2017修正）第十七条,Unknown
8836,不予许可,Unknown
8837,撤销其资质,Unknown
8838,《家用汽车产品修理、更换、退货责任规定》,Unknown
8839,国家市场监督管理总局令第43号,Unknown
8840,未按照本规定第二章规定履行经营者义务,Unknown
8841,对涉嫌特殊标志侵权行为的监督检查,Unknown
8842,《特殊标志管理条例》,Unknown
8843,特殊标志侵权案件,Unknown
8844,检查与侵权活动有关的物品,Unknown
8845,调查与侵权活动有关的行为,Unknown
8846,查阅、复制与侵权活动有关的合同、帐册等业务资料,Unknown
8847,放射诊疗许可,Unknown
8848,诊疗科目登记,Unknown
8849,规定进行校验,Unknown
8850,放射诊疗项目,Unknown
8851,"批准范围从事,放射诊疗工作",Unknown
8852,"根据情节处以,罚款",Unknown
8853,"吊销,《医疗机构执业许可证》",Unknown
8854,国家卫生和计划生育委员会,Unknown
8855,《陕西省道路运输管理条例》,Unknown
8856,第十条第二款,Unknown
8857,客运班车应当在规定位置放置客运标志牌,Unknown
8858,客运班车应当张贴票价表,Unknown
8859,客运班车应当标明经营单位和监督举报电话,Unknown
8860,县级以上道路运输管理机构,Unknown
8861,客运班车未在规定位置放置客运标志牌进行处罚,Unknown
8862,客运班车,Unknown
8863,客运标志牌,Unknown
8864,经营单位和监督举报电话,Unknown
8865,无卫生许可批准文件的涉及饮用水卫生安全的产品,Unknown
8866,医疗机构投诉管理工作监督检查,Unknown
8867,《医疗机构投诉管理办法》,Unknown
8868,国家卫生健康委员会令第3号公布,Unknown
8869,紧急排放和应急储存设施,Unknown
8870,国家市场监督管理总局令第32号公布,Unknown
8871,"由县级以上市场监督管理部门责令改正,可以处一万元以下罚款",Unknown
8872,公示促销规则,Unknown
8873,公示促销期限,Unknown
8874,对消费者不利的限制性条件,Unknown
8875,交易场所提供者,Unknown
8876,相应方案,Unknown
8877,促销规则,Unknown
8878,促销期限,Unknown
8879,场所内(平台内,Unknown
8880,道路危险货物运输企业,Unknown
8881,伪造、变造、出租、出借、买卖营业性演出许可证、批准文件,Unknown
8882,吊销、撤销,Unknown
8883,营业性演出许可证、批准文件,Unknown
8884,伪造、变造、出租、出借、买卖,Unknown
8885,非法手段取得,Unknown
8886,营业性演出门票,Unknown
8887,伪造、变造,Unknown
8888,出租、转让频率、频段，擅自变更广播电视发射台、转播台技术参数,Unknown
8889,《广播电视管理条例》,Unknown
8890,广播电视发射台、转播台擅自播放自办节目、插播广告,Unknown
8891,未经批准，擅自利用卫星方式传输广播电视节目,Unknown
8892,未经批准，擅自以卫星等传输方式进口、转播境外广播电视节目,Unknown
8893,未经批准，擅自利用有线广播电视传输覆盖网播放节目,Unknown
8894,未经批准，擅自进行广播电视传输覆盖网的工程选址、设计、施工、安装,Unknown
8895,侵占、干扰广播电视专用频率，擅自截传、干扰、解扰广播电视信号,Unknown
8896,违法所得和从事违法活动的专用工具、设备,Unknown
8897,原批准机关,Unknown
8898,批准范围从事认证活动,Unknown
8899,"减少,遗漏认证基本规范、认证规则规定的程序",Unknown
8900,有效的跟踪调查,Unknown
8901,未经认可机构注册的人员,Unknown
8902,与认证有关的检查机构、实验室,Unknown
8903,"""集体建设用地使用权及房屋所有权转移登记""",Unknown
8904,文物商店,Unknown
8905,文物商店设立审批,Unknown
8906,省文物局,Unknown
8907,设区的市级文物部门,Unknown
8908,医疗机构医疗质量管理情况监督检查,Unknown
8909,《医疗质量管理办法》,Unknown
8910,对本行政区域医疗机构医疗质量管理情况的监督检查,Unknown
8911,野生动物,Unknown
8912,巢、穴、洞,Unknown
8913,周边栖息环境,Unknown
8914,生态廊道,Unknown
8915,县级以上野生动物保护主管部门,Unknown
8916,限期恢复原状,Unknown
8917,代为履行,Unknown
8918,陆生野生动物保护工作,Unknown
8919,水生野生动物保护工作,Unknown
8920,野生动物保护管理的专管或者兼管机构,Unknown
8921,特殊工种退休条件,Unknown
8922,《陕西省渭河流域管理条例》(2018修正,Unknown
8923,渭河流域治理和保护工作,Unknown
8924,在渭河流域治理和保护工作中做出显著成绩的单位和个人,Unknown
8925,发生职业病危害事故或者有证据证明危害状态可能导致职业病危害事故发生时,Unknown
8926,临时控制措施,Unknown
8927,责令暂停导致职业病危害事故的作业,Unknown
8928,封存造成职业病危害事故或者可能导致职业病危害事故发生的材料和设备,Unknown
8929,组织控制职业病危害事故现场,Unknown
8930,控制措施,Unknown
8931,《中华人民共和国职业病防治法》,Unknown
8932,未经定点从事牲畜屠宰活动等行为,Unknown
8933,具有药品生产、经营资格的企业购进药品,Unknown
8934,违法购进的药品,Unknown
8935,违法购进药品货值金额,Unknown
8936,医疗机构执业许可证,Unknown
8937,森林草原防火期内在森林草原防火区爆破、勘察和施工等活动审批,Unknown
8938,林业改革发展处,Unknown
8939,森林防火期,Unknown
8940,时间范围,Unknown
8941,森林防火区,Unknown
8942,地点,Unknown
8943,野外用火,Unknown
8944,活动,Unknown
8945,省、自治区、直辖市人民政府林业主管部门,Unknown
8946,批准部门,Unknown
8947,《草原防火条例》,Unknown
8948,草原防火期,Unknown
8949,草原,Unknown
8950,草原上,Unknown
8951,县级以上地方人民政府草原防火主管部门,Unknown
8952,未经卫生调查进行施工,Unknown
8953,未按照疾病预防控制机构的意见采取必要的传染病预防、控制措施,Unknown
8954,中华人民共和国传染病防治法,Unknown
8955,2013年6月,Unknown
8956,三万元以上十万元以下,Unknown
8957,有关人民政府,Unknown
8958,责令停建,Unknown
8959,非法集资,Unknown
8960,与入学关联的费用,Unknown
8961,所收费用后,Unknown
8962,1至5年内不得新成为民办学校举办者或实际控制人、决策机构或者监督机构组成人员,Unknown
8963,情节特别严重、社会影响恶劣,Unknown
8964,永久不得新成为民办学校举办者或实际控制人、决策机构或者监督机构组成人员,Unknown
8965,拆除人民防空工程后拒不补建的处罚,Unknown
8966,陕西省实施中华人民共和国人民防空法办法,Unknown
8967,《中华人民共和国自然保护区条例》,Unknown
8968,对本行政区域内各类自然保护区的管理进行监督检查,Unknown
8969,县级以上人民政府有关自然保护区行政主管部门,Unknown
8970,对其主管的自然保护区的管理进行监督检查,Unknown
8971,被检查的单位,Unknown
8972,必要的资料,Unknown
8973,检查者,Unknown
8974,被检查的单位保守技术秘密和业务秘密,Unknown
8975,对在秦岭范围内新建、扩建经营性公墓的行政检查,Unknown
8976,社会事务处,Unknown
8977,食盐零售单位,Unknown
8978,散装食盐,Unknown
8979,餐饮服务提供者,Unknown
8980,《食盐质量安全监督管理办法》,Unknown
8981,任何实体,Unknown
8982,对侵占、破坏水源和抗旱设施行为的行政处罚,Unknown
8983,中华人民共和国抗旱条例,Unknown
8984,依法承担民事责任,Unknown
8985,犯罪行为,Unknown
8986,2008年10月9日,Unknown
8987,乳制品销售者,Unknown
8988,乳制品,Unknown
8989,已经售出的乳制品,Unknown
8990,追回情况,Unknown
8991,追回,Unknown
8992,销售的乳制品,Unknown
8993,乳制品生产企业,Unknown
8994,违法乳制品,Unknown
8995,相关的工具、设备等物品,Unknown
8996,违法乳制品货值金额15倍以上30倍以下,Unknown
8997,县级以上地方人民政府卫生主管部门、兽医主管部门,Unknown
8998,实验室设立单位,Unknown
8999,安全保卫制度,Unknown
9000,安全保卫措施,Unknown
9001,高致病性病原微生物菌(毒,Unknown
9002,"对该实验室设立单位的直接负责的主管人员和其他直接责任人员,依法给予降级、撤职、开除的处分",Unknown
9003,"对该实验室,责令停止该项实验活动",Unknown
9004,"该实验室,2年内不得申请从事高致病性病原微生物实验活动",Unknown
9005,"该实验室设立单位的直接负责的主管人员和其他直接责任人员,依法给予降级、撤职、开除的处分",Unknown
9006,《西安市城市供水用水条例》（2017修正）,Unknown
9007,连接供水,Unknown
9008,燃气管道设施的批准,Unknown
9009,《药品管理法》第八十五条,Unknown
9010,孤儿基本生活费给付,Unknown
9011,国家规定的卫生标准和要求,Unknown
9012,《中华人民共和国献血法》第二十条,Unknown
9013,考生违反考场纪律,Unknown
9014,传抄、夹带、偷换试卷,Unknown
9015,假报姓名、年龄、学历、工龄、民族、身份证明、学籍等,Unknown
9016,伪造有关资料，弄虚作假,Unknown
9017,其他严重舞弊行为,Unknown
9018,对擅自操作公用燃气阀门的行政处罚,Unknown
9019,燃气用户及相关单位和个人,Unknown
9020,擅自操作公用燃气阀门,Unknown
9021,对单位可以处10万元以下罚款,Unknown
9022,对个人可以处1000元以下罚款,Unknown
9023,10万元以下,Unknown
9024,燃气用户,Unknown
9025,对单位可以处十万元以下罚款,Unknown
9026,对个人可以处一千元以下罚款,Unknown
9027,西安市燃气管理条例,Unknown
9028,燃气用户应当遵守安全用气规定,Unknown
9029,十万元以下,Unknown
9030,一千元以下,Unknown
9031,建筑业处 造价中心,Unknown
9032,国有农用地的使用权首次登记,Unknown
9033,饮用水水源准保护区内新建、扩建对水体污染严重的建设项目,Unknown
9034,饮用水水源准保护区内改建建设项目增加排污量,Unknown
9035,责令拆除或者关闭,Unknown
9036,认证人员,Unknown
9037,认证活动,Unknown
9038,认证机构执业,Unknown
9039,两个以上认证机构执业,Unknown
9040,给予停止执业6个月以上2年以下的处罚,Unknown
9041,撤销执业资格,Unknown
9042,伪造、冒用、转让、买卖无公害农产品产地认定证书、产品认证证书和标志行为,Unknown
9043,《无公害农产品管理办法》,Unknown
9044,对伪造、冒用、转让、买卖无公害农产品产地认定证书、产品认证证书和标志行为的行政处罚,Unknown
9045,县级以上农业行政主管部门和各地质量监督检验检疫部门,Unknown
9046,责令其停止,Unknown
9047,无公害农产品产地认定证书、产品认证证书和标志,Unknown
9048,伪造、冒用、转让、买卖,Unknown
9049,伪造、冒用、转让、买卖无公害农产品产地认定证书、产品认证证书和标志,Unknown
9050,陕西省放射性污染防治条例,Unknown
9051,射线装置的调试单位,Unknown
9052,《陕西省放射性污染防治条例》,Unknown
9053,机关/单位存在泄密隐患的设施、设备、场所的处罚,Unknown
9054,核技术利用,Unknown
9055,伴生放射性矿开发利用单位,Unknown
9056,办学许可证,Unknown
9057,民办学校实施处罚,Unknown
9058,伪造、变造、买卖、出租、出借办学许可证,Unknown
9059,金属冶炼建设项目安全设施设计审查,Unknown
9060,动物防疫工作,Unknown
9061,相关科学研究,Unknown
9062,动物疫情扑灭,Unknown
9063,各级人民政府和有关部门,Unknown
9064,参加重大动物疫情应急处理的人员,Unknown
9065,适当补助,Unknown
9066,作出贡献的人员,Unknown
9067,以工代赈项目的审批、验收,Unknown
9068,黑河引水管渠保护区,Unknown
9069,修建建筑物,Unknown
9070,拆除有关标志,Unknown
9071,排放污染物,Unknown
9072,植树,Unknown
9073,禁止在黑河引水管渠保护区范围内修建建筑物,Unknown
9074,禁止在黑河引水管渠保护区范围内排放污染物,Unknown
9075,禁止在黑河引水管渠保护区范围内植树,Unknown
9076,禁止在黑河引水管渠保护区范围内爆破,Unknown
9077,出租,Unknown
9078,出借,Unknown
9079,国有建设用地使用权变更登记,Unknown
9080,不动产坐落变更的,Unknown
9081,国有建设用地使用权及房屋所有权变更登记,Unknown
9082,有批准权的人民政府或者主管部门的批准文件,Unknown
9083,国有建设用地使用权出让合同或者补充协议,Unknown
9084,国有建设用地使用权出让价款、税费等缴纳凭证,Unknown
9085,未经批准或者不按照河道主管机关的规定在河道管理范围内采砂、取土、淘金、弃置砂石或者淤泥、爆破、钻探、挖筑鱼塘行为,Unknown
9086,对无业人员、个体行医人员非法进行胎儿性别鉴定的处罚,Unknown
9087,五千元以上二万元以下,Unknown
9088,医疗器械网络销售备案,Unknown
9089,《医疗器械网络销售监督管理办法》,Unknown
9090,从事医疗器械网络销售的企业,Unknown
9091,医疗器械网络销售信息表,Unknown
9092,企业名称,Unknown
9093,法定代表人或者主要负责人,Unknown
9094,网站名称,Unknown
9095,网络客户端应用程序名,Unknown
9096,网站域名,Unknown
9097,网站IP地址,Unknown
9098,电信业务经营许可证或者非经营性互联网信息服务备案编号,Unknown
9099,医疗器械生产经营许可证件或者备案凭证编号,Unknown
9100,并处２万元以上３万元以下罚款,Unknown
9101,2001年,Unknown
9102,处1万元以下罚款,Unknown
9103,"或者未按规定建立覆盖质量管理全过程的使用质量管理制度的,违反规定",Unknown
9104,"或者从未备案的经营企业购进第二类医疗器械的,违反规定",Unknown
9105,《医疗器械使用质量监督管理办法》,Unknown
9106,国务院令第240号发布,Unknown
9107,"2014年7月,由,国务院令第653号修订",Unknown
9108,"陕西省第九届人民代表大会常务委员会,通过",Unknown
9109,"2020年6月,由,陕西省人民代表大会常务委员会,第三次修正",Unknown
9110,陕西省矿产资源管理条例,Unknown
9111,勘查、开采矿产资源造成地质灾害隐患拒不治理,Unknown
9112,温度监测报警装置,Unknown
9113,气体灭火装置,Unknown
9114,煤磨袋式收尘器,Unknown
9115,煤粉仓,Unknown
9116,食品摊贩未遵守市容环境管理的相关规定的行政处罚,Unknown
9117,食品摊贩,Unknown
9118,市容环境管理的相关规定,Unknown
9119,县级以上城市管理综合行政执法部门或者市容环境卫生部门,Unknown
9120,五十元以上二百元以下罚款,Unknown
9121,《陕西省食品小作坊小餐饮及摊贩管理条例》,Unknown
9122,陕西省特种设备安全监察条例（2014年修订）,Unknown
9123,使用单位,Unknown
9124,启用手续,Unknown
9125,进行检验检测,Unknown
9126,特种设备,Unknown
9127,特种设备登记机关,Unknown
9128,第三十四条第三款,Unknown
9129,伪造、冒用采标标志,Unknown
9130,违法生产、销售的产品,Unknown
9131,违法生产、销售产品货值金额等值以下的罚款,Unknown
9132,《陕西省标准化条例》,Unknown
9133,未按照规定安装、使用大气污染物排放自动监测设备或者未按照规定与生态环境主管部门的监控设备联网，并保证监测设备正常运行的行为,Unknown
9134,出租汽车经营许可,Unknown
9135,新建不能满足管道保护要求的石油天然气管道防护方案审批,Unknown
9136,煤矿建设项目开工告知备案,Unknown
9137,本单位,Unknown
9138,情节严重的医疗机构的负责人,Unknown
9139,情节严重的药品采购人员,Unknown
9140,情节严重的医师,Unknown
9141,情节严重的药师,Unknown
9142,对未按规定备案娱乐场所营业执照进行行政处罚,Unknown
9143,对未经批准从事代理记账业务的处罚,Unknown
9144,《代理记账管理办法》,Unknown
9145,未经批准从事代理记账业务的单位或者个人,Unknown
9146,洗染行业进行指导,Unknown
9147,洗染行业进行协调,Unknown
9148,洗染行业进行监督,Unknown
9149,洗染行业进行管理,Unknown
9150,地方各级商务主管部门,Unknown
9151,行政区域内洗染行业指导,Unknown
9152,行政区域内洗染行业协调,Unknown
9153,行政区域内洗染行业监督,Unknown
9154,行政区域内洗染行业管理,Unknown
9155,《洗染业管理办法》,Unknown
9156,协议,Unknown
9157,生产经营单位对从业人员因生产安全事故伤亡依法应承担的责任,Unknown
9158,个人经营的投资人,Unknown
9159,生产经营单位与从业人员订立协议,Unknown
9160,"对存在硫化氢、一氧化碳等中毒风险的有限空间作业的工贸企业未落实有限空间作业审批，或者未执行""先通风、再检测、后作业""要求，或者作业现场未设置监护人员的行政处罚",Unknown
9161,存在硫化氢、一氧化碳等中毒风险的有限空间作业的工贸企业有下列情形之一的,Unknown
9162,投标价格,Unknown
9163,投标方案,Unknown
9164,《幼儿园管理条例》,Unknown
9165,全国的幼儿园管理工作,Unknown
9166,地方各级人民政府的教育行政部门,Unknown
9167,本行政辖区内的幼儿园管理工作,Unknown
9168,违反本条例的幼儿园,Unknown
9169,质量凭证,Unknown
9170,"包装、标识不符合,国家标准",Unknown
9171,"质量凭证、标识与,实物不符",Unknown
9172,"没有,公证检验证书",Unknown
9173,国家储备棉,Unknown
9174,公证检验标志,Unknown
9175,"处以,罚款",Unknown
9176,鉴定机构,Unknown
9177,伪造、篡改数据或者有其他弄虚作假等行为,Unknown
9178,1万元以上 3 万元以下,Unknown
9179,由国家安全生产监督管理总局从鉴定机构名单中除名并公告,Unknown
9180,《化学品物理危险性鉴定与分类管理办法》,Unknown
9181,国家安全生产监督管理总局令第60号,Unknown
9182,控制吸烟场所经营者,Unknown
9183,控制吸烟管理制度,Unknown
9184,明显的禁止吸烟标识,Unknown
9185,举报、投诉电话,Unknown
9186,与吸烟有关的售烟机、器具,Unknown
9187,吸烟者,Unknown
9188,经营者、管理者处以罚款,Unknown
9189,罚款额度,Unknown
9190,控制吸烟场所的经营者、管理者,Unknown
9191,禁止吸烟标识,Unknown
9192,吸烟者进行劝阻,Unknown
9193,离开该场所,Unknown
9194,公共秩序,Unknown
9195,文物认定,Unknown
9196,县级以上地方文物行政部门,Unknown
9197,认定文物,Unknown
9198,省级文物行政部门,Unknown
9199,认定文物争议,Unknown
9200,省级文物行政部门认定特定文化资源为文物,Unknown
9201,所有权人或持有人,Unknown
9202,县级以上地方文物行政部门提供认定对象来源说明,Unknown
9203,所有权人或持有人要求认定文物,Unknown
9204,公民、法人和其他组织,Unknown
9205,县级以上地方文物行政部门提供其信息,Unknown
9206,公民、法人和其他组织要求认定不可移动文物,Unknown
9207,《医疗事故处理条例》,Unknown
9208,执业许可证,Unknown
9209,负有责任的医务人员,Unknown
9210,两个及两个以上的建设工程项目,Unknown
9211,建设工程质量安全生产监督机构,Unknown
9212,代行职责,Unknown
9213,项目负责人,Unknown
9214,建设单位书面同意,Unknown
9215,违反本条例第三十条规定,Unknown
9216,驾驶未安装规定设备的建筑垃圾清运车上道路行驶的处罚,Unknown
9217,非人员密集场所,Unknown
9218,非经营性场所,Unknown
9219,经营性场所,Unknown
9220,五百元以下,Unknown
9221,对水利领域招标人依法应当公开招标而采用邀请招标,Unknown
9222,招标文件、资格预审文件的发售、澄清、修改的时限，或者确定的提交资格预审申请文件、投标文件的时限不符合招标投标法和招标投标法实施条例规定,Unknown
9223,接受未通过资格预审的单位或者个人参加投标,Unknown
9224,接受应当拒收的投标文件行为的行政处罚,Unknown
9225,从事精神障碍诊断、治疗的医疗机构,Unknown
9226,相关人员、设施、设备是否符合本法要求,Unknown
9227,诊疗行为是否符合本法以及诊断标准、治疗规范的规定,Unknown
9228,对精神障碍患者实施住院治疗的程序是否符合本法规定,Unknown
9229,是否依法维护精神障碍患者的合法权益,Unknown
9230,精神障碍患者及其监护人,Unknown
9231,违反本法行为,Unknown
9232,化妆品标识标注,Unknown
9233,夸大功能,Unknown
9234,虚假宣传,Unknown
9235,贬低同类产品的内容,Unknown
9236,明示或者暗示具有医疗作用的内容,Unknown
9237,容易给消费者造成误解或者混淆的产品名称,Unknown
9238,其他法律、法规和国家标准禁止标注内容,Unknown
9239,化妆品标识不得标注下列内容,Unknown
9240,处以1万元以下罚款,Unknown
9241,依照有关法律法规规定处理,Unknown
9242,地下储罐储存有毒有害物质备案,Unknown
9243,《工矿用地土壤环境管理办法（试行）》,Unknown
9244,生态环境部令第3号,Unknown
9245,地下储罐的信息,Unknown
9246,使用年限,Unknown
9247,类型,Unknown
9248,规格,Unknown
9249,位置,Unknown
9250,使用情况,Unknown
9251,重点单位,Unknown
9252,坝顶兼做公路审批,Unknown
9253,《水库大坝安全管理条例》,Unknown
9254,国务院令第77号,Unknown
9255,大坝坝顶确需兼做公路的,Unknown
9256,经科学论证,Unknown
9257,县级以上地方人民政府大坝主管部门批准,Unknown
9258,采取相应的安全维护措施,Unknown
9259,对社会救助工作的监督检查,Unknown
9260,社会救助处,Unknown
9261,《社会救助暂行办法》,Unknown
9262,2014年5月国务院令第649号,Unknown
9263,2019年3月国务院令第709号,Unknown
9264,县级以上人民政府及其社会救助管理部门,Unknown
9265,社会救助工作的监督检查,Unknown
9266,相关监督管理制度,Unknown
9267,县级以上人民政府及其社会救助管理部门完善,Unknown
9268,明知属于无照经营而为经营者提供经营场所，或者提供运输、保管、仓储等条件,Unknown
9269,《无证无照经营查处办法》,Unknown
9270,国务院令684号,Unknown
9271,《陕西省实施&lt;中华人民共和国母婴保健法&gt;办法》第四十一条,Unknown
9272,母婴保健服务机构,Unknown
9273,建筑起重机械使用登记,Unknown
9274,未按照规定公告领导带班下井月度计划,Unknown
9275,没有违法所得的价格违法行为,Unknown
9276,私自承揽业务,Unknown
9277,小费,Unknown
9278,吊销导游证,Unknown
9279,中华人民共和国旅游法,Unknown
9280,电梯,Unknown
9281,客运索道,Unknown
9282,大型游乐设施,Unknown
9283,未设置特种设备安全管理机构或者配备专职的特种设备安全管理人员,Unknown
9284,《中华人民共和国特种设备安全法》第八十七条,Unknown
9285,客运索道每日投入使用前未进行试运行和例行安全检查,Unknown
9286,安全附件,Unknown
9287,安全保护装置,Unknown
9288,电梯、客运索道、大型游乐设施的运营使用单位,Unknown
9289,销售不符合质量标准的煤炭、石油焦的,Unknown
9290,《大气污染防治法》,Unknown
9291,生产、销售挥发性有机物含量不符合质量标准或者要求的原材料和产品,Unknown
9292,生产、销售不符合标准的机动车船和非道路移动机械用燃料、发动机油、氮氧化物还原剂、燃料和润滑油添加剂以及其他添加剂的,Unknown
9293,在禁燃区内销售高污染燃料行为的,Unknown
9294,单位直接负责的主管人员,Unknown
9295,交通运输部,Unknown
9296,罚款处罚,Unknown
9297,《陕西省大气污染防治条例》,Unknown
9298,擅自倾倒建筑垃圾,Unknown
9299,抛撒建筑垃圾,Unknown
9300,堆放建筑垃圾,Unknown
9301,补救措施,Unknown
9302,有关法律,Unknown
9303,非经营活动,Unknown
9304,虽属经营活动但无违法所得,Unknown
9305,10000元,Unknown
9306,30000元,Unknown
9307,擅自修建水工程取水,Unknown
9308,用非法转让水资源开发使权,Unknown
9309,违反取水规定或擅自改变取水目的,Unknown
9310,严重超采地下水又不服从水行政管理部门封停或限量开采规定,Unknown
9311,不按规定安装量水设施或缴纳水资源费,Unknown
9312,用非法手段获得取水权或侵犯他人取水权,Unknown
9313,擅自在河流、水库、渠道、排水沟内设置或改变排污口,Unknown
9314,利用渗井、废旧井、渗坑、裂隙或溶洞向地下排放污水和用污水进行回灌,Unknown
9315,事业单位登记,Unknown
9316,公安分局,Unknown
9317,中华人民共和国道路交通安全法,Unknown
9318,驾驶拼装的机动车或者已达到报废标准的机动车上道路行驶的驾驶人,Unknown
9319,处二百元以上二千元以下罚款，并吊销机动车驾驶证,Unknown
9320,出售已达到报废标准的机动车的,Unknown
9321,没收违法所得，处销售金额等额的罚款,Unknown
9322,水利工程保证安全生产措施方案的备案,Unknown
9323,"""宅基地使用权及房屋所有权变更登记""",Unknown
9324,违反道路交通安全行为,Unknown
9325,交通事故,Unknown
9326,拒绝接受罚款处罚人员扣留机动车,Unknown
9327,非机动车,Unknown
9328,医疗信息安全制度,Unknown
9329,医疗质量管理和医疗技术管理制度,Unknown
9330,县级以上人民政府卫生健康等主管部门,Unknown
9331,法律责任,Unknown
9332,《内部资料性出版物管理办法》,Unknown
9333,内部资料,Unknown
9334,新闻出版行政部门,Unknown
9335,内部资料的日常监督管理工作,Unknown
9336,内容审读,Unknown
9337,质量监管,Unknown
9338,未办理《河道采砂许可证》擅自在河道管理范围内采砂的,Unknown
9339,10000元以上20000元以下,Unknown
9340,20000元以上30000元以下,Unknown
9341,拒不改正的摆摊设点行为,Unknown
9342,兜售物品及装盛器具,Unknown
9343,市容秩序处,Unknown
9344,指定地点,Unknown
9345,扰乱单位,Unknown
9346,扰乱公共场所,Unknown
9347,扰乱公共交通工具,Unknown
9348,妨碍交通工具正常行驶,Unknown
9349,破坏选举秩序,Unknown
9350,二百元以下罚款,Unknown
9351,机关、团体、企业、事业单位,Unknown
9352,扰乱秩序的情形,Unknown
9353,车站、港口、码头、机场,Unknown
9354,商场、公园、展览馆或者其他公共场所,Unknown
9355,公共汽车、电车、火车、船舶、航空器或者其他公共交通工具,Unknown
9356,依法进行的选举,Unknown
9357,破坏秩序的情形,Unknown
9358,中华人民共和国野生动物保护法,Unknown
9359,全国人民代表大会常务委员会关于全面禁止非法野生动物交易、革除滥食野生动物陋习、切实保障人民群众生命健康安全的决定,Unknown
9360,为违法出售、购买、食用及利用野生动物及其制品或者禁止使用的猎捕工具提供展示、交易、消费服务,Unknown
9361,商品交易市场,Unknown
9362,餐饮场所,Unknown
9363,内部资料性出版物准印审批,Unknown
9364,准印证,Unknown
9365,县级以上地方人民政府出版行政部门,Unknown
9366,省、自治区、直辖市人民政府宗教事务管理部门,Unknown
9367,批准文件,Unknown
9368,省、自治区、直辖市人民政府出版行政部门,Unknown
9369,是否核发准印证的决定,Unknown
9370,内部资料性出版物,Unknown
9371,宾馆饭店,Unknown
9372,未获得《广播电视视频点播业务许可证》的机构在其内经营视频点播业务,Unknown
9373,未获得《广播电视视频点播业务许可证》的机构在其内从事视频点播业务,Unknown
9374,经营活动进行必要监督,Unknown
9375,予以制止并立即报告当地人民政府广播电视行政部门,Unknown
9376,财务与社会保险基金监督处,Unknown
9377,《社会保险基金行政监督办法》,Unknown
9378,全国社会保险基金行政监督工作,Unknown
9379,县级以上地方各级人力资源社会保障行政部门,Unknown
9380,本行政区域内的社会保险基金行政监督工作,Unknown
9381,关闭行政处罚,Unknown
9382,拘留行政处罚,Unknown
9383,《社会保险费征缴监督检查办法》,Unknown
9384,劳动保障部,Unknown
9385,1999年3月19日,Unknown
9386,对企业在安全使用许可证有效期内有增加使用的危险化学品品种，且达到危险化学品使用量的数量标准规定等情形，未按规定提出变更申请继续从事生产的行政处罚,Unknown
9387,房地产经纪管理办法,Unknown
9388,住建部,Unknown
9389,国家发改委,Unknown
9390,人社部,Unknown
9391,对擅自移动、损毁禁止生产区标牌行为的行政处罚,Unknown
9392,县级以上地方人民政府农业行政主管部门,Unknown
9393,可处以一千元以下罚款,Unknown
9394,《美容美发业管理暂行办法》,Unknown
9395,全国美容美发业工作,Unknown
9396,美容美发业进行指导、协调、监督和管理,Unknown
9397,令其限期改正,Unknown
9398,向社会公告,Unknown
9399,提请有关部门依法处罚,Unknown
9400,资产处,Unknown
9401,3000元以上5万元以下,Unknown
9402,2000元以上2万元以下,Unknown
9403,行政处分或者纪律处分,Unknown
9404,会计从业资格证书,Unknown
9405,医疗器械研制、生产、经营单位和检验机构,Unknown
9406,禁止从事医疗器械生产经营活动、检验工作的人员,Unknown
9407,"责令停产停业直至吊销许可证件,医疗器械研制、生产、经营单位和检验机构",Unknown
9408,母婴保健医学技术鉴定委员会,Unknown
9409,省、市、县三级,Unknown
9410,县级母婴保健医学技术鉴定委员会成员,Unknown
9411,主治医师以上专业技术职务,Unknown
9412,设区的市级和省级母婴保健医学技术鉴定委员会成员,Unknown
9413,副主任医师以上专业技术职务,Unknown
9414,检查或者诊断结果之日起15日内,Unknown
9415,所在地县级或者设区的市级母婴保健医学技术鉴定委员会,Unknown
9416,鉴定申请之日起30日内,Unknown
9417,鉴定意见,Unknown
9418,鉴定意见通知书之日起15日内,Unknown
9419,申请再鉴定,Unknown
9420,母婴保健医学技术鉴定,Unknown
9421,《中华人民共和国母婴保健法实施办法》,Unknown
9422,2023年7月20日,Unknown
9423,安全生产管理职责,Unknown
9424,施工单位的主要负责人,Unknown
9425,施工单位的项目负责人,Unknown
9426,规章制度,Unknown
9427,零售商促销行为备案,Unknown
9428,《零售商促销行为管理办法》,Unknown
9429,单店营业面积在3000平方米以上的零售商,Unknown
9430,经营场所所在地的县级以上(含县级)商务主管部门,Unknown
9431,促销活动结束后15日内,Unknown
9432,房屋建筑工程抗震设计质量,Unknown
9433,房屋建筑工程抗震设防的监督管理工作,Unknown
9434,村镇建设抗震设防,Unknown
9435,机动车维修经营者,Unknown
9436,机动车维修质量保证期制度,Unknown
9437,有关技术规范进行维修作业,Unknown
9438,机动车维修竣工出厂合格证,Unknown
9439,或虚列维修作业项目,Unknown
9440,机动车维修标志牌,Unknown
9441,工时定额,Unknown
9442,工时单价,Unknown
9443,公布的结算工时定额,Unknown
9444,公布的结算工时单价,Unknown
9445,机动车维修档案,Unknown
9446,档案电子化管理,Unknown
9447,维修电子数据记录,Unknown
9448,《西安市燃气管理条例》,Unknown
9449,国家机关,Unknown
9450,查询,Unknown
9451,查询复制不动产登记资料,Unknown
9452,指导监督全国不动产登记工作,Unknown
9453,欺骗手段取得测绘资质证书,Unknown
9454,眼镜镜片生产者,Unknown
9455,《眼镜制配计量监督管理办法》,Unknown
9456,顶焦度,Unknown
9457,计量检测设备,Unknown
9458,透过率,Unknown
9459,厚度,Unknown
9460,眼镜产品,Unknown
9461,计量数据准确可靠,Unknown
9462,眼镜制配计量监督管理办法,Unknown
9463,国家质量监督检验检疫总局令第54号,Unknown
9464,国家市场监督管理总局令第61号,Unknown
9465,角膜接触镜,Unknown
9466,眼镜镜片,Unknown
9467,成品眼镜,Unknown
9468,眼镜,Unknown
9469,对零售商供应商公平交易的监督检查,Unknown
9470,在城市供水、供热、燃气设施保护范围内从事施工作业的批准,Unknown
9471,在供水、供热、燃气设施保护范围内从事施工作业的,Unknown
9472,市政公用行政主管部门批准,Unknown
9473,在燃气设施的安全保护范围内,Unknown
9474,建造建筑物、构筑物,Unknown
9475,存放易燃易爆物品或者排放具有腐蚀性的液体和气体,Unknown
9476,开挖沟渠、挖坑取土或者种植深根作物,Unknown
9477,打桩或者顶进作业,Unknown
9478,进行明火、爆破作业,Unknown
9479,其他损坏燃气设施或者危害燃气设施安全的行为,Unknown
9480,应当报当地燃气行政主管部门批准,Unknown
9481,"并告知,燃气经营企业",Unknown
9482,综合协调处,Unknown
9483,《中华人民共和国人民防空法》(2009年修正),Unknown
9484,对旅行社未在规定期限内向其质量保证金账户存入、增存、补足质量保证金或者提交相应的银行担保且拒不改正的行政处罚,Unknown
9485,注销查封登记,Unknown
9486,人民法院解除,Unknown
9487,失效,Unknown
9488,动物市政府工作,Unknown
9489,第三十条第二款,Unknown
9490,第三十条第三款,Unknown
9491,违反第三十条第二款,Unknown
9492,二百元,Unknown
9493,违反第三十条第三款,Unknown
9494,废弃电器电子产品处理企业资格审批,Unknown
9495,废弃电器电子产品回收处理管理条例,Unknown
9496,公共饮用水源,Unknown
9497,食品,Unknown
9498,相关物品,Unknown
9499,《中华人民共和国传染病防治法》,Unknown
9500,被传染病病原体污染的公共饮用水源,Unknown
9501,被传染病病原体污染的食品,Unknown
9502,封闭公共饮用水源,Unknown
9503,封存食品,Unknown
9504,暂停销售,Unknown
9505,传染病传播,Unknown
9506,传染病流行,Unknown
9507,检验,Unknown
9508,"被污染的食品,条件,经检验",Unknown
9509,物品,Unknown
9510,"未被污染的食品或者经消毒后可以使用的物品,条件,经检验",Unknown
9511,陕西省地下水条例,Unknown
9512,地下水取水工程登记管理制度,Unknown
9513,关停、报废地下水取水工程,Unknown
9514,登记或者注销手续,Unknown
9515,产权单位或者个人,Unknown
9516,所在地县级水行政主管部门,Unknown
9517,西安市建筑装饰装修条例,Unknown
9518,建筑装饰装修使用的材料应当符合强制性标准,Unknown
9519,公共建筑装饰装修工程各责任主体应当履行建筑装饰装修工程材料质量主体责任,Unknown
9520,社会,Unknown
9521,禁止强迫高价交易规定,Unknown
9522,未取得《计量认证合格证书》向社会出具公证数据和结果,Unknown
9523,超出《计量认证合格证书》和资质确认证书界定的质量检验范围进行检验,Unknown
9524,《计量认证合格证书》失效后仍然向社会出具公证数据和结果,Unknown
9525,2020年11月29日国务院令第732号,Unknown
9526,个体演出经纪人,Unknown
9527,个体演员,Unknown
9528,责令停止营业性演出经营活动,Unknown
9529,其他经营业务,Unknown
9530,被吊销经营许可证的食品经营者,Unknown
9531,食品经营许可和备案管理办法,Unknown
9532,食品经营者,Unknown
9533,食品经营许可证,Unknown
9534,生产第二类、第三类非药品类易制毒化学品备案,Unknown
9535,未取得测绘资质证书，擅自从事测绘活动的处罚,Unknown
9536,国务院令第390号,Unknown
9537,2023年7月20日国务院令第764号,Unknown
9538,虚假或者严重失实认证结论,Unknown
9539,前款规定的违法行为,Unknown
9540,同时撤销指定,Unknown
9541,伤残等级评定和伤残证处理,Unknown
9542,预拌混凝土和预拌砂浆生产企业扬尘污染防治工作的监督检查,Unknown
9543,散装水泥中心,Unknown
9544,《西安市散装水泥管理条例》(2021年修正),Unknown
9545,从事散装水泥生产、经营、运输、使用的单位和个人应当采取有效的环保措施,Unknown
9546,《西安市扬尘污染防治条例》(2021年修正),Unknown
9547,住房建设行政主管部门负责预拌混凝土和预拌砂浆生产企业扬尘污染防治的管理工作,Unknown
9548,预拌混凝土和预拌砂浆生产企业扬尘污染防治的管理工作,Unknown
9549,预拌混凝土和预拌砂浆生产企业扬尘污染防治工作,Unknown
9550,承担安全评价、认证、检测、检验职责的机构,Unknown
9551,出具失实报告,Unknown
9552,对禁止吸烟场所所在单位对吸烟管理不力的处罚,Unknown
9553,《陕西省爱国卫生条例》,Unknown
9554,卫生和计划生育行政主管部门,Unknown
9555,一百元以上一千元以下,Unknown
9556,医院,Unknown
9557,影剧院,Unknown
9558,候车室,Unknown
9559,港口,Unknown
9560,机场,Unknown
9561,教室,Unknown
9562,大中型商场,Unknown
9563,吸烟,Unknown
9564,禁烟场所,Unknown
9565,明显标志,Unknown
9566,2021年12月,Unknown
9567,违反本法第五十三条,Unknown
9568,由县级以上人民政府农业农村、林业草原主管部门责令停止试验,Unknown
9569,处五千元以上五万元以下罚款,Unknown
9570,从事品种选育和种子生产经营以及管理的单位和个人,Unknown
9571,有关植物检疫法律、行政法规,Unknown
9572,在种子生产基地从事检疫性有害生物接种试验,Unknown
9573,查封、扣押与涉嫌违法广告直接相关的广告物品、经营工具、设备等财物,Unknown
9574,《中华人民共和国广告法》(2021年修订,Unknown
9575,对涉嫌从事违法广告活动的场所实施现场检查,Unknown
9576,询问涉嫌违法当事人或者其法定代表人、主要负责人和其他有关人员,Unknown
9577,要求涉嫌违法当事人限期提供有关证明文件,Unknown
9578,查阅、复制与涉嫌违法广告有关的合同、票据、账簿、广告作品和其他有关资料,Unknown
9579,责令暂停发布可能造成严重后果的涉嫌违法广告,Unknown
9580,广告监测制度,Unknown
9581,房屋租赁登记备案,Unknown
9582,房屋租赁,Unknown
9583,租赁服务中心,Unknown
9584,《商品房屋租赁管理办法》,Unknown
9585,《西安市城市房屋租赁条例》,Unknown
9586,房屋租赁当事人,Unknown
9587,"向区县住房建设行政主管部门登记备案,实施依据",Unknown
9588,采购人和采购代理机构,Unknown
9589,采购金额,Unknown
9590,0.5‰,Unknown
9591,不良行为记录名单,Unknown
9592,中标,Unknown
9593,无效,Unknown
9594,成交,Unknown
9595,工贸企业特种作业人员,Unknown
9596,上岗作业,Unknown
9597,特种作业人员未按照规定经专门的安全作业培训并取得相应资格上岗作业,Unknown
9598,对擅自在绿地内设置广告的行政处罚,Unknown
9599,陕西省城镇绿化条例,Unknown
9600,西安市城市绿化条例,Unknown
9601,擅自设置广告的行政处罚,Unknown
9602,担保人,Unknown
9603,被担保人,Unknown
9604,担保人施加处罚,Unknown
9605,对担保人不履行担保义务的处罚,Unknown
9606,其他防护式,Unknown
9607,用材林,Unknown
9608,特种用途林,Unknown
9609,经济林,Unknown
9610,薪炭林,Unknown
9611,《中华人民共和国森林法实施条例》,Unknown
9612,《陕西省森林管理条例》,Unknown
9613,范围,Unknown
9614,省林业行政主管部门提出意见,Unknown
9615,县级林业行政主管部门根据国家关于林种划分的规定和本级人民政府的部署组织划定,Unknown
9616,生产经营的消毒产品,Unknown
9617,符合国家卫生计生委的有关规定,Unknown
9618,消毒产品生产经营单位,Unknown
9619,无生产企业卫生许可证或新消毒产品卫生许可批准文件的消毒产品,Unknown
9620,产品卫生安全评价不合格或产品卫生质量不符合要求的消毒产品,Unknown
9621,本办法第三十一条,Unknown
9622,本办法第三十二条,Unknown
9623,消毒产品的命名、标签(含说明书),Unknown
9624,国家卫生计生委的有关规定,Unknown
9625,消毒产品的标签(含说明书)和宣传内容,Unknown
9626,不得出现或暗示对疾病的治疗效果,Unknown
9627,《消毒管理办法》,Unknown
9628,卫生部令第27号,Unknown
9629,"可以处,5000元以上20000元以下的罚款",Unknown
9630,未经许可和登记，擅自从事职业中介活动的处罚,Unknown
9631,损坏、挪用或者擅自拆除、停用消防设施、器材的,Unknown
9632,占用、堵塞、封闭疏散通道、安全出口或者有其他妨碍安全疏散行为的,Unknown
9633,埋压、圈占、遮挡消火栓或者占用防火间距的,Unknown
9634,占用、堵塞、封闭消防车通道，妨碍消防车通行的,Unknown
9635,人员密集场所在门窗上设置影响逃生和灭火救援的障碍物的,Unknown
9636,对火灾隐患经公安机关消防机构通知后不及时采取措施消除的,Unknown
9637,警告或者五百元以下罚款,Unknown
9638,强制执行,Unknown
9639,所需费用由违法行为人承担,Unknown
9640,危险货物道路运输从业人员从业资格认定,Unknown
9641,室内环境污染物浓度检测,Unknown
9642,公共建筑室内装饰装修工程,Unknown
9643,具有相关环境检测资质的检测机构,Unknown
9644,经济适用房超面积部分差价款审核,Unknown
9645,就业困难人员和高校毕业生社会保险补贴给付,Unknown
9646,陕西省森林公园条例,Unknown
9647,陕西省第十一届人民代表大会常委会,Unknown
9648,陕西省水土保护条例,Unknown
9649,三万元以上三十万元以下罚款,Unknown
9650,文博单位消防安全检查,Unknown
9651,《文物消防安全检查规程》,Unknown
9652,定期检查,Unknown
9653,重点抽查,Unknown
9654,专项督察,Unknown
9655,市,Unknown
9656,每季度,Unknown
9657,每半年,Unknown
9658,采供血机构,Unknown
9659,对生产、储存、使用危险化学品的单位转产、停产、停业或者解散，未按规定将危险化学品生产装置、储存设施以及库存危险化学品的处置方案报备,Unknown
9660,地方性出版物展销备案,Unknown
9661,《出版物市场管理规定》,Unknown
9662,省、自治区、直辖市出版行政主管部门和全国性出版、发行行业协会,Unknown
9663,全国性的出版物展销活动和跨省专业性出版物展销活动,Unknown
9664,市、县级出版行政主管部门和省级出版、发行协会,Unknown
9665,地方性的出版物展销活动,Unknown
9666,主办单位,Unknown
9667,国家新闻出版广电总局,Unknown
9668,上一级出版行政主管部门,Unknown
9669,按照销售假药的规定处罚,Unknown
9670,按照零售劣药的规定处罚,Unknown
9671,医疗卫生人员执业证书,Unknown
9672,粮食流通管理条例,Unknown
9673,粮食经营活动中的扰乱市场秩序、违法交易等行为,Unknown
9674,检查机构,Unknown
9675,国务院认证认可监督管理部门,Unknown
9676,专网及定向传播视听节目服务单位,Unknown
9677,规定要求,Unknown
9678,国务院广播电影电视主管部门,Unknown
9679,全国专网及定向传播视听节目服务的监督管理工作,Unknown
9680,县级以上地方人民政府广播电影电视主管部门,Unknown
9681,本行政区域内专网及定向传播视听节目服务的监督管理工作,Unknown
9682,《中华人民共和国渔业船舶检验条例》(2003年6月国务院令第383号公布),Unknown
9683,为建设工程提供机械设备和配件的单位,Unknown
9684,"限位等安全设施和装置,处罚",Unknown
9685,"违反本条例的规定,为建设工程提供机械设备和配件的单位,未按照安全施工的要求配备齐全有效的保险、限位等安全设施和装置的,责令限期改正,处合同价款1倍以上3倍以下的罚款；造成损失的,依法承担赔偿责任",Unknown
9686,因私出入境中介活动管理办法,Unknown
9687,县级以上公安机关,Unknown
9688,中介机构,Unknown
9689,为他人编造情况、提供假证明,Unknown
9690,骗取出境入境证件,Unknown
9691,5000元以上10000元以下,Unknown
9692,违法所得3倍以下不超过30000元,Unknown
9693,构成犯罪的中介机构,Unknown
9694,所采集的野生植物和违法所得,Unknown
9695,采集证,Unknown
9696,二手车交易市场经营者和二手车经营主体,Unknown
9697,《安全生产违法行为行政处罚办法》,Unknown
9698,《陕西省应急管理厅关于委托部分行政处罚事项的通知》,Unknown
9699,非煤矿山企业,Unknown
9700,煤矿企业,Unknown
9701,危险化学品和烟花爆竹生产企业,Unknown
9702,第十四条第（一）项规定,Unknown
9703,第十四条第（五）项规定,Unknown
9704,第十四条第（六）项规定,Unknown
9705,可处以一千元以下的罚款,Unknown
9706,当事人损害,Unknown
9707,未按规定公开突发环境事件相关信息,Unknown
9708,第三类医疗器械经营许可,Unknown
9709,医疗器械监督管理条例,Unknown
9710,经营许可申请,Unknown
9711,申请资料,Unknown
9712,必要时,Unknown
9713,受理申请,Unknown
9714,符合规定条件,Unknown
9715,准予许可,Unknown
9716,不符合规定条件,Unknown
9717,不予许可并书面说明理由,Unknown
9718,医疗器械经营许可证,Unknown
9719,医疗器械经营许可证有效期,Unknown
9720,办理延续手续,Unknown
9721,在排水、防洪设施保护范围内临时进行施工作业批准,Unknown
9722,确需在排水、防洪设施保护范围内临时进行施工作业,Unknown
9723,修建各类管线及设施,Unknown
9724,规划行政管理部门和市政工程设施管理部门批准,Unknown
9725,可能影响城市排水、防洪设施安全活动,Unknown
9726,与市政工程设施管理部门共同制定设施保护方案,Unknown
9727,侵占、损毁、损坏地质灾害监测设施或者地质灾害治理工程设施的处罚,Unknown
9728,省、自治区、直辖市人民政府能源主管部门和设区的市级、县级人民政府指定的部门,Unknown
9729,管道保护工作,Unknown
9730,有关部门依法履行管道保护职责,Unknown
9731,本行政区域管道保护工作,Unknown
9732,管道的重大外部安全隐患,Unknown
9733,作业车辆未安装在线监管装置,Unknown
9734,未按照确定的运输路线行驶,Unknown
9735,未将生活垃圾分类运输至符合规定的转运、处理设施,Unknown
9736,对扰乱火灾现场秩序的处罚,Unknown
9737,"违反本法规定,有下列行为之一,尚不构成犯罪的,处十日以上十五日以下拘留,可以并处五百元以下罚款；情节较轻的,处警告或者五百元以下罚款",Unknown
9738,"指使或者强令他人违反消防安全规定,冒险作业的",Unknown
9739,过失引起火灾的,Unknown
9740,"在火灾发生后阻拦报警,或者负有报告职责的人员不及时报警的",Unknown
9741,"扰乱火灾现场秩序,或者拒不执行火灾现场指挥员指挥,影响灭火救援的",Unknown
9742,故意破坏或者伪造火灾现场的,Unknown
9743,擅自拆封或者使用被公安机关消防机构查封的场所、部位的,Unknown
9744,进口单位,Unknown
9745,文件资料,Unknown
9746,欺骗手段,Unknown
9747,《进口药材管理办法》,Unknown
9748,2019年5月16日,Unknown
9749,2020年1月1日,Unknown
9750,农产品标志,Unknown
9751,绿色食品及绿色食品标志,Unknown
9752,农产品地理标志,Unknown
9753,《绿色食品标志管理办法》,Unknown
9754,《农产品地理标志管理办法》,Unknown
9755,学校食堂,Unknown
9756,《学校食品安全与营养健康管理规定》,Unknown
9757,中小学、幼儿园食堂留样,Unknown
9758,学校食堂未按要求留样,Unknown
9759,共有产权房销售价格及产权份额认定,Unknown
9760,西安市政府办公厅关于印发《西安市深化住房供给侧结构性改革实施方案》的通知（市政办发〔2018〕85 号）,Unknown
9761,《西安市共有产权住房建设管理实施细则》（试行）,Unknown
9762,共有产权住房土地,Unknown
9763,限房价、竞地价的方式,Unknown
9764,竞得人,Unknown
9765,土地招、拍、挂约定条件建设,Unknown
9766,产权份额,Unknown
9767,销售限价占市场评估价的比例确定,Unknown
9768,政府产权,Unknown
9769,政府或其指定的代持机构持有,Unknown
9770,购房人,Unknown
9771,市场优惠租金承租政府产权,Unknown
9772,共有产权住房,Unknown
9773,不得上市交易,Unknown
9774,共有产权人依法享有产权份额增值收益权,Unknown
9775,第一百一十二条第一款第四项,Unknown
9776,第一百一十二条第二款,Unknown
9777,有前款第一项,Unknown
9778,有前款第二项,Unknown
9779,有前款第五项,Unknown
9780,有前款第六项,Unknown
9781,有前款第七项,Unknown
9782,有前款第八项,Unknown
9783,有前款第九项,Unknown
9784,有前款第十二项,Unknown
9785,有前款第十三项,Unknown
9786,处所需处置费用三倍以上五倍以下的罚款,Unknown
9787,所需处置费用不足二十万元的,Unknown
9788,"""运输高致病性病原微生物菌、毒种或者样本检查""",Unknown
9789,"""畜牧兽医处""",Unknown
9790,公路工程监理单位,Unknown
9791,建设工程安全生产管理条例,Unknown
9792,未对施工组织设计中的安全技术措施或者专项施工方案进行审查,Unknown
9793,直至吊销资质证书,Unknown
9794,对直接责任人员,Unknown
9795,工程建设项目勘察设计招标投标办法,Unknown
9796,招标文件,Unknown
9797,投标文件,Unknown
9798,中标项目金额,Unknown
9799,千分之五以上千分之十以下,Unknown
9800,天然林保护工作,Unknown
9801,中华人民共和国森林法,Unknown
9802,造林绿化、森林保护、森林经营管理以及林业科学研究等方面成绩显著的组织或者个人,Unknown
9803,林规发〔2011〕21号文件,Unknown
9804,天然林保护工程,Unknown
9805,长江上游、黄河上中游地区天然林资源保护工程二期实施方案,Unknown
9806,在天然林保护工作中做出突出成绩的单位和个人,Unknown
9807,报废的矿井,Unknown
9808,钻井,Unknown
9809,地下水取水工程,Unknown
9810,未按照规定封井或者回填,Unknown
9811,组织封井或者回填,Unknown
9812,不具备封井或者回填能力,Unknown
9813,境外投资演出场所经营单位设立审批,Unknown
9814,省、自治区、直辖市人民政府文化主管部门,Unknown
9815,批准的申请,Unknown
9816,不批准的决定,Unknown
9817,设区的市级文化和旅游部门,Unknown
9818,对擅自拆除、改动城镇排水与污水处理设施的行政处罚,Unknown
9819,《危险性较大的分部分项工程安全管理规定》编制监理实施细则,Unknown
9820,危大工程施工实施专项巡视检查,Unknown
9821,危大工程验收,Unknown
9822,危大工程安全管理档案,Unknown
9823,从事消耗臭氧层物质回收的单位,Unknown
9824,从事消耗臭氧层物质再生利用的单位,Unknown
9825,从事消耗臭氧层物质销毁等经营活动的单位,Unknown
9826,生产过程中附带产生消耗臭氧层物质的单位,Unknown
9827,未按照规定对消耗臭氧层物质进行无害化处置而直接排放的行为,Unknown
9828,10万元以上50万元以下的罚款,Unknown
9829,对道路客运和客运站经营活动的监督检查,Unknown
9830,道路客运和客运站经营活动的监督检查,Unknown
9831,交通运输主管部门工作人员,Unknown
9832,法定职责权限和程序,Unknown
9833,监督检查结果,Unknown
9834,社会公布,Unknown
9835,交通运输主管部门及其工作人员,Unknown
9836,客运站、旅客集散地对道路客运、客运站经营活动实施监督检查,Unknown
9837,交通运输主管部门的工作人员,Unknown
9838,被检查单位和个人了解情况,Unknown
9839,被调查单位和个人的商业秘密,Unknown
9840,交通运输主管部门及其工作人员依法实施的监督检查,Unknown
9841,有关资料或者说明情况,Unknown
9842,罚款权限,Unknown
9843,向井下采场供电的6kV～35kV系统的中性点采用直接接地,Unknown
9844,生产经营单位有下列行为之一的,Unknown
9845,生产经营单位的处罚措施,Unknown
9846,泄露患者隐私或者个人信息,Unknown
9847,出具虚假医学证明文件,Unknown
9848,"未经亲自诊查、调查,签署诊断、治疗、流行病学等证明文件或者有关出生、死亡等证明文件",Unknown
9849,隐匿、伪造、篡改或者擅自销毁病历等医学文书及有关资料,Unknown
9850,未按照规定使用麻醉药品、医疗用毒性药品、精神药品、放射性药品等,Unknown
9851,"利用职务之便,索要、非法收受财物或者牟取其他不正当利益,或者违反诊疗规范,对患者实施不必要的检查、治疗造成不良后果",Unknown
9852,开展禁止类医疗技术临床应用,Unknown
9853,家庭服务员,Unknown
9854,家庭服务合同,Unknown
9855,服务地点,Unknown
9856,服务内容,Unknown
9857,服务方式,Unknown
9858,服务期限,Unknown
9859,服务费用,Unknown
9860,各方权利与义务,Unknown
9861,违约责任,Unknown
9862,争议解决方式,Unknown
9863,家庭服务合同内容,Unknown
9864,对病原微生物实验室未制定环境不干净应急预案的行政处罚,Unknown
9865,《病原微生物实验室生物安全环境管理办法》,Unknown
9866,国家环境保护总局令第32号公布,Unknown
9867,2006年施行,Unknown
9868,未制定环境污染应急预案,Unknown
9869,本办法有关规定,Unknown
9870,西安市商务局执行,Unknown
9871,导游执业许可,Unknown
9872,非法转让,Unknown
9873,擅自委托他人代为提供导游服务,Unknown
9874,2000元以上1万元以下罚款,Unknown
9875,行政处罚的后果,Unknown
9876,44号令,Unknown
9877,设置户外广告不符合规划要求或者到期后未拆除的,Unknown
9878,户外广告设施行政主管部门责令限期改正,Unknown
9879,户外广告设施行政主管部门,Unknown
9880,一千元以上三万元以下罚款,Unknown
9881,"""集体建设用地使用权及房屋所有权注销登记""",Unknown
9882,不同施工单位,Unknown
9883,发包给不同的施工单位,Unknown
9884,拆分委托不同的检测单位,Unknown
9885,合同约定的工期,Unknown
9886,美容美发业,Unknown
9887,本行政区域内,Unknown
9888,指导,Unknown
9889,协调,Unknown
9890,监督,Unknown
9891,管理,Unknown
9892,食品生产者,Unknown
9893,食品生产许可证,Unknown
9894,食品生产许可证正本,Unknown
9895,食品生产许可管理办法,Unknown
9896,第三十一条第一款规定,Unknown
9897,第三十一条第二款规定,Unknown
9898,对抛撒、焚烧纸钱冥币的行政处罚,Unknown
9899,禁止抛撒、焚烧纸钱冥币,Unknown
9900,处以十元以上五十元以下罚款,Unknown
9901,处以十元以上二十元以下罚款,Unknown
9902,对个人处以二十元以上二百元以下罚款,Unknown
9903,处以五十元以上二百元以下罚款,Unknown
9904,西安市城市市容和环境卫生管理条例,Unknown
9905,不得在城市道路和广场抛撒、焚烧纸钱冥票,Unknown
9906,"在城市道路、广场抛撒、焚烧纸钱冥票的,处10元以上50元以下罚款",Unknown
9907,失业人员丧葬补助金和抚恤金给付,Unknown
9908,西安市社会保险管理中心,Unknown
9909,《中华人民共和国社会保险法》(2018修正),Unknown
9910,社会保险经办机构,Unknown
9911,社会保险服务,Unknown
9912,社会保险登记,Unknown
9913,个人权益记录,Unknown
9914,社会保险待遇支付,Unknown
9915,失业人员,Unknown
9916,参照当地对在职职工死亡的规定,Unknown
9917,一次性丧葬补助金和抚恤金,Unknown
9918,失业保险基金,Unknown
9919,小微型客车租赁企业备案登记,Unknown
9920,小微型客车租赁经营,Unknown
9921,企业法人资格,Unknown
9922,投入经营的小微型客车经检验合格且登记的使用性质为租赁,Unknown
9923,有与租赁业务相适应的经营场所、管理人员,Unknown
9924,在经营所在地有相应服务机构及服务能力,Unknown
9925,有健全的经营管理制度、服务规程、安全管理制度和应急救援预案,Unknown
9926,与开展分时租赁业务相适应的信息数据交互及处理能力,Unknown
9927,相应服务人员负责调配租赁小微型客车,Unknown
9928,经营所在地市级或者县级小微型客车租赁行政主管部门,Unknown
9929,备案材料,Unknown
9930,本办法第六条相应的材料,Unknown
9931,受理备案的小微型客车租赁行政主管部门,Unknown
9932,跨区作业合同备案,Unknown
9933,农业机械化管理处,Unknown
9934,《联合收割机跨区作业管理办法》,Unknown
9935,联合收割机数量和型号,Unknown
9936,跨区作业合同,Unknown
9937,作业地点,Unknown
9938,作业面积,Unknown
9939,作业价格,Unknown
9940,作业时间,Unknown
9941,双方权利和义务,Unknown
9942,购买者,Unknown
9943,旧电器电子产品,Unknown
9944,"购买者明示,产品质量性能状况",Unknown
9945,"购买者明示,主要部件维修",Unknown
9946,"购买者明示,翻新等有关情况",Unknown
9947,2013年第1号,Unknown
9948,二千元以上一万元以下罚款,Unknown
9949,"依法追究,刑事责任",Unknown
9950,国家计量局,Unknown
9951,1987年2月1日,Unknown
9952,制造,Unknown
9953,非法定计量单位的计量器具,Unknown
9954,进口,Unknown
9955,《中华人民共和国计量法》第十四条,Unknown
9956,对违反《侵害消费者权益行为处罚办法》第十二条、第十三条规定的行政处罚,Unknown
9957,违反通过网络向个人销售处方药,Unknown
9958,处方来源真实、可靠并实行实名制,Unknown
9959,药品网络零售企业,Unknown
9960,电子处方提供单位签订协议,Unknown
9961,有关规定进行处方审核调配,Unknown
9962,电子处方进行标记,Unknown
9963,第三方平台,Unknown
9964,电子处方,Unknown
9965,电子处方提供单位的情况进行核实,Unknown
9966,"应当采取有效措施避免,处方重复使用",Unknown
9967,变更演出举办单位,Unknown
9968,变更参加演出的文艺表演团体,Unknown
9969,变更演员或者节目,Unknown
9970,变更演出的名称,Unknown
9971,变更演出的时间,Unknown
9972,变更演出的地点,Unknown
9973,变更演出的场次,Unknown
9974,未重新报批行为的行政处罚,Unknown
9975,校车的制动、转向、外部照明、轮胎、安全门、座椅、安全带等车况,Unknown
9976,给车辆加油,Unknown
9977,离开驾驶座位,Unknown
9978,校车驾驶人处以200元罚款,Unknown
9979,校车驾驶人从重处罚,Unknown
9980,博物馆一级以下（不含一级）文物藏品取样分析的许可,Unknown
9981,《国务院对确需保留的行政审批项目设定行政同意的决定》,Unknown
9982,由2016年8月国务院令第671号,Unknown
9983,国家文物局,Unknown
9984,博物馆藏品取样审批,Unknown
9985,省级人民政府文物行政主管部门,Unknown
9986,市级政府文物行政主管部门,Unknown
9987,中医（专长）医师执业行为监督检查,Unknown
9988,西安市中医药管理局,Unknown
9989,县级中医药主管部门,Unknown
9990,对本行政区域内中医（专长）医师执业行为的监督检查,Unknown
9991,《中医医术确有专长人员医师资格考核注册管理暂行办法》,Unknown
9992,"""宅基地使用权及房屋所有权转移登记""",Unknown
9993,未制定、实施本机构护士在职培训计划或者未保证护士接受培训,Unknown
9994,未依照本条例规定履行护士管理职责,Unknown
9995,第一类医疗器械产品备案,Unknown
9996,备案人,Unknown
9997,所在地设区的市级人民政府负责药品监督管理的部门提交备案资料,Unknown
9998,确有专长的中医医师资格认定,Unknown
9999,《中华人民共和国中医药法》,Unknown
10000,国家中医药管理局,Unknown
10001,全国中医医术确有专长人员医师资格考核及执业工作的管理,Unknown
10002,省级中医药主管部门,Unknown
10003,本省、自治区、直辖市中医医术确有专长人员医师资格考核,Unknown
10004,本行政区域内取得医师资格的中医医术确有专长人员执业管理,Unknown
10005,本省、自治区、直辖市中医医术确有专长人员医师资格考核注册管理实施细则,Unknown
10006,设区的市和县级中医药主管部门,Unknown
10007,本行政区域内中医医术确有专长人员医师资格考核组织申报、初审及复审工作,Unknown
10008,本行政区域内取得医师资格的中医医术确有专长人员执业日常管理,Unknown
10009,1999年11月30日,Unknown
10010,2020年6月,Unknown
10011,吊销勘查许可证、采矿许可证,Unknown
10012,文物拍卖经营活动,Unknown
10013,经营文物拍卖的拍卖企业,Unknown
10014,文物购销经营活动,Unknown
10015,文物商店销售的文物/拍卖企业拍卖的文物,Unknown
10016,审核,Unknown
10017,文物的商业经营活动,Unknown
10018,非法经营的文物,Unknown
10019,违法经营额一倍以上三倍以下,Unknown
10020,许可证书,Unknown
10021,母婴保健法,Unknown
10022,包装物的重量,Unknown
10023,消费者对商品计量的复核,Unknown
10024,按规定应当当场开封调试的商品的开封调试,Unknown
10025,消费者申诉和投诉的调查,Unknown
10026,服务项目和服务价格,Unknown
10027,合格的服务用品,Unknown
10028,服务,Unknown
10029,《西安市保护消费者合法权益条例》（2017年修订）,Unknown
10030,对公建配套设施的监督检查,Unknown
10031,"开发处,承办",Unknown
10032,《西安市居住区公建配套设施建设管理实施细则》,Unknown
10033,开发建设单位,Unknown
10034,"《居住区公建配套设施建设合同》,约定",Unknown
10035,"已经履行公建配套设施建设合同义务的开发建设单位,出具",Unknown
10036,"未履行或未完全履行公建配套设施建设合同义务的开发建设单位,发出整改通知书",Unknown
10037,《公建配套设施建设合同履行确认证明》,Unknown
10038,建设行政主管部门出具的证明,Unknown
10039,建设工程竣工验收备案手续,Unknown
10040,"未取得《公建配套设施建设合同履行确认证明》的项目,不予办理",Unknown
10041,对建筑起重机械安全的监督检查,Unknown
10042,建筑起重机械安全的监督检查,Unknown
10043,建筑起重机械的租赁,Unknown
10044,建筑起重机械的安装,Unknown
10045,建筑起重机械的拆卸,Unknown
10046,建筑起重机械的使用,Unknown
10047,财政,Unknown
10048,财务,Unknown
10049,会计,Unknown
10050,预算处,Unknown
10051,国库处,Unknown
10052,政府债务管理处,Unknown
10053,政府采购处,Unknown
10054,各支出处室,Unknown
10055,航道建设工程质量和安全的监督检查,Unknown
10056,对,Unknown
10057,是,Unknown
10058,《中华人民共和国航道法》(2016年修正),Unknown
10059,有关县级以上人民政府交通运输主管部门,Unknown
10060,航道建设工程质量和安全,Unknown
10061,驾驶员培训服务投诉处理,Unknown
10062,建设与公园功能无关的建（构）筑物和其他设施的行为,Unknown
10063,工程造价,Unknown
10064,对危险废物产生者未按规定处置所产生的危险废物被责令改正拒不改正的代履行,Unknown
10065,危险废物产生者未按照规定处置其产生的危险废物被责令改正后拒不改正的，由生态环境主管部门组织代为处置，处置费用由危险废物产生者承担；拒不承担代为处置费用的，处代为处置费用一倍以上三倍以下的罚款,Unknown
10066,停业整顿,Unknown
10067,停止执业,Unknown
10068,国家秘密,Unknown
10069,商业秘密,Unknown
10070,个人隐私,Unknown
10071,公证书,Unknown
10072,公证费,Unknown
10073,公证专用物品,Unknown
10074,公证文书,Unknown
10075,公证档案,Unknown
10076,处罚规定,Unknown
10077,作业车辆,Unknown
10078,上岗前职业健康检查,Unknown
10079,未经上岗前职业健康检查的劳动者,Unknown
10080,定期职业健康检查,Unknown
10081,离岗职业健康检查,Unknown
10082,订立的劳动合同,Unknown
10083,从事使用有毒物品作业的劳动者进行健康检查,Unknown
10084,职业病病人,Unknown
10085,进行健康检查和医学观察,Unknown
10086,职业健康监护档案,Unknown
10087,职业卫生防护措施和待遇,Unknown
10088,被取消或者减少应当享有的待遇,Unknown
10089,《超限高层建筑工程抗震设防管理规定》,Unknown
10090,《中华人民共和国水污染防治法》（2017年6月修正）,Unknown
10091,向水体倾倒船舶垃圾或者排放船舶的残油、废油的,Unknown
10092,"属于,违反本法规定",Unknown
10093,职业病诊断争议鉴定,Unknown
10094,设区的市级以上地方人民政府卫生行政部门,Unknown
10095,职业病诊断鉴定委员会,Unknown
10096,职业病诊断有异议,Unknown
10097,"作出诊断的医疗卫生机构所在地地方人民政府卫生行政部门,申请鉴定",Unknown
10098,设区的市级职业病诊断鉴定委员会,Unknown
10099,职业病诊断争议的首次鉴定,Unknown
10100,省级卫生健康主管部门,Unknown
10101,职业病诊断再鉴定申请,Unknown
10102,省级鉴定,Unknown
10103,最终鉴定,Unknown
10104,作业场所使用有毒物品作业及职业中毒危害检测、评价活动监督检查,Unknown
10105,"县级以上人民政府卫生行政部门应当依照本条例的规定和国家有关职业卫生要求,依据职责划分,对作业场所使用有毒物品作业及职业中毒危害检测、评价活动进行监督检查",Unknown
10106,未依照《植物检疫条例》规定办理农业领域植物检疫证书或者在报检过程中弄虚作假,Unknown
10107,伪造、涂改、买卖、转让植物检疫单证、印章、标志、封识,Unknown
10108,未依照本条例规定调运、隔离试种或者生产应施检疫的植物、植物产品,Unknown
10109,违反本条例规定，擅自开拆植物、植物产品包装，调换植物、植物产品，或者擅自改变植物、植物产品的规定用途,Unknown
10110,违反本条例规定，引起疫情扩散,Unknown
10111,营运车辆车容车貌不符合行业标准的,Unknown
10112,驾驶员营运服务不符合行业规范服务标准的,Unknown
10113,不按规定向出租汽车行业管理机构报送有关报表的,Unknown
10114,严重精神障碍患者,Unknown
10115,精神障碍患者的医疗费用,Unknown
10116,医疗保险经办机构,Unknown
10117,将精神障碍患者纳入保障范围,Unknown
10118,国务院司法行政部门,Unknown
10119,公证员执业证书,Unknown
10120,机动车交由未取得驾驶证或驾驶证被吊销、暂扣人员驾驶的处罚,Unknown
10121,辐射安全许可,Unknown
10122,中华人民共和国放射性污染防治法,Unknown
10123,放射性同位素与射线装置安全许可管理办法,Unknown
10124,所需处置费用,Unknown
10125,二十万元,Unknown
10126,停业或者关闭,Unknown
10127,代为处置,Unknown
10128,建设工程勘察文件及施工图设计文件审查备案,Unknown
10129,《房屋建筑和市政基础设施工程施工图设计文件审查管理办法》,Unknown
10130,社会团体登记管理机关,Unknown
10131,对社会团体实施年度检查,Unknown
10132,本社会团体遵守法律法规和国家政策的情况,Unknown
10133,依照本条例履行登记手续的情况,Unknown
10134,按照章程开展活动的情况,Unknown
10135,人员和机构变动的情况,Unknown
10136,财务管理的情况,Unknown
10137,伪造、变造或者使用伪造、变造的法律文件、印章、签名,Unknown
10138,以诋毁其他商标代理机构等手段招徕商标代理业务或者以其他不正当手段扰乱商标代理市场秩序,Unknown
10139,金属非金属露天矿山高度200米及以上的采场边坡未进行在线监测,Unknown
10140,关闭、破坏直接关系生产安全的监控、报警、防护、救生设备、设施,Unknown
10141,篡改、隐瞒、销毁其相关数据、信息,Unknown
10142,对在洪泛区、蓄滞洪区内建设非防洪建设项目，未编制洪水影响评价报告或者洪水影响报告未经审查批准开工建设,Unknown
10143,在蓄滞洪区内建设的油田、铁路、公路、矿山、电厂、电信设施和管道，建设项目投入生产或者使用时，防洪工程设施未经验收，即将建设项目投入生产或者使用行为的行政处罚,Unknown
10144,未提及,Unknown
10145,机动车维修经营质量的监督检查,Unknown
10146,随机抽样检测检验,Unknown
10147,机动车维修经营者维修质量进行监督,Unknown
10148,具有法定资格的机动车维修质量监督检验单位,Unknown
10149,机动车维修质量进行监督检验,Unknown
10150,机动车维修管理规定,Unknown
10151,交通部令2005年第7号公布,Unknown
10152,交通运输部令2023年第14号修正,Unknown
10153,承包方以低于成本的价格竞标,Unknown
10154,合理工期,Unknown
10155,设计单位或者施工单位违反工程建设强制性标准,Unknown
10156,施工单位使用不合格的建筑材料、建筑构配件和设备,Unknown
10157,将竣工验收报告、有关认可文件或者准许使用文件报送备案,Unknown
10158,擅自施工,Unknown
10159,弄好工程质量监督手续,Unknown
10160,国务院令第279号,Unknown
10161,建设单位行为,Unknown
10162,兽医行政管理部门,Unknown
10163,兽药监督管理工作,Unknown
10164,兽药监督管理权,Unknown
10165,行政强制措施,Unknown
10166,是否立案决定,Unknown
10167,国务院兽医行政管理部门或省、自治区、直辖市人民政府兽医行政管理部门,Unknown
10168,暂停生产决定,Unknown
10169,暂停经营、使用决定,Unknown
10170,涂改、倒卖、出租、出借或者以其他形式非法转让执业资格证书、互认资格证书、注册证书和执业印章的处罚,Unknown
10171,伪造、涂改、冒用取水申请批准文件、取水许可证行为,Unknown
10172,对医疗机构使用不具备相应资质的人员从事放射诊疗工作的处罚,Unknown
10173,2016年1月19日国家卫生和计划生育委员会令第8号,Unknown
10174,由县级以上卫生行政部门,Unknown
10175,处以5000元以下的罚款,Unknown
10176,"情节严重的,吊销其《医疗机构执业许可证》",Unknown
10177,乱倒垃圾,Unknown
10178,乱弃动物尸体,Unknown
10179,负责资质认定的部门,Unknown
10180,从事机动车排放检验的机构,Unknown
10181,资质,Unknown
10182,市生态环境主管部门,Unknown
10183,检验数据,Unknown
10184,机动车排放检验机构,Unknown
10185,虚假排放检验报告,Unknown
10186,非道路移动机械排放检验机构,Unknown
10187,从事机动车维修经营业务不符合国务院交通运输主管部门制定的机动车维修经营业务标准的行为,Unknown
10188,情节严重的从事机动车维修经营业务不符合国务院交通运输主管部门制定的机动车维修经营业务标准的行为,Unknown
10189,通知财政部门和有关部门暂停拨付款项,Unknown
10190,各业务处室,Unknown
10191,"审计机关对被审计单位正在进行的违反国家规定的财政收支、财务收支行为,有权予以制止",Unknown
10192,制止正在进行的违反国家规定的财政收支、财务收支行为,Unknown
10193,制止无效时,Unknown
10194,"通知财政部门和有关主管机关、单位,暂停拨付与违反国家规定的财政收支、财务收支行为直接有关的款项",Unknown
10195,已经拨付的款项,Unknown
10196,与违反国家规定的财政收支、财务收支行为直接有关,Unknown
10197,污染物排放口位置或者数量不符合排污许可证规定,Unknown
10198,人力资源服务许可,Unknown
10199,中华人民共和国就业促进法,Unknown
10200,设立职业中介机构,Unknown
10201,国务院令第700号,Unknown
10202,人力资源服务许可证,Unknown
10203,未经依法许可和登记的机构,Unknown
10204,职业中介活动,Unknown
10205,未经许可的,Unknown
10206,将再生水、供热或者生产用水等非饮用水管网系统及设备与城市公共供水管网系统作直接连接,Unknown
10207,擅自改装、迁移或拆除城市公共供水设施,Unknown
10208,非法取用城市公共供水,Unknown
10209,擅自改变供水用途,Unknown
10210,擅自在城市公共供水管道上直接装泵抽水,Unknown
10211,擅自拆卸、启封、围压、堆占城市公共供水贸易结算水表,Unknown
10212,伪造、涂改、转让前往港澳通行证、往来港澳通行证、港澳同胞回乡证、入出境通行证,Unknown
10213,中国公民因私事往来香港地区或者澳门地区的暂行管理办法,Unknown
10214,十日以下拘留,Unknown
10215,依照《中华人民共和国刑法》追究刑事责任,Unknown
10216,经营性客运驾驶员从业资格认定,Unknown
10217,设区的市级人民政府交通运输主管部门,Unknown
10218,国家职业资格目录(2021年版),Unknown
10219,道路运输从业人员,Unknown
10220,水利领域招标人,Unknown
10221,规定的比例收取投标保证金,Unknown
10222,规定的比例收取履约保证金,Unknown
10223,规定退还投标保证金,Unknown
10224,规定退还银行同期存款利息,Unknown
10225,他人造成损失,Unknown
10226,对生产经营单位有因存在重大事故隐患，一百八十日内三次或者一年内四次受到处罚等情形的行政处罚,Unknown
10227,黄河流域有关用水单位或者水库管理单位,Unknown
10228,水文监测数据,Unknown
10229,取用水量数据,Unknown
10230,水库运行情况等资料,Unknown
10231,水量调度方案,Unknown
10232,实时调度指令,Unknown
10233,取用水行为,Unknown
10234,县级以上地方人民政府水行政主管部门或者黄河水利委员会及其所属管理机构,Unknown
10235,2万元以上10万元以下罚款,Unknown
10236,《黄河水量调度条例》,Unknown
10237,违反本条例的行为,Unknown
10238,国务院令第472号,Unknown
10239,政府采购活动及集中采购机构的监督检查,Unknown
10240,监督检查的主要内容,Unknown
10241,有关政府采购的法律、行政法规和规章的执行情况,Unknown
10242,采购范围、采购方式和采购程序的执行情况,Unknown
10243,政府采购人员的职业素质和专业技能,Unknown
10244,对向水体排放油类、酸液、碱液的行政处罚,Unknown
10245,县级以上地方自然资源主管部门,Unknown
10246,对音像制品的出版、制作、复制、进口、批发、零售和出租的监督检查,Unknown
10247,国务院令第341号公布,Unknown
10248,2020年被国务院令第732号第四次修订,Unknown
10249,县级以上地方人民政府负责出版管理的行政主管部门,Unknown
10250,音像制品的出版、制作、复制、进口、批发、零售和出租的监督管理工作,Unknown
10251,县级以上地方人民政府其他有关行政部门,Unknown
10252,"负责,有关的音像制品经营活动的监督管理工作",Unknown
10253,《机动车维修管理规定》,Unknown
10254,机动车维修经营活动的监督检查,Unknown
10255,监管职责,Unknown
10256,职责权限和程序进行监督检查,Unknown
10257,滥用职权,Unknown
10258,乱收费,Unknown
10259,乱罚款,Unknown
10260,维修经营者是否依法备案或者备案事项是否属实进行监督检查,Unknown
10261,噪声排放场所,Unknown
10262,"可以执行,查封、扣押",Unknown
10263,特许人,Unknown
10264,成熟的经营模式,Unknown
10265,为被特许人持续提供经营指导、技术支持和业务培训等服务的能力,Unknown
10266,至少2个直营店,Unknown
10267,超过1年,Unknown
10268,西安市城市环境卫生设施建设管理办法,Unknown
10269,城市环境卫生设施,Unknown
10270,违反本办法第十九条规定的单位和个人,Unknown
10271,违反本办法第十九条规定的个人,Unknown
10272,保安员,Unknown
10273,他人证件,Unknown
10274,他人财物,Unknown
10275,追索债务,Unknown
10276,暴力,Unknown
10277,处置纠纷,Unknown
10278,保安服务监控影像资料,Unknown
10279,报警记录,Unknown
10280,保密信息,Unknown
10281,训诫,Unknown
10282,情节严重者,Unknown
10283,违反治安管理的,Unknown
10284,构成犯罪者,Unknown
10285,他人人身自由,Unknown
10286,他人身体,Unknown
10287,他人,Unknown
10288,依法执行公务,Unknown
10289,暴力相威胁,Unknown
10290,保安服务中形成的监控影像资料,Unknown
10291,客户单位明确要求保密的信息,Unknown
10292,行政法规,Unknown
10293,武装守护押运的保安员,Unknown
10294,枪支,Unknown
10295,专职守护押运人员枪支使用管理条例,Unknown
10296,对饲料、饲料添加剂经营者发现问题产品不停止销售的行政处罚,Unknown
10297,对养殖动物、人体健康有害或者存在其他安全隐患的,Unknown
10298,经营者、使用者,Unknown
10299,饲料管理部门报告,Unknown
10300,产品,Unknown
10301,销售的饲料、饲料添加剂具有对养殖动物、人体健康有害或者存在其他安全隐患的情形,Unknown
10302,生产企业、供货者和使用者,Unknown
10303,通知情况,Unknown
10304,县级以上地方人民政府饲料管理部门,Unknown
10305,经营者不停止销售的,Unknown
10306,1000元以上5万元以下罚款,Unknown
10307,责令停止经营,Unknown
10308,对化学品生产等特定主体及地下油罐未采取防渗漏措施、未开展监测的代履行,Unknown
10309,对封闭阳台不符合规定的行政处罚,Unknown
10310,整洁美观,Unknown
10311,阳台,Unknown
10312,有碍市容的物品,Unknown
10313,封闭阳台不符合规定,Unknown
10314,公园游乐区域外设置游乐设施的行为,Unknown
10315,西安市公园条例,Unknown
10316,公园管理单位,Unknown
10317,市公园行政主管部门备案,Unknown
10318,市公园行政主管部门,Unknown
10319,市人民政府批准,Unknown
10320,公园游乐区域,Unknown
10321,公园管理单位确定,Unknown
10322,报原审批机关批准,Unknown
10323,放射性同位素和射线装置陕西省内转移使用备案,Unknown
10324,《西安市扬尘污染防治条例》,Unknown
10325,路面切割,Unknown
10326,分段开挖,Unknown
10327,使用风钻挖掘地面,Unknown
10328,洒水降尘,Unknown
10329,扬尘污染防治措施,Unknown
10330,未按《禁止使用童工规定》的要求保存录用登记材料，或者伪造录用登记材料的行为,Unknown
10331,建设项目使用林地及在森林和野生动物类型国家级自然保护区建设审批,Unknown
10332,中华人民共和国森林法实施条例,Unknown
10333,森林和野生动物类型自然保护区管理办法,Unknown
10334,国土资源执法监察巡查,Unknown
10335,举办中医诊所,Unknown
10336,《中华人民共和国中医药法》第五十六条,Unknown
10337,炮制中药饮片,Unknown
10338,委托配制中药制剂,Unknown
10339,备案时提供虚假材料,Unknown
10340,医疗机构应用传统工艺配制中药制剂,Unknown
10341,并处三万元以下罚款,Unknown
10342,向社会公告相关信息,Unknown
10343,责令停止执业活动,Unknown
10344,停止执业活动,Unknown
10345,责令停止炮制中药饮片,Unknown
10346,停止炮制中药饮片活动,Unknown
10347,责令停止委托配制中药制剂活动,Unknown
10348,停止委托配制中药制剂活动,Unknown
10349,其直接责任人员五年内不得从事中医药相关活动,Unknown
10350,不得从事中医药相关活动,Unknown
10351,按生产假药给予处罚,Unknown
10352,国有农用地的使用权变更登记,Unknown
10353,人民防空工程平时使用、变更使用和战时转换备案,Unknown
10354,《中华人民共和国人民防空法》（2009年修正）,Unknown
10355,《陕西省实施〈中华人民共和国人民防空法办法〉》（2010年修正）,Unknown
10356,国家人民防空办公室关于颁布《人民防空工程平时开发利用管理办法》的通知（国人防办字）[2001]第211号,Unknown
10357,人民防空工程租赁使用合同,Unknown
10358,提交资料,Unknown
10359,人民防空工程消防安全责任书,Unknown
10360,对互联网上网服务营业场所经营单位利用营业场所制作、下载、复制、查阅、发布、传播或者以其他方式使用含有《互联网上网服务营业场所管理条例》规定禁止含有的内容的信息,Unknown
10361,招揽旅客,Unknown
10362,终止运输,Unknown
10363,无正当理由,Unknown
10364,交他人运送,Unknown
10365,道路运输证,Unknown
10366,不得重复收费,Unknown
10367,运输质量下降,Unknown
10368,向旅客退还相应的票款差额,Unknown
10369,道路运输经营许可证,Unknown
10370,当事人行为,Unknown
10371,饮用水卫生安全的产品卫生许可,Unknown
10372,地方病防治工作,Unknown
10373,组织调查病(疫,Unknown
10374,提供病(疫,Unknown
10375,提出防治措施和防治方案,Unknown
10376,有关部门组织实施,Unknown
10377,监测病(疫,Unknown
10378,防治措施及防治效果进行监督检查,Unknown
10379,防治措施及防治效果进行评估,Unknown
10380,疫情报告和统计报表,Unknown
10381,地方病防治宣传教育工作,Unknown
10382,建立健全地方病防治机构,Unknown
10383,培训防治人员,Unknown
10384,建立健全科研机构,Unknown
10385,鼠疫疫区农户灭鼠,Unknown
10386,鼠疫疫区农户灭蚤,Unknown
10387,未建立、健全医疗废物管理制度,Unknown
10388,未设置监控部门或者专（兼）职人员,Unknown
10389,未对有关人员进行相关法律和专业技术、安全防护以及紧急处理等知识的培训,Unknown
10390,未对从事医疗废物收集、运送、贮存、处置等工作的人员和管理人员采取职业卫生防护措施,Unknown
10391,未对医疗废物进行登记或者未保存登记资料,Unknown
10392,使用后的医疗废物运送工具或者运送车辆未在指定地点及时进行消毒和清洁,Unknown
10393,依照《条例》自行建有医疗废物处置设施的医疗卫生机构未定期对医疗废物处置设施的污染防治和卫生学效果进行检测、评价，或者未将检测、评价效果存档、报告,Unknown
10394,核设施营运单位,Unknown
10395,核技术利用单位,Unknown
10396,放射性固体废物贮存、处置单位,Unknown
10397,烟草企业,Unknown
10398,无关人员全部撤离,Unknown
10399,工贸企业重大事故隐患判定标准,Unknown
10400,熏蒸作业场所,Unknown
10401,磷化氢气体浓度监测报警仪器,Unknown
10402,防毒面具,Unknown
10403,对互联网新闻信息服务提供者依法开展互联网新闻信息服务活动的检查,Unknown
10404,《互联网新闻信息服务管理规定》,Unknown
10405,同时依据,Unknown
10406,上述法律条文,Unknown
10407,日常检查和定期检查相结合的监督管理制度,Unknown
10408,互联网新闻信息服务活动实施监督检查,Unknown
10409,农作物种子生产经营许可,Unknown
10410,对被审计单位违反国家规定的财务收支行为的处罚,Unknown
10411,《中华人民共和国审计法》（2021修正）,Unknown
10412,县级以上地方人民政府负责饲料、饲料添加剂管理的部门,Unknown
10413,国务院农业行政主管部门和县级以上地方人民政府饲料管理部门,Unknown
10414,饲料、饲料添加剂监督抽查,Unknown
10415,国务院农业行政主管部门或者省、自治区、直辖市人民政府饲料管理部门指定的具有相应技术条件的机构,Unknown
10416,饲料、饲料添加剂监督抽查检测工作,Unknown
10417,国务院农业行政主管部门和省、自治区、直辖市人民政府饲料管理部门,Unknown
10418,监督抽查结果,Unknown
10419,具有不良记录的饲料、饲料添加剂生产企业、经营者名单,Unknown
10420,应急预案并组织演练,Unknown
10421,应急预案的规定采取应急处置措施,Unknown
10422,发生影响公共汽车运营安全的突发事件时,Unknown
10423,运营企业未按照应急预案的规定采取应急处置措施,Unknown
10424,运营企业未制定应急预案并组织演练,Unknown
10425,运营企业未按照应急预案的规定采取应急处置措施造成严重后果,Unknown
10426,未经登记，擅自设立代表机构或者从事代表机构业务活动的,Unknown
10427,由登记机关责令停止活动,Unknown
10428,处以5万元以上20万元以下的罚款,Unknown
10429,代表机构违反规定从事营利性活动的,Unknown
10430,没收专门用于从事营利性活动的工具、设备、原材料、产品（商品）等财物,Unknown
10431,处以5万元以上50万元以下罚款,Unknown
10432,吊销登记证,Unknown
10433,国务院令第584号,Unknown
10434,国务院令第703号,Unknown
10435,伪造、变造、倒卖、出租、出借废弃电器电子产品处理资格证书等行为,Unknown
10436,废弃电器电子产品处理资格许可管理办法,Unknown
10437,收缴伪造、变造的处理资格证书,Unknown
10438,收回废弃电器电子产品处理资格证书,Unknown
10439,经营性道路客货运输从业人员诚信考核,Unknown
10440,道路运输从业人员的交通运输违法违章等信息,Unknown
10441,经营性道路客货运输驾驶员,Unknown
10442,《中华人民共和国道路运输从业人员从业资格证》的违章记录栏内,Unknown
10443,道路运输从业人员诚信考核的依据,Unknown
10444,道路运输从业人员诚信考核周期,Unknown
10445,12个月,Unknown
10446,道路运输从业人员诚信考核等级,Unknown
10447,优良、合格、基本合格和不合格,Unknown
10448,AAA级,Unknown
10449,优良,Unknown
10450,AA级,Unknown
10451,合格,Unknown
10452,A级,Unknown
10453,基本合格,Unknown
10454,B级,Unknown
10455,不合格,Unknown
10456,《中华人民共和国国旗法》,Unknown
10457,变更捐赠财产用途备案,Unknown
10458,法律法规和章程的规定,Unknown
10459,捐赠财产,Unknown
10460,原备案的民政部门,Unknown
10461,捐赠人同意,Unknown
10462,医疗卫生机构的伦理委员会,Unknown
10463,机构主要负责人和其他责任人员,Unknown
10464,研究项目方案,Unknown
10465,受试者个人信息,Unknown
10466,委员审查意见,Unknown
10467,医疗卫生机构及其伦理委员会,Unknown
10468,伦理审查工作制度或者操作规程,Unknown
10469,伦理审查原则和相关规章制度进行审查,Unknown
10470,规定进行备案,Unknown
10471,从事机动车维修经营业务,Unknown
10472,由县级以上地方人民政府交通运输主管部门责令改正,Unknown
10473,"从事机动车维修经营业务,未按规定进行备案拒不改正的进行处罚",Unknown
10474,5年内不得从事原备案的业务,Unknown
10475,"从事机动车维修经营业务,未按规定进行备案",Unknown
10476,"未经检验检测或者以篡改数据、结果等方式,出具虚假检验检测数据、结果",Unknown
10477,"违反本办法第四十三条规定,整改期间擅自对外出具检验检测数据、结果,或者逾期未改正、改正后仍不符合要求",Unknown
10478,以欺骗、贿赂等不正当手段取得资质认定,Unknown
10479,依法应当撤销资质认定证书的其他行为,Unknown
10480,收回有关证件或批准文件,Unknown
10481,"""计量监督检查""",Unknown
10482,"""计量处""",Unknown
10483,未经县级卫生行政部门核准,Unknown
10484,村卫生室、诊所、社区卫生服务站,Unknown
10485,抗菌药物,Unknown
10486,"处以,一万元以下罚款",Unknown
10487,抗菌药物临床应用管理办法,Unknown
10488,《生产安全事故报告和调查处理条例》,Unknown
10489,事故发生单位及其有关人员,Unknown
10490,转移、隐匿资金、财产,Unknown
10491,销毁有关证据、资料,Unknown
10492,事故发生单位,Unknown
10493,逐月领取退役金的退役军人退役金发放,Unknown
10494,《退役军人事务部、中共中央组织部、教育部、公安部、财政部、人力资源社会保障部、住房和城乡建设部、国家税务总局、国家医疗保障局、中央军委政治工作部、中央军委后勤保障部11部门印发<退役军人逐月领取退役金安置办法>的通知》（退役军人部发〔2021〕82号）,Unknown
10495,国务院退役军人工作主管部门,Unknown
10496,全国逐月领取退役金退役军人接收安置工作,Unknown
10497,省级人民政府退役军人工作主管部门,Unknown
10498,国家下达的逐月领取退役金退役军人安置计划进行档案审核和安置地审定,Unknown
10499,市、县级人民政府退役军人工作主管部门,Unknown
10500,本行政区域内逐月领取退役金退役军人接收安置、服务管理、教育培训、就业创业扶持、退役金核准发放等工作,Unknown
10501,对违反《侵害消费者权益行为处罚办法》第五条至第十一条规定的行政处罚,Unknown
10502,违反本法第四十条第二款规定,Unknown
10503,有关野生动物保护主管部门,Unknown
10504,被责令限期捕回者,Unknown
10505,采取其他补救措施,Unknown
10506,重新购置设施设备的价格,Unknown
10507,对非法集会、游行、示威的处罚,Unknown
10508,负责人和直接责任人员进行处罚,Unknown
10509,治安管理处罚法,Unknown
10510,公共汽车运营活动,Unknown
10511,两名以上人员,Unknown
10512,行政执法证件,Unknown
10513,监督检查人员,Unknown
10514,道路交通事故逃逸举报奖励,Unknown
10515,举报属实的公安机关交通管理部门应当给予奖励,Unknown
10516,买卖人体器官或者从事与买卖人体器官有关活动,Unknown
10517,设区的市级以上地方人民政府卫生主管部门,Unknown
10518,交易额8倍以上10倍以下的罚款,Unknown
10519,原登记部门,Unknown
10520,该医疗机构人体器官移植诊疗科目登记,Unknown
10521,该医疗机构,Unknown
10522,人体器官移植诊疗科目登记,Unknown
10523,3年,Unknown
10524,不得再请求人体器官移植诊疗科目登记的时间限制,Unknown
10525,封存,Unknown
10526,销毁,Unknown
10527,《植物检疫条例》,Unknown
10528,1983-01,Unknown
10529,2017-10,Unknown
10530,餐具饮具集中消毒服务单位监督检查,Unknown
10531,餐具饮具集中消毒服务单位,Unknown
10532,《中华人民共和国食品安全法实施条例》,Unknown
10533,注册人,Unknown
10534,商品达不到要求,Unknown
10535,农产品质量安全检测机构考核,Unknown
10536,农产品质量安全监管处,Unknown
10537,对不缴纳罚款及加处罚款，又不复议不起诉不领回查封扣押物品的拍卖处理,Unknown
10538,第四十六条第三款,Unknown
10539,乡村医生变更执业的村医疗卫生机构,Unknown
10540,县级人民政府卫生行政主管部门,Unknown
10541,对乡村医生变更执业的村医疗卫生机构,Unknown
10542,《乡村医生从业管理条例》（国务院令第386号公布）,Unknown
10543,应当标注能源效率标识而未标注的,Unknown
10544,未办理能源效率标识备案，或者使用的能源效率标识不符合规定的,Unknown
10545,伪造、冒用能源效率标识或者利用能源效率标识进行虚假宣传的,Unknown
10546,擅自设置、移动、涂改或者损毁历史文化街区、名镇、名村标志牌,Unknown
10547,城市、县人民政府,Unknown
10548,标志牌,Unknown
10549,"修订版,2017年10月国务院令第687号",Unknown
10550,开展放射诊疗活动的医疗机构监督检查,Unknown
10551,开展放射诊疗活动的医疗机构,Unknown
10552,执行法律、法规、规章、标准和规范等情况,Unknown
10553,放射诊疗规章制度和工作人员岗位责任制等制度的落实情况,Unknown
10554,健康监护制度和防护措施的落实情况,Unknown
10555,放射事件调查处理和报告情况,Unknown
10556,中标项目转让,Unknown
10557,中标项目肢解后分别转让,Unknown
10558,中标项目的部分主体、关键性工作分包,Unknown
10559,分包人再次分包,Unknown
10560,对未制定危险废物意外事故防范措施和应急预案的行政处罚,Unknown
10561,对未制定危险废物意外事故防范措施和应急预案的行为进行处罚,Unknown
10562,农业植物产地检疫合格证签发,Unknown
10563,种植业管理处,Unknown
10564,农药管理处,Unknown
10565,植物检疫条例,Unknown
10566,县级以上地方各级农业主管部门,Unknown
10567,植物检疫任务,Unknown
10568,县级以上地方各级林业主管部门,Unknown
10569,植物检疫机构,Unknown
10570,执行国家的植物检疫任务,Unknown
10571,繁育单位,Unknown
10572,建立无植物检疫对象的种苗繁育基地,Unknown
10573,建立母树林基地,Unknown
10574,植物检疫对象,Unknown
10575,产地检疫,Unknown
10576,有关当事人,Unknown
10577,非法批准、使用的土地,Unknown
10578,中华人民共和国土地管理法（2019年修正）第七十九条,Unknown
10579,关键巷道防水门设置与设计不符,Unknown
10580,《金属非金属矿山重大事故隐患判定标准》,Unknown
10581,第九十九条,Unknown
10582,将雨水管网、污水管网相互混接,Unknown
10583,《城镇排水与污水处理条例》,Unknown
10584,电子商务平台,Unknown
10585,核验、登记义务,Unknown
10586,规定向市场监督管理部门、税务部门报送有关信息,Unknown
10587,规定对违法情形采取必要的处置措施,Unknown
10588,有关主管部门报告,Unknown
10589,商品和服务信息、交易信息保存义务,Unknown
10590,《中华人民共和国电子商务法》第八十条,Unknown
10591,电子商务平台经营者,Unknown
10592,"水利领域投标人以他人名义投标或者以其他方式弄虚作假,骗取中标等行为",Unknown
10593,同一旅游团队的旅游者,Unknown
10594,与其他旅游者不同合同事项,Unknown
10595,未建立农产品质量安全管理制度,Unknown
10596,未配备相应的农产品质量安全管理技术人员,Unknown
10597,未委托具有专业技术知识的人员进行农产品质量安全指导,Unknown
10598,《西安市城市环境卫生设施建设管理办法》,Unknown
10599,管理维护责任单位,Unknown
10600,第十六条第二款,Unknown
10601,"管理维护责任单位,执行,处罚",Unknown
10602,二百元以上一千元以下罚款,Unknown
10603,生产经营场所和员工宿舍未设有符合紧急疏散需要、标志明显、保持畅通的出口，或者占用、锁闭、封堵生产经营场所或者员工宿舍出口、疏散通道,Unknown
10604,未按照规定在专用仓库设置技术防范设施,Unknown
10605,国务院令第466号发布,Unknown
10606,可以并处5万元以上20万元以下的罚款,Unknown
10607,"逾期不改正的,责令停产停业整顿",Unknown
10608,"情节严重的,吊销许可证",Unknown
10609,新建、扩建、改建建设工程避免危害气象探测环境审核,Unknown
10610,单位住房公积金开户,Unknown
10611,变更,Unknown
10612,注销,Unknown
10613,经营者对饲料、饲料添加剂进行再加工或者添加物质的,Unknown
10614,经营无产品标签、无生产许可证、无产品质量检验合格证的饲料、饲料添加剂的,Unknown
10615,经营无产品批准文号的饲料添加剂、添加剂预混合饲料的,Unknown
10616,经营用国务院农业行政主管部门公布的饲料原料目录、饲料添加剂品种目录和药物饲料添加剂品种目录以外的物质生产的饲料的,Unknown
10617,经营未取得新饲料、新饲料添加剂证书的新饲料、新饲料添加剂或者未取得饲料、饲料添加剂进口登记证的进口饲料、进口饲料添加剂以及禁用的饲料、饲料添加剂的,Unknown
10618,道路运输企业,Unknown
10619,符合标准的监控平台,Unknown
10620,联网联控系统,Unknown
10621,道路运输车辆动态信息,Unknown
10622,交通违法动态信息处理制度,Unknown
10623,低于90%,Unknown
10624,专职监控人员,Unknown
10625,"未履行,监控职责",Unknown
10626,主体,Unknown
10627,道路运输车辆动态监督管理办法,Unknown
10628,交通运输部、公安部、国家安全生产监督管理总局,Unknown
10629,交通运输部、公安部、应急管理部,Unknown
10630,第三十五条,Unknown
10631,古生物化石保护条例实施办法,Unknown
10632,30万元以上50万元以下,Unknown
10633,20万元以上30万元以下,Unknown
10634,对从事动物疫病研究与诊疗和动物饲养、屠宰、经营、隔离、运输，以及动物产品生产、经营、加工、贮藏等活动的单位和个人不履行动物疫情报告义务、执业兽医未按规定如实形成兽医执业活动情况报告；动物诊疗机构未按规定报告动物诊疗活动情况的行政处罚,Unknown
10635,非法营运的摩托车,Unknown
10636,电动三轮车,Unknown
10637,电动自行车,Unknown
10638,残疾人机动轮椅车,Unknown
10639,人力三轮车,Unknown
10640,国务院令第380号,Unknown
10641,国务院令第588号,Unknown
10642,基金会变更,Unknown
10643,修改章程核准,Unknown
10644,限制进出口货物进出口许可,Unknown
10645,勘察单位,Unknown
10646,勘察文件,Unknown
10647,地质条件可能造成的工程风险,Unknown
10648,住建部令第37号,Unknown
10649,住建部令第47号,Unknown
10650,勘察文件中说明,Unknown
10651,勘察文件中说明地质条件可能造成的工程风险,Unknown
10652,县级以上人民政府文化行政部门或者文化市场综合执法机构,Unknown
10653,本规定第十二条,Unknown
10654,互联网文化单位,Unknown
10655,文化行政部门颁发的《网络文化经营许可证》编号或者备案编号,Unknown
10656,国务院信息产业主管部门或者省、自治区、直辖市电信管理机构颁发的经营许可证编号或者备案编号,Unknown
10657,一千元以下罚款,Unknown
10658,利用他人乞讨,Unknown
10659,反复纠缠,Unknown
10660,强行讨要,Unknown
10661,以其他滋扰他人的方式乞讨,Unknown
10662,地方认证监督管理部门,Unknown
10663,认证证书和认证标志管理办法,Unknown
10664,国家质量监督检验检疫总局令第63号,Unknown
10665,产品认证证书,Unknown
10666,误导公众认为其服务、管理体系通过认证,Unknown
10667,服务认证证书,Unknown
10668,误导公众认为其产品、管理体系通过认证,Unknown
10669,管理体系认证证书,Unknown
10670,误导公众认为其产品、服务通过认证,Unknown
10671,"""退耕还林补助""",Unknown
10672,"""行政给付""",Unknown
10673,"""未成立的办公室""",Unknown
10674,水冷冷却的冶炼炉窑,Unknown
10675,铸造机,Unknown
10676,加热炉,Unknown
10677,事故隐患消除,Unknown
10678,采用水冷冷却的冶炼炉窑,Unknown
10679,应急水源,Unknown
10680,采用铸造机,Unknown
10681,采用加热炉,Unknown
10682,户外广告设施空置超过二十日未发布公益广告的行为,Unknown
10683,处1000元以上5000元以下罚款,Unknown
10684,公益广告同时发布,Unknown
10685,公益广告内容,Unknown
10686,户外广告设置行政主管部门指定,Unknown
10687,违反相关道路交通安全法律规定,Unknown
10688,非法安装、使用的车辆、装置、证件、号牌等,Unknown
10689,强制收缴、报废或销毁,Unknown
10690,非法印制烟草制品商标标识,Unknown
10691,本法第二十条,Unknown
10692,印制的商标标识,Unknown
10693,非法印制者,Unknown
10694,对非法印制烟草制品商标标识的行政处罚,Unknown
10695,中华人民共和国烟草专卖法,Unknown
10696,"对生产经营无标签或者标签不符合法律、法规、规章和食品安全标准规定的食盐的，或者加碘食盐的标签未标明碘的含量；未加碘食盐的标签未在显著位置标注""未加碘""字样的行为",Unknown
10697,未取得资质擅自从事社会消防技术服务活动的处罚,Unknown
10698,"未取得资质,擅自从事社会消防技术服务活动",Unknown
10699,"资质被依法注销,继续从事社会消防技术服务活动",Unknown
10700,冒用其他社会消防技术服务机构名义从事社会消防技术服务活动,Unknown
10701,道路运输车辆卫星定位装置安装管理,Unknown
10702,未按照要求安装卫星定位装置,Unknown
10703,不符合规定条件的人员,Unknown
10704,驾驶道路运输经营车辆,Unknown
10705,驾驶专用车辆,Unknown
10706,驾驶道路客货运车辆,Unknown
10707,使用失效伪造变造的从业资格证件,Unknown
10708,土壤污染责任人,Unknown
10709,进行评估,Unknown
10710,2018年8月,Unknown
10711,土壤污染责任人或土地使用权人,Unknown
10712,二万元以上二十万元以下的罚款,Unknown
10713,二十万元以上一百万元以下的罚款,Unknown
10714,五千元以上二万元以下的罚款,Unknown
10715,学校决策机构负责人,Unknown
10716,依据职责分工,Unknown
10717,《民办教育促进法实施条例》,Unknown
10718,用户,Unknown
10719,供电安全,Unknown
10720,用电安全,Unknown
10721,供电秩序,Unknown
10722,用电秩序,Unknown
10723,危害行为,Unknown
10724,对戒毒医疗机构发现接受戒毒治疗的戒毒人员在治疗期间吸食、注射毒品，不向公安机关报告的处罚,Unknown
10725,《中华人民共和国戒毒法》第六十七条,Unknown
10726,未提供必要的安全和卫生防护措施,Unknown
10727,普通中小学校,Unknown
10728,让学生接触有毒有害物质或者从事不安全工种的作业,Unknown
10729,让学生参加夜班劳动,Unknown
10730,普通高等学校,Unknown
10731,接触有毒有害物质,Unknown
10732,中等专业学校,Unknown
10733,技工学校,Unknown
10734,农业中学,Unknown
10735,提供保健待遇,Unknown
10736,责任者,Unknown
10737,违反本法第五十三条规定的责任人,Unknown
10738,中医诊所监督检查,Unknown
10739,县级以上地方中医药主管部门,Unknown
10740,中医诊所依法执业,Unknown
10741,医疗质量和医疗安全,Unknown
10742,诊所管理,Unknown
10743,备案的中医诊所,Unknown
10744,现场监督检查,Unknown
10745,《中医诊所备案管理暂行办法》,Unknown
10746,库区或者尾矿坝上存在未按设计进行开采、挖掘、爆破等危及尾矿库安全的活动,Unknown
10747,对兽药经营企业是否符合兽药经营质量管理规范的要求进行监督检查,Unknown
10748,县级以上地方人民政府兽医行政管理部门,Unknown
10749,本规定第六十二条,Unknown
10750,"劳动者办理,就业登记",Unknown
10751,对未取得药品批准证明文件生产、进口药品,Unknown
10752,生产、销售国务院药品监督管理部门禁止使用的药品,Unknown
10753,编造生产、检验记录,Unknown
10754,未经批准在药品生产过程中进行重大变更的行政处罚,Unknown
10755,《动物防疫条件审查办法》,Unknown
10756,动物饲养场,Unknown
10757,变更单位名称或者法定代表人未办理变更手续,Unknown
10758,动物隔离场所,Unknown
10759,动物屠宰加工场所,Unknown
10760,动物和动物产品无害化处理场所,Unknown
10761,使用假教师资格证书,Unknown
10762,《中华人民共和国教师法》,Unknown
10763,中小学教师资格认定,Unknown
10764,中等专业学校、技工学校教师资格认定,Unknown
10765,普通高等学校的教师资格认定,Unknown
10766,《〈教师资格条例〉实施办法》,Unknown
10767,对使用假资格证书的处罚,Unknown
10768,假证书,Unknown
10769,748号,Unknown
10770,"由,有批准权的人民政府",Unknown
10771,《危险货物道路运输安全管理办法》,Unknown
10772,罐式车辆罐体,Unknown
10773,检验有效期内,Unknown
10774,具有专业资质的检验机构重新检验合格,Unknown
10775,装载危险货物的常压罐式车辆罐体,Unknown
10776,"应委托,具备罐体生产资质的企业实施",Unknown
10777,"应通过,具有专业资质的检验机构维修、改造检验",Unknown
10778,取得,Unknown
10779,方可重新投入使用,Unknown
10780,运输危险货物的可移动罐柜、罐箱,Unknown
10781,具有专业资质的检验机构检验合格,Unknown
10782,"并取得,相应的安全合格标志",Unknown
10783,按照,Unknown
10784,"危险货物承运人,应当责令限期改正",Unknown
10785,"危险货物承运人,可以处,5万元以下的罚款",Unknown
10786,"逾期未改正的,处,5万元以上20万元以下的罚款",Unknown
10787,"对其直接负责的主管人员和其他直接责任人员,处,1万元以上2万元以下的罚款",Unknown
10788,"情节严重的,责令,停产停业整顿",Unknown
10789,质量保修书,Unknown
10790,保修范围,Unknown
10791,保修期限,Unknown
10792,保修责任,Unknown
10793,计量违法行为处罚细则,Unknown
10794,部门和企业,Unknown
10795,各项最高计量标准,Unknown
10796,未取得有关人民政府计量行政部门颁发的计量标准考核证书而开展检定的行为,Unknown
10797,可并处一千元以下罚款,Unknown
10798,计量标准考核证书有效期满,Unknown
10799,"受处罚对象,责令其停止使用",Unknown
10800,"受处罚对象,限期申请复查",Unknown
10801,考核合格投入使用的计量标准,Unknown
10802,陕西省公路隧道安全保护办法,Unknown
10803,未经批准进入公路隧道非公用区域,Unknown
10804,第二十条规定,Unknown
10805,对烟花爆竹生产经营企业将氧化剂、还原剂同库储存、违规预混或者在同一工房内粉碎、称量的行政处罚,Unknown
10806,气象信息服务单位,Unknown
10807,气象探测站（点）,Unknown
10808,充分利用基本气象资料,Unknown
10809,报探测站（点）所在地设区的市级以上气象主管机构备案,Unknown
10810,气象信息服务管理办法,Unknown
10811,确需建站获取资料的单位,Unknown
10812,探测站（点）所在地,Unknown
10813,2022年10月,Unknown
10814,畜禽屠宰企业不再具备本法规定条件,Unknown
10815,本法规定条件,Unknown
10816,对涉嫌电子商务违法行为的监督检查,Unknown
10817,电子商务发展促进,Unknown
10818,县级以上地方各级人民政府,Unknown
10819,本行政区域的实际情况,Unknown
10820,组织指导全国网络交易监督管理工作,Unknown
10821,本行政区域内的网络交易监督管理工作,Unknown
10822,教师资格认定,Unknown
10823,黄河流域以及黄河流经省、自治区其他黄河供水区相关县级行政区域,Unknown
10824,取水规模以上的单位,Unknown
10825,在线计量设施,Unknown
10826,不正常,Unknown
10827,"生产、储存、经营易燃易爆危险品的场所与居住场所设置在同一建筑物内,或者未与居住场所保持安全距离的,责令停产停业,并处五千元以上五万元以下罚款",Unknown
10828,"生产、储存、经营其他物品的场所与居住场所设置在同一建筑物内,不符合消防技术标准的,依照前款规定处罚",Unknown
10829,"抽逃其出资行为,由公司登记机关责令改正",Unknown
10830,"抽逃其出资行为,处以罚款",Unknown
10831,未经国家粮食行政管理部门批准,Unknown
10832,"粮油仓储单位名称中使用""国家储备粮""和""中央储备粮""字样的行为",Unknown
10833,粮油仓储单位名称,Unknown
10834,"""国家储备粮""和""中央储备粮""字样",Unknown
10835,负责备案管理的粮食行政管理部门,Unknown
10836,工程地质或者水文地质类型复杂的矿山，井巷工程施工未进行施工组织设计，或者未按施工组织设计落实安全措施,Unknown
10837,五万元,Unknown
10838,扣押存在事故隐患经责令停止使用仍拒不停止使用的农用机械,Unknown
10839,2009年9月公布,Unknown
10840,2019年3月修订,Unknown
10841,停止使用,Unknown
10842,存在事故隐患的农业机械,Unknown
10843,擅自变更进口互联网文化产品的名称或者增删内容,Unknown
10844,外国投资者,Unknown
10845,外商投资企业,Unknown
10846,西安市投资合作局,Unknown
10847,外商投资促进处,Unknown
10848,自然保护区管理机构,Unknown
10849,环境保护行政主管部门或者有关自然保护区行政主管部门,Unknown
10850,黄河流域损坏、擅自占用淤地坝,Unknown
10851,从事生产建设活动造成水土流失未进行治理,Unknown
10852,或者治理不符合国家规定的相关标准等行为,Unknown
10853,日常经营活动,Unknown
10854,娱乐场所日常经营活动的监督管理,Unknown
10855,县级以上公安部门,Unknown
10856,娱乐场所消防、治安状况的监督管理,Unknown
10857,对在噪声敏感建筑物集中区域内使用蒸汽桩机、锤击桩机等噪声超标设备的行政处罚,Unknown
10858,《西安市环境噪声污染防治条例》,Unknown
10859,违反本条例第二十六条第三款规定，在噪声敏感建筑物集中区域内使用蒸汽桩机、锤击桩机等噪声超标设备的，责令改正，处一万元以上五万元以下罚款,Unknown
10860,化妆品展销会举办者,Unknown
10861,向所在地负责药品监督管理的部门报告展销会基本信息,Unknown
10862,展销会举办者,Unknown
10863,保证化妆品质量安全的管理制度,Unknown
10864,入场化妆品经营者管理责任,Unknown
10865,入场化妆品经营者依法履行义务,Unknown
10866,化妆品质量安全知识培训,Unknown
10867,入场化妆品经营者档案,Unknown
10868,入场化妆品经营者的市场主体登记证明,Unknown
10869,经营者名称或者姓名、联系方式、住所等信息,Unknown
10870,入场化妆品经营者档案信息,Unknown
10871,真实、准确、完整,Unknown
10872,经营者在场内停止经营后2年,Unknown
10873,利用互联网发布、发送广告,Unknown
10874,在搜索政务服务网站、网页、互联网应用程序、公众号等的结果中插入竞价排名广告,Unknown
10875,"未经用户同意、请求或者用户明确表示拒绝的,向其交通工具、导航设备、智能家电等发送互联网广告",Unknown
10876,在用户发送的电子邮件或者互联网即时通讯信息中附加广告或者广告链接,Unknown
10877,以其他畜禽品种冒充所销售的种畜禽品种,Unknown
10878,以低代别种畜禽冒充高代别种畜禽,Unknown
10879,以不符合种用标准的畜禽冒充种畜禽,Unknown
10880,销售未经批准进口的种畜禽,Unknown
10881,以不合格蚕种冒充合格的蚕种,Unknown
10882,冒充其他企业名称或者品种的蚕种,Unknown
10883,法律援助律师,Unknown
10884,公职律师,Unknown
10885,公司律师工作证颁发,Unknown
10886,未经计量认证,Unknown
10887,为社会提供公证数据的产品质量检验机构,Unknown
10888,经省级以上人民政府计量行政管理部门计量认证,Unknown
10889,对未按规定进行娱乐场所备案变更进行行政处罚,Unknown
10890,国务院文化主管部门,Unknown
10891,全国营业性演出的监督管理工作,Unknown
10892,营业性演出的监督管理工作,Unknown
10893,国务院工商行政管理部门,Unknown
10894,县级以上地方人民政府文化主管部门,Unknown
10895,本行政区域内营业性演出的监督管理工作,Unknown
10896,县级以上地方人民政府公安部门,Unknown
10897,县级以上地方人民政府工商行政管理部门,Unknown
10898,文化和旅游主管部门,Unknown
10899,演出市场的管理和监督,Unknown
10900,演出经营主体基本信息登记和公布制度,Unknown
10901,演出信息报送制度,Unknown
10902,演出市场巡查责任制度,Unknown
10903,储备土地管护,Unknown
10904,巡查,Unknown
10905,《西安市土地储备条例》,Unknown
10906,土地储备机构,Unknown
10907,巡查制度,Unknown
10908,储备土地的管护,Unknown
10909,违法占地,Unknown
10910,倾倒垃圾,Unknown
10911,装卸管理人员和申报员、检查员的从业资格进行监督检查,Unknown
10912,危险货物水路运输从业人员考核和从业资格管理规定,Unknown
10913,港口行政管理部门及各级海事管理机构,Unknown
10914,对辖区内装卸管理人员和申报员、检查员的从业资格进行监督检查,Unknown
10915,《中华人民共和国个人独资企业法》,Unknown
10916,县级以上人民政府房地产行政主管部门,Unknown
10917,房产测绘单位,Unknown
10918,《房产测绘管理办法》,Unknown
10919,《实施&lt;中华人民共和国社会保险法&gt;若干规定》,Unknown
10920,2011年6月29日,Unknown
10921,2004年11月1日,Unknown
10922,未按月将缴纳社会保险费的明细情况告知职工本人,Unknown
10923,对事业单位违反《事业单位登记管理暂行条例》 和《事业单位登记管理暂行条例实施细则》行为的处罚,Unknown
10924,处一万元以上五万元以下罚款,Unknown
10925,对网络餐饮服务第三方平台提供者未对入网餐饮服务提供者的经营行为进行抽查和监测的,Unknown
10926,"发现入网餐饮服务提供者存在违法行为,未及时制止并立即报告入网餐饮服务提供者所在地县级食品药品监督管理部门的",Unknown
10927,"发现入网餐饮服务提供者存在严重违法行为,未立即停止提供网络交易平台服务行为的",Unknown
10928,不具有相关许可证件或者证明文件的单位购买剧毒化学品、易制爆危险化学品,Unknown
10929,医疗器械生产企业,Unknown
10930,所生产的产品品种情况及相关信息,Unknown
10931,向原生产许可或者生产备案部门报告,Unknown
10932,"涉及委托生产的,还应当提供委托方、受托生产产品、受托期限等信息",Unknown
10933,"可能影响产品安全、有效的,应当在增加生产产品30个工作日前向原生产许可部门报告",Unknown
10934,原生产许可部门,Unknown
10935,"增加生产产品涉及生产条件变化,可能影响产品安全、有效的",Unknown
10936,《中华人民共和国义务教育法》,Unknown
10937,《陕西省实施&lt;中华人民共和国义务教育法&gt;办法》,Unknown
10938,组织和个人,Unknown
10939,国务院教育行政部门,Unknown
10940,县级以上地方各级人民政府教育行政部门,Unknown
10941,县级以上各级人民政府其他有关部门,Unknown
10942,社会组织和个人,Unknown
10943,教育工作者,Unknown
10944,对不按照法定条件、要求从事生产经营活动或者生产、销售不符合法定要求产品,Unknown
10945,依法应当取得许可证照而未取得许可证照从事生产经营活动的处罚,Unknown
10946,未按照批准的矿山地质环境保护与治理恢复方案治理的,Unknown
10947,在矿山被批准关闭、闭坑前未完成治理恢复的,Unknown
10948,列入矿业权人异常名录或严重违法名单,Unknown
10949,逾期拒不改正的或整改不到位的,Unknown
10950,不受理其申请新的采矿权许可证或者申请采矿权许可证延续、变更、注销,Unknown
10951,对违反规定干涉他人学习和使用国家通用语言文字的处罚,Unknown
10952,基础教育一处,Unknown
10953,《中华人民共和国国家通用语言文字法》,Unknown
10954,2000年10月31日,Unknown
10955,2001年1月1日,Unknown
10956,由有关行政管理部门责令限期改正,Unknown
10957,干涉他人学习和使用国家通用语言文字的,Unknown
10958,出租汽车驾驶员客运资格证核发,Unknown
10959,未经批准擅自经营或者以商务、考察、培训等方式变相经营出国旅游业务,Unknown
10960,由旅游行政部门责令停止非法经营,Unknown
10961,并处违法所得2倍以上5倍以下的罚款,Unknown
10962,《中国公民出国旅游管理办法》,Unknown
10963,任何单位和个人违反本办法第四条的规定,Unknown
10964,省、自治区、直辖市旅游行政部门,Unknown
10965,申请经营出国旅游业务的旅行社,Unknown
10966,国务院旅游行政部门,Unknown
10967,旅行社经营出国旅游业务,Unknown
10968,申请,Unknown
10969,旅游业发展规划及合理布局的要求,Unknown
10970,未经国务院旅游行政部门批准取得出国旅游业务经营资格的,Unknown
10971,不得擅自经营或者以商务、考察、培训等方式变相经营出国旅游业务,Unknown
10972,企业登记机关,Unknown
10973,提交虚假文件或者采取其他欺骗手段，取得合伙企业登记行为,Unknown
10974,中华人民共和国合伙企业法（2006年修订）,Unknown
10975,互联网安全活动,Unknown
10976,利用国际联网制作、复制、查阅和传播违法信息行为,Unknown
10977,《散装水泥管理办法》,Unknown
10978,散装水泥发展,Unknown
10979,县级以上地方人民政府有关部门,Unknown
10980,表彰和鼓励,Unknown
10981,发展散装水泥事业,Unknown
10982,西安市散装水泥事业,Unknown
10983,县,Unknown
10984,推广使用散装水泥工作中做出显著成绩的单位和个人,Unknown
10985,国家安全监管总局关于印发〈化工和危险化学品生产经营单位重大生产安全事故隐患判定标准（试行）〉和〈烟花爆竹生产经营单位重大生产安全事故隐患判定标准（试行）〉的通知,Unknown
10986,地区架空电力线路穿越生产区且不符合国家标准要求,Unknown
10987,九,Unknown
10988,道路运输及相关业务及其经营场所,Unknown
10989,客货集散地,Unknown
10990,拒绝隔离、治疗、留验的检疫传染病病人、病原携带者、疑似检疫传染病病人和与其密切接触者,Unknown
10991,《国内交通卫生检疫条例》,Unknown
10992,国务院令第254号发布,Unknown
10993,县级以上地方人民政府卫生行政部门或者铁路、交通、民用航空行政主管部门的卫生主管机构,Unknown
10994,"采取,强制检疫措施",Unknown
10995,当地县级以上人民政府,Unknown
10996,公安部门予以协助,Unknown
10997,擅自设立宗教活动场所,Unknown
10998,宗教活动场所已被撤销登记或者吊销登记证书仍然进行宗教活动,Unknown
10999,擅自设立宗教院校,Unknown
11000,改变绿化规划、绿化用地的使用性质审批,Unknown
11001,《中华人民共和国黄河保护法》第一百一十八条,Unknown
11002,河道、湖泊管理范围内的建筑物、构筑物,Unknown
11003,行洪,Unknown
11004,河道、湖泊管理范围内的活动,Unknown
11005,河势稳定,Unknown
11006,河岸堤防安全,Unknown
11007,河道行洪,Unknown
11008,黄河流域河道、湖泊水域和岸线,Unknown
11009,跨河、穿河、穿堤、临河的工程设施,Unknown
11010,降低行洪和调蓄能力,Unknown
11011,缩小水域面积,Unknown
11012,医疗废物,Unknown
11013,污水,Unknown
11014,《中华人民共和国出境入境管理法》第25条,Unknown
11015,《中国公民往来台湾地区管理办法》第19条,Unknown
11016,未持有效出境入境证件或者拒绝、逃避接受边防检查,Unknown
11017,具有本法第二十一条第一项至第四项规定情形,Unknown
11018,入境后可能从事与签证种类不符的活动,Unknown
11019,法律、行政法规规定不准入境的其他情形,Unknown
11020,出入境边防检查机关,Unknown
11021,不说明理由,Unknown
11022,被认为有犯罪行为的,Unknown
11023,不予批准,Unknown
11024,被认为来大陆后可能进行危害国家安全、利益等活动的,Unknown
11025,不符合申请条件或者有编造情况、提供假证明等欺骗行为的,Unknown
11026,精神疾病或者严重传染病患者,Unknown
11027,法律、行政法规规定不予批准的其他情形,Unknown
11028,处理行为,Unknown
11029,宅基地使用权及房屋所有权注销登记,Unknown
11030,不动产灭失,Unknown
11031,权利人放弃不动产权利,Unknown
11032,不动产被依法没收、征收或者收回,Unknown
11033,人民法院、仲裁委员会的生效法律文书导致不动产权利消灭,Unknown
11034,抵押权人、地役权人、预告登记权利人同意的书面材料,Unknown
11035,无危险废物出口核准通知单或者不按照危险废物出口核准通知单出口危险废物行为,Unknown
11036,《危险废物出口核准管理办法》,Unknown
11037,保障房租金补贴标准确定,Unknown
11038,《关于进一步规范发展公租房的意见》,Unknown
11039,《关于做好城镇住房保障家庭补贴工作的指导意见》,Unknown
11040,施工组织设计中的安全技术措施或者专项施工方案进行审查,Unknown
11041,安全事故隐患未及时要求施工单位整改或者暂时停止施工,Unknown
11042,未及时向有关主管部门报告,Unknown
11043,法律、法规和工程建设强制性标准实施监理,Unknown
11044,国家环境保护总局令第32号,Unknown
11045,"第一项,未建立实验室污染防治管理的规章制度",Unknown
11046,"第二项,未对产生的危险废物进行登记或者未保存登记资料",Unknown
11047,"对,责令限期改正,给予警告",Unknown
11048,"对,逾期不改正的,处1000元以下罚款",Unknown
11049,出租汽车服务质量信誉考核,Unknown
11050,买卖,Unknown
11051,运输,Unknown
11052,邮寄,Unknown
11053,携带,Unknown
11054,提供,Unknown
11055,处置,Unknown
11056,占用、堵塞、封闭疏散通道,Unknown
11057,占用、堵塞、封闭消防车通道,Unknown
11058,对火灾隐患经公安机关消防机构通知后不及时采取措施消除,Unknown
11059,网约车驾驶员,Unknown
11060,交通运输主管部门和市场监督管理部门,Unknown
11061,每次违法行为处50元以上200元以下罚款,Unknown
11062,西安市网络预约出租汽车经营服务管理暂行办法,Unknown
11063,尾矿库出现下列重大险情之一,Unknown
11064,库内水位超过限制的最高洪水位,Unknown
11065,其他危及尾矿库安全的重大险情,Unknown
11066,按照安全监管权限和职责立即报告当地县级安全生产监督管理部门和人民政府,Unknown
11067,启动应急预案,Unknown
11068,进行抢险,Unknown
11069,并处 1 万元以上 3 万元以下的罚款,Unknown
11070,偷工减料,Unknown
11071,不合格的建筑材料,Unknown
11072,不合格的建筑构配件,Unknown
11073,不合格的设备,Unknown
11074,不按照工程设计图纸或者施工技术标准施工,Unknown
11075,处工程合同价款2%以上4%以下的罚款,Unknown
11076,负责返工、修理,Unknown
11077,赔偿因此造成的损失,Unknown
11078,"情节严重的,责令停业整顿",Unknown
11079,"情节严重的,降低资质等级",Unknown
11080,"情节严重的,吊销资质证书",Unknown
11081,处单位罚款数额5%以上10%以下的罚款,Unknown
11082,《西安市集中供热条例》(2020修正),Unknown
11083,供热企业,Unknown
11084,在集中供热期前对供热设施进行注水、试压和排气,Unknown
11085,未在集中供热期前对供热设施注水、试压和排气,Unknown
11086,依法采取必要处置措施,Unknown
11087,保存有关信息记录,Unknown
11088,相应义务和责任,Unknown
11089,经营自主权,Unknown
11090,参与价格促销活动,Unknown
11091,对广播电视行业安全播出的监督检查,Unknown
11092,《广播电视安全播出管理规定》,Unknown
11093,国家广播电影电视总局发布,Unknown
11094,国务院广播电视行政部门,Unknown
11095,全国广播电视安全播出监督管理工作,Unknown
11096,县级以上地方人民政府广播电视行政部门,Unknown
11097,本行政区域内的广播电视安全播出监督管理工作,Unknown
11098,广播电视行政部门,Unknown
11099,广播电视安全播出监督管理职责,Unknown
11100,本行政区域内安全播出情况进行监督、检查,Unknown
11101,"发现的安全播出事故隐患,采取措施,督促安全播出责任单位予以消除",Unknown
11102,道路货物运输经营和货运站经营活动的监督检查,Unknown
11103,货运站,Unknown
11104,货运站、货物集散地的监督检查对象,Unknown
11105,公路路口,Unknown
11106,被检查单位和个人,Unknown
11107,有关情况或者资料,Unknown
11108,锅炉,Unknown
11109,擅自用于制造,Unknown
11110,气瓶,Unknown
11111,氧舱,Unknown
11112,高耗能特种设备,Unknown
11113,《互联网广告管理办法》,Unknown
11114,2023年2月25日,Unknown
11115,国家市场监督管理总局令第72号公布,Unknown
11116,违反本办法第八条,Unknown
11117,变相发布医疗、药品、医疗器械、保健食品、特殊医学用途配方食品广告,Unknown
11118,违反本办法第九条,Unknown
11119,互联网广告不具有可识别性,Unknown
11120,介绍健康、养生知识的,Unknown
11121,不得在同一页面或者同时出现相关医疗、药品、医疗器械、保健食品、特殊医学用途配方食品的商品经营者或者服务提供者地址、联系方式、购物链接等内容,Unknown
11122,互联网广告,Unknown
11123,可识别性,Unknown
11124,互联网广告为广告,Unknown
11125,对未取得相应的旅行社业务经营许可，经营国内旅游业务、入境旅游业务、出境旅游业务的,Unknown
11126,分社超出设立分社的旅行社的经营范围经营旅游业务的,Unknown
11127,旅行社服务网点从事招徕、咨询以外的旅行社业务经营活动行为的,Unknown
11128,2020年11月29日,Unknown
11129,"工商行政管理部门,责令改正,违法所得",Unknown
11130,"工商行政管理部门,没收,违法所得",Unknown
11131,"工商行政管理部门,并处,违法所得1倍以上5倍以下的罚款",Unknown
11132,"工商行政管理部门,并处,10万元以上50万元以下的罚款",Unknown
11133,10万元以上的,Unknown
11134,不足10万元或者没有违法所得,Unknown
11135,转包,Unknown
11136,分包,Unknown
11137,对建设工程勘察、设计单位违法转包、分包的处罚,Unknown
11138,合同约定的勘察费、设计费25％以上50％以下的罚款,Unknown
11139,隐匿、转移、变卖、损毁被产品质量监督部门或者工商行政管理部门查封、扣押的物品行为,Unknown
11140,隐匿、转移、变卖、损毁被产品质量监督部门或者工商行政管理部门查封、扣押的物品,Unknown
11141,处被隐匿、转移、变卖、损毁物品货值金额等值以上三倍以下的罚款,Unknown
11142,《中华人民共和国出境入境管理法》第79条,Unknown
11143,对损毁或者擅自改变饮用水水源保护区地理界标、警示标志和隔离防护设施的行政处罚,Unknown
11144,损毁或者擅自改变饮用水水源保护区地理界标、警示标志和隔离防护设施,Unknown
11145,县级以上人民政府确定的监督管理部门,Unknown
11146,"个人,处以罚款",Unknown
11147,"单位,处以罚款",Unknown
11148,放射性同位素转让审批,Unknown
11149,工贸企业金属冶炼企业主要负责人,Unknown
11150,工贸企业安全生产管理人员,Unknown
11151,金属冶炼企业主要负责人未按照规定经考核合格,Unknown
11152,主要负责人和安全生产管理人员未按照规定经考核合格,Unknown
11153,船员适任证书核发,Unknown
11154,行政地点,Unknown
11155,未经批准擅自设立音像制品出版、进口单位,Unknown
11156,擅自从事音像制品出版、制作、复制业务或者进口、批发、零售经营活动,Unknown
11157,出版行政主管部门,Unknown
11158,非法经营罪,Unknown
11159,违法经营的音像制品,Unknown
11160,进行违法活动的专用工具、设备,Unknown
11161,5倍以上 10倍以下,Unknown
11162,5万元以下,Unknown
11163,音像制品管理条例,Unknown
11164,违反本办法第十四条规定,Unknown
11165,"由特种设备安全监督管理部门责令改正,处五千元以上二万元以下罚款",Unknown
11166,进行分包或者转包,Unknown
11167,用于电梯改造、修理的零部件,Unknown
11168,产品质量合格证书,Unknown
11169,型式试验合格报告,Unknown
11170,依法需要的型式试验合格报告,Unknown
11171,伪造、涂改、倒卖、出租、出借、转让特殊医学用途配方食品注册证书行为,Unknown
11172,擅自停止使用节水设施,Unknown
11173,擅自停止使用取退水计量设施,Unknown
11174,不按规定提供取水,Unknown
11175,不按规定提供退水,Unknown
11176,取水审批机关,Unknown
11177,危险化学品单位,Unknown
11178,对重大危险源进行辨识,Unknown
11179,重大危险源中关键装置、重点部位,Unknown
11180,重大危险源,Unknown
11181,违法充装的气瓶,Unknown
11182,移动式压力容器、气瓶充装单位,Unknown
11183,充装资格,Unknown
11184,对擅自设立广播电台、电视台、教育电视台、有线广播电视传输覆盖网、广播电视站的行为的行政处罚,Unknown
11185,对擅自设立广播电视发射台、转播台、微波站、卫星上行站行为的行政处罚,Unknown
11186,由县级以上人民政府广播电视行政部门予以取缔,Unknown
11187,没收其从事违法活动的设备,Unknown
11188,并处投资总额1倍以上2倍以下的罚款,Unknown
11189,或者由无线电管理机构依照国家无线电管理的有关规定予以处罚,Unknown
11190,市级律师协会章程备案,Unknown
11191,《中华人民共和国律师法》（2017年9月1日修正）,Unknown
11192,全国律师协会章程,Unknown
11193,全国会员代表大会制定,Unknown
11194,地方律师协会章程,Unknown
11195,地方会员代表大会制定,Unknown
11196,同级司法行政部门备案,Unknown
11197,法律援助机构违法行为的处罚,Unknown
11198,设立该法律援助机构的司法行政部门,Unknown
11199,法律援助机构及其工作人员,Unknown
11200,宗教教职人员跨市担任或者离任宗教活动场所主要教职备案,Unknown
11201,《陕西省宗教事务条例》,Unknown
11202,对采购人、采购代理机构政府采购违法行为的处罚,Unknown
11203,学校国防教育,Unknown
11204,工作计划,Unknown
11205,学校国防教育工作定期进行考核,Unknown
11206,《中华人民共和国国防教育法》(2018年修正),Unknown
11207,《中华人民共和国招标投标法》（2017年修订）,Unknown
11208,评标委员会成员,Unknown
11209,一年至二年内参加依法必须进行招标的项目的投标资格,Unknown
11210,碘缺乏危害防治,Unknown
11211,碘盐的卫生监督管理工作,Unknown
11212,国务院授权的盐业主管机构,Unknown
11213,全国碘盐加工,Unknown
11214,市场供应的监督管理工作,Unknown
11215,在食盐加碘消除碘缺乏危害工作中做出显著成绩的单位和个人,Unknown
11216,《陕西省质量检验机构管理条例》,Unknown
11217,陕西省质量检验机构管理条例,Unknown
11218,质量检验机构,Unknown
11219,未取得《计量认证合格证书》的检验机构,Unknown
11220,《住房公积金管理条例》,Unknown
11221,《西安市住房公积金管理条例》,Unknown
11222,依照《房地产开发企业资质管理规定》进行处理,Unknown
11223,对未按照排污许可证规定控制大气污染物无组织排放的行政处罚,Unknown
11224,第三十五条第一项,Unknown
11225,未按照排污许可证规定控制大气污染物无组织排放,Unknown
11226,体育行政部门,Unknown
11227,健身气功站点,Unknown
11228,健身气功管理办法,Unknown
11229,擅自举办健身气功活动,Unknown
11230,擅自设立健身气功站点,Unknown
11231,健身气功站点年检不合格,Unknown
11232,安全评价检测检验机构管理办法（应急管理部令第1号公布）,Unknown
11233,安全生产检测检验报告,Unknown
11234,绿化工程是否符合规划条件核实,Unknown
11235,对企业名称争议的裁决,Unknown
11236,企业名称登记管理规定,Unknown
11237,企业名称登记管理规定实施办法,Unknown
11238,受理企业名称争议,Unknown
11239,进行调解,Unknown
11240,作出行政裁决,Unknown
11241,擅自拆解,Unknown
11242,报废汽车回收管理办法,Unknown
11243,盗窃,Unknown
11244,公安机关报告,Unknown
11245,抢劫,Unknown
11246,五大总成,Unknown
11247,汽车,Unknown
11248,&ldquo;五大总成&rdquo;,Unknown
11249,其他零配件,Unknown
11250,原审批发证部门,Unknown
11251,《资格认定书》,Unknown
11252,《特种行业许可证》,Unknown
11253,煽动民族仇恨,Unknown
11254,刊载民族歧视、侮辱内容,Unknown
11255,第四十七条,Unknown
11256,饲料和饲料添加剂生产企业,Unknown
11257,发现问题产品,Unknown
11258,召回,Unknown
11259,由县级以上地方人民政府饲料管理部门责令召回,Unknown
11260,"不予以无害化处理或者销毁,由县级人民政府饲料管理部门代为销毁",Unknown
11261,予以无害化处理或者销毁,Unknown
11262,可以由发证机关吊销、撤销相关许可证明文件,Unknown
11263,由县级人民政府饲料管理部门代为销毁,Unknown
11264,生产企业承担,Unknown
11265,电子商务行业企业,Unknown
11266,可重复使用、易回收利用的包装物,Unknown
11267,电子商务处,Unknown
11268,县级以上地方人民政府商务、邮政等主管部门,Unknown
11269,粮食行政管理部门备案,Unknown
11270,粮食行政管理部门,Unknown
11271,粮油仓储管理办法,Unknown
11272,安装、改造和重大修理施工现场的作业人员数量,Unknown
11273,施工要求,Unknown
11274,具有相应特种设备作业人员资格的人数,Unknown
11275,安全技术规范要求,Unknown
11276,5千元以上1万元以下罚款,Unknown
11277,导游证核发,Unknown
11278,导游人员资格证书,Unknown
11279,省文化和旅游厅,Unknown
11280,对生产、储存、使用危险化学品的单位有重复使用危险化学品包装物、容器前不进行检查等行为的行政处罚,Unknown
11281,查封、扣押不符合法定要求的产品,Unknown
11282,违法使用的原料、辅料、添加剂、农业投入品,Unknown
11283,用于违法生产的工具、设备,Unknown
11284,查封存在危害人体健康和生命安全重大隐患的生产经营场所,Unknown
11285,2007年7月国务院令第503号,Unknown
11286,相应的牌证、标志或者补办相应手续,Unknown
11287,车前、车后指定位置,Unknown
11288,重型、中型载货汽车及其挂车、拖拉机及其挂车,Unknown
11289,放大的牌号,Unknown
11290,机动车前窗右上角,Unknown
11291,标识或者车身广告,Unknown
11292,未经批准擅自举办中外合作职业技能培训办学项目,Unknown
11293,责令举办该项目的中国教育机构限期改正,Unknown
11294,退还向学生收取的费用,Unknown
11295,评标委员会,Unknown
11296,中标候选人,Unknown
11297,依法推荐的中标候选人以外确定中标人,Unknown
11298,所有投标被评标委员会否决后自行确定中标人,Unknown
11299,中标无效,Unknown
11300,可以处中标项目金额千分之五以上千分之十以下的罚款,Unknown
11301,分包转包生产线,Unknown
11302,分包转包工房,Unknown
11303,分包转包库房,Unknown
11304,生产经营,Unknown
11305,违反道路交通安全行为扣留机动车驾驶证,Unknown
11306,签发原产地证书,Unknown
11307,中华人民共和国进出口货物原产地条例,Unknown
11308,出口货物发货人,Unknown
11309,国家质量监督检验检疫总局所属的各地出入境检验检疫机构,Unknown
11310,中国国际贸易促进委员会及其地方分会,Unknown
11311,签证机构,Unknown
11312,出口货物原产地证书,Unknown
11313,国家质量监督检验检疫总局会同国务院其他有关部门、机构另行制定管理,Unknown
11314,伪造、变造不动产权属证书,Unknown
11315,变造不动产登记证明,Unknown
11316,买卖、使用伪造、变造的不动产权属证书,Unknown
11317,使用伪造、变造的不动产登记证明,Unknown
11318,违法生产的产品,Unknown
11319,用于违法生产的工具、设备、原材料等,Unknown
11320,农药生产许可证,Unknown
11321,相应的农药登记证,Unknown
11322,对相对人申请审查后提供的法律援助,Unknown
11323,组织实施法律援助工作,Unknown
11324,法律援助申请时间,Unknown
11325,法律援助人员时间,Unknown
11326,申请材料,Unknown
11327,材料,Unknown
11328,说明,Unknown
11329,违反运输许可事项,Unknown
11330,未携带《民用爆炸物品运输许可证》,Unknown
11331,违反有关标准和规范混装民用爆炸物品,Unknown
11332,运输车辆未按照规定悬挂或者安装符合国家标准的易燃易爆危险物品警示标志,Unknown
11333,"未按照规定的路线行驶,途中经停没有专人看守或者在许可以外的地点经停",Unknown
11334,装载民用爆炸物品的车厢载人,Unknown
11335,出现危险情况未立即采取必要的应急处置措施,Unknown
11336,出现危险情况未立即报告当地公安机关,Unknown
11337,地质环境监测设施,Unknown
11338,特种设备生产单位,Unknown
11339,"未立即停止生产并召回,无",Unknown
11340,生产许可证,Unknown
11341,中华人民共和国特种设备安全法,Unknown
11342,不再具备生产条件,Unknown
11343,生产许可证已经过期,Unknown
11344,超出许可范围生产,Unknown
11345,"明知特种设备存在同一性缺陷,未立即停止生产并召回",Unknown
11346,生产、销售、交付国家明令淘汰的特种设备,Unknown
11347,涂改、倒卖、出租、出借生产许可证,Unknown
11348,封存基金会登记证书、印章和财务凭证,Unknown
11349,工贸企业,Unknown
11350,硫化氢,Unknown
11351,一氧化碳,Unknown
11352,有限空间进行辨识,Unknown
11353,安全管理台账,Unknown
11354,明显的安全警示标志,Unknown
11355,未对有限空间进行辨识,Unknown
11356,未建立安全管理台账,Unknown
11357,未设置明显的安全警示标志,Unknown
11358,查封或者暂扣涉嫌违反《医疗废物管理条例》规定的场所、设备、运输工具和物品,Unknown
11359,"国务院令第380号发布,2011年1月8日国务院令第588号修订",Unknown
11360,医疗废物收集、运送、贮存、处置活动中的疾病防治工作实施统一监督管理,Unknown
11361,医疗废物收集、运送、贮存、处置活动中的环境污染防治工作实施统一监督管理,Unknown
11362,有权采取的措施,Unknown
11363,"对有关单位进行实地检查,了解情况,现场监测,调查取证",Unknown
11364,"查阅或者复制医疗废物管理的有关资料,采集样品",Unknown
11365,责令违反本条例规定的单位和个人停止违法行为,Unknown
11366,查封或者暂扣涉嫌违反本条例规定的场所、设备、运输工具和物品,Unknown
11367,对违反本条例规定的行为进行查处,Unknown
11368,城市生活垃圾处置设施未经验收或者验收不合格投入使用的行政处罚,Unknown
11369,城市生活垃圾管理办法,Unknown
11370,直辖市,Unknown
11371,城市生活垃圾处置设施未经验验收或者验收不合格投入使用的行政处罚,Unknown
11372,县人民政府建设主管部门,Unknown
11373,环境卫生主管部门,Unknown
11374,工程合同价款2%以上4%以下的罚款,Unknown
11375,棉花入库、出库质量检查验收制度,Unknown
11376,入库、出库的国家储备棉的类别、等级、数量与公证检验证书、公证检验标志相符,Unknown
11377,承储设施,Unknown
11378,将未经棉花质量公证检验的棉花作为国家储备棉入库、出库,Unknown
11379,10万元以下的罚款,Unknown
11380,负责的主管人员和其他直接责任人员给予降级以上的纪律处分,Unknown
11381,核发,Unknown
11382,确认,Unknown
11383,变更建设用地规划条件,Unknown
11384,对为他人提供伪造、变造的护照，或者出售护照，尚不构刑事处罚的处罚,Unknown
11385,《中华人民共和国护照法》第18条,Unknown
11386,为他人提供伪造、变造的护照，或者出售护照,Unknown
11387,"依法追究刑事责任；尚不够刑事处罚的,由公安机关没收违法所得，处十日以上十五日以下拘留，并处二千元以上五千元以下罚款；非法护照及其印制设备由公安机关收缴",Unknown
11388,《建设工程抗震设防要求管理规定》,Unknown
11389,国务院地震工作主管部门或者县级以上地方人民政府负责管理地震工作的部门或者机构,Unknown
11390,《中华人民共和国安全生产法》第九十四条第一款,Unknown
11391,主要负责人未履行安全生产管理职责的处罚,Unknown
11392,《中华人民共和国安全生产法》第九十四条第三款,Unknown
11393,《中华人民共和国安全生产法》第一百一十五条,Unknown
11394,行政处罚的决定部门,Unknown
11395,根据本法第九十五条,Unknown
11396,"第一百一十四条的规定,决定行政处罚",Unknown
11397,虚假的机动车维修合格证,Unknown
11398,对机动车维修经营者签发虚假的机动车维修合格证的处罚,Unknown
11399,未经许可进出口种子,Unknown
11400,境外制种种子境内销售,Unknown
11401,从境外引进农作物或者林木种子引种试验收获物境内销售,Unknown
11402,进出口假劣种子,Unknown
11403,进出口国家规定不得进出口的种子,Unknown
11404,污损标志说明,Unknown
11405,刻划标志说明,Unknown
11406,损坏标志说明,Unknown
11407,擅自移动标志说明,Unknown
11408,擅自拆除标志说明,Unknown
11409,擅自拆除界桩,Unknown
11410,擅自拆除遗址保护设施,Unknown
11411,在遗址保护范围内挖沙,Unknown
11412,在遗址保护范围内取土,Unknown
11413,其他可能损害文物安全的行为,Unknown
11414,西安市周丰镐、秦阿房宫、汉长安城和唐大明宫遗址保护管理条例,Unknown
11415,《西安市电梯安全管理办法》第三十四条第四款,Unknown
11416,《西安市电梯安全管理办法》第三十四条第五款,Unknown
11417,《西安市电梯安全管理办法》第三十六条,Unknown
11418,《西安市电梯安全管理办法》第三十八条,Unknown
11419,土地利用总体规划制定前已建的不符合土地利用总体规划确定用途的建筑物、构筑物,Unknown
11420,责令限期拆除,Unknown
11421,作出行政决定的机关,Unknown
11422,人民法院强制执行,Unknown
11423,《中华人民共和国土地管理法》(2019修正),Unknown
11424,《中华人民共和国土地管理法实施条例》(国务院令第256号发布 2021年7月国务院令第743号第三次修订),Unknown
11425,擅自向社会出具具有证明作用的数据、结果,Unknown
11426,商品零售场所经营者,Unknown
11427,商品零售场所,Unknown
11428,依法设立的塑料购物袋生产厂家,Unknown
11429,依法设立的塑料购物袋批发商,Unknown
11430,进口商采购塑料购物袋,Unknown
11431,相关证照,Unknown
11432,塑料购物袋购销台账,Unknown
11433,本办法,Unknown
11434,从事劳动能力鉴定的组织或者个人,Unknown
11435,虚假鉴定意见,Unknown
11436,虚假诊断证明,Unknown
11437,当事人财物,Unknown
11438,机动车违反高速公路通行规定,Unknown
11439,机动车驾驶人违反道路交通安全法律、法规关于道路通行规定,Unknown
11440,空值,Unknown
11441,医疗器械临床使用行为监督检查,Unknown
11442,《医疗器械临床使用管理办法》,Unknown
11443,年度监督检查计划,Unknown
11444,医疗器械临床使用行为,Unknown
11445,检查职责,Unknown
11446,查阅职责,Unknown
11447,复制职责,Unknown
11448,发现问题,Unknown
11449,医疗机构监督管理档案,Unknown
11450,计划生育技术服务机构执业许可证的计划生育技术服务机构,Unknown
11451,依法执业的血站,Unknown
11452,依法执业的单采血浆站,Unknown
11453,主要生产设施及污染防治设施运行情况或者污染物排放浓度、排放量,Unknown
11454,每次5千元以上2万元以下,Unknown
11455,不合格的工程、材料、构件和设备按合格签字,Unknown
11456,对未按照排污许可证规定提交排污许可证执行报告的行政处罚,Unknown
11457,擅自停用或改变停车场用途,Unknown
11458,县级以上公安机关交通管理部门,Unknown
11459,城乡规划部门,Unknown
11460,县级以上城乡规划部门,Unknown
11461,涉嫌无照经营行为的物品和场所,Unknown
11462,涉嫌无照经营进行查处,Unknown
11463,涉嫌无照经营的场所,Unknown
11464,涉嫌用于无照经营的工具、设备、原材料、产品(商品),Unknown
11465,国务院令第684号,Unknown
11466,2017.10.01,Unknown
11467,运输人处五千元以上一万元以下罚款,Unknown
11468,"情节严重的,处一万元以上五万元以下罚款",Unknown
11469,受处罚,Unknown
11470,演出经纪机构设立审查,Unknown
11471,演出经纪机构设立审批,Unknown
11472,《中华人民共和国食品安全法》（2021年修订）,Unknown
11473,事故单位,Unknown
11474,报告,Unknown
11475,有关证据,Unknown
11476,生态环境部令第24号,Unknown
11477,代理记账机构,Unknown
11478,业务人员,Unknown
11479,代理记账机构及其负责人,Unknown
11480,主管代理记账业务负责人及其从业人员,Unknown
11481,代理记账机构从业人员,Unknown
11482,《中华人民共和国会计法》,Unknown
11483,代理记账机构从业人员处罚,Unknown
11484,代理记账机构处罚,Unknown
11485,故意损毁或者擅自移动界桩或者其他行政区域界线标志物,Unknown
11486,《行政区域界线管理条例》,Unknown
11487,所在地负责管理该行政区域界线标志的人民政府民政部门,Unknown
11488,对果业检验检测机构出具虚假检测结果的行政处罚,Unknown
11489,伪造、变造或者使用伪造、变造的拖拉机、联合收割机证书和牌照的行为,Unknown
11490,国务院令,Unknown
11491,伪造、变造或者使用的证书和牌照,Unknown
11492,农用地地块土壤污染修复效果评估报告备案,Unknown
11493,中华人民共和国土壤污染防治法,Unknown
11494,本行政区域土壤污染防治工作实施统一监督管理,Unknown
11495,地方人民政府农业农村、自然资源、住房城乡建设、林业草原等主管部门,Unknown
11496,对土壤污染防治工作实施监督管理,Unknown
11497,修复方案,Unknown
11498,地下水污染防治的内容,Unknown
11499,修复活动,Unknown
11500,不影响农业生产、不降低土壤生产功能的生物修复措施,Unknown
11501,农产品质量安全,Unknown
11502,风险管控、修复活动完成后,Unknown
11503,"另行委托,有关单位",Unknown
11504,效果评估报告,Unknown
11505,地方人民政府农业农村、林业草原主管部门备案,Unknown
11506,农村集体经济组织及其成员、农民专业合作社及其他农业生产经营主体等,Unknown
11507,土壤污染风险管控和修复的义务,Unknown
11508,典当行违法承接典当物品,Unknown
11509,典当发现违法犯罪嫌疑人、赃物不报,Unknown
11510,违法收购废旧专用器材,Unknown
11511,收购赃物、有赃物嫌疑的物品,Unknown
11512,收购国家禁止收购的其他物品的处罚,Unknown
11513,"典当业工作人员承接典当的物品,不查验有关证明、不履行登记手续,或者明知是违法犯罪嫌疑人、赃物,不向公安机关报告的",Unknown
11514,"违反国家规定,收购铁路、油田、供电、电信、矿山、水利、测量和城市公用设施等废旧专用器材",Unknown
11515,收购公安机关通报寻查的赃物或者有赃物嫌疑的物品,Unknown
11516,收购国家禁止收购的其他物品的,Unknown
11517,开办生产建设项目或者从事其他生产建设活动,Unknown
11518,限期治理,Unknown
11519,对单位,Unknown
11520,二万元以上二十万元以下罚款,Unknown
11521,对个人,Unknown
11522,二万元以下罚款,Unknown
11523,代为治理,Unknown
11524,由违法者承担,Unknown
11525,"是,依据",Unknown
11526,《中华人民共和国黄河保护法》,Unknown
11527,中医药事业,Unknown
11528,中华人民共和国中医药法,Unknown
11529,陕西省中医药条例,Unknown
11530,中医药医疗,Unknown
11531,中医药教育,Unknown
11532,中医药科研,Unknown
11533,中医药管理,Unknown
11534,中医药交流,Unknown
11535,中西医结合,Unknown
11536,有价值的中医药学术文献,Unknown
11537,特效的处方,Unknown
11538,诊疗技术,Unknown
11539,非物质文化遗产代表性项目传承,Unknown
11540,带徒授业,Unknown
11541,基层医疗卫生机构,Unknown
11542,促进中医药事业发展,Unknown
11543,对转移固体废物出省、自治区、直辖市行政区域贮存、处置未经批准的行政处罚,Unknown
11544,第一百零二条第一款第五项,Unknown
11545,第二款,Unknown
11546,无正当理由改变中标结果,Unknown
11547,代表机构,Unknown
11548,危害中国国家安全或者社会公共利益等严重违法活动,Unknown
11549,登记证,Unknown
11550,国有农用地的使用权转移登记,Unknown
11551,新增国内客船,Unknown
11552,危险品船运力审批,Unknown
11553,过失引起火灾的处罚,Unknown
11554,安全生产作业环境及安全施工措施所需费用,Unknown
11555,《外商投资信息报告办法》,Unknown
11556,伪造、变造、买卖、出租、出借医师执业证书的行为,Unknown
11557,违法所得二倍以上五倍以下,Unknown
11558,违法所得不足一万元,Unknown
11559,按一万元计算,Unknown
11560,建设项目缴费情况,Unknown
11561,市建设行政管理部门,Unknown
11562,城建费用的统一收取,Unknown
11563,查处违反本办法的行为,Unknown
11564,提供虚假资料或者采取其他欺骗手段,Unknown
11565,不予行政许可,Unknown
11566,没收违法生产经营使用的医疗器械,Unknown
11567,10年内不受理相关责任人以及单位提出的医疗器械许可申请,Unknown
11568,违法生产经营使用的医疗器械货值金额不足1万元,Unknown
11569,5万元以上15万元以下罚款,Unknown
11570,违法生产经营使用的医疗器械货值金额1万元以上的,Unknown
11571,货值金额15倍以上30倍以下罚款,Unknown
11572,伪造、变造、买卖、出租、出借相关医疗器械许可证件,Unknown
11573,原发证部门予以收缴或者吊销,Unknown
11574,违法所得不足1万元,Unknown
11575,违法所得10倍以上20倍以下罚款,Unknown
11576,雷灾调查与鉴定,Unknown
11577,国有林地使用权及森林、林木所有权变更登记,Unknown
11578,不动产所在地的登记机构,Unknown
11579,全国不动产登记工作,Unknown
11580,本行政区域的不动产登记机构,Unknown
11581,对食品生产经营者未按要求公示特殊食品相关信息的,Unknown
11582,通过网络销售特定全营养配方食品的行政处罚,Unknown
11583,入网销售保健食品,Unknown
11584,产品注册证书或者备案凭证,Unknown
11585,入网销售特殊医学用途配方食品,Unknown
11586,入网销售婴幼儿配方乳粉,Unknown
11587,本品不能代替药物,Unknown
11588,避孕药具,Unknown
11589,卫生健康主管部门统一组织供应和管理,Unknown
11590,"实行计划生育的育龄夫妻免费提供,避孕药具",Unknown
11591,《陕西省人口与计划生育条例》（2022年修正）第三十六条第一款,Unknown
11592,未依法取得排污许可证,Unknown
11593,排污许可证有效期届满未要求延续或延续未经批准,Unknown
11594,被依法撤销、注销、吊销排污许可证,Unknown
11595,依法应当重新申领许可证未重新申领,Unknown
11596,对住房公积金缴存情况的检查,Unknown
11597,传播的视听节目,Unknown
11598,禁止内容,Unknown
11599,县级以上广播电影电视主管部门,Unknown
11600,《广播电视管理条例》第四十九条的规定,Unknown
11601,停止制作,Unknown
11602,停止播放,Unknown
11603,停止向境外提供,Unknown
11604,节目载体,Unknown
11605,5万元,Unknown
11606,原批准机关吊销许可证,Unknown
11607,违反治安管理规定,Unknown
11608,公安机关依法给予治安管理处罚,Unknown
11609,熔融金属吊运跨或者浇注跨的地坪区域内,Unknown
11610,《中华人民共和国广告法》,Unknown
11611,责令停止发布广告,Unknown
11612,责令在相应范围内消除影响,Unknown
11613,处广告费用三倍以上五倍以下的罚款,Unknown
11614,广告费用无法计算或者明显偏低,Unknown
11615,处二十万元以上一百万元以下的罚款,Unknown
11616,两年内有三次以上违法行为或者有其他严重情节,Unknown
11617,处广告费用五倍以上十倍以下的罚款,Unknown
11618,处一百万元以上二百万元以下的罚款,Unknown
11619,可以吊销营业执照,Unknown
11620,并由广告审查机关撤销广告审查批准文件,Unknown
11621,一年内不受理其广告审查申请,Unknown
11622,吊销诊疗科目,Unknown
11623,吊销医疗机构执业许可证,Unknown
11624,冶金企业加热炉,Unknown
11625,煤气柜,Unknown
11626,除尘器,Unknown
11627,加压机,Unknown
11628,烘烤器,Unknown
11629,进入车间前的煤气管道未安装隔断装置,Unknown
11630,政府投资建设项目建议书,Unknown
11631,可行性研究报告,Unknown
11632,初步设计,Unknown
11633,投资概算审批,Unknown
11634,省财政部门,Unknown
11635,省价格主管部门,Unknown
11636,行政事业性收费项目,Unknown
11637,行政事业性收费标准,Unknown
11638,《陕西省行政事业性收费管理条例》,Unknown
11639,降级或者撤职处分,Unknown
11640,记大过处分,Unknown
11641,《陕西省特种设备安全监察条例》,Unknown
11642,第十二条第二款,Unknown
11643,第十五条第二款,Unknown
11644,县级以上特种设备安全监督管理部门,Unknown
11645,违法销售,Unknown
11646,违法进口,Unknown
11647,没收违法生产、销售、进口的特种设备和违法所得,Unknown
11648,违法所得一倍以上五倍以下,Unknown
11649,非法改变计算机信息系统功能的处罚,Unknown
11650,古树名木认定,Unknown
11651,2010年7月29日,Unknown
11652,2019年7月,Unknown
11653,辖区内古树名木的认定,Unknown
11654,市绿化委员会,Unknown
11655,古树名木认定结果,Unknown
11656,市人民政府,Unknown
11657,省绿化委员会,Unknown
11658,组织人事处（教育培训处）,Unknown
11659,拆除环境卫生设施许可,Unknown
11660,《城市市容和环境卫生管理条例》,Unknown
11661,一切单位和个人,Unknown
11662,环境卫生设施,Unknown
11663,拆迁方案,Unknown
11664,城市人民政府市容环境卫生行政主管部门,Unknown
11665,道路运输经营许可证或者吊销其相应的经营范围,Unknown
11666,旅客,Unknown
11667,货物,Unknown
11668,必要措施防止货物脱落,Unknown
11669,必要措施防止货物扬撒,Unknown
11670,对在开放水域养殖、投放外来物种或者其他非本地物种种质资源的行政处罚,Unknown
11671,陕西省实施&lt;中华人民共和国渔业法&gt;办法(2024年3月修正),Unknown
11672,开放水域,Unknown
11673,外来物种,Unknown
11674,其他非本地物种种质资源,Unknown
11675,县级以上渔业行政主管部门,Unknown
11676,责令限期捕回,Unknown
11677,处十万元以上一百万元以下罚款,Unknown
11678,代为捕回或者采取降低负面影响的措施,Unknown
11679,《中华人民共和国防洪法》（2016修正）,Unknown
11680,第五十四条,Unknown
11681,第六十三条,Unknown
11682,规划治导线,Unknown
11683,国家确定的重要江河的规划治导线,Unknown
11684,其他江河、河段的规划治导线拟定,Unknown
11685,有关省、自治区、直辖市人民政府,Unknown
11686,其他江河、河段的规划治导线,Unknown
11687,跨省、自治区、直辖市的江河、河段和省、自治区、直辖市之间的省界河道的规划治导线,Unknown
11688,电影发行单位设立,Unknown
11689,市委宣传部行驶,Unknown
11690,变更业务范围,Unknown
11691,兼并,Unknown
11692,分立审批,Unknown
11693,电影发行活动,Unknown
11694,国务院电影主管部门,Unknown
11695,所在地省、自治区、直辖市人民政府电影主管部门,Unknown
11696,所在地省、自治区、直辖市人民政府电影行政部门,Unknown
11697,电影发行经营许可证,Unknown
11698,国务院广播电影电视行政部门或所在地省、自治区、直辖市人民政府电影行政部门颁发,Unknown
11699,省、自治区、直辖市人民政府电影行政部门或国务院广播电影电视行政部门批准,Unknown
11700,农民工工资专用账户,Unknown
11701,"网络平台进行,责令改正",Unknown
11702,"网络平台,处以罚款",Unknown
11703,3000元以上1万元以下,Unknown
11704,提供服务班车客运经营者,Unknown
11705,提供服务车辆,Unknown
11706,提供服务驾驶员,Unknown
11707,《中华人民共和国文物保护法实施条例》,Unknown
11708,由文物行政主管部门给予警告,Unknown
11709,"造成严重后果的,处2000元以上2万元以下的罚款",Unknown
11710,"""对组织策划传销；介绍、诱骗、胁迫他人参加传销或参加传销的行政惩罚""",Unknown
11711,"""综合执法支队""",Unknown
11712,奶畜养殖者,Unknown
11713,因未报告、处置行为,Unknown
11714,生鲜乳收购者,Unknown
11715,依据各自职责,Unknown
11716,食品药品监督,Unknown
11717,电子商务行业,Unknown
11718,电子商务,Unknown
11719,快递行业,Unknown
11720,快递,Unknown
11721,外卖行业,Unknown
11722,外卖,Unknown
11723,违反本条例第七条第二款、第八条第二款、第九条第二款,Unknown
11724,第七条第二款,Unknown
11725,"应当依法到工商行政管理部门办理变更登记,第八条第二款",Unknown
11726,第八条第二款,Unknown
11727,个体演员、个体演出经纪人,Unknown
11728,第九条第二款,Unknown
11729,《血液制品管理条例》,Unknown
11730,《单采血浆站管理办法》,Unknown
11731,单采血浆许可证,Unknown
11732,锂离子电池储存仓库,Unknown
11733,轻工企业锂离子电池储存仓库未对故障电池采取有效物理隔离措施,Unknown
11734,《土地调查条例》,Unknown
11735,劳动者居民身份证等证件,Unknown
11736,劳动者档案或者其他物品,Unknown
11737,对用人单位扣押劳动者居民身份证等证件，或是以担保或者其他名义向劳动者收取财物，或是扣押劳动者档案或者其他物品的处罚,Unknown
11738,超限运输车辆行驶公路的监督检查,Unknown
11739,市本级土地征收储备成本的事前评审及决算,Unknown
11740,西安市土地储备条例,Unknown
11741,西安市财政投资评审管理办法（试行）,Unknown
11742,密切接触未成年人的单位,Unknown
11743,具有相关违法犯罪记录人员,Unknown
11744,教育、人力资源和社会保障、市场监督管理等部门,Unknown
11745,《未成年人保护法》第六十二条,Unknown
11746,《未成年人保护法》第一百二十六条,Unknown
11747,由地方人民政府生态环境主管部门或者其他负有土壤污染防治监督管理职责的部门责令改正,Unknown
11748,处一万元以上五万元以下的罚款,Unknown
11749,处五万元以上五十万元以下的罚款,Unknown
11750,《中华人民共和国土壤污染防治法》(2018年8月公布),Unknown
11751,大中型水库移民后期扶持直补资金给付,Unknown
11752,《大中型水利水电工程建设征地补偿和移民安置条例》,Unknown
11753,2006年7月7日,Unknown
11754,《陕西省就业促进条例》,Unknown
11755,县级以上人力资源和社会保障行政部门,Unknown
11756,"公司在合并、分立、减少注册资本或者进行清算时，不依照规定通知或者公告债权人行为的,责令改正",Unknown
11757,"公司在进行清算时，隐匿财产，对资产负债表或者财产清单作虚假记载或者在未清偿债务前分配公司财产的,责令改正",Unknown
11758,隐匿财产或者未清偿债务前分配公司财产金额百分之五以上百分之十以下,Unknown
11759,对出版活动的监督检查,Unknown
11760,停用节约用水设施的批准,Unknown
11761,《西安市城市节约用水条例》（2020修正）第十六条,Unknown
11762,旅行社处以罚款,Unknown
11763,导游人员处以罚款,Unknown
11764,情形,Unknown
11765,颁发或者伪造学历证书,Unknown
11766,颁发或者伪造结业证书,Unknown
11767,颁发或者伪造培训证书,Unknown
11768,颁发或者伪造职业资格证书,Unknown
11769,"有违法所得的,退还所收费用后没收违法所得",Unknown
11770,"情节严重的,责令停止招生、吊销办学许可证",Unknown
11771,国务院令第399号,Unknown
11772,国务院令第741号,Unknown
11773,职责分工,Unknown
11774,决策机构负责人,Unknown
11775,情节特别严重、社会影响恶劣的,Unknown
11776,伪造、变造、买卖、转让野生植物采集证,Unknown
11777,伪造、变造、买卖、转让采集证,Unknown
11778,自然灾害救助资金,Unknown
11779,自然灾害救助物资,Unknown
11780,县级以上人民政府应急管理部门,Unknown
11781,《自然灾害救助条例》,Unknown
11782,违法所得和检疫证明,Unknown
11783,检疫证明,Unknown
11784,检疫标志,Unknown
11785,畜禽标识,Unknown
11786,动物,Unknown
11787,动物产品,Unknown
11788,城市自备水源井,Unknown
11789,节约用水措施,Unknown
11790,生活用水包费制,Unknown
11791,设备冷却水,Unknown
11792,排放,Unknown
11793,经营游泳、水上娱乐、车辆清洗的单位和个人,Unknown
11794,净化循环水装置,Unknown
11795,城市消防栓,Unknown
11796,取水,Unknown
11797,供水、公共用水管网,Unknown
11798,进行定期测漏、检修,Unknown
11799,供水、公共用水设施及设备,Unknown
11800,不及时抢修,Unknown
11801,严重浪费水的行为,Unknown
11802,其他严重浪费水的行为,Unknown
11803,对网络信息内容服务平台违反网络信息内容生态治理规定行为的处罚,Unknown
11804,削坡,Unknown
11805,进行工程建设,Unknown
11806,从事其他可能引发地质灾害活动,Unknown
11807,乱丢瓜皮,Unknown
11808,乱丢果核,Unknown
11809,乱丢烟头,Unknown
11810,乱丢纸屑,Unknown
11811,乱丢口香糖,Unknown
11812,乱丢饮料瓶,Unknown
11813,乱丢包装袋,Unknown
11814,违反第四十五条第（二）项规定,Unknown
11815,违反第四十八条第（二）项规定,Unknown
11816,汽车经销商未按规定签订销售合同等行为,Unknown
11817,广播电视专用频段频率使用许可证 （初审）,Unknown
11818,民办、中外合作开办中等及以下学校和其他教育机构筹设审批（普通中学、职业中学）,Unknown
11819,统计工作中有重大贡献和统计违法行为检举有功的奖励,Unknown
11820,办公室,Unknown
11821,《中华人民共和国统计法》第八条,Unknown
11822,《中华人民共和国统计法实施条例》第三十五条,Unknown
11823,《全国人口普查条例》第十条,Unknown
11824,《全国农业普查条例》第三十六条,Unknown
11825,《全国经济普查条例》第三十四条,Unknown
11826,单位或个人,Unknown
11827,检举统计中弄虚作假等违法行为,Unknown
11828,县级以上民族事务行政主管部门,Unknown
11829,《陕西省清真食品管理条例》第十六条,Unknown
11830,县级以上民族事务行政主管部门有权进行监督检查,Unknown
11831,医师资格考试违纪违规行为的认定,Unknown
11832,《医师资格考试违纪违规处理规定》（国家卫生和计划生育委员会令第4号公布）,Unknown
11833,全国医师资格考试违纪违规行为认定和处理的监督管理,Unknown
11834,设区的市级以上地方卫生计生行政部门,Unknown
11835,本辖区医师资格考试违纪违规行为的认定、处理和监督管理,Unknown
11836,国家医学考试中心,Unknown
11837,全国医师资格考试结果的分析和管理,Unknown
11838,违纪违规行为认定、处理的指导和信息管理,Unknown
11839,"国家卫生计生委,报告",Unknown
11840,国家省西安市中医药管理局中医师资格认证中心,Unknown
11841,"职责分工,负责",Unknown
11842,中医师资格认证中心,Unknown
11843,相关工作,Unknown
11844,考区、考点的考试机构,Unknown
11845,"同级卫生计生行政部门领导下,负责,本辖区考试违纪违规行为认定、处理等相关工作的具体实施",Unknown
11846,市救助管理站,Unknown
11847,流浪乞讨人员的救助工作,Unknown
11848,救助站,Unknown
11849,符合食品卫生要求的食物,Unknown
11850,符合基本条件的住处,Unknown
11851,"在站内突发急病的受助人员,及时送医院救治",Unknown
11852,受助人员与其亲属或者所在单位联系,Unknown
11853,没有交通费返回其住所地或者所在单位的受助人员乘车凭证,Unknown
11854,受助人员返回其住所地或者所在单位,Unknown
11855,受助的残疾人、未成年人、老年人,Unknown
11856,查明住址的受助人员,Unknown
11857,无家可归的受助人员,Unknown
11858,对采集国家和省重点保护野生植物的审核转报,Unknown
11859,《中华人民共和国渔业法实施细则》（1987年10月农牧渔业部发布,Unknown
11860,《渔业行政处罚规定》（2022年1月农业农村部令2022年第1号修订）,Unknown
11861,黄河流经省、自治区其他黄河供水区,Unknown
11862,西安市水务局行使,Unknown
11863,西安市节约用水服务中心承办,Unknown
11864,《中华人民共和国黄河保护法》第一百一十四条,Unknown
11865,黄河流域以及黄河流经省、自治区其他黄河供水区相关县级行政区域的用水单位,Unknown
11866,违法行为存款,Unknown
11867,汇款,Unknown
11868,树旁和绿地,Unknown
11869,堆放杂物,Unknown
11870,倾倒有害液体,Unknown
11871,焚烧,Unknown
11872,省生态环境厅工作,Unknown
11873,第一百零五条,Unknown
11874,限制商品过度包装的强制性标准,Unknown
11875,县级以上地方人民政府市场监督管理部门或者有关部门,Unknown
11876,"生产经营者进行,责令改正",Unknown
11877,"拒不改正的生产经营者进行,罚款",Unknown
11878,情节严重的生产经营者,Unknown
11879,"罚款额度,处二万元以上十万元以下",Unknown
11880,未依法订立劳务合作合同,Unknown
11881,组织劳务人员赴国外工作,Unknown
11882,在国外发生突发事件时不及时处理,Unknown
11883,停止开展对外劳务合作,Unknown
11884,未对其派出的尚在国外工作的劳务人员作出安排,Unknown
11885,在国外引起重大劳务纠纷,Unknown
11886,在国外引起突发事件,Unknown
11887,造成其他严重后果,Unknown
11888,对饲养动物干扰正常生活的处罚,Unknown
11889,放任动物恐吓他人的处罚,Unknown
11890,火灾事故认定,Unknown
11891,《火灾事故调查规定》,Unknown
11892,"火灾事故认定,有异议",Unknown
11893,"在,15日内,向上一级公安机关消防机构,提出书面复核申请",Unknown
11894,"在,15日内,向,省级人民政府公安机关,提出书面复核申请",Unknown
11895,复核申请,Unknown
11896,申请人的基本情况,Unknown
11897,被申请人的名称,Unknown
11898,复核请求,Unknown
11899,申请复核的主要事实、理由和证据,Unknown
11900,申请人的签名或者盖章,Unknown
11901,申请复核的日期,Unknown
11902,水利领域评标委员会成员,Unknown
11903,投标人的财物或者其他好处,Unknown
11904,评标委员会成员或者与评标活动有关的工作人员,Unknown
11905,对投标文件的评审和比较,Unknown
11906,中标候选人的推荐,Unknown
11907,与评标有关的其他情况,Unknown
11908,各级人民政府确定的关键农业技术,Unknown
11909,各级国家农业技术推广机构,Unknown
11910,公益性职责,Unknown
11911,植物病虫害,Unknown
11912,动物疫病,Unknown
11913,农业灾害,Unknown
11914,农产品生产过程中的检验、检测、监测咨询技术服务,Unknown
11915,农业资源,Unknown
11916,森林资源,Unknown
11917,农业生态安全,Unknown
11918,农业投入品使用,Unknown
11919,水资源管理,Unknown
11920,防汛抗旱,Unknown
11921,农田水利建设,Unknown
11922,农业公共信息,Unknown
11923,农业技术,Unknown
11924,其他职责,Unknown
11925,违法收集,Unknown
11926,固体废物,Unknown
11927,违法贮存,Unknown
11928,违法运输,Unknown
11929,违法利用,Unknown
11930,违法处置,Unknown
11931,水利工程质量等级核备,Unknown
11932,水利水电建设工程验收规程,Unknown
11933,水利水电工程施工质量检验与评定规程,Unknown
11934,职业卫生技术服务机构,Unknown
11935,职业卫生技术服务,Unknown
11936,服务程序,Unknown
11937,相关内容,Unknown
11938,委托检测,Unknown
11939,职业卫生技术服务项目,Unknown
11940,以书面形式与用人单位明确技术服务内容、范围以及双方责任,Unknown
11941,非本机构专业技术人员从事职业卫生技术服务活动,Unknown
11942,未达到技术评审考核评估要求的专业技术人员参与职业卫生技术服务,Unknown
11943,"三万元以下罚款,职业卫生技术服务机构",Unknown
11944,音像制作单位变更,Unknown
11945,终止制作经营活动备案,Unknown
11946,音像出版单位以外的单位申请设立独立从事音像制品的制作业务的单位,Unknown
11947,音像制作单位变更名称、业务范围，或者兼并其他音像制作单位，或者因合并、分立而设立新的音像制作单位的，应当依照本条例第十七条的规定办理审批手续,Unknown
11948,除本条例第三十五条外，电子出版物的出版、制作、复制、进口、批发、零售等活动适用本条例,Unknown
11949,"音像制品制作业务许可,省新闻出版局权限依法委托至设区的市级新闻出版部门",Unknown
11950,隐瞒有关情况或者提供虚假材料,Unknown
11951,排污单位以欺骗、贿赂等不正当手段申请取得排污许可证的处罚,Unknown
11952,处20万元以上50万元以下的罚款,Unknown
11953,3年内不得再次申请排污许可证,Unknown
11954,国有建设用地使用权及房屋所有权转移登记,Unknown
11955,《中华人民共和国城市房地产管理法》(2019修正),Unknown
11956,未取得营业执照擅自从事房地产开发业务,Unknown
11957,分类,Unknown
11958,《西安市建筑垃圾管理条例》,Unknown
11959,对文艺表演团体,Unknown
11960,对演出经纪机构,Unknown
11961,对演出场所经营单位,Unknown
11962,接受委托的旅行社支付接待和服务费用,Unknown
11963,接待和服务成本,Unknown
11964,接受委托的旅行社,Unknown
11965,接待和服务费用的旅游团队,Unknown
11966,省综合评标评审专家库房建市政专家市级预审,Unknown
11967,《关于印发陕西省综合评标评审专家库管理办法的通知》（陕发改法规〔2021〕1417号）,Unknown
11968,中等职业学校国家助学金资助,Unknown
11969,《陕西省财政厅等五部门关于印发陕西省学生资助专项资金管理办法的通知》,Unknown
11970,中等职业学校全日制学历教育正式学籍一、二年级在校涉农专业学生和非涉农专业家庭经济困难学生,Unknown
11971,2000元,Unknown
11972,家庭经济特别困难的学生每生每年2500元,Unknown
11973,一般困难的学生每生每年1500元,Unknown
11974,同级学生资助管理机构,Unknown
11975,西安市深化住房供给侧结构性改革实施方案,Unknown
11976,西安市共有产权住房建设管理实施细则（试行）,Unknown
11977,西安市人民政府办公厅关于印发《西安市深化住房供给侧结构性改革实施方案》的通知,Unknown
11978,市住房保障工作领导小组,Unknown
11979,本市共有产权住房,Unknown
11980,市住房保障部门,Unknown
11981,政策制定,Unknown
11982,发展规划,Unknown
11983,年度计划,Unknown
11984,业务指导,Unknown
11985,组织区县政府,Unknown
11986,开发区管委会,Unknown
11987,准入,Unknown
11988,配售,Unknown
11989,退出,Unknown
11990,信息化管理,Unknown
11991,运营管理机构,Unknown
11992,代持机构,Unknown
11993,政府持有共有产权住房政府份额,Unknown
11994,具体管理服务工作,Unknown
11995,市场价格,Unknown
11996,评估结果,Unknown
11997,房屋租赁合同,Unknown
11998,房屋租赁登记备案内容,Unknown
11999,房屋租赁登记备案的变更、延续或者注销手续,Unknown
12000,使用不符合国家规定防污条件的运载工具，运载油类、粪便等污染物和有毒有害物质通过地表水饮用水水源保护区的,Unknown
12001,消毒服务机构,Unknown
12002,卫生标准和要求,Unknown
12003,查封扣押有证据证明可能流入非法渠道的麻醉药品和精神药品,Unknown
12004,生产、经营企业和使用单位的麻醉药品和精神药品管理存在安全隐患,Unknown
12005,责令其立即排除或者限期排除,Unknown
12006,采取查封、扣押的行政强制措施,Unknown
12007,同级公安机关,Unknown
12008,汽车租赁经营者,Unknown
12009,陕西省道路运输管理条例,Unknown
12010,第四十四条,Unknown
12011,医院感染管理监督检查,Unknown
12012,全国医院感染管理的监督管理工作,Unknown
12013,本行政区域内医院感染管理的监督管理工作,Unknown
12014,医疗机构监督检查的主要内容,Unknown
12015,医院感染管理的规章制度及落实情况,Unknown
12016,针对医院感染危险因素的各项工作和控制措施,Unknown
12017,消毒灭菌与隔离、医疗废物管理及医务人员职业卫生防护工作状况,Unknown
12018,医院感染病例和医院感染暴发的监测工作情况,Unknown
12019,物业服务区域共有部分,Unknown
12020,共用设施设备,Unknown
12021,"生产期间冶炼、精炼和铸造生产区域的事故坑、炉下渣坑,以及熔融金属泄漏和喷溅影响范围内的炉前平台、炉基区域、厂房内吊运和地面运输通道等6类区域存在积水",Unknown
12022,被责令立即消除或者限期消除,Unknown
12023,"被处以,五万元以下的罚款",Unknown
12024,被责令停产停业整顿,Unknown
12025,"因拒不执行,被处以,五万元以上十万元以下的罚款",Unknown
12026,饮用水供水单位,Unknown
12027,国家卫生标准和卫生规范,Unknown
12028,涉及饮用水卫生安全的产品,Unknown
12029,用于传染病防治的消毒产品,Unknown
12030,出售、运输疫区中被传染病病原体污染或者可能被传染病病原体污染的物品,Unknown
12031,消毒处理,Unknown
12032,生物制品生产单位生产的血液制品,Unknown
12033,国家质量标准,Unknown
12034,"可能对人体健康和生命安全造成损害,不履行向社会公布有关信息",Unknown
12035,"可能对人体健康和生命安全造成损害,不向有关监督管理部门报告",Unknown
12036,"可能对人体健康和生命安全造成损害,不履行停止销售",Unknown
12037,"可能对人体健康和生命安全造成损害,不履行通知生产企业或者供货商",Unknown
12038,"可能对人体健康和生命安全造成损害,不履行向有关监督管理部门报告",Unknown
12039,《中华人民共和国国务院令第503号》,Unknown
12040,货值金额3倍的罚款,Unknown
12041,1000元以上5万元以下的罚款,Unknown
12042,从事危险货物运输的船舶,Unknown
12043,危险货物事故应急预案,Unknown
12044,相应的应急救援设备和器材,Unknown
12045,危险货物,Unknown
12046,未经海事管理机构同意,Unknown
12047,未经港口管理机构同意,Unknown
12048,港口管理机构,Unknown
12049,海事管理机构责令停止作业或者航行,Unknown
12050,负有责任的主管人员或者其他直接责任人员,Unknown
12051,暂扣适任证书或者其他适任证件,Unknown
12052,适任证书或者其他适任证件,Unknown
12053,6个月以上直至吊销,Unknown
12054,有本条第一款第三项,Unknown
12055,有本条第一款第四项,Unknown
12056,有本条第一款第五项,Unknown
12057,有本条第一款第六项,Unknown
12058,责令改正拒不改正,Unknown
12059,卫星定位装置,Unknown
12060,经营活动,Unknown
12061,处200元以上800元以下罚款,Unknown
12062,"未按规定开展环境安全隐患排查治理工作,建立隐患排查治理档案",Unknown
12063,企业事业单位有下列情形之一,Unknown
12064,设立工地临时试验室的单位,Unknown
12065,出具虚假数据报告,Unknown
12066,施工、监理单位,Unknown
12067,设立工地临时试验室,Unknown
12068,试验检测数据和报告的真实性、客观性、准确性,Unknown
12069,公路水运工程质量监督管理规定,Unknown
12070,交通运输部令2017年第28号,Unknown
12071,未经批准进行临时建设的,Unknown
12072,未按照批准内容进行临时建设,Unknown
12073,临时建筑物、构筑物超过许可期限不自行拆除的,Unknown
12074,《中华人民共和国城乡规划法》,Unknown
12075,建筑施工场界噪声污染防治监督责任,Unknown
12076,民办学校备案,Unknown
12077,民办学校招生简章和广告备案核准,Unknown
12078,国务院关于第三批取消中央指定地方实施行政许可事项的决定,Unknown
12079,省、市、县级教育行政部门,Unknown
12080,报废机动车回收拆解企业设立分支机构备案,Unknown
12081,城市基础设施配套费减免审核,Unknown
12082,收费处,Unknown
12083,市政办发〔2006〕137号,Unknown
12084,市建委,Unknown
12085,西安市城乡建设委员会,Unknown
12086,建设单位报送的资料,Unknown
12087,市建委形成的书面《请示》,Unknown
12088,市财政局,Unknown
12089,市建发〔2018〕70号,Unknown
12090,城市配套费征收管理工作,Unknown
12091,肺结核疫情监测、报告职责,Unknown
12092,及时采取措施,Unknown
12093,涉及肺结核患者、疑似肺结核患者、密切接触者个人隐私的有关信息、资料,Unknown
12094,对辖区实验室质量控制、培训等防治职责,Unknown
12095,《结核病防治管理办法》,Unknown
12096,《中华人民共和国档案法》（2020年修订）,Unknown
12097,《中华人民共和国档案法实施办法》（1999年5月5日国务院批准，6月7日发布，2017年3月1日国务院令第676号修订）,Unknown
12098,《城市建设档案管理规定》（1997年12月23日建设部令第61号发布，2019年3月13日住建部令第47号修正）,Unknown
12099,对在城建档案工作中做出显著成绩的单位和个人,Unknown
12100,对在档案收集、整理、提供利用等方面做出突出贡献的单位和个人,Unknown
12101,对档案的保护和现代化管理做出显著成绩的单位和个人,Unknown
12102,对档案学研究做出重要贡献的单位和个人,Unknown
12103,将重要或者珍贵档案捐赠给国家的单位和个人,Unknown
12104,同违反档案法律、法规的行为作斗争表现突出的单位和个人,Unknown
12105,未按照排污许可证规定保存原始监测记录,Unknown
12106,处2万元以上20万元以下的罚款,Unknown
12107,食品制造企业烘制、油炸设备,Unknown
12108,防过热自动切断装置,Unknown
12109,化工生产装置未按国家标准要求设置双重电源供电,Unknown
12110,自动化控制系统未设置不间断电源,Unknown
12111,疑似预防接种异常反应,Unknown
12112,负有责任的医疗卫生人员,Unknown
12113,有线广播电视传输覆盖网工程验收审核（初审）,Unknown
12114,区域性有线广播电视传输覆盖网,Unknown
12115,县级以上地方人民政府广播电视行政部门设立和管理,Unknown
12116,规划、建设方案,Unknown
12117,县级人民政府或者设区的市、自治州人民政府的广播电视行政部门报省、自治区、直辖市人民政府广播电视行政部门批准后实施,Unknown
12118,省、自治区、直辖市人民政府广播电视行政部门报国务院广播电视行政部门批准后实施,Unknown
12119,同一行政区域,Unknown
12120,一个区域性有线广播电视传输覆盖网,Unknown
12121,有线电视站,Unknown
12122,区域性有线电视传输覆盖网联网,Unknown
12123,入网食品生产经营者档案,Unknown
12124,入网食品生产经营者相关信息,Unknown
12125,基本情况,Unknown
12126,食品安全管理人员信息,Unknown
12127,本办法第十二条规定,Unknown
12128,2016年10月1日,Unknown
12129,母婴保健情况监督检查,Unknown
12130,母婴保健监督管理工作,Unknown
12131,许可职责,Unknown
12132,行政处罚职责,Unknown
12133,母婴保健工作监督管理其他事项,Unknown
12134,对计量纠纷的仲裁检定,Unknown
12135,计量处,Unknown
12136,《加油站计量监督管理办法》,Unknown
12137,《仲裁检定和计量调解办法》,Unknown
12138,申请仲裁检定,Unknown
12139,所在地的县（市）级人民政府计量行政部门,Unknown
12140,仲裁检定委托书,Unknown
12141,司法机关、合同管理机关、涉外仲裁机关或者其他单位出具,Unknown
12142,船员注册,Unknown
12143,任职资格,Unknown
12144,履行职责,Unknown
12145,安全记录,Unknown
12146,船员培训机构培训质量,Unknown
12147,船员服务机构诚实守信,Unknown
12148,船员用人单位保护船员合法权益,Unknown
12149,船员必须携带的证件,Unknown
12150,船员履行职责的情况,Unknown
12151,现场考核,Unknown
12152,时,Unknown
12153,2名以上执法人员参加,Unknown
12154,有效的执法证件,Unknown
12155,有关单位或者个人了解情况,Unknown
12156,复制有关资料,Unknown
12157,被调查单位或者个人的商业秘密,Unknown
12158,有关资料或者情况,Unknown
12159,单采血浆站监督检查,Unknown
12160,单采血浆站监督管理工作,Unknown
12161,县级人民政府卫生计生行政部门,Unknown
12162,单采血浆站的日常监督管理工作,Unknown
12163,设区的市级人民政府卫生计生行政部门,Unknown
12164,上级卫生计生行政部门,Unknown
12165,辖区内原料血浆管理工作,Unknown
12166,防止多台塔式起重机相互碰撞的安全措施,Unknown
12167,未责令安装单位、使用单位立即停工整改,Unknown
12168,焰火晚会以及其他大型焰火燃放活动的监督检查,Unknown
12169,公安部门,Unknown
12170,危险等级较高的焰火晚会以及其他大型焰火燃放活动的监督检查,Unknown
12171,对建设单位在职业病危害预评价报告、职业病防护设施设计、职业病危害控制效果评价报告编制、评审以及职业病防护设施验收等过程中弄虚作假的处罚,Unknown
12172,"《建设项目职业病防护设施""三同时""监督管理办法》",Unknown
12173,《国务院关于国务院机构改革涉及行政法规规定的行政机关职责调整问题的决定》,Unknown
12174,可以并处5000元以上3万元以下的罚款,Unknown
12175,中华人民共和国计量法,Unknown
12176,基本农田保护条例,Unknown
12177,土地行政主管部门,Unknown
12178,对基本农田保护情况进行检查,Unknown
12179,被检查的单位和个人,Unknown
12180,有关情况和资料,Unknown
12181,县级以上地方人民政府土地行政主管部门,Unknown
12182,责令纠正破坏基本农田的行为,Unknown
12183,免疫规划制度的实施,Unknown
12184,预防接种活动监督检查,Unknown
12185,疫苗研制进行监督检查,Unknown
12186,生产进行监督检查,Unknown
12187,储存进行监督检查,Unknown
12188,运输进行监督检查,Unknown
12189,预防接种中的疫苗质量进行监督检查,Unknown
12190,免疫规划制度的实施进行监督检查,Unknown
12191,预防接种活动进行监督检查,Unknown
12192,《中华人民共和国疫苗管理法》,Unknown
12193,第三十号,Unknown
12194,药品监督管理部门依法对疫苗研制、生产、储存、运输以及预防接种中的疫苗质量进行监督检查,Unknown
12195,卫生健康主管部门依法对免疫规划制度的实施、预防接种活动进行监督检查,Unknown
12196,有多次违法行为记录,Unknown
12197,违法行为记录制度,Unknown
12198,强制隔离戒毒,Unknown
12199,新建、改建城市排水设施,Unknown
12200,规划要求,Unknown
12201,未按规划要求设计、施工,Unknown
12202,西安市市政工程设施管理条例,Unknown
12203,十万元以上二十万元以下,Unknown
12204,擅自占用或者故意毁损共有部分、共用设施设备,Unknown
12205,由县级以上住房和城乡建设主管部门,Unknown
12206,对传染病病人尸体或者疑似传染病病人的尸体进行解剖查验的批准,Unknown
12207,《中华人民共和国传染病防治法实施办法》,Unknown
12208,《传染病病人或疑似传染病病人尸体解剖查验规定》,Unknown
12209,查验机构,Unknown
12210,卫生行政部门指定,Unknown
12211,具有传染病病人尸体解剖查验资质的机构内,Unknown
12212,设区的市级以上卫生行政部门,Unknown
12213,具有独立病理解剖能力的医疗机构或者具有病理教研室或者法医教研室的普通高等学校,Unknown
12214,从事甲类传染病和采取甲类传染病预防、控制措施的其他传染病病人或者疑似传染病病人尸体解剖查验的机构,Unknown
12215,省级以上卫生行政部门指定,Unknown
12216,"违非法销售窃听窃照专用器材、""伪基站""设备",Unknown
12217,"《禁止非法生产销售使用窃听窃照专用器材和""伪基站""设备的规定》",Unknown
12218,处以3万元以下罚款,Unknown
12219,"骗取登记的,登记管理机关,予以撤销登记",Unknown
12220,"登记管理机关,予以撤销登记",Unknown
12221,音像制品制作业务许可,Unknown
12222,音像出版单位以外的单位,Unknown
12223,设立独立从事音像制品的制作业务的单位,Unknown
12224,所在地省、自治区、直辖市人民政府出版行政主管部门,Unknown
12225,音像出版单位以外的单位请求设立独立从事音像制品的制作业务的单位,Unknown
12226,音像制作单位,Unknown
12227,名称、业务范围，或者兼并其他音像制作单位，或者因合并、分立而设立新的音像制作单位,Unknown
12228,本条例第十七条的规定处理审批手续,Unknown
12229,设立从事音像制品发行业务的外商投资企业,Unknown
12230,电子出版物的出版、制作、复制、进口、批发、零售等活动,Unknown
12231,陕西省人民政府令第235号发布,Unknown
12232,"""排污许可""",Unknown
12233,"""西安市生态环境局""",Unknown
12234,《西安市建筑消防设施管理规定》,Unknown
12235,西安市人民政府令第118号,Unknown
12236,消防控制室,Unknown
12237,二十四小时两人值班制度,Unknown
12238,建筑消防设施的管理单位,Unknown
12239,一千元以上一万元以下罚款,Unknown
12240,建筑消防设施的责任人和统一管理单位,Unknown
12241,取得相应职业资格的人员,Unknown
12242,值守人员,Unknown
12243,公安机关消防机构或者公安派出所备案,Unknown
12244,二十四小时值守,Unknown
12245,消防控制室的管理制度和操作规程,Unknown
12246,消防控制室设备及其联动设施的功能,Unknown
12247,相应的操作技能,Unknown
12248,正确的处置程序,Unknown
12249,"市容环境卫生行政主管部门,登记",Unknown
12250,西安市城市管理部门,Unknown
12251,区县城市管理部门,Unknown
12252,二百元罚款,Unknown
12253,一千元罚款,Unknown
12254,危险货物道路运输承运人,Unknown
12255,安全教育和培训,Unknown
12256,危险货物承运人,Unknown
12257,本办法第七条,Unknown
12258,"处,罚款",Unknown
12259,非法赠与、转让报废汽车,Unknown
12260,自行拆解报废汽车,Unknown
12261,《报废汽车回收管理办法》,Unknown
12262,出售、赠予或者以其他方式转让,Unknown
12263,自行拆解,Unknown
12264,对用以贮存独立选矿厂进行矿石选别后排出尾矿的场所，未按尾矿库实施安全管理的行政处罚,Unknown
12265,抄告,Unknown
12266,违法超限运输车辆,Unknown
12267,《汽车、挂车及汽车列车外廓尺寸、轴荷及质量限值》,Unknown
12268,行驶证记载的登记内容,Unknown
12269,车籍所在地的公安机关交通管理部门,Unknown
12270,尾矿库坝体的平均外坡比,Unknown
12271,堆积子坝的外坡比,Unknown
12272,设计坡比,Unknown
12273,疫苗储存,Unknown
12274,运输管理规范,Unknown
12275,冷链储存,Unknown
12276,运输要求,Unknown
12277,竞争对手商业信誉,Unknown
12278,商品声誉,Unknown
12279,影响,Unknown
12280,中华人民共和国反不正当竞争法,Unknown
12281,城市道路及其他公共场所设置的各类设施,Unknown
12282,维护管理单位,Unknown
12283,出现破旧、污损、丢失的设施,Unknown
12284,施工作业完成后,Unknown
12285,"不得存留废弃物,未清理现场",Unknown
12286,未清理现场,Unknown
12287,外商投资人才中介机构,Unknown
12288,县级以上人民政府人事行政部门,Unknown
12289,30000元人民币,Unknown
12290,10000元人民币,Unknown
12291,未予以报废,Unknown
12292,超过安全技术规范规定的使用年限,Unknown
12293,无改造、维修价值,Unknown
12294,非法获取剧毒化学品购买、公路运输许可证件,Unknown
12295,发证的公安机关,Unknown
12296,1000元以上一万元以下,Unknown
12297,城市照明主管部门,Unknown
12298,在城市照明节能工作中做出显著成绩的单位和个人,Unknown
12299,《城市照明管理规定》,Unknown
12300,2010年5月27日,Unknown
12301,住房和城乡建设部令,Unknown
12302,第4号,Unknown
12303,金属非金属地下矿山,Unknown
12304,井下安全,Unknown
12305,未按设计采取防治水措施,Unknown
12306,宗教活动场所筹备设立审批,Unknown
12307,行政审批与政策法规处,Unknown
12308,拟设立的宗教活动场所所在地的县级人民政府宗教事务部门提出申请,Unknown
12309,县级人民政府宗教事务部门,Unknown
12310,报设区的市级人民政府宗教事务部门,Unknown
12311,"对申请设立其他固定宗教活动处所的,作出批准或者不予批准的决定",Unknown
12312,"报省、自治区、直辖市人民政府宗教事务部门审批,申请设立寺观教堂",Unknown
12313,省、自治区、直辖市人民政府宗教事务部门,Unknown
12314,作出批准或者不予批准的决定,Unknown
12315,宗教活动场所的设立申请获批准后,Unknown
12316,"是实施步骤,宗教活动场所筹备设立审批",Unknown
12317,逾期不改正的,Unknown
12318,二万元以上十万元以下罚款,Unknown
12319,境外接待社不得擅自改变行程,Unknown
12320,境外接待社不得减少旅游项目,Unknown
12321,境外接待社不得强迫或者变相强迫旅游者参加额外付费项目,Unknown
12322,"旅游团队领队,暂扣导游证",Unknown
12323,"组团社,造成恶劣影响",Unknown
12324,"组团社,取消出国旅游业务经营资格",Unknown
12325,"旅游团队领队,吊销导游证",Unknown
12326,2002年5月国务院第354号令,Unknown
12327,房地产开发项目转让备案,Unknown
12328,开发处,Unknown
12329,生产建设项目建设期水土保持补偿费征收,Unknown
12330,农村水利与水土保持处,Unknown
12331,"到期不缴纳罚款的,每日按罚款数额的百分之三加处罚款",Unknown
12332,作出行政处罚决定的行政机关,Unknown
12333,气象灾害性质等级确认,Unknown
12334,强行进入大型活动场内,Unknown
12335,扰乱大型活动秩序行为,Unknown
12336,违规在大型活动场内燃放物品,Unknown
12337,在大型活动场内展示侮辱性物品,Unknown
12338,围攻大型活动工作人员,Unknown
12339,向大型活动场内掷杂物,Unknown
12340,建设部令第148号公布,Unknown
12341,住房和城乡建设部令第23号修正,Unknown
12342,慈善组织认定,Unknown
12343,社会服务机构,Unknown
12344,2024年7月,Unknown
12345,慈善组织认定办法,Unknown
12346,民政部,Unknown
12347,2016年9月,Unknown
12348,在建工程抵押变更登记,Unknown
12349,设区的市商务行政主管部门,Unknown
12350,处五万元以上十万元以下罚款,Unknown
12351,设区的市人民政府,Unknown
12352,吊销其牲畜定点屠宰证书,Unknown
12353,牲畜定点屠宰厂场,Unknown
12354,擅自改建、扩建,Unknown
12355,未经审查或者审查不合格投入使用,Unknown
12356,商务、畜牧兽医、环境保护等部门,Unknown
12357,划入市农业委员会,Unknown
12358,划转到区县农业部门,Unknown
12359,市级食品药品监督管理体制,Unknown
12360,区县食品药品监督管理体制,Unknown
12361,未建立环境管理台账记录制度,Unknown
12362,未按照排污许可证规定记录,Unknown
12363,涂改、出租、出借或者以其他方式转让《网络文化经营许可证》,Unknown
12364,违法经营额2倍以上5倍以下,Unknown
12365,国务院令第363号,Unknown
12366,该事项,Unknown
12367,动物诊疗许可,Unknown
12368,国家规定聘任、解聘教师,Unknown
12369,教职工待遇,Unknown
12370,水行政许可申请人,Unknown
12371,隐瞒有关情况或者提供虚假材料申请水行政许可,Unknown
12372,水行政许可,Unknown
12373,水行政许可申请,Unknown
12374,直接关系防洪安全、水利工程安全、水生态环境安全、人民群众生命财产安全事项,Unknown
12375,申请人在,Unknown
12376,一年内不得再次申请该水行政许可,Unknown
12377,对非因不可抗力中止、停止或者退出演出的,Unknown
12378,文艺表演团体、主要演员或者主要节目内容等发生变更未及时告知观众的,Unknown
12379,以假唱欺骗观众的,Unknown
12380,为演员假唱提供条件行为的,Unknown
12381,建设工程勘察设计业务,Unknown
12382,招标,Unknown
12383,西安市建设工程勘察设计管理条例（2021年修正）,Unknown
12384,应当招标但不具备招标条件而进行招标的,Unknown
12385,招标无效,Unknown
12386,5000元以上5万元以下,Unknown
12387,造成投标人直接经济损失的,Unknown
12388,对水库大坝安全鉴定意见的审定,Unknown
12389,大坝主管部门,Unknown
12390,大坝定期安全检查、鉴定制度,Unknown
12391,汛前,Unknown
12392,汛后,Unknown
12393,暴风、暴雨、特大洪水或者强烈地震发生后,Unknown
12394,第四十九条,Unknown
12395,国家环境保护总局,Unknown
12396,环境保护部,Unknown
12397,第十五条第一款,Unknown
12398,对故意毁坏在耕地上种植的粮食作物青苗情节严重的行政处罚,Unknown
12399,违反本法规定，故意毁坏在耕地上种植的粮食作物青苗的处罚,Unknown
12400,采矿权人,Unknown
12401,矿产资源补偿费,Unknown
12402,征收机关,Unknown
12403,滞纳金,Unknown
12404,采矿许可证颁发机关,Unknown
12405,不得提出申请,Unknown
12406,依法吊销,Unknown
12407,国务院计量行政部门,Unknown
12408,《中华人民共和国进口计量器具监督管理办法》,Unknown
12409,《中华人民共和国进口计量器具型式审查目录》,Unknown
12410,进口或销售未经国务院计量行政部门型式批准的计量器具行为,Unknown
12411,进口或外商在中国境内销售列入《中华人民共和国进口计量器具型式审查目录》内的计量器具,Unknown
12412,型式批准,Unknown
12413,外商,Unknown
12414,外商或其代理人,Unknown
12415,外商在中国境内销售,Unknown
12416,再生水供应单位,Unknown
12417,再生水,Unknown
12418,再生水水质,Unknown
12419,再生水供水水质,Unknown
12420,再生水供水单位,Unknown
12421,查封或者暂扣,Unknown
12422,公路建设项目施工许可,Unknown
12423,《公路建设市场管理办法》(交通部令2004年第14号公布,Unknown
12424,"实施依据,公路建设项目施工许可",Unknown
12425,公路建设项目的施工,Unknown
12426,县级以上地方人民政府交通主管部门,Unknown
12427,省级人民政府交通运输主管部门,Unknown
12428,国家和国务院交通运输主管部门确定的重点公路建设项目的施工许可,Unknown
12429,其他公路建设项目的施工许可,Unknown
12430,校车驾驶人逾期不参加审验的处罚,Unknown
12431,《机动车驾驶证申领和使用规定》,Unknown
12432,机动车驾驶证被依法扣押、扣留或者暂扣期间，采用隐瞒、欺骗手段补领机动车驾驶证的,Unknown
12433,机动车驾驶人身体条件发生变化不适合驾驶机动车，仍驾驶机动车的,Unknown
12434,逾期不参加审验仍驾驶机动车的,Unknown
12435,由公安机关交通管理部门收回机动车驾驶证,Unknown
12436,取水量限制决定,Unknown
12437,拒不执行者,Unknown
12438,取水权,Unknown
12439,未经批准者,Unknown
12440,培训内容和培训计划,Unknown
12441,"学员进行,两个月以上且不少于二百六十四课时的培训",Unknown
12442,完成培训计划、内容和课时且考核合格的学员,Unknown
12443,学员档案管理制度,Unknown
12444,学员毕业离校后的第五年年底,Unknown
12445,"学员、师资人员文书档案及电子文档,报所在地设区的市级人民政府公安机关备案",Unknown
12446,省级人民政府公安机关,Unknown
12447,价格主管部门核准,Unknown
12448,保安培训业务,Unknown
12449,"未经公安机关依法许可的保安培训机构或者个人,开展保安培训业务",Unknown
12450,保安培训机构限期改正,Unknown
12451,"逾期不改正的,处以二千元以上一万元以下罚款",Unknown
12452,对存在粉尘爆炸危险的工贸企业粉尘爆炸危险场所设置在非框架结构的多层建（构）筑物内，或者粉尘爆炸危险场所内设有员工宿舍、会议室、办公室、休息室等人员聚集场所的行政处罚,Unknown
12453,征收储备方案审核备案,Unknown
12454,外国人来华工作许可,Unknown
12455,外国人来华工作,Unknown
12456,国务院人力资源社会保障主管部门,Unknown
12457,外国人在中国境内工作指导目录,Unknown
12458,国家外国专家局,Unknown
12459,外国人来华工作许可服务指南,Unknown
12460,中央编办,Unknown
12461,外国人来华工作许可职责分工,Unknown
12462,保障性住房资格审核,Unknown
12463,处5000元以上5万元以下的罚款,Unknown
12464,禁止船舶进出港口,Unknown
12465,对责任船员给予暂扣适任证书或者其他适任证件3个月至6个月的处罚,Unknown
12466,被查封、扣押财物,Unknown
12467,被动用、调换、转移、损毁财物价值5%以上20%以下,Unknown
12468,被动用、调换、转移、损毁财物价值1倍以上3倍以下,Unknown
12469,《禁止传销条例》,Unknown
12470,2005年8月23日,Unknown
12471,预抵押登记设立登记,Unknown
12472,集体土地所有权,Unknown
12473,不动产权利,Unknown
12474,房屋等建筑物、构筑物所有权,Unknown
12475,森林、林木所有权,Unknown
12476,耕地、林地、草地等土地承包经营权,Unknown
12477,宅基地使用权,Unknown
12478,海域使用权,Unknown
12479,地役权,Unknown
12480,抵押权,Unknown
12481,"或者监测报警装置未与事故通风设施联锁,重大事故隐患",Unknown
12482,"逾期未改正,处五万元以上二十万元以下的罚款",Unknown
12483,"情节严重,责令停产停业整顿",Unknown
12484,"构成犯罪,依照刑法有关规定追究刑事责任",Unknown
12485,违反定量包装商品生产者,Unknown
12486,计量保证能力合格标志,Unknown
12487,未按要求进行自我声明的定量包装商品生产者,Unknown
12488,定量包装商品生产者,Unknown
12489,《定量包装商品计量监督管理办法》,Unknown
12490,对基金会、境外基金会代表机构无正当理由不参加年检,Unknown
12491,连续两年不接受年检,Unknown
12492,对经营含有《艺术品经营管理办法》规定禁止内容艺术品的行政处罚,Unknown
12493,如实记录,Unknown
12494,统计质押当物和当户信息,Unknown
12495,所在地县级以上人民政府公安机关,Unknown
12496,本办法第三十五条第三款,Unknown
12497,第五十一条规定,Unknown
12498,《小型露天采石场安全管理与监督检查规定》,Unknown
12499,完善的防洪措施,Unknown
12500,截水沟,Unknown
12501,道路交通事故检验、鉴定,Unknown
12502,法医类,Unknown
12503,痕迹,Unknown
12504,理化,Unknown
12505,声像资料等,Unknown
12506,擅自变更学校名称,Unknown
12507,擅自变更学校层次,Unknown
12508,擅自变更学校类型,Unknown
12509,擅自变更举办者,Unknown
12510,对干式尾矿库不符合设计的行政处罚,Unknown
12511,"入库尾矿的含水率大于设计值,无法进行正常碾压且未设置可靠的防范措施",Unknown
12512,堆存推进方向与设计不一致,Unknown
12513,分层厚度或者台阶高度大于设计值,Unknown
12514,未按设计要求进行碾压,Unknown
12515,对检测单位及其质量检测活动的监督检查,Unknown
12516,中华人民共和国水利部发布,Unknown
12517,加强对检测单位及其质量检测活动的监督检查,Unknown
12518,是否符合资质等级标准,Unknown
12519,是否有涂改、倒卖、出租、出借或者以其他形式非法转让《资质等级证书》的行为,Unknown
12520,是否存在转包、违规分包,Unknown
12521,是否按照有关标准和规定进行检测,Unknown
12522,是否按照规定在质量检测报告上签字盖章，质量检测报告是否真实,Unknown
12523,仪器设备的运行、检定和校准情况,Unknown
12524,法律、法规规定的其他事项,Unknown
12525,"""委托代理人查询""",Unknown
12526,"""西安市不动产信息档案管理中心""",Unknown
12527,依照本条例,Unknown
12528,危险化学品生产企业,Unknown
12529,进口企业,Unknown
12530,虚假证明文件,Unknown
12531,备案受理单位,Unknown
12532,二十万元以上五十万元以下,Unknown
12533,违反国家有关建设工程质量管理规定行为,Unknown
12534,竣工验收备案文件,Unknown
12535,重新组织竣工验收,Unknown
12536,建设工程竣工验收报告,Unknown
12537,工程报建日期,Unknown
12538,施工许可证号,Unknown
12539,施工图设计文件审查意见,Unknown
12540,勘察、设计、施工、工程监理等单位分别签署的质量合格文件,Unknown
12541,验收人员签署的竣工验收原始文件,Unknown
12542,市政基础设施的有关质量检测和功能性试验资料,Unknown
12543,备案申请,Unknown
12544,建设单位在竣工验收过程中有违反国家有关建设工程质量管理规定行为,Unknown
12545,古生物化石发掘单位,Unknown
12546,发掘的古生物化石,Unknown
12547,从事测绘活动的单位测绘资质审批,Unknown
12548,对违法行为人予以批评教育,Unknown
12549,由交通主管部门依照道路运输管理法律、行政法规处罚,Unknown
12550,承包经营权转移登记,Unknown
12551,《中华人民共和国招标投标法》,Unknown
12552,依法应当公开招标的项目,Unknown
12553,不按照规定在指定媒介发布资格预审公告或者招标公告,Unknown
12554,不按照规定发布资格预审公告或者招标公告,Unknown
12555,招标投标法第五十一条,Unknown
12556,招标投标法,Unknown
12557,招标投标法第四十九条,Unknown
12558,必须进行招标的项目,Unknown
12559,化整为零或者以其他任何方式规避招标,Unknown
12560,城市公共汽电车客运场站和服务设施的日常管理单位,Unknown
12561,未按照规定对有关场站设施进行管理和维护,Unknown
12562,城市公共交通主管部门,Unknown
12563,城市公共汽电车客运服务设施设备,Unknown
12564,安全生产管理制度,Unknown
12565,责任制,Unknown
12566,制作,Unknown
12567,复制,Unknown
12568,传播,Unknown
12569,国有土地使用权招标拍卖挂牌出让,Unknown
12570,2000元以上5000元以下,Unknown
12571,重大动物疫情应急条例,Unknown
12572,2005年11月国务院令第450号,Unknown
12573,设备运营期间,Unknown
12574,无安全管理人员在岗,Unknown
12575,配备的持证操作人员,Unknown
12576,安全运营要求,Unknown
12577,未及时更换的主要受力部件,Unknown
12578,安全使用条件,Unknown
12579,超过设计使用期限要求的主要受力部件,Unknown
12580,更换,Unknown
12581,租借场地,Unknown
12582,大型游乐设施经营,Unknown
12583,租借场地开展大型游乐设施经营,Unknown
12584,签订安全管理协议,Unknown
12585,落实安全管理制度,Unknown
12586,大型游乐设施运营使用单位,Unknown
12587,"综合执法支队,承办",Unknown
12588,第154号,Unknown
12589,单采血浆站设置审批,Unknown
12590,省、自治区、直辖市人民政府卫生行政部门,Unknown
12591,国务院卫生行政部门备案,Unknown
12592,设区的市、自治州人民政府卫生行政部门,Unknown
12593,集中供热经营许可证核发,Unknown
12594,违法建设项目排除妨碍,Unknown
12595,堆放倾倒掩埋排放污染水体的物体排除妨碍,Unknown
12596,县级以上水行政主管部门或者生态环境行政主管部门责令改正,Unknown
12597,县级以上水行政主管部门或者生态环境行政主管部门,Unknown
12598,限期拆除恢复原状或者采取其他补救措施,Unknown
12599,负责查处的行政机关,Unknown
12600,对擅自改变燃气管道的行政处罚,Unknown
12601,陕西省燃气管理条例,Unknown
12602,西安市涉外法律服务业奖补,Unknown
12603,法治综合处,Unknown
12604,设置具有赌博功能的游戏设施设备,Unknown
12605,以现金、有价证券作为娱乐奖品,Unknown
12606,非法回购娱乐奖品,Unknown
12607,学校及其他教育机构教育经费,Unknown
12608,各级人民政府及其教育行政部门,Unknown
12609,学校及其他教育机构教育经费的监督管理,Unknown
12610,设计文件,Unknown
12611,产品质量合格证明,Unknown
12612,安装及使用维修说明,Unknown
12613,监督检验证明,Unknown
12614,违法生产销售货值金额30%,Unknown
12615,金属非金属地下矿山一级负荷,Unknown
12616,双重电源供电,Unknown
12617,机动车注销登记,Unknown
12618,储备土地的前期开发,Unknown
12619,工程实施,Unknown
12620,"政府采购实施,储备土地的前期开发",Unknown
12621,储备土地的前期开发费用,Unknown
12622,道路,Unknown
12623,排水,Unknown
12624,通讯,Unknown
12625,绿化,Unknown
12626,土地平整,Unknown
12627,土地储备资金使用范围,Unknown
12628,储备宗地相关的前期开发费用,Unknown
12629,生产、经营、购买、运输或者进口、出口易制毒化学品的单位或者个人,Unknown
12630,有关行政主管部门监督检查,Unknown
12631,负有监督管理职责的行政主管部门,Unknown
12632,直接负责的主管人员以及其他直接责任人员,Unknown
12633,《易制毒化学品管理条例》第四十二条规定给予处罚,Unknown
12634,药品类易制毒化学品经营企业,Unknown
12635,使用药品类易制毒化学品的教学科研单位,Unknown
12636,食品药品监督管理部门,Unknown
12637,石油天然气企业安全生产许可,Unknown
12638,黑河引水管渠控制区域,Unknown
12639,修建永久性建筑物,Unknown
12640,构筑物,Unknown
12641,从事其他危及输水安全的行为,Unknown
12642,西安市黑河引水系统保护条例,Unknown
12643,原状,Unknown
12644,引水管渠管理单位,Unknown
12645,水库大坝管理和保护范围的划定,Unknown
12646,国务院令第77号发布,Unknown
12647,2018,Unknown
12648,兴建大坝时,Unknown
12649,应当按照批准的设计,Unknown
12650,划定管理和保护范围,Unknown
12651,树立标志,Unknown
12652,管理和保护范围的标志,Unknown
12653,已建大坝尚未划定管理和保护范围的,Unknown
12654,应当根据安全管理的需要,Unknown
12655,管理和保护范围,Unknown
12656,未履行《中华人民共和国国际海运条例》规定的运价备案手续或未执行备案运价行为,Unknown
12657,由国务院交通主管部门或者其授权的地方人民政府交通主管部门责令限期改正并处2万元以上10万元以下的罚款,Unknown
12658,"执行,责令限期改正并处2万元以上10万元以下的罚款",Unknown
12659,对在自然保护地内进行开矿、修路、筑坝、建设造成生态破坏的行政处罚,Unknown
12660,第二条,Unknown
12661,国家实行法定计量单位制度,Unknown
12662,法定计量单位制度,Unknown
12663,国有林地使用权及森林、林木所有权转移登记,Unknown
12664,《安全生产培训管理办法》,Unknown
12665,国家安全生产监督管理总局令第80号,Unknown
12666,国家安全生产监督管理总局令第44号,Unknown
12667,安全生产培训管理办法,Unknown
12668,矿山新招的井下作业人员,Unknown
12669,危险物品生产经营单位新招的危险工艺操作岗位人员,Unknown
12670,其他建设工程消防验收备案,Unknown
12671,对违反规定，在医疗、药品、医疗器械广告中作推荐、证明的,Unknown
12672,对违反规定，在保健食品广告中作推荐、证明的,Unknown
12673,对违反规定，为其未使用过的商品或者未接受过的服务作推荐、证明的,Unknown
12674,明知或者应知广告虚假仍在广告中对商品、服务作推荐、证明的行政处罚,Unknown
12675,心理咨询人员,Unknown
12676,心理治疗,Unknown
12677,精神障碍的诊断,Unknown
12678,精神障碍的治疗,Unknown
12679,心理治疗活动,Unknown
12680,专门从事心理治疗的人员,Unknown
12681,精神障碍患者,Unknown
12682,对政府非税收入政策执行情况的检查,Unknown
12683,《政府非税收入管理办法》,Unknown
12684,非税收入监督管理制度,Unknown
12685,非税收入政策执行情况的监督检查,Unknown
12686,非税收入违法违规行为,Unknown
12687,执收单位,Unknown
12688,财政部门和审计机关的监督检查,Unknown
12689,非税收入情况和相关资料,Unknown
12690,安全生产标准化三级企业认定,Unknown
12691,《中华人民共和国基本医疗卫生与健康促进法》第一百条,Unknown
12692,转让或者抵押国有不可移动文物,Unknown
12693,将非国有不可移动文物转让或者抵押给外国人的,Unknown
12694,擅自改变国有文物保护单位的用途的,Unknown
12695,违法所得一万元以上的,Unknown
12696,违法所得不足一万元的,Unknown
12697,破坏或者擅自移动矿区范围界桩或者地面标志的行为,Unknown
12698,矿产资源开采登记管理办法,Unknown
12699,2009年9月,Unknown
12700,未按照规定办理登记手续并取得相应的证书和牌照,Unknown
12701,"或者未按照规定办理变更登记手续的,后果,扣押拖拉机、联合收割机",Unknown
12702,"或者未按照规定办理变更登记手续的,后果,处200元以上2000元以下罚款",Unknown
12703,"或者未按照规定办理变更登记手续的,由,县级以上地方人民政府农业机械化主管部门",Unknown
12704,其他自然人,Unknown
12705,非法人组织,Unknown
12706,测绘采石场开采现状平面图和剖面图,Unknown
12707,测绘结果,Unknown
12708,违反者,Unknown
12709,职业病防治工作监督检查,Unknown
12710,职业卫生监督管理部门,Unknown
12711,职业病防治工作进行监督检查,Unknown
12712,《中华人民共和国职业病防治法》(2018年修正),Unknown
12713,特种设备检验检测机构,Unknown
12714,未经特种设备安全监督管理部门组织考核合格并取得检验检测人员证书的人员,Unknown
12715,未及时告知特种设备使用单位,Unknown
12716,并立即向特种设备安全监督管理部门报告,Unknown
12717,对注册造价工程师的注册、执业和继续教育实施监督检查,Unknown
12718,不按照规定报送年度取水情况,Unknown
12719,拒绝接受监督检查或者弄虚作假,Unknown
12720,退水水质达不到规定要求,Unknown
12721,处5000元以上2万元以下罚款,Unknown
12722,吊销取水许可证,Unknown
12723,非法侵入计算机信息系统的处罚,Unknown
12724,非法生产,Unknown
12725,没收苗种和违法所得,Unknown
12726,并处五万元以下的罚款,Unknown
12727,出口,Unknown
12728,经营未经审定的水产苗种,Unknown
12729,责令立即停止经营,Unknown
12730,中华人民共和国渔业法,Unknown
12731,建设单位或个人,Unknown
12732,提供虚假材料或者以其他非法手段骗取规划许可,Unknown
12733,建设单位或者个人,Unknown
12734,本法,Unknown
12735,消防设施、器材或者消防安全标志,Unknown
12736,"不符合,国家标准",Unknown
12737,"不符合,行业标准",Unknown
12738,"完好有效,或者未保持",Unknown
12739,消防设施、器材,Unknown
12740,或者挪用,Unknown
12741,或者停用,Unknown
12742,疏散通道、安全出口,Unknown
12743,占用、堵塞、封闭,Unknown
12744,消火栓,Unknown
12745,"埋压,圈占,遮挡",Unknown
12746,防火间距,Unknown
12747,占用,Unknown
12748,消防车通道,Unknown
12749,门窗,Unknown
12750,"设置,影响逃生和灭火救援的障碍物",Unknown
12751,火灾隐患,Unknown
12752,"通知,公安机关消防机构",Unknown
12753,强制执行所需费用,Unknown
12754,外商投资旅行社业务许可,Unknown
12755,未按照规定办理备案,Unknown
12756,未按照规定办理注销手续,Unknown
12757,未按照规定建立建筑起重机械安全技术档案,Unknown
12758,建筑起重机械的使用单位,Unknown
12759,使用登记,Unknown
12760,首次出租,Unknown
12761,首次安装,Unknown
12762,安装验收合格后三十日内办理使用登记,Unknown
12763,县级以上建设工程质量安全监督机构,Unknown
12764,伪造、变造或者转让广告审查批准文件,Unknown
12765,由市场监督管理部门没收违法所得,Unknown
12766,并处一万元以上十万元以下的罚款,Unknown
12767,对伪造、变造或者转让广告审查批准文件的行政处罚,Unknown
12768,《印刷登记簿》备案,Unknown
12769,《印刷品承印管理规定》,Unknown
12770,2003年国家新闻出版总署、公安部令第19号公布,Unknown
12771,每月月底将《印刷登记簿》登记的内容报所在地县级以上出版行政部门备案,Unknown
12772,由地方人民政府生态环境主管部门,Unknown
12773,10万元以上100万元以下,Unknown
12774,临时查封,Unknown
12775,《中华人民共和国消防法》第五十四条,Unknown
12776,不及时消除,Unknown
12777,严重威胁公共安全,Unknown
12778,班轮运输业务经营者,Unknown
12779,所使用的船舶、班期、班次和运价或者其变更信息,Unknown
12780,医学会,Unknown
12781,虚假医疗损害鉴定意见,Unknown
12782,司法鉴定机构,Unknown
12783,3个月以上1年以下医疗损害鉴定业务,Unknown
12784,有关鉴定人员,Unknown
12785,或者责令给予降低岗位等级或者撤职的处分,Unknown
12786,医疗损害鉴定业务,Unknown
12787,或者责令给予开除的处分,Unknown
12788,重点建设项目（工程）档案的验收,Unknown
12789,国家档案局国家发展和改革委员会关于印发《重大建设项目档案验收办法》的通知（档发〔2006〕2号）,Unknown
12790,国家发展和改革委员会,Unknown
12791,项目,Unknown
12792,国家档案局,Unknown
12793,由国家发展和改革委员会组织验收的项目,Unknown
12794,中央主管部门档案机构,Unknown
12795,由中央主管部门组织验收的项目,Unknown
12796,省级档案行政管理部门,Unknown
12797,由省级政府投资主管部门组织验收的项目,Unknown
12798,同级档案行政管理部门,Unknown
12799,由省以下各级政府投资主管部门组织验收的项目,Unknown
12800,中央主管部门档案机构组织的项目档案验收,Unknown
12801,省级档案行政管理部门组织的项目档案验收,Unknown
12802,项目主管部门,Unknown
12803,项目档案验收前,Unknown
12804,各级档案行政管理部门,Unknown
12805,政府对市场价格的调控措施,Unknown
12806,价格监督检查所需资料,Unknown
12807,虚假资料,Unknown
12808,西安市制止价格欺诈和牟取暴利条例（2017年修订）,Unknown
12809,未经兽医开具处方销售、购买、使用兽用处方药的行政教育,Unknown
12810,吊销兽药经营许可证,Unknown
12811,撤销兽药批准证明文件,Unknown
12812,责令停止兽药研究试验,Unknown
12813,国有建设用地使用权注销登记,Unknown
12814,不动产被依法没收收回,Unknown
12815,国有建设用地使用权灭失,Unknown
12816,行政颜色,Unknown
12817,未建立与岗位相匹配的全员安全生产责任制或者未制定实施生产安全事故隐患排查治理制度,Unknown
12818,国家安全监管总局关于印发《化工和危险化学品生产经营单位重大生产安全事故隐患判定标准（试行）》和《烟花爆竹生产经营单位重大生产安全事故隐患判定标准（试行）》的通知,Unknown
12819,烟花爆竹生产经营单位,Unknown
12820,带病回乡退伍军人身份认定,Unknown
12821,对企业以外的单位和个人作为特许人的处罚,Unknown
12822,企业以外的其他单位和个人作为特许人,Unknown
12823,"由商务主管部门责令停止非法经营活动,没收违法所得,并处10万元以上50万元以下的罚款",Unknown
12824,干扰或者阻挠测量标志建设单位依法使用土地或者在建筑物上建设永久性测量标志,Unknown
12825,测量标志建设单位,Unknown
12826,无证使用永久性测量标志并拒绝县级以上人民政府管理测绘工作的部门监督和负责保管测量标志的单位和人员查询,Unknown
12827,县级以上人民政府管理测绘工作的部门,Unknown
12828,《中华人民共和国测量标志保护条例》,Unknown
12829,国务院令第203号,Unknown
12830,单用途商业预付卡发卡企业或售卡企业,Unknown
12831,单用途商业预付卡集团发卡企业,Unknown
12832,单用途商业预付卡品牌发卡企业,Unknown
12833,未取得注册建造师证书和执业印章,Unknown
12834,担任大中型建设工程项目施工单位项目负责人,Unknown
12835,以注册建造师的名义从事相关活动,Unknown
12836,大坝管理和保护范围内修建码头、渔塘许可,Unknown
12837,《水库大坝安全管理条例》(国务院令第77号,Unknown
12838,"是,实施依据",Unknown
12839,禁止在坝体修建码头、渠道、堆放杂物、晾晒粮草,Unknown
12840,在大坝管理和保护范围内修建码头、鱼塘,Unknown
12841,大坝主管部门批准,Unknown
12842,坝脚和泄水、输水建筑物保持一定距离,Unknown
12843,大坝安全,Unknown
12844,工程管理,Unknown
12845,抢险工作,Unknown
12846,城镇排水与污水处理设施,Unknown
12847,安全运行,Unknown
12848,城镇排水与污水处理设施安全运行,Unknown
12849,办法,Unknown
12850,《城镇污水排入排水管网许可管理办法》,Unknown
12851,农业,Unknown
12852,卫生,Unknown
12853,质检,Unknown
12854,商务,Unknown
12855,工商,Unknown
12856,药品,Unknown
12857,不符合法定要求的产品,Unknown
12858,查封、扣押措施,Unknown
12859,违法使用的原料,Unknown
12860,用于违法生产的工具,Unknown
12861,用于违法生产的设备,Unknown
12862,一证多厂或者多股东各自独立组织生产经营,Unknown
12863,烟花爆竹类:十七、一证多厂或者多股东各自独立组织生产经营,Unknown
12864,加强工程建设强制性标准,Unknown
12865,抗震设防执行情况,Unknown
12866,地震安全性评价工作,Unknown
12867,震害防御处,Unknown
12868,"未经业主大会同意,物业服务企业擅自改变物业管理用房的用途",Unknown
12869,不按照国家规定的防护标准和质量标准修建人民防空工程的处罚,Unknown
12870,《中华人民共和国劳动法》第八十五条,Unknown
12871,作业安全检查,Unknown
12872,"新建、改扩建金属非金属地下矿山""三同时""程序不符合规定的行政处罚",Unknown
12873,责令停止制造,Unknown
12874,责令销售,Unknown
12875,处二万元以上二十万元罚款,Unknown
12876,产品集中交易市场的开办企业,Unknown
12877,入场销售者的经营资格,Unknown
12878,产品经营柜台出租企业,Unknown
12879,产品展销会的举办企业,Unknown
12880,违反前款规定的企业,Unknown
12881,入场销售者,Unknown
12882,入场销售者的经营环境,Unknown
12883,入场销售者的经营条件,Unknown
12884,入场销售者的内部安全管理制度,Unknown
12885,入场销售者的经营产品,Unknown
12886,第十九条第一项,Unknown
12887,第十九条第二项,Unknown
12888,第六十条第一款,Unknown
12889,《职业卫生技术服务机构管理办法》,Unknown
12890,国家卫生健康委员会令第4号公布,Unknown
12891,在野外进行放射性同位素示踪试验审批,Unknown
12892,《放射性同位素与射线装置安全许可管理办法》,Unknown
12893,在野外进行放射性同位素示踪试验审批事项,Unknown
12894,省生态环境厅权限依法委托至设区的市生态环境部门,Unknown
12895,未全程参与试运行,Unknown
12896,未按照相关标准对从业人员进行技能培训教育,Unknown
12897,列车驾驶员未按照法律法规的规定取得职业准入资格,Unknown
12898,列车驾驶员、行车调度员、行车值班员、信号工、通信工等重点岗位从业人员未经考核上岗,Unknown
12899,未按照有关规定完善风险分级管控和隐患排查治理双重预防制度,Unknown
12900,未建立风险数据库和隐患排查手册,Unknown
12901,未按要求报告运营安全风险隐患整改情况,Unknown
12902,未建立设施设备检查、检测评估、养护维修、更新改造制度和技术管理体系,Unknown
12903,未对设施设备定期检查、检测评估和及时养护维修、更新改造,Unknown
12904,未按照有关规定建立运营突发事件应急预案体系,Unknown
12905,储备的应急物资不满足需要，未配备专业应急救援装备，或者未建立应急救援队伍、配齐应急人员,Unknown
12906,未按时组织运营突发事件应急演练,Unknown
12907,运营单位,Unknown
12908,城市轨道交通运营主管部门,Unknown
12909,国务院环境保护主管部门的规定,Unknown
12910,放射性固体废物贮存单位,Unknown
12911,放射性固体废物处置单位,Unknown
12912,国务院环境保护主管部门和核工业行业主管部门,Unknown
12913,记录、保存食品交易信息,Unknown
12914,5000元以上3万元以下罚款,Unknown
12915,食品交易信息,Unknown
12916,产品保质期满后6个月,Unknown
12917,2年,Unknown
12918,有关安全施工的技术要求作出详细说明,Unknown
12919,采取相应的安全施工措施,Unknown
12920,未实行封闭围挡,Unknown
12921,设置员工集体宿舍,Unknown
12922,不符合安全使用要求,Unknown
12923,采取专项防护措施,Unknown
12924,伪造、冒用认证证书的行为,Unknown
12925,处以3万元罚款,Unknown
12926,《认证证书和认证标志管理办法》,Unknown
12927,引诱、容留、介绍卖淫的处罚,Unknown
12928,个人购买剧毒化学品,Unknown
12929,易制爆危险化学品,Unknown
12930,不具有相关许可证件或者证明文件的单位和个人,Unknown
12931,剧毒化学品,Unknown
12932,所购买的剧毒化学品,Unknown
12933,所购买的易制爆危险化学品,Unknown
12934,5000元,Unknown
12935,对粮油仓储的监督检查,Unknown
12936,国家粮食行政管理部门,Unknown
12937,全国粮油仓储监督管理工作,Unknown
12938,县级以上地方人民政府粮食行政管理部门,Unknown
12939,本行政区域的粮油仓储监督管理工作,Unknown
12940,情节严重或者拒不改正,Unknown
12941,5000元以上2万元以下罚款,Unknown
12942,医疗器械生产经营企业,Unknown
12943,本办法第十七条规定,Unknown
12944,医疗器械维护维修服务,Unknown
12945,维护手册,Unknown
12946,维修手册,Unknown
12947,软件备份,Unknown
12948,故障代码表,Unknown
12949,备件清单,Unknown
12950,零部件,Unknown
12951,维修密码,Unknown
12952,维修服务机构,Unknown
12953,维护维修必需的材料和信息,Unknown
12954,供餐单位,Unknown
12955,亚硝酸盐,Unknown
12956,中小学,Unknown
12957,幼儿园食堂,Unknown
12958,冷荤类食品,Unknown
12959,生食类食品,Unknown
12960,裱花蛋糕,Unknown
12961,四季豆,Unknown
12962,鲜黄花菜,Unknown
12963,野生蘑菇,Unknown
12964,发芽土豆,Unknown
12965,大型宗教活动过程中发生危害国家安全、公共安全或者严重破坏社会秩序情况,Unknown
12966,国务院令第426号公布,Unknown
12967,2017年8月26日修订,Unknown
12968,主办的宗教团体、寺观教堂负有责任的情况,Unknown
12969,撤换主要负责人,Unknown
12970,洪水影响评价类审批,Unknown
12971,预拌混凝土和预拌砂浆生产企业,Unknown
12972,散装水泥,Unknown
12973,水泥制品生产企业,Unknown
12974,假冒专利产品,Unknown
12975,查封或者扣押,Unknown
12976,专利权人或者利害关系人,Unknown
12977,专利侵权纠纷,Unknown
12978,向社会公布有关信息,Unknown
12979,通知销售者停止销售,Unknown
12980,告知消费者停止使用,Unknown
12981,主动召回产品,Unknown
12982,向有关监督管理部门报告,Unknown
12983,销售该产品,Unknown
12984,通知生产企业或者供货商,Unknown
12985,503号,Unknown
12986,有关信息,Unknown
12987,销售者停止销售,Unknown
12988,消费者停止使用,Unknown
12989,有关监督管理部门报告,Unknown
12990,生产企业或者供货商,Unknown
12991,监督管理部门,Unknown
12992,生产企业召回产品,Unknown
12993,涉嫌掺杂掺假,Unknown
12994,以次充好,Unknown
12995,以假充真,Unknown
12996,严重质量问题的棉花,Unknown
12997,专门用于生产掺杂掺假,Unknown
12998,以假充真的棉花的设备,Unknown
12999,2017年10月7日国务院令第687号,Unknown
13000,第二十条第（四）项,Unknown
13001,人行道道沿以下临时占道机动车停车位设置审批,Unknown
13002,对举报传销活动的单位和个人,Unknown
13003,应当立即调查核实,Unknown
13004,依法查处,Unknown
13005,举报人保密,Unknown
13006,"对,举报人给予奖励",Unknown
13007,国务院令第444号,Unknown
13008,"""复制单位变更备案""",Unknown
13009,跨区作业中介服务组织备案,Unknown
13010,联合收割机跨区作业管理办法,Unknown
13011,县级以上农机管理部门,Unknown
13012,跨区作业,Unknown
13013,农机推广站,Unknown
13014,跨区作业中介服务组织,Unknown
13015,乡镇农机站,Unknown
13016,农机作业服务公司,Unknown
13017,农机合作社,Unknown
13018,农机大户,Unknown
13019,乱丢废电池,Unknown
13020,有毒有害废弃物,Unknown
13021,乱丢荧光灯管,Unknown
13022,乱丢电子显示屏,Unknown
13023,违反第（六）项规定,Unknown
13024,五十元以上二百元以下,Unknown
13025,影响环境卫生的行为,Unknown
13026,旅行社变更名称,Unknown
13027,未在规定期限内向原许可的旅游行政管理部门备案,Unknown
13028,换领或者交回旅行社业务经营许可证,Unknown
13029,终止经营,Unknown
13030,设立分社,Unknown
13031,未在规定期限内向分社所在地旅游行政管理部门备案,Unknown
13032,不按照国家有关规定向旅游行政管理部门报送经营和财务信息等统计资料,Unknown
13033,生产国家明令淘汰的产品的,Unknown
13034,责令停止生产,Unknown
13035,销售国家明令淘汰并停止销售的产品的,Unknown
13036,《中华人民共和国产品质量法》(2018年修订),Unknown
13037,违法排放放射性废气、废液的行政处罚,Unknown
13038,向环境排放不得排放的放射性废气、废液,Unknown
13039,不按照规定的方式排放放射性废液,Unknown
13040,不按照规定处理或者贮存不得向环境排放的放射性废液,Unknown
13041,《中华人民共和国城镇国有土地使用权出让和转让暂行条例》,Unknown
13042,市、县人民政府土地管理部门,Unknown
13043,没收非法收入,Unknown
13044,烟花爆竹生产经营企业主要负责人,Unknown
13045,烟花爆竹生产经营企业安全生产管理人员,Unknown
13046,化工和危险化学品生产经营单位重大生产安全事故隐患判定标准（试行）,Unknown
13047,烟花爆竹生产经营单位重大生产安全事故隐患判定标准（试行）,Unknown
13048,不具备安全生产条件或者相应资质的单位或者个人,Unknown
13049,与承包方、承租方承担连带赔偿责任,Unknown
13050,县级以上人民政府决定予以关闭的行政处罚,Unknown
13051,制造、销售不符合国家技术标准的殡葬设备,Unknown
13052,制造、销售封建迷信殡葬用品,Unknown
13053,"工商行政管理部门,责令停止制造、销售",Unknown
13054,"工商行政管理部门,予以没收",Unknown
13055,《殡葬管理条例》,Unknown
13056,国务院令第225号,Unknown
13057,2012年11月9日国务院令第628号,Unknown
13058,化妆品标识未依法标注化妆品实际生产加工地或者生产者名称、地址行为,Unknown
13059,伪造产品产地,Unknown
13060,伪造或者冒用他人厂名、厂址,Unknown
13061,对违规使用明火作业的处罚,Unknown
13062,违反消防安全规定进入生产、储存易燃易爆危险品场所的,Unknown
13063,违反规定使用明火作业或者在具有火灾、爆炸危险的场所吸烟、使用明火的,Unknown
13064,处警告或者五百元以下罚款,Unknown
13065,处五日以下拘留,Unknown
13066,对冒用、使用伪造、出租、出借、转让的牲畜定点屠宰证、章、标志牌，非法从事牲畜屠宰活动和出租、出借、转让牲畜定点屠宰证、章、标志牌的行政处罚,Unknown
13067,野生动物保护法规,Unknown
13068,没收实物和违法所得,Unknown
13069,实物,Unknown
13070,野生动物行政主管部门,Unknown
13071,中华人民共和国陆生野生动物保护实施条例,Unknown
13072,林策通字〔1992〕29号,Unknown
13073,2016年2月国务院令第666号,Unknown
13074,对侵占、毁坏或者擅自移动地下水监测设施设备及其标志的行政处罚,Unknown
13075,生产产品所使用的原料、辅料、添加剂、农业投入品,Unknown
13076,法律、行政法规的规定和国家强制性标准,Unknown
13077,前款规定,Unknown
13078,"""不动产地籍调查成果审核""",Unknown
13079,"""西安市不动产权籍调查中心""",Unknown
13080,2006年1月国务院令第458号,Unknown
13081,国有林地使用权及森林、林木所有权注销登记,Unknown
13082,编码登记,Unknown
13083,西安市,Unknown
13084,《西安市机动车和非道路移动机械排气污染防治条例》,Unknown
13085,新购置的非道路移动机械,Unknown
13086,环保标牌,Unknown
13087,使用不符合国家规定防污条件的运载工具,Unknown
13088,未经公安机关批准通过饮用水地表水水源保护区运输危险化学品,Unknown
13089,陕西省秦岭生态环境保护条例,Unknown
13090,违反陕西省秦岭生态环境保护条例第三十五条第一款,Unknown
13091,通过饮用水地表水水源保护区运输危险化学品,Unknown
13092,建设项目环境影响评价文件,Unknown
13093,超过五年,Unknown
13094,建设项目环境影响评价文件重新审核,Unknown
13095,受教育者的合法权益,Unknown
13096,对渭河水量调度的监督检查,Unknown
13097,《陕西省渭河水量调度办法》,Unknown
13098,巡回监督检查,Unknown
13099,重点监督检查,Unknown
13100,驻守检查,Unknown
13101,要求被检查单位提供有关文件和资料,Unknown
13102,要求被检查单位就水量调度有关问题进行说明,Unknown
13103,进入被检查单位生产场所进行现场检查,Unknown
13104,对取（退）水量进行现场监测,Unknown
13105,责令被检查单位纠正违反本办法的行为,Unknown
13106,省渭河流域管理机构,Unknown
13107,省水文机构,Unknown
13108,对涂改检验证书、擅自更改船舶载重线或者以欺骗行为获取检验证书的行政处罚,Unknown
13109,《中华人民共和国船舶和海上设施检验条例》,Unknown
13110,国务院令第109号公布,Unknown
13111,船检局或者其委托的检验机构,Unknown
13112,撤销已签发的相应证书,Unknown
13113,责令改正或者补办有关手续,Unknown
13114,统计机构和统计人员,Unknown
13115,统计调查,Unknown
13116,统计报告,Unknown
13117,统计监督,Unknown
13118,地方统计调查项目,Unknown
13119,县级以上地方人民政府及其部门的地方性统计调查项目,Unknown
13120,独立的统计机构,Unknown
13121,乡、镇人民政府,Unknown
13122,统计工作岗位,Unknown
13123,专职或者兼职统计人员,Unknown
13124,统计机构、统计人员,Unknown
13125,开展统计工作,Unknown
13126,地方人民政府、县级以上人民政府统计机构和有关部门及其负责人,Unknown
13127,统计活动依法进行,Unknown
13128,统计机构、统计人员独立行使统计调查、统计报告、统计监督职权,Unknown
13129,统计调查对象提供统计资料,Unknown
13130,统计造假、弄虚作假,Unknown
13131,《易制毒化学品进出口管理规定》,Unknown
13132,金属非金属露天矿山开采或者破坏设计要求保留的矿（岩）柱或者挂帮矿体,Unknown
13133,水利领域投标人相互串通投标或者与招标人串通投标,Unknown
13134,以向招标人或者评标委员会成员行贿的手段谋取中标行为,Unknown
13135,《矿产资源补偿费征收管理规定》,Unknown
13136,涉及污染物排放的作业,Unknown
13137,规定了处罚标准,Unknown
13138,2006年9月12日,Unknown
13139,零售商,Unknown
13140,从其规定,Unknown
13141,可处三倍以下罚款,Unknown
13142,可处一万元以下罚款,Unknown
13143,固定资产投资项目节能审查,Unknown
13144,...代替他人签字,Unknown
13145,...签字,Unknown
13146,...罚款,Unknown
13147,职业卫生技术服务机构专业技术人员,Unknown
13148,...情形,Unknown
13149,...权力,Unknown
13150,...机构,Unknown
13151,...实施,Unknown
13152,违法所得1倍,Unknown
13153,250万元,Unknown
13154,10万元以上50万元之间,Unknown
13155,未取得相应的旅行社业务经营许可,Unknown
13156,国内旅游业务,Unknown
13157,入境旅游业务,Unknown
13158,出境旅游业务,Unknown
13159,分社,Unknown
13160,设立分社的旅行社的经营范围,Unknown
13161,旅行社服务网点,Unknown
13162,招徕,Unknown
13163,咨询以外的旅行社业务经营活动,Unknown
13164,监测设备,Unknown
13165,污染排放数据,Unknown
13166,有前款第三项,Unknown
13167,有前款第四项,Unknown
13168,有前款第十项,Unknown
13169,有前款第十一项,Unknown
13170,所需处置费用一倍以上三倍以下的罚款,Unknown
13171,有前款第十一项行为,Unknown
13172,对前款第十一项行为的处罚,Unknown
13173,其规定,Unknown
13174,对入网餐饮服务提供者未履行相应的包装义务的行政处罚,Unknown
13175,无毒、清洁的食品容器、餐具和包装材料,Unknown
13176,包装,Unknown
13177,送餐人员直接接触食品,Unknown
13178,送餐过程中食品不受污染,Unknown
13179,本办法第十九条规定,Unknown
13180,"5000元以上3万元以下罚款,入网餐饮服务提供者",Unknown
13181,实验性临床医疗活动,Unknown
13182,一次性医疗器械,Unknown
13183,卫生材料,Unknown
13184,乡村医生执业证书,Unknown
13185,非检疫传染病疫区的交通工具,Unknown
13186,检疫传染病病人,Unknown
13187,病原携带者,Unknown
13188,疑似检疫传染病病人,Unknown
13189,交通工具负责人,Unknown
13190,对基金会、基金会分支机构、基金会代表机构或者境外基金会代表机构有未按照章程规定的宗旨和公益活动的业务范围进行活动的,Unknown
13191,在填制会计凭证、登记会计账簿、编制财务会计报告中弄虚作假的,Unknown
13192,不按照规定办理变更登记的,Unknown
13193,未按照本条例的规定完成公益事业支出额度的,Unknown
13194,未按照本条例的规定接受年度检查，或者年度检查不合格的,Unknown
13195,不履行信息公布义务或者公布虚假信息的处罚,Unknown
13196,特殊标志所有人或者使用人,Unknown
13197,擅自改变特殊标志文字、图形,Unknown
13198,许可他人使用特殊标志，未签订使用合同，或者使用人在规定期限内未报国务院工商行政管理部门备案或者未报所在地县级以上人民政府工商行政管理机关存查,Unknown
13199,超出核准登记的商品或者服务范围使用,Unknown
13200,可以处5万元以下的罚款,Unknown
13201,责令使用人停止使用该特殊标志,Unknown
13202,撤销所有人的特殊标志登记,Unknown
13203,个体或私营医疗保健机构,Unknown
13204,突发性公共卫生事件,Unknown
13205,100元以上500元以下,Unknown
13206,拒不服从统一调度和指挥行为,Unknown
13207,《中华人民共和国抗旱条例》,Unknown
13208,公开地图,Unknown
13209,《地图管理条例》,Unknown
13210,664号,Unknown
13211,应当送审而未送审的,Unknown
13212,没收违法地图或者附着地图图形的产品,Unknown
13213,"有违法所得的,没收违法所得",Unknown
13214,事故钢水罐,Unknown
13215,中间罐漏钢坑,Unknown
13216,中间罐溢流坑,Unknown
13217,漏钢回转溜槽,Unknown
13218,模铸流程,Unknown
13219,五万元以下,Unknown
13220,处20000元以下罚款,Unknown
13221,《餐饮业经营管理办法（试行）》,Unknown
13222,餐饮行业,Unknown
13223,商务、价格等主管部门,Unknown
13224,餐饮业经营行为,Unknown
13225,未按规定使用公交专用道的处罚,Unknown
13226,九座以上的载客车辆,Unknown
13227,其他机动车,Unknown
13228,擅自发布动物疫情的,Unknown
13229,不遵守县级以上人民政府及其农业农村主管部门依法作出的有关控制动物疫病规定的,Unknown
13230,藏匿、转移、盗掘已被依法隔离、封存、处理的动物和动物产品的,Unknown
13231,对生产经营单位未如实记录安全生产教育和培训情况的行政处罚,Unknown
13232,对在民用建筑节能工作做出显著成绩的单位和个人的表彰和奖励,Unknown
13233,《民用建筑节能条例》,Unknown
13234,对在民用建筑节能工作做出显著成绩的单位和个人,Unknown
13235,查阅,Unknown
13236,直销活动,Unknown
13237,国家教育方针,Unknown
13238,社会主义办学方向,Unknown
13239,学校党组织履行职责,Unknown
13240,特种作业人员档案,Unknown
13241,前款第二项、第三项、第四项、第五项行为之一,Unknown
13242,经责令改正拒不改正的,Unknown
13243,"属于,处罚措施",Unknown
13244,未依照规定及时将病原微生物菌（毒）种和样本就地销毁或者送交保藏机构保管,Unknown
13245,未经国家病原微生物实验室生物安全专家委员会论证使用新技术、新方法从事高致病性病原微生物相关实验活动,Unknown
13246,未经批准擅自从事在我国尚未发现或者已经宣布消灭的病原微生物相关实验活动,Unknown
13247,在未经指定的专业实验室从事在我国尚未发现或者已经宣布消灭的病原微生物相关实验活动,Unknown
13248,在同一个实验室的同一个独立安全区域内同时从事两种或者两种以上高致病性病原微生物的相关实验活动,Unknown
13249,专门的食品安全管理机构,Unknown
13250,专职食品安全管理人员,Unknown
13251,对食品安全管理人员进行培训,Unknown
13252,保存记录,Unknown
13253,对勘察、设计、施工、工程监理单位超越本单位资质等级承揽工程的处罚,Unknown
13254,对未取得资质证书承揽工程的处罚,Unknown
13255,勘察、设计单位或者工程监理单位,Unknown
13256,"依照本条例规定,给予单位罚款处罚的处罚",Unknown
13257,机动车维修经营者超出许可范围承修车辆的处罚,Unknown
13258,机动车维修经营者超出许可范围承修车辆,Unknown
13259,《中华人民共和国测绘法》(2017年修订),Unknown
13260,第五十八条第二款,Unknown
13261,第七十四条,Unknown
13262,集中供热行政主管部门,Unknown
13263,"供热企业,共同制定,供热设施保护方案",Unknown
13264,"施工单位,共同制定,供热设施保护方案",Unknown
13265,对生产、经营未取得医疗器械注册证的第二类、第三类医疗器械,Unknown
13266,未经许可从事第二类、第三类医疗器械生产活动,Unknown
13267,未经许可从事第三类医疗器械经营活动的行政处罚,Unknown
13268,违法生产经营的医疗器械,Unknown
13269,用于违法生产经营的工具、设备、原材料等物品,Unknown
13270,货值金额不足1万元的,Unknown
13271,5万元以上15万元以下,Unknown
13272,货值金额1万元以上的,Unknown
13273,货值金额15倍以上30倍以下,Unknown
13274,医疗器械生产许可证,Unknown
13275,医疗机构临床用血情况,Unknown
13276,卫生部令第85号,Unknown
13277,国家卫生健康委员会令第2号,Unknown
13278,《房地产广告发布规定》,Unknown
13279,国家工商行政管理总局令第80号,Unknown
13280,国家市场监督管理总局令第38号,Unknown
13281,违反房地产广告发布规定发布广告行为,Unknown
13282,处以违法所得三倍以下但不超过三万元的罚款,Unknown
13283,负有责任的广告经营者,Unknown
13284,负有责任的广告发布者,Unknown
13285,没有违法所得的负有责任者,Unknown
13286,处以一万元以下的罚款,Unknown
13287,公众聚集场所在投入使用、营业前消防安全许可,Unknown
13288,消防大队,Unknown
13289,建设单位或者使用单位,Unknown
13290,场所所在地的县级以上地方人民政府公安机关消防机构,Unknown
13291,消防安全检查,Unknown
13292,"进行,消防安全检查",Unknown
13293,未经消防安全检查或者经检查不符合消防安全要求的场所,Unknown
13294,投入使用、营业,Unknown
13295,招用童工的处罚,Unknown
13296,工程招标投标情况书面报告备案,Unknown
13297,《中华人民共和国招投标法》,Unknown
13298,自确定中标人之日起十五日内,Unknown
13299,招标投标情况的书面报告,Unknown
13300,兽药生产、经营企业,Unknown
13301,兽药生产企业以外的单位和个人,Unknown
13302,兽药经营企业,Unknown
13303,原料药,Unknown
13304,《娱乐场所管理条例》规定建立从业人员名簿、营业日志,Unknown
13305,《娱乐场所管理条例》规定报告,Unknown
13306,生产建设项目土地复垦方案审查,Unknown
13307,保障性住房配建方案审核,Unknown
13308,医疗器械监管处,Unknown
13309,医疗器械,Unknown
13310,延伸检查,Unknown
13311,研制,Unknown
13312,使用环节,Unknown
13313,对具有重要地理方位意义的住宅区、楼宇的命名、更名、使用的监督检查,Unknown
13314,西安市建筑业劳动保险基金管理中心,Unknown
13315,《地名管理条例》,Unknown
13316,2022年3月中华人民共和国国务院令第753号,Unknown
13317,县级以上人民政府地名行政主管部门和其他有关部门,Unknown
13318,地名的命名、更名、使用、文化保护的监督检查,Unknown
13319,具有重要地理方位意义的住宅区、楼宇的命名、更名,Unknown
13320,直辖市、市、县人民政府住房和城乡建设主管部门,Unknown
13321,市住建局,Unknown
13322,全市建筑物命名统一监督管理,Unknown
13323,"区县、开发区住房和城乡建设主管部门建筑物名称管理的实施情况,进行监督检查",Unknown
13324,无直接关系,Unknown
13325,伪造、出租、出借、涂改《户外广告设置许可证》的行为,Unknown
13326,擅自编纂出版以县级以上行政区域名称冠名的地方志书、地方综合年鉴的处理,Unknown
13327,西安市地方志办公室,Unknown
13328,秘书处,Unknown
13329,《地方志工作条例》,Unknown
13330,负责地方志工作的机构,Unknown
13331,本级人民政府出版行政部门,Unknown
13332,印刷企业设立、变更、兼并、合并、分立审批,Unknown
13333,冒用宗教、气功名义危害社会的地点,Unknown
13334,"有下列行为之一的,处十日以上十五日以下拘留，可以并处一千元以下罚款；情节较轻的，处五日以上十日以下拘留，可以并处五百元以下罚款",Unknown
13335,有下列行为之一的,Unknown
13336,冒用宗教、气功名义进行扰乱社会秩序、损害他人身体健康活动的,Unknown
13337,由劳动行政部门责令改正,Unknown
13338,本法规定与劳动者约定试用期,Unknown
13339,劳动者支付赔偿金,Unknown
13340,劳动者试用期满月工资为标准,Unknown
13341,违法约定的试用期已经履行,Unknown
13342,经劳动保障行政部门责令改正拒不改正,Unknown
13343,对有第（一）项、第（二）项或者第（三）项规定的行为的,Unknown
13344,对妨害监督检查部门依法履行职责，拒绝、阻碍调查的行政处罚,Unknown
13345,软件出口合同登记备案,Unknown
13346,农药经营季度数据备案,Unknown
13347,种植业管理处(农药管理处),Unknown
13348,《农药经营许可管理办法》,Unknown
13349,在每季度结束之日起十五日内,Unknown
13350,农药经营数据,Unknown
13351,农业部规定的农药管理信息平台,Unknown
13352,分支机构所在地县级农业部门,Unknown
13353,分支机构所在地县级农业部门备案,Unknown
13354,政府采购评审专家,Unknown
13355,《中华人民共和国政府采购法实施条例》,Unknown
13356,政府采购评审管理处,Unknown
13357,参加政府采购评审活动,Unknown
13358,注册消防工程师变化情况,Unknown
13359,消防技术服务项目目录,Unknown
13360,签订消防技术服务合同,Unknown
13361,变更手续,Unknown
13362,注册消防工程师资格证书,Unknown
13363,非法获取保安培训许可证的行为,Unknown
13364,商品房预售许可,Unknown
13365,经营性货运驾驶员从业资格认定,Unknown
13366,《国家职业资格目录(2021年版,Unknown
13367,从事货运经营的驾驶人员,Unknown
13368,取得相应的机动车驾驶证,Unknown
13369,年龄不超过60周岁,Unknown
13370,经设区的市级人民政府交通运输主管部门考试合格,Unknown
13371,4500千克及以下普通货运车辆的驾驶人员,Unknown
13372,从事工伤保险辅助器具配置确认工作的组织或者个人,Unknown
13373,虚假确认意见,Unknown
13374,虚假诊断证明或者病历,Unknown
13375,《工伤保险辅助器具配置管理办法》,Unknown
13376,对擅自印制或者伪造、冒用勘查许可证的行政处罚,Unknown
13377,直销企业及其分支机构,Unknown
13378,规定招募直销员行为,Unknown
13379,直销企业分支机构,Unknown
13380,直销企业直销经营许可证,Unknown
13381,户口登记,Unknown
13382,华侨来西安定居落户,Unknown
13383,取得生产许可证的企业,Unknown
13384,中华人民共和国工业产品生产许可证管理条例,Unknown
13385,处20万元以下的罚款,Unknown
13386,吊销生产许可证,Unknown
13387,违法接受并使用他人提供的许可证证书、生产许可证标志和编号的,Unknown
13388,处违法生产、销售产品货值金额等值以上3倍以下的罚款,Unknown
13389,"追究,刑事责任",Unknown
13390,消毒工作监督检查,Unknown
13391,《消毒产品卫生监督工作规范》,Unknown
13392,有关机构,Unknown
13393,消毒产品生产企业,Unknown
13394,消毒产品,Unknown
13395,违反本办法的行为,Unknown
13396,森林、林木、林地的经营单位或者个人,Unknown
13397,森林防火责任,Unknown
13398,森林、林木、林地的经营单位或者个人进行处罚,Unknown
13399,因公出国签证代办,Unknown
13400,市政府外事办公室,Unknown
13401,陕西省物价局,Unknown
13402,陕西省财政厅,Unknown
13403,"陕西省财政厅,发布,陕价行函〔2011〕165号",Unknown
13404,因公出国签证代办费标准,Unknown
13405,陕西省物价局、陕西省财政厅,Unknown
13406,省政府,Unknown
13407,调整后的因公出国签证代办费标准,Unknown
13408,盗窃电能行为,Unknown
13409,电费,Unknown
13410,应交电费五倍以下,Unknown
13411,食用农产品贮存和运输受托方,Unknown
13412,销售和贮存场所环境,Unknown
13413,食用农产品质量安全要求,Unknown
13414,水库大坝和病险水库的定期检查和监督管理,Unknown
13415,有关单位采取除险加固措施,Unknown
13416,各级人民政府,Unknown
13417,所需资金,Unknown
13418,对其所管辖的大坝的安全进行检查,Unknown
13419,检查时间,Unknown
13420,暴风,Unknown
13421,暴雨,Unknown
13422,特大洪水,Unknown
13423,强烈地震发生后,Unknown
13424,行政批评,Unknown
13425,地下水凿井施工核准,Unknown
13426,未按规定上报事故隐患排查治理统计分析表,Unknown
13427,未制定事故隐患治理方案,Unknown
13428,重大事故隐患不报或者未及时报告,Unknown
13429,未对事故隐患进行排查治理擅自生产经营,Unknown
13430,整改不合格或者未经安全监管监察部门审查同意擅自恢复生产经营,Unknown
13431,安全监管监察部门,Unknown
13432,义务教育和职业学校执行法律法规情况,Unknown
13433,教育教学质量等的督导,Unknown
13434,教育督导室,Unknown
13435,消毒产品生产单位审批,Unknown
13436,27号令,Unknown
13437,2017年12月26日第二次修订,Unknown
13438,消毒管理办法,Unknown
13439,消毒器械,Unknown
13440,卫生用品,Unknown
13441,省级卫生计生行政部门,Unknown
13442,定制客运未按照规定备案的处罚,Unknown
13443,开展定制客运未按照规定备案,Unknown
13444,准许进入公园的车辆,Unknown
13445,公园管理单位规定行驶,Unknown
13446,公园管理单位规定停放,Unknown
13447,《西安市公园条例》（2020修正）,Unknown
13448,第五十九条,Unknown
13449,日用玻璃,Unknown
13450,陶瓷制造企业,Unknown
13451,燃气总管,Unknown
13452,管道压力监测报警装置,Unknown
13453,紧急自动切断装置联锁,Unknown
13454,第九十九条第二项,Unknown
13455,无专职或者兼职人员负责本单位药品不良反应监测工作,Unknown
13456,未按照要求开展药品不良反应或者群体不良事件报告、调查、评价和处理,Unknown
13457,不配合严重药品不良反应或者群体不良事件相关调查工作,Unknown
13458,《药品不良反应报告和监测管理办法》,Unknown
13459,所在地药品监督管理部门,Unknown
13460,水政水资源管理处（执法监督处） 水灾害防御处,Unknown
13461,《中华人民共和国水法》（2016修正）,Unknown
13462,信息报备和披露,Unknown
13463,由国务院商务主管部门吊销其直销经营许可证,Unknown
13464,建筑设计单位,Unknown
13465,建筑施工企业,Unknown
13466,"降低消防施工质量的,服务事项",Unknown
13467,"弄虚作假,降低消防施工质量的,服务事项",Unknown
13468,金属非金属矿山分项发包单位,Unknown
13469,承包单位及其项目部,Unknown
13470,地下矿山领导带班下井,Unknown
13471,地下矿山,Unknown
13472,地下矿山从业人员出入井统计,Unknown
13473,外包工程,Unknown
13474,民用爆炸物品,Unknown
13475,隐患排查与治理,Unknown
13476,职业病防护,Unknown
13477,有关发包单位,Unknown
13478,未将承包单位及其项目部纳入本单位的安全管理体系,Unknown
13479,外包工程的作业现场,Unknown
13480,全过程监督检查,Unknown
13481,国有土地资产划转审批,Unknown
13482,空缺,Unknown
13483,查验或者检验,Unknown
13484,国务院农业行政主管部门制定的饲料、饲料添加剂质量安全管理规范和饲料添加剂安全使用规范,Unknown
13485,生产的饲料、饲料添加剂,Unknown
13486,产品质量检验,Unknown
13487,违法所得、违法生产的产品和用于违法生产饲料的饲料原料、单一饲料、饲料添加剂、药物饲料添加剂、添加剂预混合饲料以及用于违法生产饲料添加剂的原料,Unknown
13488,相关许可证明文件,Unknown
13489,承担单采血浆站技术评价、检测的技术机构,Unknown
13490,卫生计生行政部门责令改正,Unknown
13491,固体废物污染防治,Unknown
13492,污染物排放设施、设备,Unknown
13493,急救中心（站）和急救网络医院执业活动检查,Unknown
13494,《院前医疗急救管理办法》,Unknown
13495,院前医疗急救工作的监督与管理,Unknown
13496,急救中心（站）和急救网络医院的设置管理工作,Unknown
13497,急救中心（站）和急救网络医院,Unknown
13498,重点监管危险化工工艺的装置,Unknown
13499,自动化控制,Unknown
13500,紧急停车功能,Unknown
13501,装备的自动化控制系统,Unknown
13502,装备的紧急停车系统,Unknown
13503,普通高中国家助学金资助,Unknown
13504,资助对象,Unknown
13505,具有正式注册学籍的普通高中在校生中的家庭经济困难学生,Unknown
13506,平均资助标准,Unknown
13507,国家助学金所需资金分担,Unknown
13508,中央和地方财政按8:2分担,Unknown
13509,地方负担部分分担,Unknown
13510,省级与市级财政5:5分担,Unknown
13511,市县学校分担比例,Unknown
13512,各市（区）自行确定,Unknown
13513,环境保护主管部门或者其他依照本法规定行使监督管理权的部门,Unknown
13514,县级以上人民政府环境保护主管部门或者其他依照本法规定行使监督管理权的部门,Unknown
13515,封存有证据证明可能被艾滋病病毒污染的物品,Unknown
13516,《艾滋病防治条例》,Unknown
13517,国务院令第457号公布,Unknown
13518,"2019年3月2日由,国务院令第709号修订",Unknown
13519,出入境检验检疫机构,Unknown
13520,封存的物品,Unknown
13521,艾滋病病毒污染,Unknown
13522,属于被艾滋病病毒污染的物品,Unknown
13523,进行卫生处理或者予以销毁,Unknown
13524,及时解除封存,Unknown
13525,《中华人民共和国种子法》(2021年12月修正),Unknown
13526,假冒授权品种的行政处罚,Unknown
13527,假冒授权品种的,Unknown
13528,停止假冒行为,Unknown
13529,没收违法所得和种子,Unknown
13530,对旅行社未与旅游者签订旅游合同,Unknown
13531,与旅游者签订的旅游合同未载明本条例规定的事项,Unknown
13532,"未取得旅游者同意,将旅游业务委托给其他旅行社",Unknown
13533,将旅游业务委托给不具有相应资质的旅行社,Unknown
13534,未与接受委托的旅行社就接待旅游者的事宜签订委托合同行为的行政处罚,Unknown
13535,查处破坏湿地的违法行为,Unknown
13536,西安市湿地保护管理中心,Unknown
13537,《中华人民共和国湿地保护法》(主席令第102号),Unknown
13538,对湿地的保护、修复、利用等活动进行监督检查,Unknown
13539,住房城乡建设主管部门,Unknown
13540,由县级以上文化行政部门或者文化市场综合执法机构予以警告,Unknown
13541,10000元以下罚款,Unknown
13542,组织艺术考级活动前,Unknown
13543,考级简章或考级简章内容不符合规定,Unknown
13544,未按规定,Unknown
13545,组织艺术考级活动,Unknown
13546,将考级简章、考级时间、考级地点、考生数量、考场安排、考官名单等情况备案,Unknown
13547,艺术考级活动结束后,Unknown
13548,报送考级结果,Unknown
13549,艺术考级机构主要负责人、办公地点有变动,Unknown
13550,向审批机关备案,Unknown
13551,棉花、毛、绒、茧丝、麻类纤维质量公证检验,Unknown
13552,县级以上教育行政部门,Unknown
13553,举办者或者实际控制人,Unknown
13554,恶劣影响,Unknown
13555,船员服务机构,Unknown
13556,船员用人单位,Unknown
13557,船员服务机构和船员用人单位,Unknown
13558,未按规定备案或未准确建立信息档案,Unknown
13559,违反本办法有关规定的经销商和供应商,Unknown
13560,汽车销售管理办法,Unknown
13561,对汽车供应商、经销商未按规定备案或未准确建立信息档案的处罚,Unknown
13562,未经许可从事特种设备生产活动行为,Unknown
13563,未经许可从事特种设备生产活动,Unknown
13564,没收违法制造的特种设备,Unknown
13565,处十万元以上五十万元以下罚款,Unknown
13566,"已经实施安装、改造、修理的,责令恢复原状或者责令限期由取得许可的单位重新安装、改造、修理",Unknown
13567,结核病防治工作监督检查,Unknown
13568,结核病防治管理办法,Unknown
13569,拟订本辖区内结核病防治规划,Unknown
13570,组织实施,Unknown
13571,组织协调辖区内结核病防治服务体系的建设和管理,Unknown
13572,指定结核病定点医疗机构,Unknown
13573,统筹规划辖区内结核病防治资源,Unknown
13574,对结核病防治服务体系给予必要的政策和经费支持,Unknown
13575,组织开展结核病防治工作的监督,Unknown
13576,绩效评估,Unknown
13577,出厂碘盐,Unknown
13578,出厂碘盐未予包装或者包装不符合国家卫生标准的,Unknown
13579,2017年3月国务院令第678号,Unknown
13580,《陕西省实施&lt;食盐加碘消除碘缺乏危害管理条例&gt;办法》,Unknown
13581,2011年2月25日陕西省人民政府令第148号,Unknown
13582,老旧运输船舶的监督检查,Unknown
13583,《老旧运输船舶管理规定》,Unknown
13584,交通运输部和水路运输管理部门,Unknown
13585,老旧运输船舶所有人或者经营人,Unknown
13586,有关法律、行政法规、规章,Unknown
13587,抗菌药物处方,Unknown
13588,抗菌药物品种,Unknown
13589,抗菌药物临床应用管理办法第五十三条,Unknown
13590,专利侵权纠纷行政裁决,Unknown
13591,知识产权保护处,Unknown
13592,雷电防护装置设计审核和竣工验收,Unknown
13593,县以上地方气象主管机构,Unknown
13594,防雷装置设计审核和竣工验收,Unknown
13595,雷电易发区内的矿区,Unknown
13596,单独安装雷电防护装置,Unknown
13597,雷电易发区内的旅游景点,Unknown
13598,投入使用的建（构）筑物,Unknown
13599,投入使用的设施,Unknown
13600,县级以上地方气象主管机构,Unknown
13601,第三百七十八项,Unknown
13602,气象灾害防御条例,Unknown
13603,雷电防护装置设计审核和竣工验收由县级以上地方气象主管机构负责,Unknown
13604,国务院关于优化建设工程防雷许可的决定,Unknown
13605,国发〔2016〕39号,Unknown
13606,关于调整优化建设工程防雷许可的通知,Unknown
13607,陕政发〔2016〕51号,Unknown
13608,关于调整优化建设工程防雷许可的实施意见,Unknown
13609,市政发〔2017〕13,Unknown
13610,外籍医师,Unknown
13611,外籍医师在华短期执业许可,Unknown
13612,地(市)级人民政府卫生行政主管部门,Unknown
13613,外国医师来华短期行医暂行管理办法,Unknown
13614,外国医师,Unknown
13615,外国医师短期行医许可证,Unknown
13616,国家卫生计生委统一印制,Unknown
13617,船员培训机构,Unknown
13618,不按照国务院交通主管部门规定的培训大纲和水上交通安全、防治船舶污染等要求,Unknown
13619,暂扣船员培训许可证,Unknown
13620,吊销船员培训许可证,Unknown
13621,国务院令第764号修正,Unknown
13622,第九十五条,Unknown
13623,染疫动物及其排泄物,Unknown
13624,由县级以上地方人民政府农业农村主管部门责令限期处理,Unknown
13625,染疫动物产品,Unknown
13626,被染疫动物、动物产品污染的运载工具,Unknown
13627,被染疫动物、动物产品污染的垫料,Unknown
13628,被染疫动物、动物产品污染的包装物,Unknown
13629,被染疫动物、动物产品污染的容器,Unknown
13630,对电器产品的安装、使用不符合规定的处罚,Unknown
13631,再生资源回收经营者,Unknown
13632,赃物,Unknown
13633,有赃物嫌疑物品,Unknown
13634,建设项目环境保护管理条例,Unknown
13635,未依法向社会公开环境保护设施验收报告的建设单位,Unknown
13636,未依法向社会公开环境保护设施验收报告,Unknown
13637,对单位所负责的环境卫生达不到国家和省规定标准的处罚,Unknown
13638,《陕西省爱国卫生条例》第三十条,Unknown
13639,搞好本单位的环境卫生,Unknown
13640,部队,Unknown
13641,非法以社团名义活动,Unknown
13642,以被撤销登记的社团名义活动,Unknown
13643,燃气经营企业,Unknown
13644,运行满十年的燃气输配管网安全评估,Unknown
13645,燃气输配管网安全评估,Unknown
13646,燃气输配管网安全评估费用,Unknown
13647,具有安全评估资质的专业机构,Unknown
13648,安全评估报告,Unknown
13649,燃气行政主管部门,Unknown
13650,燃气输配管网安全隐患,Unknown
13651,建设工程竣工验收档案认可,Unknown
13652,未取得勘查许可证擅自进行勘查工作,Unknown
13653,超越批准的勘查区块范围进行勘查工作,Unknown
13654,项目部负责人,Unknown
13655,安全生产管理人员安全资格证,Unknown
13656,承包地下矿山工程的项目部负责人,Unknown
13657,其他工程的项目部负责人,Unknown
13658,本办法第二十一条的规定,Unknown
13659,处5000元以上1万元以下罚款,Unknown
13660,测绘成果质量和测量标志保护工作,Unknown
13661,测绘地理信息主管部门,Unknown
13662,建立测绘成果监督检查制度,Unknown
13663,对测绘成果质量实行以抽查为主要方式的监督检查,Unknown
13664,加强对涉及公共安全和公众利益的测绘成果质量的专项监督检查,Unknown
13665,采取有效措施加强测量标志的保护工作,Unknown
13666,按照规定检查、维护永久性测量标志,Unknown
13667,乡级人民政府,Unknown
13668,做好本行政区域内的测量标志保护工作,Unknown
13669,对超出许可的品种、数量，生产、经营非药品类易制毒化学品的行政处罚,Unknown
13670,看看县政府决定,Unknown
13671,空,Unknown
13672,未取得营业执照,Unknown
13673,擅自从事房地产开发经营,Unknown
13674,房地产开发经营活动,Unknown
13675,《城市房地产开发经营管理条例》,Unknown
13676,未按城市管理部门的要求设置夜间照明设施和未按规定时间开启,Unknown
13677,城市夜间景观照明设施,Unknown
13678,城市主要景点,Unknown
13679,照明设施,Unknown
13680,主要建筑物,Unknown
13681,主要街道,Unknown
13682,广场,Unknown
13683,车站,Unknown
13684,500元以上1000元以下罚款,Unknown
13685,《国家矿山安全监察局关于印发〈金属非金属矿山重大事故隐患判定标准〉的通知》(矿安〔2022〕88号),Unknown
13686,采集及出售、收购野生植物审批,Unknown
13687,《报废机动车回收管理办法实施细则》第二十八条、第二十九条规定以外企业,Unknown
13688,网络商品销售者,Unknown
13689,《网络购买商品七日无理由退货暂行办法》,Unknown
13690,2017年1月6日,Unknown
13691,国家工商行政管理总局,Unknown
13692,第一次修订,Unknown
13693,未向公安机关报告,Unknown
13694,擅自拆解、改装、拼装、倒卖该机动车,Unknown
13695,被追究刑事责任,Unknown
13696,两年内被治安管理处罚两次以上,Unknown
13697,县级人民政府环境保护行政主管部门,Unknown
13698,不具备集中处置医疗废物条件的农村医疗机构,Unknown
13699,粮食收购企业未按照规定备案或者提供虚假备案信息的行政处罚,Unknown
13700,粮食收购企业未按照规定备案或者提供虚假备案信息,Unknown
13701,拒不改正的粮食收购企业,Unknown
13702,补办备案手续,Unknown
13703,运输企业,Unknown
13704,未压覆重要矿产资源证明,Unknown
13705,国土资源部《关于进一步做好建设项目压覆重要矿产资源审批管理工作的通知》（国土资发 〔2010〕137号）,Unknown
13706,"省级国土资源行政主管部门,查询",Unknown
13707,各级国土资源行政主管部门,Unknown
13708,"建设单位,提供便利条件",Unknown
13709,不压覆重要矿产资源的,Unknown
13710,"省级国土资源行政主管部门,出具未压覆重要矿产资源的证明",Unknown
13711,"有关工程建设规范,确定",Unknown
13712,"具有相应地质勘查资质的单位,编制建设项目压覆重要矿产资源评估报告",Unknown
13713,公有住房出售方案审核,Unknown
13714,西安市国土资源和房屋管理局,Unknown
13715,公有住房出售,Unknown
13716,公有住房出售业务指导,Unknown
13717,公有住房出售监督,Unknown
13718,公有住房出售方案审批,Unknown
13719,2013年4月24日,Unknown
13720,2014年3月27日,Unknown
13721,西安市第十五届人民代表大会常务委员会第九次会议,Unknown
13722,陕西省第十二届人民代表大会常务委员会第八次会议,Unknown
13723,机动车轻微交通事故快速理赔办法,Unknown
13724,快速理赔服务站点,Unknown
13725,对现场拍照或者标划事故车辆现场位置,Unknown
13726,立即将车辆移至不妨碍交通的地点,Unknown
13727,协商赔偿事宜,Unknown
13728,交通事故事实及成因,Unknown
13729,当事人撤离现场,Unknown
13730,2015年,Unknown
13731,无烟草专卖零售许可证经营烟草制品零售业务,Unknown
13732,工商行政管理部门责令停止经营烟草制品零售业务,Unknown
13733,工商行政管理部门没收违法所得,Unknown
13734,工商行政管理部门处罚款,Unknown
13735,出土文物,Unknown
13736,复制和对外展示,Unknown
13737,出土文物复制和对外展示许可,Unknown
13738,陕西省人民政府关于取消和下放一批行政审批项目的决定,Unknown
13739,隶属文物行政主管部门,Unknown
13740,法定条件解除劳动合同或者故意拖延不订立劳动合同,Unknown
13741,劳动者造成损害,Unknown
13742,经劳动保障行政部门责令改正拒不改正，或者拒不履行劳动保障行政部门的行政处理决定,Unknown
13743,非法设点收购废旧金属,Unknown
13744,没收非法收购的物品及非法所得,Unknown
13745,未按照安全技术规范的要求办理许可证变更手续,Unknown
13746,不再符合本条例规定或者安全技术规范要求的条件,Unknown
13747,"属于,服务事项",Unknown
13748,未依照本条例规定或者安全技术规范要求进行特种设备生产、检验检测,Unknown
13749,伪造、变造、出租、出借、转让许可证书或者监督检验报告,Unknown
13750,《西安市城市房屋使用安全管理条例》,Unknown
13751,房管处,Unknown
13752,房屋使用安全行政主管部门,Unknown
13753,监督检查房屋使用安全管理工作,Unknown
13754,房屋使用安全管理制度,Unknown
13755,房屋安全鉴定,Unknown
13756,危险房屋治理,Unknown
13757,房屋使用安全培训,Unknown
13758,房屋使用安全违法行为,Unknown
13759,市房屋使用安全行政主管部门,Unknown
13760,房屋使用安全普查,Unknown
13761,房屋使用安全检查,Unknown
13762,区县房屋使用安全行政主管部门,Unknown
13763,房屋使用安全责任人,Unknown
13764,建设工程中的一项检测业务,Unknown
13765,不同检测单位,Unknown
13766,百分之零点五,Unknown
13767,百分之一,Unknown
13768,国有资金项目,Unknown
13769,建设工程的地基基础分部,Unknown
13770,建设工程的主体结构分部,Unknown
13771,建设工程的屋面工程分部,Unknown
13772,建筑节能专项审核,Unknown
13773,西安市民用建筑节能条例（2022年修正）,Unknown
13774,市政办发〔2019〕45号,Unknown
13775,市建发〔2020〕49号,Unknown
13776,发改,Unknown
13777,住建,Unknown
13778,供热行政主管部门,Unknown
13779,城六区,Unknown
13780,各开发区,Unknown
13781,节能专项工程,Unknown
13782,各区县,Unknown
13783,建筑节能执行强制性标准,Unknown
13784,在公共文化体育设施的建设、管理和保护工作中做出突出贡献的单位和个人,Unknown
13785,《公共文化体育设施条例》（国务院令第382号）,Unknown
13786,不够入藏标准、无保存价值的文物或标本,Unknown
13787,博物馆处理不够入藏标准、无保存价值的文物或标本审批,Unknown
13788,国务院令第671号,Unknown
13789,县级以上人民政府文物行政主管部门,Unknown
13790,对服务业的经营者将规定禁止销售的产品用于经营性服务的,Unknown
13791,知道或者应当知道所使用的产品属于本法规定禁止销售的产品的,Unknown
13792,对工贸企业的监督检查,Unknown
13793,收购,Unknown
13794,国家二级保护野生植物,Unknown
13795,对水文地质类型为中等及复杂的矿井未配备防治水专业技术人员等行为的行政处罚,Unknown
13796,水文地质类型为中等或者复杂的矿井,Unknown
13797,提供虚假服务信息或者低于成本报价行为,Unknown
13798,违反本办法第十二条的规定,Unknown
13799,本办法第十二条的规定,Unknown
13800,旅游者的合法权益,Unknown
13801,出国旅游服务信息,Unknown
13802,城市二次供水竣工验收备案,Unknown
13803,城市供水工程竣工后,Unknown
13804,西安市供水管理中心,Unknown
13805,《西安市城市供水用水条例》（2020修正）,Unknown
13806,城市供水工程竣工验收,Unknown
13807,新建、改建、扩建项目,Unknown
13808,城市公共供水,Unknown
13809,供水工程专项验收,Unknown
13810,城市公共供水企业,Unknown
13811,由县级以上地方卫生健康主管部门给予警告,Unknown
13812,《职业健康检查管理办法》,Unknown
13813,国家卫生和计划生育委员会令第5号公布,Unknown
13814,国家卫生健康委员会令第4号修订,Unknown
13815,擅自对在用排土场进行回采作业,Unknown
13816,明码标价规定,Unknown
13817,第四十二条,Unknown
13818,《中华人民共和国价格法》第四十二条,Unknown
13819,排污单位超过许可排放浓度、许可排放量排放污染物,Unknown
13820,注册建造师,Unknown
13821,县级以上人民政府建设主管部门,Unknown
13822,《注册建造师管理规定》,Unknown
13823,国务院令第240号,Unknown
13824,矿产资源勘查区块登记管理办法,Unknown
13825,陕西省第九届人民代表大会常务委员会,Unknown
13826,使用剧毒化学品、易制爆危险化学品的单位,Unknown
13827,591号,Unknown
13828,10万元以上20万元以下的罚款,Unknown
13829,拒不改正的单位,Unknown
13830,违法向水体排放放射性物质,Unknown
13831,违法向水体排放热废水,Unknown
13832,违法向水体排放含病原体污水,Unknown
13833,未经兽医执业备案从事动物诊疗活动,Unknown
13834,执业兽医在责令暂停动物诊疗活动期间从事动物诊疗活动,Unknown
13835,超出备案所在县域或者执业范围从事动物诊疗活动,Unknown
13836,执业助理兽医师直接开展手术，或者开具处方、填写诊断书、出具动物诊疗有关证明文件,Unknown
13837,参加教学实践的学生或者工作实践的毕业生未经执业兽医师指导开展动物诊疗活动,Unknown
13838,误导旅游者,Unknown
13839,旅游主管部门或者有关部门,Unknown
13840,第3号,Unknown
13841,2013年4月25日,Unknown
13842,2018年10月,Unknown
13843,"事故发生单位主要负责人有下列行为之一的,处上一年年收入 40%至 80%的罚款",Unknown
13844,"属于国家工作人员的,并依法给予处分",Unknown
13845,罚款的行政处罚,Unknown
13846,对农业机械化事业中作出显著成绩单位和个人的奖励,Unknown
13847,农机处,Unknown
13848,《陕西省农业机械管理条例》,Unknown
13849,各级人民政府应当加强对农业机械化工作的领导,Unknown
13850,将农业机械化事业纳入农业和农村经济发展规划,Unknown
13851,增加农业机械化投入,Unknown
13852,扶持农业机械的科研、生产和推广,Unknown
13853,县级以上人民政府或农业机械行政主管部门,Unknown
13854,"在农业机械化事业中作出显著成绩的单位和个人,给予表彰和奖励",Unknown
13855,吊销农药经营许可证,Unknown
13856,第三十四条,Unknown
13857,第四十一条第六项,Unknown
13858,第四十一条第七项,Unknown
13859,第四十一条第八项至第九项,Unknown
13860,第六十条第二款,Unknown
13861,五百元以上二千元以下,Unknown
13862,对外商投资合伙企业未依照规定办理外国合伙人《法律文件送达授权委托书》备案行为,Unknown
13863,《外商投资合伙企业登记管理规定》,Unknown
13864,对外商投资合伙企业未依照规定办理外国合伙人《法律文件送达授权委托书》备案行为的行政处罚,Unknown
13865,国家工商行政管理总局令第47号,Unknown
13866,国家市场监督管理总局令第14号,Unknown
13867,外商投资合伙企业未依照本规定办理外国合伙人《法律文件送达授权委托书》备案,Unknown
13868,外商投资合伙企业,Unknown
13869,外国合伙人《法律文件送达授权委托书》备案,Unknown
13870,房屋鉴定中心,Unknown
13871,违反有关法律、法规规定的内容,Unknown
13872,因病或非因工致残完全丧失劳动能力退休条件,Unknown
13873,免疫规划疫苗预防接种异常反应补偿,Unknown
13874,《中华人民共和国疫苗管理法》第五十六条,Unknown
13875,预防接种异常反应补偿制度,Unknown
13876,受种者死亡,Unknown
13877,损害,Unknown
13878,严重残疾,Unknown
13879,器官组织损伤,Unknown
13880,预防接种异常反应,Unknown
13881,不能排除,Unknown
13882,省、自治区、直辖市人民政府财政部门,Unknown
13883,预防接种经费中安排,Unknown
13884,相关疫苗上市许可持有人,Unknown
13885,补偿费用,Unknown
13886,商业保险,Unknown
13887,预防接种异常反应受种者予以补偿,Unknown
13888,及时,Unknown
13889,预防接种异常反应补偿原则,Unknown
13890,便民,Unknown
13891,合理,Unknown
13892,预防接种异常反应补偿范围、标准、程序,Unknown
13893,省、自治区、直辖市,Unknown
13894,具体实施办法,Unknown
13895,免疫规划疫苗,Unknown
13896,居民应当按照政府的规定接种的疫苗,Unknown
13897,国家免疫规划确定的疫苗,Unknown
13898,省、自治区、直辖市人民政府在执行国家免疫规划时增加的疫苗,Unknown
13899,县级以上人民政府或者其卫生健康主管部门组织的应急接种或者群体性预防接种所使用的疫苗,Unknown
13900,公安机关查验其出境入境证件,Unknown
13901,居留证件,Unknown
13902,外国人出生登记,Unknown
13903,死亡申报,Unknown
13904,未按照规定办理变更,Unknown
13905,他人出境入境证件,Unknown
13906,非法改变计算机信息系统数据和应用程序的处罚,Unknown
13907,畜牧业,Unknown
13908,《中华人民共和国畜牧法》（2022年10月修订）,Unknown
13909,国务院农业农村主管部门,Unknown
13910,全国畜牧业的监督管理工作,Unknown
13911,本行政区域内的畜牧业监督管理工作,Unknown
13912,畜禽饲养环境,Unknown
13913,种畜禽质量,Unknown
13914,畜禽交易与运输,Unknown
13915,畜禽屠宰,Unknown
13916,畜禽质量安全,Unknown
13917,第七十三条,Unknown
13918,畜禽质量安全监督抽查计划,Unknown
13919,金属非金属地下矿山井口,Unknown
13920,当地历史最高洪水位1米以上,Unknown
13921,相应防护措施,Unknown
13922,有关规定追究刑事责任,Unknown
13923,对企事业单位及其他生产经营者大气污染防治的行政检查,Unknown
13924,白酒勾兑,Unknown
13925,酒库,Unknown
13926,产品质量的监督检查,Unknown
13927,产品质量安全监管处,Unknown
13928,工程合同价款0.5%以上1%以下,Unknown
13929,五千元以下,Unknown
13930,违反本条例第五十七条规定,Unknown
13931,由集中供热行政主管部门或者开发区管理委员会责令停止违法行为、限期恢复原状或者采取其他补救措施,Unknown
13932,燃气燃烧器具安装维修企业,Unknown
13933,燃气计量表和表前燃气设施,Unknown
13934,安装后,Unknown
13935,不低于一年的安装保修期,Unknown
13936,违反本条例第二十三条第一款第（二）、（三）、（四）项规定,Unknown
13937,燃气燃烧器具安装维修许可证,Unknown
13938,人民防空易地建设费的征收,Unknown
13939,公共文化体育设施管理单位,Unknown
13940,与公共文化体育设施功能、用途不相适应的服务活动,Unknown
13941,《公共文化体育设施条例》规定出租公共文化体育设施,Unknown
13942,文化行政主管部门,Unknown
13943,职责责令限期改正,Unknown
13944,体育行政主管部门,Unknown
13945,罚款金额为违法所得2倍以上5倍以下,Unknown
13946,罚款金额为1万元以下,Unknown
13947,违法经营的农药货值金额,Unknown
13948,5万元以上50万元以下罚款,Unknown
13949,货值金额10倍以上20倍以下罚款,Unknown
13950,农药登记证,Unknown
13951,伪造、变造、转让、出租、出借农药登记证、农药生产许可证、农药经营许可证等许可证明文件,Unknown
13952,知道或者应当知道生产经营单位未取得安全生产许可证或者其他批准文件擅自从事生产经营活动,Unknown
13953,仍为其提供生产经营场所、运输、保管、仓储等条件,Unknown
13954,责令立即停止违法行为,Unknown
13955,并处违法所得1倍以上3倍以下的罚款,Unknown
13956,但是最高不得超过3万元,Unknown
13957,没有违法所得的,Unknown
13958,"措施,行政处罚",Unknown
13959,注册房地产估价师或者其聘用单位,Unknown
13960,未按照要求提供房地产估价师信用档案信息,Unknown
13961,县级以上地方人民政府建设（房地产）主管部门,Unknown
13962,工程建设强制性标准进行勘察,Unknown
13963,勘察成果文件进行工程设计,Unknown
13964,建筑材料、建筑构配件的生产厂、供应商,Unknown
13965,国务院令第631号,Unknown
13966,宅基地使用权及房屋所有权首次登记,Unknown
13967,地下工程建设,Unknown
13968,消除不利影响,Unknown
13969,《中华人民共和国广告法》第九条,Unknown
13970,《中华人民共和国广告法》第十条,Unknown
13971,《中华人民共和国广告法》第十五条,Unknown
13972,《中华人民共和国广告法》第二十条,Unknown
13973,《中华人民共和国广告法》第二十二条,Unknown
13974,《中华人民共和国广告法》第三十七条,Unknown
13975,《中华人民共和国广告法》第四十条第一款,Unknown
13976,境外接待社,Unknown
13977,为旅游者提供商品或者服务的其他经营者,Unknown
13978,第二十条,Unknown
13979,索要的回扣,Unknown
13980,提成,Unknown
13981,收受的财物,Unknown
13982,索要的回扣价值2倍以上5倍以下,Unknown
13983,提成价值2倍以上5倍以下,Unknown
13984,收受的财物价值2倍以上5倍以下,Unknown
13985,"吊销,导游证",Unknown
13986,化工原料,Unknown
13987,危险废物,Unknown
13988,易溶性有毒有害废弃物,Unknown
13989,准保护区内,Unknown
13990,渔业船舶国籍登记,Unknown
13991,护士执业注册,Unknown
13992,道路运输站（场）经营者,Unknown
13993,擅自改变道路运输站（场）的用途和服务功能,Unknown
13994,运输线路,Unknown
13995,起止经停站点,Unknown
13996,运输班次,Unknown
13997,始发时间,Unknown
13998,票价,Unknown
13999,货运站经营者,Unknown
14000,特种作业人员职业资格认定,Unknown
14001,水利工程中的拆除工程和爆破工程相关资料备案,Unknown
14002,《水利工程建设安全生产管理规定》,Unknown
14003,水利工程中的拆除工程和爆破工程发包给具有相应水利水电工程施工资质等级的施工单位,Unknown
14004,拆除工程或者爆破工程施工15日前,Unknown
14005,相关资料,Unknown
14006,水行政主管部门、流域管理机构或者其委托的安全生产监督机构,Unknown
14007,专门的网络食品安全管理机构,Unknown
14008,建设项目职业病防护设施验收方案,Unknown
14009,职业病危害严重建设项目,Unknown
14010,职业病危害控制效果评价与职业病防护设施验收的书面报告,Unknown
14011,对在禁燃区内新、扩建燃用高有毒燃料的设施、未按照规定停用高有毒燃料等行为的行政处罚,Unknown
14012,非法持有鸦片不满二百克、海洛因或者甲基苯丙胺不满十克或者其他少量毒品的,Unknown
14013,向他人提供毒品的,Unknown
14014,吸食、注射毒品的,Unknown
14015,胁迫、欺骗医务人员开具麻醉药品、精神药品的,Unknown
14016,扬言实施放火、爆炸、投放危险物质,Unknown
14017,设计以外的尾矿、废料或者废水,Unknown
14018,设计以外的尾矿、废料或者废水进库,Unknown
14019,未经许可从事化妆品生产活动,Unknown
14020,化妆品注册人,Unknown
14021,备案人委托未取得相应化妆品生产许可的企业生产化妆品,Unknown
14022,生产经营或者进口未经注册的特殊化妆品,Unknown
14023,使用禁止用于化妆品生产的原料,Unknown
14024,应当注册但未经注册的新原料生产化妆品,Unknown
14025,在化妆品中非法添加可能危害人体健康的物质,Unknown
14026,使用超过使用期限、废弃、回收的化妆品或者原料生产化妆品,Unknown
14027,字体大小,Unknown
14028,色差,Unknown
14029,暗示性的语言,Unknown
14030,暗示性的图形,Unknown
14031,暗示性的符号,Unknown
14032,化妆品名称,Unknown
14033,保质期,Unknown
14034,生产批号,Unknown
14035,限期使用日期,Unknown
14036,"违反,第二十三条",Unknown
14037,5000元以下,Unknown
14038,《家电维修服务业管理办法》,Unknown
14039,"可处三万元以下罚款,罚款",Unknown
14040,住房和城乡建设主管部门,Unknown
14041,乳制品不符合乳品质量安全国家标准,Unknown
14042,已经出厂、上市销售的乳制品,Unknown
14043,召回情况,Unknown
14044,召回的乳制品,Unknown
14045,无害化处理,Unknown
14046,其再次流入市场,Unknown
14047,被没收,Unknown
14048,《物业管理条例》（2018年修正）,Unknown
14049,对地下水污染防治中违反《环境保护法》《水污染防治法》《中华人民共和国土壤污染防治法》的行政处罚,Unknown
14050,用户室内温度抽测制度,Unknown
14051,用户室内温度检测点,Unknown
14052,符合标准并检定合格的计量器具,Unknown
14053,用户室内温度进行检测,Unknown
14054,测温情况和结果,Unknown
14055,检测员,Unknown
14056,用户签字,Unknown
14057,测温点,Unknown
14058,测温,Unknown
14059,法人或者其他组织,Unknown
14060,属于国家秘密的基础测绘成果,Unknown
14061,中华人民共和国测绘成果管理条例,Unknown
14062,自然资规〔2023〕3号,Unknown
14063,测绘地理信息管理工作国家秘密范围的规定,Unknown
14064,涉密基础测绘成果,Unknown
14065,中央财政投资生产的涉密基础测绘成果提供使用审批,Unknown
14066,省级自然资源主管部门,Unknown
14067,本行政区域国家级涉密基础测绘成果提供使用审批,Unknown
14068,市场处,Unknown
14069,个人转让其购买的剧毒化学品,Unknown
14070,不具有相关许可证件的单位转让其购买的剧毒化学品,Unknown
14071,该处罚事项,Unknown
14072,其购买的剧毒化学品,Unknown
14073,房屋建筑使用者,Unknown
14074,房屋建筑主体,Unknown
14075,承重结构,Unknown
14076,《西安市建筑装饰装修条例》,Unknown
14077,五十万元以上一百万元以下,Unknown
14078,施工图设计文件,Unknown
14079,变动房屋建筑主体,Unknown
14080,变动承重结构,Unknown
14081,住房建设主管部门,Unknown
14082,生产放射性同位素的单位,Unknown
14083,国务院生态环境主管部门,Unknown
14084,编码规则,Unknown
14085,未备案的放射性同位素,Unknown
14086,未编码的放射源,Unknown
14087,放射性同位素产品台账,Unknown
14088,放射源编码清单,Unknown
14089,违法收购、加工、运输明知是盗伐、滥伐等林木的行为,Unknown
14090,对违法收购、加工、运输明知是盗伐、滥伐等林木的行政处罚,Unknown
14091,中华人民共和国森林法（2019年修订）,Unknown
14092,对制造、销售禁用的渔具行为的行政处罚,Unknown
14093,住建部发布,Unknown
14094,县级以上地方人民政府住房城乡建设主管部门决定,Unknown
14095,按日连续处罚,Unknown
14096,决定行政处罚,Unknown
14097,县级以上人民政府决定关闭处罚,Unknown
14098,拘留处罚,Unknown
14099,对无兽药生产许可证、兽药经营许可证生产、经营兽药的,Unknown
14100,虽有兽药生产许可证、兽药经营许可证，生产、经营假、劣兽药的,Unknown
14101,兽药经营企业经营人用药品等行为的,Unknown
14102,对未取得种子生产经营许可证生产经营种子,Unknown
14103,以欺骗、贿赂等不正当手段取得种子生产经营许可证的,Unknown
14104,未按照种子生产经营许可证的规定生产经营种子的,Unknown
14105,伪造、变造、买卖、租借种子生产经营许可证的,Unknown
14106,不再具有繁殖种子的隔离和培育条件，或者不再具有无检疫性有害生物的种子生产地点或者县级以上人民政府林业草原主管部门确定的采种林，继续从事种子生产的,Unknown
14107,对生产条件发生变化、不再符合医疗器械质量管理体系要求的处罚,Unknown
14108,未依照规定整改的处罚,Unknown
14109,未停止生产的处罚,Unknown
14110,未报告的处罚,Unknown
14111,生产、经营说明书、标签不符合本条例规定的医疗器械的处罚,Unknown
14112,未按照医疗器械说明书和标签标示要求运输的处罚,Unknown
14113,贮存医疗器械的处罚,Unknown
14114,转让过期、失效、淘汰或者检验不合格的在用医疗器械行为的处罚,Unknown
14115,农产品生产记录,Unknown
14116,农业社会化服务组织,Unknown
14117,《中华人民共和国农产品质量安全法》,Unknown
14118,石油天然气管道竣工测量图备案,Unknown
14119,中华人民共和国石油天然气管道保护法,Unknown
14120,六十日内,Unknown
14121,竣工测量图,Unknown
14122,管道所在地县级以上地方人民政府主管管道保护工作的部门,Unknown
14123,管道竣工测量图,Unknown
14124,本级人民政府规划部门,Unknown
14125,本级人民政府建设部门,Unknown
14126,本级人民政府国土资源部门,Unknown
14127,本级人民政府铁路部门,Unknown
14128,本级人民政府交通部门,Unknown
14129,本级人民政府水利部门,Unknown
14130,本级人民政府公安部门,Unknown
14131,本级人民政府安全生产监督管理部门,Unknown
14132,逾期不改正的用人单位,Unknown
14133,对用人单位不办理社会保险登记的处罚,Unknown
14134,陕西省公路条例,Unknown
14135,超限运输许可车辆通行证,Unknown
14136,《食品召回管理办法》,Unknown
14137,国家食品药品监督管理总局,Unknown
14138,2015-09-01,Unknown
14139,2020-10-23,Unknown
14140,记录保存,Unknown
14141,未按照规定实施卫生安全防护、消毒、隔离和处置诊疗废弃物,Unknown
14142,动物疫病扩散,Unknown
14143,单位推迟或提前向档案馆移交档案,Unknown
14144,勘查,Unknown
14145,开发,Unknown
14146,保护矿产资源,Unknown
14147,科学技术研究成果奖励,Unknown
14148,铝加工深井铸造机钢丝卷扬系统,Unknown
14149,非钢芯钢丝绳,Unknown
14150,钢丝绳定期检查、更换制度,Unknown
14151,为传销行为提供经营场所、培训场所、货源、保管、仓储等条件,Unknown
14152,为传销行为提供互联网信息服务,Unknown
14153,传销行为,Unknown
14154,物质奖励和其他经济利益,Unknown
14155,交纳费用或者以认购商品等方式变相交纳费用,Unknown
14156,以下线的销售业绩为依据计算和给付上线报酬,Unknown
14157,虚假的检验检测结果,Unknown
14158,特种设备检验检测人员,Unknown
14159,检验检测资格,Unknown
14160,烟花爆竹生产经营企业工厂围墙缺失或者分区设置不符合国家标准,Unknown
14161,烟花爆竹生产经营单位未采取措施消除事故隐患,Unknown
14162,安全使用许可证有效期内主要负责人,Unknown
14163,注册地址,Unknown
14164,隶属关系,Unknown
14165,对涉嫌侵犯奥林匹克标志专有权行为的监督检查,Unknown
14166,《奥林匹克标志保护条例》,Unknown
14167,国务院令第345号,Unknown
14168,2018年6月28日中华人民共和国国务院令第699号,Unknown
14169,侵犯奥林匹克标志专有权的行为,Unknown
14170,查阅、复制与侵权活动有关的合同、发票、账簿以及其他有关资料,Unknown
14171,对当事人涉嫌侵犯奥林匹克标志专有权活动的场所实施现场检查,Unknown
14172,查封或者扣押有证据证明是侵犯奥林匹克标志专有权的物品,Unknown
14173,矿山企业安全生产许可,Unknown
14174,兽药经营许可,Unknown
14175,未按规定凭处方销售处方药,Unknown
14176,以买药品赠药品或者买商品赠药品等方式向公众直接或者变相赠送处方药、甲类非处方药,Unknown
14177,违反药师或者药学技术人员管理要求,Unknown
14178,未经许可从事拍卖业务行为,Unknown
14179,中华人民共和国拍卖法,Unknown
14180,违法所得一倍以上五倍以下的罚款,Unknown
14181,生产经营假种子违法行为的处罚,Unknown
14182,国务院令第676号,Unknown
14183,对直销企业和直销员及其直销活动的监督检查,Unknown
14184,对直销企业和直销员及其直销活动实施日常的监督管理,Unknown
14185,进入相关企业进行检查,Unknown
14186,要求相关企业提供有关文件、资料和证明材料,Unknown
14187,询问当事人、利害关系人和其他有关人员，并要求其提供有关材料,Unknown
14188,查阅、复制、查封、扣押相关企业与直销活动有关的材料和非法财物,Unknown
14189,检查有关人员的直销培训员证、直销员证等证件,Unknown
14190,检查人员,Unknown
14191,合法证件,Unknown
14192,县级以上工商行政管理部门主要负责人,Unknown
14193,实施查封、扣押,Unknown
14194,《强制性产品认证管理规定》,Unknown
14195,国家质量监督检验检疫总局令第117号,Unknown
14196,护士执业注册申请人,Unknown
14197,《护士执业注册管理办法》,Unknown
14198,已经注册的护士,Unknown
14199,企业登记注册,Unknown
14200,西安市生态环境局行驶,Unknown
14201,在黄河干支流岸线管控范围内新建、扩建化工园区或者化工项目,Unknown
14202,在黄河干流岸线或者重要支流岸线的管控范围内新建、改建、扩建尾矿库,Unknown
14203,违反生态环境准入清单规定进行生产建设活动,Unknown
14204,管辖区域外开展公开募捐活动备案,Unknown
14205,在公共场所设置募捐箱,Unknown
14206,举办面向社会公众的义演、义赛、义卖、义展、义拍、慈善晚会等,Unknown
14207,通过广播、电视、报刊、互联网等媒体发布募捐信息,Unknown
14208,其他公开募捐方式,Unknown
14209,办理其登记的民政部门管辖区域,Unknown
14210,其开展募捐活动所在地的县级以上人民政府民政部门,Unknown
14211,其登记的民政部门,Unknown
14212,捐赠人,Unknown
14213,地域限制,Unknown
14214,安装和使用的卫星地面接收设施,Unknown
14215,5000元以下的罚款,Unknown
14216,1993年10月05日,Unknown
14217,2013年07月,Unknown
14218,第129号,Unknown
14219,第638号,Unknown
14220,冶金企业重大事故隐患判定,Unknown
14221,第724号,Unknown
14222,涂改、买卖、出租或者以其他形式转让捕捞许可证的行为,Unknown
14223,伪造、变造、买卖捕捞许可证的行为,Unknown
14224,可以并处一万元以下的罚款,Unknown
14225,集中供热经营许可证,Unknown
14226,从事集中供热经营,Unknown
14227,未取得集中供热经营许可证,Unknown
14228,本市集中供热实行经营许可制度,Unknown
14229,"供热企业取得集中供热经营许可证后,方可从事集中供热",Unknown
14230,未按照规定预存土地复垦费用,Unknown
14231,从事爆破作业的单位,Unknown
14232,国家有关标准和规范实施爆破作业,Unknown
14233,"爆破作业单位许可证,从事爆破作业的单位",Unknown
14234,设置大型户外广告及在城市建筑物,Unknown
14235,在城市建筑物、设施上悬挂、张贴宣传品审批,Unknown
14236,对护士在执业活动中发现患者病情危急未立即通知医师,Unknown
14237,发现医嘱违反法律、法规、规章或者诊疗技术规范的规定，未依照《护士条例》第十七条的规定提出或者报告,Unknown
14238,泄露患者隐私,Unknown
14239,发生自然灾害、公共卫生事件等严重威胁公众生命健康的突发事件，不服从安排参加医疗救护的处罚,Unknown
14240,国有建设用地使用权收储审批,Unknown
14241,自然资源所有者权益处,Unknown
14242,"""工伤职工劳动能力鉴定""",Unknown
14243,"""市劳动能力鉴定中心""",Unknown
14244,食品生产者召回不安全食品行为,Unknown
14245,2015年3月11日,Unknown
14246,2015年9月1日,Unknown
14247,2020年10月23日,Unknown
14248,特种设备许可证单位,Unknown
14249,特种设备安全生产情况,Unknown
14250,省或者所在地设区的市特种设备安全监督管理部门,Unknown
14251,未报送特种设备安全生产情况的单位,Unknown
14252,《陕西省实施&lt;中华人民共和国渔业法&gt;办法》(2024年3月修正),Unknown
14253,对在开放水域养殖、投放外来物种或者其他非本地物种种质资源经责令限期捕回逾期不捕回的代履行,Unknown
14254,限期捕回,Unknown
14255,对政府储备粮食质量管理,Unknown
14256,质量安全状况,Unknown
14257,验收检验结果等情况的监督检查,Unknown
14258,国家重点保护林草种质资源采集、采伐审批,Unknown
14259,"实施依据,国家重点保护林草种质资源采集、采伐审批",Unknown
14260,省林业局,Unknown
14261,设区的市级林业部门,Unknown
14262,国务院林业草原,Unknown
14263,对开展新生儿疾病筛查的医疗机构违反《新生儿疾病筛查技术规范》的处罚,Unknown
14264,未履行告知程序擅自进行新生儿疾病筛查的处罚,Unknown
14265,未按规定进行实验室质量监测、检查的处罚,Unknown
14266,开展新生儿疾病筛查的医疗机构,Unknown
14267,《新生儿疾病筛查技术规范》,Unknown
14268,告知程序,Unknown
14269,进行新生儿疾病筛查,Unknown
14270,进行实验室质量监测、检查,Unknown
14271,大型游乐设施制造、安装单位,Unknown
14272,质量监督检验检疫总局令第154号,Unknown
14273,市场监督管理总局令第38号,Unknown
14274,未对设计进行安全评价,Unknown
14275,未对设计中首次使用的新技术进行安全性能验证的,Unknown
14276,未明确整机、主要受力部件的设计使用期限的,Unknown
14277,未在大型游乐设施明显部位装设符合有关安全技术规范要求的铭牌的,Unknown
14278,使用维护说明书等出厂文件内容不符合本规定要求的,Unknown
14279,对因设计、制造、安装原因,Unknown
14280,"未按照本规定要求进行排查处理的,违反,《大型游乐设施安全监察规定》",Unknown
14281,第一类易制毒化学品跨区域运输许可,Unknown
14282,易制毒化学品管理条例,Unknown
14283,运出地的设区的市级人民政府公安机关,Unknown
14284,审批第一类易制毒化学品跨区域运输,Unknown
14285,运出地的县级人民政府公安机关,Unknown
14286,审批第二类易制毒化学品运输,Unknown
14287,易制毒化学品运输许可证,Unknown
14288,运输许可,Unknown
14289,户外广告,Unknown
14290,破损,Unknown
14291,污浊,Unknown
14292,显示不全,Unknown
14293,对未依法取得捕捞许可证擅自进行捕捞的行政处罚,Unknown
14294,发展农村体育事业,Unknown
14295,《农村体育工作暂行规定》,Unknown
14296,农村体育,Unknown
14297,当地国民经济和社会发展整体规划,Unknown
14298,社会主义精神文明建设和小康建设内容,Unknown
14299,各级体育主管部门,Unknown
14300,政策支持和技术推广,Unknown
14301,资金投入,Unknown
14302,体育场地设施建设,Unknown
14303,对城市供水的监督检查,Unknown
14304,未正常投用,Unknown
14305,安全阀、爆破片等安全附件未正常投用,Unknown
14306,"受到处罚,五万元以上十万元以下的罚款",Unknown
14307,直接关系生产安全的监控、报警、防护、救生设备、设施,Unknown
14308,相关数据、信息,Unknown
14309,商务部、国家发改委、公安部、国家税务总局、国家工商行政管理总局,Unknown
14310,促销内容,Unknown
14311,促销行为,Unknown
14312,相关单位,Unknown
14313,依法予以查处,Unknown
14314,"可处,违法所得3倍以下罚款",Unknown
14315,"可处,1万元以下罚款",Unknown
14316,城镇绿地范围内,Unknown
14317,增设构筑物和其他设施,Unknown
14318,擅自搭建建筑物、构筑物和其他设施,Unknown
14319,农业投入品生产者、销售者、使用者未按照规定及时回收肥料等农业投入品的包装废弃物或者农用薄膜，或者未按照规定及时回收农药包装废弃物交由专门的机构或者组织进行无害化处理的法律责任,Unknown
14320,生产、销售不符合保障人体健康和人身、财产安全的国家标准、行业标准的产品,Unknown
14321,并处违法生产、销售产品货值金额等值以上三倍以下的罚款,Unknown
14322,"情节严重的,吊销营业执照",Unknown
14323,不予法律援助,Unknown
14324,受援人,Unknown
14325,决定,Unknown
14326,维持法律援助机构决定,Unknown
14327,责令法律援助机构改正的决定,Unknown
14328,司法行政部门维持法律援助机构决定,Unknown
14329,依法申请行政复议,Unknown
14330,提起行政诉讼,Unknown
14331,建设工程墙体材料使用情况,Unknown
14332,建设行政主管部门及墙体材料改革管理机构,Unknown
14333,"""对歌舞娱乐场所的歌曲点播系统与境外的曲库联接""",Unknown
14334,"""歌舞娱乐场所播放的曲目、屏幕画面或者游艺娱乐场所电子游戏机内的游戏项目含有本条例禁止内容""",Unknown
14335,"""歌舞娱乐场所接纳未成年人""",Unknown
14336,"""游艺娱乐场所设置的电子游戏机在国家法定节假日外向未成年人提供""",Unknown
14337,"""娱乐场所容纳的消费者超过核定人数行为的行政处罚""",Unknown
14338,"""市级""",Unknown
14339,"""西安市文化市场综合执法支队""",Unknown
14340,电子商务经营者,Unknown
14341,押金退还的方式、程序,Unknown
14342,不合理条件,Unknown
14343,押金,Unknown
14344,医疗机构购用麻醉药品、第一类精神药品许可,Unknown
14345,《麻醉药品、第一类精神药品购用印鉴卡管理规定》,Unknown
14346,《麻醉药品、第一类精神药品购用印鉴卡》,Unknown
14347,《印鉴卡》,Unknown
14348,定点批发企业购买麻醉药品和第一类精神药品,Unknown
14349,本省、自治区、直辖市行政区域范围内,Unknown
14350,对尾矿库坝体高度超过设计总坝高，或者尾矿库超过设计库容贮存尾矿的行政处罚,Unknown
14351,坝体高度超过设计总坝高，或者尾矿库超过设计库容贮存尾矿,Unknown
14352,未进行地震安全性评价或者未按照地震安全性评价报告确定的抗震设防要求进行抗震设防,Unknown
14353,《中华人民共和国防震减灾法》,Unknown
14354,未依法进行地震安全性评价,Unknown
14355,未按照地震安全性评价报告所确定的抗震设防要求进行抗震设防,Unknown
14356,未依法进行地震安全性评价或者未按照地震安全性评价报告所确定的抗震设防要求进行抗震设防,Unknown
14357,县级以上地震工作主管部门,Unknown
14358,处三万元以上三十万元以下的罚款,Unknown
14359,逾期不改的未进行地震安全性评价或者未按照地震安全性评价报告确定的抗震设防要求进行抗震设防,Unknown
14360,新建项目,Unknown
14361,改建项目,Unknown
14362,扩建项目,Unknown
14363,再生水利用设施,Unknown
14364,责令限期治理的国土资源主管部门,Unknown
14365,对工程建设等人为活动引发的地质灾害不予治理的行政处罚,Unknown
14366,注册造价师执业违法行为的处罚,Unknown
14367,注册造价工程师管理办法,Unknown
14368,建设部令150号,Unknown
14369,住建部令第50号,Unknown
14370,注册造价工程师,Unknown
14371,不履行注册造价工程师义务,Unknown
14372,"在执业过程中,索贿、受贿或者谋取合同约定费用外的其他利益",Unknown
14373,在执业过程中实施商业贿赂,Unknown
14374,签署有虚假记载、误导性陈述的工程造价成果文件,Unknown
14375,以个人名义承接工程造价业务,Unknown
14376,允许他人以自己名义从事工程造价业务,Unknown
14377,同时在两个或者两个以上单位执业,Unknown
14378,涂改、倒卖、出租、出借或者以其他形式非法转让注册证书或者执业印章,Unknown
14379,超出执业范围、注册专业范围执业,Unknown
14380,二级运动员等级称号的确认,Unknown
14381,《运动员技术等级管理办法》,Unknown
14382,国家体育总局令2014年第18号发布,Unknown
14383,省级体育行政部门,Unknown
14384,本行政区域内地市级体育行政部门,Unknown
14385,对特种作业人员伪造、涂改特种作业操作证等行为的行政处罚,Unknown
14386,特种作业人员伪造、涂改特种作业操作证或者使用伪造的特种作业操作证的行为,Unknown
14387,特种作业人员转借、转让、冒用特种作业操作证的行为,Unknown
14388,伪造、涂改特种作业操作证或者使用伪造的特种作业操作证,Unknown
14389,转借、转让、冒用特种作业操作证,Unknown
14390,伪造、涂改特种作业操作证或者使用伪造的特种作业操作证的行为,Unknown
14391,1000元以上 5000元以下的罚款,Unknown
14392,转借、转让、冒用特种作业操作证的行为,Unknown
14393,2000元以上 1万元以下的罚款,Unknown
14394,登记机关登记的名称,Unknown
14395,个人独资企业使用的名称与其在登记机关登记的名称不相符合,Unknown
14396,在异地取得从业资格的人员,Unknown
14397,申请提供相应的从业资格档案资料,Unknown
14398,交通运输主管部门工作人员监督检查,Unknown
14399,网络餐饮服务第三方平台提供者和自建网站餐饮服务提供者,Unknown
14400,记录义务,Unknown
14401,订单信息,Unknown
14402,食品的名称,Unknown
14403,下单时间,Unknown
14404,送达时间,Unknown
14405,收货地址,Unknown
14406,网络订餐信息,Unknown
14407,不得少于6个月,Unknown
14408,对高危险性体育项目经营活动的监督检查,Unknown
14409,县级以上地方人民政府体育主管部门,Unknown
14410,高危险性体育项目经营活动,Unknown
14411,《全民健身条例》,Unknown
14412,《经营高危险性体育项目许可管理办法》,Unknown
14413,上级体育主管部门,Unknown
14414,下级体育主管部门实施行政许可的监督检查,Unknown
14415,城市照明维护单位,Unknown
14416,节能控制措施,Unknown
14417,任何单位,Unknown
14418,在城市景观照明中有过度照明等超能耗标准的行为,Unknown
14419,市城市管理部门,Unknown
14420,1000元以上3万元以下的罚款,Unknown
14421,城市夜景照明能耗等情况进行检查,Unknown
14422,《建筑工程施工许可管理办法》,Unknown
14423,住建部令第18号,Unknown
14424,住建部令第52号,Unknown
14425,欺骗、贿赂等不正当手段,Unknown
14426,施工许可证,Unknown
14427,1万元以上3万元以下罚款,Unknown
14428,娱乐经营许可证,Unknown
14429,对有色企业可能发生一氧化碳、砷化氢、氯气、硫化氢等有毒气体泄漏、积聚的场所和部位未设置固定式气体浓度监测报警装置，或者监测数据未接入 24小时有人值守场所，或者未对可能有砷化氢气体的场所和部位采取同等效果的检测措施,Unknown
14430,生产经营单位有下列行为之一的，责令限期改正，处五万元以下的罚款；逾期未改正的，处五万元以上二十万元以下的罚款，对其直接负责的主管人员和其他直接责任人员处一万元以上二万元以下的罚款；情节严重的，责令停产停业整顿；构成犯罪的，依照刑法有关规定追究刑事责任,Unknown
14431,擅自组织公民出境参加宗教方面的培训、会议、朝觐等活动,Unknown
14432,擅自开展宗教教育培训,Unknown
14433,提交虚假材料或者采取其他欺诈手段隐瞒重要事实取得市场主体登记,Unknown
14434,由登记机关依法责令改正,Unknown
14435,并处5万元以上20万元以下的罚款,Unknown
14436,"情节严重的,处20万元以上100万元以下的罚款",Unknown
14437,明知或者应当知道申请人提交虚假材料或者采取其他欺诈手段隐瞒重要事实进行市场主体登记,Unknown
14438,"或者协助其进行虚假登记的,关系,由登记机关没收违法所得",Unknown
14439,"或者协助其进行虚假登记的,关系,处10万元以下的罚款",Unknown
14440,本规定第十八条,Unknown
14441,自审制度,Unknown
14442,专门部门,Unknown
14443,专业人员,Unknown
14444,医疗器械网络销售监督管理办法,Unknown
14445,县级以上地方食品药品监督管理部门,Unknown
14446,医疗器械批发企业,Unknown
14447,医疗器械零售企业,Unknown
14448,第八十二条,Unknown
14449,五十万元以上二百万元以下,Unknown
14450,向人民防空工程内排入废水、废气或者倾倒废弃物的处罚,Unknown
14451,中等及以下学校和其他教育机构设置审批（普通中学、职业中学）,Unknown
14452,发展规划处（行政审批处）,Unknown
14453,危险化学品经营许可,Unknown
14454,伪造船舶检验证书或者擅自更改船舶载重线,Unknown
14455,中华人民共和国船舶和海上设施检验条例,Unknown
14456,旅游者兜售物品,Unknown
14457,旅游者的物品,Unknown
14458,旅游者索要小费,Unknown
14459,委派该导游人员的旅行社给予警告,Unknown
14460,内地公民因私往来港、澳、台地区审批（通行证申领、签注）,Unknown
14461,《中国公民因私事往来香港或者澳门地区的暂行管理办法》,Unknown
14462,申请者,Unknown
14463,户口所在地的市、县公安局出入境管理部门,Unknown
14464,外省市调入人员中级专业技术人才职称确认,Unknown
14465,信访事项,Unknown
14466,西安市信访局,Unknown
14467,权益保障处,Unknown
14468,接待一处,Unknown
14469,来信投诉处,Unknown
14470,督查处,Unknown
14471,本办法第二十五条规定,Unknown
14472,并处5000元以上1万元以下罚款,Unknown
14473,文化主管部门的日常检查和技术监管措施,Unknown
14474,化妆品新原料注册人,Unknown
14475,化妆品新原料上市后的安全风险监测和评价体系,Unknown
14476,化妆品新原料备案人,Unknown
14477,化妆品新原料的安全性追踪研究,Unknown
14478,化妆品新原料的使用和安全情况,Unknown
14479,省、自治区、直辖市药品监督管理部门,Unknown
14480,年度报告,Unknown
14481,国家药品监督管理局,Unknown
14482,第二十一条规定,Unknown
14483,《陕西省水土保护条例》,Unknown
14484,倾倒数量,Unknown
14485,侵占,Unknown
14486,损毁,Unknown
14487,擅自移动,Unknown
14488,改变,Unknown
14489,大气环境质量监测设施,Unknown
14490,大气污染物排放自动监测设备,Unknown
14491,由县级以上人民政府生态环境主管部门责令改正,Unknown
14492,"拒不改正的,责令停产整治",Unknown
14493,延期移交档案审批,Unknown
14494,机关、团体、企业事业单位和其他组织,Unknown
14495,按照国家档案局关于档案移交的规定,Unknown
14496,有关的国家档案馆,Unknown
14497,属于中央级和省级、设区的市级国家档案馆接收范围的档案,Unknown
14498,属于县级国家档案馆接收范围的档案,Unknown
14499,"经同级档案行政管理部门检查和同意,专业性较强或者需要保密的档案",Unknown
14500,有关的档案馆,Unknown
14501,已撤销单位的档案,Unknown
14502,由于保管条件恶劣可能导致不安全或者严重损毁的档案,Unknown
14503,渔业船舶,Unknown
14504,未取得渔业船舶检验证书,Unknown
14505,《中华人民共和国渔业船舶检验条例》,Unknown
14506,县级以上人民政府渔业行政主管部门,Unknown
14507,其所属的渔业行政执法机构,Unknown
14508,不同类别的可燃性粉尘、可燃性粉尘与可燃气体等易加剧爆炸危险的介质共用一套除尘系统，或者不同建（构）筑物、不同防火分区共用一套除尘系统、除尘系统互联互通,Unknown
14509,对向水体排放剧毒废液，或者将含有汞等的可溶性剧毒废渣向水体排放、倾倒或者直接埋入地下的行政处罚,Unknown
14510,持用伪造、变造、骗取的出境入境证件出境入境的,Unknown
14511,冒用他人出境入境证件出境入境的,Unknown
14512,逃避出境入境边防检查的,Unknown
14513,以其他方式非法出境入境的,Unknown
14514,《中华人民共和国出境入境管理法》第71条,Unknown
14515,(一,Unknown
14516,(二,Unknown
14517,(三,Unknown
14518,(四,Unknown
14519,确有专长的中医医师执业注册,Unknown
14520,本行政区域内中医医术确有专长人员医师资格考核组织申报,Unknown
14521,本行政区域内中医医术确有专长人员医师资格考核初审,Unknown
14522,本行政区域内中医医术确有专长人员医师资格考核复审工作,Unknown
14523,对农药生产、经营、使用的监督检查,Unknown
14524,农药管理条例,Unknown
14525,本行政区域的农药监督管理工作,Unknown
14526,县级以上人民政府农业主管部门,Unknown
14527,进入农药生产、经营、使用场所实施现场检查,Unknown
14528,对生产、经营、使用的农药实施抽查检测,Unknown
14529,向有关人员调查了解有关情况,Unknown
14530,查阅、复制合同、票据、账簿以及其他有关资料,Unknown
14531,查封、扣押违法生产、经营、使用的农药，以及用于违法生产、经营、使用农药的工具、设备、原材料等,Unknown
14532,查封违法生产、经营、使用农药的场所,Unknown
14533,危险物品的生产、经营、储存单位以及矿山、金属冶炼单位,Unknown
14534,未建立应急救援组织,Unknown
14535,生产经营规模较小、未指定兼职应急救援人员,Unknown
14536,未配备必要的应急救援器材、设备和物资，并进行经常性维护、保养，保证正常运转,Unknown
14537,《劳务派遣暂行规定》,Unknown
14538,2014年1月24日,Unknown
14539,用工单位,Unknown
14540,第三条第三款,Unknown
14541,"用工单位,进行,责令改正",Unknown
14542,"用工单位,进行,警告",Unknown
14543,"被派遣劳动者,造成,损害",Unknown
14544,房地产估价机构设立,Unknown
14545,估价业务,Unknown
14546,执行房地产估价规范和标准的情况,Unknown
14547,《房地产估价机构管理办法》,Unknown
14548,2005年10月12日,Unknown
14549,2015年5月4日,Unknown
14550,县级以上人民政府房地产主管部门,Unknown
14551,房地产估价机构和分支机构,Unknown
14552,擅自破坏自然保护区界标,Unknown
14553,对擅自破坏自然保护区界标的行政处罚,Unknown
14554,擅自移动或者破坏自然保护区界标,Unknown
14555,100元以上5000元以下,Unknown
14556,《陕西省产品质量监督管理条例》,Unknown
14557,未经考核合格或不按统一计划和授权范围,Unknown
14558,擅自进行产品质量检验并出具数据,Unknown
14559,不按标准和国家有关规定抽取样品或返还样品的,Unknown
14560,伪造检验数据或结论的,Unknown
14561,实名登记,Unknown
14562,停止提供电子商务平台服务,Unknown
14563,机动车驾驶员培训经营活动监督检查,Unknown
14564,机动车驾驶员培训经营活动,Unknown
14565,交通运输部令2022年第32号,Unknown
14566,机动车驾驶员培训管理规定,Unknown
14567,机动车驾驶员培训机构,Unknown
14568,是否备案,Unknown
14569,是否保持备案经营项目需具备的业务条件,Unknown
14570,备案事项与实际从事业务是否一致,Unknown
14571,机动车驾驶员培训机构、管理人员、教练员、学员以及其他相关人员,Unknown
14572,未依照本条例规定指派照管人员随校车全程照管乘车学生,Unknown
14573,重要工业产品生产许可,Unknown
14574,擅自变更时间,Unknown
14575,擅自变更地点,Unknown
14576,擅自变更内容,Unknown
14577,擅自扩大举办规模,Unknown
14578,承办者,Unknown
14579,未经公安机关安全许可的大型群众性活动,Unknown
14580,对核技术利用单位未按规定进行环境影响评价，擅自建造、运行、生产和使用的行政处罚,Unknown
14581,未编制环境影响评价文件，或者环境影响评价文件未经环境保护行政主管部门批准，擅自进行建造、运行、生产和使用等活动的，由审批环境影响评价文件的环境保护行政主管部门责令停止违法行为，限期补办手续或者恢复原状，并处一万元以上二十万元以下罚款,Unknown
14582,平台内经营者及其发布的商品或者服务信息建立检查监控制度,Unknown
14583,平台内的商品或者服务信息有违反市场监督管理法律、法规、规章，损害国家利益和社会公共利益，违背公序良俗,Unknown
14584,必要的处置措施,Unknown
14585,有关记录,Unknown
14586,平台住所地县级以上市场监督管理部门报告,Unknown
14587,水路运输辅助业务经营活动和经营资质的监督检查,Unknown
14588,水路运输管理部门,Unknown
14589,有关凭证、文件及其他相关资料,Unknown
14590,"弄虚作假,服务事项",Unknown
14591,国土资源主管部门,Unknown
14592,第592号,Unknown
14593,破坏土地复垦工程、设施和设备,Unknown
14594,危险废物经营许可证,Unknown
14595,5万元以上10万元以下,Unknown
14596,农业植物检疫证书核发,Unknown
14597,调运植物和植物产品,Unknown
14598,检疫,Unknown
14599,应施检疫的植物、植物产品名单,Unknown
14600,检疫对象,Unknown
14601,植物检疫证书,Unknown
14602,植物检疫机构发放,Unknown
14603,植物和植物产品中,Unknown
14604,检疫措施,Unknown
14605,停止调运,Unknown
14606,机动车维修企业质量信誉考核,Unknown
14607,《机动车维修企业质量信誉考核办法（试行）》（交公路发〔2006〕719号),Unknown
14608,机动车维修企业质量信誉考核工作,Unknown
14609,军服承制企业,Unknown
14610,《军服管理条例》,Unknown
14611,未经改制、染色等处理的军服、军服专用材料残次品,Unknown
14612,剩余的军服专用材料,Unknown
14613,《水利工程质量管理规定》,Unknown
14614,单位罚款数额百分之五以上百分之十以下,Unknown
14615,排险作业,Unknown
14616,碎石加工作业,Unknown
14617,国家安全生产监督管理总局令第39号,Unknown
14618,国家安全生产监督管理总局令第78号,Unknown
14619,安全带,Unknown
14620,危石,Unknown
14621,站立,Unknown
14622,浮石,Unknown
14623,悬空作业,Unknown
14624,进行,Unknown
14625,同一坡面,Unknown
14626,上下双层或者多层同时作业,Unknown
14627,距工作台阶坡底线50米范围内,Unknown
14628,从事碎石加工作业,Unknown
14629,省级人民政府交通主管部门,Unknown
14630,一般工程质量事故,Unknown
14631,受委托的公路工程质量监督机构,Unknown
14632,交通部,Unknown
14633,重大工程质量事故,Unknown
14634,特别重大工程质量事故和安全事故,Unknown
14635,警告处罚,Unknown
14636,国有农用地的使用权注销登记,Unknown
14637,国务院令第710号,Unknown
14638,自然资源部关于修改印发《不动产登记操作规范（试行）》的通知,Unknown
14639,自然资函〔2021〕242号,Unknown
14640,土地承包经营权登记,Unknown
14641,国有农用地的使用权登记,Unknown
14642,森林、林木所有权登记,Unknown
14643,实施细则,Unknown
14644,水利工程监理监督检查,Unknown
14645,《水利工程建设监理规定》,Unknown
14646,水利工程建设监理活动,Unknown
14647,监理单位执行国家法律法规、工程建设强制性标准以及履行监理合同的情况,Unknown
14648,项目法人执行国家法律法规、工程建设强制性标准以及履行监理合同的情况,Unknown
14649,《中华人民共和国标准化法实施条例 》（国务院第53号令发布，1990.04.06施行）,Unknown
14650,生产不符合强制性标准的产品的,Unknown
14651,责令其停止生产,Unknown
14652,没收产品,Unknown
14653,监督销毁或作必要技术处理,Unknown
14654,该批产品货值金额百分之二十至百分之五十的罚款,Unknown
14655,五千元以下罚款,Unknown
14656,销售不符合强制性标准的商品的,Unknown
14657,责令其停止销售,Unknown
14658,限期追回已售出的商品,Unknown
14659,该批商品货值金额百分之十至百分之二十的罚款,Unknown
14660,生产、储存烟花爆竹建设项目安全设施设计审查,Unknown
14661,对未使用或者未规范使用标准地名的行政处罚,Unknown
14662,2022年3月国务院令第753号,Unknown
14663,中华人民共和国黄河保护法,Unknown
14664,水行政主管部门或者黄河流域管理机构及其所属管理机构,Unknown
14665,中医诊所,Unknown
14666,县级人民政府中医药主管部门,Unknown
14667,其直接负责的主管人员,Unknown
14668,不得从事管理工作,Unknown
14669,不得从事管理工作的人员,Unknown
14670,原备案部门,Unknown
14671,不汇交测绘成果资料,Unknown
14672,非机动车违反道路通行规定的处罚,Unknown
14673,警告或者五元以上五十元以下罚款,Unknown
14674,可以被扣留非机动车,Unknown
14675,违反本条例第十九条规定,Unknown
14676,民用建筑项目合同价款百分之二以上百分之四以下,Unknown
14677,向施工单位和工程监理单位提供审查合格的施工图设计文件,Unknown
14678,在施工现场公示使用的节能技术、产品信息和采取的节能措施,Unknown
14679,"委托具有相应资质的建筑节能检测机构,对进入施工现场的建筑节能材料进行见证取样检测",Unknown
14680,与供热单位签订合同,Unknown
14681,"在组织民用建筑项目竣工验收时,对是否符合民用建筑节能强制性标准进行查验",Unknown
14682,民用建筑项目,Unknown
14683,不符合民用建筑节能强制性标准,Unknown
14684,弄虚作假骗取护照,Unknown
14685,《中华人民共和国护照法》第17条,Unknown
14686,生产经营单位主要负责人和安全生产管理人员,Unknown
14687,危险物品的生产、经营、储存、装卸单位以及矿山、金属冶炼、建筑施工、运输单位的主要负责人和安全生产管理人员,Unknown
14688,予以关闭的行政处罚,Unknown
14689,2011年11月24日,Unknown
14690,2011年12月21日,Unknown
14691,2012年2月1日,Unknown
14692,年检,Unknown
14693,犬只,Unknown
14694,养犬登记证,Unknown
14695,检验一次,Unknown
14696,骗取,Unknown
14697,挪用,Unknown
14698,非法获益,Unknown
14699,中华人民共和国药品管理法（2019年修订）,Unknown
14700,未经批准开展药物临床试验,Unknown
14701,使用未经审评的直接接触药品的包装材料或者容器生产药品,Unknown
14702,使用未经核准的标签、说明书,Unknown
14703,医疗技术临床应用管理专门组织,Unknown
14704,医疗技术临床应用管理相关规章制度,Unknown
14705,医疗技术,Unknown
14706,医疗技术临床应用,Unknown
14707,国家和省级医疗技术临床应用信息化管理平台,Unknown
14708,院务公开范围,Unknown
14709,医务人员接受医疗技术临床应用规范化培训权益,Unknown
14710,并处违法生产、销售产品货值金额百分之五十以上三倍以下的罚款,Unknown
14711,有违法所得的，并处没收违法所得,Unknown
14712,情节严重的，吊销营业执照,Unknown
14713,构成犯罪的，依法追究刑事责任,Unknown
14714,安全防护用具,Unknown
14715,未经查验或者查验不合格即投入使用,Unknown
14716,机械设备,Unknown
14717,施工机具及配件,Unknown
14718,不具有相应资质的单位,Unknown
14719,施工现场安装、拆卸施工起重机械和整体提升脚手架、模板等自升式架设设施,Unknown
14720,施工组织设计,Unknown
14721,安全技术措施,Unknown
14722,施工现场临时用电方案,Unknown
14723,道路交通事故证明,Unknown
14724,《道路交通事故处理程序规定》,Unknown
14725,道路交通事故发生的时间、地点、当事人情况及调查得到的事实,Unknown
14726,104号令,Unknown
14727,不符合环境保护要求,Unknown
14728,住宅专项维修资金使用划转,Unknown
14729,《西安市住宅专项维修资金管理办法》,Unknown
14730,城六区物业管理行政主管部门,Unknown
14731,《住宅专项维修资金划转单》,Unknown
14732,市物业管理行政主管部门,Unknown
14733,物业服务企业维修资金使用专用账户,Unknown
14734,其他区县物业管理行政主管部门,Unknown
14735,西咸新区管理委员会,Unknown
14736,首款,Unknown
14737,剩余款项,Unknown
14738,不符合条件的,Unknown
14739,物业服务企业书面说明,Unknown
14740,土地权属争议调处,Unknown
14741,自然资源确权登记局,Unknown
14742,《土地权属争议调查处理办法》,Unknown
14743,2010年11月国土资源部令第49号,Unknown
14744,跨县级行政区域的,Unknown
14745,同级人民政府、上级国土资源行政主管部门交办或者有关部门转送的,Unknown
14746,擅自从事压力容器设计活动,Unknown
14747,未经核准,Unknown
14748,定期检验,Unknown
14749,无损检测,Unknown
14750,检验检测活动,Unknown
14751,5万元以上20万元以下,Unknown
14752,非法经营罪或者其他罪,Unknown
14753,任何单位和个人不得在当地人民政府禁止的区域内露天烧烤食品或者为露天烧烤食品提供场地,Unknown
14754,违反本法规定，在当地人民政府禁止的时段和区域内露天烧烤食品或者为露天烧烤食品提供场地的，由县级以上地方人民政府确定的监督管理部门责令改正，没收烧烤工具和违法所得，并处五百元以上二万元以下的罚款,Unknown
14755,禁止任何单位和个人在区县人民政府和开发区管理委员会划定的禁止区域露天烧烤食品、骑墙烧烤食品或者为露天烧烤食品、骑墙烧烤食品提供场地,Unknown
14756,违反本条例第五十八条规定，在区县人民政府和开发区管理委员会划定的禁止区域露天烧烤食品、骑墙烧烤食品或者为露天烧烤食品、骑墙烧烤食品提供场地的，由城市管理综合执法主管部门责令改正，没收烧烤工具和违法所得，并处五百元以上二万元以下罚款,Unknown
14757,生产、进口、销售不符合强制性能源效率标准的用能产品、设备,Unknown
14758,违法生产、进口、销售的用能产品、设备和违法所得,Unknown
14759,违法生产、进口、销售的用能产品、设备和违法所得一倍以上五倍以下,Unknown
14760,《中华人民共和国节约能源法》(2018年修订),Unknown
14761,撤销登记,Unknown
14762,民办非企业单位登记管理暂行条例,Unknown
14763,占用人民防空通信专用频率,Unknown
14764,使用与防空警报相同的音响信号,Unknown
14765,擅自拆除人民防空通信、警报设备设施,Unknown
14766,房源信息,Unknown
14767,信用档案,Unknown
14768,网上签约资格,Unknown
14769,2011年1月20日,Unknown
14770,2016年3月1日,Unknown
14771,食品药品监督管理部门的监督检查,Unknown
14772,2万元以下罚款,Unknown
14773,二次供水设施管理者,Unknown
14774,清洗、消毒,Unknown
14775,二次供水水质不符合国家标准,Unknown
14776,使用不符合标准的输水管材和设备,Unknown
14777,阻挠、干扰,Unknown
14778,供水设施抢修工作,Unknown
14779,侵占、破坏公共体育场地设施的,Unknown
14780,县级以上地方人民政府体育行政部门,Unknown
14781,未经批准临时占用公共体育场地设施,Unknown
14782,未经许可经营高危险性体育项目,Unknown
14783,《中华人民共和国体育法》（2022修订）,Unknown
14784,"违反本法规定,侵占、破坏公共体育场地设施的",Unknown
14785,"违反本法规定,未经批准临时占用公共体育场地设施的",Unknown
14786,预告登记的设立,Unknown
14787,申请预购商品房抵押登记,Unknown
14788,抵押合同与主债权合同,Unknown
14789,预购商品房预告登记材料,Unknown
14790,预购商品房办理房屋所有权登记后,Unknown
14791,将预购商品房抵押预告登记转为商品房抵押权首次登记,Unknown
14792,超限运输车辆行驶公路管理规定,Unknown
14793,重点货物运输源头单位,Unknown
14794,负有安全生产监督管理职责的行业主管部门,Unknown
14795,政府公布的重点货运源头单位,Unknown
14796,地下空间兼顾人防审批管理,Unknown
14797,《陕西省实施〈中华人民共和国人民防空法办法〉》(2010年修正),Unknown
14798,机动车定期检验,Unknown
14799,"机动车第三者责任强制保险单,是,机动车安全技术检验机构,应当予以检验的条件",Unknown
14800,检验合格标志,Unknown
14801,对事故发生负有责任的单位的主要负责人未依法履行职责或者负有领导责任的行政教育,Unknown
14802,《中华人民共和国特种设备安全法》第九十一条,Unknown
14803,县级以上人民政府自然资源主管部门责令退还非法占用的土地,Unknown
14804,限期拆除在非法占用的土地上新建的建筑物和其他设施,Unknown
14805,土地原状,Unknown
14806,《中华人民共和国土地管理法》（2019年修正）,Unknown
14807,超过批准的数量占用土地,Unknown
14808,非法占用土地论处,Unknown
14809,民办学校校舍,Unknown
14810,未及时采取措施,Unknown
14811,公路、水上货运单位,Unknown
14812,铁路、公路、水上、航空的货运和邮政、快递等物流运营单位,Unknown
14813,客户身份,Unknown
14814,运输、寄递物品,Unknown
14815,《中华人民共和国反恐怖主义法》,Unknown
14816,查封、扣押不符合法定要求的医疗器械,Unknown
14817,查封、扣押违法使用的零配件、原材料,Unknown
14818,查封、扣押用于违法生产经营医疗器械的工具、设备,Unknown
14819,进入现场实施检查、抽取样品,Unknown
14820,查阅、复制、查封、扣押有关合同、票据、账簿以及其他有关资料,Unknown
14821,查封违反本条例规定从事医疗器械生产经营活动的场所,Unknown
14822,进行监督检查,Unknown
14823,出示执法证件,Unknown
14824,保守被检查单位的商业秘密,Unknown
14825,地方金融组织未按照许可或者批准的区域和经营范围开展金融业务活动,Unknown
14826,擅自设立地方金融组织或者从事、变相从事相关地方金融组织业务活动,Unknown
14827,粉尘爆炸危险的工贸企业,Unknown
14828,专项作业审批,Unknown
14829,本级人民政府的民办非企业单位登记管理机关,Unknown
14830,"实施依据,《民办非企业单位登记管理暂行条例》",Unknown
14831,被撤销登记的民办非企业单位继续以民办非企业单位名义进行活动的,Unknown
14832,没收非法财产,Unknown
14833,尚不构成犯罪的,Unknown
14834,依法给予治安管理处罚,Unknown
14835,未按规定采取扬尘污染防治措施进行建设施工的或者未按规定要求采取扬尘污染防治措施进行建设施工的,Unknown
14836,组织编制市级国土空间总体规划,Unknown
14837,国土空间总体规划处,Unknown
14838,对1年内违法超限运输超过3次的货运车辆吊销其车辆营运证,Unknown
14839,对1年内违法超限运输超过3次的货运车辆驾驶人责令其停止从事营业性运输,Unknown
14840,对道路运输企业1年内违法超限运输的货运车辆超过本单位货运车辆总数10%的责令停业整顿,Unknown
14841,情节严重吊销其道路运输经营许可证,Unknown
14842,被吊销车辆营运证、道路运输从业人员从业资格证和道路运输经营许可证后重新申领相关部门在处罚执行完毕之日起一年内不予办理,Unknown
14843,对一年内违法超限超载运输超过三次的货物运输车辆吊销其车辆营运证,Unknown
14844,对一年内违法超限超载运输超过三次的货物运输车辆驾驶人责令其停止从事营业性运输,Unknown
14845,对货物运输经营者一年内违法超限超载运输的货物运输车辆超过本单位货物运输车辆总数百分之十的责令其停产停业,Unknown
14846,《直销管理条例》第五章,Unknown
14847,非法食用国家重点保护野生动植物和国家保护的有重要生态、科学、社会价值的野生动物,Unknown
14848,基层法律服务工作者执业的变更和注销,Unknown
14849,《基层法律服务工作者管理办法》,Unknown
14850,设区的市级或者直辖市的区（县）司法行政机关,Unknown
14851,《基层法律服务工作者执业证》,Unknown
14852,执业机构,Unknown
14853,本人,Unknown
14854,基层法律服务所,Unknown
14855,所在基层法律服务所,Unknown
14856,执业核准机关,Unknown
14857,铝加工深井铸造工艺的倾动式浇铸炉流槽与模盘,Unknown
14858,快速切断阀,Unknown
14859,浇铸炉倾动控制系统联锁,Unknown
14860,快速切断阀联锁,Unknown
14861,重大事故隐患判定标准,Unknown
14862,行政处罚依据,Unknown
14863,未经核准或者超出核准范围,Unknown
14864,使用未取得相应资格的人员从事检验、检测,Unknown
14865,出具虚假的检验、检测结果和鉴定结论或者检验、检测结果和鉴定结论严重失实,Unknown
14866,"发现严重事故隐患,未及时告知受检单位,并立即向区县、开发区特种设备安全监督管理部门报告",Unknown
14867,弃置、堆放阻碍行洪的物体和种植阻碍行洪的林木及高秆作物,Unknown
14868,围湖造地或者未经批准围垦河道行为,Unknown
14869,黄河流域农业灌溉取用深层地下水行为,Unknown
14870,违反治安管理相关财物的收缴,Unknown
14871,对为违法宗教活动提供条件的处罚,Unknown
14872,西安市民族宗教事务委员会行驶,Unknown
14873,2017年8月26日,Unknown
14874,第686号,Unknown
14875,第426号,Unknown
14876,道路运输企业或者提供道路运输车辆动态监控社会化服务的单位,Unknown
14877,本办法的规定,Unknown
14878,"道路运输企业或者提供道路运输车辆动态监控社会化服务的单位,进行,责令改正",Unknown
14879,"道路运输企业或者提供道路运输车辆动态监控社会化服务的单位,进行,处500元以上2000元以下罚款",Unknown
14880,未取得相应资质,Unknown
14881,擅自从事城市绿化设计和监理,Unknown
14882,省住房和城乡建设行政主管部门,Unknown
14883,交验资质和资格证书,Unknown
14884,处以1万元以上3万元以下罚款,Unknown
14885,道路交通事故,Unknown
14886,事故车辆,Unknown
14887,扣留,Unknown
14888,与事故有关的物品,Unknown
14889,交通警察应当对交通事故现场进行勘验、检查，收集证据；因收集证据的需要，可以扣留事故车辆，但是应当妥善保管，以备核查,Unknown
14890,《道路交通事故处理程序规定》（公安部104号令）,Unknown
14891,因收集证据的需要，公安机关交通管理部门可以扣留事故车辆及机动车行驶证，并开具行政强制措施凭证。扣留的车辆及机动车行驶证应当妥善保管,Unknown
14892,因收集证据的需要，公安机关交通管理部门可以扣押与事故有关的物品，并开具扣押物品清单一式两份，一份交给被扣押物品的持有人，一份附卷。扣押的物品应当妥善保管,Unknown
14893,可以处一万元以下罚款,Unknown
14894,对含放射源设备说明书中未告知含有放射源的行政处罚,Unknown
14895,辐射工作单位,Unknown
14896,本办法的有关规定,Unknown
14897,"辐射工作单位,执行,责令停止违法行为",Unknown
14898,"辐射工作单位,执行,限期改正",Unknown
14899,"含放射源设备的说明书中,告知,用户,该设备含有放射源",Unknown
14900,非法为他人施行计划生育手术,Unknown
14901,利用超声技术和其他技术手段为他人进行非医学需要的胎儿性别鉴定或者选择性别的人工终止妊娠,Unknown
14902,安全生产许可证,Unknown
14903,"企业、生产线或者工（库）房,转包、分包给,不具备安全生产条件或者相应资质的其他单位或者个人",Unknown
14904,"生产经营项目、场所、设备,发包或者出租给,不具备安全生产条件或者相应资质的单位或者个人",Unknown
14905,"处,一万元以上二万元以下的罚款",Unknown
14906,对用人单位招用人员,Unknown
14907,具体机构,Unknown
14908,占用水面作业等影响内河通航水域交通安全的行为备案,Unknown
14909,气象观测、测量、地质调查,Unknown
14910,航道日常养护,Unknown
14911,大面积清除水面垃圾,Unknown
14912,可能影响内河通航水域交通安全的其他行为,Unknown
14913,构成犯罪的直接责任人员,Unknown
14914,对未依法取得排污许可证产生工业固体废物的行政处罚,Unknown
14915,由生态环境主管部门责令改正或者限制生产、停产整治,Unknown
14916,报经有批准权的人民政府批准，责令停业或者关闭,Unknown
14917,强制隔离戒毒管理,Unknown
14918,强制隔离戒毒管理处,Unknown
14919,扣押财物的拍卖,Unknown
14920,工程质量检测单位,Unknown
14921,工程所在地建设工程质量安全监督机构,Unknown
14922,档案管理制度,Unknown
14923,工程质量检测合同,Unknown
14924,委托单,Unknown
14925,原始记录,Unknown
14926,检测业务,Unknown
14927,出具虚假的检测报告,Unknown
14928,存在隶属关系,Unknown
14929,存在其他利害关系,Unknown
14930,"""工程施工招标文件备案""",Unknown
14931,"""《房屋建筑和市政基础设施工程施工招标投标管理办法》""",Unknown
14932,2001年6月1日建设部令第89号,Unknown
14933,未按规定办理资格变更、换证、注销手续,Unknown
14934,外地运营车辆违法事实抄告,Unknown
14935,许可的交通运输主管部门管辖区域外,Unknown
14936,违法行为发生地的交通运输主管部门,Unknown
14937,记录到《道路运输证》上,Unknown
14938,作出道路客运经营许可的交通运输主管部门,Unknown
14939,作出道路运输经营许可的交通运输主管部门,Unknown
14940,县级以上人民政府房地产开发主管部门,Unknown
14941,未取得资质等级证书或者超越资质等级从事房地产开发经营的行为,Unknown
14942,房地产评估机构,Unknown
14943,未经批准向城市防洪设施排放污水,Unknown
14944,对未经批准向城市防洪设施排放污水的行政处罚,Unknown
14945,对未取得食品摊贩登记卡，从事食品经营活动和使用伪造、变造或者冒用他人的食品摊贩登记卡从事食品生产经营活动的行政惩罚,Unknown
14946,公路工程单位违法行为,Unknown
14947,潜在投标人,Unknown
14948,对商品作虚假或者引人误解的商业宣传,Unknown
14949,组织虚假交易,Unknown
14950,二十万元以上一百万元以下,Unknown
14951,"一百万元以上二百万元以下,情节严重",Unknown
14952,发布虚假广告,Unknown
14953,诈骗,Unknown
14954,哄抢,Unknown
14955,抢夺,Unknown
14956,敲诈勒索,Unknown
14957,故意损毁他人财物,Unknown
14958,拒绝、阻碍能源计量监督检查的行为,Unknown
14959,《能源计量监督管理办法》,Unknown
14960,对代理记账机构及业务的检查,Unknown
14961,代理记账机构及其从事代理记账业务情况实施监督,Unknown
14962,抽查情况及查处结果依法及时向社会公开,Unknown
14963,委托代理记账的企业列入重点检查对象,Unknown
14964,其他部门移交的代理记账违法行为线索,Unknown
14965,代理记账机构行业组织,Unknown
14966,会员合法权益,Unknown
14967,会员诚信档案,Unknown
14968,会员代理记账行为,Unknown
14969,代理记账信息化建设,Unknown
14970,县级以上人民政府财政部门的指导和监督,Unknown
14971,对举办大型活动发生安全事故的处罚,Unknown
14972,国务院令第505号发布,Unknown
14973,重大伤亡事故,Unknown
14974,承办者或者大型群众性活动场所管理者违反本条例规定导致,Unknown
14975,治安案件,Unknown
14976,安全责任人,Unknown
14977,依法给予处分、治安管理处罚,Unknown
14978,1万元以上5万元以下罚款,Unknown
14979,对环境影响评价文件存在严重质量问题,Unknown
14980,从事环境技术服务的单位弄虚作假或者伪造、虚报、瞒报有关数据,Unknown
14981,"""民族成份变更确认""",Unknown
14982,"""民族一处""",Unknown
14983,对排污单位未如实报告污染物排放行为或者污染物排放浓度、排放量的行政处罚,Unknown
14984,使用不合格的计量器具或者破坏计量器具准确度,Unknown
14985,依法处理扣留车辆,Unknown
14986,第一百一十二条,Unknown
14987,被扣留的车辆,Unknown
14988,未经强制检定或者经强制检定不合格,Unknown
14989,擅自安装使用,Unknown
14990,农作物种子,Unknown
14991,食用菌菌种质量检验机构资质认定,Unknown
14992,未经许可擅自设置临时户外广告行为,Unknown
14993,临时户外广告设置申请表,Unknown
14994,营业执照或者其他证明主体资格合法有效的文件,Unknown
14995,举办活动或者交易会、展销会的批准文件,Unknown
14996,临时户外广告设置形式、范围和期限的书面说明,Unknown
14997,法律、法规规定的其他资料,Unknown
14998,《中华人民共和国未成年人保护法》,Unknown
14999,第一百二十四条,Unknown
15000,第五十九条第二款,Unknown
15001,任何人,Unknown
15002,在学校、幼儿园和其他未成年人集中活动的公共场所吸烟、饮酒,Unknown
15003,医疗机构建设项目,Unknown
15004,放射性职业病危害预评价报告审核,Unknown
15005,审核决定,Unknown
15006,预评价报告,Unknown
15007,职业病危害,Unknown
15008,省级卫生行政部门,Unknown
15009,放射治疗、核医学工作的卫生审查、竣工验收和设置放射诊疗项目,Unknown
15010,设区的市级卫生行政部门,Unknown
15011,介入放射学工作的卫生审查、竣工验收和设置放射诊疗项目,Unknown
15012,县级卫生行政部门,Unknown
15013,X射线影像诊断工作的卫生审查、竣工验收和设置放射诊疗项目,Unknown
15014,吊销燃气燃烧器具安装维修许可证,Unknown
15015,对采用国家明令淘汰的技术和工艺处理废弃电器电子产品情节严重的行政处罚,Unknown
15016,国务院令第551号公布,Unknown
15017,2019年修订,Unknown
15018,电力法律、行政法规,Unknown
15019,电力企业,Unknown
15020,本条例及根据本条例制定的规章,Unknown
15021,保护电力设施的宣传教育工作,Unknown
15022,"有关部门及沿电力线路各单位,建立群众护线组织并健全责任制",Unknown
15023,"当地公安部门,负责所辖地区电力设施的安全保卫工作",Unknown
15024,钢铁,Unknown
15025,建材,Unknown
15026,有色金属,Unknown
15027,石油,Unknown
15028,化工,Unknown
15029,制药,Unknown
15030,矿产开采,Unknown
15031,第一百零八条第五项,Unknown
15032,对随地吐痰、便溺的行政处罚,Unknown
15033,随地吐痰、便溺,Unknown
15034,道路开挖、管线敷设等施工活动扬尘污染防治,Unknown
15035,住建、城管、交通部门,Unknown
15036,市政设施和交通设施的建设、维修和其他道路开挖、管线敷设等施工活动扬尘污染防治的管理工作,Unknown
15037,住建、交通部门,Unknown
15038,城市轨道交通设施建设、维修施工活动扬尘污染防治的管理工作,Unknown
15039,相关管理部门实施联合执法检查,Unknown
15040,被检查的单位或者个人,Unknown
15041,检查工作,Unknown
15042,执法人员的检查,Unknown
15043,娱乐场所保安人员从事非职务活动,Unknown
15044,娱乐场所保安人员,Unknown
15045,非职务活动,Unknown
15046,县级公安机关,Unknown
15047,辖区公安派出所,Unknown
15048,保安服务企业,Unknown
15049,本办法第二十九条,Unknown
15050,县级公安机关行政处罚,Unknown
15051,计量行政主管部门,Unknown
15052,不按规定使用强制检定标志的行为,Unknown
15053,计量检定机构,Unknown
15054,国家计量单位制的统一和量值的准确可靠,Unknown
15055,不得有,Unknown
15056,不按规定使用、伪造或冒用强制检定标志的行为,Unknown
15057,第十一条第五项,Unknown
15058,价格争议调解处理,Unknown
15059,陕西省价格条例,Unknown
15060,陕西省价格争议调解处理办法,Unknown
15061,价格争议协调机制,Unknown
15062,价格争议调解处理工作,Unknown
15063,价格认定机构,Unknown
15064,具体工作,Unknown
15065,使用低于国家或地方规定的种用标准的农作物种子审批,Unknown
15066,《中华人民共和国种子法》(2021年12月修正,Unknown
15067,由于不可抗力原因，为生产需要必须使用低于国家或者地方规定标准的农作物种子的，应当经用种地县级以上地方人民政府批准,Unknown
15068,光气,Unknown
15069,氯气,Unknown
15070,硫化氢气体,Unknown
15071,承办,Unknown
15072,"规定,罚款",Unknown
15073,"规定,责令立即消除或者限期消除",Unknown
15074,"规定,责令停产停业整顿",Unknown
15075,使用液氨制冷的工贸企业,Unknown
15076,拒绝、阻碍生态环境主管部门或者其他有关部门的监督检查,Unknown
15077,国务院令第573号,Unknown
15078,施工噪声防治方案,Unknown
15079,施工单位未实施施工噪声防治方案,Unknown
15080,取得劳务派遣行政许可,Unknown
15081,被罚款,Unknown
15082,第七十九条,Unknown
15083,第四十九条第三款,Unknown
15084,交通设施投入使用后三个月内清理拆除施工现场及其附属设施并及时恢复植被,Unknown
15085,五万元以上二十万元以下,Unknown
15086,1998年9月国务院令第250号,Unknown
15087,筹备期间开展筹备以外的活动,Unknown
15088,"未经登记,擅自以社会团体名义进行活动",Unknown
15089,被撤销登记的社会团体继续以社会团体名义进行活动,Unknown
15090,工程建设项目勘察设计招标人,Unknown
15091,资格预审合格的潜在投标人,Unknown
15092,投标人组成联合体,Unknown
15093,投标人之间竞争,Unknown
15094,《工程建设项目勘察设计招标投标办法》,Unknown
15095,对擅自转让房地产开发项目的处罚,Unknown
15096,工程招标投标情况的书面报告备案,Unknown
15097,招标投标情况的书面报告备案,Unknown
15098,实施义务教育的民办学校进行关联交易,Unknown
15099,其他民办学校进行关联交易,Unknown
15100,学校利益,Unknown
15101,师生权益,Unknown
15102,退还所收费用,Unknown
15103,决策机构或者监督机构组成人员,Unknown
15104,尾矿库年度、季度作业计划,Unknown
15105,逾期未改正的认证机构,Unknown
15106,自行制定的认证标志,Unknown
15107,相同或者近似,Unknown
15108,与国家推行的认证标志相同或者近似,Unknown
15109,认证基本规范,Unknown
15110,未归档留存,Unknown
15111,未及时,Unknown
15112,与认证有关的检查机构,Unknown
15113,与认证有关的实验室,Unknown
15114,失业保险待遇给付,Unknown
15115,中华人民共和国社会保险法,Unknown
15116,社会保险待遇,Unknown
15117,失业保险工作,Unknown
15118,失业保险金,Unknown
15119,社会保险经办机构按月发放,Unknown
15120,领取失业保险金的单证,Unknown
15121,按照国家规定配备安全检查设施,Unknown
15122,对乘客携带的物品进行安全检查,Unknown
15123,被责令停业一至三个月,Unknown
15124,未按照安全生产许可证核定的产品种类进行生产,Unknown
15125,生产烟花爆竹的企业,Unknown
15126,烟花爆竹安全管理条例,Unknown
15127,对土地复垦情况的监督检查,Unknown
15128,对重复使用的医疗器械，医疗器械使用单位未按照消毒和管理的规定进行处理,Unknown
15129,重复使用一次性使用的医疗器械，或者未按照规定销毁使用过的一次性使用的医疗器械,Unknown
15130,未按照规定将大型医疗器械以及植入和介入类医疗器械的信息记载到病历等相关记录中,Unknown
15131,发现使用的医疗器械存在安全隐患未立即停止使用、通知检修，或者继续使用经检修仍不能达到使用安全标准的医疗器械,Unknown
15132,违规使用大型医用设备，不能保障医疗质量安全的处罚,Unknown
15133,对食品生产许可证有效期内，食品生产者名称、现有设备布局和工艺流程、主要生产设备设施等事项发生变化，需要变更食品生产许可证载明的许可事项，未按规定申请变更的,Unknown
15134,食品生产者的生产场所迁址后未重新申请取得食品生产许可从事食品生产活动的,Unknown
15135,食品生产许可证副本载明的同一食品类别内的事项发生变化，食品生产者未按规定报告的,Unknown
15136,食品生产者终止食品生产，食品生产许可被撤回、撤销或者食品生产许可证被吊销，未按规定申请弄好注销手续的,Unknown
15137,造成固体废物污染环境事故,Unknown
15138,造成重大或者特大固体废物污染环境事故,Unknown
15139,直接经济损失,Unknown
15140,造成一般或者较大固体废物污染环境事故,Unknown
15141,上一年度从本单位取得的收入,Unknown
15142,对法定代表人、主要负责人、直接负责的主管人员和其他责任人员,Unknown
15143,金属非金属地下矿山井下无轨运人车辆,Unknown
15144,金属非金属矿山矿用产品安全标志,Unknown
15145,金属非金属地下矿山重大事故隐患判定标准,Unknown
15146,第九十九条第二项、第三项,Unknown
15147,处一万元以上二万元以下的罚款,Unknown
15148,检测,Unknown
15149,出售、收购国家重点保护野生植物行为,Unknown
15150,野生植物,Unknown
15151,医疗器械进货查验记录制度,Unknown
15152,医疗器械不良事件监测,Unknown
15153,不良事件,Unknown
15154,不良事件调查,Unknown
15155,校准,Unknown
15156,保养,Unknown
15157,维护,Unknown
15158,检查、检验、校准、保养、维护,Unknown
15159,分析,Unknown
15160,评估,Unknown
15161,良好状态,Unknown
15162,原始资料,Unknown
15163,第三类医疗器械,Unknown
15164,出租汽车营运情况,Unknown
15165,监督、检查,Unknown
15166,纠正、制止,Unknown
15167,非法从事巡游出租汽车经营及其他违法行为,Unknown
15168,出租汽车市场秩序,Unknown
15169,《陕西省固体废物污染环境防治条例》,Unknown
15170,化工、有色金属、医药、电镀等行业生产企业的场地,Unknown
15171,危险化学品的生产、储存、使用场地,Unknown
15172,堆放和填埋生活垃圾、危险废物等固体废物的场地,Unknown
15173,省生态环境行政主管部门确定的其他可能存在严重污染风险的场地,Unknown
15174,自行办理招标事宜的备案,Unknown
15175,《陕西省实施&lt;中华人民共和国招投标法&gt;办法》,Unknown
15176,有关行政监督部门备案,Unknown
15177,法人资格或者项目法人资格,Unknown
15178,与招标项目规模和复杂程度相适应的专业技术力量,Unknown
15179,专门的招标机构或者有三名以上专职招标业务人员,Unknown
15180,有关招标投标的法律、法规和规章,Unknown
15181,历史建筑外部修缮装饰、添加设施以及改变历史建筑的结构或者使用性质审批,Unknown
15182,产品未经认证或者认证不合格而擅自使用认证标志出厂销售行为,Unknown
15183,单位负责人,Unknown
15184,《中华人民共和国标准化法实施条例 》,Unknown
15185,1990.04.06,Unknown
15186,建筑装饰装修活动的监督管理,Unknown
15187,建筑装饰装修企业资质和信用的监督管理,Unknown
15188,区县住房建设行政主管部门,Unknown
15189,本辖区建筑装饰装修活动的监督管理,Unknown
15190,区县住房建设行政主管部门履行建筑装饰装修监督管理职责,Unknown
15191,从业人员进行安全培训期间未支付工资并承担安全培训费用,Unknown
15192,安全生产监管监察部门,Unknown
15193,伪造、变造人民币,Unknown
15194,出售、运输假币,Unknown
15195,金融工作人员购买假币、以假币换取货币,Unknown
15196,购买、持有、使用假币,Unknown
15197,变造货币,Unknown
15198,未依法取得养殖证擅自在全民所有的水域从事养殖生产,Unknown
15199,补办养殖证或者限期拆除养殖设施,Unknown
15200,未依法取得养殖证或者超越养殖证许可范围在全民所有的水域从事养殖生产,Unknown
15201,责令限期拆除养殖设施,Unknown
15202,电梯安全技术档案,Unknown
15203,电梯安全监督管理部门,Unknown
15204,《特种设备使用登记证》和《特种设备使用注册登记表》,Unknown
15205,设备及其零部件、安全保护装置的技术文件,Unknown
15206,安装、改造、重大修理的资料,Unknown
15207,日常检查与使用状况记录、维护保养记录、年度自行检查记录或者报告、应急救援演练记录,Unknown
15208,安装、改造、重大修理监督检验报告，定期检验报告,Unknown
15209,设备运行故障与事故记录,Unknown
15210,4年,Unknown
15211,"应当移交,电梯安全技术档案",Unknown
15212,《陕西省电梯安全监督管理办法》,Unknown
15213,对城市污水处理设施特许经营活动的监督检查,Unknown
15214,《基础设施和公用事业特许经营管理办法》,Unknown
15215,县级以上地方人民政府发展改革、财政、国土、环保、住房城乡建设、交通运输、水利、价格、能源、金融监管等有关部门,Unknown
15216,直辖市、市、县人民政府市政公用事业主管部门,Unknown
15217,本行政区域内的市政公用事业特许经营的具体实施,Unknown
15218,获得特许经营权的企业的经营计划实施情况、产品和服务的质量以及安全生产情况进行监督,Unknown
15219,水土保持监测检查,Unknown
15220,水土保持监测工作,Unknown
15221,水土保持监测工作经费,Unknown
15222,具备水土保持监测资质的机构,Unknown
15223,"监测情况定期上报,当地水行政主管部门",Unknown
15224,生产、经营、使用国家禁止生产、经营、使用的危险化学品,Unknown
15225,20 万元以上 50 万元以下的罚款,Unknown
15226,对所生产、经营、使用的危险化学品进行无害化处理,Unknown
15227,"第一款的规定处理,违反国家关于危险化学品使用的限制性规定使用危险化学品",Unknown
15228,取得农药生产许可证的农药生产企业,Unknown
15229,招标代理机构,Unknown
15230,应当保密的与招标投标活动有关的情况和资料,Unknown
15231,五万元以上二十五万元以下,Unknown
15232,禁止其一年至二年内代理依法必须进行招标的项目,Unknown
15233,"他人造成损失,依法承担赔偿责任",Unknown
15234,未开放档案提供利用的审查,Unknown
15235,对有自然发火危险的金属非金属地下矿山，未按规定采取防灭火措施等行为的行政处罚,Unknown
15236,有自然发火危险的矿山,Unknown
15237,构成犯罪的依照刑法有关规定追究刑事责任,Unknown
15238,未经批准制造国务院规定废除的非法定计量单位的计量器具和国务院禁止使用的其他计量器具,Unknown
15239,制造、销售未经型式批准或样机试验合格的计量器具新产品的,Unknown
15240,企业、事业单位制造、修理的计量器具未经出厂检定或经检定不合格而出厂的,Unknown
15241,个体工商户制造、修理计量器具未经检定或经检定不合格而销售或交付用户使用的,Unknown
15242,国家技术监督局令第14号公布,Unknown
15243,工商企业等社会资本通过流转取得林地经营权审批,Unknown
15244,中华人民共和国农村土地承包法,Unknown
15245,工商企业等社会资本通过流转取得土地经营权的资格审查、项目审核和风险防范制度,Unknown
15246,本集体经济组织,Unknown
15247,适量管理费用,Unknown
15248,国务院农业农村、林业和草原主管部门,Unknown
15249,1000元以上5000元以下罚款,Unknown
15250,国家旅游局令第44号,Unknown
15251,《突发公共卫生事件交通应急规定》,Unknown
15252,2004年,Unknown
15253,医疗器械临床试验机构备案,Unknown
15254,临床试验申办者,Unknown
15255,对人体具有较高风险的第三类医疗器械,Unknown
15256,户外广告设施工程质量竣工验收,Unknown
15257,未按照规定进行,Unknown
15258,《注册监理工程师管理规定》,Unknown
15259,"未经注册,擅自以注册监理工程师的名义从事工程监理及相关业务活动",Unknown
15260,"造成损失的,未经注册,擅自以注册监理工程师的名义从事工程监理及相关业务活动",Unknown
15261,涂改、出租、转让营业执照行为,Unknown
15262,处以三千元以下的罚款,Unknown
15263,伪造营业执照行为,Unknown
15264,处以五千元以下的罚款,Unknown
15265,《中华人民共和国个人独资企业法》第三十五条,Unknown
15266,国有建设用地使用权及房屋所有权首次登记,Unknown
15267,统一登记的范围,Unknown
15268,法律、行政法规,Unknown
15269,申请国有建设用地使用权及房屋所有权首次登记,Unknown
15270,陕西省人口与计划生育条例,Unknown
15271,无证驾驶,Unknown
15272,偷开航空器,Unknown
15273,偷开机动船舶,Unknown
15274,《沿海船舶边防治安管理规定》,Unknown
15275,未取得驾驶证驾驶或者偷开他人航空器、机动船舶,Unknown
15276,非法拦截、强行靠登、冲撞或者偷开他人船舶,Unknown
15277,...提出不符合安全生产法律、法规和强制性标准规定的要求的,Unknown
15278,将拆除工程,Unknown
15279,第五十五条,Unknown
15280,职业健康检查,Unknown
15281,二次供水设施的清洗、消毒的监督检查,Unknown
15282,城市人民政府市容环境卫生主管部门,Unknown
15283,将建筑垃圾混入生活垃圾,Unknown
15284,将危险废物混入建筑垃圾,Unknown
15285,擅自设立弃置场受纳建筑垃圾,Unknown
15286,《城市建筑垃圾管理规定》,Unknown
15287,生产经营全覆盖的电子监控系统,Unknown
15288,至少1年,Unknown
15289,暂停打印《报废机动车回收证明》,Unknown
15290,不足1年,Unknown
15291,盗伐林木,Unknown
15292,责令限期在原地或者异地补种盗伐株数一倍以上五倍以下的树木,Unknown
15293,并处盗伐林木价值五倍以上十倍以下的罚款,Unknown
15294,滥伐林木,Unknown
15295,责令限期在原地或者异地补种滥伐株数一倍以上三倍以下的树木,Unknown
15296,可以处滥伐林木价值三倍以上五倍以下的罚款,Unknown
15297,《中华人民共和国森林法》（2019年修订）,Unknown
15298,自行办理施工招标事宜备案,Unknown
15299,房屋建筑和市政基础设施工程施工招标投标管理办法,Unknown
15300,"有关行政监督部门,备案",Unknown
15301,工程所在地县级以上地方人民政府建设行政主管部门,Unknown
15302,招标公告或者投标邀请书,Unknown
15303,"发布前,5日",Unknown
15304,住建部、国家发改委、人社部,Unknown
15305,烟花爆竹零售经营者,Unknown
15306,零售许可证,Unknown
15307,《烟花爆竹经营许可实施办法》,Unknown
15308,零售经营者,Unknown
15309,变更零售点名称,Unknown
15310,主要负责人或者经营场所变更,Unknown
15311,存放的烟花爆竹数量超过零售许可证载明范围,Unknown
15312,不按照劳动保障行政部门的要求报送书面材料,Unknown
15313,隐瞒事实真相,Unknown
15314,出具伪证,Unknown
15315,毁灭证据,Unknown
15316,报送书面材料,Unknown
15317,劳动保障监察条例,Unknown
15318,2000元以上２万元以下的罚款,Unknown
15319,对向不符合规定的单位销售或者购买消耗臭氧层物质行为的行政处罚,Unknown
15320,2023年修订,Unknown
15321,情况,Unknown
15322,检查机关,Unknown
15323,被检查的单位保守商业秘密,Unknown
15324,城镇污水集中处理设施的出水水质和水量进行监督检查,Unknown
15325,质量问题,Unknown
15326,保修期内,Unknown
15327,地方志资料征集,Unknown
15328,县级以上地方人民政府负责地方志工作的机构,Unknown
15329,机关、社会团体、企业事业单位、其他组织以及个人征集有关地方志资料,Unknown
15330,有关资料进行查阅、摘抄、复制,Unknown
15331,国家秘密、商业秘密和个人隐私以及不符合档案开放条件,Unknown
15332,地方志资料所有人或者持有人,Unknown
15333,适当报酬,Unknown
15334,《中华人民共和国陆生野生动物保护实施条例》,Unknown
15335,林业部,Unknown
15336,1992-03,Unknown
15337,2016-02,Unknown
15338,县级以上人民政府或者其野生动物行政主管部门,Unknown
15339,事迹,Unknown
15340,野生动物资源调查,Unknown
15341,保护管理,Unknown
15342,开发利用,Unknown
15343,严格执行野生动物保护法规,Unknown
15344,拯救、保护和驯养繁殖珍贵、濒危野生动物,Unknown
15345,发现违反野生动物保护法规行为,Unknown
15346,"属于,事迹",Unknown
15347,在查处破坏野生动物资源案件中,Unknown
15348,野生动物科学研究,Unknown
15349,基层从事野生动物保护管理,Unknown
15350,其他特殊贡献,Unknown
15351,易制毒化学品生产、经营单位,Unknown
15352,易制毒化学品生产、经营、购买、运输或者进口、出口单位,Unknown
15353,非药品类易制毒化学品生产、经营许可办法,Unknown
15354,非法生产、经营的烟花爆竹,Unknown
15355,按照规定应由专业燃放人员燃放的烟花爆竹,Unknown
15356,非法经营的物品,Unknown
15357,吊销烟花爆竹经营许可证,Unknown
15358,国务院令第455号,Unknown
15359,烟花爆竹经营许可实施办法,Unknown
15360,国家安全生产监督管理总局令第65号,Unknown
15361,礼花弹等按照国家标准规定应当由专业人员燃放的烟花爆竹,Unknown
15362,职业病诊断机构和职业病鉴定办事机构监督检查,Unknown
15363,职业病诊断与鉴定管理办法,Unknown
15364,法律法规、标准的执行情况,Unknown
15365,规章制度建立情况,Unknown
15366,备案的职业病诊断信息真实性情况,Unknown
15367,按照备案的诊断项目开展职业病诊断工作情况,Unknown
15368,开展职业病诊断质量控制、参加质量控制评估及整改情况,Unknown
15369,人员、岗位职责落实和培训情况,Unknown
15370,职业病报告情况,Unknown
15371,设区的市级以上地方卫生健康主管部门,Unknown
15372,职业病鉴定办事机构,Unknown
15373,职业病鉴定工作程序,Unknown
15374,制度落实情况,Unknown
15375,职业病报告,Unknown
15376,两非案件举报奖励,Unknown
15377,禁止非医学需要的胎儿性别鉴定和选择性别人工终止妊娠的规定,Unknown
15378,权力类型:行政强制,Unknown
15379,1999年5月国务院令第266号,Unknown
15380,2017年3月国务院令第676号,Unknown
15381,产品对养殖动物、人体健康有害或者存在其他安全隐患,Unknown
15382,召回产品,Unknown
15383,销毁产品,Unknown
15384,无害化处理或者销毁产品,Unknown
15385,船舶所有人或者经营人,Unknown
15386,因拖离发生的费用,Unknown
15387,石油天然气总发包单位,Unknown
15388,分项发包单位,Unknown
15389,金属非金属矿山总发包单位,Unknown
15390,违反本办法第十条、第十四条的规定,Unknown
15391,处 1 万元以上 3 万元以下的罚款,Unknown
15392,举报计量违法行为的单位和个人,Unknown
15393,国务院关于印发计量发展规划（2021-2035年）的通知,Unknown
15394,对学校食堂及学生集体用餐的检查,Unknown
15395,《学校食堂与学生集体用餐卫生管理规定》,Unknown
15396,各级教育行政部门及学校所属的卫生保健机构,Unknown
15397,对学校食堂及学生集体用餐的业务指导和检查督促的职责,Unknown
15398,文件,Unknown
15399,"为非法销售窃听窃照专用器材、""伪基站""设备提供广告设计、制作、代理、发布",Unknown
15400,"《禁止非法生产销售使用窃听窃照专用器材和""伪基站""设备的规定》（国家工商总局令第72号，2014年12月23日公布）",Unknown
15401,上市销售、经营或者进口未备案的普通化妆品,Unknown
15402,未依照本条例规定设质量安全负责人,Unknown
15403,化妆品注册人、备案人未对受托生产企业的生产活动进行监督,Unknown
15404,未依照本条例规定建立并执行从业人员健康管理制度,Unknown
15405,生产经营标签不符合规定的化妆品,Unknown
15406,食品生产经营企业等单位的法定代表人、主要负责人、直接负责的主管人员和其他直接责任人员,Unknown
15407,《食品安全法实施条例》,Unknown
15408,食品生产经营企业等单位,Unknown
15409,违法情形,Unknown
15410,法定代表人、主要负责人、直接负责的主管人员和其他直接责任人员,Unknown
15411,单位的法定代表人、主要负责人、直接负责的主管人员和其他直接责任人员,Unknown
15412,上一年度从本单位取得收入的1倍以上10倍以下,Unknown
15413,检验体内酒精,Unknown
15414,国家管制的精神药品,Unknown
15415,麻醉药品含量,Unknown
15416,对转播、链接、聚合、集成非法的广播电视频道和视听节目网站内容的行为的行政处罚,Unknown
15417,《互联网视听节目服务管理规定》,Unknown
15418,广电总局、信息产业部于2007年12月发布,Unknown
15419,国家新闻出版广电总局于2015年8月修订,Unknown
15420,转播、链接、聚合、集成非法的广播电视频道和视听节目网站内容的,Unknown
15421,县级以上广播电影电视主管部门予以警告、责令改正,Unknown
15422,擅自插播、截留视听节目信号的,Unknown
15423,《广播电视管理条例》第五十一条之规定予以处罚,Unknown
15424,对企业违反规定披露环境信息超过规定时限的行政处罚,Unknown
15425,危害发电设施、变电设施和电力线路设施,Unknown
15426,《陕西省电力设施和电能保护条例》,Unknown
15427,县级以上电力行政主管部门,Unknown
15428,国务院《电力设施保护条例》,Unknown
15429,架空电力线路保护区,Unknown
15430,燃放烟花爆竹,Unknown
15431,悬挂气球,Unknown
15432,放风筝,Unknown
15433,垂钓,Unknown
15434,变压器台架,Unknown
15435,攀登,Unknown
15436,杆塔,Unknown
15437,拉线,Unknown
15438,拒绝调查机关及其工作人员,Unknown
15439,地方人民政府交通主管部门,Unknown
15440,国务院令第335号,Unknown
15441,教师申诉,Unknown
15442,学校或者其他教育机构,Unknown
15443,当地人民政府有关行政部门,Unknown
15444,同级人民政府或者上一级人民政府有关部门,Unknown
15445,人员密集场所,Unknown
15446,不符合市场准入的消防产品,Unknown
15447,使用者,Unknown
15448,《陕西省艾滋病防治条例》第三十八条规定,Unknown
15449,一次性注射器、输液器,Unknown
15450,废弃的一次性医疗卫生用品,Unknown
15451,输血、用血和医疗卫生用品、器械的消毒制度和操作规程,Unknown
15452,腔镜检查、口腔治疗、介入治疗、血液透析等有创医疗活动,Unknown
15453,中国人民银行违规行为,Unknown
15454,"金融监管二处,构成,承办机构",Unknown
15455,"规定,设区的市、县（市、区）地方金融监管部门",Unknown
15456,"规定,地方金融组织发生变更事项应当按照国家和本省有关规定，经省地方金融监督管理部门批准或者备案",Unknown
15457,"规定,违反本条例第九条规定，地方金融组织发生变更事项未经批准或者备案的处罚措施",Unknown
15458,"相关经营证件,地方金融组织",Unknown
15459,被审计单位,Unknown
15460,中华人民共和国审计法,Unknown
15461,审计法规定,Unknown
15462,临时活动地点,Unknown
15463,相关规定,Unknown
15464,《中华人民共和国进出口商品检验法》,Unknown
15465,国务院令第263号,Unknown
15466,特种设备的监督检查,Unknown
15467,机电处,Unknown
15468,承压处,Unknown
15469,2018年第三次修改,Unknown
15470,安全生产岗位责任制,Unknown
15471,安全操作规程,Unknown
15472,体育设施、设备、器材的使用说明及安全检查等制度,Unknown
15473,社会体育指导人员和救助人员名录及照片,Unknown
15474,经营场所中做出真实说明和明确警示,Unknown
15475,措施防止危害发生,Unknown
15476,体育设施、设备、器材的维护保养及定期检测,Unknown
15477,经营期间具有不低于规定数量的社会体育指导人员和救助人员,Unknown
15478,社会体育指导人员和救助人员,Unknown
15479,能标明其身份的醒目标识,Unknown
15480,危险废物跨省级行政区域转移审批,Unknown
15481,固体处,Unknown
15482,《危险废物转移管理办法》,Unknown
15483,对肥料生产经营使用的监督检查,Unknown
15484,《肥料登记管理办法》,Unknown
15485,本行政区域内的肥料监督管理工作,Unknown
15486,辖区内的肥料生产、经营和使用单位的肥料进行定期或不定期监督、检查,Unknown
15487,肥料监督、检查,Unknown
15488,质量不合格的产品,Unknown
15489,质量连续不合格的产品,Unknown
15490,不予续展,Unknown
15491,"不再符合资质条件,经责令限期改正未改正或者在改正期间继续从事相应社会消防技术服务活动",Unknown
15492,对旅行社未将旅游目的地接待旅行社的情况告知旅游者的行政处罚,Unknown
15493,拒绝、阻碍计量监督检查,Unknown
15494,对拒绝、阻碍计量监督检查的行政处罚,Unknown
15495,各种计量活动实施监督检查,Unknown
15496,拒绝、阻碍依法开展的计量监督检查,Unknown
15497,雷电防护装置设计审核,Unknown
15498,《零售商供应商公平交易管理办法》,Unknown
15499,商务部、发展改革委、公安部、税务总局、工商总局令[2006]第17号公布,Unknown
15500,协助组织、运送他人偷越国(边,Unknown
15501,船舶及有关作业单位从事有污染风险的作业活动，未按照规定采取污染防治措施的,Unknown
15502,以冲滩方式进行船舶拆解经责令限期治理逾期不采取治理措施的代履行,Unknown
15503,海事管理机构、渔业主管部门,Unknown
15504,商品零售场所的经营者、开办单位或出租单位,Unknown
15505,本办法第六条有关竞争行为和第七条,Unknown
15506,塑料购物袋价格,Unknown
15507,消费者购买塑料购物袋的数量、单价和款项,Unknown
15508,伪造申请材料骗取地图审核批准文件,Unknown
15509,伪造地图审核批准文件和审图号,Unknown
15510,冒用地图审核批准文件和审图号,Unknown
15511,依法处置不安全食品,Unknown
15512,食品生产经营者依法处置不安全食品,Unknown
15513,二万元以上三万元以下罚款,Unknown
15514,不安全食品,Unknown
15515,定期检测,Unknown
15516,监控,Unknown
15517,应急措施,Unknown
15518,直接关系公共安全、人身健康、生命财产安全事项,Unknown
15519,该行政许可,Unknown
15520,对高危险性体育项目经营者不配合检查的处罚,Unknown
15521,民办非企业单位印章样式,Unknown
15522,民办非企业单位银行账号备案,Unknown
15523,印章式样,Unknown
15524,"公安机关备案,印章",Unknown
15525,阻挠安装人民防空通信、警报设施，拒不改正的行为,Unknown
15526,卖淫,Unknown
15527,嫖娼,Unknown
15528,拉客嫖娼,Unknown
15529,违法生产、销售、使用、转让、进口、贮存放射性同位素和射线装置以及装备有放射性同位素的仪表的行政处罚,Unknown
15530,机动车注册登记,Unknown
15531,《机动车登记规定》(公安部124号令),Unknown
15532,初次申领机动车号牌、行驶证的注册登记申请,Unknown
15533,违法使用用语或名称,Unknown
15534,利用举办健身气功活动从事违法活动,Unknown
15535,货物运输车辆改装,Unknown
15536,具备资质的企业,Unknown
15537,货物运输车辆,Unknown
15538,外廓尺寸,Unknown
15539,主要承载构件,Unknown
15540,货物运输经营者,Unknown
15541,已取得车辆营运证的车辆,Unknown
15542,非法改装货物运输车辆,Unknown
15543,金属非金属地下矿山企业领导,Unknown
15544,带班下井交接班记录,Unknown
15545,带班下井登记档案,Unknown
15546,运动员,Unknown
15547,体育道德和体育赛事规则,Unknown
15548,裁判员,Unknown
15549,中华人民共和国体育法,Unknown
15550,利用体育赛事从事赌博活动者,Unknown
15551,车辆通行费征收,Unknown
15552,西安市收费公路管理中心,Unknown
15553,收费公路管理条例,Unknown
15554,陕西省收费公路管理办法,Unknown
15555,公路,Unknown
15556,公路收费单位,Unknown
15557,省、自治区、直辖市人民政府交通主管部门,Unknown
15558,审查批准,Unknown
15559,省人民政府交通行政主管部门,Unknown
15560,收费公路项目,Unknown
15561,分包人,Unknown
15562,转让、分包项目金额,Unknown
15563,燃气燃烧器具生产单位,Unknown
15564,售后服务站点,Unknown
15565,燃气燃烧器具销售单位,Unknown
15566,经考核合格的燃气燃烧器具安装、维修人员,Unknown
15567,未设立售后服务站点,Unknown
15568,未配备经考核合格的燃气燃烧器具安装、维修人员,Unknown
15569,违法生产经营的食品添加剂,Unknown
15570,用于违法生产经营的原料,Unknown
15571,生产经营的食品、食品添加剂的标签、说明书存在瑕疵,Unknown
15572,拒不改正的,Unknown
15573,建筑节能专项监理实施细则,Unknown
15574,民用建筑工程节能专项监理实施细则,Unknown
15575,施工单位不按照建筑节能强制性标准和施工图施工,Unknown
15576,问题,Unknown
15577,施工单位改正,Unknown
15578,辖区住房建设行政主管部门,Unknown
15579,实名举报人奖励,Unknown
15580,《社会保险基金监督举报工作管理办法》,Unknown
15581,《陕西省社会保险基金监督举报奖励实施细则》,Unknown
15582,举报人,Unknown
15583,举报事项,Unknown
15584,查证属实,Unknown
15585,社会保险基金挽回或者减少重大损失,Unknown
15586,举报奖励,Unknown
15587,查处举报事项的人力资源社会保障行政部门负责实施,Unknown
15588,损坏、挪用消防设施、器材的处罚,Unknown
15589,消防设施、器材或者消防安全标志的配置、设置,Unknown
15590,国家标准、行业标准,Unknown
15591,完好有效,Unknown
15592,有本条第一款第三项、第四项、第五项、第六项行为,Unknown
15593,对食用菌菌种质量的监督检查,Unknown
15594,《食用菌菌种管理办法》,Unknown
15595,全国菌种工作,Unknown
15596,本行政区域内的菌种管理工作,Unknown
15597,制定全国菌种质量监督抽查规划和本级监督抽查计划,Unknown
15598,对本行政区域内菌种质量的监督,Unknown
15599,全国规划,Unknown
15600,本级监督抽查计划,Unknown
15601,当地实际情况,Unknown
15602,政府指导价,Unknown
15603,政府定价,Unknown
15604,法定的价格干预措施,Unknown
15605,紧急措施,Unknown
15606,中华人民共和国价格法,Unknown
15607,可以并处,Unknown
15608,可以处以,Unknown
15609,没有违法所得的经营者,Unknown
15610,情节严重的经营者,Unknown
15611,违法所得和违法销售的药品,Unknown
15612,第二类精神药品零售资格,Unknown
15613,社区矫正法,Unknown
15614,社区矫正法实施办法,Unknown
15615,陕西省社区矫正实施细则,Unknown
15616,社区矫正对象,Unknown
15617,减刑条件,Unknown
15618,社区矫正机构,Unknown
15619,减刑建议,Unknown
15620,同级人民检察院,Unknown
15621,社区矫正执行地的中级以上人民法院,Unknown
15622,原审生效裁判文书,Unknown
15623,执行通知书,Unknown
15624,考核奖惩记录,Unknown
15625,确有悔改表现或者立功、重大立功表现的书面证明材料,Unknown
15626,市级社区矫正机构,Unknown
15627,省级社区矫正机构,Unknown
15628,禁止的棉花加工设备,Unknown
15629,异性纤维和其他有害物质,Unknown
15630,棉花,Unknown
15631,加工后的棉花,Unknown
15632,皮辊机,Unknown
15633,轧花机,Unknown
15634,打包机,Unknown
15635,对加油站等的地下油罐未使用双层罐或者采取建造防渗池等其他有效措施，或者未进行防渗漏监测的行政处罚,Unknown
15636,烟花爆竹生产企业安全生产许可证实施办法,Unknown
15637,陕西省应急管理厅关于委托部分行政处罚事项的通知,Unknown
15638,陕西省行政区域内涉及安全生产许可的非煤矿山企业,Unknown
15639,陕西省行政区域内涉及安全生产许可的煤矿企业,Unknown
15640,陕西省行政区域内涉及安全生产许可的危险化学品和烟花爆竹生产企业,Unknown
15641,对未取得医疗机构执业许可证擅自执业的处罚,Unknown
15642,对伪造、变造、买卖、出租、出借医疗机构执业许可证的处罚,Unknown
15643,中华人民共和国基本医疗卫生与健康促进法,Unknown
15644,对拒不补齐娱乐场所备案项目进行行政处罚,Unknown
15645,《娱乐场所治安管理办法》,Unknown
15646,公安部令第103号发布,Unknown
15647,责令限期改正或者治理,Unknown
15648,盐渍化,Unknown
15649,直销员业务培训,Unknown
15650,直销培训员,Unknown
15651,授课人员,Unknown
15652,"对合伙企业未在其名称中标明""普通合伙""、""特殊普通合伙""或者""有限合伙""字样行为的行政处罚",Unknown
15653,《中华人民共和国合伙企业法》（2006修订） 第九十四条,Unknown
15654,合伙企业,Unknown
15655,凿井施工单位,Unknown
15656,相应资质,Unknown
15657,凿井工程,Unknown
15658,凿井方案,Unknown
15659,未按照,Unknown
15660,"""依申请更正登记""",Unknown
15661,水土保持法,Unknown
15662,固定资产投资项目备案,Unknown
15663,《单用途商业预付卡管理办法（试行）》,Unknown
15664,商务部发布,Unknown
15665,2012年第9号,Unknown
15666,2016年,Unknown
15667,发卡企业,Unknown
15668,开展单用途卡业务,Unknown
15669,开展单用途卡业务之日起30日内,Unknown
15670,违法行为发生地县级以上地方人民政府商务主管部门,Unknown
15671,造成交通事故逃逸,Unknown
15672,对随意倾倒、抛撒或者堆放建筑垃圾的行政处罚,Unknown
15673,"依据,《城市建筑垃圾管理规定》",Unknown
15674,200元以下,Unknown
15675,公共场所的管理者和电信业务经营者、互联网信息服务提供者,Unknown
15676,不予制止,Unknown
15677,违法所得五万元以上的,Unknown
15678,一倍以上三倍以下,Unknown
15679,违法所得不足五万元的,Unknown
15680,停止相关业务,Unknown
15681,公共场所的管理者或者电信业务经营者、互联网信息服务提供者,Unknown
15682,违法广告,Unknown
15683,损毁或者擅自移动永久性测量标志,Unknown
15684,侵占永久性测量标志用地,Unknown
15685,在永久性测量标志安全控制范围内从事危害测量标志安全和使用效能的活动,Unknown
15686,"在测量标志占地范围内,建设影响测量标志使用效能的建筑物",Unknown
15687,"擅自拆除永久性测量标志或者使永久性测量标志失去使用效能,或者拒绝支付迁建费用",Unknown
15688,"违反操作规程使用永久性测量标志,造成永久性测量标志毁损",Unknown
15689,超数量饲养犬只,Unknown
15690,没收犬只,Unknown
15691,医疗废物流失,Unknown
15692,医疗废物泄漏,Unknown
15693,医疗废物扩散,Unknown
15694,紧急处理措施,Unknown
15695,向卫生行政主管部门报告,Unknown
15696,向环境保护行政主管部门报告,Unknown
15697,经营许可证件,Unknown
15698,卫生部、国家环境保护总局令第21号,Unknown
15699,环境保护部令第16号,Unknown
15700,疏导,Unknown
15701,限制通行,Unknown
15702,禁止通行,Unknown
15703,交通限制措施,Unknown
15704,交通管制,Unknown
15705,道路和交通流量的具体情况,Unknown
15706,"机动车采取,疏导",Unknown
15707,"机动车采取,限制通行",Unknown
15708,"机动车采取,禁止通行",Unknown
15709,"非机动车采取,疏导",Unknown
15710,"非机动车采取,限制通行",Unknown
15711,"非机动车采取,禁止通行",Unknown
15712,"行人采取,疏导",Unknown
15713,"行人采取,限制通行",Unknown
15714,"行人采取,禁止通行",Unknown
15715,需要采取限制交通的措施,Unknown
15716,提前向社会公告,Unknown
15717,遇有自然灾害,Unknown
15718,遇有恶劣气象条件,Unknown
15719,遇有重大交通事故,Unknown
15720,2016年第二次修订,Unknown
15721,高危险性体育项目经营者,Unknown
15722,无害化处理场所,Unknown
15723,饲养的动物,Unknown
15724,饲养的种用、乳用动物,Unknown
15725,国务院农业农村主管部门的要求,Unknown
15726,饲养的犬只,Unknown
15727,动物、动物产品的运载工具,Unknown
15728,未按照规定,Unknown
15729,未清洗,Unknown
15730,未消毒,Unknown
15731,中医医疗机构设置审批,Unknown
15732,设置医疗机构批准书,Unknown
15733,持有大型客车、牵引车、城市公交车、中型客车、大型货车驾驶证的驾驶人,Unknown
15734,损坏使用中的杆塔基础,Unknown
15735,损坏、拆卸、盗窃使用中或备用塔材、导线等电力设施,Unknown
15736,拆卸、盗窃使用中或备用变压器等电力设备,Unknown
15737,破坏电力设备、危害公共安全构成犯罪,Unknown
15738,《电力设施保护条例实施细则》,Unknown
15739,2024年1月4日,Unknown
15740,国家经贸委、公安部,Unknown
15741,建筑业企业资质管理规定,Unknown
15742,不如实提供有关材料或者拒绝、阻碍监督检查,Unknown
15743,安管人员未按规定办理证书变更,Unknown
15744,行为人,Unknown
15745,动物诊疗机构和人员执行法律、法规、规章情况,Unknown
15746,动物诊疗机构的监督管理,Unknown
15747,动物诊疗机构和人员执行法律、法规、规章的情况,Unknown
15748,承修无公安交通管理部门出具的车辆变更,Unknown
15749,承修交通肇事逃逸车辆不报,Unknown
15750,回收无报废证明的机动车,Unknown
15751,对机动车修理企业和个体工商户处5000元以上三万元以下罚款,Unknown
15752,对报废机动车回收企业处5000元以上三万元以下罚款,Unknown
15753,对前款机动车修理企业和报废机动车回收企业直接负责的主管人员和其他直接责任人员处警告或2000元以下罚款,Unknown
15754,毁损、覆盖、涂改、擅自拆除或者移动燃气设施安全警示标志,Unknown
15755,宗教的独立自主自办原则,Unknown
15756,宗教院校,Unknown
15757,登记管理机关或者批准设立机关,Unknown
15758,日常活动,Unknown
15759,管理组织,Unknown
15760,",违法所得,非法财物",Unknown
15761,前款第一项、第二项、第五项、第六项、第七项、第八项、第九项、第十二项、第十三项行为之一,Unknown
15762,前款第三项、第四项、第十项、第十一项行为之一,Unknown
15763,擅自从事,Unknown
15764,锅炉维修或者日常维护保养,Unknown
15765,压力容器维修或者日常维护保养,Unknown
15766,电梯维修或者日常维护保养,Unknown
15767,起重机械维修或者日常维护保养,Unknown
15768,客运索道维修或者日常维护保养,Unknown
15769,大型游乐设施维修或者日常维护保养,Unknown
15770,场（厂）内专用机动车辆维修或者日常维护保养,Unknown
15771,国务院令第373号,Unknown
15772,2009年1月24日国务院令第549号,Unknown
15773,对食品生产经营者生产经营的食品符合食品安全标准但不符合食品所标注的企业标准规定的食品安全指标行为的行政处罚,Unknown
15774,停止经营该食品,Unknown
15775,不符合企业标准规定的食品安全指标的食品,Unknown
15776,"货值金额不足1万元的,并处1万元以上5万元以下罚款",Unknown
15777,"货值金额1万元以上的,并处货值金额5倍以上10倍以下罚款",Unknown
15778,国务院令第557号,Unknown
15779,2019年10月11日国务院令第721号,Unknown
15780,枪支(弹药)运输许可证,Unknown
15781,枪支运输许可证,Unknown
15782,中华人民共和国枪支管理法,Unknown
15783,射击竞技体育运动枪支管理办法,Unknown
15784,射击竞技体育运动单位及运动员,Unknown
15785,枪支弹药携运许可证,Unknown
15786,射击竞赛通知(或者邀请函),Unknown
15787,办理枪支弹药携运许可证的材料,Unknown
15788,民用枪支持枪证复印件,Unknown
15789,业务主管单位的批准文件,Unknown
15790,职业介绍机构,Unknown
15791,职业技能培训机构,Unknown
15792,职业技能考核鉴定机构,Unknown
15793,情节严重的机构,Unknown
15794,报废义务,Unknown
15795,使用登记证书注销手续,Unknown
15796,特种设备监督管理部门,Unknown
15797,有关特种设备,Unknown
15798,解体,Unknown
15799,压扁,Unknown
15800,使用功能,Unknown
15801,向登记部门办理使用登记证书注销手续,Unknown
15802,西安市特种设备安全条例,Unknown
15803,特种设备使用单位未依法履行报废义务,Unknown
15804,特种设备使用单位未办理使用登记证书注销手续,Unknown
15805,特种设备存在严重事故隐患,Unknown
15806,特种设备无改造、修理价值,Unknown
15807,特种设备达到安全技术规范规定的其他报废条件,Unknown
15808,用人单位和个人,Unknown
15809,与社会保险有关的资料,Unknown
15810,被检查方,Unknown
15811,运输车辆驾驶人,Unknown
15812,违反第二十三条规定的行为进行处罚,Unknown
15813,"对水利工程监理单位与建设单位或者建筑施工企业串通,弄虚作假、降低工程质量",Unknown
15814,工程监理单位转让监理业务,Unknown
15815,工程监理单位与被监理工程的施工承包单位以及建筑材料、建筑构配件和设备供应单位有隶属关系或者其他利害关系承担该项建设工程的监理业务行为,Unknown
15816,水泥生产企业,Unknown
15817,散装水泥发放量,Unknown
15818,《西安市散装水泥管理条例》（2021年修正）,Unknown
15819,未采取防止可燃气体在周边密闭或者半密闭空间内积聚措施,Unknown
15820,对在医疗卫生与健康事业中做出突出贡献的组织和个人的表彰奖励,Unknown
15821,《中华人民共和国基本医疗卫生与健康促进法》第十三条,Unknown
15822,各级发展改革部门,Unknown
15823,同级行业管理,Unknown
15824,城乡规划,Unknown
15825,国土资源,Unknown
15826,环境保护,Unknown
15827,金融监管,Unknown
15828,安全生产监管,Unknown
15829,项目申报单位,Unknown
15830,项目情况,Unknown
15831,外商投资项目,Unknown
15832,项目申报单位执行项目情况和外商投资项目核准或备案情况进行稽察和监督检查,Unknown
15833,发展规划、产业政策、准入标准、诚信记录等信息的横向互通制度,Unknown
15834,违法违规行为,Unknown
15835,不良信用记录,Unknown
15836,调漆间,Unknown
15837,喷漆室,Unknown
15838,使用非水性漆的调漆间,Unknown
15839,使用非水性漆的喷漆室,Unknown
15840,"受到,罚款",Unknown
15841,在饮用水水源二级保护区内新建、改建、扩建排放污染物的建设项目,Unknown
15842,洗染企业的登记注册,Unknown
15843,服务产品质量和经营行为,Unknown
15844,侵害消费者合法权益的违法行为,Unknown
15845,代理记账机构年度备案,Unknown
15846,2016年财政部令第80号公布,Unknown
15847,2019年财政部令第98号修订,Unknown
15848,审批机关,Unknown
15849,批准除会计师事务所以外的机构从事代理记账业务,Unknown
15850,具体审批机关,Unknown
15851,于每年4月30日之前报送材料,Unknown
15852,代理记账机构基本情况表,Unknown
15853,专职从业人员变动情况,Unknown
15854,代理记账机构分支机构,Unknown
15855,属于处理品未予显著标明而销售的,Unknown
15856,没收违法销售所得,Unknown
15857,可以并处违法销售所得一倍以下的罚款,Unknown
15858,对家庭服务机构的监督检查,Unknown
15859,监督管理家庭服务机构的服务质量,Unknown
15860,本行政区域内家庭服务业的监督管理,Unknown
15861,违法经营行为,Unknown
15862,违反治安管理相关财物的追缴,Unknown
15863,办理治安案件所查获的物品,Unknown
15864,毒品、淫秽物品等违禁品，赌具、赌资，吸食、注射毒品的用具以及直接用于实施违反治安管理行为的本人所有的工具,Unknown
15865,违反治安管理所得的财物,Unknown
15866,追缴退还被侵害人,Unknown
15867,登记造册，公开拍卖或者按照国家有关规定处理,Unknown
15868,所得款项,Unknown
15869,国库,Unknown
15870,机动车大气污染防治的行政检查,Unknown
15871,2015年5月26日,Unknown
15872,相邻的采石场,Unknown
15873,300米,Unknown
15874,继续从事医疗器械经营活动,Unknown
15875,对未按与委托方约定或者有关规定处置样品行为的行政处罚,Unknown
15876,第二十九条第二款,Unknown
15877,与委托方的约定处置样品,Unknown
15878,质量检验机构的规定处置样品,Unknown
15879,质量技术监督部门,Unknown
15880,"有关行政管理部门,责令改正,违反本条例第二十九条第二款规定的行为",Unknown
15881,"有关行政管理部门,可以处,二千元以上一万元以下罚款",Unknown
15882,"质量检验结束后的样品,应当按照与委托方的约定处置",Unknown
15883,"质量检验结束后的样品,未约定的按照,质量检验机构的规定处置",Unknown
15884,与国家规定相抵触,Unknown
15885,国务院令第625号公布,Unknown
15886,国内水路运输管理条例,Unknown
15887,撤销许可,Unknown
15888,国务院交通运输主管部门或者负责水路运输管理的部门,Unknown
15889,不受理申请,Unknown
15890,行政区域界线管理条例,Unknown
15891,全国行政区域界线管理工作,Unknown
15892,本行政区域界线管理工作,Unknown
15893,行政区域界线毗邻的县级以上地方各级人民政府,Unknown
15894,行政区域界线联合检查制度,Unknown
15895,联合检查,Unknown
15896,社区矫正执行地变更异议指定,Unknown
15897,《社区矫正法实施办法》,Unknown
15898,受委托的司法所,Unknown
15899,执行地县级社区矫正机构,Unknown
15900,新执行地县级社区矫正机构,Unknown
15901,征求意见函,Unknown
15902,是否同意接收的意见,Unknown
15903,"回复意见,作出决定",Unknown
15904,"回复意见,有异议",Unknown
15905,上一级社区矫正机构,Unknown
15906,异议,Unknown
15907,经济适用住房产权完善确认,Unknown
15908,对向水体排放油类、酸碱液或剧毒废液或在水体清洗贮存过油类或有毒物质车辆或容器的代履行,Unknown
15909,未经政府或者政府主管部门审核批准和工商行政管理部门核准登记,Unknown
15910,以企业名义进行生产经营活动,Unknown
15911,向登记机关弄虚作假、隐瞒真实情况,Unknown
15912,中华人民共和国全民所有制工业企业法,Unknown
15913,2009,Unknown
15914,设立企业,Unknown
15915,依照法律和国务院规定,Unknown
15916,政府或者政府主管部门审核批准,Unknown
15917,工商行政管理部门核准登记,Unknown
15918,给予警告或者处以罚款,Unknown
15919,对实施劳动合同制度情况和劳动保障事项的监督检查,Unknown
15920,出入境证件真伪鉴定,Unknown
15921,中华人民共和国主席令第五十七号,Unknown
15922,动火、进入受限空间等特殊作业管理制度,Unknown
15923,对指使、强令他人违反消防安全规定冒险作业的处罚,Unknown
15924,指使或者强令他人违反消防安全规定,Unknown
15925,"处罚,十日以上十五日以下拘留",Unknown
15926,"处罚,五百元以下罚款",Unknown
15927,外国人居留许可证核发,Unknown
15928,对收费单位未按规定实行收费公示的行政处罚,Unknown
15929,收费单位,Unknown
15930,实行收费公示,Unknown
15931,县级以上财政部门或者价格主管部门,Unknown
15932,五千元以下的罚款,Unknown
15933,收费公示制度,Unknown
15934,行政事业性收费证,Unknown
15935,收费依据,Unknown
15936,收费范围,Unknown
15937,通过设置举报设施,Unknown
15938,通过公布举报电话,Unknown
15939,一百元以上五百元以下罚款,Unknown
15940,西安市城市房屋使用安全行政主管部门,Unknown
15941,房屋安全鉴定机构,Unknown
15942,鉴定结论,Unknown
15943,专业规范、标准和规程,Unknown
15944,客观、真实,Unknown
15945,房屋使用安全状况,Unknown
15946,收集,Unknown
15947,贮存,Unknown
15948,信息,Unknown
15949,"工业和信息化主管部门,联合,责令改正",Unknown
15950,"国家有关标准和规定要求,拆卸",Unknown
15951,"国家有关标准和规定要求,收集",Unknown
15952,"国家有关标准和规定要求,贮存",Unknown
15953,"国家有关标准和规定要求,运输",Unknown
15954,"国家有关标准和规定要求,回收利用",Unknown
15955,"信息,录入,有关平台",Unknown
15956,对寻衅滋事的处罚,Unknown
15957,结伙斗殴的处罚,Unknown
15958,追逐、拦截他人的处罚,Unknown
15959,强拿硬要或者任意损毁、占用公私财物的处罚,Unknown
15960,其他寻衅滋事行为的处罚,Unknown
15961,假冒伪劣配件,Unknown
15962,已报废的机动车,Unknown
15963,改装机动车,Unknown
15964,报废车辆,Unknown
15965,船舶油污损害民事责任保险证书,Unknown
15966,保险单证,Unknown
15967,或其他财务保证证明,Unknown
15968,《中华人民共和国船舶油污损害民事责任保险实施办法》,Unknown
15969,对无证、不按照经营许可证规定从事危险废物经营活动的行政处罚,Unknown
15970,代为处理或者实施退役,Unknown
15971,代为实施退役,Unknown
15972,涉辐单位,Unknown
15973,未依照规定报告化妆品新原料使用和安全情况行为,Unknown
15974,国务院药品监督管理部门,Unknown
15975,情节严重时吊销化妆品新原料注册证或者取消化妆品新原料备案,Unknown
15976,处20万元以上50万元以下罚款,Unknown
15977,"""大型宗教活动许可""",Unknown
15978,金属非金属露天矿山采场,Unknown
15979,安全平台和清扫平台,Unknown
15980,露天采场未按设计设置安全平台和清扫平台,Unknown
15981,建设工程施工范围内有排水管网等城镇排水与污水处理设施,Unknown
15982,建设单位应当与施工单位、设施维护运营单位共同制定设施保护方案，并采取相应的安全保护措施,Unknown
15983,有关单位未与施工单位、设施维护运营单位等共同制定设施保护方案，并采取相应的安全防护措施,Unknown
15984,"未安排劳务人员接受培训,组织劳务人员赴国外工作",Unknown
15985,未依照本条例规定为劳务人员购买在国外工作期间的人身意外伤害保险,Unknown
15986,未依照本条例规定安排随行管理人员,Unknown
15987,未按规定为劳务人员购买在国外工作期间的人身意外伤害保险,Unknown
15988,未按规定安排随行管理人员,Unknown
15989,《农业综合行政执法事项指导目录（2020年版）》,Unknown
15990,金属非金属地下矿山井下主要排水系统,Unknown
15991,规定或设计不符,Unknown
15992,未对承包单位、承租单位的安全生产工作统一协调、管理,Unknown
15993,逾期未改正的生产经营单位,Unknown
15994,对企业恶意拖欠工程款或者劳务人员工资,Unknown
15995,隐瞒或谎报、拖延报告工程质量安全事故,Unknown
15996,破坏事故现场、阻碍对事故调查的,Unknown
15997,未按规定落实现场管理人员和技术工人持证上岗要求,Unknown
15998,对城市污水处理和再生水利用设施安全保护方案的批准,Unknown
15999,保护方案,Unknown
16000,所有权人及管理养护责任单位同意,Unknown
16001,《西安市城市污水处理和再生水利用条例》（2020修正）,Unknown
16002,粉碎、研磨、造粒等易产生机械点燃源的工艺设备前，未设置铁、石等杂物去除装置，或者木制品加工企业与砂光机连接的风管未设置火花探测消除装置的,Unknown
16003,安全设备的安装、使用、检测、改造和报废不符合国家标准或者行业标准的,Unknown
16004,《中华人民共和国土地管理法》(2019年修正),Unknown
16005,托育机构,Unknown
16006,托育服务相关标准和规范,Unknown
16007,虐待婴幼儿行为,Unknown
16008,中华人民共和国人口与计划生育法,Unknown
16009,情节严重的托育机构,Unknown
16010,五千元以上五万元以下的罚款,Unknown
16011,终身不得从事婴幼儿照护服务,Unknown
16012,承包经营权首次登记,Unknown
16013,对执业兽医和乡村兽医备案,Unknown
16014,继续教育,Unknown
16015,执行法律、法规、规章情况的监督检查,Unknown
16016,执业兽医和乡村兽医管理工作,Unknown
16017,执业兽医和乡村兽医执行法律、法规、规章的情况,Unknown
16018,普通高校国家助学金资助,Unknown
16019,陕西省高等学校国家助学金管理暂行办法,Unknown
16020,家庭经济困难学生,Unknown
16021,家庭经济特别困难的学生,Unknown
16022,一般困难的学生,Unknown
16023,市属高校,Unknown
16024,市级财政,Unknown
16025,市属高校的国家助学金,Unknown
16026,市级教育部门,Unknown
16027,以欺骗、贿赂等不正当手段办理补、换领机动车登记证书、号牌、行驶证和检查合格标志等业务,Unknown
16028,以欺骗、贿赂等不正当手段取得机动车登记,Unknown
16029,收缴机动车登记证书、号牌、行驶证，撤销机动车登记,Unknown
16030,以欺骗、贿赂等不正当手段办理补、换领机动车登记证书、号牌、行驶证和检验合格标志等业务,Unknown
16031,处警告或者二百元以下罚款,Unknown
16032,建设用地,Unknown
16033,建设用地、临时建设用地规划许可,Unknown
16034,临时建设用地规划许可,Unknown
16035,《中华人民共和国城乡规划法》（2019年修订）,Unknown
16036,建设用地规划许可申请,Unknown
16037,建设用地的位置、面积、允许建设的范围,Unknown
16038,建设用地规划许可证,Unknown
16039,建设项目的批准、核准、备案文件,Unknown
16040,国有土地使用权出让合同后,Unknown
16041,品种测试、试验和种子质量检验机构,Unknown
16042,测试、试验、检验数据或者出具虚假证明,Unknown
16043,种子使用者和其他种子生产经营者,Unknown
16044,种子质量检验资格,Unknown
16045,情节严重的品种测试、试验和种子质量检验机构,Unknown
16046,城镇排水与污水处理设施运行和维护情况的监督检查,Unknown
16047,城镇排水与污水处理的监督管理工作,Unknown
16048,城镇污水处理设施运营情况进行监督和考核,Unknown
16049,监督考核情况向社会公布,Unknown
16050,城镇排水与污水处理设施运行维护和保护情况的监督检查,Unknown
16051,检查情况及结果向社会公开,Unknown
16052,县级以上人民政府城镇排水主管部门,Unknown
16053,进入现场进行检查、监测,Unknown
16054,查阅、复制有关文件和资料,Unknown
16055,被监督检查的单位和个人就有关问题作出说明,Unknown
16056,依法进行的监督检查活动,Unknown
16057,未经检验合格的运输危险化学品的船舶及其配载容器投入使用,Unknown
16058,未经检验合格的运输危险化学品的船舶及其配载的容器,Unknown
16059,侵犯农村村民依法取得的宅基地权益的行政处罚,Unknown
16060,国务院令第155号公布,Unknown
16061,国务院令第653号修订,Unknown
16062,不按照规定办理变更或者注销登记的,Unknown
16063,责令其补办有关登记手续,Unknown
16064,根据船舶吨位处以本条例第五十条规定的罚款数额的百分之十,Unknown
16065,由船籍港船舶登记机关吊销其船舶国籍证书,Unknown
16066,罚款数额,Unknown
16067,检验检测机构资质认定,Unknown
16068,未按照本办法第十六条的规定办理医疗器械生产许可证登记事项变更,Unknown
16069,"未按照国家实施医疗器械唯一标识的有关要求,组织开展赋码、数据上传和维护更新等工作",Unknown
16070,医疗器械生产监督管理办法,Unknown
16071,2022年5月1日,Unknown
16072,2022年3月10日,Unknown
16073,未取得省、自治区、直辖市人民政府卫生行政部门核发的《单采血浆许可证》，非法从事组织、采集、供应、倒卖原料血浆活动,Unknown
16074,《单采血浆许可证》已被注销或者吊销仍开展采供血浆活动,Unknown
16075,租用、借用、出租、出借、变造、伪造《单采血浆许可证》开展采供血浆活动,Unknown
16076,2016年2月6日国务院令第666号,Unknown
16077,零售医疗用毒性药品零售企业许可,Unknown
16078,《医疗用毒性药品管理办法》,Unknown
16079,省、自治区、直辖市医药管理部门,Unknown
16080,毒性药品年度生产、收购、供应和配制计划,Unknown
16081,省、自治区、直辖市卫生行政部门,Unknown
16082,医药管理部门,Unknown
16083,生产单位,Unknown
16084,生产计划,Unknown
16085,设区的市级人民政府食品药品监督管理部门,Unknown
16086,医疗用毒性药品零售企业批准,Unknown
16087,监理业务,Unknown
16088,转包或者违法分包,Unknown
16089,合同约定的勘察费、设计费25%以上50%以下的罚款,Unknown
16090,工程合同价款0.5%以上1%以下的罚款,Unknown
16091,单位罚款数额5%以上10%以下的罚款,Unknown
16092,对养殖者在饲料或者动物饮用水中添加国务院农业行政主管部门公布禁用的物质以及对人体具有直接或者潜在危害的其他物质，或者直接使用上述物质养殖动物的行政教育,Unknown
16093,饲料管理部门,Unknown
16094,责令其对饲喂了违禁物质的动物进行无害化处理,Unknown
16095,露天转地下开采的金属非金属地下矿山,Unknown
16096,未按设计采取防排水措施,Unknown
16097,露天与地下联合开采时，回采顺序与设计不符,Unknown
16098,未按设计采取留设安全顶柱或者岩石垫层等防护措施,Unknown
16099,地下矿山主要系统违法分包,Unknown
16100,地下矿山一个生产系统进行分项发包,Unknown
16101,不得超过3家,Unknown
16102,"在地下矿山正常生产期间,不得将主通风、主提升、供排水、供配电、主供风系统及其设备设施的运行管理进行分项发包",Unknown
16103,"违反本办法第十二条的规定,将主通风、主提升、供排水、供配电、主供风系统及其设备设施的运行管理进行分项发包",Unknown
16104,分项发包,Unknown
16105,地下矿山实行分项发包的发包单位违反本办法第十二条的规定,Unknown
16106,安全培训机构,Unknown
16107,不具备安全培训条件,Unknown
16108,未按照统一的培训大纲组织教学培训,Unknown
16109,未建立培训档案或者培训档案管理不规范,Unknown
16110,挖掘,Unknown
16111,利用,Unknown
16112,跨(穿,Unknown
16113,《陕西省水工程管理条例》,Unknown
16114,兴建铁路,Unknown
16115,铺设管道,Unknown
16116,金属非金属矿山重大事故隐患,Unknown
16117,使用国家明令禁止使用的设备、材料或者工艺,Unknown
16118,第九十九条第七项,Unknown
16119,责令限期改正，处五万元以下的罚款；逾期未改正的，处五万元以上二十万元以下的罚款，对其直接负责的主管人员和其他直接责任人员处一万元以上二万元以下的罚款；情节严重的，责令停产停业整顿；构成犯罪的，依照刑法有关规定追究刑事责任,Unknown
16120,使用应当淘汰的危及生产安全的工艺、设备的,Unknown
16121,建设工程施工现场,Unknown
16122,围挡,Unknown
16123,垃圾收集容器,Unknown
16124,临时环境卫生设施,Unknown
16125,建设工程施工现场环境卫生管理规定,Unknown
16126,处以一千元以上五千元以下罚款,Unknown
16127,违反本条例第七条、第九条规定,Unknown
16128,"使用军服和中国人民解放军曾经装备的制式服装从事经营活动，或者以""军需""、""军服""、""军品""等用语招揽顾客行为",Unknown
16129,2009年1月13日,Unknown
16130,"违反本条例规定使用军服和中国人民解放军曾经装备的制式服装从事经营活动，或者以""军需""、""军服""、""军品""等用语招揽顾客的行为",Unknown
16131,违法物品和违法所得,Unknown
16132,介绍、组织孕妇实施非医学需要的胎儿性别鉴定或者选择性别人工终止妊娠,Unknown
16133,《禁止非医学需要的胎儿性别鉴定和选择性别人工终止妊娠的规定》,Unknown
16134,由,Unknown
16135,并处5000元以上3万元以下罚款,Unknown
16136,黄河流域各类生产生活、开发建设等活动的监督检查,Unknown
16137,国务院有关部门、黄河流域县级以上地方人民政府有关部门、黄河流域管理机构及其所属管理机构、黄河流域生态环境监督管理机构按照职责分工，对黄河流域各类生产生活、开发建设等活动进行监督检查,Unknown
16138,黄河流域各类生产生活、开发建设等活动进行监督检查,Unknown
16139,黄河流域县级以上地方人民政府有关部门,Unknown
16140,黄河流域管理机构及其所属管理机构,Unknown
16141,黄河流域生态环境监督管理机构,Unknown
16142,依法获取黄河保护工作相关信息,Unknown
16143,举报和控告违法行为,Unknown
16144,10&permil;,Unknown
16145,5&permil;,Unknown
16146,对不及时消除火灾隐患的处罚,Unknown
16147,"单位违反本法规定,有下列行为之一的,责令改正,处五千元以上五万元以下罚款",Unknown
16148,"单位有前款第二项、第三项、第四项、第五项行为之一的,处警告或者五百元以下罚款",Unknown
16149,"单位有本条第一款第三项、第四项、第五项、第六项行为,经责令改正拒不改正的,强制执行,所需费用由违法行为人承担",Unknown
16150,"前款第二项、第三项、第四项、第五项行为之一的,处警告或者五百元以下罚款",Unknown
16151,暂扣出租汽车道路运输证,Unknown
16152,违法营运车辆,Unknown
16153,在出租汽车道路运输证划定的营运范围以外驻地营运,Unknown
16154,非法种植毒品原植物,Unknown
16155,非法买卖、运输、携带、持有毒品原植物种苗,Unknown
16156,非法运输、买卖、储存、使用罂粟壳,Unknown
16157,三千元以下罚款,Unknown
16158,自行铲除,Unknown
16159,未经许可擅自经营或者超越许可范围经营水路运输业务或者国内船舶管理业务,Unknown
16160,领队人员接待不支付接待和服务费用,Unknown
16161,领队人员承担接待旅游团队的相关费用,Unknown
16162,河道采砂检查,Unknown
16163,渭河流域采砂规划实施情况监督检查,Unknown
16164,河道采砂规划的审批机关,Unknown
16165,河道采砂许可证的发放机关,Unknown
16166,河道采砂许可证发放机关的上级机关,Unknown
16167,河道采砂管理工作的监督检查,Unknown
16168,河道采砂秩序,Unknown
16169,违法采砂行为,Unknown
16170,河道采砂规划的实施监督检查职责,Unknown
16171,河道采砂的现场管理,Unknown
16172,许可证的发放和管理监督检查职责,Unknown
16173,不当的行政许可行为,Unknown
16174,本行政区域内河道采砂重大案件的处理,Unknown
16175,破坏,Unknown
16176,《陕西省实施<中华人民共和国野生动物保护法>办法》,Unknown
16177,野生动物巢,Unknown
16178,栖息环境,Unknown
16179,野生动物生态廊道,Unknown
16180,林业,Unknown
16181,农业农村行政主管部门,Unknown
16182,农业转基因生物安全管理条例,Unknown
16183,农业转基因生物标识管理办法,Unknown
16184,未建立或者落实职业健康监护制度,Unknown
16185,未按照规定制定职业健康监护计划和落实专项经费,Unknown
16186,弄虚作假，指使他人冒名顶替参加职业健康检查,Unknown
16187,未如实提供职业健康检查所需要的文件、资料,Unknown
16188,未根据职业健康检查情况采取相应措施,Unknown
16189,不承担职业健康检查费用,Unknown
16190,《用人单位职业健康监护监督管理办法》,Unknown
16191,动物疫病强制免疫计划进行免疫接种,Unknown
16192,国务院农业农村主管部门的要求定期开展疫病检测,Unknown
16193,规定定期进行狂犬病免疫接种,Unknown
16194,未按照规定及时清洗、消毒,Unknown
16195,对医疗机构使用非卫生技术人员从事医疗卫生技术工作的处罚,Unknown
16196,非卫生技术人员,Unknown
16197,医疗卫生技术工作,Unknown
16198,市一级幼儿园,Unknown
16199,"对单位和个人违反财务管理的规定,私存私放财政资金或者其他公款的处罚",Unknown
16200,临时用地审批,Unknown
16201,《中华人民共和国土地管理法》（2019年修订）,Unknown
16202,对地方金融组织拒绝采取措施消除重大风险隐患的处罚,Unknown
16203,无尾实体,Unknown
16204,建设工程竣工验收后六个月内,Unknown
16205,未向资源规划主管部门报送有关竣工验收资料、工程资料,Unknown
16206,城乡规划主管部门,Unknown
16207,责令限期补报,Unknown
16208,"建设工程竣工验收后六个月内,未向资源规划主管部门报送有关竣工验收资料、工程资料",Unknown
16209,"逾期不补报,处一万元以上五万元以下的罚款",Unknown
16210,直接将原料药添加到饲料及动物饮用水中或者饲喂动物,Unknown
16211,责令其立即改正,Unknown
16212,处1万元以上3万元以下罚款,Unknown
16213,给他人造成损失,Unknown
16214,普及普通话,Unknown
16215,推行规范汉字,Unknown
16216,西安市国家通用语言文字管理规定,Unknown
16217,《关于修改和废止部分市政府规章的决定》,Unknown
16218,政府,Unknown
16219,对普及普通话、推行规范汉字做出显著成绩的单位和个人,Unknown
16220,对未按规定进行保安员培训的处罚,Unknown
16221,营业执照复印件或者企业登记(注册,Unknown
16222,特许经营合同样本,Unknown
16223,特许经营操作手册,Unknown
16224,市场计划书,Unknown
16225,表明其符合本条例第七条规定的书面承诺及相关证明材料,Unknown
16226,国务院商务主管部门规定的其他文件、资料,Unknown
16227,商务主管部门备案,Unknown
16228,限期备案,Unknown
16229,侵占、损毁、拆除、擅自移动农作物病虫害监测设施设备或者以其他方式妨害农作物病虫害监测设施设备正常运行的行为,Unknown
16230,限期恢复原状或者采取其他补救措施,Unknown
16231,处5万元以下罚款,Unknown
16232,市级博物馆,Unknown
16233,陈列展览主题,Unknown
16234,文物主管部门备案,Unknown
16235,展品说明,Unknown
16236,讲解词,Unknown
16237,《博物馆条例》,Unknown
16238,可能对认证活动的客观公正产生影响的资助,Unknown
16239,可能对认证活动的客观公正产生影响的产品开发、营销等活动,Unknown
16240,资产、管理方面的利益关系,Unknown
16241,从事使用有毒物品作业的用人单位,Unknown
16242,县级以上地方人民政府或者其授权的部门,Unknown
16243,大型群众性活动场所安全检查,Unknown
16244,审核承办者提交的大型群众性活动申请材料,Unknown
16245,制订大型群众性活动安全监督方案和突发事件处置预案,Unknown
16246,指导对安全工作人员的教育培训,Unknown
16247,"在大型群众性活动举办前,对活动场所组织安全检查",Unknown
16248,"在大型群众性活动举办过程中,对安全工作的落实情况实施监督检查",Unknown
16249,大型群众性活动中的违法犯罪行为,Unknown
16250,危害公共安全的突发事件,Unknown
16251,纸浆制造,Unknown
16252,蒸气,Unknown
16253,明火,Unknown
16254,钢瓶汽化液氯,Unknown
16255,编造情况,Unknown
16256,提供假证明,Unknown
16257,以行贿等手段,Unknown
16258,获取前往港澳通行证,Unknown
16259,往来港澳通行,Unknown
16260,港澳同胞回乡证,Unknown
16261,入出境通行证,Unknown
16262,1986年12月25日,Unknown
16263,包含歧视性内容的就业信息,Unknown
16264,无合法身份证件的劳动者提供职业中介服务,Unknown
16265,劳动者从事法律、法规禁止从事的职业,Unknown
16266,进行职业中介活动,Unknown
16267,核准的业务范围经营,Unknown
16268,处罚权,Unknown
16269,就业促进法,Unknown
16270,第六十五条,Unknown
16271,第六十六条,Unknown
16272,国家禁止使用童工的规定,Unknown
16273,工商部门,Unknown
16274,工程建设涉及城市绿地、树木审批,Unknown
16275,对规模绿化建设作业未按要求采取扬尘污染防治措施的行政处罚,Unknown
16276,"进行1500平方米以上成片绿化建设作业或者施工工期在15日以上的绿化建设作业时,应当按照本条例第十三条的规定执行",Unknown
16277,"违反本条例规定,由城市管理综合执法主管部门责令改正",Unknown
16278,"违反本条例第三十条第一款规定,未按要求采取扬尘污染防治措施",Unknown
16279,2009年11月23日,Unknown
16280,物业管理行政主管部门,Unknown
16281,限期移交,Unknown
16282,逾期未移交,Unknown
16283,所收金额百分之一以上百分之五以下,Unknown
16284,2000元以下罚款,Unknown
16285,2000元以上10000元以下罚款,Unknown
16286,《旅游安全管理办法》,Unknown
16287,风险提示发布后,Unknown
16288,"应当,根据风险级别采取措施",Unknown
16289,四级风险,Unknown
16290,"应当,加强对旅游者的提示",Unknown
16291,三级风险,Unknown
16292,"应当,采取必要的安全防范措施",Unknown
16293,二级风险,Unknown
16294,"应当,停止组团或者带团前往风险区域",Unknown
16295,已在风险区域,Unknown
16296,"应当,调整或者中止行程",Unknown
16297,一级风险,Unknown
16298,"应当,撤离",Unknown
16299,其他旅游经营者,Unknown
16300,"根据风险提示的级别,加强对旅游者的风险提示",Unknown
16301,"采取,相应的安全防范措施",Unknown
16302,"妥善安置,旅游者",Unknown
16303,"根据,政府或者有关部门的要求,暂停或者关闭易受风险危害的旅游项目或者场所",Unknown
16304,项目法人、监理、咨询、勘测、设计、施工单位以及设备和原材料等供应单位责任,Unknown
16305,质量事故行为,Unknown
16306,个体行医的医师,Unknown
16307,个体行医的医师监督检查,Unknown
16308,并处10000元以上30000元以下罚款,Unknown
16309,单位名称,Unknown
16310,域名,Unknown
16311,经营地址,Unknown
16312,股权结构,Unknown
16313,许可经营范围,Unknown
16314,地址,Unknown
16315,业务范围,Unknown
16316,安全出口不符合标准或设计要求的行政处罚,Unknown
16317,原物业服务人未按规定期限退出物业服务区域的处罚,Unknown
16318,擅自提供卫星地面接收设施安装服务,Unknown
16319,卫星电视广播地面接收设施管理规定,Unknown
16320,国务院令第129号,Unknown
16321,卫星电视广播地面接收设施安装服务暂行办法,Unknown
16322,国家广播电影电视总局令第60号,Unknown
16323,国家新闻出版广电总局令第3号,Unknown
16324,安装的卫星地面接收设施,Unknown
16325,"""核与辐射类建设项目环境影响评价审批""",Unknown
16326,"""市生态环境局分（县）局""",Unknown
16327,"""部分区审批局""",Unknown
16328,"""自贸区生态环境部门""",Unknown
16329,文物安全责任制,Unknown
16330,检查重大文物安全事故防范措施落实情况,Unknown
16331,重大文物安全事故,Unknown
16332,重大文物安全事故防范预案,Unknown
16333,落实文物保护机构、文物收藏单位的文物保护安全措施,Unknown
16334,群众性文物保护组织,Unknown
16335,文物保护机构、文物收藏单位,Unknown
16336,文物保护安全措施,Unknown
16337,文物行政主管部门的监督和管理,Unknown
16338,退还所收费用后没收违法所得,Unknown
16339,给予治安管理处罚,Unknown
16340,互联网广告经营者,Unknown
16341,《基层法律服务所管理办法》,Unknown
16342,《基层法律负责工作者管理办法》,Unknown
16343,2017年12月25日司法部令第137号,Unknown
16344,2017年12月25日司法部令第138号,Unknown
16345,超出执业登记的项目,Unknown
16346,未取得相关岗位执业资格,Unknown
16347,未进行执业注册,Unknown
16348,未取得相应资格,Unknown
16349,擅自采集原料血浆,Unknown
16350,买卖血液,Unknown
16351,未进行健康检查,Unknown
16352,采集冒名顶替者血液,Unknown
16353,超量、频繁采集血液,Unknown
16354,违反输血技术操作规程,Unknown
16355,未履行告知义务,Unknown
16356,擅自涂改、毁损或者不按规定保存工作记录,Unknown
16357,使用不符合国家规定的器材,Unknown
16358,重复使用一次性卫生器材,Unknown
16359,未按规定处理不合格血液,Unknown
16360,擅自调配血液,Unknown
16361,未按规定保存血液标本,Unknown
16362,违反有关技术规范,Unknown
16363,造成经血液传播疾病,Unknown
16364,立即代履行,Unknown
16365,民办非企业单位成立变更注销登记及修改章程核准,Unknown
16366,民办非企业单位的成立变更注销登记,Unknown
16367,备案受理单位决定重新组织竣工验收的工程,Unknown
16368,"擅自使用,工程",Unknown
16369,建设工程竣工验收合格后,Unknown
16370,勘察、设计、施工、工程监理等单位分别签署的质量合格文件及验收人员签署的竣工验收原始文件,Unknown
16371,"行政处罚,取缔",Unknown
16372,"行政处罚,追究刑事责任",Unknown
16373,"行政处罚,没收出版物",Unknown
16374,"行政处罚,没收违法所得",Unknown
16375,"行政处罚,没收从事违法活动的专用工具、设备",Unknown
16376,"行政处罚,罚款",Unknown
16377,并处违法经营额5倍以上10倍以下的罚款,Unknown
16378,侵犯他人合法权益的,Unknown
16379,出版管理条例,Unknown
16380,政府采购供应商违法行为的处罚,Unknown
16381,非现役军人,Unknown
16382,认定残疾性质,Unknown
16383,评定残疾等级,Unknown
16384,《军人抚恤优待条例》,Unknown
16385,《伤残抚恤管理办法》,Unknown
16386,在服役期间因战因公致残退出现役的军人,Unknown
16387,在服役期间因病评定了残疾等级退出现役的残疾军人,Unknown
16388,因战因公负伤时为行政编制的人民警察,Unknown
16389,因参战、参加军事演习、军事训练和执行军事勤务致残的预备役人员、民兵、民工以及其他人员,Unknown
16390,为维护社会治安同违法犯罪分子进行斗争致残的人员,Unknown
16391,为抢救和保护国家财产、人民生命财产致残的人员,Unknown
16392,退役军人事务部,Unknown
16393,第1号,Unknown
16394,因战,Unknown
16395,不再办理因战、因公伤残抚恤,Unknown
16396,《中华人民共和国食品安全法》（2021年修订）第一百三十四条,Unknown
16397,发展规划与信息处,Unknown
16398,全国卫生统计工作管理办法,Unknown
16399,各级卫生行政部门和事业单位,Unknown
16400,统计人员或集体,Unknown
16401,在卫生统计工作中做出显著成绩的人员或集体,Unknown
16402,坚持依法统计,Unknown
16403,"给予,奖励",Unknown
16404,涂改、倒卖、出租、出借《劳务派遣经营许可证》，或者以其他形式非法转让《劳务派遣经营许可证》,Unknown
16405,2013年6月20日,Unknown
16406,人力资源和社会保障部,Unknown
16407,第19号令,Unknown
16408,建筑工程施工许可,Unknown
16409,审批处,Unknown
16410,中华人民共和国建筑法,Unknown
16411,建筑工程施工许可管理办法,Unknown
16412,工程所在地的县级以上地方人民政府住房城乡建设主管部门,Unknown
16413,矿山建设项目安全设施设计审查,Unknown
16414,汽车经销商违规进行限定消费和强制消费的处罚,Unknown
16415,消费者户籍所在地,Unknown
16416,保险,Unknown
16417,车辆注册登记服务,Unknown
16418,配件生产商的销售对象,Unknown
16419,经销商、售后服务商转售配件,Unknown
16420,停产或者停止销售的车型,Unknown
16421,后至少10年的配件供应,Unknown
16422,相应的售后服务,Unknown
16423,警告或3万元以下罚款,Unknown
16424,未成年人禁入或者限入标志,Unknown
16425,标志,Unknown
16426,"""12318文化市场举报电话""",Unknown
16427,"娱乐场所,进行,责令改正,予以警告",Unknown
16428,"文化部,发布",Unknown
16429,"文化和旅游部,第二次修正",Unknown
16430,对制造、销售、使用以欺骗消费者为目的的计量器具的行政处罚,Unknown
16431,制造、销售、使用以欺骗消费者为目的的计量器具的单位和个人,Unknown
16432,个人或者单位直接责任人员,Unknown
16433,应当立即暂停销售或者使用该医疗器械,Unknown
16434,医疗器械生产企业或者供货商,Unknown
16435,医疗器械召回管理办法,Unknown
16436,第七条第一款规定,Unknown
16437,"收到报告后,应当及时通报医疗器械生产企业所在地省、自治区、直辖市食品药品监督管理部门",Unknown
16438,监管省生态环境厅,Unknown
16439,动物卫生监督机构,Unknown
16440,公路养护管理单位,Unknown
16441,维护和保养义务,Unknown
16442,城市道路养护维修单位,Unknown
16443,铁路运输企业,Unknown
16444,第三方机构,Unknown
16445,地名的命名,Unknown
16446,地名的更名,Unknown
16447,地名的使用,Unknown
16448,地名的文化保护,Unknown
16449,县级以上地方人民政府地名行政主管部门,Unknown
16450,从事地名相关评估工作,Unknown
16451,县级以上疾病预防控制机构,Unknown
16452,艾滋病检测实验室,Unknown
16453,二级以上综合医疗机构,Unknown
16454,未设立艾滋病检测实验室,Unknown
16455,负有责任的主管人员,Unknown
16456,艾滋病筛查实验室,Unknown
16457,应当符合国家实验室生物安全管理的有关规定,Unknown
16458,"需经,省卫生和计划生育行政部门批准",Unknown
16459,"艾滋病检测工作,按照,国家技术规范要求",Unknown
16460,计量行政部门,Unknown
16461,补办型式批准手续,Unknown
16462,制造、销售未经型式批准或样机试验合格的计量器具新产品的行为,Unknown
16463,3000元以下,Unknown
16464,新产品,Unknown
16465,县级人民政府公安机关,Unknown
16466,500元以上2000元以下,Unknown
16467,对禁渔期内在黄河流域重点水域从事天然渔业资源生产性捕捞的行政处罚,Unknown
16468,违反本法规定，在禁渔期内在黄河流域重点水域从事天然渔业资源生产性捕捞的行为,Unknown
16469,渔获物,Unknown
16470,用于违法活动的渔船、渔具和其他工具,Unknown
16471,采用电鱼、毒鱼、炸鱼等方式捕捞,Unknown
16472,"罚款,五万元以上五十万元以下",Unknown
16473,未经审核变更保安服务公司法人代表,Unknown
16474,未按规定进行自招保安员备案或者撤销备案,Unknown
16475,超范围开展保安服务,Unknown
16476,违反规定条件招用保安员,Unknown
16477,未按规定核查保安服务合法性,Unknown
16478,未报告违法保安服务要求,Unknown
16479,"未按规定签订,留存保安服务合同",Unknown
16480,未按规定留存保安服务监控影像资料,Unknown
16481,报警记录的处罚,Unknown
16482,无相应许可证的单位,Unknown
16483,新建、扩建、改建建设项目的节约用水设计方案审批,Unknown
16484,节约用水设计方案,Unknown
16485,节约用水措施方案,Unknown
16486,凿井,Unknown
16487,节约用水设施,Unknown
16488,自备水源井,Unknown
16489,财物或者其他手段,Unknown
16490,交易相对方的工作人员,Unknown
16491,受交易相对方委托办理相关事务的单位或者个人,Unknown
16492,利用职权或者影响力影响交易的单位或者个人,Unknown
16493,十万元以上三百万元以下,Unknown
16494,明示方式,Unknown
16495,应当如实入账,Unknown
16496,接受折扣、佣金的经营者,Unknown
16497,经营者的工作人员,Unknown
16498,应当认定为经营者的行为,Unknown
16499,"与为经营者谋取交易机会或者竞争优势无关,除外",Unknown
16500,第一百零六条,Unknown
16501,行为人排除妨碍,Unknown
16502,处二百元以上二千元以下罚款,Unknown
16503,注册房地产评估师,Unknown
16504,对注册房地产评估师违规执业的处罚,Unknown
16505,用于储存烟花爆竹的建设项目,Unknown
16506,第九十八条第四项,Unknown
16507,停止建设或者停产停业整顿,Unknown
16508,十万元以上五十万元以下的罚款,Unknown
16509,五十万元以上一百万元以下的罚款,Unknown
16510,第一百一十五条,Unknown
16511,采矿权抵押备案,Unknown
16512,国土资源部《关于印发<矿业权出让转让管理暂行规定>的通知》,Unknown
16513,工伤保险待遇给付,Unknown
16514,工伤保险事务,Unknown
16515,经办机构,Unknown
16516,工伤保险基金的支出,Unknown
16517,工伤保险待遇,Unknown
16518,对在禁止使用高排放非道路移动机械的区域使用高排放非道路移动机械的行政处罚,Unknown
16519,禁止使用高排放非道路移动机械的区域,Unknown
16520,城市人民政府划定并公布,Unknown
16521,生态环境等主管部门依法予以,Unknown
16522,燃气管道的设计,Unknown
16523,敷设,Unknown
16524,维护保养,Unknown
16525,检测不符合规定,Unknown
16526,对旅游经营行为的检查,Unknown
16527,旅游市场管理处,Unknown
16528,对未获公安许可擅自经营旅馆的处罚,Unknown
16529,公安部发布,Unknown
16530,开办旅馆,Unknown
16531,违反本办法第四条规定开办旅馆的,Unknown
16532,200元以下罚款,Unknown
16533,"公安机关应当协助,工商行政管理部门依法处理",Unknown
16534,对测绘资质的监督检查,Unknown
16535,"县级以上人民政府测绘地理信息主管部门,举报",Unknown
16536,取得生产许可证的企业生产条件发生变化,Unknown
16537,限期办理相关手续,Unknown
16538,处违法生产、销售产品货值金额3倍以下的罚款,Unknown
16539,取得生产许可证的企业名称发生变化,Unknown
16540,责令限期办理相关手续,Unknown
16541,处违法生产、销售产品货值金额等值以下的罚款,Unknown
16542,非法从事出租汽车营运的处罚,Unknown
16543,涉外气象探测站（点）备案,Unknown
16544,《涉外气象探测和资料管理办法》（中国气象局令2006年第13号）,Unknown
16545,涉外气象探测站（点）,Unknown
16546,向所在地的设区的市气象主管机构备案,Unknown
16547,所在地的设区的市气象主管机构,Unknown
16548,对有突出贡献的人民调解委员会和人民调解员的表彰奖励,Unknown
16549,《中华人民共和国人民调解法》,Unknown
16550,2010年8月28日,Unknown
16551,第十一届全国人民代表大会常务委员会第十六次会议,Unknown
16552,有突出贡献的人民调解委员会和人民调解员,Unknown
16553,《西安市城市市容和环境卫生管理条例》（2020修正）,Unknown
16554,违反规定占用城市道路、立交桥、过街桥、人行地下通道以及其他公共场所摆摊设点的行政处罚,Unknown
16555,违反规定摆摊设点的行为,Unknown
16556,可以暂扣其兜售的物品及其装盛器具,Unknown
16557,并处以二十元以上二百元以下罚款,Unknown
16558,应当出具暂扣清单,Unknown
16559,实施暂扣,Unknown
16560,通知违法行为人按照规定时间到指定地点接受处理,Unknown
16561,逾期不到指定地点接受处理造成损失的,Unknown
16562,县级以上地方人民政府房地产行政主管部门,Unknown
16563,"擅自采用协议方式选聘物业服务企业,处罚依据",Unknown
16564,"或者未经批准擅自采用协议方式选聘物业服务人,处罚依据",Unknown
16565,县（市、区）住房和城乡建设主管部门、街道办事处或者乡（镇）人民政府,Unknown
16566,建设单位招标过程,Unknown
16567,当地物业服务行业协会,Unknown
16568,对煽动、策划非法集会、游行、示威的处罚,Unknown
16569,动物及动物产品检疫合格证核发,Unknown
16570,雷电灾害的鉴定,Unknown
16571,组织雷电灾害调查、鉴定工作,Unknown
16572,市气象主管机构,Unknown
16573,组织对防雷设施的安全检查,Unknown
16574,区、县气象主管机构,Unknown
16575,市、县气象主管机构,Unknown
16576,建立健全雷电灾害监测预警系统,Unknown
16577,提高雷电灾害监测预报水平,Unknown
16578,加强对雷电灾害防御工作的管理指导,Unknown
16579,《防雷减灾管理办法》,Unknown
16580,中国气象局令2011年第20号,Unknown
16581,中国气象局令2013年第24号,Unknown
16582,《西安市气象灾害防御条例》,Unknown
16583,违规现场搅拌混凝土、砂浆,Unknown
16584,预拌混凝土和预拌砂浆,Unknown
16585,现场配制、搅拌混凝土和砂浆,Unknown
16586,应急预案编制前未按照规定开展风险辨识、评估和应急资源调查等行为,Unknown
16587,市本级土地征收储备资金拨付管理,Unknown
16588,《土地储备资金财务管理办法》,Unknown
16589,2003年8月,Unknown
16590,2022年3月,Unknown
16591,财综〔2018〕8号,Unknown
16592,同级财政部门,Unknown
16593,土地储备机构用款申请,Unknown
16594,资金支付,Unknown
16595,国库集中支付制度,Unknown
16596,《因私出入境中介活动管理办法》第32条,Unknown
16597,责令其限期整改,Unknown
16598,对没有违法所得的中介机构,Unknown
16599,对有违法所得的中介机构,Unknown
16600,违法所得3倍以下不超过30000元的罚款,Unknown
16601,城乡规划编制单位,Unknown
16602,国土空间详细规划处,Unknown
16603,《中华人民共和国城乡规划法》(2019年修订),Unknown
16604,第二百一十二条,Unknown
16605,医疗机构处方管理情况监督检查,Unknown
16606,医师出现第四十六条所列情形,Unknown
16607,被责令暂停执业,Unknown
16608,考核不合格离岗培训期间,Unknown
16609,被注销、吊销执业证书,Unknown
16610,"不按照规定开具处方,造成严重后果",Unknown
16611,"不按照规定使用药品,造成严重后果",Unknown
16612,因开具处方牟取私利,Unknown
16613,按照《医疗机构管理条例》批准登记的从事疾病诊断、治疗活动的机构,Unknown
16614,工程勘察企业法定代表人,Unknown
16615,本单位勘察质量管理制度,Unknown
16616,不具备相应资格的项目负责人,Unknown
16617,在工程勘察文件上签字或者盖章,Unknown
16618,工程勘察质量监督部门,Unknown
16619,《建设工程勘察质量管理办法》,Unknown
16620,对未按照规定进行临时绿化的行政处罚,Unknown
16621,半年内未开工建设的建设工程项目用地应当实施临时绿化,Unknown
16622,未按照规定进行临时绿化应受处罚,Unknown
16623,处以2000元以上2万元以下罚款,Unknown
16624,陕西省公路路政管理条例,Unknown
16625,更新采伐护路林,Unknown
16626,未经批准更新采伐护路林,Unknown
16627,砍伐公路用地范围内林木,Unknown
16628,公路用地范围内的绿化工作,Unknown
16629,不能及时补种,Unknown
16630,弃置,Unknown
16631,倾倒,Unknown
16632,掩埋,Unknown
16633,堆放,Unknown
16634,装储,Unknown
16635,放射源诊疗技术和医用辐射机构许可,Unknown
16636,2019年3月2日,Unknown
16637,放射诊疗工作,Unknown
16638,放射诊疗技术和医用辐射机构许可,Unknown
16639,主要街道两侧和重点区域的临街建筑物、构筑物的屋顶、阳台外和窗外,Unknown
16640,影响市容的物品,Unknown
16641,平台、阳台内堆放的物品,Unknown
16642,护栏,Unknown
16643,临街建筑物的阳台、窗外、门前,Unknown
16644,杂物、炉灶有碍市容的物品,Unknown
16645,中央企业的分公司,Unknown
16646,造成人员死亡的生产安全事故,Unknown
16647,中央企业的子公司,Unknown
16648,中央企业的所属单位,Unknown
16649,其他生产经营单位,Unknown
16650,安全培训,Unknown
16651,安全生产管理人员,Unknown
16652,"应当重新参加,安全培训",Unknown
16653,相关人员,Unknown
16654,规定重新参加安全培训,Unknown
16655,相关人员未按照规定重新参加安全培训的行政处罚,Unknown
16656,对违反《中华人民共和国广告法》第十六条、第十七条、第十八条、第二十一条、第二十三条、第二十四条、第二十五条、第二十六条、第二十七条、第三十八条第二款、第三款、第三十九条、第四十条第二款、第四十六条的行政处罚,Unknown
16657,十四、出租、出借、转让、买卖、冒用或者伪造许可证,Unknown
16658,陕西省行政区域内涉及安全生产许可的非煤矿山企业、煤矿企业、危险化学品和烟花爆竹生产企业有关违法行为的行政处罚,Unknown
16659,非煤矿矿山企业、危险化学品和烟花爆竹生产企业有关违法行为的行政处罚委托至各设区的市,Unknown
16660,对擅自调整运营线路、站点和时间的行政处罚,Unknown
16661,对转让、出租或者变相转让、出租线路运营权的行政处罚,Unknown
16662,对未按照交通运输主管部门的统一调度进行疏运的行政处罚,Unknown
16663,《化妆品标识管理规定》第二十一条,Unknown
16664,《化妆品标识管理规定》第二十二条,Unknown
16665,倒卖烟草专卖品行为,Unknown
16666,没收倒卖的烟草专卖品和违法所得,Unknown
16667,犯罪时依法追究刑事责任,Unknown
16668,未经审定的农作物品种进行推广、销售,Unknown
16669,推广、销售应当停止推广、销售的农作物品种或者林木良种,Unknown
16670,应当登记未经登记的农作物品种进行推广,Unknown
16671,以登记品种的名义进行销售,Unknown
16672,对已撤销登记的农作物品种进行推广,Unknown
16673,房地产开发企业项目手册备案,Unknown
16674,商品房销售管理办法,Unknown
16675,2001年3月,Unknown
16676,房地产开发主管部门,Unknown
16677,房地产开发项目手册及证明文件,Unknown
16678,房地产开发项目手册,Unknown
16679,房地产开发项目建设过程中的主要事项,Unknown
16680,房地产开发主管部门备案,Unknown
16681,城市房地产开发经营管理条例,Unknown
16682,1998年7月20日,Unknown
16683,年度工作报告,Unknown
16684,慈善信息平台,Unknown
16685,桥梁,Unknown
16686,各类市政管线,Unknown
16687,大型广告,Unknown
16688,悬挂物,Unknown
16689,城市桥梁上架设各类管线,Unknown
16690,城市桥梁上设置广告等辅助物,Unknown
16691,对开办生产建设项目或者从事其他生产建设活动造成水土流失，不进行治理行为的物品,Unknown
16692,非法勘查矿产资源,Unknown
16693,非法开采矿产资源,Unknown
16694,开山采石,Unknown
16695,依嘱托查封登记,Unknown
16696,对伪造、变造许可证证书、生产许可证标志和编号行为的行政处罚,Unknown
16697,伪造、变造许可证证书、生产许可证标志和编号的,Unknown
16698,违法生产、销售产品,Unknown
16699,并处违法生产、销售产品货值金额等值以上3倍以下的罚款,Unknown
16700,生产、销售假药,Unknown
16701,对法定代表人,Unknown
16702,对主要负责人,Unknown
16703,对直接负责的主管人员,Unknown
16704,对其他责任人员,Unknown
16705,城市供水企业,Unknown
16706,未按规定及时抢修、检修供水设施或在抢修时未采取有效的安全、卫生措施,Unknown
16707,在规定检测点管网水的水质综合合格率或水压合格率不符合国家标准,Unknown
16708,擅自停止供水或未履行停水通知义务,Unknown
16709,依法,Unknown
16710,使用非法印制,Unknown
16711,特种设备作业人员监督管理办法,Unknown
16712,以监测勘探为目的的地下水取水工程,Unknown
16713,限期补办备案手续,Unknown
16714,封井或者回填,Unknown
16715,未履行制定实施原料控制要求等义务,Unknown
16716,腐败变质,Unknown
16717,违反本条例第十三条第二款规定,Unknown
16718,按使用粘土实心砖量处每立方米五十元的罚款,Unknown
16719,本市建成区内新建、改建、扩建的民用建筑工程及其附属建筑、临时设施,Unknown
16720,"但,列入文物保护的古建筑修缮工程除外",Unknown
16721,2021年2月15日,Unknown
16722,《中华人民共和国食品安全法》,Unknown
16723,从事粮食的食品生产,Unknown
16724,食品安全法律、法规和标准规定的条件和要求,Unknown
16725,建设工程规划条件核实意见书核发,Unknown
16726,核实意见,Unknown
16727,竣工有关资料,Unknown
16728,强制设置标志或者组织打捞清除内河通航水域中的沉没物、漂流物、搁浅物,Unknown
16729,沉没物、漂流物、搁浅物的所有人或者经营人,Unknown
16730,与岗位相匹配的全员安全生产责任制,Unknown
16731,未建立与岗位相匹配的全员安全生产责任制,Unknown
16732,对企业公示信息情况的监督检查,Unknown
16733,《企业信息公示暂行条例》,Unknown
16734,国务院令第654号,Unknown
16735,2014.10.01,Unknown
16736,"省、自治区、直辖市人民政府工商行政管理部门,按照公平规范的要求,根据企业注册号等随机摇号,确定抽查的企业,组织对企业公示信息的情况进行检查",Unknown
16737,"企业信用信息公示系统,向社会公布,抽查结果",Unknown
16738,"国家工商行政管理总局和省、自治区、直辖市工商行政管理局,依照本办法第四条规定确定的检查名单,对其登记企业进行检查",Unknown
16739,上级工商行政管理部门,Unknown
16740,"下级工商行政管理部门,进行检查",Unknown
16741,"企业公示信息,可能隐瞒真实情况、弄虚作假,也可以对企业进行检查",Unknown
16742,"每年年度报告公示结束后,对企业通过企业信用信息公示系统公示信息的情况,进行一次不定向抽查",Unknown
16743,擅自变动或者破坏房屋建筑抗震设施,Unknown
16744,2006年1月27日,Unknown
16745,2015年1月22日,Unknown
16746,资质被注销继续从事社会消防技术服务活动,Unknown
16747,公路监督检查,Unknown
16748,公路经营者,Unknown
16749,公路监督检查人员,Unknown
16750,其他有关单位,Unknown
16751,建筑控制区,Unknown
16752,车辆停放场所,Unknown
16753,车辆所属单位,Unknown
16754,城市建筑垃圾处置核准,Unknown
16755,对在加工、销售的食品和副食品中添加非碘盐的处罚,Unknown
16756,可以并处该产品价值1倍以下的罚款,Unknown
16757,中华人民共和国产品质量法(2018年修订),Unknown
16758,超标或超总量排放大气污染物,Unknown
16759,被棉花质量监督机构查封、扣押的物品,Unknown
16760,生产、进口、销售或者使用不符合规定标准或者要求的锅炉行为的行政处罚,Unknown
16761,县级以上人民政府市场监督管理、生态环境主管部门,Unknown
16762,"违反本法规定,生产、进口、销售或者使用不符合规定标准或者要求的锅炉",Unknown
16763,《大气污染防治法》（2018年修订）,Unknown
16764,拆除、改动城镇排水与污水处理设施审核,Unknown
16765,2013年10月2日,Unknown
16766,第641号,Unknown
16767,地下管线专业管理单位,Unknown
16768,地下管线工程档案,Unknown
16769,出租未经安全性能检测或者经检测不合格的机械设备和施工机具及配件,Unknown
16770,《环境保护主管部门实施限制生产、停产整治办法》,Unknown
16771,"排污者有下列情形之一的,环境保护主管部门可以责令其采取停产整治措施",Unknown
16772,对慈善活动监督检查,Unknown
16773,"县级以上人民政府民政部门应当依法履行职责,对慈善活动进行监督检查,对慈善行业组织进行指导",Unknown
16774,擅自使用,Unknown
16775,其他医疗机构配制的制剂,Unknown
16776,《医疗机构制剂注册管理办法》,Unknown
16777,2005年6月22日,Unknown
16778,2005年8月1日,Unknown
16779,《药品管理法》,Unknown
16780,"对应,第一百二十九条",Unknown
16781,对未依法取得公共场所卫生许可证擅自营业的处罚,Unknown
16782,非国有文物收藏单位,Unknown
16783,借用国有馆藏文物,Unknown
16784,借用国有馆藏一级文物,Unknown
16785,在突水威胁区域或可疑区域,Unknown
16786,在突水威胁区域或者可疑区域进行采掘作业,Unknown
16787,经批准实施人工终止妊娠手术的机构,Unknown
16788,医疗卫生机构的主要负责人,Unknown
16789,医疗卫生机构的直接负责的主管人员,Unknown
16790,原材料进货,Unknown
16791,农药废弃物回收义务,Unknown
16792,对金融企业资产财务管理工作的检查,Unknown
16793,地方级公益林区划界定,Unknown
16794,限制承接新工程,Unknown
16795,工业信息行政部门,Unknown
16796,发展改革部门,Unknown
16797,节能目标,Unknown
16798,考核评价,Unknown
16799,工业信息行政部门和发展改革部门执行,Unknown
16800,西安市工业节能条例第二十七条,Unknown
16801,未经批准在城市道路和公共场所散发宣传品、广告的行政处罚,Unknown
16802,驾驶机动车,Unknown
16803,全成分表,Unknown
16804,化妆品标识应当标注全成分表,Unknown
16805,违反本规定第十二条,Unknown
16806,相应标准规定,Unknown
16807,道路运输企业主要负责人和安全生产管理人员,Unknown
16808,所在地设区的市级交通运输主管部门,Unknown
16809,财政票据使用、管理情况,Unknown
16810,《财政票据管理办法》,Unknown
16811,建立健全财政票据监督检查制度,Unknown
16812,对财政票据监(印,Unknown
16813,实施监督检查,Unknown
16814,财政票据使用单位和财政票据印制企业,Unknown
16815,财政部门的监督检查,Unknown
16816,国民体质监测工作,Unknown
16817,各级体育、教育行政部门和有关部门,Unknown
16818,《国民体质监测工作规定》,Unknown
16819,法律法规及有关规定,Unknown
16820,对涉嫌犯罪的,Unknown
16821,公安机关依法予以查处,Unknown
16822,商务部、国家发改委、公安部、国家税务总局、国家工商行政管理总局公布,Unknown
16823,跨辖区机动车辆载运不可解体的物品超长、超宽、超高和行车路线审批,Unknown
16824,地震监测设施,Unknown
16825,地震观测环境,Unknown
16826,县级以上地方人民政府负责管理地震工作的部门或者机构,Unknown
16827,地震监测设施遭到破坏,Unknown
16828,地震监测设施正常运行,Unknown
16829,国务院地震工作主管部门,Unknown
16830,国务院地震工作主管部门和县级以上地方人民政府负责管理地震工作的部门或者机构,Unknown
16831,地震观测环境保护范围,Unknown
16832,土地利用总体规划,Unknown
16833,地震监测台网的建设,Unknown
16834,地震监测台网的运行,Unknown
16835,地震观测环境保护情况进行监督管理,Unknown
16836,科技监测处,Unknown
16837,对擅自修建水工程，或者建设桥梁、码头和其他拦河、跨河、临河建筑物、构筑物，铺设跨河管道、电缆造成环境污染和生态破坏的排除妨碍、恢复原状,Unknown
16838,《中华人民共和国资产评估法》,Unknown
16839,未经工商登记以评估机构名义从事评估业务行为,Unknown
16840,由工商行政管理部门责令停止违法活动,Unknown
16841,损坏城市公共供水设施,Unknown
16842,损坏或者擅自开启、使用城市公共消防栓,Unknown
16843,用户转供城市公共供水,Unknown
16844,擅自将自建设施供水管网系统与城市公共供水管网系统及设备直接连接,Unknown
16845,依法赔偿损失,Unknown
16846,汽车供应商违规行为的处罚,Unknown
16847,司法鉴定机构及分支机构设立,Unknown
16848,延续,Unknown
16849,司法鉴定管理处,Unknown
16850,对基金会、境外基金会代表机构年度检查,Unknown
16851,《中华人民共和国商标法》,Unknown
16852,依法查处侵犯注册商标专用权的行为,Unknown
16853,查阅复制权,Unknown
16854,查封或扣押权,Unknown
16855,疾病防治工作,Unknown
16856,医疗卫生机构和医疗废物集中处置单位,Unknown
16857,疾病防治工作的收集,Unknown
16858,疾病防治工作的运送,Unknown
16859,疾病防治工作的贮存,Unknown
16860,疾病防治工作的处置,Unknown
16861,经营动物和动物产品的集贸市场,Unknown
16862,试运行,Unknown
16863,显著位置,Unknown
16864,假冒、伪造、转让或者买卖农业转基因生物安全证书、审批书以及其他批准文件、有关证明文书,Unknown
16865,假冒、伪造、转让或者买卖农业转基因生物有关证明文书,Unknown
16866,《农业转基因生物安全评价管理办法》,Unknown
16867,假冒、伪造、转让或者买卖农业转基因生物安全证书、审批书以及其他批准文件,Unknown
16868,对商品现货市场经营者未按规定加强资金管理力度或侵占或挪用交易者的资金的处罚,Unknown
16869,合同约束,Unknown
16870,系统控制,Unknown
16871,内部管理,Unknown
16872,侵占或挪用交易者的资金,Unknown
16873,县级以上商务主管部门会同有关部门责令改正,Unknown
16874,"处,一万元以上三万元以下罚款",Unknown
16875,不再满足规定要求,Unknown
16876,从事医疗器械网络交易服务第三方平台提供者,Unknown
16877,如实提供相关材料和数据,Unknown
16878,相关材料和数据,Unknown
16879,陕西省质量检验机构管理条例（2019年修订）,Unknown
16880,县级以上质量技术监督部门,Unknown
16881,有关行政管理部门,Unknown
16882,计量认证合格证书,Unknown
16883,对尾矿、煤矸石、废石等矿业固体废物贮存设施停止使用后，未按照国家有关环境保护规定进行封场的行政处罚,Unknown
16884,第十八条第一款规定提供搜索结果,Unknown
16885,第十九条规定搭售商品、服务,Unknown
16886,"电子商务经营者,进行,责令限期改正",Unknown
16887,"电子商务经营者,进行,没收违法所得",Unknown
16888,"电子商务经营者,进行,可以并处五万元以上二十万元以下的罚款",Unknown
16889,"情节严重的电子商务经营者,进行,并处二十万元以上五十万元以下的罚款",Unknown
16890,"或者在保存期内修改、删除登记内容、记录备份,处罚",Unknown
16891,"未向文化行政部门、公安机关办理有关手续或者备案,处罚",Unknown
16892,县级以上人民政府畜牧兽医主管部门,Unknown
16893,奶畜饲养以及生鲜乳生产环节、收购环节的监督管理,Unknown
16894,县级以上质量监督检验检疫部门,Unknown
16895,乳制品生产环节和乳品进出口环节的监督管理,Unknown
16896,乳制品销售环节的监督管理,Unknown
16897,县级以上食品药品监督部门,Unknown
16898,乳制品餐饮服务环节的监督管理,Unknown
16899,乳品质量安全监督管理的综合协调、组织查处食品安全重大事故,Unknown
16900,县级以上人民政府其他有关部门,Unknown
16901,负责乳品质量安全监督管理的其他工作,Unknown
16902,承担城市道路养护、维修的单位,Unknown
16903,城市道路养护、维修的技术规范,Unknown
16904,监督检查养护、维修工程的质量,Unknown
16905,"承担城市道路养护、维修的单位,进行,监督检查",Unknown
16906,依法处理扣押的无主财物,Unknown
16907,《公安机关办理行政案件程序规定》(公安部令第125号),Unknown
16908,原主或者当事人,Unknown
16909,在六个月内来领取,Unknown
16910,原主,Unknown
16911,通知对象,Unknown
16912,《公安机关办理行政案件程序规定》(公安部令第125号,Unknown
16913,不宜长期保存的物品,Unknown
16914,妥善保管,Unknown
16915,扣押的物品,Unknown
16916,公开拍卖或者按照国家有关规定处理,Unknown
16917,满六个月无人主张权利或者无法查清权利人的财产,Unknown
16918,森林病虫害防治工作,Unknown
16919,单位和个人奖励,Unknown
16920,人民政府或者林业主管部门,Unknown
16921,人民政府或者林业主管部门奖励,Unknown
16922,《中华人民共和国森林病虫害防治条例》,Unknown
16923,有显著成绩的单位和个人奖励,Unknown
16924,严格执行森林病虫害防治法规,Unknown
16925,预报病情、虫情及时准确,Unknown
16926,在森林病虫害防治科学研究中取得成果,Unknown
16927,在应用推广科研成果中获得重大效益,Unknown
16928,在林业基层单位连续从事森林病虫害防治工作满十年,Unknown
16929,在森林病虫害防治工作中有其他显著成绩,Unknown
16930,做出显著成绩的单位和个人,Unknown
16931,县级以上人民政府或者林业行政主管部门对单位和个人,Unknown
16932,饲料原料,Unknown
16933,单一饲料,Unknown
16934,药物饲料添加剂,Unknown
16935,添加剂预混合饲料,Unknown
16936,用于违法生产饲料添加剂的原料,Unknown
16937,用于违法生产饲料、饲料添加剂的工具,Unknown
16938,违法生产、经营、使用的饲料,Unknown
16939,查封违法生产、经营饲料、饲料添加剂的场所,Unknown
16940,猎捕陆生野生动物审批,Unknown
16941,建筑业企业资质认定,Unknown
16942,采矿权人因矿区范围争议裁决,Unknown
16943,《中华人民共和国矿产资源法实施细则》,Unknown
16944,国务院令第152号发布,Unknown
16945,未经核准注册使用厂商识别代码和相应商品条码的行为,Unknown
16946,处以30000元以下罚款,Unknown
16947,市政府管辖的行政复议案件,Unknown
16948,行政复议与应诉综合指导处,Unknown
16949,行政复议与应诉一处,Unknown
16950,行政复议与应诉二处,Unknown
16951,行政复议与应诉三处,Unknown
16952,企业和个人,Unknown
16953,不得收购糖料,Unknown
16954,违反第三十一条,Unknown
16955,《糖料管理暂行办法》,Unknown
16956,2002年6月28日,Unknown
16957,化妆品广告,Unknown
16958,化妆品,Unknown
16959,采用其他方式,Unknown
16960,2021年修订,Unknown
16961,对台湾居民不按规定办理暂住登记的处罚,Unknown
16962,第34条,Unknown
16963,被特许人在订立特许经营合同前支付费用,Unknown
16964,该部分费用的用途以及退还的条件、方式,Unknown
16965,1万元以下的罚款,Unknown
16966,情节严重的罚款,Unknown
16967,《条例》第二十六条,Unknown
16968,被特许人,Unknown
16969,《商业特许经营信息披露管理办法》,Unknown
16970,保安服务公司基本情况,Unknown
16971,保安培训单位基本情况,Unknown
16972,经营活动情况,Unknown
16973,保安合同,Unknown
16974,影像资料,Unknown
16975,保安培训和权益保障,Unknown
16976,队伍管理情况,Unknown
16977,擅自设立广播电视节目制作经营单位或者擅自制作电视剧及其他广播电视节目行为,Unknown
16978,从事违法活动的专用工具、设备和节目载体,Unknown
16979,对企业未按照有关规定制定、备案环境应急预案，或者提供虚假文件备案的行政处罚,Unknown
16980,"...处罚,企业未按照有关规定制定、备案环境应急预案，或者提供虚假文件备案的",Unknown
16981,国务院令第440号,Unknown
16982,未在产品、包装或者说明书上标注生产许可证标志和编号,Unknown
16983,《西安市建筑装饰装修条例》（2022年修正）,Unknown
16984,公共建筑装饰装修工程,Unknown
16985,公共建筑装饰装修工程竣工报告,Unknown
16986,市级少体校,Unknown
16987,少体校的设立,Unknown
16988,《少年儿童体育学校管理办法》,Unknown
16989,少体校的变更,Unknown
16990,少体校的终止,Unknown
16991,县级以上体育行政部门,Unknown
16992,少体校,Unknown
16993,同级教育行政部门,Unknown
16994,金属非金属地下矿山井下或者井口动火作业,Unknown
16995,《工贸企业有限空间作业安全规定》,Unknown
16996,未按照规定开展有限空间作业专题安全培训或者未如实记录安全培训情况,Unknown
16997,未按照规定制定有限空间作业现场处置方案或者未按照规定组织演练,Unknown
16998,处10万元以下的罚款,Unknown
16999,处10万元以上20万元以下的罚款,Unknown
17000,对其直接负责的主管人员和其他直接责任人员处2万元以上5万元以下的罚款,Unknown
17001,对企业用欺骗、贿赂等不正当手段取得生产许可证行为的行政惩罚,Unknown
17002,企业用欺骗、贿赂等不正当手段取得生产许可证行为,Unknown
17003,20万元以下的罚款,Unknown
17004,对在演播厅外从事符合《营业性演出管理条例实施细则》规定条件的电视文艺节目的现场录制，未办理审批手续的行政处罚,Unknown
17005,对文化主管部门或者文化行政执法机构检查营业性演出现场，演出举办单位拒不接受检查的行政处罚,Unknown
17006,县级以上文化主管部门或者文化行政执法机构,Unknown
17007,演出举办单位进行处罚,Unknown
17008,固定资产投资项目核准,Unknown
17009,国发〔2016〕72号文件规定的外商投资项目,Unknown
17010,扣押发生农业机械事故后企图逃逸的、拒不停止存在重大事故隐患的农业机械及证书、牌照、操作证件,Unknown
17011,扣押有关农业机械及证书、牌照、操作证件,Unknown
17012,被扣押的农业机械及证书、牌照、操作证件,Unknown
17013,存在重大事故隐患的农业机械,Unknown
17014,"前提,排除隐患前",Unknown
17015,未设置厨余垃圾集中收集设施的行政地点,Unknown
17016,产生厨余垃圾的餐饮经营者,Unknown
17017,集中收集设施,Unknown
17018,未设置厨余垃圾集中收集设施的,Unknown
17019,处1000元以上10000元以下罚款,Unknown
17020,农作物病虫害防治条例,Unknown
17021,国务院令725号,Unknown
17022,全国农作物病虫害防治的监督管理工作,Unknown
17023,本行政区域农作物病虫害防治的监督管理工作,Unknown
17024,对农作物病虫害防治的监督检查,Unknown
17025,危险货物道路运输经营许可,Unknown
17026,对侵占、毁损、擅自拆除、移动燃气设施或者擅自改动市政燃气设施,Unknown
17027,毁损,Unknown
17028,擅自拆除,Unknown
17029,移动,Unknown
17030,擅自改动,Unknown
17031,燃气设施,Unknown
17032,市政燃气设施,Unknown
17033,监理工程师,Unknown
17034,注册工程师,Unknown
17035,勘察设计注册工程师管理规定,Unknown
17036,对向水体排放、倾倒工业废渣等废弃物，或者在江河等最高水位线以下的滩地、岸坡堆放、存贮固体废弃物或者其他污染物的行政处罚,Unknown
17037,特种设备或者其主要部件,Unknown
17038,水库、水电站、拦河闸坝等工程的管理单位以及其他经营工程设施的经营者,Unknown
17039,涉嫌物品,Unknown
17040,涉嫌非法生产、销售军服或者军服仿制品的行为,Unknown
17041,《西安市市政工程设施管理条例》（2016修正）,Unknown
17042,城市排水、防洪设施保护范围,Unknown
17043,规划行政管理部门,Unknown
17044,市政工程设施管理部门,Unknown
17045,城市排水、防洪设施,Unknown
17046,爆破、钻探、打桩、顶进、挖掘、取土等可能影响城市排水、防洪设施安全活动,Unknown
17047,违反本条例第四十五条、第四十八条规定,Unknown
17048,中华人民共和国劳动合同法,Unknown
17049,中华人民共和国劳动合同法实施条例,Unknown
17050,住房公积金提取核准,Unknown
17051,提取住房公积金,Unknown
17052,准予提取或者不准提取的决定,Unknown
17053,提取手续,Unknown
17054,省内融资担保公司变更事项备案,Unknown
17055,吸毒,Unknown
17056,赌博,Unknown
17057,机动车维修企业,Unknown
17058,陕西省实施&lt;中华人民共和国道路交通安全法&gt;办法,Unknown
17059,国防交通工程设施,Unknown
17060,相关人民政府国防交通主管机构,Unknown
17061,项目的设计审定,Unknown
17062,交通工程设施建设情况,Unknown
17063,贯彻国防要求的意见,Unknown
17064,有关的国防交通主管机构,Unknown
17065,设计审定,Unknown
17066,《国务院关于废止和修改部分行政法规的决定》,Unknown
17067,国家安全事项的建设项目审批,Unknown
17068,市国安局,Unknown
17069,安全部,Unknown
17070,地方各级国家安全机关,Unknown
17071,测绘项目的招标单位,Unknown
17072,测绘单位,Unknown
17073,伪造、变造或者出租、出借、转让经营许可证，或者使用伪造、变造的经营许可证的行为,Unknown
17074,诚信监督管理机制和服务质量评价体系,Unknown
17075,水路运输辅助业务经营者诚信档案,Unknown
17076,水路运输辅助业务经营者及从业人员,Unknown
17077,诚信档案,Unknown
17078,经营者诚信档案,Unknown
17079,诚信信息,Unknown
17080,预抵押登记注销登记,Unknown
17081,登记资料保存期限,Unknown
17082,违反本办法第十条第三款规定,Unknown
17083,擅自转移、销毁、销售被登记保存的产品行为,Unknown
17084,被登记保存产品总值一倍以上三倍以下的罚款,Unknown
17085,责令追回,Unknown
17086,对养殖者对外提供自行配制的饲料的行政处罚,Unknown
17087,非煤矿矿山企业,Unknown
17088,许可证变更手续,Unknown
17089,非煤矿矿山企业安全生产许可证实施办法,Unknown
17090,第四十四条第一款,Unknown
17091,陕西省应急管理厅,Unknown
17092,陕应急〔2022〕481号,Unknown
17093,陕西省行政区域内,Unknown
17094,安全生产许可的非煤矿山企业,Unknown
17095,建筑业企业专业作业资质备案,Unknown
17096,《住房和城乡建设部关于印发建设工程企业资质管理制度改革方案的通知》（建市〔2020〕94号）,Unknown
17097,"《住房和城乡建设部办公厅关于做好建筑业""证照分离""改革衔接有关工作的通知》（建办市〔2021〕30号）",Unknown
17098,施工劳务资质,Unknown
17099,专业作业资质,Unknown
17100,审批制,Unknown
17101,备案制,Unknown
17102,建筑业企业,Unknown
17103,"由,企业注册地设区市住房和城乡建设主管部门负责办理",Unknown
17104,竣工结算文件备案,Unknown
17105,《建筑工程施工发包与承包计价管理办法》,Unknown
17106,住房和城乡建设部发布,Unknown
17107,竣工结算文件,Unknown
17108,发包方,Unknown
17109,工程所在地县级以上地方人民政府住房城乡建设主管部门,Unknown
17110,行为1,Unknown
17111,行为2,Unknown
17112,行为3,Unknown
17113,未组织竣工验收,Unknown
17114,擅自交付使用,Unknown
17115,验收不合格,Unknown
17116,对不合格的建设工程按照合格工程验收,Unknown
17117,对违反危桥管理规定的行政处罚,Unknown
17118,违反《排污许可管理条例》规定排放污染物,Unknown
17119,被责令改正拒不改正,Unknown
17120,对抢水、非法引水、截水或者哄抢抗旱物资行为的行政处罚,Unknown
17121,2009年2月26日,Unknown
17122,第552号,Unknown
17123,"实施依据,《中华人民共和国治安管理处罚法》",Unknown
17124,"实施依据,追究刑事责任",Unknown
17125,对收购国家禁止收购的金属物品的处罚,Unknown
17126,公安部令第16号发布,Unknown
17127,"违反本办法第九条规定,收购禁止收购的金属物品的",Unknown
17128,处以2000元以上10000元以下的罚款,Unknown
17129,互联网上网服务营业场所检查,Unknown
17130,信息网络安全,Unknown
17131,治安,Unknown
17132,消防安全,Unknown
17133,互联网上网服务营业场所经营单位设立审批,Unknown
17134,经营活动监督管理,Unknown
17135,登记注册,Unknown
17136,营业执照管理,Unknown
17137,查处无照经营活动,Unknown
17138,电信管理等其他有关部门,Unknown
17139,有关监督管理,Unknown
17140,国家以工代赈管理办法,Unknown
17141,陕西省以工代赈管理细则,Unknown
17142,地方发展改革部门应当建立健全以工代赈检查制度,Unknown
17143,建立以工代赈工作检查制度,Unknown
17144,以工代赈项目,Unknown
17145,由地方发展改革部门,Unknown
17146,由县级发改部门,Unknown
17147,由省市发展改革委,Unknown
17148,采取破坏性的开采方法开采矿产资源,Unknown
17149,可以吊销采矿许可证,Unknown
17150,造成矿产资源严重破坏,Unknown
17151,相当于矿产资源损失价值50%,Unknown
17152,相当于矿产资源损失价值百分之十以上百分之五十以下,Unknown
17153,临时使用的土地,Unknown
17154,中华人民共和国土地管理法,Unknown
17155,临时使用土地的使用者,Unknown
17156,临时使用的土地上修建永久性建筑物,Unknown
17157,中华人民共和国土地管理法实施条例,Unknown
17158,违反《土地管理法》第五十七条的规定,Unknown
17159,申请人民法院强制执行,Unknown
17160,将其产生的废旧放射源送交贮存、处置，或者将其产生的其他放射性固体废物送交处置,Unknown
17161,将其产生的废旧放射源或者其他放射性固体废物送交贮存、处置,Unknown
17162,审批该单位立项环境影响评价文件的环境保护主管部门,Unknown
17163,有相应许可证的单位,Unknown
17164,国务院令第612号,Unknown
17165,2012年,Unknown
17166,动物饲养,Unknown
17167,动物屠宰,Unknown
17168,动物经营,Unknown
17169,动物隔离,Unknown
17170,动物运输,Unknown
17171,动物产品生产,Unknown
17172,动物产品经营,Unknown
17173,动物产品加工,Unknown
17174,动物产品贮藏,Unknown
17175,动物产品运输,Unknown
17176,动物防疫,Unknown
17177,监督检查任务,Unknown
17178,官方兽医,Unknown
17179,医疗器械不良事件监测工作制度,Unknown
17180,与其经营或者使用规模相适应的机构或者人员,Unknown
17181,不良事件监测记录,Unknown
17182,国家医疗器械不良事件监测信息系统用户,Unknown
17183,持有人报告所收集或者获知的医疗器械不良事件,Unknown
17184,持有人对医疗器械不良事件调查和评价,Unknown
17185,县级以上药品监督管理部门,Unknown
17186,同级卫生行政部门,Unknown
17187,对房地产经纪机构和房地产经纪人员的监督检查,Unknown
17188,县级以上人民政府建设(房地产)主管部门,Unknown
17189,房地产经纪活动的监督和管理,Unknown
17190,人力资源和社会保障主管部门,Unknown
17191,建设(房地产)主管部门,Unknown
17192,现场巡查,Unknown
17193,合同抽查,Unknown
17194,投诉受理,Unknown
17195,约谈,Unknown
17196,记入信用档案,Unknown
17197,媒体曝光,Unknown
17198,房地产经纪信用档案,Unknown
17199,不良信用记录记入其信用档案,Unknown
17200,生态环境主管部门及其环境执法机构,Unknown
17201,从事产生、收集、贮存、运输、利用、处置固体废物等活动的单位和其他生产经营者,Unknown
17202,现场监测,Unknown
17203,采集样品,Unknown
17204,查阅或者复制与固体废物污染环境防治相关的资料,Unknown
17205,证件,Unknown
17206,现场检查中知悉的商业秘密,Unknown
17207,保密,Unknown
17208,"建设单位或者施工单位,串通",Unknown
17209,"与建设单位或者施工单位串通,弄虚作假、降低工程质量",Unknown
17210,将不合格的建设工程、建筑材料、建筑构配件和设备按照合格签字,Unknown
17211,"责令改正,处50万元以上100万元以下的罚款,降低资质等级或者吊销资质证书",Unknown
17212,"有违法所得的,予以没收",Unknown
17213,"造成损失的,承担连带赔偿责任",Unknown
17214,对单位罚款数额5%以上10%以下的罚款,Unknown
17215,重点用能单位,Unknown
17216,配备能源计量工作人员,Unknown
17217,未接受能源计量专业知识培训,Unknown
17218,国家质量监督检验检疫总局第132号令,Unknown
17219,国家市场监督管理总局令第31号,Unknown
17220,医疗用毒性药品收购企业许可,Unknown
17221,省药监局,Unknown
17222,设区的市药品监管部门,Unknown
17223,对涉嫌传销行为的监督检查,Unknown
17224,责令停止相关活动,Unknown
17225,向涉嫌传销的组织者、经营者和个人调查、了解有关情况,Unknown
17226,"进入涉嫌传销的经营场所和培训、集会等活动场所,实施现场检查",Unknown
17227,查阅、复制、查封、扣押涉嫌传销的有关合同、票据、账簿等资料,Unknown
17228,查封、扣押涉嫌专门用于传销的产品（商品）、工具、设备、原材料等财物,Unknown
17229,查询涉嫌传销的组织者或者经营者的账户及与存款有关的会计凭证、账簿、对账单等,Unknown
17230,"对有证据证明转移或者隐匿违法资金的,可以申请司法机关予以冻结",Unknown
17231,《水行政同意实施办法》（2005年7月8日水利部令第23号公布，2023修正）,Unknown
17232,《勘察设计注册工程师管理规定》（2005年2月4日建设部令第137号公布，2016修正）,Unknown
17233,水行政同意实施机关,Unknown
17234,水行政同意,Unknown
17235,不得再次申请该水行政同意,Unknown
17236,土地储备机构管理,Unknown
17237,《关于规范土地储备和资金管理等相关问题的通知》,Unknown
17238,土地储备工作,Unknown
17239,土地储备监管制度,Unknown
17240,土地储备机构进行动态监管,Unknown
17241,土地储备资产进行动态监管,Unknown
17242,土地储备的具体实施工作,Unknown
17243,名录制管理,Unknown
17244,与土地储备职能无关的事务,Unknown
17245,城市基础设施建设,Unknown
17246,城镇保障性安居工程建设,Unknown
17247,职工休年休假,Unknown
17248,未休年休假工资报酬,Unknown
17249,支付未休年休假工资报酬,Unknown
17250,加付赔偿金,Unknown
17251,赔偿金行政处理决定,Unknown
17252,燃气经营许可,Unknown
17253,对入网食品生产经营者未按要求进行信息公示的行政处罚,Unknown
17254,信息公示,Unknown
17255,画面清晰,Unknown
17256,容易辨识,Unknown
17257,食品生产经营许可证,Unknown
17258,餐饮服务食品安全监督量化分级管理信息,Unknown
17259,自由类技术进出口合同登记备案,Unknown
17260,服务贸易处,Unknown
17261,对企业违法解除职工协商代表的劳动合同,Unknown
17262,《陕西省企业集体合同条例》第十四条第一款,Unknown
17263,职工协商代表,Unknown
17264,赔偿,Unknown
17265,给予职工协商代表本人年收入二倍的赔偿,Unknown
17266,支付经济补偿,Unknown
17267,《陕西省企业集体合同条例》第十四条第二款,Unknown
17268,对检疫传染病病人实施临时隔离,Unknown
17269,对检疫传染病病人进行医学检查,Unknown
17270,对疑似检疫传染病病人实施临时隔离,Unknown
17271,对密切接触者实施临时隔离,Unknown
17272,对病原携带者实施临时隔离,Unknown
17273,对被污染物品实施控制和卫生处理,Unknown
17274,采取交通卫生检疫措施,Unknown
17275,铁路、交通、民用航空行政主管部门的卫生主管机构,Unknown
17276,交通卫生检疫措施,Unknown
17277,对出入检疫传染病疫区的人员进行查验,Unknown
17278,对出入检疫传染病疫区的交通工具进行查验,Unknown
17279,对出入检疫传染病疫区的物资进行查验,Unknown
17280,对通过该疫区的交通工具进行紧急卫生处理,Unknown
17281,自决定实施时起至决定解除时止,Unknown
17282,本条例的规定,Unknown
17283,"直至吊销,《网络文化经营许可证》",Unknown
17284,接纳未成年人进入营业场所,Unknown
17285,经营非网络游戏,Unknown
17286,擅自停止实施经营管理技术措施,Unknown
17287,未悬挂《网络文化经营许可证》或者未成年人禁入标志,Unknown
17288,对环境影响评价文件存在一般质量问题的行政处罚,Unknown
17289,普法与依法治理处,Unknown
17290,陕西省法制宣传教育条例,Unknown
17291,中共西安市委、西安市人民政府,Unknown
17292,第八个五年规划,Unknown
17293,全国,Unknown
17294,全省,Unknown
17295,全市,Unknown
17296,民主法治示范村（社区）,Unknown
17297,创建工作,Unknown
17298,涉嫌吸毒人员的强制检测,Unknown
17299,被检测人员,Unknown
17300,吸毒检测,Unknown
17301,必要的检测,Unknown
17302,拒绝接受检测,Unknown
17303,强制检测,Unknown
17304,女性被检测人,Unknown
17305,女性工作人员进行,Unknown
17306,涉嫌服用国家管制的精神药品、麻醉药品驾驶机动车的人员,Unknown
17307,体内国家管制的精神药品、麻醉药品含量检验,Unknown
17308,吸毒人员进行登记,Unknown
17309,不符合标准的设施、设备、器材,Unknown
17310,违法生产、储存、使用、经营的危险化学品,Unknown
17311,违法生产、储存、使用、经营的烟花爆竹,Unknown
17312,有关作业场所,Unknown
17313,表彰和奖励在林业技术推广工作中作出贡献的单位和个人,Unknown
17314,《中华人民共和国农业技术推广法》,Unknown
17315,"对在农业技术推广工作中做出贡献的单位和个人,给予奖励",Unknown
17316,串通投标,Unknown
17317,与招标人串通投标,Unknown
17318,向招标人或者评标委员会成员行贿,Unknown
17319,取消其一年至二年内参加依法必须进行招标的项目的投标资格,Unknown
17320,直至由工商行政管理机关吊销营业执照,Unknown
17321,对未按照规定，对职业病危害预评价报告、职业病防护设施设计、职业病危害控制效果评价报告进行评审或者组织职业病防护设施验收,Unknown
17322,对职业病危害预评价、职业病防护设施设计、职业病危害控制效果评价或者职业病防护设施验收工作过程未形成书面报告备查,Unknown
17323,对建设项目的生产规模、工艺等发生变更导致职业病危害风险发生重大变化的，建设单位对变更内容未重新进行职业病危害预评价和评审，或者未重新进行职业病防护设施设计和评审,Unknown
17324,对需要试运行的职业病防护设施未与主体工程同时试运行,Unknown
17325,对建设单位未按照本办法第八条规定公布有关信息的处罚,Unknown
17326,对未按规定进行预处理向污水集中处理设施排放不符合要求工业废水的行政处罚,Unknown
17327,应急用血采血规定,Unknown
17328,情节严重或者造成严重后果的医疗机构,Unknown
17329,《西安市校车安全管理办法》,Unknown
17330,政府举办的学校,Unknown
17331,领导人员,Unknown
17332,暂停招生,Unknown
17333,5年内不得从事学校管理事务,Unknown
17334,中医医疗机构执业登记,Unknown
17335,《医疗机构执业许可证》,Unknown
17336,商品或者服务及其实际经营主体,Unknown
17337,售后服务等信息,Unknown
17338,上述信息的链接标识,Unknown
17339,网络直播服务提供者,Unknown
17340,三年,Unknown
17341,本办法第二十条,Unknown
17342,"逾期不改正的网络交易经营者,处一万元以下罚款",Unknown
17343,对律师事务所（分所）和律师的行政检查,Unknown
17344,国家法定计量检定机构任务授权,Unknown
17345,专业性或区域性计量检定机构,Unknown
17346,建立,Unknown
17347,某一部门或某一单位的计量检定机构,Unknown
17348,内部使用的强制检定计量器具,Unknown
17349,有关技术机构,Unknown
17350,工程造价咨询企业在建筑工程计价活动中，出具有虚假记载、误导性陈述的工程造价成果文件的处罚,Unknown
17351,工程造价咨询企业,Unknown
17352,虚假记载、误导性陈述的工程造价成果文件,Unknown
17353,"""开采矿产资源审批""",Unknown
17354,"""矿产资源保护监督管理处""",Unknown
17355,未使用符合标准的运送工具运送医疗废物,Unknown
17356,贮存设施或者设备不符合环境保护、卫生要求,Unknown
17357,未将医疗废物按照类别分置于专用包装物或者容器,Unknown
17358,不得擅自停止运营服务,Unknown
17359,广播电视视频点播业务审批 (初审,Unknown
17360,渔业生产和渔业资源调查活动,Unknown
17361,渔具,Unknown
17362,五十万元,Unknown
17363,"可以没收,渔船",Unknown
17364,猥亵,Unknown
17365,在公共场所故意裸露身体,Unknown
17366,产品标识不符合本法第二十七条规定的,Unknown
17367,产品标识,Unknown
17368,本法第二十七条规定的,Unknown
17369,对产品标识不符规定的行政物品,Unknown
17370,限期使用的产品,Unknown
17371,生产日期和安全使用期或者失效日期,Unknown
17372,使用不当,Unknown
17373,应当有警示标志或者中文警示说明,Unknown
17374,产品或者其包装上的标识,Unknown
17375,并符合下列要求,Unknown
17376,环境影响登记表,Unknown
17377,县级以上生态环境主管部门,Unknown
17378,《建设项目环境影响登记表备案管理办法》,Unknown
17379,建设项目环境影响登记表,Unknown
17380,县级环境保护主管部门,Unknown
17381,未按规定储备必要的环境应急装备和物资,Unknown
17382,测量标志保护工作,Unknown
17383,县级以上地方人民政府管理测绘工作的部门,Unknown
17384,对象,Unknown
17385,处一万元以下罚款,Unknown
17386,技术负责人,Unknown
17387,未签名,Unknown
17388,未盖章,Unknown
17389,未依法与委托人签订消防技术服务合同,Unknown
17390,出具的书面结论文件,Unknown
17391,和保管消防技术服务档案,Unknown
17392,对使用的种畜禽不符合种用标准的行政教育,Unknown
17393,《中华人民共和国畜牧法》(2022年10月修订,Unknown
17394,《中华人民共和国畜牧法》(2022年10月修订),Unknown
17395,使用的种畜禽不符合种用标准的,Unknown
17396,种畜禽和违法所得,Unknown
17397,违法所得一倍以上二倍以下罚款,Unknown
17398,对民办学校,Unknown
17399,肥料登记管理办法,Unknown
17400,县级以上农业行政主管部门,Unknown
17401,3倍以下,Unknown
17402,10000元以下,Unknown
17403,未取得登记证的肥料产品,Unknown
17404,假冒,Unknown
17405,肥料登记证,Unknown
17406,肥料登记证号,Unknown
17407,肥料产品有效成分或含量与登记批准的内容不符,Unknown
17408,保障工程质量和安全生产的措施建议,Unknown
17409,省住房城乡建设行政主管部门,Unknown
17410,《陕西省消防条例》,Unknown
17411,2009年7月24日,Unknown
17412,2009年9月1日,Unknown
17413,擅自从事消防技术服务,Unknown
17414,对单位处一万元以上五万元以下罚款,Unknown
17415,对个人处二百元以上一千元以下罚款,Unknown
17416,省公安机关消防机构,Unknown
17417,执业人员,Unknown
17418,相应的技术职称,Unknown
17419,职业资格证书,Unknown
17420,含有汞等可溶性剧毒废渣向水体排放、倾倒或者埋入地下的代履行,Unknown
17421,生产、储存危险化学品建设项目安全设施设计审查,Unknown
17422,对旅行社向旅游者提供的旅游服务信息含有虚假内容或者作虚假宣传的,Unknown
17423,旅行社以低于旅游成本的报价招徕旅游者的,Unknown
17424,收缴民办非企业单位登记证书,Unknown
17425,收缴印章,Unknown
17426,收缴财务凭证,Unknown
17427,《中华人民共和国治安管理处罚法》第七十二条,Unknown
17428,对在饮用水水源一级保护区内新建、改建、扩建与供水设施和保护水源无关的建设项目的行政处罚,Unknown
17429,涉路施工活动检查,Unknown
17430,涉路施工活动,Unknown
17431,修建铁路,Unknown
17432,占用、挖掘公路,Unknown
17433,跨越公路修建桥梁,Unknown
17434,跨越公路,Unknown
17435,在公路用地范围内架设设施,Unknown
17436,在公路用地范围内架设,Unknown
17437,利用公路桥梁铺设电缆,Unknown
17438,利用公路桥梁,Unknown
17439,在公路建筑控制区内埋设设施,Unknown
17440,在公路建筑控制区内埋设,Unknown
17441,3A旅游景区质量等级评定,Unknown
17442,资源开发处,Unknown
17443,特定车辆的限行道路临时通行许可,Unknown
17444,《西安市人民政府关于加强机动车交通管理的通告》,Unknown
17445,对机动车、非机动车、行人采取疏导、限制通行、禁止通行等措施,Unknown
17446,市公安机关交通管理部门,Unknown
17447,特定车辆通行,Unknown
17448,并按指定的路段、时段通行,Unknown
17449,17座以上的机动车（不含公交车）,Unknown
17450,二环路以内行驶,Unknown
17451,7时至22时,Unknown
17452,在二环路以内（含二环路）通行,Unknown
17453,因特殊情况需进入二环路以内,Unknown
17454,到公安交管部门办理通行证,Unknown
17455,消防设施,Unknown
17456,未保持完好有效,Unknown
17457,消防法规定,Unknown
17458,不符合国家标准,Unknown
17459,不符合行业标准,Unknown
17460,损坏,Unknown
17461,停用,Unknown
17462,疏散通道,Unknown
17463,堵塞,Unknown
17464,封闭,Unknown
17465,安全出口,Unknown
17466,埋压,Unknown
17467,圈占,Unknown
17468,遮挡,Unknown
17469,逃生和灭火救援的障碍物,Unknown
17470,经公安机关消防机构通知,Unknown
17471,不及时采取措施消除,Unknown
17472,新化学物质环境管理登记办法,Unknown
17473,设区的市级以上地方生态环境主管部门,Unknown
17474,环境监督管理,Unknown
17475,新化学物质生产者,Unknown
17476,进口者,Unknown
17477,加工使用者,Unknown
17478,电梯的维护保养单位,Unknown
17479,进行电梯维护保养的行政惩罚,Unknown
17480,《中华人民共和国特种设备安全法》第八十八条,Unknown
17481,《股权出质登记办法》,Unknown
17482,股权出质登记机关,Unknown
17483,企业登记机构,Unknown
17484,股权出质登记机构,Unknown
17485,股权出质登记办法,Unknown
17486,国务院令第724号公布,Unknown
17487,拒不提供或者无法提供工程施工合同、农民工工资专用账户有关资料,Unknown
17488,无许可证排放大气污染物,Unknown
17489,核安全监管部门,Unknown
17490,重点扬尘污染单位,Unknown
17491,扬尘在线监测设备,Unknown
17492,重点扬尘污染源单位,Unknown
17493,自动监控设备及其配套设施,Unknown
17494,生态环境主管部门的监控平台联网,Unknown
17495,黑河引水系统水源一级保护区,Unknown
17496,新建、改建、扩建与供水设施和保护水源无关的建设项目,Unknown
17497,黑河引水系统水源二级保护区,Unknown
17498,新建、改建、扩建排放污染物的建设项目,Unknown
17499,报经有批准权的人民政府批准,Unknown
17500,防汛责任制,Unknown
17501,24小时监测监控,Unknown
17502,值班值守,Unknown
17503,"并处,1万元以上3万元以下的罚款",Unknown
17504,"给予,行政处分",Unknown
17505,迟报生产安全事故,Unknown
17506,在事故调查处理期间擅离职守,Unknown
17507,逃匿,Unknown
17508,对未在演出前向演出所在地县级文化主管部门提交《营业性演出管理条例》规定的演出场所合格证明而举办临时搭建舞台、看台营业性演出的行政处罚,Unknown
17509,网络运营商,Unknown
17510,国家安全机关,Unknown
17511,检察机关,Unknown
17512,服务商,Unknown
17513,互联网及其他公共信息网络运营商,Unknown
17514,涉及泄露国家秘密的信息,Unknown
17515,"删除,涉及泄露国家秘密的信息",Unknown
17516,违反本法第三十八条规定,Unknown
17517,野生动物保护工作,Unknown
17518,依法应当编制水土保持方案的生产建设项目,Unknown
17519,未编制水土保持方案或者编制的水土保持方案未经批准而开工建设,Unknown
17520,生产建设项目的地点、规模发生重大变化,Unknown
17521,未补充、修改水土保持方案或者补充、修改的水土保持方案未经原审批机关批准,Unknown
17522,"水土保持方案实施过程中,未经原审批机关批准",Unknown
17523,对水土保持措施作出重大变更行为,Unknown
17524,完善商品信息发布制度,Unknown
17525,交易商品的名称、数量、质量、规格、产地等相关信息,Unknown
17526,信息的真实、准确,Unknown
17527,商品仓储、交易、交收、结算、支付等相关信息,Unknown
17528,保证相关信息的完整和安全,Unknown
17529,五年以上,Unknown
17530,相关信息和资料,Unknown
17531,有关经营信息与资料,Unknown
17532,第十一条、第十二条、第十三条、第十四条、第十七条、第十八条、第十九条、第二十一条规定,Unknown
17533,旅馆业的工作人员,Unknown
17534,住宿的旅客不按规定登记姓名,Unknown
17535,住宿的旅客不按规定登记身份证件种类和号码,Unknown
17536,住宿的旅客将危险物质带入旅馆,Unknown
17537,明知住宿的旅客是犯罪嫌疑人员或者被公安机关通缉的人员而不向公安机关报告,Unknown
17538,住宿的旅客,Unknown
17539,旅馆业的工作人员不按规定登记姓名,Unknown
17540,旅馆业的工作人员不按规定登记身份证件种类和号码,Unknown
17541,危险物质,Unknown
17542,犯罪嫌疑人员或者被公安机关通缉的人员,Unknown
17543,测绘成果管理工作,Unknown
17544,有关人民政府或者部门,Unknown
17545,在测绘成果管理工作中做出突出贡献的单位和个人,Unknown
17546,国家认证认可监督管理委员会,Unknown
17547,体育服务认证活动进行监督管理,Unknown
17548,国家体育总局,Unknown
17549,体育行政管理部门,Unknown
17550,县级以上认证监督管理部门,Unknown
17551,体育主管部门,Unknown
17552,养老机构服务和运营的监督检查,Unknown
17553,中华人民共和国老年人权益保障法,Unknown
17554,本行政区域养老机构管理工作的领导,Unknown
17555,养老机构的指导、监督和管理,Unknown
17556,职责分工对养老机构实施监督,Unknown
17557,向养老机构和个人了解情况,Unknown
17558,进入涉嫌违法的养老机构进行现场检查,Unknown
17559,查阅或者复制有关合同、票据、账簿及其他有关资料,Unknown
17560,"发现养老机构存在可能危及人身健康和生命财产安全风险的,责令限期改正,逾期不改正的,责令停业整顿",Unknown
17561,养老机构涉嫌违法的行为,Unknown
17562,中华人民共和国行政强制法,Unknown
17563,县级以上人民政府民政部门调查养老机构涉嫌违法的行为,Unknown
17564,养老机构管理办法,Unknown
17565,加强对养老机构服务和运营的监督检查,Unknown
17566,由县级以上人民政府民政部门,Unknown
17567,危险物质被盗、被抢、丢失不报,Unknown
17568,伪造、涂改文物拍卖批准文件或者销售标识,Unknown
17569,国家文物主管部门,Unknown
17570,县级以上地方人民政府文物主管部门,Unknown
17571,博物馆管理工作,Unknown
17572,本行政区域内有关的博物馆管理工作,Unknown
17573,擅自改变用电类别,Unknown
17574,擅自超过合同约定的容量用电,Unknown
17575,擅自使用已经在供电企业办理暂停使用手续的电力设备,Unknown
17576,擅自启用已经被供电企业查封的电力设备,Unknown
17577,擅自迁移、更动或者擅自操作供电企业的用电计量装置、电力负荷控制装置、供电设施以及约定由供电企业调度的用户受电设备,Unknown
17578,未经供电企业许可，擅自引入、供出电力或者将自备电源擅自并网,Unknown
17579,绿地建设处,Unknown
17580,城市绿化条例,Unknown
17581,国务院令第100号,Unknown
17582,2017年3月1日,Unknown
17583,各级人民政府应当对城镇绿化工作中成绩显著的单位和个人给予表彰和奖励,Unknown
17584,中级职称评审结果确认,Unknown
17585,专业技术人员管理处,Unknown
17586,违规进入生产、储存易燃易爆危险品场所,Unknown
17587,处罚依据,Unknown
17588,处罚对象,Unknown
17589,民用建筑工程项目设计方案,Unknown
17590,建筑节能设计专项说明,Unknown
17591,建筑节能设计说明,Unknown
17592,节能计算书,Unknown
17593,供热计量装置,Unknown
17594,造型和安装要求,Unknown
17595,地质勘探单位,Unknown
17596,未按照本规定建立有关安全生产制度和规程,Unknown
17597,未按照规定提取和使用安全生产费用,Unknown
17598,坑探工程安全专篇未经安全生产监督管理部门审查同意擅自施工,Unknown
17599,《金属与非金属矿产资源地质勘探安全生产监督管理暂行规定》,Unknown
17600,国家安全生产监督管理总局令第35号,Unknown
17601,对烟花爆竹企业的监督检查,Unknown
17602,处工程合同价款1%以上2%以下的罚款,Unknown
17603,对建设单位处工程合同价款1%以上2%以下罚款,Unknown
17604,未取得施工许可证或者开工报告未经批准,Unknown
17605,对施工单位处3万元以下罚款,Unknown
17606,对未取得拖拉机、联合收割机操作证件而操作拖拉机、联合收割机的行政处罚,Unknown
17607,销售充装单位擅自为非自有气瓶充装的瓶装燃气,Unknown
17608,条例第二十一条第九项,Unknown
17609,"""工商企业等社会资本通过流转取得土地经营权审批""",Unknown
17610,"""政策改革与合作经济指导处""",Unknown
17611,未取得食品经营许可从事食品经营活动,Unknown
17612,食品经营者地址迁移,Unknown
17613,未按照规定重新申请食品经营许可,Unknown
17614,"食品经营许可有效期届满,未按照规定申请办理延续手续",Unknown
17615,食品经营许可证载明的主体业态、经营项目等许可事项发生变化,Unknown
17616,食品经营者未按照规定申请变更,Unknown
17617,食品经营许可证载明的除许可事项以外的其他事项发生变化,Unknown
17618,烟花爆竹经营许可,Unknown
17619,...审批,Unknown
17620,技师学院,Unknown
17621,...设区的市级人力资源社会保障部门,Unknown
17622,...令第235号,Unknown
17623,排污许可证规定,Unknown
17624,"生态环境主管部门监控设备,联网",Unknown
17625,污染物排放自动监测设备正常运行,Unknown
17626,特殊车辆,Unknown
17627,特殊车辆在城市道路上行驶审批,Unknown
17628,西安市市政工程设施管理部门,Unknown
17629,需要超载、超高通过的机动车辆,Unknown
17630,确需通行的履带式、铁轮式和其他对城市道路、桥涵有损害的车辆,Unknown
17631,二级社会体育指导员技术等级称号确认,Unknown
17632,《社会体育指导员管理办法》,Unknown
17633,地市级体育主管部门批准授予二级社会体育指导员技术等级称号,Unknown
17634,省级体育主管部门批准授予一级社会体育指导员技术等级称号,Unknown
17635,国家体育总局批准授予国家级社会体育指导员技术等级称号,Unknown
17636,第一类医疗器械生产备案,Unknown
17637,药品监督管理,Unknown
17638,从事第一类医疗器械生产,Unknown
17639,所在地设区的市级人民政府负责药品监督管理的部门备案,Unknown
17640,从事医疗器械生产,Unknown
17641,与生产的医疗器械相适应的生产场地,Unknown
17642,环境条件,Unknown
17643,生产设备,Unknown
17644,能对生产的医疗器械进行质量检验的机构或者专职检验人员,Unknown
17645,检验设备,Unknown
17646,保证医疗器械质量的管理制度,Unknown
17647,与生产的医疗器械相适应的售后服务能力,Unknown
17648,产品研制、生产工艺文件规定的要求,Unknown
17649,公路用地,Unknown
17650,公路路政监督检查人员,Unknown
17651,规定从事业务活动以外活动,Unknown
17652,处以1万元以上10万元以下的罚款,Unknown
17653,劳动合同法有关建立职工名册规定,Unknown
17654,2000元以上2万元以下的罚款,Unknown
17655,住房公积金贷款,Unknown
17656,对当事人,Unknown
17657,信贷管理处,Unknown
17658,法规与审计稽核处,Unknown
17659,管理中心应当责令其限期退回所贷金额,Unknown
17660,管理中心应当对当事人处以所贷金额5%至10%的罚款,Unknown
17661,对在爱国卫生工作中取得突出成绩的单位和个人的表彰奖励,Unknown
17662,《陕西省爱国卫生条例》(2015修正),Unknown
17663,履行辅助人的非法、不安全服务行为,Unknown
17664,履行辅助人,Unknown
17665,情节严重的处罚,Unknown
17666,处2000元以上10000元以下罚款,Unknown
17667,2016年国家旅游局令第41号,Unknown
17668,第十一条第二款,Unknown
17669,《西安市道路交通管理条例》,Unknown
17670,违反本条例第八条规定,Unknown
17671,处警告或者五十元罚款,Unknown
17672,测绘成果质量不合格,Unknown
17673,与电梯安全有关的建筑设施,Unknown
17674,有资质的单位,Unknown
17675,建筑设施及电梯数量、参数,Unknown
17676,使用场所因素考虑,Unknown
17677,配送,Unknown
17678,应急处置措施,Unknown
17679,上级人民政府卫生健康主管部门,Unknown
17680,疫苗,Unknown
17681,未将年度检测记录和报告报送公安机关消防机构备案的行为,Unknown
17682,由公安机关消防机构责令限期改正,Unknown
17683,处以二千元以上五千元以下罚款,Unknown
17684,消防安全重点单位和应当设有自动消防系统的单位,Unknown
17685,每年定期将检测记录和报告报当地公安机关消防机构备案,Unknown
17686,重大节日、重大活动前和期间,Unknown
17687,对建筑消防设施进行检查,Unknown
17688,铝加工深井铸造工艺,Unknown
17689,结晶器冷却水系统,Unknown
17690,进水压力监测报警装置,Unknown
17691,进水流量监测报警装置,Unknown
17692,紧急排放阀联锁,Unknown
17693,流槽断开装置联锁,Unknown
17694,倾动式浇铸炉控制系统联锁,Unknown
17695,"应当查明,建设工程施工范围内地下燃气管线的相关情况",Unknown
17696,"施工单位,制定,燃气设施保护方案",Unknown
17697,相应的安全保护措施,Unknown
17698,管道燃气经营者,Unknown
17699,"专业人员,进行现场指导",Unknown
17700,对未按照要求提交质量管理体系自查报告,Unknown
17701,从不具备合法资质的供货者购进医疗器械,Unknown
17702,医疗器械经营企业、使用单位未依照本条例规定建立并执行医疗器械进货查验记录制度,Unknown
17703,从事第二类、第三类医疗器械批发业务以及第三类医疗器械零售业务的经营企业未依照本条例规定建立并执行销售记录制度,Unknown
17704,医疗器械注册人、备案人、生产经营企业、使用单位未依照本条例规定开展医疗器械不良事件监测，未按照要求报告不良事件，或者对医疗器械不良事件监测技术机构、负责药品监督管理的部门、卫生主管部门开展的不良事件调查不予配合,Unknown
17705,医疗器械注册人、备案人未按照规定制定上市后研究和风险管控计划并保证有效实施,Unknown
17706,医疗器械注册人、备案人未按照规定建立并执行产品追溯制度,Unknown
17707,医疗器械注册人、备案人、经营企业从事医疗器械网络销售未按照规定告知负责药品监督管理的部门,Unknown
17708,医疗器械使用单位未妥善保存购入第三类医疗器械的原始资料,Unknown
17709,本规定第十条,Unknown
17710,备案手续,Unknown
17711,拒不改正的非经营性互联网文化单位,Unknown
17712,互联网文化活动,Unknown
17713,向所在地省、自治区、直辖市人民政府文化行政部门备案,Unknown
17714,备案表,Unknown
17715,需要提交的文件之一,Unknown
17716,章程,Unknown
17717,法定代表人或者主要负责人的身份证明文件,Unknown
17718,域名登记证明,Unknown
17719,文化部发布,Unknown
17720,2011年2月发布,Unknown
17721,2017年12月修订,Unknown
17722,介绍外国人非法就业,Unknown
17723,《中华人民共和国出境入境管理法》第80条,Unknown
17724,对个人处罚,Unknown
17725,对单位处罚,Unknown
17726,每非法介绍一人五千元，总额不超过五万元,Unknown
17727,每非法介绍一人五千元，总额不超过十万元,Unknown
17728,实验室比对,Unknown
17729,职业健康检查质量考核工作,Unknown
17730,处以三万元以下罚款,Unknown
17731,馆藏文物,Unknown
17732,国有文物收藏单位之间借用馆藏文物,Unknown
17733,借用馆藏一级文物,Unknown
17734,机动车违反载物规定,Unknown
17735,《中华人民共和国道路交通安全法》第九十二条,Unknown
17736,至违法状态消除,Unknown
17737,对直接负责的主管人员罚款,Unknown
17738,对逾期不缴纳水土保持补偿费行为的加处罚款或滞纳金,Unknown
17739,水土保持补偿费,Unknown
17740,逾期不缴纳的,Unknown
17741,应缴水土保持补偿费三倍以下的罚款,Unknown
17742,取得印鉴卡的医疗机构,Unknown
17743,"或者未依照规定进行处方专册登记,处罚",Unknown
17744,特种设备作业人员,Unknown
17745,特种设备的操作规程和有关的安全规章制度操作,Unknown
17746,现场安全管理人员报告,Unknown
17747,单位有关负责人报告,Unknown
17748,特种设备作业人员资格,Unknown
17749,列入限期淘汰目录被淘汰的设备,Unknown
17750,他人使用,Unknown
17751,有前款第七项行为,Unknown
17752,未进行整机或者部件型式试验的行为,Unknown
17753,国家有关信息化标准规定,Unknown
17754,娱乐场所治安管理信息系统,Unknown
17755,"录入,从业人员信息",Unknown
17756,"录入,营业日志信息",Unknown
17757,"信息录入,系统",Unknown
17758,县级公安机关治安管理部门,Unknown
17759,本办法第二十六条规定,Unknown
17760,"处,5000元以上1万元以下罚款",Unknown
17761,涉及危大工程的重点部位和环节,Unknown
17762,保障工程周边环境安全和工程施工安全的意见,Unknown
17763,并处,Unknown
17764,罚款1000元以上5000元以下,Unknown
17765,对市场监管领域重大违法行为的举报奖励,Unknown
17766,市场监管总局,Unknown
17767,"财政总,共同发布,《市场监管领域重大违法行为举报奖励暂行办法》",Unknown
17768,市场监管总局、财政总关于印发《市场监管领域重大违法行为举报奖励暂行办法》的通知,Unknown
17769,违反食品、药品、特种设备、工业产品质量安全相关法律法规规定的重大违法行为,Unknown
17770,具有区域性、系统性风险的重大违法行为,Unknown
17771,市场监管领域具有较大社会影响,Unknown
17772,"属于,举报事项",Unknown
17773,涉嫌犯罪移送司法机关被追究刑事责任的违法行为,Unknown
17774,转让人,Unknown
17775,转让户外广告设置权未按照规定处理变更登记手续的行为,Unknown
17776,超越资质范围从事社会消防技术服务活动,Unknown
17777,2018年9月第二次,Unknown
17778,责令停止有关活动,Unknown
17779,监督销毁或者送交保藏机构,Unknown
17780,土地复垦费用,Unknown
17781,城市市容和环境卫生管理条例,Unknown
17782,对拒绝、阻碍计量监督执法人员依法进行监督检查的行政处罚,Unknown
17783,隐匿、转移、变卖、损毁被封存、扣押物品的行政处罚,Unknown
17784,《陕西省计量监督管理条例》（2021年修订）,Unknown
17785,电力行政主管部门,Unknown
17786,是否恢复供电,Unknown
17787,未经消防设计审核擅自施工,Unknown
17788,消防设计审核不合格擅自施工,Unknown
17789,消防设计抽查不合格不停止施工,Unknown
17790,未经消防验收擅自投入使用,Unknown
17791,消防验收不合格擅自投入使用,Unknown
17792,投入使用后抽查不合格不停止使用,Unknown
17793,未经消防安全检查擅自投入使用、营业,Unknown
17794,消防安全检查不合格擅自投入使用、营业,Unknown
17795,未进行消防设计备案,Unknown
17796,未进行竣工验收消防备案,Unknown
17797,《中华人民共和国消防法》第五十八条,Unknown
17798,教唆、引诱、欺骗他人吸食、注射毒品,Unknown
17799,教唆、引诱、欺骗他人吸食、注射毒品的处罚,Unknown
17800,对逾期不履行交通运输领域排除妨碍、恢复原状等义务的行政决定,Unknown
17801,2018年6月28日国务院令第699号,Unknown
17802,储备土地的临时利用,Unknown
17803,储备土地,Unknown
17804,临时利用人,Unknown
17805,临时使用人,Unknown
17806,土地,Unknown
17807,国家工商总局,Unknown
17808,环保总局,Unknown
17809,洗染企业的服务产品质量和经营行为,Unknown
17810,环保部门,Unknown
17811,洗染企业影响环境的行为,Unknown
17812,商务、工商、环保部门,Unknown
17813,客运索道使用单位,Unknown
17814,开展应急救援演练,Unknown
17815,三万元罚款,Unknown
17816,《客运索道安全监督管理规定》,Unknown
17817,国家市监总局,Unknown
17818,殡葬设施建设审批,Unknown
17819,"《关于深化""证照分离""改革进一步激发市场主体发展活力的通知》",Unknown
17820,1997年7月国务院令第255号,Unknown
17821,2012年10月国务院第628号,Unknown
17822,国发〔2021〕7号,Unknown
17823,经营性公墓的审批权限,Unknown
17824,设区的市级民政部门,Unknown
17825,审批结果,Unknown
17826,省级民政部门备案,Unknown
17827,金属非金属矿山地下开采转露天开采前,Unknown
17828,国家矿山安全监察局关于印发金属非金属矿山重大事故隐患判定标准的通知,Unknown
17829,防汛要求,Unknown
17830,造成损失的行为,Unknown
17831,未经许可举办高危险性体育赛事活动,Unknown
17832,"体育赛事活动因突发事件不具备办赛条件时,未及时中止",Unknown
17833,安全条件不符合要求,Unknown
17834,"违反体育道德和体育赛事规则,弄虚作假,营私舞弊等行为",Unknown
17835,未按要求采取风险防范及应急处置预案等保障措施,Unknown
17836,对违反法律规定造成大气污染事故的行政处罚,Unknown
17837,罚款计算,Unknown
17838,上一年度从本企业事业单位取得收入,Unknown
17839,污染事故造成的直接损失,Unknown
17840,举报违法违规使用医疗保障基金的奖励,Unknown
17841,临街的商业、饮食业、车辆清洗维修等行业的经营者,Unknown
17842,店外占道经营、作业或者展示商品,Unknown
17843,处以一百元以上五百元以下罚款,Unknown
17844,车辆清洗、维修、装饰,Unknown
17845,在批准的经营场所内进行,Unknown
17846,占用城市道路和其他公共场所,Unknown
17847,处100元以上500元以下罚款,Unknown
17848,有关宗教团体,Unknown
17849,有关宗教院校,Unknown
17850,国家宗教局,Unknown
17851,《宗教教职人员管理办法》,Unknown
17852,本市行政区域内采集、收购、野外考察国家和省重点保护野生植物,Unknown
17853,所采集、收购的野生植物和考察资料,Unknown
17854,采集、收购的野生植物和考察资料,Unknown
17855,国务院令第204号,Unknown
17856,弄虚作假骗取签证、停留居留证件等出境入境证件,Unknown
17857,《中华人民共和国出境入境管理法》第73条,Unknown
17858,处十日以上十五日以下拘留,Unknown
17859,二千元以上五千元以下,Unknown
17860,前款规定予以处罚,Unknown
17861,黑河引水管渠控制范围,Unknown
17862,修建构筑物,Unknown
17863,从事其他危及输水安全行为,Unknown
17864,西安市黑河引水管渠保护管理办法,Unknown
17865,建立家庭服务员工作档案,Unknown
17866,商务主管部门责令改正,Unknown
17867,未配齐或者随身携带具有矿用产品安全标志的便携式气体检测报警仪和自救器,Unknown
17868,从业人员不能正确使用自救器,Unknown
17869,擅自从事互联网上网服务经营活动,Unknown
17870,查封其从事违法经营活动的场所,Unknown
17871,扣押从事违法经营活动的专用工具、设备,Unknown
17872,不服从出租汽车行业管理机构统一调度和指挥,Unknown
17873,伪造、涂改出租汽车驾驶员从业资格证,Unknown
17874,拒绝、阻碍出租汽车行业管理机构检查，不配合调查处理乘客投诉,Unknown
17875,利用出租汽车进行违法犯罪活动，或者为违法犯罪活动提供方便，被公安机关依法处理的行为,Unknown
17876,各种侵占、损坏公路、公路用地、公路附属设施及其他违反本法规定的行为,Unknown
17877,餐饮行业开展反食品浪费相关行为进行监督检查,Unknown
17878,"对,餐饮业经营行为进行监督管理",Unknown
17879,有关部门依法处罚,Unknown
17880,违法所得3倍以下罚款,Unknown
17881,"涉嫌犯罪的,依法移送司法机关处理",Unknown
17882,行政处罚决定书的主要内容,Unknown
17883,行政处罚决定书,Unknown
17884,国家秘密、商业秘密、个人隐私的内容依法不予公开,Unknown
17885,违法获取、持有、提供、利用属于国家秘密的地理信息,Unknown
17886,公路路面损坏、污染或者影响公路畅通行为,Unknown
17887,铁道部,Unknown
17888,信息产业部,Unknown
17889,民航总局,Unknown
17890,广电总局,Unknown
17891,未通过资格预审的单位或者个人参加投标,Unknown
17892,应当拒收的投标文件,Unknown
17893,邀请招标,Unknown
17894,提交资格预审申请文件、投标文件的时限,Unknown
17895,《产前诊断技术管理办法》,Unknown
17896,卫生部令第33号发布,Unknown
17897,2019年2月28日由国家卫生健康委员会令第2号修订,Unknown
17898,暂停六个月以上一年以下执业活动,Unknown
17899,吊销其医师执业证书,Unknown
17900,组织播放淫秽音像,Unknown
17901,组织淫秽表演,Unknown
17902,进行淫秽表演,Unknown
17903,参与聚众淫乱,Unknown
17904,为淫秽活动提供条件的处罚,Unknown
17905,多种矿石性质不同的尾砂混合排放时，未按设计进行排放,Unknown
17906,虚假的或者隐瞒重要事实的财务会计报告,Unknown
17907,处5000元以上10万元以下的罚款,Unknown
17908,处3000元以上5万元以下的罚款,Unknown
17909,吊销会计从业资格证书,Unknown
17910,撤职直至开除的行政处分或者纪律处分,Unknown
17911,"倒卖检定印、证,违法行为",Unknown
17912,"倒卖检定印、证,处罚依据",Unknown
17913,非法检定印、证和全部违法所得,Unknown
17914,二千元以下罚款,Unknown
17915,包装、分割、产品整理场所的空调系统采用氨直接蒸发制冷,Unknown
17916,对违规调运林业植物及其产品行为的处罚,Unknown
17917,水库大坝,Unknown
17918,水库降等与报废管理办法(试行),Unknown
17919,大（1）型水库,Unknown
17920,流域机构,Unknown
17921,大（2）型水库,Unknown
17922,跨省际边界的其他水库,Unknown
17923,省级水行政主管部门,Unknown
17924,大型和中型水库,Unknown
17925,市（地）级水行政主管部门,Unknown
17926,小（1）型水库,Unknown
17927,县级水行政主管部门,Unknown
17928,小（2）型水库,Unknown
17929,共同的上一级水行政主管部门,Unknown
17930,在一个省（自治区、直辖市）范围内的跨行政区域的水库,Unknown
17931,直销企业及其直销员,Unknown
17932,欺骗、误导等宣传和推销行为,Unknown
17933,处3万元以上10万元以下的罚款,Unknown
17934,吊销有违法经营行为的直销企业分支机构的营业执照,Unknown
17935,吊销直销企业的直销经营许可证,Unknown
17936,"责令,撤销其直销员资格",Unknown
17937,水利工程质量检测单位,Unknown
17938,资质等级范围,Unknown
17939,《资质等级证书》,Unknown
17940,不符合条件的检测人员,Unknown
17941,发现的违法违规行为,Unknown
17942,检测不合格事项,Unknown
17943,质量检测报告上签字盖章,Unknown
17944,国家和行业标准进行检测,Unknown
17945,造成检测数据无法追溯,Unknown
17946,处一万元以上十万元以下的罚款,Unknown
17947,责令停工整治或者停业整治,Unknown
17948,第六十八条,Unknown
17949,向集中供热行政主管部门或者开发区管理委员会报送供热情况统计表及其他相关资料,Unknown
17950,二千元以上一万元以下,Unknown
17951,封存或者扣押与假冒授权品种案件有关的植物品种的繁殖材料,Unknown
17952,封存与假冒授权品种案件有关的合同、账册及有关文件,Unknown
17953,查处品种权侵权案件和县级以上人民政府农业、林业行政部门,Unknown
17954,查处假冒授权品种案件时,Unknown
17955,省级以上人民政府农业、林业行政部门,Unknown
17956,高危行业,Unknown
17957,安全生产责任保险,Unknown
17958,行政处 罚,Unknown
17959,对民航、铁路、电力行业的生产经营单位及其主要负责人进行行政处罚,Unknown
17960,对将危险废物与旅客在同一运输工具上载运的行政处罚,Unknown
17961,将危险废物与旅客在同一运输工具上载运的,Unknown
17962,参照执行,Unknown
17963,相关法律条文,Unknown
17964,对食品生产经营者无正当理由拒绝、阻挠或者干涉食品安全抽样检验、风险监测和调查处理的,Unknown
17965,提供虚假证明材料的,Unknown
17966,未按规定公示相关不合格产品信息的,Unknown
17967,《中华人民共和国粮食安全保障法》（2023年12月公布）,Unknown
17968,县级人民政府农业农村主管部门或者乡镇人民政府,Unknown
17969,有关农业生产经营组织,Unknown
17970,强行拖离未在码头、泊位或者依法公布的锚地、停泊区、作业区停泊的船舶,Unknown
17971,中央管理水域设立的海事管理机构,Unknown
17972,中央管理水域以外的其他水域设立的海事管理机构,Unknown
17973,"对所辖内河通航水域实施,水上交通安全监督管理",Unknown
17974,予以强行拖离,Unknown
17975,船舶所有人或者经营人承担,Unknown
17976,建设项目未依法进行环境影响评价,Unknown
17977,企业事业单位和其他生产经营者行为,Unknown
17978,违反法律规定,Unknown
17979,"属于,企业事业单位和其他生产经营者行为",Unknown
17980,通过暗管、渗井、渗坑、灌注或者篡改、伪造监测数据,Unknown
17981,生产、使用国家明令禁止生产、使用的农药,Unknown
17982,"拒不改正,属于,企业事业单位和其他生产经营者行为",Unknown
17983,重金属或者其他有毒有害物质含量超标的工业固体废物、生活垃圾或者污染土壤,Unknown
17984,土地复垦,Unknown
17985,《中华人民共和国土壤污染防治法》第八十九条,Unknown
17986,地理信息生产、保管、利用单位,Unknown
17987,属于国家秘密的地理信息的获取、持有、提供、利用情况进行登记、长期保存,Unknown
17988,不按规定时间、区域及要求清除积雪、积冰的,Unknown
17989,《西安市冬季清除积雪积冰规定》,Unknown
17990,清扫街道上的积雪、积冰,Unknown
17991,非法占用永久基本农田发展林果业或者挖塘养鱼的行政地点,Unknown
17992,违法经营的危险化学品以及违法所得,Unknown
17993,10 万元以上 20 万元以下的罚款,Unknown
17994,河道管理范围内的建设,Unknown
17995,行洪的建筑物、构筑物,Unknown
17996,设计方案,Unknown
17997,重大项目设计方案,Unknown
17998,市住建部门报市政府审定,Unknown
17999,项目单位,Unknown
18000,政府投资主管部门或其他有关部门,Unknown
18001,设计方案审核意见,Unknown
18002,项目申报,Unknown
18003,《中华人民共和国广告法》（2021年修订）,Unknown
18004,任何单位或者个人,Unknown
18005,不得向其住宅、交通工具等发送广告,Unknown
18006,发送者,Unknown
18007,接收者,Unknown
18008,互联网页面以弹出等形式发布的广告,Unknown
18009,"被吊销,操作证件",Unknown
18010,"一百八十日内三次或者一年内四次受到,本法规定的行政处罚",Unknown
18011,法律、行政法规和国家标准或者行业标准规定的安全生产条件,Unknown
18012,重大生产安全事故,Unknown
18013,特别重大生产安全事故,Unknown
18014,负有安全生产监督管理职责的部门作出的停产停业整顿决定,Unknown
18015,《中华人民共和国安全生产法》（2021修正）,Unknown
18016,对不依法设置会计账簿,Unknown
18017,私设会计账簿,Unknown
18018,未按规定填制取得原始凭证,Unknown
18019,以未经审核的会计凭证作为依据,Unknown
18020,随意变更会计处理方法,Unknown
18021,提供编制依据不一致,Unknown
18022,未按照规定使用会计记录文字或者记帐本位币,Unknown
18023,致使会计资料毁损灭失,Unknown
18024,未按照规定建立并实施单位内部会计监督制度,Unknown
18025,任用会计人员不符合本法规定,Unknown
18026,《保健食品注册与备案管理办法》,Unknown
18027,擅自转让保健食品注册证书,Unknown
18028,伪造、涂改、倒卖、出租、出借保健食品注册证书,Unknown
18029,燃气供应,Unknown
18030,燃气,Unknown
18031,非因不可抗力中止、停止或者退出演出,Unknown
18032,文艺表演团体,Unknown
18033,文艺表演团体、主要演员或者主要节目内容等发生变更未及时告知观众,Unknown
18034,假唱欺骗观众,Unknown
18035,演员假唱提供条件,Unknown
18036,"省、自治区、直辖市人民政府文化主管部门,向社会公布",Unknown
18037,5000元以上1万元以下的罚款,Unknown
18038,《中华人民共和国中医药法》第五十七条,Unknown
18039,原审查部门,Unknown
18040,广告的审查批准文件,Unknown
18041,一年内,Unknown
18042,该医疗机构的广告审查申请,Unknown
18043,自主择业军转干部退役金发放,Unknown
18044,西安市自主择业军队转业干部管理服务中心,Unknown
18045,《中华人民共和国退役军人保障法》,Unknown
18046,国务院和中央军事委员会,Unknown
18047,《中共中央、国务院、中央军委关于印发<军队转业干部安置暂行办法>的通知》（中发〔2001〕3号）,Unknown
18048,自主择业的军队转业干部,Unknown
18049,退役金,Unknown
18050,违法从境外引进（水生）野生动物物种,Unknown
18051,对违法从境外引进（水生）野生动物物种的行政处罚,Unknown
18052,所引进的野生动物,Unknown
18053,中华人民共和国进出境动植物检疫法,Unknown
18054,未依法实施进境检疫,Unknown
18055,国家濒危物种进出口管理机构,Unknown
18056,中华人民共和国缔结或者参加的国际公约禁止或者限制贸易的野生动物或者其制品名录,Unknown
18057,国务院野生动物保护主管部门,Unknown
18058,从境外引进野生动物物种,Unknown
18059,进口批准文件或者允许进出口证明书,Unknown
18060,国务院林业草原、渔业主管部门,Unknown
18061,全国陆生、水生野生动物保护工作,Unknown
18062,《西安市优秀近现代建筑保护管理办法》,Unknown
18063,西安市人民政府令第121号,Unknown
18064,优秀近现代建筑标志,Unknown
18065,擅自设置、移动、涂改或者损毁,Unknown
18066,市、县资源规划主管部门,Unknown
18067,违反国家有关规定擅自举办民办学校或者在民办学校筹设期内招生的,Unknown
18068,《中华人民共和国民办教育促进法》第六十四条,Unknown
18069,违反本条例规定举办、参与举办民办学校或者在民办学校筹设期内招生的,Unknown
18070,《民办教育促进法实施条例》第六十五条,Unknown
18071,违法收购的生鲜乳,Unknown
18072,相关的设备、设施等物品,Unknown
18073,违法乳品货值金额,Unknown
18074,生鲜乳收购许可证,Unknown
18075,不再符合许可条件,Unknown
18076,生鲜乳收购站,Unknown
18077,禁止收购的生鲜乳,Unknown
18078,奶畜,Unknown
18079,初乳,Unknown
18080,不符合健康标准的生鲜乳,Unknown
18081,未经检疫合格的生鲜乳,Unknown
18082,在规定用药期和休药期内的生鲜乳,Unknown
18083,其他不符合乳品质量安全国家标准的生鲜乳,Unknown
18084,遇险现场和附近的船舶、船员,Unknown
18085,海事管理机构的统一调度和指挥,Unknown
18086,未按规定变更,Unknown
18087,医疗器械网络交易服务第三方平台提供者,Unknown
18088,未按规定办理变更,Unknown
18089,在河道整治、保护、管理方面成绩显著的单位和个人,Unknown
18090,县级以上人民政府或者水行政主管部门,Unknown
18091,《陕西省河道管理条例》（2018修正）,Unknown
18092,物业服务人,Unknown
18093,服务质量等级,Unknown
18094,服务标准,Unknown
18095,收费项目及明细,Unknown
18096,熏蒸作业场所未配备磷化氢气体浓度监测报警仪器,Unknown
18097,熏蒸杀虫作业前未确认无关人员全部撤离熏蒸作业场所,Unknown
18098,化学物质残留,Unknown
18099,有毒有害物质,Unknown
18100,重金属,Unknown
18101,致病性寄生虫,Unknown
18102,微生物,Unknown
18103,生物毒素,Unknown
18104,农产品质量安全标准,Unknown
18105,检验检测人员,Unknown
18106,未取得资质的安全评价检测检验机构,Unknown
18107,没收其违法所得,Unknown
18108,并处违法所得一倍以上三倍以下的罚款,Unknown
18109,处五千元以上一万元以下的罚款,Unknown
18110,未取得资质的安全评价检测检验机构及其有关人员,Unknown
18111,资质认可机关,Unknown
18112,依照有关规定予以公告,Unknown
18113,所有权,Unknown
18114,经营权,Unknown
18115,小型牲畜屠宰场,Unknown
18116,对商品现货市场的行政检查,Unknown
18117,商品现货市场交易特别规定（试行）,Unknown
18118,县级以上人民政府商务主管部门,Unknown
18119,商品现货市场的行业管理,Unknown
18120,经营信息与资料,Unknown
18121,市级专业技术人员继续教育基地认证,Unknown
18122,《专业技术人员继续教育规定》,Unknown
18123,《陕西省专业技术人员继续教育基地管理暂行办法》,Unknown
18124,县级以上地方人力资源社会保障行政部门,Unknown
18125,建设区域性、行业性专业技术人员继续教育基地,Unknown
18126,陕西省专业技术人员继续教育基地管理暂行办法,Unknown
18127,陕人社发〔2023〕60号,Unknown
18128,营业性演出管理条例规定禁止情形的行政责骂,Unknown
18129,对旅行社及其导游人员和领队人员拒绝继续履行合同、提供服务，或者以拒绝继续履行合同、提供服务相威胁的行政处罚,Unknown
18130,卫生计生行政部门监督检查,Unknown
18131,事先告知义务,Unknown
18132,供血浆者同意开展特殊免疫,Unknown
18133,供血浆者档案管理及屏蔽、淘汰制度,Unknown
18134,各项工作制度,Unknown
18135,"未取得,相关岗位执业资格",Unknown
18136,"未经,执业注册从事采供血浆工作",Unknown
18137,保存工作记录,Unknown
18138,保存血浆标本,Unknown
18139,核定为文物保护单位的属于国家所有的纪念建筑物或者古建筑,Unknown
18140,核定为文物保护单位的属于国家所有的纪念建筑物或者古建筑改变用途审批,Unknown
18141,市、县级文物保护单位,Unknown
18142,核定公布该文物保护单位的人民政府文物行政部门,Unknown
18143,上一级文物行政部门,Unknown
18144,核定公布该文物保护单位的人民政府,Unknown
18145,省级文物保护单位,Unknown
18146,核定公布该文物保护单位的省级人民政府的文物行政部门,Unknown
18147,该省级人民政府,Unknown
18148,国有未核定为文物保护单位的不可移动文物,Unknown
18149,县级人民政府文物行政部门,Unknown
18150,查封、扣押无合法来源证明的（水生）野生动物及其制品,Unknown
18151,查封、扣押涉嫌非法猎捕野生动物或者非法收购、出售、加工、运输猎捕（水生）野生动物及其制品的工具、设备或者财物,Unknown
18152,《中华人民共和国野生动物保护法》（2022年12月修订）,Unknown
18153,第三十六条第四项,Unknown
18154,《住宅专项维修资金管理办法》,Unknown
18155,本办法第十三条规定,Unknown
18156,本办法第二十一条规定,Unknown
18157,尚未售出商品住宅或者公有住房,Unknown
18158,开发建设单位或者公有住房单位,Unknown
18159,对贮存工业固体废物未采取符合国家环境保护标准的防护措施的行政处罚,Unknown
18160,违法行为进行处罚,Unknown
18161,使用不符合标准或者要求的船舶用燃油的处罚,Unknown
18162,美术品进出口经营活动审批,Unknown
18163,农业机械,Unknown
18164,经检验、检查发现,Unknown
18165,"扣押,存在事故隐患的农业机械",Unknown
18166,"违法行为人,予以批评教育",Unknown
18167,"违法行为人,责令改正",Unknown
18168,"违法行为人,责令停止使用",Unknown
18169,"违法行为人,扣押,存在事故隐患的农业机械",Unknown
18170,中华人民共和国生物安全法,Unknown
18171,县级以上人民政府卫生健康、科学技术、农业农村主管部门,Unknown
18172,交通运输部令2020年第17号,Unknown
18173,交通运输部令2023年第18号,Unknown
18174,在旅客运输途中擅自变更运输车辆或者将旅客移交他人运输,Unknown
18175,擅自将旅客移交他人运输,Unknown
18176,在旅客运输途中擅自变更运输车辆,Unknown
18177,医疗,Unknown
18178,疾病治疗功能,Unknown
18179,使用医疗用语,Unknown
18180,易使推销的商品与药品、医疗器械相混淆的用语,Unknown
18181,未经审查发布广告,Unknown
18182,未取得《医疗机构执业许可证》发布医疗广告,Unknown
18183,城市污水处理单位,Unknown
18184,环境保护部门,Unknown
18185,城市污水集中处理单位,Unknown
18186,危险化学品生产经营单位主要负责人和安全生产管理人员,Unknown
18187,危险物品的生产、经营、储存、装卸单位以及矿山、金属冶炼、建筑施工、运输单位的主要负责人和安全生产管理人员未按照规定经考核合格的行为,Unknown
18188,"责令限期改正,处十万元以下的罚款",Unknown
18189,"逾期未改正,责令停产停业整顿,并处十万元以上二十万元以下的罚款",Unknown
18190,房地产开发企业违法销售商品房的处罚,Unknown
18191,"""抵押权变更登记""",Unknown
18192,使用煤气（天然气）并强制送风的燃烧装置的燃气总管未设置压力监测报警装置，或者监测报警装置未与紧急自动切断装置联锁,Unknown
18193,农药经营许可,Unknown
18194,审批机构,Unknown
18195,具备条件,Unknown
18196,审批决定,Unknown
18197,书面通知,Unknown
18198,"""5000人以上大型群众性活动安全许可流程表""",Unknown
18199,"""《大型群众性活动安全管理条例》""",Unknown
18200,大型群众性活动,Unknown
18201,预计参加人数,Unknown
18202,由活动所在地县级人民政府公安机关实施安全许可,Unknown
18203,由活动所在地设区的市级人民政府公安机关或者直辖市人民政府公安机关实施安全许可,Unknown
18204,跨省、自治区、直辖市举办大型群众性活动,Unknown
18205,国务院公安部门实施安全许可,Unknown
18206,被审计单位违反预算的行为或者其他违反国家规定的财政收支行为,Unknown
18207,中华人民共和国审计法（2021修正）,Unknown
18208,责令限期缴纳应当上缴的款项,Unknown
18209,责令限期退还被侵占的国有资产,Unknown
18210,责令限期退还违法所得,Unknown
18211,责令按照国家统一的财务、会计制度的有关规定进行处理,Unknown
18212,其他处理措施,Unknown
18213,《合同违法行为监督处理办法》第六条,Unknown
18214,《合同违法行为监督处理办法》第七条,Unknown
18215,《合同违法行为监督处理办法》第八条,Unknown
18216,《合同违法行为监督处理办法》第九条,Unknown
18217,《合同违法行为监督处理办法》第十条,Unknown
18218,《合同违法行为监督处理办法》第十一条,Unknown
18219,建设工程质量监督手续核发,Unknown
18220,物业服务企业未及时报告重大事件的处罚,Unknown
18221,《西安市物业管理条例》(2021年修正),Unknown
18222,区县物业管理行政主管部门或者开发区管理委员会,Unknown
18223,物业管理区域内发生的重大事件,Unknown
18224,火灾、爆炸或者自然灾害等造成人身伤亡或者危及建筑物安全,Unknown
18225,建筑物及其附属设施设备发生安全隐患,Unknown
18226,"严重危及业主、物业使用人及建筑物安全,属于,物业管理区域内发生的重大事件",Unknown
18227,发生群体性突发事件,Unknown
18228,"属于,物业管理区域内发生的重大事件",Unknown
18229,物业管理区域内发生重大伤亡事件,Unknown
18230,其他影响业主、物业使用人正常生活的事件,Unknown
