start_id,end_id,relation_type,source,triple_hash
3,4,类型,extraction,4a8d183849056dd2df3cb998024802f1af71f6686b9548e80436e7d7127139f8
1,2,涉及事项,extraction,45a6b5e9b7acaaf964d4ba55ee382735953a50be79b9c5a63cfd56f3bfaa98e9
4,1,权力类型,extraction,06f1cb2317f43bcd0489624a54a5cda47739e2ccc801a931aacc75c90aebf3f1
4,1,权力类型,extraction,06f1cb2317f43bcd0489624a54a5cda47739e2ccc801a931aacc75c90aebf3f1
5,1,行驶主体,extraction,57149ab40d40daf68ddae1ef3d64025366218c3d8d9786a7c7d9406523c436b5
5,1,承办机构,extraction,9054f2bd559f99e7217094914676411351172fc3f6311c47ff7fbb7de27ab132
4,1,权力类型,extraction,06f1cb2317f43bcd0489624a54a5cda47739e2ccc801a931aacc75c90aebf3f1
3,4,是,extraction,d08580506622eb3b009abbcab184c7d6527dc171bbca042f5d2132b53eb48841
10,19,是,extraction,27a0cebbbbbf719194bc882592ca52cb56fe00182beb07450e8e461717b2d932
4,1,权力类型,extraction,06f1cb2317f43bcd0489624a54a5cda47739e2ccc801a931aacc75c90aebf3f1
1,2,涉及事项,extraction,45a6b5e9b7acaaf964d4ba55ee382735953a50be79b9c5a63cfd56f3bfaa98e9
3,4,是,extraction,d08580506622eb3b009abbcab184c7d6527dc171bbca042f5d2132b53eb48841
4,1,权力类型,extraction,06f1cb2317f43bcd0489624a54a5cda47739e2ccc801a931aacc75c90aebf3f1
1,6,依据,extraction,cf80a41cfbe8cca5a52d6fcd7e48ad0a16c62e701ea3daffe7b904843934819d
3,4,是,extraction,d08580506622eb3b009abbcab184c7d6527dc171bbca042f5d2132b53eb48841
3,4,是,extraction,d08580506622eb3b009abbcab184c7d6527dc171bbca042f5d2132b53eb48841
8,9,是,extraction,34744a2cc14d3a7a3f5317cdb530e92b9bd201c7bd7571d5db06d6b1e91b6e7f
10,9,是,extraction,af1a9ecff071ed8f3be3a892c768d8887025fa5bd902d7808d64806d738d9e49
37,1,是,extraction,0425effba4b0b55802fd30d79c262c74bcbadda70455f082f2f7cfa9ed73078a
3,4,是,extraction,d08580506622eb3b009abbcab184c7d6527dc171bbca042f5d2132b53eb48841
37,1,是,extraction,0425effba4b0b55802fd30d79c262c74bcbadda70455f082f2f7cfa9ed73078a
3,4,是,extraction,d08580506622eb3b009abbcab184c7d6527dc171bbca042f5d2132b53eb48841
11,20,是,extraction,4f6bd6ee852dc39505db943bb8728969a06f8c23c54a14cbb4d6866ffb8c4f4a
4,1,权力类型,extraction,06f1cb2317f43bcd0489624a54a5cda47739e2ccc801a931aacc75c90aebf3f1
5,1,行驶主体,extraction,57149ab40d40daf68ddae1ef3d64025366218c3d8d9786a7c7d9406523c436b5
5,1,承办机构,extraction,9054f2bd559f99e7217094914676411351172fc3f6311c47ff7fbb7de27ab132
4,1,权力类型,extraction,06f1cb2317f43bcd0489624a54a5cda47739e2ccc801a931aacc75c90aebf3f1
3,4,是,extraction,d08580506622eb3b009abbcab184c7d6527dc171bbca042f5d2132b53eb48841
11,20,是,extraction,4f6bd6ee852dc39505db943bb8728969a06f8c23c54a14cbb4d6866ffb8c4f4a
4,1,权力类型,extraction,06f1cb2317f43bcd0489624a54a5cda47739e2ccc801a931aacc75c90aebf3f1
24,4,行驶主体,extraction,b28f4abcc9fd2027f9867fe9c65c46b96e46e9a7842fd232abf55e768be19b15
4,1,权力类型,extraction,06f1cb2317f43bcd0489624a54a5cda47739e2ccc801a931aacc75c90aebf3f1
4,1,权力类型,extraction,06f1cb2317f43bcd0489624a54a5cda47739e2ccc801a931aacc75c90aebf3f1
14,1,行驶主体,extraction,42f7273a74403e1ff40ec20c28c5684bdebdde720b9bb324665a197a1fd17536
14,1,承办机构,extraction,b425f25c4103731723fffdea3b08ba92f7768243f470d556220be325d20abc5c
3,4,是,extraction,d08580506622eb3b009abbcab184c7d6527dc171bbca042f5d2132b53eb48841
3,4,是,extraction,d08580506622eb3b009abbcab184c7d6527dc171bbca042f5d2132b53eb48841
37,1,是,extraction,0425effba4b0b55802fd30d79c262c74bcbadda70455f082f2f7cfa9ed73078a
3,4,类型,extraction,4a8d183849056dd2df3cb998024802f1af71f6686b9548e80436e7d7127139f8
11,12,依据,extraction,d458aed4c7a0c599ff29789bc6e0040f713c582018b091bab6927ddae4ef7817
4,1,权力类型,extraction,06f1cb2317f43bcd0489624a54a5cda47739e2ccc801a931aacc75c90aebf3f1
29,1,行驶主体,extraction,3894e2807bd5d700cd8e59ee73eb9d47cb997d8bf04d89c2b3816a91f3f94483
29,1,承办机构,extraction,bd5db513e02b588bffbd25ee058495f5dafac2b9a07a6392fb0bac6645b72a35
37,1,是,extraction,0425effba4b0b55802fd30d79c262c74bcbadda70455f082f2f7cfa9ed73078a
3,4,是,extraction,d08580506622eb3b009abbcab184c7d6527dc171bbca042f5d2132b53eb48841
11,26,是,extraction,594ee48e2ef28d4283493b7dd95b58c8a78fd026434bf2ef09599eb13b81049f
37,38,是,extraction,5debfc46d6b40934c9da08e4cfeb20f47c9c250a248aa83cbad2fac07bc28f4e
3,4,是,extraction,d08580506622eb3b009abbcab184c7d6527dc171bbca042f5d2132b53eb48841
1,50,涉及问题,extraction,d9aee7e532418f68a24d42b6c0f1cfa2f6d491734d66eb49042adf59fb9f4ecb
4,1,权力类型,extraction,06f1cb2317f43bcd0489624a54a5cda47739e2ccc801a931aacc75c90aebf3f1
32,1,行驶主体,extraction,f3ae7eebff4e3460421e23abeef0b3052dd9a3dcfbd1f44a03d027eeb1801b4f
32,1,承办机构,extraction,931cafd24efaf97775db66b22a04ccc10ef5b34c9f1550f1c6e447e2887940db
3,4,是,extraction,d08580506622eb3b009abbcab184c7d6527dc171bbca042f5d2132b53eb48841
8,24,是,extraction,5924698efd5688b8387f11fb3a902a4c8b1757d50799df6653f7f8b593f7bb9c
11,26,是,extraction,594ee48e2ef28d4283493b7dd95b58c8a78fd026434bf2ef09599eb13b81049f
1,31,涉及事项,extraction,f3220bd517fb70fe72f0f354fdf1fe08442b21b32cae58b726ef2340a0149292
4,1,权力类型,extraction,06f1cb2317f43bcd0489624a54a5cda47739e2ccc801a931aacc75c90aebf3f1
1,50,涉及问题,extraction,d9aee7e532418f68a24d42b6c0f1cfa2f6d491734d66eb49042adf59fb9f4ecb
4,1,权力类型,extraction,06f1cb2317f43bcd0489624a54a5cda47739e2ccc801a931aacc75c90aebf3f1
45,1,行驶主体,extraction,8eddef9e7cb0a9ef48bf1d9c5453eeaa783093eb2b61876f61f7d2b7a721e349
45,1,承办机构,extraction,9f49a4cd963acd1bb4cc403259dcc90b45180ce5f8f80434750ef8acda654983
1,42,基于,extraction,a4e2c854b158683c5d3495a0c2d56fd46f5e78ebd0b4df60b23ded7c379fbbe2
37,1,是,extraction,0425effba4b0b55802fd30d79c262c74bcbadda70455f082f2f7cfa9ed73078a
3,4,是,extraction,d08580506622eb3b009abbcab184c7d6527dc171bbca042f5d2132b53eb48841
8,5,是,extraction,2ba53cf2a729e877b6f5a0c20e75c810989d499c8b6ba4b25874f2cf983362ec
3,4,是,extraction,d08580506622eb3b009abbcab184c7d6527dc171bbca042f5d2132b53eb48841
8,16,是,extraction,a918c982f93fcff92ed89edb6dc9e992e5498bcbd343e75a57497f0321400988
10,16,是,extraction,746a2100773446996a077ea20c54ba9035e03b7b31f93fb59a8ae3cd5a9d17da
24,8,是,extraction,0c3ed9103fa05b1a95fc960839910234a9e6b0aefae46e76eb6da5fc9104587a
24,10,是,extraction,3d347f8c5f893c7be6332ad888acc73fbf39fe1690ed0335c0d21eb0c08da24a
1,50,涉及问题,extraction,d9aee7e532418f68a24d42b6c0f1cfa2f6d491734d66eb49042adf59fb9f4ecb
4,1,权力类型,extraction,06f1cb2317f43bcd0489624a54a5cda47739e2ccc801a931aacc75c90aebf3f1
3,4,是,extraction,d08580506622eb3b009abbcab184c7d6527dc171bbca042f5d2132b53eb48841
8,32,是,extraction,79c2a1c208558638ca5abb8e1df4996bbe4f4b8ce1f4077e6032cba30fd44e45
10,32,是,extraction,4da064cb343643cc890842dceaf67b09d17018b8caccfb9a66252b99aba7b2c2
11,22,是,extraction,1b323bba6189dbc5ba530bc51581df70b5958e3d716f1672b185da2f26ccf3f8
37,1,是,extraction,0425effba4b0b55802fd30d79c262c74bcbadda70455f082f2f7cfa9ed73078a
3,4,是,extraction,d08580506622eb3b009abbcab184c7d6527dc171bbca042f5d2132b53eb48841
8,9,是,extraction,34744a2cc14d3a7a3f5317cdb530e92b9bd201c7bd7571d5db06d6b1e91b6e7f
10,9,是,extraction,af1a9ecff071ed8f3be3a892c768d8887025fa5bd902d7808d64806d738d9e49
11,33,是,extraction,86e684c0f0ab092352cdfe7d8da05aa3e50e8ef796d48ce0861f329bddd98b42
37,1,是,extraction,0425effba4b0b55802fd30d79c262c74bcbadda70455f082f2f7cfa9ed73078a
1,42,包含,extraction,7b9ef832aee05a7033973a1d4073ad0fff49c6f684c144c1b53de1c7765d56dd
8,45,是,extraction,a021dc763489713e44feb30ec7e7c62bfaaf973fdca58ef22a79cc8fca2cf9c4
10,45,是,extraction,2d016bdf9bf15554b1ad6c86d08a7a8fb403f16c47bde3a5e828a87eca3b3c9e
11,22,是,extraction,1b323bba6189dbc5ba530bc51581df70b5958e3d716f1672b185da2f26ccf3f8
3,4,是,extraction,d08580506622eb3b009abbcab184c7d6527dc171bbca042f5d2132b53eb48841
11,26,是,extraction,594ee48e2ef28d4283493b7dd95b58c8a78fd026434bf2ef09599eb13b81049f
4,1,权力类型,extraction,06f1cb2317f43bcd0489624a54a5cda47739e2ccc801a931aacc75c90aebf3f1
32,1,行驶主体,extraction,f3ae7eebff4e3460421e23abeef0b3052dd9a3dcfbd1f44a03d027eeb1801b4f
32,1,承办机构,extraction,931cafd24efaf97775db66b22a04ccc10ef5b34c9f1550f1c6e447e2887940db
4,1,权力类型,extraction,06f1cb2317f43bcd0489624a54a5cda47739e2ccc801a931aacc75c90aebf3f1
16,1,行驶主体,extraction,2388221cee7d1ae0ed5be74dbb33fa91b57a06cfae883cc5c2262bfb048b5c48
16,1,承办机构,extraction,7da0b9c5ea5b9311256b7bcb955ba7fe507e79fd9fe407e277e1c4de0e1d453e
3,4,是,extraction,d08580506622eb3b009abbcab184c7d6527dc171bbca042f5d2132b53eb48841
8,9,是,extraction,34744a2cc14d3a7a3f5317cdb530e92b9bd201c7bd7571d5db06d6b1e91b6e7f
10,9,是,extraction,af1a9ecff071ed8f3be3a892c768d8887025fa5bd902d7808d64806d738d9e49
11,33,是,extraction,86e684c0f0ab092352cdfe7d8da05aa3e50e8ef796d48ce0861f329bddd98b42
1,36,涉及领域,extraction,05647e8618dcbfae7417e237aa04231b181e1ce61d823f4fda9b32b6663cf4d2
4,1,权力类型,extraction,06f1cb2317f43bcd0489624a54a5cda47739e2ccc801a931aacc75c90aebf3f1
47,4,行驶主体,extraction,0640f05ef77128c1441c26bfd803ecb1ceda5f3744841ac918a904eb75e5b430
47,4,承办机构,extraction,c03c7652d3bd035d9c422cde5be2c865200076b6a24cf178316bf3a7f11482fc
33,4,实施依据,extraction,598f4449a0faeef0d4168ba286bd7f788f37938fef50e0fea981468eacf6e878
37,1,是,extraction,0425effba4b0b55802fd30d79c262c74bcbadda70455f082f2f7cfa9ed73078a
1,62,包含,extraction,1ac13a5cea2f5974b13517a5bc6c7a50527b0477ed3a20f5355e1a1cc704ff9a
3,4,是,extraction,d08580506622eb3b009abbcab184c7d6527dc171bbca042f5d2132b53eb48841
8,43,是,extraction,5f9fc4e6c17fac692ea14127fb905f8c6be6ac25c319cad5d4b1b0b2726541e1
11,26,是,extraction,594ee48e2ef28d4283493b7dd95b58c8a78fd026434bf2ef09599eb13b81049f
3,4,是,extraction,d08580506622eb3b009abbcab184c7d6527dc171bbca042f5d2132b53eb48841
8,9,是,extraction,34744a2cc14d3a7a3f5317cdb530e92b9bd201c7bd7571d5db06d6b1e91b6e7f
10,9,是,extraction,af1a9ecff071ed8f3be3a892c768d8887025fa5bd902d7808d64806d738d9e49
4,1,权力类型,extraction,06f1cb2317f43bcd0489624a54a5cda47739e2ccc801a931aacc75c90aebf3f1
9,4,行驶主体,extraction,8b51ed11a0731094dcf617a38cdbb7ec00b30e823794283e67e82d7edd09a043
9,4,承办机构,extraction,a6e2ca82d3d2de505ea3d13de0bcfe4973cc90babf302d312c2ab3ff4948ff06
3,4,类型,extraction,4a8d183849056dd2df3cb998024802f1af71f6686b9548e80436e7d7127139f8
1,7,涉及事项,extraction,85180ae3904fb4dda3182acbf59b089f40c2fd247f916a351ff2a9030ab227d6
4,1,权力类型,extraction,06f1cb2317f43bcd0489624a54a5cda47739e2ccc801a931aacc75c90aebf3f1
1,66,涉及内容,extraction,1df633d8df80469913eef582a04e08744f4c2e54d3d120d59af66e3c944e1b85
3,4,类型,extraction,4a8d183849056dd2df3cb998024802f1af71f6686b9548e80436e7d7127139f8
10,14,是,extraction,724fd5216be260a1ef5c764227bd7814bbb14163569e9c4d0854790e0b534a15
11,41,依据,extraction,089fdb9ded6e72a8ca99accaac44e10d8d09fcb1730a335ba5319df1b5770bb8
3,4,类型,extraction,4a8d183849056dd2df3cb998024802f1af71f6686b9548e80436e7d7127139f8
3,4,是,extraction,d08580506622eb3b009abbcab184c7d6527dc171bbca042f5d2132b53eb48841
8,9,是,extraction,34744a2cc14d3a7a3f5317cdb530e92b9bd201c7bd7571d5db06d6b1e91b6e7f
10,9,是,extraction,af1a9ecff071ed8f3be3a892c768d8887025fa5bd902d7808d64806d738d9e49
11,30,是,extraction,5a718b8ea79a649c60fa74166375f668d4abd9f5ab80a4084176c4bd48c96c81
29,1,行驶主体,extraction,3894e2807bd5d700cd8e59ee73eb9d47cb997d8bf04d89c2b3816a91f3f94483
29,1,承办机构,extraction,bd5db513e02b588bffbd25ee058495f5dafac2b9a07a6392fb0bac6645b72a35
1,20,依据,extraction,0f755d0d76fda2f2c4d51908ebb6634a3a8c6995c4ec999f3b8214be69e62a27
1,44,涉及事项,extraction,9febe61d84384a0bd39ef18a03f6b252043387570a0559eb4e54728831c121fb
29,1,行驶主体,extraction,3894e2807bd5d700cd8e59ee73eb9d47cb997d8bf04d89c2b3816a91f3f94483
29,1,承办机构,extraction,bd5db513e02b588bffbd25ee058495f5dafac2b9a07a6392fb0bac6645b72a35
1,52,涉及事项,extraction,60c44bc532430527e320f23ce8301d12a3341698a8f67afd3e5649f8789ec4a8
4,1,权力类型,extraction,06f1cb2317f43bcd0489624a54a5cda47739e2ccc801a931aacc75c90aebf3f1
45,1,行驶主体,extraction,8eddef9e7cb0a9ef48bf1d9c5453eeaa783093eb2b61876f61f7d2b7a721e349
45,1,承办机构,extraction,9f49a4cd963acd1bb4cc403259dcc90b45180ce5f8f80434750ef8acda654983
3,4,是,extraction,d08580506622eb3b009abbcab184c7d6527dc171bbca042f5d2132b53eb48841
8,29,是,extraction,361487daa4f72ef0bea966c2740ed8160c3514f17e0e71d25d21d78ebfd5b306
10,29,是,extraction,ed2e1eb7f64fc3c675b397bf987aa23d776a90888b11ff44f1ee8dc7e6f3fd7f
11,39,是,extraction,b07fccd0d92f620f3f01b65e8dcc4a7135558f4fd60464f2e612b30129e7c93c
1,25,包含行为,extraction,cc8167166722175a66fa9e0af1d12961554ae694f9ff991491f92ab8af677905
3,4,是,extraction,d08580506622eb3b009abbcab184c7d6527dc171bbca042f5d2132b53eb48841
8,24,是,extraction,5924698efd5688b8387f11fb3a902a4c8b1757d50799df6653f7f8b593f7bb9c
10,24,是,extraction,7338ed710fc5d464c3e8e7713a2dde9e5d5bc405c2daee71f39d38c88c37c5dd
11,39,是,extraction,b07fccd0d92f620f3f01b65e8dcc4a7135558f4fd60464f2e612b30129e7c93c
8,45,是,extraction,a021dc763489713e44feb30ec7e7c62bfaaf973fdca58ef22a79cc8fca2cf9c4
10,45,是,extraction,2d016bdf9bf15554b1ad6c86d08a7a8fb403f16c47bde3a5e828a87eca3b3c9e
11,39,是,extraction,b07fccd0d92f620f3f01b65e8dcc4a7135558f4fd60464f2e612b30129e7c93c
37,1,是,extraction,0425effba4b0b55802fd30d79c262c74bcbadda70455f082f2f7cfa9ed73078a
10,24,是,extraction,7338ed710fc5d464c3e8e7713a2dde9e5d5bc405c2daee71f39d38c88c37c5dd
37,1,是,extraction,0425effba4b0b55802fd30d79c262c74bcbadda70455f082f2f7cfa9ed73078a
8,16,是,extraction,a918c982f93fcff92ed89edb6dc9e992e5498bcbd343e75a57497f0321400988
10,16,是,extraction,746a2100773446996a077ea20c54ba9035e03b7b31f93fb59a8ae3cd5a9d17da
3,4,是,extraction,d08580506622eb3b009abbcab184c7d6527dc171bbca042f5d2132b53eb48841
8,16,是,extraction,a918c982f93fcff92ed89edb6dc9e992e5498bcbd343e75a57497f0321400988
10,16,是,extraction,746a2100773446996a077ea20c54ba9035e03b7b31f93fb59a8ae3cd5a9d17da
11,15,是,extraction,3d99bcc2d8a851d2517fe94c1a8b5a03b5cbd811bf3f796fc4f680702935c9c8
1,66,涉及内容,extraction,1df633d8df80469913eef582a04e08744f4c2e54d3d120d59af66e3c944e1b85
3,4,类型,extraction,4a8d183849056dd2df3cb998024802f1af71f6686b9548e80436e7d7127139f8
37,1,是,extraction,0425effba4b0b55802fd30d79c262c74bcbadda70455f082f2f7cfa9ed73078a
3,4,是,extraction,d08580506622eb3b009abbcab184c7d6527dc171bbca042f5d2132b53eb48841
8,9,是,extraction,34744a2cc14d3a7a3f5317cdb530e92b9bd201c7bd7571d5db06d6b1e91b6e7f
10,9,是,extraction,af1a9ecff071ed8f3be3a892c768d8887025fa5bd902d7808d64806d738d9e49
11,26,是,extraction,594ee48e2ef28d4283493b7dd95b58c8a78fd026434bf2ef09599eb13b81049f
1,53,包含,extraction,64a4053bf85b4229ca75172db19fa063634041281deff312e745aba0a3e284be
3,4,是,extraction,d08580506622eb3b009abbcab184c7d6527dc171bbca042f5d2132b53eb48841
10,24,是,extraction,7338ed710fc5d464c3e8e7713a2dde9e5d5bc405c2daee71f39d38c88c37c5dd
11,26,是,extraction,594ee48e2ef28d4283493b7dd95b58c8a78fd026434bf2ef09599eb13b81049f
4,1,权力类型,extraction,06f1cb2317f43bcd0489624a54a5cda47739e2ccc801a931aacc75c90aebf3f1
3,4,是,extraction,d08580506622eb3b009abbcab184c7d6527dc171bbca042f5d2132b53eb48841
8,19,是,extraction,006b328d48dbd15d5a9997deacf5688dd0ac64bde696a0a8abd3e39f166e5081
10,19,是,extraction,27a0cebbbbbf719194bc882592ca52cb56fe00182beb07450e8e461717b2d932
11,41,是,extraction,bd47bd61949ec03ec689102a2ed8157cefc45bfa6195f0919c017603278e86c5
1,21,涉及事项,extraction,0a433d3a8a6d42707a6860cb7ccfba1dc2a30b36a2fa0923ae9369f78d45f2bd
32,32,行驶主体,extraction,c99cc95dd359700ee80016caf0fca8788cd0121ae97ca919c48e2c2d3a8a0139
32,32,承办机构,extraction,911adfffd05806263bf58b0d02a29a83b098803ea7bdf542e61063696f391749
3,4,是,extraction,d08580506622eb3b009abbcab184c7d6527dc171bbca042f5d2132b53eb48841
8,16,是,extraction,a918c982f93fcff92ed89edb6dc9e992e5498bcbd343e75a57497f0321400988
15,1,实施依据,extraction,31db1316f622f9613bf5aedaa673ef1757ff5d0204842ad68fdb3064b9f7e0bb
33,11,是,extraction,97c609b8d30131cdf7e6009dca3fd7e394c6fb73783fe1aabbe32d85e9cfe5bc
1,23,涉及事项,extraction,888f4d96ceb27a16f6144a62b1e47fefe4fdb1a079dfee7c5d704fb359a4ee41
4,1,权力类型,extraction,06f1cb2317f43bcd0489624a54a5cda47739e2ccc801a931aacc75c90aebf3f1
9,4,行驶主体,extraction,8b51ed11a0731094dcf617a38cdbb7ec00b30e823794283e67e82d7edd09a043
9,4,承办机构,extraction,a6e2ca82d3d2de505ea3d13de0bcfe4973cc90babf302d312c2ab3ff4948ff06
37,1,是,extraction,0425effba4b0b55802fd30d79c262c74bcbadda70455f082f2f7cfa9ed73078a
1,13,涉及,extraction,769ddcb238f36fe0f7ef8edbdd80b3af935f4889343b98fe6580fd1fc9809ad5
3,4,是,extraction,d08580506622eb3b009abbcab184c7d6527dc171bbca042f5d2132b53eb48841
8,29,是,extraction,361487daa4f72ef0bea966c2740ed8160c3514f17e0e71d25d21d78ebfd5b306
10,51,是,extraction,664ae38f36c277c1f3150d9e71f653fa64edcbcc4cc28fe8a99fb2bd85a68b29
11,12,是,extraction,4bb51718453a67d9015b846c6a68662b97572c0a9269a7df9df55bbbce96ae63
1,23,涉及事项,extraction,888f4d96ceb27a16f6144a62b1e47fefe4fdb1a079dfee7c5d704fb359a4ee41
4,1,权力类型,extraction,06f1cb2317f43bcd0489624a54a5cda47739e2ccc801a931aacc75c90aebf3f1
29,4,行驶主体,extraction,5d29277c63d8d69901b6bf520c1097a8d020d0c58cc6ab4bf6a7f699cef2c9e0
29,4,承办机构,extraction,b2dc61397fee41003aae1b3f25aff201e342ada1d04a0a5c5ca233e5028698f5
1,7,涉及事项,extraction,85180ae3904fb4dda3182acbf59b089f40c2fd247f916a351ff2a9030ab227d6
4,1,权力类型,extraction,06f1cb2317f43bcd0489624a54a5cda47739e2ccc801a931aacc75c90aebf3f1
32,1,行驶主体,extraction,f3ae7eebff4e3460421e23abeef0b3052dd9a3dcfbd1f44a03d027eeb1801b4f
32,1,承办机构,extraction,931cafd24efaf97775db66b22a04ccc10ef5b34c9f1550f1c6e447e2887940db
35,1,实施依据,extraction,c2160bc37901fdb446bacf457f42f5af556fdcd5b45c0e99b283102cca9bc468
29,29,承办机构,extraction,3bc0b3d88608b3cd656fa08f28992bc10c547819f4b6b0aee47e133be0952175
37,1,是,extraction,0425effba4b0b55802fd30d79c262c74bcbadda70455f082f2f7cfa9ed73078a
3,4,是,extraction,d08580506622eb3b009abbcab184c7d6527dc171bbca042f5d2132b53eb48841
8,5,是,extraction,2ba53cf2a729e877b6f5a0c20e75c810989d499c8b6ba4b25874f2cf983362ec
11,39,是,extraction,b07fccd0d92f620f3f01b65e8dcc4a7135558f4fd60464f2e612b30129e7c93c
1,7,涉及内容,extraction,84ec41785d3dffa6a33ffba489555a4b1814d4c0efdaa6c986d31e41c365b671
3,4,类型,extraction,4a8d183849056dd2df3cb998024802f1af71f6686b9548e80436e7d7127139f8
8,45,是,extraction,a021dc763489713e44feb30ec7e7c62bfaaf973fdca58ef22a79cc8fca2cf9c4
10,45,是,extraction,2d016bdf9bf15554b1ad6c86d08a7a8fb403f16c47bde3a5e828a87eca3b3c9e
3,4,类型,extraction,4a8d183849056dd2df3cb998024802f1af71f6686b9548e80436e7d7127139f8
29,1,行驶主体,extraction,3894e2807bd5d700cd8e59ee73eb9d47cb997d8bf04d89c2b3816a91f3f94483
29,1,承办机构,extraction,bd5db513e02b588bffbd25ee058495f5dafac2b9a07a6392fb0bac6645b72a35
1,42,基于,extraction,a4e2c854b158683c5d3495a0c2d56fd46f5e78ebd0b4df60b23ded7c379fbbe2
32,8,是,extraction,daabdd4832c86be7d29c8dca7498a6fac48f01f00dd7d11e254a8d7bf62fe7eb
1,68,涉及事项,extraction,9b7174bb0577ca1933a2e00ec6952755ca1b2c0d1c9a488a895485aecacf34d9
4,1,权力类型,extraction,06f1cb2317f43bcd0489624a54a5cda47739e2ccc801a931aacc75c90aebf3f1
19,4,行驶主体,extraction,fc975c45488700256c6dc1a4471e5731d13c0901460034200da8f0d966941b18
19,4,承办机构,extraction,1b13ac4aeb7af35063ac982064f773cab0cd5e9db3f2bcd5e9238ee81191e24d
6,4,实施依据,extraction,20133cc1c3cf680305ab9f27bd9f10688b55bd764b7da80c566286d7bfc030ac
1,62,包含,extraction,1ac13a5cea2f5974b13517a5bc6c7a50527b0477ed3a20f5355e1a1cc704ff9a
3,4,是,extraction,d08580506622eb3b009abbcab184c7d6527dc171bbca042f5d2132b53eb48841
8,19,是,extraction,006b328d48dbd15d5a9997deacf5688dd0ac64bde696a0a8abd3e39f166e5081
10,19,是,extraction,27a0cebbbbbf719194bc882592ca52cb56fe00182beb07450e8e461717b2d932
11,15,是,extraction,3d99bcc2d8a851d2517fe94c1a8b5a03b5cbd811bf3f796fc4f680702935c9c8
4,1,权力类型,extraction,06f1cb2317f43bcd0489624a54a5cda47739e2ccc801a931aacc75c90aebf3f1
24,4,行驶主体,extraction,b28f4abcc9fd2027f9867fe9c65c46b96e46e9a7842fd232abf55e768be19b15
24,4,承办机构,extraction,8d1fddd2c1b5a28bff9df61bcfda71970b1285fe8acb248aa0f146a87eebea68
24,24,行驶主体,extraction,6dc8ee42ace16ee35a44be41fb53a97d36e8e501cfb4261af09a8797f7626236
24,24,承办机构,extraction,7198791b955a43a57c5f3eecb9305e6431c1ec9a24ff3b6328524a3caecd3711
1,60,基于,extraction,e62703517cd6a5cef5c6f2791d3f9338d07a34e7b0c9c69886261a5ce02f0698
3,4,是,extraction,d08580506622eb3b009abbcab184c7d6527dc171bbca042f5d2132b53eb48841
8,14,是,extraction,7574d3dbd8d8b8c050e695585b2139657ee4c361c101f42d9fa804421e3dc311
10,54,是,extraction,debd081332f109890171744547ff5ef2c5854973877c900aba211633935e3861
11,12,是,extraction,4bb51718453a67d9015b846c6a68662b97572c0a9269a7df9df55bbbce96ae63
4,1,权力类型,extraction,06f1cb2317f43bcd0489624a54a5cda47739e2ccc801a931aacc75c90aebf3f1
47,4,行驶主体,extraction,0640f05ef77128c1441c26bfd803ecb1ceda5f3744841ac918a904eb75e5b430
47,4,承办机构,extraction,c03c7652d3bd035d9c422cde5be2c865200076b6a24cf178316bf3a7f11482fc
1,60,基于,extraction,e62703517cd6a5cef5c6f2791d3f9338d07a34e7b0c9c69886261a5ce02f0698
3,4,是,extraction,d08580506622eb3b009abbcab184c7d6527dc171bbca042f5d2132b53eb48841
8,5,是,extraction,2ba53cf2a729e877b6f5a0c20e75c810989d499c8b6ba4b25874f2cf983362ec
10,5,是,extraction,5cec422cc7f67c3758916b82edf5f427a91370d2f97c9320ccc8c7a3165aaa69
11,41,是,extraction,bd47bd61949ec03ec689102a2ed8157cefc45bfa6195f0919c017603278e86c5
1,25,包含行为,extraction,cc8167166722175a66fa9e0af1d12961554ae694f9ff991491f92ab8af677905
3,4,是,extraction,d08580506622eb3b009abbcab184c7d6527dc171bbca042f5d2132b53eb48841
8,32,是,extraction,79c2a1c208558638ca5abb8e1df4996bbe4f4b8ce1f4077e6032cba30fd44e45
10,32,是,extraction,4da064cb343643cc890842dceaf67b09d17018b8caccfb9a66252b99aba7b2c2
11,33,是,extraction,86e684c0f0ab092352cdfe7d8da05aa3e50e8ef796d48ce0861f329bddd98b42
1,25,包含行为,extraction,cc8167166722175a66fa9e0af1d12961554ae694f9ff991491f92ab8af677905
3,4,是,extraction,d08580506622eb3b009abbcab184c7d6527dc171bbca042f5d2132b53eb48841
8,24,是,extraction,5924698efd5688b8387f11fb3a902a4c8b1757d50799df6653f7f8b593f7bb9c
10,24,是,extraction,7338ed710fc5d464c3e8e7713a2dde9e5d5bc405c2daee71f39d38c88c37c5dd
11,6,是,extraction,7e353cf317a918dc7fc3ca1d0f821842e1eb7ad0cd8be30fa8e66af096026847
1,21,涉及领域,extraction,8ca3c7ec431526b4652e076cd97da1d95ce4d180dc3397c46d4004e5d5bd15b5
29,1,行驶主体,extraction,3894e2807bd5d700cd8e59ee73eb9d47cb997d8bf04d89c2b3816a91f3f94483
29,1,承办机构,extraction,bd5db513e02b588bffbd25ee058495f5dafac2b9a07a6392fb0bac6645b72a35
1,30,依据,extraction,bc710a64442dc42592ce1db48fb985ce059ec553b6b109b56e7f1b93a30a1bdd
3,4,是,extraction,d08580506622eb3b009abbcab184c7d6527dc171bbca042f5d2132b53eb48841
8,45,是,extraction,a021dc763489713e44feb30ec7e7c62bfaaf973fdca58ef22a79cc8fca2cf9c4
11,20,是,extraction,4f6bd6ee852dc39505db943bb8728969a06f8c23c54a14cbb4d6866ffb8c4f4a
1,44,涉及,extraction,6b92937933dd3842a480fe22eb9ad7fc23049449e7c7b2d5aff5786406c78536
3,4,是,extraction,d08580506622eb3b009abbcab184c7d6527dc171bbca042f5d2132b53eb48841
11,26,是,extraction,594ee48e2ef28d4283493b7dd95b58c8a78fd026434bf2ef09599eb13b81049f
1,61,包含,extraction,6edfccacf4cd1d9a6532155eb6cc62c0c0c348d344598b52ec0aa03bf7093506
3,4,是,extraction,d08580506622eb3b009abbcab184c7d6527dc171bbca042f5d2132b53eb48841
8,14,是,extraction,7574d3dbd8d8b8c050e695585b2139657ee4c361c101f42d9fa804421e3dc311
10,14,是,extraction,724fd5216be260a1ef5c764227bd7814bbb14163569e9c4d0854790e0b534a15
11,26,是,extraction,594ee48e2ef28d4283493b7dd95b58c8a78fd026434bf2ef09599eb13b81049f
1,52,涉及事项,extraction,60c44bc532430527e320f23ce8301d12a3341698a8f67afd3e5649f8789ec4a8
4,1,权力类型,extraction,06f1cb2317f43bcd0489624a54a5cda47739e2ccc801a931aacc75c90aebf3f1
8,29,是,extraction,361487daa4f72ef0bea966c2740ed8160c3514f17e0e71d25d21d78ebfd5b306
10,29,是,extraction,ed2e1eb7f64fc3c675b397bf987aa23d776a90888b11ff44f1ee8dc7e6f3fd7f
11,33,是,extraction,86e684c0f0ab092352cdfe7d8da05aa3e50e8ef796d48ce0861f329bddd98b42
1,53,包含,extraction,64a4053bf85b4229ca75172db19fa063634041281deff312e745aba0a3e284be
3,4,是,extraction,d08580506622eb3b009abbcab184c7d6527dc171bbca042f5d2132b53eb48841
10,47,是,extraction,95e2b3b1d927b9bbdb48660d6ad3d8a240228e55a60909c980c4ecb4241ff67d
11,6,是,extraction,7e353cf317a918dc7fc3ca1d0f821842e1eb7ad0cd8be30fa8e66af096026847
4,1,权力类型,extraction,06f1cb2317f43bcd0489624a54a5cda47739e2ccc801a931aacc75c90aebf3f1
16,1,行驶主体,extraction,2388221cee7d1ae0ed5be74dbb33fa91b57a06cfae883cc5c2262bfb048b5c48
4,1,权力类型,extraction,06f1cb2317f43bcd0489624a54a5cda47739e2ccc801a931aacc75c90aebf3f1
47,1,行驶主体,extraction,cd815e6ef285efede797fac164e9d2711b8b1395e5cd525e398131d3fae4e735
47,1,承办机构,extraction,e473ad1106090cd367e1b8ccd73f428bb60c56de8e4b8458b3f93a6a71d75251
1,2,涉及事项,extraction,45a6b5e9b7acaaf964d4ba55ee382735953a50be79b9c5a63cfd56f3bfaa98e9
4,1,权力类型,extraction,06f1cb2317f43bcd0489624a54a5cda47739e2ccc801a931aacc75c90aebf3f1
16,1,行驶主体,extraction,2388221cee7d1ae0ed5be74dbb33fa91b57a06cfae883cc5c2262bfb048b5c48
16,1,承办机构,extraction,7da0b9c5ea5b9311256b7bcb955ba7fe507e79fd9fe407e277e1c4de0e1d453e
1,42,涉及内容,extraction,b53c7504e6a2c6659ae9a86718432659732b1cd949082a5c56d287eb4a6f6f28
4,1,权力类型,extraction,06f1cb2317f43bcd0489624a54a5cda47739e2ccc801a931aacc75c90aebf3f1
47,4,行驶主体,extraction,0640f05ef77128c1441c26bfd803ecb1ceda5f3744841ac918a904eb75e5b430
47,4,承办机构,extraction,c03c7652d3bd035d9c422cde5be2c865200076b6a24cf178316bf3a7f11482fc
1,36,服务事项,extraction,54d96ad0e2f87a9a015aca0825a13dd43b223c12eee3078c6a64386d3e37563d
4,1,权力类型,extraction,06f1cb2317f43bcd0489624a54a5cda47739e2ccc801a931aacc75c90aebf3f1
14,1,行驶主体,extraction,42f7273a74403e1ff40ec20c28c5684bdebdde720b9bb324665a197a1fd17536
48,1,实施依据,extraction,5147d7296bf1be6d294e170688ec8a091a55750f3c3746caf5dccac2f5a4e09b
1,66,涉及内容,extraction,1df633d8df80469913eef582a04e08744f4c2e54d3d120d59af66e3c944e1b85
3,4,类型,extraction,4a8d183849056dd2df3cb998024802f1af71f6686b9548e80436e7d7127139f8
3,4,是,extraction,d08580506622eb3b009abbcab184c7d6527dc171bbca042f5d2132b53eb48841
8,14,是,extraction,7574d3dbd8d8b8c050e695585b2139657ee4c361c101f42d9fa804421e3dc311
10,14,是,extraction,724fd5216be260a1ef5c764227bd7814bbb14163569e9c4d0854790e0b534a15
11,20,是,extraction,4f6bd6ee852dc39505db943bb8728969a06f8c23c54a14cbb4d6866ffb8c4f4a
37,1,是,extraction,0425effba4b0b55802fd30d79c262c74bcbadda70455f082f2f7cfa9ed73078a
3,4,是,extraction,d08580506622eb3b009abbcab184c7d6527dc171bbca042f5d2132b53eb48841
8,16,是,extraction,a918c982f93fcff92ed89edb6dc9e992e5498bcbd343e75a57497f0321400988
10,16,是,extraction,746a2100773446996a077ea20c54ba9035e03b7b31f93fb59a8ae3cd5a9d17da
11,41,是,extraction,bd47bd61949ec03ec689102a2ed8157cefc45bfa6195f0919c017603278e86c5
9,8,是,extraction,eb1cf201bd0fae2323b323ff5266f0e637319d6399b00c410d8ed1d39cf3a59f
9,10,是,extraction,df7c5a70140d83ae868d6cd1b68ce83a9c6a945831c7533e80c14e7c36a06d14
37,1,是,extraction,0425effba4b0b55802fd30d79c262c74bcbadda70455f082f2f7cfa9ed73078a
3,4,是,extraction,d08580506622eb3b009abbcab184c7d6527dc171bbca042f5d2132b53eb48841
11,26,是,extraction,594ee48e2ef28d4283493b7dd95b58c8a78fd026434bf2ef09599eb13b81049f
32,4,行使权力,extraction,b0aa7d1d0a604ba8ca279b2d0dd6b182418549ce8194ad01a74f7d717efc4456
32,8,是,extraction,daabdd4832c86be7d29c8dca7498a6fac48f01f00dd7d11e254a8d7bf62fe7eb
3,4,是,extraction,d08580506622eb3b009abbcab184c7d6527dc171bbca042f5d2132b53eb48841
8,9,是,extraction,34744a2cc14d3a7a3f5317cdb530e92b9bd201c7bd7571d5db06d6b1e91b6e7f
10,9,是,extraction,af1a9ecff071ed8f3be3a892c768d8887025fa5bd902d7808d64806d738d9e49
11,12,是,extraction,4bb51718453a67d9015b846c6a68662b97572c0a9269a7df9df55bbbce96ae63
1,62,包含,extraction,1ac13a5cea2f5974b13517a5bc6c7a50527b0477ed3a20f5355e1a1cc704ff9a
3,4,是,extraction,d08580506622eb3b009abbcab184c7d6527dc171bbca042f5d2132b53eb48841
8,29,是,extraction,361487daa4f72ef0bea966c2740ed8160c3514f17e0e71d25d21d78ebfd5b306
10,29,是,extraction,ed2e1eb7f64fc3c675b397bf987aa23d776a90888b11ff44f1ee8dc7e6f3fd7f
11,35,是,extraction,e354f1fd5b27511710c92338a794ef09138dd8dbcfedfaa5e43cc3fd3f4af21e
37,46,是,extraction,45b943ac4c57d61f7002246a947e8dfbabcd9c1f15e38c935baa3840cf99295f
3,4,是,extraction,d08580506622eb3b009abbcab184c7d6527dc171bbca042f5d2132b53eb48841
8,45,是,extraction,a021dc763489713e44feb30ec7e7c62bfaaf973fdca58ef22a79cc8fca2cf9c4
10,45,是,extraction,2d016bdf9bf15554b1ad6c86d08a7a8fb403f16c47bde3a5e828a87eca3b3c9e
11,30,是,extraction,5a718b8ea79a649c60fa74166375f668d4abd9f5ab80a4084176c4bd48c96c81
3,4,类型,extraction,4a8d183849056dd2df3cb998024802f1af71f6686b9548e80436e7d7127139f8
8,24,是,extraction,5924698efd5688b8387f11fb3a902a4c8b1757d50799df6653f7f8b593f7bb9c
10,24,是,extraction,7338ed710fc5d464c3e8e7713a2dde9e5d5bc405c2daee71f39d38c88c37c5dd
11,26,来自,extraction,90da2a06e4f197729287ed40c40846676d15b52896e4ddaaf3b26e7c73ac0493
37,79,是,extraction,2e4a846bbba0e4ffa907d50689948f0beda559552eededfbee3941bc9d1004e1
8,43,是,extraction,5f9fc4e6c17fac692ea14127fb905f8c6be6ac25c319cad5d4b1b0b2726541e1
10,14,是,extraction,724fd5216be260a1ef5c764227bd7814bbb14163569e9c4d0854790e0b534a15
3,63,是,extraction,4d29d459416907fc3f184e7e78f0a61ebe7e29882c00362cad246bdf91009488
8,29,是,extraction,361487daa4f72ef0bea966c2740ed8160c3514f17e0e71d25d21d78ebfd5b306
10,29,是,extraction,ed2e1eb7f64fc3c675b397bf987aa23d776a90888b11ff44f1ee8dc7e6f3fd7f
11,26,是,extraction,594ee48e2ef28d4283493b7dd95b58c8a78fd026434bf2ef09599eb13b81049f
37,4,是,extraction,aeede70f877e8735fc43846100cd0a1cfd2ab95c5888b42393315af01f5bd243
8,45,是,extraction,a021dc763489713e44feb30ec7e7c62bfaaf973fdca58ef22a79cc8fca2cf9c4
10,45,是,extraction,2d016bdf9bf15554b1ad6c86d08a7a8fb403f16c47bde3a5e828a87eca3b3c9e
1,87,涉及内容,extraction,d8baabd9c853b74ad88c30e16c3b0f0656e37b10a0eb9e6179f1c2eb1aaef3e1
4,1,权力类型,extraction,06f1cb2317f43bcd0489624a54a5cda47739e2ccc801a931aacc75c90aebf3f1
1,52,涉及事项,extraction,60c44bc532430527e320f23ce8301d12a3341698a8f67afd3e5649f8789ec4a8
4,1,权力类型,extraction,06f1cb2317f43bcd0489624a54a5cda47739e2ccc801a931aacc75c90aebf3f1
9,4,行驶主体,extraction,8b51ed11a0731094dcf617a38cdbb7ec00b30e823794283e67e82d7edd09a043
9,4,承办机构,extraction,a6e2ca82d3d2de505ea3d13de0bcfe4973cc90babf302d312c2ab3ff4948ff06
37,4,是,extraction,aeede70f877e8735fc43846100cd0a1cfd2ab95c5888b42393315af01f5bd243
8,45,是,extraction,a021dc763489713e44feb30ec7e7c62bfaaf973fdca58ef22a79cc8fca2cf9c4
10,45,是,extraction,2d016bdf9bf15554b1ad6c86d08a7a8fb403f16c47bde3a5e828a87eca3b3c9e
11,33,是,extraction,86e684c0f0ab092352cdfe7d8da05aa3e50e8ef796d48ce0861f329bddd98b42
1,13,涉及事项,extraction,86c09acc911d03df996302b1851f59b2d4b69c81046c2bee7674d0a378f87090
4,1,权力类型,extraction,06f1cb2317f43bcd0489624a54a5cda47739e2ccc801a931aacc75c90aebf3f1
6,4,实施依据,extraction,20133cc1c3cf680305ab9f27bd9f10688b55bd764b7da80c566286d7bfc030ac
3,4,是,extraction,d08580506622eb3b009abbcab184c7d6527dc171bbca042f5d2132b53eb48841
8,47,是,extraction,f3cb127ba604dd0f9c80f385d7500846a405e73ecc8ccfda8cb53cb29e5892bb
10,47,是,extraction,95e2b3b1d927b9bbdb48660d6ad3d8a240228e55a60909c980c4ecb4241ff67d
11,12,是,extraction,4bb51718453a67d9015b846c6a68662b97572c0a9269a7df9df55bbbce96ae63
1,21,涉及领域,extraction,8ca3c7ec431526b4652e076cd97da1d95ce4d180dc3397c46d4004e5d5bd15b5
4,1,权力类型,extraction,06f1cb2317f43bcd0489624a54a5cda47739e2ccc801a931aacc75c90aebf3f1
45,1,行驶主体,extraction,8eddef9e7cb0a9ef48bf1d9c5453eeaa783093eb2b61876f61f7d2b7a721e349
45,1,承办机构,extraction,9f49a4cd963acd1bb4cc403259dcc90b45180ce5f8f80434750ef8acda654983
1,36,服务事项,extraction,54d96ad0e2f87a9a015aca0825a13dd43b223c12eee3078c6a64386d3e37563d
4,1,权力类型,extraction,06f1cb2317f43bcd0489624a54a5cda47739e2ccc801a931aacc75c90aebf3f1
14,1,行驶主体,extraction,42f7273a74403e1ff40ec20c28c5684bdebdde720b9bb324665a197a1fd17536
14,1,承办机构,extraction,b425f25c4103731723fffdea3b08ba92f7768243f470d556220be325d20abc5c
26,1,实施依据,extraction,59db61bc1a579df3551528407c91bfe5ae1e2f6b7835730824a80f9076673213
3,4,是,extraction,d08580506622eb3b009abbcab184c7d6527dc171bbca042f5d2132b53eb48841
8,16,是,extraction,a918c982f93fcff92ed89edb6dc9e992e5498bcbd343e75a57497f0321400988
10,16,是,extraction,746a2100773446996a077ea20c54ba9035e03b7b31f93fb59a8ae3cd5a9d17da
11,26,是,extraction,594ee48e2ef28d4283493b7dd95b58c8a78fd026434bf2ef09599eb13b81049f
1,60,基于,extraction,e62703517cd6a5cef5c6f2791d3f9338d07a34e7b0c9c69886261a5ce02f0698
24,8,是,extraction,0c3ed9103fa05b1a95fc960839910234a9e6b0aefae46e76eb6da5fc9104587a
24,10,是,extraction,3d347f8c5f893c7be6332ad888acc73fbf39fe1690ed0335c0d21eb0c08da24a
11,35,来自,extraction,bcd383b551dae81fc12d8173579cb5f089d38dca03f80426e65f02944285a6b5
37,38,是,extraction,5debfc46d6b40934c9da08e4cfeb20f47c9c250a248aa83cbad2fac07bc28f4e
3,4,是,extraction,d08580506622eb3b009abbcab184c7d6527dc171bbca042f5d2132b53eb48841
8,32,是,extraction,79c2a1c208558638ca5abb8e1df4996bbe4f4b8ce1f4077e6032cba30fd44e45
10,32,是,extraction,4da064cb343643cc890842dceaf67b09d17018b8caccfb9a66252b99aba7b2c2
3,4,是,extraction,d08580506622eb3b009abbcab184c7d6527dc171bbca042f5d2132b53eb48841
8,47,是,extraction,f3cb127ba604dd0f9c80f385d7500846a405e73ecc8ccfda8cb53cb29e5892bb
10,47,是,extraction,95e2b3b1d927b9bbdb48660d6ad3d8a240228e55a60909c980c4ecb4241ff67d
4,1,权力类型,extraction,06f1cb2317f43bcd0489624a54a5cda47739e2ccc801a931aacc75c90aebf3f1
47,1,行驶主体,extraction,cd815e6ef285efede797fac164e9d2711b8b1395e5cd525e398131d3fae4e735
47,1,承办机构,extraction,e473ad1106090cd367e1b8ccd73f428bb60c56de8e4b8458b3f93a6a71d75251
35,1,实施依据,extraction,c2160bc37901fdb446bacf457f42f5af556fdcd5b45c0e99b283102cca9bc468
1,31,涉及事项,extraction,f3220bd517fb70fe72f0f354fdf1fe08442b21b32cae58b726ef2340a0149292
4,1,权力类型,extraction,06f1cb2317f43bcd0489624a54a5cda47739e2ccc801a931aacc75c90aebf3f1
33,4,实施依据,extraction,598f4449a0faeef0d4168ba286bd7f788f37938fef50e0fea981468eacf6e878
4,1,权力类型,extraction,06f1cb2317f43bcd0489624a54a5cda47739e2ccc801a931aacc75c90aebf3f1
32,1,行驶主体,extraction,f3ae7eebff4e3460421e23abeef0b3052dd9a3dcfbd1f44a03d027eeb1801b4f
32,1,承办机构,extraction,931cafd24efaf97775db66b22a04ccc10ef5b34c9f1550f1c6e447e2887940db
1,50,涉及问题,extraction,d9aee7e532418f68a24d42b6c0f1cfa2f6d491734d66eb49042adf59fb9f4ecb
4,1,权力类型,extraction,06f1cb2317f43bcd0489624a54a5cda47739e2ccc801a931aacc75c90aebf3f1
32,1,行驶主体,extraction,f3ae7eebff4e3460421e23abeef0b3052dd9a3dcfbd1f44a03d027eeb1801b4f
32,1,承办机构,extraction,931cafd24efaf97775db66b22a04ccc10ef5b34c9f1550f1c6e447e2887940db
1,48,实施依据,extraction,9e2a87393fe50ece882ceb0b9a23960d33267ce18cb4e776d3c46ace4c557c99
37,1,是,extraction,0425effba4b0b55802fd30d79c262c74bcbadda70455f082f2f7cfa9ed73078a
3,4,是,extraction,d08580506622eb3b009abbcab184c7d6527dc171bbca042f5d2132b53eb48841
8,14,是,extraction,7574d3dbd8d8b8c050e695585b2139657ee4c361c101f42d9fa804421e3dc311
10,14,是,extraction,724fd5216be260a1ef5c764227bd7814bbb14163569e9c4d0854790e0b534a15
11,30,是,extraction,5a718b8ea79a649c60fa74166375f668d4abd9f5ab80a4084176c4bd48c96c81
3,4,是,extraction,d08580506622eb3b009abbcab184c7d6527dc171bbca042f5d2132b53eb48841
8,47,是,extraction,f3cb127ba604dd0f9c80f385d7500846a405e73ecc8ccfda8cb53cb29e5892bb
10,47,是,extraction,95e2b3b1d927b9bbdb48660d6ad3d8a240228e55a60909c980c4ecb4241ff67d
11,26,是,extraction,594ee48e2ef28d4283493b7dd95b58c8a78fd026434bf2ef09599eb13b81049f
4,1,权力类型,extraction,06f1cb2317f43bcd0489624a54a5cda47739e2ccc801a931aacc75c90aebf3f1
16,4,行驶主体,extraction,71eddffd2710e4f0315e456157ca342387f22226c6c2ba7cb2d13e89c4f480f1
16,4,承办机构,extraction,26d52405963eb7634ec911dcc46a95b90f282c897b604ad9461e331f808f6862
37,1,是,extraction,0425effba4b0b55802fd30d79c262c74bcbadda70455f082f2f7cfa9ed73078a
3,71,是,extraction,f7f91dde0a8d95f5dfb99aa1212cb01e871c6871066def97a219b6f9c0bec8f4
8,5,是,extraction,2ba53cf2a729e877b6f5a0c20e75c810989d499c8b6ba4b25874f2cf983362ec
10,54,是,extraction,debd081332f109890171744547ff5ef2c5854973877c900aba211633935e3861
1,31,涉及问题,extraction,ea08369126f7fbe0d95ca41a348902bab3f4d8e388232d1c4ed32a98fca9af59
1,64,涉及行为,extraction,f8221974ba544d440d40e711b3567121f20c2299786e0e379f2af7c8e1e801ef
4,1,权力类型,extraction,06f1cb2317f43bcd0489624a54a5cda47739e2ccc801a931aacc75c90aebf3f1
45,1,行驶主体,extraction,8eddef9e7cb0a9ef48bf1d9c5453eeaa783093eb2b61876f61f7d2b7a721e349
45,1,承办机构,extraction,9f49a4cd963acd1bb4cc403259dcc90b45180ce5f8f80434750ef8acda654983
1,6,依据,extraction,cf80a41cfbe8cca5a52d6fcd7e48ad0a16c62e701ea3daffe7b904843934819d
1,2,涉及事项,extraction,45a6b5e9b7acaaf964d4ba55ee382735953a50be79b9c5a63cfd56f3bfaa98e9
4,1,权力类型,extraction,06f1cb2317f43bcd0489624a54a5cda47739e2ccc801a931aacc75c90aebf3f1
26,1,实施依据,extraction,59db61bc1a579df3551528407c91bfe5ae1e2f6b7835730824a80f9076673213
1,13,涉及事项,extraction,86c09acc911d03df996302b1851f59b2d4b69c81046c2bee7674d0a378f87090
24,24,行驶主体,extraction,6dc8ee42ace16ee35a44be41fb53a97d36e8e501cfb4261af09a8797f7626236
24,24,承办机构,extraction,7198791b955a43a57c5f3eecb9305e6431c1ec9a24ff3b6328524a3caecd3711
63,1,权力类型,extraction,42235504e0f3d3a6be2c7504a06907c504936f87e578f05386ecdd482bc25aa1
1,64,涉及行为,extraction,f8221974ba544d440d40e711b3567121f20c2299786e0e379f2af7c8e1e801ef
4,1,权力类型,extraction,06f1cb2317f43bcd0489624a54a5cda47739e2ccc801a931aacc75c90aebf3f1
47,4,行驶主体,extraction,0640f05ef77128c1441c26bfd803ecb1ceda5f3744841ac918a904eb75e5b430
47,4,承办机构,extraction,c03c7652d3bd035d9c422cde5be2c865200076b6a24cf178316bf3a7f11482fc
6,4,实施依据,extraction,20133cc1c3cf680305ab9f27bd9f10688b55bd764b7da80c566286d7bfc030ac
37,79,是,extraction,2e4a846bbba0e4ffa907d50689948f0beda559552eededfbee3941bc9d1004e1
3,71,是,extraction,f7f91dde0a8d95f5dfb99aa1212cb01e871c6871066def97a219b6f9c0bec8f4
8,9,是,extraction,34744a2cc14d3a7a3f5317cdb530e92b9bd201c7bd7571d5db06d6b1e91b6e7f
10,9,是,extraction,af1a9ecff071ed8f3be3a892c768d8887025fa5bd902d7808d64806d738d9e49
11,30,是,extraction,5a718b8ea79a649c60fa74166375f668d4abd9f5ab80a4084176c4bd48c96c81
1,13,涉及事项,extraction,86c09acc911d03df996302b1851f59b2d4b69c81046c2bee7674d0a378f87090
4,1,权力类型,extraction,06f1cb2317f43bcd0489624a54a5cda47739e2ccc801a931aacc75c90aebf3f1
29,1,行驶主体,extraction,3894e2807bd5d700cd8e59ee73eb9d47cb997d8bf04d89c2b3816a91f3f94483
29,1,承办机构,extraction,bd5db513e02b588bffbd25ee058495f5dafac2b9a07a6392fb0bac6645b72a35
48,1,实施依据,extraction,5147d7296bf1be6d294e170688ec8a091a55750f3c3746caf5dccac2f5a4e09b
1,53,包含,extraction,64a4053bf85b4229ca75172db19fa063634041281deff312e745aba0a3e284be
3,4,是,extraction,d08580506622eb3b009abbcab184c7d6527dc171bbca042f5d2132b53eb48841
8,29,是,extraction,361487daa4f72ef0bea966c2740ed8160c3514f17e0e71d25d21d78ebfd5b306
10,29,是,extraction,ed2e1eb7f64fc3c675b397bf987aa23d776a90888b11ff44f1ee8dc7e6f3fd7f
11,30,是,extraction,5a718b8ea79a649c60fa74166375f668d4abd9f5ab80a4084176c4bd48c96c81
1,7,涉及事项,extraction,85180ae3904fb4dda3182acbf59b089f40c2fd247f916a351ff2a9030ab227d6
4,1,权力类型,extraction,06f1cb2317f43bcd0489624a54a5cda47739e2ccc801a931aacc75c90aebf3f1
1,52,涉及事项,extraction,60c44bc532430527e320f23ce8301d12a3341698a8f67afd3e5649f8789ec4a8
4,1,权力类型,extraction,06f1cb2317f43bcd0489624a54a5cda47739e2ccc801a931aacc75c90aebf3f1
16,4,行驶主体,extraction,71eddffd2710e4f0315e456157ca342387f22226c6c2ba7cb2d13e89c4f480f1
16,4,承办机构,extraction,26d52405963eb7634ec911dcc46a95b90f282c897b604ad9461e331f808f6862
4,1,权力类型,extraction,06f1cb2317f43bcd0489624a54a5cda47739e2ccc801a931aacc75c90aebf3f1
14,1,行驶主体,extraction,42f7273a74403e1ff40ec20c28c5684bdebdde720b9bb324665a197a1fd17536
33,1,实施依据,extraction,bd4d251de9aa9eb9c09f30ba2cb708ae2c507f14020ac308d2f0fc7019e488a7
1,13,涉及事项,extraction,86c09acc911d03df996302b1851f59b2d4b69c81046c2bee7674d0a378f87090
4,1,权力类型,extraction,06f1cb2317f43bcd0489624a54a5cda47739e2ccc801a931aacc75c90aebf3f1
1,42,涉及内容,extraction,b53c7504e6a2c6659ae9a86718432659732b1cd949082a5c56d287eb4a6f6f28
3,4,类型,extraction,4a8d183849056dd2df3cb998024802f1af71f6686b9548e80436e7d7127139f8
8,5,为,extraction,13a22273af2799a248bf0d728fabd748ffdeafc7c7e82820660b418063477332
1,42,涉及内容,extraction,b53c7504e6a2c6659ae9a86718432659732b1cd949082a5c56d287eb4a6f6f28
3,4,是,extraction,d08580506622eb3b009abbcab184c7d6527dc171bbca042f5d2132b53eb48841
8,47,是,extraction,f3cb127ba604dd0f9c80f385d7500846a405e73ecc8ccfda8cb53cb29e5892bb
11,20,是,extraction,4f6bd6ee852dc39505db943bb8728969a06f8c23c54a14cbb4d6866ffb8c4f4a
1,68,涉及事项,extraction,9b7174bb0577ca1933a2e00ec6952755ca1b2c0d1c9a488a895485aecacf34d9
4,1,权力类型,extraction,06f1cb2317f43bcd0489624a54a5cda47739e2ccc801a931aacc75c90aebf3f1
14,4,行驶主体,extraction,ff4b0a7f40b962e1be42c8d9deabdfd93ffd93339a1379461e27b3024ae241d9
14,4,承办机构,extraction,5209d4f8d1ed238b7456b5e0ad60ba31f1c386d98b7ad0475147720ec581cc7e
26,4,实施依据,extraction,e6cbf4ca69f5e082a1296b952fd57617df900b386221cceb6c60d2aa8fd1df71
1,50,涉及问题,extraction,d9aee7e532418f68a24d42b6c0f1cfa2f6d491734d66eb49042adf59fb9f4ecb
47,4,行驶主体,extraction,0640f05ef77128c1441c26bfd803ecb1ceda5f3744841ac918a904eb75e5b430
47,4,承办机构,extraction,c03c7652d3bd035d9c422cde5be2c865200076b6a24cf178316bf3a7f11482fc
3,63,是,extraction,4d29d459416907fc3f184e7e78f0a61ebe7e29882c00362cad246bdf91009488
8,19,是,extraction,006b328d48dbd15d5a9997deacf5688dd0ac64bde696a0a8abd3e39f166e5081
10,19,是,extraction,27a0cebbbbbf719194bc882592ca52cb56fe00182beb07450e8e461717b2d932
1,86,包含行为,extraction,08cbbbce071d68a8d1735a75d280b6c6a8fe9e1e5f4af0373c7b36c41506a7ba
3,4,是,extraction,d08580506622eb3b009abbcab184c7d6527dc171bbca042f5d2132b53eb48841
8,29,是,extraction,361487daa4f72ef0bea966c2740ed8160c3514f17e0e71d25d21d78ebfd5b306
10,29,是,extraction,ed2e1eb7f64fc3c675b397bf987aa23d776a90888b11ff44f1ee8dc7e6f3fd7f
11,15,是,extraction,3d99bcc2d8a851d2517fe94c1a8b5a03b5cbd811bf3f796fc4f680702935c9c8
3,4,是,extraction,d08580506622eb3b009abbcab184c7d6527dc171bbca042f5d2132b53eb48841
8,16,是,extraction,a918c982f93fcff92ed89edb6dc9e992e5498bcbd343e75a57497f0321400988
10,16,是,extraction,746a2100773446996a077ea20c54ba9035e03b7b31f93fb59a8ae3cd5a9d17da
11,30,是,extraction,5a718b8ea79a649c60fa74166375f668d4abd9f5ab80a4084176c4bd48c96c81
9,8,是,extraction,eb1cf201bd0fae2323b323ff5266f0e637319d6399b00c410d8ed1d39cf3a59f
9,10,是,extraction,df7c5a70140d83ae868d6cd1b68ce83a9c6a945831c7533e80c14e7c36a06d14
22,11,是,extraction,e2303c493e5fef5be0136fba64f49666d2cd021f113e2a57d84fa806d5a6438a
1,68,涉及事项,extraction,9b7174bb0577ca1933a2e00ec6952755ca1b2c0d1c9a488a895485aecacf34d9
4,1,权力类型,extraction,06f1cb2317f43bcd0489624a54a5cda47739e2ccc801a931aacc75c90aebf3f1
19,4,行驶主体,extraction,fc975c45488700256c6dc1a4471e5731d13c0901460034200da8f0d966941b18
19,4,承办机构,extraction,1b13ac4aeb7af35063ac982064f773cab0cd5e9db3f2bcd5e9238ee81191e24d
26,4,实施依据,extraction,e6cbf4ca69f5e082a1296b952fd57617df900b386221cceb6c60d2aa8fd1df71
29,4,行驶主体,extraction,5d29277c63d8d69901b6bf520c1097a8d020d0c58cc6ab4bf6a7f699cef2c9e0
29,4,承办机构,extraction,b2dc61397fee41003aae1b3f25aff201e342ada1d04a0a5c5ca233e5028698f5
1,40,包含,extraction,1210a34215a9f1d268a7fdec9665e7afedf2c960bf0be97d698e7bf44f4ad33c
3,4,是,extraction,d08580506622eb3b009abbcab184c7d6527dc171bbca042f5d2132b53eb48841
8,47,是,extraction,f3cb127ba604dd0f9c80f385d7500846a405e73ecc8ccfda8cb53cb29e5892bb
11,48,是,extraction,aed00a1e0ade0525731bb07f81b1486504e94ecb2350902198e5871c236804b0
3,4,是,extraction,d08580506622eb3b009abbcab184c7d6527dc171bbca042f5d2132b53eb48841
8,24,是,extraction,5924698efd5688b8387f11fb3a902a4c8b1757d50799df6653f7f8b593f7bb9c
10,24,是,extraction,7338ed710fc5d464c3e8e7713a2dde9e5d5bc405c2daee71f39d38c88c37c5dd
1,68,涉及事项,extraction,9b7174bb0577ca1933a2e00ec6952755ca1b2c0d1c9a488a895485aecacf34d9
4,1,权力类型,extraction,06f1cb2317f43bcd0489624a54a5cda47739e2ccc801a931aacc75c90aebf3f1
32,4,行驶主体,extraction,5a482485585ea7ac0594bb50e1071577220ed4760df41ee33fcab485e4dac01d
32,4,承办机构,extraction,de0425c8e4a14a5dd87f49786a2b5c069a9c03df3317867cc963058c2f278f2c
37,4,是,extraction,aeede70f877e8735fc43846100cd0a1cfd2ab95c5888b42393315af01f5bd243
8,45,是,extraction,a021dc763489713e44feb30ec7e7c62bfaaf973fdca58ef22a79cc8fca2cf9c4
10,45,是,extraction,2d016bdf9bf15554b1ad6c86d08a7a8fb403f16c47bde3a5e828a87eca3b3c9e
1,52,涉及事项,extraction,60c44bc532430527e320f23ce8301d12a3341698a8f67afd3e5649f8789ec4a8
3,4,是,extraction,d08580506622eb3b009abbcab184c7d6527dc171bbca042f5d2132b53eb48841
47,1,承办机构,extraction,e473ad1106090cd367e1b8ccd73f428bb60c56de8e4b8458b3f93a6a71d75251
1,60,基于,extraction,e62703517cd6a5cef5c6f2791d3f9338d07a34e7b0c9c69886261a5ce02f0698
3,4,是,extraction,d08580506622eb3b009abbcab184c7d6527dc171bbca042f5d2132b53eb48841
8,16,是,extraction,a918c982f93fcff92ed89edb6dc9e992e5498bcbd343e75a57497f0321400988
10,16,是,extraction,746a2100773446996a077ea20c54ba9035e03b7b31f93fb59a8ae3cd5a9d17da
11,39,是,extraction,b07fccd0d92f620f3f01b65e8dcc4a7135558f4fd60464f2e612b30129e7c93c
37,1,是,extraction,0425effba4b0b55802fd30d79c262c74bcbadda70455f082f2f7cfa9ed73078a
3,4,是,extraction,d08580506622eb3b009abbcab184c7d6527dc171bbca042f5d2132b53eb48841
8,9,是,extraction,34744a2cc14d3a7a3f5317cdb530e92b9bd201c7bd7571d5db06d6b1e91b6e7f
10,9,是,extraction,af1a9ecff071ed8f3be3a892c768d8887025fa5bd902d7808d64806d738d9e49
11,48,是,extraction,aed00a1e0ade0525731bb07f81b1486504e94ecb2350902198e5871c236804b0
1,2,涉及事项,extraction,45a6b5e9b7acaaf964d4ba55ee382735953a50be79b9c5a63cfd56f3bfaa98e9
4,1,权力类型,extraction,06f1cb2317f43bcd0489624a54a5cda47739e2ccc801a931aacc75c90aebf3f1
29,1,行驶主体,extraction,3894e2807bd5d700cd8e59ee73eb9d47cb997d8bf04d89c2b3816a91f3f94483
29,1,承办机构,extraction,bd5db513e02b588bffbd25ee058495f5dafac2b9a07a6392fb0bac6645b72a35
22,1,实施依据,extraction,e9bebbcc307570b0c637a8d3575c1bd271b8f2478be39ab7bf6f6facadb958b0
1,44,涉及,extraction,6b92937933dd3842a480fe22eb9ad7fc23049449e7c7b2d5aff5786406c78536
3,4,是,extraction,d08580506622eb3b009abbcab184c7d6527dc171bbca042f5d2132b53eb48841
8,32,是,extraction,79c2a1c208558638ca5abb8e1df4996bbe4f4b8ce1f4077e6032cba30fd44e45
10,32,是,extraction,4da064cb343643cc890842dceaf67b09d17018b8caccfb9a66252b99aba7b2c2
11,35,是,extraction,e354f1fd5b27511710c92338a794ef09138dd8dbcfedfaa5e43cc3fd3f4af21e
1,21,涉及领域,extraction,8ca3c7ec431526b4652e076cd97da1d95ce4d180dc3397c46d4004e5d5bd15b5
32,32,承办机构,extraction,911adfffd05806263bf58b0d02a29a83b098803ea7bdf542e61063696f391749
1,6,依据,extraction,cf80a41cfbe8cca5a52d6fcd7e48ad0a16c62e701ea3daffe7b904843934819d
3,4,是,extraction,d08580506622eb3b009abbcab184c7d6527dc171bbca042f5d2132b53eb48841
8,14,是,extraction,7574d3dbd8d8b8c050e695585b2139657ee4c361c101f42d9fa804421e3dc311
10,14,是,extraction,724fd5216be260a1ef5c764227bd7814bbb14163569e9c4d0854790e0b534a15
11,22,是,extraction,1b323bba6189dbc5ba530bc51581df70b5958e3d716f1672b185da2f26ccf3f8
1,7,服务事项,extraction,d45c33637562b07a7b6950c55ab0b16a389b2d6526a831d8e3d6e85fb2f8c0bd
4,1,权力类型,extraction,06f1cb2317f43bcd0489624a54a5cda47739e2ccc801a931aacc75c90aebf3f1
29,1,行驶主体,extraction,3894e2807bd5d700cd8e59ee73eb9d47cb997d8bf04d89c2b3816a91f3f94483
29,1,承办机构,extraction,bd5db513e02b588bffbd25ee058495f5dafac2b9a07a6392fb0bac6645b72a35
3,4,是,extraction,d08580506622eb3b009abbcab184c7d6527dc171bbca042f5d2132b53eb48841
8,43,是,extraction,5f9fc4e6c17fac692ea14127fb905f8c6be6ac25c319cad5d4b1b0b2726541e1
10,14,是,extraction,724fd5216be260a1ef5c764227bd7814bbb14163569e9c4d0854790e0b534a15
11,15,是,extraction,3d99bcc2d8a851d2517fe94c1a8b5a03b5cbd811bf3f796fc4f680702935c9c8
4,1,权力类型,extraction,06f1cb2317f43bcd0489624a54a5cda47739e2ccc801a931aacc75c90aebf3f1
45,1,行驶主体,extraction,8eddef9e7cb0a9ef48bf1d9c5453eeaa783093eb2b61876f61f7d2b7a721e349
45,1,承办机构,extraction,9f49a4cd963acd1bb4cc403259dcc90b45180ce5f8f80434750ef8acda654983
3,4,是,extraction,d08580506622eb3b009abbcab184c7d6527dc171bbca042f5d2132b53eb48841
8,19,是,extraction,006b328d48dbd15d5a9997deacf5688dd0ac64bde696a0a8abd3e39f166e5081
10,19,是,extraction,27a0cebbbbbf719194bc882592ca52cb56fe00182beb07450e8e461717b2d932
11,26,是,extraction,594ee48e2ef28d4283493b7dd95b58c8a78fd026434bf2ef09599eb13b81049f
1,53,包含,extraction,64a4053bf85b4229ca75172db19fa063634041281deff312e745aba0a3e284be
3,4,是,extraction,d08580506622eb3b009abbcab184c7d6527dc171bbca042f5d2132b53eb48841
8,5,为,extraction,13a22273af2799a248bf0d728fabd748ffdeafc7c7e82820660b418063477332
10,5,为,extraction,53fb394aade9f56fb20935579004c9c21512aa66dd4068d8aa65765fc3e3233e
11,15,是,extraction,3d99bcc2d8a851d2517fe94c1a8b5a03b5cbd811bf3f796fc4f680702935c9c8
1,25,包含行为,extraction,cc8167166722175a66fa9e0af1d12961554ae694f9ff991491f92ab8af677905
3,4,是,extraction,d08580506622eb3b009abbcab184c7d6527dc171bbca042f5d2132b53eb48841
8,19,是,extraction,006b328d48dbd15d5a9997deacf5688dd0ac64bde696a0a8abd3e39f166e5081
10,19,是,extraction,27a0cebbbbbf719194bc882592ca52cb56fe00182beb07450e8e461717b2d932
11,35,是,extraction,e354f1fd5b27511710c92338a794ef09138dd8dbcfedfaa5e43cc3fd3f4af21e
29,1,行驶主体,extraction,3894e2807bd5d700cd8e59ee73eb9d47cb997d8bf04d89c2b3816a91f3f94483
29,1,承办机构,extraction,bd5db513e02b588bffbd25ee058495f5dafac2b9a07a6392fb0bac6645b72a35
1,52,涉及事项,extraction,60c44bc532430527e320f23ce8301d12a3341698a8f67afd3e5649f8789ec4a8
4,1,权力类型,extraction,06f1cb2317f43bcd0489624a54a5cda47739e2ccc801a931aacc75c90aebf3f1
29,4,行驶主体,extraction,5d29277c63d8d69901b6bf520c1097a8d020d0c58cc6ab4bf6a7f699cef2c9e0
29,4,承办机构,extraction,b2dc61397fee41003aae1b3f25aff201e342ada1d04a0a5c5ca233e5028698f5
35,4,实施依据,extraction,f819a515d249b858e278539e4a1afefc0501a560005cd9055d74756b490194f6
1,68,涉及事项,extraction,9b7174bb0577ca1933a2e00ec6952755ca1b2c0d1c9a488a895485aecacf34d9
4,1,权力类型,extraction,06f1cb2317f43bcd0489624a54a5cda47739e2ccc801a931aacc75c90aebf3f1
47,4,行驶主体,extraction,0640f05ef77128c1441c26bfd803ecb1ceda5f3744841ac918a904eb75e5b430
47,4,承办机构,extraction,c03c7652d3bd035d9c422cde5be2c865200076b6a24cf178316bf3a7f11482fc
48,4,实施依据,extraction,4f8484e520c1c8e06fbc1b3f8bb52725bdf6135ed870d68667c7520c6dbfe736
1,100,涉及领域,extraction,19ffa60655c43a57e8bc0f22bc7192cc2bd4ccece976a791265205ce681bb8cf
4,1,权力类型,extraction,06f1cb2317f43bcd0489624a54a5cda47739e2ccc801a931aacc75c90aebf3f1
5,1,行驶主体,extraction,57149ab40d40daf68ddae1ef3d64025366218c3d8d9786a7c7d9406523c436b5
5,1,承办机构,extraction,9054f2bd559f99e7217094914676411351172fc3f6311c47ff7fbb7de27ab132
26,1,实施依据,extraction,59db61bc1a579df3551528407c91bfe5ae1e2f6b7835730824a80f9076673213
1,66,涉及内容,extraction,1df633d8df80469913eef582a04e08744f4c2e54d3d120d59af66e3c944e1b85
4,1,权力类型,extraction,06f1cb2317f43bcd0489624a54a5cda47739e2ccc801a931aacc75c90aebf3f1
14,1,行驶主体,extraction,42f7273a74403e1ff40ec20c28c5684bdebdde720b9bb324665a197a1fd17536
14,1,承办机构,extraction,b425f25c4103731723fffdea3b08ba92f7768243f470d556220be325d20abc5c
1,33,依据,extraction,beb4a53aeccd91f8439219990e9369a7c0fbc8b629e10951b4b57ace5628c03a
1,44,基于,extraction,11953183e8ed739f452dda3c9382863ab38bf530c00a79569580ad207dfb488b
3,4,是,extraction,d08580506622eb3b009abbcab184c7d6527dc171bbca042f5d2132b53eb48841
8,14,是,extraction,7574d3dbd8d8b8c050e695585b2139657ee4c361c101f42d9fa804421e3dc311
10,14,是,extraction,724fd5216be260a1ef5c764227bd7814bbb14163569e9c4d0854790e0b534a15
11,22,是,extraction,1b323bba6189dbc5ba530bc51581df70b5958e3d716f1672b185da2f26ccf3f8
1,87,涉及内容,extraction,d8baabd9c853b74ad88c30e16c3b0f0656e37b10a0eb9e6179f1c2eb1aaef3e1
4,1,权力类型,extraction,06f1cb2317f43bcd0489624a54a5cda47739e2ccc801a931aacc75c90aebf3f1
14,1,行驶主体,extraction,42f7273a74403e1ff40ec20c28c5684bdebdde720b9bb324665a197a1fd17536
14,1,承办机构,extraction,b425f25c4103731723fffdea3b08ba92f7768243f470d556220be325d20abc5c
1,35,实施依据,extraction,8f4a68c1f5782f9a24dc1961af76711020ef8969190b24eb96a0feab9af25116
1,86,包含行为,extraction,08cbbbce071d68a8d1735a75d280b6c6a8fe9e1e5f4af0373c7b36c41506a7ba
3,4,是,extraction,d08580506622eb3b009abbcab184c7d6527dc171bbca042f5d2132b53eb48841
8,9,是,extraction,34744a2cc14d3a7a3f5317cdb530e92b9bd201c7bd7571d5db06d6b1e91b6e7f
10,9,是,extraction,af1a9ecff071ed8f3be3a892c768d8887025fa5bd902d7808d64806d738d9e49
11,22,是,extraction,1b323bba6189dbc5ba530bc51581df70b5958e3d716f1672b185da2f26ccf3f8
32,4,行使权力,extraction,b0aa7d1d0a604ba8ca279b2d0dd6b182418549ce8194ad01a74f7d717efc4456
32,8,是,extraction,daabdd4832c86be7d29c8dca7498a6fac48f01f00dd7d11e254a8d7bf62fe7eb
32,10,等同于,extraction,9da91854f76d53a7ae2786c35f1b4f0c00bc30643137a7b60834810b5250fcf4
1,18,涉及违规行为,extraction,9f5d9e5f664ed74795fb21bbb1a56a6a8d2e9521df06b0bbfc519cd81a9a6417
3,4,是,extraction,d08580506622eb3b009abbcab184c7d6527dc171bbca042f5d2132b53eb48841
8,47,是,extraction,f3cb127ba604dd0f9c80f385d7500846a405e73ecc8ccfda8cb53cb29e5892bb
10,47,是,extraction,95e2b3b1d927b9bbdb48660d6ad3d8a240228e55a60909c980c4ecb4241ff67d
11,15,是,extraction,3d99bcc2d8a851d2517fe94c1a8b5a03b5cbd811bf3f796fc4f680702935c9c8
1,60,基于,extraction,e62703517cd6a5cef5c6f2791d3f9338d07a34e7b0c9c69886261a5ce02f0698
3,4,是,extraction,d08580506622eb3b009abbcab184c7d6527dc171bbca042f5d2132b53eb48841
8,14,是,extraction,7574d3dbd8d8b8c050e695585b2139657ee4c361c101f42d9fa804421e3dc311
10,14,是,extraction,724fd5216be260a1ef5c764227bd7814bbb14163569e9c4d0854790e0b534a15
11,20,是,extraction,4f6bd6ee852dc39505db943bb8728969a06f8c23c54a14cbb4d6866ffb8c4f4a
37,1,是,extraction,0425effba4b0b55802fd30d79c262c74bcbadda70455f082f2f7cfa9ed73078a
1,23,包含,extraction,bff922986f8a16831d661d2474bb8d63366496322cb804fd4244c2357ae9085e
3,4,是,extraction,d08580506622eb3b009abbcab184c7d6527dc171bbca042f5d2132b53eb48841
8,16,是,extraction,a918c982f93fcff92ed89edb6dc9e992e5498bcbd343e75a57497f0321400988
10,16,是,extraction,746a2100773446996a077ea20c54ba9035e03b7b31f93fb59a8ae3cd5a9d17da
11,15,是,extraction,3d99bcc2d8a851d2517fe94c1a8b5a03b5cbd811bf3f796fc4f680702935c9c8
1,64,涉及内容,extraction,b09643ac8b06634901d8a33a06e00fed43dd2cce3f069d4906feda60c5193ff1
3,4,类型,extraction,4a8d183849056dd2df3cb998024802f1af71f6686b9548e80436e7d7127139f8
8,19,是,extraction,006b328d48dbd15d5a9997deacf5688dd0ac64bde696a0a8abd3e39f166e5081
10,19,是,extraction,27a0cebbbbbf719194bc882592ca52cb56fe00182beb07450e8e461717b2d932
11,41,依据,extraction,089fdb9ded6e72a8ca99accaac44e10d8d09fcb1730a335ba5319df1b5770bb8
39,4,实施依据,extraction,cacdd17634b8d2ee73e7e002a842ae98a77e4d98ad01af6a683515fa449cdd4f
1,25,涉及行为,extraction,d9a65e18499e7824e8f9c7adcb77ee953a722c707c38445a4d94106ee3e1fb9a
29,1,行驶主体,extraction,3894e2807bd5d700cd8e59ee73eb9d47cb997d8bf04d89c2b3816a91f3f94483
29,1,承办机构,extraction,bd5db513e02b588bffbd25ee058495f5dafac2b9a07a6392fb0bac6645b72a35
1,33,依据,extraction,beb4a53aeccd91f8439219990e9369a7c0fbc8b629e10951b4b57ace5628c03a
1,18,涉及,extraction,3809770ba7ef48d41647f651814347ce7af066af5e2d2a56ba29998e548215c7
3,4,是,extraction,d08580506622eb3b009abbcab184c7d6527dc171bbca042f5d2132b53eb48841
8,9,是,extraction,34744a2cc14d3a7a3f5317cdb530e92b9bd201c7bd7571d5db06d6b1e91b6e7f
10,9,是,extraction,af1a9ecff071ed8f3be3a892c768d8887025fa5bd902d7808d64806d738d9e49
11,26,是,extraction,594ee48e2ef28d4283493b7dd95b58c8a78fd026434bf2ef09599eb13b81049f
1,2,涉及事项,extraction,45a6b5e9b7acaaf964d4ba55ee382735953a50be79b9c5a63cfd56f3bfaa98e9
3,4,类型,extraction,4a8d183849056dd2df3cb998024802f1af71f6686b9548e80436e7d7127139f8
8,19,是,extraction,006b328d48dbd15d5a9997deacf5688dd0ac64bde696a0a8abd3e39f166e5081
10,19,是,extraction,27a0cebbbbbf719194bc882592ca52cb56fe00182beb07450e8e461717b2d932
11,15,依据,extraction,9c638a43cfd1903d6b5a5962e698c09c8593bc75217a00add71b6af74a891b5f
4,1,权力类型,extraction,06f1cb2317f43bcd0489624a54a5cda47739e2ccc801a931aacc75c90aebf3f1
32,1,行驶主体,extraction,f3ae7eebff4e3460421e23abeef0b3052dd9a3dcfbd1f44a03d027eeb1801b4f
32,1,承办机构,extraction,931cafd24efaf97775db66b22a04ccc10ef5b34c9f1550f1c6e447e2887940db
33,1,实施依据,extraction,bd4d251de9aa9eb9c09f30ba2cb708ae2c507f14020ac308d2f0fc7019e488a7
1,53,包含,extraction,64a4053bf85b4229ca75172db19fa063634041281deff312e745aba0a3e284be
3,4,是,extraction,d08580506622eb3b009abbcab184c7d6527dc171bbca042f5d2132b53eb48841
8,32,是,extraction,79c2a1c208558638ca5abb8e1df4996bbe4f4b8ce1f4077e6032cba30fd44e45
10,32,是,extraction,4da064cb343643cc890842dceaf67b09d17018b8caccfb9a66252b99aba7b2c2
11,30,是,extraction,5a718b8ea79a649c60fa74166375f668d4abd9f5ab80a4084176c4bd48c96c81
1,23,涉及事项,extraction,888f4d96ceb27a16f6144a62b1e47fefe4fdb1a079dfee7c5d704fb359a4ee41
4,1,权力类型,extraction,06f1cb2317f43bcd0489624a54a5cda47739e2ccc801a931aacc75c90aebf3f1
24,4,行驶主体,extraction,b28f4abcc9fd2027f9867fe9c65c46b96e46e9a7842fd232abf55e768be19b15
24,4,承办机构,extraction,8d1fddd2c1b5a28bff9df61bcfda71970b1285fe8acb248aa0f146a87eebea68
12,4,实施依据,extraction,77ec05a3b21e5a862a466da8763ba8de5bc5e2657210071afe7ce24fa0ee544e
4,1,权力类型,extraction,06f1cb2317f43bcd0489624a54a5cda47739e2ccc801a931aacc75c90aebf3f1
47,1,行驶主体,extraction,cd815e6ef285efede797fac164e9d2711b8b1395e5cd525e398131d3fae4e735
47,1,承办机构,extraction,e473ad1106090cd367e1b8ccd73f428bb60c56de8e4b8458b3f93a6a71d75251
15,1,实施依据,extraction,31db1316f622f9613bf5aedaa673ef1757ff5d0204842ad68fdb3064b9f7e0bb
37,1,是,extraction,0425effba4b0b55802fd30d79c262c74bcbadda70455f082f2f7cfa9ed73078a
1,7,包括,extraction,0c7ee1dc9668a5f486c08c21f708da9a70d3ee37801b3057e190ffb52ac3354f
3,4,是,extraction,d08580506622eb3b009abbcab184c7d6527dc171bbca042f5d2132b53eb48841
8,5,是,extraction,2ba53cf2a729e877b6f5a0c20e75c810989d499c8b6ba4b25874f2cf983362ec
11,33,是,extraction,86e684c0f0ab092352cdfe7d8da05aa3e50e8ef796d48ce0861f329bddd98b42
37,1,是,extraction,0425effba4b0b55802fd30d79c262c74bcbadda70455f082f2f7cfa9ed73078a
1,55,涉及问题,extraction,f2ffd7cbbde07203ef22704e812dc0c897a1f2dc5a5cc4fabb7f1bbafc6e63ed
3,4,是,extraction,d08580506622eb3b009abbcab184c7d6527dc171bbca042f5d2132b53eb48841
8,9,是,extraction,34744a2cc14d3a7a3f5317cdb530e92b9bd201c7bd7571d5db06d6b1e91b6e7f
10,9,是,extraction,af1a9ecff071ed8f3be3a892c768d8887025fa5bd902d7808d64806d738d9e49
11,15,是,extraction,3d99bcc2d8a851d2517fe94c1a8b5a03b5cbd811bf3f796fc4f680702935c9c8
37,1,是,extraction,0425effba4b0b55802fd30d79c262c74bcbadda70455f082f2f7cfa9ed73078a
1,62,包含,extraction,1ac13a5cea2f5974b13517a5bc6c7a50527b0477ed3a20f5355e1a1cc704ff9a
3,4,是,extraction,d08580506622eb3b009abbcab184c7d6527dc171bbca042f5d2132b53eb48841
8,9,是,extraction,34744a2cc14d3a7a3f5317cdb530e92b9bd201c7bd7571d5db06d6b1e91b6e7f
10,9,是,extraction,af1a9ecff071ed8f3be3a892c768d8887025fa5bd902d7808d64806d738d9e49
1,56,涉及方面,extraction,5142c4c8b1234d97f50fffa28d5349b4c6717fbcea44647106014afc06e85426
3,4,类型,extraction,4a8d183849056dd2df3cb998024802f1af71f6686b9548e80436e7d7127139f8
11,15,来自,extraction,67bb96260685d13a34075b07143a56c8d6ecfd226b72cc18adea630373938a22
1,53,包含,extraction,64a4053bf85b4229ca75172db19fa063634041281deff312e745aba0a3e284be
3,4,是,extraction,d08580506622eb3b009abbcab184c7d6527dc171bbca042f5d2132b53eb48841
8,16,是,extraction,a918c982f93fcff92ed89edb6dc9e992e5498bcbd343e75a57497f0321400988
10,16,是,extraction,746a2100773446996a077ea20c54ba9035e03b7b31f93fb59a8ae3cd5a9d17da
11,33,是,extraction,86e684c0f0ab092352cdfe7d8da05aa3e50e8ef796d48ce0861f329bddd98b42
4,1,权力类型,extraction,06f1cb2317f43bcd0489624a54a5cda47739e2ccc801a931aacc75c90aebf3f1
24,4,行驶主体,extraction,b28f4abcc9fd2027f9867fe9c65c46b96e46e9a7842fd232abf55e768be19b15
24,4,承办机构,extraction,8d1fddd2c1b5a28bff9df61bcfda71970b1285fe8acb248aa0f146a87eebea68
30,4,实施依据,extraction,3eee29fb82f5877ff129df233551dd8a6ff4d91b6f41f082d7d3c3ea58403369
3,4,是,extraction,d08580506622eb3b009abbcab184c7d6527dc171bbca042f5d2132b53eb48841
8,24,是,extraction,5924698efd5688b8387f11fb3a902a4c8b1757d50799df6653f7f8b593f7bb9c
10,24,是,extraction,7338ed710fc5d464c3e8e7713a2dde9e5d5bc405c2daee71f39d38c88c37c5dd
11,30,是,extraction,5a718b8ea79a649c60fa74166375f668d4abd9f5ab80a4084176c4bd48c96c81
3,4,是,extraction,d08580506622eb3b009abbcab184c7d6527dc171bbca042f5d2132b53eb48841
8,5,是,extraction,2ba53cf2a729e877b6f5a0c20e75c810989d499c8b6ba4b25874f2cf983362ec
10,5,是,extraction,5cec422cc7f67c3758916b82edf5f427a91370d2f97c9320ccc8c7a3165aaa69
11,26,是,extraction,594ee48e2ef28d4283493b7dd95b58c8a78fd026434bf2ef09599eb13b81049f
1,66,涉及内容,extraction,1df633d8df80469913eef582a04e08744f4c2e54d3d120d59af66e3c944e1b85
3,4,类型,extraction,4a8d183849056dd2df3cb998024802f1af71f6686b9548e80436e7d7127139f8
8,24,为,extraction,05aa4e84ce06f086dd527c2d905dc71c304edee07e613c63fb8bab61e9d1bd26
10,24,为,extraction,82cd31ff438da7915d970cccbc8509ab5a97eea1135cd47aba21b494a2d04452
11,15,来自,extraction,67bb96260685d13a34075b07143a56c8d6ecfd226b72cc18adea630373938a22
1,68,涉及事项,extraction,9b7174bb0577ca1933a2e00ec6952755ca1b2c0d1c9a488a895485aecacf34d9
4,1,权力类型,extraction,06f1cb2317f43bcd0489624a54a5cda47739e2ccc801a931aacc75c90aebf3f1
29,4,行驶主体,extraction,5d29277c63d8d69901b6bf520c1097a8d020d0c58cc6ab4bf6a7f699cef2c9e0
29,4,承办机构,extraction,b2dc61397fee41003aae1b3f25aff201e342ada1d04a0a5c5ca233e5028698f5
6,4,实施依据,extraction,20133cc1c3cf680305ab9f27bd9f10688b55bd764b7da80c566286d7bfc030ac
3,4,是,extraction,d08580506622eb3b009abbcab184c7d6527dc171bbca042f5d2132b53eb48841
10,14,是,extraction,724fd5216be260a1ef5c764227bd7814bbb14163569e9c4d0854790e0b534a15
11,48,是,extraction,aed00a1e0ade0525731bb07f81b1486504e94ecb2350902198e5871c236804b0
1,66,涉及内容,extraction,1df633d8df80469913eef582a04e08744f4c2e54d3d120d59af66e3c944e1b85
3,4,类型,extraction,4a8d183849056dd2df3cb998024802f1af71f6686b9548e80436e7d7127139f8
8,9,为,extraction,9dfe97b170e7d2f0fbd7612da3b4aafd8a37ca358d78765ef03347ad843802d6
10,9,为,extraction,7c48d8dd63d60d7d044516e2c6fc7bc88837bebc4e1cd7126d18e20eeed46a10
1,52,涉及事项,extraction,60c44bc532430527e320f23ce8301d12a3341698a8f67afd3e5649f8789ec4a8
4,1,权力类型,extraction,06f1cb2317f43bcd0489624a54a5cda47739e2ccc801a931aacc75c90aebf3f1
19,4,行驶主体,extraction,fc975c45488700256c6dc1a4471e5731d13c0901460034200da8f0d966941b18
19,4,承办机构,extraction,1b13ac4aeb7af35063ac982064f773cab0cd5e9db3f2bcd5e9238ee81191e24d
6,4,实施依据,extraction,20133cc1c3cf680305ab9f27bd9f10688b55bd764b7da80c566286d7bfc030ac
32,32,行驶主体,extraction,c99cc95dd359700ee80016caf0fca8788cd0121ae97ca919c48e2c2d3a8a0139
32,32,承办机构,extraction,911adfffd05806263bf58b0d02a29a83b098803ea7bdf542e61063696f391749
37,1,是,extraction,0425effba4b0b55802fd30d79c262c74bcbadda70455f082f2f7cfa9ed73078a
1,56,涉及,extraction,a8f2b22263019167381db3edaff04efca7319528bda33c0f225601373e075acd
3,4,是,extraction,d08580506622eb3b009abbcab184c7d6527dc171bbca042f5d2132b53eb48841
8,19,是,extraction,006b328d48dbd15d5a9997deacf5688dd0ac64bde696a0a8abd3e39f166e5081
10,19,是,extraction,27a0cebbbbbf719194bc882592ca52cb56fe00182beb07450e8e461717b2d932
11,22,是,extraction,1b323bba6189dbc5ba530bc51581df70b5958e3d716f1672b185da2f26ccf3f8
1,21,涉及领域,extraction,8ca3c7ec431526b4652e076cd97da1d95ce4d180dc3397c46d4004e5d5bd15b5
4,1,权力类型,extraction,06f1cb2317f43bcd0489624a54a5cda47739e2ccc801a931aacc75c90aebf3f1
19,1,行驶主体,extraction,06e6c42d0d6d05423f97cae2ad8cf989f51a21bcef0b37dade2daaef3ff7ee6b
19,1,承办机构,extraction,defd31d7feb2dbbef04f213f222b3a59858e69a932e8e95d04e4c0af7efd5116
83,1,实施依据,extraction,c752df45ab8efa5b1a5030646763d764e5532ae8377a7bee15439bf5fba9bac8
1,36,涉及领域,extraction,05647e8618dcbfae7417e237aa04231b181e1ce61d823f4fda9b32b6663cf4d2
19,1,行驶主体,extraction,06e6c42d0d6d05423f97cae2ad8cf989f51a21bcef0b37dade2daaef3ff7ee6b
19,1,承办机构,extraction,defd31d7feb2dbbef04f213f222b3a59858e69a932e8e95d04e4c0af7efd5116
4,1,权力类型,extraction,06f1cb2317f43bcd0489624a54a5cda47739e2ccc801a931aacc75c90aebf3f1
32,1,行驶主体,extraction,f3ae7eebff4e3460421e23abeef0b3052dd9a3dcfbd1f44a03d027eeb1801b4f
32,1,承办机构,extraction,931cafd24efaf97775db66b22a04ccc10ef5b34c9f1550f1c6e447e2887940db
20,1,实施依据,extraction,fa879230d50cba26fe3e25fda133ad3500d518880a888364d68f6f0c8fcf6adf
37,79,是,extraction,2e4a846bbba0e4ffa907d50689948f0beda559552eededfbee3941bc9d1004e1
3,4,是,extraction,d08580506622eb3b009abbcab184c7d6527dc171bbca042f5d2132b53eb48841
10,24,是,extraction,7338ed710fc5d464c3e8e7713a2dde9e5d5bc405c2daee71f39d38c88c37c5dd
11,83,是,extraction,1fe4dde24df86aa1abc8dbebf466da36829403c7bf71d7da452479a41941f649
3,4,类型,extraction,4a8d183849056dd2df3cb998024802f1af71f6686b9548e80436e7d7127139f8
1,52,涉及事项,extraction,60c44bc532430527e320f23ce8301d12a3341698a8f67afd3e5649f8789ec4a8
24,24,行驶主体,extraction,6dc8ee42ace16ee35a44be41fb53a97d36e8e501cfb4261af09a8797f7626236
24,24,承办机构,extraction,7198791b955a43a57c5f3eecb9305e6431c1ec9a24ff3b6328524a3caecd3711
11,35,来自,extraction,bcd383b551dae81fc12d8173579cb5f089d38dca03f80426e65f02944285a6b5
3,4,是,extraction,d08580506622eb3b009abbcab184c7d6527dc171bbca042f5d2132b53eb48841
8,72,是,extraction,35784d1dfa32a70a158b975a8b605c582d4250722fd4f7e3dba81ff5d2d9fac2
10,24,是,extraction,7338ed710fc5d464c3e8e7713a2dde9e5d5bc405c2daee71f39d38c88c37c5dd
11,12,是,extraction,4bb51718453a67d9015b846c6a68662b97572c0a9269a7df9df55bbbce96ae63
4,1,权力类型,extraction,06f1cb2317f43bcd0489624a54a5cda47739e2ccc801a931aacc75c90aebf3f1
47,1,行驶主体,extraction,cd815e6ef285efede797fac164e9d2711b8b1395e5cd525e398131d3fae4e735
47,1,承办机构,extraction,e473ad1106090cd367e1b8ccd73f428bb60c56de8e4b8458b3f93a6a71d75251
20,4,实施依据,extraction,1b7b8e70934bc1e1f3ec7bc00bb74fa7e905259ce58aef57203d7288cd724ca9
37,1,是,extraction,0425effba4b0b55802fd30d79c262c74bcbadda70455f082f2f7cfa9ed73078a
1,56,涉及,extraction,a8f2b22263019167381db3edaff04efca7319528bda33c0f225601373e075acd
3,4,是,extraction,d08580506622eb3b009abbcab184c7d6527dc171bbca042f5d2132b53eb48841
8,14,是,extraction,7574d3dbd8d8b8c050e695585b2139657ee4c361c101f42d9fa804421e3dc311
11,48,是,extraction,aed00a1e0ade0525731bb07f81b1486504e94ecb2350902198e5871c236804b0
37,1,是,extraction,0425effba4b0b55802fd30d79c262c74bcbadda70455f082f2f7cfa9ed73078a
3,89,是,extraction,80c22fae8e74135ff3f3960d9e8acaed28f2e2fe126e6c2d46954234d41f08ff
8,16,是,extraction,a918c982f93fcff92ed89edb6dc9e992e5498bcbd343e75a57497f0321400988
10,16,是,extraction,746a2100773446996a077ea20c54ba9035e03b7b31f93fb59a8ae3cd5a9d17da
3,63,是,extraction,4d29d459416907fc3f184e7e78f0a61ebe7e29882c00362cad246bdf91009488
8,19,是,extraction,006b328d48dbd15d5a9997deacf5688dd0ac64bde696a0a8abd3e39f166e5081
10,19,是,extraction,27a0cebbbbbf719194bc882592ca52cb56fe00182beb07450e8e461717b2d932
11,48,是,extraction,aed00a1e0ade0525731bb07f81b1486504e94ecb2350902198e5871c236804b0
1,18,涉及违规行为,extraction,9f5d9e5f664ed74795fb21bbb1a56a6a8d2e9521df06b0bbfc519cd81a9a6417
3,4,是,extraction,d08580506622eb3b009abbcab184c7d6527dc171bbca042f5d2132b53eb48841
8,14,是,extraction,7574d3dbd8d8b8c050e695585b2139657ee4c361c101f42d9fa804421e3dc311
10,14,是,extraction,724fd5216be260a1ef5c764227bd7814bbb14163569e9c4d0854790e0b534a15
11,15,是,extraction,3d99bcc2d8a851d2517fe94c1a8b5a03b5cbd811bf3f796fc4f680702935c9c8
1,21,涉及领域,extraction,8ca3c7ec431526b4652e076cd97da1d95ce4d180dc3397c46d4004e5d5bd15b5
4,1,权力类型,extraction,06f1cb2317f43bcd0489624a54a5cda47739e2ccc801a931aacc75c90aebf3f1
29,1,行驶主体,extraction,3894e2807bd5d700cd8e59ee73eb9d47cb997d8bf04d89c2b3816a91f3f94483
29,1,承办机构,extraction,bd5db513e02b588bffbd25ee058495f5dafac2b9a07a6392fb0bac6645b72a35
15,1,实施依据,extraction,31db1316f622f9613bf5aedaa673ef1757ff5d0204842ad68fdb3064b9f7e0bb
37,1,是,extraction,0425effba4b0b55802fd30d79c262c74bcbadda70455f082f2f7cfa9ed73078a
1,18,包含,extraction,995fe2b6a1cf5cfeeefec8c7b3e03ab6ed8e185658f268c2a2d3412d9fb32842
3,4,是,extraction,d08580506622eb3b009abbcab184c7d6527dc171bbca042f5d2132b53eb48841
8,45,是,extraction,a021dc763489713e44feb30ec7e7c62bfaaf973fdca58ef22a79cc8fca2cf9c4
10,45,是,extraction,2d016bdf9bf15554b1ad6c86d08a7a8fb403f16c47bde3a5e828a87eca3b3c9e
11,39,是,extraction,b07fccd0d92f620f3f01b65e8dcc4a7135558f4fd60464f2e612b30129e7c93c
37,1,是,extraction,0425effba4b0b55802fd30d79c262c74bcbadda70455f082f2f7cfa9ed73078a
1,25,涉及行为,extraction,d9a65e18499e7824e8f9c7adcb77ee953a722c707c38445a4d94106ee3e1fb9a
3,4,是,extraction,d08580506622eb3b009abbcab184c7d6527dc171bbca042f5d2132b53eb48841
8,14,是,extraction,7574d3dbd8d8b8c050e695585b2139657ee4c361c101f42d9fa804421e3dc311
10,14,是,extraction,724fd5216be260a1ef5c764227bd7814bbb14163569e9c4d0854790e0b534a15
4,1,权力类型,extraction,06f1cb2317f43bcd0489624a54a5cda47739e2ccc801a931aacc75c90aebf3f1
5,1,行驶主体,extraction,57149ab40d40daf68ddae1ef3d64025366218c3d8d9786a7c7d9406523c436b5
5,1,承办机构,extraction,9054f2bd559f99e7217094914676411351172fc3f6311c47ff7fbb7de27ab132
6,4,实施依据,extraction,20133cc1c3cf680305ab9f27bd9f10688b55bd764b7da80c566286d7bfc030ac
1,56,涉及方面,extraction,5142c4c8b1234d97f50fffa28d5349b4c6717fbcea44647106014afc06e85426
3,4,类型,extraction,4a8d183849056dd2df3cb998024802f1af71f6686b9548e80436e7d7127139f8
8,19,是,extraction,006b328d48dbd15d5a9997deacf5688dd0ac64bde696a0a8abd3e39f166e5081
10,19,是,extraction,27a0cebbbbbf719194bc882592ca52cb56fe00182beb07450e8e461717b2d932
1,52,涉及事项,extraction,60c44bc532430527e320f23ce8301d12a3341698a8f67afd3e5649f8789ec4a8
19,1,行驶主体,extraction,06e6c42d0d6d05423f97cae2ad8cf989f51a21bcef0b37dade2daaef3ff7ee6b
19,1,承办机构,extraction,defd31d7feb2dbbef04f213f222b3a59858e69a932e8e95d04e4c0af7efd5116
37,1,是,extraction,0425effba4b0b55802fd30d79c262c74bcbadda70455f082f2f7cfa9ed73078a
1,53,包含,extraction,64a4053bf85b4229ca75172db19fa063634041281deff312e745aba0a3e284be
3,71,是,extraction,f7f91dde0a8d95f5dfb99aa1212cb01e871c6871066def97a219b6f9c0bec8f4
8,5,是,extraction,2ba53cf2a729e877b6f5a0c20e75c810989d499c8b6ba4b25874f2cf983362ec
10,5,是,extraction,5cec422cc7f67c3758916b82edf5f427a91370d2f97c9320ccc8c7a3165aaa69
11,22,是,extraction,1b323bba6189dbc5ba530bc51581df70b5958e3d716f1672b185da2f26ccf3f8
1,18,涉及违规行为,extraction,9f5d9e5f664ed74795fb21bbb1a56a6a8d2e9521df06b0bbfc519cd81a9a6417
24,24,行驶主体,extraction,6dc8ee42ace16ee35a44be41fb53a97d36e8e501cfb4261af09a8797f7626236
24,24,承办机构,extraction,7198791b955a43a57c5f3eecb9305e6431c1ec9a24ff3b6328524a3caecd3711
1,31,涉及事项,extraction,f3220bd517fb70fe72f0f354fdf1fe08442b21b32cae58b726ef2340a0149292
4,1,权力类型,extraction,06f1cb2317f43bcd0489624a54a5cda47739e2ccc801a931aacc75c90aebf3f1
14,4,行驶主体,extraction,ff4b0a7f40b962e1be42c8d9deabdfd93ffd93339a1379461e27b3024ae241d9
14,4,承办机构,extraction,5209d4f8d1ed238b7456b5e0ad60ba31f1c386d98b7ad0475147720ec581cc7e
15,4,实施依据,extraction,2fac38e7a0fbb0de7f99d087cae63fdaa313713a3b5cec56a792ab059510656c
37,1,是,extraction,0425effba4b0b55802fd30d79c262c74bcbadda70455f082f2f7cfa9ed73078a
1,13,涉及,extraction,769ddcb238f36fe0f7ef8edbdd80b3af935f4889343b98fe6580fd1fc9809ad5
3,4,是,extraction,d08580506622eb3b009abbcab184c7d6527dc171bbca042f5d2132b53eb48841
8,29,是,extraction,361487daa4f72ef0bea966c2740ed8160c3514f17e0e71d25d21d78ebfd5b306
10,29,是,extraction,ed2e1eb7f64fc3c675b397bf987aa23d776a90888b11ff44f1ee8dc7e6f3fd7f
11,41,是,extraction,bd47bd61949ec03ec689102a2ed8157cefc45bfa6195f0919c017603278e86c5
4,1,权力类型,extraction,06f1cb2317f43bcd0489624a54a5cda47739e2ccc801a931aacc75c90aebf3f1
32,1,行驶主体,extraction,f3ae7eebff4e3460421e23abeef0b3052dd9a3dcfbd1f44a03d027eeb1801b4f
32,1,承办机构,extraction,931cafd24efaf97775db66b22a04ccc10ef5b34c9f1550f1c6e447e2887940db
26,1,实施依据,extraction,59db61bc1a579df3551528407c91bfe5ae1e2f6b7835730824a80f9076673213
1,64,涉及行为,extraction,f8221974ba544d440d40e711b3567121f20c2299786e0e379f2af7c8e1e801ef
3,4,类型,extraction,4a8d183849056dd2df3cb998024802f1af71f6686b9548e80436e7d7127139f8
1,13,涉及事项,extraction,86c09acc911d03df996302b1851f59b2d4b69c81046c2bee7674d0a378f87090
4,1,权力类型,extraction,06f1cb2317f43bcd0489624a54a5cda47739e2ccc801a931aacc75c90aebf3f1
19,1,承办机构,extraction,defd31d7feb2dbbef04f213f222b3a59858e69a932e8e95d04e4c0af7efd5116
30,1,实施依据,extraction,51ba74e7a5462ac0d8b7f792d0b4a41c1a42e4fcd4adb877a89ee3a9022eacd6
1,61,包含,extraction,6edfccacf4cd1d9a6532155eb6cc62c0c0c348d344598b52ec0aa03bf7093506
3,4,是,extraction,d08580506622eb3b009abbcab184c7d6527dc171bbca042f5d2132b53eb48841
8,14,是,extraction,7574d3dbd8d8b8c050e695585b2139657ee4c361c101f42d9fa804421e3dc311
10,14,是,extraction,724fd5216be260a1ef5c764227bd7814bbb14163569e9c4d0854790e0b534a15
11,20,是,extraction,4f6bd6ee852dc39505db943bb8728969a06f8c23c54a14cbb4d6866ffb8c4f4a
37,4,权力类型,extraction,e96dff07170117e29d43653c3f52771ac32367c444250f8ce850cda42b2f2d75
14,14,行驶主体,extraction,7caede3088f2b435ea0f49e1d1d5bf53b93a917caf459c4a5175f47cc57cc292
14,14,承办机构,extraction,f650c63c7a406779a118860c032fa68bddae9f91b3cd9ac80a38cba88e95f0cf
1,49,服务事项,extraction,b12e5727ad0347884c5325f6f1b64951a426eeef796d7c44bb72ef79be727401
4,1,权力类型,extraction,06f1cb2317f43bcd0489624a54a5cda47739e2ccc801a931aacc75c90aebf3f1
24,1,行驶主体,extraction,1d6e8cf9f9d91c32784b3816cbdf2f3590b5a48dd82d14b69139687101724d02
24,1,承办机构,extraction,706c85cddfe6218745523cfd2d1d75c9d4fbe5d63a11b5aa4700f4ef5caea528
26,1,实施依据,extraction,59db61bc1a579df3551528407c91bfe5ae1e2f6b7835730824a80f9076673213
1,61,涉及问题,extraction,14dd21e29595533a08fd01fee5143665aa7115da80641e60cccba4d43781cfc7
45,8,是,extraction,b7067c4179e39e56f9de40f32fe6b2f25a52b560138ca8696003a4fb2c935798
45,10,是,extraction,250627923abaafb2538195b69e129550e05ec4a0c6f6f2f6605b3e1b5d619be5
3,4,是,extraction,d08580506622eb3b009abbcab184c7d6527dc171bbca042f5d2132b53eb48841
8,5,是,extraction,2ba53cf2a729e877b6f5a0c20e75c810989d499c8b6ba4b25874f2cf983362ec
10,5,是,extraction,5cec422cc7f67c3758916b82edf5f427a91370d2f97c9320ccc8c7a3165aaa69
11,22,是,extraction,1b323bba6189dbc5ba530bc51581df70b5958e3d716f1672b185da2f26ccf3f8
4,1,权力类型,extraction,06f1cb2317f43bcd0489624a54a5cda47739e2ccc801a931aacc75c90aebf3f1
14,1,行驶主体,extraction,42f7273a74403e1ff40ec20c28c5684bdebdde720b9bb324665a197a1fd17536
14,1,承办机构,extraction,b425f25c4103731723fffdea3b08ba92f7768243f470d556220be325d20abc5c
1,35,实施依据,extraction,8f4a68c1f5782f9a24dc1961af76711020ef8969190b24eb96a0feab9af25116
1,49,服务事项,extraction,b12e5727ad0347884c5325f6f1b64951a426eeef796d7c44bb72ef79be727401
4,1,权力类型,extraction,06f1cb2317f43bcd0489624a54a5cda47739e2ccc801a931aacc75c90aebf3f1
19,4,行驶主体,extraction,fc975c45488700256c6dc1a4471e5731d13c0901460034200da8f0d966941b18
37,1,是,extraction,0425effba4b0b55802fd30d79c262c74bcbadda70455f082f2f7cfa9ed73078a
3,4,是,extraction,d08580506622eb3b009abbcab184c7d6527dc171bbca042f5d2132b53eb48841
8,16,是,extraction,a918c982f93fcff92ed89edb6dc9e992e5498bcbd343e75a57497f0321400988
10,16,是,extraction,746a2100773446996a077ea20c54ba9035e03b7b31f93fb59a8ae3cd5a9d17da
11,39,是,extraction,b07fccd0d92f620f3f01b65e8dcc4a7135558f4fd60464f2e612b30129e7c93c
1,21,涉及领域,extraction,8ca3c7ec431526b4652e076cd97da1d95ce4d180dc3397c46d4004e5d5bd15b5
4,1,权力类型,extraction,06f1cb2317f43bcd0489624a54a5cda47739e2ccc801a931aacc75c90aebf3f1
19,4,行驶主体,extraction,fc975c45488700256c6dc1a4471e5731d13c0901460034200da8f0d966941b18
19,4,承办机构,extraction,1b13ac4aeb7af35063ac982064f773cab0cd5e9db3f2bcd5e9238ee81191e24d
6,4,实施依据,extraction,20133cc1c3cf680305ab9f27bd9f10688b55bd764b7da80c566286d7bfc030ac
1,36,涉及领域,extraction,05647e8618dcbfae7417e237aa04231b181e1ce61d823f4fda9b32b6663cf4d2
4,1,权力类型,extraction,06f1cb2317f43bcd0489624a54a5cda47739e2ccc801a931aacc75c90aebf3f1
16,1,行驶主体,extraction,2388221cee7d1ae0ed5be74dbb33fa91b57a06cfae883cc5c2262bfb048b5c48
16,1,承办机构,extraction,7da0b9c5ea5b9311256b7bcb955ba7fe507e79fd9fe407e277e1c4de0e1d453e
1,23,涉及事项,extraction,888f4d96ceb27a16f6144a62b1e47fefe4fdb1a079dfee7c5d704fb359a4ee41
14,1,行驶主体,extraction,42f7273a74403e1ff40ec20c28c5684bdebdde720b9bb324665a197a1fd17536
14,1,承办机构,extraction,b425f25c4103731723fffdea3b08ba92f7768243f470d556220be325d20abc5c
1,12,依据,extraction,a3c5ca154382e3a486f154bc78fecdcbda26026542a6c355df9e27782c7a2496
3,4,是,extraction,d08580506622eb3b009abbcab184c7d6527dc171bbca042f5d2132b53eb48841
8,14,是,extraction,7574d3dbd8d8b8c050e695585b2139657ee4c361c101f42d9fa804421e3dc311
10,14,是,extraction,724fd5216be260a1ef5c764227bd7814bbb14163569e9c4d0854790e0b534a15
11,26,是,extraction,594ee48e2ef28d4283493b7dd95b58c8a78fd026434bf2ef09599eb13b81049f
1,86,包含行为,extraction,08cbbbce071d68a8d1735a75d280b6c6a8fe9e1e5f4af0373c7b36c41506a7ba
3,4,是,extraction,d08580506622eb3b009abbcab184c7d6527dc171bbca042f5d2132b53eb48841
8,45,是,extraction,a021dc763489713e44feb30ec7e7c62bfaaf973fdca58ef22a79cc8fca2cf9c4
10,45,是,extraction,2d016bdf9bf15554b1ad6c86d08a7a8fb403f16c47bde3a5e828a87eca3b3c9e
11,6,是,extraction,7e353cf317a918dc7fc3ca1d0f821842e1eb7ad0cd8be30fa8e66af096026847
1,53,包含,extraction,64a4053bf85b4229ca75172db19fa063634041281deff312e745aba0a3e284be
3,4,是,extraction,d08580506622eb3b009abbcab184c7d6527dc171bbca042f5d2132b53eb48841
8,47,是,extraction,f3cb127ba604dd0f9c80f385d7500846a405e73ecc8ccfda8cb53cb29e5892bb
10,47,是,extraction,95e2b3b1d927b9bbdb48660d6ad3d8a240228e55a60909c980c4ecb4241ff67d
11,12,是,extraction,4bb51718453a67d9015b846c6a68662b97572c0a9269a7df9df55bbbce96ae63
1,66,涉及内容,extraction,1df633d8df80469913eef582a04e08744f4c2e54d3d120d59af66e3c944e1b85
3,4,类型,extraction,4a8d183849056dd2df3cb998024802f1af71f6686b9548e80436e7d7127139f8
11,12,依据,extraction,d458aed4c7a0c599ff29789bc6e0040f713c582018b091bab6927ddae4ef7817
3,4,是,extraction,d08580506622eb3b009abbcab184c7d6527dc171bbca042f5d2132b53eb48841
8,16,是,extraction,a918c982f93fcff92ed89edb6dc9e992e5498bcbd343e75a57497f0321400988
10,16,是,extraction,746a2100773446996a077ea20c54ba9035e03b7b31f93fb59a8ae3cd5a9d17da
11,26,是,extraction,594ee48e2ef28d4283493b7dd95b58c8a78fd026434bf2ef09599eb13b81049f
1,50,涉及问题,extraction,d9aee7e532418f68a24d42b6c0f1cfa2f6d491734d66eb49042adf59fb9f4ecb
4,1,权力类型,extraction,06f1cb2317f43bcd0489624a54a5cda47739e2ccc801a931aacc75c90aebf3f1
47,4,行驶主体,extraction,0640f05ef77128c1441c26bfd803ecb1ceda5f3744841ac918a904eb75e5b430
47,4,承办机构,extraction,c03c7652d3bd035d9c422cde5be2c865200076b6a24cf178316bf3a7f11482fc
1,86,包含行为,extraction,08cbbbce071d68a8d1735a75d280b6c6a8fe9e1e5f4af0373c7b36c41506a7ba
32,4,行使权力,extraction,b0aa7d1d0a604ba8ca279b2d0dd6b182418549ce8194ad01a74f7d717efc4456
32,8,是,extraction,daabdd4832c86be7d29c8dca7498a6fac48f01f00dd7d11e254a8d7bf62fe7eb
32,10,是,extraction,ae247fb41c98d8ccabb2d83a667742af89f55090577015a55d4edf49d86c0aa5
1,68,涉及事项,extraction,9b7174bb0577ca1933a2e00ec6952755ca1b2c0d1c9a488a895485aecacf34d9
4,1,权力类型,extraction,06f1cb2317f43bcd0489624a54a5cda47739e2ccc801a931aacc75c90aebf3f1
24,4,行驶主体,extraction,b28f4abcc9fd2027f9867fe9c65c46b96e46e9a7842fd232abf55e768be19b15
24,4,承办机构,extraction,8d1fddd2c1b5a28bff9df61bcfda71970b1285fe8acb248aa0f146a87eebea68
30,4,实施依据,extraction,3eee29fb82f5877ff129df233551dd8a6ff4d91b6f41f082d7d3c3ea58403369
37,1,是,extraction,0425effba4b0b55802fd30d79c262c74bcbadda70455f082f2f7cfa9ed73078a
1,62,包含,extraction,1ac13a5cea2f5974b13517a5bc6c7a50527b0477ed3a20f5355e1a1cc704ff9a
3,4,是,extraction,d08580506622eb3b009abbcab184c7d6527dc171bbca042f5d2132b53eb48841
10,5,是,extraction,5cec422cc7f67c3758916b82edf5f427a91370d2f97c9320ccc8c7a3165aaa69
11,22,是,extraction,1b323bba6189dbc5ba530bc51581df70b5958e3d716f1672b185da2f26ccf3f8
24,24,行驶主体,extraction,6dc8ee42ace16ee35a44be41fb53a97d36e8e501cfb4261af09a8797f7626236
24,24,承办机构,extraction,7198791b955a43a57c5f3eecb9305e6431c1ec9a24ff3b6328524a3caecd3711
6,4,实施依据,extraction,20133cc1c3cf680305ab9f27bd9f10688b55bd764b7da80c566286d7bfc030ac
1,60,基于,extraction,e62703517cd6a5cef5c6f2791d3f9338d07a34e7b0c9c69886261a5ce02f0698
3,4,是,extraction,d08580506622eb3b009abbcab184c7d6527dc171bbca042f5d2132b53eb48841
8,14,是,extraction,7574d3dbd8d8b8c050e695585b2139657ee4c361c101f42d9fa804421e3dc311
10,14,是,extraction,724fd5216be260a1ef5c764227bd7814bbb14163569e9c4d0854790e0b534a15
11,12,是,extraction,4bb51718453a67d9015b846c6a68662b97572c0a9269a7df9df55bbbce96ae63
37,46,是,extraction,45b943ac4c57d61f7002246a947e8dfbabcd9c1f15e38c935baa3840cf99295f
3,4,是,extraction,d08580506622eb3b009abbcab184c7d6527dc171bbca042f5d2132b53eb48841
8,45,是,extraction,a021dc763489713e44feb30ec7e7c62bfaaf973fdca58ef22a79cc8fca2cf9c4
10,45,是,extraction,2d016bdf9bf15554b1ad6c86d08a7a8fb403f16c47bde3a5e828a87eca3b3c9e
11,20,是,extraction,4f6bd6ee852dc39505db943bb8728969a06f8c23c54a14cbb4d6866ffb8c4f4a
1,61,涉及问题,extraction,14dd21e29595533a08fd01fee5143665aa7115da80641e60cccba4d43781cfc7
19,1,行驶主体,extraction,06e6c42d0d6d05423f97cae2ad8cf989f51a21bcef0b37dade2daaef3ff7ee6b
19,1,承办机构,extraction,defd31d7feb2dbbef04f213f222b3a59858e69a932e8e95d04e4c0af7efd5116
1,83,依据,extraction,f85a86cced55fa41cfc06617a5c6fa38b9fcd3e345c74deb81de918de0ab72fa
37,37,是,extraction,9e8fa30e034033092b63d21fe7676823b1029cfc29c241afb411321b3773d998
3,4,是,extraction,d08580506622eb3b009abbcab184c7d6527dc171bbca042f5d2132b53eb48841
8,45,是,extraction,a021dc763489713e44feb30ec7e7c62bfaaf973fdca58ef22a79cc8fca2cf9c4
11,6,是,extraction,7e353cf317a918dc7fc3ca1d0f821842e1eb7ad0cd8be30fa8e66af096026847
1,64,涉及内容,extraction,b09643ac8b06634901d8a33a06e00fed43dd2cce3f069d4906feda60c5193ff1
3,4,类型,extraction,4a8d183849056dd2df3cb998024802f1af71f6686b9548e80436e7d7127139f8
8,16,为,extraction,bda89e02455d2adb50c1b4dad36c0e478b4f361fb8a51db29ed8c7bc3aaaeb82
10,16,为,extraction,f1e35a160c4becfa427fdd5b0b5eabab1eceaa1a4cc7cf4316d64ad9b73fa2ec
11,12,来源,extraction,1e4b9d6f5b3d5f75f495fee2b569bc6a3216c5ebbf747a9aab353f501d96ae14
1,55,涉及问题,extraction,f2ffd7cbbde07203ef22704e812dc0c897a1f2dc5a5cc4fabb7f1bbafc6e63ed
4,1,权力类型,extraction,06f1cb2317f43bcd0489624a54a5cda47739e2ccc801a931aacc75c90aebf3f1
19,4,行驶主体,extraction,fc975c45488700256c6dc1a4471e5731d13c0901460034200da8f0d966941b18
19,4,承办机构,extraction,1b13ac4aeb7af35063ac982064f773cab0cd5e9db3f2bcd5e9238ee81191e24d
4,33,实施依据,extraction,878fab09c7d0c53381b174a66c392fa75cbd621f55d39ec877bd13ad587989c6
1,55,包含原因,extraction,7371f8bb53181921315083602d5bc3035507185ba863cee2dbd34d27d0df5d4b
3,4,是,extraction,d08580506622eb3b009abbcab184c7d6527dc171bbca042f5d2132b53eb48841
8,24,是,extraction,5924698efd5688b8387f11fb3a902a4c8b1757d50799df6653f7f8b593f7bb9c
10,24,是,extraction,7338ed710fc5d464c3e8e7713a2dde9e5d5bc405c2daee71f39d38c88c37c5dd
11,6,是,extraction,7e353cf317a918dc7fc3ca1d0f821842e1eb7ad0cd8be30fa8e66af096026847
1,36,涉及领域,extraction,05647e8618dcbfae7417e237aa04231b181e1ce61d823f4fda9b32b6663cf4d2
29,1,承办机构,extraction,bd5db513e02b588bffbd25ee058495f5dafac2b9a07a6392fb0bac6645b72a35
1,48,依据,extraction,0f923880462c57939fdecb34324e71f19374b597029491dac1262abaa48766c2
3,4,是,extraction,d08580506622eb3b009abbcab184c7d6527dc171bbca042f5d2132b53eb48841
8,16,是,extraction,a918c982f93fcff92ed89edb6dc9e992e5498bcbd343e75a57497f0321400988
10,16,是,extraction,746a2100773446996a077ea20c54ba9035e03b7b31f93fb59a8ae3cd5a9d17da
11,26,是,extraction,594ee48e2ef28d4283493b7dd95b58c8a78fd026434bf2ef09599eb13b81049f
3,4,是,extraction,d08580506622eb3b009abbcab184c7d6527dc171bbca042f5d2132b53eb48841
11,26,来自,extraction,90da2a06e4f197729287ed40c40846676d15b52896e4ddaaf3b26e7c73ac0493
1,7,涉及事项,extraction,85180ae3904fb4dda3182acbf59b089f40c2fd247f916a351ff2a9030ab227d6
4,1,权力类型,extraction,06f1cb2317f43bcd0489624a54a5cda47739e2ccc801a931aacc75c90aebf3f1
29,1,行驶主体,extraction,3894e2807bd5d700cd8e59ee73eb9d47cb997d8bf04d89c2b3816a91f3f94483
29,1,承办机构,extraction,bd5db513e02b588bffbd25ee058495f5dafac2b9a07a6392fb0bac6645b72a35
26,1,实施依据,extraction,59db61bc1a579df3551528407c91bfe5ae1e2f6b7835730824a80f9076673213
32,32,承办机构,extraction,911adfffd05806263bf58b0d02a29a83b098803ea7bdf542e61063696f391749
15,4,实施依据,extraction,2fac38e7a0fbb0de7f99d087cae63fdaa313713a3b5cec56a792ab059510656c
1,31,涉及事项,extraction,f3220bd517fb70fe72f0f354fdf1fe08442b21b32cae58b726ef2340a0149292
4,1,权力类型,extraction,06f1cb2317f43bcd0489624a54a5cda47739e2ccc801a931aacc75c90aebf3f1
32,4,行驶主体,extraction,5a482485585ea7ac0594bb50e1071577220ed4760df41ee33fcab485e4dac01d
32,4,承办机构,extraction,de0425c8e4a14a5dd87f49786a2b5c069a9c03df3317867cc963058c2f278f2c
4,12,依据,extraction,6091ca3f879765ba70516a8e6a0e4ebb9829f9885255163d97d1d43614d80ccf
29,29,行驶主体,extraction,bf02fd517447d79a40fd984f0e7fccd80266617245f8b4d62282fb149a720bf9
29,29,承办机构,extraction,3bc0b3d88608b3cd656fa08f28992bc10c547819f4b6b0aee47e133be0952175
1,50,涉及问题,extraction,d9aee7e532418f68a24d42b6c0f1cfa2f6d491734d66eb49042adf59fb9f4ecb
4,3,属于,extraction,78b18b9c4201fc1f09d7ae910a2166ca96d5ef4d3254d0d7c72db8fa4ed3d1f0
5,8,是,extraction,21579cce37ea44cb2c8431913849335bc0970d584c14428520be1529f7315e83
1,36,涉及领域,extraction,05647e8618dcbfae7417e237aa04231b181e1ce61d823f4fda9b32b6663cf4d2
4,1,权力类型,extraction,06f1cb2317f43bcd0489624a54a5cda47739e2ccc801a931aacc75c90aebf3f1
14,4,行驶主体,extraction,ff4b0a7f40b962e1be42c8d9deabdfd93ffd93339a1379461e27b3024ae241d9
14,4,承办机构,extraction,5209d4f8d1ed238b7456b5e0ad60ba31f1c386d98b7ad0475147720ec581cc7e
15,4,实施依据,extraction,2fac38e7a0fbb0de7f99d087cae63fdaa313713a3b5cec56a792ab059510656c
37,1,是,extraction,0425effba4b0b55802fd30d79c262c74bcbadda70455f082f2f7cfa9ed73078a
3,71,是,extraction,f7f91dde0a8d95f5dfb99aa1212cb01e871c6871066def97a219b6f9c0bec8f4
8,47,是,extraction,f3cb127ba604dd0f9c80f385d7500846a405e73ecc8ccfda8cb53cb29e5892bb
10,47,是,extraction,95e2b3b1d927b9bbdb48660d6ad3d8a240228e55a60909c980c4ecb4241ff67d
11,22,是,extraction,1b323bba6189dbc5ba530bc51581df70b5958e3d716f1672b185da2f26ccf3f8
37,1,是,extraction,0425effba4b0b55802fd30d79c262c74bcbadda70455f082f2f7cfa9ed73078a
3,4,是,extraction,d08580506622eb3b009abbcab184c7d6527dc171bbca042f5d2132b53eb48841
8,19,是,extraction,006b328d48dbd15d5a9997deacf5688dd0ac64bde696a0a8abd3e39f166e5081
10,51,是,extraction,664ae38f36c277c1f3150d9e71f653fa64edcbcc4cc28fe8a99fb2bd85a68b29
11,33,是,extraction,86e684c0f0ab092352cdfe7d8da05aa3e50e8ef796d48ce0861f329bddd98b42
1,62,包含,extraction,1ac13a5cea2f5974b13517a5bc6c7a50527b0477ed3a20f5355e1a1cc704ff9a
3,4,是,extraction,d08580506622eb3b009abbcab184c7d6527dc171bbca042f5d2132b53eb48841
8,24,是,extraction,5924698efd5688b8387f11fb3a902a4c8b1757d50799df6653f7f8b593f7bb9c
10,24,是,extraction,7338ed710fc5d464c3e8e7713a2dde9e5d5bc405c2daee71f39d38c88c37c5dd
11,35,是,extraction,e354f1fd5b27511710c92338a794ef09138dd8dbcfedfaa5e43cc3fd3f4af21e
37,1,是,extraction,0425effba4b0b55802fd30d79c262c74bcbadda70455f082f2f7cfa9ed73078a
1,56,涉及,extraction,a8f2b22263019167381db3edaff04efca7319528bda33c0f225601373e075acd
3,4,是,extraction,d08580506622eb3b009abbcab184c7d6527dc171bbca042f5d2132b53eb48841
8,19,是,extraction,006b328d48dbd15d5a9997deacf5688dd0ac64bde696a0a8abd3e39f166e5081
10,19,是,extraction,27a0cebbbbbf719194bc882592ca52cb56fe00182beb07450e8e461717b2d932
11,22,是,extraction,1b323bba6189dbc5ba530bc51581df70b5958e3d716f1672b185da2f26ccf3f8
1,42,涉及内容,extraction,b53c7504e6a2c6659ae9a86718432659732b1cd949082a5c56d287eb4a6f6f28
4,1,权力类型,extraction,06f1cb2317f43bcd0489624a54a5cda47739e2ccc801a931aacc75c90aebf3f1
47,4,行驶主体,extraction,0640f05ef77128c1441c26bfd803ecb1ceda5f3744841ac918a904eb75e5b430
47,4,承办机构,extraction,c03c7652d3bd035d9c422cde5be2c865200076b6a24cf178316bf3a7f11482fc
15,4,实施依据,extraction,2fac38e7a0fbb0de7f99d087cae63fdaa313713a3b5cec56a792ab059510656c
37,1,是,extraction,0425effba4b0b55802fd30d79c262c74bcbadda70455f082f2f7cfa9ed73078a
1,36,涉及领域,extraction,05647e8618dcbfae7417e237aa04231b181e1ce61d823f4fda9b32b6663cf4d2
3,4,是,extraction,d08580506622eb3b009abbcab184c7d6527dc171bbca042f5d2132b53eb48841
1,49,服务事项,extraction,b12e5727ad0347884c5325f6f1b64951a426eeef796d7c44bb72ef79be727401
4,1,权力类型,extraction,06f1cb2317f43bcd0489624a54a5cda47739e2ccc801a931aacc75c90aebf3f1
45,1,行驶主体,extraction,8eddef9e7cb0a9ef48bf1d9c5453eeaa783093eb2b61876f61f7d2b7a721e349
45,1,承办机构,extraction,9f49a4cd963acd1bb4cc403259dcc90b45180ce5f8f80434750ef8acda654983
1,30,实施依据,extraction,1e76d6a5675b5a7256e073646215c72dd41b416aaaa8e4b99ebf1a1fc015fb97
1,40,涉及,extraction,998ccb6768a545fa89ac3b05f25227b06b286529543bc7e0f55f8c0f491b42c7
3,4,是,extraction,d08580506622eb3b009abbcab184c7d6527dc171bbca042f5d2132b53eb48841
8,45,是,extraction,a021dc763489713e44feb30ec7e7c62bfaaf973fdca58ef22a79cc8fca2cf9c4
10,45,是,extraction,2d016bdf9bf15554b1ad6c86d08a7a8fb403f16c47bde3a5e828a87eca3b3c9e
11,12,是,extraction,4bb51718453a67d9015b846c6a68662b97572c0a9269a7df9df55bbbce96ae63
1,52,涉及事项,extraction,60c44bc532430527e320f23ce8301d12a3341698a8f67afd3e5649f8789ec4a8
4,1,权力类型,extraction,06f1cb2317f43bcd0489624a54a5cda47739e2ccc801a931aacc75c90aebf3f1
1,49,涉及事项,extraction,c20c320e3740cc7b1fa6d799afa5f2193d5881822651053a40cea11f0929f7f7
4,1,权力类型,extraction,06f1cb2317f43bcd0489624a54a5cda47739e2ccc801a931aacc75c90aebf3f1
45,1,行驶主体,extraction,8eddef9e7cb0a9ef48bf1d9c5453eeaa783093eb2b61876f61f7d2b7a721e349
45,1,承办机构,extraction,9f49a4cd963acd1bb4cc403259dcc90b45180ce5f8f80434750ef8acda654983
1,35,实施依据,extraction,8f4a68c1f5782f9a24dc1961af76711020ef8969190b24eb96a0feab9af25116
32,4,执行,extraction,ffaa1384ae79f8da48db88f967b7c5cfecf3f977a69cae5317ec088b2dd8ebc5
32,8,是,extraction,daabdd4832c86be7d29c8dca7498a6fac48f01f00dd7d11e254a8d7bf62fe7eb
1,13,涉及事项,extraction,86c09acc911d03df996302b1851f59b2d4b69c81046c2bee7674d0a378f87090
3,4,类型,extraction,4a8d183849056dd2df3cb998024802f1af71f6686b9548e80436e7d7127139f8
8,16,为,extraction,bda89e02455d2adb50c1b4dad36c0e478b4f361fb8a51db29ed8c7bc3aaaeb82
10,51,为,extraction,68faa128fe40e4a819de80cdc1170089ab54385f4200e45da1e1b2cf6cf7956e
11,15,来自,extraction,67bb96260685d13a34075b07143a56c8d6ecfd226b72cc18adea630373938a22
4,1,权力类型,extraction,06f1cb2317f43bcd0489624a54a5cda47739e2ccc801a931aacc75c90aebf3f1
16,1,行驶主体,extraction,2388221cee7d1ae0ed5be74dbb33fa91b57a06cfae883cc5c2262bfb048b5c48
16,1,承办机构,extraction,7da0b9c5ea5b9311256b7bcb955ba7fe507e79fd9fe407e277e1c4de0e1d453e
1,22,依据,extraction,bb128cf69fb40b060fff3c3b45152c667667099e089aa852d77cffb96c9338e9
1,36,涉及领域,extraction,05647e8618dcbfae7417e237aa04231b181e1ce61d823f4fda9b32b6663cf4d2
3,4,类型,extraction,4a8d183849056dd2df3cb998024802f1af71f6686b9548e80436e7d7127139f8
8,14,是,extraction,7574d3dbd8d8b8c050e695585b2139657ee4c361c101f42d9fa804421e3dc311
10,14,是,extraction,724fd5216be260a1ef5c764227bd7814bbb14163569e9c4d0854790e0b534a15
11,12,依据,extraction,d458aed4c7a0c599ff29789bc6e0040f713c582018b091bab6927ddae4ef7817
1,42,涉及内容,extraction,b53c7504e6a2c6659ae9a86718432659732b1cd949082a5c56d287eb4a6f6f28
4,1,权力类型,extraction,06f1cb2317f43bcd0489624a54a5cda47739e2ccc801a931aacc75c90aebf3f1
14,1,行驶主体,extraction,42f7273a74403e1ff40ec20c28c5684bdebdde720b9bb324665a197a1fd17536
14,1,承办机构,extraction,b425f25c4103731723fffdea3b08ba92f7768243f470d556220be325d20abc5c
39,1,实施依据,extraction,f3d70785ffdccc7f324b30f12363df58cd4cc126f8cc059e5bb1dde321050022
3,4,是,extraction,d08580506622eb3b009abbcab184c7d6527dc171bbca042f5d2132b53eb48841
8,29,是,extraction,361487daa4f72ef0bea966c2740ed8160c3514f17e0e71d25d21d78ebfd5b306
10,29,是,extraction,ed2e1eb7f64fc3c675b397bf987aa23d776a90888b11ff44f1ee8dc7e6f3fd7f
11,30,是,extraction,5a718b8ea79a649c60fa74166375f668d4abd9f5ab80a4084176c4bd48c96c81
37,1,是,extraction,0425effba4b0b55802fd30d79c262c74bcbadda70455f082f2f7cfa9ed73078a
1,53,包含,extraction,64a4053bf85b4229ca75172db19fa063634041281deff312e745aba0a3e284be
3,4,是,extraction,d08580506622eb3b009abbcab184c7d6527dc171bbca042f5d2132b53eb48841
8,45,是,extraction,a021dc763489713e44feb30ec7e7c62bfaaf973fdca58ef22a79cc8fca2cf9c4
10,45,是,extraction,2d016bdf9bf15554b1ad6c86d08a7a8fb403f16c47bde3a5e828a87eca3b3c9e
11,15,是,extraction,3d99bcc2d8a851d2517fe94c1a8b5a03b5cbd811bf3f796fc4f680702935c9c8
1,25,涉及行为,extraction,d9a65e18499e7824e8f9c7adcb77ee953a722c707c38445a4d94106ee3e1fb9a
4,20,实施依据,extraction,8ac60cd59143eb18bf0fba724df65f6faaaeccce3cffabae3b835f887bdaecce
3,4,是,extraction,d08580506622eb3b009abbcab184c7d6527dc171bbca042f5d2132b53eb48841
8,104,是,extraction,19f51061bcbd5852278eccd9d35ceb6fd07c47681f262c77bfe005f3b8a1426b
10,5,是,extraction,5cec422cc7f67c3758916b82edf5f427a91370d2f97c9320ccc8c7a3165aaa69
11,35,是,extraction,e354f1fd5b27511710c92338a794ef09138dd8dbcfedfaa5e43cc3fd3f4af21e
4,3,属于,extraction,78b18b9c4201fc1f09d7ae910a2166ca96d5ef4d3254d0d7c72db8fa4ed3d1f0
45,8,是,extraction,b7067c4179e39e56f9de40f32fe6b2f25a52b560138ca8696003a4fb2c935798
45,10,是,extraction,250627923abaafb2538195b69e129550e05ec4a0c6f6f2f6605b3e1b5d619be5
37,1,是,extraction,0425effba4b0b55802fd30d79c262c74bcbadda70455f082f2f7cfa9ed73078a
3,63,是,extraction,4d29d459416907fc3f184e7e78f0a61ebe7e29882c00362cad246bdf91009488
8,24,是,extraction,5924698efd5688b8387f11fb3a902a4c8b1757d50799df6653f7f8b593f7bb9c
37,1,是,extraction,0425effba4b0b55802fd30d79c262c74bcbadda70455f082f2f7cfa9ed73078a
3,4,是,extraction,d08580506622eb3b009abbcab184c7d6527dc171bbca042f5d2132b53eb48841
8,45,是,extraction,a021dc763489713e44feb30ec7e7c62bfaaf973fdca58ef22a79cc8fca2cf9c4
10,45,是,extraction,2d016bdf9bf15554b1ad6c86d08a7a8fb403f16c47bde3a5e828a87eca3b3c9e
11,39,是,extraction,b07fccd0d92f620f3f01b65e8dcc4a7135558f4fd60464f2e612b30129e7c93c
1,52,涉及事项,extraction,60c44bc532430527e320f23ce8301d12a3341698a8f67afd3e5649f8789ec4a8
4,1,权力类型,extraction,06f1cb2317f43bcd0489624a54a5cda47739e2ccc801a931aacc75c90aebf3f1
14,4,行驶主体,extraction,ff4b0a7f40b962e1be42c8d9deabdfd93ffd93339a1379461e27b3024ae241d9
14,4,承办机构,extraction,5209d4f8d1ed238b7456b5e0ad60ba31f1c386d98b7ad0475147720ec581cc7e
37,1,是,extraction,0425effba4b0b55802fd30d79c262c74bcbadda70455f082f2f7cfa9ed73078a
1,42,包含,extraction,7b9ef832aee05a7033973a1d4073ad0fff49c6f684c144c1b53de1c7765d56dd
3,4,是,extraction,d08580506622eb3b009abbcab184c7d6527dc171bbca042f5d2132b53eb48841
8,45,是,extraction,a021dc763489713e44feb30ec7e7c62bfaaf973fdca58ef22a79cc8fca2cf9c4
10,45,是,extraction,2d016bdf9bf15554b1ad6c86d08a7a8fb403f16c47bde3a5e828a87eca3b3c9e
11,22,是,extraction,1b323bba6189dbc5ba530bc51581df70b5958e3d716f1672b185da2f26ccf3f8
1,21,涉及领域,extraction,8ca3c7ec431526b4652e076cd97da1d95ce4d180dc3397c46d4004e5d5bd15b5
4,1,权力类型,extraction,06f1cb2317f43bcd0489624a54a5cda47739e2ccc801a931aacc75c90aebf3f1
45,1,行驶主体,extraction,8eddef9e7cb0a9ef48bf1d9c5453eeaa783093eb2b61876f61f7d2b7a721e349
45,1,承办机构,extraction,9f49a4cd963acd1bb4cc403259dcc90b45180ce5f8f80434750ef8acda654983
37,1,是,extraction,0425effba4b0b55802fd30d79c262c74bcbadda70455f082f2f7cfa9ed73078a
1,61,涉及问题,extraction,14dd21e29595533a08fd01fee5143665aa7115da80641e60cccba4d43781cfc7
3,4,是,extraction,d08580506622eb3b009abbcab184c7d6527dc171bbca042f5d2132b53eb48841
8,16,是,extraction,a918c982f93fcff92ed89edb6dc9e992e5498bcbd343e75a57497f0321400988
10,51,是,extraction,664ae38f36c277c1f3150d9e71f653fa64edcbcc4cc28fe8a99fb2bd85a68b29
11,26,是,extraction,594ee48e2ef28d4283493b7dd95b58c8a78fd026434bf2ef09599eb13b81049f
1,25,涉及行为,extraction,d9a65e18499e7824e8f9c7adcb77ee953a722c707c38445a4d94106ee3e1fb9a
3,4,是,extraction,d08580506622eb3b009abbcab184c7d6527dc171bbca042f5d2132b53eb48841
8,16,是,extraction,a918c982f93fcff92ed89edb6dc9e992e5498bcbd343e75a57497f0321400988
10,16,是,extraction,746a2100773446996a077ea20c54ba9035e03b7b31f93fb59a8ae3cd5a9d17da
11,48,是,extraction,aed00a1e0ade0525731bb07f81b1486504e94ecb2350902198e5871c236804b0
3,4,是,extraction,d08580506622eb3b009abbcab184c7d6527dc171bbca042f5d2132b53eb48841
8,16,是,extraction,a918c982f93fcff92ed89edb6dc9e992e5498bcbd343e75a57497f0321400988
10,16,是,extraction,746a2100773446996a077ea20c54ba9035e03b7b31f93fb59a8ae3cd5a9d17da
11,48,是,extraction,aed00a1e0ade0525731bb07f81b1486504e94ecb2350902198e5871c236804b0
1,62,包含,extraction,1ac13a5cea2f5974b13517a5bc6c7a50527b0477ed3a20f5355e1a1cc704ff9a
3,4,是,extraction,d08580506622eb3b009abbcab184c7d6527dc171bbca042f5d2132b53eb48841
8,47,是,extraction,f3cb127ba604dd0f9c80f385d7500846a405e73ecc8ccfda8cb53cb29e5892bb
10,47,是,extraction,95e2b3b1d927b9bbdb48660d6ad3d8a240228e55a60909c980c4ecb4241ff67d
11,22,是,extraction,1b323bba6189dbc5ba530bc51581df70b5958e3d716f1672b185da2f26ccf3f8
1,52,涉及事项,extraction,60c44bc532430527e320f23ce8301d12a3341698a8f67afd3e5649f8789ec4a8
4,1,权力类型,extraction,06f1cb2317f43bcd0489624a54a5cda47739e2ccc801a931aacc75c90aebf3f1
16,4,行驶主体,extraction,71eddffd2710e4f0315e456157ca342387f22226c6c2ba7cb2d13e89c4f480f1
16,4,承办机构,extraction,26d52405963eb7634ec911dcc46a95b90f282c897b604ad9461e331f808f6862
1,21,涉及领域,extraction,8ca3c7ec431526b4652e076cd97da1d95ce4d180dc3397c46d4004e5d5bd15b5
4,1,权力类型,extraction,06f1cb2317f43bcd0489624a54a5cda47739e2ccc801a931aacc75c90aebf3f1
24,1,行驶主体,extraction,1d6e8cf9f9d91c32784b3816cbdf2f3590b5a48dd82d14b69139687101724d02
24,1,承办机构,extraction,706c85cddfe6218745523cfd2d1d75c9d4fbe5d63a11b5aa4700f4ef5caea528
26,1,实施依据,extraction,59db61bc1a579df3551528407c91bfe5ae1e2f6b7835730824a80f9076673213
1,31,涉及事项,extraction,f3220bd517fb70fe72f0f354fdf1fe08442b21b32cae58b726ef2340a0149292
4,1,权力类型,extraction,06f1cb2317f43bcd0489624a54a5cda47739e2ccc801a931aacc75c90aebf3f1
3,4,是,extraction,d08580506622eb3b009abbcab184c7d6527dc171bbca042f5d2132b53eb48841
8,24,是,extraction,5924698efd5688b8387f11fb3a902a4c8b1757d50799df6653f7f8b593f7bb9c
10,24,是,extraction,7338ed710fc5d464c3e8e7713a2dde9e5d5bc405c2daee71f39d38c88c37c5dd
1,86,包含,extraction,1b8da2822d18bd78db33df51dc1afcbbb67d90c5ab33d994166a476382defea7
3,4,是,extraction,d08580506622eb3b009abbcab184c7d6527dc171bbca042f5d2132b53eb48841
8,5,是,extraction,2ba53cf2a729e877b6f5a0c20e75c810989d499c8b6ba4b25874f2cf983362ec
10,5,是,extraction,5cec422cc7f67c3758916b82edf5f427a91370d2f97c9320ccc8c7a3165aaa69
11,20,是,extraction,4f6bd6ee852dc39505db943bb8728969a06f8c23c54a14cbb4d6866ffb8c4f4a
3,4,是,extraction,d08580506622eb3b009abbcab184c7d6527dc171bbca042f5d2132b53eb48841
8,5,是,extraction,2ba53cf2a729e877b6f5a0c20e75c810989d499c8b6ba4b25874f2cf983362ec
10,5,是,extraction,5cec422cc7f67c3758916b82edf5f427a91370d2f97c9320ccc8c7a3165aaa69
11,39,是,extraction,b07fccd0d92f620f3f01b65e8dcc4a7135558f4fd60464f2e612b30129e7c93c
3,4,类型,extraction,4a8d183849056dd2df3cb998024802f1af71f6686b9548e80436e7d7127139f8
9,9,行驶主体,extraction,6e27164436eddd62efb33f6b5d057ac6b824d98c4e37e994065b1466a9c8d59e
9,9,承办机构,extraction,4c172918a6b17a55d1ca193b8556a88ffad94b1ef00d6220d317c556f1db9b0b
1,13,涉及事项,extraction,86c09acc911d03df996302b1851f59b2d4b69c81046c2bee7674d0a378f87090
4,1,权力类型,extraction,06f1cb2317f43bcd0489624a54a5cda47739e2ccc801a931aacc75c90aebf3f1
16,4,行驶主体,extraction,71eddffd2710e4f0315e456157ca342387f22226c6c2ba7cb2d13e89c4f480f1
16,4,承办机构,extraction,26d52405963eb7634ec911dcc46a95b90f282c897b604ad9461e331f808f6862
1,13,涉及事项,extraction,86c09acc911d03df996302b1851f59b2d4b69c81046c2bee7674d0a378f87090
4,1,权力类型,extraction,06f1cb2317f43bcd0489624a54a5cda47739e2ccc801a931aacc75c90aebf3f1
5,1,承办机构,extraction,9054f2bd559f99e7217094914676411351172fc3f6311c47ff7fbb7de27ab132
1,41,依据,extraction,30d0e04c22fdef4a398deaf1e4bfc75bac034a9549b8bc63f5da1a2460436188
1,64,涉及内容,extraction,b09643ac8b06634901d8a33a06e00fed43dd2cce3f069d4906feda60c5193ff1
3,4,类型,extraction,4a8d183849056dd2df3cb998024802f1af71f6686b9548e80436e7d7127139f8
8,9,为,extraction,9dfe97b170e7d2f0fbd7612da3b4aafd8a37ca358d78765ef03347ad843802d6
10,9,为,extraction,7c48d8dd63d60d7d044516e2c6fc7bc88837bebc4e1cd7126d18e20eeed46a10
11,22,来自,extraction,f7ddd3b440d3f0c2a5b673d0c8b7bb2b4cd346c7e20548efdfe103cb590c4ea4
37,1,是,extraction,0425effba4b0b55802fd30d79c262c74bcbadda70455f082f2f7cfa9ed73078a
3,4,是,extraction,d08580506622eb3b009abbcab184c7d6527dc171bbca042f5d2132b53eb48841
8,16,是,extraction,a918c982f93fcff92ed89edb6dc9e992e5498bcbd343e75a57497f0321400988
10,16,是,extraction,746a2100773446996a077ea20c54ba9035e03b7b31f93fb59a8ae3cd5a9d17da
11,15,是,extraction,3d99bcc2d8a851d2517fe94c1a8b5a03b5cbd811bf3f796fc4f680702935c9c8
1,53,涉及,extraction,0bb0abee6c0d283921dd78ab78a967a91d6b9518a9f59114cf245993d16b4751
3,4,是,extraction,d08580506622eb3b009abbcab184c7d6527dc171bbca042f5d2132b53eb48841
8,5,是,extraction,2ba53cf2a729e877b6f5a0c20e75c810989d499c8b6ba4b25874f2cf983362ec
1,62,包含,extraction,1ac13a5cea2f5974b13517a5bc6c7a50527b0477ed3a20f5355e1a1cc704ff9a
3,4,是,extraction,d08580506622eb3b009abbcab184c7d6527dc171bbca042f5d2132b53eb48841
8,19,是,extraction,006b328d48dbd15d5a9997deacf5688dd0ac64bde696a0a8abd3e39f166e5081
10,19,是,extraction,27a0cebbbbbf719194bc882592ca52cb56fe00182beb07450e8e461717b2d932
11,35,是,extraction,e354f1fd5b27511710c92338a794ef09138dd8dbcfedfaa5e43cc3fd3f4af21e
1,86,包含行为,extraction,08cbbbce071d68a8d1735a75d280b6c6a8fe9e1e5f4af0373c7b36c41506a7ba
3,4,是,extraction,d08580506622eb3b009abbcab184c7d6527dc171bbca042f5d2132b53eb48841
8,14,是,extraction,7574d3dbd8d8b8c050e695585b2139657ee4c361c101f42d9fa804421e3dc311
10,14,是,extraction,724fd5216be260a1ef5c764227bd7814bbb14163569e9c4d0854790e0b534a15
11,22,是,extraction,1b323bba6189dbc5ba530bc51581df70b5958e3d716f1672b185da2f26ccf3f8
29,4,执行,extraction,746353053acc8f20d5d416954ce7e1d9b16da7c63b9d120767d5c43b0ab44f34
1,36,涉及领域,extraction,05647e8618dcbfae7417e237aa04231b181e1ce61d823f4fda9b32b6663cf4d2
4,1,权力类型,extraction,06f1cb2317f43bcd0489624a54a5cda47739e2ccc801a931aacc75c90aebf3f1
16,4,行驶主体,extraction,71eddffd2710e4f0315e456157ca342387f22226c6c2ba7cb2d13e89c4f480f1
16,4,承办机构,extraction,26d52405963eb7634ec911dcc46a95b90f282c897b604ad9461e331f808f6862
15,4,实施依据,extraction,2fac38e7a0fbb0de7f99d087cae63fdaa313713a3b5cec56a792ab059510656c
1,60,基于,extraction,e62703517cd6a5cef5c6f2791d3f9338d07a34e7b0c9c69886261a5ce02f0698
3,4,是,extraction,d08580506622eb3b009abbcab184c7d6527dc171bbca042f5d2132b53eb48841
8,9,为,extraction,9dfe97b170e7d2f0fbd7612da3b4aafd8a37ca358d78765ef03347ad843802d6
10,9,为,extraction,7c48d8dd63d60d7d044516e2c6fc7bc88837bebc4e1cd7126d18e20eeed46a10
11,6,是,extraction,7e353cf317a918dc7fc3ca1d0f821842e1eb7ad0cd8be30fa8e66af096026847
1,31,涉及事项,extraction,f3220bd517fb70fe72f0f354fdf1fe08442b21b32cae58b726ef2340a0149292
4,1,权力类型,extraction,06f1cb2317f43bcd0489624a54a5cda47739e2ccc801a931aacc75c90aebf3f1
9,4,行驶主体,extraction,8b51ed11a0731094dcf617a38cdbb7ec00b30e823794283e67e82d7edd09a043
9,4,承办机构,extraction,a6e2ca82d3d2de505ea3d13de0bcfe4973cc90babf302d312c2ab3ff4948ff06
6,4,实施依据,extraction,20133cc1c3cf680305ab9f27bd9f10688b55bd764b7da80c566286d7bfc030ac
1,50,涉及问题,extraction,d9aee7e532418f68a24d42b6c0f1cfa2f6d491734d66eb49042adf59fb9f4ecb
4,1,权力类型,extraction,06f1cb2317f43bcd0489624a54a5cda47739e2ccc801a931aacc75c90aebf3f1
24,1,行驶主体,extraction,1d6e8cf9f9d91c32784b3816cbdf2f3590b5a48dd82d14b69139687101724d02
24,1,承办机构,extraction,706c85cddfe6218745523cfd2d1d75c9d4fbe5d63a11b5aa4700f4ef5caea528
1,22,依据,extraction,bb128cf69fb40b060fff3c3b45152c667667099e089aa852d77cffb96c9338e9
1,18,涉及,extraction,3809770ba7ef48d41647f651814347ce7af066af5e2d2a56ba29998e548215c7
3,4,是,extraction,d08580506622eb3b009abbcab184c7d6527dc171bbca042f5d2132b53eb48841
8,29,是,extraction,361487daa4f72ef0bea966c2740ed8160c3514f17e0e71d25d21d78ebfd5b306
10,29,是,extraction,ed2e1eb7f64fc3c675b397bf987aa23d776a90888b11ff44f1ee8dc7e6f3fd7f
11,26,是,extraction,594ee48e2ef28d4283493b7dd95b58c8a78fd026434bf2ef09599eb13b81049f
1,66,涉及内容,extraction,1df633d8df80469913eef582a04e08744f4c2e54d3d120d59af66e3c944e1b85
3,4,类型,extraction,4a8d183849056dd2df3cb998024802f1af71f6686b9548e80436e7d7127139f8
8,14,是,extraction,7574d3dbd8d8b8c050e695585b2139657ee4c361c101f42d9fa804421e3dc311
10,14,是,extraction,724fd5216be260a1ef5c764227bd7814bbb14163569e9c4d0854790e0b534a15
11,26,依据,extraction,59aeb43964ff21cbc812a90ecc25a2c723e794ad014df12ee5103a10602c2c8c
1,66,涉及内容,extraction,1df633d8df80469913eef582a04e08744f4c2e54d3d120d59af66e3c944e1b85
4,1,权力类型,extraction,06f1cb2317f43bcd0489624a54a5cda47739e2ccc801a931aacc75c90aebf3f1
14,1,行驶主体,extraction,42f7273a74403e1ff40ec20c28c5684bdebdde720b9bb324665a197a1fd17536
14,1,承办机构,extraction,b425f25c4103731723fffdea3b08ba92f7768243f470d556220be325d20abc5c
1,22,实施依据,extraction,a9c1902de5e0fdd4daab970b5481b0b777cae03a9138c3d2909f3e3e2ca661bc
4,1,权力类型,extraction,06f1cb2317f43bcd0489624a54a5cda47739e2ccc801a931aacc75c90aebf3f1
9,4,行驶主体,extraction,8b51ed11a0731094dcf617a38cdbb7ec00b30e823794283e67e82d7edd09a043
9,4,承办机构,extraction,a6e2ca82d3d2de505ea3d13de0bcfe4973cc90babf302d312c2ab3ff4948ff06
4,33,实施依据,extraction,878fab09c7d0c53381b174a66c392fa75cbd621f55d39ec877bd13ad587989c6
37,1,是,extraction,0425effba4b0b55802fd30d79c262c74bcbadda70455f082f2f7cfa9ed73078a
1,40,包含,extraction,1210a34215a9f1d268a7fdec9665e7afedf2c960bf0be97d698e7bf44f4ad33c
3,4,是,extraction,d08580506622eb3b009abbcab184c7d6527dc171bbca042f5d2132b53eb48841
8,5,是,extraction,2ba53cf2a729e877b6f5a0c20e75c810989d499c8b6ba4b25874f2cf983362ec
10,5,是,extraction,5cec422cc7f67c3758916b82edf5f427a91370d2f97c9320ccc8c7a3165aaa69
11,22,是,extraction,1b323bba6189dbc5ba530bc51581df70b5958e3d716f1672b185da2f26ccf3f8
1,66,涉及内容,extraction,1df633d8df80469913eef582a04e08744f4c2e54d3d120d59af66e3c944e1b85
3,4,类型,extraction,4a8d183849056dd2df3cb998024802f1af71f6686b9548e80436e7d7127139f8
10,9,为,extraction,7c48d8dd63d60d7d044516e2c6fc7bc88837bebc4e1cd7126d18e20eeed46a10
1,55,涉及问题,extraction,f2ffd7cbbde07203ef22704e812dc0c897a1f2dc5a5cc4fabb7f1bbafc6e63ed
3,4,类型,extraction,4a8d183849056dd2df3cb998024802f1af71f6686b9548e80436e7d7127139f8
8,24,是,extraction,5924698efd5688b8387f11fb3a902a4c8b1757d50799df6653f7f8b593f7bb9c
10,24,是,extraction,7338ed710fc5d464c3e8e7713a2dde9e5d5bc405c2daee71f39d38c88c37c5dd
11,15,依据,extraction,9c638a43cfd1903d6b5a5962e698c09c8593bc75217a00add71b6af74a891b5f
1,60,基于,extraction,e62703517cd6a5cef5c6f2791d3f9338d07a34e7b0c9c69886261a5ce02f0698
5,8,是,extraction,21579cce37ea44cb2c8431913849335bc0970d584c14428520be1529f7315e83
11,12,是,extraction,4bb51718453a67d9015b846c6a68662b97572c0a9269a7df9df55bbbce96ae63
3,4,是,extraction,d08580506622eb3b009abbcab184c7d6527dc171bbca042f5d2132b53eb48841
8,24,是,extraction,5924698efd5688b8387f11fb3a902a4c8b1757d50799df6653f7f8b593f7bb9c
10,24,是,extraction,7338ed710fc5d464c3e8e7713a2dde9e5d5bc405c2daee71f39d38c88c37c5dd
11,41,是,extraction,bd47bd61949ec03ec689102a2ed8157cefc45bfa6195f0919c017603278e86c5
3,63,是,extraction,4d29d459416907fc3f184e7e78f0a61ebe7e29882c00362cad246bdf91009488
8,29,是,extraction,361487daa4f72ef0bea966c2740ed8160c3514f17e0e71d25d21d78ebfd5b306
10,29,是,extraction,ed2e1eb7f64fc3c675b397bf987aa23d776a90888b11ff44f1ee8dc7e6f3fd7f
11,33,是,extraction,86e684c0f0ab092352cdfe7d8da05aa3e50e8ef796d48ce0861f329bddd98b42
1,2,涉及事项,extraction,45a6b5e9b7acaaf964d4ba55ee382735953a50be79b9c5a63cfd56f3bfaa98e9
4,1,权力类型,extraction,06f1cb2317f43bcd0489624a54a5cda47739e2ccc801a931aacc75c90aebf3f1
16,1,行驶主体,extraction,2388221cee7d1ae0ed5be74dbb33fa91b57a06cfae883cc5c2262bfb048b5c48
16,1,承办机构,extraction,7da0b9c5ea5b9311256b7bcb955ba7fe507e79fd9fe407e277e1c4de0e1d453e
1,74,依据,extraction,9543f441f05cf27fad61b9211a1e3d26f46ad57ebab7d3aecc5451ef8f7ca081
1,61,涉及,extraction,c1ebe167ab91cf1553e948d6337f2ab111d2fcb1373daffacf0c9967a86cdc14
3,4,是,extraction,d08580506622eb3b009abbcab184c7d6527dc171bbca042f5d2132b53eb48841
8,9,是,extraction,34744a2cc14d3a7a3f5317cdb530e92b9bd201c7bd7571d5db06d6b1e91b6e7f
10,9,是,extraction,af1a9ecff071ed8f3be3a892c768d8887025fa5bd902d7808d64806d738d9e49
11,26,是,extraction,594ee48e2ef28d4283493b7dd95b58c8a78fd026434bf2ef09599eb13b81049f
1,64,涉及行为,extraction,f8221974ba544d440d40e711b3567121f20c2299786e0e379f2af7c8e1e801ef
4,1,权力类型,extraction,06f1cb2317f43bcd0489624a54a5cda47739e2ccc801a931aacc75c90aebf3f1
14,4,行驶主体,extraction,ff4b0a7f40b962e1be42c8d9deabdfd93ffd93339a1379461e27b3024ae241d9
14,4,承办机构,extraction,5209d4f8d1ed238b7456b5e0ad60ba31f1c386d98b7ad0475147720ec581cc7e
48,4,实施依据,extraction,4f8484e520c1c8e06fbc1b3f8bb52725bdf6135ed870d68667c7520c6dbfe736
1,42,涉及内容,extraction,b53c7504e6a2c6659ae9a86718432659732b1cd949082a5c56d287eb4a6f6f28
4,1,权力类型,extraction,06f1cb2317f43bcd0489624a54a5cda47739e2ccc801a931aacc75c90aebf3f1
45,1,行驶主体,extraction,8eddef9e7cb0a9ef48bf1d9c5453eeaa783093eb2b61876f61f7d2b7a721e349
33,1,实施依据,extraction,bd4d251de9aa9eb9c09f30ba2cb708ae2c507f14020ac308d2f0fc7019e488a7
1,53,包含,extraction,64a4053bf85b4229ca75172db19fa063634041281deff312e745aba0a3e284be
3,4,是,extraction,d08580506622eb3b009abbcab184c7d6527dc171bbca042f5d2132b53eb48841
8,9,为,extraction,9dfe97b170e7d2f0fbd7612da3b4aafd8a37ca358d78765ef03347ad843802d6
10,9,为,extraction,7c48d8dd63d60d7d044516e2c6fc7bc88837bebc4e1cd7126d18e20eeed46a10
11,35,是,extraction,e354f1fd5b27511710c92338a794ef09138dd8dbcfedfaa5e43cc3fd3f4af21e
39,4,实施依据,extraction,cacdd17634b8d2ee73e7e002a842ae98a77e4d98ad01af6a683515fa449cdd4f
3,4,是,extraction,d08580506622eb3b009abbcab184c7d6527dc171bbca042f5d2132b53eb48841
8,19,是,extraction,006b328d48dbd15d5a9997deacf5688dd0ac64bde696a0a8abd3e39f166e5081
10,19,是,extraction,27a0cebbbbbf719194bc882592ca52cb56fe00182beb07450e8e461717b2d932
11,35,是,extraction,e354f1fd5b27511710c92338a794ef09138dd8dbcfedfaa5e43cc3fd3f4af21e
3,4,是,extraction,d08580506622eb3b009abbcab184c7d6527dc171bbca042f5d2132b53eb48841
8,16,是,extraction,a918c982f93fcff92ed89edb6dc9e992e5498bcbd343e75a57497f0321400988
11,30,是,extraction,5a718b8ea79a649c60fa74166375f668d4abd9f5ab80a4084176c4bd48c96c81
45,8,是,extraction,b7067c4179e39e56f9de40f32fe6b2f25a52b560138ca8696003a4fb2c935798
33,11,是,extraction,97c609b8d30131cdf7e6009dca3fd7e394c6fb73783fe1aabbe32d85e9cfe5bc
4,1,权力类型,extraction,06f1cb2317f43bcd0489624a54a5cda47739e2ccc801a931aacc75c90aebf3f1
29,1,行驶主体,extraction,3894e2807bd5d700cd8e59ee73eb9d47cb997d8bf04d89c2b3816a91f3f94483
29,1,承办机构,extraction,bd5db513e02b588bffbd25ee058495f5dafac2b9a07a6392fb0bac6645b72a35
20,1,实施依据,extraction,fa879230d50cba26fe3e25fda133ad3500d518880a888364d68f6f0c8fcf6adf
1,52,涉及事项,extraction,60c44bc532430527e320f23ce8301d12a3341698a8f67afd3e5649f8789ec4a8
19,1,行驶主体,extraction,06e6c42d0d6d05423f97cae2ad8cf989f51a21bcef0b37dade2daaef3ff7ee6b
19,1,承办机构,extraction,defd31d7feb2dbbef04f213f222b3a59858e69a932e8e95d04e4c0af7efd5116
1,48,依据,extraction,0f923880462c57939fdecb34324e71f19374b597029491dac1262abaa48766c2
37,79,是,extraction,2e4a846bbba0e4ffa907d50689948f0beda559552eededfbee3941bc9d1004e1
3,4,是,extraction,d08580506622eb3b009abbcab184c7d6527dc171bbca042f5d2132b53eb48841
8,19,是,extraction,006b328d48dbd15d5a9997deacf5688dd0ac64bde696a0a8abd3e39f166e5081
10,19,是,extraction,27a0cebbbbbf719194bc882592ca52cb56fe00182beb07450e8e461717b2d932
11,22,是,extraction,1b323bba6189dbc5ba530bc51581df70b5958e3d716f1672b185da2f26ccf3f8
3,4,是,extraction,d08580506622eb3b009abbcab184c7d6527dc171bbca042f5d2132b53eb48841
8,5,是,extraction,2ba53cf2a729e877b6f5a0c20e75c810989d499c8b6ba4b25874f2cf983362ec
11,15,是,extraction,3d99bcc2d8a851d2517fe94c1a8b5a03b5cbd811bf3f796fc4f680702935c9c8
1,60,基于,extraction,e62703517cd6a5cef5c6f2791d3f9338d07a34e7b0c9c69886261a5ce02f0698
3,4,是,extraction,d08580506622eb3b009abbcab184c7d6527dc171bbca042f5d2132b53eb48841
8,45,是,extraction,a021dc763489713e44feb30ec7e7c62bfaaf973fdca58ef22a79cc8fca2cf9c4
10,45,是,extraction,2d016bdf9bf15554b1ad6c86d08a7a8fb403f16c47bde3a5e828a87eca3b3c9e
11,30,是,extraction,5a718b8ea79a649c60fa74166375f668d4abd9f5ab80a4084176c4bd48c96c81
1,58,涉及问题,extraction,d5e1342778d61db9c63f96f3f11874d3ff1b5a5420510597afc21a3746f77e13
4,1,权力类型,extraction,06f1cb2317f43bcd0489624a54a5cda47739e2ccc801a931aacc75c90aebf3f1
19,4,行驶主体,extraction,fc975c45488700256c6dc1a4471e5731d13c0901460034200da8f0d966941b18
19,1,承办机构,extraction,defd31d7feb2dbbef04f213f222b3a59858e69a932e8e95d04e4c0af7efd5116
1,86,包含,extraction,1b8da2822d18bd78db33df51dc1afcbbb67d90c5ab33d994166a476382defea7
3,4,是,extraction,d08580506622eb3b009abbcab184c7d6527dc171bbca042f5d2132b53eb48841
8,5,为,extraction,13a22273af2799a248bf0d728fabd748ffdeafc7c7e82820660b418063477332
10,5,为,extraction,53fb394aade9f56fb20935579004c9c21512aa66dd4068d8aa65765fc3e3233e
11,12,是,extraction,4bb51718453a67d9015b846c6a68662b97572c0a9269a7df9df55bbbce96ae63
4,46,权力类型,extraction,a5d29210a4c02e36b3d49be353c9f3abee26d5cd76396cd4daaa6d6f6895a4b9
1,44,涉及,extraction,6b92937933dd3842a480fe22eb9ad7fc23049449e7c7b2d5aff5786406c78536
3,4,是,extraction,d08580506622eb3b009abbcab184c7d6527dc171bbca042f5d2132b53eb48841
8,32,是,extraction,79c2a1c208558638ca5abb8e1df4996bbe4f4b8ce1f4077e6032cba30fd44e45
11,41,是,extraction,bd47bd61949ec03ec689102a2ed8157cefc45bfa6195f0919c017603278e86c5
1,7,涉及事项,extraction,85180ae3904fb4dda3182acbf59b089f40c2fd247f916a351ff2a9030ab227d6
4,1,权力类型,extraction,06f1cb2317f43bcd0489624a54a5cda47739e2ccc801a931aacc75c90aebf3f1
29,1,行驶主体,extraction,3894e2807bd5d700cd8e59ee73eb9d47cb997d8bf04d89c2b3816a91f3f94483
29,1,承办机构,extraction,bd5db513e02b588bffbd25ee058495f5dafac2b9a07a6392fb0bac6645b72a35
19,8,是,extraction,6d8a4f39186950429ab3abfd8a01c2431174e6fb7ece9157329513ce1d6b4d58
19,10,是,extraction,13bef633a4358f8cdfbe9be934e49cc5c63dfcec5dc860d6e55736bef221e6d2
37,102,是,extraction,6221288a67c5f4fa894f76773728d418f77b2ad5986b6f363fe326b3cd49c1b5
102,62,对应,extraction,a20627c31b2336448d8768549d68edd91d5fd8f84849f2e8167bd8c94f2a639b
3,4,是,extraction,d08580506622eb3b009abbcab184c7d6527dc171bbca042f5d2132b53eb48841
8,9,是,extraction,34744a2cc14d3a7a3f5317cdb530e92b9bd201c7bd7571d5db06d6b1e91b6e7f
11,41,是,extraction,bd47bd61949ec03ec689102a2ed8157cefc45bfa6195f0919c017603278e86c5
3,4,是,extraction,d08580506622eb3b009abbcab184c7d6527dc171bbca042f5d2132b53eb48841
8,19,是,extraction,006b328d48dbd15d5a9997deacf5688dd0ac64bde696a0a8abd3e39f166e5081
10,19,是,extraction,27a0cebbbbbf719194bc882592ca52cb56fe00182beb07450e8e461717b2d932
11,6,是,extraction,7e353cf317a918dc7fc3ca1d0f821842e1eb7ad0cd8be30fa8e66af096026847
1,58,基于,extraction,fb7cb6e3e104d457147f8f3b47768b0c6b01af4f6446cd6343b686f04ff8f142
3,4,是,extraction,d08580506622eb3b009abbcab184c7d6527dc171bbca042f5d2132b53eb48841
8,9,为,extraction,9dfe97b170e7d2f0fbd7612da3b4aafd8a37ca358d78765ef03347ad843802d6
10,9,为,extraction,7c48d8dd63d60d7d044516e2c6fc7bc88837bebc4e1cd7126d18e20eeed46a10
11,30,是,extraction,5a718b8ea79a649c60fa74166375f668d4abd9f5ab80a4084176c4bd48c96c81
1,40,涉及,extraction,998ccb6768a545fa89ac3b05f25227b06b286529543bc7e0f55f8c0f491b42c7
3,4,是,extraction,d08580506622eb3b009abbcab184c7d6527dc171bbca042f5d2132b53eb48841
8,43,是,extraction,5f9fc4e6c17fac692ea14127fb905f8c6be6ac25c319cad5d4b1b0b2726541e1
11,35,是,extraction,e354f1fd5b27511710c92338a794ef09138dd8dbcfedfaa5e43cc3fd3f4af21e
37,1,是,extraction,0425effba4b0b55802fd30d79c262c74bcbadda70455f082f2f7cfa9ed73078a
1,62,包含,extraction,1ac13a5cea2f5974b13517a5bc6c7a50527b0477ed3a20f5355e1a1cc704ff9a
3,4,是,extraction,d08580506622eb3b009abbcab184c7d6527dc171bbca042f5d2132b53eb48841
8,14,是,extraction,7574d3dbd8d8b8c050e695585b2139657ee4c361c101f42d9fa804421e3dc311
11,39,是,extraction,b07fccd0d92f620f3f01b65e8dcc4a7135558f4fd60464f2e612b30129e7c93c
1,55,涉及问题,extraction,f2ffd7cbbde07203ef22704e812dc0c897a1f2dc5a5cc4fabb7f1bbafc6e63ed
4,1,权力类型,extraction,06f1cb2317f43bcd0489624a54a5cda47739e2ccc801a931aacc75c90aebf3f1
45,4,行驶主体,extraction,8364937a17480c3db6b61e4b6d12d23e1e64dbd34fa75fe86466c4d3b9dbcf2e
45,4,承办机构,extraction,24cf3a2e7392bcb652e11bf14695a9023dabbc462fa4d15e1d3f0e84c27c9a0f
37,1,是,extraction,0425effba4b0b55802fd30d79c262c74bcbadda70455f082f2f7cfa9ed73078a
1,45,由,extraction,0df99e2820e07dfcd5d23ce5d9e10089317a635a1fa8cf0388a3dc942dbe0efe
1,36,涉及领域,extraction,05647e8618dcbfae7417e237aa04231b181e1ce61d823f4fda9b32b6663cf4d2
4,1,权力类型,extraction,06f1cb2317f43bcd0489624a54a5cda47739e2ccc801a931aacc75c90aebf3f1
9,1,行驶主体,extraction,952a84d12b9bb0365a9906e324a01d47d90f383e237beef95c14e52c4dd8841a
9,1,承办机构,extraction,dbc1697609bcff198b91179bdd96f1b46bb6fe2d793e64dab441726a15bae80e
1,35,依据,extraction,2f69f996d02b7a9aa2fd127e1406582fb8db84677a3c3facb75ca9ced224bc4f
1,53,包含,extraction,64a4053bf85b4229ca75172db19fa063634041281deff312e745aba0a3e284be
3,4,是,extraction,d08580506622eb3b009abbcab184c7d6527dc171bbca042f5d2132b53eb48841
8,5,为,extraction,13a22273af2799a248bf0d728fabd748ffdeafc7c7e82820660b418063477332
10,5,为,extraction,53fb394aade9f56fb20935579004c9c21512aa66dd4068d8aa65765fc3e3233e
11,35,是,extraction,e354f1fd5b27511710c92338a794ef09138dd8dbcfedfaa5e43cc3fd3f4af21e
1,66,涉及内容,extraction,1df633d8df80469913eef582a04e08744f4c2e54d3d120d59af66e3c944e1b85
3,4,类型,extraction,4a8d183849056dd2df3cb998024802f1af71f6686b9548e80436e7d7127139f8
11,15,依据,extraction,9c638a43cfd1903d6b5a5962e698c09c8593bc75217a00add71b6af74a891b5f
1,64,涉及,extraction,58ca1695df543d2d1341cde0cd68d16c052d229d992632c0d31f26d11b8dedf9
3,4,是,extraction,d08580506622eb3b009abbcab184c7d6527dc171bbca042f5d2132b53eb48841
8,16,是,extraction,a918c982f93fcff92ed89edb6dc9e992e5498bcbd343e75a57497f0321400988
10,16,是,extraction,746a2100773446996a077ea20c54ba9035e03b7b31f93fb59a8ae3cd5a9d17da
11,26,是,extraction,594ee48e2ef28d4283493b7dd95b58c8a78fd026434bf2ef09599eb13b81049f
1,31,涉及事项,extraction,f3220bd517fb70fe72f0f354fdf1fe08442b21b32cae58b726ef2340a0149292
4,1,权力类型,extraction,06f1cb2317f43bcd0489624a54a5cda47739e2ccc801a931aacc75c90aebf3f1
29,1,行驶主体,extraction,3894e2807bd5d700cd8e59ee73eb9d47cb997d8bf04d89c2b3816a91f3f94483
29,1,承办机构,extraction,bd5db513e02b588bffbd25ee058495f5dafac2b9a07a6392fb0bac6645b72a35
1,13,服务事项,extraction,0ee7a8f4bc6406a7a8f15a37f957a746454f2fcbbd07a5b7f1b2241e70969cd0
4,1,权力类型,extraction,06f1cb2317f43bcd0489624a54a5cda47739e2ccc801a931aacc75c90aebf3f1
47,4,行驶主体,extraction,0640f05ef77128c1441c26bfd803ecb1ceda5f3744841ac918a904eb75e5b430
47,4,承办机构,extraction,c03c7652d3bd035d9c422cde5be2c865200076b6a24cf178316bf3a7f11482fc
83,4,实施依据,extraction,b03fbed1f4d16becd3c22c756d41df54f54ea1620492ac688f3bf8affede9aa4
1,64,涉及内容,extraction,b09643ac8b06634901d8a33a06e00fed43dd2cce3f069d4906feda60c5193ff1
4,1,权力类型,extraction,06f1cb2317f43bcd0489624a54a5cda47739e2ccc801a931aacc75c90aebf3f1
1,58,涉及问题,extraction,d5e1342778d61db9c63f96f3f11874d3ff1b5a5420510597afc21a3746f77e13
4,1,权力类型,extraction,06f1cb2317f43bcd0489624a54a5cda47739e2ccc801a931aacc75c90aebf3f1
47,4,行驶主体,extraction,0640f05ef77128c1441c26bfd803ecb1ceda5f3744841ac918a904eb75e5b430
47,4,承办机构,extraction,c03c7652d3bd035d9c422cde5be2c865200076b6a24cf178316bf3a7f11482fc
4,30,实施依据,extraction,375db14baf95d43a2ae8dbcd3a154ec2bac2b1d4a3144a8d3cc36c022bdf0df0
4,1,权力类型,extraction,06f1cb2317f43bcd0489624a54a5cda47739e2ccc801a931aacc75c90aebf3f1
5,1,行驶主体,extraction,57149ab40d40daf68ddae1ef3d64025366218c3d8d9786a7c7d9406523c436b5
5,1,承办机构,extraction,9054f2bd559f99e7217094914676411351172fc3f6311c47ff7fbb7de27ab132
33,4,实施依据,extraction,598f4449a0faeef0d4168ba286bd7f788f37938fef50e0fea981468eacf6e878
37,37,是,extraction,9e8fa30e034033092b63d21fe7676823b1029cfc29c241afb411321b3773d998
3,4,是,extraction,d08580506622eb3b009abbcab184c7d6527dc171bbca042f5d2132b53eb48841
8,29,是,extraction,361487daa4f72ef0bea966c2740ed8160c3514f17e0e71d25d21d78ebfd5b306
11,33,是,extraction,86e684c0f0ab092352cdfe7d8da05aa3e50e8ef796d48ce0861f329bddd98b42
37,1,是,extraction,0425effba4b0b55802fd30d79c262c74bcbadda70455f082f2f7cfa9ed73078a
1,23,包含,extraction,bff922986f8a16831d661d2474bb8d63366496322cb804fd4244c2357ae9085e
3,4,是,extraction,d08580506622eb3b009abbcab184c7d6527dc171bbca042f5d2132b53eb48841
8,16,是,extraction,a918c982f93fcff92ed89edb6dc9e992e5498bcbd343e75a57497f0321400988
10,16,是,extraction,746a2100773446996a077ea20c54ba9035e03b7b31f93fb59a8ae3cd5a9d17da
11,35,是,extraction,e354f1fd5b27511710c92338a794ef09138dd8dbcfedfaa5e43cc3fd3f4af21e
1,53,包含,extraction,64a4053bf85b4229ca75172db19fa063634041281deff312e745aba0a3e284be
3,4,是,extraction,d08580506622eb3b009abbcab184c7d6527dc171bbca042f5d2132b53eb48841
8,9,是,extraction,34744a2cc14d3a7a3f5317cdb530e92b9bd201c7bd7571d5db06d6b1e91b6e7f
10,9,是,extraction,af1a9ecff071ed8f3be3a892c768d8887025fa5bd902d7808d64806d738d9e49
11,15,是,extraction,3d99bcc2d8a851d2517fe94c1a8b5a03b5cbd811bf3f796fc4f680702935c9c8
1,2,服务事项,extraction,2f86116730c261901f6329515305421e756ef954735ed2c81715cddfa9dd049e
4,1,权力类型,extraction,06f1cb2317f43bcd0489624a54a5cda47739e2ccc801a931aacc75c90aebf3f1
72,4,行驶主体,extraction,5b9c6b8c7bcf438a18d4c3d82734d62d7fc71876fdc3a89055926a0cb86f3359
30,4,实施依据,extraction,3eee29fb82f5877ff129df233551dd8a6ff4d91b6f41f082d7d3c3ea58403369
1,55,涉及问题,extraction,f2ffd7cbbde07203ef22704e812dc0c897a1f2dc5a5cc4fabb7f1bbafc6e63ed
4,1,权力类型,extraction,06f1cb2317f43bcd0489624a54a5cda47739e2ccc801a931aacc75c90aebf3f1
19,4,行驶主体,extraction,fc975c45488700256c6dc1a4471e5731d13c0901460034200da8f0d966941b18
19,4,承办机构,extraction,1b13ac4aeb7af35063ac982064f773cab0cd5e9db3f2bcd5e9238ee81191e24d
1,18,服务事项,extraction,a10e56d06e93403194a7f15c758eeb0a2a28d56e4af8f272bdf40e692373e455
4,1,权力类型,extraction,06f1cb2317f43bcd0489624a54a5cda47739e2ccc801a931aacc75c90aebf3f1
29,1,行驶主体,extraction,3894e2807bd5d700cd8e59ee73eb9d47cb997d8bf04d89c2b3816a91f3f94483
29,1,承办机构,extraction,bd5db513e02b588bffbd25ee058495f5dafac2b9a07a6392fb0bac6645b72a35
39,1,实施依据,extraction,f3d70785ffdccc7f324b30f12363df58cd4cc126f8cc059e5bb1dde321050022
37,79,是,extraction,2e4a846bbba0e4ffa907d50689948f0beda559552eededfbee3941bc9d1004e1
3,4,是,extraction,d08580506622eb3b009abbcab184c7d6527dc171bbca042f5d2132b53eb48841
8,67,是,extraction,20fb2bd6c7db29fd3fbc030cf4be8564b92c9f114a8c85dd5ecbc325781143b0
10,14,是,extraction,724fd5216be260a1ef5c764227bd7814bbb14163569e9c4d0854790e0b534a15
11,48,是,extraction,aed00a1e0ade0525731bb07f81b1486504e94ecb2350902198e5871c236804b0
1,2,涉及事项,extraction,45a6b5e9b7acaaf964d4ba55ee382735953a50be79b9c5a63cfd56f3bfaa98e9
3,4,类型,extraction,4a8d183849056dd2df3cb998024802f1af71f6686b9548e80436e7d7127139f8
8,24,为,extraction,05aa4e84ce06f086dd527c2d905dc71c304edee07e613c63fb8bab61e9d1bd26
10,24,为,extraction,82cd31ff438da7915d970cccbc8509ab5a97eea1135cd47aba21b494a2d04452
19,19,承办机构,extraction,fc9865ea06d51aec5f4264fa43d537942615a378856c602a57c6e6217973466b
1,56,涉及方面,extraction,5142c4c8b1234d97f50fffa28d5349b4c6717fbcea44647106014afc06e85426
32,32,行驶主体,extraction,c99cc95dd359700ee80016caf0fca8788cd0121ae97ca919c48e2c2d3a8a0139
32,32,承办机构,extraction,911adfffd05806263bf58b0d02a29a83b098803ea7bdf542e61063696f391749
48,4,实施依据,extraction,4f8484e520c1c8e06fbc1b3f8bb52725bdf6135ed870d68667c7520c6dbfe736
37,34,是,extraction,a1d0be28d6b7ac66f25c89639adfd512975c07a457da6ad7a242d6b5cca30ec1
3,4,是,extraction,d08580506622eb3b009abbcab184c7d6527dc171bbca042f5d2132b53eb48841
8,24,是,extraction,5924698efd5688b8387f11fb3a902a4c8b1757d50799df6653f7f8b593f7bb9c
1,13,涉及事项,extraction,86c09acc911d03df996302b1851f59b2d4b69c81046c2bee7674d0a378f87090
4,1,权力类型,extraction,06f1cb2317f43bcd0489624a54a5cda47739e2ccc801a931aacc75c90aebf3f1
29,4,承办机构,extraction,b2dc61397fee41003aae1b3f25aff201e342ada1d04a0a5c5ca233e5028698f5
37,1,是,extraction,0425effba4b0b55802fd30d79c262c74bcbadda70455f082f2f7cfa9ed73078a
1,56,涉及问题,extraction,39ade94e9e9e934d2e2a51229c645f7d261fbe54a5fe443248d668bede4b6f41
3,4,是,extraction,d08580506622eb3b009abbcab184c7d6527dc171bbca042f5d2132b53eb48841
8,5,是,extraction,2ba53cf2a729e877b6f5a0c20e75c810989d499c8b6ba4b25874f2cf983362ec
10,5,是,extraction,5cec422cc7f67c3758916b82edf5f427a91370d2f97c9320ccc8c7a3165aaa69
11,20,是,extraction,4f6bd6ee852dc39505db943bb8728969a06f8c23c54a14cbb4d6866ffb8c4f4a
1,31,涉及事项,extraction,f3220bd517fb70fe72f0f354fdf1fe08442b21b32cae58b726ef2340a0149292
4,1,权力类型,extraction,06f1cb2317f43bcd0489624a54a5cda47739e2ccc801a931aacc75c90aebf3f1
5,4,行驶主体,extraction,90969f1b1f2314dfb53994e982b98dab0a584891fb13636f7b0cf6ed4e25b091
5,4,承办机构,extraction,006a436d5843149b88b6bc565b22b9204373a354729e2061d83283948e08ada3
37,37,是,extraction,9e8fa30e034033092b63d21fe7676823b1029cfc29c241afb411321b3773d998
3,4,是,extraction,d08580506622eb3b009abbcab184c7d6527dc171bbca042f5d2132b53eb48841
8,24,是,extraction,5924698efd5688b8387f11fb3a902a4c8b1757d50799df6653f7f8b593f7bb9c
11,12,是,extraction,4bb51718453a67d9015b846c6a68662b97572c0a9269a7df9df55bbbce96ae63
1,64,涉及,extraction,58ca1695df543d2d1341cde0cd68d16c052d229d992632c0d31f26d11b8dedf9
3,4,是,extraction,d08580506622eb3b009abbcab184c7d6527dc171bbca042f5d2132b53eb48841
10,45,是,extraction,2d016bdf9bf15554b1ad6c86d08a7a8fb403f16c47bde3a5e828a87eca3b3c9e
11,33,是,extraction,86e684c0f0ab092352cdfe7d8da05aa3e50e8ef796d48ce0861f329bddd98b42
1,53,包含,extraction,64a4053bf85b4229ca75172db19fa063634041281deff312e745aba0a3e284be
3,4,是,extraction,d08580506622eb3b009abbcab184c7d6527dc171bbca042f5d2132b53eb48841
8,45,是,extraction,a021dc763489713e44feb30ec7e7c62bfaaf973fdca58ef22a79cc8fca2cf9c4
10,45,是,extraction,2d016bdf9bf15554b1ad6c86d08a7a8fb403f16c47bde3a5e828a87eca3b3c9e
11,26,是,extraction,594ee48e2ef28d4283493b7dd95b58c8a78fd026434bf2ef09599eb13b81049f
1,25,涉及行为,extraction,d9a65e18499e7824e8f9c7adcb77ee953a722c707c38445a4d94106ee3e1fb9a
4,1,权力类型,extraction,06f1cb2317f43bcd0489624a54a5cda47739e2ccc801a931aacc75c90aebf3f1
45,1,行驶主体,extraction,8eddef9e7cb0a9ef48bf1d9c5453eeaa783093eb2b61876f61f7d2b7a721e349
45,1,承办机构,extraction,9f49a4cd963acd1bb4cc403259dcc90b45180ce5f8f80434750ef8acda654983
1,13,涉及事项,extraction,86c09acc911d03df996302b1851f59b2d4b69c81046c2bee7674d0a378f87090
4,1,权力类型,extraction,06f1cb2317f43bcd0489624a54a5cda47739e2ccc801a931aacc75c90aebf3f1
14,4,行驶主体,extraction,ff4b0a7f40b962e1be42c8d9deabdfd93ffd93339a1379461e27b3024ae241d9
14,4,承办机构,extraction,5209d4f8d1ed238b7456b5e0ad60ba31f1c386d98b7ad0475147720ec581cc7e
41,4,实施依据,extraction,f8524089ce3932ccdf97fc9d43bd3e35486a01210b80fc3877b01f499bbd39d1
37,1,是,extraction,0425effba4b0b55802fd30d79c262c74bcbadda70455f082f2f7cfa9ed73078a
3,4,是,extraction,d08580506622eb3b009abbcab184c7d6527dc171bbca042f5d2132b53eb48841
8,9,是,extraction,34744a2cc14d3a7a3f5317cdb530e92b9bd201c7bd7571d5db06d6b1e91b6e7f
10,9,是,extraction,af1a9ecff071ed8f3be3a892c768d8887025fa5bd902d7808d64806d738d9e49
11,41,是,extraction,bd47bd61949ec03ec689102a2ed8157cefc45bfa6195f0919c017603278e86c5
37,1,是,extraction,0425effba4b0b55802fd30d79c262c74bcbadda70455f082f2f7cfa9ed73078a
1,62,包含,extraction,1ac13a5cea2f5974b13517a5bc6c7a50527b0477ed3a20f5355e1a1cc704ff9a
3,4,是,extraction,d08580506622eb3b009abbcab184c7d6527dc171bbca042f5d2132b53eb48841
8,47,是,extraction,f3cb127ba604dd0f9c80f385d7500846a405e73ecc8ccfda8cb53cb29e5892bb
10,54,是,extraction,debd081332f109890171744547ff5ef2c5854973877c900aba211633935e3861
11,22,是,extraction,1b323bba6189dbc5ba530bc51581df70b5958e3d716f1672b185da2f26ccf3f8
1,87,涉及内容,extraction,d8baabd9c853b74ad88c30e16c3b0f0656e37b10a0eb9e6179f1c2eb1aaef3e1
4,1,权力类型,extraction,06f1cb2317f43bcd0489624a54a5cda47739e2ccc801a931aacc75c90aebf3f1
45,1,行驶主体,extraction,8eddef9e7cb0a9ef48bf1d9c5453eeaa783093eb2b61876f61f7d2b7a721e349
45,1,承办机构,extraction,9f49a4cd963acd1bb4cc403259dcc90b45180ce5f8f80434750ef8acda654983
1,22,实施依据,extraction,a9c1902de5e0fdd4daab970b5481b0b777cae03a9138c3d2909f3e3e2ca661bc
37,1,是,extraction,0425effba4b0b55802fd30d79c262c74bcbadda70455f082f2f7cfa9ed73078a
1,55,涉及问题,extraction,f2ffd7cbbde07203ef22704e812dc0c897a1f2dc5a5cc4fabb7f1bbafc6e63ed
3,4,是,extraction,d08580506622eb3b009abbcab184c7d6527dc171bbca042f5d2132b53eb48841
8,32,是,extraction,79c2a1c208558638ca5abb8e1df4996bbe4f4b8ce1f4077e6032cba30fd44e45
10,32,是,extraction,4da064cb343643cc890842dceaf67b09d17018b8caccfb9a66252b99aba7b2c2
11,48,是,extraction,aed00a1e0ade0525731bb07f81b1486504e94ecb2350902198e5871c236804b0
1,58,基于,extraction,fb7cb6e3e104d457147f8f3b47768b0c6b01af4f6446cd6343b686f04ff8f142
3,4,是,extraction,d08580506622eb3b009abbcab184c7d6527dc171bbca042f5d2132b53eb48841
8,9,是,extraction,34744a2cc14d3a7a3f5317cdb530e92b9bd201c7bd7571d5db06d6b1e91b6e7f
10,9,是,extraction,af1a9ecff071ed8f3be3a892c768d8887025fa5bd902d7808d64806d738d9e49
11,20,是,extraction,4f6bd6ee852dc39505db943bb8728969a06f8c23c54a14cbb4d6866ffb8c4f4a
1,36,涉及领域,extraction,05647e8618dcbfae7417e237aa04231b181e1ce61d823f4fda9b32b6663cf4d2
4,1,权力类型,extraction,06f1cb2317f43bcd0489624a54a5cda47739e2ccc801a931aacc75c90aebf3f1
16,1,行驶主体,extraction,2388221cee7d1ae0ed5be74dbb33fa91b57a06cfae883cc5c2262bfb048b5c48
16,1,承办机构,extraction,7da0b9c5ea5b9311256b7bcb955ba7fe507e79fd9fe407e277e1c4de0e1d453e
1,30,依据,extraction,bc710a64442dc42592ce1db48fb985ce059ec553b6b109b56e7f1b93a30a1bdd
37,4,是,extraction,aeede70f877e8735fc43846100cd0a1cfd2ab95c5888b42393315af01f5bd243
3,4,是,extraction,d08580506622eb3b009abbcab184c7d6527dc171bbca042f5d2132b53eb48841
8,14,是,extraction,7574d3dbd8d8b8c050e695585b2139657ee4c361c101f42d9fa804421e3dc311
10,14,是,extraction,724fd5216be260a1ef5c764227bd7814bbb14163569e9c4d0854790e0b534a15
37,1,是,extraction,0425effba4b0b55802fd30d79c262c74bcbadda70455f082f2f7cfa9ed73078a
1,62,包含,extraction,1ac13a5cea2f5974b13517a5bc6c7a50527b0477ed3a20f5355e1a1cc704ff9a
3,4,是,extraction,d08580506622eb3b009abbcab184c7d6527dc171bbca042f5d2132b53eb48841
8,9,是,extraction,34744a2cc14d3a7a3f5317cdb530e92b9bd201c7bd7571d5db06d6b1e91b6e7f
10,9,是,extraction,af1a9ecff071ed8f3be3a892c768d8887025fa5bd902d7808d64806d738d9e49
11,39,是,extraction,b07fccd0d92f620f3f01b65e8dcc4a7135558f4fd60464f2e612b30129e7c93c
1,21,涉及领域,extraction,8ca3c7ec431526b4652e076cd97da1d95ce4d180dc3397c46d4004e5d5bd15b5
4,1,权力类型,extraction,06f1cb2317f43bcd0489624a54a5cda47739e2ccc801a931aacc75c90aebf3f1
1,87,涉及内容,extraction,d8baabd9c853b74ad88c30e16c3b0f0656e37b10a0eb9e6179f1c2eb1aaef3e1
4,1,权力类型,extraction,06f1cb2317f43bcd0489624a54a5cda47739e2ccc801a931aacc75c90aebf3f1
32,1,行驶主体,extraction,f3ae7eebff4e3460421e23abeef0b3052dd9a3dcfbd1f44a03d027eeb1801b4f
32,1,承办机构,extraction,931cafd24efaf97775db66b22a04ccc10ef5b34c9f1550f1c6e447e2887940db
1,25,包含行为,extraction,cc8167166722175a66fa9e0af1d12961554ae694f9ff991491f92ab8af677905
3,4,是,extraction,d08580506622eb3b009abbcab184c7d6527dc171bbca042f5d2132b53eb48841
8,5,是,extraction,2ba53cf2a729e877b6f5a0c20e75c810989d499c8b6ba4b25874f2cf983362ec
10,5,是,extraction,5cec422cc7f67c3758916b82edf5f427a91370d2f97c9320ccc8c7a3165aaa69
11,6,是,extraction,7e353cf317a918dc7fc3ca1d0f821842e1eb7ad0cd8be30fa8e66af096026847
1,52,涉及事项,extraction,60c44bc532430527e320f23ce8301d12a3341698a8f67afd3e5649f8789ec4a8
4,1,权力类型,extraction,06f1cb2317f43bcd0489624a54a5cda47739e2ccc801a931aacc75c90aebf3f1
5,1,行驶主体,extraction,57149ab40d40daf68ddae1ef3d64025366218c3d8d9786a7c7d9406523c436b5
5,1,承办机构,extraction,9054f2bd559f99e7217094914676411351172fc3f6311c47ff7fbb7de27ab132
26,1,实施依据,extraction,59db61bc1a579df3551528407c91bfe5ae1e2f6b7835730824a80f9076673213
1,56,涉及问题,extraction,39ade94e9e9e934d2e2a51229c645f7d261fbe54a5fe443248d668bede4b6f41
4,1,权力类型,extraction,06f1cb2317f43bcd0489624a54a5cda47739e2ccc801a931aacc75c90aebf3f1
19,1,行驶主体,extraction,06e6c42d0d6d05423f97cae2ad8cf989f51a21bcef0b37dade2daaef3ff7ee6b
19,1,承办机构,extraction,defd31d7feb2dbbef04f213f222b3a59858e69a932e8e95d04e4c0af7efd5116
1,30,依据,extraction,bc710a64442dc42592ce1db48fb985ce059ec553b6b109b56e7f1b93a30a1bdd
1,52,涉及事项,extraction,60c44bc532430527e320f23ce8301d12a3341698a8f67afd3e5649f8789ec4a8
4,1,权力类型,extraction,06f1cb2317f43bcd0489624a54a5cda47739e2ccc801a931aacc75c90aebf3f1
14,4,行驶主体,extraction,ff4b0a7f40b962e1be42c8d9deabdfd93ffd93339a1379461e27b3024ae241d9
14,4,承办机构,extraction,5209d4f8d1ed238b7456b5e0ad60ba31f1c386d98b7ad0475147720ec581cc7e
39,4,实施依据,extraction,cacdd17634b8d2ee73e7e002a842ae98a77e4d98ad01af6a683515fa449cdd4f
3,4,是,extraction,d08580506622eb3b009abbcab184c7d6527dc171bbca042f5d2132b53eb48841
8,19,是,extraction,006b328d48dbd15d5a9997deacf5688dd0ac64bde696a0a8abd3e39f166e5081
10,19,是,extraction,27a0cebbbbbf719194bc882592ca52cb56fe00182beb07450e8e461717b2d932
11,20,是,extraction,4f6bd6ee852dc39505db943bb8728969a06f8c23c54a14cbb4d6866ffb8c4f4a
1,68,涉及事项,extraction,9b7174bb0577ca1933a2e00ec6952755ca1b2c0d1c9a488a895485aecacf34d9
4,1,权力类型,extraction,06f1cb2317f43bcd0489624a54a5cda47739e2ccc801a931aacc75c90aebf3f1
24,4,行驶主体,extraction,b28f4abcc9fd2027f9867fe9c65c46b96e46e9a7842fd232abf55e768be19b15
24,4,承办机构,extraction,8d1fddd2c1b5a28bff9df61bcfda71970b1285fe8acb248aa0f146a87eebea68
20,4,实施依据,extraction,1b7b8e70934bc1e1f3ec7bc00bb74fa7e905259ce58aef57203d7288cd724ca9
1,49,服务事项,extraction,b12e5727ad0347884c5325f6f1b64951a426eeef796d7c44bb72ef79be727401
4,1,权力类型,extraction,06f1cb2317f43bcd0489624a54a5cda47739e2ccc801a931aacc75c90aebf3f1
32,1,行驶主体,extraction,f3ae7eebff4e3460421e23abeef0b3052dd9a3dcfbd1f44a03d027eeb1801b4f
32,1,承办机构,extraction,931cafd24efaf97775db66b22a04ccc10ef5b34c9f1550f1c6e447e2887940db
30,1,实施依据,extraction,51ba74e7a5462ac0d8b7f792d0b4a41c1a42e4fcd4adb877a89ee3a9022eacd6
1,100,涉及事项,extraction,ee3d67e904afc0c161b59e84e77d7f17f5144e525bb3f6de3eb7476aa3f914c3
32,32,行驶主体,extraction,c99cc95dd359700ee80016caf0fca8788cd0121ae97ca919c48e2c2d3a8a0139
32,32,承办机构,extraction,911adfffd05806263bf58b0d02a29a83b098803ea7bdf542e61063696f391749
1,36,涉及领域,extraction,05647e8618dcbfae7417e237aa04231b181e1ce61d823f4fda9b32b6663cf4d2
32,1,行使主体,extraction,21e6b723ac1b8b6612819ab1bf52428f7b6b9163739ec5d9647aeee3dbf3b312
32,32,承办机构,extraction,911adfffd05806263bf58b0d02a29a83b098803ea7bdf542e61063696f391749
1,30,依据,extraction,bc710a64442dc42592ce1db48fb985ce059ec553b6b109b56e7f1b93a30a1bdd
1,44,涉及,extraction,6b92937933dd3842a480fe22eb9ad7fc23049449e7c7b2d5aff5786406c78536
3,4,是,extraction,d08580506622eb3b009abbcab184c7d6527dc171bbca042f5d2132b53eb48841
8,9,是,extraction,34744a2cc14d3a7a3f5317cdb530e92b9bd201c7bd7571d5db06d6b1e91b6e7f
11,39,是,extraction,b07fccd0d92f620f3f01b65e8dcc4a7135558f4fd60464f2e612b30129e7c93c
37,1,是,extraction,0425effba4b0b55802fd30d79c262c74bcbadda70455f082f2f7cfa9ed73078a
1,56,涉及,extraction,a8f2b22263019167381db3edaff04efca7319528bda33c0f225601373e075acd
3,4,是,extraction,d08580506622eb3b009abbcab184c7d6527dc171bbca042f5d2132b53eb48841
8,19,是,extraction,006b328d48dbd15d5a9997deacf5688dd0ac64bde696a0a8abd3e39f166e5081
11,12,是,extraction,4bb51718453a67d9015b846c6a68662b97572c0a9269a7df9df55bbbce96ae63
37,1,是,extraction,0425effba4b0b55802fd30d79c262c74bcbadda70455f082f2f7cfa9ed73078a
1,61,涉及问题,extraction,14dd21e29595533a08fd01fee5143665aa7115da80641e60cccba4d43781cfc7
3,4,是,extraction,d08580506622eb3b009abbcab184c7d6527dc171bbca042f5d2132b53eb48841
11,22,来自,extraction,f7ddd3b440d3f0c2a5b673d0c8b7bb2b4cd346c7e20548efdfe103cb590c4ea4
3,4,是,extraction,d08580506622eb3b009abbcab184c7d6527dc171bbca042f5d2132b53eb48841
8,14,是,extraction,7574d3dbd8d8b8c050e695585b2139657ee4c361c101f42d9fa804421e3dc311
10,14,是,extraction,724fd5216be260a1ef5c764227bd7814bbb14163569e9c4d0854790e0b534a15
11,39,是,extraction,b07fccd0d92f620f3f01b65e8dcc4a7135558f4fd60464f2e612b30129e7c93c
37,1,包含,extraction,15b210b830d77befefb5bb0e24db8e9f0e2663c36be970130fd7f65fce45e44e
1,58,涉及问题,extraction,d5e1342778d61db9c63f96f3f11874d3ff1b5a5420510597afc21a3746f77e13
10,45,为,extraction,8d6a9234e9eb569deb056c806a7b8ba12ef75f2400c5c00778e03fd1d107b2ca
11,12,来自,extraction,924067562acee06eee0aff10c9f32eda9e751abd086ae05dda972d74351915e4
3,4,是,extraction,d08580506622eb3b009abbcab184c7d6527dc171bbca042f5d2132b53eb48841
1,66,涉及内容,extraction,1df633d8df80469913eef582a04e08744f4c2e54d3d120d59af66e3c944e1b85
3,4,类型,extraction,4a8d183849056dd2df3cb998024802f1af71f6686b9548e80436e7d7127139f8
11,35,依据,extraction,4da0f703becd209d84259347723ca7cb258179a47f8cd5c49a65ab80dc6ae0e9
1,49,涉及事项,extraction,c20c320e3740cc7b1fa6d799afa5f2193d5881822651053a40cea11f0929f7f7
4,1,权力类型,extraction,06f1cb2317f43bcd0489624a54a5cda47739e2ccc801a931aacc75c90aebf3f1
19,4,行驶主体,extraction,fc975c45488700256c6dc1a4471e5731d13c0901460034200da8f0d966941b18
19,4,承办机构,extraction,1b13ac4aeb7af35063ac982064f773cab0cd5e9db3f2bcd5e9238ee81191e24d
6,4,实施依据,extraction,20133cc1c3cf680305ab9f27bd9f10688b55bd764b7da80c566286d7bfc030ac
1,21,涉及事项,extraction,0a433d3a8a6d42707a6860cb7ccfba1dc2a30b36a2fa0923ae9369f78d45f2bd
4,1,权力类型,extraction,06f1cb2317f43bcd0489624a54a5cda47739e2ccc801a931aacc75c90aebf3f1
47,4,行驶主体,extraction,0640f05ef77128c1441c26bfd803ecb1ceda5f3744841ac918a904eb75e5b430
47,4,承办机构,extraction,c03c7652d3bd035d9c422cde5be2c865200076b6a24cf178316bf3a7f11482fc
4,30,实施依据,extraction,375db14baf95d43a2ae8dbcd3a154ec2bac2b1d4a3144a8d3cc36c022bdf0df0
37,1,是,extraction,0425effba4b0b55802fd30d79c262c74bcbadda70455f082f2f7cfa9ed73078a
3,4,是,extraction,d08580506622eb3b009abbcab184c7d6527dc171bbca042f5d2132b53eb48841
8,16,是,extraction,a918c982f93fcff92ed89edb6dc9e992e5498bcbd343e75a57497f0321400988
10,16,是,extraction,746a2100773446996a077ea20c54ba9035e03b7b31f93fb59a8ae3cd5a9d17da
11,48,是,extraction,aed00a1e0ade0525731bb07f81b1486504e94ecb2350902198e5871c236804b0
1,40,涉及内容,extraction,de20e85db7086358cf9286abdebf47adc291c16b26f2f272b53ee25a61196b6a
3,4,类型,extraction,4a8d183849056dd2df3cb998024802f1af71f6686b9548e80436e7d7127139f8
8,9,为,extraction,9dfe97b170e7d2f0fbd7612da3b4aafd8a37ca358d78765ef03347ad843802d6
10,9,为,extraction,7c48d8dd63d60d7d044516e2c6fc7bc88837bebc4e1cd7126d18e20eeed46a10
11,26,依据,extraction,59aeb43964ff21cbc812a90ecc25a2c723e794ad014df12ee5103a10602c2c8c
9,8,是,extraction,eb1cf201bd0fae2323b323ff5266f0e637319d6399b00c410d8ed1d39cf3a59f
9,10,是,extraction,df7c5a70140d83ae868d6cd1b68ce83a9c6a945831c7533e80c14e7c36a06d14
1,86,包含行为,extraction,08cbbbce071d68a8d1735a75d280b6c6a8fe9e1e5f4af0373c7b36c41506a7ba
4,3,属于,extraction,78b18b9c4201fc1f09d7ae910a2166ca96d5ef4d3254d0d7c72db8fa4ed3d1f0
11,20,来自,extraction,6ad38dbc7cc9d6b711afa5bf282875c7f7280dce48aefc08b29bc2c4077d103f
4,1,权力类型,extraction,06f1cb2317f43bcd0489624a54a5cda47739e2ccc801a931aacc75c90aebf3f1
32,1,行驶主体,extraction,f3ae7eebff4e3460421e23abeef0b3052dd9a3dcfbd1f44a03d027eeb1801b4f
32,1,承办机构,extraction,931cafd24efaf97775db66b22a04ccc10ef5b34c9f1550f1c6e447e2887940db
12,1,实施依据,extraction,7d30a03f0f05e8bb755711526a77727255e185e8c3b912875294c5d3c32dce03
1,42,涉及内容,extraction,b53c7504e6a2c6659ae9a86718432659732b1cd949082a5c56d287eb4a6f6f28
3,4,类型,extraction,4a8d183849056dd2df3cb998024802f1af71f6686b9548e80436e7d7127139f8
8,24,为,extraction,05aa4e84ce06f086dd527c2d905dc71c304edee07e613c63fb8bab61e9d1bd26
10,24,为,extraction,82cd31ff438da7915d970cccbc8509ab5a97eea1135cd47aba21b494a2d04452
1,64,涉及内容,extraction,b09643ac8b06634901d8a33a06e00fed43dd2cce3f069d4906feda60c5193ff1
3,4,类型,extraction,4a8d183849056dd2df3cb998024802f1af71f6686b9548e80436e7d7127139f8
8,45,为,extraction,c46a73dfd830178a9c6114cc6b10d2d9e9b29c272985214aa2622443c3c29d7f
10,45,为,extraction,8d6a9234e9eb569deb056c806a7b8ba12ef75f2400c5c00778e03fd1d107b2ca
37,1,是,extraction,0425effba4b0b55802fd30d79c262c74bcbadda70455f082f2f7cfa9ed73078a
1,61,涉及问题,extraction,14dd21e29595533a08fd01fee5143665aa7115da80641e60cccba4d43781cfc7
3,4,是,extraction,d08580506622eb3b009abbcab184c7d6527dc171bbca042f5d2132b53eb48841
8,29,是,extraction,361487daa4f72ef0bea966c2740ed8160c3514f17e0e71d25d21d78ebfd5b306
11,26,是,extraction,594ee48e2ef28d4283493b7dd95b58c8a78fd026434bf2ef09599eb13b81049f
37,1,是,extraction,0425effba4b0b55802fd30d79c262c74bcbadda70455f082f2f7cfa9ed73078a
3,89,是,extraction,80c22fae8e74135ff3f3960d9e8acaed28f2e2fe126e6c2d46954234d41f08ff
8,98,是,extraction,7e1e3ee0137b181986fd63d11cb0b6417fb904ad1cfd72f0d6ba0d513d3c9812
10,16,是,extraction,746a2100773446996a077ea20c54ba9035e03b7b31f93fb59a8ae3cd5a9d17da
11,15,是,extraction,3d99bcc2d8a851d2517fe94c1a8b5a03b5cbd811bf3f796fc4f680702935c9c8
1,62,包含,extraction,1ac13a5cea2f5974b13517a5bc6c7a50527b0477ed3a20f5355e1a1cc704ff9a
3,4,是,extraction,d08580506622eb3b009abbcab184c7d6527dc171bbca042f5d2132b53eb48841
8,9,为,extraction,9dfe97b170e7d2f0fbd7612da3b4aafd8a37ca358d78765ef03347ad843802d6
10,9,为,extraction,7c48d8dd63d60d7d044516e2c6fc7bc88837bebc4e1cd7126d18e20eeed46a10
11,30,是,extraction,5a718b8ea79a649c60fa74166375f668d4abd9f5ab80a4084176c4bd48c96c81
1,7,涉及事项,extraction,85180ae3904fb4dda3182acbf59b089f40c2fd247f916a351ff2a9030ab227d6
3,4,是,extraction,d08580506622eb3b009abbcab184c7d6527dc171bbca042f5d2132b53eb48841
8,24,是,extraction,5924698efd5688b8387f11fb3a902a4c8b1757d50799df6653f7f8b593f7bb9c
10,24,是,extraction,7338ed710fc5d464c3e8e7713a2dde9e5d5bc405c2daee71f39d38c88c37c5dd
11,12,是,extraction,4bb51718453a67d9015b846c6a68662b97572c0a9269a7df9df55bbbce96ae63
1,53,包含,extraction,64a4053bf85b4229ca75172db19fa063634041281deff312e745aba0a3e284be
3,4,是,extraction,d08580506622eb3b009abbcab184c7d6527dc171bbca042f5d2132b53eb48841
8,24,是,extraction,5924698efd5688b8387f11fb3a902a4c8b1757d50799df6653f7f8b593f7bb9c
10,24,是,extraction,7338ed710fc5d464c3e8e7713a2dde9e5d5bc405c2daee71f39d38c88c37c5dd
11,26,是,extraction,594ee48e2ef28d4283493b7dd95b58c8a78fd026434bf2ef09599eb13b81049f
1,58,涉及问题,extraction,d5e1342778d61db9c63f96f3f11874d3ff1b5a5420510597afc21a3746f77e13
4,1,权力类型,extraction,06f1cb2317f43bcd0489624a54a5cda47739e2ccc801a931aacc75c90aebf3f1
45,4,行驶主体,extraction,8364937a17480c3db6b61e4b6d12d23e1e64dbd34fa75fe86466c4d3b9dbcf2e
45,4,承办机构,extraction,24cf3a2e7392bcb652e11bf14695a9023dabbc462fa4d15e1d3f0e84c27c9a0f
1,86,包含行为,extraction,08cbbbce071d68a8d1735a75d280b6c6a8fe9e1e5f4af0373c7b36c41506a7ba
3,4,是,extraction,d08580506622eb3b009abbcab184c7d6527dc171bbca042f5d2132b53eb48841
8,24,是,extraction,5924698efd5688b8387f11fb3a902a4c8b1757d50799df6653f7f8b593f7bb9c
10,24,是,extraction,7338ed710fc5d464c3e8e7713a2dde9e5d5bc405c2daee71f39d38c88c37c5dd
11,12,是,extraction,4bb51718453a67d9015b846c6a68662b97572c0a9269a7df9df55bbbce96ae63
1,62,包含,extraction,1ac13a5cea2f5974b13517a5bc6c7a50527b0477ed3a20f5355e1a1cc704ff9a
3,4,是,extraction,d08580506622eb3b009abbcab184c7d6527dc171bbca042f5d2132b53eb48841
8,29,是,extraction,361487daa4f72ef0bea966c2740ed8160c3514f17e0e71d25d21d78ebfd5b306
10,29,是,extraction,ed2e1eb7f64fc3c675b397bf987aa23d776a90888b11ff44f1ee8dc7e6f3fd7f
11,48,是,extraction,aed00a1e0ade0525731bb07f81b1486504e94ecb2350902198e5871c236804b0
1,100,涉及领域,extraction,19ffa60655c43a57e8bc0f22bc7192cc2bd4ccece976a791265205ce681bb8cf
19,1,行驶主体,extraction,06e6c42d0d6d05423f97cae2ad8cf989f51a21bcef0b37dade2daaef3ff7ee6b
19,1,承办机构,extraction,defd31d7feb2dbbef04f213f222b3a59858e69a932e8e95d04e4c0af7efd5116
1,6,依据,extraction,cf80a41cfbe8cca5a52d6fcd7e48ad0a16c62e701ea3daffe7b904843934819d
39,4,实施依据,extraction,cacdd17634b8d2ee73e7e002a842ae98a77e4d98ad01af6a683515fa449cdd4f
4,1,权力类型,extraction,06f1cb2317f43bcd0489624a54a5cda47739e2ccc801a931aacc75c90aebf3f1
24,1,行驶主体,extraction,1d6e8cf9f9d91c32784b3816cbdf2f3590b5a48dd82d14b69139687101724d02
24,1,承办机构,extraction,706c85cddfe6218745523cfd2d1d75c9d4fbe5d63a11b5aa4700f4ef5caea528
1,55,包含原因,extraction,7371f8bb53181921315083602d5bc3035507185ba863cee2dbd34d27d0df5d4b
3,4,是,extraction,d08580506622eb3b009abbcab184c7d6527dc171bbca042f5d2132b53eb48841
8,14,是,extraction,7574d3dbd8d8b8c050e695585b2139657ee4c361c101f42d9fa804421e3dc311
10,14,是,extraction,724fd5216be260a1ef5c764227bd7814bbb14163569e9c4d0854790e0b534a15
11,48,是,extraction,aed00a1e0ade0525731bb07f81b1486504e94ecb2350902198e5871c236804b0
37,4,权力类型,extraction,e96dff07170117e29d43653c3f52771ac32367c444250f8ce850cda42b2f2d75
14,14,行驶主体,extraction,7caede3088f2b435ea0f49e1d1d5bf53b93a917caf459c4a5175f47cc57cc292
14,14,承办机构,extraction,f650c63c7a406779a118860c032fa68bddae9f91b3cd9ac80a38cba88e95f0cf
1,18,涉及违规行为,extraction,9f5d9e5f664ed74795fb21bbb1a56a6a8d2e9521df06b0bbfc519cd81a9a6417
3,4,是,extraction,d08580506622eb3b009abbcab184c7d6527dc171bbca042f5d2132b53eb48841
8,19,是,extraction,006b328d48dbd15d5a9997deacf5688dd0ac64bde696a0a8abd3e39f166e5081
10,19,是,extraction,27a0cebbbbbf719194bc882592ca52cb56fe00182beb07450e8e461717b2d932
11,20,是,extraction,4f6bd6ee852dc39505db943bb8728969a06f8c23c54a14cbb4d6866ffb8c4f4a
1,87,涉及事项,extraction,612d6670e808f179536114c97b2823e11a6fbd83b9dac9637be2ea72663ad0e2
4,1,权力类型,extraction,06f1cb2317f43bcd0489624a54a5cda47739e2ccc801a931aacc75c90aebf3f1
14,1,行驶主体,extraction,42f7273a74403e1ff40ec20c28c5684bdebdde720b9bb324665a197a1fd17536
14,1,承办机构,extraction,b425f25c4103731723fffdea3b08ba92f7768243f470d556220be325d20abc5c
1,12,依据,extraction,a3c5ca154382e3a486f154bc78fecdcbda26026542a6c355df9e27782c7a2496
37,1,是,extraction,0425effba4b0b55802fd30d79c262c74bcbadda70455f082f2f7cfa9ed73078a
1,58,涉及问题,extraction,d5e1342778d61db9c63f96f3f11874d3ff1b5a5420510597afc21a3746f77e13
3,4,是,extraction,d08580506622eb3b009abbcab184c7d6527dc171bbca042f5d2132b53eb48841
8,43,是,extraction,5f9fc4e6c17fac692ea14127fb905f8c6be6ac25c319cad5d4b1b0b2726541e1
10,9,是,extraction,af1a9ecff071ed8f3be3a892c768d8887025fa5bd902d7808d64806d738d9e49
11,48,是,extraction,aed00a1e0ade0525731bb07f81b1486504e94ecb2350902198e5871c236804b0
37,4,权力类型,extraction,e96dff07170117e29d43653c3f52771ac32367c444250f8ce850cda42b2f2d75
1,2,涉及事项,extraction,45a6b5e9b7acaaf964d4ba55ee382735953a50be79b9c5a63cfd56f3bfaa98e9
3,4,类型,extraction,4a8d183849056dd2df3cb998024802f1af71f6686b9548e80436e7d7127139f8
11,33,依据,extraction,01505a944bcda0aa49b85ec54c68f1f4a1eab3f51a1af025d89b55ac06b81e45
3,4,是,extraction,d08580506622eb3b009abbcab184c7d6527dc171bbca042f5d2132b53eb48841
8,14,是,extraction,7574d3dbd8d8b8c050e695585b2139657ee4c361c101f42d9fa804421e3dc311
10,14,是,extraction,724fd5216be260a1ef5c764227bd7814bbb14163569e9c4d0854790e0b534a15
11,33,是,extraction,86e684c0f0ab092352cdfe7d8da05aa3e50e8ef796d48ce0861f329bddd98b42
37,1,是,extraction,0425effba4b0b55802fd30d79c262c74bcbadda70455f082f2f7cfa9ed73078a
3,4,是,extraction,d08580506622eb3b009abbcab184c7d6527dc171bbca042f5d2132b53eb48841
8,16,是,extraction,a918c982f93fcff92ed89edb6dc9e992e5498bcbd343e75a57497f0321400988
10,16,是,extraction,746a2100773446996a077ea20c54ba9035e03b7b31f93fb59a8ae3cd5a9d17da
11,15,是,extraction,3d99bcc2d8a851d2517fe94c1a8b5a03b5cbd811bf3f796fc4f680702935c9c8
37,38,是,extraction,5debfc46d6b40934c9da08e4cfeb20f47c9c250a248aa83cbad2fac07bc28f4e
3,4,是,extraction,d08580506622eb3b009abbcab184c7d6527dc171bbca042f5d2132b53eb48841
8,16,是,extraction,a918c982f93fcff92ed89edb6dc9e992e5498bcbd343e75a57497f0321400988
10,16,是,extraction,746a2100773446996a077ea20c54ba9035e03b7b31f93fb59a8ae3cd5a9d17da
4,1,权力类型,extraction,06f1cb2317f43bcd0489624a54a5cda47739e2ccc801a931aacc75c90aebf3f1
16,4,行驶主体,extraction,71eddffd2710e4f0315e456157ca342387f22226c6c2ba7cb2d13e89c4f480f1
16,4,承办机构,extraction,26d52405963eb7634ec911dcc46a95b90f282c897b604ad9461e331f808f6862
30,4,实施依据,extraction,3eee29fb82f5877ff129df233551dd8a6ff4d91b6f41f082d7d3c3ea58403369
37,1,是,extraction,0425effba4b0b55802fd30d79c262c74bcbadda70455f082f2f7cfa9ed73078a
1,7,涉及内容,extraction,84ec41785d3dffa6a33ffba489555a4b1814d4c0efdaa6c986d31e41c365b671
1,23,涉及事项,extraction,888f4d96ceb27a16f6144a62b1e47fefe4fdb1a079dfee7c5d704fb359a4ee41
3,4,是,extraction,d08580506622eb3b009abbcab184c7d6527dc171bbca042f5d2132b53eb48841
8,29,是,extraction,361487daa4f72ef0bea966c2740ed8160c3514f17e0e71d25d21d78ebfd5b306
10,29,是,extraction,ed2e1eb7f64fc3c675b397bf987aa23d776a90888b11ff44f1ee8dc7e6f3fd7f
11,41,是,extraction,bd47bd61949ec03ec689102a2ed8157cefc45bfa6195f0919c017603278e86c5
1,58,基于,extraction,fb7cb6e3e104d457147f8f3b47768b0c6b01af4f6446cd6343b686f04ff8f142
3,4,是,extraction,d08580506622eb3b009abbcab184c7d6527dc171bbca042f5d2132b53eb48841
8,47,是,extraction,f3cb127ba604dd0f9c80f385d7500846a405e73ecc8ccfda8cb53cb29e5892bb
10,47,是,extraction,95e2b3b1d927b9bbdb48660d6ad3d8a240228e55a60909c980c4ecb4241ff67d
11,26,是,extraction,594ee48e2ef28d4283493b7dd95b58c8a78fd026434bf2ef09599eb13b81049f
3,4,是,extraction,d08580506622eb3b009abbcab184c7d6527dc171bbca042f5d2132b53eb48841
8,47,是,extraction,f3cb127ba604dd0f9c80f385d7500846a405e73ecc8ccfda8cb53cb29e5892bb
10,47,是,extraction,95e2b3b1d927b9bbdb48660d6ad3d8a240228e55a60909c980c4ecb4241ff67d
11,39,是,extraction,b07fccd0d92f620f3f01b65e8dcc4a7135558f4fd60464f2e612b30129e7c93c
1,21,涉及事项,extraction,0a433d3a8a6d42707a6860cb7ccfba1dc2a30b36a2fa0923ae9369f78d45f2bd
4,1,权力类型,extraction,06f1cb2317f43bcd0489624a54a5cda47739e2ccc801a931aacc75c90aebf3f1
5,1,行驶主体,extraction,57149ab40d40daf68ddae1ef3d64025366218c3d8d9786a7c7d9406523c436b5
5,1,承办机构,extraction,9054f2bd559f99e7217094914676411351172fc3f6311c47ff7fbb7de27ab132
1,33,依据,extraction,beb4a53aeccd91f8439219990e9369a7c0fbc8b629e10951b4b57ace5628c03a
1,62,包含,extraction,1ac13a5cea2f5974b13517a5bc6c7a50527b0477ed3a20f5355e1a1cc704ff9a
3,4,是,extraction,d08580506622eb3b009abbcab184c7d6527dc171bbca042f5d2132b53eb48841
8,14,是,extraction,7574d3dbd8d8b8c050e695585b2139657ee4c361c101f42d9fa804421e3dc311
10,14,是,extraction,724fd5216be260a1ef5c764227bd7814bbb14163569e9c4d0854790e0b534a15
11,41,是,extraction,bd47bd61949ec03ec689102a2ed8157cefc45bfa6195f0919c017603278e86c5
1,86,包含行为,extraction,08cbbbce071d68a8d1735a75d280b6c6a8fe9e1e5f4af0373c7b36c41506a7ba
4,3,属于,extraction,78b18b9c4201fc1f09d7ae910a2166ca96d5ef4d3254d0d7c72db8fa4ed3d1f0
14,8,是,extraction,fbdd7ca9f67db87a505edbcd12f85f779c5175f8161cb1fdf53bd3401c4d49fa
14,10,是,extraction,fb36dc30a97c94b17cfda3f66fc60eb30422d1813b84fe78abd451429f030e0e
33,11,是,extraction,97c609b8d30131cdf7e6009dca3fd7e394c6fb73783fe1aabbe32d85e9cfe5bc
1,49,涉及事项,extraction,c20c320e3740cc7b1fa6d799afa5f2193d5881822651053a40cea11f0929f7f7
4,1,权力类型,extraction,06f1cb2317f43bcd0489624a54a5cda47739e2ccc801a931aacc75c90aebf3f1
74,4,实施依据,extraction,cd2d1db9ae6e637ffa8e7dd3074d22e272c097033e5ad81fda005aea67fa8a40
37,102,是,extraction,6221288a67c5f4fa894f76773728d418f77b2ad5986b6f363fe326b3cd49c1b5
3,4,是,extraction,d08580506622eb3b009abbcab184c7d6527dc171bbca042f5d2132b53eb48841
8,19,是,extraction,006b328d48dbd15d5a9997deacf5688dd0ac64bde696a0a8abd3e39f166e5081
1,23,涉及事项,extraction,888f4d96ceb27a16f6144a62b1e47fefe4fdb1a079dfee7c5d704fb359a4ee41
4,1,权力类型,extraction,06f1cb2317f43bcd0489624a54a5cda47739e2ccc801a931aacc75c90aebf3f1
5,4,行使主体,extraction,acba2f663522b6c78da733205f34d622343eb4381e14437e2a98f4c410873339
22,4,实施依据,extraction,955cc634178e1774d46de263a7666f3e24e053762b8aca2b4cc20d91ec8bb20a
37,1,是,extraction,0425effba4b0b55802fd30d79c262c74bcbadda70455f082f2f7cfa9ed73078a
3,4,是,extraction,d08580506622eb3b009abbcab184c7d6527dc171bbca042f5d2132b53eb48841
8,43,是,extraction,5f9fc4e6c17fac692ea14127fb905f8c6be6ac25c319cad5d4b1b0b2726541e1
10,24,是,extraction,7338ed710fc5d464c3e8e7713a2dde9e5d5bc405c2daee71f39d38c88c37c5dd
11,30,是,extraction,5a718b8ea79a649c60fa74166375f668d4abd9f5ab80a4084176c4bd48c96c81
37,79,是,extraction,2e4a846bbba0e4ffa907d50689948f0beda559552eededfbee3941bc9d1004e1
3,4,是,extraction,d08580506622eb3b009abbcab184c7d6527dc171bbca042f5d2132b53eb48841
8,16,是,extraction,a918c982f93fcff92ed89edb6dc9e992e5498bcbd343e75a57497f0321400988
10,16,是,extraction,746a2100773446996a077ea20c54ba9035e03b7b31f93fb59a8ae3cd5a9d17da
11,33,是,extraction,86e684c0f0ab092352cdfe7d8da05aa3e50e8ef796d48ce0861f329bddd98b42
1,49,服务事项,extraction,b12e5727ad0347884c5325f6f1b64951a426eeef796d7c44bb72ef79be727401
4,1,权力类型,extraction,06f1cb2317f43bcd0489624a54a5cda47739e2ccc801a931aacc75c90aebf3f1
32,1,行驶主体,extraction,f3ae7eebff4e3460421e23abeef0b3052dd9a3dcfbd1f44a03d027eeb1801b4f
32,1,承办机构,extraction,931cafd24efaf97775db66b22a04ccc10ef5b34c9f1550f1c6e447e2887940db
74,1,实施依据,extraction,1c125a7a59029388ef6403a9cbe170153f11ff498155fbebf84ab48ab8e0aafd
1,64,涉及内容,extraction,b09643ac8b06634901d8a33a06e00fed43dd2cce3f069d4906feda60c5193ff1
3,4,是,extraction,d08580506622eb3b009abbcab184c7d6527dc171bbca042f5d2132b53eb48841
8,14,是,extraction,7574d3dbd8d8b8c050e695585b2139657ee4c361c101f42d9fa804421e3dc311
11,12,是,extraction,4bb51718453a67d9015b846c6a68662b97572c0a9269a7df9df55bbbce96ae63
3,4,是,extraction,d08580506622eb3b009abbcab184c7d6527dc171bbca042f5d2132b53eb48841
8,32,是,extraction,79c2a1c208558638ca5abb8e1df4996bbe4f4b8ce1f4077e6032cba30fd44e45
10,82,是,extraction,31b47fac03e1b154093e2db145e51198336aa2bb8e27b52375b8a5e3ee8a7549
11,20,是,extraction,4f6bd6ee852dc39505db943bb8728969a06f8c23c54a14cbb4d6866ffb8c4f4a
3,4,包含,extraction,eb89a736891f8483ab020f3061bf040a5f9d9a2dfc8c98c7aabd07e8c4f50666
8,47,是,extraction,f3cb127ba604dd0f9c80f385d7500846a405e73ecc8ccfda8cb53cb29e5892bb
10,51,是,extraction,664ae38f36c277c1f3150d9e71f653fa64edcbcc4cc28fe8a99fb2bd85a68b29
11,6,是,extraction,7e353cf317a918dc7fc3ca1d0f821842e1eb7ad0cd8be30fa8e66af096026847
1,66,基于,extraction,360400e1ae6d154fa988bc1d1cba4f6d246ffad44f061a76de15149c7695a255
3,4,是,extraction,d08580506622eb3b009abbcab184c7d6527dc171bbca042f5d2132b53eb48841
8,5,是,extraction,2ba53cf2a729e877b6f5a0c20e75c810989d499c8b6ba4b25874f2cf983362ec
10,5,是,extraction,5cec422cc7f67c3758916b82edf5f427a91370d2f97c9320ccc8c7a3165aaa69
11,35,是,extraction,e354f1fd5b27511710c92338a794ef09138dd8dbcfedfaa5e43cc3fd3f4af21e
1,42,涉及内容,extraction,b53c7504e6a2c6659ae9a86718432659732b1cd949082a5c56d287eb4a6f6f28
4,1,权力类型,extraction,06f1cb2317f43bcd0489624a54a5cda47739e2ccc801a931aacc75c90aebf3f1
14,4,行使主体,extraction,9b94495c1d619ed1e1733ee73aca1e05b7c3670583172db4996e571e846a1c71
30,4,实施依据,extraction,3eee29fb82f5877ff129df233551dd8a6ff4d91b6f41f082d7d3c3ea58403369
1,87,涉及事项,extraction,612d6670e808f179536114c97b2823e11a6fbd83b9dac9637be2ea72663ad0e2
4,1,权力类型,extraction,06f1cb2317f43bcd0489624a54a5cda47739e2ccc801a931aacc75c90aebf3f1
16,1,行驶主体,extraction,2388221cee7d1ae0ed5be74dbb33fa91b57a06cfae883cc5c2262bfb048b5c48
16,1,承办机构,extraction,7da0b9c5ea5b9311256b7bcb955ba7fe507e79fd9fe407e277e1c4de0e1d453e
1,30,依据,extraction,bc710a64442dc42592ce1db48fb985ce059ec553b6b109b56e7f1b93a30a1bdd
37,1,是,extraction,0425effba4b0b55802fd30d79c262c74bcbadda70455f082f2f7cfa9ed73078a
1,31,涉及问题,extraction,ea08369126f7fbe0d95ca41a348902bab3f4d8e388232d1c4ed32a98fca9af59
3,4,是,extraction,d08580506622eb3b009abbcab184c7d6527dc171bbca042f5d2132b53eb48841
8,16,是,extraction,a918c982f93fcff92ed89edb6dc9e992e5498bcbd343e75a57497f0321400988
10,16,是,extraction,746a2100773446996a077ea20c54ba9035e03b7b31f93fb59a8ae3cd5a9d17da
11,20,是,extraction,4f6bd6ee852dc39505db943bb8728969a06f8c23c54a14cbb4d6866ffb8c4f4a
37,1,是,extraction,0425effba4b0b55802fd30d79c262c74bcbadda70455f082f2f7cfa9ed73078a
1,23,包含,extraction,bff922986f8a16831d661d2474bb8d63366496322cb804fd4244c2357ae9085e
3,4,是,extraction,d08580506622eb3b009abbcab184c7d6527dc171bbca042f5d2132b53eb48841
8,16,是,extraction,a918c982f93fcff92ed89edb6dc9e992e5498bcbd343e75a57497f0321400988
10,16,是,extraction,746a2100773446996a077ea20c54ba9035e03b7b31f93fb59a8ae3cd5a9d17da
37,1,是,extraction,0425effba4b0b55802fd30d79c262c74bcbadda70455f082f2f7cfa9ed73078a
1,56,涉及,extraction,a8f2b22263019167381db3edaff04efca7319528bda33c0f225601373e075acd
3,4,是,extraction,d08580506622eb3b009abbcab184c7d6527dc171bbca042f5d2132b53eb48841
8,9,是,extraction,34744a2cc14d3a7a3f5317cdb530e92b9bd201c7bd7571d5db06d6b1e91b6e7f
10,82,是,extraction,31b47fac03e1b154093e2db145e51198336aa2bb8e27b52375b8a5e3ee8a7549
11,12,是,extraction,4bb51718453a67d9015b846c6a68662b97572c0a9269a7df9df55bbbce96ae63
1,64,涉及行为,extraction,f8221974ba544d440d40e711b3567121f20c2299786e0e379f2af7c8e1e801ef
3,4,类型,extraction,4a8d183849056dd2df3cb998024802f1af71f6686b9548e80436e7d7127139f8
1,23,涉及事项,extraction,888f4d96ceb27a16f6144a62b1e47fefe4fdb1a079dfee7c5d704fb359a4ee41
3,4,是,extraction,d08580506622eb3b009abbcab184c7d6527dc171bbca042f5d2132b53eb48841
8,24,是,extraction,5924698efd5688b8387f11fb3a902a4c8b1757d50799df6653f7f8b593f7bb9c
10,24,是,extraction,7338ed710fc5d464c3e8e7713a2dde9e5d5bc405c2daee71f39d38c88c37c5dd
11,20,是,extraction,4f6bd6ee852dc39505db943bb8728969a06f8c23c54a14cbb4d6866ffb8c4f4a
1,18,涉及,extraction,3809770ba7ef48d41647f651814347ce7af066af5e2d2a56ba29998e548215c7
3,4,是,extraction,d08580506622eb3b009abbcab184c7d6527dc171bbca042f5d2132b53eb48841
8,45,是,extraction,a021dc763489713e44feb30ec7e7c62bfaaf973fdca58ef22a79cc8fca2cf9c4
10,45,是,extraction,2d016bdf9bf15554b1ad6c86d08a7a8fb403f16c47bde3a5e828a87eca3b3c9e
11,48,是,extraction,aed00a1e0ade0525731bb07f81b1486504e94ecb2350902198e5871c236804b0
37,1,是,extraction,0425effba4b0b55802fd30d79c262c74bcbadda70455f082f2f7cfa9ed73078a
1,55,涉及问题,extraction,f2ffd7cbbde07203ef22704e812dc0c897a1f2dc5a5cc4fabb7f1bbafc6e63ed
3,4,是,extraction,d08580506622eb3b009abbcab184c7d6527dc171bbca042f5d2132b53eb48841
8,32,是,extraction,79c2a1c208558638ca5abb8e1df4996bbe4f4b8ce1f4077e6032cba30fd44e45
10,32,是,extraction,4da064cb343643cc890842dceaf67b09d17018b8caccfb9a66252b99aba7b2c2
11,20,是,extraction,4f6bd6ee852dc39505db943bb8728969a06f8c23c54a14cbb4d6866ffb8c4f4a
37,1,是,extraction,0425effba4b0b55802fd30d79c262c74bcbadda70455f082f2f7cfa9ed73078a
3,71,是,extraction,f7f91dde0a8d95f5dfb99aa1212cb01e871c6871066def97a219b6f9c0bec8f4
8,98,是,extraction,7e1e3ee0137b181986fd63d11cb0b6417fb904ad1cfd72f0d6ba0d513d3c9812
10,32,是,extraction,4da064cb343643cc890842dceaf67b09d17018b8caccfb9a66252b99aba7b2c2
11,22,是,extraction,1b323bba6189dbc5ba530bc51581df70b5958e3d716f1672b185da2f26ccf3f8
1,66,涉及内容,extraction,1df633d8df80469913eef582a04e08744f4c2e54d3d120d59af66e3c944e1b85
3,4,类型,extraction,4a8d183849056dd2df3cb998024802f1af71f6686b9548e80436e7d7127139f8
11,41,依据,extraction,089fdb9ded6e72a8ca99accaac44e10d8d09fcb1730a335ba5319df1b5770bb8
1,40,涉及,extraction,998ccb6768a545fa89ac3b05f25227b06b286529543bc7e0f55f8c0f491b42c7
3,4,是,extraction,d08580506622eb3b009abbcab184c7d6527dc171bbca042f5d2132b53eb48841
8,5,为,extraction,13a22273af2799a248bf0d728fabd748ffdeafc7c7e82820660b418063477332
10,5,为,extraction,53fb394aade9f56fb20935579004c9c21512aa66dd4068d8aa65765fc3e3233e
11,12,是,extraction,4bb51718453a67d9015b846c6a68662b97572c0a9269a7df9df55bbbce96ae63
37,37,是,extraction,9e8fa30e034033092b63d21fe7676823b1029cfc29c241afb411321b3773d998
3,4,是,extraction,d08580506622eb3b009abbcab184c7d6527dc171bbca042f5d2132b53eb48841
8,19,是,extraction,006b328d48dbd15d5a9997deacf5688dd0ac64bde696a0a8abd3e39f166e5081
10,19,是,extraction,27a0cebbbbbf719194bc882592ca52cb56fe00182beb07450e8e461717b2d932
11,33,是,extraction,86e684c0f0ab092352cdfe7d8da05aa3e50e8ef796d48ce0861f329bddd98b42
1,62,包含,extraction,1ac13a5cea2f5974b13517a5bc6c7a50527b0477ed3a20f5355e1a1cc704ff9a
3,4,是,extraction,d08580506622eb3b009abbcab184c7d6527dc171bbca042f5d2132b53eb48841
8,29,是,extraction,361487daa4f72ef0bea966c2740ed8160c3514f17e0e71d25d21d78ebfd5b306
11,12,是,extraction,4bb51718453a67d9015b846c6a68662b97572c0a9269a7df9df55bbbce96ae63
24,8,是,extraction,0c3ed9103fa05b1a95fc960839910234a9e6b0aefae46e76eb6da5fc9104587a
24,10,是,extraction,3d347f8c5f893c7be6332ad888acc73fbf39fe1690ed0335c0d21eb0c08da24a
11,22,来自,extraction,f7ddd3b440d3f0c2a5b673d0c8b7bb2b4cd346c7e20548efdfe103cb590c4ea4
37,1,是,extraction,0425effba4b0b55802fd30d79c262c74bcbadda70455f082f2f7cfa9ed73078a
1,62,包含,extraction,1ac13a5cea2f5974b13517a5bc6c7a50527b0477ed3a20f5355e1a1cc704ff9a
3,4,是,extraction,d08580506622eb3b009abbcab184c7d6527dc171bbca042f5d2132b53eb48841
8,45,是,extraction,a021dc763489713e44feb30ec7e7c62bfaaf973fdca58ef22a79cc8fca2cf9c4
10,45,是,extraction,2d016bdf9bf15554b1ad6c86d08a7a8fb403f16c47bde3a5e828a87eca3b3c9e
11,39,是,extraction,b07fccd0d92f620f3f01b65e8dcc4a7135558f4fd60464f2e612b30129e7c93c
46,66,基于,extraction,1831df9eda7ee61d465a07b9c9883aa2be7e1cb289926bdd847a51e188edbb36
3,4,是,extraction,d08580506622eb3b009abbcab184c7d6527dc171bbca042f5d2132b53eb48841
8,29,是,extraction,361487daa4f72ef0bea966c2740ed8160c3514f17e0e71d25d21d78ebfd5b306
10,29,是,extraction,ed2e1eb7f64fc3c675b397bf987aa23d776a90888b11ff44f1ee8dc7e6f3fd7f
11,12,是,extraction,4bb51718453a67d9015b846c6a68662b97572c0a9269a7df9df55bbbce96ae63
37,79,是,extraction,2e4a846bbba0e4ffa907d50689948f0beda559552eededfbee3941bc9d1004e1
80,53,是,extraction,21ea76b7b800048ae0cb9a8c9e46de698f50989257025d42fa591b8fd85db4b5
3,4,是,extraction,d08580506622eb3b009abbcab184c7d6527dc171bbca042f5d2132b53eb48841
8,19,是,extraction,006b328d48dbd15d5a9997deacf5688dd0ac64bde696a0a8abd3e39f166e5081
11,6,是,extraction,7e353cf317a918dc7fc3ca1d0f821842e1eb7ad0cd8be30fa8e66af096026847
37,1,是,extraction,0425effba4b0b55802fd30d79c262c74bcbadda70455f082f2f7cfa9ed73078a
1,36,涉及领域,extraction,05647e8618dcbfae7417e237aa04231b181e1ce61d823f4fda9b32b6663cf4d2
3,4,是,extraction,d08580506622eb3b009abbcab184c7d6527dc171bbca042f5d2132b53eb48841
8,19,是,extraction,006b328d48dbd15d5a9997deacf5688dd0ac64bde696a0a8abd3e39f166e5081
10,19,是,extraction,27a0cebbbbbf719194bc882592ca52cb56fe00182beb07450e8e461717b2d932
11,12,是,extraction,4bb51718453a67d9015b846c6a68662b97572c0a9269a7df9df55bbbce96ae63
1,52,涉及事项,extraction,60c44bc532430527e320f23ce8301d12a3341698a8f67afd3e5649f8789ec4a8
4,1,权力类型,extraction,06f1cb2317f43bcd0489624a54a5cda47739e2ccc801a931aacc75c90aebf3f1
5,1,行驶主体,extraction,57149ab40d40daf68ddae1ef3d64025366218c3d8d9786a7c7d9406523c436b5
5,1,承办机构,extraction,9054f2bd559f99e7217094914676411351172fc3f6311c47ff7fbb7de27ab132
26,1,实施依据,extraction,59db61bc1a579df3551528407c91bfe5ae1e2f6b7835730824a80f9076673213
37,1,是,extraction,0425effba4b0b55802fd30d79c262c74bcbadda70455f082f2f7cfa9ed73078a
1,56,涉及,extraction,a8f2b22263019167381db3edaff04efca7319528bda33c0f225601373e075acd
3,4,是,extraction,d08580506622eb3b009abbcab184c7d6527dc171bbca042f5d2132b53eb48841
8,16,是,extraction,a918c982f93fcff92ed89edb6dc9e992e5498bcbd343e75a57497f0321400988
10,16,是,extraction,746a2100773446996a077ea20c54ba9035e03b7b31f93fb59a8ae3cd5a9d17da
11,39,是,extraction,b07fccd0d92f620f3f01b65e8dcc4a7135558f4fd60464f2e612b30129e7c93c
16,16,承办机构,extraction,dd3beedaf67b0e9e05574852bf1b9e7df5fccb39eb43ab3bef7f7645d192767e
1,87,涉及内容,extraction,d8baabd9c853b74ad88c30e16c3b0f0656e37b10a0eb9e6179f1c2eb1aaef3e1
4,1,权力类型,extraction,06f1cb2317f43bcd0489624a54a5cda47739e2ccc801a931aacc75c90aebf3f1
24,1,行驶主体,extraction,1d6e8cf9f9d91c32784b3816cbdf2f3590b5a48dd82d14b69139687101724d02
24,1,承办机构,extraction,706c85cddfe6218745523cfd2d1d75c9d4fbe5d63a11b5aa4700f4ef5caea528
26,1,实施依据,extraction,59db61bc1a579df3551528407c91bfe5ae1e2f6b7835730824a80f9076673213
37,1,是,extraction,0425effba4b0b55802fd30d79c262c74bcbadda70455f082f2f7cfa9ed73078a
1,7,包括,extraction,0c7ee1dc9668a5f486c08c21f708da9a70d3ee37801b3057e190ffb52ac3354f
3,4,是,extraction,d08580506622eb3b009abbcab184c7d6527dc171bbca042f5d2132b53eb48841
8,5,是,extraction,2ba53cf2a729e877b6f5a0c20e75c810989d499c8b6ba4b25874f2cf983362ec
10,5,是,extraction,5cec422cc7f67c3758916b82edf5f427a91370d2f97c9320ccc8c7a3165aaa69
11,6,是,extraction,7e353cf317a918dc7fc3ca1d0f821842e1eb7ad0cd8be30fa8e66af096026847
1,44,涉及,extraction,6b92937933dd3842a480fe22eb9ad7fc23049449e7c7b2d5aff5786406c78536
3,4,是,extraction,d08580506622eb3b009abbcab184c7d6527dc171bbca042f5d2132b53eb48841
8,47,是,extraction,f3cb127ba604dd0f9c80f385d7500846a405e73ecc8ccfda8cb53cb29e5892bb
10,47,是,extraction,95e2b3b1d927b9bbdb48660d6ad3d8a240228e55a60909c980c4ecb4241ff67d
11,48,是,extraction,aed00a1e0ade0525731bb07f81b1486504e94ecb2350902198e5871c236804b0
37,1,是,extraction,0425effba4b0b55802fd30d79c262c74bcbadda70455f082f2f7cfa9ed73078a
1,87,涉及内容,extraction,d8baabd9c853b74ad88c30e16c3b0f0656e37b10a0eb9e6179f1c2eb1aaef3e1
3,4,是,extraction,d08580506622eb3b009abbcab184c7d6527dc171bbca042f5d2132b53eb48841
8,16,是,extraction,a918c982f93fcff92ed89edb6dc9e992e5498bcbd343e75a57497f0321400988
10,16,是,extraction,746a2100773446996a077ea20c54ba9035e03b7b31f93fb59a8ae3cd5a9d17da
11,22,是,extraction,1b323bba6189dbc5ba530bc51581df70b5958e3d716f1672b185da2f26ccf3f8
1,44,涉及,extraction,6b92937933dd3842a480fe22eb9ad7fc23049449e7c7b2d5aff5786406c78536
3,4,是,extraction,d08580506622eb3b009abbcab184c7d6527dc171bbca042f5d2132b53eb48841
10,14,是,extraction,724fd5216be260a1ef5c764227bd7814bbb14163569e9c4d0854790e0b534a15
11,12,是,extraction,4bb51718453a67d9015b846c6a68662b97572c0a9269a7df9df55bbbce96ae63
37,1,是,extraction,0425effba4b0b55802fd30d79c262c74bcbadda70455f082f2f7cfa9ed73078a
1,64,涉及,extraction,58ca1695df543d2d1341cde0cd68d16c052d229d992632c0d31f26d11b8dedf9
3,4,是,extraction,d08580506622eb3b009abbcab184c7d6527dc171bbca042f5d2132b53eb48841
8,45,是,extraction,a021dc763489713e44feb30ec7e7c62bfaaf973fdca58ef22a79cc8fca2cf9c4
10,45,是,extraction,2d016bdf9bf15554b1ad6c86d08a7a8fb403f16c47bde3a5e828a87eca3b3c9e
37,1,是,extraction,0425effba4b0b55802fd30d79c262c74bcbadda70455f082f2f7cfa9ed73078a
1,2,包含,extraction,ece848f89d246452aaa10044790a3062f859636b97889ce3f2ba79cb9580a885
3,4,是,extraction,d08580506622eb3b009abbcab184c7d6527dc171bbca042f5d2132b53eb48841
8,9,是,extraction,34744a2cc14d3a7a3f5317cdb530e92b9bd201c7bd7571d5db06d6b1e91b6e7f
10,9,是,extraction,af1a9ecff071ed8f3be3a892c768d8887025fa5bd902d7808d64806d738d9e49
11,33,是,extraction,86e684c0f0ab092352cdfe7d8da05aa3e50e8ef796d48ce0861f329bddd98b42
3,4,是,extraction,d08580506622eb3b009abbcab184c7d6527dc171bbca042f5d2132b53eb48841
30,11,是,extraction,fa05c385fb45796c38469052f450a0f1046a9cd53ca6a1910b9576fd153eb4de
1,58,涉及问题,extraction,d5e1342778d61db9c63f96f3f11874d3ff1b5a5420510597afc21a3746f77e13
3,71,是,extraction,f7f91dde0a8d95f5dfb99aa1212cb01e871c6871066def97a219b6f9c0bec8f4
8,72,是,extraction,35784d1dfa32a70a158b975a8b605c582d4250722fd4f7e3dba81ff5d2d9fac2
10,32,是,extraction,4da064cb343643cc890842dceaf67b09d17018b8caccfb9a66252b99aba7b2c2
11,33,是,extraction,86e684c0f0ab092352cdfe7d8da05aa3e50e8ef796d48ce0861f329bddd98b42
1,2,涉及事项,extraction,45a6b5e9b7acaaf964d4ba55ee382735953a50be79b9c5a63cfd56f3bfaa98e9
4,1,权力类型,extraction,06f1cb2317f43bcd0489624a54a5cda47739e2ccc801a931aacc75c90aebf3f1
5,1,行驶主体,extraction,57149ab40d40daf68ddae1ef3d64025366218c3d8d9786a7c7d9406523c436b5
5,1,承办机构,extraction,9054f2bd559f99e7217094914676411351172fc3f6311c47ff7fbb7de27ab132
20,1,实施依据,extraction,fa879230d50cba26fe3e25fda133ad3500d518880a888364d68f6f0c8fcf6adf
1,87,涉及内容,extraction,d8baabd9c853b74ad88c30e16c3b0f0656e37b10a0eb9e6179f1c2eb1aaef3e1
4,1,权力类型,extraction,06f1cb2317f43bcd0489624a54a5cda47739e2ccc801a931aacc75c90aebf3f1
32,1,行驶主体,extraction,f3ae7eebff4e3460421e23abeef0b3052dd9a3dcfbd1f44a03d027eeb1801b4f
32,1,承办机构,extraction,931cafd24efaf97775db66b22a04ccc10ef5b34c9f1550f1c6e447e2887940db
6,1,实施依据,extraction,a61f865305dba596ca4a6a655b936b997786a0bc0d1db15eba237549e166162e
1,36,涉及领域,extraction,05647e8618dcbfae7417e237aa04231b181e1ce61d823f4fda9b32b6663cf4d2
4,1,权力类型,extraction,06f1cb2317f43bcd0489624a54a5cda47739e2ccc801a931aacc75c90aebf3f1
24,4,行驶主体,extraction,b28f4abcc9fd2027f9867fe9c65c46b96e46e9a7842fd232abf55e768be19b15
24,4,承办机构,extraction,8d1fddd2c1b5a28bff9df61bcfda71970b1285fe8acb248aa0f146a87eebea68
6,4,实施依据,extraction,20133cc1c3cf680305ab9f27bd9f10688b55bd764b7da80c566286d7bfc030ac
37,1,是,extraction,0425effba4b0b55802fd30d79c262c74bcbadda70455f082f2f7cfa9ed73078a
1,62,包含,extraction,1ac13a5cea2f5974b13517a5bc6c7a50527b0477ed3a20f5355e1a1cc704ff9a
3,63,是,extraction,4d29d459416907fc3f184e7e78f0a61ebe7e29882c00362cad246bdf91009488
8,45,是,extraction,a021dc763489713e44feb30ec7e7c62bfaaf973fdca58ef22a79cc8fca2cf9c4
10,45,是,extraction,2d016bdf9bf15554b1ad6c86d08a7a8fb403f16c47bde3a5e828a87eca3b3c9e
11,30,是,extraction,5a718b8ea79a649c60fa74166375f668d4abd9f5ab80a4084176c4bd48c96c81
1,60,基于,extraction,e62703517cd6a5cef5c6f2791d3f9338d07a34e7b0c9c69886261a5ce02f0698
32,4,执行,extraction,ffaa1384ae79f8da48db88f967b7c5cfecf3f977a69cae5317ec088b2dd8ebc5
32,8,是,extraction,daabdd4832c86be7d29c8dca7498a6fac48f01f00dd7d11e254a8d7bf62fe7eb
32,10,同时也是,extraction,0ca73749da0cbb55f95b90be2115ff446098e4725b2c6db0302bee41d4a66edb
48,11,是,extraction,d9b7f82b9ea8a719d7b00e1c10d86083bf814103e34fdd5660a013401f72f0ca
37,102,是,extraction,6221288a67c5f4fa894f76773728d418f77b2ad5986b6f363fe326b3cd49c1b5
3,4,是,extraction,d08580506622eb3b009abbcab184c7d6527dc171bbca042f5d2132b53eb48841
8,73,是,extraction,f8dd9b913999fc2e8d046d59f1839543a1bc4c776c5f902c95d162fa0feb7c9a
10,45,是,extraction,2d016bdf9bf15554b1ad6c86d08a7a8fb403f16c47bde3a5e828a87eca3b3c9e
3,4,是,extraction,d08580506622eb3b009abbcab184c7d6527dc171bbca042f5d2132b53eb48841
8,16,是,extraction,a918c982f93fcff92ed89edb6dc9e992e5498bcbd343e75a57497f0321400988
11,20,是,extraction,4f6bd6ee852dc39505db943bb8728969a06f8c23c54a14cbb4d6866ffb8c4f4a
1,50,涉及事项,extraction,caea95c2a94b009b053a33d7a81319740dc1b0ac89db162d633557025b0065e1
4,1,权力类型,extraction,06f1cb2317f43bcd0489624a54a5cda47739e2ccc801a931aacc75c90aebf3f1
47,4,行驶主体,extraction,0640f05ef77128c1441c26bfd803ecb1ceda5f3744841ac918a904eb75e5b430
47,4,承办机构,extraction,c03c7652d3bd035d9c422cde5be2c865200076b6a24cf178316bf3a7f11482fc
33,4,实施依据,extraction,598f4449a0faeef0d4168ba286bd7f788f37938fef50e0fea981468eacf6e878
1,13,涉及事项,extraction,86c09acc911d03df996302b1851f59b2d4b69c81046c2bee7674d0a378f87090
4,1,权力类型,extraction,06f1cb2317f43bcd0489624a54a5cda47739e2ccc801a931aacc75c90aebf3f1
32,4,行驶主体,extraction,5a482485585ea7ac0594bb50e1071577220ed4760df41ee33fcab485e4dac01d
32,4,承办机构,extraction,de0425c8e4a14a5dd87f49786a2b5c069a9c03df3317867cc963058c2f278f2c
1,58,涉及问题,extraction,d5e1342778d61db9c63f96f3f11874d3ff1b5a5420510597afc21a3746f77e13
3,4,类型,extraction,4a8d183849056dd2df3cb998024802f1af71f6686b9548e80436e7d7127139f8
11,30,依据,extraction,6886ac79b951127da5e466f6a07686be5f9420e5918b869bb0a08d9e69919e97
1,18,服务事项,extraction,a10e56d06e93403194a7f15c758eeb0a2a28d56e4af8f272bdf40e692373e455
4,1,权力类型,extraction,06f1cb2317f43bcd0489624a54a5cda47739e2ccc801a931aacc75c90aebf3f1
32,1,行驶主体,extraction,f3ae7eebff4e3460421e23abeef0b3052dd9a3dcfbd1f44a03d027eeb1801b4f
32,1,承办机构,extraction,931cafd24efaf97775db66b22a04ccc10ef5b34c9f1550f1c6e447e2887940db
15,1,实施依据,extraction,31db1316f622f9613bf5aedaa673ef1757ff5d0204842ad68fdb3064b9f7e0bb
37,1,是,extraction,0425effba4b0b55802fd30d79c262c74bcbadda70455f082f2f7cfa9ed73078a
3,4,是,extraction,d08580506622eb3b009abbcab184c7d6527dc171bbca042f5d2132b53eb48841
8,9,是,extraction,34744a2cc14d3a7a3f5317cdb530e92b9bd201c7bd7571d5db06d6b1e91b6e7f
10,9,是,extraction,af1a9ecff071ed8f3be3a892c768d8887025fa5bd902d7808d64806d738d9e49
11,20,是,extraction,4f6bd6ee852dc39505db943bb8728969a06f8c23c54a14cbb4d6866ffb8c4f4a
37,57,是,extraction,b13e959e9eb103ae751d1bd08ec331cbb2c6bce5501bfb259608fc57c12c1936
3,4,是,extraction,d08580506622eb3b009abbcab184c7d6527dc171bbca042f5d2132b53eb48841
8,4,执行,extraction,01d1969d15e7b381c1e8f46f63e616941d3d3aa7e5e19224c0984b27fda3a6ff
11,26,依据,extraction,59aeb43964ff21cbc812a90ecc25a2c723e794ad014df12ee5103a10602c2c8c
1,61,涉及问题,extraction,14dd21e29595533a08fd01fee5143665aa7115da80641e60cccba4d43781cfc7
24,24,行驶主体,extraction,6dc8ee42ace16ee35a44be41fb53a97d36e8e501cfb4261af09a8797f7626236
24,24,承办机构,extraction,7198791b955a43a57c5f3eecb9305e6431c1ec9a24ff3b6328524a3caecd3711
11,22,来自,extraction,f7ddd3b440d3f0c2a5b673d0c8b7bb2b4cd346c7e20548efdfe103cb590c4ea4
39,11,是,extraction,0c7b72938c32d91ebf7c3bac166d5fbfcba29e473f887da16e3a07cc341e5b52
34,7,涉及内容,extraction,31e704a40fd88fb2e1c5d9f2cebb22bacb107f45fd04351130ceeebdcb01ba89
24,24,行驶主体,extraction,6dc8ee42ace16ee35a44be41fb53a97d36e8e501cfb4261af09a8797f7626236
24,24,承办机构,extraction,7198791b955a43a57c5f3eecb9305e6431c1ec9a24ff3b6328524a3caecd3711
1,25,包含行为,extraction,cc8167166722175a66fa9e0af1d12961554ae694f9ff991491f92ab8af677905
3,4,是,extraction,d08580506622eb3b009abbcab184c7d6527dc171bbca042f5d2132b53eb48841
8,19,是,extraction,006b328d48dbd15d5a9997deacf5688dd0ac64bde696a0a8abd3e39f166e5081
10,19,是,extraction,27a0cebbbbbf719194bc882592ca52cb56fe00182beb07450e8e461717b2d932
11,48,是,extraction,aed00a1e0ade0525731bb07f81b1486504e94ecb2350902198e5871c236804b0
1,66,涉及内容,extraction,1df633d8df80469913eef582a04e08744f4c2e54d3d120d59af66e3c944e1b85
3,4,类型,extraction,4a8d183849056dd2df3cb998024802f1af71f6686b9548e80436e7d7127139f8
8,19,是,extraction,006b328d48dbd15d5a9997deacf5688dd0ac64bde696a0a8abd3e39f166e5081
10,19,是,extraction,27a0cebbbbbf719194bc882592ca52cb56fe00182beb07450e8e461717b2d932
11,35,是,extraction,e354f1fd5b27511710c92338a794ef09138dd8dbcfedfaa5e43cc3fd3f4af21e
1,60,涉及,extraction,6837292224aa1c42109425b175d18dcc307f16725d0f5e1a463b442cb2cc3c23
3,4,是,extraction,d08580506622eb3b009abbcab184c7d6527dc171bbca042f5d2132b53eb48841
8,19,是,extraction,006b328d48dbd15d5a9997deacf5688dd0ac64bde696a0a8abd3e39f166e5081
10,19,是,extraction,27a0cebbbbbf719194bc882592ca52cb56fe00182beb07450e8e461717b2d932
1,60,基于,extraction,e62703517cd6a5cef5c6f2791d3f9338d07a34e7b0c9c69886261a5ce02f0698
19,8,是,extraction,6d8a4f39186950429ab3abfd8a01c2431174e6fb7ece9157329513ce1d6b4d58
19,10,是,extraction,13bef633a4358f8cdfbe9be934e49cc5c63dfcec5dc860d6e55736bef221e6d2
48,11,是,extraction,d9b7f82b9ea8a719d7b00e1c10d86083bf814103e34fdd5660a013401f72f0ca
3,4,是,extraction,d08580506622eb3b009abbcab184c7d6527dc171bbca042f5d2132b53eb48841
8,24,是,extraction,5924698efd5688b8387f11fb3a902a4c8b1757d50799df6653f7f8b593f7bb9c
10,24,是,extraction,7338ed710fc5d464c3e8e7713a2dde9e5d5bc405c2daee71f39d38c88c37c5dd
11,41,是,extraction,bd47bd61949ec03ec689102a2ed8157cefc45bfa6195f0919c017603278e86c5
37,1,是,extraction,0425effba4b0b55802fd30d79c262c74bcbadda70455f082f2f7cfa9ed73078a
1,42,包含,extraction,7b9ef832aee05a7033973a1d4073ad0fff49c6f684c144c1b53de1c7765d56dd
3,4,是,extraction,d08580506622eb3b009abbcab184c7d6527dc171bbca042f5d2132b53eb48841
8,19,是,extraction,006b328d48dbd15d5a9997deacf5688dd0ac64bde696a0a8abd3e39f166e5081
11,30,是,extraction,5a718b8ea79a649c60fa74166375f668d4abd9f5ab80a4084176c4bd48c96c81
1,21,涉及领域,extraction,8ca3c7ec431526b4652e076cd97da1d95ce4d180dc3397c46d4004e5d5bd15b5
1,2,涉及事项,extraction,45a6b5e9b7acaaf964d4ba55ee382735953a50be79b9c5a63cfd56f3bfaa98e9
32,32,行驶主体,extraction,c99cc95dd359700ee80016caf0fca8788cd0121ae97ca919c48e2c2d3a8a0139
32,32,承办机构,extraction,911adfffd05806263bf58b0d02a29a83b098803ea7bdf542e61063696f391749
22,4,实施依据,extraction,955cc634178e1774d46de263a7666f3e24e053762b8aca2b4cc20d91ec8bb20a
1,64,涉及行为,extraction,f8221974ba544d440d40e711b3567121f20c2299786e0e379f2af7c8e1e801ef
4,1,权力类型,extraction,06f1cb2317f43bcd0489624a54a5cda47739e2ccc801a931aacc75c90aebf3f1
24,4,行驶主体,extraction,b28f4abcc9fd2027f9867fe9c65c46b96e46e9a7842fd232abf55e768be19b15
24,4,承办机构,extraction,8d1fddd2c1b5a28bff9df61bcfda71970b1285fe8acb248aa0f146a87eebea68
48,4,实施依据,extraction,4f8484e520c1c8e06fbc1b3f8bb52725bdf6135ed870d68667c7520c6dbfe736
37,1,是,extraction,0425effba4b0b55802fd30d79c262c74bcbadda70455f082f2f7cfa9ed73078a
1,62,包含,extraction,1ac13a5cea2f5974b13517a5bc6c7a50527b0477ed3a20f5355e1a1cc704ff9a
3,4,是,extraction,d08580506622eb3b009abbcab184c7d6527dc171bbca042f5d2132b53eb48841
8,45,是,extraction,a021dc763489713e44feb30ec7e7c62bfaaf973fdca58ef22a79cc8fca2cf9c4
10,82,是,extraction,31b47fac03e1b154093e2db145e51198336aa2bb8e27b52375b8a5e3ee8a7549
11,39,是,extraction,b07fccd0d92f620f3f01b65e8dcc4a7135558f4fd60464f2e612b30129e7c93c
3,4,是,extraction,d08580506622eb3b009abbcab184c7d6527dc171bbca042f5d2132b53eb48841
10,47,是,extraction,95e2b3b1d927b9bbdb48660d6ad3d8a240228e55a60909c980c4ecb4241ff67d
11,35,是,extraction,e354f1fd5b27511710c92338a794ef09138dd8dbcfedfaa5e43cc3fd3f4af21e
1,44,涉及,extraction,6b92937933dd3842a480fe22eb9ad7fc23049449e7c7b2d5aff5786406c78536
3,4,是,extraction,d08580506622eb3b009abbcab184c7d6527dc171bbca042f5d2132b53eb48841
8,9,为,extraction,9dfe97b170e7d2f0fbd7612da3b4aafd8a37ca358d78765ef03347ad843802d6
10,9,为,extraction,7c48d8dd63d60d7d044516e2c6fc7bc88837bebc4e1cd7126d18e20eeed46a10
11,41,是,extraction,bd47bd61949ec03ec689102a2ed8157cefc45bfa6195f0919c017603278e86c5
4,59,权力类型,extraction,3e774e2ce5f75d7c0452aa3fc51ba4f4753ba1eaec0f7b75d56b50fe6367e1e0
24,4,行驶主体,extraction,b28f4abcc9fd2027f9867fe9c65c46b96e46e9a7842fd232abf55e768be19b15
24,4,承办机构,extraction,8d1fddd2c1b5a28bff9df61bcfda71970b1285fe8acb248aa0f146a87eebea68
22,4,实施依据,extraction,955cc634178e1774d46de263a7666f3e24e053762b8aca2b4cc20d91ec8bb20a
1,31,涉及事项,extraction,f3220bd517fb70fe72f0f354fdf1fe08442b21b32cae58b726ef2340a0149292
4,1,权力类型,extraction,06f1cb2317f43bcd0489624a54a5cda47739e2ccc801a931aacc75c90aebf3f1
16,4,行驶主体,extraction,71eddffd2710e4f0315e456157ca342387f22226c6c2ba7cb2d13e89c4f480f1
16,4,承办机构,extraction,26d52405963eb7634ec911dcc46a95b90f282c897b604ad9461e331f808f6862
4,15,依据,extraction,c058146a954285f7281136027b34f00826b1f4f110988fb471819eb914eabea4
37,1,是,extraction,0425effba4b0b55802fd30d79c262c74bcbadda70455f082f2f7cfa9ed73078a
1,58,涉及问题,extraction,d5e1342778d61db9c63f96f3f11874d3ff1b5a5420510597afc21a3746f77e13
3,4,是,extraction,d08580506622eb3b009abbcab184c7d6527dc171bbca042f5d2132b53eb48841
8,29,是,extraction,361487daa4f72ef0bea966c2740ed8160c3514f17e0e71d25d21d78ebfd5b306
37,79,是,extraction,2e4a846bbba0e4ffa907d50689948f0beda559552eededfbee3941bc9d1004e1
3,4,是,extraction,d08580506622eb3b009abbcab184c7d6527dc171bbca042f5d2132b53eb48841
8,9,是,extraction,34744a2cc14d3a7a3f5317cdb530e92b9bd201c7bd7571d5db06d6b1e91b6e7f
10,9,是,extraction,af1a9ecff071ed8f3be3a892c768d8887025fa5bd902d7808d64806d738d9e49
11,20,是,extraction,4f6bd6ee852dc39505db943bb8728969a06f8c23c54a14cbb4d6866ffb8c4f4a
1,21,涉及领域,extraction,8ca3c7ec431526b4652e076cd97da1d95ce4d180dc3397c46d4004e5d5bd15b5
4,1,权力类型,extraction,06f1cb2317f43bcd0489624a54a5cda47739e2ccc801a931aacc75c90aebf3f1
5,1,行驶主体,extraction,57149ab40d40daf68ddae1ef3d64025366218c3d8d9786a7c7d9406523c436b5
5,1,承办机构,extraction,9054f2bd559f99e7217094914676411351172fc3f6311c47ff7fbb7de27ab132
33,4,实施依据,extraction,598f4449a0faeef0d4168ba286bd7f788f37938fef50e0fea981468eacf6e878
1,60,基于,extraction,e62703517cd6a5cef5c6f2791d3f9338d07a34e7b0c9c69886261a5ce02f0698
3,4,是,extraction,d08580506622eb3b009abbcab184c7d6527dc171bbca042f5d2132b53eb48841
8,14,是,extraction,7574d3dbd8d8b8c050e695585b2139657ee4c361c101f42d9fa804421e3dc311
10,14,是,extraction,724fd5216be260a1ef5c764227bd7814bbb14163569e9c4d0854790e0b534a15
11,6,是,extraction,7e353cf317a918dc7fc3ca1d0f821842e1eb7ad0cd8be30fa8e66af096026847
1,7,涉及内容,extraction,84ec41785d3dffa6a33ffba489555a4b1814d4c0efdaa6c986d31e41c365b671
4,1,权力类型,extraction,06f1cb2317f43bcd0489624a54a5cda47739e2ccc801a931aacc75c90aebf3f1
29,1,行驶主体,extraction,3894e2807bd5d700cd8e59ee73eb9d47cb997d8bf04d89c2b3816a91f3f94483
29,1,承办机构,extraction,bd5db513e02b588bffbd25ee058495f5dafac2b9a07a6392fb0bac6645b72a35
1,41,依据,extraction,30d0e04c22fdef4a398deaf1e4bfc75bac034a9549b8bc63f5da1a2460436188
3,4,是,extraction,d08580506622eb3b009abbcab184c7d6527dc171bbca042f5d2132b53eb48841
8,14,是,extraction,7574d3dbd8d8b8c050e695585b2139657ee4c361c101f42d9fa804421e3dc311
10,14,是,extraction,724fd5216be260a1ef5c764227bd7814bbb14163569e9c4d0854790e0b534a15
11,33,是,extraction,86e684c0f0ab092352cdfe7d8da05aa3e50e8ef796d48ce0861f329bddd98b42
1,86,包含行为,extraction,08cbbbce071d68a8d1735a75d280b6c6a8fe9e1e5f4af0373c7b36c41506a7ba
11,94,依据,extraction,703d311eef8387c13d97d59e0fa8302467dd1a6886fa8eb66dba6ef81e2d1cce
3,4,是,extraction,d08580506622eb3b009abbcab184c7d6527dc171bbca042f5d2132b53eb48841
16,8,是,extraction,2fcd261ba84ab0c94153d7f0450fbf18f063c220d4a9da625b5130b5ac716105
16,10,是,extraction,0676f80814a944f0133efe570d87a4210481e5da6dd1982bbdd57d1a6f69161c
1,13,涉及事项,extraction,86c09acc911d03df996302b1851f59b2d4b69c81046c2bee7674d0a378f87090
4,1,权力类型,extraction,06f1cb2317f43bcd0489624a54a5cda47739e2ccc801a931aacc75c90aebf3f1
19,4,行驶主体,extraction,fc975c45488700256c6dc1a4471e5731d13c0901460034200da8f0d966941b18
19,4,承办机构,extraction,1b13ac4aeb7af35063ac982064f773cab0cd5e9db3f2bcd5e9238ee81191e24d
6,4,实施依据,extraction,20133cc1c3cf680305ab9f27bd9f10688b55bd764b7da80c566286d7bfc030ac
1,23,涉及事项,extraction,888f4d96ceb27a16f6144a62b1e47fefe4fdb1a079dfee7c5d704fb359a4ee41
4,1,权力类型,extraction,06f1cb2317f43bcd0489624a54a5cda47739e2ccc801a931aacc75c90aebf3f1
45,4,行驶主体,extraction,8364937a17480c3db6b61e4b6d12d23e1e64dbd34fa75fe86466c4d3b9dbcf2e
45,4,承办机构,extraction,24cf3a2e7392bcb652e11bf14695a9023dabbc462fa4d15e1d3f0e84c27c9a0f
30,4,实施依据,extraction,3eee29fb82f5877ff129df233551dd8a6ff4d91b6f41f082d7d3c3ea58403369
1,7,涉及事项,extraction,85180ae3904fb4dda3182acbf59b089f40c2fd247f916a351ff2a9030ab227d6
4,1,权力类型,extraction,06f1cb2317f43bcd0489624a54a5cda47739e2ccc801a931aacc75c90aebf3f1
16,4,行驶主体,extraction,71eddffd2710e4f0315e456157ca342387f22226c6c2ba7cb2d13e89c4f480f1
16,4,承办机构,extraction,26d52405963eb7634ec911dcc46a95b90f282c897b604ad9461e331f808f6862
4,12,依据,extraction,6091ca3f879765ba70516a8e6a0e4ebb9829f9885255163d97d1d43614d80ccf
1,87,涉及内容,extraction,d8baabd9c853b74ad88c30e16c3b0f0656e37b10a0eb9e6179f1c2eb1aaef3e1
4,1,权力类型,extraction,06f1cb2317f43bcd0489624a54a5cda47739e2ccc801a931aacc75c90aebf3f1
24,1,行驶主体,extraction,1d6e8cf9f9d91c32784b3816cbdf2f3590b5a48dd82d14b69139687101724d02
24,1,承办机构,extraction,706c85cddfe6218745523cfd2d1d75c9d4fbe5d63a11b5aa4700f4ef5caea528
15,1,实施依据,extraction,31db1316f622f9613bf5aedaa673ef1757ff5d0204842ad68fdb3064b9f7e0bb
4,1,权力类型,extraction,06f1cb2317f43bcd0489624a54a5cda47739e2ccc801a931aacc75c90aebf3f1
29,4,行驶主体,extraction,5d29277c63d8d69901b6bf520c1097a8d020d0c58cc6ab4bf6a7f699cef2c9e0
12,4,实施依据,extraction,77ec05a3b21e5a862a466da8763ba8de5bc5e2657210071afe7ce24fa0ee544e
1,86,包含,extraction,1b8da2822d18bd78db33df51dc1afcbbb67d90c5ab33d994166a476382defea7
3,4,是,extraction,d08580506622eb3b009abbcab184c7d6527dc171bbca042f5d2132b53eb48841
29,8,是,extraction,627bf13ff3c81207c7d4caef7d824276c52696fbbb8e5227833b371ffb12d287
29,10,是,extraction,c19fbc2601536a1cc288c510f8dc54eee71c7f5c5d0dc05afcc58349341bf361
11,22,是,extraction,1b323bba6189dbc5ba530bc51581df70b5958e3d716f1672b185da2f26ccf3f8
3,4,是,extraction,d08580506622eb3b009abbcab184c7d6527dc171bbca042f5d2132b53eb48841
8,29,是,extraction,361487daa4f72ef0bea966c2740ed8160c3514f17e0e71d25d21d78ebfd5b306
10,29,是,extraction,ed2e1eb7f64fc3c675b397bf987aa23d776a90888b11ff44f1ee8dc7e6f3fd7f
11,15,是,extraction,3d99bcc2d8a851d2517fe94c1a8b5a03b5cbd811bf3f796fc4f680702935c9c8
37,1,是,extraction,0425effba4b0b55802fd30d79c262c74bcbadda70455f082f2f7cfa9ed73078a
3,4,是,extraction,d08580506622eb3b009abbcab184c7d6527dc171bbca042f5d2132b53eb48841
8,32,是,extraction,79c2a1c208558638ca5abb8e1df4996bbe4f4b8ce1f4077e6032cba30fd44e45
10,32,是,extraction,4da064cb343643cc890842dceaf67b09d17018b8caccfb9a66252b99aba7b2c2
11,26,是,extraction,594ee48e2ef28d4283493b7dd95b58c8a78fd026434bf2ef09599eb13b81049f
1,23,涉及事项,extraction,888f4d96ceb27a16f6144a62b1e47fefe4fdb1a079dfee7c5d704fb359a4ee41
4,1,权力类型,extraction,06f1cb2317f43bcd0489624a54a5cda47739e2ccc801a931aacc75c90aebf3f1
47,4,行驶主体,extraction,0640f05ef77128c1441c26bfd803ecb1ceda5f3744841ac918a904eb75e5b430
47,4,承办机构,extraction,c03c7652d3bd035d9c422cde5be2c865200076b6a24cf178316bf3a7f11482fc
4,30,依据,extraction,e8675dda62d583d7b5a9735d9fca0bcf8816e557a2e66b8b7fa02400c2521171
1,68,涉及事项,extraction,9b7174bb0577ca1933a2e00ec6952755ca1b2c0d1c9a488a895485aecacf34d9
4,1,权力类型,extraction,06f1cb2317f43bcd0489624a54a5cda47739e2ccc801a931aacc75c90aebf3f1
14,4,行使主体,extraction,9b94495c1d619ed1e1733ee73aca1e05b7c3670583172db4996e571e846a1c71
17,1,实施依据,extraction,57b9f5358b809674667e1e874e83a33e718827f191f94297203e3dc6d58f5f8e
1,60,基于,extraction,e62703517cd6a5cef5c6f2791d3f9338d07a34e7b0c9c69886261a5ce02f0698
3,4,是,extraction,d08580506622eb3b009abbcab184c7d6527dc171bbca042f5d2132b53eb48841
8,9,为,extraction,9dfe97b170e7d2f0fbd7612da3b4aafd8a37ca358d78765ef03347ad843802d6
10,9,为,extraction,7c48d8dd63d60d7d044516e2c6fc7bc88837bebc4e1cd7126d18e20eeed46a10
11,41,是,extraction,bd47bd61949ec03ec689102a2ed8157cefc45bfa6195f0919c017603278e86c5
3,4,是,extraction,d08580506622eb3b009abbcab184c7d6527dc171bbca042f5d2132b53eb48841
8,5,是,extraction,2ba53cf2a729e877b6f5a0c20e75c810989d499c8b6ba4b25874f2cf983362ec
10,5,是,extraction,5cec422cc7f67c3758916b82edf5f427a91370d2f97c9320ccc8c7a3165aaa69
11,26,是,extraction,594ee48e2ef28d4283493b7dd95b58c8a78fd026434bf2ef09599eb13b81049f
1,62,包含,extraction,1ac13a5cea2f5974b13517a5bc6c7a50527b0477ed3a20f5355e1a1cc704ff9a
3,4,是,extraction,d08580506622eb3b009abbcab184c7d6527dc171bbca042f5d2132b53eb48841
8,32,是,extraction,79c2a1c208558638ca5abb8e1df4996bbe4f4b8ce1f4077e6032cba30fd44e45
10,32,是,extraction,4da064cb343643cc890842dceaf67b09d17018b8caccfb9a66252b99aba7b2c2
11,20,是,extraction,4f6bd6ee852dc39505db943bb8728969a06f8c23c54a14cbb4d6866ffb8c4f4a
3,4,类型,extraction,4a8d183849056dd2df3cb998024802f1af71f6686b9548e80436e7d7127139f8
8,19,是,extraction,006b328d48dbd15d5a9997deacf5688dd0ac64bde696a0a8abd3e39f166e5081
10,19,是,extraction,27a0cebbbbbf719194bc882592ca52cb56fe00182beb07450e8e461717b2d932
11,41,依据,extraction,089fdb9ded6e72a8ca99accaac44e10d8d09fcb1730a335ba5319df1b5770bb8
1,64,涉及行为,extraction,f8221974ba544d440d40e711b3567121f20c2299786e0e379f2af7c8e1e801ef
4,1,权力类型,extraction,06f1cb2317f43bcd0489624a54a5cda47739e2ccc801a931aacc75c90aebf3f1
14,4,行驶主体,extraction,ff4b0a7f40b962e1be42c8d9deabdfd93ffd93339a1379461e27b3024ae241d9
14,4,承办机构,extraction,5209d4f8d1ed238b7456b5e0ad60ba31f1c386d98b7ad0475147720ec581cc7e
4,33,实施依据,extraction,878fab09c7d0c53381b174a66c392fa75cbd621f55d39ec877bd13ad587989c6
1,66,涉及内容,extraction,1df633d8df80469913eef582a04e08744f4c2e54d3d120d59af66e3c944e1b85
3,4,类型,extraction,4a8d183849056dd2df3cb998024802f1af71f6686b9548e80436e7d7127139f8
11,41,依据,extraction,089fdb9ded6e72a8ca99accaac44e10d8d09fcb1730a335ba5319df1b5770bb8
47,8,是,extraction,ee79f55912d29cfba09035184c44e68fa107ab202b98a8a76289362e09a33956
47,10,是,extraction,03d74663313db6ccdea3afde0f83dcf7b1497ae5e18fd18cc73df132eacdf018
1,50,涉及问题,extraction,d9aee7e532418f68a24d42b6c0f1cfa2f6d491734d66eb49042adf59fb9f4ecb
3,4,类型,extraction,4a8d183849056dd2df3cb998024802f1af71f6686b9548e80436e7d7127139f8
11,6,依据,extraction,295d212a9c577dbf7633e859777c33fd4db2dd858205f7afff9c9600d466eaa3
1,52,涉及事项,extraction,60c44bc532430527e320f23ce8301d12a3341698a8f67afd3e5649f8789ec4a8
4,1,权力类型,extraction,06f1cb2317f43bcd0489624a54a5cda47739e2ccc801a931aacc75c90aebf3f1
1,64,涉及内容,extraction,b09643ac8b06634901d8a33a06e00fed43dd2cce3f069d4906feda60c5193ff1
3,4,类型,extraction,4a8d183849056dd2df3cb998024802f1af71f6686b9548e80436e7d7127139f8
8,1,实施,extraction,2f27135ff0eb4ba661d125ff3c5bc6f135c81d7b834beef22111effa89c58fd2
10,1,实施,extraction,61ecbb82f89cf82caa00da65c733716a30c6ac9f75ad346d4aaae36badcc65a8
5,1,行驶主体,extraction,57149ab40d40daf68ddae1ef3d64025366218c3d8d9786a7c7d9406523c436b5
5,1,承办机构,extraction,9054f2bd559f99e7217094914676411351172fc3f6311c47ff7fbb7de27ab132
37,1,是,extraction,0425effba4b0b55802fd30d79c262c74bcbadda70455f082f2f7cfa9ed73078a
1,49,包含,extraction,4cb10420f14c13ab1b268f7e1e05b2b0edc68dfcb643ba4f4b81cc4b741bc5c7
3,4,是,extraction,d08580506622eb3b009abbcab184c7d6527dc171bbca042f5d2132b53eb48841
8,9,是,extraction,34744a2cc14d3a7a3f5317cdb530e92b9bd201c7bd7571d5db06d6b1e91b6e7f
10,9,是,extraction,af1a9ecff071ed8f3be3a892c768d8887025fa5bd902d7808d64806d738d9e49
11,22,是,extraction,1b323bba6189dbc5ba530bc51581df70b5958e3d716f1672b185da2f26ccf3f8
1,49,服务事项,extraction,b12e5727ad0347884c5325f6f1b64951a426eeef796d7c44bb72ef79be727401
4,1,权力类型,extraction,06f1cb2317f43bcd0489624a54a5cda47739e2ccc801a931aacc75c90aebf3f1
47,1,行驶主体,extraction,cd815e6ef285efede797fac164e9d2711b8b1395e5cd525e398131d3fae4e735
47,1,承办机构,extraction,e473ad1106090cd367e1b8ccd73f428bb60c56de8e4b8458b3f93a6a71d75251
35,1,实施依据,extraction,c2160bc37901fdb446bacf457f42f5af556fdcd5b45c0e99b283102cca9bc468
1,7,涉及内容,extraction,84ec41785d3dffa6a33ffba489555a4b1814d4c0efdaa6c986d31e41c365b671
29,29,行驶主体,extraction,bf02fd517447d79a40fd984f0e7fccd80266617245f8b4d62282fb149a720bf9
29,29,承办机构,extraction,3bc0b3d88608b3cd656fa08f28992bc10c547819f4b6b0aee47e133be0952175
1,55,包含原因,extraction,7371f8bb53181921315083602d5bc3035507185ba863cee2dbd34d27d0df5d4b
3,4,是,extraction,d08580506622eb3b009abbcab184c7d6527dc171bbca042f5d2132b53eb48841
8,14,是,extraction,7574d3dbd8d8b8c050e695585b2139657ee4c361c101f42d9fa804421e3dc311
10,14,是,extraction,724fd5216be260a1ef5c764227bd7814bbb14163569e9c4d0854790e0b534a15
11,12,是,extraction,4bb51718453a67d9015b846c6a68662b97572c0a9269a7df9df55bbbce96ae63
1,58,基于,extraction,fb7cb6e3e104d457147f8f3b47768b0c6b01af4f6446cd6343b686f04ff8f142
3,4,是,extraction,d08580506622eb3b009abbcab184c7d6527dc171bbca042f5d2132b53eb48841
8,14,是,extraction,7574d3dbd8d8b8c050e695585b2139657ee4c361c101f42d9fa804421e3dc311
10,14,是,extraction,724fd5216be260a1ef5c764227bd7814bbb14163569e9c4d0854790e0b534a15
11,33,是,extraction,86e684c0f0ab092352cdfe7d8da05aa3e50e8ef796d48ce0861f329bddd98b42
37,1,是,extraction,0425effba4b0b55802fd30d79c262c74bcbadda70455f082f2f7cfa9ed73078a
1,100,包含,extraction,518ba16e1025ee6deba115200722e91a4807cd188026d5a4c144b5dba0d3038a
3,4,是,extraction,d08580506622eb3b009abbcab184c7d6527dc171bbca042f5d2132b53eb48841
8,45,是,extraction,a021dc763489713e44feb30ec7e7c62bfaaf973fdca58ef22a79cc8fca2cf9c4
10,51,是,extraction,664ae38f36c277c1f3150d9e71f653fa64edcbcc4cc28fe8a99fb2bd85a68b29
11,48,是,extraction,aed00a1e0ade0525731bb07f81b1486504e94ecb2350902198e5871c236804b0
1,7,涉及内容,extraction,84ec41785d3dffa6a33ffba489555a4b1814d4c0efdaa6c986d31e41c365b671
4,1,权力类型,extraction,06f1cb2317f43bcd0489624a54a5cda47739e2ccc801a931aacc75c90aebf3f1
9,4,行驶主体,extraction,8b51ed11a0731094dcf617a38cdbb7ec00b30e823794283e67e82d7edd09a043
9,4,承办机构,extraction,a6e2ca82d3d2de505ea3d13de0bcfe4973cc90babf302d312c2ab3ff4948ff06
4,20,实施依据,extraction,8ac60cd59143eb18bf0fba724df65f6faaaeccce3cffabae3b835f887bdaecce
19,4,行使权力,extraction,4ce20b74671690e59f35088eedb36c292d50ff2551c87b7aee593f26ee6193a9
19,8,是,extraction,6d8a4f39186950429ab3abfd8a01c2431174e6fb7ece9157329513ce1d6b4d58
19,10,是,extraction,13bef633a4358f8cdfbe9be934e49cc5c63dfcec5dc860d6e55736bef221e6d2
1,64,涉及行为,extraction,f8221974ba544d440d40e711b3567121f20c2299786e0e379f2af7c8e1e801ef
4,1,权力类型,extraction,06f1cb2317f43bcd0489624a54a5cda47739e2ccc801a931aacc75c90aebf3f1
14,1,行驶主体,extraction,42f7273a74403e1ff40ec20c28c5684bdebdde720b9bb324665a197a1fd17536
14,1,承办机构,extraction,b425f25c4103731723fffdea3b08ba92f7768243f470d556220be325d20abc5c
1,15,依据,extraction,860d58552d8b082eede9d30f3add9b2ea5606a6bcfacf9982b6cf6ab1761d1df
1,18,涉及,extraction,3809770ba7ef48d41647f651814347ce7af066af5e2d2a56ba29998e548215c7
4,3,属于,extraction,78b18b9c4201fc1f09d7ae910a2166ca96d5ef4d3254d0d7c72db8fa4ed3d1f0
5,8,是,extraction,21579cce37ea44cb2c8431913849335bc0970d584c14428520be1529f7315e83
5,10,也是,extraction,b44ca37ceead0caa9b75aafb3a2d822a4e81c664e05fbb5eacace4d3a3289119
1,7,涉及内容,extraction,84ec41785d3dffa6a33ffba489555a4b1814d4c0efdaa6c986d31e41c365b671
4,1,权力类型,extraction,06f1cb2317f43bcd0489624a54a5cda47739e2ccc801a931aacc75c90aebf3f1
24,4,行驶主体,extraction,b28f4abcc9fd2027f9867fe9c65c46b96e46e9a7842fd232abf55e768be19b15
24,4,承办机构,extraction,8d1fddd2c1b5a28bff9df61bcfda71970b1285fe8acb248aa0f146a87eebea68
17,4,实施依据,extraction,08009d763108b7ec4a0affd69b8e0186cf3d5302448644519620981f002537af
1,42,涉及内容,extraction,b53c7504e6a2c6659ae9a86718432659732b1cd949082a5c56d287eb4a6f6f28
4,1,权力类型,extraction,06f1cb2317f43bcd0489624a54a5cda47739e2ccc801a931aacc75c90aebf3f1
45,1,行驶主体,extraction,8eddef9e7cb0a9ef48bf1d9c5453eeaa783093eb2b61876f61f7d2b7a721e349
45,1,承办机构,extraction,9f49a4cd963acd1bb4cc403259dcc90b45180ce5f8f80434750ef8acda654983
1,41,实施依据,extraction,28bbe47fee0077d9a4c1aa39b30e08f2186b2bc5fa6ed39624ca2bbc7ad46ac3
1,13,涉及事项,extraction,86c09acc911d03df996302b1851f59b2d4b69c81046c2bee7674d0a378f87090
4,1,权力类型,extraction,06f1cb2317f43bcd0489624a54a5cda47739e2ccc801a931aacc75c90aebf3f1
24,4,行驶主体,extraction,b28f4abcc9fd2027f9867fe9c65c46b96e46e9a7842fd232abf55e768be19b15
24,4,承办机构,extraction,8d1fddd2c1b5a28bff9df61bcfda71970b1285fe8acb248aa0f146a87eebea68
4,35,实施依据,extraction,923dc4cd2a2cc76e6dbe47e1b10d78b992f57e57765405acf1dcf1445285a1bf
1,68,涉及事项,extraction,9b7174bb0577ca1933a2e00ec6952755ca1b2c0d1c9a488a895485aecacf34d9
4,1,权力类型,extraction,06f1cb2317f43bcd0489624a54a5cda47739e2ccc801a931aacc75c90aebf3f1
26,4,实施依据,extraction,e6cbf4ca69f5e082a1296b952fd57617df900b386221cceb6c60d2aa8fd1df71
37,1,是,extraction,0425effba4b0b55802fd30d79c262c74bcbadda70455f082f2f7cfa9ed73078a
1,87,涉及,extraction,b0b891724187ba8b9ffee3d52dbc219e7a6981f0725ebdc5f0e6dcd170e0e666
3,4,是,extraction,d08580506622eb3b009abbcab184c7d6527dc171bbca042f5d2132b53eb48841
8,9,是,extraction,34744a2cc14d3a7a3f5317cdb530e92b9bd201c7bd7571d5db06d6b1e91b6e7f
10,9,是,extraction,af1a9ecff071ed8f3be3a892c768d8887025fa5bd902d7808d64806d738d9e49
37,1,是,extraction,0425effba4b0b55802fd30d79c262c74bcbadda70455f082f2f7cfa9ed73078a
1,36,涉及领域,extraction,05647e8618dcbfae7417e237aa04231b181e1ce61d823f4fda9b32b6663cf4d2
3,4,是,extraction,d08580506622eb3b009abbcab184c7d6527dc171bbca042f5d2132b53eb48841
8,72,是,extraction,35784d1dfa32a70a158b975a8b605c582d4250722fd4f7e3dba81ff5d2d9fac2
10,32,是,extraction,4da064cb343643cc890842dceaf67b09d17018b8caccfb9a66252b99aba7b2c2
11,35,是,extraction,e354f1fd5b27511710c92338a794ef09138dd8dbcfedfaa5e43cc3fd3f4af21e
1,50,涉及问题,extraction,d9aee7e532418f68a24d42b6c0f1cfa2f6d491734d66eb49042adf59fb9f4ecb
4,3,属于,extraction,78b18b9c4201fc1f09d7ae910a2166ca96d5ef4d3254d0d7c72db8fa4ed3d1f0
16,8,是,extraction,2fcd261ba84ab0c94153d7f0450fbf18f063c220d4a9da625b5130b5ac716105
16,10,是,extraction,0676f80814a944f0133efe570d87a4210481e5da6dd1982bbdd57d1a6f69161c
15,11,是,extraction,17eca294a86b414e3bc4c1c9620d98db83e530fc9a5254aaba4ad319d1ee702e
37,1,是,extraction,0425effba4b0b55802fd30d79c262c74bcbadda70455f082f2f7cfa9ed73078a
3,4,是,extraction,d08580506622eb3b009abbcab184c7d6527dc171bbca042f5d2132b53eb48841
8,5,是,extraction,2ba53cf2a729e877b6f5a0c20e75c810989d499c8b6ba4b25874f2cf983362ec
10,5,是,extraction,5cec422cc7f67c3758916b82edf5f427a91370d2f97c9320ccc8c7a3165aaa69
11,48,是,extraction,aed00a1e0ade0525731bb07f81b1486504e94ecb2350902198e5871c236804b0
32,4,执行,extraction,ffaa1384ae79f8da48db88f967b7c5cfecf3f977a69cae5317ec088b2dd8ebc5
32,8,是,extraction,daabdd4832c86be7d29c8dca7498a6fac48f01f00dd7d11e254a8d7bf62fe7eb
32,10,等同于,extraction,9da91854f76d53a7ae2786c35f1b4f0c00bc30643137a7b60834810b5250fcf4
41,11,是,extraction,2aa5ce3319b71719a9722b2b9ca560ee70cb1afb4735ee376592f6226b73ba42
37,77,权力类型,extraction,6f44fe59131831edd332d5efd6961aa1c42186ce2c740ffa29c3b357ce561db7
29,29,行驶主体,extraction,bf02fd517447d79a40fd984f0e7fccd80266617245f8b4d62282fb149a720bf9
29,29,承办机构,extraction,3bc0b3d88608b3cd656fa08f28992bc10c547819f4b6b0aee47e133be0952175
5,8,是,extraction,21579cce37ea44cb2c8431913849335bc0970d584c14428520be1529f7315e83
5,10,也是,extraction,b44ca37ceead0caa9b75aafb3a2d822a4e81c664e05fbb5eacace4d3a3289119
11,22,来自,extraction,f7ddd3b440d3f0c2a5b673d0c8b7bb2b4cd346c7e20548efdfe103cb590c4ea4
1,64,涉及内容,extraction,b09643ac8b06634901d8a33a06e00fed43dd2cce3f069d4906feda60c5193ff1
3,4,类型,extraction,4a8d183849056dd2df3cb998024802f1af71f6686b9548e80436e7d7127139f8
8,45,为,extraction,c46a73dfd830178a9c6114cc6b10d2d9e9b29c272985214aa2622443c3c29d7f
10,45,为,extraction,8d6a9234e9eb569deb056c806a7b8ba12ef75f2400c5c00778e03fd1d107b2ca
11,48,来自,extraction,a5d8eb8e065400b124d9a588b5b625e30df6c1b07ab24d24174400cb96e927ba
1,42,涉及内容,extraction,b53c7504e6a2c6659ae9a86718432659732b1cd949082a5c56d287eb4a6f6f28
4,1,权力类型,extraction,06f1cb2317f43bcd0489624a54a5cda47739e2ccc801a931aacc75c90aebf3f1
24,1,行驶主体,extraction,1d6e8cf9f9d91c32784b3816cbdf2f3590b5a48dd82d14b69139687101724d02
24,1,承办机构,extraction,706c85cddfe6218745523cfd2d1d75c9d4fbe5d63a11b5aa4700f4ef5caea528
1,33,依据,extraction,beb4a53aeccd91f8439219990e9369a7c0fbc8b629e10951b4b57ace5628c03a
1,53,服务事项,extraction,6e3e1be22725db07cbda085e898d35471ffc4e71289552d4108ae311195e776c
4,1,权力类型,extraction,06f1cb2317f43bcd0489624a54a5cda47739e2ccc801a931aacc75c90aebf3f1
19,1,行驶主体,extraction,06e6c42d0d6d05423f97cae2ad8cf989f51a21bcef0b37dade2daaef3ff7ee6b
1,7,涉及事项,extraction,85180ae3904fb4dda3182acbf59b089f40c2fd247f916a351ff2a9030ab227d6
4,1,权力类型,extraction,06f1cb2317f43bcd0489624a54a5cda47739e2ccc801a931aacc75c90aebf3f1
9,4,行使主体,extraction,e830fe00193bd00310111523eddab4cf4b670401770c0e4186b99a9f2aafbc4e
3,4,是,extraction,d08580506622eb3b009abbcab184c7d6527dc171bbca042f5d2132b53eb48841
8,19,是,extraction,006b328d48dbd15d5a9997deacf5688dd0ac64bde696a0a8abd3e39f166e5081
10,19,是,extraction,27a0cebbbbbf719194bc882592ca52cb56fe00182beb07450e8e461717b2d932
11,20,是,extraction,4f6bd6ee852dc39505db943bb8728969a06f8c23c54a14cbb4d6866ffb8c4f4a
1,7,涉及事项,extraction,85180ae3904fb4dda3182acbf59b089f40c2fd247f916a351ff2a9030ab227d6
4,1,权力类型,extraction,06f1cb2317f43bcd0489624a54a5cda47739e2ccc801a931aacc75c90aebf3f1
29,1,行驶主体,extraction,3894e2807bd5d700cd8e59ee73eb9d47cb997d8bf04d89c2b3816a91f3f94483
29,1,承办机构,extraction,bd5db513e02b588bffbd25ee058495f5dafac2b9a07a6392fb0bac6645b72a35
26,1,实施依据,extraction,59db61bc1a579df3551528407c91bfe5ae1e2f6b7835730824a80f9076673213
37,57,是,extraction,b13e959e9eb103ae751d1bd08ec331cbb2c6bce5501bfb259608fc57c12c1936
8,16,是,extraction,a918c982f93fcff92ed89edb6dc9e992e5498bcbd343e75a57497f0321400988
10,16,是,extraction,746a2100773446996a077ea20c54ba9035e03b7b31f93fb59a8ae3cd5a9d17da
1,40,涉及内容,extraction,de20e85db7086358cf9286abdebf47adc291c16b26f2f272b53ee25a61196b6a
3,4,类型,extraction,4a8d183849056dd2df3cb998024802f1af71f6686b9548e80436e7d7127139f8
29,1,行驶主体,extraction,3894e2807bd5d700cd8e59ee73eb9d47cb997d8bf04d89c2b3816a91f3f94483
29,1,承办机构,extraction,bd5db513e02b588bffbd25ee058495f5dafac2b9a07a6392fb0bac6645b72a35
39,1,实施依据,extraction,f3d70785ffdccc7f324b30f12363df58cd4cc126f8cc059e5bb1dde321050022
4,46,权力类型,extraction,a5d29210a4c02e36b3d49be353c9f3abee26d5cd76396cd4daaa6d6f6895a4b9
34,13,涉及内容,extraction,701a0ab3793e9ed563046133a55643dac1893750677366503c9543dc2ca21d03
3,4,是,extraction,d08580506622eb3b009abbcab184c7d6527dc171bbca042f5d2132b53eb48841
8,19,是,extraction,006b328d48dbd15d5a9997deacf5688dd0ac64bde696a0a8abd3e39f166e5081
11,30,是,extraction,5a718b8ea79a649c60fa74166375f668d4abd9f5ab80a4084176c4bd48c96c81
1,42,基于,extraction,a4e2c854b158683c5d3495a0c2d56fd46f5e78ebd0b4df60b23ded7c379fbbe2
3,4,是,extraction,d08580506622eb3b009abbcab184c7d6527dc171bbca042f5d2132b53eb48841
8,9,是,extraction,34744a2cc14d3a7a3f5317cdb530e92b9bd201c7bd7571d5db06d6b1e91b6e7f
10,9,是,extraction,af1a9ecff071ed8f3be3a892c768d8887025fa5bd902d7808d64806d738d9e49
11,41,是,extraction,bd47bd61949ec03ec689102a2ed8157cefc45bfa6195f0919c017603278e86c5
1,52,涉及事项,extraction,60c44bc532430527e320f23ce8301d12a3341698a8f67afd3e5649f8789ec4a8
4,1,权力类型,extraction,06f1cb2317f43bcd0489624a54a5cda47739e2ccc801a931aacc75c90aebf3f1
45,1,行驶主体,extraction,8eddef9e7cb0a9ef48bf1d9c5453eeaa783093eb2b61876f61f7d2b7a721e349
45,1,承办机构,extraction,9f49a4cd963acd1bb4cc403259dcc90b45180ce5f8f80434750ef8acda654983
1,30,依据,extraction,bc710a64442dc42592ce1db48fb985ce059ec553b6b109b56e7f1b93a30a1bdd
1,50,涉及问题,extraction,d9aee7e532418f68a24d42b6c0f1cfa2f6d491734d66eb49042adf59fb9f4ecb
4,1,权力类型,extraction,06f1cb2317f43bcd0489624a54a5cda47739e2ccc801a931aacc75c90aebf3f1
14,4,行驶主体,extraction,ff4b0a7f40b962e1be42c8d9deabdfd93ffd93339a1379461e27b3024ae241d9
14,4,承办机构,extraction,5209d4f8d1ed238b7456b5e0ad60ba31f1c386d98b7ad0475147720ec581cc7e
4,30,实施依据,extraction,375db14baf95d43a2ae8dbcd3a154ec2bac2b1d4a3144a8d3cc36c022bdf0df0
1,53,包含,extraction,64a4053bf85b4229ca75172db19fa063634041281deff312e745aba0a3e284be
3,4,是,extraction,d08580506622eb3b009abbcab184c7d6527dc171bbca042f5d2132b53eb48841
8,14,是,extraction,7574d3dbd8d8b8c050e695585b2139657ee4c361c101f42d9fa804421e3dc311
10,14,是,extraction,724fd5216be260a1ef5c764227bd7814bbb14163569e9c4d0854790e0b534a15
11,35,是,extraction,e354f1fd5b27511710c92338a794ef09138dd8dbcfedfaa5e43cc3fd3f4af21e
3,4,是,extraction,d08580506622eb3b009abbcab184c7d6527dc171bbca042f5d2132b53eb48841
8,5,是,extraction,2ba53cf2a729e877b6f5a0c20e75c810989d499c8b6ba4b25874f2cf983362ec
10,5,是,extraction,5cec422cc7f67c3758916b82edf5f427a91370d2f97c9320ccc8c7a3165aaa69
11,12,是,extraction,4bb51718453a67d9015b846c6a68662b97572c0a9269a7df9df55bbbce96ae63
37,1,是,extraction,0425effba4b0b55802fd30d79c262c74bcbadda70455f082f2f7cfa9ed73078a
1,100,包含,extraction,518ba16e1025ee6deba115200722e91a4807cd188026d5a4c144b5dba0d3038a
3,4,是,extraction,d08580506622eb3b009abbcab184c7d6527dc171bbca042f5d2132b53eb48841
8,14,是,extraction,7574d3dbd8d8b8c050e695585b2139657ee4c361c101f42d9fa804421e3dc311
11,6,是,extraction,7e353cf317a918dc7fc3ca1d0f821842e1eb7ad0cd8be30fa8e66af096026847
1,23,涉及事项,extraction,888f4d96ceb27a16f6144a62b1e47fefe4fdb1a079dfee7c5d704fb359a4ee41
4,1,权力类型,extraction,06f1cb2317f43bcd0489624a54a5cda47739e2ccc801a931aacc75c90aebf3f1
14,4,行驶主体,extraction,ff4b0a7f40b962e1be42c8d9deabdfd93ffd93339a1379461e27b3024ae241d9
14,4,承办机构,extraction,5209d4f8d1ed238b7456b5e0ad60ba31f1c386d98b7ad0475147720ec581cc7e
20,4,实施依据,extraction,1b7b8e70934bc1e1f3ec7bc00bb74fa7e905259ce58aef57203d7288cd724ca9
1,50,涉及问题,extraction,d9aee7e532418f68a24d42b6c0f1cfa2f6d491734d66eb49042adf59fb9f4ecb
4,1,权力类型,extraction,06f1cb2317f43bcd0489624a54a5cda47739e2ccc801a931aacc75c90aebf3f1
19,4,行驶主体,extraction,fc975c45488700256c6dc1a4471e5731d13c0901460034200da8f0d966941b18
19,4,承办机构,extraction,1b13ac4aeb7af35063ac982064f773cab0cd5e9db3f2bcd5e9238ee81191e24d
48,4,实施依据,extraction,4f8484e520c1c8e06fbc1b3f8bb52725bdf6135ed870d68667c7520c6dbfe736
45,8,是,extraction,b7067c4179e39e56f9de40f32fe6b2f25a52b560138ca8696003a4fb2c935798
45,10,是,extraction,250627923abaafb2538195b69e129550e05ec4a0c6f6f2f6605b3e1b5d619be5
4,1,权力类型,extraction,06f1cb2317f43bcd0489624a54a5cda47739e2ccc801a931aacc75c90aebf3f1
47,1,行驶主体,extraction,cd815e6ef285efede797fac164e9d2711b8b1395e5cd525e398131d3fae4e735
47,1,承办机构,extraction,e473ad1106090cd367e1b8ccd73f428bb60c56de8e4b8458b3f93a6a71d75251
30,1,实施依据,extraction,51ba74e7a5462ac0d8b7f792d0b4a41c1a42e4fcd4adb877a89ee3a9022eacd6
4,46,权力类型,extraction,a5d29210a4c02e36b3d49be353c9f3abee26d5cd76396cd4daaa6d6f6895a4b9
14,4,行驶主体,extraction,ff4b0a7f40b962e1be42c8d9deabdfd93ffd93339a1379461e27b3024ae241d9
14,4,承办机构,extraction,5209d4f8d1ed238b7456b5e0ad60ba31f1c386d98b7ad0475147720ec581cc7e
35,4,实施依据,extraction,f819a515d249b858e278539e4a1afefc0501a560005cd9055d74756b490194f6
37,1,是,extraction,0425effba4b0b55802fd30d79c262c74bcbadda70455f082f2f7cfa9ed73078a
1,62,包含,extraction,1ac13a5cea2f5974b13517a5bc6c7a50527b0477ed3a20f5355e1a1cc704ff9a
3,4,是,extraction,d08580506622eb3b009abbcab184c7d6527dc171bbca042f5d2132b53eb48841
8,16,是,extraction,a918c982f93fcff92ed89edb6dc9e992e5498bcbd343e75a57497f0321400988
10,16,是,extraction,746a2100773446996a077ea20c54ba9035e03b7b31f93fb59a8ae3cd5a9d17da
11,48,是,extraction,aed00a1e0ade0525731bb07f81b1486504e94ecb2350902198e5871c236804b0
1,21,涉及领域,extraction,8ca3c7ec431526b4652e076cd97da1d95ce4d180dc3397c46d4004e5d5bd15b5
32,1,行使主体,extraction,21e6b723ac1b8b6612819ab1bf52428f7b6b9163739ec5d9647aeee3dbf3b312
32,32,承办机构,extraction,911adfffd05806263bf58b0d02a29a83b098803ea7bdf542e61063696f391749
1,6,依据,extraction,cf80a41cfbe8cca5a52d6fcd7e48ad0a16c62e701ea3daffe7b904843934819d
37,1,是,extraction,0425effba4b0b55802fd30d79c262c74bcbadda70455f082f2f7cfa9ed73078a
1,31,涉及问题,extraction,ea08369126f7fbe0d95ca41a348902bab3f4d8e388232d1c4ed32a98fca9af59
3,4,是,extraction,d08580506622eb3b009abbcab184c7d6527dc171bbca042f5d2132b53eb48841
8,43,是,extraction,5f9fc4e6c17fac692ea14127fb905f8c6be6ac25c319cad5d4b1b0b2726541e1
10,47,是,extraction,95e2b3b1d927b9bbdb48660d6ad3d8a240228e55a60909c980c4ecb4241ff67d
11,39,是,extraction,b07fccd0d92f620f3f01b65e8dcc4a7135558f4fd60464f2e612b30129e7c93c
1,37,服务事项,extraction,3bfddd40eff71325f2888542b0e7ea6c7b3afbc4675ce8292f3b2a8b85d0ff7f
1,68,涉及事项,extraction,9b7174bb0577ca1933a2e00ec6952755ca1b2c0d1c9a488a895485aecacf34d9
4,1,权力类型,extraction,06f1cb2317f43bcd0489624a54a5cda47739e2ccc801a931aacc75c90aebf3f1
14,4,行驶主体,extraction,ff4b0a7f40b962e1be42c8d9deabdfd93ffd93339a1379461e27b3024ae241d9
14,4,承办机构,extraction,5209d4f8d1ed238b7456b5e0ad60ba31f1c386d98b7ad0475147720ec581cc7e
12,4,实施依据,extraction,77ec05a3b21e5a862a466da8763ba8de5bc5e2657210071afe7ce24fa0ee544e
37,3,是,extraction,7f332352fa2993a5d3ccd07d2dbcde79bf4c1b47c575288c8cd47423e21dfad5
3,4,属于,extraction,0a591c160124eebb180ff94e5f8dfed537f3c363aedc33fc0338e1bc3bc3b899
19,8,是,extraction,6d8a4f39186950429ab3abfd8a01c2431174e6fb7ece9157329513ce1d6b4d58
19,10,是,extraction,13bef633a4358f8cdfbe9be934e49cc5c63dfcec5dc860d6e55736bef221e6d2
1,68,涉及事项,extraction,9b7174bb0577ca1933a2e00ec6952755ca1b2c0d1c9a488a895485aecacf34d9
4,1,权力类型,extraction,06f1cb2317f43bcd0489624a54a5cda47739e2ccc801a931aacc75c90aebf3f1
24,4,行驶主体,extraction,b28f4abcc9fd2027f9867fe9c65c46b96e46e9a7842fd232abf55e768be19b15
24,4,承办机构,extraction,8d1fddd2c1b5a28bff9df61bcfda71970b1285fe8acb248aa0f146a87eebea68
37,102,是,extraction,6221288a67c5f4fa894f76773728d418f77b2ad5986b6f363fe326b3cd49c1b5
3,4,是,extraction,d08580506622eb3b009abbcab184c7d6527dc171bbca042f5d2132b53eb48841
8,45,是,extraction,a021dc763489713e44feb30ec7e7c62bfaaf973fdca58ef22a79cc8fca2cf9c4
10,45,是,extraction,2d016bdf9bf15554b1ad6c86d08a7a8fb403f16c47bde3a5e828a87eca3b3c9e
11,26,是,extraction,594ee48e2ef28d4283493b7dd95b58c8a78fd026434bf2ef09599eb13b81049f
1,100,涉及领域,extraction,19ffa60655c43a57e8bc0f22bc7192cc2bd4ccece976a791265205ce681bb8cf
29,1,行驶主体,extraction,3894e2807bd5d700cd8e59ee73eb9d47cb997d8bf04d89c2b3816a91f3f94483
29,1,承办机构,extraction,bd5db513e02b588bffbd25ee058495f5dafac2b9a07a6392fb0bac6645b72a35
1,20,依据,extraction,0f755d0d76fda2f2c4d51908ebb6634a3a8c6995c4ec999f3b8214be69e62a27
1,18,涉及,extraction,3809770ba7ef48d41647f651814347ce7af066af5e2d2a56ba29998e548215c7
3,4,是,extraction,d08580506622eb3b009abbcab184c7d6527dc171bbca042f5d2132b53eb48841
8,16,是,extraction,a918c982f93fcff92ed89edb6dc9e992e5498bcbd343e75a57497f0321400988
10,16,是,extraction,746a2100773446996a077ea20c54ba9035e03b7b31f93fb59a8ae3cd5a9d17da
11,33,是,extraction,86e684c0f0ab092352cdfe7d8da05aa3e50e8ef796d48ce0861f329bddd98b42
1,55,涉及问题,extraction,f2ffd7cbbde07203ef22704e812dc0c897a1f2dc5a5cc4fabb7f1bbafc6e63ed
4,1,权力类型,extraction,06f1cb2317f43bcd0489624a54a5cda47739e2ccc801a931aacc75c90aebf3f1
5,4,行驶主体,extraction,90969f1b1f2314dfb53994e982b98dab0a584891fb13636f7b0cf6ed4e25b091
5,4,承办机构,extraction,006a436d5843149b88b6bc565b22b9204373a354729e2061d83283948e08ada3
4,41,实施依据,extraction,03505c0fa05a6f9d5368bcab3cf50ac0f0a55c40af7188b7beb7a4e19ddc74af
1,25,包含行为,extraction,cc8167166722175a66fa9e0af1d12961554ae694f9ff991491f92ab8af677905
3,4,是,extraction,d08580506622eb3b009abbcab184c7d6527dc171bbca042f5d2132b53eb48841
8,24,是,extraction,5924698efd5688b8387f11fb3a902a4c8b1757d50799df6653f7f8b593f7bb9c
10,24,是,extraction,7338ed710fc5d464c3e8e7713a2dde9e5d5bc405c2daee71f39d38c88c37c5dd
11,15,是,extraction,3d99bcc2d8a851d2517fe94c1a8b5a03b5cbd811bf3f796fc4f680702935c9c8
1,86,包含,extraction,1b8da2822d18bd78db33df51dc1afcbbb67d90c5ab33d994166a476382defea7
3,4,是,extraction,d08580506622eb3b009abbcab184c7d6527dc171bbca042f5d2132b53eb48841
8,32,为,extraction,015e816eadad4ab3838081fbc279b1d2ea85d858745e1782c665835cc2451ab1
1,7,涉及内容,extraction,84ec41785d3dffa6a33ffba489555a4b1814d4c0efdaa6c986d31e41c365b671
4,1,权力类型,extraction,06f1cb2317f43bcd0489624a54a5cda47739e2ccc801a931aacc75c90aebf3f1
16,1,行驶主体,extraction,2388221cee7d1ae0ed5be74dbb33fa91b57a06cfae883cc5c2262bfb048b5c48
16,1,承办机构,extraction,7da0b9c5ea5b9311256b7bcb955ba7fe507e79fd9fe407e277e1c4de0e1d453e
1,13,涉及事项,extraction,86c09acc911d03df996302b1851f59b2d4b69c81046c2bee7674d0a378f87090
4,1,权力类型,extraction,06f1cb2317f43bcd0489624a54a5cda47739e2ccc801a931aacc75c90aebf3f1
9,4,行驶主体,extraction,8b51ed11a0731094dcf617a38cdbb7ec00b30e823794283e67e82d7edd09a043
9,4,承办机构,extraction,a6e2ca82d3d2de505ea3d13de0bcfe4973cc90babf302d312c2ab3ff4948ff06
4,48,实施依据,extraction,afc5ff5ef55375a3247aebc547e0e7c21dfc54664efd05e20d6a878cf2674b9f
1,62,包含,extraction,1ac13a5cea2f5974b13517a5bc6c7a50527b0477ed3a20f5355e1a1cc704ff9a
3,4,是,extraction,d08580506622eb3b009abbcab184c7d6527dc171bbca042f5d2132b53eb48841
8,9,是,extraction,34744a2cc14d3a7a3f5317cdb530e92b9bd201c7bd7571d5db06d6b1e91b6e7f
10,9,是,extraction,af1a9ecff071ed8f3be3a892c768d8887025fa5bd902d7808d64806d738d9e49
11,6,是,extraction,7e353cf317a918dc7fc3ca1d0f821842e1eb7ad0cd8be30fa8e66af096026847
37,1,是,extraction,0425effba4b0b55802fd30d79c262c74bcbadda70455f082f2f7cfa9ed73078a
1,68,包含,extraction,3820dfdeb503a07348bec92a3b7adcbcd6080ed0c26a463104de80a1285ee878
3,4,是,extraction,d08580506622eb3b009abbcab184c7d6527dc171bbca042f5d2132b53eb48841
8,5,是,extraction,2ba53cf2a729e877b6f5a0c20e75c810989d499c8b6ba4b25874f2cf983362ec
10,5,是,extraction,5cec422cc7f67c3758916b82edf5f427a91370d2f97c9320ccc8c7a3165aaa69
11,48,是,extraction,aed00a1e0ade0525731bb07f81b1486504e94ecb2350902198e5871c236804b0
1,62,包含,extraction,1ac13a5cea2f5974b13517a5bc6c7a50527b0477ed3a20f5355e1a1cc704ff9a
3,4,是,extraction,d08580506622eb3b009abbcab184c7d6527dc171bbca042f5d2132b53eb48841
8,16,是,extraction,a918c982f93fcff92ed89edb6dc9e992e5498bcbd343e75a57497f0321400988
10,16,是,extraction,746a2100773446996a077ea20c54ba9035e03b7b31f93fb59a8ae3cd5a9d17da
11,30,是,extraction,5a718b8ea79a649c60fa74166375f668d4abd9f5ab80a4084176c4bd48c96c81
1,61,涉及问题,extraction,14dd21e29595533a08fd01fee5143665aa7115da80641e60cccba4d43781cfc7
5,5,承办机构,extraction,c5245bed1ce94ce85ede18b657d87124acb94f2e2443ff05c46dd818e256b972
4,20,依据,extraction,b19e1357f8338267b8215705a9e1ff91ac70fa7448387e608e94770c2082a848
107,64,涉及问题,extraction,68ba2ed50b66a9889f388c180d60b652a2eac453d3525c3c19eb8e62b4a1de70
1,68,涉及事项,extraction,9b7174bb0577ca1933a2e00ec6952755ca1b2c0d1c9a488a895485aecacf34d9
4,1,权力类型,extraction,06f1cb2317f43bcd0489624a54a5cda47739e2ccc801a931aacc75c90aebf3f1
9,4,行驶主体,extraction,8b51ed11a0731094dcf617a38cdbb7ec00b30e823794283e67e82d7edd09a043
9,4,承办机构,extraction,a6e2ca82d3d2de505ea3d13de0bcfe4973cc90babf302d312c2ab3ff4948ff06
30,4,实施依据,extraction,3eee29fb82f5877ff129df233551dd8a6ff4d91b6f41f082d7d3c3ea58403369
1,21,涉及领域,extraction,8ca3c7ec431526b4652e076cd97da1d95ce4d180dc3397c46d4004e5d5bd15b5
14,1,承办机构,extraction,b425f25c4103731723fffdea3b08ba92f7768243f470d556220be325d20abc5c
1,60,基于,extraction,e62703517cd6a5cef5c6f2791d3f9338d07a34e7b0c9c69886261a5ce02f0698
3,4,是,extraction,d08580506622eb3b009abbcab184c7d6527dc171bbca042f5d2132b53eb48841
8,72,是,extraction,35784d1dfa32a70a158b975a8b605c582d4250722fd4f7e3dba81ff5d2d9fac2
10,24,是,extraction,7338ed710fc5d464c3e8e7713a2dde9e5d5bc405c2daee71f39d38c88c37c5dd
11,30,是,extraction,5a718b8ea79a649c60fa74166375f668d4abd9f5ab80a4084176c4bd48c96c81
14,8,是,extraction,fbdd7ca9f67db87a505edbcd12f85f779c5175f8161cb1fdf53bd3401c4d49fa
14,10,是,extraction,fb36dc30a97c94b17cfda3f66fc60eb30422d1813b84fe78abd451429f030e0e
1,7,涉及事项,extraction,85180ae3904fb4dda3182acbf59b089f40c2fd247f916a351ff2a9030ab227d6
4,1,权力类型,extraction,06f1cb2317f43bcd0489624a54a5cda47739e2ccc801a931aacc75c90aebf3f1
29,1,行驶主体,extraction,3894e2807bd5d700cd8e59ee73eb9d47cb997d8bf04d89c2b3816a91f3f94483
29,1,承办机构,extraction,bd5db513e02b588bffbd25ee058495f5dafac2b9a07a6392fb0bac6645b72a35
1,30,依据,extraction,bc710a64442dc42592ce1db48fb985ce059ec553b6b109b56e7f1b93a30a1bdd
1,25,包含行为,extraction,cc8167166722175a66fa9e0af1d12961554ae694f9ff991491f92ab8af677905
3,4,是,extraction,d08580506622eb3b009abbcab184c7d6527dc171bbca042f5d2132b53eb48841
8,47,是,extraction,f3cb127ba604dd0f9c80f385d7500846a405e73ecc8ccfda8cb53cb29e5892bb
10,47,是,extraction,95e2b3b1d927b9bbdb48660d6ad3d8a240228e55a60909c980c4ecb4241ff67d
11,48,是,extraction,aed00a1e0ade0525731bb07f81b1486504e94ecb2350902198e5871c236804b0
1,68,涉及事项,extraction,9b7174bb0577ca1933a2e00ec6952755ca1b2c0d1c9a488a895485aecacf34d9
3,4,是,extraction,d08580506622eb3b009abbcab184c7d6527dc171bbca042f5d2132b53eb48841
8,19,是,extraction,006b328d48dbd15d5a9997deacf5688dd0ac64bde696a0a8abd3e39f166e5081
10,19,是,extraction,27a0cebbbbbf719194bc882592ca52cb56fe00182beb07450e8e461717b2d932
11,15,是,extraction,3d99bcc2d8a851d2517fe94c1a8b5a03b5cbd811bf3f796fc4f680702935c9c8
1,2,涉及事项,extraction,45a6b5e9b7acaaf964d4ba55ee382735953a50be79b9c5a63cfd56f3bfaa98e9
24,1,行驶主体,extraction,1d6e8cf9f9d91c32784b3816cbdf2f3590b5a48dd82d14b69139687101724d02
24,1,承办机构,extraction,706c85cddfe6218745523cfd2d1d75c9d4fbe5d63a11b5aa4700f4ef5caea528
1,48,实施依据,extraction,9e2a87393fe50ece882ceb0b9a23960d33267ce18cb4e776d3c46ace4c557c99
1,66,基于,extraction,360400e1ae6d154fa988bc1d1cba4f6d246ffad44f061a76de15149c7695a255
3,4,是,extraction,d08580506622eb3b009abbcab184c7d6527dc171bbca042f5d2132b53eb48841
8,9,是,extraction,34744a2cc14d3a7a3f5317cdb530e92b9bd201c7bd7571d5db06d6b1e91b6e7f
10,9,是,extraction,af1a9ecff071ed8f3be3a892c768d8887025fa5bd902d7808d64806d738d9e49
11,39,是,extraction,b07fccd0d92f620f3f01b65e8dcc4a7135558f4fd60464f2e612b30129e7c93c
1,53,包含,extraction,64a4053bf85b4229ca75172db19fa063634041281deff312e745aba0a3e284be
3,4,是,extraction,d08580506622eb3b009abbcab184c7d6527dc171bbca042f5d2132b53eb48841
8,29,是,extraction,361487daa4f72ef0bea966c2740ed8160c3514f17e0e71d25d21d78ebfd5b306
10,29,是,extraction,ed2e1eb7f64fc3c675b397bf987aa23d776a90888b11ff44f1ee8dc7e6f3fd7f
11,48,是,extraction,aed00a1e0ade0525731bb07f81b1486504e94ecb2350902198e5871c236804b0
1,44,涉及,extraction,6b92937933dd3842a480fe22eb9ad7fc23049449e7c7b2d5aff5786406c78536
3,4,是,extraction,d08580506622eb3b009abbcab184c7d6527dc171bbca042f5d2132b53eb48841
8,67,是,extraction,20fb2bd6c7db29fd3fbc030cf4be8564b92c9f114a8c85dd5ecbc325781143b0
10,14,是,extraction,724fd5216be260a1ef5c764227bd7814bbb14163569e9c4d0854790e0b534a15
3,4,是,extraction,d08580506622eb3b009abbcab184c7d6527dc171bbca042f5d2132b53eb48841
8,5,为,extraction,13a22273af2799a248bf0d728fabd748ffdeafc7c7e82820660b418063477332
10,5,为,extraction,53fb394aade9f56fb20935579004c9c21512aa66dd4068d8aa65765fc3e3233e
11,12,是,extraction,4bb51718453a67d9015b846c6a68662b97572c0a9269a7df9df55bbbce96ae63
1,49,涉及事项,extraction,c20c320e3740cc7b1fa6d799afa5f2193d5881822651053a40cea11f0929f7f7
32,32,行驶主体,extraction,c99cc95dd359700ee80016caf0fca8788cd0121ae97ca919c48e2c2d3a8a0139
32,32,承办机构,extraction,911adfffd05806263bf58b0d02a29a83b098803ea7bdf542e61063696f391749
1,25,包含行为,extraction,cc8167166722175a66fa9e0af1d12961554ae694f9ff991491f92ab8af677905
3,4,是,extraction,d08580506622eb3b009abbcab184c7d6527dc171bbca042f5d2132b53eb48841
8,24,是,extraction,5924698efd5688b8387f11fb3a902a4c8b1757d50799df6653f7f8b593f7bb9c
10,24,是,extraction,7338ed710fc5d464c3e8e7713a2dde9e5d5bc405c2daee71f39d38c88c37c5dd
11,22,是,extraction,1b323bba6189dbc5ba530bc51581df70b5958e3d716f1672b185da2f26ccf3f8
37,1,是,extraction,0425effba4b0b55802fd30d79c262c74bcbadda70455f082f2f7cfa9ed73078a
1,7,涉及内容,extraction,84ec41785d3dffa6a33ffba489555a4b1814d4c0efdaa6c986d31e41c365b671
8,9,为,extraction,9dfe97b170e7d2f0fbd7612da3b4aafd8a37ca358d78765ef03347ad843802d6
10,9,为,extraction,7c48d8dd63d60d7d044516e2c6fc7bc88837bebc4e1cd7126d18e20eeed46a10
37,1,是,extraction,0425effba4b0b55802fd30d79c262c74bcbadda70455f082f2f7cfa9ed73078a
1,41,依据,extraction,30d0e04c22fdef4a398deaf1e4bfc75bac034a9549b8bc63f5da1a2460436188
3,4,是,extraction,d08580506622eb3b009abbcab184c7d6527dc171bbca042f5d2132b53eb48841
8,16,是,extraction,a918c982f93fcff92ed89edb6dc9e992e5498bcbd343e75a57497f0321400988
10,16,是,extraction,746a2100773446996a077ea20c54ba9035e03b7b31f93fb59a8ae3cd5a9d17da
1,86,涉及行为,extraction,a7054d46cb9d133bd9b633c7d91790b2b31dc95e1a2308cc136f42d5124fc5cb
29,1,行驶主体,extraction,3894e2807bd5d700cd8e59ee73eb9d47cb997d8bf04d89c2b3816a91f3f94483
29,1,承办机构,extraction,bd5db513e02b588bffbd25ee058495f5dafac2b9a07a6392fb0bac6645b72a35
1,30,依据,extraction,bc710a64442dc42592ce1db48fb985ce059ec553b6b109b56e7f1b93a30a1bdd
1,25,涉及行为,extraction,d9a65e18499e7824e8f9c7adcb77ee953a722c707c38445a4d94106ee3e1fb9a
5,4,行使权力,extraction,c047dec541f84a582e2f136d1ffb98adb82deb54e0fbdbe1a132e2c055834254
1,25,涉及行为,extraction,d9a65e18499e7824e8f9c7adcb77ee953a722c707c38445a4d94106ee3e1fb9a
4,30,实施依据,extraction,375db14baf95d43a2ae8dbcd3a154ec2bac2b1d4a3144a8d3cc36c022bdf0df0
1,86,包含行为,extraction,08cbbbce071d68a8d1735a75d280b6c6a8fe9e1e5f4af0373c7b36c41506a7ba
4,3,属于,extraction,78b18b9c4201fc1f09d7ae910a2166ca96d5ef4d3254d0d7c72db8fa4ed3d1f0
14,8,是,extraction,fbdd7ca9f67db87a505edbcd12f85f779c5175f8161cb1fdf53bd3401c4d49fa
14,10,是,extraction,fb36dc30a97c94b17cfda3f66fc60eb30422d1813b84fe78abd451429f030e0e
33,11,是,extraction,97c609b8d30131cdf7e6009dca3fd7e394c6fb73783fe1aabbe32d85e9cfe5bc
34,55,基于,extraction,335be83bfb2ab7191e7dea7482250be5867561375e3c8fa3ae3beb2ffd973da7
3,4,是,extraction,d08580506622eb3b009abbcab184c7d6527dc171bbca042f5d2132b53eb48841
8,5,是,extraction,2ba53cf2a729e877b6f5a0c20e75c810989d499c8b6ba4b25874f2cf983362ec
10,5,是,extraction,5cec422cc7f67c3758916b82edf5f427a91370d2f97c9320ccc8c7a3165aaa69
11,15,是,extraction,3d99bcc2d8a851d2517fe94c1a8b5a03b5cbd811bf3f796fc4f680702935c9c8
1,52,服务事项,extraction,cc306c760199c305b2a6710e647a5bf50c6f3f9c66e95095def3fe0d0ac15340
4,1,权力类型,extraction,06f1cb2317f43bcd0489624a54a5cda47739e2ccc801a931aacc75c90aebf3f1
14,1,行驶主体,extraction,42f7273a74403e1ff40ec20c28c5684bdebdde720b9bb324665a197a1fd17536
14,1,承办机构,extraction,b425f25c4103731723fffdea3b08ba92f7768243f470d556220be325d20abc5c
6,1,实施依据,extraction,a61f865305dba596ca4a6a655b936b997786a0bc0d1db15eba237549e166162e
1,61,包含,extraction,6edfccacf4cd1d9a6532155eb6cc62c0c0c348d344598b52ec0aa03bf7093506
3,4,是,extraction,d08580506622eb3b009abbcab184c7d6527dc171bbca042f5d2132b53eb48841
8,16,是,extraction,a918c982f93fcff92ed89edb6dc9e992e5498bcbd343e75a57497f0321400988
10,16,是,extraction,746a2100773446996a077ea20c54ba9035e03b7b31f93fb59a8ae3cd5a9d17da
11,22,是,extraction,1b323bba6189dbc5ba530bc51581df70b5958e3d716f1672b185da2f26ccf3f8
34,56,涉及问题,extraction,185c084912396e5ebfb871bacc777d0f38e1f1c59684d7b99c6ce8f8652e79c2
32,32,行使主体,extraction,0a9a73f7ec958f0aa763963947d37c620daed995e44e5d129f875b148d559568
32,32,承办机构,extraction,911adfffd05806263bf58b0d02a29a83b098803ea7bdf542e61063696f391749
1,23,涉及事项,extraction,888f4d96ceb27a16f6144a62b1e47fefe4fdb1a079dfee7c5d704fb359a4ee41
32,1,行使主体,extraction,21e6b723ac1b8b6612819ab1bf52428f7b6b9163739ec5d9647aeee3dbf3b312
32,32,承办机构,extraction,911adfffd05806263bf58b0d02a29a83b098803ea7bdf542e61063696f391749
32,41,依据,extraction,281bc52a6b485afac58b589cca3783b2a72e02a167df0bd365a12da2ef0788b0
1,53,包含,extraction,64a4053bf85b4229ca75172db19fa063634041281deff312e745aba0a3e284be
3,4,是,extraction,d08580506622eb3b009abbcab184c7d6527dc171bbca042f5d2132b53eb48841
8,24,是,extraction,5924698efd5688b8387f11fb3a902a4c8b1757d50799df6653f7f8b593f7bb9c
10,24,是,extraction,7338ed710fc5d464c3e8e7713a2dde9e5d5bc405c2daee71f39d38c88c37c5dd
11,15,是,extraction,3d99bcc2d8a851d2517fe94c1a8b5a03b5cbd811bf3f796fc4f680702935c9c8
1,58,基于,extraction,fb7cb6e3e104d457147f8f3b47768b0c6b01af4f6446cd6343b686f04ff8f142
3,4,是,extraction,d08580506622eb3b009abbcab184c7d6527dc171bbca042f5d2132b53eb48841
8,19,是,extraction,006b328d48dbd15d5a9997deacf5688dd0ac64bde696a0a8abd3e39f166e5081
10,19,是,extraction,27a0cebbbbbf719194bc882592ca52cb56fe00182beb07450e8e461717b2d932
11,33,是,extraction,86e684c0f0ab092352cdfe7d8da05aa3e50e8ef796d48ce0861f329bddd98b42
102,2,针对,extraction,730ae8cdc253d5d863f2a624d4901e20db690d5b98f1d157b220b9d0ea0335f1
3,4,是,extraction,d08580506622eb3b009abbcab184c7d6527dc171bbca042f5d2132b53eb48841
8,45,是,extraction,a021dc763489713e44feb30ec7e7c62bfaaf973fdca58ef22a79cc8fca2cf9c4
10,45,是,extraction,2d016bdf9bf15554b1ad6c86d08a7a8fb403f16c47bde3a5e828a87eca3b3c9e
11,12,是,extraction,4bb51718453a67d9015b846c6a68662b97572c0a9269a7df9df55bbbce96ae63
1,61,包含,extraction,6edfccacf4cd1d9a6532155eb6cc62c0c0c348d344598b52ec0aa03bf7093506
3,4,是,extraction,d08580506622eb3b009abbcab184c7d6527dc171bbca042f5d2132b53eb48841
10,47,是,extraction,95e2b3b1d927b9bbdb48660d6ad3d8a240228e55a60909c980c4ecb4241ff67d
11,12,是,extraction,4bb51718453a67d9015b846c6a68662b97572c0a9269a7df9df55bbbce96ae63
1,60,基于,extraction,e62703517cd6a5cef5c6f2791d3f9338d07a34e7b0c9c69886261a5ce02f0698
3,4,是,extraction,d08580506622eb3b009abbcab184c7d6527dc171bbca042f5d2132b53eb48841
8,9,为,extraction,9dfe97b170e7d2f0fbd7612da3b4aafd8a37ca358d78765ef03347ad843802d6
10,9,为,extraction,7c48d8dd63d60d7d044516e2c6fc7bc88837bebc4e1cd7126d18e20eeed46a10
11,26,是,extraction,594ee48e2ef28d4283493b7dd95b58c8a78fd026434bf2ef09599eb13b81049f
1,61,涉及问题,extraction,14dd21e29595533a08fd01fee5143665aa7115da80641e60cccba4d43781cfc7
63,1,权力类型,extraction,42235504e0f3d3a6be2c7504a06907c504936f87e578f05386ecdd482bc25aa1
1,49,服务事项,extraction,b12e5727ad0347884c5325f6f1b64951a426eeef796d7c44bb72ef79be727401
4,1,权力类型,extraction,06f1cb2317f43bcd0489624a54a5cda47739e2ccc801a931aacc75c90aebf3f1
47,1,行驶主体,extraction,cd815e6ef285efede797fac164e9d2711b8b1395e5cd525e398131d3fae4e735
47,1,承办机构,extraction,e473ad1106090cd367e1b8ccd73f428bb60c56de8e4b8458b3f93a6a71d75251
48,1,实施依据,extraction,5147d7296bf1be6d294e170688ec8a091a55750f3c3746caf5dccac2f5a4e09b
1,66,涉及内容,extraction,1df633d8df80469913eef582a04e08744f4c2e54d3d120d59af66e3c944e1b85
3,4,类型,extraction,4a8d183849056dd2df3cb998024802f1af71f6686b9548e80436e7d7127139f8
8,29,为,extraction,f80e1e5864f03bbe3b02116c7c6db27b30d68e7898dc7e0b44a0755282388b96
10,51,为,extraction,68faa128fe40e4a819de80cdc1170089ab54385f4200e45da1e1b2cf6cf7956e
11,12,依据,extraction,d458aed4c7a0c599ff29789bc6e0040f713c582018b091bab6927ddae4ef7817
14,4,行使权力类型,extraction,d8b1aaf3cb065e14628544defbaa0538f0e753face0b15f832a87b1541818fd9
14,8,是,extraction,fbdd7ca9f67db87a505edbcd12f85f779c5175f8161cb1fdf53bd3401c4d49fa
14,10,是,extraction,fb36dc30a97c94b17cfda3f66fc60eb30422d1813b84fe78abd451429f030e0e
22,11,是,extraction,e2303c493e5fef5be0136fba64f49666d2cd021f113e2a57d84fa806d5a6438a
14,4,行驶主体,extraction,ff4b0a7f40b962e1be42c8d9deabdfd93ffd93339a1379461e27b3024ae241d9
14,4,承办机构,extraction,5209d4f8d1ed238b7456b5e0ad60ba31f1c386d98b7ad0475147720ec581cc7e
11,15,来自,extraction,67bb96260685d13a34075b07143a56c8d6ecfd226b72cc18adea630373938a22
37,79,是,extraction,2e4a846bbba0e4ffa907d50689948f0beda559552eededfbee3941bc9d1004e1
3,4,是,extraction,d08580506622eb3b009abbcab184c7d6527dc171bbca042f5d2132b53eb48841
8,72,是,extraction,35784d1dfa32a70a158b975a8b605c582d4250722fd4f7e3dba81ff5d2d9fac2
10,29,是,extraction,ed2e1eb7f64fc3c675b397bf987aa23d776a90888b11ff44f1ee8dc7e6f3fd7f
11,26,是,extraction,594ee48e2ef28d4283493b7dd95b58c8a78fd026434bf2ef09599eb13b81049f
37,1,是,extraction,0425effba4b0b55802fd30d79c262c74bcbadda70455f082f2f7cfa9ed73078a
1,40,包含,extraction,1210a34215a9f1d268a7fdec9665e7afedf2c960bf0be97d698e7bf44f4ad33c
3,4,是,extraction,d08580506622eb3b009abbcab184c7d6527dc171bbca042f5d2132b53eb48841
8,19,是,extraction,006b328d48dbd15d5a9997deacf5688dd0ac64bde696a0a8abd3e39f166e5081
10,54,是,extraction,debd081332f109890171744547ff5ef2c5854973877c900aba211633935e3861
11,20,是,extraction,4f6bd6ee852dc39505db943bb8728969a06f8c23c54a14cbb4d6866ffb8c4f4a
1,87,涉及内容,extraction,d8baabd9c853b74ad88c30e16c3b0f0656e37b10a0eb9e6179f1c2eb1aaef3e1
4,1,权力类型,extraction,06f1cb2317f43bcd0489624a54a5cda47739e2ccc801a931aacc75c90aebf3f1
47,1,行驶主体,extraction,cd815e6ef285efede797fac164e9d2711b8b1395e5cd525e398131d3fae4e735
47,1,承办机构,extraction,e473ad1106090cd367e1b8ccd73f428bb60c56de8e4b8458b3f93a6a71d75251
1,30,依据,extraction,bc710a64442dc42592ce1db48fb985ce059ec553b6b109b56e7f1b93a30a1bdd
1,13,涉及事项,extraction,86c09acc911d03df996302b1851f59b2d4b69c81046c2bee7674d0a378f87090
4,1,权力类型,extraction,06f1cb2317f43bcd0489624a54a5cda47739e2ccc801a931aacc75c90aebf3f1
24,4,行驶主体,extraction,b28f4abcc9fd2027f9867fe9c65c46b96e46e9a7842fd232abf55e768be19b15
24,4,承办机构,extraction,8d1fddd2c1b5a28bff9df61bcfda71970b1285fe8acb248aa0f146a87eebea68
30,4,实施依据,extraction,3eee29fb82f5877ff129df233551dd8a6ff4d91b6f41f082d7d3c3ea58403369
1,36,涉及领域,extraction,05647e8618dcbfae7417e237aa04231b181e1ce61d823f4fda9b32b6663cf4d2
4,1,权力类型,extraction,06f1cb2317f43bcd0489624a54a5cda47739e2ccc801a931aacc75c90aebf3f1
1,61,涉及问题,extraction,14dd21e29595533a08fd01fee5143665aa7115da80641e60cccba4d43781cfc7
14,14,行驶主体,extraction,7caede3088f2b435ea0f49e1d1d5bf53b93a917caf459c4a5175f47cc57cc292
14,14,承办机构,extraction,f650c63c7a406779a118860c032fa68bddae9f91b3cd9ac80a38cba88e95f0cf
3,4,类型,extraction,4a8d183849056dd2df3cb998024802f1af71f6686b9548e80436e7d7127139f8
8,14,是,extraction,7574d3dbd8d8b8c050e695585b2139657ee4c361c101f42d9fa804421e3dc311
10,14,是,extraction,724fd5216be260a1ef5c764227bd7814bbb14163569e9c4d0854790e0b534a15
11,41,依据,extraction,089fdb9ded6e72a8ca99accaac44e10d8d09fcb1730a335ba5319df1b5770bb8
3,4,是,extraction,d08580506622eb3b009abbcab184c7d6527dc171bbca042f5d2132b53eb48841
8,45,是,extraction,a021dc763489713e44feb30ec7e7c62bfaaf973fdca58ef22a79cc8fca2cf9c4
10,45,是,extraction,2d016bdf9bf15554b1ad6c86d08a7a8fb403f16c47bde3a5e828a87eca3b3c9e
11,30,是,extraction,5a718b8ea79a649c60fa74166375f668d4abd9f5ab80a4084176c4bd48c96c81
1,18,包含,extraction,995fe2b6a1cf5cfeeefec8c7b3e03ab6ed8e185658f268c2a2d3412d9fb32842
3,4,是,extraction,d08580506622eb3b009abbcab184c7d6527dc171bbca042f5d2132b53eb48841
8,24,是,extraction,5924698efd5688b8387f11fb3a902a4c8b1757d50799df6653f7f8b593f7bb9c
10,51,是,extraction,664ae38f36c277c1f3150d9e71f653fa64edcbcc4cc28fe8a99fb2bd85a68b29
11,26,是,extraction,594ee48e2ef28d4283493b7dd95b58c8a78fd026434bf2ef09599eb13b81049f
1,23,涉及事项,extraction,888f4d96ceb27a16f6144a62b1e47fefe4fdb1a079dfee7c5d704fb359a4ee41
4,1,权力类型,extraction,06f1cb2317f43bcd0489624a54a5cda47739e2ccc801a931aacc75c90aebf3f1
45,4,行驶主体,extraction,8364937a17480c3db6b61e4b6d12d23e1e64dbd34fa75fe86466c4d3b9dbcf2e
45,4,承办机构,extraction,24cf3a2e7392bcb652e11bf14695a9023dabbc462fa4d15e1d3f0e84c27c9a0f
4,22,实施依据,extraction,91a4dd8cc4f75ae76549bf391c08d306901acf80b7d13dbd20dac31fa0b798a9
37,1,是,extraction,0425effba4b0b55802fd30d79c262c74bcbadda70455f082f2f7cfa9ed73078a
3,4,是,extraction,d08580506622eb3b009abbcab184c7d6527dc171bbca042f5d2132b53eb48841
8,43,是,extraction,5f9fc4e6c17fac692ea14127fb905f8c6be6ac25c319cad5d4b1b0b2726541e1
10,14,是,extraction,724fd5216be260a1ef5c764227bd7814bbb14163569e9c4d0854790e0b534a15
11,35,是,extraction,e354f1fd5b27511710c92338a794ef09138dd8dbcfedfaa5e43cc3fd3f4af21e
1,7,服务事项,extraction,d45c33637562b07a7b6950c55ab0b16a389b2d6526a831d8e3d6e85fb2f8c0bd
4,1,权力类型,extraction,06f1cb2317f43bcd0489624a54a5cda47739e2ccc801a931aacc75c90aebf3f1
24,1,行驶主体,extraction,1d6e8cf9f9d91c32784b3816cbdf2f3590b5a48dd82d14b69139687101724d02
24,1,承办机构,extraction,706c85cddfe6218745523cfd2d1d75c9d4fbe5d63a11b5aa4700f4ef5caea528
94,1,实施依据,extraction,7d29a617271b00f7c211519ca59ceac05d9d37351c0813b88ea236b78115c685
1,13,涉及事项,extraction,86c09acc911d03df996302b1851f59b2d4b69c81046c2bee7674d0a378f87090
4,1,权力类型,extraction,06f1cb2317f43bcd0489624a54a5cda47739e2ccc801a931aacc75c90aebf3f1
9,4,行驶主体,extraction,8b51ed11a0731094dcf617a38cdbb7ec00b30e823794283e67e82d7edd09a043
9,4,承办机构,extraction,a6e2ca82d3d2de505ea3d13de0bcfe4973cc90babf302d312c2ab3ff4948ff06
4,35,实施依据,extraction,923dc4cd2a2cc76e6dbe47e1b10d78b992f57e57765405acf1dcf1445285a1bf
37,1,是,extraction,0425effba4b0b55802fd30d79c262c74bcbadda70455f082f2f7cfa9ed73078a
1,25,涉及行为,extraction,d9a65e18499e7824e8f9c7adcb77ee953a722c707c38445a4d94106ee3e1fb9a
3,89,是,extraction,80c22fae8e74135ff3f3960d9e8acaed28f2e2fe126e6c2d46954234d41f08ff
8,14,是,extraction,7574d3dbd8d8b8c050e695585b2139657ee4c361c101f42d9fa804421e3dc311
10,14,是,extraction,724fd5216be260a1ef5c764227bd7814bbb14163569e9c4d0854790e0b534a15
11,26,是,extraction,594ee48e2ef28d4283493b7dd95b58c8a78fd026434bf2ef09599eb13b81049f
3,4,是,extraction,d08580506622eb3b009abbcab184c7d6527dc171bbca042f5d2132b53eb48841
8,47,是,extraction,f3cb127ba604dd0f9c80f385d7500846a405e73ecc8ccfda8cb53cb29e5892bb
10,47,是,extraction,95e2b3b1d927b9bbdb48660d6ad3d8a240228e55a60909c980c4ecb4241ff67d
11,20,是,extraction,4f6bd6ee852dc39505db943bb8728969a06f8c23c54a14cbb4d6866ffb8c4f4a
1,86,包含行为,extraction,08cbbbce071d68a8d1735a75d280b6c6a8fe9e1e5f4af0373c7b36c41506a7ba
3,4,是,extraction,d08580506622eb3b009abbcab184c7d6527dc171bbca042f5d2132b53eb48841
8,45,是,extraction,a021dc763489713e44feb30ec7e7c62bfaaf973fdca58ef22a79cc8fca2cf9c4
10,45,是,extraction,2d016bdf9bf15554b1ad6c86d08a7a8fb403f16c47bde3a5e828a87eca3b3c9e
11,6,是,extraction,7e353cf317a918dc7fc3ca1d0f821842e1eb7ad0cd8be30fa8e66af096026847
1,87,涉及内容,extraction,d8baabd9c853b74ad88c30e16c3b0f0656e37b10a0eb9e6179f1c2eb1aaef3e1
4,1,权力类型,extraction,06f1cb2317f43bcd0489624a54a5cda47739e2ccc801a931aacc75c90aebf3f1
45,1,行驶主体,extraction,8eddef9e7cb0a9ef48bf1d9c5453eeaa783093eb2b61876f61f7d2b7a721e349
45,1,承办机构,extraction,9f49a4cd963acd1bb4cc403259dcc90b45180ce5f8f80434750ef8acda654983
83,1,实施依据,extraction,c752df45ab8efa5b1a5030646763d764e5532ae8377a7bee15439bf5fba9bac8
1,61,包含,extraction,6edfccacf4cd1d9a6532155eb6cc62c0c0c348d344598b52ec0aa03bf7093506
3,4,是,extraction,d08580506622eb3b009abbcab184c7d6527dc171bbca042f5d2132b53eb48841
8,9,是,extraction,34744a2cc14d3a7a3f5317cdb530e92b9bd201c7bd7571d5db06d6b1e91b6e7f
10,9,是,extraction,af1a9ecff071ed8f3be3a892c768d8887025fa5bd902d7808d64806d738d9e49
11,22,是,extraction,1b323bba6189dbc5ba530bc51581df70b5958e3d716f1672b185da2f26ccf3f8
1,18,涉及违规行为,extraction,9f5d9e5f664ed74795fb21bbb1a56a6a8d2e9521df06b0bbfc519cd81a9a6417
3,4,是,extraction,d08580506622eb3b009abbcab184c7d6527dc171bbca042f5d2132b53eb48841
8,14,是,extraction,7574d3dbd8d8b8c050e695585b2139657ee4c361c101f42d9fa804421e3dc311
10,14,是,extraction,724fd5216be260a1ef5c764227bd7814bbb14163569e9c4d0854790e0b534a15
11,15,是,extraction,3d99bcc2d8a851d2517fe94c1a8b5a03b5cbd811bf3f796fc4f680702935c9c8
37,129,包括,extraction,bb980762a816768c61a6f9135e35610a7acb3cf9fd5d1ad0b9080122cff50192
3,4,是,extraction,d08580506622eb3b009abbcab184c7d6527dc171bbca042f5d2132b53eb48841
8,24,是,extraction,5924698efd5688b8387f11fb3a902a4c8b1757d50799df6653f7f8b593f7bb9c
10,24,是,extraction,7338ed710fc5d464c3e8e7713a2dde9e5d5bc405c2daee71f39d38c88c37c5dd
11,39,是,extraction,b07fccd0d92f620f3f01b65e8dcc4a7135558f4fd60464f2e612b30129e7c93c
37,38,是,extraction,5debfc46d6b40934c9da08e4cfeb20f47c9c250a248aa83cbad2fac07bc28f4e
3,4,是,extraction,d08580506622eb3b009abbcab184c7d6527dc171bbca042f5d2132b53eb48841
8,16,是,extraction,a918c982f93fcff92ed89edb6dc9e992e5498bcbd343e75a57497f0321400988
10,16,是,extraction,746a2100773446996a077ea20c54ba9035e03b7b31f93fb59a8ae3cd5a9d17da
11,26,是,extraction,594ee48e2ef28d4283493b7dd95b58c8a78fd026434bf2ef09599eb13b81049f
3,4,是,extraction,d08580506622eb3b009abbcab184c7d6527dc171bbca042f5d2132b53eb48841
8,5,是,extraction,2ba53cf2a729e877b6f5a0c20e75c810989d499c8b6ba4b25874f2cf983362ec
10,5,是,extraction,5cec422cc7f67c3758916b82edf5f427a91370d2f97c9320ccc8c7a3165aaa69
11,20,是,extraction,4f6bd6ee852dc39505db943bb8728969a06f8c23c54a14cbb4d6866ffb8c4f4a
1,61,包含,extraction,6edfccacf4cd1d9a6532155eb6cc62c0c0c348d344598b52ec0aa03bf7093506
3,4,是,extraction,d08580506622eb3b009abbcab184c7d6527dc171bbca042f5d2132b53eb48841
8,45,是,extraction,a021dc763489713e44feb30ec7e7c62bfaaf973fdca58ef22a79cc8fca2cf9c4
10,45,是,extraction,2d016bdf9bf15554b1ad6c86d08a7a8fb403f16c47bde3a5e828a87eca3b3c9e
11,48,是,extraction,aed00a1e0ade0525731bb07f81b1486504e94ecb2350902198e5871c236804b0
1,86,包含,extraction,1b8da2822d18bd78db33df51dc1afcbbb67d90c5ab33d994166a476382defea7
3,4,是,extraction,d08580506622eb3b009abbcab184c7d6527dc171bbca042f5d2132b53eb48841
8,45,是,extraction,a021dc763489713e44feb30ec7e7c62bfaaf973fdca58ef22a79cc8fca2cf9c4
10,45,是,extraction,2d016bdf9bf15554b1ad6c86d08a7a8fb403f16c47bde3a5e828a87eca3b3c9e
11,39,是,extraction,b07fccd0d92f620f3f01b65e8dcc4a7135558f4fd60464f2e612b30129e7c93c
29,29,行驶主体,extraction,bf02fd517447d79a40fd984f0e7fccd80266617245f8b4d62282fb149a720bf9
29,29,承办机构,extraction,3bc0b3d88608b3cd656fa08f28992bc10c547819f4b6b0aee47e133be0952175
15,4,实施依据,extraction,2fac38e7a0fbb0de7f99d087cae63fdaa313713a3b5cec56a792ab059510656c
37,1,是,extraction,0425effba4b0b55802fd30d79c262c74bcbadda70455f082f2f7cfa9ed73078a
1,58,涉及问题,extraction,d5e1342778d61db9c63f96f3f11874d3ff1b5a5420510597afc21a3746f77e13
3,4,是,extraction,d08580506622eb3b009abbcab184c7d6527dc171bbca042f5d2132b53eb48841
8,43,是,extraction,5f9fc4e6c17fac692ea14127fb905f8c6be6ac25c319cad5d4b1b0b2726541e1
10,16,是,extraction,746a2100773446996a077ea20c54ba9035e03b7b31f93fb59a8ae3cd5a9d17da
11,33,是,extraction,86e684c0f0ab092352cdfe7d8da05aa3e50e8ef796d48ce0861f329bddd98b42
1,66,涉及内容,extraction,1df633d8df80469913eef582a04e08744f4c2e54d3d120d59af66e3c944e1b85
3,4,类型,extraction,4a8d183849056dd2df3cb998024802f1af71f6686b9548e80436e7d7127139f8
8,1,执行,extraction,f020fcea2d157ca1566dbeee39c6d77e21b5363a23612afac86704ffe00ad946
11,6,依据,extraction,295d212a9c577dbf7633e859777c33fd4db2dd858205f7afff9c9600d466eaa3
1,87,涉及事项,extraction,612d6670e808f179536114c97b2823e11a6fbd83b9dac9637be2ea72663ad0e2
4,1,权力类型,extraction,06f1cb2317f43bcd0489624a54a5cda47739e2ccc801a931aacc75c90aebf3f1
47,1,行驶主体,extraction,cd815e6ef285efede797fac164e9d2711b8b1395e5cd525e398131d3fae4e735
47,1,承办机构,extraction,e473ad1106090cd367e1b8ccd73f428bb60c56de8e4b8458b3f93a6a71d75251
1,41,依据,extraction,30d0e04c22fdef4a398deaf1e4bfc75bac034a9549b8bc63f5da1a2460436188
1,44,涉及,extraction,6b92937933dd3842a480fe22eb9ad7fc23049449e7c7b2d5aff5786406c78536
3,4,是,extraction,d08580506622eb3b009abbcab184c7d6527dc171bbca042f5d2132b53eb48841
11,6,是,extraction,7e353cf317a918dc7fc3ca1d0f821842e1eb7ad0cd8be30fa8e66af096026847
1,100,涉及领域,extraction,19ffa60655c43a57e8bc0f22bc7192cc2bd4ccece976a791265205ce681bb8cf
4,1,权力类型,extraction,06f1cb2317f43bcd0489624a54a5cda47739e2ccc801a931aacc75c90aebf3f1
5,4,行驶主体,extraction,90969f1b1f2314dfb53994e982b98dab0a584891fb13636f7b0cf6ed4e25b091
5,4,承办机构,extraction,006a436d5843149b88b6bc565b22b9204373a354729e2061d83283948e08ada3
4,74,实施依据,extraction,58997a7e1a2f4d7d8ae42c1520536a78a4d7c83411de629f7b9e5372976555d3
16,16,行驶主体,extraction,de3d3e85ffec1b1c16f445f7a5e7e204c5d5fb0d31f317bb122227719e728676
16,16,承办机构,extraction,dd3beedaf67b0e9e05574852bf1b9e7df5fccb39eb43ab3bef7f7645d192767e
35,4,实施依据,extraction,f819a515d249b858e278539e4a1afefc0501a560005cd9055d74756b490194f6
1,40,涉及内容,extraction,de20e85db7086358cf9286abdebf47adc291c16b26f2f272b53ee25a61196b6a
3,4,是,extraction,d08580506622eb3b009abbcab184c7d6527dc171bbca042f5d2132b53eb48841
8,5,为,extraction,13a22273af2799a248bf0d728fabd748ffdeafc7c7e82820660b418063477332
10,5,为,extraction,53fb394aade9f56fb20935579004c9c21512aa66dd4068d8aa65765fc3e3233e
11,22,来自,extraction,f7ddd3b440d3f0c2a5b673d0c8b7bb2b4cd346c7e20548efdfe103cb590c4ea4
1,60,基于,extraction,e62703517cd6a5cef5c6f2791d3f9338d07a34e7b0c9c69886261a5ce02f0698
3,4,是,extraction,d08580506622eb3b009abbcab184c7d6527dc171bbca042f5d2132b53eb48841
8,9,是,extraction,34744a2cc14d3a7a3f5317cdb530e92b9bd201c7bd7571d5db06d6b1e91b6e7f
10,9,是,extraction,af1a9ecff071ed8f3be3a892c768d8887025fa5bd902d7808d64806d738d9e49
11,35,是,extraction,e354f1fd5b27511710c92338a794ef09138dd8dbcfedfaa5e43cc3fd3f4af21e
1,13,涉及事项,extraction,86c09acc911d03df996302b1851f59b2d4b69c81046c2bee7674d0a378f87090
19,1,行驶主体,extraction,06e6c42d0d6d05423f97cae2ad8cf989f51a21bcef0b37dade2daaef3ff7ee6b
19,1,承办机构,extraction,defd31d7feb2dbbef04f213f222b3a59858e69a932e8e95d04e4c0af7efd5116
1,22,依据,extraction,bb128cf69fb40b060fff3c3b45152c667667099e089aa852d77cffb96c9338e9
37,1,是,extraction,0425effba4b0b55802fd30d79c262c74bcbadda70455f082f2f7cfa9ed73078a
1,52,包含,extraction,65aa9d8836d9408071d2ab46124ddeb7f4ac0702d8710d1e2c37dda2c678d8d3
3,4,是,extraction,d08580506622eb3b009abbcab184c7d6527dc171bbca042f5d2132b53eb48841
8,19,是,extraction,006b328d48dbd15d5a9997deacf5688dd0ac64bde696a0a8abd3e39f166e5081
10,19,是,extraction,27a0cebbbbbf719194bc882592ca52cb56fe00182beb07450e8e461717b2d932
11,39,是,extraction,b07fccd0d92f620f3f01b65e8dcc4a7135558f4fd60464f2e612b30129e7c93c
1,66,基于,extraction,360400e1ae6d154fa988bc1d1cba4f6d246ffad44f061a76de15149c7695a255
3,4,是,extraction,d08580506622eb3b009abbcab184c7d6527dc171bbca042f5d2132b53eb48841
8,72,是,extraction,35784d1dfa32a70a158b975a8b605c582d4250722fd4f7e3dba81ff5d2d9fac2
10,16,是,extraction,746a2100773446996a077ea20c54ba9035e03b7b31f93fb59a8ae3cd5a9d17da
11,48,是,extraction,aed00a1e0ade0525731bb07f81b1486504e94ecb2350902198e5871c236804b0
1,86,包含,extraction,1b8da2822d18bd78db33df51dc1afcbbb67d90c5ab33d994166a476382defea7
32,8,是,extraction,daabdd4832c86be7d29c8dca7498a6fac48f01f00dd7d11e254a8d7bf62fe7eb
32,10,是,extraction,ae247fb41c98d8ccabb2d83a667742af89f55090577015a55d4edf49d86c0aa5
48,11,是,extraction,d9b7f82b9ea8a719d7b00e1c10d86083bf814103e34fdd5660a013401f72f0ca
1,86,服务事项,extraction,7a80601e1826c7be730eb3406b98ab581d9ab2307280922538466f5a35964776
4,1,权力类型,extraction,06f1cb2317f43bcd0489624a54a5cda47739e2ccc801a931aacc75c90aebf3f1
16,1,行驶主体,extraction,2388221cee7d1ae0ed5be74dbb33fa91b57a06cfae883cc5c2262bfb048b5c48
1,64,涉及内容,extraction,b09643ac8b06634901d8a33a06e00fed43dd2cce3f069d4906feda60c5193ff1
3,4,类型,extraction,4a8d183849056dd2df3cb998024802f1af71f6686b9548e80436e7d7127139f8
11,22,来自,extraction,f7ddd3b440d3f0c2a5b673d0c8b7bb2b4cd346c7e20548efdfe103cb590c4ea4
1,49,涉及事项,extraction,c20c320e3740cc7b1fa6d799afa5f2193d5881822651053a40cea11f0929f7f7
4,1,权力类型,extraction,06f1cb2317f43bcd0489624a54a5cda47739e2ccc801a931aacc75c90aebf3f1
14,4,行驶主体,extraction,ff4b0a7f40b962e1be42c8d9deabdfd93ffd93339a1379461e27b3024ae241d9
14,4,承办机构,extraction,5209d4f8d1ed238b7456b5e0ad60ba31f1c386d98b7ad0475147720ec581cc7e
39,4,实施依据,extraction,cacdd17634b8d2ee73e7e002a842ae98a77e4d98ad01af6a683515fa449cdd4f
1,64,涉及,extraction,58ca1695df543d2d1341cde0cd68d16c052d229d992632c0d31f26d11b8dedf9
1,7,涉及事项,extraction,85180ae3904fb4dda3182acbf59b089f40c2fd247f916a351ff2a9030ab227d6
4,1,权力类型,extraction,06f1cb2317f43bcd0489624a54a5cda47739e2ccc801a931aacc75c90aebf3f1
5,4,行驶主体,extraction,90969f1b1f2314dfb53994e982b98dab0a584891fb13636f7b0cf6ed4e25b091
5,4,承办机构,extraction,006a436d5843149b88b6bc565b22b9204373a354729e2061d83283948e08ada3
1,49,涉及事项,extraction,c20c320e3740cc7b1fa6d799afa5f2193d5881822651053a40cea11f0929f7f7
4,1,权力类型,extraction,06f1cb2317f43bcd0489624a54a5cda47739e2ccc801a931aacc75c90aebf3f1
16,4,行驶主体,extraction,71eddffd2710e4f0315e456157ca342387f22226c6c2ba7cb2d13e89c4f480f1
16,4,承办机构,extraction,26d52405963eb7634ec911dcc46a95b90f282c897b604ad9461e331f808f6862
26,4,实施依据,extraction,e6cbf4ca69f5e082a1296b952fd57617df900b386221cceb6c60d2aa8fd1df71
1,23,涉及事项,extraction,888f4d96ceb27a16f6144a62b1e47fefe4fdb1a079dfee7c5d704fb359a4ee41
4,1,权力类型,extraction,06f1cb2317f43bcd0489624a54a5cda47739e2ccc801a931aacc75c90aebf3f1
9,4,行驶主体,extraction,8b51ed11a0731094dcf617a38cdbb7ec00b30e823794283e67e82d7edd09a043
9,4,承办机构,extraction,a6e2ca82d3d2de505ea3d13de0bcfe4973cc90babf302d312c2ab3ff4948ff06
22,1,实施依据,extraction,e9bebbcc307570b0c637a8d3575c1bd271b8f2478be39ab7bf6f6facadb958b0
37,1,是,extraction,0425effba4b0b55802fd30d79c262c74bcbadda70455f082f2f7cfa9ed73078a
3,4,是,extraction,d08580506622eb3b009abbcab184c7d6527dc171bbca042f5d2132b53eb48841
8,9,是,extraction,34744a2cc14d3a7a3f5317cdb530e92b9bd201c7bd7571d5db06d6b1e91b6e7f
10,9,是,extraction,af1a9ecff071ed8f3be3a892c768d8887025fa5bd902d7808d64806d738d9e49
11,15,是,extraction,3d99bcc2d8a851d2517fe94c1a8b5a03b5cbd811bf3f796fc4f680702935c9c8
37,1,是,extraction,0425effba4b0b55802fd30d79c262c74bcbadda70455f082f2f7cfa9ed73078a
1,56,涉及问题,extraction,39ade94e9e9e934d2e2a51229c645f7d261fbe54a5fe443248d668bede4b6f41
3,4,是,extraction,d08580506622eb3b009abbcab184c7d6527dc171bbca042f5d2132b53eb48841
8,5,是,extraction,2ba53cf2a729e877b6f5a0c20e75c810989d499c8b6ba4b25874f2cf983362ec
10,82,是,extraction,31b47fac03e1b154093e2db145e51198336aa2bb8e27b52375b8a5e3ee8a7549
11,30,是,extraction,5a718b8ea79a649c60fa74166375f668d4abd9f5ab80a4084176c4bd48c96c81
1,2,涉及事项,extraction,45a6b5e9b7acaaf964d4ba55ee382735953a50be79b9c5a63cfd56f3bfaa98e9
4,3,属于,extraction,78b18b9c4201fc1f09d7ae910a2166ca96d5ef4d3254d0d7c72db8fa4ed3d1f0
5,1,承办机构,extraction,9054f2bd559f99e7217094914676411351172fc3f6311c47ff7fbb7de27ab132
37,1,是,extraction,0425effba4b0b55802fd30d79c262c74bcbadda70455f082f2f7cfa9ed73078a
1,44,包含,extraction,7ad7fc3ab34a43646f4e9e0954673884deab21bcc42dfc164288b59352c87cce
3,4,是,extraction,d08580506622eb3b009abbcab184c7d6527dc171bbca042f5d2132b53eb48841
8,19,是,extraction,006b328d48dbd15d5a9997deacf5688dd0ac64bde696a0a8abd3e39f166e5081
10,19,是,extraction,27a0cebbbbbf719194bc882592ca52cb56fe00182beb07450e8e461717b2d932
11,22,是,extraction,1b323bba6189dbc5ba530bc51581df70b5958e3d716f1672b185da2f26ccf3f8
1,86,包含行为,extraction,08cbbbce071d68a8d1735a75d280b6c6a8fe9e1e5f4af0373c7b36c41506a7ba
3,4,是,extraction,d08580506622eb3b009abbcab184c7d6527dc171bbca042f5d2132b53eb48841
8,19,是,extraction,006b328d48dbd15d5a9997deacf5688dd0ac64bde696a0a8abd3e39f166e5081
10,19,是,extraction,27a0cebbbbbf719194bc882592ca52cb56fe00182beb07450e8e461717b2d932
11,30,是,extraction,5a718b8ea79a649c60fa74166375f668d4abd9f5ab80a4084176c4bd48c96c81
1,60,基于,extraction,e62703517cd6a5cef5c6f2791d3f9338d07a34e7b0c9c69886261a5ce02f0698
47,8,是,extraction,ee79f55912d29cfba09035184c44e68fa107ab202b98a8a76289362e09a33956
12,11,是,extraction,54710bbec3ca077fe79c80e1e95ea28a843633289f5bc6efe6abea14f6118623
1,64,涉及,extraction,58ca1695df543d2d1341cde0cd68d16c052d229d992632c0d31f26d11b8dedf9
3,4,是,extraction,d08580506622eb3b009abbcab184c7d6527dc171bbca042f5d2132b53eb48841
8,5,是,extraction,2ba53cf2a729e877b6f5a0c20e75c810989d499c8b6ba4b25874f2cf983362ec
10,5,是,extraction,5cec422cc7f67c3758916b82edf5f427a91370d2f97c9320ccc8c7a3165aaa69
11,20,是,extraction,4f6bd6ee852dc39505db943bb8728969a06f8c23c54a14cbb4d6866ffb8c4f4a
1,50,涉及问题,extraction,d9aee7e532418f68a24d42b6c0f1cfa2f6d491734d66eb49042adf59fb9f4ecb
4,1,类型,extraction,e97f668103fa794d1e7aa6eb91e0786717d9e76822c848622a0c4c703aa24d82
29,4,行驶主体,extraction,5d29277c63d8d69901b6bf520c1097a8d020d0c58cc6ab4bf6a7f699cef2c9e0
29,4,承办机构,extraction,b2dc61397fee41003aae1b3f25aff201e342ada1d04a0a5c5ca233e5028698f5
41,4,实施依据,extraction,f8524089ce3932ccdf97fc9d43bd3e35486a01210b80fc3877b01f499bbd39d1
1,64,涉及内容,extraction,b09643ac8b06634901d8a33a06e00fed43dd2cce3f069d4906feda60c5193ff1
4,1,权力类型,extraction,06f1cb2317f43bcd0489624a54a5cda47739e2ccc801a931aacc75c90aebf3f1
24,1,行驶主体,extraction,1d6e8cf9f9d91c32784b3816cbdf2f3590b5a48dd82d14b69139687101724d02
24,1,承办机构,extraction,706c85cddfe6218745523cfd2d1d75c9d4fbe5d63a11b5aa4700f4ef5caea528
1,87,涉及内容,extraction,d8baabd9c853b74ad88c30e16c3b0f0656e37b10a0eb9e6179f1c2eb1aaef3e1
4,1,权力类型,extraction,06f1cb2317f43bcd0489624a54a5cda47739e2ccc801a931aacc75c90aebf3f1
14,1,行驶主体,extraction,42f7273a74403e1ff40ec20c28c5684bdebdde720b9bb324665a197a1fd17536
14,1,承办机构,extraction,b425f25c4103731723fffdea3b08ba92f7768243f470d556220be325d20abc5c
1,6,依据,extraction,cf80a41cfbe8cca5a52d6fcd7e48ad0a16c62e701ea3daffe7b904843934819d
1,61,涉及问题,extraction,14dd21e29595533a08fd01fee5143665aa7115da80641e60cccba4d43781cfc7
4,14,行使主体,extraction,cd8ba96d170a12448539a63a08e743c54fb100db0e0072487329cf6e5284763f
4,14,承办机构,extraction,2d496a3ff72208d249dbbcc99df15129c0772d81ca96f3cb7e91491adfbfeb93
14,35,依据,extraction,f96e84f6ceea6d9447fc48aacf1ab5d62b12cbe3e8c50e4151e6f652ab7d7f10
1,61,包含,extraction,6edfccacf4cd1d9a6532155eb6cc62c0c0c348d344598b52ec0aa03bf7093506
3,4,是,extraction,d08580506622eb3b009abbcab184c7d6527dc171bbca042f5d2132b53eb48841
8,14,是,extraction,7574d3dbd8d8b8c050e695585b2139657ee4c361c101f42d9fa804421e3dc311
10,14,是,extraction,724fd5216be260a1ef5c764227bd7814bbb14163569e9c4d0854790e0b534a15
11,26,是,extraction,594ee48e2ef28d4283493b7dd95b58c8a78fd026434bf2ef09599eb13b81049f
1,56,涉及问题,extraction,39ade94e9e9e934d2e2a51229c645f7d261fbe54a5fe443248d668bede4b6f41
3,4,类型,extraction,4a8d183849056dd2df3cb998024802f1af71f6686b9548e80436e7d7127139f8
8,47,为,extraction,0f74e3719ce77ed4331842c0be1b590abc909a7f8db8a996a7c574801373250d
11,30,来自,extraction,d7b8c5dd04c10ea8c222a634e64fbcc725d341aaa52ba6fdf3960fbfe853caf5
3,4,是,extraction,d08580506622eb3b009abbcab184c7d6527dc171bbca042f5d2132b53eb48841
8,19,是,extraction,006b328d48dbd15d5a9997deacf5688dd0ac64bde696a0a8abd3e39f166e5081
10,19,是,extraction,27a0cebbbbbf719194bc882592ca52cb56fe00182beb07450e8e461717b2d932
11,30,是,extraction,5a718b8ea79a649c60fa74166375f668d4abd9f5ab80a4084176c4bd48c96c81
4,59,权力类型,extraction,3e774e2ce5f75d7c0452aa3fc51ba4f4753ba1eaec0f7b75d56b50fe6367e1e0
9,4,行驶主体,extraction,8b51ed11a0731094dcf617a38cdbb7ec00b30e823794283e67e82d7edd09a043
9,4,承办机构,extraction,a6e2ca82d3d2de505ea3d13de0bcfe4973cc90babf302d312c2ab3ff4948ff06
20,4,实施依据,extraction,1b7b8e70934bc1e1f3ec7bc00bb74fa7e905259ce58aef57203d7288cd724ca9
4,1,权力类型,extraction,06f1cb2317f43bcd0489624a54a5cda47739e2ccc801a931aacc75c90aebf3f1
47,1,行驶主体,extraction,cd815e6ef285efede797fac164e9d2711b8b1395e5cd525e398131d3fae4e735
47,1,承办机构,extraction,e473ad1106090cd367e1b8ccd73f428bb60c56de8e4b8458b3f93a6a71d75251
22,4,实施依据,extraction,955cc634178e1774d46de263a7666f3e24e053762b8aca2b4cc20d91ec8bb20a
37,37,是,extraction,9e8fa30e034033092b63d21fe7676823b1029cfc29c241afb411321b3773d998
3,4,是,extraction,d08580506622eb3b009abbcab184c7d6527dc171bbca042f5d2132b53eb48841
8,9,是,extraction,34744a2cc14d3a7a3f5317cdb530e92b9bd201c7bd7571d5db06d6b1e91b6e7f
10,9,是,extraction,af1a9ecff071ed8f3be3a892c768d8887025fa5bd902d7808d64806d738d9e49
1,56,涉及方面,extraction,5142c4c8b1234d97f50fffa28d5349b4c6717fbcea44647106014afc06e85426
29,29,承办机构,extraction,3bc0b3d88608b3cd656fa08f28992bc10c547819f4b6b0aee47e133be0952175
1,62,包含,extraction,1ac13a5cea2f5974b13517a5bc6c7a50527b0477ed3a20f5355e1a1cc704ff9a
3,4,是,extraction,d08580506622eb3b009abbcab184c7d6527dc171bbca042f5d2132b53eb48841
8,45,是,extraction,a021dc763489713e44feb30ec7e7c62bfaaf973fdca58ef22a79cc8fca2cf9c4
10,45,是,extraction,2d016bdf9bf15554b1ad6c86d08a7a8fb403f16c47bde3a5e828a87eca3b3c9e
11,41,是,extraction,bd47bd61949ec03ec689102a2ed8157cefc45bfa6195f0919c017603278e86c5
1,50,涉及问题,extraction,d9aee7e532418f68a24d42b6c0f1cfa2f6d491734d66eb49042adf59fb9f4ecb
4,1,权力类型,extraction,06f1cb2317f43bcd0489624a54a5cda47739e2ccc801a931aacc75c90aebf3f1
32,1,行驶主体,extraction,f3ae7eebff4e3460421e23abeef0b3052dd9a3dcfbd1f44a03d027eeb1801b4f
32,1,承办机构,extraction,931cafd24efaf97775db66b22a04ccc10ef5b34c9f1550f1c6e447e2887940db
1,35,实施依据,extraction,8f4a68c1f5782f9a24dc1961af76711020ef8969190b24eb96a0feab9af25116
1,87,涉及事项,extraction,612d6670e808f179536114c97b2823e11a6fbd83b9dac9637be2ea72663ad0e2
4,1,权力类型,extraction,06f1cb2317f43bcd0489624a54a5cda47739e2ccc801a931aacc75c90aebf3f1
14,1,行驶主体,extraction,42f7273a74403e1ff40ec20c28c5684bdebdde720b9bb324665a197a1fd17536
14,1,承办机构,extraction,b425f25c4103731723fffdea3b08ba92f7768243f470d556220be325d20abc5c
1,69,依据,extraction,fc40489d7bc2f1ece91dd995ae7771f0209b6e879ad216fee58e5e05caf402f7
1,62,基于,extraction,107e1bb0950b774ff9f05ec19639e02422cf10def6be35db13c2495e5a4effe2
3,4,是,extraction,d08580506622eb3b009abbcab184c7d6527dc171bbca042f5d2132b53eb48841
8,72,是,extraction,35784d1dfa32a70a158b975a8b605c582d4250722fd4f7e3dba81ff5d2d9fac2
10,45,是,extraction,2d016bdf9bf15554b1ad6c86d08a7a8fb403f16c47bde3a5e828a87eca3b3c9e
11,6,是,extraction,7e353cf317a918dc7fc3ca1d0f821842e1eb7ad0cd8be30fa8e66af096026847
1,50,涉及问题,extraction,d9aee7e532418f68a24d42b6c0f1cfa2f6d491734d66eb49042adf59fb9f4ecb
4,1,权力类型,extraction,06f1cb2317f43bcd0489624a54a5cda47739e2ccc801a931aacc75c90aebf3f1
14,1,行驶主体,extraction,42f7273a74403e1ff40ec20c28c5684bdebdde720b9bb324665a197a1fd17536
14,1,承办机构,extraction,b425f25c4103731723fffdea3b08ba92f7768243f470d556220be325d20abc5c
1,41,依据,extraction,30d0e04c22fdef4a398deaf1e4bfc75bac034a9549b8bc63f5da1a2460436188
37,1,是,extraction,0425effba4b0b55802fd30d79c262c74bcbadda70455f082f2f7cfa9ed73078a
3,89,是,extraction,80c22fae8e74135ff3f3960d9e8acaed28f2e2fe126e6c2d46954234d41f08ff
8,14,是,extraction,7574d3dbd8d8b8c050e695585b2139657ee4c361c101f42d9fa804421e3dc311
11,22,是,extraction,1b323bba6189dbc5ba530bc51581df70b5958e3d716f1672b185da2f26ccf3f8
1,18,涉及行为,extraction,e5f9736b2ef3ac77c393e7696f276a7ffa421f7eba2cb7680cc4eb7dcb4d4b53
3,4,是,extraction,d08580506622eb3b009abbcab184c7d6527dc171bbca042f5d2132b53eb48841
8,24,是,extraction,5924698efd5688b8387f11fb3a902a4c8b1757d50799df6653f7f8b593f7bb9c
10,24,是,extraction,7338ed710fc5d464c3e8e7713a2dde9e5d5bc405c2daee71f39d38c88c37c5dd
11,33,是,extraction,86e684c0f0ab092352cdfe7d8da05aa3e50e8ef796d48ce0861f329bddd98b42
34,42,涉及内容,extraction,a3ce13fd299978db8fef7fa2de1d0c53a887af6549b11fdcf6ffb34005293657
3,4,是,extraction,d08580506622eb3b009abbcab184c7d6527dc171bbca042f5d2132b53eb48841
8,72,是,extraction,35784d1dfa32a70a158b975a8b605c582d4250722fd4f7e3dba81ff5d2d9fac2
10,19,是,extraction,27a0cebbbbbf719194bc882592ca52cb56fe00182beb07450e8e461717b2d932
11,6,是,extraction,7e353cf317a918dc7fc3ca1d0f821842e1eb7ad0cd8be30fa8e66af096026847
1,50,涉及问题,extraction,d9aee7e532418f68a24d42b6c0f1cfa2f6d491734d66eb49042adf59fb9f4ecb
4,1,权力类型,extraction,06f1cb2317f43bcd0489624a54a5cda47739e2ccc801a931aacc75c90aebf3f1
14,4,行驶主体,extraction,ff4b0a7f40b962e1be42c8d9deabdfd93ffd93339a1379461e27b3024ae241d9
14,4,承办机构,extraction,5209d4f8d1ed238b7456b5e0ad60ba31f1c386d98b7ad0475147720ec581cc7e
48,4,实施依据,extraction,4f8484e520c1c8e06fbc1b3f8bb52725bdf6135ed870d68667c7520c6dbfe736
1,13,涉及事项,extraction,86c09acc911d03df996302b1851f59b2d4b69c81046c2bee7674d0a378f87090
4,1,权力类型,extraction,06f1cb2317f43bcd0489624a54a5cda47739e2ccc801a931aacc75c90aebf3f1
5,4,行驶主体,extraction,90969f1b1f2314dfb53994e982b98dab0a584891fb13636f7b0cf6ed4e25b091
20,4,实施依据,extraction,1b7b8e70934bc1e1f3ec7bc00bb74fa7e905259ce58aef57203d7288cd724ca9
1,2,包含,extraction,ece848f89d246452aaa10044790a3062f859636b97889ce3f2ba79cb9580a885
3,4,是,extraction,d08580506622eb3b009abbcab184c7d6527dc171bbca042f5d2132b53eb48841
8,19,是,extraction,006b328d48dbd15d5a9997deacf5688dd0ac64bde696a0a8abd3e39f166e5081
10,54,是,extraction,debd081332f109890171744547ff5ef2c5854973877c900aba211633935e3861
11,41,是,extraction,bd47bd61949ec03ec689102a2ed8157cefc45bfa6195f0919c017603278e86c5
1,100,涉及领域,extraction,19ffa60655c43a57e8bc0f22bc7192cc2bd4ccece976a791265205ce681bb8cf
19,1,行驶主体,extraction,06e6c42d0d6d05423f97cae2ad8cf989f51a21bcef0b37dade2daaef3ff7ee6b
19,1,承办机构,extraction,defd31d7feb2dbbef04f213f222b3a59858e69a932e8e95d04e4c0af7efd5116
1,17,依据,extraction,bcf7d7d5d00ac9319286f33e16c7643a23d33428bb04e03208b47c1b1b636a28
1,2,服务事项,extraction,2f86116730c261901f6329515305421e756ef954735ed2c81715cddfa9dd049e
4,1,权力类型,extraction,06f1cb2317f43bcd0489624a54a5cda47739e2ccc801a931aacc75c90aebf3f1
47,1,行驶主体,extraction,cd815e6ef285efede797fac164e9d2711b8b1395e5cd525e398131d3fae4e735
47,1,承办机构,extraction,e473ad1106090cd367e1b8ccd73f428bb60c56de8e4b8458b3f93a6a71d75251
12,1,实施依据,extraction,7d30a03f0f05e8bb755711526a77727255e185e8c3b912875294c5d3c32dce03
1,23,涉及事项,extraction,888f4d96ceb27a16f6144a62b1e47fefe4fdb1a079dfee7c5d704fb359a4ee41
4,1,权力类型,extraction,06f1cb2317f43bcd0489624a54a5cda47739e2ccc801a931aacc75c90aebf3f1
5,4,行驶主体,extraction,90969f1b1f2314dfb53994e982b98dab0a584891fb13636f7b0cf6ed4e25b091
5,4,承办机构,extraction,006a436d5843149b88b6bc565b22b9204373a354729e2061d83283948e08ada3
4,33,实施依据,extraction,878fab09c7d0c53381b174a66c392fa75cbd621f55d39ec877bd13ad587989c6
1,55,涉及问题,extraction,f2ffd7cbbde07203ef22704e812dc0c897a1f2dc5a5cc4fabb7f1bbafc6e63ed
4,1,权力类型,extraction,06f1cb2317f43bcd0489624a54a5cda47739e2ccc801a931aacc75c90aebf3f1
29,4,行驶主体,extraction,5d29277c63d8d69901b6bf520c1097a8d020d0c58cc6ab4bf6a7f699cef2c9e0
29,4,承办机构,extraction,b2dc61397fee41003aae1b3f25aff201e342ada1d04a0a5c5ca233e5028698f5
4,26,依据,extraction,2857763f0b97aa35bc5e72b640c3690f49c3a395253fcb9ba4bc859ddfaff585
37,4,是,extraction,aeede70f877e8735fc43846100cd0a1cfd2ab95c5888b42393315af01f5bd243
8,29,是,extraction,361487daa4f72ef0bea966c2740ed8160c3514f17e0e71d25d21d78ebfd5b306
10,29,是,extraction,ed2e1eb7f64fc3c675b397bf987aa23d776a90888b11ff44f1ee8dc7e6f3fd7f
11,48,是,extraction,aed00a1e0ade0525731bb07f81b1486504e94ecb2350902198e5871c236804b0
1,52,涉及事项,extraction,60c44bc532430527e320f23ce8301d12a3341698a8f67afd3e5649f8789ec4a8
32,4,行使主体,extraction,6c992e349241e2c431c58f6a23f588b47b6ac66b9750431b7989b3288b80ee3a
1,50,涉及事项,extraction,caea95c2a94b009b053a33d7a81319740dc1b0ac89db162d633557025b0065e1
4,1,权力类型,extraction,06f1cb2317f43bcd0489624a54a5cda47739e2ccc801a931aacc75c90aebf3f1
19,4,行驶主体,extraction,fc975c45488700256c6dc1a4471e5731d13c0901460034200da8f0d966941b18
19,4,承办机构,extraction,1b13ac4aeb7af35063ac982064f773cab0cd5e9db3f2bcd5e9238ee81191e24d
35,4,实施依据,extraction,f819a515d249b858e278539e4a1afefc0501a560005cd9055d74756b490194f6
1,60,基于,extraction,e62703517cd6a5cef5c6f2791d3f9338d07a34e7b0c9c69886261a5ce02f0698
3,4,是,extraction,d08580506622eb3b009abbcab184c7d6527dc171bbca042f5d2132b53eb48841
8,14,是,extraction,7574d3dbd8d8b8c050e695585b2139657ee4c361c101f42d9fa804421e3dc311
10,14,是,extraction,724fd5216be260a1ef5c764227bd7814bbb14163569e9c4d0854790e0b534a15
11,15,是,extraction,3d99bcc2d8a851d2517fe94c1a8b5a03b5cbd811bf3f796fc4f680702935c9c8
37,4,是,extraction,aeede70f877e8735fc43846100cd0a1cfd2ab95c5888b42393315af01f5bd243
3,4,是,extraction,d08580506622eb3b009abbcab184c7d6527dc171bbca042f5d2132b53eb48841
11,15,是,extraction,3d99bcc2d8a851d2517fe94c1a8b5a03b5cbd811bf3f796fc4f680702935c9c8
37,1,是,extraction,0425effba4b0b55802fd30d79c262c74bcbadda70455f082f2f7cfa9ed73078a
1,100,包含,extraction,518ba16e1025ee6deba115200722e91a4807cd188026d5a4c144b5dba0d3038a
3,4,是,extraction,d08580506622eb3b009abbcab184c7d6527dc171bbca042f5d2132b53eb48841
8,19,是,extraction,006b328d48dbd15d5a9997deacf5688dd0ac64bde696a0a8abd3e39f166e5081
10,19,是,extraction,27a0cebbbbbf719194bc882592ca52cb56fe00182beb07450e8e461717b2d932
11,35,是,extraction,e354f1fd5b27511710c92338a794ef09138dd8dbcfedfaa5e43cc3fd3f4af21e
32,32,行驶主体,extraction,c99cc95dd359700ee80016caf0fca8788cd0121ae97ca919c48e2c2d3a8a0139
32,32,承办机构,extraction,911adfffd05806263bf58b0d02a29a83b098803ea7bdf542e61063696f391749
1,18,涉及,extraction,3809770ba7ef48d41647f651814347ce7af066af5e2d2a56ba29998e548215c7
3,4,是,extraction,d08580506622eb3b009abbcab184c7d6527dc171bbca042f5d2132b53eb48841
8,9,是,extraction,34744a2cc14d3a7a3f5317cdb530e92b9bd201c7bd7571d5db06d6b1e91b6e7f
3,4,是,extraction,d08580506622eb3b009abbcab184c7d6527dc171bbca042f5d2132b53eb48841
8,5,是,extraction,2ba53cf2a729e877b6f5a0c20e75c810989d499c8b6ba4b25874f2cf983362ec
10,5,是,extraction,5cec422cc7f67c3758916b82edf5f427a91370d2f97c9320ccc8c7a3165aaa69
11,12,是,extraction,4bb51718453a67d9015b846c6a68662b97572c0a9269a7df9df55bbbce96ae63
37,1,是,extraction,0425effba4b0b55802fd30d79c262c74bcbadda70455f082f2f7cfa9ed73078a
1,7,包括,extraction,0c7ee1dc9668a5f486c08c21f708da9a70d3ee37801b3057e190ffb52ac3354f
3,4,是,extraction,d08580506622eb3b009abbcab184c7d6527dc171bbca042f5d2132b53eb48841
8,5,是,extraction,2ba53cf2a729e877b6f5a0c20e75c810989d499c8b6ba4b25874f2cf983362ec
10,5,是,extraction,5cec422cc7f67c3758916b82edf5f427a91370d2f97c9320ccc8c7a3165aaa69
11,48,是,extraction,aed00a1e0ade0525731bb07f81b1486504e94ecb2350902198e5871c236804b0
1,56,涉及方面,extraction,5142c4c8b1234d97f50fffa28d5349b4c6717fbcea44647106014afc06e85426
3,4,类型,extraction,4a8d183849056dd2df3cb998024802f1af71f6686b9548e80436e7d7127139f8
29,1,行驶主体,extraction,3894e2807bd5d700cd8e59ee73eb9d47cb997d8bf04d89c2b3816a91f3f94483
29,1,承办机构,extraction,bd5db513e02b588bffbd25ee058495f5dafac2b9a07a6392fb0bac6645b72a35
39,1,实施依据,extraction,f3d70785ffdccc7f324b30f12363df58cd4cc126f8cc059e5bb1dde321050022
37,79,是,extraction,2e4a846bbba0e4ffa907d50689948f0beda559552eededfbee3941bc9d1004e1
3,4,是,extraction,d08580506622eb3b009abbcab184c7d6527dc171bbca042f5d2132b53eb48841
8,9,是,extraction,34744a2cc14d3a7a3f5317cdb530e92b9bd201c7bd7571d5db06d6b1e91b6e7f
10,9,是,extraction,af1a9ecff071ed8f3be3a892c768d8887025fa5bd902d7808d64806d738d9e49
11,22,是,extraction,1b323bba6189dbc5ba530bc51581df70b5958e3d716f1672b185da2f26ccf3f8
1,100,涉及领域,extraction,19ffa60655c43a57e8bc0f22bc7192cc2bd4ccece976a791265205ce681bb8cf
45,1,承办机构,extraction,9f49a4cd963acd1bb4cc403259dcc90b45180ce5f8f80434750ef8acda654983
1,74,依据,extraction,9543f441f05cf27fad61b9211a1e3d26f46ad57ebab7d3aecc5451ef8f7ca081
1,40,涉及内容,extraction,de20e85db7086358cf9286abdebf47adc291c16b26f2f272b53ee25a61196b6a
29,37,承办机构,extraction,61edba83fb470e0412bc34fded11ab4245de965509d864e8c1a3218dd72cef01
37,1,是,extraction,0425effba4b0b55802fd30d79c262c74bcbadda70455f082f2f7cfa9ed73078a
1,53,包含,extraction,64a4053bf85b4229ca75172db19fa063634041281deff312e745aba0a3e284be
3,4,是,extraction,d08580506622eb3b009abbcab184c7d6527dc171bbca042f5d2132b53eb48841
8,43,是,extraction,5f9fc4e6c17fac692ea14127fb905f8c6be6ac25c319cad5d4b1b0b2726541e1
3,4,是,extraction,d08580506622eb3b009abbcab184c7d6527dc171bbca042f5d2132b53eb48841
8,9,是,extraction,34744a2cc14d3a7a3f5317cdb530e92b9bd201c7bd7571d5db06d6b1e91b6e7f
10,9,是,extraction,af1a9ecff071ed8f3be3a892c768d8887025fa5bd902d7808d64806d738d9e49
11,22,是,extraction,1b323bba6189dbc5ba530bc51581df70b5958e3d716f1672b185da2f26ccf3f8
1,18,涉及,extraction,3809770ba7ef48d41647f651814347ce7af066af5e2d2a56ba29998e548215c7
4,3,属于,extraction,78b18b9c4201fc1f09d7ae910a2166ca96d5ef4d3254d0d7c72db8fa4ed3d1f0
5,8,是,extraction,21579cce37ea44cb2c8431913849335bc0970d584c14428520be1529f7315e83
5,10,也是,extraction,b44ca37ceead0caa9b75aafb3a2d822a4e81c664e05fbb5eacace4d3a3289119
3,4,是,extraction,d08580506622eb3b009abbcab184c7d6527dc171bbca042f5d2132b53eb48841
8,29,是,extraction,361487daa4f72ef0bea966c2740ed8160c3514f17e0e71d25d21d78ebfd5b306
11,12,是,extraction,4bb51718453a67d9015b846c6a68662b97572c0a9269a7df9df55bbbce96ae63
1,53,包含,extraction,64a4053bf85b4229ca75172db19fa063634041281deff312e745aba0a3e284be
3,4,是,extraction,d08580506622eb3b009abbcab184c7d6527dc171bbca042f5d2132b53eb48841
8,19,是,extraction,006b328d48dbd15d5a9997deacf5688dd0ac64bde696a0a8abd3e39f166e5081
10,19,是,extraction,27a0cebbbbbf719194bc882592ca52cb56fe00182beb07450e8e461717b2d932
11,35,是,extraction,e354f1fd5b27511710c92338a794ef09138dd8dbcfedfaa5e43cc3fd3f4af21e
38,58,关于,extraction,8a1bc1228cf6247a60623414696abc029ba1dc233278f15bd2ec7d175ebff0aa
3,4,是,extraction,d08580506622eb3b009abbcab184c7d6527dc171bbca042f5d2132b53eb48841
8,9,是,extraction,34744a2cc14d3a7a3f5317cdb530e92b9bd201c7bd7571d5db06d6b1e91b6e7f
10,54,是,extraction,debd081332f109890171744547ff5ef2c5854973877c900aba211633935e3861
11,12,是,extraction,4bb51718453a67d9015b846c6a68662b97572c0a9269a7df9df55bbbce96ae63
1,60,基于,extraction,e62703517cd6a5cef5c6f2791d3f9338d07a34e7b0c9c69886261a5ce02f0698
3,89,是,extraction,80c22fae8e74135ff3f3960d9e8acaed28f2e2fe126e6c2d46954234d41f08ff
8,47,是,extraction,f3cb127ba604dd0f9c80f385d7500846a405e73ecc8ccfda8cb53cb29e5892bb
10,47,是,extraction,95e2b3b1d927b9bbdb48660d6ad3d8a240228e55a60909c980c4ecb4241ff67d
11,39,是,extraction,b07fccd0d92f620f3f01b65e8dcc4a7135558f4fd60464f2e612b30129e7c93c
1,56,涉及,extraction,a8f2b22263019167381db3edaff04efca7319528bda33c0f225601373e075acd
3,4,是,extraction,d08580506622eb3b009abbcab184c7d6527dc171bbca042f5d2132b53eb48841
8,9,是,extraction,34744a2cc14d3a7a3f5317cdb530e92b9bd201c7bd7571d5db06d6b1e91b6e7f
10,9,是,extraction,af1a9ecff071ed8f3be3a892c768d8887025fa5bd902d7808d64806d738d9e49
11,41,是,extraction,bd47bd61949ec03ec689102a2ed8157cefc45bfa6195f0919c017603278e86c5
37,1,是,extraction,0425effba4b0b55802fd30d79c262c74bcbadda70455f082f2f7cfa9ed73078a
1,23,涉及问题,extraction,fd30b868e77ed7fd7a0e167cdc307344e2532b82e7d1ceb3c3794f84e4e8825a
3,130,未提及,extraction,c62a0eb394345e691f187910c63c4186ca9dafaa05ae2dfd0ed037c57bb9fdf1
8,5,为,extraction,13a22273af2799a248bf0d728fabd748ffdeafc7c7e82820660b418063477332
10,5,为,extraction,53fb394aade9f56fb20935579004c9c21512aa66dd4068d8aa65765fc3e3233e
11,35,来自,extraction,bcd383b551dae81fc12d8173579cb5f089d38dca03f80426e65f02944285a6b5
1,58,涉及问题,extraction,d5e1342778d61db9c63f96f3f11874d3ff1b5a5420510597afc21a3746f77e13
4,1,权力类型,extraction,06f1cb2317f43bcd0489624a54a5cda47739e2ccc801a931aacc75c90aebf3f1
67,4,行使主体,extraction,a899dc79e4825f65791cee8314ea1456978e598801e29e206951a5790141d325
20,4,实施依据,extraction,1b7b8e70934bc1e1f3ec7bc00bb74fa7e905259ce58aef57203d7288cd724ca9
37,1,是,extraction,0425effba4b0b55802fd30d79c262c74bcbadda70455f082f2f7cfa9ed73078a
1,66,包含,extraction,08bd2fab8eaaa09a41bba39e6c64781219b3fd48fe62734ab2d9c477f1962151
3,4,是,extraction,d08580506622eb3b009abbcab184c7d6527dc171bbca042f5d2132b53eb48841
10,32,是,extraction,4da064cb343643cc890842dceaf67b09d17018b8caccfb9a66252b99aba7b2c2
11,26,是,extraction,594ee48e2ef28d4283493b7dd95b58c8a78fd026434bf2ef09599eb13b81049f
1,23,涉及事项,extraction,888f4d96ceb27a16f6144a62b1e47fefe4fdb1a079dfee7c5d704fb359a4ee41
4,1,权力类型,extraction,06f1cb2317f43bcd0489624a54a5cda47739e2ccc801a931aacc75c90aebf3f1
45,1,行驶主体,extraction,8eddef9e7cb0a9ef48bf1d9c5453eeaa783093eb2b61876f61f7d2b7a721e349
45,1,承办机构,extraction,9f49a4cd963acd1bb4cc403259dcc90b45180ce5f8f80434750ef8acda654983
1,6,依据,extraction,cf80a41cfbe8cca5a52d6fcd7e48ad0a16c62e701ea3daffe7b904843934819d
3,4,是,extraction,d08580506622eb3b009abbcab184c7d6527dc171bbca042f5d2132b53eb48841
8,32,是,extraction,79c2a1c208558638ca5abb8e1df4996bbe4f4b8ce1f4077e6032cba30fd44e45
10,32,是,extraction,4da064cb343643cc890842dceaf67b09d17018b8caccfb9a66252b99aba7b2c2
11,12,是,extraction,4bb51718453a67d9015b846c6a68662b97572c0a9269a7df9df55bbbce96ae63
1,61,涉及问题,extraction,14dd21e29595533a08fd01fee5143665aa7115da80641e60cccba4d43781cfc7
4,1,权力类型,extraction,06f1cb2317f43bcd0489624a54a5cda47739e2ccc801a931aacc75c90aebf3f1
14,4,行驶主体,extraction,ff4b0a7f40b962e1be42c8d9deabdfd93ffd93339a1379461e27b3024ae241d9
14,4,承办机构,extraction,5209d4f8d1ed238b7456b5e0ad60ba31f1c386d98b7ad0475147720ec581cc7e
6,4,实施依据,extraction,20133cc1c3cf680305ab9f27bd9f10688b55bd764b7da80c566286d7bfc030ac
19,1,行驶主体,extraction,06e6c42d0d6d05423f97cae2ad8cf989f51a21bcef0b37dade2daaef3ff7ee6b
19,1,承办机构,extraction,defd31d7feb2dbbef04f213f222b3a59858e69a932e8e95d04e4c0af7efd5116
1,39,依据,extraction,7803ed95b006e598478dde935bf658087677b36fc05d309bf719746297b0c47e
1,25,涉及行为,extraction,d9a65e18499e7824e8f9c7adcb77ee953a722c707c38445a4d94106ee3e1fb9a
3,4,是,extraction,d08580506622eb3b009abbcab184c7d6527dc171bbca042f5d2132b53eb48841
8,45,是,extraction,a021dc763489713e44feb30ec7e7c62bfaaf973fdca58ef22a79cc8fca2cf9c4
1,87,涉及内容,extraction,d8baabd9c853b74ad88c30e16c3b0f0656e37b10a0eb9e6179f1c2eb1aaef3e1
4,1,权力类型,extraction,06f1cb2317f43bcd0489624a54a5cda47739e2ccc801a931aacc75c90aebf3f1
19,1,行驶主体,extraction,06e6c42d0d6d05423f97cae2ad8cf989f51a21bcef0b37dade2daaef3ff7ee6b
19,1,承办机构,extraction,defd31d7feb2dbbef04f213f222b3a59858e69a932e8e95d04e4c0af7efd5116
37,79,是,extraction,2e4a846bbba0e4ffa907d50689948f0beda559552eededfbee3941bc9d1004e1
3,4,是,extraction,d08580506622eb3b009abbcab184c7d6527dc171bbca042f5d2132b53eb48841
8,19,是,extraction,006b328d48dbd15d5a9997deacf5688dd0ac64bde696a0a8abd3e39f166e5081
10,19,是,extraction,27a0cebbbbbf719194bc882592ca52cb56fe00182beb07450e8e461717b2d932
11,33,是,extraction,86e684c0f0ab092352cdfe7d8da05aa3e50e8ef796d48ce0861f329bddd98b42
1,49,服务事项,extraction,b12e5727ad0347884c5325f6f1b64951a426eeef796d7c44bb72ef79be727401
4,1,权力类型,extraction,06f1cb2317f43bcd0489624a54a5cda47739e2ccc801a931aacc75c90aebf3f1
32,1,行驶主体,extraction,f3ae7eebff4e3460421e23abeef0b3052dd9a3dcfbd1f44a03d027eeb1801b4f
32,1,承办机构,extraction,931cafd24efaf97775db66b22a04ccc10ef5b34c9f1550f1c6e447e2887940db
20,1,实施依据,extraction,fa879230d50cba26fe3e25fda133ad3500d518880a888364d68f6f0c8fcf6adf
1,23,涉及事项,extraction,888f4d96ceb27a16f6144a62b1e47fefe4fdb1a079dfee7c5d704fb359a4ee41
4,1,权力类型,extraction,06f1cb2317f43bcd0489624a54a5cda47739e2ccc801a931aacc75c90aebf3f1
14,4,行驶主体,extraction,ff4b0a7f40b962e1be42c8d9deabdfd93ffd93339a1379461e27b3024ae241d9
14,4,承办机构,extraction,5209d4f8d1ed238b7456b5e0ad60ba31f1c386d98b7ad0475147720ec581cc7e
4,33,实施依据,extraction,878fab09c7d0c53381b174a66c392fa75cbd621f55d39ec877bd13ad587989c6
1,84,涉及内容,extraction,1f7945236315c64fe76f57b9db3cf86e5f43627138263a944ce7f60b4077926c
4,1,权力类型,extraction,06f1cb2317f43bcd0489624a54a5cda47739e2ccc801a931aacc75c90aebf3f1
9,4,行驶主体,extraction,8b51ed11a0731094dcf617a38cdbb7ec00b30e823794283e67e82d7edd09a043
9,4,承办机构,extraction,a6e2ca82d3d2de505ea3d13de0bcfe4973cc90babf302d312c2ab3ff4948ff06
39,4,实施依据,extraction,cacdd17634b8d2ee73e7e002a842ae98a77e4d98ad01af6a683515fa449cdd4f
1,23,涉及事项,extraction,888f4d96ceb27a16f6144a62b1e47fefe4fdb1a079dfee7c5d704fb359a4ee41
32,1,行驶主体,extraction,f3ae7eebff4e3460421e23abeef0b3052dd9a3dcfbd1f44a03d027eeb1801b4f
32,1,承办机构,extraction,931cafd24efaf97775db66b22a04ccc10ef5b34c9f1550f1c6e447e2887940db
1,35,依据,extraction,2f69f996d02b7a9aa2fd127e1406582fb8db84677a3c3facb75ca9ced224bc4f
1,25,涉及行为,extraction,d9a65e18499e7824e8f9c7adcb77ee953a722c707c38445a4d94106ee3e1fb9a
4,3,属于,extraction,78b18b9c4201fc1f09d7ae910a2166ca96d5ef4d3254d0d7c72db8fa4ed3d1f0
38,64,涉及,extraction,2159c80cb7049449ea3322cd0deaa29e3e4eb710a032f26f55168cd7ed291d2d
3,4,是,extraction,d08580506622eb3b009abbcab184c7d6527dc171bbca042f5d2132b53eb48841
8,9,是,extraction,34744a2cc14d3a7a3f5317cdb530e92b9bd201c7bd7571d5db06d6b1e91b6e7f
10,9,是,extraction,af1a9ecff071ed8f3be3a892c768d8887025fa5bd902d7808d64806d738d9e49
11,39,是,extraction,b07fccd0d92f620f3f01b65e8dcc4a7135558f4fd60464f2e612b30129e7c93c
1,25,涉及行为,extraction,d9a65e18499e7824e8f9c7adcb77ee953a722c707c38445a4d94106ee3e1fb9a
3,4,是,extraction,d08580506622eb3b009abbcab184c7d6527dc171bbca042f5d2132b53eb48841
8,32,是,extraction,79c2a1c208558638ca5abb8e1df4996bbe4f4b8ce1f4077e6032cba30fd44e45
11,6,是,extraction,7e353cf317a918dc7fc3ca1d0f821842e1eb7ad0cd8be30fa8e66af096026847
3,4,是,extraction,d08580506622eb3b009abbcab184c7d6527dc171bbca042f5d2132b53eb48841
8,45,是,extraction,a021dc763489713e44feb30ec7e7c62bfaaf973fdca58ef22a79cc8fca2cf9c4
37,1,是,extraction,0425effba4b0b55802fd30d79c262c74bcbadda70455f082f2f7cfa9ed73078a
14,8,是,extraction,fbdd7ca9f67db87a505edbcd12f85f779c5175f8161cb1fdf53bd3401c4d49fa
14,10,是,extraction,fb36dc30a97c94b17cfda3f66fc60eb30422d1813b84fe78abd451429f030e0e
11,22,来自,extraction,f7ddd3b440d3f0c2a5b673d0c8b7bb2b4cd346c7e20548efdfe103cb590c4ea4
1,23,涉及事项,extraction,888f4d96ceb27a16f6144a62b1e47fefe4fdb1a079dfee7c5d704fb359a4ee41
3,4,是,extraction,d08580506622eb3b009abbcab184c7d6527dc171bbca042f5d2132b53eb48841
8,19,是,extraction,006b328d48dbd15d5a9997deacf5688dd0ac64bde696a0a8abd3e39f166e5081
10,19,是,extraction,27a0cebbbbbf719194bc882592ca52cb56fe00182beb07450e8e461717b2d932
11,22,是,extraction,1b323bba6189dbc5ba530bc51581df70b5958e3d716f1672b185da2f26ccf3f8
3,4,是,extraction,d08580506622eb3b009abbcab184c7d6527dc171bbca042f5d2132b53eb48841
8,14,是,extraction,7574d3dbd8d8b8c050e695585b2139657ee4c361c101f42d9fa804421e3dc311
10,14,是,extraction,724fd5216be260a1ef5c764227bd7814bbb14163569e9c4d0854790e0b534a15
11,20,是,extraction,4f6bd6ee852dc39505db943bb8728969a06f8c23c54a14cbb4d6866ffb8c4f4a
1,50,涉及问题,extraction,d9aee7e532418f68a24d42b6c0f1cfa2f6d491734d66eb49042adf59fb9f4ecb
4,1,权力类型,extraction,06f1cb2317f43bcd0489624a54a5cda47739e2ccc801a931aacc75c90aebf3f1
5,4,行驶主体,extraction,90969f1b1f2314dfb53994e982b98dab0a584891fb13636f7b0cf6ed4e25b091
5,4,承办机构,extraction,006a436d5843149b88b6bc565b22b9204373a354729e2061d83283948e08ada3
4,20,实施依据,extraction,8ac60cd59143eb18bf0fba724df65f6faaaeccce3cffabae3b835f887bdaecce
1,31,涉及,extraction,dc016841f4c3f631de1195184d69d571554a2507a72c8fa57279cb9eb6cbcb4d
4,3,属于,extraction,78b18b9c4201fc1f09d7ae910a2166ca96d5ef4d3254d0d7c72db8fa4ed3d1f0
16,8,是,extraction,2fcd261ba84ab0c94153d7f0450fbf18f063c220d4a9da625b5130b5ac716105
16,10,是,extraction,0676f80814a944f0133efe570d87a4210481e5da6dd1982bbdd57d1a6f69161c
12,11,是,extraction,54710bbec3ca077fe79c80e1e95ea28a843633289f5bc6efe6abea14f6118623
1,58,涉及问题,extraction,d5e1342778d61db9c63f96f3f11874d3ff1b5a5420510597afc21a3746f77e13
4,1,权力类型,extraction,06f1cb2317f43bcd0489624a54a5cda47739e2ccc801a931aacc75c90aebf3f1
32,4,行驶主体,extraction,5a482485585ea7ac0594bb50e1071577220ed4760df41ee33fcab485e4dac01d
32,4,承办机构,extraction,de0425c8e4a14a5dd87f49786a2b5c069a9c03df3317867cc963058c2f278f2c
1,13,涉及,extraction,769ddcb238f36fe0f7ef8edbdd80b3af935f4889343b98fe6580fd1fc9809ad5
3,4,是,extraction,d08580506622eb3b009abbcab184c7d6527dc171bbca042f5d2132b53eb48841
8,5,是,extraction,2ba53cf2a729e877b6f5a0c20e75c810989d499c8b6ba4b25874f2cf983362ec
11,48,是,extraction,aed00a1e0ade0525731bb07f81b1486504e94ecb2350902198e5871c236804b0
1,23,涉及事项,extraction,888f4d96ceb27a16f6144a62b1e47fefe4fdb1a079dfee7c5d704fb359a4ee41
3,4,是,extraction,d08580506622eb3b009abbcab184c7d6527dc171bbca042f5d2132b53eb48841
8,47,是,extraction,f3cb127ba604dd0f9c80f385d7500846a405e73ecc8ccfda8cb53cb29e5892bb
10,47,是,extraction,95e2b3b1d927b9bbdb48660d6ad3d8a240228e55a60909c980c4ecb4241ff67d
11,33,是,extraction,86e684c0f0ab092352cdfe7d8da05aa3e50e8ef796d48ce0861f329bddd98b42
37,79,是,extraction,2e4a846bbba0e4ffa907d50689948f0beda559552eededfbee3941bc9d1004e1
3,4,是,extraction,d08580506622eb3b009abbcab184c7d6527dc171bbca042f5d2132b53eb48841
8,32,是,extraction,79c2a1c208558638ca5abb8e1df4996bbe4f4b8ce1f4077e6032cba30fd44e45
10,32,是,extraction,4da064cb343643cc890842dceaf67b09d17018b8caccfb9a66252b99aba7b2c2
11,41,是,extraction,bd47bd61949ec03ec689102a2ed8157cefc45bfa6195f0919c017603278e86c5
1,2,涉及事项,extraction,45a6b5e9b7acaaf964d4ba55ee382735953a50be79b9c5a63cfd56f3bfaa98e9
29,4,行驶主体,extraction,5d29277c63d8d69901b6bf520c1097a8d020d0c58cc6ab4bf6a7f699cef2c9e0
29,4,承办机构,extraction,b2dc61397fee41003aae1b3f25aff201e342ada1d04a0a5c5ca233e5028698f5
4,6,实施依据,extraction,1d7d50b3acb10befc26ad6f9683a9178a24b79e32c36eedb4d536b3f0e3c893b
1,56,涉及,extraction,a8f2b22263019167381db3edaff04efca7319528bda33c0f225601373e075acd
4,1,类型,extraction,e97f668103fa794d1e7aa6eb91e0786717d9e76822c848622a0c4c703aa24d82
29,1,承办机构,extraction,bd5db513e02b588bffbd25ee058495f5dafac2b9a07a6392fb0bac6645b72a35
1,61,涉及,extraction,c1ebe167ab91cf1553e948d6337f2ab111d2fcb1373daffacf0c9967a86cdc14
3,4,是,extraction,d08580506622eb3b009abbcab184c7d6527dc171bbca042f5d2132b53eb48841
8,9,是,extraction,34744a2cc14d3a7a3f5317cdb530e92b9bd201c7bd7571d5db06d6b1e91b6e7f
10,9,是,extraction,af1a9ecff071ed8f3be3a892c768d8887025fa5bd902d7808d64806d738d9e49
11,15,是,extraction,3d99bcc2d8a851d2517fe94c1a8b5a03b5cbd811bf3f796fc4f680702935c9c8
1,2,涉及事项,extraction,45a6b5e9b7acaaf964d4ba55ee382735953a50be79b9c5a63cfd56f3bfaa98e9
29,1,行驶主体,extraction,3894e2807bd5d700cd8e59ee73eb9d47cb997d8bf04d89c2b3816a91f3f94483
29,1,承办机构,extraction,bd5db513e02b588bffbd25ee058495f5dafac2b9a07a6392fb0bac6645b72a35
37,1,是,extraction,0425effba4b0b55802fd30d79c262c74bcbadda70455f082f2f7cfa9ed73078a
3,4,是,extraction,d08580506622eb3b009abbcab184c7d6527dc171bbca042f5d2132b53eb48841
8,5,是,extraction,2ba53cf2a729e877b6f5a0c20e75c810989d499c8b6ba4b25874f2cf983362ec
10,5,是,extraction,5cec422cc7f67c3758916b82edf5f427a91370d2f97c9320ccc8c7a3165aaa69
11,30,是,extraction,5a718b8ea79a649c60fa74166375f668d4abd9f5ab80a4084176c4bd48c96c81
3,4,是,extraction,d08580506622eb3b009abbcab184c7d6527dc171bbca042f5d2132b53eb48841
8,47,是,extraction,f3cb127ba604dd0f9c80f385d7500846a405e73ecc8ccfda8cb53cb29e5892bb
10,47,是,extraction,95e2b3b1d927b9bbdb48660d6ad3d8a240228e55a60909c980c4ecb4241ff67d
11,22,是,extraction,1b323bba6189dbc5ba530bc51581df70b5958e3d716f1672b185da2f26ccf3f8
1,100,涉及领域,extraction,19ffa60655c43a57e8bc0f22bc7192cc2bd4ccece976a791265205ce681bb8cf
19,1,承办机构,extraction,defd31d7feb2dbbef04f213f222b3a59858e69a932e8e95d04e4c0af7efd5116
1,30,依据,extraction,bc710a64442dc42592ce1db48fb985ce059ec553b6b109b56e7f1b93a30a1bdd
1,25,涉及行为,extraction,d9a65e18499e7824e8f9c7adcb77ee953a722c707c38445a4d94106ee3e1fb9a
4,3,属于,extraction,78b18b9c4201fc1f09d7ae910a2166ca96d5ef4d3254d0d7c72db8fa4ed3d1f0
29,1,行驶主体,extraction,3894e2807bd5d700cd8e59ee73eb9d47cb997d8bf04d89c2b3816a91f3f94483
29,1,承办机构,extraction,bd5db513e02b588bffbd25ee058495f5dafac2b9a07a6392fb0bac6645b72a35
1,20,依据,extraction,0f755d0d76fda2f2c4d51908ebb6634a3a8c6995c4ec999f3b8214be69e62a27
1,64,涉及内容,extraction,b09643ac8b06634901d8a33a06e00fed43dd2cce3f069d4906feda60c5193ff1
3,4,类型,extraction,4a8d183849056dd2df3cb998024802f1af71f6686b9548e80436e7d7127139f8
8,1,实施,extraction,2f27135ff0eb4ba661d125ff3c5bc6f135c81d7b834beef22111effa89c58fd2
10,1,实施,extraction,61ecbb82f89cf82caa00da65c733716a30c6ac9f75ad346d4aaae36badcc65a8
11,48,依据,extraction,bcf0c9310b6c80d4dfb14602ad826f95c7e426b6e0786f9400f025cce775a49b
1,55,涉及问题,extraction,f2ffd7cbbde07203ef22704e812dc0c897a1f2dc5a5cc4fabb7f1bbafc6e63ed
4,1,权力类型,extraction,06f1cb2317f43bcd0489624a54a5cda47739e2ccc801a931aacc75c90aebf3f1
9,4,行驶主体,extraction,8b51ed11a0731094dcf617a38cdbb7ec00b30e823794283e67e82d7edd09a043
9,4,承办机构,extraction,a6e2ca82d3d2de505ea3d13de0bcfe4973cc90babf302d312c2ab3ff4948ff06
4,35,实施依据,extraction,923dc4cd2a2cc76e6dbe47e1b10d78b992f57e57765405acf1dcf1445285a1bf
1,25,涉及行为,extraction,d9a65e18499e7824e8f9c7adcb77ee953a722c707c38445a4d94106ee3e1fb9a
3,4,是,extraction,d08580506622eb3b009abbcab184c7d6527dc171bbca042f5d2132b53eb48841
8,16,是,extraction,a918c982f93fcff92ed89edb6dc9e992e5498bcbd343e75a57497f0321400988
10,16,是,extraction,746a2100773446996a077ea20c54ba9035e03b7b31f93fb59a8ae3cd5a9d17da
11,30,是,extraction,5a718b8ea79a649c60fa74166375f668d4abd9f5ab80a4084176c4bd48c96c81
3,4,是,extraction,d08580506622eb3b009abbcab184c7d6527dc171bbca042f5d2132b53eb48841
8,19,是,extraction,006b328d48dbd15d5a9997deacf5688dd0ac64bde696a0a8abd3e39f166e5081
10,19,是,extraction,27a0cebbbbbf719194bc882592ca52cb56fe00182beb07450e8e461717b2d932
11,26,是,extraction,594ee48e2ef28d4283493b7dd95b58c8a78fd026434bf2ef09599eb13b81049f
1,53,包含,extraction,64a4053bf85b4229ca75172db19fa063634041281deff312e745aba0a3e284be
3,4,是,extraction,d08580506622eb3b009abbcab184c7d6527dc171bbca042f5d2132b53eb48841
8,9,是,extraction,34744a2cc14d3a7a3f5317cdb530e92b9bd201c7bd7571d5db06d6b1e91b6e7f
10,9,是,extraction,af1a9ecff071ed8f3be3a892c768d8887025fa5bd902d7808d64806d738d9e49
11,35,是,extraction,e354f1fd5b27511710c92338a794ef09138dd8dbcfedfaa5e43cc3fd3f4af21e
1,53,包含,extraction,64a4053bf85b4229ca75172db19fa063634041281deff312e745aba0a3e284be
3,4,是,extraction,d08580506622eb3b009abbcab184c7d6527dc171bbca042f5d2132b53eb48841
8,14,是,extraction,7574d3dbd8d8b8c050e695585b2139657ee4c361c101f42d9fa804421e3dc311
10,51,是,extraction,664ae38f36c277c1f3150d9e71f653fa64edcbcc4cc28fe8a99fb2bd85a68b29
11,33,是,extraction,86e684c0f0ab092352cdfe7d8da05aa3e50e8ef796d48ce0861f329bddd98b42
14,14,行驶主体,extraction,7caede3088f2b435ea0f49e1d1d5bf53b93a917caf459c4a5175f47cc57cc292
14,14,承办机构,extraction,f650c63c7a406779a118860c032fa68bddae9f91b3cd9ac80a38cba88e95f0cf
14,15,实施依据,extraction,8429b90a6c5330be090bc01638623f0911a145984d70d8279ad6ca3dfc94be59
37,4,是,extraction,aeede70f877e8735fc43846100cd0a1cfd2ab95c5888b42393315af01f5bd243
5,4,执行,extraction,8d88c6760982cbf4e8f42454c5b9adbe31f4ae456ab2c24644dda7dc5ffd3388
4,6,依据,extraction,82496b4490deee3d71f316a879af6473934f53b4fb9d0becdcff8087f33e4d2f
1,31,涉及,extraction,dc016841f4c3f631de1195184d69d571554a2507a72c8fa57279cb9eb6cbcb4d
4,3,属于,extraction,78b18b9c4201fc1f09d7ae910a2166ca96d5ef4d3254d0d7c72db8fa4ed3d1f0
19,8,是,extraction,6d8a4f39186950429ab3abfd8a01c2431174e6fb7ece9157329513ce1d6b4d58
19,10,是,extraction,13bef633a4358f8cdfbe9be934e49cc5c63dfcec5dc860d6e55736bef221e6d2
1,21,涉及领域,extraction,8ca3c7ec431526b4652e076cd97da1d95ce4d180dc3397c46d4004e5d5bd15b5
4,1,权力类型,extraction,06f1cb2317f43bcd0489624a54a5cda47739e2ccc801a931aacc75c90aebf3f1
9,1,行驶主体,extraction,952a84d12b9bb0365a9906e324a01d47d90f383e237beef95c14e52c4dd8841a
9,1,承办机构,extraction,dbc1697609bcff198b91179bdd96f1b46bb6fe2d793e64dab441726a15bae80e
1,41,依据,extraction,30d0e04c22fdef4a398deaf1e4bfc75bac034a9549b8bc63f5da1a2460436188
1,52,服务事项,extraction,cc306c760199c305b2a6710e647a5bf50c6f3f9c66e95095def3fe0d0ac15340
4,1,权力类型,extraction,06f1cb2317f43bcd0489624a54a5cda47739e2ccc801a931aacc75c90aebf3f1
47,1,行驶主体,extraction,cd815e6ef285efede797fac164e9d2711b8b1395e5cd525e398131d3fae4e735
47,1,承办机构,extraction,e473ad1106090cd367e1b8ccd73f428bb60c56de8e4b8458b3f93a6a71d75251
39,1,实施依据,extraction,f3d70785ffdccc7f324b30f12363df58cd4cc126f8cc059e5bb1dde321050022
1,13,涉及事项,extraction,86c09acc911d03df996302b1851f59b2d4b69c81046c2bee7674d0a378f87090
4,1,权力类型,extraction,06f1cb2317f43bcd0489624a54a5cda47739e2ccc801a931aacc75c90aebf3f1
24,4,行驶主体,extraction,b28f4abcc9fd2027f9867fe9c65c46b96e46e9a7842fd232abf55e768be19b15
24,4,承办机构,extraction,8d1fddd2c1b5a28bff9df61bcfda71970b1285fe8acb248aa0f146a87eebea68
6,4,实施依据,extraction,20133cc1c3cf680305ab9f27bd9f10688b55bd764b7da80c566286d7bfc030ac
1,55,涉及问题,extraction,f2ffd7cbbde07203ef22704e812dc0c897a1f2dc5a5cc4fabb7f1bbafc6e63ed
3,63,是,extraction,4d29d459416907fc3f184e7e78f0a61ebe7e29882c00362cad246bdf91009488
8,24,是,extraction,5924698efd5688b8387f11fb3a902a4c8b1757d50799df6653f7f8b593f7bb9c
10,24,是,extraction,7338ed710fc5d464c3e8e7713a2dde9e5d5bc405c2daee71f39d38c88c37c5dd
11,22,是,extraction,1b323bba6189dbc5ba530bc51581df70b5958e3d716f1672b185da2f26ccf3f8
1,66,基于,extraction,360400e1ae6d154fa988bc1d1cba4f6d246ffad44f061a76de15149c7695a255
3,4,是,extraction,d08580506622eb3b009abbcab184c7d6527dc171bbca042f5d2132b53eb48841
8,19,是,extraction,006b328d48dbd15d5a9997deacf5688dd0ac64bde696a0a8abd3e39f166e5081
10,19,是,extraction,27a0cebbbbbf719194bc882592ca52cb56fe00182beb07450e8e461717b2d932
11,26,是,extraction,594ee48e2ef28d4283493b7dd95b58c8a78fd026434bf2ef09599eb13b81049f
1,44,涉及,extraction,6b92937933dd3842a480fe22eb9ad7fc23049449e7c7b2d5aff5786406c78536
3,4,是,extraction,d08580506622eb3b009abbcab184c7d6527dc171bbca042f5d2132b53eb48841
11,26,是,extraction,594ee48e2ef28d4283493b7dd95b58c8a78fd026434bf2ef09599eb13b81049f
1,66,涉及事项,extraction,f5240d6527a00d6f669191bce8532e338f4d9002fe4110a2c733a6158603f3ff
4,1,权力类型,extraction,06f1cb2317f43bcd0489624a54a5cda47739e2ccc801a931aacc75c90aebf3f1
16,1,行驶主体,extraction,2388221cee7d1ae0ed5be74dbb33fa91b57a06cfae883cc5c2262bfb048b5c48
16,1,承办机构,extraction,7da0b9c5ea5b9311256b7bcb955ba7fe507e79fd9fe407e277e1c4de0e1d453e
1,33,依据,extraction,beb4a53aeccd91f8439219990e9369a7c0fbc8b629e10951b4b57ace5628c03a
37,1,是,extraction,0425effba4b0b55802fd30d79c262c74bcbadda70455f082f2f7cfa9ed73078a
1,44,包含,extraction,7ad7fc3ab34a43646f4e9e0954673884deab21bcc42dfc164288b59352c87cce
3,4,是,extraction,d08580506622eb3b009abbcab184c7d6527dc171bbca042f5d2132b53eb48841
10,9,是,extraction,af1a9ecff071ed8f3be3a892c768d8887025fa5bd902d7808d64806d738d9e49
11,41,是,extraction,bd47bd61949ec03ec689102a2ed8157cefc45bfa6195f0919c017603278e86c5
1,2,涉及事项,extraction,45a6b5e9b7acaaf964d4ba55ee382735953a50be79b9c5a63cfd56f3bfaa98e9
4,1,权力类型,extraction,06f1cb2317f43bcd0489624a54a5cda47739e2ccc801a931aacc75c90aebf3f1
5,1,行驶主体,extraction,57149ab40d40daf68ddae1ef3d64025366218c3d8d9786a7c7d9406523c436b5
5,1,承办机构,extraction,9054f2bd559f99e7217094914676411351172fc3f6311c47ff7fbb7de27ab132
12,1,实施依据,extraction,7d30a03f0f05e8bb755711526a77727255e185e8c3b912875294c5d3c32dce03
1,44,涉及,extraction,6b92937933dd3842a480fe22eb9ad7fc23049449e7c7b2d5aff5786406c78536
3,4,是,extraction,d08580506622eb3b009abbcab184c7d6527dc171bbca042f5d2132b53eb48841
8,9,是,extraction,34744a2cc14d3a7a3f5317cdb530e92b9bd201c7bd7571d5db06d6b1e91b6e7f
11,12,是,extraction,4bb51718453a67d9015b846c6a68662b97572c0a9269a7df9df55bbbce96ae63
1,40,涉及内容,extraction,de20e85db7086358cf9286abdebf47adc291c16b26f2f272b53ee25a61196b6a
3,4,类型,extraction,4a8d183849056dd2df3cb998024802f1af71f6686b9548e80436e7d7127139f8
8,24,为,extraction,05aa4e84ce06f086dd527c2d905dc71c304edee07e613c63fb8bab61e9d1bd26
10,24,为,extraction,82cd31ff438da7915d970cccbc8509ab5a97eea1135cd47aba21b494a2d04452
11,22,来自,extraction,f7ddd3b440d3f0c2a5b673d0c8b7bb2b4cd346c7e20548efdfe103cb590c4ea4
29,4,承办机构,extraction,b2dc61397fee41003aae1b3f25aff201e342ada1d04a0a5c5ca233e5028698f5
69,4,实施依据,extraction,1fad1f4c8cdeaab5e12de767689eaad435d52dc419f7642c5edbd5a2ace87239
1,60,基于,extraction,e62703517cd6a5cef5c6f2791d3f9338d07a34e7b0c9c69886261a5ce02f0698
32,4,执行,extraction,ffaa1384ae79f8da48db88f967b7c5cfecf3f977a69cae5317ec088b2dd8ebc5
32,8,是,extraction,daabdd4832c86be7d29c8dca7498a6fac48f01f00dd7d11e254a8d7bf62fe7eb
32,10,同时也是,extraction,0ca73749da0cbb55f95b90be2115ff446098e4725b2c6db0302bee41d4a66edb
15,11,是,extraction,17eca294a86b414e3bc4c1c9620d98db83e530fc9a5254aaba4ad319d1ee702e
24,8,是,extraction,0c3ed9103fa05b1a95fc960839910234a9e6b0aefae46e76eb6da5fc9104587a
24,10,是,extraction,3d347f8c5f893c7be6332ad888acc73fbf39fe1690ed0335c0d21eb0c08da24a
11,35,来自,extraction,bcd383b551dae81fc12d8173579cb5f089d38dca03f80426e65f02944285a6b5
14,4,行使权力类型,extraction,d8b1aaf3cb065e14628544defbaa0538f0e753face0b15f832a87b1541818fd9
14,8,是,extraction,fbdd7ca9f67db87a505edbcd12f85f779c5175f8161cb1fdf53bd3401c4d49fa
14,10,是,extraction,fb36dc30a97c94b17cfda3f66fc60eb30422d1813b84fe78abd451429f030e0e
20,11,是,extraction,993d437d8df15958ceb3e12f915c34b198f9c1c837f4308eb30da6910e866dfa
1,25,涉及行为,extraction,d9a65e18499e7824e8f9c7adcb77ee953a722c707c38445a4d94106ee3e1fb9a
16,16,承办机构,extraction,dd3beedaf67b0e9e05574852bf1b9e7df5fccb39eb43ab3bef7f7645d192767e
11,30,来源,extraction,81b833a7ff18b2d79a1a24f8a3725f2d05317dcdc9cb767c643179a653429881
4,1,权力类型,extraction,06f1cb2317f43bcd0489624a54a5cda47739e2ccc801a931aacc75c90aebf3f1
47,1,行驶主体,extraction,cd815e6ef285efede797fac164e9d2711b8b1395e5cd525e398131d3fae4e735
47,1,承办机构,extraction,e473ad1106090cd367e1b8ccd73f428bb60c56de8e4b8458b3f93a6a71d75251
12,1,实施依据,extraction,7d30a03f0f05e8bb755711526a77727255e185e8c3b912875294c5d3c32dce03
1,55,包含,extraction,bdfa5fb1a85fe40db3751416e239e397bb2a3cacf8ba99f5abe4ef91a742ad79
3,4,是,extraction,d08580506622eb3b009abbcab184c7d6527dc171bbca042f5d2132b53eb48841
8,104,是,extraction,19f51061bcbd5852278eccd9d35ceb6fd07c47681f262c77bfe005f3b8a1426b
10,5,是,extraction,5cec422cc7f67c3758916b82edf5f427a91370d2f97c9320ccc8c7a3165aaa69
11,48,是,extraction,aed00a1e0ade0525731bb07f81b1486504e94ecb2350902198e5871c236804b0
1,68,涉及事项,extraction,9b7174bb0577ca1933a2e00ec6952755ca1b2c0d1c9a488a895485aecacf34d9
4,1,权力类型,extraction,06f1cb2317f43bcd0489624a54a5cda47739e2ccc801a931aacc75c90aebf3f1
47,4,行驶主体,extraction,0640f05ef77128c1441c26bfd803ecb1ceda5f3744841ac918a904eb75e5b430
47,4,承办机构,extraction,c03c7652d3bd035d9c422cde5be2c865200076b6a24cf178316bf3a7f11482fc
12,4,实施依据,extraction,77ec05a3b21e5a862a466da8763ba8de5bc5e2657210071afe7ce24fa0ee544e
1,7,涉及事项,extraction,85180ae3904fb4dda3182acbf59b089f40c2fd247f916a351ff2a9030ab227d6
24,24,行驶主体,extraction,6dc8ee42ace16ee35a44be41fb53a97d36e8e501cfb4261af09a8797f7626236
24,24,承办机构,extraction,7198791b955a43a57c5f3eecb9305e6431c1ec9a24ff3b6328524a3caecd3711
1,53,包含,extraction,64a4053bf85b4229ca75172db19fa063634041281deff312e745aba0a3e284be
3,4,是,extraction,d08580506622eb3b009abbcab184c7d6527dc171bbca042f5d2132b53eb48841
8,45,是,extraction,a021dc763489713e44feb30ec7e7c62bfaaf973fdca58ef22a79cc8fca2cf9c4
10,45,是,extraction,2d016bdf9bf15554b1ad6c86d08a7a8fb403f16c47bde3a5e828a87eca3b3c9e
11,48,是,extraction,aed00a1e0ade0525731bb07f81b1486504e94ecb2350902198e5871c236804b0
1,23,涉及事项,extraction,888f4d96ceb27a16f6144a62b1e47fefe4fdb1a079dfee7c5d704fb359a4ee41
4,1,权力类型,extraction,06f1cb2317f43bcd0489624a54a5cda47739e2ccc801a931aacc75c90aebf3f1
14,4,行驶主体,extraction,ff4b0a7f40b962e1be42c8d9deabdfd93ffd93339a1379461e27b3024ae241d9
14,4,承办机构,extraction,5209d4f8d1ed238b7456b5e0ad60ba31f1c386d98b7ad0475147720ec581cc7e
4,6,实施依据,extraction,1d7d50b3acb10befc26ad6f9683a9178a24b79e32c36eedb4d536b3f0e3c893b
1,86,包含行为,extraction,08cbbbce071d68a8d1735a75d280b6c6a8fe9e1e5f4af0373c7b36c41506a7ba
3,4,是,extraction,d08580506622eb3b009abbcab184c7d6527dc171bbca042f5d2132b53eb48841
8,24,是,extraction,5924698efd5688b8387f11fb3a902a4c8b1757d50799df6653f7f8b593f7bb9c
10,24,是,extraction,7338ed710fc5d464c3e8e7713a2dde9e5d5bc405c2daee71f39d38c88c37c5dd
11,15,是,extraction,3d99bcc2d8a851d2517fe94c1a8b5a03b5cbd811bf3f796fc4f680702935c9c8
1,62,包含,extraction,1ac13a5cea2f5974b13517a5bc6c7a50527b0477ed3a20f5355e1a1cc704ff9a
3,4,是,extraction,d08580506622eb3b009abbcab184c7d6527dc171bbca042f5d2132b53eb48841
8,19,是,extraction,006b328d48dbd15d5a9997deacf5688dd0ac64bde696a0a8abd3e39f166e5081
10,19,是,extraction,27a0cebbbbbf719194bc882592ca52cb56fe00182beb07450e8e461717b2d932
11,6,是,extraction,7e353cf317a918dc7fc3ca1d0f821842e1eb7ad0cd8be30fa8e66af096026847
4,1,权力类型,extraction,06f1cb2317f43bcd0489624a54a5cda47739e2ccc801a931aacc75c90aebf3f1
47,4,行驶主体,extraction,0640f05ef77128c1441c26bfd803ecb1ceda5f3744841ac918a904eb75e5b430
47,4,承办机构,extraction,c03c7652d3bd035d9c422cde5be2c865200076b6a24cf178316bf3a7f11482fc
41,4,实施依据,extraction,f8524089ce3932ccdf97fc9d43bd3e35486a01210b80fc3877b01f499bbd39d1
1,49,涉及事项,extraction,c20c320e3740cc7b1fa6d799afa5f2193d5881822651053a40cea11f0929f7f7
1,66,服务事项,extraction,547bd13f4c9b8a83cf2a099895038cb6bc5f680a0994147282a33759263c72b5
4,1,权力类型,extraction,06f1cb2317f43bcd0489624a54a5cda47739e2ccc801a931aacc75c90aebf3f1
47,1,行驶主体,extraction,cd815e6ef285efede797fac164e9d2711b8b1395e5cd525e398131d3fae4e735
47,1,承办机构,extraction,e473ad1106090cd367e1b8ccd73f428bb60c56de8e4b8458b3f93a6a71d75251
30,1,实施依据,extraction,51ba74e7a5462ac0d8b7f792d0b4a41c1a42e4fcd4adb877a89ee3a9022eacd6
37,1,是,extraction,0425effba4b0b55802fd30d79c262c74bcbadda70455f082f2f7cfa9ed73078a
1,7,涉及内容,extraction,84ec41785d3dffa6a33ffba489555a4b1814d4c0efdaa6c986d31e41c365b671
3,71,是,extraction,f7f91dde0a8d95f5dfb99aa1212cb01e871c6871066def97a219b6f9c0bec8f4
8,16,是,extraction,a918c982f93fcff92ed89edb6dc9e992e5498bcbd343e75a57497f0321400988
10,16,是,extraction,746a2100773446996a077ea20c54ba9035e03b7b31f93fb59a8ae3cd5a9d17da
11,41,是,extraction,bd47bd61949ec03ec689102a2ed8157cefc45bfa6195f0919c017603278e86c5
1,18,涉及,extraction,3809770ba7ef48d41647f651814347ce7af066af5e2d2a56ba29998e548215c7
3,4,是,extraction,d08580506622eb3b009abbcab184c7d6527dc171bbca042f5d2132b53eb48841
8,29,是,extraction,361487daa4f72ef0bea966c2740ed8160c3514f17e0e71d25d21d78ebfd5b306
10,29,是,extraction,ed2e1eb7f64fc3c675b397bf987aa23d776a90888b11ff44f1ee8dc7e6f3fd7f
11,35,是,extraction,e354f1fd5b27511710c92338a794ef09138dd8dbcfedfaa5e43cc3fd3f4af21e
37,1,是,extraction,0425effba4b0b55802fd30d79c262c74bcbadda70455f082f2f7cfa9ed73078a
1,56,涉及,extraction,a8f2b22263019167381db3edaff04efca7319528bda33c0f225601373e075acd
3,4,是,extraction,d08580506622eb3b009abbcab184c7d6527dc171bbca042f5d2132b53eb48841
8,45,是,extraction,a021dc763489713e44feb30ec7e7c62bfaaf973fdca58ef22a79cc8fca2cf9c4
10,45,是,extraction,2d016bdf9bf15554b1ad6c86d08a7a8fb403f16c47bde3a5e828a87eca3b3c9e
11,26,是,extraction,594ee48e2ef28d4283493b7dd95b58c8a78fd026434bf2ef09599eb13b81049f
1,64,涉及行为,extraction,f8221974ba544d440d40e711b3567121f20c2299786e0e379f2af7c8e1e801ef
3,4,类型,extraction,4a8d183849056dd2df3cb998024802f1af71f6686b9548e80436e7d7127139f8
8,24,为,extraction,05aa4e84ce06f086dd527c2d905dc71c304edee07e613c63fb8bab61e9d1bd26
10,24,为,extraction,82cd31ff438da7915d970cccbc8509ab5a97eea1135cd47aba21b494a2d04452
11,12,依据,extraction,d458aed4c7a0c599ff29789bc6e0040f713c582018b091bab6927ddae4ef7817
3,4,是,extraction,d08580506622eb3b009abbcab184c7d6527dc171bbca042f5d2132b53eb48841
8,73,是,extraction,f8dd9b913999fc2e8d046d59f1839543a1bc4c776c5f902c95d162fa0feb7c9a
10,5,是,extraction,5cec422cc7f67c3758916b82edf5f427a91370d2f97c9320ccc8c7a3165aaa69
11,48,是,extraction,aed00a1e0ade0525731bb07f81b1486504e94ecb2350902198e5871c236804b0
1,23,涉及事项,extraction,888f4d96ceb27a16f6144a62b1e47fefe4fdb1a079dfee7c5d704fb359a4ee41
32,1,行驶主体,extraction,f3ae7eebff4e3460421e23abeef0b3052dd9a3dcfbd1f44a03d027eeb1801b4f
32,1,承办机构,extraction,931cafd24efaf97775db66b22a04ccc10ef5b34c9f1550f1c6e447e2887940db
1,6,依据,extraction,cf80a41cfbe8cca5a52d6fcd7e48ad0a16c62e701ea3daffe7b904843934819d
1,58,基于,extraction,fb7cb6e3e104d457147f8f3b47768b0c6b01af4f6446cd6343b686f04ff8f142
3,4,是,extraction,d08580506622eb3b009abbcab184c7d6527dc171bbca042f5d2132b53eb48841
8,14,是,extraction,7574d3dbd8d8b8c050e695585b2139657ee4c361c101f42d9fa804421e3dc311
10,14,是,extraction,724fd5216be260a1ef5c764227bd7814bbb14163569e9c4d0854790e0b534a15
11,20,是,extraction,4f6bd6ee852dc39505db943bb8728969a06f8c23c54a14cbb4d6866ffb8c4f4a
1,62,包含,extraction,1ac13a5cea2f5974b13517a5bc6c7a50527b0477ed3a20f5355e1a1cc704ff9a
3,4,是,extraction,d08580506622eb3b009abbcab184c7d6527dc171bbca042f5d2132b53eb48841
8,45,是,extraction,a021dc763489713e44feb30ec7e7c62bfaaf973fdca58ef22a79cc8fca2cf9c4
10,45,是,extraction,2d016bdf9bf15554b1ad6c86d08a7a8fb403f16c47bde3a5e828a87eca3b3c9e
11,33,是,extraction,86e684c0f0ab092352cdfe7d8da05aa3e50e8ef796d48ce0861f329bddd98b42
1,7,涉及内容,extraction,84ec41785d3dffa6a33ffba489555a4b1814d4c0efdaa6c986d31e41c365b671
3,63,是,extraction,4d29d459416907fc3f184e7e78f0a61ebe7e29882c00362cad246bdf91009488
8,29,为,extraction,f80e1e5864f03bbe3b02116c7c6db27b30d68e7898dc7e0b44a0755282388b96
1,68,涉及事项,extraction,9b7174bb0577ca1933a2e00ec6952755ca1b2c0d1c9a488a895485aecacf34d9
4,1,权力类型,extraction,06f1cb2317f43bcd0489624a54a5cda47739e2ccc801a931aacc75c90aebf3f1
47,4,行驶主体,extraction,0640f05ef77128c1441c26bfd803ecb1ceda5f3744841ac918a904eb75e5b430
47,4,承办机构,extraction,c03c7652d3bd035d9c422cde5be2c865200076b6a24cf178316bf3a7f11482fc
12,4,实施依据,extraction,77ec05a3b21e5a862a466da8763ba8de5bc5e2657210071afe7ce24fa0ee544e
1,53,服务事项,extraction,6e3e1be22725db07cbda085e898d35471ffc4e71289552d4108ae311195e776c
4,1,权力类型,extraction,06f1cb2317f43bcd0489624a54a5cda47739e2ccc801a931aacc75c90aebf3f1
47,1,行驶主体,extraction,cd815e6ef285efede797fac164e9d2711b8b1395e5cd525e398131d3fae4e735
47,1,承办机构,extraction,e473ad1106090cd367e1b8ccd73f428bb60c56de8e4b8458b3f93a6a71d75251
83,1,实施依据,extraction,c752df45ab8efa5b1a5030646763d764e5532ae8377a7bee15439bf5fba9bac8
1,2,涉及事项,extraction,45a6b5e9b7acaaf964d4ba55ee382735953a50be79b9c5a63cfd56f3bfaa98e9
19,1,行驶主体,extraction,06e6c42d0d6d05423f97cae2ad8cf989f51a21bcef0b37dade2daaef3ff7ee6b
19,1,承办机构,extraction,defd31d7feb2dbbef04f213f222b3a59858e69a932e8e95d04e4c0af7efd5116
1,20,实施依据,extraction,9583485e7c5313414eee8da478484ca22765513065c2129cbcfee14a2b57b3d7
1,7,涉及事项,extraction,85180ae3904fb4dda3182acbf59b089f40c2fd247f916a351ff2a9030ab227d6
4,1,权力类型,extraction,06f1cb2317f43bcd0489624a54a5cda47739e2ccc801a931aacc75c90aebf3f1
14,4,行使主体,extraction,9b94495c1d619ed1e1733ee73aca1e05b7c3670583172db4996e571e846a1c71
22,4,实施依据,extraction,955cc634178e1774d46de263a7666f3e24e053762b8aca2b4cc20d91ec8bb20a
8,73,是,extraction,f8dd9b913999fc2e8d046d59f1839543a1bc4c776c5f902c95d162fa0feb7c9a
10,45,是,extraction,2d016bdf9bf15554b1ad6c86d08a7a8fb403f16c47bde3a5e828a87eca3b3c9e
11,48,是,extraction,aed00a1e0ade0525731bb07f81b1486504e94ecb2350902198e5871c236804b0
9,8,是,extraction,eb1cf201bd0fae2323b323ff5266f0e637319d6399b00c410d8ed1d39cf3a59f
9,10,是,extraction,df7c5a70140d83ae868d6cd1b68ce83a9c6a945831c7533e80c14e7c36a06d14
41,11,是,extraction,2aa5ce3319b71719a9722b2b9ca560ee70cb1afb4735ee376592f6226b73ba42
1,86,包含行为,extraction,08cbbbce071d68a8d1735a75d280b6c6a8fe9e1e5f4af0373c7b36c41506a7ba
3,4,是,extraction,d08580506622eb3b009abbcab184c7d6527dc171bbca042f5d2132b53eb48841
8,24,是,extraction,5924698efd5688b8387f11fb3a902a4c8b1757d50799df6653f7f8b593f7bb9c
10,24,是,extraction,7338ed710fc5d464c3e8e7713a2dde9e5d5bc405c2daee71f39d38c88c37c5dd
11,15,是,extraction,3d99bcc2d8a851d2517fe94c1a8b5a03b5cbd811bf3f796fc4f680702935c9c8
1,64,涉及内容,extraction,b09643ac8b06634901d8a33a06e00fed43dd2cce3f069d4906feda60c5193ff1
3,4,类型,extraction,4a8d183849056dd2df3cb998024802f1af71f6686b9548e80436e7d7127139f8
11,94,依据,extraction,703d311eef8387c13d97d59e0fa8302467dd1a6886fa8eb66dba6ef81e2d1cce
1,62,包含,extraction,1ac13a5cea2f5974b13517a5bc6c7a50527b0477ed3a20f5355e1a1cc704ff9a
3,4,是,extraction,d08580506622eb3b009abbcab184c7d6527dc171bbca042f5d2132b53eb48841
8,24,是,extraction,5924698efd5688b8387f11fb3a902a4c8b1757d50799df6653f7f8b593f7bb9c
10,24,是,extraction,7338ed710fc5d464c3e8e7713a2dde9e5d5bc405c2daee71f39d38c88c37c5dd
11,26,是,extraction,594ee48e2ef28d4283493b7dd95b58c8a78fd026434bf2ef09599eb13b81049f
1,87,涉及内容,extraction,d8baabd9c853b74ad88c30e16c3b0f0656e37b10a0eb9e6179f1c2eb1aaef3e1
3,4,类型,extraction,4a8d183849056dd2df3cb998024802f1af71f6686b9548e80436e7d7127139f8
8,16,是,extraction,a918c982f93fcff92ed89edb6dc9e992e5498bcbd343e75a57497f0321400988
10,16,是,extraction,746a2100773446996a077ea20c54ba9035e03b7b31f93fb59a8ae3cd5a9d17da
11,26,依据,extraction,59aeb43964ff21cbc812a90ecc25a2c723e794ad014df12ee5103a10602c2c8c
1,56,涉及,extraction,a8f2b22263019167381db3edaff04efca7319528bda33c0f225601373e075acd
3,4,是,extraction,d08580506622eb3b009abbcab184c7d6527dc171bbca042f5d2132b53eb48841
8,5,是,extraction,2ba53cf2a729e877b6f5a0c20e75c810989d499c8b6ba4b25874f2cf983362ec
10,5,是,extraction,5cec422cc7f67c3758916b82edf5f427a91370d2f97c9320ccc8c7a3165aaa69
11,22,是,extraction,1b323bba6189dbc5ba530bc51581df70b5958e3d716f1672b185da2f26ccf3f8
3,4,是,extraction,d08580506622eb3b009abbcab184c7d6527dc171bbca042f5d2132b53eb48841
8,29,是,extraction,361487daa4f72ef0bea966c2740ed8160c3514f17e0e71d25d21d78ebfd5b306
11,30,是,extraction,5a718b8ea79a649c60fa74166375f668d4abd9f5ab80a4084176c4bd48c96c81
37,1,是,extraction,0425effba4b0b55802fd30d79c262c74bcbadda70455f082f2f7cfa9ed73078a
3,4,是,extraction,d08580506622eb3b009abbcab184c7d6527dc171bbca042f5d2132b53eb48841
8,5,是,extraction,2ba53cf2a729e877b6f5a0c20e75c810989d499c8b6ba4b25874f2cf983362ec
10,54,是,extraction,debd081332f109890171744547ff5ef2c5854973877c900aba211633935e3861
11,41,是,extraction,bd47bd61949ec03ec689102a2ed8157cefc45bfa6195f0919c017603278e86c5
1,64,涉及行为,extraction,f8221974ba544d440d40e711b3567121f20c2299786e0e379f2af7c8e1e801ef
3,4,类型,extraction,4a8d183849056dd2df3cb998024802f1af71f6686b9548e80436e7d7127139f8
8,19,是,extraction,006b328d48dbd15d5a9997deacf5688dd0ac64bde696a0a8abd3e39f166e5081
10,19,是,extraction,27a0cebbbbbf719194bc882592ca52cb56fe00182beb07450e8e461717b2d932
11,48,是,extraction,aed00a1e0ade0525731bb07f81b1486504e94ecb2350902198e5871c236804b0
1,68,涉及事项,extraction,9b7174bb0577ca1933a2e00ec6952755ca1b2c0d1c9a488a895485aecacf34d9
4,1,权力类型,extraction,06f1cb2317f43bcd0489624a54a5cda47739e2ccc801a931aacc75c90aebf3f1
29,4,行驶主体,extraction,5d29277c63d8d69901b6bf520c1097a8d020d0c58cc6ab4bf6a7f699cef2c9e0
29,4,承办机构,extraction,b2dc61397fee41003aae1b3f25aff201e342ada1d04a0a5c5ca233e5028698f5
26,4,实施依据,extraction,e6cbf4ca69f5e082a1296b952fd57617df900b386221cceb6c60d2aa8fd1df71
3,4,是,extraction,d08580506622eb3b009abbcab184c7d6527dc171bbca042f5d2132b53eb48841
8,47,是,extraction,f3cb127ba604dd0f9c80f385d7500846a405e73ecc8ccfda8cb53cb29e5892bb
10,47,是,extraction,95e2b3b1d927b9bbdb48660d6ad3d8a240228e55a60909c980c4ecb4241ff67d
11,26,是,extraction,594ee48e2ef28d4283493b7dd95b58c8a78fd026434bf2ef09599eb13b81049f
1,87,涉及内容,extraction,d8baabd9c853b74ad88c30e16c3b0f0656e37b10a0eb9e6179f1c2eb1aaef3e1
4,1,权力类型,extraction,06f1cb2317f43bcd0489624a54a5cda47739e2ccc801a931aacc75c90aebf3f1
5,1,行驶主体,extraction,57149ab40d40daf68ddae1ef3d64025366218c3d8d9786a7c7d9406523c436b5
5,1,承办机构,extraction,9054f2bd559f99e7217094914676411351172fc3f6311c47ff7fbb7de27ab132
37,1,是,extraction,0425effba4b0b55802fd30d79c262c74bcbadda70455f082f2f7cfa9ed73078a
1,7,包括,extraction,0c7ee1dc9668a5f486c08c21f708da9a70d3ee37801b3057e190ffb52ac3354f
3,4,是,extraction,d08580506622eb3b009abbcab184c7d6527dc171bbca042f5d2132b53eb48841
8,9,是,extraction,34744a2cc14d3a7a3f5317cdb530e92b9bd201c7bd7571d5db06d6b1e91b6e7f
10,9,是,extraction,af1a9ecff071ed8f3be3a892c768d8887025fa5bd902d7808d64806d738d9e49
11,48,是,extraction,aed00a1e0ade0525731bb07f81b1486504e94ecb2350902198e5871c236804b0
1,18,涉及,extraction,3809770ba7ef48d41647f651814347ce7af066af5e2d2a56ba29998e548215c7
3,4,是,extraction,d08580506622eb3b009abbcab184c7d6527dc171bbca042f5d2132b53eb48841
8,19,是,extraction,006b328d48dbd15d5a9997deacf5688dd0ac64bde696a0a8abd3e39f166e5081
10,82,是,extraction,31b47fac03e1b154093e2db145e51198336aa2bb8e27b52375b8a5e3ee8a7549
11,35,是,extraction,e354f1fd5b27511710c92338a794ef09138dd8dbcfedfaa5e43cc3fd3f4af21e
34,55,基于,extraction,335be83bfb2ab7191e7dea7482250be5867561375e3c8fa3ae3beb2ffd973da7
3,4,是,extraction,d08580506622eb3b009abbcab184c7d6527dc171bbca042f5d2132b53eb48841
8,5,是,extraction,2ba53cf2a729e877b6f5a0c20e75c810989d499c8b6ba4b25874f2cf983362ec
10,5,是,extraction,5cec422cc7f67c3758916b82edf5f427a91370d2f97c9320ccc8c7a3165aaa69
11,41,是,extraction,bd47bd61949ec03ec689102a2ed8157cefc45bfa6195f0919c017603278e86c5
1,49,服务事项,extraction,b12e5727ad0347884c5325f6f1b64951a426eeef796d7c44bb72ef79be727401
4,1,权力类型,extraction,06f1cb2317f43bcd0489624a54a5cda47739e2ccc801a931aacc75c90aebf3f1
24,1,行驶主体,extraction,1d6e8cf9f9d91c32784b3816cbdf2f3590b5a48dd82d14b69139687101724d02
24,1,承办机构,extraction,706c85cddfe6218745523cfd2d1d75c9d4fbe5d63a11b5aa4700f4ef5caea528
83,1,实施依据,extraction,c752df45ab8efa5b1a5030646763d764e5532ae8377a7bee15439bf5fba9bac8
1,7,涉及事项,extraction,85180ae3904fb4dda3182acbf59b089f40c2fd247f916a351ff2a9030ab227d6
4,1,权力类型,extraction,06f1cb2317f43bcd0489624a54a5cda47739e2ccc801a931aacc75c90aebf3f1
32,4,行驶主体,extraction,5a482485585ea7ac0594bb50e1071577220ed4760df41ee33fcab485e4dac01d
32,4,承办机构,extraction,de0425c8e4a14a5dd87f49786a2b5c069a9c03df3317867cc963058c2f278f2c
4,41,实施依据,extraction,03505c0fa05a6f9d5368bcab3cf50ac0f0a55c40af7188b7beb7a4e19ddc74af
37,1,是,extraction,0425effba4b0b55802fd30d79c262c74bcbadda70455f082f2f7cfa9ed73078a
1,31,涉及问题,extraction,ea08369126f7fbe0d95ca41a348902bab3f4d8e388232d1c4ed32a98fca9af59
3,4,是,extraction,d08580506622eb3b009abbcab184c7d6527dc171bbca042f5d2132b53eb48841
8,45,是,extraction,a021dc763489713e44feb30ec7e7c62bfaaf973fdca58ef22a79cc8fca2cf9c4
10,45,是,extraction,2d016bdf9bf15554b1ad6c86d08a7a8fb403f16c47bde3a5e828a87eca3b3c9e
11,39,是,extraction,b07fccd0d92f620f3f01b65e8dcc4a7135558f4fd60464f2e612b30129e7c93c
1,50,涉及问题,extraction,d9aee7e532418f68a24d42b6c0f1cfa2f6d491734d66eb49042adf59fb9f4ecb
4,1,权力类型,extraction,06f1cb2317f43bcd0489624a54a5cda47739e2ccc801a931aacc75c90aebf3f1
29,4,行驶主体,extraction,5d29277c63d8d69901b6bf520c1097a8d020d0c58cc6ab4bf6a7f699cef2c9e0
29,4,承办机构,extraction,b2dc61397fee41003aae1b3f25aff201e342ada1d04a0a5c5ca233e5028698f5
4,20,依据,extraction,b19e1357f8338267b8215705a9e1ff91ac70fa7448387e608e94770c2082a848
37,1,是,extraction,0425effba4b0b55802fd30d79c262c74bcbadda70455f082f2f7cfa9ed73078a
1,40,包含,extraction,1210a34215a9f1d268a7fdec9665e7afedf2c960bf0be97d698e7bf44f4ad33c
3,63,是,extraction,4d29d459416907fc3f184e7e78f0a61ebe7e29882c00362cad246bdf91009488
8,16,是,extraction,a918c982f93fcff92ed89edb6dc9e992e5498bcbd343e75a57497f0321400988
10,16,是,extraction,746a2100773446996a077ea20c54ba9035e03b7b31f93fb59a8ae3cd5a9d17da
11,30,是,extraction,5a718b8ea79a649c60fa74166375f668d4abd9f5ab80a4084176c4bd48c96c81
1,53,服务事项,extraction,6e3e1be22725db07cbda085e898d35471ffc4e71289552d4108ae311195e776c
4,1,权力类型,extraction,06f1cb2317f43bcd0489624a54a5cda47739e2ccc801a931aacc75c90aebf3f1
32,1,行驶主体,extraction,f3ae7eebff4e3460421e23abeef0b3052dd9a3dcfbd1f44a03d027eeb1801b4f
32,1,承办机构,extraction,931cafd24efaf97775db66b22a04ccc10ef5b34c9f1550f1c6e447e2887940db
26,1,实施依据,extraction,59db61bc1a579df3551528407c91bfe5ae1e2f6b7835730824a80f9076673213
32,4,行使权力,extraction,b0aa7d1d0a604ba8ca279b2d0dd6b182418549ce8194ad01a74f7d717efc4456
32,8,是,extraction,daabdd4832c86be7d29c8dca7498a6fac48f01f00dd7d11e254a8d7bf62fe7eb
32,10,同时也是,extraction,0ca73749da0cbb55f95b90be2115ff446098e4725b2c6db0302bee41d4a66edb
1,66,服务事项,extraction,547bd13f4c9b8a83cf2a099895038cb6bc5f680a0994147282a33759263c72b5
4,1,权力类型,extraction,06f1cb2317f43bcd0489624a54a5cda47739e2ccc801a931aacc75c90aebf3f1
47,1,行驶主体,extraction,cd815e6ef285efede797fac164e9d2711b8b1395e5cd525e398131d3fae4e735
47,1,承办机构,extraction,e473ad1106090cd367e1b8ccd73f428bb60c56de8e4b8458b3f93a6a71d75251
1,30,实施依据,extraction,1e76d6a5675b5a7256e073646215c72dd41b416aaaa8e4b99ebf1a1fc015fb97
1,7,涉及事项,extraction,85180ae3904fb4dda3182acbf59b089f40c2fd247f916a351ff2a9030ab227d6
4,1,权力类型,extraction,06f1cb2317f43bcd0489624a54a5cda47739e2ccc801a931aacc75c90aebf3f1
29,4,行驶主体,extraction,5d29277c63d8d69901b6bf520c1097a8d020d0c58cc6ab4bf6a7f699cef2c9e0
29,4,承办机构,extraction,b2dc61397fee41003aae1b3f25aff201e342ada1d04a0a5c5ca233e5028698f5
41,4,实施依据,extraction,f8524089ce3932ccdf97fc9d43bd3e35486a01210b80fc3877b01f499bbd39d1
1,2,涉及事项,extraction,45a6b5e9b7acaaf964d4ba55ee382735953a50be79b9c5a63cfd56f3bfaa98e9
3,4,类型,extraction,4a8d183849056dd2df3cb998024802f1af71f6686b9548e80436e7d7127139f8
24,1,行驶主体,extraction,1d6e8cf9f9d91c32784b3816cbdf2f3590b5a48dd82d14b69139687101724d02
24,1,承办机构,extraction,706c85cddfe6218745523cfd2d1d75c9d4fbe5d63a11b5aa4700f4ef5caea528
37,4,是,extraction,aeede70f877e8735fc43846100cd0a1cfd2ab95c5888b42393315af01f5bd243
3,4,是,extraction,d08580506622eb3b009abbcab184c7d6527dc171bbca042f5d2132b53eb48841
8,5,是,extraction,2ba53cf2a729e877b6f5a0c20e75c810989d499c8b6ba4b25874f2cf983362ec
10,5,是,extraction,5cec422cc7f67c3758916b82edf5f427a91370d2f97c9320ccc8c7a3165aaa69
11,48,是,extraction,aed00a1e0ade0525731bb07f81b1486504e94ecb2350902198e5871c236804b0
37,4,权力类型,extraction,e96dff07170117e29d43653c3f52771ac32367c444250f8ce850cda42b2f2d75
5,5,承办机构,extraction,c5245bed1ce94ce85ede18b657d87124acb94f2e2443ff05c46dd818e256b972
1,56,涉及,extraction,a8f2b22263019167381db3edaff04efca7319528bda33c0f225601373e075acd
3,4,是,extraction,d08580506622eb3b009abbcab184c7d6527dc171bbca042f5d2132b53eb48841
8,9,是,extraction,34744a2cc14d3a7a3f5317cdb530e92b9bd201c7bd7571d5db06d6b1e91b6e7f
10,9,是,extraction,af1a9ecff071ed8f3be3a892c768d8887025fa5bd902d7808d64806d738d9e49
11,30,是,extraction,5a718b8ea79a649c60fa74166375f668d4abd9f5ab80a4084176c4bd48c96c81
37,1,是,extraction,0425effba4b0b55802fd30d79c262c74bcbadda70455f082f2f7cfa9ed73078a
1,55,涉及问题,extraction,f2ffd7cbbde07203ef22704e812dc0c897a1f2dc5a5cc4fabb7f1bbafc6e63ed
3,4,是,extraction,d08580506622eb3b009abbcab184c7d6527dc171bbca042f5d2132b53eb48841
8,47,是,extraction,f3cb127ba604dd0f9c80f385d7500846a405e73ecc8ccfda8cb53cb29e5892bb
10,47,是,extraction,95e2b3b1d927b9bbdb48660d6ad3d8a240228e55a60909c980c4ecb4241ff67d
11,15,是,extraction,3d99bcc2d8a851d2517fe94c1a8b5a03b5cbd811bf3f796fc4f680702935c9c8
37,1,是,extraction,0425effba4b0b55802fd30d79c262c74bcbadda70455f082f2f7cfa9ed73078a
1,53,包含,extraction,64a4053bf85b4229ca75172db19fa063634041281deff312e745aba0a3e284be
3,4,是,extraction,d08580506622eb3b009abbcab184c7d6527dc171bbca042f5d2132b53eb48841
8,9,是,extraction,34744a2cc14d3a7a3f5317cdb530e92b9bd201c7bd7571d5db06d6b1e91b6e7f
10,82,是,extraction,31b47fac03e1b154093e2db145e51198336aa2bb8e27b52375b8a5e3ee8a7549
11,41,是,extraction,bd47bd61949ec03ec689102a2ed8157cefc45bfa6195f0919c017603278e86c5
1,49,服务事项,extraction,b12e5727ad0347884c5325f6f1b64951a426eeef796d7c44bb72ef79be727401
4,1,权力类型,extraction,06f1cb2317f43bcd0489624a54a5cda47739e2ccc801a931aacc75c90aebf3f1
32,1,行驶主体,extraction,f3ae7eebff4e3460421e23abeef0b3052dd9a3dcfbd1f44a03d027eeb1801b4f
32,1,承办机构,extraction,931cafd24efaf97775db66b22a04ccc10ef5b34c9f1550f1c6e447e2887940db
41,1,实施依据,extraction,4b5526e13cf7231eb25d1cc5edaf51e706f050a9c86129babea90776e3e585f2
1,53,包含,extraction,64a4053bf85b4229ca75172db19fa063634041281deff312e745aba0a3e284be
3,4,是,extraction,d08580506622eb3b009abbcab184c7d6527dc171bbca042f5d2132b53eb48841
8,19,是,extraction,006b328d48dbd15d5a9997deacf5688dd0ac64bde696a0a8abd3e39f166e5081
10,19,是,extraction,27a0cebbbbbf719194bc882592ca52cb56fe00182beb07450e8e461717b2d932
11,6,是,extraction,7e353cf317a918dc7fc3ca1d0f821842e1eb7ad0cd8be30fa8e66af096026847
1,56,涉及,extraction,a8f2b22263019167381db3edaff04efca7319528bda33c0f225601373e075acd
3,4,是,extraction,d08580506622eb3b009abbcab184c7d6527dc171bbca042f5d2132b53eb48841
8,9,是,extraction,34744a2cc14d3a7a3f5317cdb530e92b9bd201c7bd7571d5db06d6b1e91b6e7f
10,9,是,extraction,af1a9ecff071ed8f3be3a892c768d8887025fa5bd902d7808d64806d738d9e49
11,35,是,extraction,e354f1fd5b27511710c92338a794ef09138dd8dbcfedfaa5e43cc3fd3f4af21e
1,2,涉及事项,extraction,45a6b5e9b7acaaf964d4ba55ee382735953a50be79b9c5a63cfd56f3bfaa98e9
29,1,行驶主体,extraction,3894e2807bd5d700cd8e59ee73eb9d47cb997d8bf04d89c2b3816a91f3f94483
29,1,承办机构,extraction,bd5db513e02b588bffbd25ee058495f5dafac2b9a07a6392fb0bac6645b72a35
1,74,依据,extraction,9543f441f05cf27fad61b9211a1e3d26f46ad57ebab7d3aecc5451ef8f7ca081
1,18,涉及,extraction,3809770ba7ef48d41647f651814347ce7af066af5e2d2a56ba29998e548215c7
3,4,是,extraction,d08580506622eb3b009abbcab184c7d6527dc171bbca042f5d2132b53eb48841
8,45,是,extraction,a021dc763489713e44feb30ec7e7c62bfaaf973fdca58ef22a79cc8fca2cf9c4
10,45,是,extraction,2d016bdf9bf15554b1ad6c86d08a7a8fb403f16c47bde3a5e828a87eca3b3c9e
11,39,是,extraction,b07fccd0d92f620f3f01b65e8dcc4a7135558f4fd60464f2e612b30129e7c93c
1,60,基于,extraction,e62703517cd6a5cef5c6f2791d3f9338d07a34e7b0c9c69886261a5ce02f0698
3,4,是,extraction,d08580506622eb3b009abbcab184c7d6527dc171bbca042f5d2132b53eb48841
8,9,为,extraction,9dfe97b170e7d2f0fbd7612da3b4aafd8a37ca358d78765ef03347ad843802d6
10,9,为,extraction,7c48d8dd63d60d7d044516e2c6fc7bc88837bebc4e1cd7126d18e20eeed46a10
11,22,是,extraction,1b323bba6189dbc5ba530bc51581df70b5958e3d716f1672b185da2f26ccf3f8
37,1,是,extraction,0425effba4b0b55802fd30d79c262c74bcbadda70455f082f2f7cfa9ed73078a
1,62,包含,extraction,1ac13a5cea2f5974b13517a5bc6c7a50527b0477ed3a20f5355e1a1cc704ff9a
3,4,是,extraction,d08580506622eb3b009abbcab184c7d6527dc171bbca042f5d2132b53eb48841
8,45,是,extraction,a021dc763489713e44feb30ec7e7c62bfaaf973fdca58ef22a79cc8fca2cf9c4
10,45,是,extraction,2d016bdf9bf15554b1ad6c86d08a7a8fb403f16c47bde3a5e828a87eca3b3c9e
11,39,是,extraction,b07fccd0d92f620f3f01b65e8dcc4a7135558f4fd60464f2e612b30129e7c93c
37,1,是,extraction,0425effba4b0b55802fd30d79c262c74bcbadda70455f082f2f7cfa9ed73078a
8,45,是,extraction,a021dc763489713e44feb30ec7e7c62bfaaf973fdca58ef22a79cc8fca2cf9c4
10,45,是,extraction,2d016bdf9bf15554b1ad6c86d08a7a8fb403f16c47bde3a5e828a87eca3b3c9e
11,39,是,extraction,b07fccd0d92f620f3f01b65e8dcc4a7135558f4fd60464f2e612b30129e7c93c
1,7,服务事项,extraction,d45c33637562b07a7b6950c55ab0b16a389b2d6526a831d8e3d6e85fb2f8c0bd
4,1,权力类型,extraction,06f1cb2317f43bcd0489624a54a5cda47739e2ccc801a931aacc75c90aebf3f1
29,1,行驶主体,extraction,3894e2807bd5d700cd8e59ee73eb9d47cb997d8bf04d89c2b3816a91f3f94483
29,1,承办机构,extraction,bd5db513e02b588bffbd25ee058495f5dafac2b9a07a6392fb0bac6645b72a35
12,1,实施依据,extraction,7d30a03f0f05e8bb755711526a77727255e185e8c3b912875294c5d3c32dce03
1,2,服务事项,extraction,2f86116730c261901f6329515305421e756ef954735ed2c81715cddfa9dd049e
4,1,权力类型,extraction,06f1cb2317f43bcd0489624a54a5cda47739e2ccc801a931aacc75c90aebf3f1
47,1,行驶主体,extraction,cd815e6ef285efede797fac164e9d2711b8b1395e5cd525e398131d3fae4e735
47,1,承办机构,extraction,e473ad1106090cd367e1b8ccd73f428bb60c56de8e4b8458b3f93a6a71d75251
1,21,涉及领域,extraction,8ca3c7ec431526b4652e076cd97da1d95ce4d180dc3397c46d4004e5d5bd15b5
4,1,权力类型,extraction,06f1cb2317f43bcd0489624a54a5cda47739e2ccc801a931aacc75c90aebf3f1
16,1,行驶主体,extraction,2388221cee7d1ae0ed5be74dbb33fa91b57a06cfae883cc5c2262bfb048b5c48
16,1,承办机构,extraction,7da0b9c5ea5b9311256b7bcb955ba7fe507e79fd9fe407e277e1c4de0e1d453e
1,48,依据,extraction,0f923880462c57939fdecb34324e71f19374b597029491dac1262abaa48766c2
3,4,是,extraction,d08580506622eb3b009abbcab184c7d6527dc171bbca042f5d2132b53eb48841
8,45,是,extraction,a021dc763489713e44feb30ec7e7c62bfaaf973fdca58ef22a79cc8fca2cf9c4
10,45,是,extraction,2d016bdf9bf15554b1ad6c86d08a7a8fb403f16c47bde3a5e828a87eca3b3c9e
11,12,是,extraction,4bb51718453a67d9015b846c6a68662b97572c0a9269a7df9df55bbbce96ae63
1,23,涉及事项,extraction,888f4d96ceb27a16f6144a62b1e47fefe4fdb1a079dfee7c5d704fb359a4ee41
4,1,权力类型,extraction,06f1cb2317f43bcd0489624a54a5cda47739e2ccc801a931aacc75c90aebf3f1
47,4,行驶主体,extraction,0640f05ef77128c1441c26bfd803ecb1ceda5f3744841ac918a904eb75e5b430
47,4,承办机构,extraction,c03c7652d3bd035d9c422cde5be2c865200076b6a24cf178316bf3a7f11482fc
33,4,实施依据,extraction,598f4449a0faeef0d4168ba286bd7f788f37938fef50e0fea981468eacf6e878
1,21,涉及领域,extraction,8ca3c7ec431526b4652e076cd97da1d95ce4d180dc3397c46d4004e5d5bd15b5
4,1,权力类型,extraction,06f1cb2317f43bcd0489624a54a5cda47739e2ccc801a931aacc75c90aebf3f1
47,1,行驶主体,extraction,cd815e6ef285efede797fac164e9d2711b8b1395e5cd525e398131d3fae4e735
47,1,承办机构,extraction,e473ad1106090cd367e1b8ccd73f428bb60c56de8e4b8458b3f93a6a71d75251
1,22,实施依据,extraction,a9c1902de5e0fdd4daab970b5481b0b777cae03a9138c3d2909f3e3e2ca661bc
1,18,涉及,extraction,3809770ba7ef48d41647f651814347ce7af066af5e2d2a56ba29998e548215c7
4,3,属于,extraction,78b18b9c4201fc1f09d7ae910a2166ca96d5ef4d3254d0d7c72db8fa4ed3d1f0
5,8,是,extraction,21579cce37ea44cb2c8431913849335bc0970d584c14428520be1529f7315e83
5,10,也是,extraction,b44ca37ceead0caa9b75aafb3a2d822a4e81c664e05fbb5eacace4d3a3289119
20,11,是,extraction,993d437d8df15958ceb3e12f915c34b198f9c1c837f4308eb30da6910e866dfa
5,4,行驶主体,extraction,90969f1b1f2314dfb53994e982b98dab0a584891fb13636f7b0cf6ed4e25b091
5,5,承办机构,extraction,c5245bed1ce94ce85ede18b657d87124acb94f2e2443ff05c46dd818e256b972
4,20,实施依据,extraction,8ac60cd59143eb18bf0fba724df65f6faaaeccce3cffabae3b835f887bdaecce
1,86,包含,extraction,1b8da2822d18bd78db33df51dc1afcbbb67d90c5ab33d994166a476382defea7
3,4,是,extraction,d08580506622eb3b009abbcab184c7d6527dc171bbca042f5d2132b53eb48841
8,5,是,extraction,2ba53cf2a729e877b6f5a0c20e75c810989d499c8b6ba4b25874f2cf983362ec
10,5,是,extraction,5cec422cc7f67c3758916b82edf5f427a91370d2f97c9320ccc8c7a3165aaa69
11,35,是,extraction,e354f1fd5b27511710c92338a794ef09138dd8dbcfedfaa5e43cc3fd3f4af21e
14,4,行使权力类型,extraction,d8b1aaf3cb065e14628544defbaa0538f0e753face0b15f832a87b1541818fd9
1,44,涉及,extraction,6b92937933dd3842a480fe22eb9ad7fc23049449e7c7b2d5aff5786406c78536
29,1,行使主体,extraction,bab0e77c600a3ebf0ebcb42e6aa337b7ede0e57ccd345c94b9b95774ed0733a8
29,1,承办机构,extraction,bd5db513e02b588bffbd25ee058495f5dafac2b9a07a6392fb0bac6645b72a35
1,6,依据,extraction,cf80a41cfbe8cca5a52d6fcd7e48ad0a16c62e701ea3daffe7b904843934819d
24,8,是,extraction,0c3ed9103fa05b1a95fc960839910234a9e6b0aefae46e76eb6da5fc9104587a
24,10,是,extraction,3d347f8c5f893c7be6332ad888acc73fbf39fe1690ed0335c0d21eb0c08da24a
11,15,来自,extraction,67bb96260685d13a34075b07143a56c8d6ecfd226b72cc18adea630373938a22
1,68,涉及问题,extraction,b4b9a5e2e944390315bde536760641925c5f30b009957ca558755086e0272ec7
3,63,是,extraction,4d29d459416907fc3f184e7e78f0a61ebe7e29882c00362cad246bdf91009488
8,45,是,extraction,a021dc763489713e44feb30ec7e7c62bfaaf973fdca58ef22a79cc8fca2cf9c4
10,45,是,extraction,2d016bdf9bf15554b1ad6c86d08a7a8fb403f16c47bde3a5e828a87eca3b3c9e
11,26,是,extraction,594ee48e2ef28d4283493b7dd95b58c8a78fd026434bf2ef09599eb13b81049f
1,2,涉及事项,extraction,45a6b5e9b7acaaf964d4ba55ee382735953a50be79b9c5a63cfd56f3bfaa98e9
3,4,类型,extraction,4a8d183849056dd2df3cb998024802f1af71f6686b9548e80436e7d7127139f8
11,12,依据,extraction,d458aed4c7a0c599ff29789bc6e0040f713c582018b091bab6927ddae4ef7817
1,18,涉及,extraction,3809770ba7ef48d41647f651814347ce7af066af5e2d2a56ba29998e548215c7
3,4,是,extraction,d08580506622eb3b009abbcab184c7d6527dc171bbca042f5d2132b53eb48841
8,14,是,extraction,7574d3dbd8d8b8c050e695585b2139657ee4c361c101f42d9fa804421e3dc311
10,14,是,extraction,724fd5216be260a1ef5c764227bd7814bbb14163569e9c4d0854790e0b534a15
11,48,是,extraction,aed00a1e0ade0525731bb07f81b1486504e94ecb2350902198e5871c236804b0
37,1,是,extraction,0425effba4b0b55802fd30d79c262c74bcbadda70455f082f2f7cfa9ed73078a
1,7,包括,extraction,0c7ee1dc9668a5f486c08c21f708da9a70d3ee37801b3057e190ffb52ac3354f
3,4,是,extraction,d08580506622eb3b009abbcab184c7d6527dc171bbca042f5d2132b53eb48841
8,9,是,extraction,34744a2cc14d3a7a3f5317cdb530e92b9bd201c7bd7571d5db06d6b1e91b6e7f
10,9,是,extraction,af1a9ecff071ed8f3be3a892c768d8887025fa5bd902d7808d64806d738d9e49
11,48,是,extraction,aed00a1e0ade0525731bb07f81b1486504e94ecb2350902198e5871c236804b0
1,49,服务事项,extraction,b12e5727ad0347884c5325f6f1b64951a426eeef796d7c44bb72ef79be727401
4,1,权力类型,extraction,06f1cb2317f43bcd0489624a54a5cda47739e2ccc801a931aacc75c90aebf3f1
32,4,行驶主体,extraction,5a482485585ea7ac0594bb50e1071577220ed4760df41ee33fcab485e4dac01d
83,1,实施依据,extraction,c752df45ab8efa5b1a5030646763d764e5532ae8377a7bee15439bf5fba9bac8
1,2,涉及事项,extraction,45a6b5e9b7acaaf964d4ba55ee382735953a50be79b9c5a63cfd56f3bfaa98e9
3,4,是,extraction,d08580506622eb3b009abbcab184c7d6527dc171bbca042f5d2132b53eb48841
8,24,是,extraction,5924698efd5688b8387f11fb3a902a4c8b1757d50799df6653f7f8b593f7bb9c
10,24,是,extraction,7338ed710fc5d464c3e8e7713a2dde9e5d5bc405c2daee71f39d38c88c37c5dd
11,12,是,extraction,4bb51718453a67d9015b846c6a68662b97572c0a9269a7df9df55bbbce96ae63
3,4,是,extraction,d08580506622eb3b009abbcab184c7d6527dc171bbca042f5d2132b53eb48841
8,29,是,extraction,361487daa4f72ef0bea966c2740ed8160c3514f17e0e71d25d21d78ebfd5b306
10,54,是,extraction,debd081332f109890171744547ff5ef2c5854973877c900aba211633935e3861
11,33,是,extraction,86e684c0f0ab092352cdfe7d8da05aa3e50e8ef796d48ce0861f329bddd98b42
1,58,基于,extraction,fb7cb6e3e104d457147f8f3b47768b0c6b01af4f6446cd6343b686f04ff8f142
3,4,是,extraction,d08580506622eb3b009abbcab184c7d6527dc171bbca042f5d2132b53eb48841
8,45,是,extraction,a021dc763489713e44feb30ec7e7c62bfaaf973fdca58ef22a79cc8fca2cf9c4
10,45,是,extraction,2d016bdf9bf15554b1ad6c86d08a7a8fb403f16c47bde3a5e828a87eca3b3c9e
11,30,是,extraction,5a718b8ea79a649c60fa74166375f668d4abd9f5ab80a4084176c4bd48c96c81
1,58,涉及事项,extraction,5871898286c50ae8d1ce5f05c192d8ccf0b4e3f2dafcd361259ee7cfe3dca70d
4,1,权力类型,extraction,06f1cb2317f43bcd0489624a54a5cda47739e2ccc801a931aacc75c90aebf3f1
19,4,行驶主体,extraction,fc975c45488700256c6dc1a4471e5731d13c0901460034200da8f0d966941b18
26,4,实施依据,extraction,e6cbf4ca69f5e082a1296b952fd57617df900b386221cceb6c60d2aa8fd1df71
24,8,是,extraction,0c3ed9103fa05b1a95fc960839910234a9e6b0aefae46e76eb6da5fc9104587a
11,15,来自,extraction,67bb96260685d13a34075b07143a56c8d6ecfd226b72cc18adea630373938a22
37,34,是,extraction,a1d0be28d6b7ac66f25c89639adfd512975c07a457da6ad7a242d6b5cca30ec1
8,16,是,extraction,a918c982f93fcff92ed89edb6dc9e992e5498bcbd343e75a57497f0321400988
10,16,是,extraction,746a2100773446996a077ea20c54ba9035e03b7b31f93fb59a8ae3cd5a9d17da
11,41,是,extraction,bd47bd61949ec03ec689102a2ed8157cefc45bfa6195f0919c017603278e86c5
4,3,属于,extraction,78b18b9c4201fc1f09d7ae910a2166ca96d5ef4d3254d0d7c72db8fa4ed3d1f0
82,10,是,extraction,b1f7ca8e7e8dea67a2f57be96e0bf854032dc9532f2f772e1088467990d360cc
1,44,涉及,extraction,6b92937933dd3842a480fe22eb9ad7fc23049449e7c7b2d5aff5786406c78536
3,4,是,extraction,d08580506622eb3b009abbcab184c7d6527dc171bbca042f5d2132b53eb48841
8,29,是,extraction,361487daa4f72ef0bea966c2740ed8160c3514f17e0e71d25d21d78ebfd5b306
10,29,是,extraction,ed2e1eb7f64fc3c675b397bf987aa23d776a90888b11ff44f1ee8dc7e6f3fd7f
11,15,是,extraction,3d99bcc2d8a851d2517fe94c1a8b5a03b5cbd811bf3f796fc4f680702935c9c8
1,52,涉及事项,extraction,60c44bc532430527e320f23ce8301d12a3341698a8f67afd3e5649f8789ec4a8
4,1,权力类型,extraction,06f1cb2317f43bcd0489624a54a5cda47739e2ccc801a931aacc75c90aebf3f1
9,4,行驶主体,extraction,8b51ed11a0731094dcf617a38cdbb7ec00b30e823794283e67e82d7edd09a043
9,4,承办机构,extraction,a6e2ca82d3d2de505ea3d13de0bcfe4973cc90babf302d312c2ab3ff4948ff06
20,4,实施依据,extraction,1b7b8e70934bc1e1f3ec7bc00bb74fa7e905259ce58aef57203d7288cd724ca9
1,68,涉及事项,extraction,9b7174bb0577ca1933a2e00ec6952755ca1b2c0d1c9a488a895485aecacf34d9
4,1,权力类型,extraction,06f1cb2317f43bcd0489624a54a5cda47739e2ccc801a931aacc75c90aebf3f1
9,4,行驶主体,extraction,8b51ed11a0731094dcf617a38cdbb7ec00b30e823794283e67e82d7edd09a043
9,4,承办机构,extraction,a6e2ca82d3d2de505ea3d13de0bcfe4973cc90babf302d312c2ab3ff4948ff06
30,4,实施依据,extraction,3eee29fb82f5877ff129df233551dd8a6ff4d91b6f41f082d7d3c3ea58403369
34,42,涉及内容,extraction,a3ce13fd299978db8fef7fa2de1d0c53a887af6549b11fdcf6ffb34005293657
1,50,涉及问题,extraction,d9aee7e532418f68a24d42b6c0f1cfa2f6d491734d66eb49042adf59fb9f4ecb
3,4,是,extraction,d08580506622eb3b009abbcab184c7d6527dc171bbca042f5d2132b53eb48841
8,14,是,extraction,7574d3dbd8d8b8c050e695585b2139657ee4c361c101f42d9fa804421e3dc311
10,14,是,extraction,724fd5216be260a1ef5c764227bd7814bbb14163569e9c4d0854790e0b534a15
11,6,是,extraction,7e353cf317a918dc7fc3ca1d0f821842e1eb7ad0cd8be30fa8e66af096026847
1,60,基于,extraction,e62703517cd6a5cef5c6f2791d3f9338d07a34e7b0c9c69886261a5ce02f0698
3,4,是,extraction,d08580506622eb3b009abbcab184c7d6527dc171bbca042f5d2132b53eb48841
8,29,是,extraction,361487daa4f72ef0bea966c2740ed8160c3514f17e0e71d25d21d78ebfd5b306
10,29,是,extraction,ed2e1eb7f64fc3c675b397bf987aa23d776a90888b11ff44f1ee8dc7e6f3fd7f
11,48,是,extraction,aed00a1e0ade0525731bb07f81b1486504e94ecb2350902198e5871c236804b0
1,64,涉及行为,extraction,f8221974ba544d440d40e711b3567121f20c2299786e0e379f2af7c8e1e801ef
3,4,类型,extraction,4a8d183849056dd2df3cb998024802f1af71f6686b9548e80436e7d7127139f8
8,73,执行者,extraction,7985ef1bc28d5ad2d755257c1e6eed03a2a4afca5602588fa6c886d909ecdca2
11,12,依据,extraction,d458aed4c7a0c599ff29789bc6e0040f713c582018b091bab6927ddae4ef7817
37,1,是,extraction,0425effba4b0b55802fd30d79c262c74bcbadda70455f082f2f7cfa9ed73078a
1,53,包含,extraction,64a4053bf85b4229ca75172db19fa063634041281deff312e745aba0a3e284be
10,45,为,extraction,8d6a9234e9eb569deb056c806a7b8ba12ef75f2400c5c00778e03fd1d107b2ca
11,26,为,extraction,e81d334af1af56085fd7ba0a59776c95a716a91549d6475084835a2c9fb27678
4,1,权力类型,extraction,06f1cb2317f43bcd0489624a54a5cda47739e2ccc801a931aacc75c90aebf3f1
47,1,承办机构,extraction,e473ad1106090cd367e1b8ccd73f428bb60c56de8e4b8458b3f93a6a71d75251
15,1,实施依据,extraction,31db1316f622f9613bf5aedaa673ef1757ff5d0204842ad68fdb3064b9f7e0bb
3,4,是,extraction,d08580506622eb3b009abbcab184c7d6527dc171bbca042f5d2132b53eb48841
8,16,是,extraction,a918c982f93fcff92ed89edb6dc9e992e5498bcbd343e75a57497f0321400988
10,16,是,extraction,746a2100773446996a077ea20c54ba9035e03b7b31f93fb59a8ae3cd5a9d17da
11,22,是,extraction,1b323bba6189dbc5ba530bc51581df70b5958e3d716f1672b185da2f26ccf3f8
3,4,是,extraction,d08580506622eb3b009abbcab184c7d6527dc171bbca042f5d2132b53eb48841
8,16,是,extraction,a918c982f93fcff92ed89edb6dc9e992e5498bcbd343e75a57497f0321400988
10,16,是,extraction,746a2100773446996a077ea20c54ba9035e03b7b31f93fb59a8ae3cd5a9d17da
11,39,是,extraction,b07fccd0d92f620f3f01b65e8dcc4a7135558f4fd60464f2e612b30129e7c93c
1,87,涉及事项,extraction,612d6670e808f179536114c97b2823e11a6fbd83b9dac9637be2ea72663ad0e2
4,1,权力类型,extraction,06f1cb2317f43bcd0489624a54a5cda47739e2ccc801a931aacc75c90aebf3f1
32,1,行驶主体,extraction,f3ae7eebff4e3460421e23abeef0b3052dd9a3dcfbd1f44a03d027eeb1801b4f
32,1,承办机构,extraction,931cafd24efaf97775db66b22a04ccc10ef5b34c9f1550f1c6e447e2887940db
33,1,实施依据,extraction,bd4d251de9aa9eb9c09f30ba2cb708ae2c507f14020ac308d2f0fc7019e488a7
1,58,涉及问题,extraction,d5e1342778d61db9c63f96f3f11874d3ff1b5a5420510597afc21a3746f77e13
4,1,权力类型,extraction,06f1cb2317f43bcd0489624a54a5cda47739e2ccc801a931aacc75c90aebf3f1
5,4,行驶主体,extraction,90969f1b1f2314dfb53994e982b98dab0a584891fb13636f7b0cf6ed4e25b091
5,4,承办机构,extraction,006a436d5843149b88b6bc565b22b9204373a354729e2061d83283948e08ada3
4,6,实施依据,extraction,1d7d50b3acb10befc26ad6f9683a9178a24b79e32c36eedb4d536b3f0e3c893b
1,50,涉及问题,extraction,d9aee7e532418f68a24d42b6c0f1cfa2f6d491734d66eb49042adf59fb9f4ecb
4,1,权力类型,extraction,06f1cb2317f43bcd0489624a54a5cda47739e2ccc801a931aacc75c90aebf3f1
5,1,行驶主体,extraction,57149ab40d40daf68ddae1ef3d64025366218c3d8d9786a7c7d9406523c436b5
5,1,承办机构,extraction,9054f2bd559f99e7217094914676411351172fc3f6311c47ff7fbb7de27ab132
33,4,实施依据,extraction,598f4449a0faeef0d4168ba286bd7f788f37938fef50e0fea981468eacf6e878
1,68,涉及事项,extraction,9b7174bb0577ca1933a2e00ec6952755ca1b2c0d1c9a488a895485aecacf34d9
4,1,权力类型,extraction,06f1cb2317f43bcd0489624a54a5cda47739e2ccc801a931aacc75c90aebf3f1
45,4,行驶主体,extraction,8364937a17480c3db6b61e4b6d12d23e1e64dbd34fa75fe86466c4d3b9dbcf2e
45,4,承办机构,extraction,24cf3a2e7392bcb652e11bf14695a9023dabbc462fa4d15e1d3f0e84c27c9a0f
35,4,实施依据,extraction,f819a515d249b858e278539e4a1afefc0501a560005cd9055d74756b490194f6
1,52,涉及事项,extraction,60c44bc532430527e320f23ce8301d12a3341698a8f67afd3e5649f8789ec4a8
4,1,权力类型,extraction,06f1cb2317f43bcd0489624a54a5cda47739e2ccc801a931aacc75c90aebf3f1
45,1,行驶主体,extraction,8eddef9e7cb0a9ef48bf1d9c5453eeaa783093eb2b61876f61f7d2b7a721e349
45,1,承办机构,extraction,9f49a4cd963acd1bb4cc403259dcc90b45180ce5f8f80434750ef8acda654983
1,22,实施依据,extraction,a9c1902de5e0fdd4daab970b5481b0b777cae03a9138c3d2909f3e3e2ca661bc
3,4,是,extraction,d08580506622eb3b009abbcab184c7d6527dc171bbca042f5d2132b53eb48841
8,47,是,extraction,f3cb127ba604dd0f9c80f385d7500846a405e73ecc8ccfda8cb53cb29e5892bb
10,47,是,extraction,95e2b3b1d927b9bbdb48660d6ad3d8a240228e55a60909c980c4ecb4241ff67d
11,41,是,extraction,bd47bd61949ec03ec689102a2ed8157cefc45bfa6195f0919c017603278e86c5
37,1,是,extraction,0425effba4b0b55802fd30d79c262c74bcbadda70455f082f2f7cfa9ed73078a
3,4,是,extraction,d08580506622eb3b009abbcab184c7d6527dc171bbca042f5d2132b53eb48841
8,16,是,extraction,a918c982f93fcff92ed89edb6dc9e992e5498bcbd343e75a57497f0321400988
10,16,是,extraction,746a2100773446996a077ea20c54ba9035e03b7b31f93fb59a8ae3cd5a9d17da
11,33,是,extraction,86e684c0f0ab092352cdfe7d8da05aa3e50e8ef796d48ce0861f329bddd98b42
37,1,是,extraction,0425effba4b0b55802fd30d79c262c74bcbadda70455f082f2f7cfa9ed73078a
3,89,是,extraction,80c22fae8e74135ff3f3960d9e8acaed28f2e2fe126e6c2d46954234d41f08ff
8,1,执行,extraction,f020fcea2d157ca1566dbeee39c6d77e21b5363a23612afac86704ffe00ad946
11,22,来自,extraction,f7ddd3b440d3f0c2a5b673d0c8b7bb2b4cd346c7e20548efdfe103cb590c4ea4
1,7,涉及事项,extraction,85180ae3904fb4dda3182acbf59b089f40c2fd247f916a351ff2a9030ab227d6
3,4,是,extraction,d08580506622eb3b009abbcab184c7d6527dc171bbca042f5d2132b53eb48841
8,16,是,extraction,a918c982f93fcff92ed89edb6dc9e992e5498bcbd343e75a57497f0321400988
10,16,是,extraction,746a2100773446996a077ea20c54ba9035e03b7b31f93fb59a8ae3cd5a9d17da
11,12,是,extraction,4bb51718453a67d9015b846c6a68662b97572c0a9269a7df9df55bbbce96ae63
1,52,服务事项,extraction,cc306c760199c305b2a6710e647a5bf50c6f3f9c66e95095def3fe0d0ac15340
4,1,权力类型,extraction,06f1cb2317f43bcd0489624a54a5cda47739e2ccc801a931aacc75c90aebf3f1
9,4,行驶主体,extraction,8b51ed11a0731094dcf617a38cdbb7ec00b30e823794283e67e82d7edd09a043
26,4,实施依据,extraction,e6cbf4ca69f5e082a1296b952fd57617df900b386221cceb6c60d2aa8fd1df71
1,60,基于,extraction,e62703517cd6a5cef5c6f2791d3f9338d07a34e7b0c9c69886261a5ce02f0698
3,4,是,extraction,d08580506622eb3b009abbcab184c7d6527dc171bbca042f5d2132b53eb48841
8,16,是,extraction,a918c982f93fcff92ed89edb6dc9e992e5498bcbd343e75a57497f0321400988
10,16,是,extraction,746a2100773446996a077ea20c54ba9035e03b7b31f93fb59a8ae3cd5a9d17da
11,48,是,extraction,aed00a1e0ade0525731bb07f81b1486504e94ecb2350902198e5871c236804b0
38,56,涉及,extraction,64a29f0c5a4385f62a4ba329ef2815cf70201aea26dd1ffb22f276fdd9efc0d6
45,8,是,extraction,b7067c4179e39e56f9de40f32fe6b2f25a52b560138ca8696003a4fb2c935798
45,10,是,extraction,250627923abaafb2538195b69e129550e05ec4a0c6f6f2f6605b3e1b5d619be5
35,11,是,extraction,0981fc7885e64e85bdc4da6c83aa1dfafde3f3eb22b83e29018292d21ff94685
1,7,服务事项,extraction,d45c33637562b07a7b6950c55ab0b16a389b2d6526a831d8e3d6e85fb2f8c0bd
4,1,权力类型,extraction,06f1cb2317f43bcd0489624a54a5cda47739e2ccc801a931aacc75c90aebf3f1
47,1,行驶主体,extraction,cd815e6ef285efede797fac164e9d2711b8b1395e5cd525e398131d3fae4e735
47,1,承办机构,extraction,e473ad1106090cd367e1b8ccd73f428bb60c56de8e4b8458b3f93a6a71d75251
39,1,实施依据,extraction,f3d70785ffdccc7f324b30f12363df58cd4cc126f8cc059e5bb1dde321050022
1,87,涉及,extraction,b0b891724187ba8b9ffee3d52dbc219e7a6981f0725ebdc5f0e6dcd170e0e666
4,3,属于,extraction,78b18b9c4201fc1f09d7ae910a2166ca96d5ef4d3254d0d7c72db8fa4ed3d1f0
32,8,是,extraction,daabdd4832c86be7d29c8dca7498a6fac48f01f00dd7d11e254a8d7bf62fe7eb
32,10,同时也是,extraction,0ca73749da0cbb55f95b90be2115ff446098e4725b2c6db0302bee41d4a66edb
26,11,是,extraction,9b15df7d2b68b99faa89520ed946631d85bae93696f5215b1f0d90be61ba6cc6
37,1,是,extraction,0425effba4b0b55802fd30d79c262c74bcbadda70455f082f2f7cfa9ed73078a
1,68,包含,extraction,3820dfdeb503a07348bec92a3b7adcbcd6080ed0c26a463104de80a1285ee878
3,4,是,extraction,d08580506622eb3b009abbcab184c7d6527dc171bbca042f5d2132b53eb48841
8,5,是,extraction,2ba53cf2a729e877b6f5a0c20e75c810989d499c8b6ba4b25874f2cf983362ec
11,41,是,extraction,bd47bd61949ec03ec689102a2ed8157cefc45bfa6195f0919c017603278e86c5
1,53,包含,extraction,64a4053bf85b4229ca75172db19fa063634041281deff312e745aba0a3e284be
3,4,是,extraction,d08580506622eb3b009abbcab184c7d6527dc171bbca042f5d2132b53eb48841
8,5,是,extraction,2ba53cf2a729e877b6f5a0c20e75c810989d499c8b6ba4b25874f2cf983362ec
10,5,是,extraction,5cec422cc7f67c3758916b82edf5f427a91370d2f97c9320ccc8c7a3165aaa69
11,15,是,extraction,3d99bcc2d8a851d2517fe94c1a8b5a03b5cbd811bf3f796fc4f680702935c9c8
37,1,是,extraction,0425effba4b0b55802fd30d79c262c74bcbadda70455f082f2f7cfa9ed73078a
1,18,包含,extraction,995fe2b6a1cf5cfeeefec8c7b3e03ab6ed8e185658f268c2a2d3412d9fb32842
3,4,是,extraction,d08580506622eb3b009abbcab184c7d6527dc171bbca042f5d2132b53eb48841
8,45,是,extraction,a021dc763489713e44feb30ec7e7c62bfaaf973fdca58ef22a79cc8fca2cf9c4
10,45,是,extraction,2d016bdf9bf15554b1ad6c86d08a7a8fb403f16c47bde3a5e828a87eca3b3c9e
11,26,是,extraction,594ee48e2ef28d4283493b7dd95b58c8a78fd026434bf2ef09599eb13b81049f
1,61,涉及问题,extraction,14dd21e29595533a08fd01fee5143665aa7115da80641e60cccba4d43781cfc7
3,4,类型,extraction,4a8d183849056dd2df3cb998024802f1af71f6686b9548e80436e7d7127139f8
8,1,实施,extraction,2f27135ff0eb4ba661d125ff3c5bc6f135c81d7b834beef22111effa89c58fd2
10,1,实施,extraction,61ecbb82f89cf82caa00da65c733716a30c6ac9f75ad346d4aaae36badcc65a8
11,33,依据,extraction,01505a944bcda0aa49b85ec54c68f1f4a1eab3f51a1af025d89b55ac06b81e45
1,60,基于,extraction,e62703517cd6a5cef5c6f2791d3f9338d07a34e7b0c9c69886261a5ce02f0698
3,4,是,extraction,d08580506622eb3b009abbcab184c7d6527dc171bbca042f5d2132b53eb48841
8,29,是,extraction,361487daa4f72ef0bea966c2740ed8160c3514f17e0e71d25d21d78ebfd5b306
10,54,是,extraction,debd081332f109890171744547ff5ef2c5854973877c900aba211633935e3861
11,20,是,extraction,4f6bd6ee852dc39505db943bb8728969a06f8c23c54a14cbb4d6866ffb8c4f4a
37,1,是,extraction,0425effba4b0b55802fd30d79c262c74bcbadda70455f082f2f7cfa9ed73078a
1,7,包括,extraction,0c7ee1dc9668a5f486c08c21f708da9a70d3ee37801b3057e190ffb52ac3354f
3,4,是,extraction,d08580506622eb3b009abbcab184c7d6527dc171bbca042f5d2132b53eb48841
8,43,是,extraction,5f9fc4e6c17fac692ea14127fb905f8c6be6ac25c319cad5d4b1b0b2726541e1
10,19,是,extraction,27a0cebbbbbf719194bc882592ca52cb56fe00182beb07450e8e461717b2d932
11,33,是,extraction,86e684c0f0ab092352cdfe7d8da05aa3e50e8ef796d48ce0861f329bddd98b42
1,2,包含,extraction,ece848f89d246452aaa10044790a3062f859636b97889ce3f2ba79cb9580a885
3,4,是,extraction,d08580506622eb3b009abbcab184c7d6527dc171bbca042f5d2132b53eb48841
8,24,是,extraction,5924698efd5688b8387f11fb3a902a4c8b1757d50799df6653f7f8b593f7bb9c
10,24,是,extraction,7338ed710fc5d464c3e8e7713a2dde9e5d5bc405c2daee71f39d38c88c37c5dd
11,39,是,extraction,b07fccd0d92f620f3f01b65e8dcc4a7135558f4fd60464f2e612b30129e7c93c
1,53,涉及,extraction,0bb0abee6c0d283921dd78ab78a967a91d6b9518a9f59114cf245993d16b4751
3,4,是,extraction,d08580506622eb3b009abbcab184c7d6527dc171bbca042f5d2132b53eb48841
8,16,为,extraction,bda89e02455d2adb50c1b4dad36c0e478b4f361fb8a51db29ed8c7bc3aaaeb82
10,16,为,extraction,f1e35a160c4becfa427fdd5b0b5eabab1eceaa1a4cc7cf4316d64ad9b73fa2ec
11,12,是,extraction,4bb51718453a67d9015b846c6a68662b97572c0a9269a7df9df55bbbce96ae63
3,4,是,extraction,d08580506622eb3b009abbcab184c7d6527dc171bbca042f5d2132b53eb48841
8,19,是,extraction,006b328d48dbd15d5a9997deacf5688dd0ac64bde696a0a8abd3e39f166e5081
10,82,是,extraction,31b47fac03e1b154093e2db145e51198336aa2bb8e27b52375b8a5e3ee8a7549
11,48,是,extraction,aed00a1e0ade0525731bb07f81b1486504e94ecb2350902198e5871c236804b0
3,4,是,extraction,d08580506622eb3b009abbcab184c7d6527dc171bbca042f5d2132b53eb48841
8,47,是,extraction,f3cb127ba604dd0f9c80f385d7500846a405e73ecc8ccfda8cb53cb29e5892bb
10,54,是,extraction,debd081332f109890171744547ff5ef2c5854973877c900aba211633935e3861
11,35,是,extraction,e354f1fd5b27511710c92338a794ef09138dd8dbcfedfaa5e43cc3fd3f4af21e
107,25,针对,extraction,3a5cb0014eabf919ca17bbdaab7f04d861e1dde0edde20fbda4d6534b9ad8c98
5,8,是,extraction,21579cce37ea44cb2c8431913849335bc0970d584c14428520be1529f7315e83
5,10,也是,extraction,b44ca37ceead0caa9b75aafb3a2d822a4e81c664e05fbb5eacace4d3a3289119
22,11,是,extraction,e2303c493e5fef5be0136fba64f49666d2cd021f113e2a57d84fa806d5a6438a
19,4,行驶主体,extraction,fc975c45488700256c6dc1a4471e5731d13c0901460034200da8f0d966941b18
19,4,承办机构,extraction,1b13ac4aeb7af35063ac982064f773cab0cd5e9db3f2bcd5e9238ee81191e24d
30,4,实施依据,extraction,3eee29fb82f5877ff129df233551dd8a6ff4d91b6f41f082d7d3c3ea58403369
1,61,涉及问题,extraction,14dd21e29595533a08fd01fee5143665aa7115da80641e60cccba4d43781cfc7
4,1,权力类型,extraction,06f1cb2317f43bcd0489624a54a5cda47739e2ccc801a931aacc75c90aebf3f1
16,4,行驶主体,extraction,71eddffd2710e4f0315e456157ca342387f22226c6c2ba7cb2d13e89c4f480f1
16,4,承办机构,extraction,26d52405963eb7634ec911dcc46a95b90f282c897b604ad9461e331f808f6862
41,4,实施依据,extraction,f8524089ce3932ccdf97fc9d43bd3e35486a01210b80fc3877b01f499bbd39d1
1,61,涉及问题,extraction,14dd21e29595533a08fd01fee5143665aa7115da80641e60cccba4d43781cfc7
4,1,权力类型,extraction,06f1cb2317f43bcd0489624a54a5cda47739e2ccc801a931aacc75c90aebf3f1
14,4,行驶主体,extraction,ff4b0a7f40b962e1be42c8d9deabdfd93ffd93339a1379461e27b3024ae241d9
14,4,承办机构,extraction,5209d4f8d1ed238b7456b5e0ad60ba31f1c386d98b7ad0475147720ec581cc7e
22,4,实施依据,extraction,955cc634178e1774d46de263a7666f3e24e053762b8aca2b4cc20d91ec8bb20a
9,1,承办机构,extraction,dbc1697609bcff198b91179bdd96f1b46bb6fe2d793e64dab441726a15bae80e
1,41,依据,extraction,30d0e04c22fdef4a398deaf1e4bfc75bac034a9549b8bc63f5da1a2460436188
1,60,基于,extraction,e62703517cd6a5cef5c6f2791d3f9338d07a34e7b0c9c69886261a5ce02f0698
3,4,是,extraction,d08580506622eb3b009abbcab184c7d6527dc171bbca042f5d2132b53eb48841
8,19,是,extraction,006b328d48dbd15d5a9997deacf5688dd0ac64bde696a0a8abd3e39f166e5081
10,19,是,extraction,27a0cebbbbbf719194bc882592ca52cb56fe00182beb07450e8e461717b2d932
11,39,是,extraction,b07fccd0d92f620f3f01b65e8dcc4a7135558f4fd60464f2e612b30129e7c93c
37,1,是,extraction,0425effba4b0b55802fd30d79c262c74bcbadda70455f082f2f7cfa9ed73078a
1,13,涉及,extraction,769ddcb238f36fe0f7ef8edbdd80b3af935f4889343b98fe6580fd1fc9809ad5
3,63,是,extraction,4d29d459416907fc3f184e7e78f0a61ebe7e29882c00362cad246bdf91009488
8,14,是,extraction,7574d3dbd8d8b8c050e695585b2139657ee4c361c101f42d9fa804421e3dc311
10,54,是,extraction,debd081332f109890171744547ff5ef2c5854973877c900aba211633935e3861
11,48,是,extraction,aed00a1e0ade0525731bb07f81b1486504e94ecb2350902198e5871c236804b0
1,66,涉及内容,extraction,1df633d8df80469913eef582a04e08744f4c2e54d3d120d59af66e3c944e1b85
3,4,类型,extraction,4a8d183849056dd2df3cb998024802f1af71f6686b9548e80436e7d7127139f8
11,48,依据,extraction,bcf0c9310b6c80d4dfb14602ad826f95c7e426b6e0786f9400f025cce775a49b
24,8,是,extraction,0c3ed9103fa05b1a95fc960839910234a9e6b0aefae46e76eb6da5fc9104587a
24,10,也是,extraction,80233b1bf264ada2ac8e0a1a4eda04957962d46cb3761eae89036eefc6813f7a
11,20,来自,extraction,6ad38dbc7cc9d6b711afa5bf282875c7f7280dce48aefc08b29bc2c4077d103f
37,1,是,extraction,0425effba4b0b55802fd30d79c262c74bcbadda70455f082f2f7cfa9ed73078a
1,68,包含,extraction,3820dfdeb503a07348bec92a3b7adcbcd6080ed0c26a463104de80a1285ee878
3,4,是,extraction,d08580506622eb3b009abbcab184c7d6527dc171bbca042f5d2132b53eb48841
8,45,是,extraction,a021dc763489713e44feb30ec7e7c62bfaaf973fdca58ef22a79cc8fca2cf9c4
10,54,是,extraction,debd081332f109890171744547ff5ef2c5854973877c900aba211633935e3861
11,48,是,extraction,aed00a1e0ade0525731bb07f81b1486504e94ecb2350902198e5871c236804b0
1,60,基于,extraction,e62703517cd6a5cef5c6f2791d3f9338d07a34e7b0c9c69886261a5ce02f0698
47,8,是,extraction,ee79f55912d29cfba09035184c44e68fa107ab202b98a8a76289362e09a33956
11,20,来自,extraction,6ad38dbc7cc9d6b711afa5bf282875c7f7280dce48aefc08b29bc2c4077d103f
1,18,涉及,extraction,3809770ba7ef48d41647f651814347ce7af066af5e2d2a56ba29998e548215c7
3,4,是,extraction,d08580506622eb3b009abbcab184c7d6527dc171bbca042f5d2132b53eb48841
8,72,是,extraction,35784d1dfa32a70a158b975a8b605c582d4250722fd4f7e3dba81ff5d2d9fac2
10,47,是,extraction,95e2b3b1d927b9bbdb48660d6ad3d8a240228e55a60909c980c4ecb4241ff67d
11,35,是,extraction,e354f1fd5b27511710c92338a794ef09138dd8dbcfedfaa5e43cc3fd3f4af21e
1,55,涉及问题,extraction,f2ffd7cbbde07203ef22704e812dc0c897a1f2dc5a5cc4fabb7f1bbafc6e63ed
3,63,是,extraction,4d29d459416907fc3f184e7e78f0a61ebe7e29882c00362cad246bdf91009488
8,19,是,extraction,006b328d48dbd15d5a9997deacf5688dd0ac64bde696a0a8abd3e39f166e5081
10,19,是,extraction,27a0cebbbbbf719194bc882592ca52cb56fe00182beb07450e8e461717b2d932
1,68,涉及事项,extraction,9b7174bb0577ca1933a2e00ec6952755ca1b2c0d1c9a488a895485aecacf34d9
4,1,权力类型,extraction,06f1cb2317f43bcd0489624a54a5cda47739e2ccc801a931aacc75c90aebf3f1
9,4,行驶主体,extraction,8b51ed11a0731094dcf617a38cdbb7ec00b30e823794283e67e82d7edd09a043
9,4,承办机构,extraction,a6e2ca82d3d2de505ea3d13de0bcfe4973cc90babf302d312c2ab3ff4948ff06
41,4,实施依据,extraction,f8524089ce3932ccdf97fc9d43bd3e35486a01210b80fc3877b01f499bbd39d1
37,1,是,extraction,0425effba4b0b55802fd30d79c262c74bcbadda70455f082f2f7cfa9ed73078a
1,36,包括,extraction,4139d270a41d9c883db89edf1b3e979d7f1c4fce86f1f0af2f24f3ee8c490a31
3,4,是,extraction,d08580506622eb3b009abbcab184c7d6527dc171bbca042f5d2132b53eb48841
8,9,是,extraction,34744a2cc14d3a7a3f5317cdb530e92b9bd201c7bd7571d5db06d6b1e91b6e7f
10,9,是,extraction,af1a9ecff071ed8f3be3a892c768d8887025fa5bd902d7808d64806d738d9e49
11,22,是,extraction,1b323bba6189dbc5ba530bc51581df70b5958e3d716f1672b185da2f26ccf3f8
1,62,包含,extraction,1ac13a5cea2f5974b13517a5bc6c7a50527b0477ed3a20f5355e1a1cc704ff9a
3,4,是,extraction,d08580506622eb3b009abbcab184c7d6527dc171bbca042f5d2132b53eb48841
8,9,是,extraction,34744a2cc14d3a7a3f5317cdb530e92b9bd201c7bd7571d5db06d6b1e91b6e7f
10,9,是,extraction,af1a9ecff071ed8f3be3a892c768d8887025fa5bd902d7808d64806d738d9e49
11,30,是,extraction,5a718b8ea79a649c60fa74166375f668d4abd9f5ab80a4084176c4bd48c96c81
1,40,涉及内容,extraction,de20e85db7086358cf9286abdebf47adc291c16b26f2f272b53ee25a61196b6a
3,4,类型,extraction,4a8d183849056dd2df3cb998024802f1af71f6686b9548e80436e7d7127139f8
8,9,为,extraction,9dfe97b170e7d2f0fbd7612da3b4aafd8a37ca358d78765ef03347ad843802d6
10,9,为,extraction,7c48d8dd63d60d7d044516e2c6fc7bc88837bebc4e1cd7126d18e20eeed46a10
1,86,服务事项,extraction,7a80601e1826c7be730eb3406b98ab581d9ab2307280922538466f5a35964776
4,1,权力类型,extraction,06f1cb2317f43bcd0489624a54a5cda47739e2ccc801a931aacc75c90aebf3f1
1,86,包含,extraction,1b8da2822d18bd78db33df51dc1afcbbb67d90c5ab33d994166a476382defea7
3,4,是,extraction,d08580506622eb3b009abbcab184c7d6527dc171bbca042f5d2132b53eb48841
8,45,是,extraction,a021dc763489713e44feb30ec7e7c62bfaaf973fdca58ef22a79cc8fca2cf9c4
10,45,是,extraction,2d016bdf9bf15554b1ad6c86d08a7a8fb403f16c47bde3a5e828a87eca3b3c9e
11,12,是,extraction,4bb51718453a67d9015b846c6a68662b97572c0a9269a7df9df55bbbce96ae63
1,100,涉及领域,extraction,19ffa60655c43a57e8bc0f22bc7192cc2bd4ccece976a791265205ce681bb8cf
14,1,行使主体,extraction,b8b2d5e7bff559c08984b0b82b93c06bc7b6b6140f5f50867b100072fd70e5d6
14,1,承办机构,extraction,b425f25c4103731723fffdea3b08ba92f7768243f470d556220be325d20abc5c
1,30,依据,extraction,bc710a64442dc42592ce1db48fb985ce059ec553b6b109b56e7f1b93a30a1bdd
1,25,包含行为,extraction,cc8167166722175a66fa9e0af1d12961554ae694f9ff991491f92ab8af677905
3,4,是,extraction,d08580506622eb3b009abbcab184c7d6527dc171bbca042f5d2132b53eb48841
8,14,是,extraction,7574d3dbd8d8b8c050e695585b2139657ee4c361c101f42d9fa804421e3dc311
10,14,是,extraction,724fd5216be260a1ef5c764227bd7814bbb14163569e9c4d0854790e0b534a15
11,6,是,extraction,7e353cf317a918dc7fc3ca1d0f821842e1eb7ad0cd8be30fa8e66af096026847
37,1,是,extraction,0425effba4b0b55802fd30d79c262c74bcbadda70455f082f2f7cfa9ed73078a
1,18,涉及违规行为,extraction,9f5d9e5f664ed74795fb21bbb1a56a6a8d2e9521df06b0bbfc519cd81a9a6417
3,4,是,extraction,d08580506622eb3b009abbcab184c7d6527dc171bbca042f5d2132b53eb48841
8,9,是,extraction,34744a2cc14d3a7a3f5317cdb530e92b9bd201c7bd7571d5db06d6b1e91b6e7f
10,9,是,extraction,af1a9ecff071ed8f3be3a892c768d8887025fa5bd902d7808d64806d738d9e49
11,48,是,extraction,aed00a1e0ade0525731bb07f81b1486504e94ecb2350902198e5871c236804b0
4,3,属于,extraction,78b18b9c4201fc1f09d7ae910a2166ca96d5ef4d3254d0d7c72db8fa4ed3d1f0
9,8,是,extraction,eb1cf201bd0fae2323b323ff5266f0e637319d6399b00c410d8ed1d39cf3a59f
9,10,是,extraction,df7c5a70140d83ae868d6cd1b68ce83a9c6a945831c7533e80c14e7c36a06d14
22,11,是,extraction,e2303c493e5fef5be0136fba64f49666d2cd021f113e2a57d84fa806d5a6438a
1,13,涉及事项,extraction,86c09acc911d03df996302b1851f59b2d4b69c81046c2bee7674d0a378f87090
4,1,权力类型,extraction,06f1cb2317f43bcd0489624a54a5cda47739e2ccc801a931aacc75c90aebf3f1
29,1,承办机构,extraction,bd5db513e02b588bffbd25ee058495f5dafac2b9a07a6392fb0bac6645b72a35
17,1,实施依据,extraction,57b9f5358b809674667e1e874e83a33e718827f191f94297203e3dc6d58f5f8e
1,13,涉及事项,extraction,86c09acc911d03df996302b1851f59b2d4b69c81046c2bee7674d0a378f87090
4,1,权力类型,extraction,06f1cb2317f43bcd0489624a54a5cda47739e2ccc801a931aacc75c90aebf3f1
16,4,行驶主体,extraction,71eddffd2710e4f0315e456157ca342387f22226c6c2ba7cb2d13e89c4f480f1
16,4,承办机构,extraction,26d52405963eb7634ec911dcc46a95b90f282c897b604ad9461e331f808f6862
1,42,涉及内容,extraction,b53c7504e6a2c6659ae9a86718432659732b1cd949082a5c56d287eb4a6f6f28
4,1,权力类型,extraction,06f1cb2317f43bcd0489624a54a5cda47739e2ccc801a931aacc75c90aebf3f1
29,1,行驶主体,extraction,3894e2807bd5d700cd8e59ee73eb9d47cb997d8bf04d89c2b3816a91f3f94483
29,1,承办机构,extraction,bd5db513e02b588bffbd25ee058495f5dafac2b9a07a6392fb0bac6645b72a35
33,1,实施依据,extraction,bd4d251de9aa9eb9c09f30ba2cb708ae2c507f14020ac308d2f0fc7019e488a7
1,23,涉及事项,extraction,888f4d96ceb27a16f6144a62b1e47fefe4fdb1a079dfee7c5d704fb359a4ee41
4,1,权力类型,extraction,06f1cb2317f43bcd0489624a54a5cda47739e2ccc801a931aacc75c90aebf3f1
5,4,行驶主体,extraction,90969f1b1f2314dfb53994e982b98dab0a584891fb13636f7b0cf6ed4e25b091
5,4,承办机构,extraction,006a436d5843149b88b6bc565b22b9204373a354729e2061d83283948e08ada3
4,20,实施依据,extraction,8ac60cd59143eb18bf0fba724df65f6faaaeccce3cffabae3b835f887bdaecce
37,1,是,extraction,0425effba4b0b55802fd30d79c262c74bcbadda70455f082f2f7cfa9ed73078a
1,2,涉及,extraction,5634587bafef304aec70feedb5c2e62bcaba88f44770cd0c97de1e6ad74dbccf
3,119,未明确说明,extraction,fcb7ce2c47c63c9fa90edf2b1823b8151f22f2e2fe0ce717760a48df78201f73
8,9,为,extraction,9dfe97b170e7d2f0fbd7612da3b4aafd8a37ca358d78765ef03347ad843802d6
10,9,为,extraction,7c48d8dd63d60d7d044516e2c6fc7bc88837bebc4e1cd7126d18e20eeed46a10
1,66,涉及事项,extraction,f5240d6527a00d6f669191bce8532e338f4d9002fe4110a2c733a6158603f3ff
3,4,包含,extraction,eb89a736891f8483ab020f3061bf040a5f9d9a2dfc8c98c7aabd07e8c4f50666
8,19,是,extraction,006b328d48dbd15d5a9997deacf5688dd0ac64bde696a0a8abd3e39f166e5081
10,19,是,extraction,27a0cebbbbbf719194bc882592ca52cb56fe00182beb07450e8e461717b2d932
11,15,是,extraction,3d99bcc2d8a851d2517fe94c1a8b5a03b5cbd811bf3f796fc4f680702935c9c8
1,87,涉及内容,extraction,d8baabd9c853b74ad88c30e16c3b0f0656e37b10a0eb9e6179f1c2eb1aaef3e1
4,1,权力类型,extraction,06f1cb2317f43bcd0489624a54a5cda47739e2ccc801a931aacc75c90aebf3f1
122,1,行驶主体,extraction,725c7800156bc04f0fbed2fe11daa8667656d5cb50b55ea00e1a2f23bab1c550
47,1,承办机构,extraction,e473ad1106090cd367e1b8ccd73f428bb60c56de8e4b8458b3f93a6a71d75251
1,30,实施依据,extraction,1e76d6a5675b5a7256e073646215c72dd41b416aaaa8e4b99ebf1a1fc015fb97
14,4,行使权力类型,extraction,d8b1aaf3cb065e14628544defbaa0538f0e753face0b15f832a87b1541818fd9
1,100,涉及领域,extraction,19ffa60655c43a57e8bc0f22bc7192cc2bd4ccece976a791265205ce681bb8cf
4,1,权力类型,extraction,06f1cb2317f43bcd0489624a54a5cda47739e2ccc801a931aacc75c90aebf3f1
24,4,行驶主体,extraction,b28f4abcc9fd2027f9867fe9c65c46b96e46e9a7842fd232abf55e768be19b15
24,4,承办机构,extraction,8d1fddd2c1b5a28bff9df61bcfda71970b1285fe8acb248aa0f146a87eebea68
33,4,实施依据,extraction,598f4449a0faeef0d4168ba286bd7f788f37938fef50e0fea981468eacf6e878
37,4,是,extraction,aeede70f877e8735fc43846100cd0a1cfd2ab95c5888b42393315af01f5bd243
37,1,是,extraction,0425effba4b0b55802fd30d79c262c74bcbadda70455f082f2f7cfa9ed73078a
1,7,涉及内容,extraction,84ec41785d3dffa6a33ffba489555a4b1814d4c0efdaa6c986d31e41c365b671
3,63,是,extraction,4d29d459416907fc3f184e7e78f0a61ebe7e29882c00362cad246bdf91009488
8,47,是,extraction,f3cb127ba604dd0f9c80f385d7500846a405e73ecc8ccfda8cb53cb29e5892bb
10,47,是,extraction,95e2b3b1d927b9bbdb48660d6ad3d8a240228e55a60909c980c4ecb4241ff67d
11,26,是,extraction,594ee48e2ef28d4283493b7dd95b58c8a78fd026434bf2ef09599eb13b81049f
4,59,权力类型,extraction,3e774e2ce5f75d7c0452aa3fc51ba4f4753ba1eaec0f7b75d56b50fe6367e1e0
20,4,实施依据,extraction,1b7b8e70934bc1e1f3ec7bc00bb74fa7e905259ce58aef57203d7288cd724ca9
1,61,包含,extraction,6edfccacf4cd1d9a6532155eb6cc62c0c0c348d344598b52ec0aa03bf7093506
3,4,是,extraction,d08580506622eb3b009abbcab184c7d6527dc171bbca042f5d2132b53eb48841
8,47,是,extraction,f3cb127ba604dd0f9c80f385d7500846a405e73ecc8ccfda8cb53cb29e5892bb
10,47,是,extraction,95e2b3b1d927b9bbdb48660d6ad3d8a240228e55a60909c980c4ecb4241ff67d
11,35,是,extraction,e354f1fd5b27511710c92338a794ef09138dd8dbcfedfaa5e43cc3fd3f4af21e
37,1,是,extraction,0425effba4b0b55802fd30d79c262c74bcbadda70455f082f2f7cfa9ed73078a
1,56,涉及,extraction,a8f2b22263019167381db3edaff04efca7319528bda33c0f225601373e075acd
3,4,是,extraction,d08580506622eb3b009abbcab184c7d6527dc171bbca042f5d2132b53eb48841
8,43,是,extraction,5f9fc4e6c17fac692ea14127fb905f8c6be6ac25c319cad5d4b1b0b2726541e1
10,16,是,extraction,746a2100773446996a077ea20c54ba9035e03b7b31f93fb59a8ae3cd5a9d17da
11,30,是,extraction,5a718b8ea79a649c60fa74166375f668d4abd9f5ab80a4084176c4bd48c96c81
1,21,涉及领域,extraction,8ca3c7ec431526b4652e076cd97da1d95ce4d180dc3397c46d4004e5d5bd15b5
4,1,权力类型,extraction,06f1cb2317f43bcd0489624a54a5cda47739e2ccc801a931aacc75c90aebf3f1
5,4,行驶主体,extraction,90969f1b1f2314dfb53994e982b98dab0a584891fb13636f7b0cf6ed4e25b091
5,4,承办机构,extraction,006a436d5843149b88b6bc565b22b9204373a354729e2061d83283948e08ada3
4,41,实施依据,extraction,03505c0fa05a6f9d5368bcab3cf50ac0f0a55c40af7188b7beb7a4e19ddc74af
1,42,涉及内容,extraction,b53c7504e6a2c6659ae9a86718432659732b1cd949082a5c56d287eb4a6f6f28
4,1,权力类型,extraction,06f1cb2317f43bcd0489624a54a5cda47739e2ccc801a931aacc75c90aebf3f1
29,1,行驶主体,extraction,3894e2807bd5d700cd8e59ee73eb9d47cb997d8bf04d89c2b3816a91f3f94483
29,1,承办机构,extraction,bd5db513e02b588bffbd25ee058495f5dafac2b9a07a6392fb0bac6645b72a35
48,1,实施依据,extraction,5147d7296bf1be6d294e170688ec8a091a55750f3c3746caf5dccac2f5a4e09b
45,8,是,extraction,b7067c4179e39e56f9de40f32fe6b2f25a52b560138ca8696003a4fb2c935798
45,10,是,extraction,250627923abaafb2538195b69e129550e05ec4a0c6f6f2f6605b3e1b5d619be5
3,4,是,extraction,d08580506622eb3b009abbcab184c7d6527dc171bbca042f5d2132b53eb48841
8,5,是,extraction,2ba53cf2a729e877b6f5a0c20e75c810989d499c8b6ba4b25874f2cf983362ec
10,5,是,extraction,5cec422cc7f67c3758916b82edf5f427a91370d2f97c9320ccc8c7a3165aaa69
11,41,是,extraction,bd47bd61949ec03ec689102a2ed8157cefc45bfa6195f0919c017603278e86c5
37,38,是,extraction,5debfc46d6b40934c9da08e4cfeb20f47c9c250a248aa83cbad2fac07bc28f4e
3,4,是,extraction,d08580506622eb3b009abbcab184c7d6527dc171bbca042f5d2132b53eb48841
8,19,是,extraction,006b328d48dbd15d5a9997deacf5688dd0ac64bde696a0a8abd3e39f166e5081
10,19,是,extraction,27a0cebbbbbf719194bc882592ca52cb56fe00182beb07450e8e461717b2d932
1,50,涉及问题,extraction,d9aee7e532418f68a24d42b6c0f1cfa2f6d491734d66eb49042adf59fb9f4ecb
4,1,权力类型,extraction,06f1cb2317f43bcd0489624a54a5cda47739e2ccc801a931aacc75c90aebf3f1
14,4,行驶主体,extraction,ff4b0a7f40b962e1be42c8d9deabdfd93ffd93339a1379461e27b3024ae241d9
14,4,承办机构,extraction,5209d4f8d1ed238b7456b5e0ad60ba31f1c386d98b7ad0475147720ec581cc7e
4,30,依据,extraction,e8675dda62d583d7b5a9735d9fca0bcf8816e557a2e66b8b7fa02400c2521171
37,1,是,extraction,0425effba4b0b55802fd30d79c262c74bcbadda70455f082f2f7cfa9ed73078a
1,62,包含,extraction,1ac13a5cea2f5974b13517a5bc6c7a50527b0477ed3a20f5355e1a1cc704ff9a
3,4,是,extraction,d08580506622eb3b009abbcab184c7d6527dc171bbca042f5d2132b53eb48841
8,16,是,extraction,a918c982f93fcff92ed89edb6dc9e992e5498bcbd343e75a57497f0321400988
10,16,是,extraction,746a2100773446996a077ea20c54ba9035e03b7b31f93fb59a8ae3cd5a9d17da
11,33,是,extraction,86e684c0f0ab092352cdfe7d8da05aa3e50e8ef796d48ce0861f329bddd98b42
1,42,涉及内容,extraction,b53c7504e6a2c6659ae9a86718432659732b1cd949082a5c56d287eb4a6f6f28
4,1,权力类型,extraction,06f1cb2317f43bcd0489624a54a5cda47739e2ccc801a931aacc75c90aebf3f1
16,1,行驶主体,extraction,2388221cee7d1ae0ed5be74dbb33fa91b57a06cfae883cc5c2262bfb048b5c48
16,1,承办机构,extraction,7da0b9c5ea5b9311256b7bcb955ba7fe507e79fd9fe407e277e1c4de0e1d453e
1,22,依据,extraction,bb128cf69fb40b060fff3c3b45152c667667099e089aa852d77cffb96c9338e9
37,1,是,extraction,0425effba4b0b55802fd30d79c262c74bcbadda70455f082f2f7cfa9ed73078a
3,4,是,extraction,d08580506622eb3b009abbcab184c7d6527dc171bbca042f5d2132b53eb48841
8,16,是,extraction,a918c982f93fcff92ed89edb6dc9e992e5498bcbd343e75a57497f0321400988
10,16,是,extraction,746a2100773446996a077ea20c54ba9035e03b7b31f93fb59a8ae3cd5a9d17da
11,39,是,extraction,b07fccd0d92f620f3f01b65e8dcc4a7135558f4fd60464f2e612b30129e7c93c
1,53,包含,extraction,64a4053bf85b4229ca75172db19fa063634041281deff312e745aba0a3e284be
3,4,是,extraction,d08580506622eb3b009abbcab184c7d6527dc171bbca042f5d2132b53eb48841
11,33,是,extraction,86e684c0f0ab092352cdfe7d8da05aa3e50e8ef796d48ce0861f329bddd98b42
1,2,涉及事项,extraction,45a6b5e9b7acaaf964d4ba55ee382735953a50be79b9c5a63cfd56f3bfaa98e9
4,1,权力类型,extraction,06f1cb2317f43bcd0489624a54a5cda47739e2ccc801a931aacc75c90aebf3f1
45,1,行驶主体,extraction,8eddef9e7cb0a9ef48bf1d9c5453eeaa783093eb2b61876f61f7d2b7a721e349
45,1,承办机构,extraction,9f49a4cd963acd1bb4cc403259dcc90b45180ce5f8f80434750ef8acda654983
1,35,实施依据,extraction,8f4a68c1f5782f9a24dc1961af76711020ef8969190b24eb96a0feab9af25116
1,13,涉及事项,extraction,86c09acc911d03df996302b1851f59b2d4b69c81046c2bee7674d0a378f87090
4,1,权力类型,extraction,06f1cb2317f43bcd0489624a54a5cda47739e2ccc801a931aacc75c90aebf3f1
24,4,行驶主体,extraction,b28f4abcc9fd2027f9867fe9c65c46b96e46e9a7842fd232abf55e768be19b15
24,4,承办机构,extraction,8d1fddd2c1b5a28bff9df61bcfda71970b1285fe8acb248aa0f146a87eebea68
41,4,实施依据,extraction,f8524089ce3932ccdf97fc9d43bd3e35486a01210b80fc3877b01f499bbd39d1
1,62,包含,extraction,1ac13a5cea2f5974b13517a5bc6c7a50527b0477ed3a20f5355e1a1cc704ff9a
3,4,是,extraction,d08580506622eb3b009abbcab184c7d6527dc171bbca042f5d2132b53eb48841
8,24,是,extraction,5924698efd5688b8387f11fb3a902a4c8b1757d50799df6653f7f8b593f7bb9c
10,24,是,extraction,7338ed710fc5d464c3e8e7713a2dde9e5d5bc405c2daee71f39d38c88c37c5dd
11,22,是,extraction,1b323bba6189dbc5ba530bc51581df70b5958e3d716f1672b185da2f26ccf3f8
1,64,涉及内容,extraction,b09643ac8b06634901d8a33a06e00fed43dd2cce3f069d4906feda60c5193ff1
4,1,权力类型,extraction,06f1cb2317f43bcd0489624a54a5cda47739e2ccc801a931aacc75c90aebf3f1
29,1,行驶主体,extraction,3894e2807bd5d700cd8e59ee73eb9d47cb997d8bf04d89c2b3816a91f3f94483
29,1,承办机构,extraction,bd5db513e02b588bffbd25ee058495f5dafac2b9a07a6392fb0bac6645b72a35
26,1,实施依据,extraction,59db61bc1a579df3551528407c91bfe5ae1e2f6b7835730824a80f9076673213
1,18,涉及,extraction,3809770ba7ef48d41647f651814347ce7af066af5e2d2a56ba29998e548215c7
3,4,是,extraction,d08580506622eb3b009abbcab184c7d6527dc171bbca042f5d2132b53eb48841
8,45,是,extraction,a021dc763489713e44feb30ec7e7c62bfaaf973fdca58ef22a79cc8fca2cf9c4
10,45,是,extraction,2d016bdf9bf15554b1ad6c86d08a7a8fb403f16c47bde3a5e828a87eca3b3c9e
11,30,是,extraction,5a718b8ea79a649c60fa74166375f668d4abd9f5ab80a4084176c4bd48c96c81
37,129,包括,extraction,bb980762a816768c61a6f9135e35610a7acb3cf9fd5d1ad0b9080122cff50192
1,18,包含,extraction,995fe2b6a1cf5cfeeefec8c7b3e03ab6ed8e185658f268c2a2d3412d9fb32842
3,4,是,extraction,d08580506622eb3b009abbcab184c7d6527dc171bbca042f5d2132b53eb48841
8,14,是,extraction,7574d3dbd8d8b8c050e695585b2139657ee4c361c101f42d9fa804421e3dc311
10,14,是,extraction,724fd5216be260a1ef5c764227bd7814bbb14163569e9c4d0854790e0b534a15
11,26,是,extraction,594ee48e2ef28d4283493b7dd95b58c8a78fd026434bf2ef09599eb13b81049f
1,58,涉及问题,extraction,d5e1342778d61db9c63f96f3f11874d3ff1b5a5420510597afc21a3746f77e13
4,1,权力类型,extraction,06f1cb2317f43bcd0489624a54a5cda47739e2ccc801a931aacc75c90aebf3f1
32,1,行驶主体,extraction,f3ae7eebff4e3460421e23abeef0b3052dd9a3dcfbd1f44a03d027eeb1801b4f
32,1,承办机构,extraction,931cafd24efaf97775db66b22a04ccc10ef5b34c9f1550f1c6e447e2887940db
37,1,是,extraction,0425effba4b0b55802fd30d79c262c74bcbadda70455f082f2f7cfa9ed73078a
1,78,由,extraction,4a13d2d195a595f2139061635f03f572a528e23cd87f6e42c137a607310d9d71
3,4,是,extraction,d08580506622eb3b009abbcab184c7d6527dc171bbca042f5d2132b53eb48841
8,5,是,extraction,2ba53cf2a729e877b6f5a0c20e75c810989d499c8b6ba4b25874f2cf983362ec
10,5,是,extraction,5cec422cc7f67c3758916b82edf5f427a91370d2f97c9320ccc8c7a3165aaa69
11,39,是,extraction,b07fccd0d92f620f3f01b65e8dcc4a7135558f4fd60464f2e612b30129e7c93c
1,56,涉及问题,extraction,39ade94e9e9e934d2e2a51229c645f7d261fbe54a5fe443248d668bede4b6f41
4,1,权力类型,extraction,06f1cb2317f43bcd0489624a54a5cda47739e2ccc801a931aacc75c90aebf3f1
32,1,行驶主体,extraction,f3ae7eebff4e3460421e23abeef0b3052dd9a3dcfbd1f44a03d027eeb1801b4f
32,1,承办机构,extraction,931cafd24efaf97775db66b22a04ccc10ef5b34c9f1550f1c6e447e2887940db
30,4,实施依据,extraction,3eee29fb82f5877ff129df233551dd8a6ff4d91b6f41f082d7d3c3ea58403369
1,23,涉及事项,extraction,888f4d96ceb27a16f6144a62b1e47fefe4fdb1a079dfee7c5d704fb359a4ee41
4,1,权力类型,extraction,06f1cb2317f43bcd0489624a54a5cda47739e2ccc801a931aacc75c90aebf3f1
5,4,行驶主体,extraction,90969f1b1f2314dfb53994e982b98dab0a584891fb13636f7b0cf6ed4e25b091
5,4,承办机构,extraction,006a436d5843149b88b6bc565b22b9204373a354729e2061d83283948e08ada3
4,6,实施依据,extraction,1d7d50b3acb10befc26ad6f9683a9178a24b79e32c36eedb4d536b3f0e3c893b
1,7,涉及事项,extraction,85180ae3904fb4dda3182acbf59b089f40c2fd247f916a351ff2a9030ab227d6
4,1,权力类型,extraction,06f1cb2317f43bcd0489624a54a5cda47739e2ccc801a931aacc75c90aebf3f1
32,1,行驶主体,extraction,f3ae7eebff4e3460421e23abeef0b3052dd9a3dcfbd1f44a03d027eeb1801b4f
32,1,承办机构,extraction,931cafd24efaf97775db66b22a04ccc10ef5b34c9f1550f1c6e447e2887940db
33,1,实施依据,extraction,bd4d251de9aa9eb9c09f30ba2cb708ae2c507f14020ac308d2f0fc7019e488a7
1,100,涉及事项,extraction,ee3d67e904afc0c161b59e84e77d7f17f5144e525bb3f6de3eb7476aa3f914c3
4,1,权力类型,extraction,06f1cb2317f43bcd0489624a54a5cda47739e2ccc801a931aacc75c90aebf3f1
14,4,行驶主体,extraction,ff4b0a7f40b962e1be42c8d9deabdfd93ffd93339a1379461e27b3024ae241d9
41,4,实施依据,extraction,f8524089ce3932ccdf97fc9d43bd3e35486a01210b80fc3877b01f499bbd39d1
1,66,基于,extraction,360400e1ae6d154fa988bc1d1cba4f6d246ffad44f061a76de15149c7695a255
3,4,是,extraction,d08580506622eb3b009abbcab184c7d6527dc171bbca042f5d2132b53eb48841
8,45,是,extraction,a021dc763489713e44feb30ec7e7c62bfaaf973fdca58ef22a79cc8fca2cf9c4
10,45,是,extraction,2d016bdf9bf15554b1ad6c86d08a7a8fb403f16c47bde3a5e828a87eca3b3c9e
11,12,是,extraction,4bb51718453a67d9015b846c6a68662b97572c0a9269a7df9df55bbbce96ae63
1,49,服务事项,extraction,b12e5727ad0347884c5325f6f1b64951a426eeef796d7c44bb72ef79be727401
4,1,权力类型,extraction,06f1cb2317f43bcd0489624a54a5cda47739e2ccc801a931aacc75c90aebf3f1
47,4,行驶主体,extraction,0640f05ef77128c1441c26bfd803ecb1ceda5f3744841ac918a904eb75e5b430
47,4,承办机构,extraction,c03c7652d3bd035d9c422cde5be2c865200076b6a24cf178316bf3a7f11482fc
30,4,实施依据,extraction,3eee29fb82f5877ff129df233551dd8a6ff4d91b6f41f082d7d3c3ea58403369
1,25,包含行为,extraction,cc8167166722175a66fa9e0af1d12961554ae694f9ff991491f92ab8af677905
3,4,是,extraction,d08580506622eb3b009abbcab184c7d6527dc171bbca042f5d2132b53eb48841
8,32,是,extraction,79c2a1c208558638ca5abb8e1df4996bbe4f4b8ce1f4077e6032cba30fd44e45
10,32,是,extraction,4da064cb343643cc890842dceaf67b09d17018b8caccfb9a66252b99aba7b2c2
11,15,是,extraction,3d99bcc2d8a851d2517fe94c1a8b5a03b5cbd811bf3f796fc4f680702935c9c8
1,7,涉及事项,extraction,85180ae3904fb4dda3182acbf59b089f40c2fd247f916a351ff2a9030ab227d6
4,1,权力类型,extraction,06f1cb2317f43bcd0489624a54a5cda47739e2ccc801a931aacc75c90aebf3f1
16,4,行驶主体,extraction,71eddffd2710e4f0315e456157ca342387f22226c6c2ba7cb2d13e89c4f480f1
16,4,承办机构,extraction,26d52405963eb7634ec911dcc46a95b90f282c897b604ad9461e331f808f6862
4,33,依据,extraction,5c915c71ca087a185e68d515d97a1f84a83761dbc66a49db08a7e86b81b9e2c3
5,4,行驶主体,extraction,90969f1b1f2314dfb53994e982b98dab0a584891fb13636f7b0cf6ed4e25b091
5,4,承办机构,extraction,006a436d5843149b88b6bc565b22b9204373a354729e2061d83283948e08ada3
4,33,实施依据,extraction,878fab09c7d0c53381b174a66c392fa75cbd621f55d39ec877bd13ad587989c6
37,37,是,extraction,9e8fa30e034033092b63d21fe7676823b1029cfc29c241afb411321b3773d998
3,4,是,extraction,d08580506622eb3b009abbcab184c7d6527dc171bbca042f5d2132b53eb48841
8,19,是,extraction,006b328d48dbd15d5a9997deacf5688dd0ac64bde696a0a8abd3e39f166e5081
10,19,是,extraction,27a0cebbbbbf719194bc882592ca52cb56fe00182beb07450e8e461717b2d932
24,8,是,extraction,0c3ed9103fa05b1a95fc960839910234a9e6b0aefae46e76eb6da5fc9104587a
24,10,是,extraction,3d347f8c5f893c7be6332ad888acc73fbf39fe1690ed0335c0d21eb0c08da24a
3,4,是,extraction,d08580506622eb3b009abbcab184c7d6527dc171bbca042f5d2132b53eb48841
8,9,是,extraction,34744a2cc14d3a7a3f5317cdb530e92b9bd201c7bd7571d5db06d6b1e91b6e7f
10,9,是,extraction,af1a9ecff071ed8f3be3a892c768d8887025fa5bd902d7808d64806d738d9e49
11,22,是,extraction,1b323bba6189dbc5ba530bc51581df70b5958e3d716f1672b185da2f26ccf3f8
1,25,涉及行为,extraction,d9a65e18499e7824e8f9c7adcb77ee953a722c707c38445a4d94106ee3e1fb9a
3,4,是,extraction,d08580506622eb3b009abbcab184c7d6527dc171bbca042f5d2132b53eb48841
8,19,是,extraction,006b328d48dbd15d5a9997deacf5688dd0ac64bde696a0a8abd3e39f166e5081
10,19,是,extraction,27a0cebbbbbf719194bc882592ca52cb56fe00182beb07450e8e461717b2d932
11,22,是,extraction,1b323bba6189dbc5ba530bc51581df70b5958e3d716f1672b185da2f26ccf3f8
1,109,服务事项,extraction,2429a68332408946d3fe86663b9e4b55512c721e28b64df2361dcdb4542ef55b
4,1,权力类型,extraction,06f1cb2317f43bcd0489624a54a5cda47739e2ccc801a931aacc75c90aebf3f1
14,1,行驶主体,extraction,42f7273a74403e1ff40ec20c28c5684bdebdde720b9bb324665a197a1fd17536
14,1,承办机构,extraction,b425f25c4103731723fffdea3b08ba92f7768243f470d556220be325d20abc5c
1,35,实施依据,extraction,8f4a68c1f5782f9a24dc1961af76711020ef8969190b24eb96a0feab9af25116
14,8,是,extraction,fbdd7ca9f67db87a505edbcd12f85f779c5175f8161cb1fdf53bd3401c4d49fa
14,10,是,extraction,fb36dc30a97c94b17cfda3f66fc60eb30422d1813b84fe78abd451429f030e0e
6,11,是,extraction,a091f867db23c2aa4f96ae1f5291f2a1bb01dbaa412fb0bf23e8d4a838544cc0
1,2,涉及事项,extraction,45a6b5e9b7acaaf964d4ba55ee382735953a50be79b9c5a63cfd56f3bfaa98e9
4,1,权力类型,extraction,06f1cb2317f43bcd0489624a54a5cda47739e2ccc801a931aacc75c90aebf3f1
45,1,行驶主体,extraction,8eddef9e7cb0a9ef48bf1d9c5453eeaa783093eb2b61876f61f7d2b7a721e349
45,1,承办机构,extraction,9f49a4cd963acd1bb4cc403259dcc90b45180ce5f8f80434750ef8acda654983
1,13,涉及事项,extraction,86c09acc911d03df996302b1851f59b2d4b69c81046c2bee7674d0a378f87090
4,1,权力类型,extraction,06f1cb2317f43bcd0489624a54a5cda47739e2ccc801a931aacc75c90aebf3f1
29,4,行驶主体,extraction,5d29277c63d8d69901b6bf520c1097a8d020d0c58cc6ab4bf6a7f699cef2c9e0
29,4,承办机构,extraction,b2dc61397fee41003aae1b3f25aff201e342ada1d04a0a5c5ca233e5028698f5
37,1,包括,extraction,96d28c30d6ae97d2c61f9ca4c1bf2345a80f8a3d505fbd55b6cfee64bff174e2
3,4,是,extraction,d08580506622eb3b009abbcab184c7d6527dc171bbca042f5d2132b53eb48841
8,45,是,extraction,a021dc763489713e44feb30ec7e7c62bfaaf973fdca58ef22a79cc8fca2cf9c4
11,33,是,extraction,86e684c0f0ab092352cdfe7d8da05aa3e50e8ef796d48ce0861f329bddd98b42
37,1,是,extraction,0425effba4b0b55802fd30d79c262c74bcbadda70455f082f2f7cfa9ed73078a
3,4,是,extraction,d08580506622eb3b009abbcab184c7d6527dc171bbca042f5d2132b53eb48841
8,45,是,extraction,a021dc763489713e44feb30ec7e7c62bfaaf973fdca58ef22a79cc8fca2cf9c4
10,45,是,extraction,2d016bdf9bf15554b1ad6c86d08a7a8fb403f16c47bde3a5e828a87eca3b3c9e
11,26,是,extraction,594ee48e2ef28d4283493b7dd95b58c8a78fd026434bf2ef09599eb13b81049f
37,102,是,extraction,6221288a67c5f4fa894f76773728d418f77b2ad5986b6f363fe326b3cd49c1b5
3,4,是,extraction,d08580506622eb3b009abbcab184c7d6527dc171bbca042f5d2132b53eb48841
8,4,实施,extraction,a46a5f348de389d536f88851dcd6d888de9e411236e9754994f1c016220385f0
11,48,来自,extraction,a5d8eb8e065400b124d9a588b5b625e30df6c1b07ab24d24174400cb96e927ba
29,8,是,extraction,627bf13ff3c81207c7d4caef7d824276c52696fbbb8e5227833b371ffb12d287
29,10,是,extraction,c19fbc2601536a1cc288c510f8dc54eee71c7f5c5d0dc05afcc58349341bf361
6,11,是,extraction,a091f867db23c2aa4f96ae1f5291f2a1bb01dbaa412fb0bf23e8d4a838544cc0
37,79,是,extraction,2e4a846bbba0e4ffa907d50689948f0beda559552eededfbee3941bc9d1004e1
3,4,是,extraction,d08580506622eb3b009abbcab184c7d6527dc171bbca042f5d2132b53eb48841
8,45,是,extraction,a021dc763489713e44feb30ec7e7c62bfaaf973fdca58ef22a79cc8fca2cf9c4
16,16,承办机构,extraction,dd3beedaf67b0e9e05574852bf1b9e7df5fccb39eb43ab3bef7f7645d192767e
37,1,是,extraction,0425effba4b0b55802fd30d79c262c74bcbadda70455f082f2f7cfa9ed73078a
9,8,是,extraction,eb1cf201bd0fae2323b323ff5266f0e637319d6399b00c410d8ed1d39cf3a59f
9,10,是,extraction,df7c5a70140d83ae868d6cd1b68ce83a9c6a945831c7533e80c14e7c36a06d14
11,22,是,extraction,1b323bba6189dbc5ba530bc51581df70b5958e3d716f1672b185da2f26ccf3f8
37,1,是,extraction,0425effba4b0b55802fd30d79c262c74bcbadda70455f082f2f7cfa9ed73078a
1,18,包含,extraction,995fe2b6a1cf5cfeeefec8c7b3e03ab6ed8e185658f268c2a2d3412d9fb32842
3,4,是,extraction,d08580506622eb3b009abbcab184c7d6527dc171bbca042f5d2132b53eb48841
8,45,是,extraction,a021dc763489713e44feb30ec7e7c62bfaaf973fdca58ef22a79cc8fca2cf9c4
11,33,是,extraction,86e684c0f0ab092352cdfe7d8da05aa3e50e8ef796d48ce0861f329bddd98b42
1,13,涉及事项,extraction,86c09acc911d03df996302b1851f59b2d4b69c81046c2bee7674d0a378f87090
4,1,权力类型,extraction,06f1cb2317f43bcd0489624a54a5cda47739e2ccc801a931aacc75c90aebf3f1
14,4,行驶主体,extraction,ff4b0a7f40b962e1be42c8d9deabdfd93ffd93339a1379461e27b3024ae241d9
14,4,承办机构,extraction,5209d4f8d1ed238b7456b5e0ad60ba31f1c386d98b7ad0475147720ec581cc7e
6,4,实施依据,extraction,20133cc1c3cf680305ab9f27bd9f10688b55bd764b7da80c566286d7bfc030ac
1,61,涉及方面,extraction,1429d3bcd4565d7934b11bfa7ce29acd67e6c381bcaa81f678a2af11bb6c612f
3,4,类型,extraction,4a8d183849056dd2df3cb998024802f1af71f6686b9548e80436e7d7127139f8
8,24,为,extraction,05aa4e84ce06f086dd527c2d905dc71c304edee07e613c63fb8bab61e9d1bd26
10,24,为,extraction,82cd31ff438da7915d970cccbc8509ab5a97eea1135cd47aba21b494a2d04452
11,35,来自,extraction,bcd383b551dae81fc12d8173579cb5f089d38dca03f80426e65f02944285a6b5
1,13,涉及事项,extraction,86c09acc911d03df996302b1851f59b2d4b69c81046c2bee7674d0a378f87090
4,1,权力类型,extraction,06f1cb2317f43bcd0489624a54a5cda47739e2ccc801a931aacc75c90aebf3f1
29,4,行驶主体,extraction,5d29277c63d8d69901b6bf520c1097a8d020d0c58cc6ab4bf6a7f699cef2c9e0
29,4,承办机构,extraction,b2dc61397fee41003aae1b3f25aff201e342ada1d04a0a5c5ca233e5028698f5
4,74,实施依据,extraction,58997a7e1a2f4d7d8ae42c1520536a78a4d7c83411de629f7b9e5372976555d3
1,44,涉及事项,extraction,9febe61d84384a0bd39ef18a03f6b252043387570a0559eb4e54728831c121fb
19,1,行驶主体,extraction,06e6c42d0d6d05423f97cae2ad8cf989f51a21bcef0b37dade2daaef3ff7ee6b
19,1,承办机构,extraction,defd31d7feb2dbbef04f213f222b3a59858e69a932e8e95d04e4c0af7efd5116
1,12,依据,extraction,a3c5ca154382e3a486f154bc78fecdcbda26026542a6c355df9e27782c7a2496
